"","X","source","datetime","site","analyte","value","units","latitude","longitude","sample_depth"
"1","3","SFER","12/01/2014 13:23:00","1","Ammonium",1.51,"mg/L",25.645,-80.1252,0
"2","21002","SFER","12/01/2014 13:32:00","2","Ammonium",3.32,"mg/L",25.6415,-80.1042,0
"3","31002","SFER","12/01/2014 13:53:00","3","Ammonium",1.03,"mg/L",25.6458,-80.0818,0
"4","41002","SFER","12/01/2014 17:10:00","EKIN","Ammonium",2.69,"mg/L",25.3336,-80.2231,0
"5","51002","SFER","12/01/2014 17:21:00","EKMID","Ammonium",1.13,"mg/L",25.3164,-80.1949,0
"6","61002","SFER","12/01/2014 19:18:00","4","Ammonium",0.83,"mg/L",25.1087,-80.3826,0
"7","71002","SFER","12/01/2014 19:36:00","5","Ammonium",1.06,"mg/L",25.0906,-80.3591,0
"8","8471","SFER","12/01/2014 21:26:00","UKIN","Ammonium",1.1,"mg/L",24.9356,-80.5717,0
"9","9102","SFER","12/01/2014 21:40:00","UKMID","Ammonium",2.15,"mg/L",24.9205,-80.5454,0
"10","10102","SFER","12/01/2014 21:52:00","UKOFF","Ammonium",2.05,"mg/L",24.8991,-80.5298,0
"11","11101","SFER","12/01/2014 23:30:00","7","Ammonium",1.85,"mg/L",24.8129,-80.7488,0
"12","12100","SFER","12/02/2014 00:12:00","9","Ammonium",0.1,"mg/L",24.7621,-80.7223,0
"13","13101","SFER","12/02/2014 00:47:00","9.5","Ammonium",0.15,"mg/L",24.7167,-80.6899,0
"14","14101","SFER","12/02/2014 01:46:00","8","Ammonium",0.14,"mg/L",24.7922,-80.7418,0
"15","15101","SFER","12/02/2014 02:42:00","10","Ammonium",0.13,"mg/L",24.7753,-80.8613,0
"16","16101","SFER","12/02/2014 03:00:00","11","Ammonium",0.16,"mg/L",24.7539,-80.8477,0
"17","17101","SFER","12/02/2014 03:20:00","8","Ammonium",0.46,"mg/L",24.7742,-80.7323,0
"18","18101","SFER","12/02/2014 03:31:00","12","Ammonium",0.12,"mg/L",24.7132,-80.8357,0
"19","19101","SFER","12/02/2014 04:58:00","15.5","Ammonium",0.17,"mg/L",24.5924,-80.9939,0
"20","20101","SFER","12/02/2014 05:22:00","15","Ammonium",0.16,"mg/L",24.6435,-81.0183,0
"21","21101","SFER","12/02/2014 05:36:00","14","Ammonium",0.17,"mg/L",24.6753,-81.0244,0
"22","22101","SFER","12/02/2014 05:47:00","13","Ammonium",0.47,"mg/L",24.7008,-81.03,0
"23","23101","SFER","12/02/2014 07:06:00","16","Ammonium",0.31,"mg/L",24.6719,-81.2029,0
"24","24101","SFER","12/02/2014 07:34:00","17","Ammonium",0.26,"mg/L",24.634,-81.1935,0
"25","25101","SFER","12/02/2014 07:54:00","18","Ammonium",1.65,"mg/L",24.5986,-81.1832,0
"26","26101","SFER","12/02/2014 09:23:00","19","Ammonium",0.64,"mg/L",24.6105,-81.4196,0
"27","27101","SFER","12/02/2014 09:39:00","20","Ammonium",0.98,"mg/L",24.5743,-81.4185,0
"28","28101","SFER","12/02/2014 09:56:00","21LK","Ammonium",0.36,"mg/L",24.5374,-81.4132,0
"29","29101","SFER","12/02/2014 10:21:00","21.5","Ammonium",2.12,"mg/L",24.484,-81.3922,0
"30","30101","SFER","12/02/2014 13:05:00","22.5","Ammonium",1.51,"mg/L",24.3961,-81.8339,0
"31","31101","SFER","12/02/2014 13:35:00","22","Ammonium",4.9,"mg/L",24.4558,-81.8285,0
"32","32101","SFER","12/02/2014 13:49:00","23","Ammonium",2.28,"mg/L",24.4848,-81.8293,0
"33","33101","SFER","12/02/2014 14:08:00","24","Ammonium",0.96,"mg/L",24.5379,-81.829,0
"34","36101","SFER","12/02/2014 21:23:00","30","Ammonium",0.8,"mg/L",25.4024,-82.21,0
"35","37101","SFER","12/02/2014 23:02:00","30.5","Ammonium",0.25,"mg/L",25.5713,-82.075,0
"36","39101","SFER","12/03/2014 00:59:00","31","Ammonium",0.28,"mg/L",25.7415,-81.9451,0
"37","40101","SFER","12/03/2014 02:19:00","32","Ammonium",0.3,"mg/L",25.8726,-81.8336,0
"38","42101","SFER","12/03/2014 02:45:00","33","Ammonium",0.34,"mg/L",25.9124,-81.8008,0
"39","43101","SFER","12/03/2014 03:16:00","34","Ammonium",0.67,"mg/L",25.9493,-81.7675,0
"40","44101","SFER","12/03/2014 05:27:00","42","Ammonium",0.45,"mg/L",25.6522,-81.7188,0
"41","45101","SFER","12/03/2014 06:50:00","41","Ammonium",0.45,"mg/L",25.7334,-81.5751,0
"42","46101","SFER","12/03/2014 07:27:00","40","Ammonium",0.56,"mg/L",25.756,-81.5207,0
"43","47101","SFER","12/03/2014 07:38:00","39","Ammonium",0.64,"mg/L",25.7686,-81.5038,0
"44","49101","SFER","12/03/2014 09:03:00","45","Ammonium",1.32,"mg/L",25.5832,-81.4725,0
"45","50101","SFER","12/03/2014 09:36:00","46","Ammonium",0.52,"mg/L",25.5841,-81.4079,0
"46","51101","SFER","12/03/2014 09:54:00","47","Ammonium",0.52,"mg/L",25.5833,-81.3654,0
"47","52101","SFER","12/03/2014 10:09:00","48","Ammonium",0.54,"mg/L",25.5834,-81.3295,0
"48","53101","SFER","12/03/2014 10:16:00","49","Ammonium",2.66,"mg/L",25.5831,-81.3187,0
"49","54101","SFER","12/03/2014 11:20:00","50","Ammonium",3.57,"mg/L",25.4528,-81.3486,0
"50","56101","SFER","12/03/2014 11:38:00","51","Ammonium",2.77,"mg/L",25.4524,-81.3076,0
"51","57101","SFER","12/03/2014 12:11:00","52","Ammonium",1.09,"mg/L",25.4506,-81.2598,0
"52","58101","SFER","12/03/2014 12:30:00","53","Ammonium",1.09,"mg/L",25.4539,-81.2275,0
"53","59102","SFER","12/03/2014 14:46:00","54","Ammonium",8.49,"mg/L",25.3451,-81.1521,0
"54","60101","SFER","12/03/2014 15:47:00","55","Ammonium",3.99,"mg/L",25.35,-81.1936,0
"55","61101","SFER","12/03/2014 16:22:00","56","Ammonium",1.94,"mg/L",25.3498,-81.2289,0
"56","63102","SFER","12/03/2014 17:00:00","57","Ammonium",0.86,"mg/L",25.3522,-81.2656,0
"57","66101","SFER","12/03/2014 17:49:00","57.1","Ammonium",3.64,"mg/L",25.3517,-81.336,0
"58","69101","SFER","12/03/2014 19:06:00","57.2","Ammonium",1.52,"mg/L",25.3529,-81.4904,0
"59","71101","SFER","12/03/2014 20:21:00","57.3","Ammonium",1.24,"mg/L",25.3519,-81.6531,0
"60","73101","SFER","12/03/2014 22:00:00","58","Ammonium",2.45,"mg/L",25.167,-81.6536,0
"61","74101","SFER","12/03/2014 23:21:00","59","Ammonium",5.88,"mg/L",25.1666,-81.3389,0
"62","75101","SFER","12/04/2014 01:00:00","61","Ammonium",4.46,"mg/L",25.1666,-81.275,0
"63","76101","SFER","12/04/2014 01:22:00","62","Ammonium",1.6,"mg/L",25.1661,-81.2353,0
"64","77101","SFER","12/04/2014 01:30:00","60","Ammonium",2.58,"mg/L",25.1667,-81.3374,0
"65","78101","SFER","12/04/2014 01:52:00","63","Ammonium",3.07,"mg/L",25.1663,-81.1999,0
"66","79101","SFER","12/04/2014 02:18:00","64","Ammonium",2.87,"mg/L",25.1661,-81.1562,0
"67","80101","SFER","12/04/2014 03:33:00","65","Ammonium",5.06,"mg/L",25.0993,-81.0914,0
"68","81101","SFER","12/04/2014 03:59:00","66","Ammonium",1.8,"mg/L",25.068,-81.1096,0
"69","82101","SFER","12/04/2014 04:30:00","67","Ammonium",5.74,"mg/L",25.0293,-81.127,0
"70","83101","SFER","12/04/2014 05:29:00","68","Ammonium",1.62,"mg/L",24.9279,-81.1677,0
"71","8480","SFER","12/04/2014 06:17:00","69","Ammonium",9.15,"mg/L",24.9295,-81.0946,0
"72","8511","SFER","12/04/2014 07:03:00","70","Ammonium",1.14,"mg/L",24.9299,-81.025,0
"73","8611","SFER","12/04/2014 07:38:00","71","Ammonium",0.68,"mg/L",24.9306,-80.9696,0
"74","8811","SFER","12/04/2014 12:32:00","57.2","Ammonium",0.59,"mg/L",25.3518,-81.4913,0
"75","8911","SFER","12/04/2014 13:49:00","57.1","Ammonium",0.57,"mg/L",25.3496,-81.3345,0
"76","9012","SFER","12/04/2014 14:26:00","57","Ammonium",1.48,"mg/L",25.3506,-81.2634,0
"77","9211","SFER","12/04/2014 15:05:00","56","Ammonium",0.54,"mg/L",25.349,-81.2248,0
"78","9311","SFER","12/04/2014 15:25:00","55","Ammonium",1.79,"mg/L",25.3488,-81.1974,0
"79","9412","SFER","12/04/2014 16:07:00","54","Ammonium",1.08,"mg/L",25.3425,-81.1535,0
"80","9511","SFER","12/05/2014 01:13:00","6.5","Ammonium",1.1,"mg/L",25.0487,-80.2882,0
"81","9611","SFER","12/05/2014 01:28:00","6","Ammonium",1.15,"mg/L",25.0657,-80.3148,0
"82","9711","SFER","12/05/2014 01:38:00","5.5","Ammonium",1.41,"mg/L",25.0784,-80.3336,0
"83","9811","SFER","12/05/2014 04:03:00","EKOFF","Ammonium",1.42,"mg/L",25.2934,-80.1625,0
"84","9911","SFER","04/13/2015 00:07:00","8","Ammonium",0.648,"mg/L",24.7914,-80.7414,0
"85","10111","SFER","04/13/2015 00:39:00","9","Ammonium",0.674,"mg/L",24.7624,-80.7241,0
"86","10611","SFER","04/13/2015 01:12:00","9.5","Ammonium",0.772,"mg/L",24.7171,-80.6887,0
"87","10711","SFER","04/13/2015 03:10:00","10","Ammonium",0.945,"mg/L",24.783,-80.8633,0
"88","10811","SFER","04/13/2015 03:36:00","11","Ammonium",0.729,"mg/L",24.7533,-80.8459,0
"89","10911","SFER","04/13/2015 12:45:00","1","Ammonium",0.571,"mg/L",25.6398,-80.122,0
"90","11011","SFER","04/13/2015 12:58:00","2","Ammonium",0.503,"mg/L",25.6434,-80.0997,0
"91","11311","SFER","04/13/2015 13:16:00","3","Ammonium",0.142,"mg/L",25.6453,-80.0853,0
"92","11411","SFER","04/13/2015 16:19:00","EKIN","Ammonium",0.433,"mg/L",25.3335,-80.2242,0
"93","11511","SFER","04/13/2015 16:27:00","EKMID","Ammonium",0.621,"mg/L",25.3129,-80.1943,0
"94","11611","SFER","04/13/2015 17:02:00","4","Ammonium",0.681,"mg/L",25.1096,-80.3783,0
"95","11711","SFER","04/13/2015 18:12:00","5","Ammonium",0.384,"mg/L",25.0957,-80.3599,0
"96","11811","SFER","04/13/2015 18:21:00","5.5","Ammonium",0.712,"mg/L",25.0796,-80.3338,0
"97","11911","SFER","04/13/2015 18:36:00","6","Ammonium",0.626,"mg/L",25.0656,-80.3146,0
"98","12011","SFER","04/13/2015 18:51:00","6.5","Ammonium",0.716,"mg/L",25.0481,-80.2862,0
"99","12211","SFER","04/13/2015 19:40:00","MR","Ammonium",0.633,"mg/L",25.005,-80.3789,0
"100","12411","SFER","04/13/2015 22:12:00","UKMID","Ammonium",0.613,"mg/L",24.9206,-80.5473,0
"101","12511","SFER","04/13/2015 22:23:00","UKIN","Ammonium",1.341,"mg/L",24.94,-80.5703,0
"102","12611","SFER","04/13/2015 23:44:00","7","Ammonium",0.722,"mg/L",24.8206,-80.7538,0
"103","12811","SFER","04/14/2015 01:39:00","30","Ammonium",0.604,"mg/L",25.4042,-82.2117,0
"104","12911","SFER","04/14/2015 03:08:00","30.5","Ammonium",1.1,"mg/L",25.5778,-82.0784,0
"105","13111","SFER","04/14/2015 04:06:00","12","Ammonium",0.812,"mg/L",24.7115,-80.8301,0
"106","13211","SFER","04/14/2015 05:54:00","13","Ammonium",1.09,"mg/L",24.7016,-81.0304,0
"107","13311","SFER","04/14/2015 06:09:00","14","Ammonium",2.192,"mg/L",24.6753,-81.0235,0
"108","13411","SFER","04/14/2015 06:27:00","15","Ammonium",0.885,"mg/L",24.6436,-81.016,0
"109","13511","SFER","04/14/2015 06:59:00","15.5","Ammonium",0.84,"mg/L",24.5918,-80.9919,0
"110","13611","SFER","04/14/2015 09:15:00","16","Ammonium",0.897,"mg/L",24.6763,-81.2064,0
"111","13711","SFER","04/14/2015 09:51:00","17","Ammonium",0.7,"mg/L",24.6386,-81.1943,0
"112","13911","SFER","04/14/2015 10:18:00","18","Ammonium",0.908,"mg/L",24.6005,-81.185,0
"113","14011","SFER","04/14/2015 12:58:00","19","Ammonium",0.822,"mg/L",24.5928,-81.421,0
"114","14111","SFER","04/14/2015 13:01:00","20","Ammonium",0.774,"mg/L",24.5731,-81.4187,0
"115","14312","SFER","04/14/2015 13:20:00","21LK","Ammonium",0.796,"mg/L",24.5372,-81.4183,0
"116","14412","SFER","04/14/2015 15:38:00","21.5","Ammonium",0.865,"mg/L",24.4832,-81.3903,0
"117","14612","SFER","04/14/2015 17:50:00","WS","Ammonium",0.857,"mg/L",24.4759,-81.7167,0
"118","14711","SFER","04/14/2015 19:05:00","22.5","Ammonium",0.885,"mg/L",24.3966,-81.8301,0
"119","14811","SFER","04/14/2015 19:26:00","22","Ammonium",0.781,"mg/L",24.4551,-81.8284,0
"120","14911","SFER","04/14/2015 19:38:00","23","Ammonium",0.785,"mg/L",24.4887,-81.8286,0
"121","15011","SFER","04/14/2015 19:54:00","24","Ammonium",0.935,"mg/L",24.5325,-81.8119,0
"122","15111","SFER","04/15/2015 00:43:00","60","Ammonium",1.989,"mg/L",25.1665,-81.3334,0
"123","15211","SFER","04/15/2015 01:14:00","61","Ammonium",0.582,"mg/L",25.1665,-81.2738,0
"124","15311","SFER","04/15/2015 01:45:00","62","Ammonium",0.733,"mg/L",25.1671,-81.2323,0
"125","15411","SFER","04/15/2015 02:15:00","63","Ammonium",0.468,"mg/L",25.1653,-81.1982,0
"126","15511","SFER","04/15/2015 02:39:00","64","Ammonium",0.804,"mg/L",25.1649,-81.1566,0
"127","15611","SFER","04/15/2015 03:43:00","65","Ammonium",0.622,"mg/L",25.1012,-81.093,0
"128","15711","SFER","04/15/2015 04:30:00","31","Ammonium",0.948,"mg/L",25.744,-81.9451,0
"129","15811","SFER","04/15/2015 05:49:00","32","Ammonium",0.845,"mg/L",25.8734,-81.8331,0
"130","15911","SFER","04/15/2015 06:13:00","33","Ammonium",0.784,"mg/L",25.9138,-81.8003,0
"131","16011","SFER","04/15/2015 06:40:00","34","Ammonium",0.777,"mg/L",25.9497,-81.7669,0
"132","16111","SFER","04/15/2015 08:37:00","42","Ammonium",0.625,"mg/L",25.656,-81.7207,0
"133","16211","SFER","04/15/2015 09:45:00","41","Ammonium",0.576,"mg/L",25.7342,-81.577,0
"134","16311","SFER","04/15/2015 10:19:00","40","Ammonium",0.71,"mg/L",25.7581,-81.5228,0
"135","16411","SFER","04/15/2015 11:48:00","45","Ammonium",0.831,"mg/L",25.583,-81.471,0
"136","16511","SFER","04/15/2015 12:12:00","46","Ammonium",0.822,"mg/L",25.5837,-81.4049,0
"137","16611","SFER","04/15/2015 12:24:00","47","Ammonium",1.855,"mg/L",25.5838,-81.3678,0
"138","16711","SFER","04/15/2015 12:38:00","48","Ammonium",0.66,"mg/L",25.5834,-81.3284,0
"139","16811","SFER","04/15/2015 13:40:00","50","Ammonium",0.915,"mg/L",25.4514,-81.3505,0
"140","16911","SFER","04/15/2015 13:56:00","51","Ammonium",0.912,"mg/L",25.4534,-81.3059,0
"141","17011","SFER","04/15/2015 14:22:00","52","Ammonium",1.112,"mg/L",25.4533,-81.2564,0
"142","17111","SFER","04/15/2015 14:34:00","53","Ammonium",0.601,"mg/L",25.4536,-81.2246,0
"143","17212","SFER","04/15/2015 16:05:00","54","Ammonium",0.872,"mg/L",25.3416,-81.1544,0
"144","17311","SFER","04/15/2015 16:43:00","55","Ammonium",0.739,"mg/L",25.3501,-81.1934,0
"145","17411","SFER","04/15/2015 17:16:00","56","Ammonium",0.656,"mg/L",25.351,-81.2283,0
"146","17512","SFER","04/15/2015 17:45:00","57","Ammonium",0.585,"mg/L",25.3513,-81.2664,0
"147","17611","SFER","04/15/2015 18:30:00","57.1","Ammonium",0.817,"mg/L",25.3519,-81.3374,0
"148","17711","SFER","04/15/2015 19:39:00","57.2","Ammonium",0.701,"mg/L",25.3516,-81.4918,0
"149","17811","SFER","04/15/2015 19:47:00","57.3","Ammonium",0.641,"mg/L",25.3513,-81.6534,0
"150","18011","SFER","04/15/2015 22:17:00","58","Ammonium",0.608,"mg/L",25.1673,-81.6558,0
"151","18111","SFER","04/15/2015 23:34:00","59","Ammonium",0.788,"mg/L",25.1684,-81.4946,0
"152","18211","SFER","04/16/2015 04:10:00","66","Ammonium",0.927,"mg/L",25.0662,-81.1076,0
"153","18311","SFER","04/16/2015 04:35:00","67","Ammonium",0.835,"mg/L",25.0294,-81.1274,0
"154","18411","SFER","04/16/2015 05:22:00","68","Ammonium",0.758,"mg/L",24.9293,-81.1683,0
"155","18511","SFER","04/16/2015 05:56:00","69","Ammonium",0.927,"mg/L",24.9299,-81.094,0
"156","18611","SFER","04/16/2015 06:32:00","70","Ammonium",0.633,"mg/L",24.9304,-81.0225,0
"157","18811","SFER","04/16/2015 11:46:00","57.3","Ammonium",0.669,"mg/L",25.3491,-81.6517,0
"158","18911","SFER","04/16/2015 12:45:00","57.2","Ammonium",0.752,"mg/L",25.3515,-81.4885,0
"159","19011","SFER","04/16/2015 14:08:00","57.1","Ammonium",0.668,"mg/L",25.3517,-81.3361,0
"160","19112","SFER","04/16/2015 14:50:00","57","Ammonium",0.595,"mg/L",25.3523,-81.2634,0
"161","19211","SFER","04/16/2015 15:19:00","56","Ammonium",0.611,"mg/L",25.3508,-81.2254,0
"162","19311","SFER","04/16/2015 15:45:00","55","Ammonium",0.747,"mg/L",25.3506,-81.1902,0
"163","19412","SFER","04/16/2015 16:34:00","54","Ammonium",0.586,"mg/L",25.3449,-81.1518,0
"164","19511","SFER","04/17/2015 07:46:00","EKOFF","Ammonium",0.635,"mg/L",25.2941,-80.1633,0
"165","19611","SFER","06/01/2015 12:09:00","1","Ammonium",1.077,"mg/L",25.6447,-80.1244,0
"166","19711","SFER","06/01/2015 12:09:00","2","Ammonium",0.969,"mg/L",25.6417,-80.1038,0
"167","19811","SFER","06/01/2015 12:09:00","3","Ammonium",1.201,"mg/L",25.6437,-80.0803,0
"168","19911","SFER","06/01/2015 15:26:00","EKIN","Ammonium",0.776,"mg/L",25.3353,-80.2253,0
"169","20011","SFER","06/01/2015 15:41:00","EKMID","Ammonium",1.161,"mg/L",25.3117,-80.1913,0
"170","20111","SFER","06/01/2015 15:55:00","EKOFF","Ammonium",0.722,"mg/L",25.2904,-80.1615,0
"171","20211","SFER","06/01/2015 18:01:00","4","Ammonium",0.436,"mg/L",25.1073,-80.381,0
"172","20311","SFER","06/01/2015 18:01:00","5","Ammonium",0.83,"mg/L",25.0931,-80.3524,0
"173","20411","SFER","06/01/2015 18:30:00","5.5","Ammonium",0.213,"mg/L",25.0804,-80.3309,0
"174","20511","SFER","06/01/2015 18:40:00","6","Ammonium",0.204,"mg/L",25.0645,-80.3127,0
"175","20611","SFER","06/01/2015 18:47:00","6.5","Ammonium",0.225,"mg/L",25.0481,-80.2871,0
"176","20812","SFER","06/01/2015 19:36:00","MR","Ammonium",0.476,"mg/L",25.0046,-80.3782,0
"177","20911","SFER","06/01/2015 21:43:00","UKOFF","Ammonium",0.1,"mg/L",24.8981,-80.5311,0
"178","21011","SFER","06/01/2015 21:54:00","UKMID","Ammonium",0.177,"mg/L",24.9209,-80.5465,0
"179","21111","SFER","06/01/2015 22:02:00","UKIN","Ammonium",0.866,"mg/L",24.9352,-80.5652,0
"180","21211","SFER","06/01/2015 23:32:00","7","Ammonium",0.295,"mg/L",24.8159,-80.7549,0
"181","21311","SFER","06/01/2015 23:54:00","8","Ammonium",0.454,"mg/L",24.7912,-80.7409,0
"182","21511","SFER","06/02/2015 00:11:00","9","Ammonium",1.194,"mg/L",24.7618,-80.724,0
"183","21811","SFER","06/02/2015 00:48:00","9.5","Ammonium",1.121,"mg/L",24.717,-80.689,0
"184","22011","SFER","06/02/2015 02:15:00","12","Ammonium",0.867,"mg/L",24.7129,-80.8332,0
"185","22111","SFER","06/02/2015 02:45:00","11","Ammonium",0.731,"mg/L",24.7535,-80.8464,0
"186","22211","SFER","06/02/2015 03:03:00","10","Ammonium",1.808,"mg/L",24.7848,-80.8672,0
"187","22311","SFER","06/02/2015 04:32:00","13","Ammonium",1.869,"mg/L",24.7014,-81.0299,0
"188","22411","SFER","06/02/2015 04:49:00","14","Ammonium",1.883,"mg/L",24.675,-81.0232,0
"189","22511","SFER","06/02/2015 05:06:00","15","Ammonium",1.79,"mg/L",24.6431,-81.0171,0
"190","22611","SFER","06/02/2015 05:40:00","15.5","Ammonium",1.914,"mg/L",24.592,-80.9913,0
"191","22811","SFER","06/02/2015 07:31:00","18","Ammonium",2.126,"mg/L",24.5983,-81.1848,0
"192","22911","SFER","06/02/2015 08:06:00","17","Ammonium",1.555,"mg/L",24.6403,-81.1951,0
"193","23011","SFER","06/02/2015 08:31:00","16","Ammonium",2.096,"mg/L",24.6741,-81.206,0
"194","23111","SFER","06/02/2015 10:30:00","19","Ammonium",1.838,"mg/L",24.6091,-81.4199,0
"195","23211","SFER","06/02/2015 10:50:00","20","Ammonium",1.686,"mg/L",24.5729,-81.4184,0
"196","23412","SFER","06/02/2015 11:21:00","21LK","Ammonium",1.771,"mg/L",24.5364,-81.4159,0
"197","23511","SFER","06/02/2015 12:18:00","21.5","Ammonium",1.207,"mg/L",24.4831,-81.3914,0
"198","23712","SFER","06/02/2015 14:21:00","WS","Ammonium",1.379,"mg/L",24.4766,-81.7127,0
"199","23811","SFER","06/02/2015 15:39:00","22.5","Ammonium",1.159,"mg/L",24.3964,-81.829,0
"200","23911","SFER","06/02/2015 16:05:00","22","Ammonium",1.551,"mg/L",24.4571,-81.8285,0
"201","24011","SFER","06/02/2015 16:18:00","23","Ammonium",1.804,"mg/L",24.4874,-81.8245,0
"202","24111","SFER","06/02/2015 16:40:00","24","Ammonium",1.526,"mg/L",24.537,-81.8289,0
"203","24311","SFER","06/02/2015 23:18:00","30","Ammonium",0.653,"mg/L",25.4057,-82.2113,0
"204","24411","SFER","06/03/2015 01:04:00","30.5","Ammonium",1.795,"mg/L",25.5721,-82.0731,0
"205","24611","SFER","06/03/2015 02:39:00","31","Ammonium",1.261,"mg/L",25.7419,-81.9417,0
"206","24711","SFER","06/03/2015 04:07:00","32","Ammonium",1.412,"mg/L",25.8729,-81.8335,0
"207","24811","SFER","06/03/2015 04:33:00","33","Ammonium",1.33,"mg/L",25.912,-81.7994,0
"208","24911","SFER","06/03/2015 04:59:00","34","Ammonium",1.07,"mg/L",25.9498,-81.7671,0
"209","25011","SFER","06/03/2015 07:42:00","42","Ammonium",1.256,"mg/L",25.6555,-81.719,0
"210","25111","SFER","06/03/2015 08:13:00","41","Ammonium",0.984,"mg/L",25.7342,-81.575,0
"211","25211","SFER","06/03/2015 08:47:00","40","Ammonium",1.987,"mg/L",25.7578,-81.5233,0
"212","25311","SFER","06/03/2015 09:07:00","39","Ammonium",1.108,"mg/L",25.7804,-81.486,0
"213","25411","SFER","06/03/2015 10:39:00","45","Ammonium",1.391,"mg/L",25.5816,-81.4719,0
"214","25511","SFER","06/03/2015 11:06:00","46","Ammonium",0.792,"mg/L",25.5833,-81.4079,0
"215","25611","SFER","06/03/2015 11:22:00","47","Ammonium",1.03,"mg/L",25.5831,-81.3656,0
"216","25711","SFER","06/03/2015 11:37:00","48","Ammonium",1.035,"mg/L",25.5836,-81.3288,0
"217","25811","SFER","06/03/2015 11:55:00","49","Ammonium",1.18,"mg/L",25.5818,-81.2967,0
"218","25911","SFER","06/03/2015 12:56:00","50","Ammonium",1.234,"mg/L",25.4522,-81.35,0
"219","26011","SFER","06/03/2015 12:56:00","51","Ammonium",1.285,"mg/L",25.4527,-81.3085,0
"220","26111","SFER","06/03/2015 13:43:00","52","Ammonium",1.203,"mg/L",25.4537,-81.2594,0
"221","26211","SFER","06/03/2015 14:00:00","53","Ammonium",1.082,"mg/L",25.4538,-81.2288,0
"222","26312","SFER","06/03/2015 15:24:00","54","Ammonium",1.575,"mg/L",25.3414,-81.1559,0
"223","26411","SFER","06/03/2015 16:10:00","55","Ammonium",0.989,"mg/L",25.3514,-81.1949,0
"224","26511","SFER","06/03/2015 16:45:00","56","Ammonium",1.034,"mg/L",25.3501,-81.229,0
"225","26612","SFER","06/03/2015 17:22:00","57","Ammonium",0.932,"mg/L",25.3517,-81.2648,0
"226","26711","SFER","06/03/2015 18:14:00","57.1","Ammonium",1.021,"mg/L",25.3522,-81.3406,0
"227","26811","SFER","06/03/2015 19:20:00","57.2","Ammonium",0.257,"mg/L",25.3502,-81.4908,0
"228","26911","SFER","06/03/2015 20:31:00","57.3","Ammonium",0.332,"mg/L",25.3518,-81.6554,0
"229","27011","SFER","06/03/2015 22:09:00","58","Ammonium",0.247,"mg/L",25.1652,-81.654,0
"230","27111","SFER","06/03/2015 23:35:00","59","Ammonium",0.411,"mg/L",25.1669,-81.4882,0
"231","27211","SFER","06/04/2015 01:04:00","60","Ammonium",0.285,"mg/L",25.1667,-81.334,0
"232","27311","SFER","06/04/2015 01:35:00","61","Ammonium",0.401,"mg/L",25.1674,-81.2742,0
"233","27411","SFER","06/04/2015 01:51:00","62","Ammonium",0.629,"mg/L",25.1669,-81.2355,0
"234","27511","SFER","06/04/2015 04:21:00","68","Ammonium",0.571,"mg/L",24.93,-81.1653,0
"235","27611","SFER","06/04/2015 04:54:00","69","Ammonium",0.574,"mg/L",24.9299,-81.0949,0
"236","27711","SFER","06/04/2015 05:22:00","70","Ammonium",0.543,"mg/L",24.9306,-81.0259,0
"237","27811","SFER","06/04/2015 06:43:00","67","Ammonium",0.447,"mg/L",25.0312,-81.1274,0
"238","27911","SFER","06/04/2015 07:01:00","66","Ammonium",0.469,"mg/L",25.0684,-81.1082,0
"239","28011","SFER","06/04/2015 07:21:00","65","Ammonium",0.335,"mg/L",25.1015,-81.0926,0
"240","28111","SFER","06/04/2015 08:23:00","64","Ammonium",0.313,"mg/L",25.1668,-81.1563,0
"241","28211","SFER","06/04/2015 08:57:00","63","Ammonium",0.336,"mg/L",25.1673,-81.2012,0
"242","28312","SFER","06/04/2015 10:31:00","54","Ammonium",0.511,"mg/L",25.3436,-81.1524,0
"243","28411","SFER","06/04/2015 11:29:00","55","Ammonium",0.342,"mg/L",25.3511,-81.3511,0
"244","28511","SFER","06/04/2015 11:53:00","56","Ammonium",0.512,"mg/L",25.351,-81.2264,0
"245","28612","SFER","06/04/2015 12:05:00","57","Ammonium",0.474,"mg/L",25.352,-81.2661,0
"246","28711","SFER","06/04/2015 13:00:00","57.1","Ammonium",0.396,"mg/L",25.3515,-81.3367,0
"247","28811","SFER","06/04/2015 14:14:00","57.2","Ammonium",0.444,"mg/L",25.3518,-81.4905,0
"248","29411","SFER","07/27/2015 16:15:00","EKOFF","Ammonium",0,"mg/L",25.2947,-80.1631,0
"249","29511","SFER","07/27/2015 18:30:00","4","Ammonium",0,"mg/L",25.1076,-80.3803,0
"250","29611","SFER","07/27/2015 18:47:00","5","Ammonium",0.274,"mg/L",25.0957,-80.3526,0
"251","29711","SFER","07/27/2015 18:58:00","5.5","Ammonium",0,"mg/L",25.0796,-80.3323,0
"252","29911","SFER","07/27/2015 19:07:00","6","Ammonium",0,"mg/L",25.0643,-80.3153,0
"253","30111","SFER","07/27/2015 19:34:00","6.5","Ammonium",0.029,"mg/L",25.0484,-80.2864,0
"254","30311","SFER","07/27/2015 20:45:00","MR","Ammonium",0.25,"mg/L",25.0064,-80.3797,0
"255","30411","SFER","07/27/2015 22:43:00","UKOFF","Ammonium",0,"mg/L",24.8982,-80.5302,0
"256","30511","SFER","07/27/2015 22:55:00","UKMID","Ammonium",0,"mg/L",24.9196,-80.543,0
"257","30611","SFER","07/27/2015 23:05:00","UKIN","Ammonium",0,"mg/L",24.9354,-80.5642,0
"258","30811","SFER","07/28/2015 00:43:00","7","Ammonium",0,"mg/L",24.8158,-80.7535,0
"259","30911","SFER","07/28/2015 01:04:00","8","Ammonium",0,"mg/L",24.792,-80.7415,0
"260","31311","SFER","07/28/2015 01:23:00","9","Ammonium",0,"mg/L",24.7612,-80.722,0
"261","31811","SFER","07/28/2015 02:02:00","9.5","Ammonium",0,"mg/L",24.7152,-80.6888,0
"262","32311","SFER","07/28/2015 02:54:00","9.6","Ammonium",0,"mg/L",24.6634,-80.6576,0
"263","32811","SFER","07/28/2015 04:02:00","9.7","Ammonium",0,"mg/L",24.583,-80.6103,0
"264","33211","SFER","07/28/2015 05:24:00","9.8","Ammonium",0,"mg/L",24.4665,-80.526,0
"265","33511","SFER","07/28/2015 08:49:00","12","Ammonium",0,"mg/L",24.7155,-80.8334,0
"266","33611","SFER","07/28/2015 09:12:00","11","Ammonium",0,"mg/L",24.7535,-80.8466,0
"267","33711","SFER","07/28/2015 09:34:00","10","Ammonium",0,"mg/L",24.7887,-80.8618,0
"268","33811","SFER","07/28/2015 11:20:00","13","Ammonium",0.097,"mg/L",24.7017,-81.0284,0
"269","33911","SFER","07/28/2015 11:34:00","14","Ammonium",0,"mg/L",24.6753,-81.0236,0
"270","34111","SFER","07/28/2015 11:58:00","15","Ammonium",0,"mg/L",24.6419,-81.0167,0
"271","34411","SFER","07/28/2015 12:40:00","15.5","Ammonium",0,"mg/L",24.5928,-80.9903,0
"272","34511","SFER","07/28/2015 14:57:00","16","Ammonium",0,"mg/L",24.6689,-81.2017,0
"273","34611","SFER","07/28/2015 15:22:00","17","Ammonium",0,"mg/L",24.6328,-81.1927,0
"274","34811","SFER","07/28/2015 15:45:00","18","Ammonium",0,"mg/L",24.596,-81.1844,0
"275","34911","SFER","07/28/2015 17:37:00","19","Ammonium",0,"mg/L",24.6063,-81.422,0
"276","35011","SFER","07/28/2015 17:49:00","20","Ammonium",0,"mg/L",24.5754,-81.4186,0
"277","35211","SFER","07/28/2015 18:30:00","21LK","Ammonium",0,"mg/L",24.5385,-81.4127,0
"278","35611","SFER","07/28/2015 19:07:00","21.5","Ammonium",0,"mg/L",24.4843,-81.3868,0
"279","35811","SFER","07/28/2015 22:46:00","WS","Ammonium",0,"mg/L",24.4748,-81.709,0
"280","35911","SFER","07/29/2015 00:29:00","22","Ammonium",0,"mg/L",24.4557,-81.8292,0
"281","36011","SFER","07/29/2015 00:57:00","23","Ammonium",0,"mg/L",24.4876,-81.8287,0
"282","36111","SFER","07/29/2015 01:19:00","24","Ammonium",0,"mg/L",24.5381,-81.8277,0
"283","36311","SFER","07/29/2015 08:42:00","30","Ammonium",0,"mg/L",25.4052,-82.2064,0
"284","36411","SFER","07/29/2015 10:20:00","30.5","Ammonium",0,"mg/L",25.5691,-82.0768,0
"285","36511","SFER","07/29/2015 12:10:00","31","Ammonium",0,"mg/L",25.7455,-81.9388,0
"286","36611","SFER","07/29/2015 13:28:00","32","Ammonium",0,"mg/L",25.8747,-81.8315,0
"287","36811","SFER","07/29/2015 13:57:00","33","Ammonium",0,"mg/L",25.9125,-81.7961,0
"288","36911","SFER","07/29/2015 14:25:00","34","Ammonium",0,"mg/L",25.9503,-81.7676,0
"289","37011","SFER","07/29/2015 21:08:00","54","Ammonium",0,"mg/L",25.3388,-81.1597,0
"290","37111","SFER","07/29/2015 21:53:00","55","Ammonium",0,"mg/L",25.3503,-81.1946,0
"291","37211","SFER","07/29/2015 22:22:00","56","Ammonium",0,"mg/L",25.35,-81.229,0
"292","37311","SFER","07/29/2015 22:56:00","57","Ammonium",0,"mg/L",25.3515,-81.267,0
"293","37411","SFER","07/29/2015 23:41:00","57.1","Ammonium",0,"mg/L",25.3519,-81.3376,0
"294","37611","SFER","07/30/2015 01:02:00","57.2","Ammonium",0,"mg/L",25.3518,-81.4913,0
"295","37811","SFER","07/30/2015 02:38:00","57.3","Ammonium",0,"mg/L",25.3516,-81.654,0
"296","37911","SFER","07/30/2015 05:11:00","42","Ammonium",0,"mg/L",25.6549,-81.6549,0
"297","38011","SFER","07/30/2015 06:22:00","41","Ammonium",0,"mg/L",25.7345,-81.5747,0
"298","38111","SFER","07/30/2015 06:52:00","40","Ammonium",0,"mg/L",25.7581,-81.523,0
"299","38211","SFER","07/30/2015 07:14:00","39","Ammonium",0,"mg/L",25.7836,-81.482,0
"300","38311","SFER","07/30/2015 08:46:00","45","Ammonium",0,"mg/L",25.5831,-81.4698,0
"301","38411","SFER","07/30/2015 09:20:00","46","Ammonium",0,"mg/L",25.5837,-81.4076,0
"302","38511","SFER","07/30/2015 09:36:00","47","Ammonium",0,"mg/L",25.5836,-81.3656,0
"303","38611","SFER","07/30/2015 09:51:00","48","Ammonium",0,"mg/L",25.5835,-81.3295,0
"304","38711","SFER","07/30/2015 11:00:00","49","Ammonium",0,"mg/L",25.5833,-81.2908,0
"305","38811","SFER","07/30/2015 11:19:00","50","Ammonium",0,"mg/L",25.4514,-81.3486,0
"306","38911","SFER","07/30/2015 11:41:00","51","Ammonium",0,"mg/L",25.4535,-81.3051,0
"307","39011","SFER","07/30/2015 12:12:00","52","Ammonium",0,"mg/L",25.4534,-81.2595,0
"308","39111","SFER","07/30/2015 12:27:00","53","Ammonium",0,"mg/L",25.4534,-81.2249,0
"309","39211","SFER","07/30/2015 14:02:00","54","Ammonium",0,"mg/L",25.3398,-81.1583,0
"310","39311","SFER","07/30/2015 14:36:00","55","Ammonium",0,"mg/L",25.3503,-81.1934,0
"311","39411","SFER","07/30/2015 15:13:00","56","Ammonium",0,"mg/L",25.3497,-81.2274,0
"312","39511","SFER","07/30/2015 15:47:00","57","Ammonium",0,"mg/L",25.3519,-81.2651,0
"313","39611","SFER","07/30/2015 16:29:00","57.1","Ammonium",0,"mg/L",25.3519,-81.3366,0
"314","39811","SFER","07/30/2015 17:57:00","57.2","Ammonium",0,"mg/L",25.3526,-81.4905,0
"315","40011","SFER","07/30/2015 19:44:00","57.3","Ammonium",0,"mg/L",25.3515,-81.6551,0
"316","40211","SFER","07/30/2015 21:16:00","58","Ammonium",0,"mg/L",25.1666,-81.6546,0
"317","40411","SFER","07/30/2015 22:45:00","59","Ammonium",0,"mg/L",25.1674,-81.4893,0
"318","40611","SFER","07/31/2015 00:11:00","60","Ammonium",0,"mg/L",25.1668,-81.3347,0
"319","40711","SFER","07/31/2015 01:04:00","61","Ammonium",0,"mg/L",25.1674,-81.2734,0
"320","40811","SFER","07/31/2015 01:38:00","62","Ammonium",0,"mg/L",25.1666,-81.2345,0
"321","40911","SFER","07/31/2015 02:26:00","63","Ammonium",0,"mg/L",25.1674,-81.198,0
"322","41011","SFER","07/31/2015 03:13:00","64","Ammonium",0,"mg/L",25.1657,-81.1572,0
"323","41111","SFER","07/31/2015 04:41:00","65","Ammonium",0,"mg/L",25.1011,-81.0925,0
"324","41211","SFER","07/31/2015 05:08:00","66","Ammonium",0,"mg/L",25.0682,-81.1086,0
"325","41311","SFER","07/31/2015 05:34:00","67","Ammonium",0,"mg/L",25.0304,-81.1268,0
"326","41411","SFER","07/31/2015 07:08:00","70","Ammonium",0,"mg/L",24.9291,-81.026,0
"327","41511","SFER","07/31/2015 08:00:00","69","Ammonium",0,"mg/L",24.9304,-81.0947,0
"328","41611","SFER","07/31/2015 08:48:00","68","Ammonium",0,"mg/L",24.9297,-81.1691,0
"329","41711","SFER","09/21/2015 13:01:00","1","Ammonium",0,"mg/L",25.6445,-80.1271,0
"330","41811","SFER","09/21/2015 13:14:00","2","Ammonium",0.122,"mg/L",25.642,-80.1029,0
"331","41911","SFER","09/21/2015 13:30:00","3","Ammonium",0,"mg/L",25.6454,-80.0797,0
"332","42011","SFER","09/21/2015 16:05:00","EKIN","Ammonium",0,"mg/L",25.334,-80.2235,0
"333","42111","SFER","09/21/2015 16:21:00","EKMID","Ammonium",0,"mg/L",25.3139,-80.1933,0
"334","42211","SFER","09/21/2015 16:36:00","EKOFF","Ammonium",0,"mg/L",25.2941,-80.1617,0
"335","42311","SFER","09/21/2015 18:41:00","4","Ammonium",0,"mg/L",25.1082,-80.3802,0
"336","42411","SFER","09/21/2015 18:54:00","5","Ammonium",0,"mg/L",25.0935,-80.354,0
"337","42511","SFER","09/21/2015 19:03:00","5.5","Ammonium",0,"mg/L",25.0795,-80.3343,0
"338","42611","SFER","09/21/2015 19:15:00","6","Ammonium",0,"mg/L",25.0643,-80.3153,0
"339","42711","SFER","09/21/2015 19:28:00","6.5","Ammonium",0,"mg/L",25.0486,-80.2856,0
"340","42911","SFER","09/21/2015 20:21:00","MR","Ammonium",0,"mg/L",25.0006,-80.3818,0
"341","43011","SFER","09/21/2015 22:10:00","UKOFF","Ammonium",0,"mg/L",24.8982,-80.5309,0
"342","43111","SFER","09/21/2015 22:22:00","UKMID","Ammonium",0,"mg/L",24.9209,-80.5463,0
"343","43211","SFER","09/21/2015 22:33:00","UKIN","Ammonium",0,"mg/L",24.9383,-80.5696,0
"344","43311","SFER","09/22/2015 00:04:00","7","Ammonium",0,"mg/L",24.8186,-80.7531,0
"345","43411","SFER","09/22/2015 00:39:00","8","Ammonium",0,"mg/L",24.7903,-80.7409,0
"346","43611","SFER","09/22/2015 01:19:00","9","Ammonium",0,"mg/L",24.7604,-80.7172,0
"347","44011","SFER","09/22/2015 01:57:00","9.5","Ammonium",0,"mg/L",24.7144,-80.6873,0
"348","44311","SFER","09/22/2015 03:17:00","12","Ammonium",0,"mg/L",24.7464,-80.8326,0
"349","44411","SFER","09/22/2015 03:44:00","11","Ammonium",0,"mg/L",24.7528,-80.8466,0
"350","44511","SFER","09/22/2015 04:03:00","10","Ammonium",0,"mg/L",24.7883,-80.8609,0
"351","44611","SFER","09/22/2015 05:24:00","13","Ammonium",0,"mg/L",24.702,-81.0304,0
"352","44711","SFER","09/22/2015 05:35:00","14","Ammonium",0,"mg/L",24.6759,-81.0232,0
"353","44811","SFER","09/22/2015 05:49:00","15","Ammonium",0,"mg/L",24.6436,-81.0013,0
"354","44911","SFER","09/22/2015 06:12:00","15.5","Ammonium",0,"mg/L",24.5924,-80.9913,0
"355","45111","SFER","09/22/2015 07:54:00","18","Ammonium",0.27,"mg/L",24.6029,-81.182,0
"356","45211","SFER","09/22/2015 08:15:00","17","Ammonium",0,"mg/L",24.6346,-81.1932,0
"357","45311","SFER","09/22/2015 08:31:00","16","Ammonium",0,"mg/L",24.6733,-81.2033,0
"358","45411","SFER","09/22/2015 10:00:00","19","Ammonium",0,"mg/L",24.6095,-81.4209,0
"359","45511","SFER","09/22/2015 10:29:00","20","Ammonium",0,"mg/L",24.5734,-81.4182,0
"360","45811","SFER","09/22/2015 10:46:00","21LK","Ammonium",0,"mg/L",24.5364,-81.413,0
"361","45911","SFER","09/22/2015 12:04:00","21.5","Ammonium",0,"mg/L",24.4836,-81.3906,0
"362","46111","SFER","09/22/2015 14:18:00","WS","Ammonium",0.128,"mg/L",24.4775,-81.7178,0
"363","46211","SFER","09/22/2015 15:45:00","22.5","Ammonium",0,"mg/L",24.3965,-81.8284,0
"364","46311","SFER","09/22/2015 16:10:00","22","Ammonium",0,"mg/L",24.4557,-81.8282,0
"365","46411","SFER","09/22/2015 16:23:00","23","Ammonium",0,"mg/L",24.4865,-81.8283,0
"366","46511","SFER","09/22/2015 16:40:00","24","Ammonium",0.031,"mg/L",24.5363,-81.8285,0
"367","46711","SFER","09/22/2015 18:40:00","BK1","Ammonium",0,"mg/L",24.7477,-81.9474,0
"368","46911","SFER","09/22/2015 23:45:00","30","Ammonium",0,"mg/L",25.3999,-82.213,0
"369","47011","SFER","09/23/2015 01:27:00","30.5","Ammonium",0,"mg/L",25.5705,-82.0735,0
"370","47211","SFER","09/23/2015 02:58:00","31","Ammonium",0,"mg/L",25.7424,-81.9428,0
"371","47311","SFER","09/23/2015 04:14:00","32","Ammonium",0,"mg/L",25.8734,-81.8334,0
"372","47511","SFER","09/23/2015 04:37:00","33","Ammonium",0,"mg/L",25.9121,-81.8004,0
"373","47611","SFER","09/23/2015 05:06:00","34","Ammonium",0.028,"mg/L",25.9498,-81.7667,0
"374","47711","SFER","09/23/2015 07:14:00","42","Ammonium",0,"mg/L",25.6556,-81.7686,0
"375","47811","SFER","09/23/2015 08:22:00","41","Ammonium",0,"mg/L",25.7335,-81.575,0
"376","47911","SFER","09/23/2015 08:55:00","40","Ammonium",0,"mg/L",25.7581,-81.5231,0
"377","48011","SFER","09/23/2015 09:15:00","39","Ammonium",0.594,"mg/L",25.7828,-81.4826,0
"378","48111","SFER","09/23/2015 10:45:00","45","Ammonium",0,"mg/L",25.5822,-81.4865,0
"379","48211","SFER","09/23/2015 11:15:00","46","Ammonium",0,"mg/L",25.5828,-81.4094,0
"380","48311","SFER","09/23/2015 11:32:00","47","Ammonium",0,"mg/L",25.5834,-81.3632,0
"381","48411","SFER","09/23/2015 11:45:00","48","Ammonium",0.28,"mg/L",25.5833,-81.329,0
"382","48511","SFER","09/23/2015 12:05:00","49","Ammonium",0,"mg/L",25.5828,-81.2901,0
"383","48611","SFER","09/23/2015 13:12:00","50","Ammonium",0,"mg/L",25.4516,-81.3481,0
"384","48711","SFER","09/23/2015 13:35:00","51","Ammonium",0,"mg/L",25.4533,-81.3077,0
"385","48811","SFER","09/23/2015 13:59:00","52","Ammonium",0.2,"mg/L",25.4533,-81.2603,0
"386","48911","SFER","09/23/2015 14:20:00","53","Ammonium",0,"mg/L",25.4533,-81.2264,0
"387","49011","SFER","09/23/2015 16:20:00","54","Ammonium",0,"mg/L",25.3451,-81.1518,0
"388","49111","SFER","09/23/2015 17:10:00","55","Ammonium",0,"mg/L",25.3499,-81.1995,0
"389","49211","SFER","09/23/2015 17:45:00","56","Ammonium",0,"mg/L",25.3499,-81.2291,0
"390","49311","SFER","09/23/2015 18:25:00","57","Ammonium",0.019,"mg/L",25.3517,-81.2665,0
"391","49411","SFER","09/23/2015 19:15:00","57.1","Ammonium",0.047,"mg/L",25.3519,-81.3364,0
"392","49511","SFER","09/23/2015 20:37:00","57.2","Ammonium",0.665,"mg/L",25.3528,-81.4952,0
"393","49611","SFER","09/23/2015 21:54:00","57.3","Ammonium",0.111,"mg/L",25.3512,-81.6543,0
"394","49711","SFER","09/23/2015 23:27:00","58","Ammonium",0,"mg/L",25.1646,-81.6531,0
"395","49811","SFER","09/24/2015 00:44:00","59","Ammonium",0.426,"mg/L",25.167,-81.4886,0
"396","49911","SFER","09/24/2015 01:51:00","60","Ammonium",0.194,"mg/L",25.1667,-81.3326,0
"397","50011","SFER","09/24/2015 02:22:00","61","Ammonium",0.342,"mg/L",25.1668,-81.2744,0
"398","50111","SFER","09/24/2015 02:34:00","62","Ammonium",0,"mg/L",25.1666,-81.2356,0
"399","50211","SFER","09/24/2015 02:58:00","63","Ammonium",0,"mg/L",25.1662,-81.1993,0
"400","50311","SFER","09/24/2015 03:18:00","64","Ammonium",0,"mg/L",25.1507,-81.1554,0
"401","50411","SFER","09/24/2015 04:28:00","65","Ammonium",0,"mg/L",25.1014,-81.092,0
"402","50511","SFER","09/24/2015 04:51:00","66","Ammonium",0,"mg/L",25.0686,-81.1082,0
"403","50611","SFER","09/24/2015 05:09:00","67","Ammonium",0.063,"mg/L",25.0296,-81.1265,0
"404","50711","SFER","09/24/2015 06:09:00","70","Ammonium",0,"mg/L",24.9306,-81.0243,0
"405","50811","SFER","09/24/2015 06:37:00","69","Ammonium",0.007,"mg/L",24.9302,-81.0846,0
"406","50911","SFER","09/24/2015 07:07:00","68","Ammonium",0.302,"mg/L",24.9299,-81.1676,0
"407","51011","SFER","09/24/2015 11:10:00","54","Ammonium",0.587,"mg/L",25.3379,-81.1563,0
"408","51111","SFER","09/24/2015 12:00:00","55","Ammonium",0.068,"mg/L",25.3515,-81.1962,0
"409","51211","SFER","09/24/2015 12:30:00","56","Ammonium",0,"mg/L",25.35,-81.2285,0
"410","51311","SFER","09/24/2015 13:00:00","57","Ammonium",0.036,"mg/L",25.3516,-81.2659,0
"411","51411","SFER","09/24/2015 13:45:00","57.1","Ammonium",0,"mg/L",25.3515,-81.3363,0
"412","51511","SFER","09/24/2015 15:05:00","57.2","Ammonium",0,"mg/L",25.3518,-81.4875,0
"413","51611","SFER","09/24/2015 16:24:00","57.3","Ammonium",0,"mg/L",25.3516,-81.6556,0
"414","51711","SFER","11/16/2015 14:14:00","1","Ammonium",0.875,"mg/L",25.6443,-80.1261,0
"415","51811","SFER","11/16/2015 14:44:00","2","Ammonium",1.501,"mg/L",25.6399,-80.1051,0
"416","51911","SFER","11/16/2015 17:08:00","EKIN","Ammonium",0.692,"mg/L",25.3344,-80.2243,0
"417","52011","SFER","11/16/2015 17:18:00","EKMID","Ammonium",0.297,"mg/L",25.3142,-80.1925,0
"418","52111","SFER","11/16/2015 17:35:00","EKOFF","Ammonium",0.322,"mg/L",25.2959,-80.1645,0
"419","52211","SFER","11/16/2015 19:43:00","4","Ammonium",0.867,"mg/L",25.1052,-80.3768,0
"420","52311","SFER","11/16/2015 19:56:00","5","Ammonium",0.625,"mg/L",25.093,-80.3532,0
"421","52411","SFER","11/16/2015 20:08:00","5.5","Ammonium",0.413,"mg/L",25.0785,-80.3341,0
"422","52511","SFER","11/16/2015 20:19:00","6","Ammonium",0.324,"mg/L",25.0645,-80.314,0
"423","52611","SFER","11/16/2015 20:36:00","6.5","Ammonium",0.29,"mg/L",25.0484,-80.2864,0
"424","52811","SFER","11/16/2015 21:18:00","MR","Ammonium",0.499,"mg/L",25.0064,-80.3805,0
"425","52911","SFER","11/16/2015 23:23:00","UKOFF","Ammonium",0.409,"mg/L",24.8971,-80.5304,0
"426","53011","SFER","11/16/2015 23:35:00","UKMID","Ammonium",0.518,"mg/L",24.9217,-80.546,0
"427","53111","SFER","11/16/2015 23:47:00","UKIN","Ammonium",1.996,"mg/L",24.9377,-80.5691,0
"428","53211","SFER","11/17/2015 01:20:00","7","Ammonium",1.011,"mg/L",24.8199,-80.7541,0
"429","53311","SFER","11/17/2015 01:35:00","8","Ammonium",0.377,"mg/L",24.7919,-80.7404,0
"430","53411","SFER","11/17/2015 01:51:00","9","Ammonium",0.609,"mg/L",24.7624,-80.724,0
"431","53511","SFER","11/17/2015 02:52:00","10","Ammonium",0.905,"mg/L",24.7865,-80.861,0
"432","53611","SFER","11/17/2015 03:21:00","11","Ammonium",0.333,"mg/L",24.7533,-80.8471,0
"433","53811","SFER","11/17/2015 03:45:00","12","Ammonium",0.38,"mg/L",24.712,-80.8327,0
"434","53911","SFER","11/17/2015 05:10:00","15.5","Ammonium",0.437,"mg/L",24.5911,-80.9914,0
"435","54011","SFER","11/17/2015 05:35:00","15","Ammonium",0.549,"mg/L",24.6433,-81.0171,0
"436","54111","SFER","11/17/2015 05:49:00","14","Ammonium",0.471,"mg/L",24.675,-81.0238,0
"437","54211","SFER","11/17/2015 06:02:00","13","Ammonium",0.772,"mg/L",24.7025,-81.0302,0
"438","54311","SFER","11/17/2015 07:20:00","16","Ammonium",0.868,"mg/L",24.6743,-81.2044,0
"439","54411","SFER","11/17/2015 07:45:00","17","Ammonium",0.506,"mg/L",24.6344,-81.193,0
"440","54611","SFER","11/17/2015 08:06:00","18","Ammonium",0.341,"mg/L",24.5978,-81.1843,0
"441","54711","SFER","11/17/2015 09:46:00","19","Ammonium",0.759,"mg/L",24.609,-81.4221,0
"442","54811","SFER","11/17/2015 10:07:00","20","Ammonium",0.308,"mg/L",24.5732,-81.4185,0
"443","55011","SFER","11/17/2015 10:38:00","21LK","Ammonium",0.4,"mg/L",24.5381,-81.4142,0
"444","55211","SFER","11/17/2015 13:04:00","WS","Ammonium",0.579,"mg/L",24.4709,-81.7118,0
"445","55311","SFER","11/17/2015 14:33:00","22.5","Ammonium",0.614,"mg/L",24.3957,-81.8316,0
"446","55411","SFER","11/17/2015 14:59:00","22","Ammonium",0.566,"mg/L",24.4569,-81.8281,0
"447","55511","SFER","11/17/2015 15:13:00","23","Ammonium",0.873,"mg/L",24.487,-81.8285,0
"448","55611","SFER","11/17/2015 15:35:00","24","Ammonium",0.465,"mg/L",24.535,-81.8286,0
"449","55811","SFER","11/18/2015 02:21:00","30","Ammonium",0.306,"mg/L",25.4015,-82.2191,0
"450","55911","SFER","11/18/2015 05:24:00","30.5","Ammonium",0.38,"mg/L",25.5715,-82.0751,0
"451","56111","SFER","11/18/2015 07:47:00","31","Ammonium",0.317,"mg/L",25.7416,-81.9442,0
"452","56211","SFER","11/18/2015 09:15:00","32","Ammonium",0.632,"mg/L",25.8744,-81.8322,0
"453","56411","SFER","11/18/2015 09:40:00","33","Ammonium",0.511,"mg/L",25.9119,-81.8005,0
"454","56511","SFER","11/18/2015 10:12:00","34","Ammonium",0.821,"mg/L",25.9479,-81.7671,0
"455","56611","SFER","11/18/2015 12:20:00","42","Ammonium",0.427,"mg/L",25.6548,-81.7176,0
"456","56711","SFER","11/18/2015 13:45:00","41","Ammonium",0.554,"mg/L",25.7342,-81.5751,0
"457","56811","SFER","11/18/2015 14:27:00","40","Ammonium",0.744,"mg/L",25.758,-81.5233,0
"458","56911","SFER","11/18/2015 14:45:00","39","Ammonium",0.591,"mg/L",25.7824,-81.4831,0
"459","57011","SFER","11/18/2015 16:23:00","45","Ammonium",0.487,"mg/L",25.5832,-81.4712,0
"460","57111","SFER","11/18/2015 17:01:00","46","Ammonium",0.438,"mg/L",25.5833,-81.4075,0
"461","57211","SFER","11/18/2015 17:20:00","47","Ammonium",0.44,"mg/L",25.5834,-81.3642,0
"462","57311","SFER","11/18/2015 17:32:00","48","Ammonium",0.421,"mg/L",25.5835,-81.3285,0
"463","57411","SFER","11/18/2015 17:50:00","49","Ammonium",0.517,"mg/L",25.5839,-81.3061,0
"464","57511","SFER","11/18/2015 18:59:00","50","Ammonium",0.584,"mg/L",25.4522,-81.3495,0
"465","57611","SFER","11/18/2015 19:16:00","51","Ammonium",0.601,"mg/L",25.4537,-81.3076,0
"466","57711","SFER","11/18/2015 19:45:00","52","Ammonium",0.772,"mg/L",25.4543,-81.2599,0
"467","57811","SFER","11/18/2015 19:59:00","53","Ammonium",1.651,"mg/L",25.4541,-81.2275,0
"468","57911","SFER","11/18/2015 21:32:00","54","Ammonium",1.534,"mg/L",25.3462,-81.1529,0
"469","58011","SFER","11/18/2015 22:21:00","55","Ammonium",0.581,"mg/L",25.3504,-81.1936,0
"470","58111","SFER","11/18/2015 22:48:00","56","Ammonium",0.592,"mg/L",25.3498,-81.2282,0
"471","58211","SFER","11/18/2015 23:22:00","57","Ammonium",0.735,"mg/L",25.3515,-81.2672,0
"472","58311","SFER","11/19/2015 00:07:00","57.1","Ammonium",1.273,"mg/L",25.3517,-81.3396,0
"473","58411","SFER","11/19/2015 01:18:00","57.2","Ammonium",0.361,"mg/L",25.3519,-81.493,0
"474","58511","SFER","11/19/2015 02:35:00","57.3","Ammonium",0.384,"mg/L",25.3499,-81.658,0
"475","58611","SFER","11/19/2015 04:16:00","58","Ammonium",0.464,"mg/L",25.1653,-81.654,0
"476","58711","SFER","11/19/2015 05:56:00","59","Ammonium",0.412,"mg/L",25.1668,-81.4904,0
"477","58811","SFER","11/19/2015 06:46:00","60","Ammonium",2.049,"mg/L",25.1669,-81.3354,0
"478","58911","SFER","11/19/2015 07:16:00","61","Ammonium",0.456,"mg/L",25.1668,-81.2744,0
"479","59011","SFER","11/19/2015 07:32:00","62","Ammonium",2.282,"mg/L",25.1668,-81.2348,0
"480","59111","SFER","11/19/2015 07:56:00","63","Ammonium",0.858,"mg/L",25.1667,-81.2001,0
"481","59211","SFER","11/19/2015 08:16:00","64","Ammonium",0.829,"mg/L",25.1654,-81.1557,0
"482","59311","SFER","11/19/2015 09:29:00","65","Ammonium",1.626,"mg/L",25.1004,-81.0922,0
"483","59411","SFER","11/19/2015 09:49:00","66","Ammonium",0.976,"mg/L",25.0672,-81.1084,0
"484","59511","SFER","11/19/2015 10:07:00","67","Ammonium",0.441,"mg/L",25.0286,-81.1267,0
"485","59611","SFER","11/19/2015 11:07:00","70","Ammonium",0.623,"mg/L",24.9285,-81.0208,0
"486","59711","SFER","11/19/2015 11:44:00","69","Ammonium",0.454,"mg/L",24.9274,-81.0963,0
"487","59811","SFER","11/19/2015 12:20:00","68","Ammonium",0.381,"mg/L",24.9277,-81.1666,0
"488","59911","SFER","11/19/2015 16:50:00","57.3","Ammonium",0.347,"mg/L",25.3546,-81.6554,0
"489","60011","SFER","11/19/2015 18:17:00","57.2","Ammonium",0.271,"mg/L",25.3544,-81.4887,0
"490","60111","SFER","11/19/2015 19:49:00","57.1","Ammonium",0.577,"mg/L",25.3519,-81.3333,0
"491","60211","SFER","11/19/2015 20:33:00","57","Ammonium",2.717,"mg/L",25.3522,-81.2631,0
"492","60311","SFER","11/19/2015 20:59:00","56","Ammonium",0.606,"mg/L",25.3506,-81.2261,0
"493","60411","SFER","11/19/2015 21:23:00","55","Ammonium",0.572,"mg/L",25.3504,-81.1929,0
"494","60511","SFER","11/19/2015 22:08:00","54","Ammonium",1.006,"mg/L",25.3441,-81.1524,0
"495","60711","SFER","11/20/2015 07:46:00","9.5","Ammonium",0.425,"mg/L",24.7181,-80.6898,0
"496","60811","SFER","11/20/2015 15:02:00","3","Ammonium",0.41,"mg/L",25.6471,-80.0835,0
"497","60911","SFER","01/04/2016 13:15:00","1","Ammonium",0.354,"mg/L",25.645,-80.1267,0
"498","61111","SFER","01/04/2016 13:31:00","2","Ammonium",0.214,"mg/L",25.6405,-80.103,0
"499","61211","SFER","01/04/2016 13:46:00","3","Ammonium",0.221,"mg/L",25.645,-80.0814,0
"500","61311","SFER","01/04/2016 16:27:00","EKIN","Ammonium",0.384,"mg/L",25.3351,-80.2251,0
"501","61411","SFER","01/04/2016 16:40:00","EKMID","Ammonium",0.513,"mg/L",25.3165,-80.2016,0
"502","61511","SFER","01/04/2016 16:58:00","EKOFF","Ammonium",0.192,"mg/L",25.2946,-80.1612,0
"503","61611","SFER","01/04/2016 19:13:00","4","Ammonium",0.592,"mg/L",25.1052,-80.3768,0
"504","61711","SFER","01/04/2016 19:24:00","5","Ammonium",0.342,"mg/L",25.093,-80.3532,0
"505","61811","SFER","01/04/2016 19:35:00","5.5","Ammonium",0.352,"mg/L",25.0796,-80.3341,0
"506","62011","SFER","01/04/2016 19:58:00","6.5","Ammonium",0.286,"mg/L",25.0483,-80.2873,0
"507","62211","SFER","01/04/2016 20:39:00","MR","Ammonium",0.491,"mg/L",25.0088,-80.3823,0
"508","62311","SFER","01/04/2016 22:34:00","UKOFF","Ammonium",0.21,"mg/L",24.8964,-80.5312,0
"509","62411","SFER","01/04/2016 22:46:00","UKMID","Ammonium",0.245,"mg/L",24.9212,-80.5466,0
"510","62511","SFER","01/04/2016 22:59:00","UKIN","Ammonium",0.347,"mg/L",24.9396,-80.5695,0
"511","62611","SFER","01/05/2016 00:35:00","7","Ammonium",0.229,"mg/L",24.8197,-80.7529,0
"512","62711","SFER","01/05/2016 00:55:00","8","Ammonium",0.246,"mg/L",24.7894,-80.7413,0
"513","62911","SFER","01/05/2016 01:12:00","9","Ammonium",0.267,"mg/L",24.7617,-80.7227,0
"514","63211","SFER","01/05/2016 01:53:00","9.5","Ammonium",0.225,"mg/L",24.715,-80.6901,0
"515","63411","SFER","01/05/2016 03:15:00","12","Ammonium",0.24,"mg/L",24.713,-80.8314,0
"516","63511","SFER","01/05/2016 03:59:00","11","Ammonium",0.225,"mg/L",24.7531,-80.8464,0
"517","63611","SFER","01/05/2016 04:17:00","10","Ammonium",0.842,"mg/L",24.7878,-80.8604,0
"518","63711","SFER","01/05/2016 05:42:00","13","Ammonium",0.334,"mg/L",24.7011,-81.0296,0
"519","63811","SFER","01/05/2016 05:54:00","14","Ammonium",0.401,"mg/L",24.6749,-81.0232,0
"520","63911","SFER","01/05/2016 06:08:00","15","Ammonium",0.248,"mg/L",24.6439,-81.0326,0
"521","64011","SFER","01/05/2016 06:32:00","15.5","Ammonium",0.223,"mg/L",24.5918,-80.9912,0
"522","64211","SFER","01/05/2016 07:55:00","18","Ammonium",0.221,"mg/L",24.5979,-81.1668,0
"523","64311","SFER","01/05/2016 08:25:00","17","Ammonium",0.726,"mg/L",24.6346,-81.1938,0
"524","64411","SFER","01/05/2016 08:43:00","16","Ammonium",0.409,"mg/L",24.6749,-81.2034,0
"525","64511","SFER","01/05/2016 10:17:00","19","Ammonium",0.594,"mg/L",24.6099,-81.4215,0
"526","64611","SFER","01/05/2016 10:34:00","20","Ammonium",0.602,"mg/L",24.5736,-81.4181,0
"527","64811","SFER","01/05/2016 10:51:00","21LK","Ammonium",0.23,"mg/L",24.5372,-81.4131,0
"528","64911","SFER","01/05/2016 11:50:00","21.5","Ammonium",0.163,"mg/L",24.4838,-81.3918,0
"529","65111","SFER","01/05/2016 14:44:00","WS","Ammonium",0.246,"mg/L",24.476,-81.7138,0
"530","65211","SFER","01/05/2016 16:41:00","22.5","Ammonium",0.186,"mg/L",24.3962,-81.8282,0
"531","65311","SFER","01/05/2016 17:23:00","22","Ammonium",0.238,"mg/L",24.4552,-81.8282,0
"532","65411","SFER","01/05/2016 17:39:00","23","Ammonium",0.149,"mg/L",24.4847,-81.8282,0
"533","65511","SFER","01/05/2016 18:06:00","24","Ammonium",0.635,"mg/L",24.5368,-81.8283,0
"534","65611","SFER","01/06/2016 01:22:00","68","Ammonium",1.342,"mg/L",24.9284,-81.1666,0
"535","65711","SFER","01/06/2016 02:00:00","69","Ammonium",0.448,"mg/L",24.93,-81.0949,0
"536","65811","SFER","01/06/2016 02:41:00","70","Ammonium",0.368,"mg/L",24.9301,-81.025,0
"537","65911","SFER","01/06/2016 03:55:00","67","Ammonium",0.305,"mg/L",25.0298,-81.1276,0
"538","66011","SFER","01/06/2016 04:17:00","66","Ammonium",0.497,"mg/L",25.0675,-81.1085,0
"539","66111","SFER","01/06/2016 04:37:00","65","Ammonium",1.212,"mg/L",25.0846,-81.0929,0
"540","66211","SFER","01/06/2016 05:53:00","64","Ammonium",2.856,"mg/L",25.1658,-81.156,0
"541","66311","SFER","01/06/2016 06:29:00","63","Ammonium",1.974,"mg/L",25.1665,-81.1982,0
"542","66411","SFER","01/06/2016 06:45:00","62","Ammonium",1.629,"mg/L",25.1667,-81.235,0
"543","66511","SFER","01/06/2016 07:08:00","61","Ammonium",1.246,"mg/L",25.1667,-81.275,0
"544","66611","SFER","01/06/2016 07:35:00","60","Ammonium",1.676,"mg/L",25.1668,-81.3347,0
"545","66711","SFER","01/06/2016 08:53:00","59","Ammonium",0.507,"mg/L",25.1668,-81.4899,0
"546","66811","SFER","01/06/2016 10:20:00","58","Ammonium",0.263,"mg/L",25.1658,-81.6548,0
"547","66911","SFER","01/06/2016 12:50:00","57.3","Ammonium",0.316,"mg/L",25.3514,-81.6553,0
"548","67011","SFER","01/06/2016 14:47:00","57.2","Ammonium",0.178,"mg/L",25.3488,-81.4897,0
"549","67111","SFER","01/06/2016 16:20:00","57.1","Ammonium",0.342,"mg/L",25.3499,-81.3387,0
"550","67211","SFER","01/06/2016 17:09:00","57","Ammonium",1.926,"mg/L",25.3517,-81.2649,0
"551","67311","SFER","01/06/2016 17:50:00","56","Ammonium",2.179,"mg/L",25.3492,-81.2244,0
"552","67411","SFER","01/06/2016 18:39:00","55","Ammonium",1.649,"mg/L",25.3475,-81.1969,0
"553","67511","SFER","01/06/2016 19:21:00","54","Ammonium",2.212,"mg/L",25.3448,-81.1537,0
"554","67611","SFER","01/06/2016 21:16:00","53","Ammonium",0.988,"mg/L",25.4536,-81.2248,0
"555","67711","SFER","01/06/2016 21:36:00","52","Ammonium",0.629,"mg/L",25.4533,-81.2597,0
"556","67811","SFER","01/06/2016 21:58:00","51","Ammonium",0.499,"mg/L",25.4533,-81.3081,0
"557","67911","SFER","01/06/2016 22:18:00","50","Ammonium",0.517,"mg/L",25.4532,-81.3503,0
"558","68011","SFER","01/06/2016 23:23:00","49","Ammonium",0.884,"mg/L",25.5839,-81.2922,0
"559","68111","SFER","01/06/2016 23:45:00","48","Ammonium",0.424,"mg/L",25.5834,-81.33,0
"560","68211","SFER","01/07/2016 00:01:00","47","Ammonium",0.421,"mg/L",25.5834,-81.3668,0
"561","68311","SFER","01/07/2016 00:17:00","46","Ammonium",0.81,"mg/L",25.5835,-81.4073,0
"562","68411","SFER","01/07/2016 00:46:00","45","Ammonium",0.461,"mg/L",25.5832,-81.4696,0
"563","68511","SFER","01/07/2016 02:24:00","39","Ammonium",0.535,"mg/L",25.7833,-81.4816,0
"564","68611","SFER","01/07/2016 02:46:00","40","Ammonium",0.627,"mg/L",25.7572,-81.5228,0
"565","68711","SFER","01/07/2016 03:09:00","41","Ammonium",0.644,"mg/L",25.7334,-81.5749,0
"566","68811","SFER","01/07/2016 04:23:00","42","Ammonium",0.33,"mg/L",25.6551,-81.7182,0
"567","68911","SFER","01/07/2016 06:35:00","34","Ammonium",0.526,"mg/L",25.9501,-81.7666,0
"568","69111","SFER","01/07/2016 06:58:00","33","Ammonium",0.541,"mg/L",25.9124,-81.8003,0
"569","69211","SFER","01/07/2016 07:25:00","32","Ammonium",0.281,"mg/L",25.8739,-81.8328,0
"570","69311","SFER","01/07/2016 08:35:00","31","Ammonium",0.141,"mg/L",25.7409,-81.9446,0
"571","69411","SFER","01/07/2016 10:05:00","30.5","Ammonium",0.184,"mg/L",25.5786,-82.0664,0
"572","69611","SFER","01/07/2016 11:51:00","30","Ammonium",0.135,"mg/L",25.3984,-82.21,0
"573","69711","SFER","01/07/2016 15:28:00","57.3","Ammonium",0.181,"mg/L",25.3514,-81.6528,0
"574","69911","SFER","01/07/2016 16:54:00","57.2","Ammonium",0.047,"mg/L",25.3514,-81.4887,0
"575","70011","SFER","01/07/2016 18:00:00","57.1","Ammonium",0.074,"mg/L",25.3512,-81.3352,0
"576","70111","SFER","01/07/2016 19:07:00","57","Ammonium",0.345,"mg/L",25.3519,-81.264,0
"577","70211","SFER","01/07/2016 19:40:00","56","Ammonium",0.79,"mg/L",25.35,-81.2271,0
"578","70311","SFER","01/07/2016 20:18:00","55","Ammonium",1.137,"mg/L",25.3488,-81.192,0
"579","70411","SFER","01/07/2016 21:00:00","54","Ammonium",0.413,"mg/L",25.3452,-81.1532,0
"580","70511","SFER","03/14/2016 12:44:00","1","Ammonium",0.626,"mg/L",25.6452,-80.1271,0
"581","70611","SFER","03/14/2016 13:02:00","2","Ammonium",0.731,"mg/L",25.6435,-80.1044,0
"582","70711","SFER","03/14/2016 13:19:00","3","Ammonium",0.053,"mg/L",25.6446,-80.0826,0
"583","70811","SFER","03/14/2016 16:16:00","EKIN","Ammonium",0.494,"mg/L",25.335,-80.2236,0
"584","70911","SFER","03/14/2016 16:32:00","EKMID","Ammonium",0.185,"mg/L",25.3098,-80.1939,0
"585","71011","SFER","03/14/2016 16:48:00","EKOFF","Ammonium",0.336,"mg/L",25.294,-80.1623,0
"586","71111","SFER","03/14/2016 19:06:00","4","Ammonium",0.284,"mg/L",25.1076,-80.3801,0
"587","71211","SFER","03/14/2016 19:18:00","5","Ammonium",0.217,"mg/L",25.093,-80.354,0
"588","71311","SFER","03/14/2016 19:31:00","5.5","Ammonium",0.286,"mg/L",25.0782,-80.3325,0
"589","71411","SFER","03/14/2016 19:41:00","6","Ammonium",0.273,"mg/L",25.0643,-80.3129,0
"590","71511","SFER","03/14/2016 19:56:00","6.5","Ammonium",0.249,"mg/L",25.0484,-80.2875,0
"591","71711","SFER","03/14/2016 21:13:00","MR","Ammonium",0.276,"mg/L",25.0086,-80.3809,0
"592","71811","SFER","03/15/2016 00:06:00","UKOFF","Ammonium",0.215,"mg/L",24.8979,-80.5315,0
"593","71911","SFER","03/15/2016 00:18:00","UKMID","Ammonium",0.696,"mg/L",24.9216,-80.5469,0
"594","72011","SFER","03/15/2016 00:27:00","UKIN","Ammonium",0.274,"mg/L",24.9349,-80.5664,0
"595","72111","SFER","03/15/2016 02:03:00","7","Ammonium",0.726,"mg/L",24.8182,-80.7544,0
"596","72211","SFER","03/15/2016 02:36:00","8","Ammonium",0.264,"mg/L",24.7924,-80.7409,0
"597","72411","SFER","03/15/2016 02:46:00","9","Ammonium",0.25,"mg/L",24.7634,-80.7227,0
"598","72611","SFER","03/15/2016 03:26:00","9.5","Ammonium",0.31,"mg/L",24.7154,-80.6893,0
"599","72811","SFER","03/15/2016 04:52:00","12","Ammonium",0.315,"mg/L",24.7134,-80.8316,0
"600","72911","SFER","03/15/2016 05:21:00","11","Ammonium",0.275,"mg/L",24.7554,-80.849,0
"601","73011","SFER","03/15/2016 05:40:00","10","Ammonium",1.271,"mg/L",24.7886,-80.8601,0
"602","73111","SFER","03/15/2016 07:05:00","13","Ammonium",0.527,"mg/L",24.7019,-81.0302,0
"603","73211","SFER","03/15/2016 07:17:00","14","Ammonium",0.222,"mg/L",24.6745,-81.0237,0
"604","73311","SFER","03/15/2016 07:30:00","15","Ammonium",0.252,"mg/L",24.6437,-81.0167,0
"605","73411","SFER","03/15/2016 07:55:00","15.5","Ammonium",0.155,"mg/L",24.5913,-80.9925,0
"606","73611","SFER","03/15/2016 09:24:00","18","Ammonium",0.281,"mg/L",24.5981,-81.1849,0
"607","73711","SFER","03/15/2016 09:47:00","17","Ammonium",0.341,"mg/L",24.6351,-81.1939,0
"608","73811","SFER","03/15/2016 10:06:00","16","Ammonium",0.377,"mg/L",24.6743,-81.2042,0
"609","73911","SFER","03/15/2016 11:52:00","19","Ammonium",0.482,"mg/L",24.609,-81.4216,0
"610","74011","SFER","03/15/2016 12:10:00","20","Ammonium",0.289,"mg/L",24.5669,-81.4176,0
"611","74211","SFER","03/15/2016 12:24:00","21LK","Ammonium",0.304,"mg/L",24.5384,-81.4134,0
"612","74311","SFER","03/15/2016 13:43:00","21.5","Ammonium",0.354,"mg/L",24.4831,-81.3915,0
"613","74511","SFER","03/15/2016 16:10:00","WS","Ammonium",0.246,"mg/L",24.4767,-81.7148,0
"614","74611","SFER","03/15/2016 18:03:00","22.5","Ammonium",0.273,"mg/L",24.3968,-81.8293,0
"615","74711","SFER","03/15/2016 18:28:00","22","Ammonium",0.105,"mg/L",24.4552,-81.8286,0
"616","74811","SFER","03/15/2016 18:40:00","23","Ammonium",0.137,"mg/L",24.4875,-81.8286,0
"617","74911","SFER","03/15/2016 19:01:00","24","Ammonium",0.305,"mg/L",24.5379,-81.8282,0
"618","75011","SFER","03/16/2016 01:09:00","68","Ammonium",0.318,"mg/L",24.9311,-81.1652,0
"619","75111","SFER","03/16/2016 01:48:00","69","Ammonium",0.343,"mg/L",24.9303,-81.0928,0
"620","75211","SFER","03/16/2016 02:18:00","70","Ammonium",0.387,"mg/L",24.9322,-81.0283,0
"621","75311","SFER","03/16/2016 03:24:00","67","Ammonium",0.547,"mg/L",25.0308,-81.1273,0
"622","75411","SFER","03/16/2016 03:47:00","66","Ammonium",0.624,"mg/L",25.0691,-81.1082,0
"623","75511","SFER","03/16/2016 05:20:00","64","Ammonium",0.588,"mg/L",25.1676,-81.1696,0
"624","75611","SFER","03/16/2016 05:50:00","63","Ammonium",0.628,"mg/L",25.1667,-81.2006,0
"625","75711","SFER","03/16/2016 06:09:00","62","Ammonium",0.492,"mg/L",25.1664,-81.2356,0
"626","75811","SFER","03/16/2016 06:39:00","61","Ammonium",0.546,"mg/L",25.1662,-81.2755,0
"627","75911","SFER","03/16/2016 07:04:00","60","Ammonium",0.513,"mg/L",25.1666,-81.3361,0
"628","76011","SFER","03/16/2016 07:08:00","65","Ammonium",0.628,"mg/L",25.1028,-81.097,0
"629","76111","SFER","03/16/2016 08:15:00","59","Ammonium",0.466,"mg/L",25.1667,-81.4905,0
"630","76211","SFER","03/16/2016 09:35:00","58","Ammonium",0.212,"mg/L",25.1673,-81.6542,0
"631","76311","SFER","03/16/2016 11:20:00","57.3","Ammonium",0.116,"mg/L",25.353,-81.6498,0
"632","76411","SFER","03/16/2016 12:28:00","57.2","Ammonium",0.191,"mg/L",25.3507,-81.4887,0
"633","76511","SFER","03/16/2016 13:54:00","57.1","Ammonium",1.124,"mg/L",25.3527,-81.335,0
"634","76611","SFER","03/16/2016 14:42:00","57","Ammonium",0.488,"mg/L",25.3518,-81.2638,0
"635","76711","SFER","03/16/2016 15:18:00","56","Ammonium",0.82,"mg/L",25.3499,-81.2268,0
"636","76811","SFER","03/16/2016 15:52:00","55","Ammonium",0.656,"mg/L",25.3499,-81.1937,0
"637","76911","SFER","03/16/2016 16:55:00","54","Ammonium",0.742,"mg/L",25.3433,-81.1535,0
"638","77011","SFER","03/16/2016 18:48:00","53","Ammonium",0.763,"mg/L",25.4546,-81.2261,0
"639","77111","SFER","03/16/2016 19:20:00","52","Ammonium",0.765,"mg/L",25.4531,-81.265,0
"640","77211","SFER","03/16/2016 19:39:00","51","Ammonium",0.49,"mg/L",25.4537,-81.3081,0
"641","77311","SFER","03/16/2016 20:07:00","50","Ammonium",0.739,"mg/L",25.4532,-81.3508,0
"642","77411","SFER","03/16/2016 21:05:00","49","Ammonium",0.757,"mg/L",25.5835,-81.2919,0
"643","77511","SFER","03/16/2016 21:42:00","48","Ammonium",0.747,"mg/L",25.5833,-81.3298,0
"644","77611","SFER","03/16/2016 22:32:00","47","Ammonium",0.683,"mg/L",25.5829,-81.3656,0
"645","77711","SFER","03/16/2016 22:50:00","46","Ammonium",0.555,"mg/L",25.5829,-81.4093,0
"646","77811","SFER","03/16/2016 23:16:00","45","Ammonium",0.371,"mg/L",25.5836,-81.4724,0
"647","77911","SFER","03/17/2016 00:50:00","39","Ammonium",0.947,"mg/L",25.7835,-81.4827,0
"648","78011","SFER","03/17/2016 01:10:00","40","Ammonium",0.506,"mg/L",25.7614,-81.5253,0
"649","78111","SFER","03/17/2016 01:35:00","41","Ammonium",0.419,"mg/L",25.7317,-81.5777,0
"650","78211","SFER","03/17/2016 02:47:00","42","Ammonium",0.293,"mg/L",25.6547,-81.7183,0
"651","78311","SFER","03/17/2016 04:51:00","34","Ammonium",0.393,"mg/L",25.9508,-81.7678,0
"652","78411","SFER","03/17/2016 05:14:00","33","Ammonium",0.419,"mg/L",25.9107,-81.8007,0
"653","78511","SFER","03/17/2016 05:42:00","32","Ammonium",0.322,"mg/L",25.8746,-81.8298,0
"654","78611","SFER","03/17/2016 06:50:00","31","Ammonium",0.152,"mg/L",25.7415,-81.9437,0
"655","78711","SFER","03/17/2016 08:25:00","30.5","Ammonium",0.512,"mg/L",25.5715,-82.0752,0
"656","78911","SFER","03/17/2016 09:58:00","30","Ammonium",0.35,"mg/L",25.4003,-82.2097,0
"657","79111","SFER","03/17/2016 13:29:00","57.3","Ammonium",0.268,"mg/L",25.3517,-81.6526,0
"658","79211","SFER","03/17/2016 14:49:00","57.2","Ammonium",0.327,"mg/L",25.3512,-81.4882,0
"659","79311","SFER","03/17/2016 16:07:00","57.1","Ammonium",0.484,"mg/L",25.3513,-81.3353,0
"660","79411","SFER","03/17/2016 16:51:00","57","Ammonium",0.566,"mg/L",25.352,-81.2643,0
"661","79511","SFER","03/17/2016 17:22:00","56","Ammonium",0.716,"mg/L",25.3492,-81.2258,0
"662","79611","SFER","03/17/2016 17:47:00","55","Ammonium",0.669,"mg/L",25.3502,-81.1938,0
"663","79711","SFER","03/17/2016 18:55:00","54","Ammonium",0.845,"mg/L",25.3442,-81.1516,0
"664","79811","SFER","05/09/2016 15:35:00","1","Ammonium",0.53,"mg/L",25.6441,-80.1204,0
"665","79911","SFER","05/09/2016 15:49:00","2","Ammonium",0.33,"mg/L",25.641,-80.1053,0
"666","80011","SFER","05/09/2016 16:14:00","3","Ammonium",0.34,"mg/L",25.6444,-80.0819,0
"667","80111","SFER","05/09/2016 18:46:00","EKIN","Ammonium",0.52,"mg/L",25.3361,-80.2269,0
"668","80211","SFER","05/09/2016 19:01:00","EKMID","Ammonium",0.31,"mg/L",25.3143,-80.1943,0
"669","80311","SFER","05/09/2016 19:15:00","EKOFF","Ammonium",0.23,"mg/L",25.2943,-80.1629,0
"670","80411","SFER","05/09/2016 21:16:00","4","Ammonium",0.37,"mg/L",25.1067,-80.381,0
"671","80511","SFER","05/09/2016 21:31:00","5","Ammonium",0.51,"mg/L",25.0935,-80.3545,0
"672","80611","SFER","05/09/2016 21:47:00","5.5","Ammonium",0.27,"mg/L",25.0797,-80.3341,0
"673","80711","SFER","05/09/2016 21:58:00","6","Ammonium",0.39,"mg/L",25.0649,-80.3145,0
"674","80811","SFER","05/09/2016 22:13:00","6.5","Ammonium",0.25,"mg/L",25.0486,-80.2872,0
"675","81011","SFER","05/09/2016 22:59:00","MR","Ammonium",0.17,"mg/L",25.0047,-80.3765,0
"676","81111","SFER","05/10/2016 00:51:00","UKOFF","Ammonium",0.14,"mg/L",24.8987,-80.529,0
"677","81211","SFER","05/10/2016 01:02:00","UKMID","Ammonium",0.23,"mg/L",24.9198,-80.5465,0
"678","81311","SFER","05/10/2016 01:13:00","UKIN","Ammonium",0.37,"mg/L",24.934,-80.5828,0
"679","81511","SFER","05/10/2016 02:38:00","7","Ammonium",0.27,"mg/L",24.8177,-80.7558,0
"680","81611","SFER","05/10/2016 03:04:00","8","Ammonium",0.21,"mg/L",24.7927,-80.7418,0
"681","81811","SFER","05/10/2016 03:19:00","9","Ammonium",0.25,"mg/L",24.763,-80.7232,0
"682","82111","SFER","05/10/2016 04:06:00","9.5","Ammonium",0.54,"mg/L",24.717,-80.6903,0
"683","82311","SFER","05/10/2016 05:12:00","12","Ammonium",0.6,"mg/L",24.7132,-80.8321,0
"684","82411","SFER","05/10/2016 05:40:00","11","Ammonium",0.3,"mg/L",24.7524,-80.8465,0
"685","82611","SFER","05/10/2016 05:55:00","10","Ammonium",0.49,"mg/L",24.7873,-80.8598,0
"686","82711","SFER","05/10/2016 07:19:00","13","Ammonium",0.49,"mg/L",24.7017,-81.0296,0
"687","82811","SFER","05/10/2016 07:31:00","14","Ammonium",0.49,"mg/L",24.6757,-81.0235,0
"688","82911","SFER","05/10/2016 07:46:00","15","Ammonium",0.57,"mg/L",24.6442,-81.0168,0
"689","83011","SFER","05/10/2016 08:16:00","15.5","Ammonium",0.23,"mg/L",24.5923,-80.9917,0
"690","83211","SFER","05/10/2016 09:35:00","18","Ammonium",0.21,"mg/L",24.5983,-81.1836,0
"691","83311","SFER","05/10/2016 10:02:00","17","Ammonium",0.21,"mg/L",24.6364,-81.1937,0
"692","83411","SFER","05/10/2016 10:25:00","16","Ammonium",0.34,"mg/L",24.672,-81.1836,0
"693","83511","SFER","05/10/2016 12:00:00","19","Ammonium",0.35,"mg/L",24.6092,-81.4194,0
"694","83611","SFER","05/10/2016 12:18:00","20","Ammonium",0.34,"mg/L",24.5507,-81.4305,0
"695","83811","SFER","05/10/2016 13:10:00","21LK","Ammonium",0.32,"mg/L",24.5387,-81.4153,0
"696","83911","SFER","05/10/2016 13:59:00","21.5","Ammonium",0.24,"mg/L",24.451,-81.3617,0
"697","84111","SFER","05/10/2016 16:06:00","WS","Ammonium",0.39,"mg/L",24.4773,-81.7191,0
"698","84211","SFER","05/10/2016 17:31:00","22.5","Ammonium",0.22,"mg/L",24.3968,-81.8329,0
"699","84311","SFER","05/10/2016 17:57:00","22","Ammonium",0.37,"mg/L",24.455,-81.8286,0
"700","84411","SFER","05/10/2016 18:11:00","23","Ammonium",0.15,"mg/L",24.4868,-81.8282,0
"701","84511","SFER","05/10/2016 18:30:00","24","Ammonium",0.26,"mg/L",24.5368,-81.8283,0
"702","84611","SFER","05/11/2016 01:15:00","68","Ammonium",0.29,"mg/L",24.9314,-81.1651,0
"703","84711","SFER","05/11/2016 02:13:00","67","Ammonium",0.21,"mg/L",25.03,-81.1268,0
"704","8489","SFER","05/11/2016 03:28:00","62","Ammonium",0.47,"mg/L",25.1666,-81.2349,0
"705","8492","SFER","05/11/2016 03:50:00","61","Ammonium",0.36,"mg/L",25.1669,-81.2745,0
"706","85110","SFER","05/11/2016 04:17:00","60","Ammonium",0.51,"mg/L",25.1665,-81.3355,0
"707","8532","SFER","05/11/2016 05:20:00","59","Ammonium",0.09,"mg/L",25.1667,-81.4889,0
"708","8552","SFER","05/11/2016 06:38:00","58","Ammonium",0.35,"mg/L",25.1666,-81.6521,0
"709","8572","SFER","05/11/2016 08:13:00","57.3","Ammonium",0.07,"mg/L",25.3525,-81.6529,0
"710","8592","SFER","05/11/2016 09:34:00","57.2","Ammonium",0.06,"mg/L",25.3516,-81.4897,0
"711","8602","SFER","05/11/2016 10:47:00","57.1","Ammonium",0.18,"mg/L",25.3516,-81.3346,0
"712","86110","SFER","05/11/2016 11:39:00","57","Ammonium",0.26,"mg/L",25.3515,-81.2636,0
"713","8622","SFER","05/11/2016 12:17:00","56","Ammonium",0.2,"mg/L",25.3502,-81.228,0
"714","8632","SFER","05/11/2016 13:02:00","55","Ammonium",0.27,"mg/L",25.3514,-81.2637,0
"715","8642","SFER","05/11/2016 14:16:00","54","Ammonium",0.75,"mg/L",25.3448,-81.154,0
"716","8652","SFER","05/11/2016 16:24:00","53","Ammonium",0.34,"mg/L",25.4539,-81.2245,0
"717","8662","SFER","05/11/2016 17:02:00","52","Ammonium",0.35,"mg/L",25.4523,-81.2647,0
"718","8672","SFER","05/11/2016 17:21:00","51","Ammonium",0.29,"mg/L",25.4539,-81.3096,0
"719","8682","SFER","05/11/2016 17:51:00","50","Ammonium",0.33,"mg/L",25.4536,-81.3519,0
"720","8692","SFER","05/11/2016 18:50:00","49","Ammonium",0.43,"mg/L",25.5835,-81.2915,0
"721","8702","SFER","05/11/2016 19:12:00","48","Ammonium",0.33,"mg/L",25.5833,-81.332,0
"722","87110","SFER","05/11/2016 19:44:00","46","Ammonium",0.25,"mg/L",25.5834,-81.411,0
"723","8722","SFER","05/11/2016 19:44:00","47","Ammonium",0.42,"mg/L",25.5834,-81.411,0
"724","8742","SFER","05/11/2016 20:09:00","45","Ammonium",0.24,"mg/L",25.5835,-81.47,0
"725","8752","SFER","05/11/2016 21:37:00","39","Ammonium",0.09,"mg/L",25.7833,-81.4817,0
"726","8762","SFER","05/11/2016 21:57:00","40","Ammonium",0.13,"mg/L",25.7587,-81.5227,0
"727","8782","SFER","05/11/2016 22:17:00","41","Ammonium",0,"mg/L",25.7333,-81.5743,0
"728","8792","SFER","05/11/2016 23:32:00","42","Ammonium",0.1,"mg/L",25.6552,-81.7197,0
"729","8802","SFER","05/12/2016 01:31:00","34","Ammonium",0,"mg/L",25.95,-81.7669,0
"730","8822","SFER","05/12/2016 02:00:00","33","Ammonium",0.03,"mg/L",25.9112,-81.8,0
"731","8842","SFER","05/12/2016 02:26:00","32","Ammonium",0.19,"mg/L",25.8734,-81.8334,0
"732","8862","SFER","05/12/2016 03:39:00","31","Ammonium",0.04,"mg/L",25.741,-81.9433,0
"733","8872","SFER","05/12/2016 05:13:00","30.5","Ammonium",0.17,"mg/L",25.5721,-82.0748,0
"734","8892","SFER","05/12/2016 06:49:00","30","Ammonium",0.08,"mg/L",25.4021,-82.2098,0
"735","8932","SFER","05/12/2016 12:22:00","57.2","Ammonium",0.09,"mg/L",25.3516,-81.4897,0
"736","8942","SFER","05/12/2016 13:42:00","57.1","Ammonium",0.07,"mg/L",25.3516,-81.3376,0
"737","8952","SFER","05/12/2016 14:28:00","57","Ammonium",0.16,"mg/L",25.3518,-81.2661,0
"738","8962","SFER","05/12/2016 14:58:00","56","Ammonium",0.43,"mg/L",25.3496,-81.226,0
"739","8972","SFER","05/12/2016 16:17:00","55","Ammonium",0.22,"mg/L",25.3503,-81.1944,0
"740","8982","SFER","05/12/2016 16:23:00","54","Ammonium",0.87,"mg/L",25.3398,-81.1533,0
"741","8992","SFER","05/12/2016 18:08:00","63","Ammonium",0.4,"mg/L",25.1671,-81.1996,0
"742","9002","SFER","05/12/2016 18:27:00","64","Ammonium",0.26,"mg/L",25.1671,-81.1641,0
"743","90111","SFER","05/12/2016 19:33:00","65","Ammonium",0.21,"mg/L",25.1006,-81.0922,0
"744","9022","SFER","05/12/2016 20:02:00","66","Ammonium",0.15,"mg/L",25.0683,-81.1079,0
"745","9032","SFER","07/25/2016 16:06:00","1","Ammonium",0.552,"mg/L",25.6448,-80.1246,0
"746","9042","SFER","07/25/2016 16:17:00","2","Ammonium",0.628,"mg/L",25.6416,-80.1047,0
"747","9052","SFER","07/25/2016 16:40:00","3","Ammonium",0.583,"mg/L",25.6463,-80.0834,0
"748","9062","SFER","07/25/2016 19:16:00","EKIN","Ammonium",0.434,"mg/L",25.3353,-80.2241,0
"749","9072","SFER","07/25/2016 19:34:00","EKMID","Ammonium",0.442,"mg/L",25.3136,-80.1945,0
"750","9082","SFER","07/25/2016 19:48:00","EKOFF","Ammonium",0.544,"mg/L",25.2939,-80.1613,0
"751","9092","SFER","07/25/2016 22:03:00","4","Ammonium",0.576,"mg/L",25.1081,-80.3801,0
"752","91011","SFER","07/25/2016 22:29:00","5","Ammonium",0.895,"mg/L",25.0935,-80.3549,0
"753","91110","SFER","07/25/2016 22:43:00","5.5","Ammonium",0.425,"mg/L",25.0797,-80.334,0
"754","9122","SFER","07/25/2016 22:53:00","6","Ammonium",0.595,"mg/L",25.065,-80.3144,0
"755","9132","SFER","07/25/2016 23:07:00","6.5","Ammonium",0.393,"mg/L",25.0479,-80.2866,0
"756","9142","SFER","07/25/2016 23:45:00","MR","Ammonium",0.511,"mg/L",25.0097,-80.3806,0
"757","9152","SFER","07/26/2016 01:40:00","UKOFF","Ammonium",0.595,"mg/L",24.8977,-80.5306,0
"758","9162","SFER","07/26/2016 01:52:00","UKMID","Ammonium",0.403,"mg/L",24.9201,-80.5472,0
"759","9182","SFER","07/26/2016 03:37:00","7","Ammonium",0.903,"mg/L",24.8163,-80.7538,0
"760","9192","SFER","07/26/2016 03:58:00","8","Ammonium",0.453,"mg/L",24.7937,-80.7592,0
"761","9222","SFER","07/26/2016 04:13:00","9","Ammonium",0.446,"mg/L",24.763,-80.7232,0
"762","9252","SFER","07/26/2016 04:59:00","9.5","Ammonium",0.382,"mg/L",24.7155,-80.6911,0
"763","9272","SFER","07/26/2016 07:03:00","12","Ammonium",0.455,"mg/L",24.7133,-80.8316,0
"764","9282","SFER","07/26/2016 07:34:00","11","Ammonium",0.384,"mg/L",24.7575,-80.8498,0
"765","9292","SFER","07/26/2016 07:49:00","10","Ammonium",0.095,"mg/L",24.7826,-80.8607,0
"766","9302","SFER","07/26/2016 09:16:00","13","Ammonium",0.141,"mg/L",24.7014,-81.0304,0
"767","93110","SFER","07/26/2016 09:28:00","14","Ammonium",0.482,"mg/L",24.6773,-81.0245,0
"768","9322","SFER","07/26/2016 09:43:00","15","Ammonium",0.335,"mg/L",24.6435,-81.0167,0
"769","9332","SFER","07/26/2016 10:09:00","15.5","Ammonium",0.215,"mg/L",24.5933,-80.9923,0
"770","9362","SFER","07/26/2016 11:42:00","18","Ammonium",0.165,"mg/L",24.5976,-81.1831,0
"771","9372","SFER","07/26/2016 12:11:00","17","Ammonium",0.314,"mg/L",24.6363,-81.1945,0
"772","9382","SFER","07/26/2016 12:38:00","16","Ammonium",0.473,"mg/L",24.6712,-81.2056,0
"773","9392","SFER","07/26/2016 14:53:00","19","Ammonium",1.055,"mg/L",24.609,-81.4219,0
"774","9402","SFER","07/26/2016 15:11:00","20","Ammonium",0.348,"mg/L",24.5722,-81.4184,0
"775","9422","SFER","07/26/2016 15:27:00","21LK","Ammonium",0.344,"mg/L",24.538,-81.4132,0
"776","9432","SFER","07/26/2016 16:50:00","21.5","Ammonium",0.241,"mg/L",24.4815,-81.3923,0
"777","9452","SFER","07/26/2016 18:54:00","WS","Ammonium",0.156,"mg/L",24.475,-81.7187,0
"778","9462","SFER","07/26/2016 20:26:00","22.5","Ammonium",0.755,"mg/L",24.3968,-81.8321,0
"779","9472","SFER","07/26/2016 20:52:00","22","Ammonium",0.399,"mg/L",24.4549,-81.8282,0
"780","9482","SFER","07/26/2016 21:06:00","23","Ammonium",0.127,"mg/L",24.4868,-81.8283,0
"781","9492","SFER","07/26/2016 21:28:00","24","Ammonium",0.273,"mg/L",24.5367,-81.8283,0
"782","95110","SFER","07/27/2016 05:07:00","70","Ammonium",0.859,"mg/L",24.9292,-81.0465,0
"783","9522","SFER","07/27/2016 05:32:00","69","Ammonium",0.429,"mg/L",24.9299,-81.0954,0
"784","9532","SFER","07/27/2016 06:02:00","68","Ammonium",1.232,"mg/L",24.9297,-81.1667,0
"785","9542","SFER","07/27/2016 07:06:00","67","Ammonium",0.341,"mg/L",25.0302,-81.1262,0
"786","9552","SFER","07/27/2016 07:25:00","66","Ammonium",0.39,"mg/L",25.0685,-81.1082,0
"787","9562","SFER","07/27/2016 07:52:00","65","Ammonium",0.178,"mg/L",25.0982,-81.0964,0
"788","9572","SFER","07/27/2016 09:51:00","60","Ammonium",0.42,"mg/L",25.1664,-81.3363,0
"789","9592","SFER","07/27/2016 11:04:00","59","Ammonium",0.202,"mg/L",25.1663,-81.4901,0
"790","96110","SFER","07/27/2016 12:37:00","58","Ammonium",0.69,"mg/L",25.1673,-81.6534,0
"791","9632","SFER","07/27/2016 14:29:00","57.3","Ammonium",0.42,"mg/L",25.3542,-81.6603,0
"792","9642","SFER","07/27/2016 15:55:00","57.2","Ammonium",0.291,"mg/L",25.3524,-81.4907,0
"793","9652","SFER","07/27/2016 17:29:00","57.1","Ammonium",0.495,"mg/L",25.3516,-81.3355,0
"794","9662","SFER","07/27/2016 18:48:00","50","Ammonium",0.458,"mg/L",25.4535,-81.3487,0
"795","9672","SFER","07/27/2016 19:05:00","51","Ammonium",0.889,"mg/L",25.4537,-81.3088,0
"796","9682","SFER","07/27/2016 19:37:00","52","Ammonium",1.069,"mg/L",25.4532,-81.258,0
"797","9692","SFER","07/27/2016 19:44:00","53","Ammonium",0.81,"mg/L",25.4537,-81.245,0
"798","9702","SFER","07/27/2016 20:49:00","57","Ammonium",0.478,"mg/L",25.3515,-81.265,0
"799","97110","SFER","07/27/2016 21:23:00","56","Ammonium",0.504,"mg/L",25.3503,-81.2273,0
"800","9722","SFER","07/27/2016 22:01:00","55","Ammonium",0.541,"mg/L",25.3506,-81.1971,0
"801","9732","SFER","07/27/2016 22:57:00","54","Ammonium",0.621,"mg/L",25.3418,-81.154,0
"802","9742","SFER","07/28/2016 01:36:00","49","Ammonium",0.799,"mg/L",25.5834,-81.2937,0
"803","9752","SFER","07/28/2016 01:59:00","48","Ammonium",0.87,"mg/L",25.5834,-81.334,0
"804","9762","SFER","07/28/2016 02:12:00","47","Ammonium",0.712,"mg/L",25.5828,-81.367,0
"805","9772","SFER","07/28/2016 02:28:00","46","Ammonium",0.506,"mg/L",25.583,-81.4102,0
"806","9782","SFER","07/28/2016 02:55:00","45","Ammonium",0.986,"mg/L",25.5835,-81.4718,0
"807","9792","SFER","07/28/2016 04:32:00","39","Ammonium",1.194,"mg/L",25.7812,-81.4819,0
"808","9802","SFER","07/28/2016 04:53:00","40","Ammonium",0.627,"mg/L",25.7568,-81.5258,0
"809","98110","SFER","07/28/2016 05:19:00","41","Ammonium",0.872,"mg/L",25.7341,-81.574,0
"810","9822","SFER","07/28/2016 06:30:00","42","Ammonium",0.441,"mg/L",25.6551,-81.7184,0
"811","9832","SFER","07/28/2016 08:38:00","34","Ammonium",0.482,"mg/L",25.9498,-81.7668,0
"812","9852","SFER","07/28/2016 09:00:00","33","Ammonium",0.842,"mg/L",25.9113,-81.8003,0
"813","9862","SFER","07/28/2016 09:27:00","32","Ammonium",0.466,"mg/L",25.8741,-81.8331,0
"814","9882","SFER","07/28/2016 10:40:00","31","Ammonium",0.459,"mg/L",25.7404,-81.9455,0
"815","9892","SFER","07/28/2016 12:05:00","30.5","Ammonium",0.326,"mg/L",25.5749,-82.0741,0
"816","99110","SFER","07/28/2016 13:37:00","30","Ammonium",0.545,"mg/L",25.4006,-82.2097,0
"817","9932","SFER","07/28/2016 17:53:00","57.3","Ammonium",0.568,"mg/L",25.3542,-81.6603,0
"818","9942","SFER","07/28/2016 19:15:00","57.2","Ammonium",0.691,"mg/L",25.3495,-81.4864,0
"819","9952","SFER","07/28/2016 20:34:00","57.1","Ammonium",0.379,"mg/L",25.352,-81.3363,0
"820","9962","SFER","07/28/2016 21:17:00","57","Ammonium",0.486,"mg/L",25.3519,-81.2649,0
"821","9972","SFER","07/28/2016 21:57:00","56","Ammonium",0.322,"mg/L",25.35,-81.2275,0
"822","9982","SFER","07/28/2016 22:24:00","55","Ammonium",0.435,"mg/L",25.3501,-81.2004,0
"823","9992","SFER","07/28/2016 23:26:00","54","Ammonium",0.492,"mg/L",25.3431,-81.1542,0
"824","10002","SFER","07/29/2016 01:16:00","61","Ammonium",1.943,"mg/L",25.1673,-81.275,0
"825","100110","SFER","07/29/2016 01:33:00","62","Ammonium",0.704,"mg/L",25.1667,-81.2351,0
"826","10022","SFER","07/29/2016 01:58:00","63","Ammonium",0.6,"mg/L",25.1669,-81.1993,0
"827","10032","SFER","07/29/2016 02:16:00","64","Ammonium",0.278,"mg/L",25.1665,-81.1583,0
"828","10042","SFER","09/19/2016 13:40:00","1","Ammonium",0.683,"mg/L",25.6438,-80.1187,0
"829","10052","SFER","09/19/2016 14:00:00","2","Ammonium",0.442,"mg/L",25.6414,-80.1047,0
"830","10062","SFER","09/19/2016 14:23:00","3","Ammonium",0.292,"mg/L",25.6449,-80.0828,0
"831","10072","SFER","09/19/2016 18:49:00","4","Ammonium",0.26,"mg/L",25.1059,-80.3788,0
"832","10082","SFER","09/19/2016 19:01:00","5","Ammonium",0.144,"mg/L",25.0922,-80.3526,0
"833","10092","SFER","09/19/2016 19:12:00","5.5","Ammonium",0.221,"mg/L",25.0791,-80.3326,0
"834","101011","SFER","09/19/2016 19:21:00","6","Ammonium",0.187,"mg/L",25.0649,-80.3151,0
"835","10118","SFER","09/19/2016 19:33:00","6.5","Ammonium",0.206,"mg/L",25.0474,-80.2853,0
"836","10132","SFER","09/19/2016 20:52:00","MR","Ammonium",0.195,"mg/L",25.0071,-80.3827,0
"837","10142","SFER","09/19/2016 22:41:00","UKOFF","Ammonium",0.137,"mg/L",24.8982,-80.5249,0
"838","10152","SFER","09/19/2016 22:52:00","UKMID","Ammonium",0.122,"mg/L",24.9206,-80.5462,0
"839","10162","SFER","09/19/2016 23:01:00","UKIN","Ammonium",0.246,"mg/L",24.9342,-80.5651,0
"840","10172","SFER","09/20/2016 00:33:00","7","Ammonium",0.345,"mg/L",24.8165,-80.7559,0
"841","10182","SFER","09/20/2016 00:58:00","8","Ammonium",0.169,"mg/L",24.7917,-80.7416,0
"842","102110","SFER","09/20/2016 01:13:00","9","Ammonium",0,"mg/L",24.7627,-80.7225,0
"843","10242","SFER","09/20/2016 01:53:00","9.5","Ammonium",0.143,"mg/L",24.7161,-80.6896,0
"844","10262","SFER","09/20/2016 03:12:00","12","Ammonium",0.123,"mg/L",24.7134,-80.8314,0
"845","10272","SFER","09/20/2016 03:42:00","11","Ammonium",0.207,"mg/L",24.7537,-80.8469,0
"846","10282","SFER","09/20/2016 03:58:00","10","Ammonium",0.295,"mg/L",24.7876,-80.8599,0
"847","10292","SFER","09/20/2016 05:24:00","13","Ammonium",0.193,"mg/L",24.7014,-81.0298,0
"848","10302","SFER","09/20/2016 05:36:00","14","Ammonium",0.118,"mg/L",24.6752,-81.0231,0
"849","103110","SFER","09/20/2016 05:50:00","15","Ammonium",0.155,"mg/L",24.6432,-81.0165,0
"850","10322","SFER","09/20/2016 06:13:00","15.5","Ammonium",0,"mg/L",24.5913,-80.9906,0
"851","10342","SFER","09/20/2016 07:31:00","18","Ammonium",0,"mg/L",24.599,-81.1845,0
"852","10352","SFER","09/20/2016 08:04:00","17","Ammonium",0.286,"mg/L",24.6352,-81.1934,0
"853","10362","SFER","09/20/2016 08:28:00","16","Ammonium",0.183,"mg/L",24.672,-81.2055,0
"854","10372","SFER","09/20/2016 10:14:00","19","Ammonium",0.55,"mg/L",24.6083,-81.4223,0
"855","10382","SFER","09/20/2016 10:15:00","20","Ammonium",0,"mg/L",24.5751,-81.4183,0
"856","10402","SFER","09/20/2016 11:23:00","21LK","Ammonium",0.269,"mg/L",24.5399,-81.4102,0
"857","104110","SFER","09/20/2016 12:57:00","21.5","Ammonium",0.043,"mg/L",24.4836,-81.3911,0
"858","10432","SFER","09/20/2016 16:25:00","WS","Ammonium",0.005,"mg/L",24.4768,-81.7166,0
"859","10442","SFER","09/20/2016 18:09:00","22.5","Ammonium",0.102,"mg/L",24.3968,-81.8286,0
"860","10452","SFER","09/20/2016 18:35:00","22","Ammonium",0.038,"mg/L",24.457,-81.8295,0
"861","10462","SFER","09/20/2016 18:48:00","23","Ammonium",0.534,"mg/L",24.4879,-81.8285,0
"862","10472","SFER","09/20/2016 19:11:00","24","Ammonium",0.159,"mg/L",24.5373,-81.8276,0
"863","10482","SFER",NA,"52","Ammonium",0.801,"mg/L",25.4533,-81.2596,0
"864","10492","SFER","09/21/2016 03:04:00","70","Ammonium",0.518,"mg/L",24.93,-81.0396,0
"865","10502","SFER","09/21/2016 03:32:00","69","Ammonium",0.525,"mg/L",24.9299,-81.096,0
"866","10518","SFER","09/21/2016 03:59:00","68","Ammonium",0.46,"mg/L",24.93,-81.1664,0
"867","10522","SFER","09/21/2016 04:55:00","67","Ammonium",0.851,"mg/L",25.0308,-81.1261,0
"868","10532","SFER","09/21/2016 05:13:00","66","Ammonium",0.705,"mg/L",25.0689,-81.1078,0
"869","10542","SFER","09/21/2016 05:29:00","65","Ammonium",0.809,"mg/L",25.1001,-81.0952,0
"870","10552","SFER","09/21/2016 06:41:00","64","Ammonium",0.465,"mg/L",25.1658,-81.1577,0
"871","10562","SFER","09/21/2016 07:22:00","63","Ammonium",0.734,"mg/L",25.167,-81.2008,0
"872","10572","SFER","09/21/2016 07:38:00","62","Ammonium",0.699,"mg/L",25.1665,-81.2345,0
"873","10582","SFER","09/21/2016 08:09:00","61","Ammonium",0.63,"mg/L",25.1666,-81.275,0
"874","10592","SFER","09/21/2016 08:36:00","60","Ammonium",0.537,"mg/L",25.1668,-81.3361,0
"875","10602","SFER","09/21/2016 09:56:00","59","Ammonium",0.471,"mg/L",25.1666,-81.4914,0
"876","106110","SFER","09/21/2016 11:09:00","58","Ammonium",0.484,"mg/L",25.1667,-81.6575,0
"877","10632","SFER","09/21/2016 12:53:00","57.3","Ammonium",0.548,"mg/L",25.3517,-81.6535,0
"878","10642","SFER","09/21/2016 14:30:00","57.2","Ammonium",0.355,"mg/L",25.3514,-81.4895,0
"879","10652","SFER","09/21/2016 16:00:00","57.1","Ammonium",0.225,"mg/L",25.3515,-81.3351,0
"880","10662","SFER","09/21/2016 17:08:00","57","Ammonium",0.606,"mg/L",25.3519,-81.2644,0
"881","10672","SFER","09/21/2016 17:55:00","56","Ammonium",0.45,"mg/L",25.3504,-81.2285,0
"882","10682","SFER","09/21/2016 18:39:00","55","Ammonium",0.62,"mg/L",25.3504,-81.1922,0
"883","10692","SFER","09/21/2016 19:45:00","54","Ammonium",0.739,"mg/L",25.3425,-81.1541,0
"884","10702","SFER","09/21/2016 21:21:00","53","Ammonium",0.738,"mg/L",25.4531,-81.225,0
"885","107110","SFER","09/21/2016 22:04:00","51","Ammonium",0.549,"mg/L",25.4533,-81.3091,0
"886","10722","SFER","09/21/2016 22:28:00","50","Ammonium",0.522,"mg/L",25.4572,-81.3494,0
"887","10732","SFER","09/21/2016 23:29:00","49","Ammonium",0.97,"mg/L",25.583,-81.2916,0
"888","10742","SFER","09/21/2016 23:53:00","48","Ammonium",0.833,"mg/L",25.5832,-81.3263,0
"889","10752","SFER","09/22/2016 00:06:00","47","Ammonium",0.623,"mg/L",25.5832,-81.3688,0
"890","10762","SFER","09/22/2016 00:20:00","46","Ammonium",0.52,"mg/L",25.5826,-81.4071,0
"891","10772","SFER","09/22/2016 00:43:00","45","Ammonium",0.602,"mg/L",25.5834,-81.4712,0
"892","10782","SFER","09/22/2016 02:22:00","39","Ammonium",1.109,"mg/L",25.7825,-81.4823,0
"893","10792","SFER","09/22/2016 02:43:00","40","Ammonium",0.24,"mg/L",25.7561,-81.5276,0
"894","10802","SFER","09/22/2016 03:05:00","41","Ammonium",0.59,"mg/L",25.733,-81.5756,0
"895","108110","SFER","09/22/2016 04:18:00","42","Ammonium",0.494,"mg/L",25.6549,-81.7198,0
"896","10822","SFER","09/22/2016 06:25:00","34","Ammonium",0.949,"mg/L",25.9497,-81.7665,0
"897","10842","SFER","09/22/2016 06:48:00","33","Ammonium",0.151,"mg/L",25.9112,-81.8005,0
"898","10852","SFER","09/22/2016 07:17:00","32","Ammonium",0.491,"mg/L",25.8713,-81.8315,0
"899","10872","SFER","09/22/2016 08:29:00","31","Ammonium",0.446,"mg/L",25.7424,-81.9435,0
"900","10882","SFER","09/22/2016 09:59:00","30.5","Ammonium",0.283,"mg/L",25.5701,-82.0759,0
"901","10902","SFER","09/22/2016 11:21:00","30","Ammonium",0.247,"mg/L",25.4011,-82.2105,0
"902","10922","SFER","09/22/2016 15:22:00","57.3","Ammonium",0.263,"mg/L",25.3521,-81.6541,0
"903","10932","SFER","09/22/2016 16:45:00","57.2","Ammonium",0.282,"mg/L",25.3516,-81.4895,0
"904","10942","SFER","09/22/2016 18:06:00","57.1","Ammonium",0.006,"mg/L",25.3514,-81.3355,0
"905","10952","SFER","09/22/2016 18:49:00","57","Ammonium",0.177,"mg/L",25.3516,-81.2549,0
"906","10962","SFER","09/22/2016 19:20:00","56","Ammonium",0.288,"mg/L",25.35,-81.2269,0
"907","10972","SFER","09/22/2016 19:48:00","55","Ammonium",0.471,"mg/L",25.3502,-81.1935,0
"908","10982","SFER","09/22/2016 20:45:00","54","Ammonium",1.005,"mg/L",25.3426,-81.1514,0
"909","10992","SFER","09/23/2016 09:46:00","EKIN","Ammonium",0.403,"mg/L",25.2951,-80.1636,0
"910","11002","SFER","09/23/2016 10:01:00","EKMID","Ammonium",0.337,"mg/L",25.3155,-80.1968,0
"911","110110","SFER","09/23/2016 10:16:00","EKOFF","Ammonium",0.429,"mg/L",25.3345,-80.2209,0
"912","11022","SFER","11/14/2016 13:11:00","1","Ammonium",0.118,"mg/L",25.6452,-80.1271,0
"913","11032","SFER","11/14/2016 13:24:00","2","Ammonium",0,"mg/L",25.6418,-80.1048,0
"914","11042","SFER","11/14/2016 13:48:00","3","Ammonium",0.061,"mg/L",25.6452,-80.0836,0
"915","11062","SFER","11/14/2016 19:45:00","MR","Ammonium",0.139,"mg/L",25.0051,-80.3728,0
"916","11072","SFER","11/14/2016 21:54:00","UKOFF","Ammonium",0.175,"mg/L",24.8983,-80.53,0
"917","11082","SFER","11/14/2016 22:06:00","UKMID","Ammonium",0.255,"mg/L",24.9205,-80.5463,0
"918","11092","SFER","11/14/2016 22:15:00","UKIN","Ammonium",0.162,"mg/L",24.9343,-80.5655,0
"919","111010","SFER","11/14/2016 23:47:00","7","Ammonium",0.378,"mg/L",24.8171,-80.7558,0
"920","111110","SFER","11/15/2016 00:08:00","8","Ammonium",0.163,"mg/L",24.7921,-80.7412,0
"921","11132","SFER","11/15/2016 00:23:00","9","Ammonium",0.235,"mg/L",24.7631,-80.7235,0
"922","11152","SFER","11/15/2016 01:06:00","9.5","Ammonium",0.282,"mg/L",24.7147,-80.6902,0
"923","11172","SFER","11/15/2016 02:24:00","12","Ammonium",0.105,"mg/L",24.7124,-80.8314,0
"924","11182","SFER","11/15/2016 02:58:00","11","Ammonium",0.27,"mg/L",24.7533,-80.8468,0
"925","11192","SFER","11/15/2016 03:18:00","10","Ammonium",0.271,"mg/L",24.7843,-80.8613,0
"926","11202","SFER","11/15/2016 04:44:00","13","Ammonium",0.334,"mg/L",24.7005,-81.0306,0
"927","112110","SFER","11/15/2016 04:56:00","14","Ammonium",0.19,"mg/L",24.6751,-81.023,0
"928","11222","SFER","11/15/2016 05:11:00","15","Ammonium",2.11,"mg/L",24.6431,-81.0165,0
"929","11232","SFER","11/15/2016 05:36:00","15.5","Ammonium",0.217,"mg/L",24.592,-80.9917,0
"930","11252","SFER","11/15/2016 06:57:00","18","Ammonium",0.282,"mg/L",24.5988,-81.1842,0
"931","11262","SFER","11/15/2016 07:30:00","17","Ammonium",0.213,"mg/L",24.6343,-81.1933,0
"932","11272","SFER","11/15/2016 07:52:00","16","Ammonium",0.452,"mg/L",24.6719,-81.2049,0
"933","11282","SFER","11/15/2016 09:29:00","19","Ammonium",0.46,"mg/L",24.6096,-81.4211,0
"934","11292","SFER","11/15/2016 09:45:00","20","Ammonium",3.056,"mg/L",24.5743,-81.4182,0
"935","11302","SFER","11/15/2016 11:10:00","21.5","Ammonium",0.276,"mg/L",24.4841,-81.3923,0
"936","11322","SFER","11/15/2016 12:18:00","21LK","Ammonium",0.183,"mg/L",24.5439,-81.42,0
"937","11342","SFER","11/15/2016 15:22:00","WS","Ammonium",0.338,"mg/L",24.4768,-81.7177,0
"938","11352","SFER","11/15/2016 17:13:00","22.5","Ammonium",0.243,"mg/L",24.3965,-81.8285,0
"939","11362","SFER","11/15/2016 17:40:00","22","Ammonium",0.219,"mg/L",24.4654,-81.8282,0
"940","11372","SFER","11/15/2016 17:54:00","23","Ammonium",0.583,"mg/L",24.4882,-81.8285,0
"941","11382","SFER","11/15/2016 18:29:00","24","Ammonium",0.362,"mg/L",24.5368,-81.828,0
"942","11392","SFER","11/16/2016 01:49:00","68","Ammonium",0.335,"mg/L",24.9303,-81.1653,0
"943","11402","SFER","11/16/2016 02:30:00","69","Ammonium",0.332,"mg/L",24.9306,-81.0937,0
"944","114110","SFER","11/16/2016 03:03:00","70","Ammonium",0.749,"mg/L",24.9295,-81.0255,0
"945","11422","SFER","11/16/2016 04:23:00","67","Ammonium",0.654,"mg/L",25.0301,-81.1277,0
"946","11432","SFER","11/16/2016 04:44:00","66","Ammonium",0.749,"mg/L",25.068,-81.107,0
"947","11442","SFER","11/16/2016 05:02:00","65","Ammonium",0.921,"mg/L",25.1009,-81.0933,0
"948","11452","SFER","11/16/2016 06:08:00","64","Ammonium",0.736,"mg/L",25.1665,-81.1568,0
"949","11462","SFER","11/16/2016 06:34:00","63","Ammonium",0.814,"mg/L",25.1666,-81.1835,0
"950","11472","SFER","11/16/2016 06:52:00","62","Ammonium",0.638,"mg/L",25.1665,-81.233,0
"951","11482","SFER","11/16/2016 07:17:00","61","Ammonium",0.654,"mg/L",25.1666,-81.2749,0
"952","11492","SFER","11/16/2016 07:42:00","60","Ammonium",0.611,"mg/L",25.1663,-81.3363,0
"953","11502","SFER","11/16/2016 08:55:00","59","Ammonium",0.425,"mg/L",25.1664,-81.4901,0
"954","115110","SFER","11/16/2016 10:21:00","58","Ammonium",0.41,"mg/L",25.1668,-81.654,0
"955","11522","SFER","11/16/2016 12:52:00","57.3","Ammonium",0.317,"mg/L",25.3508,-81.6531,0
"956","11532","SFER","11/16/2016 14:55:00","57.2","Ammonium",0.348,"mg/L",25.3496,-81.488,0
"957","11542","SFER","11/16/2016 16:53:00","57.1","Ammonium",0.297,"mg/L",25.3514,-81.3355,0
"958","11552","SFER","11/16/2016 17:40:00","57","Ammonium",0.39,"mg/L",25.353,-81.2655,0
"959","11562","SFER","11/16/2016 18:15:00","56","Ammonium",0.444,"mg/L",25.3495,-81.2261,0
"960","11572","SFER","11/16/2016 18:40:00","55","Ammonium",0.457,"mg/L",25.35,-81.1934,0
"961","11582","SFER","11/16/2016 19:27:00","54","Ammonium",0.423,"mg/L",25.345,-81.1524,0
"962","11592","SFER","11/16/2016 21:23:00","53","Ammonium",0.639,"mg/L",25.4531,-81.2256,0
"963","11602","SFER","11/16/2016 21:43:00","52","Ammonium",0.357,"mg/L",25.4533,-81.2596,0
"964","116110","SFER","11/16/2016 22:02:00","51","Ammonium",0.39,"mg/L",25.4533,-81.3082,0
"965","11622","SFER","11/16/2016 22:27:00","50","Ammonium",0.316,"mg/L",25.453,-81.3513,0
"966","11632","SFER","11/16/2016 23:37:00","49","Ammonium",0.334,"mg/L",25.5831,-81.2917,0
"967","11642","SFER","11/17/2016 00:02:00","48","Ammonium",0.4,"mg/L",25.5833,-81.3303,0
"968","11652","SFER","11/17/2016 00:18:00","47","Ammonium",0.505,"mg/L",25.5833,-81.3676,0
"969","11662","SFER","11/17/2016 00:33:00","46","Ammonium",0.428,"mg/L",25.5833,-81.4257,0
"970","11672","SFER","11/17/2016 00:59:00","45","Ammonium",0.025,"mg/L",25.5834,-81.4723,0
"971","11682","SFER","11/17/2016 02:46:00","39","Ammonium",0.226,"mg/L",25.7817,-81.4821,0
"972","11692","SFER","11/17/2016 03:11:00","40","Ammonium",0.384,"mg/L",25.7736,-81.5238,0
"973","11702","SFER","11/17/2016 03:38:00","41","Ammonium",0.459,"mg/L",25.7322,-81.5772,0
"974","11718","SFER","11/17/2016 05:11:00","42","Ammonium",0.21,"mg/L",25.6551,-81.7211,0
"975","11722","SFER","11/17/2016 07:30:00","34","Ammonium",0.463,"mg/L",25.9501,-81.7675,0
"976","11732","SFER","11/17/2016 07:55:00","33","Ammonium",0.304,"mg/L",25.9111,-81.801,0
"977","11742","SFER","11/17/2016 08:24:00","32","Ammonium",0.264,"mg/L",25.872,-81.8346,0
"978","11762","SFER","11/17/2016 09:39:00","31","Ammonium",0.039,"mg/L",25.7405,-81.9445,0
"979","11772","SFER","11/17/2016 11:20:00","30.5","Ammonium",0.437,"mg/L",25.5732,-82.0756,0
"980","11792","SFER","11/17/2016 12:50:00","30","Ammonium",1.959,"mg/L",25.4013,-82.2101,0
"981","11802","SFER","11/17/2016 17:40:00","57.3","Ammonium",0.126,"mg/L",25.3481,-81.6516,0
"982","118110","SFER","11/17/2016 18:55:00","57.2","Ammonium",0.074,"mg/L",25.3511,-81.4886,0
"983","11822","SFER","11/17/2016 20:07:00","57.1","Ammonium",0.083,"mg/L",25.3583,-81.3362,0
"984","11832","SFER","11/17/2016 20:45:00","57","Ammonium",0.036,"mg/L",25.3509,-81.2631,0
"985","11842","SFER","11/17/2016 21:07:00","56","Ammonium",0.086,"mg/L",25.35,-81.2273,0
"986","11852","SFER","11/17/2016 21:28:00","55","Ammonium",0.018,"mg/L",25.3499,-81.1955,0
"987","11862","SFER","11/17/2016 22:05:00","54","Ammonium",0.135,"mg/L",25.3432,-81.1532,0
"988","11872","SFER","11/18/2016 11:45:00","4","Ammonium",0.402,"mg/L",25.11,-80.348,0
"989","11882","SFER","11/18/2016 12:02:00","5","Ammonium",0.218,"mg/L",25.0937,-80.3544,0
"990","11892","SFER","11/18/2016 14:26:00","EKIN","Ammonium",0.649,"mg/L",25.3345,-80.2267,0
"991","11902","SFER","11/18/2016 14:45:00","EKMID","Ammonium",2.47,"mg/L",25.3152,-80.1946,0
"992","119110","SFER","11/18/2016 15:00:00","EKOFF","Ammonium",0.082,"mg/L",25.2947,-80.1629,0
"993","11922","SFER","01/30/2017 13:29:00","1","Ammonium",1.218,"mg/L",25.6452,-80.1271,0
"994","11932","SFER","01/30/2017 13:49:00","2","Ammonium",0.606,"mg/L",25.642,-80.1035,0
"995","11942","SFER","01/30/2017 14:07:00","3","Ammonium",0.188,"mg/L",25.6452,-80.0828,0
"996","11952","SFER","01/30/2017 16:31:00","EKIN","Ammonium",0.704,"mg/L",25.3344,-80.221,0
"997","11962","SFER","01/30/2017 16:51:00","EKMID","Ammonium",0.23,"mg/L",25.317,-80.1975,0
"998","11972","SFER","01/30/2017 17:12:00","EKOFF","Ammonium",0.359,"mg/L",25.2944,-80.1624,0
"999","11982","SFER","01/30/2017 19:23:00","4","Ammonium",0.293,"mg/L",25.1084,-80.3801,0
"1000","11992","SFER","01/30/2017 19:36:00","5","Ammonium",0.213,"mg/L",25.0933,-80.355,0
"1001","12002","SFER","01/30/2017 19:52:00","5.5","Ammonium",0.304,"mg/L",25.0797,-80.3341,0
"1002","12018","SFER","01/30/2017 20:00:00","6","Ammonium",0.199,"mg/L",25.0649,-80.3148,0
"1003","12022","SFER","01/30/2017 20:13:00","6.5","Ammonium",0.25,"mg/L",25.0486,-80.2874,0
"1004","12043","SFER","01/30/2017 21:04:00","MR","Ammonium",0.35,"mg/L",25.0008,-80.3697,0
"1005","12052","SFER","01/30/2017 22:55:00","UKOFF","Ammonium",0.314,"mg/L",24.8992,-80.5245,0
"1006","12062","SFER","01/30/2017 23:07:00","UKMID","Ammonium",0.235,"mg/L",24.9196,-80.5455,0
"1007","12072","SFER","01/30/2017 23:15:00","UKIN","Ammonium",0.194,"mg/L",24.934,-80.5643,0
"1008","12082","SFER","01/31/2017 00:54:00","7","Ammonium",0.217,"mg/L",24.8165,-80.7551,0
"1009","12092","SFER","01/31/2017 01:10:00","8","Ammonium",0.384,"mg/L",24.7927,-80.7408,0
"1010","12122","SFER","01/31/2017 01:27:00","9","Ammonium",0.059,"mg/L",24.7631,-80.7238,0
"1011","12152","SFER","01/31/2017 02:07:00","9.5","Ammonium",0.443,"mg/L",24.7167,-80.6893,0
"1012","12172","SFER","01/31/2017 03:24:00","12","Ammonium",0.489,"mg/L",24.7126,-80.8311,0
"1013","12182","SFER","01/31/2017 04:04:00","11","Ammonium",0.32,"mg/L",24.753,-80.8415,0
"1014","12192","SFER","01/31/2017 04:24:00","10","Ammonium",0.559,"mg/L",24.788,-80.8611,0
"1015","12202","SFER","01/31/2017 05:57:00","13","Ammonium",0.507,"mg/L",24.7012,-81.0298,0
"1016","122110","SFER","01/31/2017 06:10:00","14","Ammonium",0.777,"mg/L",24.6748,-81.0231,0
"1017","12222","SFER","01/31/2017 06:23:00","15","Ammonium",0.45,"mg/L",24.6441,-81.0165,0
"1018","12232","SFER","01/31/2017 06:48:00","15.5","Ammonium",0.515,"mg/L",24.5918,-80.9927,0
"1019","12252","SFER","01/31/2017 08:03:00","18","Ammonium",0.387,"mg/L",24.5996,-81.184,0
"1020","12262","SFER","01/31/2017 08:34:00","17","Ammonium",0.652,"mg/L",24.6347,-81.193,0
"1021","12272","SFER","01/31/2017 08:57:00","16","Ammonium",0.516,"mg/L",24.6729,-81.204,0
"1022","12282","SFER","01/31/2017 10:45:00","19","Ammonium",0.86,"mg/L",24.6095,-81.4219,0
"1023","12292","SFER","01/31/2017 11:01:00","20","Ammonium",0.831,"mg/L",24.5748,-81.418,0
"1024","12315","SFER","01/31/2017 11:22:00","21LK","Ammonium",0.373,"mg/L",24.537,-81.412,0
"1025","12322","SFER","01/31/2017 12:17:00","21.5","Ammonium",0.477,"mg/L",24.4831,-81.3912,0
"1026","12343","SFER","01/31/2017 14:24:00","WS","Ammonium",0.271,"mg/L",24.475,-81.7189,0
"1027","12352","SFER","01/31/2017 15:58:00","22.5","Ammonium",0.267,"mg/L",24.4029,-81.8303,0
"1028","12362","SFER","01/31/2017 16:21:00","22","Ammonium",0.238,"mg/L",24.4563,-81.828,0
"1029","12372","SFER","01/31/2017 16:35:00","23","Ammonium",0.259,"mg/L",24.4875,-81.8286,0
"1030","12382","SFER","01/31/2017 16:56:00","24","Ammonium",0.424,"mg/L",24.5362,-81.8283,0
"1031","12392","SFER","01/31/2017 23:44:00","68","Ammonium",0.408,"mg/L",24.9299,-81.1661,0
"1032","12402","SFER","02/01/2017 00:24:00","69","Ammonium",0.204,"mg/L",24.9319,-81.0956,0
"1033","124110","SFER","02/01/2017 00:53:00","70","Ammonium",0.211,"mg/L",24.9305,-81.0293,0
"1034","12422","SFER","02/01/2017 02:02:00","67","Ammonium",0.37,"mg/L",25.0312,-81.1282,0
"1035","12432","SFER","02/01/2017 02:22:00","66","Ammonium",0.359,"mg/L",25.0676,-81.1101,0
"1036","12442","SFER","02/01/2017 02:33:00","65","Ammonium",0.683,"mg/L",25.0906,-81.0995,0
"1037","12452","SFER","02/01/2017 03:34:00","63","Ammonium",0.527,"mg/L",25.1662,-81.2,0
"1038","12462","SFER","02/01/2017 04:06:00","62","Ammonium",0.359,"mg/L",25.1668,-81.2345,0
"1039","12472","SFER","02/01/2017 04:32:00","61","Ammonium",0.208,"mg/L",25.167,-81.2775,0
"1040","12492","SFER","02/01/2017 05:00:00","60","Ammonium",0.632,"mg/L",25.1666,-81.3355,0
"1041","125110","SFER","02/01/2017 06:23:00","59","Ammonium",0.172,"mg/L",25.166,-81.491,0
"1042","12532","SFER","02/01/2017 07:41:00","58","Ammonium",0.245,"mg/L",25.1668,-81.6533,0
"1043","12552","SFER","02/01/2017 09:18:00","57.3","Ammonium",0.42,"mg/L",25.3515,-81.6558,0
"1044","12562","SFER","02/01/2017 10:35:00","57.2","Ammonium",0.359,"mg/L",25.3523,-81.4909,0
"1045","12572","SFER","02/01/2017 12:00:00","57.1","Ammonium",0.24,"mg/L",25.3515,-81.3357,0
"1046","12583","SFER","02/01/2017 12:54:00","57","Ammonium",0.268,"mg/L",25.3507,-81.2668,0
"1047","12592","SFER","02/01/2017 13:14:00","56","Ammonium",1,"mg/L",25.3496,-81.2272,0
"1048","12602","SFER","02/01/2017 13:39:00","55","Ammonium",0.607,"mg/L",25.3504,-81.2024,0
"1049","126110","SFER","02/01/2017 15:04:00","50","Ammonium",0.838,"mg/L",25.4535,-81.3516,0
"1050","12622","SFER","02/01/2017 15:24:00","51","Ammonium",1.102,"mg/L",25.4535,-81.3067,0
"1051","12632","SFER","02/01/2017 15:55:00","52","Ammonium",0.828,"mg/L",25.4538,-81.2605,0
"1052","12642","SFER","02/01/2017 16:10:00","53","Ammonium",0.443,"mg/L",25.4548,-81.2414,0
"1053","12653","SFER","02/01/2017 18:22:00","54","Ammonium",0.62,"mg/L",25.3472,-81.1521,0
"1054","12662","SFER","02/01/2017 21:25:00","49","Ammonium",0.558,"mg/L",25.5828,-81.2921,0
"1055","12672","SFER","02/01/2017 21:46:00","48","Ammonium",0.681,"mg/L",25.5832,-81.3294,0
"1056","12682","SFER","02/01/2017 22:01:00","47","Ammonium",1.298,"mg/L",25.5829,-81.3665,0
"1057","12692","SFER","02/01/2017 22:17:00","46","Ammonium",1.257,"mg/L",25.5829,-81.4085,0
"1058","127110","SFER","02/01/2017 22:42:00","45","Ammonium",0.276,"mg/L",25.583,-81.4697,0
"1059","12722","SFER","02/02/2017 00:20:00","39","Ammonium",0.152,"mg/L",25.7828,-81.4819,0
"1060","12732","SFER","02/02/2017 00:44:00","40","Ammonium",0.844,"mg/L",25.757,-81.5229,0
"1061","12742","SFER","02/02/2017 01:07:00","41","Ammonium",0.765,"mg/L",25.7325,-81.5752,0
"1062","12752","SFER","02/02/2017 02:16:00","42","Ammonium",0.187,"mg/L",25.6549,-81.7184,0
"1063","12762","SFER","02/02/2017 04:24:00","34","Ammonium",0.227,"mg/L",25.9498,-81.7666,0
"1064","12782","SFER","02/02/2017 04:46:00","33","Ammonium",0.543,"mg/L",25.9123,-81.7997,0
"1065","12792","SFER","02/02/2017 05:15:00","32","Ammonium",0.528,"mg/L",25.8729,-81.833,0
"1066","128110","SFER","02/02/2017 06:26:00","31","Ammonium",0.144,"mg/L",25.7419,-81.9429,0
"1067","12822","SFER","02/02/2017 08:03:00","30.5","Ammonium",0.181,"mg/L",25.5704,-82.0751,0
"1068","12842","SFER","02/02/2017 09:30:00","30","Ammonium",0.075,"mg/L",25.4017,-82.2095,0
"1069","12872","SFER","02/02/2017 14:57:00","57.2","Ammonium",0.273,"mg/L",25.3514,-81.4891,0
"1070","12882","SFER","02/02/2017 16:24:00","57.1","Ammonium",0.287,"mg/L",25.3508,-81.3344,0
"1071","12892","SFER","02/02/2017 17:09:00","57","Ammonium",0.041,"mg/L",25.3517,-81.2614,0
"1072","12902","SFER","02/02/2017 17:34:00","56","Ammonium",0.404,"mg/L",25.3504,-81.2261,0
"1073","129110","SFER","02/02/2017 17:54:00","55","Ammonium",0.141,"mg/L",25.3515,-81.197,0
"1074","12922","SFER","02/02/2017 18:48:00","54","Ammonium",0.627,"mg/L",25.345,-81.1525,0
"1075","12932","SFER","03/27/2017 14:40:00","1","Ammonium",0.4,"mg/L",25.6444,-80.1225,0
"1076","12942","SFER","03/27/2017 15:02:00","2","Ammonium",0.37,"mg/L",25.6428,-80.1061,0
"1077","12952","SFER","03/27/2017 15:20:00","3","Ammonium",0,"mg/L",25.6462,-80.085,0
"1078","12962","SFER","03/27/2017 18:15:00","EKIN","Ammonium",0.2,"mg/L",25.3348,-80.2241,0
"1079","12972","SFER","03/27/2017 18:32:00","EKMID","Ammonium",0,"mg/L",25.314,-80.1939,0
"1080","12982","SFER","03/27/2017 18:48:00","EKOFF","Ammonium",0.17,"mg/L",25.2944,-80.1617,0
"1081","12992","SFER","03/27/2017 21:00:00","4","Ammonium",0.23,"mg/L",25.1083,-80.3805,0
"1082","13002","SFER","03/27/2017 21:15:00","5","Ammonium",0.02,"mg/L",25.0935,-80.354,0
"1083","13023","SFER","03/27/2017 22:18:00","MR","Ammonium",0.37,"mg/L",25.0071,-80.3721,0
"1084","13032","SFER","03/28/2017 00:44:00","UKOFF","Ammonium",0.3,"mg/L",24.8982,-80.5298,0
"1085","13042","SFER","03/28/2017 00:55:00","UKMID","Ammonium",0.24,"mg/L",24.9201,-80.5466,0
"1086","13052","SFER","03/28/2017 01:05:00","UKIN","Ammonium",0.2,"mg/L",24.9348,-80.5652,0
"1087","13062","SFER","03/28/2017 02:36:00","7","Ammonium",0.1,"mg/L",24.8151,-80.7539,0
"1088","13072","SFER","03/28/2017 02:53:00","8","Ammonium",0.76,"mg/L",24.7928,-80.7411,0
"1089","13092","SFER","03/28/2017 03:29:00","9","Ammonium",0.54,"mg/L",24.762,-80.7233,0
"1090","13122","SFER","03/28/2017 04:09:00","9.5","Ammonium",0.01,"mg/L",24.7179,-80.6872,0
"1091","13142","SFER","03/28/2017 05:49:00","12","Ammonium",0.08,"mg/L",24.7139,-80.8316,0
"1092","13152","SFER","03/28/2017 06:20:00","11","Ammonium",0.24,"mg/L",24.7548,-80.8482,0
"1093","13162","SFER","03/28/2017 06:43:00","10","Ammonium",0.16,"mg/L",24.7871,-80.862,0
"1094","13172","SFER","03/28/2017 08:09:00","13","Ammonium",0.03,"mg/L",24.697,-81.031,0
"1095","13182","SFER","03/28/2017 08:21:00","14","Ammonium",0.06,"mg/L",24.677,-81.0243,0
"1096","13192","SFER","03/28/2017 08:35:00","15","Ammonium",0.13,"mg/L",24.6432,-81.0164,0
"1097","13202","SFER","03/28/2017 08:59:00","15.5","Ammonium",0.57,"mg/L",24.5955,-80.9929,0
"1098","13222","SFER","03/28/2017 10:49:00","18","Ammonium",0.02,"mg/L",24.5996,-81.1838,0
"1099","13232","SFER","03/28/2017 11:23:00","17","Ammonium",0.45,"mg/L",24.6346,-81.1933,0
"1100","13242","SFER","03/28/2017 11:42:00","16","Ammonium",0.28,"mg/L",24.6746,-81.205,0
"1101","13252","SFER","03/28/2017 13:29:00","19","Ammonium",0.1,"mg/L",24.6071,-81.4221,0
"1102","13262","SFER","03/28/2017 13:44:00","20","Ammonium",0.06,"mg/L",24.573,-81.4172,0
"1103","13283","SFER","03/28/2017 14:06:00","21LK","Ammonium",0.08,"mg/L",24.5362,-81.4124,0
"1104","13292","SFER","03/28/2017 14:59:00","21.5","Ammonium",0.16,"mg/L",24.4826,-81.3918,0
"1105","133111","SFER","03/28/2017 17:35:00","WS","Ammonium",0.01,"mg/L",24.4757,-81.7103,0
"1106","13322","SFER","03/28/2017 19:14:00","22.5","Ammonium",0,"mg/L",24.396,-81.8302,0
"1107","13332","SFER","03/28/2017 19:39:00","22","Ammonium",0.23,"mg/L",24.4574,-81.8283,0
"1108","13342","SFER","03/28/2017 19:52:00","23","Ammonium",0.51,"mg/L",24.4887,-81.8287,0
"1109","13352","SFER","03/28/2017 20:13:00","24","Ammonium",0.42,"mg/L",24.5362,-81.8231,0
"1110","13362","SFER","03/29/2017 02:46:00","68","Ammonium",1.99,"mg/L",24.9303,-81.1656,0
"1111","13372","SFER","03/29/2017 03:22:00","69","Ammonium",0.09,"mg/L",24.9302,-81.0959,0
"1112","13382","SFER","03/29/2017 03:37:00","70","Ammonium",0,"mg/L",24.9304,-81.0647,0
"1113","13392","SFER","03/29/2017 05:13:00","67","Ammonium",0.11,"mg/L",25.0295,-81.1265,0
"1114","13402","SFER","03/29/2017 05:42:00","66","Ammonium",0.11,"mg/L",25.0682,-81.1081,0
"1115","134110","SFER","03/29/2017 06:10:00","65","Ammonium",0.07,"mg/L",25.1004,-81.0931,0
"1116","13422","SFER","03/29/2017 08:45:00","64","Ammonium",0.12,"mg/L",25.1665,-81.1575,0
"1117","13432","SFER","03/29/2017 09:21:00","63","Ammonium",0.4,"mg/L",25.1672,-81.2023,0
"1118","13442","SFER","03/29/2017 09:35:00","62","Ammonium",0.06,"mg/L",25.1672,-81.2352,0
"1119","13452","SFER","03/29/2017 10:04:00","61","Ammonium",0,"mg/L",25.1666,-81.2752,0
"1120","13462","SFER","03/29/2017 10:32:00","60","Ammonium",0.05,"mg/L",25.1654,-81.336,0
"1121","13472","SFER","03/29/2017 11:36:00","59","Ammonium",0,"mg/L",25.1665,-81.4893,0
"1122","13492","SFER","03/29/2017 12:49:00","58","Ammonium",0,"mg/L",25.1664,-81.6556,0
"1123","13518","SFER","03/29/2017 14:18:00","57.3","Ammonium",0.04,"mg/L",25.3525,-81.6522,0
"1124","13522","SFER","03/29/2017 15:28:00","57.2","Ammonium",0.02,"mg/L",25.3516,-81.4903,0
"1125","13532","SFER","03/29/2017 16:00:00","57.1","Ammonium",0,"mg/L",25.3514,-81.3359,0
"1126","13543","SFER","03/29/2017 17:05:00","57","Ammonium",0,"mg/L",25.3516,-81.2648,0
"1127","13553","SFER","03/29/2017 17:29:00","56","Ammonium",0.1,"mg/L",25.35,-81.2257,0
"1128","13563","SFER","03/29/2017 17:50:00","55","Ammonium",0.04,"mg/L",25.35,-81.1935,0
"1129","13573","SFER","03/29/2017 18:25:00","54","Ammonium",0,"mg/L",25.3455,-81.1526,0
"1130","13582","SFER","03/29/2017 20:06:00","53","Ammonium",0.66,"mg/L",25.4535,-81.2249,0
"1131","13592","SFER","03/29/2017 20:25:00","52","Ammonium",0.1,"mg/L",25.4531,-81.2591,0
"1132","13602","SFER","03/29/2017 20:46:00","51","Ammonium",0.14,"mg/L",25.4526,-81.3081,0
"1133","136110","SFER","03/29/2017 21:10:00","50","Ammonium",0.12,"mg/L",25.4536,-81.3504,0
"1134","13622","SFER","03/29/2017 22:15:00","49","Ammonium",0.06,"mg/L",25.583,-81.2916,0
"1135","13632","SFER","03/29/2017 22:38:00","48","Ammonium",0.34,"mg/L",25.5833,-81.3291,0
"1136","13642","SFER","03/29/2017 22:51:00","47","Ammonium",0.09,"mg/L",25.5831,-81.3669,0
"1137","13652","SFER","03/29/2017 23:06:00","46","Ammonium",0.05,"mg/L",25.5833,-81.4081,0
"1138","13662","SFER","03/29/2017 23:32:00","45","Ammonium",0.11,"mg/L",25.5827,-81.4707,0
"1139","13672","SFER","03/30/2017 00:59:00","40","Ammonium",0.24,"mg/L",25.7578,-81.5239,0
"1140","13682","SFER","03/30/2017 01:22:00","41","Ammonium",0.15,"mg/L",25.7329,-81.5763,0
"1141","13692","SFER","03/30/2017 02:39:00","42","Ammonium",0.14,"mg/L",25.6547,-81.7173,0
"1142","13702","SFER","03/30/2017 04:53:00","34","Ammonium",0.26,"mg/L",25.9505,-81.7671,0
"1143","13722","SFER","03/30/2017 05:15:00","33","Ammonium",0.21,"mg/L",25.9115,-81.8002,0
"1144","13732","SFER","03/30/2017 05:43:00","32","Ammonium",0.2,"mg/L",25.8739,-81.8326,0
"1145","13752","SFER","03/30/2017 06:55:00","31","Ammonium",0.32,"mg/L",25.7411,-81.943,0
"1146","13762","SFER","03/30/2017 08:29:00","30.5","Ammonium",0.18,"mg/L",25.5761,-82.0723,0
"1147","13792","SFER","03/30/2017 09:54:00","30","Ammonium",0.24,"mg/L",25.4014,-82.2104,0
"1148","138110","SFER","03/30/2017 14:02:00","57.3","Ammonium",0.13,"mg/L",25.3523,-81.6542,0
"1149","13822","SFER","03/30/2017 15:24:00","57.2","Ammonium",0.21,"mg/L",25.3516,-81.4903,0
"1150","13832","SFER","03/30/2017 16:31:00","57.1","Ammonium",0.2,"mg/L",25.3553,-81.3359,0
"1151","13842","SFER","03/30/2017 17:10:00","57","Ammonium",0.18,"mg/L",25.3486,-81.2692,0
"1152","13852","SFER","03/30/2017 17:36:00","56","Ammonium",0.27,"mg/L",25.3513,-81.2263,0
"1153","13862","SFER","03/30/2017 17:57:00","55","Ammonium",0.19,"mg/L",25.3501,-81.1928,0
"1154","13872","SFER","03/30/2017 18:43:00","54","Ammonium",0.2,"mg/L",25.3444,-81.151,0
"1155","13882","SFER","06/19/2017 15:19:00","1","Ammonium",0.014,"mg/L",25.6448,-80.1267,0
"1156","13892","SFER","06/19/2017 15:37:00","2","Ammonium",0,"mg/L",25.642,-80.105,0
"1157","13902","SFER","06/19/2017 15:49:00","3","Ammonium",0,"mg/L",25.6405,-80.0856,0
"1158","139110","SFER","06/19/2017 18:48:00","EKIN","Ammonium",0,"mg/L",25.335,-80.2247,0
"1159","13922","SFER","06/19/2017 19:06:00","EKMID","Ammonium",0,"mg/L",25.3145,-80.1947,0
"1160","13932","SFER","06/19/2017 19:25:00","EKOFF","Ammonium",0,"mg/L",25.2944,-80.1617,0
"1161","13942","SFER","06/19/2017 21:51:00","4","Ammonium",0.034,"mg/L",25.1088,-80.3801,0
"1162","13952","SFER","06/19/2017 22:03:00","5","Ammonium",0,"mg/L",25.0941,-80.3559,0
"1163","13962","SFER","06/19/2017 22:23:00","5.5","Ammonium",0.764,"mg/L",25.0801,-80.3339,0
"1164","13972","SFER","06/19/2017 22:38:00","6","Ammonium",0,"mg/L",25.0652,-80.3146,0
"1165","13982","SFER","06/19/2017 23:00:00","6.5","Ammonium",0.572,"mg/L",25.0487,-80.2879,0
"1166","14002","SFER","06/19/2017 23:55:00","MR","Ammonium",0,"mg/L",25.005,-80.3789,0
"1167","140110","SFER","06/20/2017 01:55:00","UKOFF","Ammonium",0,"mg/L",24.8993,-80.531,0
"1168","14022","SFER","06/20/2017 02:07:00","UKMID","Ammonium",0,"mg/L",24.9206,-80.5468,0
"1169","14032","SFER","06/20/2017 02:18:00","UKIN","Ammonium",0.016,"mg/L",24.9349,-80.5646,0
"1170","14042","SFER","06/20/2017 04:09:00","7","Ammonium",0,"mg/L",24.8177,-80.7567,0
"1171","14052","SFER","06/20/2017 04:35:00","8","Ammonium",0,"mg/L",24.7938,-80.7428,0
"1172","14062","SFER","06/20/2017 04:55:00","9","Ammonium",0,"mg/L",24.7629,-80.7236,0
"1173","14072","SFER","06/20/2017 05:27:00","9.5","Ammonium",0,"mg/L",24.7174,-80.6893,0
"1174","14082","SFER","06/20/2017 06:03:00","12","Ammonium",0,"mg/L",24.713,-80.8288,0
"1175","14092","SFER","06/20/2017 06:56:00","11","Ammonium",0,"mg/L",24.7521,-80.846,0
"1176","141010","SFER","06/20/2017 07:41:00","10","Ammonium",0,"mg/L",24.788,-80.86,0
"1177","141110","SFER","06/20/2017 09:19:00","13","Ammonium",0.041,"mg/L",24.6838,-81.0271,0
"1178","14122","SFER","06/20/2017 09:36:00","14","Ammonium",0,"mg/L",24.6755,-81.0241,0
"1179","14132","SFER","06/20/2017 10:03:00","15","Ammonium",0,"mg/L",24.6455,-81.0165,0
"1180","14142","SFER","06/20/2017 10:51:00","15.5","Ammonium",0,"mg/L",24.5934,-80.9937,0
"1181","14152","SFER","06/20/2017 12:16:00","18","Ammonium",0,"mg/L",24.6005,-81.1858,0
"1182","14162","SFER","06/20/2017 12:33:00","17","Ammonium",0,"mg/L",24.6382,-81.1961,0
"1183","14172","SFER","06/20/2017 12:56:00","16","Ammonium",0,"mg/L",24.6748,-81.2049,0
"1184","14182","SFER","06/20/2017 14:43:00","19","Ammonium",0,"mg/L",24.6096,-81.4209,0
"1185","14192","SFER","06/20/2017 15:00:00","20","Ammonium",0,"mg/L",24.5742,-81.4186,0
"1186","142110","SFER","06/20/2017 15:24:00","21LK","Ammonium",0,"mg/L",24.543,-81.4223,0
"1187","14222","SFER","06/20/2017 16:37:00","21.5","Ammonium",0,"mg/L",24.4819,-81.3921,0
"1188","14242","SFER","06/20/2017 18:52:00","WS","Ammonium",0,"mg/L",24.4758,-81.7171,0
"1189","14252","SFER","06/20/2017 20:22:00","22.5","Ammonium",0,"mg/L",24.3963,-81.827,0
"1190","14262","SFER","06/20/2017 20:47:00","22","Ammonium",0,"mg/L",24.4541,-81.8285,0
"1191","14272","SFER","06/20/2017 21:02:00","23","Ammonium",0,"mg/L",24.4872,-81.8283,0
"1192","14282","SFER","06/20/2017 21:24:00","24","Ammonium",0.032,"mg/L",24.537,-81.8284,0
"1193","14292","SFER","06/21/2017 06:04:00","70","Ammonium",0,"mg/L",24.9305,-81.0268,0
"1194","14302","SFER","06/21/2017 06:33:00","69","Ammonium",0.006,"mg/L",24.9307,-81.0947,0
"1195","143111","SFER","06/21/2017 07:05:00","68","Ammonium",0.175,"mg/L",24.9319,-81.1665,0
"1196","14322","SFER","06/21/2017 08:02:00","67","Ammonium",0.018,"mg/L",25.0307,-81.1274,0
"1197","14332","SFER","06/21/2017 08:22:00","66","Ammonium",0,"mg/L",25.0708,-81.1075,0
"1198","14342","SFER","06/21/2017 08:39:00","65","Ammonium",0.186,"mg/L",25.0978,-81.0989,0
"1199","14352","SFER","06/21/2017 10:00:00","64","Ammonium",0,"mg/L",25.17,-81.1808,0
"1200","14362","SFER","06/21/2017 10:20:00","63","Ammonium",0,"mg/L",25.1663,-81.201,0
"1201","14372","SFER","06/21/2017 10:38:00","62","Ammonium",0,"mg/L",25.17,-81.2378,0
"1202","14382","SFER","06/21/2017 11:05:00","61","Ammonium",0,"mg/L",25.1668,-81.2782,0
"1203","14392","SFER","06/21/2017 11:30:00","60","Ammonium",0,"mg/L",25.1671,-81.3372,0
"1204","14402","SFER","06/21/2017 12:46:00","59","Ammonium",0,"mg/L",25.1667,-81.49,0
"1205","14422","SFER","06/21/2017 14:09:00","58","Ammonium",0,"mg/L",25.1682,-81.6532,0
"1206","14442","SFER","06/21/2017 15:44:00","57.3","Ammonium",0,"mg/L",25.3525,-81.6544,0
"1207","14452","SFER","06/21/2017 17:35:00","57.2","Ammonium",0,"mg/L",25.3659,-81.2651,0
"1208","14462","SFER","06/21/2017 19:12:00","57.1","Ammonium",0,"mg/L",25.352,-81.3362,0
"1209","14472","SFER","06/21/2017 20:00:00","57","Ammonium",0,"mg/L",25.3515,-81.2651,0
"1210","14482","SFER","06/21/2017 20:27:00","56","Ammonium",0,"mg/L",25.3518,-81.2222,0
"1211","14492","SFER","06/21/2017 20:45:00","55","Ammonium",0,"mg/L",25.3516,-81.2098,0
"1212","14502","SFER","06/21/2017 22:18:00","52","Ammonium",0,"mg/L",25.4534,-81.2608,0
"1213","145110","SFER","06/21/2017 22:29:00","53","Ammonium",0,"mg/L",25.4544,-81.2498,0
"1214","14522","SFER","06/21/2017 23:05:00","51","Ammonium",0,"mg/L",25.4545,-81.3098,0
"1215","14532","SFER","06/21/2017 23:29:00","50","Ammonium",0,"mg/L",25.4529,-81.3518,0
"1216","14542","SFER","06/22/2017 00:33:00","49","Ammonium",0.012,"mg/L",25.5825,-81.2929,0
"1217","14552","SFER","06/22/2017 00:56:00","48","Ammonium",0,"mg/L",25.5831,-81.3293,0
"1218","14562","SFER","06/22/2017 01:13:00","47","Ammonium",0,"mg/L",25.5827,-81.3652,0
"1219","14572","SFER","06/22/2017 01:32:00","46","Ammonium",0,"mg/L",25.583,-81.4078,0
"1220","14592","SFER","06/22/2017 02:06:00","45","Ammonium",0,"mg/L",25.5832,-81.4706,0
"1221","14602","SFER","06/22/2017 03:40:00","39","Ammonium",0,"mg/L",25.7827,-81.4813,0
"1222","146111","SFER","06/22/2017 04:02:00","40","Ammonium",0,"mg/L",25.7581,-81.5226,0
"1223","14622","SFER","06/22/2017 04:31:00","41","Ammonium",0,"mg/L",25.7334,-81.5756,0
"1224","14632","SFER","06/22/2017 05:48:00","42","Ammonium",0.023,"mg/L",25.6548,-81.7172,0
"1225","14642","SFER","06/22/2017 07:49:00","34","Ammonium",0.028,"mg/L",25.9497,-81.7684,0
"1226","14652","SFER","06/22/2017 08:10:00","33","Ammonium",0,"mg/L",25.9118,-81.8168,0
"1227","14662","SFER","06/22/2017 08:48:00","32","Ammonium",0.051,"mg/L",25.8725,-81.8344,0
"1228","14672","SFER","06/22/2017 10:05:00","31","Ammonium",0.074,"mg/L",25.7412,-81.9466,0
"1229","14682","SFER","06/22/2017 12:07:00","30.5","Ammonium",0,"mg/L",25.5707,-82.0751,0
"1230","14692","SFER","06/22/2017 13:50:00","30","Ammonium",0.006,"mg/L",25.3998,-82.2084,0
"1231","14702","SFER","06/22/2017 18:43:00","57.3","Ammonium",0,"mg/L",25.353,-81.6553,0
"1232","147110","SFER","06/22/2017 20:31:00","57.2","Ammonium",0,"mg/L",25.3544,-81.4927,0
"1233","14722","SFER","06/22/2017 21:56:00","57.1","Ammonium",0,"mg/L",25.3532,-81.3343,0
"1234","14732","SFER","06/22/2017 22:43:00","57","Ammonium",0,"mg/L",25.3523,-81.2644,0
"1235","14742","SFER","06/22/2017 23:04:00","56","Ammonium",0.104,"mg/L",25.3503,-81.2354,0
"1236","14752","SFER","07/31/2017 13:19:00","3","Ammonium",1.945,"mg/L",25.6422,-80.0979,0
"1237","14762","SFER","07/31/2017 13:38:00","2","Ammonium",0.358,"mg/L",25.6421,-80.1054,0
"1238","14772","SFER","07/31/2017 14:03:00","1","Ammonium",0.595,"mg/L",25.6464,-80.1261,0
"1239","14782","SFER","07/31/2017 17:17:00","EKIN","Ammonium",0.471,"mg/L",25.3353,-80.2247,0
"1240","14792","SFER","07/31/2017 17:34:00","EKMID","Ammonium",0.689,"mg/L",25.3148,-80.1944,0
"1241","14802","SFER","07/31/2017 17:52:00","EKOFF","Ammonium",1.246,"mg/L",25.2944,-80.1623,0
"1242","148110","SFER","07/31/2017 20:55:00","4","Ammonium",0.583,"mg/L",25.1084,-80.3801,0
"1243","14822","SFER","07/31/2017 21:09:00","5","Ammonium",0.782,"mg/L",25.0929,-80.354,0
"1244","14832","SFER","07/31/2017 21:21:00","5.5","Ammonium",0.558,"mg/L",25.0792,-80.3335,0
"1245","14842","SFER","07/31/2017 21:32:00","6","Ammonium",0.505,"mg/L",25.0648,-80.3147,0
"1246","14852","SFER","07/31/2017 21:49:00","6.5","Ammonium",0.292,"mg/L",25.0474,-80.2863,0
"1247","14883","SFER","07/31/2017 22:55:00","MR","Ammonium",0.289,"mg/L",25.0088,-80.3704,0
"1248","14892","SFER","08/01/2017 01:14:00","UKIN","Ammonium",0.487,"mg/L",24.9333,-80.5641,0
"1249","14902","SFER","08/01/2017 01:25:00","UKMID","Ammonium",1.066,"mg/L",24.9203,-80.5461,0
"1250","149110","SFER","08/01/2017 01:38:00","UKOFF","Ammonium",0.131,"mg/L",24.8981,-80.5294,0
"1251","14922","SFER","08/01/2017 03:44:00","7","Ammonium",0.555,"mg/L",24.8179,-80.7551,0
"1252","14932","SFER","08/01/2017 04:12:00","8","Ammonium",0,"mg/L",24.7921,-80.7418,0
"1253","14972","SFER","08/01/2017 04:30:00","9","Ammonium",0.702,"mg/L",24.7632,-80.7216,0
"1254","150110","SFER","08/01/2017 05:42:00","9.5","Ammonium",0.396,"mg/L",24.7185,-80.6909,0
"1255","15032","SFER","08/01/2017 07:22:00","12","Ammonium",0,"mg/L",24.7132,-80.8308,0
"1256","15042","SFER","08/01/2017 07:56:00","11","Ammonium",0.471,"mg/L",24.7527,-80.8464,0
"1257","15062","SFER","08/01/2017 08:16:00","10","Ammonium",0.147,"mg/L",24.788,-80.86,0
"1258","15072","SFER","08/01/2017 10:14:00","13","Ammonium",0,"mg/L",24.701,-81.0303,0
"1259","15082","SFER","08/01/2017 10:32:00","14","Ammonium",0.2,"mg/L",24.6747,-81.019,0
"1260","15092","SFER","08/01/2017 10:48:00","15","Ammonium",0.046,"mg/L",24.6418,-81.0183,0
"1261","151010","SFER","08/01/2017 11:16:00","15.5","Ammonium",0.064,"mg/L",24.5903,-80.9909,0
"1262","15122","SFER","08/01/2017 12:48:00","18","Ammonium",0.144,"mg/L",24.5789,-81.1792,0
"1263","15132","SFER","08/01/2017 13:31:00","17","Ammonium",0.813,"mg/L",24.636,-81.1952,0
"1264","15142","SFER","08/01/2017 13:54:00","16","Ammonium",1.232,"mg/L",24.6756,-81.205,0
"1265","15152","SFER","08/01/2017 15:50:00","19","Ammonium",1.135,"mg/L",24.6095,-81.4213,0
"1266","15162","SFER","08/01/2017 16:08:00","20","Ammonium",0.997,"mg/L",24.575,-81.4182,0
"1267","15183","SFER","08/01/2017 16:32:00","21LK","Ammonium",0.448,"mg/L",24.5363,-81.413,0
"1268","15192","SFER","08/01/2017 17:18:00","21.5","Ammonium",0,"mg/L",24.4789,-81.39,0
"1269","152111","SFER","08/01/2017 20:15:00","WS","Ammonium",0,"mg/L",24.4767,-81.716,0
"1270","15222","SFER","08/01/2017 21:30:00","22.5","Ammonium",0,"mg/L",24.4147,-81.8279,0
"1271","15232","SFER","08/01/2017 21:54:00","22","Ammonium",0.006,"mg/L",24.4563,-81.8275,0
"1272","15242","SFER","08/01/2017 22:10:00","23","Ammonium",0.047,"mg/L",24.4898,-81.8286,0
"1273","15252","SFER","08/01/2017 22:31:00","24","Ammonium",0.286,"mg/L",24.5377,-81.8277,0
"1274","15272","SFER","08/02/2017 06:56:00","69","Ammonium",0,"mg/L",24.93,-81.0952,0
"1275","15282","SFER","08/02/2017 07:31:00","70","Ammonium",0,"mg/L",24.93,-81.0253,0
"1276","15292","SFER","08/02/2017 08:45:00","67","Ammonium",0.432,"mg/L",25.03,-81.1273,0
"1277","15302","SFER","08/02/2017 09:07:00","66","Ammonium",0.503,"mg/L",25.0693,-81.1084,0
"1278","153110","SFER","08/02/2017 09:27:00","65","Ammonium",1.113,"mg/L",25.1002,-81.0943,0
"1279","15322","SFER","08/02/2017 10:52:00","64","Ammonium",1.171,"mg/L",25.1659,-81.159,0
"1280","15332","SFER","08/02/2017 11:22:00","63","Ammonium",2.138,"mg/L",25.1665,-81.2008,0
"1281","15342","SFER","08/02/2017 11:47:00","62","Ammonium",1.92,"mg/L",25.1662,-81.2348,0
"1282","15352","SFER","08/02/2017 12:07:00","61","Ammonium",1.643,"mg/L",25.1664,-81.2766,0
"1283","15363","SFER","08/02/2017 14:18:00","54","Ammonium",1.355,"mg/L",25.3443,-81.151,0
"1284","15372","SFER","08/02/2017 15:05:00","55","Ammonium",0.03,"mg/L",25.3515,-81.1938,0
"1285","15382","SFER","08/02/2017 15:29:00","56","Ammonium",1.42,"mg/L",25.3505,-81.2274,0
"1286","15393","SFER","08/02/2017 15:54:00","57","Ammonium",0.867,"mg/L",25.3516,-81.265,0
"1287","15402","SFER","08/02/2017 16:33:00","57.1","Ammonium",1.043,"mg/L",25.3513,-81.3364,0
"1288","154110","SFER","08/02/2017 17:47:00","57.2","Ammonium",0.7,"mg/L",25.3521,-81.4905,0
"1289","15432","SFER","08/02/2017 19:01:00","57.3","Ammonium",1.256,"mg/L",25.3526,-81.6536,0
"1290","15442","SFER","08/02/2017 21:40:00","50","Ammonium",0.027,"mg/L",25.4532,-81.3502,0
"1291","15452","SFER","08/02/2017 21:59:00","51","Ammonium",0.157,"mg/L",25.4537,-81.3066,0
"1292","15462","SFER","08/02/2017 22:20:00","52","Ammonium",0.37,"mg/L",25.4535,-81.26,0
"1293","15472","SFER","08/02/2017 22:37:00","53","Ammonium",0.236,"mg/L",25.4535,-81.2274,0
"1294","15482","SFER","08/03/2017 00:01:00","49","Ammonium",0.555,"mg/L",25.5823,-81.2928,0
"1295","15492","SFER","08/03/2017 00:19:00","48","Ammonium",0.424,"mg/L",25.5832,-81.3304,0
"1296","15502","SFER","08/03/2017 00:36:00","47","Ammonium",0.365,"mg/L",25.5832,-81.3668,0
"1297","155110","SFER","08/03/2017 00:58:00","46","Ammonium",0.294,"mg/L",25.5843,-81.4107,0
"1298","15522","SFER","08/03/2017 01:30:00","45","Ammonium",0.022,"mg/L",25.5825,-81.4715,0
"1299","15532","SFER","08/03/2017 03:16:00","39","Ammonium",0.552,"mg/L",25.7822,-81.4803,0
"1300","15542","SFER","08/03/2017 03:42:00","40","Ammonium",0.592,"mg/L",25.7565,-81.5258,0
"1301","15552","SFER","08/03/2017 04:15:00","41","Ammonium",0.59,"mg/L",25.733,-81.5762,0
"1302","15562","SFER","08/03/2017 05:36:00","42","Ammonium",0.243,"mg/L",25.6509,-81.7317,0
"1303","15572","SFER","08/03/2017 07:54:00","34","Ammonium",2.189,"mg/L",25.9502,-81.767,0
"1304","15592","SFER","08/03/2017 08:20:00","33","Ammonium",2.441,"mg/L",25.9121,-81.8002,0
"1305","15602","SFER","08/03/2017 08:52:00","32","Ammonium",1.438,"mg/L",25.8723,-81.8349,0
"1306","15622","SFER","08/03/2017 10:13:00","31","Ammonium",0.687,"mg/L",25.7406,-81.9444,0
"1307","15632","SFER","08/03/2017 12:07:00","30.5","Ammonium",0.856,"mg/L",25.5709,-82.0785,0
"1308","15652","SFER","08/03/2017 13:58:00","30","Ammonium",0.053,"mg/L",25.401,-82.2113,0
"1309","15672","SFER","08/03/2017 16:53:00","57.3","Ammonium",0.243,"mg/L",25.3522,-81.6549,0
"1310","15682","SFER","08/03/2017 20:30:00","57.2","Ammonium",0.196,"mg/L",25.3506,-81.4918,0
"1311","15692","SFER","08/03/2017 21:59:00","57.1","Ammonium",0.313,"mg/L",25.3522,-81.3375,0
"1312","15703","SFER","08/03/2017 22:45:00","57","Ammonium",0.153,"mg/L",25.3539,-81.267,0
"1313","157110","SFER","08/03/2017 23:07:00","56","Ammonium",0,"mg/L",25.35,-81.2271,0
"1314","15722","SFER","08/03/2017 23:15:00","55","Ammonium",0.402,"mg/L",25.3506,-81.2163,0
"1315","15732","SFER","08/04/2017 01:20:00","60","Ammonium",0.384,"mg/L",25.1664,-81.3363,0
"1316","15742","SFER","10/09/2017 14:51:00","1","Ammonium",0.322,"mg/L",25.6446,-80.0442,0
"1317","15752","SFER","10/09/2017 15:23:00","2","Ammonium",0.251,"mg/L",25.6414,-80.1401,0
"1318","15772","SFER","10/09/2017 15:49:00","3","Ammonium",0.346,"mg/L",25.6457,-80.0829,0
"1319","15782","SFER","10/09/2017 19:21:00","EKOFF","Ammonium",0.249,"mg/L",25.2852,-80.1627,0
"1320","15792","SFER","10/09/2017 19:57:00","EKMID","Ammonium",0.406,"mg/L",25.3138,-80.1961,0
"1321","15802","SFER","10/09/2017 20:15:00","EKIN","Ammonium",0.827,"mg/L",25.3342,-80.2254,0
"1322","158110","SFER","10/09/2017 22:28:00","4","Ammonium",0.362,"mg/L",25.108,-80.3796,0
"1323","15822","SFER","10/09/2017 22:45:00","5","Ammonium",0.762,"mg/L",25.0928,-80.3559,0
"1324","15832","SFER","10/09/2017 23:14:00","5.5","Ammonium",0.492,"mg/L",25.0791,-80.3338,0
"1325","15852","SFER","10/09/2017 23:28:00","6","Ammonium",0.975,"mg/L",25.0634,-80.3154,0
"1326","15872","SFER","10/09/2017 23:59:00","6.5","Ammonium",0.33,"mg/L",25.0479,-80.289,0
"1327","15892","SFER","10/10/2017 01:03:00","MR","Ammonium",0.293,"mg/L",25.005,-80.3724,0
"1328","15902","SFER","10/10/2017 03:12:00","UKOFF","Ammonium",0.965,"mg/L",24.8978,-80.5276,0
"1329","159110","SFER","10/10/2017 03:36:00","UKMID","Ammonium",0.614,"mg/L",24.9217,-80.5466,0
"1330","15922","SFER","10/10/2017 03:48:00","UKIN","Ammonium",0.903,"mg/L",24.935,-80.565,0
"1331","15932","SFER","10/10/2017 05:31:00","7","Ammonium",0.725,"mg/L",24.8175,-80.7546,0
"1332","15942","SFER","10/10/2017 06:00:00","8","Ammonium",0.603,"mg/L",24.7926,-80.7424,0
"1333","15952","SFER","10/10/2017 06:35:00","9","Ammonium",1.373,"mg/L",24.7638,-80.7231,0
"1334","15982","SFER","10/10/2017 07:20:00","9.5","Ammonium",0.492,"mg/L",24.7238,-80.6884,0
"1335","15992","SFER","10/10/2017 08:42:00","12","Ammonium",0.499,"mg/L",24.713,-80.8294,0
"1336","16002","SFER","10/10/2017 09:23:00","11","Ammonium",0.741,"mg/L",24.7535,-80.8474,0
"1337","160110","SFER","10/10/2017 09:52:00","10","Ammonium",1.149,"mg/L",24.7882,-80.8599,0
"1338","16022","SFER","10/10/2017 11:25:00","13","Ammonium",0.348,"mg/L",24.702,-81.0302,0
"1339","16032","SFER","10/10/2017 11:52:00","14","Ammonium",0,"mg/L",24.677,-81.0234,0
"1340","16042","SFER","10/10/2017 12:24:00","15","Ammonium",0.088,"mg/L",24.6453,-81.0174,0
"1341","16072","SFER","10/10/2017 13:13:00","15.5","Ammonium",0.21,"mg/L",24.595,-80.994,0
"1342","16092","SFER","10/10/2017 14:46:00","18","Ammonium",0.021,"mg/L",24.5764,-81.18,0
"1343","161110","SFER","10/10/2017 15:43:00","17","Ammonium",0.658,"mg/L",24.6356,-81.1962,0
"1344","16122","SFER","10/10/2017 16:11:00","16","Ammonium",0.45,"mg/L",24.6764,-81.2062,0
"1345","16132","SFER","10/10/2017 17:56:00","19","Ammonium",0.413,"mg/L",24.6099,-81.4199,0
"1346","16142","SFER","10/10/2017 18:27:00","20","Ammonium",0.428,"mg/L",24.5744,-81.4198,0
"1347","16162","SFER","10/10/2017 18:59:00","21LK","Ammonium",0.145,"mg/L",24.5326,-81.415,0
"1348","16192","SFER","10/10/2017 20:13:00","21.5","Ammonium",0.215,"mg/L",24.4817,-81.3942,0
"1349","162110","SFER","10/10/2017 22:40:00","WS","Ammonium",0.487,"mg/L",24.476,-81.7191,0
"1350","16242","SFER","10/11/2017 00:05:00","22.5","Ammonium",0.474,"mg/L",24.396,-81.8294,0
"1351","16252","SFER","10/11/2017 00:45:00","22","Ammonium",2.661,"mg/L",24.4541,-81.831,0
"1352","16262","SFER","10/11/2017 01:13:00","23","Ammonium",1.238,"mg/L",24.4871,-81.8277,0
"1353","16272","SFER","10/11/2017 01:47:00","24","Ammonium",4.853,"mg/L",24.5371,-81.8292,0
"1354","16282","SFER","10/11/2017 08:51:00","68","Ammonium",0.596,"mg/L",24.9296,-81.1664,0
"1355","16292","SFER","10/11/2017 09:32:00","69","Ammonium",0.291,"mg/L",24.9299,-81.0955,0
"1356","16302","SFER","10/11/2017 10:13:00","70","Ammonium",3.632,"mg/L",24.9304,-81.0253,0
"1357","163110","SFER","10/11/2017 11:38:00","67","Ammonium",6.443,"mg/L",25.03,-81.1268,0
"1358","16322","SFER","10/11/2017 12:10:00","66","Ammonium",11.204,"mg/L",25.0687,-81.1085,0
"1359","16332","SFER","10/11/2017 12:40:00","65","Ammonium",4.215,"mg/L",25.1014,-81.0937,0
"1360","16342","SFER","10/11/2017 13:45:00","64","Ammonium",1.302,"mg/L",25.1661,-81.1579,0
"1361","16352","SFER","10/11/2017 14:18:00","63","Ammonium",0.314,"mg/L",25.1668,-81.2006,0
"1362","16362","SFER","10/11/2017 14:44:00","62","Ammonium",0.348,"mg/L",25.1668,-81.2349,0
"1363","16372","SFER","10/11/2017 15:15:00","61","Ammonium",0.578,"mg/L",25.1665,-81.2752,0
"1364","16382","SFER","10/11/2017 15:45:00","60","Ammonium",0.842,"mg/L",25.168,-81.3368,0
"1365","16392","SFER","10/11/2017 17:00:00","59","Ammonium",0.576,"mg/L",25.1666,-81.4901,0
"1366","16402","SFER","10/11/2017 18:25:00","58","Ammonium",0.427,"mg/L",25.1669,-81.654,0
"1367","164110","SFER","10/11/2017 20:08:00","57.3","Ammonium",0.068,"mg/L",25.3518,-81.6516,0
"1368","16422","SFER","10/11/2017 21:34:00","57.2","Ammonium",0.191,"mg/L",25.3494,-81.4908,0
"1369","16432","SFER","10/11/2017 23:02:00","57.1","Ammonium",0.931,"mg/L",25.351,-81.3361,0
"1370","16442","SFER","10/11/2017 23:52:00","57","Ammonium",0.781,"mg/L",25.351,-81.2529,0
"1371","16452","SFER","10/12/2017 00:28:00","56","Ammonium",0.838,"mg/L",25.3487,-81.2293,0
"1372","16462","SFER","10/12/2017 01:04:00","55","Ammonium",0.83,"mg/L",25.3505,-81.1939,0
"1373","16472","SFER","10/12/2017 02:08:00","54","Ammonium",0.596,"mg/L",25.344,-81.1534,0
"1374","16482","SFER","10/12/2017 04:11:00","53","Ammonium",0.72,"mg/L",25.4507,-81.2278,0
"1375","16492","SFER","10/12/2017 04:32:00","52","Ammonium",0.394,"mg/L",25.453,-81.2603,0
"1376","16502","SFER","10/12/2017 04:53:00","51","Ammonium",0.45,"mg/L",25.4538,-81.3086,0
"1377","165110","SFER","10/12/2017 05:19:00","50","Ammonium",1.184,"mg/L",25.4534,-81.3499,0
"1378","16522","SFER","10/12/2017 06:41:00","49","Ammonium",0.816,"mg/L",25.5831,-81.2923,0
"1379","16532","SFER","10/12/2017 07:05:00","48","Ammonium",0.424,"mg/L",25.5828,-81.3315,0
"1380","16542","SFER","10/12/2017 07:20:00","47","Ammonium",0.678,"mg/L",25.5829,-81.3626,0
"1381","16552","SFER","10/12/2017 07:46:00","46","Ammonium",0.294,"mg/L",25.5833,-81.407,0
"1382","16562","SFER","10/12/2017 08:20:00","45","Ammonium",0.607,"mg/L",25.5826,-81.4707,0
"1383","16582","SFER","10/12/2017 10:05:00","39","Ammonium",0.225,"mg/L",25.7826,-81.4821,0
"1384","16592","SFER","10/12/2017 10:35:00","40","Ammonium",0.294,"mg/L",25.7575,-81.525,0
"1385","16602","SFER","10/12/2017 10:59:00","41","Ammonium",0.574,"mg/L",25.733,-81.5745,0
"1386","166110","SFER","10/12/2017 12:24:00","42","Ammonium",0.396,"mg/L",25.6544,-81.7181,0
"1387","16632","SFER","10/12/2017 14:59:00","34","Ammonium",1.048,"mg/L",25.9506,-81.7664,0
"1388","16642","SFER","10/12/2017 15:33:00","33","Ammonium",0.503,"mg/L",25.912,-81.7993,0
"1389","16662","SFER","10/12/2017 16:04:00","32","Ammonium",0.452,"mg/L",25.8727,-81.8337,0
"1390","16682","SFER","10/12/2017 17:23:00","31","Ammonium",0.363,"mg/L",25.7416,-81.9443,0
"1391","16692","SFER","10/12/2017 19:03:00","30.5","Ammonium",0.086,"mg/L",25.5712,-82.0738,0
"1392","16702","SFER","10/12/2017 21:02:00","30","Ammonium",0.335,"mg/L",25.4012,-82.2107,0
"1393","167110","SFER","01/08/2018 17:21:00","3","Ammonium",0.567,"mg/L",25.6452,-80.0833,0
"1394","16722","SFER","01/08/2018 17:36:00","2","Ammonium",0.816,"mg/L",25.6411,-80.1042,0
"1395","16732","SFER","01/08/2018 17:40:00","1","Ammonium",1.425,"mg/L",25.6449,-80.1278,0
"1396","16742","SFER","01/08/2018 20:32:00","EKIN","Ammonium",0.536,"mg/L",25.3356,-80.2253,0
"1397","16752","SFER","01/08/2018 20:48:00","EKMID","Ammonium",0.872,"mg/L",25.3141,-80.1936,0
"1398","16762","SFER","01/08/2018 21:08:00","EKOFF","Ammonium",0.519,"mg/L",25.2939,-80.1602,0
"1399","16772","SFER","01/08/2018 23:30:00","4","Ammonium",0.818,"mg/L",25.108,-80.3796,0
"1400","16782","SFER","01/08/2018 23:43:00","5","Ammonium",0.887,"mg/L",25.0932,-80.3551,0
"1401","16802","SFER","01/09/2018 00:52:00","MR","Ammonium",0.779,"mg/L",25.007,-80.3743,0
"1402","168110","SFER","01/09/2018 03:12:00","UKIN","Ammonium",0.751,"mg/L",24.9468,-80.5643,0
"1403","16822","SFER","01/09/2018 03:23:00","UKMID","Ammonium",0.701,"mg/L",24.9211,-80.5467,0
"1404","16832","SFER","01/09/2018 03:36:00","UKOFF","Ammonium",0.658,"mg/L",24.8984,-80.5294,0
"1405","16842","SFER","01/09/2018 05:25:00","7","Ammonium",0.803,"mg/L",24.8317,-80.7576,0
"1406","16852","SFER","01/09/2018 05:52:00","8","Ammonium",0.83,"mg/L",24.7926,-80.7417,0
"1407","16872","SFER","01/09/2018 06:15:00","9","Ammonium",1.004,"mg/L",24.763,-80.724,0
"1408","16892","SFER","01/09/2018 06:52:00","9.5","Ammonium",0.563,"mg/L",24.7168,-80.6916,0
"1409","169110","SFER","01/09/2018 08:10:00","12","Ammonium",0.643,"mg/L",24.7138,-80.8334,0
"1410","16922","SFER","01/09/2018 08:35:00","11","Ammonium",0.787,"mg/L",24.753,-80.8472,0
"1411","16932","SFER","01/09/2018 08:58:00","10","Ammonium",0.551,"mg/L",24.7888,-80.8607,0
"1412","16942","SFER","01/09/2018 10:25:00","13","Ammonium",0.926,"mg/L",24.7012,-81.03,0
"1413","16952","SFER","01/09/2018 10:39:00","14","Ammonium",0.737,"mg/L",24.674,-81.0229,0
"1414","16962","SFER","01/09/2018 10:53:00","15","Ammonium",0.386,"mg/L",24.644,-81.0152,0
"1415","16972","SFER","01/09/2018 11:19:00","15.5","Ammonium",0.679,"mg/L",24.5914,-80.994,0
"1416","16992","SFER","01/09/2018 12:38:00","18","Ammonium",0.891,"mg/L",24.5768,-81.1812,0
"1417","17002","SFER","01/09/2018 13:16:00","17","Ammonium",0.953,"mg/L",24.6382,-81.1945,0
"1418","170110","SFER","01/09/2018 13:36:00","16","Ammonium",0.818,"mg/L",24.6734,-81.2047,0
"1419","17022","SFER","01/09/2018 15:15:00","19","Ammonium",0.949,"mg/L",24.6093,-81.4232,0
"1420","17032","SFER","01/09/2018 15:31:00","20","Ammonium",0.843,"mg/L",24.5744,-81.4185,0
"1421","17052","SFER","01/09/2018 15:49:00","21LK","Ammonium",3.303,"mg/L",24.5359,-81.4131,0
"1422","17062","SFER","01/09/2018 17:03:00","21.5","Ammonium",0.856,"mg/L",24.4825,-81.3911,0
"1423","17082","SFER","01/09/2018 19:23:00","WS","Ammonium",0.676,"mg/L",24.4772,-81.7174,0
"1424","17092","SFER","01/09/2018 21:02:00","22.5","Ammonium",0.849,"mg/L",24.3952,-81.8246,0
"1425","171010","SFER","01/09/2018 21:38:00","22","Ammonium",0.703,"mg/L",24.4543,-81.8281,0
"1426","171110","SFER","01/09/2018 21:52:00","23","Ammonium",0.526,"mg/L",24.4874,-81.828,0
"1427","17122","SFER","01/09/2018 22:14:00","24","Ammonium",0.856,"mg/L",24.5364,-81.828,0
"1428","17132","SFER","01/10/2018 04:55:00","68","Ammonium",1.112,"mg/L",24.9298,-81.1664,0
"1429","17142","SFER","01/10/2018 05:35:00","69","Ammonium",2.387,"mg/L",24.9297,-81.093,0
"1430","17152","SFER","01/10/2018 06:05:00","70","Ammonium",2.305,"mg/L",24.93,-81.0243,0
"1431","17162","SFER","01/10/2018 07:09:00","67","Ammonium",1.049,"mg/L",25.0314,-81.1268,0
"1432","17172","SFER","01/10/2018 07:29:00","66","Ammonium",1.106,"mg/L",25.0716,-81.1079,0
"1433","17182","SFER","01/10/2018 07:45:00","65","Ammonium",1.39,"mg/L",25.0984,-81.0957,0
"1434","17192","SFER","01/10/2018 08:55:00","64","Ammonium",1.328,"mg/L",25.1665,-81.159,0
"1435","17202","SFER","01/10/2018 09:15:00","63","Ammonium",0.842,"mg/L",25.1671,-81.2006,0
"1436","172111","SFER","01/10/2018 09:30:00","62","Ammonium",0.955,"mg/L",25.1671,-81.2348,0
"1437","17222","SFER","01/10/2018 10:01:00","61","Ammonium",0.764,"mg/L",25.1661,-81.2757,0
"1438","17232","SFER","01/10/2018 10:30:00","60","Ammonium",0.928,"mg/L",25.1664,-81.3359,0
"1439","17242","SFER","01/10/2018 11:55:00","59","Ammonium",1.06,"mg/L",25.1672,-81.488,0
"1440","17272","SFER","01/10/2018 13:12:00","58","Ammonium",0.425,"mg/L",25.1658,-81.6539,0
"1441","17292","SFER","01/10/2018 14:54:00","57.3","Ammonium",0.722,"mg/L",25.3494,-81.6539,0
"1442","17302","SFER","01/10/2018 16:48:00","57.2","Ammonium",0.755,"mg/L",25.3506,-81.4891,0
"1443","173110","SFER","01/10/2018 18:27:00","57.1","Ammonium",0.834,"mg/L",25.3505,-81.3351,0
"1444","17332","SFER","01/10/2018 19:26:00","57","Ammonium",1.224,"mg/L",25.3505,-81.2641,0
"1445","17352","SFER","01/10/2018 20:13:00","56","Ammonium",1.21,"mg/L",25.3518,-81.2292,0
"1446","17362","SFER","01/10/2018 20:47:00","55","Ammonium",0.959,"mg/L",25.3495,-81.1945,0
"1447","17382","SFER","01/10/2018 22:00:00","54","Ammonium",1.226,"mg/L",25.3407,-81.1563,0
"1448","17392","SFER","01/10/2018 23:55:00","53","Ammonium",1.425,"mg/L",25.4503,-81.2248,0
"1449","17402","SFER","01/11/2018 00:12:00","52","Ammonium",1.063,"mg/L",25.4532,-81.26,0
"1450","174110","SFER","01/11/2018 00:35:00","51","Ammonium",1.169,"mg/L",25.454,-81.3079,0
"1451","17422","SFER","01/11/2018 00:59:00","50","Ammonium",0.867,"mg/L",25.4546,-81.3509,0
"1452","17442","SFER","01/11/2018 02:05:00","49","Ammonium",1.221,"mg/L",25.5839,-81.2912,0
"1453","17452","SFER","01/11/2018 02:42:00","48","Ammonium",1.188,"mg/L",25.5831,-81.3326,0
"1454","17462","SFER","01/11/2018 02:55:00","47","Ammonium",0.924,"mg/L",25.5833,-81.3662,0
"1455","17472","SFER","01/11/2018 03:11:00","46","Ammonium",0.911,"mg/L",25.5838,-81.4084,0
"1456","17492","SFER","01/11/2018 03:40:00","45","Ammonium",0.755,"mg/L",25.5837,-81.4704,0
"1457","17502","SFER","01/11/2018 05:13:00","39","Ammonium",0.908,"mg/L",25.7826,-81.4817,0
"1458","175111","SFER","01/11/2018 05:33:00","40","Ammonium",0.938,"mg/L",25.7571,-81.5247,0
"1459","17522","SFER","01/11/2018 06:00:00","41","Ammonium",1.089,"mg/L",25.7331,-81.576,0
"1460","17532","SFER","01/11/2018 07:10:00","42","Ammonium",1.305,"mg/L",25.6553,-81.7187,0
"1461","17542","SFER","01/11/2018 09:17:00","34","Ammonium",1.076,"mg/L",25.9475,-81.7704,0
"1462","17562","SFER","01/11/2018 09:37:00","33","Ammonium",1.232,"mg/L",25.9114,-81.7998,0
"1463","17572","SFER","01/11/2018 10:09:00","32","Ammonium",1.002,"mg/L",25.8736,-81.8343,0
"1464","17582","SFER","01/11/2018 11:20:00","31","Ammonium",0.904,"mg/L",25.7411,-81.9401,0
"1465","17592","SFER","01/11/2018 13:03:00","30.5","Ammonium",0.961,"mg/L",25.567,-82.0801,0
"1466","176110","SFER","01/11/2018 15:29:00","30","Ammonium",0.985,"mg/L",25.4018,-82.2105,0
"1467","17622","SFER","01/11/2018 17:30:00","M01","Ammonium",0.842,"mg/L",25.2288,-82.1383,0
"1468","17632","SFER","01/11/2018 18:35:00","M02","Ammonium",1.247,"mg/L",25.1229,-82.1,0
"1469","17642","SFER","01/11/2018 19:29:00","M03","Ammonium",1.245,"mg/L",25.04,-82.0652,0
"1470","17652","SFER","01/11/2018 20:30:00","M04","Ammonium",1.019,"mg/L",24.9394,-82.0223,0
"1471","17662","SFER","01/11/2018 21:29:00","M05","Ammonium",1.238,"mg/L",24.8353,-81.9789,0
"1472","17692","SFER","03/08/2018 16:00:00","3","Ammonium",0.146,"mg/L",25.6449,-80.0831,0
"1473","17702","SFER","03/08/2018 17:20:00","2","Ammonium",0.309,"mg/L",25.6424,-80.104,0
"1474","177110","SFER","03/08/2018 17:49:00","1","Ammonium",0.426,"mg/L",25.6452,-80.1269,0
"1475","17722","SFER","03/08/2018 20:42:00","EKOFF","Ammonium",0.485,"mg/L",25.2956,-80.1606,0
"1476","17732","SFER","03/08/2018 21:03:00","EKMID","Ammonium",0.583,"mg/L",25.3147,-80.1959,0
"1477","17742","SFER","03/08/2018 21:22:00","EKIN","Ammonium",0.626,"mg/L",25.3246,-80.2174,0
"1478","17752","SFER",NA,"6.5","Ammonium",0.6,"mg/L",25.048,-80.2873,0
"1479","17762","SFER","03/09/2018 00:12:00","6","Ammonium",0.955,"mg/L",25.0649,-80.315,0
"1480","17772","SFER","03/09/2018 00:22:00","5.5","Ammonium",0.897,"mg/L",25.0768,-80.3298,0
"1481","17792","SFER","03/09/2018 01:41:00","MR","Ammonium",0.861,"mg/L",25.0061,-80.3803,0
"1482","17802","SFER","03/09/2018 04:00:00","UKOFF","Ammonium",0.612,"mg/L",24.8982,-80.5296,0
"1483","178110","SFER","03/09/2018 04:18:00","UKMID","Ammonium",0.387,"mg/L",24.921,-80.5473,0
"1484","17822","SFER","03/09/2018 04:35:00","UKIN","Ammonium",0.545,"mg/L",24.9361,-80.5674,0
"1485","17852","SFER","03/09/2018 06:45:00","9.5","Ammonium",0.946,"mg/L",24.7169,-80.6916,0
"1486","17872","SFER","03/09/2018 07:40:00","9","Ammonium",0,"mg/L",24.7611,-80.7228,0
"1487","17882","SFER","03/09/2018 08:07:00","8","Ammonium",0.55,"mg/L",24.7928,-80.7425,0
"1488","17892","SFER","03/09/2018 08:25:00","7","Ammonium",0.561,"mg/L",24.8112,-80.7553,0
"1489","179110","SFER","03/09/2018 09:45:00","12","Ammonium",0.76,"mg/L",24.7113,-80.8324,0
"1490","17922","SFER","03/09/2018 10:29:00","11","Ammonium",0.818,"mg/L",24.7538,-80.8481,0
"1491","17932","SFER","03/09/2018 12:40:00","14","Ammonium",0.658,"mg/L",24.6751,-81.0232,0
"1492","17942","SFER","03/09/2018 13:00:00","15","Ammonium",0.868,"mg/L",24.644,-81.0152,0
"1493","17952","SFER","03/09/2018 13:25:00","15.5","Ammonium",0.549,"mg/L",24.5918,-80.9915,0
"1494","17972","SFER","03/09/2018 14:59:00","18","Ammonium",0.812,"mg/L",24.5978,-81.1872,0
"1495","17992","SFER","03/09/2018 15:24:00","17","Ammonium",1.212,"mg/L",24.6352,-81.193,0
"1496","18002","SFER","03/09/2018 15:51:00","16","Ammonium",0.916,"mg/L",24.6623,-81.1998,0
"1497","18032","SFER","03/09/2018 17:56:00","21.5","Ammonium",0.965,"mg/L",24.4857,-81.3856,0
"1498","18052","SFER","03/09/2018 19:05:00","21LK","Ammonium",1.177,"mg/L",24.5368,-81.413,0
"1499","18062","SFER","03/09/2018 19:50:00","20","Ammonium",0.881,"mg/L",24.5719,-81.418,0
"1500","18072","SFER","03/09/2018 20:08:00","19","Ammonium",1.193,"mg/L",24.6078,-81.4209,0
"1501","18092","SFER","03/09/2018 22:56:00","WS","Ammonium",0.784,"mg/L",24.4765,-81.7109,0
"1502","181010","SFER","03/10/2018 00:09:00","22.5","Ammonium",0.221,"mg/L",24.3974,-81.8272,0
"1503","181110","SFER","03/10/2018 00:26:00","22","Ammonium",0.431,"mg/L",24.4567,-81.8286,0
"1504","18122","SFER","03/10/2018 00:45:00","23","Ammonium",1.941,"mg/L",24.4868,-81.8267,0
"1505","18132","SFER","03/10/2018 01:08:00","24","Ammonium",0.568,"mg/L",24.536,-81.8282,0
"1506","18142","SFER","03/10/2018 08:40:00","68","Ammonium",0.689,"mg/L",24.9296,-81.1682,0
"1507","18152","SFER","03/10/2018 10:31:00","67","Ammonium",1.521,"mg/L",25.0298,-81.1266,0
"1508","18162","SFER","03/10/2018 15:37:00","58","Ammonium",0.537,"mg/L",25.166,-81.6525,0
"1509","18172","SFER","03/10/2018 16:18:00","59","Ammonium",0.767,"mg/L",25.1661,-81.492,0
"1510","18182","SFER","03/10/2018 17:43:00","60","Ammonium",1.405,"mg/L",25.1673,-81.338,0
"1511","18192","SFER","03/10/2018 18:30:00","61","Ammonium",1.301,"mg/L",25.1667,-81.2772,0
"1512","18202","SFER","03/10/2018 18:49:00","62","Ammonium",1.282,"mg/L",25.1666,-81.2354,0
"1513","182110","SFER","03/10/2018 20:45:00","56","Ammonium",1.063,"mg/L",25.3494,-81.2289,0
"1514","18222","SFER","03/10/2018 21:36:00","55","Ammonium",1.638,"mg/L",25.3522,-81.1995,0
"1515","18232","SFER","03/10/2018 22:50:00","54","Ammonium",1.893,"mg/L",25.3428,-81.1501,0
"1516","18252","SFER","03/11/2018 00:15:00","57","Ammonium",2.366,"mg/L",25.3532,-81.2656,0
"1517","18272","SFER","03/11/2018 01:03:00","57.1","Ammonium",1.467,"mg/L",25.3525,-81.3313,0
"1518","18292","SFER","03/11/2018 01:25:00","57.2","Ammonium",3.368,"mg/L",25.3519,-81.4912,0
"1519","183110","SFER","03/11/2018 03:40:00","57.3","Ammonium",1.996,"mg/L",25.3532,-81.6504,0
"1520","18322","SFER","03/11/2018 06:06:00","50","Ammonium",2.241,"mg/L",25.4519,-81.3501,0
"1521","18332","SFER","03/11/2018 06:25:00","51","Ammonium",2.24,"mg/L",25.4535,-81.3084,0
"1522","18342","SFER","03/11/2018 06:50:00","52","Ammonium",1.419,"mg/L",25.4542,-81.2723,0
"1523","18352","SFER","03/11/2018 07:58:00","48","Ammonium",1.617,"mg/L",25.5816,-81.329,0
"1524","18362","SFER","03/11/2018 08:25:00","49","Ammonium",0.683,"mg/L",25.5792,-81.311,0
"1525","18372","SFER","03/11/2018 09:12:00","47","Ammonium",2.868,"mg/L",25.5832,-81.3659,0
"1526","18382","SFER","03/11/2018 09:28:00","46","Ammonium",1.374,"mg/L",25.5835,-81.4082,0
"1527","18392","SFER","03/11/2018 09:53:00","45","Ammonium",1.996,"mg/L",25.5823,-81.4698,0
"1528","18402","SFER","03/11/2018 11:20:00","40","Ammonium",1.862,"mg/L",25.7618,-81.5221,0
"1529","184110","SFER","03/11/2018 11:51:00","39","Ammonium",1.88,"mg/L",25.7821,-81.4819,0
"1530","18422","SFER","03/11/2018 12:46:00","41","Ammonium",0.899,"mg/L",25.7324,-81.5744,0
"1531","18432","SFER","03/11/2018 13:56:00","42","Ammonium",0.398,"mg/L",25.6558,-81.7162,0
"1532","18442","SFER","03/11/2018 16:04:00","CK1","Ammonium",0.677,"mg/L",25.7393,-81.773,0
"1533","18452","SFER","03/11/2018 16:45:00","34","Ammonium",0.406,"mg/L",25.9493,-81.7685,0
"1534","18472","SFER","03/11/2018 17:28:00","33","Ammonium",0.537,"mg/L",25.913,-81.7993,0
"1535","18482","SFER","03/11/2018 18:03:00","32","Ammonium",0.357,"mg/L",25.874,-81.8326,0
"1536","18502","SFER","03/11/2018 19:11:00","31","Ammonium",0.569,"mg/L",25.7414,-81.9433,0
"1537","185110","SFER","03/11/2018 20:26:00","CK2","Ammonium",0.388,"mg/L",25.6496,-82.0151,0
"1538","18522","SFER","03/11/2018 21:16:00","30.5","Ammonium",0.55,"mg/L",25.567,-82.0801,0
"1539","18532","SFER","04/30/2018 13:20:00","1","Ammonium",0.075,"mg/L",25.6333,-80.126,0
"1540","18542","SFER","04/30/2018 13:40:00","2","Ammonium",0.203,"mg/L",25.6419,-80.1057,0
"1541","18552","SFER","04/30/2018 14:12:00","3","Ammonium",0.018,"mg/L",25.6475,-80.0805,0
"1542","18562","SFER","04/30/2018 16:52:00","EKIN","Ammonium",0.121,"mg/L",25.3352,-80.2243,0
"1543","18572","SFER","04/30/2018 17:09:00","EKMID","Ammonium",0.292,"mg/L",25.3151,-80.1948,0
"1544","18582","SFER","04/30/2018 17:27:00","EKOFF","Ammonium",0.263,"mg/L",25.2958,-80.1622,0
"1545","18592","SFER","04/30/2018 19:45:00","4","Ammonium",0.139,"mg/L",25.1075,-80.3799,0
"1546","18602","SFER","04/30/2018 19:59:00","5","Ammonium",0.08,"mg/L",25.0932,-80.3546,0
"1547","18622","SFER","04/30/2018 21:53:00","MR","Ammonium",0.086,"mg/L",25.0056,-80.375,0
"1548","18632","SFER","05/01/2018 00:33:00","UKOFF","Ammonium",0.169,"mg/L",24.8983,-80.529,0
"1549","18642","SFER","05/01/2018 00:48:00","UKIN","Ammonium",0.123,"mg/L",24.9339,-80.5646,0
"1550","18652","SFER","05/01/2018 00:48:00","UKMID","Ammonium",0.202,"mg/L",24.9221,-80.5475,0
"1551","18672","SFER","05/01/2018 02:30:00","7","Ammonium",0.121,"mg/L",24.8164,-80.7514,0
"1552","18682","SFER","05/01/2018 02:56:00","8","Ammonium",0.234,"mg/L",24.7925,-80.7414,0
"1553","18702","SFER","05/01/2018 03:15:00","9","Ammonium",0.198,"mg/L",24.7669,-80.7242,0
"1554","18722","SFER","05/01/2018 04:24:00","12","Ammonium",0.205,"mg/L",24.7144,-80.8225,0
"1555","18732","SFER","05/01/2018 05:16:00","11","Ammonium",0.199,"mg/L",24.7544,-80.847,0
"1556","18742","SFER","05/01/2018 05:35:00","10","Ammonium",0.126,"mg/L",24.7846,-80.8638,0
"1557","18752","SFER","05/01/2018 07:10:00","13","Ammonium",0.242,"mg/L",24.7017,-81.0322,0
"1558","18762","SFER","05/01/2018 07:22:00","14","Ammonium",0.246,"mg/L",24.6738,-81.0229,0
"1559","18772","SFER","05/01/2018 07:35:00","15","Ammonium",0.728,"mg/L",24.6437,-81.0166,0
"1560","18792","SFER","05/01/2018 08:50:00","18","Ammonium",0.09,"mg/L",24.5795,-81.18,0
"1561","18802","SFER","05/01/2018 09:32:00","17","Ammonium",0.333,"mg/L",24.6346,-81.1939,0
"1562","188110","SFER","05/01/2018 09:55:00","16","Ammonium",0.304,"mg/L",24.6722,-81.2048,0
"1563","18822","SFER","05/01/2018 11:35:00","19","Ammonium",0.331,"mg/L",24.6097,-81.4204,0
"1564","18832","SFER","05/01/2018 12:05:00","20","Ammonium",0.343,"mg/L",24.4184,-81.4182,0
"1565","18852","SFER","05/01/2018 12:25:00","21LK","Ammonium",0.139,"mg/L",24.537,-81.4114,0
"1566","18862","SFER","05/01/2018 13:34:00","21.5","Ammonium",0.225,"mg/L",24.4837,-81.3918,0
"1567","18882","SFER","05/01/2018 16:00:00","WS","Ammonium",0.08,"mg/L",24.4762,-81.7142,0
"1568","18892","SFER","05/01/2018 17:40:00","22.5","Ammonium",0.182,"mg/L",24.3983,-81.8289,0
"1569","18902","SFER","05/01/2018 18:10:00","22","Ammonium",0.148,"mg/L",24.4668,-81.8281,0
"1570","189110","SFER","05/01/2018 18:22:00","23","Ammonium",0.007,"mg/L",24.4864,-81.8278,0
"1571","18922","SFER","05/01/2018 18:45:00","24","Ammonium",0.175,"mg/L",24.5359,-81.828,0
"1572","18952","SFER","05/02/2018 02:01:00","30","Ammonium",0.163,"mg/L",25.4018,-82.2105,0
"1573","18962","SFER","05/02/2018 03:50:00","30.5","Ammonium",0.254,"mg/L",25.567,-82.0801,0
"1574","18972","SFER","05/02/2018 09:52:00","34","Ammonium",0.232,"mg/L",25.9486,-81.7673,0
"1575","18982","SFER","05/02/2018 10:18:00","33","Ammonium",0.299,"mg/L",25.9134,-81.7986,0
"1576","18992","SFER","05/02/2018 10:57:00","32","Ammonium",0.672,"mg/L",25.8508,-81.8182,0
"1577","19002","SFER","05/02/2018 12:34:00","42","Ammonium",0.289,"mg/L",25.6562,-81.7178,0
"1578","190110","SFER","05/02/2018 13:55:00","41","Ammonium",0.223,"mg/L",25.734,-81.5751,0
"1579","19022","SFER","05/02/2018 14:28:00","40","Ammonium",0.277,"mg/L",25.7595,-81.5222,0
"1580","19032","SFER","05/02/2018 14:47:00","39","Ammonium",0.096,"mg/L",25.7791,-81.4865,0
"1581","19042","SFER","05/02/2018 16:22:00","45","Ammonium",0.431,"mg/L",25.5821,-81.47,0
"1582","19052","SFER","05/02/2018 16:55:00","46","Ammonium",0.44,"mg/L",25.5833,-81.4075,0
"1583","19062","SFER","05/02/2018 17:12:00","47","Ammonium",0.218,"mg/L",25.5833,-81.3625,0
"1584","19072","SFER","05/02/2018 17:25:00","48","Ammonium",0.251,"mg/L",25.5834,-81.3311,0
"1585","19082","SFER","05/02/2018 17:45:00","49","Ammonium",0.143,"mg/L",25.5829,-81.2929,0
"1586","19092","SFER","05/02/2018 18:56:00","50","Ammonium",0.213,"mg/L",25.4522,-81.348,0
"1587","191010","SFER","05/02/2018 19:15:00","51","Ammonium",0.184,"mg/L",25.4532,-81.308,0
"1588","191111","SFER","05/02/2018 19:45:00","52","Ammonium",0.412,"mg/L",25.4539,-81.2608,0
"1589","19122","SFER","05/02/2018 20:04:00","53","Ammonium",0.397,"mg/L",25.4533,-81.2257,0
"1590","19132","SFER","05/02/2018 21:54:00","54","Ammonium",0.302,"mg/L",25.3409,-81.1542,0
"1591","19142","SFER","05/02/2018 22:44:00","55","Ammonium",0.227,"mg/L",25.3512,-81.1949,0
"1592","19152","SFER","05/02/2018 23:11:00","56","Ammonium",1.211,"mg/L",25.3495,-81.2247,0
"1593","19162","SFER","05/02/2018 23:54:00","57","Ammonium",0.219,"mg/L",25.3511,-81.2636,0
"1594","19172","SFER","05/03/2018 00:36:00","57.1","Ammonium",0.374,"mg/L",25.3524,-81.3424,0
"1595","19192","SFER","05/03/2018 01:41:00","57.2","Ammonium",0.556,"mg/L",25.3515,-81.4909,0
"1596","19202","SFER","05/03/2018 02:58:00","57.3","Ammonium",0.435,"mg/L",25.3441,-81.654,0
"1597","192110","SFER","05/03/2018 04:22:00","58","Ammonium",0.298,"mg/L",25.1701,-81.6568,0
"1598","19222","SFER","05/03/2018 05:57:00","59","Ammonium",0.157,"mg/L",25.1653,-81.4938,0
"1599","19232","SFER","05/03/2018 07:27:00","60","Ammonium",0.266,"mg/L",25.1683,-81.3358,0
"1600","19242","SFER","05/03/2018 07:53:00","61","Ammonium",0.264,"mg/L",25.1663,-81.2743,0
"1601","19252","SFER","05/03/2018 08:10:00","62","Ammonium",0,"mg/L",25.1668,-81.2376,0
"1602","19262","SFER","05/03/2018 08:37:00","63","Ammonium",0.2,"mg/L",25.1661,-81.1978,0
"1603","19272","SFER","05/03/2018 09:40:00","65","Ammonium",0.322,"mg/L",25.0985,-81.0972,0
"1604","19282","SFER","05/03/2018 10:08:00","66","Ammonium",0.265,"mg/L",25.0537,-81.1173,0
"1605","19292","SFER","05/03/2018 10:22:00","67","Ammonium",0.364,"mg/L",25.0289,-81.1242,0
"1606","19302","SFER","05/03/2018 11:10:00","68","Ammonium",0.223,"mg/L",24.9349,-81.1631,0
"1607","193110","SFER","05/03/2018 11:55:00","69","Ammonium",0.56,"mg/L",24.9299,-81.0918,0
"1608","19322","SFER","05/03/2018 12:37:00","70","Ammonium",0.812,"mg/L",24.93,-81.0261,0
"1609","19332","SFER","06/22/2018 13:58:00","1","Ammonium",0.802,"mg/L",25.6463,-80.083,0
"1610","19352","SFER","06/22/2018 14:26:00","2","Ammonium",0.579,"mg/L",25.6421,-80.1044,0
"1611","19362","SFER","06/22/2018 15:10:00","3","Ammonium",0.805,"mg/L",25.5816,-80.0843,0
"1612","19372","SFER","06/22/2018 17:55:00","EKOFF","Ammonium",0.291,"mg/L",25.2958,-80.1643,0
"1613","19382","SFER","06/22/2018 18:10:00","EKMID","Ammonium",0.373,"mg/L",25.3144,-80.1956,0
"1614","19392","SFER","06/22/2018 18:24:00","EKIN","Ammonium",0.459,"mg/L",25.3325,-80.2193,0
"1615","19402","SFER","06/22/2018 21:20:00","6.5","Ammonium",0.44,"mg/L",25.0489,-80.2871,0
"1616","194111","SFER","06/22/2018 21:34:00","6","Ammonium",0.325,"mg/L",25.0638,-80.3135,0
"1617","19422","SFER","06/22/2018 21:44:00","5.5","Ammonium",0.366,"mg/L",25.0765,-80.3304,0
"1618","19442","SFER","06/22/2018 23:05:00","MR","Ammonium",0.5,"mg/L",25.0095,-80.3819,0
"1619","19452","SFER","06/23/2018 00:53:00","UKOFF","Ammonium",0.592,"mg/L",24.8991,-80.5258,0
"1620","19462","SFER","06/23/2018 01:15:00","UKMID","Ammonium",0.405,"mg/L",24.9179,-80.5456,0
"1621","19472","SFER","06/23/2018 01:34:00","UKIN","Ammonium",0.41,"mg/L",24.9341,-80.5638,0
"1622","19502","SFER","06/23/2018 03:54:00","9.5","Ammonium",0.312,"mg/L",24.7166,-80.6862,0
"1623","19532","SFER","06/23/2018 04:56:00","9","Ammonium",0.484,"mg/L",24.7629,-80.7245,0
"1624","19542","SFER","06/23/2018 05:24:00","8","Ammonium",0.57,"mg/L",24.7917,-80.7412,0
"1625","19552","SFER","06/23/2018 05:46:00","7","Ammonium",1.107,"mg/L",24.8146,-80.7573,0
"1626","19572","SFER","06/23/2018 07:15:00","12","Ammonium",0.68,"mg/L",24.7117,-80.8313,0
"1627","19582","SFER","06/23/2018 07:37:00","11","Ammonium",0.77,"mg/L",24.7552,-80.8474,0
"1628","19592","SFER","06/23/2018 08:06:00","10","Ammonium",0.762,"mg/L",24.7831,-80.8626,0
"1629","19602","SFER","06/23/2018 10:34:00","15.5","Ammonium",0.887,"mg/L",24.5917,-80.9914,0
"1630","196110","SFER","06/23/2018 11:00:00","15","Ammonium",0.731,"mg/L",24.643,-81.0169,0
"1631","19622","SFER","06/23/2018 11:18:00","14","Ammonium",0.419,"mg/L",24.6748,-81.0234,0
"1632","19632","SFER","06/23/2018 11:37:00","13","Ammonium",0.705,"mg/L",24.7014,-81.03,0
"1633","19662","SFER","06/23/2018 13:16:00","18","Ammonium",0.134,"mg/L",24.5983,-81.1816,0
"1634","19672","SFER","06/23/2018 13:45:00","16","Ammonium",2.649,"mg/L",24.6729,-81.2044,0
"1635","19682","SFER","06/23/2018 13:45:00","17","Ammonium",0.438,"mg/L",24.6339,-81.1928,0
"1636","19692","SFER","06/23/2018 16:48:00","21.5","Ammonium",0.45,"mg/L",24.4829,-81.391,0
"1637","19722","SFER","06/23/2018 17:15:00","21LK","Ammonium",0.632,"mg/L",24.5378,-81.4133,0
"1638","19732","SFER","06/23/2018 18:16:00","20","Ammonium",0.434,"mg/L",24.5765,-81.4188,0
"1639","19742","SFER","06/23/2018 18:34:00","19","Ammonium",1.058,"mg/L",24.609,-81.421,0
"1640","19762","SFER","06/23/2018 21:03:00","WS","Ammonium",0.008,"mg/L",24.4751,-81.7144,0
"1641","19772","SFER","06/23/2018 22:47:00","22.5","Ammonium",0.184,"mg/L",24.3965,-81.8287,0
"1642","19782","SFER","06/23/2018 23:15:00","22","Ammonium",0.204,"mg/L",24.4522,-81.8289,0
"1643","19792","SFER","06/24/2018 00:41:00","24","Ammonium",0.214,"mg/L",24.5368,-81.8281,0
"1644","19822","SFER","06/24/2018 07:39:00","30","Ammonium",0.101,"mg/L",25.4015,-82.211,0
"1645","19832","SFER","06/24/2018 09:22:00","30.5","Ammonium",0.102,"mg/L",25.572,-82.0743,0
"1646","19852","SFER","06/24/2018 10:46:00","31","Ammonium",0,"mg/L",25.7415,-81.9437,0
"1647","19862","SFER","06/24/2018 12:04:00","32","Ammonium",0.03,"mg/L",25.8735,-81.8327,0
"1648","19882","SFER","06/24/2018 12:25:00","33","Ammonium",0.217,"mg/L",25.9111,-81.8004,0
"1649","19892","SFER","06/24/2018 13:05:00","34","Ammonium",0.111,"mg/L",25.9491,-81.7669,0
"1650","19902","SFER","06/24/2018 15:06:00","42","Ammonium",0.071,"mg/L",25.6567,-81.7191,0
"1651","199110","SFER","06/24/2018 16:20:00","41","Ammonium",0.04,"mg/L",25.7334,-81.575,0
"1652","19922","SFER","06/24/2018 16:51:00","40","Ammonium",0.206,"mg/L",25.7612,-81.5242,0
"1653","19932","SFER","06/24/2018 17:15:00","39","Ammonium",0.408,"mg/L",25.7821,-81.4822,0
"1654","19942","SFER","06/24/2018 18:50:00","45","Ammonium",0.27,"mg/L",25.5842,-81.4706,0
"1655","19952","SFER","06/24/2018 19:24:00","46","Ammonium",0.046,"mg/L",25.5831,-81.4112,0
"1656","19962","SFER","06/24/2018 19:40:00","47","Ammonium",0.17,"mg/L",25.5827,-81.3671,0
"1657","19972","SFER","06/24/2018 19:55:00","48","Ammonium",0.363,"mg/L",25.5829,-81.3304,0
"1658","19982","SFER","06/24/2018 20:16:00","49","Ammonium",0.264,"mg/L",25.5801,-81.3043,0
"1659","19992","SFER","06/24/2018 20:27:00","50","Ammonium",0.174,"mg/L",25.4533,-81.35,0
"1660","20002","SFER","06/24/2018 21:46:00","51","Ammonium",0.313,"mg/L",25.4534,-81.3092,0
"1661","200110","SFER","06/24/2018 22:18:00","52","Ammonium",0.406,"mg/L",25.454,-81.2721,0
"1662","20022","SFER","06/24/2018 23:44:00","23","Ammonium",0.276,"mg/L",24.4806,-81.8279,0
"1663","20032","SFER","06/24/2018 23:48:00","56","Ammonium",0.3,"mg/L",25.3503,-81.2285,0
"1664","20042","SFER","06/25/2018 00:49:00","55","Ammonium",0.266,"mg/L",25.3517,-81.1989,0
"1665","20052","SFER","06/25/2018 02:17:00","54","Ammonium",0.622,"mg/L",25.3465,-81.1529,0
"1666","20072","SFER","06/25/2018 03:58:00","57","Ammonium",0.196,"mg/L",25.3513,-81.2682,0
"1667","20092","SFER","06/25/2018 05:06:00","57.1","Ammonium",0.239,"mg/L",25.3513,-81.353,0
"1668","201110","SFER","06/25/2018 06:14:00","57.2","Ammonium",0.212,"mg/L",25.3521,-81.4898,0
"1669","20132","SFER","06/25/2018 07:33:00","57.3","Ammonium",0.18,"mg/L",25.3534,-81.6544,0
"1670","20152","SFER","06/25/2018 09:10:00","58","Ammonium",0,"mg/L",25.1664,-81.6534,0
"1671","20172","SFER","06/25/2018 10:19:00","59","Ammonium",0.38,"mg/L",25.1668,-81.4894,0
"1672","20192","SFER","06/25/2018 11:33:00","60","Ammonium",0.187,"mg/L",25.1661,-81.3354,0
"1673","20202","SFER","06/25/2018 12:03:00","61","Ammonium",0.214,"mg/L",25.167,-81.2759,0
"1674","202110","SFER","06/25/2018 12:20:00","62","Ammonium",0.14,"mg/L",25.1662,-81.2357,0
"1675","20222","SFER","06/25/2018 12:39:00","63","Ammonium",0.488,"mg/L",25.1659,-81.199,0
"1676","20232","SFER","06/25/2018 13:01:00","64","Ammonium",0.22,"mg/L",25.1657,-81.1578,0
"1677","20242","SFER","06/25/2018 14:33:00","67","Ammonium",0.379,"mg/L",25.032,-81.128,0
"1678","20252","SFER","06/25/2018 14:50:00","66","Ammonium",0.507,"mg/L",25.0684,-81.1082,0
"1679","20262","SFER","06/25/2018 15:09:00","65","Ammonium",0.324,"mg/L",25.1007,-81.0928,0
"1680","20272","SFER","06/25/2018 16:55:00","70","Ammonium",0.209,"mg/L",24.931,-81.0262,0
"1681","20282","SFER","06/25/2018 17:24:00","69","Ammonium",0.108,"mg/L",24.9303,-81.0928,0
"1682","20292","SFER","06/25/2018 17:59:00","68","Ammonium",0.136,"mg/L",24.9296,-81.1682,0
"1683","20302","SFER","08/06/2018 14:43:00","1","Ammonium",0.909,"mg/L",25.6453,-80.1269,0
"1684","203110","SFER","08/06/2018 14:57:00","2","Ammonium",0.477,"mg/L",25.6421,-80.1044,0
"1685","20322","SFER","08/06/2018 15:26:00","3","Ammonium",0.507,"mg/L",25.6447,-80.0812,0
"1686","20332","SFER","08/06/2018 17:53:00","EKIN","Ammonium",0.097,"mg/L",25.3349,-80.2241,0
"1687","20342","SFER","08/06/2018 18:08:00","EKMID","Ammonium",0.536,"mg/L",25.3147,-80.1943,0
"1688","20352","SFER","08/06/2018 18:23:00","EKOFF","Ammonium",1.231,"mg/L",25.2955,-80.1626,0
"1689","20362","SFER","08/06/2018 20:26:00","4","Ammonium",0.904,"mg/L",25.1076,-80.3797,0
"1690","20372","SFER","08/06/2018 20:38:00","5","Ammonium",0.663,"mg/L",25.0931,-80.3541,0
"1691","20382","SFER","08/06/2018 20:50:00","5.5","Ammonium",0.999,"mg/L",25.0789,-80.3337,0
"1692","20392","SFER","08/06/2018 20:59:00","6","Ammonium",1.306,"mg/L",25.0676,-80.3178,0
"1693","20402","SFER","08/06/2018 21:12:00","6.5","Ammonium",0.32,"mg/L",25.0499,-80.2892,0
"1694","20422","SFER","08/06/2018 21:52:00","MR","Ammonium",1.346,"mg/L",25.0068,-80.3712,0
"1695","20432","SFER","08/06/2018 23:58:00","UKOFF","Ammonium",0.983,"mg/L",24.8973,-80.5282,0
"1696","20442","SFER","08/07/2018 00:10:00","UKMID","Ammonium",0.366,"mg/L",24.9199,-80.5456,0
"1697","20452","SFER","08/07/2018 00:19:00","UKIN","Ammonium",0.129,"mg/L",24.9322,-80.5622,0
"1698","20462","SFER","08/07/2018 01:47:00","7","Ammonium",1.001,"mg/L",24.8163,-80.7534,0
"1699","20472","SFER","08/07/2018 02:09:00","8","Ammonium",0.592,"mg/L",24.7927,-80.7411,0
"1700","20482","SFER","08/07/2018 02:25:00","9","Ammonium",0.459,"mg/L",24.7649,-80.7248,0
"1701","205110","SFER","08/07/2018 03:01:00","9.5","Ammonium",0.26,"mg/L",24.7179,-80.6935,0
"1702","20532","SFER","08/07/2018 04:08:00","12","Ammonium",0.358,"mg/L",24.7117,-80.8293,0
"1703","20542","SFER","08/07/2018 04:55:00","11","Ammonium",0.752,"mg/L",24.753,-80.8478,0
"1704","20552","SFER","08/07/2018 05:10:00","10","Ammonium",0.76,"mg/L",24.7808,-80.8611,0
"1705","20562","SFER","08/07/2018 06:34:00","13","Ammonium",0.754,"mg/L",24.7012,-81.0311,0
"1706","20572","SFER","08/07/2018 06:46:00","14","Ammonium",0.521,"mg/L",24.676,-81.0241,0
"1707","20582","SFER","08/07/2018 07:01:00","15","Ammonium",0.342,"mg/L",24.6438,-81.017,0
"1708","20592","SFER","08/07/2018 07:25:00","15.5","Ammonium",0.471,"mg/L",24.5903,-80.9936,0
"1709","20622","SFER","08/07/2018 08:34:00","18","Ammonium",0.79,"mg/L",24.578,-81.1797,0
"1710","20632","SFER","08/07/2018 09:16:00","17","Ammonium",0.753,"mg/L",24.6385,-81.1945,0
"1711","20652","SFER","08/07/2018 09:30:00","16","Ammonium",0.585,"mg/L",24.6692,-81.2026,0
"1712","20662","SFER","08/07/2018 11:15:00","19","Ammonium",0.653,"mg/L",24.6069,-81.4224,0
"1713","20672","SFER","08/07/2018 11:29:00","20","Ammonium",0.245,"mg/L",24.5759,-81.4185,0
"1714","20692","SFER","08/07/2018 11:50:00","21LK","Ammonium",0.495,"mg/L",24.5378,-81.4163,0
"1715","20702","SFER","08/07/2018 13:08:00","21.5","Ammonium",0.412,"mg/L",24.4828,-81.391,0
"1716","20722","SFER","08/07/2018 15:15:00","WS","Ammonium",0,"mg/L",24.4745,-81.7129,0
"1717","20732","SFER","08/07/2018 16:39:00","22.5","Ammonium",0,"mg/L",24.3969,-81.8256,0
"1718","20742","SFER","08/07/2018 17:03:00","22","Ammonium",0,"mg/L",24.4521,-81.8286,0
"1719","20752","SFER","08/07/2018 17:16:00","23","Ammonium",0,"mg/L",24.4841,-81.8282,0
"1720","20762","SFER","08/07/2018 17:37:00","24","Ammonium",0,"mg/L",24.5367,-81.8286,0
"1721","20782","SFER","08/08/2018 00:44:00","30","Ammonium",0,"mg/L",25.401,-82.2093,0
"1722","20792","SFER","08/08/2018 02:14:00","30.5","Ammonium",0,"mg/L",25.5725,-82.0743,0
"1723","208111","SFER","08/08/2018 03:38:00","31","Ammonium",0.287,"mg/L",25.7402,-81.9459,0
"1724","20822","SFER","08/08/2018 04:57:00","32","Ammonium",0,"mg/L",25.8728,-81.8351,0
"1725","20842","SFER","08/08/2018 05:17:00","33","Ammonium",0,"mg/L",25.9125,-81.8008,0
"1726","20852","SFER","08/08/2018 06:03:00","34","Ammonium",0.035,"mg/L",25.9473,-81.7669,0
"1727","20862","SFER","08/08/2018 08:15:00","42","Ammonium",0,"mg/L",25.6541,-81.7178,0
"1728","20882","SFER","08/08/2018 09:28:00","41","Ammonium",0.039,"mg/L",25.732,-81.5757,0
"1729","20892","SFER","08/08/2018 10:01:00","40","Ammonium",0.359,"mg/L",25.7568,-81.5261,0
"1730","20902","SFER","08/08/2018 10:16:00","39","Ammonium",0.336,"mg/L",25.7736,-81.494,0
"1731","20922","SFER","08/08/2018 11:42:00","45","Ammonium",0.054,"mg/L",25.5839,-81.4706,0
"1732","20932","SFER","08/08/2018 12:22:00","46","Ammonium",0.131,"mg/L",25.5834,-81.4083,0
"1733","20942","SFER","08/08/2018 12:51:00","47","Ammonium",0.106,"mg/L",25.584,-81.3575,0
"1734","20952","SFER","08/08/2018 13:07:00","48","Ammonium",0.099,"mg/L",25.5833,-81.3289,0
"1735","20962","SFER","08/08/2018 13:30:00","49","Ammonium",0.06,"mg/L",25.5833,-81.2914,0
"1736","20972","SFER","08/08/2018 14:47:00","50","Ammonium",0,"mg/L",25.4537,-81.3487,0
"1737","20992","SFER","08/08/2018 15:05:00","51","Ammonium",0,"mg/L",25.4533,-81.3077,0
"1738","210011","SFER","08/08/2018 15:37:00","52","Ammonium",0.059,"mg/L",25.4534,-81.2611,0
"1739","210110","SFER","08/08/2018 15:52:00","53","Ammonium",0,"mg/L",25.4535,-81.2255,0
"1740","21022","SFER","08/08/2018 17:28:00","54","Ammonium",0.171,"mg/L",25.3426,-81.1542,0
"1741","21032","SFER","08/08/2018 18:34:00","55","Ammonium",0.059,"mg/L",25.3502,-81.1938,0
"1742","21042","SFER","08/08/2018 19:09:00","56","Ammonium",0.439,"mg/L",25.3504,-81.2276,0
"1743","21052","SFER","08/08/2018 19:47:00","57","Ammonium",1.174,"mg/L",25.3527,-81.266,0
"1744","21062","SFER","08/08/2018 20:33:00","57.1","Ammonium",1.934,"mg/L",25.3519,-81.3369,0
"1745","21082","SFER","08/08/2018 21:48:00","57.2","Ammonium",2.384,"mg/L",25.352,-81.4903,0
"1746","211010","SFER","08/08/2018 23:15:00","57.3","Ammonium",2.162,"mg/L",25.3514,-81.6568,0
"1747","21122","SFER","08/09/2018 00:55:00","58","Ammonium",2.231,"mg/L",25.1636,-81.6515,0
"1748","21132","SFER","08/09/2018 02:05:00","59","Ammonium",2.016,"mg/L",25.1671,-81.4877,0
"1749","21142","SFER","08/09/2018 03:12:00","60","Ammonium",2.428,"mg/L",25.1671,-81.3357,0
"1750","21152","SFER","08/09/2018 03:44:00","61","Ammonium",2.28,"mg/L",25.166,-81.2767,0
"1751","21162","SFER","08/09/2018 04:07:00","62","Ammonium",1.65,"mg/L",25.1667,-81.2328,0
"1752","21172","SFER","08/09/2018 04:31:00","63","Ammonium",2.175,"mg/L",25.1667,-81.2019,0
"1753","21182","SFER","08/09/2018 04:51:00","64","Ammonium",1.963,"mg/L",25.1663,-81.1567,0
"1754","21192","SFER","08/09/2018 05:56:00","65","Ammonium",2.21,"mg/L",25.1014,-81.0938,0
"1755","21202","SFER","08/09/2018 06:22:00","66","Ammonium",1.449,"mg/L",25.0717,-81.1068,0
"1756","212110","SFER","08/09/2018 06:42:00","67","Ammonium",2.226,"mg/L",25.0283,-81.1276,0
"1757","21222","SFER","08/09/2018 08:25:00","70","Ammonium",2.035,"mg/L",24.9306,-81.0256,0
"1758","21232","SFER","08/09/2018 09:01:00","69","Ammonium",1.416,"mg/L",24.9282,-81.0957,0
"1759","21242","SFER","08/09/2018 09:41:00","68","Ammonium",2.201,"mg/L",24.9299,-81.1688,0
"1760","21252","SFER","10/12/2018 13:56:00","1","Ammonium",0.805,"mg/L",25.6447,-80.1253,0
"1761","21272","SFER","10/12/2018 14:22:00","2","Ammonium",0.338,"mg/L",25.642,-80.1043,0
"1762","21282","SFER","10/12/2018 15:11:00","3","Ammonium",0.315,"mg/L",25.6468,-80.0826,0
"1763","21302","SFER","10/12/2018 22:00:00","MR","Ammonium",0.329,"mg/L",25.0077,-80.37,0
"1764","21342","SFER","10/13/2018 07:30:00","21.5","Ammonium",0.295,"mg/L",24.4832,-81.3929,0
"1765","21362","SFER","10/13/2018 08:35:00","21LK","Ammonium",0.364,"mg/L",24.5359,-81.4133,0
"1766","21372","SFER","10/13/2018 09:25:00","20","Ammonium",0.341,"mg/L",24.5797,-81.4182,0
"1767","21382","SFER","10/13/2018 09:40:00","19","Ammonium",0.698,"mg/L",24.605,-81.4219,0
"1768","21402","SFER","10/13/2018 12:00:00","WS","Ammonium",0.455,"mg/L",24.4768,-81.7185,0
"1769","21422","SFER","10/13/2018 13:15:00","22","Ammonium",0.475,"mg/L",24.4552,-81.8313,0
"1770","21432","SFER","10/13/2018 13:59:00","23","Ammonium",0.221,"mg/L",24.4919,-81.8275,0
"1771","21452","SFER","10/13/2018 14:22:00","24","Ammonium",0.652,"mg/L",24.5396,-81.8287,0
"1772","21472","SFER","10/13/2018 15:35:00","KW1","Ammonium",0.285,"mg/L",24.6541,-81.904,0
"1773","21492","SFER","10/13/2018 16:25:00","KW2","Ammonium",0.365,"mg/L",24.7274,-81.9165,0
"1774","21502","SFER","10/13/2018 17:27:00","KW3","Ammonium",0.258,"mg/L",24.8208,-81.9574,0
"1775","21522","SFER","10/13/2018 19:40:00","KW4","Ammonium",0.331,"mg/L",25.0097,-82.0433,0
"1776","21542","SFER","10/13/2018 23:05:00","Z03076","Ammonium",0.476,"mg/L",25.3005,-82.1801,0
"1777","21562","SFER","10/14/2018 00:54:00","30","Ammonium",0.404,"mg/L",25.4016,-82.2104,0
"1778","21582","SFER","10/14/2018 01:46:00","RedTide","Ammonium",0.426,"mg/L",25.4364,-82.2542,0
"1779","21592","SFER","10/14/2018 04:13:00","30.5","Ammonium",0.575,"mg/L",25.5755,-82.0701,0
"1780","216110","SFER","10/14/2018 05:43:00","31","Ammonium",2.399,"mg/L",25.7419,-81.9424,0
"1781","21622","SFER","10/14/2018 07:09:00","32","Ammonium",0.548,"mg/L",25.8718,-81.8341,0
"1782","21642","SFER","10/14/2018 07:34:00","33","Ammonium",2.407,"mg/L",25.9118,-81.7988,0
"1783","21652","SFER","10/14/2018 08:12:00","34","Ammonium",3.326,"mg/L",25.9566,-81.7706,0
"1784","21672","SFER","10/14/2018 11:40:00","CAL5","Ammonium",0.861,"mg/L",26.1835,-82.2191,0
"1785","21692","SFER","10/14/2018 12:50:00","CAL4","Ammonium",1.517,"mg/L",26.2557,-82.1385,0
"1786","217110","SFER","10/14/2018 14:00:00","CAL3","Ammonium",1.291,"mg/L",26.3421,-82.0432,0
"1787","21732","SFER","10/14/2018 14:50:00","CAL2","Ammonium",0.968,"mg/L",26.3839,-82.0005,0
"1788","21742","SFER","10/14/2018 15:30:00","CAL1","Ammonium",3.595,"mg/L",26.4264,-81.9602,0
"1789","21772","SFER","10/14/2018 18:15:00","Z04068","Ammonium",1.105,"mg/L",26.4249,-82.3156,0
"1790","218110","SFER","10/14/2018 20:10:00","Z04067","Ammonium",1.254,"mg/L",26.4169,-82.3957,0
"1791","21822","SFER","10/15/2018 00:05:00","RP1","Ammonium",1.229,"mg/L",26.547,-82.2117,0
"1792","21842","SFER","10/15/2018 00:40:00","RP2","Ammonium",0.903,"mg/L",26.552,-82.2547,0
"1793","21872","SFER","10/15/2018 01:28:00","RP3","Ammonium",1.592,"mg/L",26.5504,-82.3314,0
"1794","21902","SFER","10/15/2018 02:54:00","RP4","Ammonium",1.24,"mg/L",26.5767,-82.4983,0
"1795","21922","SFER","10/15/2018 04:40:00","GP5","Ammonium",1.002,"mg/L",26.5949,-82.6976,0
"1796","21942","SFER","10/15/2018 05:57:00","GP4","Ammonium",1.084,"mg/L",26.6683,-82.5566,0
"1797","21962","SFER","10/15/2018 07:20:00","GP3","Ammonium",1.243,"mg/L",26.7438,-82.4189,0
"1798","21982","SFER","10/15/2018 08:05:00","GP2","Ammonium",1.055,"mg/L",26.7794,-82.3506,0
"1799","22002","SFER","10/15/2018 08:55:00","GP1","Ammonium",1.042,"mg/L",26.8047,-82.2971,0
"1800","22022","SFER","10/15/2018 12:30:00","Junkpile","Ammonium",0.388,"mg/L",26.4894,-82.3431,0
"1801","22032","SFER","10/15/2018 13:55:00","Z04093","Ammonium",0.597,"mg/L",26.5214,-82.2823,0
"1802","22052","SFER","10/15/2018 16:50:00","Z04110","Ammonium",0.309,"mg/L",26.6071,-82.4678,0
"1803","22072","SFER","10/15/2018 20:00:00","Z04610","Ammonium",0.34,"mg/L",26.6379,-82.5892,0
"1804","22092","SFER","10/15/2018 22:25:00","Z04099","Ammonium",0.35,"mg/L",26.5834,-82.7386,0
"1805","22118","SFER","10/16/2018 09:45:00","TB5","Ammonium",0.185,"mg/L",27.6181,-83.3021,0
"1806","22132","SFER","10/16/2018 11:35:00","TB4","Ammonium",0.468,"mg/L",27.619,-83.1346,0
"1807","22142","SFER","10/16/2018 13:10:00","TB3","Ammonium",0.668,"mg/L",27.6726,-83.0016,0
"1808","22162","SFER","10/16/2018 14:25:00","TB2","Ammonium",0.317,"mg/L",27.7413,-82.93,0
"1809","22182","SFER","10/16/2018 15:50:00","TB1","Ammonium",0.263,"mg/L",27.8013,-82.8828,0
"1810","22202","SFER","10/16/2018 16:40:00","TB6","Ammonium",0.569,"mg/L",27.8408,-82.8568,0
"1811","22222","SFER","10/16/2018 17:25:00","TB7","Ammonium",0.609,"mg/L",27.8405,-82.9433,0
"1812","22242","SFER","10/16/2018 18:10:00","TB8","Ammonium",0.388,"mg/L",27.8443,-83.026,0
"1813","22252","SFER","10/16/2018 20:25:00","CW1","Ammonium",0.471,"mg/L",28.0106,-82.8487,0
"1814","22272","SFER","10/16/2018 21:25:00","CW2","Ammonium",0.111,"mg/L",28.0172,-82.8941,0
"1815","22292","SFER","10/16/2018 21:55:00","CW3","Ammonium",0.459,"mg/L",28.0092,-82.9597,0
"1816","223110","SFER","10/16/2018 23:00:00","CW4","Ammonium",0.563,"mg/L",28.0106,-83.0791,0
"1817","22332","SFER","10/17/2018 00:35:00","TB9","Ammonium",0.436,"mg/L",27.8387,-83.1301,0
"1818","22352","SFER","10/17/2018 22:30:00","Z03198","Ammonium",0.612,"mg/L",25.5931,-81.9796,0
"1819","22372","SFER","10/18/2018 00:25:00","Z03146","Ammonium",0.586,"mg/L",25.5754,-82.0103,0
"1820","22382","SFER","10/18/2018 04:05:00","45","Ammonium",0.444,"mg/L",25.5844,-81.4708,0
"1821","22392","SFER","10/18/2018 04:45:00","46","Ammonium",0.683,"mg/L",25.5835,-81.4073,0
"1822","22402","SFER","10/18/2018 05:02:00","47","Ammonium",0.542,"mg/L",25.5837,-81.3627,0
"1823","224110","SFER","10/18/2018 05:18:00","48","Ammonium",0.759,"mg/L",25.5828,-81.3255,0
"1824","22422","SFER","10/18/2018 05:32:00","49","Ammonium",0.785,"mg/L",25.5813,-81.2939,0
"1825","22442","SFER","10/18/2018 06:39:00","51","Ammonium",0.493,"mg/L",25.452,-81.3097,0
"1826","22452","SFER","10/18/2018 08:00:00","55","Ammonium",3.893,"mg/L",25.348,-81.1955,0
"1827","22462","SFER","10/18/2018 09:00:00","54","Ammonium",3.908,"mg/L",25.3447,-81.154,0
"1828","22472","SFER","10/18/2018 10:00:00","56","Ammonium",2.102,"mg/L",25.3479,-81.2241,0
"1829","22482","SFER","10/18/2018 10:30:00","57","Ammonium",1.204,"mg/L",25.3509,-81.2661,0
"1830","22492","SFER","10/18/2018 11:20:00","57.1","Ammonium",0.968,"mg/L",25.3515,-81.3499,0
"1831","22502","SFER","10/18/2018 12:20:00","57.2","Ammonium",0.3,"mg/L",25.3508,-81.4926,0
"1832","22522","SFER","10/18/2018 13:40:00","57.3","Ammonium",0.394,"mg/L",25.3496,-81.6533,0
"1833","22542","SFER","10/18/2018 15:45:00","Z03116","Ammonium",0.382,"mg/L",25.3775,-81.9113,0
"1834","22552","SFER","10/18/2018 20:36:00","Z03027","Ammonium",0.36,"mg/L",25.1061,-81.785,0
"1835","22562","SFER","10/18/2018 23:50:00","58","Ammonium",0.389,"mg/L",25.1685,-81.6537,0
"1836","22572","SFER","10/19/2018 01:05:00","59","Ammonium",0.381,"mg/L",25.1662,-81.4906,0
"1837","22592","SFER","10/19/2018 02:20:00","60","Ammonium",0.255,"mg/L",25.1661,-81.3369,0
"1838","22602","SFER","10/19/2018 02:51:00","61","Ammonium",0.397,"mg/L",25.1667,-81.2724,0
"1839","226110","SFER","10/19/2018 03:07:00","62","Ammonium",0.463,"mg/L",25.1667,-81.2335,0
"1840","22622","SFER","10/19/2018 03:19:00","63","Ammonium",0.732,"mg/L",25.1668,-81.2041,0
"1841","22632","SFER","10/19/2018 05:25:00","68","Ammonium",0.392,"mg/L",24.9273,-81.168,0
"1842","22642","SFER","10/19/2018 08:08:00","16","Ammonium",0.425,"mg/L",24.6714,-81.2054,0
"1843","22652","SFER","10/19/2018 08:30:00","17","Ammonium",0.421,"mg/L",24.638,-81.1942,0
"1844","22672","SFER","10/19/2018 08:55:00","18","Ammonium",0.405,"mg/L",24.5976,-81.1867,0
"1845","22682","SFER","10/19/2018 12:55:00","7","Ammonium",0.604,"mg/L",24.8048,-80.7472,0
"1846","22692","SFER","10/19/2018 13:03:00","8","Ammonium",0.52,"mg/L",24.7869,-80.7382,0
"1847","227110","SFER","10/19/2018 13:25:00","9","Ammonium",0.555,"mg/L",24.7628,-80.7253,0
"1848","22722","SFER","12/17/2018 12:27:00","1","Ammonium",0.524,"mg/L",25.6446,-80.125,0
"1849","22742","SFER","12/17/2018 13:05:00","2","Ammonium",0.28,"mg/L",25.6421,-80.1042,0
"1850","22752","SFER","12/17/2018 13:30:00","3","Ammonium",0.277,"mg/L",25.6444,-80.082,0
"1851","22762","SFER","12/17/2018 16:06:00","EKIN","Ammonium",0.318,"mg/L",25.3348,-80.2246,0
"1852","22772","SFER","12/17/2018 16:22:00","EKMID","Ammonium",0.312,"mg/L",25.3144,-80.1944,0
"1853","22782","SFER","12/17/2018 16:36:00","EKOFF","Ammonium",0.36,"mg/L",25.2946,-80.1633,0
"1854","22792","SFER","12/17/2018 18:46:00","4","Ammonium",0.281,"mg/L",25.1084,-80.3793,0
"1855","22802","SFER","12/17/2018 19:00:00","5","Ammonium",0.345,"mg/L",25.0936,-80.3552,0
"1856","228110","SFER","12/17/2018 19:13:00","5.5","Ammonium",0.45,"mg/L",25.0804,-80.3331,0
"1857","22822","SFER","12/17/2018 19:24:00","6","Ammonium",0.356,"mg/L",25.0651,-80.3148,0
"1858","22832","SFER","12/17/2018 19:41:00","6.5","Ammonium",0.362,"mg/L",25.0481,-80.2878,0
"1859","22852","SFER","12/17/2018 20:30:00","MR","Ammonium",0.296,"mg/L",25.005,-80.3701,0
"1860","22862","SFER","12/17/2018 22:31:00","UKOFF","Ammonium",0.311,"mg/L",24.8984,-80.5272,0
"1861","22872","SFER","12/17/2018 22:42:00","UKMID","Ammonium",0.303,"mg/L",24.9211,-80.5468,0
"1862","22882","SFER","12/17/2018 22:53:00","UKIN","Ammonium",0.382,"mg/L",24.9345,-80.5651,0
"1863","22892","SFER","12/18/2018 00:31:00","7","Ammonium",0.496,"mg/L",24.8175,-80.7558,0
"1864","22902","SFER","12/18/2018 00:52:00","8","Ammonium",0.352,"mg/L",24.7922,-80.7499,0
"1865","22922","SFER","12/18/2018 01:08:00","9","Ammonium",0.398,"mg/L",24.7642,-80.7235,0
"1866","22942","SFER","12/18/2018 01:48:00","9.5","Ammonium",10.584,"mg/L",24.716,-80.6912,0
"1867","22962","SFER","12/18/2018 03:27:00","12","Ammonium",0.367,"mg/L",24.7129,-80.8312,0
"1868","22972","SFER","12/18/2018 04:02:00","11","Ammonium",0.38,"mg/L",24.7522,-80.8462,0
"1869","22982","SFER","12/18/2018 04:18:00","10","Ammonium",0.344,"mg/L",24.7818,-80.8625,0
"1870","22992","SFER","12/18/2018 05:51:00","13","Ammonium",0.449,"mg/L",24.7011,-81.0291,0
"1871","23002","SFER","12/18/2018 06:04:00","14","Ammonium",0.426,"mg/L",24.6754,-81.0227,0
"1872","230110","SFER","12/18/2018 06:17:00","15","Ammonium",0.41,"mg/L",24.6433,-81.0167,0
"1873","23022","SFER","12/18/2018 06:41:00","15.5","Ammonium",0.375,"mg/L",24.5926,-80.9917,0
"1874","23042","SFER","12/18/2018 08:15:00","18","Ammonium",0.431,"mg/L",24.5975,-81.1838,0
"1875","23052","SFER","12/18/2018 08:50:00","17","Ammonium",0.284,"mg/L",24.6346,-81.1934,0
"1876","23072","SFER","12/18/2018 09:10:00","16","Ammonium",0.393,"mg/L",24.6716,-81.2037,0
"1877","23082","SFER","12/18/2018 10:50:00","19","Ammonium",0.487,"mg/L",24.6098,-81.4216,0
"1878","23092","SFER","12/18/2018 11:06:00","20","Ammonium",0.323,"mg/L",24.574,-81.4184,0
"1879","231110","SFER","12/18/2018 11:30:00","21LK","Ammonium",0.352,"mg/L",24.5355,-81.4148,0
"1880","23122","SFER","12/18/2018 12:21:00","21.5","Ammonium",0.202,"mg/L",24.4837,-81.3915,0
"1881","23142","SFER","12/18/2018 14:55:00","WS","Ammonium",0.346,"mg/L",24.4762,-81.7176,0
"1882","23152","SFER","12/18/2018 16:24:00","22.5","Ammonium",0.249,"mg/L",24.3979,-81.8276,0
"1883","23162","SFER","12/18/2018 17:00:00","22","Ammonium",0.32,"mg/L",24.4551,-81.8278,0
"1884","23172","SFER","12/18/2018 17:10:00","23","Ammonium",0.333,"mg/L",24.4858,-81.8278,0
"1885","23182","SFER","12/18/2018 17:30:00","24","Ammonium",0.432,"mg/L",24.5368,-81.8283,0
"1886","23222","SFER","12/19/2018 01:05:00","9","Ammonium",0.211,"mg/L",24.7602,-80.7189,0
"1887","23242","SFER","01/28/2019 19:05:00","MR","Ammonium",0.139,"mg/L",25.0059,-80.3711,0
"1888","23262","SFER","01/29/2019 04:09:00","21LK","Ammonium",0.058,"mg/L",24.5356,-81.4146,0
"1889","23292","SFER","01/29/2019 06:53:00","WS","Ammonium",0.065,"mg/L",24.4781,-81.7173,0
"1890","23302","SFER","01/29/2019 08:30:00","22.5","Ammonium",0.073,"mg/L",24.3998,-81.8299,0
"1891","233110","SFER","01/29/2019 08:56:00","22","Ammonium",0.059,"mg/L",24.4519,-81.8279,0
"1892","23322","SFER","01/29/2019 09:11:00","23","Ammonium",0.069,"mg/L",24.4869,-81.8281,0
"1893","23332","SFER","01/29/2019 09:34:00","24","Ammonium",0.244,"mg/L",24.5361,-81.8288,0
"1894","23342","SFER","01/29/2019 10:45:00","KW1","Ammonium",0.265,"mg/L",24.6653,-81.9047,0
"1895","23352","SFER","01/29/2019 11:21:00","KW2","Ammonium",0.334,"mg/L",24.7362,-81.9234,0
"1896","23362","SFER","01/29/2019 12:14:00","KW3","Ammonium",0.337,"mg/L",24.8325,-81.952,0
"1897","23382","SFER","01/29/2019 13:44:00","KW4","Ammonium",0.253,"mg/L",25.0144,-82.0412,0
"1898","23402","SFER","01/29/2019 16:46:00","30","Ammonium",0,"mg/L",25.4018,-82.2097,0
"1899","234111","SFER","01/29/2019 18:26:00","30.5","Ammonium",0.141,"mg/L",25.572,-82.0752,0
"1900","23432","SFER","01/29/2019 19:52:00","31","Ammonium",0.725,"mg/L",25.7418,-81.943,0
"1901","23442","SFER","01/29/2019 21:07:00","32","Ammonium",0.81,"mg/L",25.8718,-81.8329,0
"1902","23462","SFER","01/29/2019 21:35:00","33","Ammonium",1.007,"mg/L",25.9127,-81.7992,0
"1903","23472","SFER","01/29/2019 22:03:00","34","Ammonium",1.342,"mg/L",25.9492,-81.7666,0
"1904","23492","SFER","01/30/2019 01:29:00","CAL5","Ammonium",0.359,"mg/L",26.1835,-82.2169,0
"1905","235110","SFER","01/30/2019 02:20:00","CAL4","Ammonium",0.56,"mg/L",26.2543,-82.1378,0
"1906","23532","SFER","01/30/2019 03:21:00","CAL3","Ammonium",1.187,"mg/L",26.3422,-82.0423,0
"1907","23552","SFER","01/30/2019 03:57:00","CAL2","Ammonium",1.012,"mg/L",26.3861,-81.997,0
"1908","23562","SFER","01/30/2019 04:36:00","CAL1","Ammonium",0.978,"mg/L",26.4253,-81.9601,0
"1909","23572","SFER","01/30/2019 07:03:00","RP1","Ammonium",0.81,"mg/L",26.5471,-82.2152,0
"1910","23592","SFER","01/30/2019 07:29:00","RP2","Ammonium",0.706,"mg/L",26.5535,-82.2554,0
"1911","236110","SFER","01/30/2019 08:12:00","RP3","Ammonium",0.27,"mg/L",26.5515,-82.331,0
"1912","23632","SFER","01/30/2019 09:26:00","RP4","Ammonium",0.329,"mg/L",26.5759,-82.4985,0
"1913","23652","SFER","01/30/2019 11:45:00","GP4","Ammonium",0.273,"mg/L",26.6677,-82.5604,0
"1914","23672","SFER","01/30/2019 13:30:00","GP3","Ammonium",0.21,"mg/L",26.7393,-82.4314,0
"1915","23692","SFER","01/30/2019 14:31:00","GP2","Ammonium",0.531,"mg/L",26.7774,-82.3492,0
"1916","237111","SFER","01/30/2019 15:07:00","GP1","Ammonium",0.164,"mg/L",26.8034,-82.3004,0
"1917","23732","SFER","01/30/2019 17:59:00","V1","Ammonium",0.57,"mg/L",27.1105,-82.4783,0
"1918","23752","SFER","01/30/2019 18:39:00","V2","Ammonium",0.402,"mg/L",27.0717,-82.5465,0
"1919","23772","SFER","01/30/2019 20:01:00","V4","Ammonium",0,"mg/L",26.9942,-82.6828,0
"1920","23792","SFER","01/30/2019 21:37:00","V6","Ammonium",0.013,"mg/L",26.9166,-82.8197,0
"1921","238110","SFER","01/31/2019 00:01:00","GP5","Ammonium",0.451,"mg/L",26.5951,-82.6945,0
"1922","23822","SFER","01/31/2019 09:18:00","42","Ammonium",0.881,"mg/L",25.6559,-81.7186,0
"1923","23832","SFER","01/31/2019 10:35:00","41","Ammonium",0.115,"mg/L",25.7329,-81.5751,0
"1924","23842","SFER","01/31/2019 11:12:00","40","Ammonium",0.431,"mg/L",25.7586,-81.5221,0
"1925","23852","SFER","01/31/2019 12:33:00","45","Ammonium",0.438,"mg/L",25.5816,-81.4687,0
"1926","23862","SFER","01/31/2019 13:00:00","46","Ammonium",0.108,"mg/L",25.5847,-81.4069,0
"1927","23872","SFER","01/31/2019 13:15:00","47","Ammonium",0.119,"mg/L",25.5835,-81.3656,0
"1928","23882","SFER","01/31/2019 13:29:00","48","Ammonium",0.22,"mg/L",25.5835,-81.3295,0
"1929","23892","SFER","01/31/2019 13:49:00","49","Ammonium",0.364,"mg/L",25.5832,-81.292,0
"1930","23902","SFER","01/31/2019 14:57:00","50","Ammonium",0.112,"mg/L",25.453,-81.336,0
"1931","239110","SFER","01/31/2019 15:10:00","51","Ammonium",0.357,"mg/L",25.4535,-81.3085,0
"1932","23922","SFER","01/31/2019 15:37:00","52","Ammonium",0.411,"mg/L",25.454,-81.2533,0
"1933","23932","SFER","01/31/2019 15:51:00","53","Ammonium",0.352,"mg/L",25.4536,-81.2247,0
"1934","23942","SFER","01/31/2019 17:15:00","54","Ammonium",0.527,"mg/L",25.3427,-81.1554,0
"1935","23952","SFER","01/31/2019 18:04:00","55","Ammonium",1.148,"mg/L",25.3504,-81.1935,0
"1936","23962","SFER","01/31/2019 18:25:00","56","Ammonium",0.557,"mg/L",25.3499,-81.2269,0
"1937","23972","SFER","01/31/2019 18:51:00","57","Ammonium",0.205,"mg/L",25.3515,-81.2633,0
"1938","23992","SFER","01/31/2019 19:32:00","57.1","Ammonium",0.395,"mg/L",25.3516,-81.3358,0
"1939","240110","SFER","01/31/2019 20:45:00","57.2","Ammonium",0.183,"mg/L",25.3515,-81.4891,0
"1940","24032","SFER","01/31/2019 21:55:00","57.3","Ammonium",0.189,"mg/L",25.3495,-81.6529,0
"1941","24052","SFER","01/31/2019 23:25:00","58","Ammonium",0.129,"mg/L",25.1664,-81.6531,0
"1942","24062","SFER","02/01/2019 00:03:00","59","Ammonium",0.119,"mg/L",25.1675,-81.492,0
"1943","24072","SFER","02/01/2019 01:32:00","60","Ammonium",0.156,"mg/L",25.1659,-81.3341,0
"1944","24082","SFER","02/01/2019 02:00:00","61","Ammonium",0.202,"mg/L",25.1673,-81.2738,0
"1945","24092","SFER","02/01/2019 02:15:00","62","Ammonium",0.372,"mg/L",25.1677,-81.2297,0
"1946","241010","SFER","02/01/2019 02:27:00","63","Ammonium",0.496,"mg/L",25.1671,-81.2,0
"1947","241110","SFER","02/01/2019 02:45:00","64","Ammonium",0.962,"mg/L",25.1668,-81.158,0
"1948","24122","SFER","02/01/2019 03:43:00","65","Ammonium",0.761,"mg/L",25.0983,-81.0962,0
"1949","24132","SFER","02/01/2019 04:03:00","66","Ammonium",0.43,"mg/L",25.0675,-81.1088,0
"1950","24142","SFER","02/01/2019 04:21:00","67","Ammonium",0.249,"mg/L",25.0298,-81.1252,0
"1951","24152","SFER","02/01/2019 05:06:00","68","Ammonium",0.269,"mg/L",24.9286,-81.1673,0
"1952","24162","SFER","04/29/2019 12:32:00","1","Ammonium",0.337,"mg/L",25.644,-80.1216,0
"1953","24172","SFER","04/29/2019 12:42:00","2","Ammonium",0.655,"mg/L",25.6408,-80.104,0
"1954","24182","SFER","04/29/2019 13:04:00","3","Ammonium",0.298,"mg/L",25.6452,-80.084,0
"1955","24192","SFER","04/29/2019 15:35:00","EKIN","Ammonium",0.333,"mg/L",25.3348,-80.2225,0
"1956","24202","SFER","04/29/2019 15:51:00","EKMID","Ammonium",0.306,"mg/L",25.3155,-80.1959,0
"1957","242110","SFER","04/29/2019 16:07:00","EKOFF","Ammonium",0.264,"mg/L",25.2933,-80.1624,0
"1958","24222","SFER","04/29/2019 18:12:00","4","Ammonium",0.357,"mg/L",25.121,-80.3647,0
"1959","24232","SFER","04/29/2019 18:23:00","5","Ammonium",0.254,"mg/L",25.0937,-80.3542,0
"1960","24252","SFER","04/29/2019 19:35:00","MR","Ammonium",0.269,"mg/L",25.0032,-80.3741,0
"1961","24262","SFER","04/29/2019 21:00:00","UKOFF","Ammonium",0.283,"mg/L",24.8988,-80.5315,0
"1962","24272","SFER","04/29/2019 21:11:00","UKMID","Ammonium",0.423,"mg/L",24.9217,-80.5468,0
"1963","24282","SFER","04/29/2019 21:20:00","UKIN","Ammonium",0.168,"mg/L",24.9348,-80.5655,0
"1964","243110","SFER","04/29/2019 23:10:00","9.5","Ammonium",0.377,"mg/L",24.7168,-80.6892,0
"1965","24332","SFER","04/30/2019 00:10:00","9","Ammonium",0.348,"mg/L",24.761,-80.7299,0
"1966","24342","SFER","04/30/2019 00:29:00","8","Ammonium",0.26,"mg/L",24.7917,-80.7418,0
"1967","24352","SFER","04/30/2019 00:43:00","7","Ammonium",0.142,"mg/L",24.8158,-80.755,0
"1968","24362","SFER","04/30/2019 01:42:00","10","Ammonium",0.292,"mg/L",24.7848,-80.8638,0
"1969","24372","SFER","04/30/2019 02:09:00","11","Ammonium",0.318,"mg/L",24.7522,-80.8454,0
"1970","24392","SFER","04/30/2019 02:30:00","12","Ammonium",0.277,"mg/L",24.7123,-80.8333,0
"1971","24402","SFER","04/30/2019 03:58:00","15.5","Ammonium",0.224,"mg/L",24.5918,-80.9895,0
"1972","244110","SFER","04/30/2019 04:21:00","15","Ammonium",0.246,"mg/L",24.6403,-81.0162,0
"1973","24422","SFER","04/30/2019 04:35:00","14","Ammonium",0.125,"mg/L",24.6758,-81.0232,0
"1974","24432","SFER","04/30/2019 04:48:00","13","Ammonium",0.319,"mg/L",24.7012,-81.029,0
"1975","24442","SFER","04/30/2019 06:00:00","16","Ammonium",0.29,"mg/L",24.671,-81.2025,0
"1976","24452","SFER","04/30/2019 06:25:00","17","Ammonium",0.504,"mg/L",24.6368,-81.1938,0
"1977","24472","SFER","04/30/2019 06:42:00","18","Ammonium",0.271,"mg/L",24.6028,-81.1837,0
"1978","24482","SFER","04/30/2019 08:22:00","19","Ammonium",0.367,"mg/L",24.608,-81.4218,0
"1979","24492","SFER","04/30/2019 08:36:00","20","Ammonium",0.293,"mg/L",24.5785,-81.419,0
"1980","245110","SFER","04/30/2019 09:05:00","21LK","Ammonium",0.288,"mg/L",24.5363,-81.4154,0
"1981","24522","SFER","04/30/2019 09:47:00","21.5","Ammonium",0.25,"mg/L",24.4823,-81.3969,0
"1982","24542","SFER","04/30/2019 11:50:00","WS","Ammonium",0.303,"mg/L",24.4782,-81.7174,0
"1983","24552","SFER","04/30/2019 12:53:00","22.5","Ammonium",0.285,"mg/L",24.3965,-81.8237,0
"1984","24562","SFER","04/30/2019 13:22:00","22","Ammonium",0.362,"mg/L",24.4583,-81.8292,0
"1985","24572","SFER","04/30/2019 13:34:00","23","Ammonium",0.372,"mg/L",24.484,-81.8283,0
"1986","24582","SFER","04/30/2019 13:55:00","24","Ammonium",0.318,"mg/L",24.5358,-81.8282,0
"1987","24602","SFER","04/30/2019 15:10:00","KW1","Ammonium",0.203,"mg/L",24.6552,-81.907,0
"1988","246110","SFER","04/30/2019 15:53:00","KW2","Ammonium",0.234,"mg/L",24.7275,-81.9164,0
"1989","24622","SFER","04/30/2019 17:15:00","KW3","Ammonium",0.303,"mg/L",24.8298,-81.9685,0
"1990","24632","SFER","04/30/2019 19:21:00","KW4","Ammonium",0.175,"mg/L",25.0092,-82.0322,0
"1991","24652","SFER","04/30/2019 23:35:00","30","Ammonium",0.219,"mg/L",25.4008,-82.2077,0
"1992","24662","SFER","05/01/2019 01:12:00","30.5","Ammonium",0.317,"mg/L",25.572,-82.0762,0
"1993","24682","SFER","05/01/2019 03:03:00","31","Ammonium",0.215,"mg/L",25.7398,-81.9419,0
"1994","24692","SFER","05/01/2019 04:42:00","32","Ammonium",0.232,"mg/L",25.8715,-81.8327,0
"1995","247110","SFER","05/01/2019 05:08:00","33","Ammonium",0.26,"mg/L",25.9118,-81.8007,0
"1996","24722","SFER","05/01/2019 05:40:00","34","Ammonium",0.796,"mg/L",25.9498,-81.7676,0
"1997","24742","SFER","05/01/2019 08:50:00","CAL5","Ammonium",0.195,"mg/L",26.1823,-82.2168,0
"1998","24752","SFER","05/01/2019 09:47:00","CAL4","Ammonium",0.367,"mg/L",26.2532,-82.1371,0
"1999","24772","SFER","05/01/2019 11:00:00","Mudhole","Ammonium",0.326,"mg/L",26.2448,-82.0118,0
"2000","24792","SFER","05/01/2019 11:55:00","CAL3","Ammonium",0.304,"mg/L",26.3383,-82.0445,0
"2001","24802","SFER","05/01/2019 12:25:00","CAL2","Ammonium",0.389,"mg/L",26.382,-82.0022,0
"2002","248110","SFER","05/01/2019 12:55:00","CAL1","Ammonium",0.713,"mg/L",26.4268,-81.9621,0
"2003","24832","SFER","05/01/2019 15:25:00","RP1","Ammonium",0.55,"mg/L",26.547,-82.2166,0
"2004","24852","SFER","05/01/2019 16:00:00","RP2","Ammonium",0.385,"mg/L",26.5527,-82.2616,0
"2005","24862","SFER","05/01/2019 16:45:00","RP3","Ammonium",0.387,"mg/L",26.5502,-82.3343,1
"2006","24872","SFER","05/01/2019 16:45:00","RP3","Ammonium",0.291,"mg/L",26.5502,-82.3343,0
"2007","24892","SFER","05/01/2019 18:00:00","RP4","Ammonium",0.446,"mg/L",26.5778,-82.5016,0
"2008","249110","SFER","05/01/2019 20:17:00","Caseyhole","Ammonium",0.261,"mg/L",26.4837,-82.7369,0
"2009","24932","SFER","05/01/2019 21:38:00","GP5","Ammonium",0.202,"mg/L",26.595,-82.6958,0
"2010","24952","SFER","05/01/2019 23:05:00","GP4","Ammonium",0.249,"mg/L",26.6648,-82.5596,0
"2011","24972","SFER","05/02/2019 00:24:00","GP3","Ammonium",0.278,"mg/L",26.7397,-82.4199,0
"2012","24992","SFER","05/02/2019 01:08:00","GP2","Ammonium",0.325,"mg/L",26.7705,-82.363,0
"2013","250110","SFER","05/02/2019 02:05:00","GP1","Ammonium",0.293,"mg/L",26.801,-82.3009,0
"2014","25032","SFER","05/02/2019 09:20:00","NaplesBlueHole","Ammonium",0.226,"mg/L",25.8428,-82.1519,0
"2015","25042","SFER","05/02/2019 12:33:00","42","Ammonium",0.351,"mg/L",25.6545,-81.7166,0
"2016","25062","SFER","05/02/2019 13:45:00","41","Ammonium",0.242,"mg/L",25.7342,-81.5737,0
"2017","25072","SFER","05/02/2019 14:07:00","40","Ammonium",0.308,"mg/L",25.7583,-81.5245,0
"2018","25082","SFER","05/02/2019 14:24:00","39","Ammonium",1.063,"mg/L",25.7823,-81.4829,0
"2019","251010","SFER","05/02/2019 16:00:00","45","Ammonium",0.286,"mg/L",25.5792,-81.4697,0
"2020","251110","SFER","05/02/2019 16:23:00","46","Ammonium",0.349,"mg/L",25.5832,-81.4079,0
"2021","25122","SFER","05/02/2019 16:37:00","47","Ammonium",0.339,"mg/L",25.5832,-81.3709,0
"2022","25132","SFER","05/02/2019 16:52:00","48","Ammonium",0.319,"mg/L",25.5835,-81.3257,0
"2023","25142","SFER","05/02/2019 17:15:00","49","Ammonium",0.391,"mg/L",25.5843,-81.2914,0
"2024","25152","SFER","05/02/2019 18:20:00","50","Ammonium",0.451,"mg/L",25.4523,-81.3471,0
"2025","25162","SFER","05/02/2019 18:34:00","51","Ammonium",0.407,"mg/L",25.4532,-81.3096,0
"2026","25172","SFER","05/02/2019 18:53:00","52","Ammonium",0.36,"mg/L",25.4537,-81.2594,0
"2027","25182","SFER","05/02/2019 19:08:00","53","Ammonium",0.53,"mg/L",25.4527,-81.2242,0
"2028","25192","SFER","05/02/2019 20:29:00","54","Ammonium",14.135,"mg/L",25.3422,-81.1557,0
"2029","25202","SFER","05/02/2019 21:13:00","55","Ammonium",0.465,"mg/L",25.3493,-81.194,0
"2030","252110","SFER","05/02/2019 21:34:00","56","Ammonium",0.83,"mg/L",25.3503,-81.2281,0
"2031","25222","SFER","05/02/2019 21:56:00","57","Ammonium",0.493,"mg/L",25.3518,-81.2649,0
"2032","25232","SFER","05/02/2019 22:33:00","57.1","Ammonium",0.337,"mg/L",25.3525,-81.3352,0
"2033","25252","SFER","05/02/2019 23:32:00","57.2","Ammonium",0.331,"mg/L",25.351,-81.488,0
"2034","25272","SFER","05/03/2019 00:43:00","57.3","Ammonium",0.283,"mg/L",25.3508,-81.6538,0
"2035","25292","SFER","05/03/2019 02:08:00","58","Ammonium",0.229,"mg/L",25.1657,-81.6532,0
"2036","25302","SFER","05/03/2019 03:12:00","59","Ammonium",0.463,"mg/L",25.1668,-81.4947,0
"2037","253110","SFER","05/03/2019 04:08:00","60","Ammonium",0.279,"mg/L",25.1678,-81.3345,0
"2038","25322","SFER","05/03/2019 04:36:00","61","Ammonium",0.372,"mg/L",25.166,-81.2748,0
"2039","25332","SFER","05/03/2019 04:50:00","62","Ammonium",0.422,"mg/L",25.1662,-81.2376,0
"2040","25342","SFER","05/03/2019 05:02:00","63","Ammonium",0.463,"mg/L",25.1662,-81.2005,0
"2041","25352","SFER","05/03/2019 05:16:00","64","Ammonium",0.603,"mg/L",25.1667,-81.1645,0
"2042","25362","SFER","05/03/2019 06:22:00","65","Ammonium",0.556,"mg/L",25.0982,-81.0962,0
"2043","25372","SFER","05/03/2019 06:41:00","66","Ammonium",0.513,"mg/L",25.0713,-81.108,0
"2044","25382","SFER","05/03/2019 06:58:00","67","Ammonium",0.323,"mg/L",25.0335,-81.1244,0
"2045","25392","SFER","05/03/2019 07:57:00","70","Ammonium",0.315,"mg/L",24.9315,-81.0283,0
"2046","25402","SFER","05/03/2019 08:24:00","69","Ammonium",0.362,"mg/L",24.9308,-81.0943,0
"2047","254110","SFER","05/03/2019 09:00:00","68","Ammonium",0.371,"mg/L",24.9317,-81.1671,0
"2048","25422","SFER","07/29/2019 12:13:00","1","Ammonium",0.292,"mg/L",25.645,-80.1267,0
"2049","25442","SFER","07/29/2019 12:25:00","2","Ammonium",0.388,"mg/L",25.6417,-80.1055,0
"2050","25452","SFER","07/29/2019 12:46:00","3","Ammonium",0.567,"mg/L",25.6445,-80.0818,0
"2051","25462","SFER","07/29/2019 15:11:00","EKIN","Ammonium",0.404,"mg/L",25.3337,-80.2197,0
"2052","25472","SFER","07/29/2019 15:28:00","EKMID","Ammonium",0.434,"mg/L",25.3167,-80.1964,0
"2053","25482","SFER","07/29/2019 15:41:00","EKOFF","Ammonium",0.592,"mg/L",25.297,-80.1692,0
"2054","25492","SFER","07/29/2019 18:03:00","6.5","Ammonium",0.392,"mg/L",25.062,-80.2829,0
"2055","25502","SFER","07/29/2019 18:18:00","6","Ammonium",0.533,"mg/L",25.0633,-80.315,0
"2056","255110","SFER","07/29/2019 18:27:00","5.5","Ammonium",0.59,"mg/L",25.0773,-80.3329,0
"2057","25542","SFER","07/29/2019 21:33:00","UKOFF","Ammonium",0.365,"mg/L",24.8972,-80.5308,0
"2058","25552","SFER","07/29/2019 21:44:00","UKMID","Ammonium",0.256,"mg/L",24.9187,-80.5453,0
"2059","25562","SFER","07/29/2019 21:51:00","UKIN","Ammonium",0.438,"mg/L",24.929,-80.5567,0
"2060","25582","SFER","07/29/2019 23:23:00","7","Ammonium",0.484,"mg/L",24.8172,-80.7573,0
"2061","25592","SFER","07/29/2019 23:52:00","8","Ammonium",0.04,"mg/L",24.7885,-80.7391,0
"2062","256110","SFER","07/30/2019 00:06:00","9","Ammonium",0.421,"mg/L",24.7637,-80.724,0
"2063","25642","SFER","07/30/2019 00:47:00","9.5","Ammonium",0.319,"mg/L",24.7153,-80.6891,0
"2064","25662","SFER","07/30/2019 02:22:00","12","Ammonium",0.147,"mg/L",24.713,-80.8326,0
"2065","25672","SFER","07/30/2019 02:57:00","11","Ammonium",0.51,"mg/L",24.754,-80.8474,0
"2066","25692","SFER","07/30/2019 03:12:00","10","Ammonium",0.443,"mg/L",24.7797,-80.8649,0
"2067","25702","SFER","07/30/2019 04:33:00","13","Ammonium",0.402,"mg/L",24.6988,-81.0312,0
"2068","257110","SFER","07/30/2019 04:43:00","14","Ammonium",0.552,"mg/L",24.6765,-81.0252,0
"2069","25722","SFER","07/30/2019 04:56:00","15","Ammonium",0.258,"mg/L",24.6452,-81.016,0
"2070","25732","SFER","07/30/2019 05:19:00","15.5","Ammonium",0.492,"mg/L",24.5913,-80.9908,0
"2071","25762","SFER","07/30/2019 06:43:00","18","Ammonium",0.307,"mg/L",24.6007,-81.184,0
"2072","25772","SFER","07/30/2019 07:12:00","17","Ammonium",0.341,"mg/L",24.635,-81.1938,0
"2073","25792","SFER","07/30/2019 07:30:00","16","Ammonium",0.236,"mg/L",24.6685,-81.2031,0
"2074","25802","SFER","07/30/2019 09:04:00","19","Ammonium",0.622,"mg/L",24.6085,-81.4229,0
"2075","258110","SFER","07/30/2019 09:19:00","20","Ammonium",0.537,"mg/L",24.5767,-81.4187,0
"2076","25842","SFER","07/30/2019 09:39:00","21LK","Ammonium",0.129,"mg/L",24.5345,-81.4125,0
"2077","25852","SFER","07/30/2019 10:35:00","21.5","Ammonium",0,"mg/L",24.4848,-81.3915,0
"2078","25882","SFER","07/30/2019 13:15:00","WS","Ammonium",0,"mg/L",24.4758,-81.7168,0
"2079","25892","SFER","07/30/2019 14:36:00","22.5","Ammonium",0.086,"mg/L",24.3995,-81.8252,0
"2080","25902","SFER","07/30/2019 14:59:00","22","Ammonium",0.049,"mg/L",24.4485,-81.8301,0
"2081","259110","SFER","07/30/2019 15:14:00","23","Ammonium",0.335,"mg/L",24.4857,-81.8278,0
"2082","25922","SFER","07/30/2019 15:37:00","24","Ammonium",0.401,"mg/L",24.5383,-81.8284,0
"2083","25942","SFER","07/30/2019 16:55:00","KW1","Ammonium",0.105,"mg/L",24.6533,-81.9065,0
"2084","25962","SFER","07/30/2019 17:53:00","KW2","Ammonium",0.018,"mg/L",24.7273,-81.9196,0
"2085","25972","SFER","07/30/2019 18:46:00","KW3","Ammonium",0,"mg/L",24.8328,-81.962,0
"2086","25992","SFER","07/30/2019 20:20:00","KW4","Ammonium",0,"mg/L",25.0147,-82.0405,0
"2087","260110","SFER","07/30/2019 23:24:00","30","Ammonium",0,"mg/L",25.401,-82.2091,0
"2088","26022","SFER","07/31/2019 00:53:00","30.5","Ammonium",0,"mg/L",25.5728,-82.0731,0
"2089","26052","SFER","07/31/2019 02:13:00","31","Ammonium",0,"mg/L",25.7427,-81.9432,0
"2090","26062","SFER","07/31/2019 03:34:00","32","Ammonium",0.175,"mg/L",25.8735,-81.8326,0
"2091","26082","SFER","07/31/2019 03:58:00","33","Ammonium",0.216,"mg/L",25.9125,-81.8006,0
"2092","26092","SFER","07/31/2019 04:29:00","34","Ammonium",0,"mg/L",25.9495,-81.7673,0
"2093","26122","SFER","07/31/2019 07:43:00","CAL5","Ammonium",0.274,"mg/L",26.1857,-82.2174,0
"2094","26142","SFER","07/31/2019 08:34:00","CAL4","Ammonium",0.049,"mg/L",26.2522,-82.139,0
"2095","26162","SFER","07/31/2019 09:45:00","CAL3","Ammonium",0.26,"mg/L",26.3415,-82.0463,0
"2096","26182","SFER","07/31/2019 10:18:00","CAL2","Ammonium",0.297,"mg/L",26.3827,-82.0021,0
"2097","26222","SFER","07/31/2019 13:38:00","RP1","Ammonium",0.046,"mg/L",26.5457,-82.2157,0
"2098","26242","SFER","07/31/2019 14:05:00","RP2","Ammonium",0.048,"mg/L",26.553,-82.2552,0
"2099","26262","SFER","07/31/2019 14:50:00","RP3","Ammonium",0,"mg/L",26.5502,-82.3324,0
"2100","26282","SFER","07/31/2019 16:10:00","RP4","Ammonium",0.043,"mg/L",26.5762,-82.501,0
"2101","26302","SFER","07/31/2019 17:30:00","GP5","Ammonium",0.247,"mg/L",26.596,-82.6965,0
"2102","26322","SFER","07/31/2019 18:55:00","GP4","Ammonium",0.141,"mg/L",26.669,-82.558,0
"2103","26342","SFER","07/31/2019 20:05:00","GP3","Ammonium",0.361,"mg/L",26.7417,-82.4191,0
"2104","26362","SFER","07/31/2019 20:42:00","GP2","Ammonium",0,"mg/L",26.7773,-82.3496,0
"2105","26382","SFER","07/31/2019 21:25:00","GP1","Ammonium",0.217,"mg/L",26.8072,-82.2942,0
"2106","26392","SFER","08/01/2019 06:20:00","42","Ammonium",0,"mg/L",25.6563,-81.7162,0
"2107","26402","SFER","08/01/2019 07:30:00","41","Ammonium",0.333,"mg/L",25.7338,-81.5745,0
"2108","264110","SFER","08/01/2019 08:02:00","40","Ammonium",0.467,"mg/L",25.7607,-81.5232,0
"2109","26422","SFER","08/01/2019 08:21:00","39","Ammonium",0.92,"mg/L",25.7822,-81.4821,0
"2110","26442","SFER","08/01/2019 09:45:00","45","Ammonium",0.051,"mg/L",25.5843,-81.4724,0
"2111","26452","SFER","08/01/2019 10:23:00","46","Ammonium",0.068,"mg/L",25.5832,-81.4076,0
"2112","26462","SFER","08/01/2019 10:39:00","47","Ammonium",0.427,"mg/L",25.583,-81.3701,0
"2113","26472","SFER","08/01/2019 10:54:00","48","Ammonium",0.455,"mg/L",25.583,-81.3676,0
"2114","26482","SFER","08/01/2019 11:10:00","49","Ammonium",0.338,"mg/L",25.5832,-81.3299,0
"2115","26492","SFER","08/01/2019 12:20:00","52","Ammonium",0.304,"mg/L",25.4533,-81.2943,0
"2116","26502","SFER","08/01/2019 12:34:00","53","Ammonium",0.103,"mg/L",25.4515,-81.2328,0
"2117","265110","SFER","08/01/2019 13:10:00","51","Ammonium",0.204,"mg/L",25.4527,-81.3105,0
"2118","26522","SFER","08/01/2019 13:32:00","50","Ammonium",0.288,"mg/L",25.454,-81.3511,0
"2119","26532","SFER","08/01/2019 14:55:00","56","Ammonium",0,"mg/L",25.3497,-81.228,0
"2120","26542","SFER","08/01/2019 15:40:00","55","Ammonium",0,"mg/L",25.35,-81.1934,0
"2121","26552","SFER","08/01/2019 16:25:00","54","Ammonium",0,"mg/L",25.3418,-81.1574,0
"2122","26562","SFER","08/01/2019 17:39:00","57","Ammonium",0,"mg/L",25.351,-81.264,0
"2123","26582","SFER","08/01/2019 18:41:00","57.1","Ammonium",0,"mg/L",25.3512,-81.3348,0
"2124","26602","SFER","08/01/2019 19:50:00","57.2","Ammonium",0,"mg/L",25.3518,-81.4912,0
"2125","26622","SFER","08/01/2019 21:07:00","57.3","Ammonium",0,"mg/L",25.3515,-81.6541,0
"2126","26642","SFER","08/01/2019 22:55:00","58","Ammonium",0,"mg/L",25.1668,-81.6552,0
"2127","26652","SFER","08/02/2019 00:13:00","59","Ammonium",0,"mg/L",25.1663,-81.4919,0
"2128","26662","SFER","08/02/2019 01:18:00","60","Ammonium",0,"mg/L",25.1662,-81.3346,0
"2129","26672","SFER","08/02/2019 01:54:00","61","Ammonium",0,"mg/L",25.167,-81.2784,0
"2130","26682","SFER","08/02/2019 02:13:00","62","Ammonium",0,"mg/L",25.167,-81.2345,0
"2131","26692","SFER","08/02/2019 02:30:00","63","Ammonium",0,"mg/L",25.167,-81.1992,0
"2132","26702","SFER","08/02/2019 03:55:00","65","Ammonium",0,"mg/L",25.098,-81.0952,0
"2133","267110","SFER","08/02/2019 04:22:00","66","Ammonium",0,"mg/L",25.07,-81.1087,0
"2134","26722","SFER","08/02/2019 04:46:00","67","Ammonium",0,"mg/L",25.0293,-81.1273,0
"2135","26732","SFER","08/02/2019 05:40:00","68","Ammonium",0,"mg/L",24.9298,-81.1658,0
"2136","26742","SFER","09/23/2019 12:30:00","1","Ammonium",0.418,"mg/L",25.644,-80.1205,0
"2137","26762","SFER","09/23/2019 12:43:00","2","Ammonium",2.307,"mg/L",25.6402,-80.105,0
"2138","26772","SFER","09/23/2019 13:21:00","3","Ammonium",0.49,"mg/L",25.6457,-80.0815,0
"2139","26782","SFER","09/23/2019 15:45:00","EKIN","Ammonium",0.692,"mg/L",25.3352,-80.223,0
"2140","26792","SFER","09/23/2019 16:01:00","EKMID","Ammonium",0.472,"mg/L",25.3152,-80.1945,0
"2141","26802","SFER","09/23/2019 16:15:00","EKOFF","Ammonium",0.298,"mg/L",25.295,-80.1648,0
"2142","268110","SFER","09/23/2019 18:09:00","6.5","Ammonium",0.385,"mg/L",25.052,-80.287,0
"2143","26822","SFER","09/23/2019 18:22:00","6","Ammonium",0.456,"mg/L",25.0632,-80.3137,0
"2144","26832","SFER","09/23/2019 18:31:00","5.5","Ammonium",0.451,"mg/L",25.0792,-80.3328,0
"2145","26852","SFER","09/23/2019 19:15:00","MR","Ammonium",0.255,"mg/L",25.0062,-80.3722,0
"2146","26862","SFER","09/23/2019 21:21:00","UKOFF","Ammonium",0.576,"mg/L",24.9043,-80.5388,0
"2147","26872","SFER","09/23/2019 21:29:00","UKMID","Ammonium",0.363,"mg/L",24.9212,-80.5465,0
"2148","26882","SFER","09/23/2019 21:37:00","UKIN","Ammonium",0.516,"mg/L",24.9335,-80.5627,0
"2149","26892","SFER","09/23/2019 23:16:00","7","Ammonium",1.664,"mg/L",24.8162,-80.7568,0
"2150","26902","SFER","09/23/2019 23:41:00","8","Ammonium",0.515,"mg/L",24.7923,-80.7418,0
"2151","26922","SFER","09/23/2019 23:59:00","9","Ammonium",0.765,"mg/L",24.763,-80.724,0
"2152","26942","SFER","09/24/2019 01:06:00","9.5","Ammonium",0.91,"mg/L",24.7168,-80.6897,0
"2153","26952","SFER","09/24/2019 02:33:00","12","Ammonium",0.475,"mg/L",24.7118,-80.8345,0
"2154","26962","SFER","09/24/2019 03:31:00","11","Ammonium",0.762,"mg/L",24.7493,-80.8483,0
"2155","26972","SFER","09/24/2019 03:52:00","10","Ammonium",0.585,"mg/L",24.779,-80.8667,0
"2156","26982","SFER","09/24/2019 05:16:00","13","Ammonium",0.641,"mg/L",24.7005,-81.0282,0
"2157","26992","SFER","09/24/2019 05:27:00","14","Ammonium",0.824,"mg/L",24.6773,-81.025,0
"2158","27002","SFER","09/24/2019 05:43:00","15","Ammonium",0.432,"mg/L",24.6448,-81.0157,0
"2159","270110","SFER","09/24/2019 06:07:00","15.5","Ammonium",0.358,"mg/L",24.5925,-80.9898,0
"2160","27032","SFER","09/24/2019 07:32:00","18","Ammonium",0.323,"mg/L",24.5983,-81.1843,0
"2161","27042","SFER","09/24/2019 07:59:00","17","Ammonium",0.64,"mg/L",24.6362,-81.1942,0
"2162","27062","SFER","09/24/2019 08:22:00","16","Ammonium",0.458,"mg/L",24.6695,-81.2033,0
"2163","27072","SFER","09/24/2019 09:55:00","19","Ammonium",0.352,"mg/L",24.61,-81.4187,0
"2164","27082","SFER","09/24/2019 10:11:00","20","Ammonium",0.367,"mg/L",24.5753,-81.4188,0
"2165","271010","SFER","09/24/2019 10:33:00","21LK","Ammonium",0.221,"mg/L",24.5347,-81.4143,0
"2166","271110","SFER","09/24/2019 11:23:00","21.5","Ammonium",0.319,"mg/L",24.4813,-81.3927,0
"2167","27132","SFER","09/24/2019 13:40:00","WS","Ammonium",0.336,"mg/L",24.4767,-81.7177,0
"2168","27142","SFER","09/24/2019 15:05:00","22.5","Ammonium",0.25,"mg/L",24.3968,-81.8245,0
"2169","27152","SFER","09/24/2019 15:31:00","22","Ammonium",0.152,"mg/L",24.454,-81.8295,0
"2170","27162","SFER","09/24/2019 15:46:00","23","Ammonium",0,"mg/L",24.4883,-81.8282,0
"2171","27172","SFER","09/24/2019 16:07:00","24","Ammonium",0.315,"mg/L",24.5353,-81.8285,0
"2172","27192","SFER","09/24/2019 17:17:00","KW1","Ammonium",0.418,"mg/L",24.6538,-81.905,0
"2173","272110","SFER","09/24/2019 18:03:00","KW2","Ammonium",0.287,"mg/L",24.728,-81.9165,0
"2174","27222","SFER","09/24/2019 19:01:00","KW3","Ammonium",0.256,"mg/L",24.829,-81.9613,0
"2175","27242","SFER","09/24/2019 20:22:00","KW4","Ammonium",0.73,"mg/L",25.0132,-82.04,0
"2176","27262","SFER","09/24/2019 23:56:00","30","Ammonium",0.542,"mg/L",25.3993,-82.2063,0
"2177","27272","SFER","09/25/2019 01:34:00","30.5","Ammonium",0.594,"mg/L",25.572,-82.075,0
"2178","27292","SFER","09/25/2019 03:00:00","31","Ammonium",0.812,"mg/L",25.7408,-81.945,0
"2179","27302","SFER","09/25/2019 04:30:00","32","Ammonium",0.149,"mg/L",25.8773,-81.8345,0
"2180","27322","SFER","09/25/2019 05:00:00","33","Ammonium",0.457,"mg/L",25.912,-81.8015,0
"2181","27332","SFER","09/25/2019 05:33:00","34","Ammonium",0.317,"mg/L",25.9492,-81.768,0
"2182","27352","SFER","09/25/2019 08:45:00","CAL5","Ammonium",0.129,"mg/L",26.183,-82.2167,0
"2183","27372","SFER","09/25/2019 09:45:00","CAL4","Ammonium",0.175,"mg/L",26.2535,-82.139,0
"2184","27392","SFER","09/25/2019 10:51:00","CAL3","Ammonium",0.472,"mg/L",26.3412,-82.0467,0
"2185","27418","SFER","09/25/2019 11:40:00","CAL2","Ammonium",0.198,"mg/L",26.3828,-82.0017,0
"2186","27432","SFER","09/25/2019 12:25:00","CAL1","Ammonium",0.132,"mg/L",26.4267,-81.9598,0
"2187","27452","SFER","09/25/2019 16:30:00","RP1","Ammonium",0.606,"mg/L",26.5452,-82.2165,0
"2188","27472","SFER","09/25/2019 17:00:00","RP2","Ammonium",0.164,"mg/L",26.5523,-82.256,0
"2189","27492","SFER","09/25/2019 17:40:00","RP3","Ammonium",0.339,"mg/L",26.5515,-82.3315,0
"2190","27518","SFER","09/25/2019 18:55:00","RP4","Ammonium",0.476,"mg/L",26.5773,-82.4982,0
"2191","27532","SFER","09/25/2019 21:53:00","GP5","Ammonium",0.312,"mg/L",26.5947,-82.6958,0
"2192","27562","SFER","09/25/2019 23:26:00","BG4","Ammonium",0.629,"mg/L",26.6292,-82.557,0
"2193","27582","SFER","09/26/2019 00:48:00","BG3","Ammonium",0.64,"mg/L",26.6682,-82.4158,0
"2194","27602","SFER","09/26/2019 01:28:00","BG2","Ammonium",0.721,"mg/L",26.688,-82.3397,0
"2195","27622","SFER","09/26/2019 05:06:00","V1","Ammonium",0.928,"mg/L",27.1105,-82.4812,0
"2196","27652","SFER","09/26/2019 05:47:00","V2","Ammonium",0.589,"mg/L",27.0722,-82.5472,0
"2197","27682","SFER","09/26/2019 06:40:00","V3","Ammonium",0.602,"mg/L",27.0327,-82.6202,0
"2198","277110","SFER","09/26/2019 07:24:00","V4","Ammonium",0.581,"mg/L",26.993,-82.684,0
"2199","27732","SFER","09/26/2019 08:10:00","V5","Ammonium",0.436,"mg/L",26.9562,-82.7512,0
"2200","27762","SFER","09/26/2019 09:00:00","V6","Ammonium",0.363,"mg/L",26.918,-82.8217,0
"2201","27782","SFER","09/26/2019 09:47:00","V7","Ammonium",0.456,"mg/L",26.877,-82.8877,0
"2202","27802","SFER","09/26/2019 10:41:00","V8","Ammonium",0.201,"mg/L",26.8332,-82.9573,0
"2203","27822","SFER","09/26/2019 12:00:00","V9","Ammonium",0.471,"mg/L",26.7305,-83.103,0
"2204","27852","SFER","09/26/2019 13:35:00","V10","Ammonium",0.266,"mg/L",26.6237,-83.2445,0
"2205","27892","SFER","09/26/2019 15:16:00","V11","Ammonium",0.322,"mg/L",26.519,-83.41,0
"2206","279110","SFER","09/27/2019 02:59:00","TB1","Ammonium",0.879,"mg/L",27.8025,-82.8832,0
"2207","27942","SFER","09/27/2019 04:09:00","TB2","Ammonium",0.533,"mg/L",27.704,-82.9107,0
"2208","27972","SFER","09/27/2019 05:09:00","TB3","Ammonium",0.594,"mg/L",27.6697,-82.9992,0
"2209","27992","SFER","09/27/2019 06:15:00","TB4","Ammonium",0.543,"mg/L",27.6168,-83.1333,0
"2210","280110","SFER","09/27/2019 07:36:00","TB5","Ammonium",0.198,"mg/L",27.6167,-83.2977,0
"2211","28032","SFER","09/27/2019 08:59:00","TB10","Ammonium",0.363,"mg/L",27.6182,-83.4883,0
"2212","28062","SFER","09/27/2019 10:25:00","TB11","Ammonium",0.465,"mg/L",27.6157,-83.6772,0
"2213","28092","SFER","09/27/2019 11:48:00","TB12","Ammonium",0.356,"mg/L",27.619,-83.8658,0
"2214","28132","SFER","09/27/2019 13:20:00","TB13","Ammonium",0.456,"mg/L",27.6163,-84.0623,0
"2215","28162","SFER","09/28/2019 05:18:00","CAL6","Ammonium",0.607,"mg/L",25.9417,-82.4782,0
"2216","28182","SFER","09/28/2019 11:18:00","42","Ammonium",0.424,"mg/L",25.6555,-81.7202,0
"2217","28202","SFER","09/28/2019 13:10:00","45","Ammonium",0.356,"mg/L",25.5813,-81.4683,0
"2218","282110","SFER","09/28/2019 13:40:00","46","Ammonium",0.638,"mg/L",25.5833,-81.4057,0
"2219","28222","SFER","09/28/2019 13:52:00","47","Ammonium",0.437,"mg/L",25.5828,-81.3672,0
"2220","28232","SFER","09/28/2019 14:04:00","48","Ammonium",0.389,"mg/L",25.5825,-81.3317,0
"2221","28242","SFER","09/28/2019 14:17:00","49","Ammonium",1.926,"mg/L",25.5827,-81.294,0
"2222","28252","SFER","09/28/2019 15:15:00","50","Ammonium",0.677,"mg/L",25.4557,-81.3468,0
"2223","28262","SFER","09/28/2019 15:36:00","51","Ammonium",0.285,"mg/L",25.4535,-81.3042,0
"2224","28272","SFER","09/28/2019 15:55:00","52","Ammonium",1.051,"mg/L",25.4532,-81.2632,0
"2225","28282","SFER","09/28/2019 16:10:00","53","Ammonium",1.062,"mg/L",25.4535,-81.2237,0
"2226","28292","SFER","09/28/2019 17:10:00","56","Ammonium",1.161,"mg/L",25.3493,-81.2267,0
"2227","28302","SFER","09/28/2019 17:29:00","55","Ammonium",1.202,"mg/L",25.3495,-81.1932,0
"2228","283111","SFER","09/28/2019 18:10:00","54","Ammonium",1.293,"mg/L",25.3452,-81.153,0
"2229","28332","SFER","09/28/2019 19:31:00","57","Ammonium",1.126,"mg/L",25.3525,-81.2675,0
"2230","28342","SFER","09/28/2019 19:59:00","57.1","Ammonium",0.991,"mg/L",25.3525,-81.3372,0
"2231","28362","SFER","09/28/2019 20:58:00","57.2","Ammonium",0.87,"mg/L",25.3537,-81.489,0
"2232","28382","SFER","09/28/2019 22:06:00","57.3","Ammonium",1.749,"mg/L",25.351,-81.6543,0
"2233","28392","SFER","09/28/2019 23:33:00","58","Ammonium",1.213,"mg/L",25.1678,-81.6543,0
"2234","28402","SFER","09/29/2019 00:45:00","59","Ammonium",3.534,"mg/L",25.1668,-81.4923,0
"2235","284110","SFER","09/29/2019 01:51:00","60","Ammonium",1.817,"mg/L",25.1667,-81.3358,0
"2236","28422","SFER","09/29/2019 02:23:00","61","Ammonium",2.093,"mg/L",25.1665,-81.2745,0
"2237","28432","SFER","09/29/2019 02:36:00","62","Ammonium",1.76,"mg/L",25.1672,-81.2388,0
"2238","28442","SFER","09/29/2019 02:49:00","63","Ammonium",1.586,"mg/L",25.1665,-81.2032,0
"2239","28452","SFER","09/29/2019 03:45:00","66","Ammonium",1.441,"mg/L",25.065,-81.107,0
"2240","28462","SFER","09/29/2019 04:00:00","67","Ammonium",4.267,"mg/L",25.0303,-81.1255,0
"2241","28472","SFER","09/29/2019 05:01:00","68","Ammonium",1.114,"mg/L",24.9297,-81.1668,0
"2242","28482","SFER","11/18/2019 14:03:00","1","Ammonium",0.791,"mg/L",25.6447,-80.1255,0
"2243","28502","SFER","11/18/2019 14:15:00","2","Ammonium",2.162,"mg/L",25.6408,-80.1038,0
"2244","285110","SFER","11/18/2019 14:52:00","3","Ammonium",0.931,"mg/L",25.6432,-80.0858,0
"2245","28522","SFER","11/18/2019 17:19:00","EKOFF","Ammonium",0.732,"mg/L",25.294,-80.1627,0
"2246","28532","SFER","11/18/2019 17:34:00","EKMID","Ammonium",0.764,"mg/L",25.3128,-80.1945,0
"2247","28542","SFER","11/18/2019 17:50:00","EKIN","Ammonium",0.669,"mg/L",25.3348,-80.2247,0
"2248","28552","SFER","11/18/2019 19:39:00","4","Ammonium",1.212,"mg/L",25.1068,-80.3787,0
"2249","28562","SFER","11/18/2019 19:50:00","5","Ammonium",1.1,"mg/L",25.0957,-80.3575,0
"2250","28572","SFER","11/18/2019 20:02:00","5.5","Ammonium",1.111,"mg/L",25.0808,-80.3328,0
"2251","28582","SFER","11/18/2019 20:14:00","6","Ammonium",1.011,"mg/L",25.0647,-80.3152,0
"2252","28592","SFER","11/18/2019 20:27:00","6.5","Ammonium",1.192,"mg/L",25.0487,-80.2888,0
"2253","286111","SFER","11/18/2019 21:30:00","MR","Ammonium",1.224,"mg/L",25.0028,-80.37,0
"2254","28622","SFER","11/18/2019 23:14:00","UKOFF","Ammonium",1.025,"mg/L",24.8985,-80.5303,0
"2255","28632","SFER","11/18/2019 23:26:00","UKMID","Ammonium",1.162,"mg/L",24.9203,-80.5462,0
"2256","28642","SFER","11/18/2019 23:35:00","UKIN","Ammonium",0.948,"mg/L",24.9348,-80.565,0
"2257","28652","SFER","11/19/2019 01:10:00","7","Ammonium",1.47,"mg/L",24.817,-80.7545,0
"2258","28662","SFER","11/19/2019 01:30:00","8","Ammonium",0.932,"mg/L",24.7925,-80.7422,0
"2259","28682","SFER","11/19/2019 01:49:00","9","Ammonium",0.77,"mg/L",24.7627,-80.7232,0
"2260","287110","SFER","11/19/2019 02:25:00","9.5","Ammonium",0.531,"mg/L",24.7152,-80.6893,0
"2261","28732","SFER","11/19/2019 03:57:00","12","Ammonium",0.863,"mg/L",24.7128,-80.836,0
"2262","28742","SFER","11/19/2019 04:20:00","11","Ammonium",0.874,"mg/L",24.7543,-80.8465,0
"2263","28752","SFER","11/19/2019 04:43:00","10","Ammonium",1.312,"mg/L",24.7892,-80.8623,0
"2264","28762","SFER","11/19/2019 06:03:00","13","Ammonium",1.176,"mg/L",24.7012,-81.0303,0
"2265","28772","SFER","11/19/2019 06:15:00","14","Ammonium",1.027,"mg/L",24.677,-81.0253,0
"2266","28782","SFER","11/19/2019 06:28:00","15","Ammonium",1.064,"mg/L",24.646,-81.0172,0
"2267","28792","SFER","11/19/2019 06:52:00","15.5","Ammonium",1.057,"mg/L",24.5888,-80.9947,0
"2268","288110","SFER","11/19/2019 08:05:00","18","Ammonium",1.273,"mg/L",24.601,-81.1815,0
"2269","28822","SFER","11/19/2019 08:31:00","17","Ammonium",1.323,"mg/L",24.6352,-81.194,0
"2270","28842","SFER","11/19/2019 08:51:00","16","Ammonium",1.236,"mg/L",24.6717,-81.1987,0
"2271","28852","SFER","11/19/2019 10:35:00","19","Ammonium",1.285,"mg/L",24.609,-81.4203,0
"2272","28862","SFER","11/19/2019 10:49:00","20","Ammonium",1.188,"mg/L",24.5753,-81.4178,0
"2273","28882","SFER","11/19/2019 11:09:00","21LK","Ammonium",1.327,"mg/L",24.5368,-81.4115,0
"2274","28892","SFER","11/19/2019 11:52:00","21.5","Ammonium",1.139,"mg/L",24.4862,-81.3918,0
"2275","28914","SFER","11/19/2019 14:30:00","WS","Ammonium",1.257,"mg/L",24.4757,-81.712,0
"2276","28922","SFER","11/19/2019 15:34:00","22.5","Ammonium",1.072,"mg/L",24.3972,-81.8278,0
"2277","28932","SFER","11/19/2019 16:05:00","22","Ammonium",0.975,"mg/L",24.4572,-81.8283,0
"2278","28942","SFER","11/19/2019 16:17:00","23","Ammonium",1.116,"mg/L",24.485,-81.8282,0
"2279","28952","SFER","11/19/2019 16:36:00","24","Ammonium",1.101,"mg/L",24.5355,-81.828,0
"2280","28972","SFER","11/19/2019 17:35:00","KW1","Ammonium",0.907,"mg/L",24.655,-81.9028,0
"2281","28992","SFER","11/19/2019 18:20:00","KW2","Ammonium",1.058,"mg/L",24.7272,-81.9157,0
"2282","29002","SFER","11/19/2019 19:15:00","KW3","Ammonium",1.219,"mg/L",24.8212,-81.9568,0
"2283","29022","SFER","11/19/2019 21:06:00","KW4","Ammonium",0.582,"mg/L",25.014,-82.0365,0
"2284","29042","SFER","11/20/2019 01:01:00","30","Ammonium",0.824,"mg/L",25.399,-82.2067,0
"2285","29052","SFER","11/20/2019 03:04:00","30.5","Ammonium",1.127,"mg/L",25.5738,-82.075,0
"2286","29072","SFER","11/20/2019 04:44:00","31","Ammonium",1.551,"mg/L",25.7392,-81.9422,0
"2287","29082","SFER","11/20/2019 06:06:00","32","Ammonium",2.426,"mg/L",25.8758,-81.8272,0
"2288","291010","SFER","11/20/2019 06:40:00","33","Ammonium",1.592,"mg/L",25.9062,-81.7963,0
"2289","29114","SFER","11/20/2019 07:10:00","34","Ammonium",1.949,"mg/L",25.951,-81.7687,0
"2290","29132","SFER","11/20/2019 12:10:00","CAL6","Ammonium",0.624,"mg/L",25.9382,-82.4853,0
"2291","29152","SFER","11/20/2019 15:10:00","CAL5","Ammonium",1.038,"mg/L",26.178,-82.2177,0
"2292","29182","SFER","11/20/2019 16:10:00","CAL4","Ammonium",0.778,"mg/L",26.2502,-82.1378,0
"2293","29202","SFER","11/20/2019 17:25:00","CAL3","Ammonium",0.956,"mg/L",26.3395,-82.045,0
"2294","29232","SFER","11/20/2019 18:02:00","CAL2","Ammonium",0.856,"mg/L",26.382,-82.0003,0
"2295","29252","SFER","11/20/2019 18:45:00","CAL1","Ammonium",1.27,"mg/L",26.4255,-81.9592,0
"2296","29272","SFER","11/20/2019 21:25:00","RP1","Ammonium",0.756,"mg/L",26.5463,-82.2223,0
"2297","29302","SFER","11/20/2019 21:51:00","RP2","Ammonium",0.716,"mg/L",26.5523,-82.2555,0
"2298","29322","SFER","11/20/2019 22:37:00","RP3","Ammonium",1.308,"mg/L",26.5498,-82.3305,0
"2299","29342","SFER","11/20/2019 23:56:00","RP4","Ammonium",1.35,"mg/L",26.5757,-82.4978,0
"2300","29362","SFER","11/21/2019 01:39:00","GP5","Ammonium",0.644,"mg/L",26.5918,-82.6967,0
"2301","29382","SFER","11/21/2019 02:51:00","BG4","Ammonium",0.95,"mg/L",26.6272,-82.5542,0
"2302","29402","SFER","11/21/2019 04:08:00","BG3","Ammonium",0.819,"mg/L",26.664,-82.4175,0
"2303","29422","SFER","11/21/2019 05:00:00","BG2","Ammonium",1.411,"mg/L",26.6855,-82.3398,0
"2304","29442","SFER","11/21/2019 08:30:00","V1","Ammonium",1.606,"mg/L",27.1107,-82.4817,0
"2305","29462","SFER","11/21/2019 09:14:00","V2","Ammonium",1.201,"mg/L",27.0722,-82.5485,0
"2306","29482","SFER","11/21/2019 10:06:00","V3","Ammonium",1.072,"mg/L",27.026,-82.627,0
"2307","29502","SFER","11/21/2019 10:44:00","V4","Ammonium",0.811,"mg/L",26.9932,-82.6858,0
"2308","29522","SFER","11/21/2019 11:35:00","V5","Ammonium",1.224,"mg/L",26.95,-82.7618,0
"2309","29542","SFER","11/21/2019 12:10:00","V6","Ammonium",1.383,"mg/L",26.9155,-82.8208,0
"2310","29562","SFER","11/21/2019 13:00:00","V7","Ammonium",1.35,"mg/L",26.8743,-82.8907,0
"2311","29582","SFER","11/21/2019 13:45:00","V8","Ammonium",1.25,"mg/L",26.8297,-82.9605,0
"2312","29602","SFER","11/21/2019 15:12:00","V9","Ammonium",1.137,"mg/L",26.7253,-83.106,0
"2313","29622","SFER","11/21/2019 22:09:00","TB10","Ammonium",1.01,"mg/L",27.6163,-83.4917,0
"2314","29642","SFER","11/21/2019 23:42:00","TB5","Ammonium",0.85,"mg/L",27.6162,-83.3,0
"2315","29672","SFER","11/22/2019 00:57:00","TB4","Ammonium",1.611,"mg/L",27.6138,-83.134,0
"2316","29702","SFER","11/22/2019 02:28:00","TB3","Ammonium",0.863,"mg/L",27.6692,-83.002,0
"2317","29722","SFER","11/22/2019 03:28:00","TB2","Ammonium",1.127,"mg/L",27.7407,-82.9275,0
"2318","29742","SFER","11/22/2019 04:28:00","TB1","Ammonium",0.95,"mg/L",27.8022,-82.8832,0
"2319","29752","SFER","11/22/2019 05:04:00","TB6","Ammonium",2.22,"mg/L",27.8398,-82.8575,0
"2320","29772","SFER","11/22/2019 05:46:00","TB7","Ammonium",1.459,"mg/L",27.8368,-82.9425,0
"2321","29792","SFER","11/22/2019 06:25:00","TB8","Ammonium",0.961,"mg/L",27.8422,-83.0278,0
"2322","29822","SFER","11/22/2019 07:23:00","TB9","Ammonium",1.38,"mg/L",27.8383,-83.1372,0
"2323","29842","SFER","11/22/2019 09:45:00","CW1","Ammonium",1.46,"mg/L",28.0107,-82.8562,0
"2324","29862","SFER","11/22/2019 10:05:00","CW2","Ammonium",1.622,"mg/L",28.0167,-82.8925,0
"2325","29892","SFER","11/22/2019 11:02:00","CW3","Ammonium",1.197,"mg/L",28.0075,-82.962,0
"2326","299110","SFER","11/22/2019 12:10:00","CW4","Ammonium",1.237,"mg/L",28.0152,-83.0822,0
"2327","29932","SFER","11/22/2019 12:55:00","CW5","Ammonium",1.025,"mg/L",28.0132,-83.176,0
"2328","29952","SFER","11/22/2019 13:47:00","CW6","Ammonium",1.369,"mg/L",28.0132,-83.2722,0
"2329","29972","SFER","11/23/2019 05:06:00","CAL7","Ammonium",2.413,"mg/L",26.1575,-82.0542,0
"2330","29992","SFER","11/23/2019 05:58:00","CAL8","Ammonium",1.747,"mg/L",26.0623,-82.045,0
"2331","30002","SFER","11/23/2019 09:40:00","42","Ammonium",1.156,"mg/L",25.6553,-81.7153,0
"2332","30022","SFER","11/23/2019 10:50:00","41","Ammonium",1.489,"mg/L",25.7323,-81.5738,0
"2333","30032","SFER","11/23/2019 11:17:00","40","Ammonium",1.305,"mg/L",25.7593,-81.5227,0
"2334","30042","SFER","11/23/2019 11:31:00","39","Ammonium",1.392,"mg/L",25.7772,-81.4902,0
"2335","30062","SFER","11/23/2019 13:10:00","45","Ammonium",1.317,"mg/L",25.5822,-81.471,0
"2336","30072","SFER","11/23/2019 13:35:00","46","Ammonium",1.077,"mg/L",25.5832,-81.4075,0
"2337","30082","SFER","11/23/2019 13:50:00","47","Ammonium",1.231,"mg/L",25.5833,-81.3682,0
"2338","30092","SFER","11/23/2019 14:03:00","48","Ammonium",1.259,"mg/L",25.5837,-81.3318,0
"2339","301010","SFER","11/23/2019 14:18:00","49","Ammonium",1.449,"mg/L",25.5817,-81.2898,0
"2340","301110","SFER","11/23/2019 15:16:00","50","Ammonium",1.049,"mg/L",25.4533,-81.3492,0
"2341","30132","SFER","11/23/2019 15:36:00","51","Ammonium",1.319,"mg/L",25.4532,-81.3063,0
"2342","30142","SFER","11/23/2019 15:59:00","52","Ammonium",1.337,"mg/L",25.4537,-81.2595,0
"2343","30152","SFER","11/23/2019 16:12:00","53","Ammonium",1.309,"mg/L",25.4535,-81.225,0
"2344","30162","SFER","11/23/2019 17:35:00","54","Ammonium",1.972,"mg/L",25.345,-81.1547,0
"2345","30172","SFER","11/23/2019 18:15:00","55","Ammonium",1.526,"mg/L",25.3485,-81.195,0
"2346","30182","SFER","11/23/2019 18:36:00","56","Ammonium",1.006,"mg/L",25.3505,-81.2288,0
"2347","30202","SFER","11/23/2019 19:07:00","57","Ammonium",1.123,"mg/L",25.3525,-81.2677,0
"2348","30222","SFER","11/23/2019 19:39:00","57.1","Ammonium",1.072,"mg/L",25.3512,-81.3375,0
"2349","30242","SFER","11/23/2019 20:45:00","57.2","Ammonium",1.095,"mg/L",25.3515,-81.4918,0
"2350","30262","SFER","11/23/2019 22:03:00","57.3","Ammonium",2.16,"mg/L",25.3528,-81.654,0
"2351","30282","SFER","11/23/2019 23:34:00","58","Ammonium",1.543,"mg/L",25.1665,-81.6535,0
"2352","30292","SFER","11/24/2019 00:40:00","59","Ammonium",1.103,"mg/L",25.1653,-81.4843,0
"2353","303110","SFER","11/24/2019 01:44:00","60","Ammonium",1.476,"mg/L",25.1662,-81.3323,0
"2354","30322","SFER","11/24/2019 02:12:00","61","Ammonium",1.453,"mg/L",25.167,-81.2728,0
"2355","30332","SFER","11/24/2019 02:25:00","62","Ammonium",2.055,"mg/L",25.166,-81.236,0
"2356","30342","SFER","11/24/2019 02:38:00","63","Ammonium",1.197,"mg/L",25.1668,-81.1995,0
"2357","30352","SFER","11/24/2019 02:55:00","64","Ammonium",1.335,"mg/L",25.1657,-81.1578,0
"2358","30362","SFER","11/24/2019 03:50:00","65","Ammonium",2.123,"mg/L",25.1003,-81.0945,0
"2359","30372","SFER","11/24/2019 04:12:00","66","Ammonium",1.315,"mg/L",25.0678,-81.1095,0
"2360","30382","SFER","11/24/2019 04:29:00","67","Ammonium",1.223,"mg/L",25.03,-81.1248,0
"2361","30392","SFER","11/24/2019 05:22:00","68","Ammonium",0.797,"mg/L",24.9302,-81.1668,0
"2362","30402","SFER","01/06/2020 13:12:00","1","Ammonium",0,"mg/L",25.645,-80.1262,0
"2363","30422","SFER","01/06/2020 13:25:00","2","Ammonium",0,"mg/L",25.6393,-80.1042,0
"2364","30432","SFER","01/06/2020 13:49:00","3","Ammonium",0.177,"mg/L",25.6452,-80.0848,0
"2365","30442","SFER","01/06/2020 16:31:00","EKIN","Ammonium",0,"mg/L",25.3332,-80.2193,0
"2366","30452","SFER","01/06/2020 16:48:00","EKMID","Ammonium",0.403,"mg/L",25.3143,-80.1942,0
"2367","30462","SFER","01/06/2020 17:03:00","EKOFF","Ammonium",0.032,"mg/L",25.2958,-80.1653,0
"2368","30472","SFER","01/06/2020 19:07:00","6.5","Ammonium",0.072,"mg/L",25.0483,-80.2878,0
"2369","30482","SFER","01/06/2020 19:18:00","6","Ammonium",0.014,"mg/L",25.0613,-80.3092,0
"2370","30492","SFER","01/06/2020 19:31:00","5.5","Ammonium",0,"mg/L",25.0787,-80.3335,0
"2371","305110","SFER","01/06/2020 20:17:00","MR","Ammonium",0,"mg/L",25.0052,-80.373,0
"2372","30522","SFER","01/06/2020 22:05:00","UKOFF","Ammonium",0,"mg/L",24.8987,-80.5298,0
"2373","30532","SFER","01/06/2020 22:17:00","UKMID","Ammonium",0.159,"mg/L",24.92,-80.5467,0
"2374","30542","SFER","01/06/2020 22:26:00","UKIN","Ammonium",0.079,"mg/L",24.9343,-80.5653,0
"2375","30562","SFER","01/06/2020 23:54:00","7","Ammonium",0.133,"mg/L",24.8167,-80.754,0
"2376","30572","SFER","01/07/2020 00:20:00","8","Ammonium",0.048,"mg/L",24.7922,-80.7402,0
"2377","30592","SFER","01/07/2020 00:40:00","9","Ammonium",0,"mg/L",24.7615,-80.7245,0
"2378","30622","SFER","01/07/2020 01:18:00","9.5","Ammonium",0,"mg/L",24.7137,-80.6885,0
"2379","30642","SFER","01/07/2020 02:37:00","12","Ammonium",0,"mg/L",24.7128,-80.8323,0
"2380","30652","SFER","01/07/2020 03:14:00","11","Ammonium",0,"mg/L",24.7537,-80.8468,0
"2381","30672","SFER","01/07/2020 03:33:00","10","Ammonium",0.817,"mg/L",24.7895,-80.8617,0
"2382","30682","SFER","01/07/2020 04:58:00","13","Ammonium",0,"mg/L",24.7008,-81.0282,0
"2383","30692","SFER","01/07/2020 05:13:00","14","Ammonium",0,"mg/L",24.678,-81.0257,0
"2384","30702","SFER","01/07/2020 05:27:00","15","Ammonium",0,"mg/L",24.6443,-81.016,0
"2385","307110","SFER","01/07/2020 05:51:00","15.5","Ammonium",0,"mg/L",24.5923,-80.991,0
"2386","30732","SFER","01/07/2020 07:15:00","18","Ammonium",0.747,"mg/L",24.5985,-81.1838,0
"2387","30742","SFER","01/07/2020 07:43:00","17","Ammonium",0.726,"mg/L",24.6325,-81.1942,0
"2388","30762","SFER","01/07/2020 08:09:00","16","Ammonium",0.666,"mg/L",24.669,-81.203,0
"2389","30772","SFER","01/07/2020 09:43:00","19","Ammonium",0.756,"mg/L",24.6087,-81.4187,0
"2390","30782","SFER","01/07/2020 09:57:00","20","Ammonium",0.785,"mg/L",24.5767,-81.4193,0
"2391","30802","SFER","01/07/2020 10:20:00","21LK","Ammonium",0.522,"mg/L",24.5347,-81.4123,0
"2392","30832","SFER","01/07/2020 11:37:00","21.5","Ammonium",0.468,"mg/L",24.4777,-81.3952,0
"2393","30852","SFER","01/07/2020 13:59:00","WS","Ammonium",0.453,"mg/L",24.4757,-81.7187,0
"2394","30862","SFER","01/07/2020 15:17:00","22.5","Ammonium",0.387,"mg/L",24.3962,-81.8282,0
"2395","30872","SFER","01/07/2020 15:44:00","22","Ammonium",0.312,"mg/L",24.4548,-81.8285,0
"2396","30882","SFER","01/07/2020 15:57:00","23","Ammonium",0.375,"mg/L",24.4842,-81.8285,0
"2397","30892","SFER","01/07/2020 16:20:00","24","Ammonium",0.592,"mg/L",24.5362,-81.828,0
"2398","309110","SFER","01/07/2020 17:36:00","KW1","Ammonium",0.145,"mg/L",24.6525,-81.9058,0
"2399","30932","SFER","01/07/2020 18:35:00","KW2","Ammonium",0.619,"mg/L",24.7252,-81.919,0
"2400","30942","SFER","01/07/2020 19:33:00","KW3","Ammonium",0.362,"mg/L",24.8268,-81.9602,0
"2401","30962","SFER","01/07/2020 21:02:00","KW4","Ammonium",0.158,"mg/L",25.015,-82.0395,0
"2402","30982","SFER","01/08/2020 00:23:00","30","Ammonium",0,"mg/L",25.4038,-82.2055,0
"2403","30992","SFER","01/08/2020 02:09:00","30.5","Ammonium",0,"mg/L",25.5718,-82.0743,0
"2404","310110","SFER","01/08/2020 03:43:00","31","Ammonium",0,"mg/L",25.741,-81.943,0
"2405","31022","SFER","01/08/2020 05:05:00","32","Ammonium",0,"mg/L",25.8715,-81.8355,0
"2406","31042","SFER","01/08/2020 05:29:00","33","Ammonium",0,"mg/L",25.9103,-81.7985,0
"2407","31052","SFER","01/08/2020 06:01:00","34","Ammonium",0,"mg/L",25.9495,-81.7672,0
"2408","31072","SFER","01/08/2020 10:28:00","CAL6","Ammonium",0,"mg/L",25.9357,-82.4795,0
"2409","31092","SFER","01/08/2020 13:25:00","CAL5","Ammonium",0.906,"mg/L",26.1795,-82.2198,0
"2410","311110","SFER","01/08/2020 14:45:00","CAL4","Ammonium",0.837,"mg/L",26.2517,-82.1407,0
"2411","31132","SFER","01/08/2020 15:55:00","CAL3","Ammonium",1.112,"mg/L",26.3393,-82.0437,0
"2412","31152","SFER","01/08/2020 16:35:00","CAL2","Ammonium",0.83,"mg/L",26.3823,-81.999,0
"2413","31162","SFER","01/08/2020 17:12:00","CAL1","Ammonium",0.857,"mg/L",26.4273,-81.9612,0
"2414","31182","SFER","01/08/2020 21:09:00","RP1","Ammonium",0.724,"mg/L",26.5457,-82.2197,0
"2415","31202","SFER","01/08/2020 21:45:00","RP2","Ammonium",0.947,"mg/L",26.5528,-82.2548,0
"2416","31222","SFER","01/08/2020 22:26:00","RP3","Ammonium",0.551,"mg/L",26.5497,-82.332,0
"2417","31242","SFER","01/08/2020 23:46:00","RP4","Ammonium",0.596,"mg/L",26.5778,-82.497,0
"2418","31262","SFER","01/09/2020 01:23:00","GP5","Ammonium",0.532,"mg/L",26.5935,-82.6987,0
"2419","31282","SFER","01/09/2020 03:20:00","BG4","Ammonium",1.008,"mg/L",26.6273,-82.5585,0
"2420","31292","SFER","01/09/2020 05:14:00","BG3","Ammonium",0.383,"mg/L",26.665,-82.4187,0
"2421","313110","SFER","01/09/2020 05:58:00","BG2","Ammonium",0.522,"mg/L",26.6862,-82.3402,0
"2422","31332","SFER","01/09/2020 09:43:00","V1","Ammonium",0.808,"mg/L",27.1088,-82.481,0
"2423","31352","SFER","01/09/2020 10:20:00","V2","Ammonium",0.26,"mg/L",27.0693,-82.5473,0
"2424","31372","SFER","01/09/2020 11:03:00","V3","Ammonium",0.461,"mg/L",27.0318,-82.6148,0
"2425","31392","SFER","01/09/2020 11:45:00","V4","Ammonium",0.358,"mg/L",26.9918,-82.6852,0
"2426","314110","SFER","01/09/2020 12:25:00","V5","Ammonium",0.205,"mg/L",26.9528,-82.752,0
"2427","31432","SFER","01/09/2020 13:10:00","V6","Ammonium",0.132,"mg/L",26.9143,-82.8235,0
"2428","31452","SFER","01/09/2020 13:50:00","V7","Ammonium",0.02,"mg/L",26.8758,-82.8897,0
"2429","31472","SFER","01/09/2020 14:32:00","V8","Ammonium",0,"mg/L",26.8303,-82.9582,0
"2430","31492","SFER","01/09/2020 15:57:00","V9","Ammonium",0.097,"mg/L",26.7285,-83.1012,0
"2431","31502","SFER","01/10/2020 07:57:00","42","Ammonium",0,"mg/L",25.6593,-81.719,0
"2432","315110","SFER","01/10/2020 09:20:00","41","Ammonium",0,"mg/L",25.7335,-81.575,0
"2433","31522","SFER","01/10/2020 09:54:00","40","Ammonium",0,"mg/L",25.7592,-81.524,0
"2434","31532","SFER","01/10/2020 10:07:00","39","Ammonium",0,"mg/L",25.7695,-81.4988,0
"2435","31552","SFER","01/10/2020 11:29:00","45","Ammonium",0,"mg/L",25.583,-81.4712,0
"2436","31562","SFER","01/10/2020 12:05:00","46","Ammonium",0,"mg/L",25.5825,-81.4077,0
"2437","31572","SFER","01/10/2020 12:21:00","47","Ammonium",0,"mg/L",25.5833,-81.3655,0
"2438","31582","SFER","01/10/2020 12:35:00","48","Ammonium",0,"mg/L",25.5832,-81.3333,0
"2439","31592","SFER","01/10/2020 12:47:00","49","Ammonium",0,"mg/L",25.582,-81.3037,0
"2440","31602","SFER","01/10/2020 13:50:00","50","Ammonium",1.654,"mg/L",25.4525,-81.3455,0
"2441","316110","SFER","01/10/2020 14:07:00","51","Ammonium",1.408,"mg/L",25.4548,-81.3088,0
"2442","31622","SFER","01/10/2020 14:43:00","52","Ammonium",1.46,"mg/L",25.4535,-81.2587,0
"2443","31642","SFER","01/10/2020 17:45:00","57.3","Ammonium",1.062,"mg/L",25.3512,-81.6538,0
"2444","31662","SFER","01/10/2020 19:00:00","57.2","Ammonium",1.366,"mg/L",25.3517,-81.4923,0
"2445","31682","SFER","01/10/2020 20:23:00","57.1","Ammonium",1.354,"mg/L",25.3513,-81.338,0
"2446","31702","SFER","01/10/2020 21:09:00","57","Ammonium",1.724,"mg/L",25.3517,-81.267,0
"2447","317110","SFER","01/10/2020 21:50:00","56","Ammonium",1.184,"mg/L",25.3492,-81.2278,0
"2448","31722","SFER","01/10/2020 22:20:00","55","Ammonium",1.112,"mg/L",25.3487,-81.1945,0
"2449","31732","SFER","01/10/2020 22:58:00","54","Ammonium",1.089,"mg/L",25.3403,-81.1572,0
"2450","31752","SFER","01/11/2020 03:05:00","58","Ammonium",1.007,"mg/L",25.1675,-81.6533,0
"2451","31762","SFER","01/11/2020 04:17:00","59","Ammonium",1.489,"mg/L",25.166,-81.4923,0
"2452","31782","SFER","01/11/2020 05:17:00","60","Ammonium",1.002,"mg/L",25.1667,-81.3358,0
"2453","31792","SFER","01/11/2020 05:50:00","61","Ammonium",0.892,"mg/L",25.166,-81.2768,0
"2454","31802","SFER","01/11/2020 06:07:00","62","Ammonium",1.27,"mg/L",25.1662,-81.2333,0
"2455","318110","SFER","01/11/2020 06:20:00","63","Ammonium",1.053,"mg/L",25.1662,-81.2005,0
"2456","31822","SFER","01/11/2020 06:43:00","64","Ammonium",0.892,"mg/L",25.1647,-81.1575,0
"2457","31832","SFER","01/11/2020 07:41:00","65","Ammonium",1.125,"mg/L",25.101,-81.0955,0
"2458","31842","SFER","01/11/2020 08:02:00","66","Ammonium",0.885,"mg/L",25.0692,-81.1092,0
"2459","31852","SFER","01/11/2020 08:23:00","67","Ammonium",1.753,"mg/L",25.0255,-81.1282,0
"2460","31862","SFER","01/11/2020 09:09:00","68","Ammonium",0.665,"mg/L",24.9297,-81.169,0
"2461","33082","SFER","10/05/2020 13:27:00","1","Ammonium",2.59,"mg/L",25.6452,-80.1277,0
"2462","331010","SFER","10/05/2020 13:40:00","2","Ammonium",1.66,"mg/L",25.6418,-80.1047,0
"2463","331110","SFER","10/05/2020 14:06:00","3","Ammonium",1.025,"mg/L",25.6457,-80.0853,0
"2464","33122","SFER","10/05/2020 16:30:00","EKIN","Ammonium",1.87,"mg/L",25.3345,-80.2243,0
"2465","33132","SFER","10/05/2020 16:45:00","EKMID","Ammonium",1.343,"mg/L",25.3148,-80.1948,0
"2466","33142","SFER","10/05/2020 17:04:00","EKOFF","Ammonium",1.094,"mg/L",25.2963,-80.1673,0
"2467","33152","SFER","10/05/2020 19:07:00","4","Ammonium",0.967,"mg/L",25.1085,-80.3795,0
"2468","33162","SFER","10/05/2020 19:19:00","5","Ammonium",0.953,"mg/L",25.0943,-80.3568,0
"2469","33172","SFER","10/05/2020 19:43:00","5.5","Ammonium",1.683,"mg/L",25.0807,-80.3337,0
"2470","33182","SFER","10/05/2020 19:57:00","6","Ammonium",1.05,"mg/L",25.0663,-80.3173,0
"2471","33192","SFER","10/05/2020 20:16:00","6.5","Ammonium",1.293,"mg/L",25.0488,-80.2895,0
"2472","332110","SFER","10/05/2020 21:00:00","MR","Ammonium",1.638,"mg/L",25.0083,-80.3665,0
"2473","33222","SFER","10/05/2020 22:41:00","UKOFF","Ammonium",0.979,"mg/L",24.8982,-80.529,0
"2474","33232","SFER","10/05/2020 22:54:00","UKMID","Ammonium",1.443,"mg/L",24.9212,-80.5467,0
"2475","33242","SFER","10/05/2020 23:03:00","UKIN","Ammonium",1.263,"mg/L",24.9323,-80.5618,0
"2476","33252","SFER","10/06/2020 00:23:00","7","Ammonium",1.672,"mg/L",24.821,-80.741,0
"2477","33262","SFER","10/06/2020 00:58:00","8","Ammonium",2.331,"mg/L",24.7935,-80.743,0
"2478","33282","SFER","10/06/2020 01:22:00","9","Ammonium",1.708,"mg/L",24.7622,-80.723,0
"2479","333110","SFER","10/06/2020 02:12:00","9.5","Ammonium",1.534,"mg/L",24.7168,-80.688,0
"2480","33332","SFER","10/06/2020 03:30:00","12","Ammonium",1.563,"mg/L",24.7128,-80.8305,0
"2481","33342","SFER","10/06/2020 04:04:00","11","Ammonium",2.3,"mg/L",24.7515,-80.846,0
"2482","33352","SFER","10/06/2020 04:19:00","10","Ammonium",2.761,"mg/L",24.789,-80.8598,0
"2483","33362","SFER","10/06/2020 05:40:00","13","Ammonium",3.326,"mg/L",24.699,-81.0298,0
"2484","33372","SFER","10/06/2020 05:52:00","14","Ammonium",1.802,"mg/L",24.6767,-81.0255,0
"2485","33382","SFER","10/06/2020 06:06:00","15","Ammonium",2.315,"mg/L",24.6425,-81.0153,0
"2486","33392","SFER","10/06/2020 06:30:00","15.5","Ammonium",1.905,"mg/L",24.5985,-80.9945,0
"2487","334110","SFER","10/06/2020 08:17:00","18","Ammonium",3.62,"mg/L",24.5985,-81.1828,0
"2488","33422","SFER","10/06/2020 08:46:00","17","Ammonium",4.364,"mg/L",24.6333,-81.1933,0
"2489","33432","SFER","10/06/2020 09:02:00","16","Ammonium",4.488,"mg/L",24.6698,-81.2022,0
"2490","33442","SFER","10/06/2020 10:45:00","19","Ammonium",4.337,"mg/L",24.6095,-81.4205,0
"2491","33452","SFER","10/06/2020 11:03:00","20","Ammonium",3.215,"mg/L",24.5783,-81.4195,0
"2492","33472","SFER","10/06/2020 11:30:00","21LK","Ammonium",4.495,"mg/L",24.5373,-81.4163,0
"2493","33482","SFER","10/06/2020 12:23:00","21.5","Ammonium",4.046,"mg/L",24.4837,-81.3928,0
"2494","33502","SFER","10/06/2020 14:35:00","WS","Ammonium",3.188,"mg/L",24.4753,-81.7192,0
"2495","335110","SFER","10/06/2020 15:25:00","22.5","Ammonium",2.789,"mg/L",24.3993,-81.8253,0
"2496","33522","SFER","10/06/2020 15:49:00","22","Ammonium",4.22,"mg/L",24.4503,-81.8315,0
"2497","33532","SFER","10/06/2020 16:04:00","23","Ammonium",3.528,"mg/L",24.4847,-81.8277,0
"2498","33542","SFER","10/06/2020 16:23:00","24","Ammonium",5.771,"mg/L",24.5363,-81.8285,0
"2499","33562","SFER","10/06/2020 17:18:00","KW1","Ammonium",3.324,"mg/L",24.6553,-81.905,0
"2500","33582","SFER","10/06/2020 18:03:00","KW2","Ammonium",1.974,"mg/L",24.7278,-81.9175,0
"2501","33592","SFER","10/06/2020 18:54:00","KW3","Ammonium",3.667,"mg/L",24.8185,-81.9568,0
"2502","336110","SFER","10/06/2020 20:26:00","KW4","Ammonium",1.157,"mg/L",25.0125,-82.0437,0
"2503","33632","SFER","10/06/2020 23:57:00","30","Ammonium",3.287,"mg/L",25.4167,-82.2068,0
"2504","33642","SFER","10/07/2020 01:38:00","30.5","Ammonium",4.363,"mg/L",25.575,-82.073,0
"2505","33662","SFER","10/07/2020 03:20:00","31","Ammonium",2.702,"mg/L",25.7568,-81.9355,0
"2506","33672","SFER","10/07/2020 05:44:00","32","Ammonium",2.728,"mg/L",25.8737,-81.8328,0
"2507","33682","SFER","10/07/2020 06:09:00","33","Ammonium",1.825,"mg/L",25.9097,-81.8003,0
"2508","33692","SFER","10/07/2020 06:33:00","34","Ammonium",2.925,"mg/L",25.9492,-81.7685,0
"2509","33702","SFER","10/08/2020 18:09:00","CAL1","Ammonium",4.293,"mg/L",26.4268,-81.9608,0
"2510","33722","SFER","10/08/2020 19:30:00","CAL2","Ammonium",2.908,"mg/L",26.3827,-82.0022,0
"2511","33742","SFER","10/08/2020 20:07:00","CAL3","Ammonium",2.76,"mg/L",26.3443,-82.0438,0
"2512","33762","SFER","10/08/2020 21:09:00","CAL4","Ammonium",2.564,"mg/L",26.2533,-82.1378,0
"2513","33782","SFER","10/08/2020 21:59:00","CAL5","Ammonium",2.97,"mg/L",26.1848,-82.2165,0
"2514","338110","SFER","10/09/2020 00:30:00","CAL6","Ammonium",1.93,"mg/L",25.9418,-82.4822,0
"2515","33832","SFER","10/09/2020 04:49:00","RP1","Ammonium",3.199,"mg/L",26.5448,-82.218,0
"2516","33852","SFER","10/09/2020 05:15:00","RP2","Ammonium",3.391,"mg/L",26.5532,-82.2558,0
"2517","33872","SFER","10/09/2020 05:50:00","RP3","Ammonium",2.434,"mg/L",26.5522,-82.329,0
"2518","33892","SFER","10/09/2020 07:00:00","RP4","Ammonium",2.688,"mg/L",26.5768,-82.496,0
"2519","33922","SFER","10/09/2020 08:26:00","GP5","Ammonium",1.932,"mg/L",26.5953,-82.6967,0
"2520","33942","SFER","10/09/2020 09:34:00","BG4","Ammonium",2.421,"mg/L",26.632,-82.5587,0
"2521","33972","SFER","10/09/2020 10:45:00","BG3","Ammonium",1.633,"mg/L",26.6707,-82.4187,0
"2522","33992","SFER","10/09/2020 11:29:00","BG2","Ammonium",1.301,"mg/L",26.6905,-82.3405,0
"2523","34022","SFER","10/09/2020 16:05:00","V9","Ammonium",0.192,"mg/L",26.7317,-83.1068,0
"2524","34042","SFER","10/09/2020 17:53:00","V8","Ammonium",0.848,"mg/L",26.8345,-82.9595,0
"2525","34072","SFER","10/09/2020 18:40:00","V7","Ammonium",2.189,"mg/L",26.879,-82.8873,0
"2526","34092","SFER","10/09/2020 19:25:00","V6","Ammonium",2.28,"mg/L",26.9192,-82.8212,0
"2527","34122","SFER","10/09/2020 20:05:00","V5","Ammonium",0.664,"mg/L",26.9565,-82.7503,0
"2528","34142","SFER","10/09/2020 20:44:00","V4","Ammonium",0.925,"mg/L",26.9948,-82.6832,0
"2529","34162","SFER","10/09/2020 21:21:00","V3","Ammonium",1.204,"mg/L",27.0322,-82.6142,0
"2530","34182","SFER","10/09/2020 21:58:00","V2","Ammonium",0.197,"mg/L",27.072,-82.5482,0
"2531","34202","SFER","10/09/2020 22:34:00","V1","Ammonium",0.355,"mg/L",27.1097,-82.4792,0
"2532","34222","SFER","10/10/2020 01:35:00","AMI1","Ammonium",2.101,"mg/L",27.4973,-82.7512,0
"2533","34242","SFER","10/10/2020 02:27:00","AMI2","Ammonium",0.818,"mg/L",27.4585,-82.846,0
"2534","34272","SFER","10/10/2020 03:17:00","AMI3","Ammonium",0.005,"mg/L",27.4203,-82.9393,0
"2535","34292","SFER","10/10/2020 04:12:00","AMI4","Ammonium",1.22,"mg/L",27.3832,-83.0348,0
"2536","34322","SFER","10/10/2020 05:00:00","AMI5","Ammonium",0.37,"mg/L",27.3428,-83.1247,0
"2537","34342","SFER","10/10/2020 05:50:00","AMI6","Ammonium",0.394,"mg/L",27.3065,-83.2228,0
"2538","34372","SFER","10/10/2020 06:38:00","AMI7","Ammonium",0.335,"mg/L",27.265,-83.3103,0
"2539","34392","SFER","10/10/2020 07:27:00","AMI8","Ammonium",0.887,"mg/L",27.228,-83.4077,0
"2540","34422","SFER","10/10/2020 08:17:00","AMI9","Ammonium",1.306,"mg/L",27.19,-83.5032,0
"2541","34452","SFER","10/10/2020 11:18:00","TB11","Ammonium",0.42,"mg/L",27.6202,-83.6802,0
"2542","34482","SFER","10/10/2020 12:50:00","TB10","Ammonium",0.829,"mg/L",27.617,-83.4865,0
"2543","345110","SFER","10/10/2020 14:28:00","TB5","Ammonium",0.842,"mg/L",27.6193,-83.2993,0
"2544","34542","SFER","10/10/2020 16:03:00","TB4","Ammonium",1.001,"mg/L",27.621,-83.1345,0
"2545","34562","SFER","10/10/2020 17:13:00","TB3","Ammonium",4.217,"mg/L",27.6753,-82.9972,0
"2546","34582","SFER","10/10/2020 18:02:00","TB2","Ammonium",1.932,"mg/L",27.7417,-82.9292,0
"2547","34602","SFER","10/10/2020 18:39:00","TB1","Ammonium",4.317,"mg/L",27.8013,-82.8818,0
"2548","346110","SFER","10/11/2020 11:05:00","42","Ammonium",1.157,"mg/L",25.6568,-81.7137,0
"2549","34632","SFER","10/11/2020 12:08:00","41","Ammonium",1.763,"mg/L",25.7347,-81.5738,0
"2550","34642","SFER","10/11/2020 12:40:00","40","Ammonium",6.386,"mg/L",25.7642,-81.513,0
"2551","34652","SFER","10/11/2020 12:53:00","39","Ammonium",6.076,"mg/L",25.7822,-81.4825,0
"2552","34672","SFER","10/11/2020 14:15:00","45","Ammonium",5.41,"mg/L",25.5847,-81.4707,0
"2553","34682","SFER","10/11/2020 14:44:00","46","Ammonium",4.927,"mg/L",25.5833,-81.4102,0
"2554","34692","SFER","10/11/2020 14:59:00","47","Ammonium",3.541,"mg/L",25.5832,-81.3712,0
"2555","34702","SFER","10/11/2020 15:12:00","48","Ammonium",7.808,"mg/L",25.5837,-81.3352,0
"2556","347110","SFER","10/11/2020 15:27:00","49","Ammonium",7.122,"mg/L",25.5833,-81.2918,0
"2557","34722","SFER","10/11/2020 17:45:00","54","Ammonium",2.222,"mg/L",25.3433,-81.1517,0
"2558","34732","SFER","10/11/2020 18:22:00","55","Ammonium",3.061,"mg/L",25.348,-81.1973,0
"2559","34742","SFER","10/11/2020 18:45:00","56","Ammonium",1.212,"mg/L",25.3512,-81.2273,0
"2560","34752","SFER","10/11/2020 19:10:00","57","Ammonium",1.81,"mg/L",25.3517,-81.2657,0
"2561","34762","SFER","10/11/2020 19:59:00","53","Ammonium",6.884,"mg/L",25.4527,-81.2338,0
"2562","34772","SFER","10/11/2020 20:16:00","52","Ammonium",3.256,"mg/L",25.4538,-81.2578,0
"2563","34782","SFER","10/11/2020 20:33:00","51","Ammonium",4.095,"mg/L",25.4528,-81.3045,0
"2564","34792","SFER","10/11/2020 20:56:00","50","Ammonium",13.342,"mg/L",25.4533,-81.3488,0
"2565","348110","SFER","10/11/2020 21:39:00","57.1","Ammonium",1.562,"mg/L",25.3522,-81.3353,0
"2566","34832","SFER","10/11/2020 23:56:00","57.2","Ammonium",1.367,"mg/L",25.3513,-81.513,0
"2567","34852","SFER","10/12/2020 00:47:00","57.3","Ammonium",0.873,"mg/L",25.3495,-81.6528,0
"2568","34872","SFER","10/12/2020 02:08:00","58","Ammonium",2.661,"mg/L",25.1657,-81.6533,0
"2569","34882","SFER","10/12/2020 03:15:00","59","Ammonium",1.424,"mg/L",25.1672,-81.4935,0
"2570","34892","SFER","10/12/2020 04:09:00","60","Ammonium",2.598,"mg/L",25.1693,-81.3372,0
"2571","34902","SFER","10/12/2020 04:41:00","61","Ammonium",2.562,"mg/L",25.1658,-81.2693,0
"2572","349110","SFER","10/12/2020 04:53:00","62","Ammonium",2.859,"mg/L",25.166,-81.2387,0
"2573","34922","SFER","10/12/2020 05:06:00","63","Ammonium",2.973,"mg/L",25.1662,-81.2005,0
"2574","34932","SFER","10/12/2020 05:19:00","64","Ammonium",3.128,"mg/L",25.1652,-81.1657,0
"2575","34942","SFER","10/12/2020 06:11:00","65","Ammonium",3.076,"mg/L",25.0998,-81.0983,0
"2576","34952","SFER","10/12/2020 06:37:00","66","Ammonium",2.884,"mg/L",25.0618,-81.112,0
"2577","34962","SFER","10/12/2020 06:51:00","67","Ammonium",2.503,"mg/L",25.0312,-81.125,0
"2578","34972","SFER","10/12/2020 07:33:00","68","Ammonium",2.45,"mg/L",24.931,-81.1667,0
"2579","34982","SFER","10/12/2020 08:10:00","69","Ammonium",2.489,"mg/L",24.9295,-81.0983,0
"2580","34992","SFER","10/12/2020 08:36:00","70","Ammonium",2.551,"mg/L",24.93,-81.0298,0
"2581","35002","SFER","12/07/2020 16:51:00","1","Ammonium",0.148,"mg/L",25.645,-80.1272,0
"2582","35022","SFER","12/07/2020 17:03:00","2","Ammonium",0.187,"mg/L",25.6403,-80.1043,0
"2583","35032","SFER","12/07/2020 17:25:00","3","Ammonium",0.387,"mg/L",25.6442,-80.0837,0
"2584","35042","SFER","12/07/2020 20:06:00","EKOFF","Ammonium",0.131,"mg/L",25.2957,-80.1612,0
"2585","35052","SFER","12/07/2020 20:23:00","EKMID","Ammonium",0,"mg/L",25.3112,-80.1945,0
"2586","35062","SFER","12/07/2020 20:38:00","EKIN","Ammonium",0.11,"mg/L",25.3347,-80.222,0
"2587","35072","SFER","12/07/2020 22:37:00","4","Ammonium",0,"mg/L",25.1098,-80.3775,0
"2588","35082","SFER","12/07/2020 22:49:00","5","Ammonium",0,"mg/L",25.093,-80.3542,0
"2589","35092","SFER","12/07/2020 22:59:00","5.5","Ammonium",0.044,"mg/L",25.0808,-80.3337,0
"2590","351010","SFER","12/08/2020 00:59:00","UKMID","Ammonium",0,"mg/L",24.921,-80.5472,0
"2591","351110","SFER","12/08/2020 01:08:00","UKIN","Ammonium",0.028,"mg/L",24.9328,-80.5623,0
"2592","35132","SFER","12/08/2020 02:41:00","7","Ammonium",0.403,"mg/L",24.8162,-80.7555,0
"2593","35142","SFER","12/08/2020 03:09:00","8","Ammonium",0,"mg/L",24.7933,-80.7413,0
"2594","35152","SFER","12/08/2020 03:54:00","11","Ammonium",0.645,"mg/L",24.7538,-80.8462,0
"2595","35172","SFER","12/08/2020 04:14:00","10","Ammonium",0.336,"mg/L",24.7877,-80.8635,0
"2596","35182","SFER","12/08/2020 05:43:00","13","Ammonium",0.169,"mg/L",24.7007,-81.028,0
"2597","35192","SFER","12/08/2020 05:55:00","14","Ammonium",0.162,"mg/L",24.6745,-81.0233,0
"2598","35202","SFER","12/08/2020 07:07:00","17","Ammonium",0.072,"mg/L",24.6353,-81.1915,0
"2599","35222","SFER","12/08/2020 07:22:00","16","Ammonium",0.121,"mg/L",24.6692,-81.2017,0
"2600","35232","SFER","12/08/2020 09:22:00","19","Ammonium",0.491,"mg/L",24.6057,-81.4205,0
"2601","35242","SFER","12/08/2020 09:33:00","20","Ammonium",0.101,"mg/L",24.5765,-81.4177,0
"2602","35252","SFER","12/08/2020 12:31:00","23","Ammonium",0.122,"mg/L",24.487,-81.8282,0
"2603","35262","SFER","12/08/2020 12:55:00","24","Ammonium",0.122,"mg/L",24.5347,-81.8285,0
"2604","35272","SFER","12/08/2020 19:50:00","68","Ammonium",0.071,"mg/L",24.9285,-81.1668,0
"2605","35282","SFER","12/08/2020 20:48:00","67","Ammonium",0.324,"mg/L",25.0288,-81.1265,0
"2606","35292","SFER","12/08/2020 21:06:00","66","Ammonium",0.292,"mg/L",25.0652,-81.1095,0
"2607","35302","SFER","12/08/2020 21:20:00","65","Ammonium",0.599,"mg/L",25.093,-81.0968,0
"2608","353110","SFER","12/08/2020 22:16:00","64","Ammonium",0.922,"mg/L",25.1657,-81.1595,0
"2609","35322","SFER","12/08/2020 22:44:00","63","Ammonium",0.842,"mg/L",25.1663,-81.1977,0
"2610","35332","SFER","12/08/2020 22:59:00","62","Ammonium",0.881,"mg/L",25.1668,-81.2343,0
"2611","35342","SFER","12/08/2020 23:15:00","61","Ammonium",0.634,"mg/L",25.1672,-81.2717,0
"2612","35362","SFER","12/08/2020 23:46:00","60","Ammonium",1.041,"mg/L",25.1648,-81.3362,0
"2613","35372","SFER","12/09/2020 01:21:00","59","Ammonium",1.02,"mg/L",25.1665,-81.4865,0
"2614","35392","SFER","12/09/2020 02:42:00","58","Ammonium",0.879,"mg/L",25.1658,-81.6522,0
"2615","35422","SFER","12/09/2020 05:21:00","57.3","Ammonium",0.779,"mg/L",25.3482,-81.6575,0
"2616","35442","SFER","12/09/2020 07:12:00","57.2","Ammonium",0.753,"mg/L",25.3495,-81.4908,0
"2617","35452","SFER","12/09/2020 08:31:00","57.1","Ammonium",2.472,"mg/L",25.3553,-81.338,0
"2618","35462","SFER","12/09/2020 09:35:00","57","Ammonium",1.319,"mg/L",25.3493,-81.2613,0
"2619","35472","SFER","12/09/2020 10:20:00","56","Ammonium",3.113,"mg/L",25.3493,-81.2272,0
"2620","35482","SFER","12/09/2020 10:45:00","55","Ammonium",1.184,"mg/L",25.3507,-81.1972,0
"2621","35492","SFER","12/09/2020 11:27:00","54","Ammonium",1.816,"mg/L",25.3412,-81.1563,0
"2622","35502","SFER","12/09/2020 13:01:00","53","Ammonium",0.463,"mg/L",25.4505,-81.2307,0
"2623","355110","SFER","12/09/2020 13:19:00","52","Ammonium",0.591,"mg/L",25.454,-81.261,0
"2624","35532","SFER","12/09/2020 13:42:00","51","Ammonium",0.557,"mg/L",25.4507,-81.3092,0
"2625","35542","SFER","12/09/2020 14:18:00","50","Ammonium",0.413,"mg/L",25.474,-81.341,0
"2626","35552","SFER","12/09/2020 15:16:00","49","Ammonium",0.659,"mg/L",25.584,-81.2933,0
"2627","35562","SFER","12/09/2020 15:43:00","48","Ammonium",0.507,"mg/L",25.582,-81.3275,0
"2628","35572","SFER","12/09/2020 16:04:00","47","Ammonium",0.367,"mg/L",25.5823,-81.37,0
"2629","35582","SFER","12/09/2020 16:22:00","46","Ammonium",0.365,"mg/L",25.5833,-81.4083,0
"2630","35592","SFER","12/09/2020 19:33:00","39","Ammonium",0.49,"mg/L",25.7725,-81.493,0
"2631","35602","SFER","12/09/2020 19:49:00","40","Ammonium",0.416,"mg/L",25.7577,-81.5228,0
"2632","35622","SFER","12/09/2020 20:20:00","41","Ammonium",0.596,"mg/L",25.7285,-81.576,0
"2633","35632","SFER","12/09/2020 21:50:00","42","Ammonium",0.561,"mg/L",25.6648,-81.7138,0
"2634","35652","SFER","12/09/2020 23:25:00","31","Ammonium",0.482,"mg/L",25.7393,-81.9413,0
"2635","35662","SFER","12/10/2020 00:55:00","32","Ammonium",0.347,"mg/L",25.8723,-81.8392,0
"2636","35682","SFER","12/10/2020 01:17:00","33","Ammonium",0.274,"mg/L",25.9113,-81.7998,0
"2637","35692","SFER","12/10/2020 02:04:00","34","Ammonium",0.301,"mg/L",25.9492,-81.769,0
"2638","357110","SFER","12/10/2020 05:16:00","CAL5","Ammonium",0.249,"mg/L",26.181,-82.218,0
"2639","35732","SFER","12/10/2020 06:24:00","CAL4","Ammonium",0.3,"mg/L",26.2533,-82.1367,0
"2640","35752","SFER","12/10/2020 07:28:00","CAL3","Ammonium",0.413,"mg/L",26.3423,-82.045,0
"2641","35772","SFER","12/10/2020 08:12:00","CAL2","Ammonium",0.559,"mg/L",26.3838,-81.9997,0
"2642","35782","SFER","12/10/2020 08:45:00","CAL1","Ammonium",1.686,"mg/L",26.4263,-81.9588,0
"2643","35792","SFER","12/10/2020 11:25:00","RP1","Ammonium",0.66,"mg/L",26.5477,-82.2168,0
"2644","358110","SFER","12/10/2020 11:45:00","RP2","Ammonium",0.401,"mg/L",26.5532,-82.2563,0
"2645","35832","SFER","12/10/2020 12:22:00","RP3","Ammonium",0.675,"mg/L",26.5515,-82.3328,0
"2646","35852","SFER","12/10/2020 13:31:00","RP4","Ammonium",0.372,"mg/L",26.5777,-82.496,0
"2647","35872","SFER","12/10/2020 15:10:00","GP5","Ammonium",0.401,"mg/L",26.596,-82.6983,0
"2648","35892","SFER","12/10/2020 16:20:00","BG4","Ammonium",0.344,"mg/L",26.6307,-82.5547,0
"2649","359110","SFER","12/10/2020 17:36:00","BG3","Ammonium",0.369,"mg/L",26.6697,-82.4152,0
"2650","35932","SFER","12/10/2020 18:17:00","BG2","Ammonium",0.389,"mg/L",26.6885,-82.34,0
"2651","35952","SFER","12/10/2020 19:31:00","BG1","Ammonium",0.945,"mg/L",26.7215,-82.2463,0
"2652","35972","SFER","12/10/2020 23:24:00","V1","Ammonium",0.692,"mg/L",27.111,-82.4782,0
"2653","35992","SFER","12/11/2020 00:02:00","V2","Ammonium",0.788,"mg/L",27.0733,-82.5445,0
"2654","360110","SFER","12/11/2020 00:40:00","V3","Ammonium",0.444,"mg/L",27.0347,-82.6147,0
"2655","36032","SFER","12/11/2020 01:29:00","V4","Ammonium",0.408,"mg/L",26.993,-82.6837,0
"2656","36052","SFER","12/11/2020 02:07:00","V5","Ammonium",0.556,"mg/L",26.9548,-82.7502,0
"2657","36072","SFER","12/11/2020 02:54:00","V6","Ammonium",0.461,"mg/L",26.9162,-82.8215,0
"2658","36092","SFER","12/11/2020 03:34:00","V7","Ammonium",0.261,"mg/L",26.8773,-82.8898,0
"2659","361110","SFER","12/11/2020 04:25:00","V8","Ammonium",0.387,"mg/L",26.8307,-82.9573,0
"2660","36132","SFER","12/11/2020 05:45:00","V9","Ammonium",0.483,"mg/L",26.7313,-83.1073,0
"2661","36152","SFER","12/11/2020 10:22:00","AMI9","Ammonium",0.429,"mg/L",27.1908,-83.5028,0
"2662","36172","SFER","12/11/2020 11:17:00","AMI8","Ammonium",0.7,"mg/L",27.2262,-83.4113,0
"2663","36192","SFER","12/11/2020 12:19:00","AMI7","Ammonium",0.551,"mg/L",27.2698,-83.323,0
"2664","362110","SFER","12/11/2020 13:18:00","AMI6","Ammonium",1.136,"mg/L",27.3068,-83.2232,0
"2665","36232","SFER","12/11/2020 14:20:00","AMI5","Ammonium",0.652,"mg/L",27.343,-83.128,0
"2666","36252","SFER","12/11/2020 15:20:00","AMI4","Ammonium",0.764,"mg/L",27.3845,-83.0312,0
"2667","36272","SFER","12/11/2020 16:20:00","AMI3","Ammonium",0.419,"mg/L",27.4188,-82.9395,0
"2668","36292","SFER","12/11/2020 17:19:00","AMI2","Ammonium",0.338,"mg/L",27.4593,-82.843,0
"2669","36302","SFER","12/11/2020 18:03:00","AMI1","Ammonium",0.521,"mg/L",27.4968,-82.7512,0
"2670","36322","SFER","12/11/2020 23:14:00","TB1","Ammonium",0.393,"mg/L",27.8013,-82.882,0
"2671","36342","SFER","12/11/2020 23:51:00","TB2","Ammonium",0.444,"mg/L",27.7377,-82.93,0
"2672","36362","SFER","12/12/2020 00:36:00","TB3","Ammonium",0.269,"mg/L",27.6725,-83.0008,0
"2673","36382","SFER","12/12/2020 01:49:00","TB4","Ammonium",0.81,"mg/L",27.6172,-83.137,0
"2674","36402","SFER","12/12/2020 02:59:00","TB5","Ammonium",0.437,"mg/L",27.616,-83.2997,0
"2675","36422","SFER","12/12/2020 16:24:00","CAL6","Ammonium",0.368,"mg/L",25.938,-82.4833,0
"2676","36432","SFER","12/12/2020 20:00:00","30.5","Ammonium",0.749,"mg/L",25.5737,-82.077,0
"2677","36452","SFER","12/12/2020 22:25:00","30","Ammonium",0.457,"mg/L",25.3995,-82.2207,0
"2678","36472","SFER","12/13/2020 01:06:00","KW4","Ammonium",0.281,"mg/L",25.0133,-82.0408,0
"2679","36482","SFER","12/13/2020 02:39:00","KW3","Ammonium",0.617,"mg/L",24.8247,-81.96,0
"2680","36502","SFER","12/13/2020 03:16:00","KW2","Ammonium",0.71,"mg/L",24.7272,-81.9153,0
"2681","36522","SFER","12/13/2020 03:54:00","KW1","Ammonium",0.491,"mg/L",24.6527,-81.9037,0
"2682","36532","SFER","12/13/2020 05:27:00","22","Ammonium",0.105,"mg/L",24.4548,-81.828,0
"2683","36552","SFER","12/13/2020 06:06:00","WS","Ammonium",0.179,"mg/L",24.4775,-81.7172,0
"2684","36562","SFER","12/13/2020 08:05:00","21.5","Ammonium",0.542,"mg/L",24.4827,-81.3947,0
"2685","36582","SFER","12/13/2020 08:27:00","21LK","Ammonium",0.046,"mg/L",24.5353,-81.413,0
"2686","36602","SFER","12/13/2020 10:04:00","18","Ammonium",0.19,"mg/L",24.599,-81.1852,0
"2687","36622","SFER","12/13/2020 11:25:00","15","Ammonium",0.034,"mg/L",24.6435,-81.0162,0
"2688","36642","SFER","12/13/2020 11:58:00","15.5","Ammonium",0,"mg/L",24.5918,-80.9917,0
"2689","36662","SFER","12/13/2020 13:42:00","12","Ammonium",0,"mg/L",24.7153,-80.8287,0
"2690","36672","SFER","12/13/2020 14:55:00","9.5","Ammonium",0,"mg/L",24.7183,-80.6902,0
"2691","36682","SFER","12/13/2020 15:14:00","9","Ammonium",0,"mg/L",24.762,-80.7233,0
"2692","36692","SFER","12/13/2020 16:40:00","UKOFF","Ammonium",0.251,"mg/L",24.896,-80.5307,0
"2693","367110","SFER","12/13/2020 17:50:00","MR","Ammonium",0,"mg/L",25.0048,-80.3698,0
"2694","36722","SFER","12/13/2020 18:26:00","6","Ammonium",0.063,"mg/L",25.0637,-80.3133,0
"2695","36732","SFER","12/13/2020 18:35:00","6.5","Ammonium",0,"mg/L",25.0535,-80.2938,0
"2696","36742","SFER","02/01/2021 15:21:00","1","Ammonium",0.642,"mg/L",25.645,-80.1288,0
"2697","36752","SFER","02/01/2021 15:30:00","2","Ammonium",0.237,"mg/L",25.6418,-80.1055,0
"2698","36762","SFER","02/01/2021 15:38:00","3","Ammonium",0.435,"mg/L",25.643,-80.0847,0
"2699","36772","SFER","02/01/2021 18:08:00","EKIN","Ammonium",0.302,"mg/L",25.3345,-80.2238,0
"2700","36782","SFER","02/01/2021 18:26:00","EKMID","Ammonium",0.245,"mg/L",25.3148,-80.1945,0
"2701","36792","SFER","02/01/2021 18:40:00","EKOFF","Ammonium",0.212,"mg/L",25.2953,-80.1637,0
"2702","36802","SFER","02/01/2021 21:01:00","4","Ammonium",0.316,"mg/L",25.1072,-80.38,0
"2703","368110","SFER","02/01/2021 21:11:00","5","Ammonium",0.293,"mg/L",25.0948,-80.3577,0
"2704","36822","SFER","02/01/2021 23:19:00","UKIN","Ammonium",0.269,"mg/L",24.9343,-80.5638,0
"2705","36832","SFER","02/01/2021 23:28:00","UKMID","Ammonium",0.384,"mg/L",24.9215,-80.547,0
"2706","36842","SFER","02/01/2021 23:39:00","UKOFF","Ammonium",0.268,"mg/L",24.8998,-80.53,0
"2707","36852","SFER","02/02/2021 01:30:00","7","Ammonium",0.751,"mg/L",24.8175,-80.755,0
"2708","36862","SFER","02/02/2021 01:42:00","8","Ammonium",0.533,"mg/L",24.7943,-80.742,0
"2709","36872","SFER","02/02/2021 02:36:00","11","Ammonium",0.389,"mg/L",24.7533,-80.8445,0
"2710","36882","SFER","02/02/2021 02:57:00","10","Ammonium",0.528,"mg/L",24.7872,-80.8597,0
"2711","36892","SFER","02/02/2021 04:28:00","13","Ammonium",0.52,"mg/L",24.7015,-81.028,0
"2712","36902","SFER","02/02/2021 04:43:00","14","Ammonium",0.285,"mg/L",24.675,-81.0243,0
"2713","369110","SFER","02/02/2021 06:13:00","16","Ammonium",0.405,"mg/L",24.6697,-81.2015,0
"2714","36922","SFER","02/02/2021 06:29:00","17","Ammonium",0.265,"mg/L",24.6355,-81.1943,0
"2715","36932","SFER","02/02/2021 08:22:00","19","Ammonium",0.705,"mg/L",24.6088,-81.4193,0
"2716","36942","SFER","02/02/2021 08:38:00","20","Ammonium",0.463,"mg/L",24.5778,-81.4185,0
"2717","36952","SFER","02/02/2021 16:24:00","70","Ammonium",0.416,"mg/L",24.9292,-81.0252,0
"2718","36962","SFER","02/02/2021 16:59:00","69","Ammonium",0.694,"mg/L",24.931,-81.0953,0
"2719","36972","SFER","02/02/2021 17:35:00","68","Ammonium",0.433,"mg/L",24.9287,-81.1663,0
"2720","36982","SFER","02/02/2021 18:35:00","67","Ammonium",0.568,"mg/L",25.0307,-81.127,0
"2721","36992","SFER","02/02/2021 18:53:00","66","Ammonium",0.668,"mg/L",25.0677,-81.1083,0
"2722","37002","SFER","02/02/2021 19:15:00","65","Ammonium",0.902,"mg/L",25.0997,-81.0922,0
"2723","370110","SFER","02/02/2021 20:31:00","64","Ammonium",1.182,"mg/L",25.1658,-81.1647,0
"2724","37022","SFER","02/02/2021 20:59:00","63","Ammonium",1.395,"mg/L",25.1658,-81.1983,0
"2725","37032","SFER","02/02/2021 21:16:00","62","Ammonium",0.917,"mg/L",25.1663,-81.2357,0
"2726","37042","SFER","02/02/2021 21:33:00","61","Ammonium",0.755,"mg/L",25.1665,-81.2737,0
"2727","37052","SFER","02/02/2021 22:03:00","60","Ammonium",0.589,"mg/L",25.1653,-81.3365,0
"2728","37062","SFER","02/02/2021 23:38:00","59","Ammonium",0.513,"mg/L",25.1653,-81.4863,0
"2729","37082","SFER","02/03/2021 01:25:00","58","Ammonium",0.388,"mg/L",25.1653,-81.6518,0
"2730","371010","SFER","02/03/2021 04:32:00","57.3","Ammonium",0.461,"mg/L",25.34,-81.6395,0
"2731","37122","SFER","02/03/2021 05:58:00","57.2","Ammonium",0.409,"mg/L",25.3503,-81.4872,0
"2732","37132","SFER","02/03/2021 07:20:00","57.1","Ammonium",0.544,"mg/L",25.352,-81.3358,0
"2733","37142","SFER","02/03/2021 08:13:00","57","Ammonium",0.76,"mg/L",25.3512,-81.2587,0
"2734","37152","SFER","02/03/2021 08:32:00","56","Ammonium",0.801,"mg/L",25.3502,-81.2298,0
"2735","37162","SFER","02/03/2021 08:58:00","55","Ammonium",1.393,"mg/L",25.35,-81.1928,0
"2736","37172","SFER","02/03/2021 09:38:00","54","Ammonium",0.796,"mg/L",25.341,-81.1565,0
"2737","37182","SFER","02/03/2021 11:03:00","53","Ammonium",0.939,"mg/L",25.4507,-81.2252,0
"2738","37192","SFER","02/03/2021 11:25:00","52","Ammonium",0.698,"mg/L",25.453,-81.259,0
"2739","37202","SFER","02/03/2021 11:47:00","51","Ammonium",0.752,"mg/L",25.453,-81.3097,0
"2740","372110","SFER","02/03/2021 12:08:00","50","Ammonium",0.854,"mg/L",25.4533,-81.3498,0
"2741","37222","SFER","02/03/2021 13:12:00","49","Ammonium",0.535,"mg/L",25.5822,-81.2917,0
"2742","37232","SFER","02/03/2021 13:29:00","48","Ammonium",0.644,"mg/L",25.5838,-81.3287,0
"2743","37242","SFER","02/03/2021 13:45:00","47","Ammonium",0.617,"mg/L",25.583,-81.3693,0
"2744","37252","SFER","02/03/2021 14:08:00","46","Ammonium",0.697,"mg/L",25.5832,-81.4083,0
"2745","37262","SFER","02/03/2021 14:35:00","45","Ammonium",0.573,"mg/L",25.5813,-81.47,0
"2746","37272","SFER","02/03/2021 16:00:00","39","Ammonium",0.624,"mg/L",25.7728,-81.4913,0
"2747","37282","SFER","02/03/2021 16:17:00","40","Ammonium",1.289,"mg/L",25.7582,-81.5232,0
"2748","37292","SFER","02/03/2021 16:42:00","41","Ammonium",0.987,"mg/L",25.7313,-81.5748,0
"2749","37302","SFER","02/03/2021 17:59:00","42","Ammonium",0.669,"mg/L",25.6547,-81.7175,0
"2750","37322","SFER","02/03/2021 19:49:00","31","Ammonium",0.421,"mg/L",25.7412,-81.9412,0
"2751","37332","SFER","02/03/2021 21:18:00","32","Ammonium",0.351,"mg/L",25.871,-81.8358,0
"2752","37352","SFER","02/03/2021 21:45:00","33","Ammonium",0.373,"mg/L",25.9122,-81.7997,0
"2753","37362","SFER","02/03/2021 22:25:00","34","Ammonium",0.323,"mg/L",25.9487,-81.768,0
"2754","37382","SFER","02/04/2021 01:55:00","CAL5","Ammonium",0.291,"mg/L",26.1832,-82.2182,0
"2755","37402","SFER","02/04/2021 03:04:00","CAL4","Ammonium",0.436,"mg/L",26.2542,-82.1377,0
"2756","37422","SFER","02/04/2021 04:06:00","CAL3","Ammonium",0.454,"mg/L",26.3423,-82.0462,0
"2757","37442","SFER","02/04/2021 04:52:00","CAL2","Ammonium",0.662,"mg/L",26.3827,-81.9995,0
"2758","37452","SFER","02/04/2021 05:27:00","CAL1","Ammonium",0.394,"mg/L",26.4248,-81.958,0
"2759","37462","SFER","02/04/2021 08:12:00","RP1","Ammonium",1.099,"mg/L",26.5465,-82.2183,0
"2760","37472","SFER","02/04/2021 08:36:00","RP2","Ammonium",0.666,"mg/L",26.5537,-82.2565,0
"2761","37492","SFER","02/04/2021 09:14:00","RP3","Ammonium",0.335,"mg/L",26.5518,-82.3322,0
"2762","375110","SFER","02/04/2021 10:30:00","RP4","Ammonium",0.322,"mg/L",26.5777,-82.4993,0
"2763","37532","SFER","02/04/2021 12:06:00","GP5","Ammonium",0.423,"mg/L",26.5943,-82.6993,0
"2764","37552","SFER","02/04/2021 13:21:00","BG4","Ammonium",0.548,"mg/L",26.6307,-82.5543,0
"2765","37572","SFER","02/04/2021 14:41:00","BG3","Ammonium",0.908,"mg/L",26.6678,-82.42,0
"2766","37592","SFER","02/04/2021 15:25:00","BG2","Ammonium",0.619,"mg/L",26.6895,-82.3418,0
"2767","376110","SFER","02/04/2021 18:35:00","V1","Ammonium",0.616,"mg/L",27.1098,-82.4815,0
"2768","37632","SFER","02/04/2021 19:17:00","V2","Ammonium",0.442,"mg/L",27.0713,-82.5478,0
"2769","37652","SFER","02/04/2021 20:05:00","V3","Ammonium",0.492,"mg/L",27.0308,-82.6222,0
"2770","37682","SFER","02/04/2021 20:42:00","V4","Ammonium",0.474,"mg/L",26.9942,-82.6875,0
"2771","37702","SFER","02/04/2021 21:27:00","V5","Ammonium",0.376,"mg/L",26.9557,-82.7528,0
"2772","37722","SFER","02/04/2021 22:13:00","V6","Ammonium",0.558,"mg/L",26.9147,-82.8223,0
"2773","37742","SFER","02/04/2021 23:02:00","V7","Ammonium",0.456,"mg/L",26.8768,-82.8903,0
"2774","37762","SFER","02/04/2021 23:49:00","V8","Ammonium",0.499,"mg/L",26.8322,-82.9572,0
"2775","37782","SFER","02/05/2021 01:25:00","V9","Ammonium",0.397,"mg/L",26.729,-83.1002,0
"2776","37802","SFER","02/05/2021 05:38:00","AMI9","Ammonium",2.127,"mg/L",27.1907,-83.5032,0
"2777","37822","SFER","02/05/2021 06:41:00","AMI8","Ammonium",0.836,"mg/L",27.2308,-83.4083,0
"2778","37842","SFER","02/05/2021 07:29:00","AMI7","Ammonium",0.335,"mg/L",27.2587,-83.3145,0
"2779","37862","SFER","02/05/2021 08:26:00","AMI6","Ammonium",0.396,"mg/L",27.3032,-83.2212,0
"2780","37882","SFER","02/05/2021 09:30:00","AMI5","Ammonium",0.391,"mg/L",27.3427,-83.1265,0
"2781","37902","SFER","02/05/2021 10:20:00","AMI4","Ammonium",0.319,"mg/L",27.381,-83.032,0
"2782","37922","SFER","02/05/2021 11:18:00","AMI3","Ammonium",0.441,"mg/L",27.4252,-82.938,0
"2783","37942","SFER","02/05/2021 12:11:00","AMI2","Ammonium",0.416,"mg/L",27.4617,-82.8445,0
"2784","37952","SFER","02/05/2021 13:02:00","AMI1","Ammonium",0.532,"mg/L",27.4985,-82.7502,0
"2785","37962","SFER","02/05/2021 15:33:00","TB1","Ammonium",0.596,"mg/L",27.8038,-82.8812,0
"2786","37982","SFER","02/05/2021 16:29:00","TB2","Ammonium",0.513,"mg/L",27.7423,-82.928,0
"2787","38002","SFER","02/05/2021 17:41:00","TB3","Ammonium",0.478,"mg/L",27.6747,-83.0005,0
"2788","38022","SFER","02/05/2021 19:02:00","TB4","Ammonium",0.409,"mg/L",27.6227,-83.1343,0
"2789","38042","SFER","02/05/2021 20:40:00","TB5","Ammonium",0.406,"mg/L",27.622,-83.2972,0
"2790","38062","SFER","02/05/2021 22:25:00","TB10","Ammonium",0.431,"mg/L",27.6152,-83.489,0
"2791","38082","SFER","02/06/2021 13:40:00","CAL6","Ammonium",0.547,"mg/L",25.9408,-82.4792,0
"2792","38092","SFER","02/06/2021 17:30:00","30.5","Ammonium",0.519,"mg/L",25.5717,-82.0757,0
"2793","381110","SFER","02/06/2021 19:15:00","30","Ammonium",0.552,"mg/L",25.4023,-82.2075,0
"2794","38132","SFER","02/06/2021 22:25:00","KW4","Ammonium",0.417,"mg/L",25.0117,-82.0392,0
"2795","38142","SFER","02/07/2021 00:03:00","KW3","Ammonium",0.445,"mg/L",24.823,-81.9545,0
"2796","38162","SFER","02/07/2021 00:48:00","KW2","Ammonium",0.975,"mg/L",24.7273,-81.9165,0
"2797","38182","SFER","02/07/2021 01:32:00","KW1","Ammonium",0.718,"mg/L",24.6548,-81.9035,0
"2798","38192","SFER","02/07/2021 02:40:00","24","Ammonium",0.657,"mg/L",24.5385,-81.8285,0
"2799","38202","SFER","02/07/2021 03:01:00","23","Ammonium",0.241,"mg/L",24.4903,-81.8272,0
"2800","382110","SFER","02/07/2021 03:15:00","22","Ammonium",0.084,"mg/L",24.4563,-81.8288,0
"2801","38222","SFER","02/07/2021 03:39:00","22.5","Ammonium",0.154,"mg/L",24.3992,-81.8278,0
"2802","38242","SFER","02/07/2021 04:31:00","WS","Ammonium",0.222,"mg/L",24.4763,-81.7175,0
"2803","38262","SFER","02/07/2021 06:37:00","21LK","Ammonium",0.233,"mg/L",24.5323,-81.4145,0
"2804","38272","SFER","02/07/2021 07:11:00","21.5","Ammonium",0.226,"mg/L",24.485,-81.3915,0
"2805","38292","SFER","02/07/2021 08:39:00","18","Ammonium",0.276,"mg/L",24.5963,-81.1835,0
"2806","38302","SFER","02/07/2021 09:55:00","15","Ammonium",0.416,"mg/L",24.643,-81.0172,0
"2807","38322","SFER","02/07/2021 10:25:00","15.5","Ammonium",0.397,"mg/L",24.5955,-80.9888,0
"2808","38342","SFER","02/07/2021 11:59:00","12","Ammonium",0.595,"mg/L",24.7147,-80.8323,0
"2809","38362","SFER","02/07/2021 13:05:00","9.5","Ammonium",0.222,"mg/L",24.7182,-80.6878,0
"2810","38382","SFER","02/07/2021 13:46:00","9","Ammonium",0.418,"mg/L",24.763,-80.7225,0
"2811","38402","SFER","02/07/2021 16:46:00","MR","Ammonium",0.47,"mg/L",25.0037,-80.369,0
"2812","384110","SFER","02/07/2021 17:30:00","6.5","Ammonium",0.349,"mg/L",25.0475,-80.2888,0
"2813","38422","SFER","02/07/2021 17:44:00","6","Ammonium",0.3,"mg/L",25.0638,-80.3143,0
"2814","38432","SFER","02/07/2021 17:54:00","5.5","Ammonium",0.512,"mg/L",25.0792,-80.3335,0
"2815","38442","SFER","04/03/2021 18:06:00","1","Ammonium",0.297,"mg/L",25.645,-80.1275,0
"2816","38462","SFER","04/03/2021 18:19:00","2","Ammonium",0.729,"mg/L",25.6412,-80.1047,0
"2817","38472","SFER","04/03/2021 18:47:00","3","Ammonium",0.725,"mg/L",25.645,-80.0827,0
"2818","38482","SFER","04/03/2021 21:07:00","EKIN","Ammonium",0.502,"mg/L",25.3355,-80.2245,0
"2819","38492","SFER","04/03/2021 21:24:00","EKMID","Ammonium",0.326,"mg/L",25.3117,-80.1937,0
"2820","38502","SFER","04/03/2021 21:37:00","EKOFF","Ammonium",0.503,"mg/L",25.2963,-80.1662,0
"2821","385110","SFER","04/03/2021 23:46:00","4","Ammonium",0.318,"mg/L",25.108,-80.3802,0
"2822","38522","SFER","04/03/2021 23:58:00","5","Ammonium",0.569,"mg/L",25.0915,-80.355,0
"2823","38532","SFER","04/04/2021 01:41:00","UKMID","Ammonium",0.521,"mg/L",24.9173,-80.544,0
"2824","38542","SFER","04/04/2021 01:51:00","UKOFF","Ammonium",0.317,"mg/L",24.8988,-80.5297,0
"2825","38552","SFER","04/04/2021 02:12:00","UKIN","Ammonium",0.395,"mg/L",24.9332,-80.5627,0
"2826","38562","SFER","04/04/2021 03:36:00","7","Ammonium",0.393,"mg/L",24.8167,-80.7527,0
"2827","38572","SFER","04/04/2021 04:06:00","8","Ammonium",0.486,"mg/L",24.7872,-80.7482,0
"2828","38582","SFER","04/04/2021 04:42:00","11","Ammonium",1.425,"mg/L",24.7535,-80.847,0
"2829","38602","SFER","04/04/2021 05:01:00","10","Ammonium",0.56,"mg/L",24.7877,-80.8617,0
"2830","386110","SFER","04/04/2021 06:17:00","13","Ammonium",0.793,"mg/L",24.7033,-81.0197,0
"2831","38622","SFER","04/04/2021 06:34:00","14","Ammonium",2.457,"mg/L",24.673,-81.0242,0
"2832","38632","SFER","04/04/2021 07:36:00","17","Ammonium",0.84,"mg/L",24.6358,-81.1943,0
"2833","38652","SFER","04/04/2021 07:52:00","16","Ammonium",0.819,"mg/L",24.6707,-81.2008,0
"2834","38662","SFER","04/04/2021 11:31:00","70","Ammonium",0.533,"mg/L",24.9293,-81.025,0
"2835","38672","SFER","04/04/2021 12:01:00","69","Ammonium",0.693,"mg/L",24.9322,-81.0913,0
"2836","38682","SFER","04/04/2021 12:39:00","68","Ammonium",0.89,"mg/L",24.9317,-81.166,0
"2837","38692","SFER","04/04/2021 13:43:00","67","Ammonium",1.328,"mg/L",25.0293,-81.1265,0
"2838","38702","SFER","04/04/2021 14:01:00","66","Ammonium",1.028,"mg/L",25.067,-81.1087,0
"2839","387110","SFER","04/04/2021 14:24:00","65","Ammonium",1.145,"mg/L",25.0895,-81.0978,0
"2840","38722","SFER","04/04/2021 15:36:00","64","Ammonium",2.056,"mg/L",25.1657,-81.1597,0
"2841","38732","SFER","04/04/2021 16:05:00","63","Ammonium",1.358,"mg/L",25.1662,-81.1997,0
"2842","38742","SFER","04/04/2021 16:21:00","62","Ammonium",1.005,"mg/L",25.1662,-81.234,0
"2843","38752","SFER","04/04/2021 16:37:00","61","Ammonium",1.168,"mg/L",25.1667,-81.271,0
"2844","38772","SFER","04/04/2021 17:02:00","60","Ammonium",3.882,"mg/L",25.1663,-81.3363,0
"2845","38782","SFER","04/04/2021 18:08:00","59","Ammonium",1.14,"mg/L",25.1648,-81.4908,0
"2846","38802","SFER","04/04/2021 19:15:00","58","Ammonium",0.669,"mg/L",25.1675,-81.6515,0
"2847","38822","SFER","04/04/2021 20:48:00","57.3","Ammonium",2.095,"mg/L",25.3495,-81.6542,0
"2848","38842","SFER","04/04/2021 22:16:00","57.2","Ammonium",0.742,"mg/L",25.3512,-81.4898,0
"2849","38862","SFER","04/04/2021 23:30:00","57.1","Ammonium",0.787,"mg/L",25.3518,-81.3372,0
"2850","38872","SFER","04/05/2021 00:25:00","57","Ammonium",1.029,"mg/L",25.3513,-81.262,0
"2851","38882","SFER","04/05/2021 01:40:00","54","Ammonium",0.49,"mg/L",25.3413,-81.1557,0
"2852","38892","SFER","04/05/2021 02:19:00","55","Ammonium",0.814,"mg/L",25.3493,-81.1977,0
"2853","38902","SFER","04/05/2021 02:38:00","56","Ammonium",0.548,"mg/L",25.3505,-81.2292,0
"2854","389110","SFER","04/05/2021 03:33:00","53","Ammonium",1.052,"mg/L",25.4505,-81.2367,0
"2855","38922","SFER","04/05/2021 03:46:00","52","Ammonium",0.407,"mg/L",25.4525,-81.2677,0
"2856","38942","SFER","04/05/2021 04:01:00","51","Ammonium",0.315,"mg/L",25.4532,-81.3068,0
"2857","38952","SFER","04/05/2021 04:26:00","50","Ammonium",0.47,"mg/L",25.4573,-81.3497,0
"2858","38962","SFER","04/05/2021 05:21:00","48","Ammonium",0.736,"mg/L",25.5812,-81.3317,0
"2859","38982","SFER","04/05/2021 05:37:00","47","Ammonium",0.723,"mg/L",25.5835,-81.3675,0
"2860","38992","SFER","04/05/2021 05:59:00","46","Ammonium",0.454,"mg/L",25.5845,-81.4043,0
"2861","390110","SFER","04/05/2021 06:23:00","45","Ammonium",0.943,"mg/L",25.5833,-81.4708,0
"2862","39022","SFER","04/05/2021 07:54:00","40","Ammonium",0.341,"mg/L",25.7577,-81.523,0
"2863","39032","SFER","04/05/2021 08:25:00","41","Ammonium",0.508,"mg/L",25.7332,-81.5752,0
"2864","39042","SFER","04/05/2021 09:43:00","42","Ammonium",0.165,"mg/L",25.6552,-81.7175,0
"2865","39062","SFER","04/05/2021 11:26:00","31","Ammonium",0.317,"mg/L",25.7423,-81.9458,0
"2866","39072","SFER","04/05/2021 12:45:00","32","Ammonium",0.984,"mg/L",25.8693,-81.8387,0
"2867","39092","SFER","04/05/2021 13:23:00","33","Ammonium",0.453,"mg/L",25.9098,-81.8027,0
"2868","391010","SFER","04/05/2021 13:56:00","34","Ammonium",0.604,"mg/L",25.9487,-81.7675,0
"2869","39122","SFER","04/05/2021 17:25:00","CAL5","Ammonium",0.216,"mg/L",26.1863,-82.2142,0
"2870","39142","SFER","04/05/2021 18:17:00","CAL4","Ammonium",0.414,"mg/L",26.2558,-82.1365,0
"2871","39162","SFER","04/05/2021 19:27:00","CAL3","Ammonium",0.265,"mg/L",26.3418,-82.0423,0
"2872","39182","SFER","04/05/2021 20:00:00","CAL2","Ammonium",0.359,"mg/L",26.3835,-82.0007,0
"2873","39202","SFER","04/05/2021 20:47:00","CAL1","Ammonium",0.342,"mg/L",26.425,-81.9615,0
"2874","392110","SFER","04/05/2021 23:28:00","RP1","Ammonium",1.448,"mg/L",26.5453,-82.2158,0
"2875","39232","SFER","04/06/2021 00:03:00","RP2","Ammonium",0.358,"mg/L",26.5527,-82.2552,0
"2876","39252","SFER","04/06/2021 00:44:00","RP3","Ammonium",0.238,"mg/L",26.5515,-82.3328,0
"2877","39282","SFER","04/06/2021 01:59:00","RP4","Ammonium",0.466,"mg/L",26.5785,-82.4978,0
"2878","393110","SFER","04/06/2021 03:35:00","GP5","Ammonium",0.305,"mg/L",26.5927,-82.6973,0
"2879","39342","SFER","04/06/2021 04:43:00","BG4","Ammonium",0.239,"mg/L",26.6325,-82.5582,0
"2880","39362","SFER","04/06/2021 05:57:00","BG3","Ammonium",0.184,"mg/L",26.6703,-82.4163,0
"2881","39382","SFER","04/06/2021 06:44:00","BG2","Ammonium",0.269,"mg/L",26.6888,-82.3402,0
"2882","39402","SFER","04/06/2021 07:46:00","BG1","Ammonium",0.3,"mg/L",26.7193,-82.2483,0
"2883","39422","SFER","04/06/2021 11:59:00","V1","Ammonium",0.354,"mg/L",27.1093,-82.4777,0
"2884","39442","SFER","04/06/2021 12:40:00","V2","Ammonium",0.245,"mg/L",27.0715,-82.5487,0
"2885","39462","SFER","04/06/2021 13:34:00","V3","Ammonium",0.351,"mg/L",27.0352,-82.618,0
"2886","39482","SFER","04/06/2021 14:20:00","V4","Ammonium",0.409,"mg/L",26.9947,-82.685,0
"2887","39502","SFER","04/06/2021 15:10:00","V5","Ammonium",0.246,"mg/L",26.956,-82.753,0
"2888","39522","SFER","04/06/2021 15:53:00","V6","Ammonium",0.447,"mg/L",26.917,-82.8208,0
"2889","39542","SFER","04/06/2021 16:45:00","V7","Ammonium",0.269,"mg/L",26.8777,-82.89,0
"2890","39562","SFER","04/06/2021 17:26:00","V8","Ammonium",0.589,"mg/L",26.8325,-82.9573,0
"2891","39582","SFER","04/06/2021 18:56:00","V9","Ammonium",0.283,"mg/L",26.731,-83.1025,0
"2892","39602","SFER","04/06/2021 23:03:00","AMI9","Ammonium",0.204,"mg/L",27.189,-83.5015,0
"2893","39622","SFER","04/06/2021 23:56:00","AMI8","Ammonium",0.319,"mg/L",27.2288,-83.4095,0
"2894","39642","SFER","04/07/2021 00:43:00","AMI7","Ammonium",0.209,"mg/L",27.2655,-83.3152,0
"2895","39662","SFER","04/07/2021 01:40:00","AMI6","Ammonium",0.497,"mg/L",27.305,-83.222,0
"2896","39682","SFER","04/07/2021 02:36:00","AMI5","Ammonium",0.958,"mg/L",27.3418,-83.1275,0
"2897","39702","SFER","04/07/2021 03:28:00","AMI4","Ammonium",0.225,"mg/L",27.3817,-83.0317,0
"2898","39722","SFER","04/07/2021 04:24:00","AMI3","Ammonium",0.123,"mg/L",27.4203,-82.9368,0
"2899","39742","SFER","04/07/2021 05:22:00","AMI2","Ammonium",0.36,"mg/L",27.4588,-82.845,0
"2900","39762","SFER","04/07/2021 06:12:00","AMI1","Ammonium",0.292,"mg/L",27.4968,-82.7512,0
"2901","39782","SFER","04/07/2021 09:22:00","TB1","Ammonium",0.382,"mg/L",27.8012,-82.8817,0
"2902","39802","SFER","04/07/2021 10:02:00","TB2","Ammonium",0.277,"mg/L",27.7397,-82.9292,0
"2903","39822","SFER","04/07/2021 10:52:00","TB3","Ammonium",0.706,"mg/L",27.6713,-83.0012,0
"2904","39842","SFER","04/07/2021 11:56:00","TB4","Ammonium",0.384,"mg/L",27.6167,-83.1342,0
"2905","39862","SFER","04/07/2021 13:14:00","TB5","Ammonium",0.808,"mg/L",27.617,-83.3003,0
"2906","39882","SFER","04/07/2021 14:38:00","TB10","Ammonium",0.231,"mg/L",27.6165,-83.4903,0
"2907","39902","SFER","04/08/2021 04:02:00","CAL6","Ammonium",0.268,"mg/L",25.9403,-82.4813,0
"2908","399110","SFER","04/08/2021 09:10:00","30.5","Ammonium",0.333,"mg/L",25.5715,-82.0752,0
"2909","39932","SFER","04/08/2021 10:57:00","30","Ammonium",0.564,"mg/L",25.4027,-82.2108,0
"2910","39952","SFER","04/08/2021 14:17:00","KW4","Ammonium",0.4,"mg/L",25.0128,-82.0423,0
"2911","39962","SFER","04/08/2021 15:52:00","KW3","Ammonium",0.359,"mg/L",24.8208,-81.9575,0
"2912","39982","SFER","04/08/2021 16:38:00","KW2","Ammonium",0.277,"mg/L",24.728,-81.9185,0
"2913","40002","SFER","04/08/2021 17:15:00","KW1","Ammonium",0.249,"mg/L",24.6532,-81.9035,0
"2914","400110","SFER","04/08/2021 18:13:00","24","Ammonium",0.455,"mg/L",24.536,-81.8285,0
"2915","40022","SFER","04/08/2021 18:31:00","23","Ammonium",0.434,"mg/L",24.4873,-81.828,0
"2916","40032","SFER","04/08/2021 18:44:00","22","Ammonium",0.22,"mg/L",24.4537,-81.8292,0
"2917","40042","SFER","04/08/2021 19:09:00","22.5","Ammonium",0.817,"mg/L",24.3973,-81.8278,0
"2918","40062","SFER","04/08/2021 20:01:00","WS","Ammonium",0.419,"mg/L",24.4763,-81.7183,0
"2919","40072","SFER","04/08/2021 22:01:00","21.5","Ammonium",0.149,"mg/L",24.4835,-81.3933,0
"2920","40092","SFER","04/08/2021 22:32:00","21LK","Ammonium",0.183,"mg/L",24.5352,-81.414,0
"2921","401010","SFER","04/08/2021 23:21:00","20","Ammonium",0.269,"mg/L",24.5727,-81.4185,0
"2922","401110","SFER","04/08/2021 23:39:00","19","Ammonium",0.279,"mg/L",24.6095,-81.4193,0
"2923","40132","SFER","04/09/2021 01:10:00","18","Ammonium",0.3,"mg/L",24.5985,-81.1828,0
"2924","40142","SFER","04/09/2021 02:23:00","15.5","Ammonium",0.313,"mg/L",24.5925,-80.993,0
"2925","40152","SFER","04/09/2021 02:49:00","15","Ammonium",0.232,"mg/L",24.6455,-81.0088,0
"2926","40172","SFER","04/09/2021 03:57:00","12","Ammonium",0.217,"mg/L",24.713,-80.8305,0
"2927","40182","SFER","04/09/2021 05:01:00","9.5","Ammonium",0.215,"mg/L",24.7163,-80.6915,0
"2928","40202","SFER","04/09/2021 05:26:00","9","Ammonium",0.319,"mg/L",24.7637,-80.7235,0
"2929","40222","SFER","04/09/2021 08:28:00","MR","Ammonium",0.243,"mg/L",25.0038,-80.3757,0
"2930","40232","SFER","04/09/2021 09:33:00","6.5","Ammonium",0.5,"mg/L",25.048,-80.2877,0
"2931","40242","SFER","04/09/2021 09:47:00","6","Ammonium",0.349,"mg/L",25.0648,-80.315,0
"2932","40252","SFER","05/31/2021 07:04:00","1","Ammonium",0.186,"mg/L",25.6454,-80.1289,0
"2933","40272","SFER","05/31/2021 07:17:00","2","Ammonium",0.298,"mg/L",25.6408,-80.1034,0
"2934","40282","SFER","05/31/2021 07:33:00","3","Ammonium",0.33,"mg/L",25.6449,-80.0829,0
"2935","40292","SFER","05/31/2021 10:25:00","EKOFF","Ammonium",0.293,"mg/L",25.2944,-80.1616,0
"2936","40302","SFER","05/31/2021 10:40:00","EKMID","Ammonium",0.386,"mg/L",25.3108,-80.193,0
"2937","403110","SFER","05/31/2021 10:55:00","EKIN","Ammonium",0.362,"mg/L",25.3352,-80.2228,0
"2938","40322","SFER","05/31/2021 12:52:00","4","Ammonium",0.383,"mg/L",25.1075,-80.3802,0
"2939","40332","SFER","05/31/2021 13:04:00","5","Ammonium",0.441,"mg/L",25.0957,-80.3582,0
"2940","40352","SFER","05/31/2021 14:10:00","MR","Ammonium",0.354,"mg/L",25.0005,-80.3788,0
"2941","40362","SFER","05/31/2021 15:35:00","UKOFF","Ammonium",0.358,"mg/L",24.898,-80.5256,0
"2942","40372","SFER","05/31/2021 15:47:00","UKMID","Ammonium",0.334,"mg/L",24.9204,-80.546,0
"2943","40382","SFER","05/31/2021 15:56:00","UKIN","Ammonium",0.371,"mg/L",24.9341,-80.5638,0
"2944","40392","SFER","05/31/2021 17:31:00","7","Ammonium",0.475,"mg/L",24.8175,-80.7568,0
"2945","40402","SFER","05/31/2021 17:50:00","8","Ammonium",0.388,"mg/L",24.7932,-80.7418,0
"2946","40422","SFER","05/31/2021 18:10:00","9","Ammonium",0.657,"mg/L",24.7623,-80.7248,0
"2947","40442","SFER","05/31/2021 18:56:00","9.5","Ammonium",0.359,"mg/L",24.7179,-80.6897,0
"2948","40462","SFER","05/31/2021 20:12:00","12","Ammonium",0.429,"mg/L",24.7139,-80.8345,0
"2949","40472","SFER","05/31/2021 20:42:00","11","Ammonium",0.39,"mg/L",24.7585,-80.8486,0
"2950","40492","SFER","05/31/2021 21:01:00","10","Ammonium",0.433,"mg/L",24.7883,-80.8608,0
"2951","40502","SFER","05/31/2021 22:23:00","13","Ammonium",0.402,"mg/L",24.701,-81.0309,0
"2952","405110","SFER","05/31/2021 22:36:00","14","Ammonium",0.58,"mg/L",24.6752,-81.0238,0
"2953","40522","SFER","05/31/2021 22:50:00","15","Ammonium",0.407,"mg/L",24.6451,-81.017,0
"2954","40532","SFER","05/31/2021 23:15:00","15.5","Ammonium",0.369,"mg/L",24.5912,-80.9927,0
"2955","40552","SFER","06/01/2021 00:22:00","18","Ammonium",0.474,"mg/L",24.5985,-81.1826,0
"2956","40562","SFER","06/01/2021 00:54:00","17","Ammonium",0.528,"mg/L",24.6355,-81.1931,0
"2957","40582","SFER","06/01/2021 01:13:00","16","Ammonium",0.533,"mg/L",24.6695,-81.2018,0
"2958","40592","SFER","06/01/2021 02:47:00","19","Ammonium",0.873,"mg/L",24.6095,-81.4216,0
"2959","40602","SFER","06/01/2021 03:05:00","20","Ammonium",0.48,"mg/L",24.5737,-81.4186,0
"2960","40622","SFER","06/01/2021 03:28:00","21LK","Ammonium",0.621,"mg/L",24.536,-81.4119,0
"2961","40632","SFER","06/01/2021 04:07:00","21.5","Ammonium",0.444,"mg/L",24.4815,-81.3906,0
"2962","40652","SFER","06/01/2021 06:12:00","WS","Ammonium",0.471,"mg/L",24.4776,-81.7166,0
"2963","40662","SFER","06/01/2021 07:14:00","22.5","Ammonium",0.644,"mg/L",24.3975,-81.8269,0
"2964","40672","SFER","06/01/2021 07:38:00","22","Ammonium",0.514,"mg/L",24.455,-81.8286,0
"2965","40682","SFER","06/01/2021 07:51:00","23","Ammonium",0.618,"mg/L",24.4849,-81.8277,0
"2966","40692","SFER","06/01/2021 08:13:00","24","Ammonium",0.697,"mg/L",24.5337,-81.8281,0
"2967","407110","SFER","06/01/2021 09:20:00","KW1","Ammonium",0.404,"mg/L",24.6537,-81.9032,0
"2968","40732","SFER","06/01/2021 10:08:00","KW2","Ammonium",0.588,"mg/L",24.7265,-81.9182,0
"2969","40742","SFER","06/01/2021 11:02:00","KW3","Ammonium",0.651,"mg/L",24.8181,-81.9592,0
"2970","40762","SFER","06/01/2021 12:51:00","KW4","Ammonium",0.457,"mg/L",25.0142,-82.0432,0
"2971","40782","SFER","06/01/2021 16:43:00","30","Ammonium",0.446,"mg/L",25.4041,-82.2098,0
"2972","40792","SFER","06/01/2021 18:36:00","30.5","Ammonium",0.573,"mg/L",25.572,-82.0754,0
"2973","408110","SFER","06/01/2021 20:09:00","31","Ammonium",0.418,"mg/L",25.7415,-81.9432,0
"2974","40822","SFER","06/01/2021 21:34:00","32","Ammonium",0.822,"mg/L",25.8741,-81.833,0
"2975","40842","SFER","06/01/2021 22:12:00","33","Ammonium",0.652,"mg/L",25.9106,-81.8022,0
"2976","40852","SFER","06/01/2021 22:43:00","34","Ammonium",0.883,"mg/L",25.9493,-81.767,0
"2977","40872","SFER","06/02/2021 02:14:00","CAL5","Ammonium",0.466,"mg/L",26.1859,-82.2174,0
"2978","40892","SFER","06/02/2021 03:11:00","CAL4","Ammonium",0.686,"mg/L",26.2539,-82.1379,0
"2979","409110","SFER","06/02/2021 04:24:00","CAL3","Ammonium",0.767,"mg/L",26.3432,-82.0464,0
"2980","40932","SFER","06/02/2021 05:00:00","CAL2","Ammonium",0.482,"mg/L",26.3836,-82.0003,0
"2981","40952","SFER","06/02/2021 05:43:00","CAL1","Ammonium",0.865,"mg/L",26.4258,-81.9603,0
"2982","40962","SFER","06/02/2021 08:20:00","RP1","Ammonium",0.857,"mg/L",26.5463,-82.2152,0
"2983","40982","SFER","06/02/2021 08:50:00","RP2","Ammonium",0.536,"mg/L",26.5537,-82.256,0
"2984","410011","SFER","06/02/2021 09:32:00","RP3","Ammonium",0.448,"mg/L",26.5517,-82.3318,0
"2985","41022","SFER","06/02/2021 10:54:00","RP4","Ammonium",0.455,"mg/L",26.5782,-82.4988,0
"2986","41042","SFER","06/02/2021 12:31:00","GP5","Ammonium",0.26,"mg/L",26.5978,-82.6985,0
"2987","41062","SFER","06/02/2021 13:47:00","BG4","Ammonium",0.407,"mg/L",26.6304,-82.5573,0
"2988","41082","SFER","06/02/2021 15:06:00","BG3","Ammonium",0.2,"mg/L",26.6694,-82.4182,0
"2989","411010","SFER","06/02/2021 15:53:00","BG2","Ammonium",0.714,"mg/L",26.6898,-82.3395,0
"2990","41122","SFER","06/02/2021 17:00:00","BG1","Ammonium",0.987,"mg/L",26.7193,-82.2469,0
"2991","41142","SFER","06/02/2021 20:59:00","V1","Ammonium",0.436,"mg/L",27.1111,-82.4777,0
"2992","41162","SFER","06/02/2021 21:45:00","V2","Ammonium",0.231,"mg/L",27.072,-82.5466,0
"2993","41182","SFER","06/02/2021 22:39:00","V3","Ammonium",0.508,"mg/L",27.0331,-82.6138,0
"2994","41202","SFER","06/02/2021 23:53:00","V4","Ammonium",0.355,"mg/L",26.9942,-82.6832,0
"2995","41222","SFER","06/03/2021 00:44:00","V5","Ammonium",0.421,"mg/L",26.9549,-82.7518,0
"2996","41242","SFER","06/03/2021 01:26:00","V6","Ammonium",0.557,"mg/L",26.9159,-82.8208,0
"2997","41262","SFER","06/03/2021 02:16:00","V7","Ammonium",0.423,"mg/L",26.8755,-82.8888,0
"2998","41282","SFER","06/03/2021 02:58:00","V8","Ammonium",0.349,"mg/L",26.8312,-82.9573,0
"2999","41302","SFER","06/03/2021 04:30:00","V9","Ammonium",0.326,"mg/L",26.7282,-83.1029,0
"3000","41322","SFER","06/03/2021 09:08:00","AMI9","Ammonium",0.473,"mg/L",27.1885,-83.5058,0
"3001","41342","SFER","06/03/2021 10:07:00","AMI8","Ammonium",0.426,"mg/L",27.2277,-83.4103,0
"3002","41362","SFER","06/03/2021 11:14:00","AMI7","Ammonium",0.348,"mg/L",27.2655,-83.3177,0
"3003","41382","SFER","06/03/2021 12:10:00","AMI6","Ammonium",0.59,"mg/L",27.3011,-83.2279,0
"3004","41402","SFER","06/03/2021 13:26:00","AMI5","Ammonium",0.852,"mg/L",27.345,-83.1302,0
"3005","41422","SFER","06/03/2021 14:24:00","AMI4","Ammonium",0.65,"mg/L",27.3828,-83.0341,0
"3006","41442","SFER","06/03/2021 15:30:00","AMI3","Ammonium",0.78,"mg/L",27.4229,-82.9412,0
"3007","41462","SFER","06/03/2021 16:28:00","AMI2","Ammonium",0.434,"mg/L",27.4605,-82.845,0
"3008","41482","SFER","06/03/2021 17:25:00","AMI1","Ammonium",0.452,"mg/L",27.4938,-82.7506,0
"3009","41502","SFER","06/03/2021 18:16:00","TBC","Ammonium",0.51,"mg/L",27.5288,-82.8581,0
"3010","41522","SFER","06/03/2021 18:53:00","TBB","Ammonium",0.499,"mg/L",27.6053,-82.8689,0
"3011","41542","SFER","06/03/2021 19:29:00","TBA","Ammonium",0.447,"mg/L",27.6779,-82.8693,0
"3012","41562","SFER","06/03/2021 20:28:00","TB1","Ammonium",0.501,"mg/L",27.8028,-82.8805,0
"3013","41582","SFER","06/03/2021 21:19:00","TB2","Ammonium",0.975,"mg/L",27.7407,-82.9279,0
"3014","41602","SFER","06/03/2021 22:18:00","TB3","Ammonium",0.478,"mg/L",27.6719,-83,0
"3015","41622","SFER","06/03/2021 23:36:00","TB4","Ammonium",0.409,"mg/L",27.6172,-83.1329,0
"3016","41642","SFER","06/04/2021 00:53:00","TB5","Ammonium",0.48,"mg/L",27.6171,-83.2996,0
"3017","41662","SFER","06/04/2021 02:18:00","TB10","Ammonium",0.488,"mg/L",27.6161,-83.4878,0
"3018","41682","SFER","06/04/2021 13:46:00","CALA","Ammonium",0.459,"mg/L",26.3263,-82.4846,0
"3019","41702","SFER","06/04/2021 17:08:00","CAL6","Ammonium",0.465,"mg/L",25.9415,-82.4844,0
"3020","41722","SFER","06/04/2021 19:21:00","GS","Ammonium",0.334,"mg/L",25.7835,-82.7378,0
"3021","41732","SFER","06/05/2021 02:45:00","42","Ammonium",0.813,"mg/L",25.6562,-81.7191,0
"3022","41752","SFER","06/05/2021 04:27:00","41","Ammonium",0.593,"mg/L",25.7344,-81.5756,0
"3023","41762","SFER","06/05/2021 04:57:00","40","Ammonium",1.03,"mg/L",25.7565,-81.5274,0
"3024","41772","SFER","06/05/2021 05:19:00","39","Ammonium",0.826,"mg/L",25.7824,-81.4821,0
"3025","41792","SFER","06/05/2021 06:50:00","45","Ammonium",0.902,"mg/L",25.5828,-81.4708,0
"3026","41802","SFER","06/05/2021 07:22:00","46","Ammonium",0.61,"mg/L",25.5832,-81.4118,0
"3027","41822","SFER","06/05/2021 07:46:00","47","Ammonium",0.309,"mg/L",25.5828,-81.3661,0
"3028","41832","SFER","06/05/2021 08:06:00","48","Ammonium",0.586,"mg/L",25.5832,-81.3308,0
"3029","41842","SFER","06/05/2021 08:29:00","49","Ammonium",0.776,"mg/L",25.583,-81.2922,0
"3030","41852","SFER","06/05/2021 09:35:00","50","Ammonium",0.947,"mg/L",25.4563,-81.3498,0
"3031","41862","SFER","06/05/2021 09:59:00","51","Ammonium",1.216,"mg/L",25.4533,-81.3093,0
"3032","41872","SFER","06/05/2021 10:24:00","52","Ammonium",1.319,"mg/L",25.4533,-81.2626,0
"3033","41882","SFER","06/05/2021 10:44:00","53","Ammonium",0.771,"mg/L",25.4532,-81.2276,0
"3034","41892","SFER","06/05/2021 11:46:00","56","Ammonium",0.984,"mg/L",25.3497,-81.2274,0
"3035","41902","SFER","06/05/2021 12:13:00","55","Ammonium",0.92,"mg/L",25.3504,-81.1948,0
"3036","419110","SFER","06/05/2021 12:53:00","54","Ammonium",0.602,"mg/L",25.3415,-81.1548,0
"3037","41922","SFER","06/05/2021 14:02:00","57","Ammonium",0.453,"mg/L",25.3523,-81.2661,0
"3038","41942","SFER","06/05/2021 14:46:00","57.1","Ammonium",0.464,"mg/L",25.3516,-81.3373,0
"3039","41962","SFER","06/05/2021 15:57:00","57.2","Ammonium",0.65,"mg/L",25.352,-81.4919,0
"3040","41982","SFER","06/05/2021 17:11:00","57.3","Ammonium",0.516,"mg/L",25.3501,-81.6524,0
"3041","42002","SFER","06/05/2021 18:47:00","58","Ammonium",0.565,"mg/L",25.1654,-81.6506,0
"3042","420110","SFER","06/05/2021 20:07:00","59","Ammonium",0.828,"mg/L",25.1661,-81.4937,0
"3043","42032","SFER","06/05/2021 21:22:00","60","Ammonium",1.019,"mg/L",25.1671,-81.338,0
"3044","42042","SFER","06/05/2021 23:01:00","61","Ammonium",1.165,"mg/L",25.1675,-81.2728,0
"3045","42052","SFER","06/05/2021 23:16:00","62","Ammonium",0.773,"mg/L",25.167,-81.2375,0
"3046","42062","SFER","06/05/2021 23:23:00","63","Ammonium",0.631,"mg/L",25.1662,-81.2201,0
"3047","42072","SFER","06/05/2021 23:53:00","64","Ammonium",0.717,"mg/L",25.1648,-81.161,0
"3048","42082","SFER","06/06/2021 00:49:00","65","Ammonium",0.857,"mg/L",25.0982,-81.0953,0
"3049","42092","SFER","06/06/2021 01:11:00","66","Ammonium",1.015,"mg/L",25.0721,-81.1089,0
"3050","421010","SFER","06/06/2021 01:30:00","67","Ammonium",1.116,"mg/L",25.0305,-81.1276,0
"3051","421110","SFER","06/06/2021 02:20:00","68","Ammonium",0.936,"mg/L",24.9299,-81.167,0
"3052","42122","SFER","06/06/2021 02:56:00","69","Ammonium",0.869,"mg/L",24.9293,-81.0984,0
"3053","42132","SFER","06/06/2021 03:25:00","70","Ammonium",0.65,"mg/L",24.9284,-81.0376,0
"3054","42142","SFER","06/06/2021 12:58:00","6.5","Ammonium",1.04,"mg/L",25.0463,-80.2878,0
"3055","42152","SFER","06/06/2021 13:11:00","6","Ammonium",0.937,"mg/L",25.0644,-80.3134,0
"3056","42162","SFER","06/06/2021 13:21:00","5.5","Ammonium",0.955,"mg/L",25.078,-80.334,0
"3057","42172","SFER","07/31/2021 07:07:00","1","Ammonium",1.35,"mg/L",25.6452,-80.1287,0
"3058","42192","SFER","07/31/2021 07:41:00","2","Ammonium",1.231,"mg/L",25.6423,-80.1043,0
"3059","42202","SFER","07/31/2021 07:56:00","3","Ammonium",1.438,"mg/L",25.6453,-80.0823,0
"3060","422110","SFER","07/31/2021 10:30:00","EKIN","Ammonium",1.079,"mg/L",25.3355,-80.2239,0
"3061","42222","SFER","07/31/2021 10:47:00","EKMID","Ammonium",1.358,"mg/L",25.3159,-80.1953,0
"3062","42232","SFER","07/31/2021 11:02:00","EKOFF","Ammonium",1.451,"mg/L",25.2956,-80.1648,0
"3063","42242","SFER","07/31/2021 13:23:00","4","Ammonium",1.261,"mg/L",25.1092,-80.3793,0
"3064","42252","SFER","07/31/2021 13:35:00","5","Ammonium",1.168,"mg/L",25.0949,-80.3575,0
"3065","42272","SFER","07/31/2021 15:15:00","MR","Ammonium",3.104,"mg/L",25.0056,-80.3715,0
"3066","42282","SFER","07/31/2021 16:53:00","UKOFF","Ammonium",2.615,"mg/L",24.8982,-80.5287,0
"3067","42292","SFER","07/31/2021 17:06:00","UKMID","Ammonium",0.89,"mg/L",24.92,-80.5462,0
"3068","42302","SFER","07/31/2021 17:15:00","UKIN","Ammonium",2.822,"mg/L",24.9348,-80.5642,0
"3069","423110","SFER","07/31/2021 18:58:00","7","Ammonium",1.402,"mg/L",24.8169,-80.7572,0
"3070","42322","SFER","07/31/2021 19:17:00","8","Ammonium",3.145,"mg/L",24.793,-80.7417,0
"3071","42332","SFER","07/31/2021 19:41:00","9","Ammonium",2.458,"mg/L",24.7641,-80.722,0
"3072","42352","SFER","07/31/2021 22:18:00","9.5","Ammonium",1.198,"mg/L",24.7169,-80.6892,0
"3073","42372","SFER","07/31/2021 23:50:00","12","Ammonium",1.037,"mg/L",24.7157,-80.8301,0
"3074","42382","SFER","08/01/2021 00:17:00","11","Ammonium",3.108,"mg/L",24.7536,-80.8478,0
"3075","42402","SFER","08/01/2021 00:36:00","10","Ammonium",2.486,"mg/L",24.7891,-80.8602,0
"3076","424110","SFER","08/01/2021 02:06:00","13","Ammonium",1.457,"mg/L",24.7019,-81.029,0
"3077","42422","SFER","08/01/2021 02:21:00","14","Ammonium",1.366,"mg/L",24.6734,-81.0234,0
"3078","42432","SFER","08/01/2021 02:34:00","15","Ammonium",3.539,"mg/L",24.6431,-81.0161,0
"3079","42442","SFER","08/01/2021 02:59:00","15.5","Ammonium",1.065,"mg/L",24.5917,-80.9906,0
"3080","42462","SFER","08/01/2021 04:26:00","18","Ammonium",1.404,"mg/L",24.599,-81.1847,0
"3081","42472","SFER","08/01/2021 04:50:00","17","Ammonium",2.754,"mg/L",24.6369,-81.1937,0
"3082","42482","SFER","08/01/2021 05:08:00","16","Ammonium",2.337,"mg/L",24.6714,-81.2024,0
"3083","42492","SFER","08/01/2021 05:08:00","19","Ammonium",1.475,"mg/L",24.6097,-81.4222,0
"3084","42502","SFER","08/01/2021 07:24:00","20","Ammonium",3.11,"mg/L",24.5741,-81.4184,0
"3085","42522","SFER","08/01/2021 07:51:00","21LK","Ammonium",1.169,"mg/L",24.5351,-81.4135,0
"3086","42532","SFER","08/01/2021 08:26:00","21.5","Ammonium",1.966,"mg/L",24.4848,-81.3915,0
"3087","42552","SFER","08/01/2021 10:52:00","WS","Ammonium",1.108,"mg/L",24.4768,-81.7184,0
"3088","42562","SFER","08/01/2021 12:06:00","22.5","Ammonium",1.101,"mg/L",24.3982,-81.827,0
"3089","42572","SFER","08/01/2021 12:30:00","22","Ammonium",1.07,"mg/L",24.4525,-81.8276,0
"3090","42582","SFER","08/01/2021 12:43:00","23","Ammonium",1.117,"mg/L",24.4834,-81.8282,0
"3091","42592","SFER","08/01/2021 13:05:00","24","Ammonium",2.137,"mg/L",24.5343,-81.8286,0
"3092","426110","SFER","08/01/2021 14:20:00","KW1","Ammonium",2.515,"mg/L",24.6552,-81.9047,0
"3093","42632","SFER","08/01/2021 14:59:00","KW2","Ammonium",1.678,"mg/L",24.7279,-81.9178,0
"3094","42642","SFER","08/01/2021 16:30:00","KW3","Ammonium",0.878,"mg/L",24.8187,-81.957,0
"3095","42662","SFER","08/01/2021 18:07:00","KW4","Ammonium",1.614,"mg/L",25.0137,-82.041,0
"3096","42682","SFER","08/01/2021 21:19:00","30","Ammonium",2.54,"mg/L",25.4014,-82.2066,0
"3097","42692","SFER","08/01/2021 22:48:00","30.5","Ammonium",1.88,"mg/L",25.5702,-82.0762,0
"3098","427110","SFER","08/02/2021 00:18:00","31","Ammonium",1.213,"mg/L",25.7427,-81.9427,0
"3099","42722","SFER","08/02/2021 01:53:00","32","Ammonium",1.847,"mg/L",25.8742,-81.8338,0
"3100","42742","SFER","08/02/2021 02:28:00","33","Ammonium",1.099,"mg/L",25.9139,-81.7996,0
"3101","42752","SFER","08/02/2021 02:56:00","34","Ammonium",1.989,"mg/L",25.9493,-81.7672,0
"3102","42772","SFER","08/02/2021 06:24:00","CAL5","Ammonium",2.763,"mg/L",26.1834,-82.2176,0
"3103","42792","SFER","08/02/2021 07:16:00","CAL4","Ammonium",3.119,"mg/L",26.2554,-82.1385,0
"3104","428110","SFER","08/02/2021 08:25:00","CAL3","Ammonium",1.095,"mg/L",26.342,-82.0424,0
"3105","42832","SFER","08/02/2021 09:02:00","CAL2","Ammonium",1.294,"mg/L",26.3836,-81.9998,0
"3106","42852","SFER","08/02/2021 09:44:00","CAL1","Ammonium",1.02,"mg/L",26.4271,-81.9603,0
"3107","42872","SFER","08/02/2021 12:24:00","RP1","Ammonium",1.043,"mg/L",26.5458,-82.2151,0
"3108","42892","SFER","08/02/2021 12:51:00","RP2","Ammonium",1.108,"mg/L",26.5534,-82.2556,0
"3109","429110","SFER","08/02/2021 13:32:00","RP3","Ammonium",0.82,"mg/L",26.5516,-82.3317,0
"3110","42932","SFER","08/02/2021 14:51:00","RP4","Ammonium",0.634,"mg/L",26.5781,-82.4974,0
"3111","42952","SFER","08/02/2021 16:27:00","GP5","Ammonium",0.855,"mg/L",26.5963,-82.6954,0
"3112","42972","SFER","08/02/2021 17:38:00","BG4","Ammonium",0.731,"mg/L",26.63,-82.5563,0
"3113","43002","SFER","08/02/2021 18:53:00","BG3","Ammonium",0.738,"mg/L",26.6687,-82.416,0
"3114","43022","SFER","08/02/2021 19:36:00","BG2","Ammonium",1.401,"mg/L",26.6888,-82.3392,0
"3115","43042","SFER","08/02/2021 20:48:00","BG1","Ammonium",1.495,"mg/L",26.7198,-82.2487,0
"3116","43052","SFER","08/03/2021 08:02:00","CW1","Ammonium",2.273,"mg/L",28.0139,-82.8444,0
"3117","43072","SFER","08/03/2021 08:58:00","CW2","Ammonium",1.048,"mg/L",28.0188,-82.8872,0
"3118","43092","SFER","08/03/2021 10:16:00","CW3","Ammonium",0.951,"mg/L",28.012,-82.9585,0
"3119","431110","SFER","08/03/2021 11:58:00","CW4","Ammonium",1.263,"mg/L",28.0123,-83.0764,0
"3120","43132","SFER","08/03/2021 14:24:00","TB1","Ammonium",1.314,"mg/L",27.8011,-82.8801,0
"3121","43152","SFER","08/03/2021 15:10:00","TB2","Ammonium",1.682,"mg/L",27.7405,-82.9286,0
"3122","43172","SFER","08/03/2021 16:25:00","TB3","Ammonium",1.224,"mg/L",27.6709,-83.0011,0
"3123","43192","SFER","08/03/2021 17:44:00","TB4","Ammonium",1.007,"mg/L",27.6169,-83.1327,0
"3124","432110","SFER","08/03/2021 19:29:00","TB5","Ammonium",1.95,"mg/L",27.6181,-83.2986,0
"3125","43232","SFER","08/03/2021 21:34:00","TB10","Ammonium",2.302,"mg/L",27.6169,-83.4856,0
"3126","43252","SFER","08/04/2021 01:02:00","AMI9","Ammonium",1.737,"mg/L",27.1894,-83.5029,0
"3127","43272","SFER","08/04/2021 01:52:00","AMI8","Ammonium",1.432,"mg/L",27.2281,-83.41,0
"3128","43292","SFER","08/04/2021 02:49:00","AMI7","Ammonium",1.352,"mg/L",27.2669,-83.3143,0
"3129","433110","SFER","08/04/2021 03:37:00","AMI6","Ammonium",1.099,"mg/L",27.3053,-83.2214,0
"3130","43332","SFER","08/04/2021 04:30:00","AMI5","Ammonium",1.225,"mg/L",27.344,-83.1261,0
"3131","43352","SFER","08/04/2021 05:20:00","AMI4","Ammonium",0.829,"mg/L",27.3821,-83.0316,0
"3132","43372","SFER","08/04/2021 06:13:00","AMI3","Ammonium",1.269,"mg/L",27.4214,-82.9366,0
"3133","43392","SFER","08/04/2021 07:00:00","AMI2","Ammonium",1.106,"mg/L",27.4585,-82.8446,0
"3134","434110","SFER","08/04/2021 08:01:00","AMI1","Ammonium",1.773,"mg/L",27.4988,-82.7514,0
"3135","43432","SFER","08/04/2021 11:54:00","V1","Ammonium",1.24,"mg/L",27.1102,-82.4778,0
"3136","43452","SFER","08/04/2021 12:56:00","V2","Ammonium",1.097,"mg/L",27.0723,-82.5452,0
"3137","43472","SFER","08/04/2021 14:00:00","V3","Ammonium",1.293,"mg/L",27.0354,-82.614,0
"3138","43492","SFER","08/04/2021 14:55:00","V4","Ammonium",1.427,"mg/L",26.9949,-82.6826,0
"3139","435110","SFER","08/04/2021 15:53:00","V5","Ammonium",1.617,"mg/L",26.9553,-82.7505,0
"3140","43532","SFER","08/04/2021 16:52:00","V6","Ammonium",1.266,"mg/L",26.9176,-82.8182,0
"3141","43552","SFER","08/04/2021 18:10:00","V7","Ammonium",1.798,"mg/L",26.877,-82.8933,0
"3142","43572","SFER","08/04/2021 19:43:00","V8","Ammonium",1.768,"mg/L",26.8339,-82.9557,0
"3143","43592","SFER","08/04/2021 21:30:00","V9","Ammonium",2.488,"mg/L",26.731,-83.0991,0
"3144","436110","SFER","08/05/2021 04:51:00","CAL6","Ammonium",2.203,"mg/L",25.9414,-82.481,0
"3145","43622","SFER","08/05/2021 10:13:00","42","Ammonium",1.303,"mg/L",25.6552,-81.7187,0
"3146","43642","SFER","08/05/2021 11:24:00","41","Ammonium",2.906,"mg/L",25.7337,-81.575,0
"3147","43652","SFER","08/05/2021 11:55:00","40","Ammonium",2.194,"mg/L",25.7574,-81.5238,0
"3148","43662","SFER","08/05/2021 12:11:00","39","Ammonium",1.773,"mg/L",25.779,-81.4874,0
"3149","43682","SFER","08/05/2021 13:49:00","45","Ammonium",1.246,"mg/L",25.5848,-81.4712,0
"3150","43692","SFER","08/05/2021 14:19:00","46","Ammonium",1.559,"mg/L",25.5837,-81.4103,0
"3151","43702","SFER","08/05/2021 14:39:00","47","Ammonium",2.458,"mg/L",25.5831,-81.3665,0
"3152","437110","SFER","08/05/2021 15:00:00","48","Ammonium",3.881,"mg/L",25.5833,-81.3156,0
"3153","43722","SFER","08/05/2021 15:17:00","49","Ammonium",5.45,"mg/L",25.5838,-81.2927,0
"3154","43732","SFER","08/05/2021 16:18:00","50","Ammonium",1.881,"mg/L",25.4546,-81.3498,0
"3155","43752","SFER","08/05/2021 16:37:00","51","Ammonium",1.889,"mg/L",25.4535,-81.3074,0
"3156","43762","SFER","08/05/2021 16:59:00","52","Ammonium",0.909,"mg/L",25.453,-81.2602,0
"3157","43772","SFER","08/05/2021 17:11:00","53","Ammonium",1.534,"mg/L",25.4529,-81.2281,0
"3158","43782","SFER","08/05/2021 18:27:00","54","Ammonium",0.687,"mg/L",25.342,-81.1559,0
"3159","43792","SFER","08/05/2021 19:08:00","55","Ammonium",0.945,"mg/L",25.3507,-81.1981,0
"3160","43802","SFER","08/05/2021 19:25:00","56","Ammonium",0.695,"mg/L",25.3501,-81.228,0
"3161","438110","SFER","08/05/2021 19:53:00","57","Ammonium",2.139,"mg/L",25.351,-81.2688,0
"3162","43832","SFER","08/05/2021 20:30:00","57.1","Ammonium",1.429,"mg/L",25.3525,-81.3371,0
"3163","43852","SFER","08/05/2021 21:33:00","57.2","Ammonium",1.389,"mg/L",25.351,-81.4913,0
"3164","43872","SFER","08/05/2021 22:52:00","57.3","Ammonium",1.441,"mg/L",25.3528,-81.6548,0
"3165","43892","SFER","08/06/2021 00:19:00","58","Ammonium",0.748,"mg/L",25.1659,-81.6535,0
"3166","43902","SFER","08/06/2021 01:31:00","59","Ammonium",2.553,"mg/L",25.1666,-81.4689,0
"3167","439110","SFER","08/06/2021 02:25:00","60","Ammonium",1.101,"mg/L",25.167,-81.3348,0
"3168","43922","SFER","08/06/2021 02:51:00","61","Ammonium",1.119,"mg/L",25.1663,-81.2758,0
"3169","43932","SFER","08/06/2021 03:06:00","62","Ammonium",1.401,"mg/L",25.1661,-81.235,0
"3170","43942","SFER","08/06/2021 03:18:00","63","Ammonium",1.239,"mg/L",25.166,-81.2166,0
"3171","43952","SFER","08/06/2021 03:34:00","64","Ammonium",0.632,"mg/L",25.1652,-81.1617,0
"3172","43962","SFER","08/06/2021 04:21:00","65","Ammonium",2.039,"mg/L",25.0979,-81.0951,0
"3173","43972","SFER","08/06/2021 04:41:00","66","Ammonium",2.229,"mg/L",25.0712,-81.1084,0
"3174","43982","SFER","08/06/2021 04:59:00","67","Ammonium",1.837,"mg/L",25.0315,-81.1269,0
"3175","43992","SFER","08/06/2021 05:54:00","68","Ammonium",1.267,"mg/L",24.9299,-81.1667,0
"3176","44002","SFER","08/06/2021 06:24:00","69","Ammonium",2.05,"mg/L",24.9292,-81.0959,0
"3177","440110","SFER","08/06/2021 06:51:00","70","Ammonium",1.701,"mg/L",24.9295,-81.0254,0
"3178","44022","SFER","10/05/2021 12:50:00","1","Ammonium",0.651,"mg/L",25.6444,-80.1224,0
"3179","44042","SFER","10/05/2021 13:15:00","2","Ammonium",3.73,"mg/L",25.6428,-80.1055,0
"3180","44052","SFER","10/05/2021 13:32:00","3","Ammonium",0.655,"mg/L",25.643,-80.0843,0
"3181","44062","SFER","10/05/2021 16:02:00","EKIN","Ammonium",2.894,"mg/L",25.3354,-80.2243,0
"3182","44072","SFER","10/05/2021 16:18:00","EKMID","Ammonium",0.771,"mg/L",25.315,-80.195,0
"3183","44082","SFER","10/05/2021 16:35:00","EKOFF","Ammonium",0.716,"mg/L",25.2901,-80.1624,0
"3184","44092","SFER","10/05/2021 18:45:00","6.5","Ammonium",1.145,"mg/L",25.0493,-80.2862,0
"3185","441010","SFER","10/05/2021 18:58:00","6","Ammonium",0.794,"mg/L",25.0644,-80.3145,0
"3186","441110","SFER","10/05/2021 19:08:00","5.5","Ammonium",1.725,"mg/L",25.0791,-80.3328,0
"3187","44132","SFER","10/05/2021 20:09:00","MR","Ammonium",0.694,"mg/L",25.0084,-80.371,0
"3188","44142","SFER","10/05/2021 22:42:00","UKIN","Ammonium",0.503,"mg/L",24.9294,-80.5561,0
"3189","44152","SFER","10/05/2021 22:47:00","UKMID","Ammonium",2.947,"mg/L",24.8701,-80.546,0
"3190","44162","SFER","10/05/2021 22:59:00","UKOFF","Ammonium",0.536,"mg/L",24.8983,-80.5295,0
"3191","44182","SFER","10/06/2021 01:01:00","9.5","Ammonium",0.489,"mg/L",24.7181,-80.6941,0
"3192","44202","SFER","10/06/2021 01:51:00","9","Ammonium",0.448,"mg/L",24.7635,-80.7237,0
"3193","442110","SFER","10/06/2021 02:17:00","8","Ammonium",0.706,"mg/L",24.7986,-80.7448,0
"3194","44222","SFER","10/06/2021 02:28:00","7","Ammonium",0.416,"mg/L",24.8173,-80.7556,0
"3195","44242","SFER","10/06/2021 03:45:00","10","Ammonium",0.578,"mg/L",24.7881,-80.855,0
"3196","44252","SFER","10/06/2021 04:08:00","11","Ammonium",0.629,"mg/L",24.7469,-80.8458,0
"3197","44272","SFER","10/06/2021 04:42:00","12","Ammonium",1.334,"mg/L",24.7129,-80.8347,0
"3198","44282","SFER","10/06/2021 06:00:00","15.5","Ammonium",1.501,"mg/L",24.5924,-80.991,0
"3199","44292","SFER","10/06/2021 06:25:00","15","Ammonium",0,"mg/L",24.6462,-81.0137,0
"3200","44302","SFER","10/06/2021 06:38:00","14","Ammonium",0,"mg/L",24.6741,-81.0235,0
"3201","443110","SFER","10/06/2021 06:51:00","13","Ammonium",0.412,"mg/L",24.7018,-81.0298,0
"3202","44332","SFER","10/06/2021 08:16:00","18","Ammonium",0.568,"mg/L",24.598,-81.184,0
"3203","44342","SFER","10/06/2021 08:53:00","17","Ammonium",0.335,"mg/L",24.6353,-81.1897,0
"3204","44362","SFER","10/06/2021 09:12:00","16","Ammonium",0.75,"mg/L",24.67,-81.2018,0
"3205","44372","SFER","10/06/2021 10:58:00","19","Ammonium",0.403,"mg/L",24.6099,-81.4198,0
"3206","44382","SFER","10/06/2021 11:11:00","20","Ammonium",0.22,"mg/L",24.5757,-81.4176,0
"3207","44402","SFER","10/06/2021 11:39:00","21LK","Ammonium",0.131,"mg/L",24.5356,-81.4157,0
"3208","444110","SFER","10/06/2021 12:33:00","21.5","Ammonium",0.25,"mg/L",24.4835,-81.39,0
"3209","44432","SFER","10/06/2021 14:48:00","WS","Ammonium",1.325,"mg/L",24.4745,-81.7158,0
"3210","44442","SFER","10/06/2021 16:23:00","22.5","Ammonium",1.229,"mg/L",24.4008,-81.8289,0
"3211","44452","SFER","10/06/2021 16:47:00","22","Ammonium",1.219,"mg/L",24.4564,-81.8284,0
"3212","44462","SFER","10/06/2021 17:00:00","23","Ammonium",2.339,"mg/L",24.4902,-81.8282,0
"3213","44472","SFER","10/06/2021 17:22:00","24","Ammonium",1.97,"mg/L",24.535,-81.8283,0
"3214","44492","SFER","10/06/2021 18:40:00","KW1","Ammonium",1.141,"mg/L",24.6557,-81.9043,0
"3215","445110","SFER","10/06/2021 19:26:00","KW2","Ammonium",1.292,"mg/L",24.727,-81.9136,0
"3216","44522","SFER","10/06/2021 20:16:00","KW3","Ammonium",1.126,"mg/L",24.8218,-81.9578,0
"3217","44542","SFER","10/06/2021 21:42:00","KW4","Ammonium",2.447,"mg/L",25.0083,-82.0372,0
"3218","44562","SFER","10/07/2021 00:50:00","30","Ammonium",1.114,"mg/L",25.3967,-82.2074,0
"3219","44572","SFER","10/07/2021 02:41:00","30.5","Ammonium",0.982,"mg/L",25.5715,-82.0748,0
"3220","44592","SFER","10/07/2021 04:14:00","31","Ammonium",1.102,"mg/L",25.743,-81.944,0
"3221","44602","SFER","10/07/2021 05:39:00","32","Ammonium",1.086,"mg/L",25.873,-81.8332,0
"3222","44622","SFER","10/07/2021 06:10:00","33","Ammonium",0.938,"mg/L",25.9112,-81.801,0
"3223","44632","SFER","10/07/2021 06:41:00","34","Ammonium",1.86,"mg/L",25.9494,-81.7671,0
"3224","44652","SFER","10/07/2021 09:56:00","CAL5","Ammonium",1.372,"mg/L",26.1828,-82.2163,0
"3225","44672","SFER","10/07/2021 10:58:00","CAL4","Ammonium",1.419,"mg/L",26.2537,-82.1386,0
"3226","44692","SFER","10/07/2021 12:17:00","CAL3","Ammonium",1.353,"mg/L",26.3411,-82.0435,0
"3227","447110","SFER","10/07/2021 12:57:00","CAL2","Ammonium",2.605,"mg/L",26.3836,-82,0
"3228","44742","SFER","10/07/2021 16:24:00","RP1","Ammonium",1.81,"mg/L",26.5475,-82.2177,0
"3229","44762","SFER","10/07/2021 17:00:00","RP2","Ammonium",2.702,"mg/L",26.5542,-82.2575,0
"3230","44782","SFER","10/07/2021 17:40:00","RP3","Ammonium",2.198,"mg/L",26.5514,-82.3321,0
"3231","44802","SFER","10/07/2021 19:05:00","RP4","Ammonium",0.606,"mg/L",26.5795,-82.5008,0
"3232","44822","SFER","10/07/2021 20:39:00","GP5","Ammonium",0.583,"mg/L",26.5964,-82.6972,0
"3233","44842","SFER","10/07/2021 21:50:00","BG4","Ammonium",2.807,"mg/L",26.6308,-82.5563,0
"3234","44862","SFER","10/07/2021 23:08:00","BG3","Ammonium",0.636,"mg/L",26.6675,-82.4181,0
"3235","44882","SFER","10/07/2021 23:49:00","BG2","Ammonium",1.629,"mg/L",26.6886,-82.3399,0
"3236","44902","SFER","10/08/2021 00:50:00","BG1","Ammonium",1.498,"mg/L",26.709,-82.2677,0
"3237","44922","SFER","10/08/2021 04:42:00","V1","Ammonium",1.15,"mg/L",27.1096,-82.479,0
"3238","44942","SFER","10/08/2021 05:22:00","V2","Ammonium",1.624,"mg/L",27.0723,-82.5475,0
"3239","44962","SFER","10/08/2021 06:13:00","V3","Ammonium",3.386,"mg/L",27.0352,-82.6161,0
"3240","44982","SFER","10/08/2021 06:52:00","V4","Ammonium",0.82,"mg/L",26.994,-82.681,0
"3241","45002","SFER","10/08/2021 07:39:00","V5","Ammonium",3.78,"mg/L",26.9566,-82.751,0
"3242","45022","SFER","10/08/2021 08:22:00","V6","Ammonium",3.548,"mg/L",26.9166,-82.8206,0
"3243","45042","SFER","10/08/2021 09:12:00","V7","Ammonium",1.156,"mg/L",26.8804,-82.8839,0
"3244","45062","SFER","10/08/2021 10:11:00","V8","Ammonium",1.333,"mg/L",26.8334,-82.958,0
"3245","45082","SFER","10/08/2021 11:45:00","V9","Ammonium",3.787,"mg/L",26.7292,-83.1028,0
"3246","451010","SFER","10/08/2021 16:08:00","AMI9","Ammonium",1.815,"mg/L",27.1889,-83.5002,0
"3247","45122","SFER","10/08/2021 16:51:00","AMI8","Ammonium",0.734,"mg/L",27.2279,-83.4092,0
"3248","45142","SFER","10/08/2021 17:51:00","AMI7","Ammonium",0.635,"mg/L",27.2669,-83.313,0
"3249","45162","SFER","10/08/2021 18:43:00","AMI6","Ammonium",0.769,"mg/L",27.3054,-83.219,0
"3250","45182","SFER","10/08/2021 19:33:00","AMI5","Ammonium",1.029,"mg/L",27.3417,-83.1335,0
"3251","45202","SFER","10/08/2021 20:22:00","AMI4","Ammonium",0.683,"mg/L",27.382,-83.0326,0
"3252","45222","SFER","10/08/2021 21:23:00","AMI3","Ammonium",0.649,"mg/L",27.419,-82.9359,0
"3253","45242","SFER","10/08/2021 22:15:00","AMI2","Ammonium",0.705,"mg/L",27.4256,-82.8454,0
"3254","45262","SFER","10/08/2021 23:15:00","AMI1","Ammonium",0.792,"mg/L",27.4946,-82.752,0
"3255","45282","SFER","10/09/2021 02:17:00","TB1","Ammonium",0.732,"mg/L",27.8009,-82.8825,0
"3256","45302","SFER","10/09/2021 02:55:00","TB2","Ammonium",0.664,"mg/L",27.7396,-82.9286,0
"3257","45322","SFER","10/09/2021 03:56:00","TB3","Ammonium",0.879,"mg/L",27.6727,-82.9991,0
"3258","45342","SFER","10/09/2021 05:00:00","TB4","Ammonium",1.987,"mg/L",27.6169,-83.133,0
"3259","45362","SFER","10/09/2021 06:21:00","TB5","Ammonium",1.554,"mg/L",27.6176,-83.2973,0
"3260","45382","SFER","10/09/2021 07:50:00","TB10","Ammonium",0.816,"mg/L",27.6142,-83.4867,0
"3261","45402","SFER","10/09/2021 21:20:00","CAL6","Ammonium",0.8,"mg/L",25.9396,-82.4804,0
"3262","454110","SFER","10/10/2021 02:37:00","42","Ammonium",0.87,"mg/L",25.6552,-81.7178,0
"3263","45432","SFER","10/10/2021 03:49:00","41","Ammonium",1.825,"mg/L",25.7335,-81.5738,0
"3264","45442","SFER","10/10/2021 04:16:00","40","Ammonium",2.491,"mg/L",25.757,-81.5244,0
"3265","45452","SFER","10/10/2021 04:35:00","39","Ammonium",1.207,"mg/L",25.7781,-81.4808,0
"3266","45472","SFER","10/10/2021 06:09:00","45","Ammonium",2.065,"mg/L",25.5837,-81.47,0
"3267","45482","SFER","10/10/2021 06:38:00","46","Ammonium",1.879,"mg/L",25.5832,-81.4102,0
"3268","45502","SFER","10/10/2021 06:54:00","47","Ammonium",2.152,"mg/L",25.5832,-81.3664,0
"3269","455110","SFER","10/10/2021 07:16:00","48","Ammonium",2.045,"mg/L",25.5824,-81.3283,0
"3270","45522","SFER","10/10/2021 07:30:00","49","Ammonium",1.975,"mg/L",25.5833,-81.2925,0
"3271","45532","SFER","10/10/2021 08:35:00","50","Ammonium",1.117,"mg/L",25.4529,-81.3499,0
"3272","45552","SFER","10/10/2021 08:53:00","51","Ammonium",1.184,"mg/L",25.4534,-81.3093,0
"3273","45562","SFER","10/10/2021 09:24:00","52","Ammonium",1.721,"mg/L",25.4532,-81.2576,0
"3274","45572","SFER","10/10/2021 09:42:00","53","Ammonium",2.388,"mg/L",25.4527,-81.2277,0
"3275","45582","SFER","10/10/2021 10:37:00","55","Ammonium",1.185,"mg/L",25.3501,-81.1977,0
"3276","45592","SFER","10/10/2021 11:19:00","54","Ammonium",1.29,"mg/L",25.34,-81.1568,0
"3277","45602","SFER","10/10/2021 12:14:00","56","Ammonium",1.176,"mg/L",25.3491,-81.2271,0
"3278","456110","SFER","10/10/2021 12:44:00","57","Ammonium",1.311,"mg/L",25.35,-81.2664,0
"3279","45632","SFER","10/10/2021 13:32:00","57.1","Ammonium",1.041,"mg/L",25.3503,-81.3361,0
"3280","45652","SFER","10/10/2021 14:40:00","57.2","Ammonium",0.883,"mg/L",25.3514,-81.49,0
"3281","45672","SFER","10/10/2021 15:56:00","57.3","Ammonium",1.248,"mg/L",25.3507,-81.6506,0
"3282","45692","SFER","10/10/2021 17:27:00","58","Ammonium",0.766,"mg/L",25.1664,-81.6528,0
"3283","45702","SFER","10/10/2021 18:46:00","59","Ammonium",0.925,"mg/L",25.166,-81.4536,0
"3284","45722","SFER","10/10/2021 19:23:00","60","Ammonium",1.586,"mg/L",25.1655,-81.3362,0
"3285","45732","SFER","10/10/2021 19:58:00","61","Ammonium",0.782,"mg/L",25.1662,-81.2756,0
"3286","45742","SFER","10/10/2021 20:12:00","62","Ammonium",1.357,"mg/L",25.1664,-81.2352,0
"3287","45752","SFER","10/10/2021 20:25:00","63","Ammonium",0.779,"mg/L",25.1668,-81.2001,0
"3288","45762","SFER","10/10/2021 20:41:00","64","Ammonium",0.687,"mg/L",25.1647,-81.1585,0
"3289","45772","SFER","10/10/2021 21:33:00","65","Ammonium",2.567,"mg/L",25.0955,-81.0959,0
"3290","45782","SFER","10/10/2021 21:53:00","66","Ammonium",0.838,"mg/L",25.0672,-81.1091,0
"3291","45792","SFER","10/10/2021 22:10:00","67","Ammonium",0.837,"mg/L",25.0308,-81.1263,0
"3292","45802","SFER","10/10/2021 23:03:00","68","Ammonium",1.208,"mg/L",24.9324,-81.1669,0
"3293","458110","SFER","10/10/2021 23:39:00","69","Ammonium",2.2,"mg/L",24.9311,-81.0947,0
"3294","45822","SFER","10/11/2021 00:08:00","70","Ammonium",0.798,"mg/L",24.9291,-81.0327,0
"3295","45832","SFER","12/04/2021 13:05:00","1","Ammonium",3.325,"mg/L",25.6451,-80.1268,0
"3296","45852","SFER","12/04/2021 13:32:00","2","Ammonium",1.853,"mg/L",25.6421,-80.1059,0
"3297","45862","SFER","12/04/2021 13:51:00","3","Ammonium",1.705,"mg/L",25.6451,-80.0834,0
"3298","45872","SFER","12/04/2021 16:50:00","EKOFF","Ammonium",2.212,"mg/L",25.2977,-80.1675,0
"3299","45882","SFER","12/04/2021 17:03:00","EKMID","Ammonium",0.154,"mg/L",25.3133,-80.1946,0
"3300","45892","SFER","12/04/2021 17:18:00","EKIN","Ammonium",0.251,"mg/L",25.335,-80.2241,0
"3301","45902","SFER","12/04/2021 19:49:00","6.5","Ammonium",0.131,"mg/L",25.0493,-80.2858,0
"3302","459110","SFER","12/04/2021 20:02:00","6","Ammonium",0.166,"mg/L",25.0639,-80.3155,0
"3303","45922","SFER","12/04/2021 20:12:00","5.5","Ammonium",2.377,"mg/L",25.0797,-80.3333,0
"3304","45942","SFER","12/04/2021 21:35:00","MR","Ammonium",0.145,"mg/L",25.0056,-80.3697,0
"3305","45952","SFER","12/04/2021 23:11:00","UKOFF","Ammonium",2.453,"mg/L",24.8984,-80.5302,0
"3306","45962","SFER","12/04/2021 23:23:00","UKMID","Ammonium",0.312,"mg/L",24.9207,-80.548,0
"3307","45972","SFER","12/04/2021 23:33:00","UKIN","Ammonium",0.247,"mg/L",24.9347,-80.565,0
"3308","45992","SFER","12/05/2021 01:13:00","7","Ammonium",0.512,"mg/L",24.8148,-80.7569,0
"3309","46002","SFER","12/05/2021 01:35:00","8","Ammonium",0.307,"mg/L",24.7921,-80.7412,0
"3310","46022","SFER","12/05/2021 01:55:00","9","Ammonium",0.862,"mg/L",24.7631,-80.7235,0
"3311","46042","SFER","12/05/2021 02:38:00","9.5","Ammonium",0.179,"mg/L",24.7166,-80.6896,0
"3312","46062","SFER","12/05/2021 04:25:00","12","Ammonium",0.195,"mg/L",24.7124,-80.832,0
"3313","46072","SFER","12/05/2021 04:55:00","11","Ammonium",1.788,"mg/L",24.7536,-80.8472,0
"3314","46092","SFER","12/05/2021 06:42:00","13","Ammonium",0.384,"mg/L",24.7015,-81.0298,0
"3315","461010","SFER","12/05/2021 06:56:00","14","Ammonium",0.207,"mg/L",24.6751,-81.0235,0
"3316","461110","SFER","12/05/2021 07:11:00","15","Ammonium",0.088,"mg/L",24.6437,-81.0167,0
"3317","46122","SFER","12/05/2021 07:35:00","15.5","Ammonium",0.465,"mg/L",24.5927,-80.9911,0
"3318","46142","SFER","12/05/2021 09:10:00","18","Ammonium",0.192,"mg/L",24.5976,-81.1836,0
"3319","46152","SFER","12/05/2021 09:39:00","17","Ammonium",0.654,"mg/L",24.634,-81.1942,0
"3320","46162","SFER","12/05/2021 10:00:00","16","Ammonium",1.413,"mg/L",24.6677,-81.2032,0
"3321","46172","SFER","12/05/2021 11:38:00","19","Ammonium",1.044,"mg/L",24.6096,-81.4209,0
"3322","46182","SFER","12/05/2021 11:52:00","20","Ammonium",3.004,"mg/L",24.5751,-81.4186,0
"3323","46202","SFER","12/05/2021 12:30:00","21LK","Ammonium",0.912,"mg/L",24.5362,-81.4104,0
"3324","462110","SFER","12/05/2021 13:08:00","21.5","Ammonium",1.173,"mg/L",24.4854,-81.3918,0
"3325","46232","SFER","12/05/2021 16:11:00","WS","Ammonium",1.101,"mg/L",24.4749,-81.7161,0
"3326","46242","SFER","12/05/2021 17:17:00","22.5","Ammonium",1.047,"mg/L",24.3971,-81.8262,0
"3327","46252","SFER","12/05/2021 17:42:00","22","Ammonium",0.924,"mg/L",24.4528,-81.8286,0
"3328","46262","SFER","12/05/2021 17:55:00","23","Ammonium",0.959,"mg/L",24.4852,-81.8285,0
"3329","46272","SFER","12/05/2021 18:18:00","24","Ammonium",6.833,"mg/L",24.5358,-81.8284,0
"3330","46292","SFER","12/05/2021 19:43:00","KW1","Ammonium",1.188,"mg/L",24.6544,-81.904,0
"3331","463110","SFER","12/05/2021 20:30:00","KW2","Ammonium",3.785,"mg/L",24.7265,-81.918,0
"3332","46322","SFER","12/05/2021 21:27:00","KW3","Ammonium",1.207,"mg/L",24.8268,-81.9624,0
"3333","46342","SFER","12/05/2021 23:03:00","KW4","Ammonium",1.119,"mg/L",25.0137,-82.0427,0
"3334","46362","SFER","12/06/2021 02:18:00","30","Ammonium",1.519,"mg/L",25.4026,-82.2091,0
"3335","46372","SFER","12/06/2021 03:59:00","30.5","Ammonium",1.024,"mg/L",25.5737,-82.0732,0
"3336","46392","SFER","12/06/2021 05:34:00","31","Ammonium",1.702,"mg/L",25.7415,-81.9431,0
"3337","46402","SFER","12/06/2021 06:56:00","32","Ammonium",0.992,"mg/L",25.8733,-81.8332,0
"3338","46422","SFER","12/06/2021 07:20:00","33","Ammonium",1.086,"mg/L",25.9112,-81.8001,0
"3339","46432","SFER","12/06/2021 07:56:00","34","Ammonium",2.15,"mg/L",25.9493,-81.7678,0
"3340","46452","SFER","12/06/2021 11:19:00","CAL5","Ammonium",2.619,"mg/L",26.183,-82.2168,0
"3341","46472","SFER","12/06/2021 12:16:00","CAL4","Ammonium",0.453,"mg/L",26.2538,-82.1386,0
"3342","46492","SFER","12/06/2021 13:29:00","CAL3","Ammonium",4.325,"mg/L",26.3417,-82.0438,0
"3343","465110","SFER","12/06/2021 14:03:00","CAL2","Ammonium",2.706,"mg/L",26.3827,-82.0002,0
"3344","46522","SFER","12/06/2021 14:45:00","CAL1","Ammonium",1.717,"mg/L",26.4263,-81.9599,0
"3345","46542","SFER","12/06/2021 17:27:00","RP1","Ammonium",0.391,"mg/L",26.5461,-82.2165,0
"3346","46562","SFER","12/06/2021 17:54:00","RP2","Ammonium",0.522,"mg/L",26.5534,-82.2549,0
"3347","46582","SFER","12/06/2021 18:36:00","RP3","Ammonium",0.344,"mg/L",26.5514,-82.3314,0
"3348","46602","SFER","12/06/2021 19:54:00","RP4","Ammonium",0.272,"mg/L",26.5781,-82.4974,0
"3349","46622","SFER","12/06/2021 21:30:00","GP5","Ammonium",0.406,"mg/L",26.5955,-82.696,0
"3350","46642","SFER","12/06/2021 22:38:00","BG4","Ammonium",0.31,"mg/L",26.6301,-82.5567,0
"3351","46662","SFER","12/06/2021 23:51:00","BG3","Ammonium",0.264,"mg/L",26.6689,-82.4173,0
"3352","46682","SFER","12/07/2021 00:31:00","BG2","Ammonium",0.689,"mg/L",26.6884,-82.3398,0
"3353","46702","SFER","12/07/2021 01:31:00","BG1","Ammonium",0.848,"mg/L",26.7153,-82.2534,0
"3354","467110","SFER","12/07/2021 05:58:00","V1","Ammonium",3.12,"mg/L",27.1109,-82.4781,0
"3355","46732","SFER","12/07/2021 06:35:00","V2","Ammonium",0.367,"mg/L",27.0719,-82.5465,0
"3356","46752","SFER","12/07/2021 07:28:00","V3","Ammonium",0,"mg/L",27.0332,-82.6154,0
"3357","46772","SFER","12/07/2021 08:08:00","V4","Ammonium",0.06,"mg/L",26.9942,-82.6838,0
"3358","46792","SFER","12/07/2021 08:57:00","V5","Ammonium",0,"mg/L",26.9552,-82.7514,0
"3359","468110","SFER","12/07/2021 09:40:00","V6","Ammonium",2.338,"mg/L",26.9142,-82.8226,0
"3360","46832","SFER","12/07/2021 10:27:00","V7","Ammonium",2.275,"mg/L",26.8757,-82.8899,0
"3361","46852","SFER","12/07/2021 11:05:00","V8","Ammonium",0,"mg/L",26.8317,-82.9576,0
"3362","46872","SFER","12/07/2021 12:29:00","V9","Ammonium",0.126,"mg/L",26.7289,-83.1034,0
"3363","46892","SFER","12/07/2021 16:51:00","AMI9","Ammonium",0,"mg/L",27.1888,-83.5031,0
"3364","469110","SFER","12/07/2021 17:45:00","AMI8","Ammonium",1.79,"mg/L",27.2279,-83.4095,0
"3365","46932","SFER","12/07/2021 18:49:00","AMI7","Ammonium",0,"mg/L",27.2666,-83.3151,0
"3366","46952","SFER","12/07/2021 19:42:00","AMI6","Ammonium",0.177,"mg/L",27.305,-83.2209,0
"3367","46972","SFER","12/07/2021 20:43:00","AMI5","Ammonium",0.256,"mg/L",27.3439,-83.127,0
"3368","46992","SFER","12/07/2021 21:35:00","AMI4","Ammonium",0.865,"mg/L",27.3831,-83.0302,0
"3369","470110","SFER","12/07/2021 22:33:00","AMI3","Ammonium",0.476,"mg/L",27.4216,-82.9369,0
"3370","47032","SFER","12/07/2021 23:21:00","AMI2","Ammonium",0.556,"mg/L",27.4591,-82.8441,0
"3371","47052","SFER","12/08/2021 00:22:00","AMI1","Ammonium",3.685,"mg/L",27.497,-82.7492,0
"3372","47062","SFER","12/08/2021 03:17:00","TB1","Ammonium",0.614,"mg/L",27.8019,-82.8813,0
"3373","47082","SFER","12/08/2021 03:59:00","TB2","Ammonium",0.528,"mg/L",27.7401,-82.9282,0
"3374","471010","SFER","12/08/2021 04:59:00","TB3","Ammonium",0.629,"mg/L",27.6714,-83.0001,0
"3375","47122","SFER","12/08/2021 06:07:00","TB4","Ammonium",0.857,"mg/L",27.6171,-83.133,0
"3376","47142","SFER","12/08/2021 07:31:00","TB5","Ammonium",0.445,"mg/L",27.6171,-83.2998,0
"3377","47162","SFER","12/08/2021 09:06:00","TB10","Ammonium",0.435,"mg/L",27.6173,-83.4885,0
"3378","47182","SFER","12/08/2021 10:23:00","EH07","Ammonium",1.608,"mg/L",27.4864,-83.4177,0
"3379","47202","SFER","12/08/2021 11:47:00","EH08","Ammonium",3.111,"mg/L",27.326,-83.3587,0
"3380","47222","SFER","12/09/2021 00:15:00","CAL6","Ammonium",0.677,"mg/L",25.9423,-82.48,0
"3381","47232","SFER","12/09/2021 05:31:00","42","Ammonium",0.486,"mg/L",25.6553,-81.7185,0
"3382","47242","SFER","12/09/2021 06:42:00","41","Ammonium",0.051,"mg/L",25.7334,-81.5749,0
"3383","47252","SFER","12/09/2021 07:08:00","40","Ammonium",0.509,"mg/L",25.7573,-81.5248,0
"3384","47262","SFER","12/09/2021 07:28:00","39","Ammonium",0.837,"mg/L",25.7794,-81.4823,0
"3385","47282","SFER","12/09/2021 09:05:00","45","Ammonium",2.073,"mg/L",25.5836,-81.4707,0
"3386","47292","SFER","12/09/2021 09:34:00","46","Ammonium",0.763,"mg/L",25.5835,-81.4092,0
"3387","47302","SFER","12/09/2021 09:51:00","47","Ammonium",2.401,"mg/L",25.5833,-81.3676,0
"3388","473110","SFER","12/09/2021 10:05:00","48","Ammonium",0.813,"mg/L",25.5832,-81.3306,0
"3389","47322","SFER","12/09/2021 10:20:00","49","Ammonium",0.857,"mg/L",25.5834,-81.2925,0
"3390","47332","SFER","12/09/2021 11:21:00","50","Ammonium",4.52,"mg/L",25.4551,-81.3499,0
"3391","47342","SFER","12/09/2021 11:42:00","51","Ammonium",0.828,"mg/L",25.4531,-81.3088,0
"3392","47352","SFER","12/09/2021 12:06:00","52","Ammonium",0.848,"mg/L",25.4533,-81.2606,0
"3393","47362","SFER","12/09/2021 12:20:00","53","Ammonium",1.174,"mg/L",25.4523,-81.2297,0
"3394","47372","SFER","12/09/2021 13:40:00","54","Ammonium",0.757,"mg/L",25.3389,-81.1583,0
"3395","47382","SFER","12/09/2021 14:23:00","55","Ammonium",2.116,"mg/L",25.3503,-81.2022,0
"3396","47392","SFER","12/09/2021 14:39:00","56","Ammonium",0.902,"mg/L",25.3501,-81.2293,0
"3397","47402","SFER","12/09/2021 15:14:00","57","Ammonium",1.136,"mg/L",25.3521,-81.267,0
"3398","47422","SFER","12/09/2021 15:47:00","57.1","Ammonium",1.252,"mg/L",25.3521,-81.3366,0
"3399","47442","SFER","12/09/2021 16:56:00","57.2","Ammonium",0.658,"mg/L",25.3521,-81.4902,0
"3400","47462","SFER","12/09/2021 18:22:00","57.3","Ammonium",0.362,"mg/L",25.3517,-81.6529,0
"3401","47482","SFER","12/09/2021 19:53:00","58","Ammonium",0.661,"mg/L",25.1665,-81.6529,0
"3402","47492","SFER","12/09/2021 20:58:00","59","Ammonium",0.744,"mg/L",25.1664,-81.49,0
"3403","475110","SFER","12/09/2021 22:04:00","60","Ammonium",0.36,"mg/L",25.1664,-81.3364,0
"3404","47522","SFER","12/09/2021 22:34:00","61","Ammonium",0.646,"mg/L",25.1662,-81.2758,0
"3405","47532","SFER","12/09/2021 22:49:00","62","Ammonium",3.226,"mg/L",25.1662,-81.2338,0
"3406","47542","SFER","12/09/2021 23:02:00","63","Ammonium",0.561,"mg/L",25.166,-81.2019,0
"3407","47552","SFER","12/09/2021 23:21:00","64","Ammonium",0.6,"mg/L",25.1656,-81.1588,0
"3408","47562","SFER","12/10/2021 00:13:00","65","Ammonium",3.822,"mg/L",25.0949,-81.0971,0
"3409","47572","SFER","12/10/2021 00:30:00","66","Ammonium",0.72,"mg/L",25.0674,-81.1102,0
"3410","47582","SFER","12/10/2021 00:47:00","67","Ammonium",0.864,"mg/L",25.031,-81.1272,0
"3411","47592","SFER","12/10/2021 01:57:00","68","Ammonium",3.861,"mg/L",24.9307,-81.1636,0
"3412","47602","SFER","12/10/2021 03:52:00","69","Ammonium",0.753,"mg/L",24.9302,-81.0957,0
"3413","476110","SFER","12/10/2021 04:38:00","70","Ammonium",0.76,"mg/L",24.9271,-81.0659,0
"3414","47622","SFER","01/22/2022 15:07:00","1","Ammonium",0.499,"mg/L",25.6451,-80.1276,0
"3415","47643","SFER","01/22/2022 15:21:00","2","Ammonium",0.3,"mg/L",25.6407,-80.1044,0
"3416","47652","SFER","01/22/2022 15:36:00","3","Ammonium",0.266,"mg/L",25.6445,-80.0842,0
"3417","47662","SFER","01/22/2022 18:06:00","EKIN","Ammonium",0.203,"mg/L",25.3355,-80.2235,0
"3418","47672","SFER","01/22/2022 18:23:00","EKMID","Ammonium",0.773,"mg/L",25.3152,-80.1954,0
"3419","47682","SFER","01/22/2022 18:40:00","EKOFF","Ammonium",0.141,"mg/L",25.295,-80.1635,0
"3420","47692","SFER","01/22/2022 21:02:00","6.5","Ammonium",4.408,"mg/L",25.0489,-80.288,0
"3421","47702","SFER","01/22/2022 21:14:00","6","Ammonium",4.651,"mg/L",25.0638,-80.316,0
"3422","477110","SFER","01/22/2022 21:24:00","5.5","Ammonium",4.672,"mg/L",25.0797,-80.3342,0
"3423","47733","SFER","01/22/2022 22:14:00","MR","Ammonium",1.293,"mg/L",25.0065,-80.3716,0
"3424","47742","SFER","01/23/2022 00:09:00","UKOFF","Ammonium",0.12,"mg/L",24.8986,-80.5303,0
"3425","47752","SFER","01/23/2022 00:21:00","UKMID","Ammonium",1.334,"mg/L",24.9209,-80.5465,0
"3426","47762","SFER","01/23/2022 00:30:00","UKIN","Ammonium",0.276,"mg/L",24.9342,-80.5656,0
"3427","47773","SFER","01/23/2022 02:05:00","7","Ammonium",1.632,"mg/L",24.8173,-80.7558,0
"3428","47782","SFER","01/23/2022 02:27:00","8","Ammonium",0.208,"mg/L",24.792,-80.741,0
"3429","47803","SFER","01/23/2022 02:46:00","9","Ammonium",3.991,"mg/L",24.7635,-80.7231,0
"3430","47823","SFER","01/23/2022 03:27:00","9.5","Ammonium",1.273,"mg/L",24.7172,-80.6897,0
"3431","47843","SFER","01/23/2022 04:49:00","12","Ammonium",0.791,"mg/L",24.7127,-80.8328,0
"3432","47852","SFER","01/23/2022 05:18:00","11","Ammonium",0.264,"mg/L",24.7535,-80.8467,0
"3433","47873","SFER","01/23/2022 05:38:00","10","Ammonium",0.639,"mg/L",24.7887,-80.8602,0
"3434","47882","SFER","01/23/2022 07:04:00","13","Ammonium",0.422,"mg/L",24.7005,-81.0317,0
"3435","47892","SFER","01/23/2022 07:17:00","14","Ammonium",0.127,"mg/L",24.6739,-81.0224,0
"3436","47902","SFER","01/23/2022 07:31:00","15","Ammonium",0.206,"mg/L",24.6424,-81.0156,0
"3437","479110","SFER","01/23/2022 07:54:00","15.5","Ammonium",0.372,"mg/L",24.5927,-80.9917,0
"3438","47933","SFER","01/23/2022 09:18:00","18","Ammonium",0.125,"mg/L",24.5976,-81.184,0
"3439","47942","SFER","01/23/2022 09:44:00","17","Ammonium",0.11,"mg/L",24.6344,-81.1939,0
"3440","47953","SFER","01/23/2022 10:04:00","16","Ammonium",0.501,"mg/L",24.67,-81.2028,0
"3441","47962","SFER","01/23/2022 11:41:00","19","Ammonium",0.347,"mg/L",24.6093,-81.421,0
"3442","47972","SFER","01/23/2022 11:56:00","20","Ammonium",0.348,"mg/L",24.5753,-81.4185,0
"3443","47993","SFER","01/23/2022 12:32:00","21LK","Ammonium",0.122,"mg/L",24.5684,-81.4136,0
"3444","48002","SFER","01/23/2022 13:02:00","21.5","Ammonium",3.375,"mg/L",24.4846,-81.3933,0
"3445","48023","SFER","01/23/2022 15:40:00","WS","Ammonium",0.037,"mg/L",24.4749,-81.7162,0
"3446","48032","SFER","01/23/2022 16:48:00","22.5","Ammonium",0.117,"mg/L",24.3967,-81.8281,0
"3447","48042","SFER","01/23/2022 17:13:00","22","Ammonium",0.44,"mg/L",24.4546,-81.8286,0
"3448","48052","SFER","01/23/2022 17:26:00","23","Ammonium",0.281,"mg/L",24.4856,-81.8281,0
"3449","48062","SFER","01/23/2022 17:49:00","24","Ammonium",0.493,"mg/L",24.5361,-81.8281,0
"3450","48083","SFER","01/23/2022 19:04:00","KW1","Ammonium",0.579,"mg/L",24.6532,-81.903,0
"3451","481011","SFER","01/23/2022 20:17:00","KW2","Ammonium",2.668,"mg/L",24.7266,-81.9157,0
"3452","481110","SFER","01/23/2022 21:38:00","KW3","Ammonium",0.522,"mg/L",24.8207,-81.9588,0
"3453","48133","SFER","01/23/2022 23:54:00","KW4","Ammonium",1.143,"mg/L",25.0135,-82.1399,0
"3454","48153","SFER","01/24/2022 05:13:00","30","Ammonium",0.756,"mg/L",25.4016,-82.2083,0
"3455","48162","SFER","01/24/2022 07:06:00","30.5","Ammonium",0.208,"mg/L",25.5765,-82.0707,0
"3456","48183","SFER","01/24/2022 08:54:00","31","Ammonium",0.407,"mg/L",25.7403,-81.9424,0
"3457","48192","SFER","01/24/2022 10:18:00","32","Ammonium",0.081,"mg/L",25.8726,-81.8331,0
"3458","482111","SFER","01/24/2022 10:44:00","33","Ammonium",0.768,"mg/L",25.9113,-81.7978,0
"3459","48222","SFER","01/24/2022 11:12:00","34","Ammonium",2.459,"mg/L",25.9499,-81.7671,0
"3460","48243","SFER","01/24/2022 14:34:00","CAL5","Ammonium",0.35,"mg/L",26.1809,-82.2127,0
"3461","48263","SFER","01/24/2022 15:26:00","CAL4","Ammonium",0.554,"mg/L",26.252,-82.1392,0
"3462","48283","SFER","01/24/2022 16:31:00","CAL3","Ammonium",0.622,"mg/L",26.3413,-82.0441,0
"3463","48303","SFER","01/24/2022 17:11:00","CAL2","Ammonium",1.209,"mg/L",26.3831,-82.0005,0
"3464","483111","SFER","01/24/2022 17:47:00","CAL1","Ammonium",1.581,"mg/L",26.4259,-81.9595,0
"3465","48323","SFER","01/24/2022 20:28:00","RP1","Ammonium",0.489,"mg/L",26.5466,-82.2149,0
"3466","48343","SFER","01/24/2022 20:56:00","RP2","Ammonium",0.874,"mg/L",26.5528,-82.255,0
"3467","48363","SFER","01/24/2022 21:33:00","RP3","Ammonium",0.863,"mg/L",26.5515,-82.332,0
"3468","48383","SFER","01/24/2022 22:48:00","RP4","Ammonium",0.39,"mg/L",26.5759,-82.4984,0
"3469","48403","SFER","01/25/2022 00:12:00","GP5","Ammonium",0.652,"mg/L",26.5956,-82.6958,0
"3470","48423","SFER","01/25/2022 01:21:00","BG4","Ammonium",0.556,"mg/L",26.6299,-82.5568,0
"3471","48443","SFER","01/25/2022 02:30:00","BG3","Ammonium",0.506,"mg/L",26.6686,-82.4171,0
"3472","48463","SFER","01/25/2022 03:12:00","BG2","Ammonium",5.306,"mg/L",26.6883,-82.3403,0
"3473","48483","SFER","01/25/2022 04:11:00","BG1","Ammonium",5.022,"mg/L",26.7196,-82.2475,0
"3474","48503","SFER","01/25/2022 08:20:00","V1","Ammonium",3.549,"mg/L",27.1106,-82.4779,0
"3475","48523","SFER","01/25/2022 09:03:00","V2","Ammonium",0.844,"mg/L",27.072,-82.5466,0
"3476","48543","SFER","01/25/2022 09:44:00","V3","Ammonium",0.366,"mg/L",27.0342,-82.6158,0
"3477","48563","SFER","01/25/2022 10:25:00","V4","Ammonium",0.322,"mg/L",26.9939,-82.6853,0
"3478","48583","SFER","01/25/2022 11:05:00","V5","Ammonium",0.279,"mg/L",26.9545,-82.7526,0
"3479","48603","SFER","01/25/2022 11:47:00","V6","Ammonium",0.289,"mg/L",26.9154,-82.8224,0
"3480","48623","SFER","01/25/2022 12:28:00","V7","Ammonium",0.255,"mg/L",26.8769,-82.8891,0
"3481","48643","SFER","01/25/2022 13:08:00","V8","Ammonium",0.236,"mg/L",26.8317,-82.9581,0
"3482","48663","SFER","01/25/2022 14:27:00","V9","Ammonium",0.214,"mg/L",26.7301,-83.1037,0
"3483","48683","SFER","01/25/2022 19:00:00","AMI9","Ammonium",0.215,"mg/L",27.1894,-83.5052,0
"3484","48703","SFER","01/25/2022 20:34:00","AMI8","Ammonium",0.766,"mg/L",27.2286,-83.4112,0
"3485","48723","SFER","01/25/2022 21:48:00","AMI7","Ammonium",4.083,"mg/L",27.2673,-83.3172,0
"3486","48743","SFER","01/25/2022 23:10:00","AMI6","Ammonium",0.425,"mg/L",27.3102,-83.221,0
"3487","48752","SFER","01/26/2022 00:20:00","AMI5","Ammonium",3.905,"mg/L",27.337,-83.1268,0
"3488","48762","SFER","01/26/2022 01:17:00","AMI4","Ammonium",0.369,"mg/L",27.3841,-83.0296,0
"3489","48783","SFER","01/26/2022 02:13:00","AMI3","Ammonium",3.544,"mg/L",27.4213,-82.9394,0
"3490","48803","SFER","01/26/2022 03:20:00","AMI2","Ammonium",3.463,"mg/L",27.4593,-82.8453,0
"3491","48823","SFER","01/26/2022 04:20:00","AMI1","Ammonium",1.452,"mg/L",27.4972,-82.7508,0
"3492","48833","SFER","01/26/2022 07:02:00","TB1","Ammonium",1.652,"mg/L",27.802,-82.8819,0
"3493","48853","SFER","01/26/2022 07:48:00","TB2","Ammonium",0.706,"mg/L",27.7403,-82.9289,0
"3494","48873","SFER","01/26/2022 08:43:00","TB3","Ammonium",0.495,"mg/L",27.6717,-83.0007,0
"3495","48893","SFER","01/26/2022 09:53:00","TB4","Ammonium",0.334,"mg/L",27.6175,-83.1353,0
"3496","489111","SFER","01/26/2022 11:06:00","TB5","Ammonium",0.527,"mg/L",27.617,-83.3014,0
"3497","48933","SFER","01/26/2022 12:24:00","TB10","Ammonium",0.556,"mg/L",27.6162,-83.4891,0
"3498","48953","SFER","01/27/2022 03:04:00","CAL6","Ammonium",1.59,"mg/L",25.9394,-82.4802,0
"3499","48962","SFER","01/27/2022 08:56:00","42","Ammonium",0.693,"mg/L",25.6546,-81.7161,0
"3500","48973","SFER","01/27/2022 10:11:00","41","Ammonium",0.396,"mg/L",25.7336,-81.5728,0
"3501","48982","SFER","01/27/2022 10:37:00","40","Ammonium",0.286,"mg/L",25.7574,-81.5236,0
"3502","48992","SFER","01/27/2022 11:24:00","39","Ammonium",0.567,"mg/L",25.7809,-81.4837,0
"3503","490111","SFER","01/27/2022 12:55:00","45","Ammonium",0.391,"mg/L",25.5838,-81.4702,0
"3504","49022","SFER","01/27/2022 13:24:00","46","Ammonium",0.647,"mg/L",25.583,-81.4084,0
"3505","49043","SFER","01/27/2022 13:44:00","47","Ammonium",0.321,"mg/L",25.5829,-81.3667,0
"3506","49052","SFER","01/27/2022 14:03:00","48","Ammonium",0.46,"mg/L",25.5826,-81.3308,0
"3507","49063","SFER","01/27/2022 14:22:00","49","Ammonium",0.528,"mg/L",25.5812,-81.2932,0
"3508","49072","SFER","01/27/2022 15:21:00","50","Ammonium",0.332,"mg/L",25.4514,-81.3447,0
"3509","49083","SFER","01/27/2022 15:48:00","51","Ammonium",0.519,"mg/L",25.4529,-81.3081,0
"3510","49092","SFER","01/27/2022 16:12:00","52","Ammonium",3.769,"mg/L",25.4529,-81.2602,0
"3511","491011","SFER","01/27/2022 16:28:00","53","Ammonium",0.761,"mg/L",25.4529,-81.2275,0
"3512","491111","SFER","01/27/2022 18:00:00","54","Ammonium",0.975,"mg/L",25.3371,-81.1597,0
"3513","49123","SFER","01/27/2022 18:50:00","55","Ammonium",0.618,"mg/L",25.3509,-81.2012,0
"3514","49133","SFER","01/27/2022 19:13:00","56","Ammonium",0.646,"mg/L",25.3498,-81.2277,0
"3515","49143","SFER","01/27/2022 19:48:00","57","Ammonium",1.157,"mg/L",25.352,-81.2624,0
"3516","49163","SFER","01/27/2022 20:27:00","57.1","Ammonium",0.446,"mg/L",25.3513,-81.3359,0
"3517","49183","SFER","01/27/2022 21:41:00","57.2","Ammonium",0.248,"mg/L",25.3518,-81.49,0
"3518","49203","SFER","01/27/2022 23:02:00","57.3","Ammonium",0.241,"mg/L",25.3478,-81.6492,0
"3519","49223","SFER","01/28/2022 00:28:00","58","Ammonium",0.532,"mg/L",25.1664,-81.6517,0
"3520","49232","SFER","01/28/2022 01:39:00","59","Ammonium",0.658,"mg/L",25.1665,-81.4895,0
"3521","49253","SFER","01/28/2022 02:43:00","60","Ammonium",0.674,"mg/L",25.1663,-81.3364,0
"3522","49262","SFER","01/28/2022 03:18:00","61","Ammonium",0.749,"mg/L",25.1664,-81.2761,0
"3523","49272","SFER","01/28/2022 03:33:00","62","Ammonium",0.766,"mg/L",25.1666,-81.2357,0
"3524","49282","SFER","01/28/2022 03:48:00","63","Ammonium",0.863,"mg/L",25.1666,-81.2012,0
"3525","49293","SFER","01/28/2022 04:07:00","64","Ammonium",3.126,"mg/L",25.1656,-81.1597,0
"3526","49303","SFER","01/28/2022 05:03:00","65","Ammonium",4.524,"mg/L",25.0966,-81.0975,0
"3527","493110","SFER","01/28/2022 05:21:00","66","Ammonium",1.102,"mg/L",25.0667,-81.109,0
"3528","49322","SFER","01/28/2022 05:40:00","67","Ammonium",0.723,"mg/L",25.0309,-81.1268,0
"3529","49333","SFER","01/28/2022 06:29:00","68","Ammonium",0.563,"mg/L",24.9306,-81.167,0
"3530","49342","SFER","01/28/2022 07:07:00","69","Ammonium",5.496,"mg/L",24.9301,-81.093,0
"3531","49352","SFER","01/28/2022 07:36:00","70","Ammonium",3.719,"mg/L",24.9283,-81.0385,0
"3532","49362","SFER","03/13/2022 16:09:00","4","Ammonium",0.84,"mg/L",25.1073,-80.3792,0
"3533","49372","SFER","03/13/2022 16:21:00","5","Ammonium",0.7,"mg/L",25.0934,-80.355,0
"3534","49382","SFER","03/14/2022 00:55:00","70","Ammonium",0.38,"mg/L",24.93,-81.0282,0
"3535","49392","SFER","03/14/2022 01:24:00","69","Ammonium",0.31,"mg/L",24.9302,-81.0962,0
"3536","49403","SFER","03/14/2022 02:08:00","68","Ammonium",0.35,"mg/L",24.9294,-81.1676,0
"3537","494110","SFER","03/14/2022 03:15:00","67","Ammonium",0.5,"mg/L",25.0292,-81.1268,0
"3538","49422","SFER","03/14/2022 03:35:00","66","Ammonium",0.68,"mg/L",25.0675,-81.1085,0
"3539","49433","SFER","03/14/2022 03:58:00","65","Ammonium",1.04,"mg/L",25.0965,-81.0952,0
"3540","49443","SFER","03/14/2022 04:55:00","64","Ammonium",1.68,"mg/L",25.1654,-81.1578,0
"3541","49452","SFER","03/14/2022 05:18:00","63","Ammonium",0.97,"mg/L",25.1666,-81.1999,0
"3542","49462","SFER","03/14/2022 05:32:00","62","Ammonium",0.94,"mg/L",25.167,-81.2352,0
"3543","49472","SFER","03/14/2022 05:47:00","61","Ammonium",1.53,"mg/L",25.1667,-81.2747,0
"3544","49483","SFER","03/14/2022 06:33:00","60","Ammonium",0.4,"mg/L",25.1651,-81.3423,0
"3545","49492","SFER","03/14/2022 07:34:00","59","Ammonium",0.31,"mg/L",25.1665,-81.4893,0
"3546","495111","SFER","03/14/2022 08:40:00","58","Ammonium",0.3,"mg/L",25.166,-81.6556,0
"3547","49533","SFER","03/14/2022 10:37:00","57.3","Ammonium",0.61,"mg/L",25.3492,-81.6532,0
"3548","49553","SFER","03/14/2022 11:56:00","57.2","Ammonium",1.49,"mg/L",25.347,-81.4919,0
"3549","49563","SFER","03/14/2022 13:07:00","57.1","Ammonium",0.91,"mg/L",25.3512,-81.3352,0
"3550","49573","SFER","03/14/2022 13:59:00","57","Ammonium",1.05,"mg/L",25.3498,-81.2636,0
"3551","49583","SFER","03/14/2022 14:25:00","56","Ammonium",1.66,"mg/L",25.3493,-81.2275,0
"3552","49593","SFER","03/14/2022 14:49:00","55","Ammonium",1.09,"mg/L",25.3492,-81.1952,0
"3553","49603","SFER","03/14/2022 15:32:00","54","Ammonium",0.82,"mg/L",25.3406,-81.1571,0
"3554","496111","SFER","03/14/2022 16:56:00","53","Ammonium",1.65,"mg/L",25.4532,-81.2266,0
"3555","49622","SFER","03/14/2022 17:14:00","52","Ammonium",0.65,"mg/L",25.4533,-81.2594,0
"3556","49633","SFER","03/14/2022 17:38:00","51","Ammonium",1.02,"mg/L",25.4529,-81.3087,0
"3557","49642","SFER","03/14/2022 17:58:00","50","Ammonium",2.08,"mg/L",25.4533,-81.3499,0
"3558","49653","SFER","03/14/2022 19:08:00","49","Ammonium",0.77,"mg/L",25.5841,-81.2931,0
"3559","49662","SFER","03/14/2022 19:27:00","48","Ammonium",0.48,"mg/L",25.5833,-81.3293,0
"3560","49673","SFER","03/14/2022 19:45:00","47","Ammonium",0.39,"mg/L",25.5831,-81.3668,0
"3561","49682","SFER","03/14/2022 20:05:00","46","Ammonium",1.09,"mg/L",25.5834,-81.408,0
"3562","49693","SFER","03/14/2022 20:42:00","45","Ammonium",0.7,"mg/L",25.5829,-81.4725,0
"3563","49702","SFER","03/14/2022 22:19:00","39","Ammonium",0.59,"mg/L",25.7803,-81.4842,0
"3564","497110","SFER","03/14/2022 22:38:00","40","Ammonium",0.39,"mg/L",25.758,-81.5224,0
"3565","49723","SFER","03/14/2022 23:05:00","41","Ammonium",1.23,"mg/L",25.7335,-81.5752,0
"3566","49732","SFER","03/15/2022 00:27:00","42","Ammonium",0.41,"mg/L",25.655,-81.7176,0
"3567","49742","SFER","03/15/2022 02:52:00","30.5","Ammonium",0.28,"mg/L",25.5723,-82.0738,0
"3568","49763","SFER","03/15/2022 04:55:00","31","Ammonium",0.28,"mg/L",25.7416,-81.944,0
"3569","49772","SFER","03/15/2022 06:34:00","32","Ammonium",0.31,"mg/L",25.8727,-81.8338,0
"3570","49793","SFER","03/15/2022 07:13:00","33","Ammonium",0.36,"mg/L",25.9126,-81.8008,0
"3571","49802","SFER","03/15/2022 07:42:00","34","Ammonium",1.62,"mg/L",25.9496,-81.7671,0
"3572","49823","SFER","03/15/2022 11:16:00","CAL5","Ammonium",0.69,"mg/L",26.1847,-82.2174,0
"3573","49843","SFER","03/15/2022 12:13:00","CAL4","Ammonium",0.39,"mg/L",26.2536,-82.139,0
"3574","49863","SFER","03/15/2022 13:30:00","CAL3","Ammonium",2.01,"mg/L",26.3419,-82.045,0
"3575","49883","SFER","03/15/2022 14:19:00","CAL2","Ammonium",1.71,"mg/L",26.3831,-82.0018,0
"3576","49893","SFER","03/15/2022 15:00:00","CAL1","Ammonium",0.36,"mg/L",26.4246,-81.9636,0
"3577","499111","SFER","03/15/2022 17:31:00","RP1","Ammonium",0.67,"mg/L",26.547,-82.2157,0
"3578","49933","SFER","03/15/2022 17:54:00","RP2","Ammonium",0.23,"mg/L",26.5533,-82.2554,0
"3579","49953","SFER","03/15/2022 18:32:00","RP3","Ammonium",0.15,"mg/L",26.5518,-82.3316,0
"3580","49973","SFER","03/15/2022 19:44:00","RP4","Ammonium",3.57,"mg/L",26.5787,-82.4977,0
"3581","49993","SFER","03/15/2022 21:11:00","GP5","Ammonium",0.33,"mg/L",26.5952,-82.6829,0
"3582","500111","SFER","03/15/2022 22:13:00","BG4","Ammonium",0.34,"mg/L",26.6305,-82.556,0
"3583","50033","SFER","03/15/2022 23:24:00","BG3","Ammonium",0.5,"mg/L",26.6682,-82.4171,0
"3584","50053","SFER","03/16/2022 00:05:00","BG2","Ammonium",0.85,"mg/L",26.6887,-82.3396,0
"3585","50063","SFER","03/16/2022 01:11:00","BG1","Ammonium",0.93,"mg/L",26.7196,-82.2485,0
"3586","50073","SFER","03/16/2022 05:29:00","V1","Ammonium",0,"mg/L",27.1105,-82.4784,0
"3587","50093","SFER","03/16/2022 06:09:00","V2","Ammonium",0.43,"mg/L",27.0721,-82.5474,0
"3588","501111","SFER","03/16/2022 06:56:00","V3","Ammonium",0.58,"mg/L",27.0337,-82.6151,0
"3589","50133","SFER","03/16/2022 07:39:00","V4","Ammonium",0.56,"mg/L",26.9939,-82.684,0
"3590","50153","SFER","03/16/2022 08:29:00","V5","Ammonium",0.39,"mg/L",26.9559,-82.752,0
"3591","50173","SFER","03/16/2022 09:12:00","V6","Ammonium",0.43,"mg/L",26.9168,-82.8203,0
"3592","50193","SFER","03/16/2022 10:01:00","V7","Ammonium",0.54,"mg/L",26.8796,-82.8864,0
"3593","502111","SFER","03/16/2022 10:48:00","V8","Ammonium",0.29,"mg/L",26.8322,-82.9573,0
"3594","50233","SFER","03/16/2022 12:17:00","V9","Ammonium",0.31,"mg/L",26.7325,-83.0996,0
"3595","50253","SFER","03/16/2022 16:45:00","AMI9","Ammonium",0.23,"mg/L",27.1895,-83.5039,0
"3596","50273","SFER","03/16/2022 17:40:00","AMI8","Ammonium",0.14,"mg/L",27.2281,-83.4099,0
"3597","50293","SFER","03/16/2022 18:39:00","AMI7","Ammonium",0.39,"mg/L",27.2513,-83.3156,0
"3598","503111","SFER","03/16/2022 19:29:00","AMI6","Ammonium",0.25,"mg/L",27.3049,-83.2214,0
"3599","50333","SFER","03/16/2022 20:28:00","AMI5","Ammonium",0.34,"mg/L",27.344,-83.1269,0
"3600","50353","SFER","03/16/2022 21:25:00","AMI4","Ammonium",0.63,"mg/L",27.3828,-83.0316,0
"3601","50373","SFER","03/16/2022 22:23:00","AMI3","Ammonium",0.62,"mg/L",27.4186,-82.942,0
"3602","50393","SFER","03/16/2022 23:18:00","AMI2","Ammonium",0.46,"mg/L",27.4592,-82.844,0
"3603","50403","SFER","03/17/2022 00:15:00","AMI1","Ammonium",1.23,"mg/L",27.4973,-82.7512,0
"3604","504111","SFER","03/17/2022 03:13:00","TB1","Ammonium",0.7,"mg/L",27.8016,-82.8813,0
"3605","50433","SFER","03/17/2022 03:55:00","TB2","Ammonium",0.67,"mg/L",27.7398,-82.9281,0
"3606","50453","SFER","03/17/2022 04:57:00","TB3","Ammonium",1,"mg/L",27.6716,-82.9995,0
"3607","50473","SFER","03/17/2022 06:06:00","TB4","Ammonium",0.58,"mg/L",27.6169,-83.1333,0
"3608","50493","SFER","03/17/2022 07:31:00","TB5","Ammonium",0.5,"mg/L",27.6168,-83.3002,0
"3609","505111","SFER","03/17/2022 09:06:00","TB10","Ammonium",0.82,"mg/L",27.615,-83.4862,0
"3610","50533","SFER","03/17/2022 11:48:00","Glider","Ammonium",0.67,"mg/L",27.6199,-83.8672,0
"3611","50553","SFER","03/18/2022 03:51:00","CAL6","Ammonium",0.45,"mg/L",25.9399,-82.4798,0
"3612","50573","SFER","03/18/2022 08:26:00","30","Ammonium",0.42,"mg/L",25.4033,-82.2128,0
"3613","50593","SFER","03/18/2022 11:54:00","KW4","Ammonium",0.35,"mg/L",25.0178,-82.0442,0
"3614","50602","SFER","03/18/2022 13:40:00","KW3","Ammonium",0.54,"mg/L",24.8175,-81.956,0
"3615","50623","SFER","03/18/2022 14:26:00","KW2","Ammonium",0.76,"mg/L",24.728,-81.916,0
"3616","50643","SFER","03/18/2022 15:08:00","KW1","Ammonium",0.71,"mg/L",24.6543,-81.9034,0
"3617","50652","SFER","03/18/2022 16:17:00","24","Ammonium",0.36,"mg/L",24.5372,-81.8284,0
"3618","50662","SFER","03/18/2022 16:39:00","23","Ammonium",0.67,"mg/L",24.4868,-81.8292,0
"3619","50672","SFER","03/18/2022 16:52:00","22","Ammonium",0.63,"mg/L",24.4549,-81.8279,0
"3620","50682","SFER","03/18/2022 17:18:00","22.5","Ammonium",0.37,"mg/L",24.3963,-81.828,0
"3621","50703","SFER","03/18/2022 18:27:00","WS","Ammonium",0.46,"mg/L",24.4766,-81.7156,0
"3622","507110","SFER","03/18/2022 20:53:00","21.5","Ammonium",0.55,"mg/L",24.4836,-81.3918,0
"3623","50733","SFER","03/18/2022 21:31:00","21LK","Ammonium",0.34,"mg/L",24.533,-81.4152,0
"3624","50742","SFER","03/18/2022 22:09:00","20","Ammonium",0.42,"mg/L",24.5749,-81.4186,0
"3625","50752","SFER","03/18/2022 22:23:00","19","Ammonium",0.9,"mg/L",24.609,-81.4207,0
"3626","50763","SFER","03/19/2022 00:06:00","16","Ammonium",0.75,"mg/L",24.6721,-81.2029,0
"3627","50772","SFER","03/19/2022 00:29:00","17","Ammonium",0.67,"mg/L",24.635,-81.1934,0
"3628","50793","SFER","03/19/2022 00:50:00","18","Ammonium",0.37,"mg/L",24.5981,-81.1837,0
"3629","50802","SFER","03/19/2022 02:18:00","15.5","Ammonium",0.53,"mg/L",24.5917,-80.9926,0
"3630","508110","SFER","03/19/2022 02:43:00","15","Ammonium",0.61,"mg/L",24.646,-81.0143,0
"3631","50822","SFER","03/19/2022 02:57:00","14","Ammonium",0.46,"mg/L",24.6745,-81.0233,0
"3632","50832","SFER","03/19/2022 03:11:00","13","Ammonium",0.46,"mg/L",24.7016,-81.0299,0
"3633","50843","SFER","03/19/2022 04:39:00","10","Ammonium",0.91,"mg/L",24.7891,-80.86,0
"3634","50852","SFER","03/19/2022 05:02:00","11","Ammonium",0.67,"mg/L",24.753,-80.847,0
"3635","50873","SFER","03/19/2022 05:33:00","12","Ammonium",0.4,"mg/L",24.7132,-80.8321,0
"3636","50893","SFER","03/19/2022 06:44:00","9.5","Ammonium",0.12,"mg/L",24.717,-80.6896,0
"3637","509111","SFER","03/19/2022 07:26:00","9","Ammonium",0.32,"mg/L",24.7637,-80.7236,0
"3638","50922","SFER","03/19/2022 07:49:00","8","Ammonium",0.38,"mg/L",24.7924,-80.742,0
"3639","50933","SFER","03/19/2022 08:06:00","7","Ammonium",0.175,"mg/L",24.8176,-80.7557,0
"3640","50942","SFER","03/19/2022 09:45:00","UKIN","Ammonium",0.365,"mg/L",24.9339,-80.5641,0
"3641","50952","SFER","03/19/2022 09:54:00","UKMID","Ammonium",0.375,"mg/L",24.921,-80.5468,0
"3642","50962","SFER","03/19/2022 10:07:00","UKOFF","Ammonium",0.225,"mg/L",24.8994,-80.529,0
"3643","50983","SFER","03/19/2022 11:28:00","MR","Ammonium",1.02,"mg/L",25.0044,-80.3718,0
"3644","510012","SFER","03/19/2022 12:27:00","6.5","Ammonium",0.14,"mg/L",25.0522,-80.2862,0
"3645","510110","SFER","03/19/2022 12:54:00","6","Ammonium",0.55,"mg/L",25.0637,-80.316,0
"3646","51022","SFER","03/19/2022 13:06:00","5.5","Ammonium",0.83,"mg/L",25.0796,-80.3337,0
"3647","51043","SFER","03/19/2022 17:01:00","EKOFF","Ammonium",0.26,"mg/L",25.2942,-80.1618,0
"3648","51063","SFER","03/19/2022 17:33:00","EKMID","Ammonium",0.36,"mg/L",25.315,-80.1947,0
"3649","51073","SFER","03/19/2022 18:06:00","EKIN","Ammonium",0.2,"mg/L",25.3353,-80.2238,0
"3650","51093","SFER","03/19/2022 22:04:00","3","Ammonium",0.99,"mg/L",25.6454,-80.0847,0
"3651","511011","SFER","03/19/2022 22:30:00","2","Ammonium",0.6,"mg/L",25.6418,-80.1056,0
"3652","511110","SFER","03/19/2022 22:46:00","1","Ammonium",1.33,"mg/L",25.6467,-80.1312,0
"3653","51122","SFER","05/21/2022 09:50:00","1","Ammonium",0.24,"mg/L",25.6451,-80.128,0
"3654","51143","SFER","05/21/2022 10:10:00","2","Ammonium",0.28,"mg/L",25.6432,-80.1064,0
"3655","51152","SFER","05/21/2022 10:15:00","3","Ammonium",0.56,"mg/L",25.6436,-80.0847,0
"3656","51162","SFER","05/21/2022 13:44:00","EKIN","Ammonium",0.31,"mg/L",25.3353,-80.2241,0
"3657","51172","SFER","05/21/2022 14:03:00","EKMID","Ammonium",0.03,"mg/L",25.3149,-80.1951,0
"3658","51182","SFER","05/21/2022 14:24:00","EKOFF","Ammonium",0.18,"mg/L",25.2951,-80.1636,0
"3659","51192","SFER","05/21/2022 17:00:00","4","Ammonium",0.52,"mg/L",25.1086,-80.3795,0
"3660","51202","SFER","05/21/2022 17:13:00","5","Ammonium",0.2,"mg/L",25.094,-80.3556,0
"3661","51223","SFER","05/21/2022 18:43:00","MR","Ammonium",0.14,"mg/L",25.0037,-80.3713,0
"3662","51232","SFER","05/21/2022 20:14:00","UKOFF","Ammonium",0.34,"mg/L",24.8975,-80.5294,0
"3663","51242","SFER","05/21/2022 20:27:00","UKMID","Ammonium",0.14,"mg/L",24.9201,-80.5468,0
"3664","51252","SFER","05/21/2022 20:37:00","UKIN","Ammonium",0.16,"mg/L",24.9343,-80.5646,0
"3665","51263","SFER","05/21/2022 22:23:00","7","Ammonium",0.48,"mg/L",24.817,-80.7648,0
"3666","51272","SFER","05/21/2022 22:47:00","8","Ammonium",0.18,"mg/L",24.7927,-80.7405,0
"3667","51293","SFER","05/21/2022 23:08:00","9","Ammonium",0.3,"mg/L",24.764,-80.7236,0
"3668","513111","SFER","05/21/2022 23:54:00","9.5","Ammonium",0.32,"mg/L",24.716,-80.6909,0
"3669","51333","SFER","05/22/2022 01:34:00","12","Ammonium",0.09,"mg/L",24.7135,-80.8346,0
"3670","51342","SFER","05/22/2022 02:04:00","11","Ammonium",0.08,"mg/L",24.7526,-80.8464,0
"3671","51353","SFER","05/22/2022 02:28:00","10","Ammonium",0.61,"mg/L",24.7881,-80.8624,0
"3672","51362","SFER","05/22/2022 03:56:00","13","Ammonium",0.32,"mg/L",24.702,-81.029,0
"3673","51372","SFER","05/22/2022 04:14:00","14","Ammonium",0.35,"mg/L",24.6745,-81.0236,0
"3674","51382","SFER","05/22/2022 04:33:00","15","Ammonium",0.17,"mg/L",24.6437,-81.0168,0
"3675","51392","SFER","05/22/2022 05:09:00","15.5","Ammonium",0.81,"mg/L",24.5982,-80.9982,0
"3676","514111","SFER","05/22/2022 07:01:00","18","Ammonium",0.51,"mg/L",24.5997,-81.1872,0
"3677","51422","SFER","05/22/2022 07:27:00","17","Ammonium",0.33,"mg/L",24.6345,-81.1934,0
"3678","51443","SFER","05/22/2022 07:57:00","16","Ammonium",0.18,"mg/L",24.6716,-81.2037,0
"3679","51452","SFER","05/22/2022 10:01:00","19","Ammonium",0.18,"mg/L",24.5935,-81.4203,0
"3680","51462","SFER","05/22/2022 10:12:00","20","Ammonium",0.36,"mg/L",24.5763,-81.4186,0
"3681","51483","SFER","05/22/2022 10:52:00","21LK","Ammonium",0.2,"mg/L",24.5327,-81.4128,0
"3682","51492","SFER","05/22/2022 11:48:00","21.5","Ammonium",0.27,"mg/L",24.4855,-81.391,0
"3683","515111","SFER","05/22/2022 15:16:00","WS","Ammonium",0.51,"mg/L",24.4745,-81.7135,0
"3684","51522","SFER","05/22/2022 16:41:00","22.5","Ammonium",0.24,"mg/L",24.3964,-81.8272,0
"3685","51532","SFER","05/22/2022 17:13:00","22","Ammonium",0.4,"mg/L",24.4548,-81.8286,0
"3686","51542","SFER","05/22/2022 17:30:00","23","Ammonium",0.57,"mg/L",24.4858,-81.828,0
"3687","51552","SFER","05/22/2022 17:56:00","24","Ammonium",0.14,"mg/L",24.5357,-81.8282,0
"3688","51573","SFER","05/22/2022 19:09:00","KW1","Ammonium",0.26,"mg/L",24.655,-81.9052,0
"3689","51593","SFER","05/22/2022 19:57:00","KW2","Ammonium",0.15,"mg/L",24.7277,-81.9186,0
"3690","51602","SFER","05/22/2022 20:51:00","KW3","Ammonium",0.24,"mg/L",24.8217,-81.9518,0
"3691","51623","SFER","05/22/2022 22:39:00","KW4","Ammonium",0.06,"mg/L",25.013,-82.0419,0
"3692","51643","SFER","05/23/2022 02:23:00","30","Ammonium",0.08,"mg/L",25.3996,-82.2098,0
"3693","51652","SFER","05/23/2022 04:34:00","30.5","Ammonium",0.15,"mg/L",25.5712,-82.0751,0
"3694","51673","SFER","05/23/2022 06:31:00","31","Ammonium",0.76,"mg/L",25.742,-81.9458,0
"3695","51682","SFER","05/23/2022 08:13:00","32","Ammonium",0.82,"mg/L",25.8728,-81.8324,0
"3696","51703","SFER","05/23/2022 08:47:00","33","Ammonium",0.44,"mg/L",25.9083,-81.8029,0
"3697","517110","SFER","05/23/2022 09:19:00","34","Ammonium",0.54,"mg/L",25.9507,-81.7682,0
"3698","51733","SFER","05/23/2022 13:08:00","CAL5","Ammonium",0.27,"mg/L",26.1824,-82.2136,0
"3699","51753","SFER","05/23/2022 14:16:00","CAL4","Ammonium",0.29,"mg/L",26.2536,-82.1418,0
"3700","51773","SFER","05/23/2022 15:48:00","CAL3","Ammonium",0.31,"mg/L",26.3426,-82.0443,0
"3701","51793","SFER","05/23/2022 16:28:00","CAL2","Ammonium",0.1,"mg/L",26.3857,-82.0015,0
"3702","51803","SFER","05/23/2022 17:10:00","CAL1","Ammonium",0.19,"mg/L",26.4237,-81.9617,0
"3703","518111","SFER","05/23/2022 20:04:00","RP1","Ammonium",0.34,"mg/L",26.5477,-82.2149,0
"3704","51833","SFER","05/23/2022 20:30:00","RP2","Ammonium",0.66,"mg/L",26.5542,-82.2562,0
"3705","51853","SFER","05/23/2022 21:13:00","RP3","Ammonium",0.22,"mg/L",26.5523,-82.3325,0
"3706","51873","SFER","05/23/2022 22:34:00","RP4","Ammonium",0.43,"mg/L",26.5786,-82.4978,0
"3707","51893","SFER","05/24/2022 00:20:00","GP5","Ammonium",0.87,"mg/L",26.5968,-82.6936,0
"3708","519111","SFER","05/24/2022 01:34:00","BG4","Ammonium",0.54,"mg/L",26.6273,-82.5568,0
"3709","51933","SFER","05/24/2022 03:00:00","BG3","Ammonium",0.65,"mg/L",26.6688,-82.418,0
"3710","51953","SFER","05/24/2022 03:48:00","BG2","Ammonium",1.18,"mg/L",26.6891,-82.3412,0
"3711","51973","SFER","05/24/2022 04:46:00","BG1","Ammonium",1.18,"mg/L",26.7101,-82.2668,0
"3712","51993","SFER","05/24/2022 08:50:00","V1","Ammonium",0.58,"mg/L",27.1067,-82.4778,0
"3713","520111","SFER","05/24/2022 09:33:00","V2","Ammonium",0.52,"mg/L",27.0733,-82.547,0
"3714","52033","SFER","05/24/2022 10:20:00","V3","Ammonium",0.54,"mg/L",27.0373,-82.6128,0
"3715","52053","SFER","05/24/2022 11:06:00","V4","Ammonium",0.58,"mg/L",26.9942,-82.684,0
"3716","52073","SFER","05/24/2022 11:56:00","V5","Ammonium",0.67,"mg/L",26.9594,-82.748,0
"3717","52093","SFER","05/24/2022 12:49:00","V6","Ammonium",0.115,"mg/L",26.9193,-82.8217,0
"3718","521111","SFER","05/24/2022 13:42:00","V7","Ammonium",0.47,"mg/L",26.879,-82.8874,0
"3719","52133","SFER","05/24/2022 14:33:00","V8","Ammonium",0.51,"mg/L",26.8357,-82.954,0
"3720","52153","SFER","05/24/2022 16:13:00","V9","Ammonium",0.44,"mg/L",26.7307,-83.0998,0
"3721","52173","SFER","05/24/2022 20:36:00","AMI9","Ammonium",0.42,"mg/L",27.1893,-83.5003,0
"3722","52193","SFER","05/24/2022 21:32:00","AMI8","Ammonium",0.31,"mg/L",27.2292,-83.4122,0
"3723","522111","SFER","05/24/2022 22:36:00","AMI7","Ammonium",0.5,"mg/L",27.2648,-83.3139,0
"3724","52233","SFER","05/24/2022 23:27:00","AMI6","Ammonium",0.19,"mg/L",27.3053,-83.221,0
"3725","52253","SFER","05/25/2022 00:23:00","AMI5","Ammonium",1.59,"mg/L",27.3429,-83.1308,0
"3726","52273","SFER","05/25/2022 01:17:00","AMI4","Ammonium",0.47,"mg/L",27.3813,-83.0355,0
"3727","52293","SFER","05/25/2022 02:19:00","AMI3","Ammonium",0.17,"mg/L",27.4212,-82.9414,0
"3728","523111","SFER","05/25/2022 03:20:00","AMI2","Ammonium",0.48,"mg/L",27.4589,-82.8464,0
"3729","52323","SFER","05/25/2022 04:27:00","AMI1","Ammonium",0.27,"mg/L",27.4995,-82.7546,0
"3730","52333","SFER","05/25/2022 07:29:00","TB1","Ammonium",0.55,"mg/L",27.8035,-82.8829,0
"3731","52353","SFER","05/25/2022 08:25:00","TB2","Ammonium",0.7,"mg/L",27.7419,-82.9328,0
"3732","52373","SFER","05/25/2022 09:40:00","TB3","Ammonium",0.36,"mg/L",27.6733,-83.0022,0
"3733","52393","SFER","05/25/2022 10:54:00","TB4","Ammonium",0.24,"mg/L",27.6178,-83.1338,0
"3734","524111","SFER","05/25/2022 12:19:00","TB5","Ammonium",0.77,"mg/L",27.6179,-83.3,0
"3735","52433","SFER","05/25/2022 13:53:00","TB10","Ammonium",152.5,"mg/L",27.6148,-83.4894,0
"3736","52442","SFER","05/26/2022 13:45:00","42","Ammonium",0.44,"mg/L",25.6562,-81.7168,0
"3737","52453","SFER","05/26/2022 15:03:00","41","Ammonium",0.7,"mg/L",25.7334,-81.5734,0
"3738","52462","SFER","05/26/2022 15:30:00","40","Ammonium",0,"mg/L",25.757,-81.5241,0
"3739","52472","SFER","05/26/2022 15:50:00","39","Ammonium",0.25,"mg/L",25.7801,-81.4827,0
"3740","52493","SFER","05/26/2022 17:30:00","45","Ammonium",0.59,"mg/L",25.5879,-81.4726,0
"3741","52502","SFER","05/26/2022 18:07:00","46","Ammonium",0.43,"mg/L",25.584,-81.4051,0
"3742","525111","SFER","05/26/2022 18:27:00","47","Ammonium",0.28,"mg/L",25.5829,-81.369,0
"3743","52522","SFER","05/26/2022 18:50:00","48","Ammonium",0.34,"mg/L",25.5829,-81.3292,0
"3744","52533","SFER","05/26/2022 19:12:00","49","Ammonium",0.325,"mg/L",25.5838,-81.2936,0
"3745","52542","SFER","05/26/2022 20:20:00","50","Ammonium",0.49,"mg/L",25.4556,-81.3489,0
"3746","52553","SFER","05/26/2022 20:41:00","51","Ammonium",1.12,"mg/L",25.4548,-81.3082,0
"3747","52562","SFER","05/26/2022 21:08:00","52","Ammonium",0.61,"mg/L",25.4528,-81.2607,0
"3748","52573","SFER","05/26/2022 21:23:00","53","Ammonium",0.23,"mg/L",25.4532,-81.2354,0
"3749","52583","SFER","05/26/2022 22:36:00","57.1","Ammonium",0.07,"mg/L",25.3537,-81.3396,0
"3750","52593","SFER","05/26/2022 23:25:00","57","Ammonium",0.21,"mg/L",25.3532,-81.2679,0
"3751","52603","SFER","05/26/2022 23:54:00","56","Ammonium",0.76,"mg/L",25.3505,-81.2284,0
"3752","526111","SFER","05/27/2022 00:15:00","55","Ammonium",0.17,"mg/L",25.35,-81.1996,0
"3753","52623","SFER","05/27/2022 00:54:00","54","Ammonium",0.05,"mg/L",25.3383,-81.1587,0
"3754","52643","SFER","05/27/2022 03:39:00","57.2","Ammonium",0.55,"mg/L",25.3515,-81.4891,0
"3755","52663","SFER","05/27/2022 04:58:00","57.3","Ammonium",0.79,"mg/L",25.3522,-81.6341,0
"3756","52683","SFER","05/27/2022 06:45:00","58","Ammonium",0.25,"mg/L",25.1692,-81.6556,0
"3757","52692","SFER","05/27/2022 08:09:00","59","Ammonium",0.35,"mg/L",25.1664,-81.4892,0
"3758","527111","SFER","05/27/2022 09:23:00","60","Ammonium",0.27,"mg/L",25.1666,-81.3405,0
"3759","52722","SFER","05/27/2022 09:56:00","61","Ammonium",0.54,"mg/L",25.1661,-81.2745,0
"3760","52732","SFER","05/27/2022 10:15:00","62","Ammonium",0.21,"mg/L",25.1667,-81.2327,0
"3761","52742","SFER","05/27/2022 10:29:00","63","Ammonium",0.09,"mg/L",25.1668,-81.2001,0
"3762","52753","SFER","05/27/2022 10:51:00","64","Ammonium",0.09,"mg/L",25.1666,-81.1606,0
"3763","52763","SFER","05/27/2022 11:48:00","65","Ammonium",0.14,"mg/L",25.0955,-81.0984,0
"3764","52772","SFER","05/27/2022 12:06:00","66","Ammonium",0.04,"mg/L",25.069,-81.1099,0
"3765","52782","SFER","05/27/2022 12:25:00","67","Ammonium",0.24,"mg/L",25.0297,-81.1253,0
"3766","52793","SFER","05/27/2022 13:20:00","68","Ammonium",0.125,"mg/L",24.9319,-81.1655,0
"3767","52802","SFER","05/27/2022 21:39:00","6.5","Ammonium",0.59,"mg/L",25.0483,-80.2871,0
"3768","52823","SFER","08/03/2022 16:31:00","TB1","Ammonium",0.03,"mg/L",27.7754,-82.9022,0
"3769","52843","SFER","08/03/2022 16:59:00","TB2","Ammonium",0.01,"mg/L",27.7402,-82.928,0
"3770","52863","SFER","08/03/2022 18:00:00","TB3","Ammonium",1,"mg/L",27.6752,-82.9948,0
"3771","52883","SFER","08/03/2022 19:06:00","TB4","Ammonium",0.16,"mg/L",27.6174,-83.1272,0
"3772","52903","SFER","08/03/2022 20:30:00","TB5","Ammonium",0.99,"mg/L",27.6188,-83.3001,0
"3773","52923","SFER","08/03/2022 22:04:00","TB10","Ammonium",0.12,"mg/L",27.618,-83.4882,0
"3774","52943","SFER","08/04/2022 01:16:00","AMI9","Ammonium",0.6,"mg/L",27.191,-83.5067,0
"3775","52963","SFER","08/04/2022 02:12:00","AMI8","Ammonium",0.11,"mg/L",27.2263,-83.4116,0
"3776","52983","SFER","08/04/2022 03:12:00","AMI7","Ammonium",0.03,"mg/L",27.2644,-83.3173,0
"3777","53003","SFER","08/04/2022 04:08:00","AMI6","Ammonium",0.49,"mg/L",27.3033,-83.222,0
"3778","53023","SFER","08/04/2022 05:10:00","AMI5","Ammonium",0.9,"mg/L",27.344,-83.1256,0
"3779","53043","SFER","08/04/2022 05:58:00","AMI4","Ammonium",0.38,"mg/L",27.3806,-83.0342,0
"3780","53063","SFER","08/04/2022 06:56:00","AMI3","Ammonium",0.25,"mg/L",27.4206,-82.9367,0
"3781","53083","SFER","08/04/2022 07:45:00","AMI2","Ammonium",0.39,"mg/L",27.4589,-82.8443,0
"3782","531011","SFER","08/04/2022 08:34:00","AMI1","Ammonium",1.21,"mg/L",27.4948,-82.7555,0
"3783","53123","SFER","08/04/2022 12:14:00","V1","Ammonium",1.28,"mg/L",27.1098,-82.4816,0
"3784","53143","SFER","08/04/2022 12:55:00","V2","Ammonium",1.06,"mg/L",27.0737,-82.5435,0
"3785","53163","SFER","08/04/2022 13:42:00","V3","Ammonium",0.5,"mg/L",27.0363,-82.6134,0
"3786","53183","SFER","08/04/2022 14:21:00","V4","Ammonium",0.78,"mg/L",26.9957,-82.6819,0
"3787","53203","SFER","08/04/2022 15:15:00","V5","Ammonium",1.49,"mg/L",26.9562,-82.7537,0
"3788","53223","SFER","08/04/2022 15:55:00","V6","Ammonium",0.89,"mg/L",26.9197,-82.8157,0
"3789","53243","SFER","08/04/2022 16:46:00","V7","Ammonium",0.9,"mg/L",26.8793,-82.8855,0
"3790","53263","SFER","08/04/2022 17:35:00","V8","Ammonium",0.29,"mg/L",26.8287,-82.9632,0
"3791","53293","SFER","08/04/2022 19:00:00","V9","Ammonium",0.07,"mg/L",26.7353,-83.0961,0
"3792","533111","SFER","08/05/2022 22:53:00","GP5","Ammonium",0,"mg/L",26.5994,-82.6945,0
"3793","53333","SFER","08/05/2022 23:58:00","BG4","Ammonium",0.6,"mg/L",26.6289,-82.5591,0
"3794","53353","SFER","08/06/2022 00:53:00","RP4","Ammonium",0.56,"mg/L",26.5786,-82.5004,0
"3795","53373","SFER","08/06/2022 01:55:00","BG3","Ammonium",0.09,"mg/L",26.6676,-82.4222,0
"3796","53393","SFER","08/06/2022 02:39:00","BG2","Ammonium",0.7,"mg/L",26.6888,-82.3414,0
"3797","534111","SFER","08/06/2022 04:04:00","BG1","Ammonium",1.37,"mg/L",26.713,-82.2596,0
"3798","53433","SFER","08/06/2022 05:46:00","RP3","Ammonium",0.43,"mg/L",26.552,-82.3322,0
"3799","53453","SFER","08/06/2022 06:24:00","RP2","Ammonium",1.14,"mg/L",26.5534,-82.2562,0
"3800","53463","SFER","08/06/2022 06:54:00","RP1","Ammonium",1.54,"mg/L",26.5462,-82.2163,0
"3801","53473","SFER","08/06/2022 10:20:00","CAL1","Ammonium",0.84,"mg/L",26.4234,-81.9565,0
"3802","53493","SFER","08/06/2022 10:57:00","CAL2","Ammonium",1.95,"mg/L",26.3845,-81.9978,0
"3803","535111","SFER","08/06/2022 11:38:00","CAL3","Ammonium",1.02,"mg/L",26.3438,-82.0417,0
"3804","53533","SFER","08/06/2022 12:35:00","CAL4","Ammonium",0.29,"mg/L",26.2528,-82.1354,0
"3805","53553","SFER","08/06/2022 13:29:00","CAL5","Ammonium",0.26,"mg/L",26.1872,-82.2122,0
"3806","53583","SFER","08/06/2022 16:02:00","CAL6","Ammonium",0,"mg/L",25.9437,-82.4808,0
"3807","53603","SFER","08/06/2022 20:36:00","30","Ammonium",0.14,"mg/L",25.4021,-82.2119,0
"3808","536110","SFER","08/06/2022 22:01:00","30.5","Ammonium",0.46,"mg/L",25.5712,-82.076,0
"3809","53633","SFER","08/06/2022 23:29:00","31","Ammonium",0.13,"mg/L",25.7389,-81.9449,0
"3810","53642","SFER","08/07/2022 00:39:00","32","Ammonium",0.27,"mg/L",25.8721,-81.8331,0
"3811","53663","SFER","08/07/2022 01:13:00","33","Ammonium",0.34,"mg/L",25.9096,-81.8029,0
"3812","53672","SFER","08/07/2022 01:39:00","34","Ammonium",1.23,"mg/L",25.9496,-81.7672,0
"3813","53682","SFER","08/07/2022 03:51:00","42","Ammonium",0.19,"mg/L",25.6556,-81.719,0
"3814","53693","SFER","08/07/2022 05:24:00","41","Ammonium",0.44,"mg/L",25.7328,-81.5765,0
"3815","537111","SFER","08/07/2022 08:43:00","45","Ammonium",1.51,"mg/L",25.5826,-81.4724,0
"3816","53722","SFER","08/07/2022 09:14:00","46","Ammonium",0.25,"mg/L",25.5816,-81.4111,0
"3817","53733","SFER","08/07/2022 09:44:00","47","Ammonium",1.32,"mg/L",25.5835,-81.3693,0
"3818","53742","SFER","08/07/2022 11:17:00","50","Ammonium",0.67,"mg/L",25.4538,-81.3507,0
"3819","53763","SFER","08/07/2022 11:40:00","51","Ammonium",0.4,"mg/L",25.4534,-81.31,0
"3820","53772","SFER","08/07/2022 12:23:00","52","Ammonium",0.27,"mg/L",25.4534,-81.2601,0
"3821","53783","SFER","08/07/2022 13:55:00","56","Ammonium",0.68,"mg/L",25.35,-81.2283,0
"3822","53793","SFER","08/07/2022 14:36:00","57","Ammonium",0.42,"mg/L",25.3519,-81.2642,0
"3823","53803","SFER","08/07/2022 15:11:00","57.1","Ammonium",0.35,"mg/L",25.3514,-81.337,0
"3824","53823","SFER","08/07/2022 16:08:00","57.2","Ammonium",0.05,"mg/L",25.3508,-81.4889,0
"3825","53843","SFER","08/07/2022 17:21:00","57.3","Ammonium",1.39,"mg/L",25.3523,-81.6569,0
"3826","53863","SFER","08/07/2022 18:47:00","58","Ammonium",0.46,"mg/L",25.167,-81.6558,0
"3827","53872","SFER","08/07/2022 19:55:00","59","Ammonium",0.53,"mg/L",25.1667,-81.4896,0
"3828","53883","SFER","08/07/2022 21:08:00","60","Ammonium",0.99,"mg/L",25.1679,-81.3332,0
"3829","53892","SFER","08/07/2022 21:41:00","61","Ammonium",0.13,"mg/L",25.1669,-81.2748,0
"3830","53902","SFER","08/07/2022 22:05:00","62","Ammonium",0.61,"mg/L",25.1667,-81.241,0
"3831","539111","SFER","08/08/2022 01:30:00","68","Ammonium",0,"mg/L",24.9312,-81.1702,0
"3832","53933","SFER","08/08/2022 07:19:00","KW2","Ammonium",0.27,"mg/L",24.7276,-81.9178,0
"3833","53942","SFER","08/08/2022 08:12:00","KW3","Ammonium",0.03,"mg/L",24.8209,-81.9565,0
"3834","53963","SFER","08/08/2022 09:37:00","KW1","Ammonium",0.03,"mg/L",24.654,-81.9044,0
"3835","53972","SFER","08/08/2022 11:03:00","24","Ammonium",0.52,"mg/L",24.5366,-81.8284,0
"3836","53982","SFER","08/08/2022 11:25:00","23","Ammonium",0.39,"mg/L",24.4865,-81.8283,0
"3837","53992","SFER","08/08/2022 11:37:00","22","Ammonium",0.35,"mg/L",24.4563,-81.8279,0
"3838","54002","SFER","08/08/2022 12:00:00","22.5","Ammonium",0.3,"mg/L",24.3963,-81.7781,0
"3839","54023","SFER","08/08/2022 13:11:00","WS","Ammonium",0,"mg/L",24.4768,-81.7133,0
"3840","54032","SFER","08/08/2022 15:10:00","21.5","Ammonium",0.08,"mg/L",24.4923,-81.3942,0
"3841","54053","SFER","08/08/2022 15:50:00","21LK","Ammonium",0.32,"mg/L",24.5379,-81.4143,0
"3842","54062","SFER","08/08/2022 16:14:00","20","Ammonium",0.32,"mg/L",24.5755,-81.4182,0
"3843","54072","SFER","08/08/2022 16:28:00","19","Ammonium",0.73,"mg/L",24.604,-81.418,0
"3844","54082","SFER","08/08/2022 18:45:00","17","Ammonium",0.38,"mg/L",24.6336,-81.1959,0
"3845","541011","SFER","08/08/2022 19:06:00","16","Ammonium",0.64,"mg/L",24.6632,-81.2025,0
"3846","54123","SFER","08/08/2022 19:48:00","18","Ammonium",0.33,"mg/L",24.5982,-81.182,0
"3847","54132","SFER","08/08/2022 21:01:00","15.5","Ammonium",0.33,"mg/L",24.5917,-80.9937,0
"3848","54142","SFER","08/08/2022 21:26:00","15","Ammonium",0.58,"mg/L",24.6414,-81.0194,0
"3849","54152","SFER","08/08/2022 21:56:00","14","Ammonium",0.47,"mg/L",24.6771,-81.0206,0
"3850","54162","SFER","08/08/2022 22:07:00","13","Ammonium",0.58,"mg/L",24.6979,-81.0289,0
"3851","54183","SFER","08/09/2022 00:32:00","12","Ammonium",0.49,"mg/L",24.7133,-80.8295,0
"3852","54192","SFER","08/09/2022 01:07:00","11","Ammonium",0.74,"mg/L",24.7511,-80.8409,0
"3853","542111","SFER","08/09/2022 02:45:00","9.5","Ammonium",0.43,"mg/L",24.7177,-80.6893,0
"3854","54233","SFER","08/09/2022 03:25:00","9","Ammonium",0.39,"mg/L",24.763,-80.7246,0
"3855","54242","SFER","08/09/2022 03:57:00","8","Ammonium",0.4,"mg/L",24.7988,-80.7369,0
"3856","54252","SFER","08/09/2022 06:02:00","UKOFF","Ammonium",0.55,"mg/L",24.8984,-80.5294,0
"3857","54273","SFER","08/09/2022 07:36:00","MR","Ammonium",0.36,"mg/L",25.0053,-80.3819,0
"3858","54282","SFER","08/09/2022 08:24:00","6.5","Ammonium",0.525,"mg/L",25.0488,-80.288,0
"3859","54292","SFER","08/09/2022 08:35:00","6","Ammonium",0.425,"mg/L",25.0645,-80.314,0
"3860","54302","SFER","08/09/2022 10:14:00","EKOFF","Ammonium",0.445,"mg/L",25.2942,-80.162,0
"3861","543110","SFER","08/09/2022 10:28:00","EKMID","Ammonium",0.175,"mg/L",25.3141,-80.1887,0
"3862","54322","SFER","08/09/2022 12:39:00","3","Ammonium",0.225,"mg/L",25.6415,-80.0773,0
"3863","54343","SFER","08/09/2022 12:53:00","2","Ammonium",0.02,"mg/L",25.6416,-80.1044,0
"3864","54352","SFER","08/09/2022 13:21:00","1","Ammonium",0.66,"mg/L",25.6447,-80.1234,0
"3865","54373","SFER","08/10/2022 09:40:00","KW4","Ammonium",0.4,"mg/L",25.0115,-82.0392,0
"3866","54382","SFER","10/08/2022 11:05:00","1","Ammonium",0.53,"mg/L",25.6447,-80.1266,0
"3867","54403","SFER","10/08/2022 11:20:00","2","Ammonium",0.45,"mg/L",25.6385,-80.1077,0
"3868","544110","SFER","10/08/2022 11:46:00","3","Ammonium",0.26,"mg/L",25.6449,-80.0845,0
"3869","54422","SFER","10/08/2022 14:03:00","EKIN","Ammonium",0.27,"mg/L",25.3351,-80.2242,0
"3870","54432","SFER","10/08/2022 14:17:00","EKMID","Ammonium",0.36,"mg/L",25.3158,-80.1953,0
"3871","54442","SFER","10/08/2022 14:32:00","EKOFF","Ammonium",0.31,"mg/L",25.2942,-80.164,0
"3872","54452","SFER","10/08/2022 16:16:00","6.5","Ammonium",0.26,"mg/L",25.0489,-80.286,0
"3873","54462","SFER","10/08/2022 16:30:00","6","Ammonium",0.17,"mg/L",25.0802,-80.314,0
"3874","54472","SFER","10/08/2022 16:39:00","5.5","Ammonium",0.29,"mg/L",25.0802,-80.3327,0
"3875","54493","SFER","10/08/2022 17:30:00","MR","Ammonium",0.03,"mg/L",25.0068,-80.3705,0
"3876","54502","SFER","10/08/2022 19:09:00","UKOFF","Ammonium",0.05,"mg/L",24.8978,-80.5286,0
"3877","545110","SFER","10/08/2022 19:20:00","UKMID","Ammonium",0.09,"mg/L",24.9198,-80.546,0
"3878","54522","SFER","10/08/2022 19:30:00","UKIN","Ammonium",0.12,"mg/L",24.9339,-80.5634,0
"3879","54533","SFER","10/08/2022 21:01:00","7","Ammonium",0.16,"mg/L",24.8169,-80.7539,0
"3880","54542","SFER","10/08/2022 21:18:00","8","Ammonium",0,"mg/L",24.7931,-80.741,0
"3881","54563","SFER","10/08/2022 21:38:00","9","Ammonium",0,"mg/L",24.7619,-80.7246,0
"3882","54593","SFER","10/08/2022 22:16:00","9.5","Ammonium",0,"mg/L",24.7173,-80.6927,0
"3883","546111","SFER","10/08/2022 23:39:00","12","Ammonium",0,"mg/L",24.7134,-80.8304,0
"3884","54622","SFER","10/09/2022 00:05:00","11","Ammonium",0.08,"mg/L",24.7536,-80.847,0
"3885","54633","SFER","10/09/2022 00:28:00","10","Ammonium",0,"mg/L",24.791,-80.8629,0
"3886","54642","SFER","10/09/2022 01:56:00","13","Ammonium",0,"mg/L",24.7021,-81.0298,0
"3887","54652","SFER","10/09/2022 02:10:00","14","Ammonium",0.1,"mg/L",24.6755,-81.0236,0
"3888","54662","SFER","10/09/2022 02:24:00","15","Ammonium",0.21,"mg/L",24.6442,-81.0158,0
"3889","54672","SFER","10/09/2022 02:49:00","15.5","Ammonium",0.21,"mg/L",24.5918,-80.9912,0
"3890","54693","SFER","10/09/2022 04:07:00","18","Ammonium",0.09,"mg/L",24.599,-81.1835,0
"3891","54702","SFER","10/09/2022 04:42:00","17","Ammonium",0.94,"mg/L",24.6342,-81.193,0
"3892","547111","SFER","10/09/2022 05:05:00","16","Ammonium",0.36,"mg/L",24.6697,-81.2049,0
"3893","54722","SFER","10/09/2022 06:41:00","19","Ammonium",0.68,"mg/L",24.6101,-81.4208,0
"3894","54732","SFER","10/09/2022 06:56:00","20","Ammonium",0.39,"mg/L",24.5755,-81.4186,0
"3895","54753","SFER","10/09/2022 07:23:00","21LK","Ammonium",0.1,"mg/L",24.5352,-81.4176,0
"3896","54762","SFER","10/09/2022 08:09:00","21.25","Ammonium",0.72,"mg/L",24.4753,-81.3997,0
"3897","54772","SFER","10/09/2022 08:20:00","21.5","Ammonium",0.55,"mg/L",24.4969,-81.3917,0
"3898","54793","SFER","10/09/2022 10:47:00","WS","Ammonium",0.54,"mg/L",24.4755,-81.719,0
"3899","54802","SFER","10/09/2022 12:01:00","22.5","Ammonium",0.32,"mg/L",24.3975,-81.8266,0
"3900","548110","SFER","10/09/2022 12:29:00","22","Ammonium",0,"mg/L",24.4553,-81.8275,0
"3901","54822","SFER","10/09/2022 12:42:00","23","Ammonium",0.47,"mg/L",24.4844,-81.8276,0
"3902","54832","SFER","10/09/2022 13:05:00","24","Ammonium",0.58,"mg/L",24.5365,-81.8287,0
"3903","54853","SFER","10/09/2022 14:08:00","KW1","Ammonium",0.61,"mg/L",24.6538,-81.9038,0
"3904","54873","SFER","10/09/2022 14:59:00","KW2","Ammonium",0.77,"mg/L",24.7294,-81.9111,0
"3905","54882","SFER","10/09/2022 16:04:00","KW3","Ammonium",0.3,"mg/L",24.8243,-81.9525,0
"3906","54903","SFER","10/09/2022 18:09:00","KW4","Ammonium",1.16,"mg/L",25.0134,-82.0487,0
"3907","54923","SFER","10/09/2022 22:06:00","30","Ammonium",0.17,"mg/L",25.4082,-82.2101,0
"3908","54932","SFER","10/09/2022 23:52:00","30.5","Ammonium",0.82,"mg/L",25.5711,-82.0734,0
"3909","54953","SFER","10/10/2022 01:31:00","31","Ammonium",0.45,"mg/L",25.7403,-81.9446,0
"3910","54962","SFER","10/10/2022 03:04:00","32","Ammonium",1.64,"mg/L",25.8731,-81.8337,0
"3911","54983","SFER","10/10/2022 03:47:00","33","Ammonium",1.25,"mg/L",25.9135,-81.7998,0
"3912","54992","SFER","10/10/2022 04:17:00","34","Ammonium",2.15,"mg/L",25.9439,-81.7717,0
"3913","550111","SFER","10/10/2022 08:26:00","CAL5","Ammonium",1.15,"mg/L",26.1865,-82.2194,0
"3914","55033","SFER","10/10/2022 09:25:00","CAL4","Ammonium",1.12,"mg/L",26.2524,-82.1377,0
"3915","55053","SFER","10/10/2022 10:36:00","CAL3","Ammonium",1.32,"mg/L",26.3387,-82.0487,0
"3916","55073","SFER","10/10/2022 11:18:00","CAL2","Ammonium",1.74,"mg/L",26.3842,-81.9999,0
"3917","55093","SFER","10/10/2022 11:58:00","CAL1","Ammonium",1.98,"mg/L",26.4205,-81.9558,0
"3918","551111","SFER","10/10/2022 14:45:00","RP1","Ammonium",4.02,"mg/L",26.5407,-82.2172,0
"3919","55133","SFER","10/10/2022 15:11:00","RP2","Ammonium",2.78,"mg/L",26.552,-82.2568,0
"3920","55163","SFER","10/10/2022 15:54:00","RP3","Ammonium",1.78,"mg/L",26.5487,-82.3314,0
"3921","55183","SFER","10/10/2022 17:13:00","RP4","Ammonium",1.48,"mg/L",26.5773,-82.4985,0
"3922","552111","SFER","10/10/2022 18:44:00","GP5","Ammonium",0.42,"mg/L",26.5952,-82.6934,0
"3923","55233","SFER","10/10/2022 19:28:00","Glider","Ammonium",0.31,"mg/L",26.5331,-82.7371,0
"3924","55253","SFER","10/10/2022 22:05:00","BG4","Ammonium",0.38,"mg/L",26.6303,-82.5574,0
"3925","55273","SFER","10/10/2022 22:50:00","BG3","Ammonium",2.77,"mg/L",26.6676,-82.42,0
"3926","55293","SFER","10/10/2022 23:31:00","BG2","Ammonium",1.16,"mg/L",26.6856,-82.339,0
"3927","553111","SFER","10/11/2022 03:21:00","BG1","Ammonium",1.65,"mg/L",26.713,-82.2593,0
"3928","55333","SFER","10/11/2022 07:38:00","V1","Ammonium",1.34,"mg/L",27.1057,-82.4844,0
"3929","55353","SFER","10/11/2022 08:18:00","V2","Ammonium",0.4,"mg/L",27.0707,-82.5488,0
"3930","55373","SFER","10/11/2022 09:04:00","V3","Ammonium",0.3,"mg/L",27.035,-82.6141,0
"3931","55393","SFER","10/11/2022 09:47:00","V4","Ammonium",0.3,"mg/L",26.9937,-82.6845,0
"3932","554111","SFER","10/11/2022 10:38:00","V5","Ammonium",0.34,"mg/L",26.9541,-82.7596,0
"3933","55433","SFER","10/11/2022 11:17:00","V6","Ammonium",0.12,"mg/L",26.9158,-82.8207,0
"3934","55453","SFER","10/11/2022 12:03:00","V7","Ammonium",0.01,"mg/L",26.8785,-82.8875,0
"3935","55483","SFER","10/11/2022 12:47:00","V8","Ammonium",0.13,"mg/L",26.8318,-82.9538,0
"3936","555111","SFER","10/11/2022 14:19:00","V9","Ammonium",0.22,"mg/L",26.7319,-83.1025,0
"3937","55543","SFER","10/11/2022 16:40:00","L9","Ammonium",0.03,"mg/L",26.9707,-83.3142,0
"3938","55563","SFER","10/11/2022 18:56:00","AMI9","Ammonium",0,"mg/L",27.1876,-83.5028,0
"3939","55593","SFER","10/11/2022 19:51:00","AMI8","Ammonium",0,"mg/L",27.2275,-83.4122,0
"3940","55623","SFER","10/11/2022 20:50:00","AMI7","Ammonium",0,"mg/L",27.2653,-83.3203,0
"3941","55643","SFER","10/11/2022 21:47:00","AMI6","Ammonium",0.01,"mg/L",27.3014,-83.2226,0
"3942","55663","SFER","10/11/2022 23:07:00","AMI5","Ammonium",0.05,"mg/L",27.3412,-83.1266,0
"3943","55683","SFER",NA,"AMI4","Ammonium",0,"mg/L",27.3799,-83.0329,0
"3944","55703","SFER","10/12/2022 00:59:00","AMI3","Ammonium",0.25,"mg/L",27.4206,-82.9374,0
"3945","55723","SFER","10/12/2022 01:51:00","AMI2","Ammonium",0.55,"mg/L",27.4579,-82.8451,0
"3946","55743","SFER","10/12/2022 02:52:00","AMI1","Ammonium",0.26,"mg/L",27.4962,-82.7508,0
"3947","55763","SFER","10/12/2022 05:41:00","TB1","Ammonium",0.64,"mg/L",27.8012,-82.8822,0
"3948","55783","SFER","10/12/2022 06:24:00","TB2","Ammonium",0.205,"mg/L",27.7401,-82.9293,0
"3949","55803","SFER","10/12/2022 07:19:00","TB3","Ammonium",0.8,"mg/L",27.6772,-82.9966,0
"3950","55823","SFER","10/12/2022 08:23:00","TB4","Ammonium",0.28,"mg/L",27.6166,-83.1336,0
"3951","55843","SFER","10/12/2022 09:34:00","TB5","Ammonium",0.51,"mg/L",27.6165,-83.2987,0
"3952","55863","SFER","10/12/2022 10:59:00","TB10","Ammonium",0.2,"mg/L",27.617,-83.491,0
"3953","55883","SFER","10/13/2022 00:31:00","CAL6","Ammonium",0.665,"mg/L",25.9385,-82.4808,0
"3954","55892","SFER","10/13/2022 05:58:00","42","Ammonium",0.59,"mg/L",25.6555,-81.7179,0
"3955","55903","SFER","10/13/2022 07:38:00","41","Ammonium",1,"mg/L",25.7319,-81.5747,0
"3956","559110","SFER","10/13/2022 08:10:00","40","Ammonium",0.95,"mg/L",25.7582,-81.5248,0
"3957","55922","SFER","10/13/2022 08:30:00","39","Ammonium",1.065,"mg/L",25.78,-81.4849,0
"3958","55943","SFER","10/13/2022 10:04:00","45","Ammonium",0.69,"mg/L",25.5845,-81.4735,0
"3959","55952","SFER","10/13/2022 10:37:00","46","Ammonium",1.01,"mg/L",25.5834,-81.4081,0
"3960","55963","SFER","10/13/2022 10:58:00","47","Ammonium",1.1,"mg/L",25.5839,-81.3678,0
"3961","55972","SFER","10/13/2022 11:21:00","48","Ammonium",1.335,"mg/L",25.5837,-81.3314,0
"3962","55983","SFER","10/13/2022 11:40:00","49","Ammonium",1.8,"mg/L",25.5842,-81.2999,0
"3963","55992","SFER","10/13/2022 12:47:00","50","Ammonium",1.06,"mg/L",25.4543,-81.3498,0
"3964","56003","SFER","10/13/2022 13:08:00","51","Ammonium",1.04,"mg/L",25.4526,-81.3083,0
"3965","560110","SFER","10/13/2022 13:33:00","52","Ammonium",1.66,"mg/L",25.4533,-81.2604,0
"3966","56023","SFER","10/13/2022 13:48:00","53","Ammonium",1.5,"mg/L",25.4465,-81.2328,0
"3967","56032","SFER","10/13/2022 16:30:00","59","Ammonium",0.44,"mg/L",25.1677,-81.4892,0
"3968","56053","SFER","10/13/2022 17:41:00","58","Ammonium",0.45,"mg/L",25.167,-81.648,0
"3969","56073","SFER","10/13/2022 19:11:00","57.3","Ammonium",0.86,"mg/L",25.3489,-81.6508,0
"3970","56093","SFER","10/13/2022 20:14:00","57.2","Ammonium",0.48,"mg/L",25.3514,-81.4912,0
"3971","561111","SFER","10/13/2022 21:16:00","57.1","Ammonium",1.87,"mg/L",25.3507,-81.3382,0
"3972","56123","SFER","10/13/2022 22:48:00","54","Ammonium",1.28,"mg/L",25.3393,-81.1579,0
"3973","56133","SFER","10/13/2022 23:40:00","55","Ammonium",1.48,"mg/L",25.3497,-81.1998,0
"3974","56143","SFER",NA,"56","Ammonium",1.71,"mg/L",25.3504,-81.2279,0
"3975","56153","SFER","10/14/2022 00:30:00","57","Ammonium",1.19,"mg/L",25.3518,-81.2637,0
"3976","56163","SFER","10/14/2022 02:15:00","60","Ammonium",0.82,"mg/L",25.1676,-81.3359,0
"3977","56172","SFER","10/14/2022 02:45:00","61","Ammonium",0.78,"mg/L",25.1666,-81.2745,0
"3978","56182","SFER","10/14/2022 03:00:00","62","Ammonium",1.42,"mg/L",25.1665,-81.2353,0
"3979","56192","SFER","10/14/2022 03:13:00","63","Ammonium",0.71,"mg/L",25.1664,-81.1999,0
"3980","56203","SFER","10/14/2022 03:32:00","64","Ammonium",0.65,"mg/L",25.1662,-81.1622,0
"3981","562111","SFER","10/14/2022 04:24:00","65","Ammonium",0.13,"mg/L",25.0963,-81.0974,0
"3982","56222","SFER","10/14/2022 04:43:00","66","Ammonium",0.78,"mg/L",25.0684,-81.1097,0
"3983","56232","SFER","10/14/2022 05:00:00","67","Ammonium",0.33,"mg/L",25.0296,-81.126,0
"3984","56243","SFER","10/14/2022 05:55:00","68","Ammonium",0.48,"mg/L",24.9289,-81.1664,0
"3985","56252","SFER","10/14/2022 06:27:00","69","Ammonium",0.48,"mg/L",24.9299,-81.0949,0
"3986","56262","SFER","10/14/2022 06:51:00","70","Ammonium",0,"mg/L",24.9285,-81.0342,0
"3987","56272","SFER","12/03/2022 23:55:00","70","Ammonium",0.36,"mg/L",24.9304,-81.0353,0
"3988","56282","SFER","12/04/2022 00:18:00","69","Ammonium",0.42,"mg/L",24.9294,-81.0957,0
"3989","56303","SFER","12/04/2022 01:01:00","68","Ammonium",0.42,"mg/L",24.9308,-81.1663,0
"3990","563110","SFER","12/04/2022 01:54:00","67","Ammonium",0.46,"mg/L",25.0305,-81.1262,0
"3991","56322","SFER","12/04/2022 02:11:00","66","Ammonium",0.75,"mg/L",25.0693,-81.108,0
"3992","56333","SFER","12/04/2022 02:27:00","65","Ammonium",0.47,"mg/L",25.098,-81.0945,0
"3993","56343","SFER","12/04/2022 03:23:00","64","Ammonium",0.34,"mg/L",25.165,-81.1602,0
"3994","56352","SFER","12/04/2022 03:45:00","63","Ammonium",0.26,"mg/L",25.1666,-81.2,0
"3995","56362","SFER","12/04/2022 03:57:00","62","Ammonium",0.31,"mg/L",25.1668,-81.2363,0
"3996","56372","SFER","12/04/2022 04:11:00","61","Ammonium",0.54,"mg/L",25.1669,-81.2737,0
"3997","56393","SFER","12/04/2022 04:45:00","60","Ammonium",0.79,"mg/L",25.1653,-81.3385,0
"3998","56402","SFER","12/04/2022 05:40:00","59","Ammonium",0.84,"mg/L",25.1675,-81.4927,0
"3999","56423","SFER","12/04/2022 06:35:00","58","Ammonium",0.96,"mg/L",25.1677,-81.6535,0
"4000","56443","SFER","12/04/2022 08:17:00","57.3","Ammonium",1.39,"mg/L",25.3538,-81.6548,0
"4001","56463","SFER","12/04/2022 09:33:00","57.2","Ammonium",0.95,"mg/L",25.3505,-81.4917,0
"4002","56473","SFER","12/04/2022 10:41:00","57.1","Ammonium",1.3,"mg/L",25.3512,-81.336,0
"4003","56483","SFER","12/04/2022 11:21:00","57","Ammonium",1.16,"mg/L",25.3497,-81.2672,0
"4004","56493","SFER","12/04/2022 11:51:00","56","Ammonium",0.69,"mg/L",25.3496,-81.226,0
"4005","56503","SFER","12/04/2022 12:11:00","55","Ammonium",1.96,"mg/L",25.3498,-81.1948,0
"4006","565111","SFER","12/04/2022 12:47:00","54","Ammonium",1.87,"mg/L",25.3402,-81.1565,0
"4007","56523","SFER","12/04/2022 14:15:00","53","Ammonium",0.66,"mg/L",25.4523,-81.227,0
"4008","56532","SFER","12/04/2022 14:32:00","52","Ammonium",0.9,"mg/L",25.4525,-81.2612,0
"4009","56553","SFER","12/04/2022 14:54:00","51","Ammonium",1.79,"mg/L",25.4525,-81.3078,0
"4010","56562","SFER","12/04/2022 15:16:00","50","Ammonium",1.05,"mg/L",25.4542,-81.3503,0
"4011","56573","SFER","12/04/2022 16:14:00","49","Ammonium",0.79,"mg/L",25.5835,-81.2935,0
"4012","56582","SFER","12/04/2022 16:33:00","48","Ammonium",0.12,"mg/L",25.5832,-81.3318,0
"4013","56603","SFER","12/04/2022 16:49:00","47","Ammonium",0.16,"mg/L",25.5825,-81.368,0
"4014","566110","SFER","12/04/2022 17:10:00","46","Ammonium",0.98,"mg/L",25.5836,-81.4068,0
"4015","56633","SFER","12/04/2022 17:41:00","45","Ammonium",0.72,"mg/L",25.5836,-81.4693,0
"4016","56642","SFER","12/04/2022 19:06:00","39","Ammonium",1.1,"mg/L",25.781,-81.4835,0
"4017","56652","SFER","12/04/2022 19:23:00","40","Ammonium",0.28,"mg/L",25.7578,-81.5248,0
"4018","56673","SFER","12/04/2022 19:45:00","41","Ammonium",0.16,"mg/L",25.7317,-81.575,0
"4019","56682","SFER","12/04/2022 20:51:00","42","Ammonium",0.065,"mg/L",25.6555,-81.717,0
"4020","56703","SFER","12/04/2022 22:24:00","31","Ammonium",0.07,"mg/L",25.7414,-81.9437,0
"4021","567110","SFER","12/04/2022 23:37:00","32","Ammonium",0.08,"mg/L",25.8722,-81.8348,0
"4022","56733","SFER","12/05/2022 00:11:00","33","Ammonium",0.27,"mg/L",25.9073,-81.7988,0
"4023","56742","SFER","12/05/2022 00:40:00","34","Ammonium",1.09,"mg/L",25.9503,-81.7715,0
"4024","56763","SFER","12/05/2022 04:03:00","CAL5","Ammonium",0.81,"mg/L",26.1816,-82.2158,0
"4025","56793","SFER","12/05/2022 04:58:00","CAL4","Ammonium",0.34,"mg/L",26.2527,-82.1395,0
"4026","568111","SFER","12/05/2022 06:10:00","CAL3","Ammonium",3.35,"mg/L",26.34,-82.0455,0
"4027","56833","SFER","12/05/2022 06:50:00","CAL2","Ammonium",0.43,"mg/L",26.3826,-82.0005,0
"4028","56843","SFER","12/05/2022 07:30:00","CAL1","Ammonium",0.47,"mg/L",26.414,-81.9567,0
"4029","56863","SFER","12/05/2022 09:45:00","RP1","Ammonium",0.11,"mg/L",26.5469,-82.2195,0
"4030","56883","SFER","12/05/2022 10:07:00","RP2","Ammonium",0.31,"mg/L",26.5531,-82.2563,0
"4031","56903","SFER","12/05/2022 10:42:00","RP3","Ammonium",0.5,"mg/L",26.5515,-82.3322,0
"4032","56923","SFER","12/05/2022 11:51:00","RP4","Ammonium",0.1,"mg/L",26.5785,-82.4987,0
"4033","56943","SFER","12/05/2022 15:13:00","GP5","Ammonium",0.08,"mg/L",26.5952,-82.6935,0
"4034","56963","SFER","12/05/2022 16:23:00","BG4","Ammonium",0,"mg/L",26.6316,-82.557,0
"4035","56983","SFER","12/05/2022 17:37:00","BG3","Ammonium",0.2,"mg/L",26.6667,-82.4188,0
"4036","57003","SFER","12/05/2022 18:21:00","BG2","Ammonium",0.69,"mg/L",26.6877,-82.3397,0
"4037","57023","SFER","12/05/2022 19:12:00","BG1","Ammonium",0.06,"mg/L",26.7114,-82.2615,0
"4038","57043","SFER","12/05/2022 22:58:00","V1","Ammonium",0.04,"mg/L",27.1109,-82.477,0
"4039","57063","SFER","12/05/2022 23:39:00","V2","Ammonium",0.09,"mg/L",27.0713,-82.5472,0
"4040","57083","SFER","12/06/2022 00:23:00","V3","Ammonium",0.02,"mg/L",27.0344,-82.6098,0
"4041","571011","SFER","12/06/2022 01:04:00","V4","Ammonium",0.06,"mg/L",26.9936,-82.6842,0
"4042","57123","SFER","12/06/2022 01:48:00","V5","Ammonium",0.42,"mg/L",26.9551,-82.7483,0
"4043","57143","SFER","12/06/2022 02:28:00","V6","Ammonium",0.03,"mg/L",26.9179,-82.821,0
"4044","57163","SFER","12/06/2022 03:16:00","V7","Ammonium",0.2,"mg/L",26.8763,-82.8912,0
"4045","57183","SFER","12/06/2022 03:56:00","V8","Ammonium",0.01,"mg/L",26.834,-82.9565,0
"4046","57203","SFER","12/06/2022 05:20:00","V9","Ammonium",0.17,"mg/L",26.7298,-83.103,0
"4047","57233","SFER","12/06/2022 09:31:00","AMI9","Ammonium",0.11,"mg/L",27.1877,-83.5025,0
"4048","57253","SFER","12/06/2022 10:24:00","AMI8","Ammonium",0.23,"mg/L",27.228,-83.4093,0
"4049","57273","SFER","12/06/2022 11:20:00","AMI7","Ammonium",0.08,"mg/L",27.2651,-83.321,0
"4050","57293","SFER","12/06/2022 12:11:00","AMI6","Ammonium",0.05,"mg/L",27.305,-83.2232,0
"4051","573111","SFER","12/06/2022 13:05:00","AMI5","Ammonium",0.09,"mg/L",27.3425,-83.1298,0
"4052","57333","SFER","12/06/2022 13:55:00","AMI4","Ammonium",0.29,"mg/L",27.3823,-83.0353,0
"4053","57363","SFER","12/06/2022 14:52:00","AMI3","Ammonium",0.02,"mg/L",27.4209,-82.9417,0
"4054","57393","SFER","12/06/2022 15:47:00","AMI2","Ammonium",0.04,"mg/L",27.4584,-82.8467,0
"4055","574111","SFER","12/06/2022 16:48:00","AMI1","Ammonium",0.135,"mg/L",27.4946,-82.7525,0
"4056","57433","SFER","12/06/2022 19:31:00","TB1","Ammonium",0.085,"mg/L",27.7966,-82.8798,0
"4057","57453","SFER","12/06/2022 20:09:00","TB2","Ammonium",0.24,"mg/L",27.7405,-82.9285,0
"4058","57473","SFER","12/06/2022 21:02:00","TB3","Ammonium",0.13,"mg/L",27.6743,-82.9978,0
"4059","57493","SFER","12/06/2022 22:09:00","TB4","Ammonium",0.13,"mg/L",27.6171,-83.1318,0
"4060","575111","SFER","12/06/2022 23:26:00","TB5","Ammonium",0.39,"mg/L",27.6175,-83.2988,0
"4061","57533","SFER","12/07/2022 00:56:00","TB10","Ammonium",0.2,"mg/L",27.6164,-83.4865,0
"4062","57553","SFER","12/07/2022 05:05:00","CW4","Ammonium",0.05,"mg/L",28.0092,-83.0822,0
"4063","57573","SFER","12/07/2022 06:10:00","CW3","Ammonium",0.225,"mg/L",28.0106,-82.9595,0
"4064","57593","SFER","12/07/2022 06:47:00","CW2","Ammonium",0.2,"mg/L",28.0163,-82.8923,0
"4065","57603","SFER","12/07/2022 07:19:00","CW1","Ammonium",0.47,"mg/L",28.0112,-82.8505,0
"4066","57623","SFER","12/07/2022 13:15:00","L1","Ammonium",0.47,"mg/L",27.3044,-82.5963,0
"4067","57643","SFER","12/07/2022 14:40:00","L3","Ammonium",0.1,"mg/L",27.223,-82.7715,0
"4068","57663","SFER","12/07/2022 16:08:00","L5","Ammonium",0.05,"mg/L",27.1386,-82.9518,0
"4069","57683","SFER","12/07/2022 17:33:00","L7","Ammonium",0.21,"mg/L",27.0554,-83.1348,0
"4070","57703","SFER","12/07/2022 18:56:00","L9","Ammonium",0.13,"mg/L",26.9723,-83.313,0
"4071","57723","SFER","12/08/2022 03:32:00","CAL6","Ammonium",0.12,"mg/L",25.9383,-82.4792,0
"4072","57732","SFER","12/08/2022 07:29:00","30.5","Ammonium",0.905,"mg/L",25.5712,-82.0762,0
"4073","57753","SFER","12/08/2022 09:11:00","30","Ammonium",0.19,"mg/L",25.4017,-82.2107,0
"4074","57773","SFER","12/08/2022 12:16:00","KW4","Ammonium",0.13,"mg/L",25.019,-82.0477,0
"4075","57782","SFER","12/08/2022 13:50:00","KW3","Ammonium",0.18,"mg/L",24.8193,-81.9527,0
"4076","57803","SFER","12/08/2022 14:39:00","KW2","Ammonium",1.64,"mg/L",24.7274,-81.917,0
"4077","57823","SFER","12/08/2022 15:20:00","KW1","Ammonium",0.525,"mg/L",24.6598,-81.9052,0
"4078","57832","SFER","12/08/2022 16:28:00","24","Ammonium",0.12,"mg/L",24.5343,-81.8292,0
"4079","57842","SFER","12/08/2022 16:47:00","23","Ammonium",0.28,"mg/L",24.489,-81.8278,0
"4080","57852","SFER","12/08/2022 17:00:00","22","Ammonium",0.11,"mg/L",24.4562,-81.8283,0
"4081","57862","SFER","12/08/2022 17:23:00","22.5","Ammonium",0.17,"mg/L",24.3974,-81.829,0
"4082","57883","SFER","12/08/2022 18:29:00","WS","Ammonium",0.11,"mg/L",24.4758,-81.7177,0
"4083","57892","SFER","12/08/2022 21:01:00","21.5","Ammonium",0.26,"mg/L",24.4836,-81.3938,0
"4084","579111","SFER","12/08/2022 21:27:00","21LK","Ammonium",0.04,"mg/L",24.5344,-81.4133,0
"4085","57922","SFER","12/08/2022 22:07:00","20","Ammonium",0.11,"mg/L",24.5738,-81.4188,0
"4086","57932","SFER","12/08/2022 22:21:00","19","Ammonium",0.06,"mg/L",24.6059,-81.421,0
"4087","57953","SFER",NA,"16","Ammonium",0.05,"mg/L",24.6707,-81.203,0
"4088","57962","SFER","12/09/2022 00:21:00","17","Ammonium",0.22,"mg/L",24.6344,-81.1933,0
"4089","57983","SFER","12/09/2022 00:41:00","18","Ammonium",0.09,"mg/L",24.5974,-81.1845,0
"4090","57992","SFER","12/09/2022 02:11:00","15.5","Ammonium",0.28,"mg/L",24.5915,-80.9933,0
"4091","58002","SFER","12/09/2022 02:34:00","15","Ammonium",0.15,"mg/L",24.6432,-81.0155,0
"4092","580110","SFER","12/09/2022 02:47:00","14","Ammonium",0.42,"mg/L",24.6743,-81.0228,0
"4093","58022","SFER","12/09/2022 03:00:00","13","Ammonium",0.35,"mg/L",24.7015,-81.0285,0
"4094","58033","SFER","12/09/2022 04:18:00","10","Ammonium",0.13,"mg/L",24.7875,-80.8613,0
"4095","58042","SFER","12/09/2022 04:37:00","11","Ammonium",0.18,"mg/L",24.7573,-80.8488,0
"4096","58063","SFER","12/09/2022 05:00:00","12","Ammonium",0.04,"mg/L",24.7125,-80.832,0
"4097","58093","SFER","12/09/2022 06:10:00","9.5","Ammonium",0.29,"mg/L",24.7159,-80.6952,0
"4098","581111","SFER","12/09/2022 06:53:00","9","Ammonium",0.06,"mg/L",24.7619,-80.7227,0
"4099","58122","SFER","12/09/2022 07:17:00","8","Ammonium",0.02,"mg/L",24.7905,-80.7398,0
"4100","58143","SFER","12/09/2022 07:33:00","7","Ammonium",0.29,"mg/L",24.8164,-80.756,0
"4101","58152","SFER","12/09/2022 09:12:00","UKIN","Ammonium",0.14,"mg/L",24.9298,-80.5657,0
"4102","58162","SFER","12/09/2022 09:21:00","UKMID","Ammonium",0.14,"mg/L",24.9212,-80.5475,0
"4103","58172","SFER","12/09/2022 09:33:00","UKOFF","Ammonium",0.03,"mg/L",24.8997,-80.5278,0
"4104","58182","SFER","12/09/2022 11:09:00","6.5","Ammonium",0.25,"mg/L",25.0485,-80.2892,0
"4105","58192","SFER","12/09/2022 11:21:00","6","Ammonium",0.24,"mg/L",25.065,-80.3158,0
"4106","58202","SFER","12/09/2022 11:30:00","5.5","Ammonium",0.11,"mg/L",25.0775,-80.3337,0
"4107","58223","SFER","12/09/2022 12:20:00","MR","Ammonium",0,"mg/L",25.0077,-80.3685,0
"4108","58232","SFER","12/09/2022 13:35:00","5","Ammonium",0.48,"mg/L",25.0916,-80.355,0
"4109","58242","SFER","12/09/2022 13:46:00","4","Ammonium",0.11,"mg/L",25.1073,-80.3753,0
"4110","58252","SFER","12/09/2022 15:35:00","EKIN","Ammonium",0.19,"mg/L",25.332,-80.2248,0
"4111","58262","SFER","12/09/2022 15:47:00","EKMID","Ammonium",0.08,"mg/L",25.3141,-80.195,0
"4112","58272","SFER","12/09/2022 15:59:00","EKOFF","Ammonium",0.24,"mg/L",25.297,-80.1648,0
"4113","58282","SFER","12/09/2022 18:02:00","3","Ammonium",0.22,"mg/L",25.6386,-80.0823,0
"4114","58303","SFER","12/09/2022 18:10:00","2","Ammonium",0.77,"mg/L",25.6411,-80.1005,0
"4115","583110","SFER","12/09/2022 18:25:00","1","Ammonium",0.05,"mg/L",25.6441,-80.1245,0
"4116","58333","SFER","01/11/2023 12:48:00","16","Ammonium",2.4,"mg/L",24.6705,-81.0362,0
"4117","58342","SFER","01/11/2023 13:09:00","17","Ammonium",0.02,"mg/L",24.6346,-81.1944,0
"4118","58363","SFER","01/11/2023 13:30:00","18","Ammonium",0.35,"mg/L",24.5973,-81.1836,0
"4119","58372","SFER","01/11/2023 15:08:00","19","Ammonium",0.39,"mg/L",24.6099,-81.4205,0
"4120","58382","SFER","01/11/2023 15:21:00","20","Ammonium",0.56,"mg/L",24.5746,-81.419,0
"4121","58403","SFER","01/11/2023 15:50:00","21LK","Ammonium",0.03,"mg/L",24.5353,-81.4166,0
"4122","584110","SFER","01/11/2023 16:38:00","21.5","Ammonium",0,"mg/L",24.4867,-81.3933,0
"4123","58433","SFER","01/11/2023 18:43:00","WS","Ammonium",0.09,"mg/L",24.477,-81.7202,0
"4124","58442","SFER","01/11/2023 19:56:00","22.5","Ammonium",0.3,"mg/L",24.3965,-81.8271,0
"4125","58452","SFER","01/11/2023 20:14:00","22","Ammonium",0.11,"mg/L",24.4539,-81.8286,0
"4126","58462","SFER","01/11/2023 20:32:00","23","Ammonium",0.51,"mg/L",24.4858,-81.8286,0
"4127","58472","SFER","01/11/2023 20:54:00","24","Ammonium",0.24,"mg/L",24.5364,-81.8274,0
"4128","58493","SFER","01/11/2023 22:06:00","KW1","Ammonium",0.34,"mg/L",24.6541,-81.9045,0
"4129","585111","SFER","01/11/2023 22:51:00","KW2","Ammonium",0.38,"mg/L",24.7255,-81.9144,0
"4130","58522","SFER","01/11/2023 23:40:00","KW3","Ammonium",0.24,"mg/L",24.8201,-81.9585,0
"4131","58543","SFER","01/12/2023 01:15:00","KW4","Ammonium",0.61,"mg/L",25.0126,-82.04,0
"4132","58563","SFER","01/12/2023 04:22:00","30","Ammonium",0.12,"mg/L",25.3991,-82.2081,0
"4133","58572","SFER","01/12/2023 05:54:00","30.5","Ammonium",0.13,"mg/L",25.5712,-82.075,0
"4134","58593","SFER","01/12/2023 09:35:00","CAL6","Ammonium",0.27,"mg/L",25.9381,-82.4784,0
"4135","586111","SFER","01/13/2023 02:20:00","CW4","Ammonium",0.26,"mg/L",28.012,-83.0799,0
"4136","58633","SFER","01/13/2023 03:25:00","CW3","Ammonium",0.14,"mg/L",28.0132,-82.963,0
"4137","58653","SFER","01/13/2023 04:05:00","CW2","Ammonium",1.54,"mg/L",28.017,-82.8907,0
"4138","58663","SFER","01/13/2023 04:41:00","CW1","Ammonium",0.95,"mg/L",28.01,-82.8493,0
"4139","58683","SFER","01/13/2023 06:35:00","TB1","Ammonium",0.12,"mg/L",27.8035,-82.8825,0
"4140","58703","SFER","01/13/2023 07:35:00","TB2","Ammonium",0.19,"mg/L",27.7406,-82.9284,0
"4141","58723","SFER","01/13/2023 08:34:00","TB3","Ammonium",0.95,"mg/L",27.6745,-82.9972,0
"4142","58743","SFER","01/13/2023 10:06:00","TB4","Ammonium",0.11,"mg/L",27.6199,-83.1317,0
"4143","58763","SFER","01/13/2023 11:58:00","TB5","Ammonium",0.04,"mg/L",27.614,-83.2901,0
"4144","58772","SFER","01/13/2023 14:09:00","TB10","Ammonium",0.09,"mg/L",27.609,-83.4813,0
"4145","58793","SFER","01/13/2023 17:38:00","AMI9","Ammonium",0.25,"mg/L",27.182,-83.4954,0
"4146","588111","SFER","01/13/2023 18:51:00","AMI8","Ammonium",1.36,"mg/L",27.2265,-83.407,0
"4147","58833","SFER","01/13/2023 20:08:00","AMI7","Ammonium",0.07,"mg/L",27.2687,-83.316,0
"4148","58853","SFER","01/13/2023 21:14:00","AMI6","Ammonium",0.08,"mg/L",27.3041,-83.2216,0
"4149","58873","SFER","01/13/2023 22:39:00","AMI5","Ammonium",0.81,"mg/L",27.3322,-83.1255,0
"4150","58893","SFER","01/14/2023 01:06:00","AMI4","Ammonium",0.2,"mg/L",27.3779,-83.0308,0
"4151","589111","SFER","01/14/2023 03:13:00","AMI3","Ammonium",0.19,"mg/L",27.4152,-82.9339,0
"4152","58933","SFER","01/14/2023 04:21:00","AMI2","Ammonium",0.25,"mg/L",27.4537,-82.8416,0
"4153","58953","SFER","01/14/2023 05:35:00","AMI1","Ammonium",0.135,"mg/L",27.4938,-82.7483,0
"4154","58963","SFER","01/14/2023 12:56:00","V1","Ammonium",0.39,"mg/L",27.1114,-82.4782,0
"4155","58983","SFER","01/14/2023 13:49:00","V2","Ammonium",0.25,"mg/L",27.0711,-82.5435,0
"4156","59003","SFER","01/14/2023 14:55:00","V3","Ammonium",0.13,"mg/L",27.032,-82.6098,0
"4157","59023","SFER","01/14/2023 15:57:00","V4","Ammonium",0.09,"mg/L",26.9913,-82.6807,0
"4158","59043","SFER","01/14/2023 17:06:00","V5","Ammonium",0.1,"mg/L",26.9504,-82.7429,0
"4159","59063","SFER","01/14/2023 18:11:00","V6","Ammonium",0.09,"mg/L",26.9145,-82.8193,0
"4160","59083","SFER","01/14/2023 19:16:00","V7","Ammonium",0,"mg/L",26.8771,-82.8838,0
"4161","591012","SFER","01/14/2023 20:24:00","V8","Ammonium",0.05,"mg/L",26.8315,-82.957,0
"4162","59123","SFER","01/14/2023 22:16:00","V9","Ammonium",0.02,"mg/L",26.7322,-83.0957,0
"4163","59143","SFER","01/15/2023 00:55:00","GP5","Ammonium",0.05,"mg/L",26.5955,-82.6946,0
"4164","59163","SFER","01/15/2023 02:04:00","BG4","Ammonium",0.12,"mg/L",26.6291,-82.5542,0
"4165","59183","SFER","01/15/2023 02:44:00","RP4","Ammonium",0.59,"mg/L",26.5772,-82.4982,0
"4166","59203","SFER","01/15/2023 04:03:00","BG3","Ammonium",0.45,"mg/L",26.6684,-82.4126,0
"4167","59223","SFER","01/15/2023 04:48:00","BG2","Ammonium",0.14,"mg/L",26.6861,-82.3395,0
"4168","59243","SFER","01/15/2023 06:09:00","BG1","Ammonium",0.325,"mg/L",26.7153,-82.2557,0
"4169","59263","SFER","01/15/2023 08:30:00","RP3","Ammonium",0.7,"mg/L",26.5499,-82.3318,0
"4170","59283","SFER","01/15/2023 09:28:00","RP2","Ammonium",0.1,"mg/L",26.5496,-82.254,0
"4171","59293","SFER","01/15/2023 09:59:00","RP1","Ammonium",0.215,"mg/L",26.5442,-82.2178,0
"4172","593111","SFER","01/15/2023 13:24:00","CAL1","Ammonium",0.705,"mg/L",26.4194,-81.9641,0
"4173","59333","SFER","01/15/2023 15:06:00","CAL2","Ammonium",0.23,"mg/L",26.3829,-82.0004,0
"4174","59353","SFER","01/15/2023 15:45:00","CAL3","Ammonium",0.25,"mg/L",26.3431,-82.0416,0
"4175","59373","SFER","01/15/2023 16:45:00","CAL4","Ammonium",0.1,"mg/L",26.2536,-82.1383,0
"4176","59393","SFER","01/15/2023 17:46:00","CAL5","Ammonium",0.14,"mg/L",26.1828,-82.2133,0
"4177","59402","SFER","01/15/2023 20:43:00","34","Ammonium",0.32,"mg/L",25.9497,-81.7726,0
"4178","59423","SFER","01/15/2023 21:11:00","33","Ammonium",0.48,"mg/L",25.9097,-81.797,0
"4179","59432","SFER","01/15/2023 21:35:00","32","Ammonium",0.29,"mg/L",25.8717,-81.8308,0
"4180","59453","SFER","01/15/2023 22:50:00","31","Ammonium",0.18,"mg/L",25.7401,-81.9411,0
"4181","59462","SFER","01/16/2023 00:18:00","42","Ammonium",0.32,"mg/L",25.6547,-81.7194,0
"4182","59473","SFER","01/16/2023 01:31:00","41","Ammonium",0.38,"mg/L",25.7326,-81.5755,0
"4183","59482","SFER","01/16/2023 01:59:00","40","Ammonium",0.16,"mg/L",25.7579,-81.5236,0
"4184","59492","SFER","01/16/2023 02:18:00","39","Ammonium",0.04,"mg/L",25.7827,-81.4819,0
"4185","595111","SFER","01/16/2023 03:37:00","45","Ammonium",0.11,"mg/L",25.5829,-81.471,0
"4186","59522","SFER","01/16/2023 04:07:00","46","Ammonium",0.22,"mg/L",25.5839,-81.4083,0
"4187","59533","SFER","01/16/2023 04:26:00","47","Ammonium",0.06,"mg/L",25.5826,-81.3677,0
"4188","59542","SFER","01/16/2023 04:48:00","48","Ammonium",0.14,"mg/L",25.5822,-81.3293,0
"4189","59553","SFER","01/16/2023 05:05:00","49","Ammonium",0.07,"mg/L",25.5818,-81.2935,0
"4190","59562","SFER","01/16/2023 06:08:00","50","Ammonium",0.16,"mg/L",25.4542,-81.3505,0
"4191","59573","SFER","01/16/2023 06:28:00","51","Ammonium",0.07,"mg/L",25.4527,-81.3092,0
"4192","59582","SFER","01/16/2023 06:57:00","52","Ammonium",0.04,"mg/L",25.454,-81.2596,0
"4193","59593","SFER","01/16/2023 07:12:00","53","Ammonium",0.1,"mg/L",25.4537,-81.2366,0
"4194","59603","SFER","01/16/2023 08:36:00","57.1","Ammonium",0.68,"mg/L",25.3537,-81.3373,0
"4195","596111","SFER","01/16/2023 09:19:00","57","Ammonium",0.11,"mg/L",25.3508,-81.2691,0
"4196","59623","SFER","01/16/2023 10:00:00","56","Ammonium",0.11,"mg/L",25.3491,-81.228,0
"4197","59633","SFER","01/16/2023 10:33:00","55","Ammonium",0.14,"mg/L",25.3499,-81.1942,0
"4198","59643","SFER","01/16/2023 11:19:00","54","Ammonium",0.2,"mg/L",25.3413,-81.1561,0
"4199","59663","SFER","01/16/2023 13:38:00","57.2","Ammonium",0.78,"mg/L",25.3513,-81.49,0
"4200","59683","SFER","01/16/2023 14:47:00","57.3","Ammonium",0.17,"mg/L",25.3511,-81.6483,0
"4201","59703","SFER","01/16/2023 16:11:00","58","Ammonium",0.1,"mg/L",25.1664,-81.6545,0
"4202","597110","SFER","01/16/2023 17:20:00","59","Ammonium",0.07,"mg/L",25.1647,-81.4903,0
"4203","59733","SFER","01/16/2023 18:19:00","60","Ammonium",0.245,"mg/L",25.166,-81.337,0
"4204","59742","SFER","01/16/2023 18:50:00","61","Ammonium",0.67,"mg/L",25.1666,-81.2775,0
"4205","59752","SFER","01/16/2023 19:04:00","62","Ammonium",0.19,"mg/L",25.1677,-81.2374,0
"4206","59762","SFER","01/16/2023 19:18:00","63","Ammonium",0.43,"mg/L",25.1669,-81.2015,0
"4207","59773","SFER","01/16/2023 19:38:00","64","Ammonium",0.46,"mg/L",25.1659,-81.1613,0
"4208","59783","SFER","01/16/2023 20:32:00","65","Ammonium",0.215,"mg/L",25.096,-81.0962,0
"4209","59792","SFER","01/16/2023 20:48:00","66","Ammonium",0.18,"mg/L",25.0697,-81.1098,0
"4210","59802","SFER","01/16/2023 21:05:00","67","Ammonium",0.24,"mg/L",25.0293,-81.1246,0
"4211","598111","SFER","01/16/2023 21:56:00","68","Ammonium",0.48,"mg/L",24.9325,-81.1648,0
"4212","59822","SFER","01/16/2023 22:25:00","69","Ammonium",0.14,"mg/L",24.93,-81.0956,0
"4213","59832","SFER","01/16/2023 22:49:00","70","Ammonium",0.17,"mg/L",24.9293,-81.0327,0
"4214","59842","SFER","01/17/2023 01:00:00","5.5","Ammonium",0.15,"mg/L",25.0786,-80.3341,0
"4215","59852","SFER","01/17/2023 01:55:00","13","Ammonium",0.35,"mg/L",24.7017,-81.0309,0
"4216","59862","SFER","01/17/2023 02:08:00","14","Ammonium",0.19,"mg/L",24.6752,-81.0235,0
"4217","59872","SFER","01/17/2023 02:20:00","15","Ammonium",0.13,"mg/L",24.6432,-81.0148,0
"4218","59882","SFER","01/17/2023 02:41:00","15.5","Ammonium",0.12,"mg/L",24.5923,-80.9923,0
"4219","59903","SFER","01/17/2023 03:49:00","12","Ammonium",0.15,"mg/L",24.7138,-80.8314,0
"4220","599110","SFER","01/17/2023 04:16:00","11","Ammonium",0.39,"mg/L",24.7523,-80.8464,0
"4221","59923","SFER","01/17/2023 04:36:00","10","Ammonium",0.39,"mg/L",24.7873,-80.8609,0
"4222","59933","SFER","01/17/2023 05:42:00","7","Ammonium",0.22,"mg/L",24.8149,-80.7542,0
"4223","59942","SFER","01/17/2023 05:58:00","8","Ammonium",0.38,"mg/L",24.7931,-80.7415,0
"4224","59963","SFER","01/17/2023 06:16:00","9","Ammonium",0.37,"mg/L",24.7655,-80.7237,0
"4225","59993","SFER","01/17/2023 06:53:00","9.5","Ammonium",0.16,"mg/L",24.7181,-80.6924,0
"4226","60002","SFER","01/17/2023 08:31:00","UKOFF","Ammonium",0.17,"mg/L",24.8969,-80.5294,0
"4227","600110","SFER","01/17/2023 08:42:00","UKMID","Ammonium",0.16,"mg/L",24.9198,-80.5459,0
"4228","60022","SFER","01/17/2023 08:51:00","UKIN","Ammonium",0.15,"mg/L",24.9336,-80.5642,0
"4229","60032","SFER","01/17/2023 10:37:00","4","Ammonium",0.18,"mg/L",25.107,-80.3792,0
"4230","60042","SFER","01/17/2023 10:48:00","5","Ammonium",0.3,"mg/L",25.094,-80.357,0
"4231","60063","SFER","01/17/2023 11:59:00","MR","Ammonium",0.12,"mg/L",25.0072,-80.3698,0
"4232","60072","SFER","01/17/2023 12:51:00","6","Ammonium",0.24,"mg/L",25.0636,-80.3159,0
"4233","60082","SFER","01/17/2023 13:19:00","6.5","Ammonium",0.16,"mg/L",25.0507,-80.2912,0
"4234","60092","SFER","01/17/2023 17:07:00","EKOFF","Ammonium",0.17,"mg/L",25.2932,-80.1602,0
"4235","601010","SFER","01/17/2023 17:21:00","EKMID","Ammonium",0.2,"mg/L",25.3135,-80.1942,0
"4236","601110","SFER","01/17/2023 17:34:00","EKIN","Ammonium",0.11,"mg/L",25.3358,-80.2236,0
"4237","60122","SFER","01/17/2023 19:46:00","3","Ammonium",0.66,"mg/L",25.6438,-80.0874,0
"4238","60143","SFER","01/17/2023 19:57:00","2","Ammonium",0.2,"mg/L",25.6428,-80.1057,0
"4239","60152","SFER","01/17/2023 20:10:00","1","Ammonium",0.31,"mg/L",25.645,-80.1252,0
"4240","60162","SFER","03/02/2023 11:13:00","1","Ammonium",0.31,"mg/L",25.6451,-80.1274,0
"4241","60183","SFER","03/02/2023 11:26:00","2","Ammonium",0.39,"mg/L",25.6425,-80.1042,0
"4242","60192","SFER","03/02/2023 11:41:00","3","Ammonium",0.37,"mg/L",25.6459,-80.0841,0
"4243","60202","SFER","03/02/2023 14:08:00","EKIN","Ammonium",0.31,"mg/L",25.3359,-80.2249,0
"4244","602110","SFER","03/02/2023 14:25:00","EKMID","Ammonium",0.36,"mg/L",25.3143,-80.1951,0
"4245","60222","SFER","03/02/2023 14:40:00","EKOFF","Ammonium",0.31,"mg/L",25.2952,-80.1641,0
"4246","60232","SFER","03/02/2023 16:38:00","6.5","Ammonium",0.33,"mg/L",25.0529,-80.29,0
"4247","60242","SFER","03/02/2023 16:48:00","6","Ammonium",0.34,"mg/L",25.0649,-80.3141,0
"4248","60252","SFER","03/02/2023 16:59:00","5.5","Ammonium",0.51,"mg/L",25.0792,-80.3337,0
"4249","60273","SFER","03/02/2023 18:03:00","MR","Ammonium",0.24,"mg/L",25.0038,-80.3686,0
"4250","60282","SFER","03/02/2023 19:44:00","UKOFF","Ammonium",0.23,"mg/L",24.8979,-80.529,0
"4251","60292","SFER","03/02/2023 19:55:00","UKMID","Ammonium",0.33,"mg/L",24.9198,-80.546,0
"4252","60302","SFER","03/02/2023 20:05:00","UKIN","Ammonium",0.39,"mg/L",24.9353,-80.5648,0
"4253","603111","SFER","03/02/2023 22:00:00","7","Ammonium",0.51,"mg/L",24.8164,-80.7538,0
"4254","60322","SFER","03/02/2023 22:17:00","8","Ammonium",1.06,"mg/L",24.7932,-80.741,0
"4255","60343","SFER","03/02/2023 22:35:00","9","Ammonium",0.75,"mg/L",24.7634,-80.7246,0
"4256","60373","SFER","03/02/2023 23:13:00","9.5","Ammonium",0.87,"mg/L",24.7151,-80.685,0
"4257","60393","SFER","03/03/2023 00:40:00","12","Ammonium",0.26,"mg/L",24.7132,-80.8306,0
"4258","60402","SFER","03/03/2023 01:08:00","11","Ammonium",0.77,"mg/L",24.7526,-80.8466,0
"4259","604111","SFER","03/03/2023 01:26:00","10","Ammonium",0.55,"mg/L",24.7883,-80.8644,0
"4260","60422","SFER","03/03/2023 02:49:00","13","Ammonium",0.72,"mg/L",24.7016,-81.0292,0
"4261","60432","SFER","03/03/2023 03:01:00","14","Ammonium",0.4,"mg/L",24.6752,-81.0235,0
"4262","60442","SFER","03/03/2023 03:14:00","15","Ammonium",0.33,"mg/L",24.6442,-81.0162,0
"4263","60452","SFER","03/03/2023 03:44:00","15.5","Ammonium",0.59,"mg/L",24.5922,-80.9917,0
"4264","60473","SFER","03/03/2023 05:33:00","18","Ammonium",0.36,"mg/L",24.5988,-81.1806,0
"4265","60482","SFER","03/03/2023 06:10:00","17","Ammonium",0.42,"mg/L",24.6346,-81.1931,0
"4266","60493","SFER","03/03/2023 06:49:00","16","Ammonium",0.41,"mg/L",24.6699,-81.2012,0
"4267","60502","SFER","03/03/2023 10:11:00","70","Ammonium",0.37,"mg/L",24.9295,-81.0361,0
"4268","60518","SFER","03/03/2023 10:34:00","69","Ammonium",0.35,"mg/L",24.9293,-81.0932,0
"4269","60523","SFER","03/03/2023 11:10:00","68","Ammonium",0.57,"mg/L",24.9309,-81.167,0
"4270","60532","SFER","03/03/2023 11:59:00","67","Ammonium",0.78,"mg/L",25.0299,-81.1291,0
"4271","60542","SFER","03/03/2023 12:16:00","66","Ammonium",0.49,"mg/L",25.0682,-81.1107,0
"4272","60553","SFER","03/03/2023 12:34:00","65","Ammonium",1.03,"mg/L",25.0951,-81.098,0
"4273","60563","SFER","03/03/2023 13:29:00","64","Ammonium",0.94,"mg/L",25.1665,-81.1572,0
"4274","60572","SFER","03/03/2023 13:57:00","63","Ammonium",0.43,"mg/L",25.1668,-81.1986,0
"4275","60582","SFER","03/03/2023 14:10:00","62","Ammonium",0.43,"mg/L",25.1668,-81.2338,0
"4276","60592","SFER","03/03/2023 14:25:00","61","Ammonium",0.54,"mg/L",25.1668,-81.2772,0
"4277","606111","SFER","03/03/2023 14:54:00","60","Ammonium",0.68,"mg/L",25.1683,-81.336,0
"4278","60622","SFER","03/03/2023 16:08:00","59","Ammonium",0.74,"mg/L",25.1663,-81.4919,0
"4279","60643","SFER","03/03/2023 17:14:00","58","Ammonium",0.27,"mg/L",25.1673,-81.6538,0
"4280","60663","SFER","03/03/2023 18:38:00","57.3","Ammonium",0.2,"mg/L",25.3507,-81.6531,0
"4281","60683","SFER","03/03/2023 20:06:00","57.2","Ammonium",0.3,"mg/L",25.3511,-81.4897,0
"4282","60703","SFER","03/03/2023 21:25:00","57.1","Ammonium",0.26,"mg/L",25.3503,-81.3386,0
"4283","607111","SFER","03/03/2023 22:14:00","57","Ammonium",0.46,"mg/L",25.3534,-81.2618,0
"4284","60723","SFER","03/03/2023 22:43:00","56","Ammonium",0.45,"mg/L",25.3496,-81.2276,0
"4285","60733","SFER","03/03/2023 23:04:00","55","Ammonium",0.38,"mg/L",25.3502,-81.1978,0
"4286","60743","SFER","03/03/2023 23:44:00","54","Ammonium",0.33,"mg/L",25.3405,-81.1573,0
"4287","60753","SFER","03/04/2023 01:07:00","53","Ammonium",0.255,"mg/L",25.4542,-81.228,0
"4288","60762","SFER","03/04/2023 01:25:00","52","Ammonium",2.1,"mg/L",25.4535,-81.2601,0
"4289","60773","SFER","03/04/2023 01:45:00","51","Ammonium",0.68,"mg/L",25.4539,-81.3083,0
"4290","60782","SFER","03/04/2023 02:07:00","50","Ammonium",0.84,"mg/L",25.4534,-81.3499,0
"4291","60793","SFER","03/04/2023 03:05:00","49","Ammonium",0.535,"mg/L",25.5836,-81.2923,0
"4292","60803","SFER","03/04/2023 03:42:00","47","Ammonium",0.78,"mg/L",25.5839,-81.3666,0
"4293","608110","SFER","03/04/2023 03:42:00","48","Ammonium",0.96,"mg/L",25.5839,-81.3666,0
"4294","60822","SFER","03/04/2023 04:05:00","46","Ammonium",0.53,"mg/L",25.5835,-81.4082,0
"4295","60843","SFER","03/04/2023 04:30:00","45","Ammonium",0.33,"mg/L",25.5832,-81.4707,0
"4296","60852","SFER","03/04/2023 05:56:00","39","Ammonium",0.47,"mg/L",25.7805,-81.4837,0
"4297","60862","SFER","03/04/2023 06:13:00","40","Ammonium",0.59,"mg/L",25.7592,-81.5245,0
"4298","60873","SFER","03/04/2023 06:38:00","41","Ammonium",0.61,"mg/L",25.733,-81.5739,0
"4299","60882","SFER","03/04/2023 07:54:00","42","Ammonium",0.42,"mg/L",25.6542,-81.7174,0
"4300","60903","SFER","03/04/2023 09:27:00","31","Ammonium",0.32,"mg/L",25.7423,-81.939,0
"4301","609110","SFER","03/04/2023 10:33:00","32","Ammonium",0.43,"mg/L",25.8709,-81.8308,0
"4302","60933","SFER","03/04/2023 11:00:00","33","Ammonium",0.89,"mg/L",25.9105,-81.8012,0
"4303","60942","SFER","03/04/2023 11:27:00","34","Ammonium",1.58,"mg/L",25.9504,-81.7689,0
"4304","60963","SFER","03/04/2023 14:45:00","CAL5","Ammonium",0.33,"mg/L",26.1842,-82.2148,0
"4305","60983","SFER","03/04/2023 15:38:00","CAL4","Ammonium",0.34,"mg/L",26.2559,-82.1386,0
"4306","610012","SFER","03/04/2023 16:43:00","CAL3","Ammonium",0.88,"mg/L",26.3408,-82.0461,0
"4307","61023","SFER","03/04/2023 17:19:00","CAL2","Ammonium",0.34,"mg/L",26.3828,-82.0011,0
"4308","61033","SFER","03/04/2023 17:59:00","CAL1","Ammonium",0.7,"mg/L",26.4245,-81.9607,0
"4309","61053","SFER","03/04/2023 20:23:00","RP1","Ammonium",0.82,"mg/L",26.5434,-82.2159,0
"4310","61073","SFER","03/04/2023 20:48:00","RP2","Ammonium",0.64,"mg/L",26.554,-82.2527,0
"4311","61093","SFER","03/04/2023 21:31:00","RP3","Ammonium",0.84,"mg/L",26.5534,-82.329,0
"4312","611111","SFER","03/04/2023 23:02:00","BG1","Ammonium",1.04,"mg/L",26.7101,-82.2656,0
"4313","61133","SFER","03/04/2023 23:46:00","BG2","Ammonium",1.825,"mg/L",26.6898,-82.338,0
"4314","61153","SFER","03/05/2023 00:34:00","BG3","Ammonium",0.44,"mg/L",26.6687,-82.4173,0
"4315","61173","SFER","03/05/2023 01:33:00","RP4","Ammonium",0.49,"mg/L",26.578,-82.4972,0
"4316","61193","SFER","03/05/2023 02:17:00","BG4","Ammonium",0.33,"mg/L",26.6303,-82.5559,0
"4317","612111","SFER","03/05/2023 03:35:00","GP5","Ammonium",0.56,"mg/L",26.5957,-82.6942,0
"4318","61233","SFER","03/05/2023 04:59:00","BG6","Ammonium",0.59,"mg/L",26.5438,-82.8694,0
"4319","61253","SFER","03/05/2023 06:17:00","BG7","Ammonium",0.54,"mg/L",26.4935,-83.0354,0
"4320","61273","SFER","03/05/2023 08:14:00","V9","Ammonium",0.4,"mg/L",26.7294,-83.1,0
"4321","61293","SFER","03/05/2023 09:36:00","V8","Ammonium",0.24,"mg/L",26.8359,-82.954,0
"4322","613111","SFER","03/05/2023 10:21:00","V7","Ammonium",0.65,"mg/L",26.8747,-82.8914,0
"4323","61333","SFER","03/05/2023 11:04:00","V6","Ammonium",0.36,"mg/L",26.9148,-82.8223,0
"4324","61353","SFER","03/05/2023 11:51:00","V5","Ammonium",0.27,"mg/L",26.9524,-82.7533,0
"4325","61373","SFER","03/05/2023 12:33:00","V4","Ammonium",0.35,"mg/L",26.9945,-82.6807,0
"4326","61393","SFER","03/05/2023 13:16:00","V3","Ammonium",0.66,"mg/L",27.0309,-82.6192,0
"4327","614111","SFER","03/05/2023 13:57:00","V2","Ammonium",0.32,"mg/L",27.0726,-82.5466,0
"4328","61433","SFER","03/05/2023 14:41:00","V1","Ammonium",0.43,"mg/L",27.1083,-82.4828,0
"4329","61453","SFER","03/05/2023 16:17:00","L1","Ammonium",0.33,"mg/L",27.3026,-82.5919,0
"4330","61473","SFER","03/05/2023 17:45:00","L3","Ammonium",0.34,"mg/L",27.2215,-82.7737,0
"4331","61493","SFER","03/05/2023 19:09:00","L5","Ammonium",0.42,"mg/L",27.1358,-82.9525,0
"4332","615111","SFER","03/05/2023 20:36:00","L7","Ammonium",0.38,"mg/L",27.0574,-83.1342,0
"4333","61533","SFER","03/05/2023 22:06:00","L9","Ammonium",0.71,"mg/L",26.9713,-83.3132,0
"4334","61553","SFER","03/06/2023 12:47:00","AMI1","Ammonium",0.27,"mg/L",27.499,-82.7526,0
"4335","61573","SFER","03/06/2023 13:37:00","AMI2","Ammonium",0.3,"mg/L",27.4591,-82.8444,0
"4336","61593","SFER","03/06/2023 14:29:00","AMI3","Ammonium",0.29,"mg/L",27.4214,-82.9354,0
"4337","616111","SFER","03/06/2023 15:19:00","AMI4","Ammonium",1.06,"mg/L",27.3812,-83.0326,0
"4338","61633","SFER","03/06/2023 16:14:00","AMI5","Ammonium",0.47,"mg/L",27.3416,-83.1253,0
"4339","61653","SFER","03/06/2023 17:04:00","AMI6","Ammonium",0.3,"mg/L",27.3055,-83.2208,0
"4340","61673","SFER","03/06/2023 17:58:00","AMI7","Ammonium",0.31,"mg/L",27.267,-83.3137,0
"4341","61693","SFER","03/06/2023 18:47:00","AMI8","Ammonium",0.73,"mg/L",27.2292,-83.4086,0
"4342","617111","SFER","03/06/2023 19:42:00","AMI9","Ammonium",0.3,"mg/L",27.1915,-83.5014,0
"4343","61733","SFER","03/06/2023 22:49:00","TB10","Ammonium",0.595,"mg/L",27.6149,-83.4904,0
"4344","61753","SFER","03/07/2023 01:43:00","TB5","Ammonium",0.32,"mg/L",27.6201,-83.2974,0
"4345","61763","SFER","03/07/2023 01:49:00","CW7","Ammonium",0.37,"mg/L",28.0119,-83.5678,0
"4346","61783","SFER","03/07/2023 02:52:00","TB4","Ammonium",0.29,"mg/L",27.6174,-83.1287,0
"4347","61803","SFER","03/07/2023 03:57:00","TB3","Ammonium",0.27,"mg/L",27.6698,-83.0026,0
"4348","61823","SFER","03/07/2023 04:36:00","ROME4","Ammonium",0.36,"mg/L",27.6497,-82.9214,0
"4349","61843","SFER","03/07/2023 05:13:00","ROME5","Ammonium",0.51,"mg/L",27.6484,-82.8397,0
"4350","61863","SFER","03/07/2023 06:13:00","TB2","Ammonium",0.61,"mg/L",27.7364,-82.9246,0
"4351","61883","SFER","03/07/2023 07:02:00","TB1","Ammonium",0.605,"mg/L",27.7997,-82.882,0
"4352","61893","SFER","03/07/2023 08:44:00","CW1","Ammonium",0.41,"mg/L",28.0065,-82.8489,0
"4353","61913","SFER","03/07/2023 09:10:00","CW2","Ammonium",0.53,"mg/L",28.0171,-82.892,0
"4354","61933","SFER","03/07/2023 09:47:00","CW3","Ammonium",0.32,"mg/L",28.0091,-82.9557,0
"4355","61953","SFER","03/07/2023 10:34:00","CW4","Ammonium",0.33,"mg/L",28.0115,-83.0759,0
"4356","61973","SFER","03/07/2023 11:37:00","CW5","Ammonium",0.36,"mg/L",28.0104,-83.2392,0
"4357","61993","SFER","03/07/2023 12:42:00","CW6","Ammonium",0.43,"mg/L",28.0106,-83.4034,0
"4358","62023","SFER","03/08/2023 04:06:00","CAL6","Ammonium",1.11,"mg/L",25.9399,-82.4816,0
"4359","62032","SFER","03/08/2023 07:29:00","30.5","Ammonium",0.74,"mg/L",25.5715,-82.0758,0
"4360","62053","SFER","03/08/2023 08:54:00","30","Ammonium",0.06,"mg/L",25.4025,-82.2101,0
"4361","62073","SFER","03/08/2023 11:52:00","KW4","Ammonium",0.38,"mg/L",25.0095,-82.0389,0
"4362","62082","SFER","03/08/2023 13:17:00","KW3","Ammonium",0.32,"mg/L",24.8188,-81.9577,0
"4363","621011","SFER","03/08/2023 13:56:00","KW2","Ammonium",0.35,"mg/L",24.7292,-81.9149,0
"4364","62123","SFER","03/08/2023 14:37:00","KW1","Ammonium",0.8,"mg/L",24.6532,-81.9032,0
"4365","62132","SFER","03/08/2023 15:41:00","24","Ammonium",0.39,"mg/L",24.5384,-81.829,0
"4366","62142","SFER","03/08/2023 16:00:00","23","Ammonium",0.33,"mg/L",24.4886,-81.8279,0
"4367","62152","SFER","03/08/2023 16:12:00","22","Ammonium",0.59,"mg/L",24.4571,-81.8283,0
"4368","62162","SFER","03/08/2023 16:34:00","22.5","Ammonium",0.31,"mg/L",24.3985,-81.8288,0
"4369","62183","SFER","03/08/2023 17:51:00","WS","Ammonium",0.23,"mg/L",24.4748,-81.715,0
"4370","62192","SFER","03/08/2023 20:01:00","21.5","Ammonium",0.54,"mg/L",24.483,-81.394,0
"4371","622111","SFER","03/08/2023 20:33:00","21LK","Ammonium",0.35,"mg/L",24.5328,-81.4141,0
"4372","62222","SFER","03/08/2023 21:10:00","20","Ammonium",0.35,"mg/L",24.5758,-81.419,0
"4373","62232","SFER","03/08/2023 21:23:00","19","Ammonium",0.68,"mg/L",24.609,-81.4215,0
"4374","62242","SFER","03/09/2023 06:22:00","4","Ammonium",0.5,"mg/L",25.1065,-80.3806,0
"4375","62252","SFER","03/09/2023 06:36:00","5","Ammonium",0.68,"mg/L",25.1102,-80.3561,0
"4376","62273","SFER","05/18/2023 14:15:00","ROME5","Ammonium",0.22,"mg/L",27.6495,-82.8362,0
"4377","62293","SFER","05/18/2023 14:54:00","ROME4","Ammonium",0.03,"mg/L",27.6498,-82.9208,0
"4378","623111","SFER","05/18/2023 15:41:00","TB3","Ammonium",0.18,"mg/L",27.6719,-83.0001,0
"4379","62333","SFER","05/18/2023 16:56:00","TB4","Ammonium",0.18,"mg/L",27.617,-83.13,0
"4380","62353","SFER","05/18/2023 18:24:00","TB5","Ammonium",0.06,"mg/L",27.6171,-83.3002,0
"4381","62373","SFER","05/18/2023 22:58:00","TB10","Ammonium",0.35,"mg/L",27.6203,-83.49,0
"4382","62393","SFER","05/19/2023 01:47:00","CW7","Ammonium",0.2,"mg/L",28.0122,-83.5688,0
"4383","624111","SFER","05/19/2023 02:54:00","CW6","Ammonium",0.07,"mg/L",28.0121,-83.405,0
"4384","62433","SFER","05/19/2023 04:00:00","CW5","Ammonium",0.15,"mg/L",28.0121,-83.24,0
"4385","62453","SFER","05/19/2023 05:04:00","CW4","Ammonium",0.53,"mg/L",28.0119,-83.0789,0
"4386","62473","SFER","05/19/2023 06:14:00","CW3","Ammonium",1.96,"mg/L",28.0098,-82.9598,0
"4387","62493","SFER","05/19/2023 06:58:00","CW2","Ammonium",2.18,"mg/L",28.0162,-82.8919,0
"4388","62503","SFER","05/19/2023 07:42:00","CW1","Ammonium",1.465,"mg/L",28.0097,-82.8483,0
"4389","62523","SFER","05/19/2023 10:00:00","TB1","Ammonium",0.68,"mg/L",27.8013,-82.8816,0
"4390","62543","SFER","05/19/2023 10:42:00","TB2","Ammonium",0.31,"mg/L",27.7399,-82.9279,0
"4391","62563","SFER","05/19/2023 12:57:00","AMI1","Ammonium",0.25,"mg/L",27.4966,-82.7508,0
"4392","62583","SFER","05/19/2023 13:46:00","AMI2","Ammonium",0.38,"mg/L",27.4584,-82.8452,0
"4393","62603","SFER","05/19/2023 14:40:00","AMI3","Ammonium",0.51,"mg/L",27.4203,-82.9382,0
"4394","62623","SFER","05/19/2023 15:30:00","AMI4","Ammonium",0.18,"mg/L",27.3815,-83.0332,0
"4395","62643","SFER","05/19/2023 16:28:00","AMI5","Ammonium",0.36,"mg/L",27.3411,-83.132,0
"4396","62663","SFER","05/19/2023 17:18:00","AMI6","Ammonium",0.63,"mg/L",27.3048,-83.2217,0
"4397","62683","SFER","05/19/2023 18:10:00","AMI7","Ammonium",0.24,"mg/L",27.2668,-83.3147,0
"4398","62703","SFER","05/19/2023 18:59:00","AMI8","Ammonium",0.215,"mg/L",27.2277,-83.4107,0
"4399","62723","SFER","05/19/2023 19:52:00","AMI9","Ammonium",0.01,"mg/L",27.1895,-83.5029,0
"4400","62743","SFER","05/19/2023 22:02:00","L9","Ammonium",0.2,"mg/L",26.9708,-83.3137,0
"4401","62763","SFER","05/19/2023 23:22:00","L7","Ammonium",0.16,"mg/L",27.055,-83.1346,0
"4402","62783","SFER","05/20/2023 00:49:00","L5","Ammonium",0.11,"mg/L",27.1346,-82.9533,0
"4403","62803","SFER","05/20/2023 02:10:00","L3","Ammonium",0.04,"mg/L",27.2206,-82.7735,0
"4404","62823","SFER","05/20/2023 03:32:00","L1","Ammonium",0.18,"mg/L",27.3012,-82.5931,0
"4405","62843","SFER","05/20/2023 05:22:00","V1","Ammonium",0.16,"mg/L",27.1102,-82.4774,0
"4406","62863","SFER","05/20/2023 06:03:00","V2","Ammonium",0.22,"mg/L",27.0715,-82.5461,0
"4407","62883","SFER","05/20/2023 06:53:00","V3","Ammonium",0.27,"mg/L",27.0324,-82.6144,0
"4408","62903","SFER","05/20/2023 07:38:00","V4","Ammonium",0.26,"mg/L",26.9939,-82.6838,0
"4409","62923","SFER","05/20/2023 08:23:00","V5","Ammonium",0.15,"mg/L",26.9556,-82.7507,0
"4410","62943","SFER","05/20/2023 09:08:00","V6","Ammonium",0.53,"mg/L",26.9155,-82.8212,0
"4411","62963","SFER","05/20/2023 09:55:00","V7","Ammonium",0.75,"mg/L",26.8771,-82.8888,0
"4412","62983","SFER","05/20/2023 10:42:00","V8","Ammonium",0.23,"mg/L",26.83,-82.96,0
"4413","63003","SFER","05/20/2023 12:03:00","V9","Ammonium",0.38,"mg/L",26.7298,-83.0996,0
"4414","63023","SFER","05/20/2023 13:55:00","BG7","Ammonium",0.48,"mg/L",26.4929,-83.0362,0
"4415","63043","SFER","05/20/2023 15:09:00","BG6","Ammonium",0.41,"mg/L",26.5438,-82.8702,0
"4416","63063","SFER","05/20/2023 16:31:00","GP5","Ammonium",0.3,"mg/L",26.5958,-82.6962,0
"4417","63083","SFER","05/20/2023 17:36:00","BG4","Ammonium",0.22,"mg/L",26.631,-82.5551,0
"4418","631012","SFER","05/20/2023 18:13:00","RP4","Ammonium",0.24,"mg/L",26.5781,-82.4981,0
"4419","63123","SFER","05/20/2023 19:14:00","BG3","Ammonium",0.24,"mg/L",26.6679,-82.4171,0
"4420","63143","SFER","05/20/2023 19:55:00","BG2","Ammonium",0.26,"mg/L",26.6888,-82.3388,0
"4421","63163","SFER","05/20/2023 20:58:00","BG1","Ammonium",0.02,"mg/L",26.7081,-82.2639,0
"4422","63183","SFER","05/20/2023 22:15:00","RP3","Ammonium",0.16,"mg/L",26.5507,-82.3308,0
"4423","63203","SFER","05/20/2023 22:50:00","RP2","Ammonium",0.06,"mg/L",26.5529,-82.2548,0
"4424","632111","SFER","05/20/2023 23:15:00","RP1","Ammonium",0.075,"mg/L",26.5434,-82.2138,0
"4425","63223","SFER","05/21/2023 01:43:00","CAL1","Ammonium",0.15,"mg/L",26.4261,-81.9596,0
"4426","63243","SFER","05/21/2023 02:19:00","CAL2","Ammonium",0.09,"mg/L",26.3829,-82.0001,0
"4427","63263","SFER","05/21/2023 02:59:00","CAL3","Ammonium",0.09,"mg/L",26.3422,-82.0437,0
"4428","63283","SFER","05/21/2023 03:59:00","CAL4","Ammonium",0.53,"mg/L",26.2542,-82.1376,0
"4429","63303","SFER","05/21/2023 04:56:00","CAL5","Ammonium",0.03,"mg/L",26.1832,-82.2167,0
"4430","633110","SFER","05/21/2023 08:19:00","34","Ammonium",0.38,"mg/L",25.9435,-81.7698,0
"4431","63333","SFER","05/21/2023 08:45:00","33","Ammonium",0.67,"mg/L",25.913,-81.7999,0
"4432","63342","SFER","05/21/2023 09:13:00","32","Ammonium",0.03,"mg/L",25.8727,-81.8334,0
"4433","63363","SFER","05/21/2023 10:25:00","31","Ammonium",0.09,"mg/L",25.7417,-81.9431,0
"4434","63372","SFER","05/21/2023 12:07:00","42","Ammonium",0.67,"mg/L",25.656,-81.7202,0
"4435","63393","SFER","05/21/2023 13:18:00","41","Ammonium",0.17,"mg/L",25.733,-81.5756,0
"4436","63402","SFER","05/21/2023 13:53:00","40","Ammonium",0.26,"mg/L",25.7607,-81.5216,0
"4437","634110","SFER","05/21/2023 14:18:00","39","Ammonium",0.35,"mg/L",25.7821,-81.4835,0
"4438","63433","SFER","05/21/2023 15:59:00","45","Ammonium",0.18,"mg/L",25.5841,-81.4704,0
"4439","63442","SFER","05/21/2023 16:31:00","46","Ammonium",0.3,"mg/L",25.583,-81.4107,0
"4440","63463","SFER","05/21/2023 16:47:00","47","Ammonium",0.99,"mg/L",25.5829,-81.3667,0
"4441","63472","SFER","05/21/2023 17:07:00","48","Ammonium",0.13,"mg/L",25.583,-81.3304,0
"4442","63483","SFER","05/21/2023 17:26:00","49","Ammonium",0.15,"mg/L",25.5827,-81.2913,0
"4443","63492","SFER","05/21/2023 18:34:00","50","Ammonium",0.1,"mg/L",25.4534,-81.3498,0
"4444","63503","SFER","05/21/2023 18:51:00","51","Ammonium",1.12,"mg/L",25.4529,-81.3078,0
"4445","635110","SFER","05/21/2023 19:15:00","52","Ammonium",0.15,"mg/L",25.453,-81.2584,0
"4446","63523","SFER","05/21/2023 19:32:00","53","Ammonium",0.06,"mg/L",25.453,-81.2251,0
"4447","63533","SFER","05/21/2023 21:43:00","54","Ammonium",0.1,"mg/L",25.3447,-81.1543,0
"4448","63543","SFER","05/21/2023 22:41:00","55","Ammonium",0.12,"mg/L",25.35,-81.1943,0
"4449","63553","SFER","05/21/2023 23:00:00","56","Ammonium",0.15,"mg/L",25.3504,-81.2269,0
"4450","63563","SFER","05/21/2023 23:28:00","57","Ammonium",0.11,"mg/L",25.3523,-81.265,0
"4451","63573","SFER","05/22/2023 00:03:00","57.1","Ammonium",0.19,"mg/L",25.3521,-81.3362,0
"4452","63593","SFER","05/22/2023 01:01:00","57.2","Ammonium",0.21,"mg/L",25.352,-81.4895,0
"4453","636111","SFER","05/22/2023 02:17:00","57.3","Ammonium",0.01,"mg/L",25.3517,-81.6546,0
"4454","63633","SFER","05/22/2023 03:40:00","58","Ammonium",0.07,"mg/L",25.167,-81.6525,0
"4455","63642","SFER","05/22/2023 04:40:00","59","Ammonium",0.49,"mg/L",25.167,-81.4898,0
"4456","63663","SFER","05/22/2023 05:34:00","60","Ammonium",0.09,"mg/L",25.1666,-81.3344,0
"4457","63672","SFER","05/22/2023 06:00:00","61","Ammonium",0.19,"mg/L",25.167,-81.276,0
"4458","63682","SFER","05/22/2023 06:15:00","62","Ammonium",0.58,"mg/L",25.167,-81.2339,0
"4459","63692","SFER","05/22/2023 06:27:00","63","Ammonium",0.39,"mg/L",25.167,-81.1995,0
"4460","63703","SFER","05/22/2023 06:47:00","64","Ammonium",0.42,"mg/L",25.1665,-81.1572,0
"4461","637111","SFER","05/22/2023 08:09:00","65","Ammonium",0.34,"mg/L",25.1013,-81.0928,0
"4462","63722","SFER","05/22/2023 08:30:00","66","Ammonium",0.32,"mg/L",25.0692,-81.1075,0
"4463","63732","SFER","05/22/2023 08:48:00","67","Ammonium",0.25,"mg/L",25.0312,-81.1266,0
"4464","63743","SFER","05/22/2023 09:39:00","68","Ammonium",0.47,"mg/L",24.9305,-81.1667,0
"4465","63752","SFER","05/22/2023 10:09:00","69","Ammonium",0.49,"mg/L",24.93,-81.0937,0
"4466","63762","SFER","05/22/2023 10:37:00","70","Ammonium",0.24,"mg/L",24.9298,-81.0264,0
"4467","63783","SFER","05/22/2023 13:35:00","16","Ammonium",0.62,"mg/L",24.6697,-81.2021,0
"4468","63792","SFER","05/22/2023 13:56:00","17","Ammonium",0.68,"mg/L",24.6353,-81.1931,0
"4469","638111","SFER","05/22/2023 14:16:00","18","Ammonium",0.21,"mg/L",24.5984,-81.1807,0
"4470","63822","SFER","05/22/2023 15:39:00","15.5","Ammonium",0.15,"mg/L",24.5926,-80.9908,0
"4471","63832","SFER","05/22/2023 16:01:00","15","Ammonium",0.41,"mg/L",24.6415,-81.0168,0
"4472","63842","SFER","05/22/2023 16:15:00","14","Ammonium",0.1,"mg/L",24.6752,-81.0234,0
"4473","63852","SFER","05/22/2023 16:27:00","13","Ammonium",0.01,"mg/L",24.6992,-81.0304,0
"4474","63873","SFER","05/22/2023 17:39:00","10","Ammonium",0.46,"mg/L",24.788,-80.8599,0
"4475","63882","SFER","05/22/2023 18:01:00","11","Ammonium",0.26,"mg/L",24.7547,-80.8469,0
"4476","63903","SFER","05/22/2023 18:20:00","12","Ammonium",0.05,"mg/L",24.713,-80.8312,0
"4477","63933","SFER","05/22/2023 19:29:00","9.5","Ammonium",0.15,"mg/L",24.7172,-80.6901,0
"4478","63953","SFER","05/22/2023 20:19:00","9","Ammonium",0.18,"mg/L",24.7631,-80.7231,0
"4479","63962","SFER","05/22/2023 22:18:00","8","Ammonium",0.03,"mg/L",24.7918,-80.7428,0
"4480","63973","SFER","05/22/2023 22:34:00","7","Ammonium",0.47,"mg/L",24.8208,-80.7571,0
"4481","63982","SFER","05/23/2023 00:05:00","UKIN","Ammonium",0.29,"mg/L",24.9397,-80.5702,0
"4482","63992","SFER","05/23/2023 00:18:00","UKMID","Ammonium",0.33,"mg/L",24.9218,-80.547,0
"4483","64002","SFER","05/23/2023 00:29:00","UKOFF","Ammonium",0.2,"mg/L",24.899,-80.5293,0
"4484","640110","SFER","05/23/2023 02:14:00","6.5","Ammonium",0.18,"mg/L",25.0464,-80.2881,0
"4485","64022","SFER","05/23/2023 02:25:00","6","Ammonium",0.03,"mg/L",25.064,-80.3135,0
"4486","64032","SFER","05/23/2023 02:36:00","5.5","Ammonium",0.42,"mg/L",25.0794,-80.3332,0
"4487","64053","SFER","05/23/2023 03:33:00","MR","Ammonium",0.21,"mg/L",25.0099,-80.3797,0
"4488","64062","SFER","05/23/2023 05:11:00","5","Ammonium",0.55,"mg/L",25.0924,-80.356,0
"4489","64072","SFER","05/23/2023 05:23:00","4","Ammonium",0.4,"mg/L",25.1073,-80.3788,0
"4490","64082","SFER","05/23/2023 07:24:00","EKIN","Ammonium",0.33,"mg/L",25.335,-80.2272,0
"4491","64092","SFER","05/23/2023 07:43:00","EKMID","Ammonium",0.12,"mg/L",25.3144,-80.1961,0
"4492","641010","SFER","05/23/2023 07:59:00","EKOFF","Ammonium",0.22,"mg/L",25.2948,-80.1639,0
"4493","641110","SFER","05/23/2023 10:15:00","3","Ammonium",0.49,"mg/L",25.6422,-80.083,0
"4494","64133","SFER","05/23/2023 10:29:00","2","Ammonium",0.63,"mg/L",25.6422,-80.1051,0
"4495","64142","SFER","05/23/2023 10:45:00","1","Ammonium",0.49,"mg/L",25.6434,-80.1263,0
"4496","64152","SFER","05/23/2023 22:34:00","19","Ammonium",0.96,"mg/L",24.6096,-81.4206,0
"4497","64162","SFER","05/23/2023 22:49:00","20","Ammonium",0.6,"mg/L",24.5763,-81.4182,0
"4498","64183","SFER","05/23/2023 23:14:00","21LK","Ammonium",0.33,"mg/L",24.538,-81.4132,0
"4499","64192","SFER","05/24/2023 00:01:00","21.5","Ammonium",0.45,"mg/L",24.4841,-81.3929,0
"4500","642111","SFER","05/24/2023 02:08:00","WS","Ammonium",0.4,"mg/L",24.4781,-81.7168,0
"4501","64222","SFER","05/24/2023 03:22:00","22.5","Ammonium",0.59,"mg/L",24.3983,-81.826,0
"4502","64232","SFER","05/24/2023 03:46:00","22","Ammonium",0.06,"mg/L",24.4532,-81.828,0
"4503","64242","SFER","05/24/2023 03:58:00","23","Ammonium",0.84,"mg/L",24.4856,-81.828,0
"4504","64252","SFER","05/24/2023 04:18:00","24","Ammonium",0.27,"mg/L",24.5354,-81.828,0
"4505","64273","SFER","05/24/2023 05:15:00","KW1","Ammonium",0.44,"mg/L",24.6536,-81.9037,0
"4506","64293","SFER","05/24/2023 05:55:00","KW2","Ammonium",0.39,"mg/L",24.7274,-81.9164,0
"4507","64302","SFER","05/24/2023 06:46:00","KW3","Ammonium",0.02,"mg/L",24.8212,-81.9567,0
"4508","64323","SFER","05/24/2023 08:19:00","KW4","Ammonium",0.91,"mg/L",25.014,-82.0404,0
"4509","64343","SFER","05/24/2023 11:26:00","30","Ammonium",0.28,"mg/L",25.4023,-82.2101,0
"4510","64352","SFER","05/24/2023 12:59:00","30.5","Ammonium",0.2,"mg/L",25.572,-82.0749,0
"4511","64373","SFER","05/24/2023 16:32:00","CAL6","Ammonium",0.455,"mg/L",25.9398,-82.4799,0
"4512","64382","SFER","07/22/2023 10:29:00","1","Ammonium",0.35,"mg/L",25.6447,-80.126,0
"4513","64403","SFER","07/22/2023 10:45:00","2","Ammonium",2.48,"mg/L",25.6423,-80.1031,0
"4514","644110","SFER","07/22/2023 11:02:00","3","Ammonium",0.72,"mg/L",25.6449,-80.0832,0
"4515","64422","SFER","07/22/2023 13:33:00","EKOFF","Ammonium",0.69,"mg/L",25.2926,-80.161,0
"4516","64432","SFER","07/22/2023 13:48:00","EKMID","Ammonium",0.3,"mg/L",25.3126,-80.1945,0
"4517","64442","SFER","07/22/2023 14:02:00","EKIN","Ammonium",0.52,"mg/L",25.3348,-80.2253,0
"4518","64452","SFER","07/22/2023 15:51:00","5","Ammonium",0.83,"mg/L",25.0933,-80.3561,0
"4519","64462","SFER","07/22/2023 16:00:00","4","Ammonium",0.35,"mg/L",25.108,-80.3782,0
"4520","64483","SFER","07/22/2023 17:35:00","MR","Ammonium",0.82,"mg/L",25.0012,-80.356,0
"4521","64492","SFER","07/22/2023 19:11:00","UKOFF","Ammonium",0.38,"mg/L",24.8985,-80.529,0
"4522","64502","SFER","07/22/2023 19:22:00","UKMID","Ammonium",0.23,"mg/L",24.9216,-80.5474,0
"4523","645110","SFER","07/22/2023 19:30:00","UKIN","Ammonium",0.37,"mg/L",24.9357,-80.5646,0
"4524","64523","SFER","07/22/2023 20:59:00","7","Ammonium",0.59,"mg/L",24.8173,-80.7553,0
"4525","64532","SFER","07/22/2023 21:18:00","8","Ammonium",0.06,"mg/L",24.7934,-80.7418,0
"4526","64553","SFER","07/22/2023 21:34:00","9","Ammonium",0.4,"mg/L",24.7635,-80.7219,0
"4527","64583","SFER","07/22/2023 22:08:00","9.5","Ammonium",0.76,"mg/L",24.7171,-80.6891,0
"4528","64603","SFER","07/22/2023 23:23:00","12","Ammonium",0.43,"mg/L",24.7129,-80.8322,0
"4529","646110","SFER","07/22/2023 23:50:00","11","Ammonium",0.39,"mg/L",24.7538,-80.8467,0
"4530","64623","SFER","07/23/2023 00:09:00","10","Ammonium",0.2,"mg/L",24.7873,-80.8634,0
"4531","64632","SFER","07/23/2023 01:31:00","13","Ammonium",0.58,"mg/L",24.701,-81.0299,0
"4532","64642","SFER","07/23/2023 01:43:00","14","Ammonium",0.51,"mg/L",24.6758,-81.0243,0
"4533","64652","SFER","07/23/2023 01:56:00","15","Ammonium",0,"mg/L",24.6434,-81.0165,0
"4534","64662","SFER","07/23/2023 02:18:00","15.5","Ammonium",0.91,"mg/L",24.5922,-80.9914,0
"4535","64683","SFER","07/23/2023 03:33:00","18","Ammonium",0.52,"mg/L",24.598,-81.1843,0
"4536","64692","SFER","07/23/2023 03:57:00","17","Ammonium",0.09,"mg/L",24.6341,-81.1934,0
"4537","647111","SFER","07/23/2023 04:12:00","16","Ammonium",0.465,"mg/L",24.6705,-81.2036,0
"4538","64722","SFER","07/23/2023 05:47:00","19","Ammonium",2.63,"mg/L",24.609,-81.4212,0
"4539","64732","SFER","07/23/2023 06:00:00","20","Ammonium",0.85,"mg/L",24.5754,-81.4194,0
"4540","64753","SFER","07/23/2023 06:32:00","21LK","Ammonium",0.3,"mg/L",24.5355,-81.414,0
"4541","64762","SFER","07/23/2023 07:28:00","21.5","Ammonium",0.62,"mg/L",24.4842,-81.3918,0
"4542","64783","SFER","07/23/2023 09:29:00","WS","Ammonium",0.61,"mg/L",24.4724,-81.7138,0
"4543","64792","SFER","07/23/2023 10:47:00","22.5","Ammonium",0.38,"mg/L",24.3972,-81.8288,0
"4544","64802","SFER","07/23/2023 11:10:00","22","Ammonium",0.2,"mg/L",24.4534,-81.8278,0
"4545","648110","SFER","07/23/2023 11:22:00","23","Ammonium",0.28,"mg/L",24.4877,-81.828,0
"4546","64822","SFER","07/23/2023 11:42:00","24","Ammonium",1.25,"mg/L",24.5358,-81.8288,0
"4547","64843","SFER","07/23/2023 12:44:00","KW1","Ammonium",0.44,"mg/L",24.6549,-81.9048,0
"4548","64863","SFER","07/23/2023 13:22:00","KW2","Ammonium",1.12,"mg/L",24.7285,-81.9176,0
"4549","64872","SFER","07/23/2023 14:07:00","KW3","Ammonium",0.77,"mg/L",24.8198,-81.9571,0
"4550","64893","SFER","07/23/2023 15:30:00","KW4","Ammonium",0.89,"mg/L",24.9965,-82.0379,0
"4551","64923","SFER","07/23/2023 18:37:00","30","Ammonium",0.85,"mg/L",25.4,-82.2072,0
"4552","64932","SFER","07/23/2023 20:05:00","30.5","Ammonium",0.69,"mg/L",25.5714,-82.0741,0
"4553","64953","SFER","07/23/2023 21:39:00","31","Ammonium",1.39,"mg/L",25.7396,-81.9434,0
"4554","64962","SFER","07/23/2023 22:51:00","32","Ammonium",0.21,"mg/L",25.8736,-81.8341,0
"4555","64983","SFER","07/23/2023 23:18:00","33","Ammonium",1.1,"mg/L",25.9081,-81.8034,0
"4556","64992","SFER","07/23/2023 23:46:00","34","Ammonium",0.12,"mg/L",25.9489,-81.7668,0
"4557","65023","SFER","07/24/2023 02:57:00","CAL5","Ammonium",1.01,"mg/L",26.1779,-82.2069,0
"4558","65043","SFER","07/24/2023 03:44:00","CAL4","Ammonium",1.16,"mg/L",26.2544,-82.1368,0
"4559","65063","SFER","07/24/2023 04:44:00","CAL3","Ammonium",0.91,"mg/L",26.3403,-82.0444,0
"4560","65083","SFER","07/24/2023 05:16:00","CAL2","Ammonium",0,"mg/L",26.3831,-82.0009,0
"4561","651011","SFER","07/24/2023 05:54:00","CAL1","Ammonium",0.595,"mg/L",26.425,-81.9613,0
"4562","651111","SFER","07/24/2023 08:14:00","RP1","Ammonium",0.14,"mg/L",26.5458,-82.2131,0
"4563","65133","SFER","07/24/2023 08:40:00","RP2","Ammonium",0.41,"mg/L",26.5525,-82.2558,0
"4564","65153","SFER","07/24/2023 09:19:00","RP3","Ammonium",0.53,"mg/L",26.5516,-82.3312,0
"4565","65173","SFER","07/24/2023 10:47:00","BG1","Ammonium",0.09,"mg/L",26.7109,-82.2647,0
"4566","65193","SFER","07/24/2023 11:33:00","BG2","Ammonium",0.57,"mg/L",26.6893,-82.338,0
"4567","652111","SFER","07/24/2023 12:22:00","BG3","Ammonium",0.42,"mg/L",26.672,-82.4114,0
"4568","65233","SFER","07/24/2023 13:19:00","RP4","Ammonium",0.87,"mg/L",26.5789,-82.4969,0
"4569","65253","SFER","07/24/2023 14:02:00","BG4","Ammonium",0.45,"mg/L",26.6303,-82.5565,0
"4570","65273","SFER","07/24/2023 15:08:00","GP5","Ammonium",0.56,"mg/L",26.5982,-82.6927,0
"4571","65293","SFER","07/24/2023 16:30:00","BG6","Ammonium",0.04,"mg/L",26.5449,-82.8667,0
"4572","653111","SFER","07/24/2023 17:50:00","BG7","Ammonium",0.08,"mg/L",26.4973,-83.0327,0
"4573","65333","SFER","07/24/2023 19:48:00","V9","Ammonium",0.03,"mg/L",26.7306,-83.0972,0
"4574","65363","SFER","07/24/2023 21:03:00","V8","Ammonium",0.01,"mg/L",26.8297,-82.9587,0
"4575","65393","SFER","07/24/2023 21:55:00","V7","Ammonium",0.65,"mg/L",26.8731,-82.8901,0
"4576","65423","SFER","07/24/2023 22:38:00","V6","Ammonium",0.29,"mg/L",26.9163,-82.819,0
"4577","65443","SFER","07/24/2023 23:26:00","V5","Ammonium",0.52,"mg/L",26.9512,-82.7541,0
"4578","65453","SFER","07/25/2023 00:08:00","V4","Ammonium",0.48,"mg/L",26.9948,-82.683,0
"4579","65473","SFER","07/25/2023 00:52:00","V3","Ammonium",0.2,"mg/L",27.0319,-82.6153,0
"4580","65493","SFER","07/25/2023 01:31:00","V2","Ammonium",1.065,"mg/L",27.0703,-82.545,0
"4581","655111","SFER","07/25/2023 02:20:00","V1","Ammonium",0.03,"mg/L",27.1091,-82.4797,0
"4582","65533","SFER","07/25/2023 04:03:00","L1","Ammonium",0.25,"mg/L",27.3033,-82.5951,0
"4583","65553","SFER","07/25/2023 05:28:00","L3","Ammonium",0.16,"mg/L",27.2212,-82.7759,0
"4584","65573","SFER","07/25/2023 06:50:00","L5","Ammonium",0.26,"mg/L",27.1346,-82.9542,0
"4585","65593","SFER","07/25/2023 08:15:00","L7","Ammonium",1.1,"mg/L",27.0548,-83.136,0
"4586","656111","SFER","07/25/2023 09:40:00","L9","Ammonium",1.17,"mg/L",26.9712,-83.3144,0
"4587","65633","SFER","07/25/2023 11:47:00","AMI9","Ammonium",0.59,"mg/L",27.1855,-83.5032,0
"4588","65653","SFER","07/25/2023 12:38:00","AMI8","Ammonium",0.56,"mg/L",27.2282,-83.4092,0
"4589","65673","SFER","07/25/2023 13:32:00","AMI7","Ammonium",0.19,"mg/L",27.2656,-83.3174,0
"4590","65693","SFER","07/25/2023 14:22:00","AMI6","Ammonium",0.62,"mg/L",27.3051,-83.2204,0
"4591","657111","SFER","07/25/2023 15:18:00","AMI5","Ammonium",0.73,"mg/L",27.3451,-83.1234,0
"4592","65733","SFER","07/25/2023 16:05:00","AMI4","Ammonium",0.47,"mg/L",27.3819,-83.0321,0
"4593","65753","SFER","07/25/2023 16:56:00","AMI3","Ammonium",0.01,"mg/L",27.42,-82.9412,0
"4594","65773","SFER","07/25/2023 17:44:00","AMI2","Ammonium",0.51,"mg/L",27.4594,-82.8436,0
"4595","65793","SFER","07/25/2023 18:38:00","AMI1","Ammonium",0.46,"mg/L",27.4969,-82.7504,0
"4596","658111","SFER","07/25/2023 19:59:00","ROME5","Ammonium",0.63,"mg/L",27.6514,-82.837,0
"4597","65833","SFER","07/25/2023 20:37:00","ROME4","Ammonium",0.03,"mg/L",27.6497,-82.9222,0
"4598","65853","SFER","07/25/2023 21:22:00","TB3","Ammonium",0.96,"mg/L",27.671,-82.9969,0
"4599","65873","SFER","07/25/2023 22:22:00","TB4","Ammonium",0.03,"mg/L",27.6174,-83.132,0
"4600","65893","SFER","07/26/2023 01:42:00","TB5","Ammonium",0.8,"mg/L",27.6161,-83.299,0
"4601","659111","SFER","07/26/2023 03:08:00","TB10","Ammonium",0.52,"mg/L",27.6177,-83.4868,0
"4602","65933","SFER","07/26/2023 06:02:00","CW7","Ammonium",0.26,"mg/L",28.012,-83.5675,0
"4603","65953","SFER","07/26/2023 07:08:00","CW6","Ammonium",0.03,"mg/L",28.0112,-83.4044,0
"4604","65973","SFER","07/26/2023 08:15:00","CW5","Ammonium",0.53,"mg/L",28.0112,-83.239,0
"4605","65993","SFER","07/26/2023 09:21:00","CW4","Ammonium",0.39,"mg/L",28.0124,-83.0788,0
"4606","660111","SFER","07/26/2023 10:19:00","CW3","Ammonium",0.17,"mg/L",28.0097,-82.9616,0
"4607","66033","SFER","07/26/2023 10:55:00","CW2","Ammonium",0.1,"mg/L",28.0168,-82.8918,0
"4608","66053","SFER","07/26/2023 11:26:00","CW1","Ammonium",0.81,"mg/L",28.0105,-82.8523,0
"4609","66073","SFER","07/26/2023 13:03:00","TB1","Ammonium",0.055,"mg/L",27.8013,-82.8823,0
"4610","66093","SFER","07/26/2023 13:43:00","TB2","Ammonium",0.72,"mg/L",27.7382,-82.9291,0
"4611","66123","SFER","07/27/2023 03:05:00","CAL6","Ammonium",0.97,"mg/L",25.9456,-82.4839,0
"4612","66132","SFER","07/27/2023 08:22:00","42","Ammonium",0.24,"mg/L",25.6548,-81.7195,0
"4613","66143","SFER","07/27/2023 09:37:00","41","Ammonium",0.61,"mg/L",25.7336,-81.5744,0
"4614","66152","SFER","07/27/2023 10:05:00","40","Ammonium",0.16,"mg/L",25.76,-81.5248,0
"4615","66162","SFER","07/27/2023 10:24:00","39","Ammonium",0.66,"mg/L",25.7831,-81.4814,0
"4616","66183","SFER","07/27/2023 11:49:00","45","Ammonium",0.24,"mg/L",25.5818,-81.4714,0
"4617","66192","SFER","07/27/2023 12:23:00","46","Ammonium",0.26,"mg/L",25.5814,-81.4053,0
"4618","66203","SFER","07/27/2023 12:40:00","47","Ammonium",1.43,"mg/L",25.5831,-81.3657,0
"4619","662110","SFER","07/27/2023 13:00:00","48","Ammonium",0.61,"mg/L",25.5831,-81.3274,0
"4620","66223","SFER","07/27/2023 13:16:00","49","Ammonium",0.63,"mg/L",25.5829,-81.2922,0
"4621","66232","SFER","07/27/2023 14:14:00","50","Ammonium",1.04,"mg/L",25.4547,-81.3491,0
"4622","66243","SFER","07/27/2023 14:32:00","51","Ammonium",0.18,"mg/L",25.4526,-81.3077,0
"4623","66252","SFER","07/27/2023 14:55:00","52","Ammonium",0.54,"mg/L",25.4532,-81.2613,0
"4624","66263","SFER","07/27/2023 15:11:00","53","Ammonium",0.17,"mg/L",25.4532,-81.2289,0
"4625","66273","SFER","07/27/2023 16:32:00","54","Ammonium",0.76,"mg/L",25.3358,-81.1612,0
"4626","66283","SFER","07/27/2023 17:02:00","55","Ammonium",0.38,"mg/L",25.3503,-81.1978,0
"4627","66293","SFER","07/27/2023 17:21:00","56","Ammonium",0.14,"mg/L",25.3502,-81.2288,0
"4628","66303","SFER","07/27/2023 17:50:00","57","Ammonium",0.71,"mg/L",25.35,-81.2655,0
"4629","66323","SFER","07/27/2023 18:29:00","57.1","Ammonium",0.45,"mg/L",25.3501,-81.3375,0
"4630","66343","SFER","07/27/2023 19:36:00","57.2","Ammonium",0,"mg/L",25.3501,-81.4911,0
"4631","66363","SFER","07/27/2023 20:51:00","57.3","Ammonium",0.385,"mg/L",25.3528,-81.6504,0
"4632","66383","SFER","07/27/2023 22:18:00","58","Ammonium",0.5,"mg/L",25.1722,-81.6542,0
"4633","66392","SFER","07/27/2023 23:26:00","59","Ammonium",0.62,"mg/L",25.1668,-81.4896,0
"4634","664111","SFER","07/28/2023 00:25:00","60","Ammonium",0.28,"mg/L",25.1667,-81.3368,0
"4635","66422","SFER","07/28/2023 00:54:00","61","Ammonium",0.11,"mg/L",25.1662,-81.2745,0
"4636","66432","SFER","07/28/2023 01:09:00","62","Ammonium",0.15,"mg/L",25.1667,-81.235,0
"4637","66442","SFER","07/28/2023 01:23:00","63","Ammonium",0.55,"mg/L",25.1663,-81.2002,0
"4638","66453","SFER","07/28/2023 01:42:00","64","Ammonium",0.16,"mg/L",25.1663,-81.1566,0
"4639","66463","SFER","07/28/2023 02:38:00","65","Ammonium",0.32,"mg/L",25.0926,-81.0994,0
"4640","66472","SFER","07/28/2023 02:53:00","66","Ammonium",0.09,"mg/L",25.0685,-81.1096,0
"4641","66482","SFER","07/28/2023 03:10:00","67","Ammonium",0.05,"mg/L",25.0302,-81.1265,0
"4642","66493","SFER","07/28/2023 04:09:00","68","Ammonium",2.15,"mg/L",24.9316,-81.1696,0
"4643","66502","SFER","07/28/2023 04:49:00","69","Ammonium",0.32,"mg/L",24.9304,-81.0952,0
"4644","665110","SFER","07/28/2023 05:18:00","70","Ammonium",1.72,"mg/L",24.9293,-81.0306,0
"4645","66522","SFER","07/28/2023 14:18:00","6.5","Ammonium",0.33,"mg/L",25.0481,-80.2894,0
"4646","66532","SFER","07/28/2023 14:30:00","6","Ammonium",0.76,"mg/L",25.0648,-80.3146,0
"4647","66542","SFER","07/28/2023 14:39:00","5.5","Ammonium",0.71,"mg/L",25.078,-80.3292,0
"4648","66552","SFER","09/16/2023 11:42:00","1","Ammonium",0.7,"mg/L",25.6449,-80.1275,0
"4649","66573","SFER","09/16/2023 11:57:00","2","Ammonium",0.98,"mg/L",25.6431,-80.1038,0
"4650","66582","SFER","09/16/2023 12:11:00","3","Ammonium",0.72,"mg/L",25.6456,-80.0843,0
"4651","66592","SFER","09/16/2023 15:13:00","EKOFF","Ammonium",0.86,"mg/L",25.2906,-80.1659,0
"4652","66602","SFER","09/16/2023 15:27:00","EKMID","Ammonium",0.08,"mg/L",25.3137,-80.195,0
"4653","666110","SFER","09/16/2023 15:40:00","EKIN","Ammonium",0.67,"mg/L",25.3328,-80.2205,0
"4654","66622","SFER","09/16/2023 17:38:00","5","Ammonium",0.33,"mg/L",25.094,-80.3555,0
"4655","66632","SFER","09/16/2023 17:50:00","4","Ammonium",0.34,"mg/L",25.108,-80.3793,0
"4656","66653","SFER","09/16/2023 19:01:00","MR","Ammonium",0.34,"mg/L",25.006,-80.367,0
"4657","66662","SFER","09/16/2023 20:04:00","5.5","Ammonium",0.22,"mg/L",25.0796,-80.3336,0
"4658","66672","SFER","09/16/2023 20:14:00","6","Ammonium",0.21,"mg/L",25.065,-80.3153,0
"4659","66682","SFER","09/16/2023 20:25:00","6.5","Ammonium",0.22,"mg/L",25.0487,-80.2877,0
"4660","667111","SFER","09/16/2023 21:41:00","PLUME","Ammonium",0.87,"mg/L",24.9381,-80.204,0
"4661","66722","SFER","09/17/2023 00:22:00","UKOFF","Ammonium",1.05,"mg/L",24.8975,-80.529,0
"4662","66732","SFER","09/17/2023 00:33:00","UKMID","Ammonium",0.94,"mg/L",24.9205,-80.5465,0
"4663","66742","SFER","09/17/2023 00:42:00","UKIN","Ammonium",0.8,"mg/L",24.9359,-80.5652,0
"4664","66753","SFER","09/17/2023 02:13:00","7","Ammonium",0.85,"mg/L",24.8155,-80.755,0
"4665","66762","SFER","09/17/2023 02:30:00","8","Ammonium",0.4,"mg/L",24.793,-80.7405,0
"4666","66783","SFER","09/17/2023 02:46:00","9","Ammonium",0.83,"mg/L",24.7628,-80.722,0
"4667","66823","SFER","09/17/2023 03:20:00","9.5","Ammonium",0.24,"mg/L",24.7159,-80.6868,0
"4668","66843","SFER","09/17/2023 04:37:00","12","Ammonium",0.505,"mg/L",24.7131,-80.8313,0
"4669","66852","SFER","09/17/2023 05:03:00","11","Ammonium",0.3,"mg/L",24.7526,-80.8472,0
"4670","66863","SFER","09/17/2023 05:21:00","10","Ammonium",0.74,"mg/L",24.7889,-80.8638,0
"4671","66872","SFER","09/17/2023 06:48:00","13","Ammonium",0.31,"mg/L",24.7011,-81.0297,0
"4672","66882","SFER","09/17/2023 07:00:00","14","Ammonium",0.17,"mg/L",24.6751,-81.0237,0
"4673","66892","SFER","09/17/2023 07:14:00","15","Ammonium",0.21,"mg/L",24.6435,-81.0154,0
"4674","66902","SFER","09/17/2023 07:37:00","15.5","Ammonium",0.35,"mg/L",24.5936,-80.991,0
"4675","66923","SFER","09/17/2023 09:04:00","18","Ammonium",1.26,"mg/L",24.5992,-81.1836,0
"4676","66932","SFER","09/17/2023 09:28:00","17","Ammonium",0.49,"mg/L",24.634,-81.1927,0
"4677","66953","SFER","09/17/2023 09:48:00","16","Ammonium",0.61,"mg/L",24.6711,-81.2031,0
"4678","66962","SFER","09/17/2023 11:28:00","19","Ammonium",0.47,"mg/L",24.6094,-81.4212,0
"4679","66972","SFER","09/17/2023 11:44:00","20","Ammonium",0.05,"mg/L",24.576,-81.4182,0
"4680","66993","SFER","09/17/2023 12:13:00","21LK","Ammonium",0.35,"mg/L",24.5357,-81.4121,0
"4681","67002","SFER","09/17/2023 12:56:00","21.5","Ammonium",0.57,"mg/L",24.4841,-81.392,0
"4682","67023","SFER","09/17/2023 15:10:00","WS","Ammonium",0.09,"mg/L",24.4726,-81.7155,0
"4683","67032","SFER","09/17/2023 16:18:00","22.5","Ammonium",0.37,"mg/L",24.3973,-81.8282,0
"4684","67042","SFER","09/17/2023 16:41:00","22","Ammonium",0.03,"mg/L",24.4539,-81.8286,0
"4685","67052","SFER","09/17/2023 16:54:00","23","Ammonium",0.455,"mg/L",24.4856,-81.8278,0
"4686","67062","SFER","09/17/2023 17:15:00","24","Ammonium",1.09,"mg/L",24.5355,-81.8284,0
"4687","67083","SFER","09/17/2023 18:28:00","KW1","Ammonium",0.79,"mg/L",24.6538,-81.9033,0
"4688","671011","SFER","09/17/2023 19:10:00","KW2","Ammonium",3.19,"mg/L",24.7282,-81.9161,0
"4689","671110","SFER","09/17/2023 19:59:00","KW3","Ammonium",0.21,"mg/L",24.8192,-81.9555,0
"4690","67133","SFER","09/17/2023 21:33:00","KW4","Ammonium",1.15,"mg/L",25.0007,-82.0394,0
"4691","67153","SFER","09/18/2023 00:49:00","30","Ammonium",0.06,"mg/L",25.4006,-82.2091,0
"4692","67162","SFER","09/18/2023 02:21:00","30.5","Ammonium",0.84,"mg/L",25.5687,-82.0706,0
"4693","67183","SFER","09/18/2023 03:55:00","31","Ammonium",0.355,"mg/L",25.7373,-81.9438,0
"4694","67192","SFER","09/18/2023 05:10:00","32","Ammonium",0.2,"mg/L",25.8737,-81.8348,0
"4695","672111","SFER","09/18/2023 05:42:00","33","Ammonium",0.39,"mg/L",25.9118,-81.7985,0
"4696","67222","SFER","09/18/2023 06:10:00","34","Ammonium",4.64,"mg/L",25.9496,-81.7676,0
"4697","67233","SFER","09/18/2023 09:51:00","CAL1","Ammonium",1.21,"mg/L",26.0911,-81.9579,0
"4698","67253","SFER","09/18/2023 10:24:00","CAL2","Ammonium",0.8,"mg/L",26.3832,-82.0014,0
"4699","67273","SFER","09/18/2023 11:03:00","CAL3","Ammonium",2.43,"mg/L",26.3418,-82.0419,0
"4700","67293","SFER","09/18/2023 12:02:00","CAL4","Ammonium",1.07,"mg/L",26.2552,-82.1386,0
"4701","673111","SFER","09/18/2023 13:41:00","CAL5","Ammonium",1.1,"mg/L",26.1839,-82.2143,0
"4702","67333","SFER","09/18/2023 16:23:00","CAL6","Ammonium",0.25,"mg/L",25.9392,-82.4805,0
"4703","67343","SFER","09/18/2023 20:42:00","RP1","Ammonium",0.56,"mg/L",26.5454,-82.2123,0
"4704","67363","SFER","09/18/2023 21:07:00","RP2","Ammonium",0.15,"mg/L",26.5531,-82.2556,0
"4705","67383","SFER","09/18/2023 21:44:00","RP3","Ammonium",1.57,"mg/L",26.5518,-82.3313,0
"4706","67403","SFER","09/18/2023 23:17:00","BG1","Ammonium",2.44,"mg/L",26.7099,-82.266,0
"4707","67423","SFER","09/18/2023 23:57:00","BG2","Ammonium",0.94,"mg/L",26.6888,-82.341,0
"4708","67443","SFER","09/19/2023 00:39:00","BG3","Ammonium",0.44,"mg/L",26.6687,-82.4154,0
"4709","67463","SFER","09/19/2023 01:32:00","RP4","Ammonium",0.205,"mg/L",26.5777,-82.4985,0
"4710","67483","SFER","09/19/2023 02:09:00","BG4","Ammonium",2.49,"mg/L",26.6302,-82.5573,0
"4711","67503","SFER","09/19/2023 03:13:00","GP5","Ammonium",0.62,"mg/L",26.5949,-82.6922,0
"4712","67523","SFER","09/19/2023 04:30:00","BG6","Ammonium",1.795,"mg/L",26.5422,-82.8677,0
"4713","67543","SFER","09/19/2023 05:48:00","BG7","Ammonium",2.24,"mg/L",26.4932,-83.0369,0
"4714","67563","SFER","09/19/2023 08:25:00","V9","Ammonium",1.4,"mg/L",26.734,-83.1034,0
"4715","67583","SFER","09/19/2023 10:08:00","V8","Ammonium",0.2,"mg/L",26.8312,-82.9646,0
"4716","67603","SFER","09/19/2023 11:19:00","V7","Ammonium",0.95,"mg/L",26.8787,-82.8909,0
"4717","67623","SFER","09/19/2023 12:15:00","V6","Ammonium",0.64,"mg/L",26.9178,-82.8216,0
"4718","67643","SFER","09/19/2023 13:15:00","V5","Ammonium",0.11,"mg/L",26.9538,-82.7587,0
"4719","67663","SFER","09/19/2023 14:01:00","V4","Ammonium",0.3,"mg/L",26.9971,-82.6844,0
"4720","67683","SFER","09/19/2023 14:51:00","V3","Ammonium",0.14,"mg/L",27.0353,-82.6119,0
"4721","67703","SFER","09/19/2023 15:42:00","V2","Ammonium",0.46,"mg/L",27.0724,-82.5464,0
"4722","67723","SFER","09/19/2023 16:27:00","V1","Ammonium",0.098,"mg/L",27.1082,-82.4827,0
"4723","67743","SFER","09/19/2023 19:33:00","AMI1","Ammonium",0.1,"mg/L",27.496,-82.7502,0
"4724","67763","SFER","09/19/2023 20:20:00","AMI2","Ammonium",0.62,"mg/L",27.4584,-82.8464,0
"4725","67783","SFER","09/19/2023 21:27:00","AMI3","Ammonium",0.01,"mg/L",27.4211,-82.9446,0
"4726","67803","SFER","09/19/2023 22:17:00","AMI4","Ammonium",0.15,"mg/L",27.3803,-83.0335,0
"4727","67823","SFER","09/19/2023 23:10:00","AMI5","Ammonium",0.84,"mg/L",27.3413,-83.1294,0
"4728","67843","SFER","09/19/2023 23:56:00","AMI6","Ammonium",0.08,"mg/L",27.3045,-83.2232,0
"4729","67863","SFER","09/20/2023 01:03:00","AMI7","Ammonium",0.01,"mg/L",27.2638,-83.3206,0
"4730","67893","SFER","09/20/2023 01:53:00","AMI8","Ammonium",0.03,"mg/L",27.2277,-83.4122,0
"4731","67923","SFER","09/20/2023 02:48:00","AMI9","Ammonium",0.45,"mg/L",27.1881,-83.5033,0
"4732","67943","SFER","09/20/2023 06:08:00","TB10","Ammonium",0.57,"mg/L",27.624,-83.4943,0
"4733","67963","SFER","09/20/2023 09:41:00","TB5","Ammonium",1.09,"mg/L",27.6139,-83.3016,0
"4734","67983","SFER","09/20/2023 11:21:00","TB4","Ammonium",0.84,"mg/L",27.6164,-83.1333,0
"4735","68003","SFER","09/20/2023 12:43:00","TB3","Ammonium",1.155,"mg/L",27.6717,-83.0029,0
"4736","68023","SFER","09/20/2023 13:27:00","ROME4","Ammonium",0.04,"mg/L",27.6492,-82.9231,0
"4737","68043","SFER","09/20/2023 14:09:00","ROME5","Ammonium",0.9,"mg/L",27.6522,-82.842,0
"4738","68063","SFER","09/20/2023 15:00:00","TB2","Ammonium",0.22,"mg/L",27.742,-82.9298,0
"4739","68083","SFER","09/20/2023 15:48:00","TB1","Ammonium",0.03,"mg/L",27.8033,-82.8833,0
"4740","68093","SFER","09/20/2023 17:23:00","CW1","Ammonium",1.02,"mg/L",28.0086,-82.8488,0
"4741","681111","SFER","09/20/2023 17:48:00","CW2","Ammonium",0.46,"mg/L",28.017,-82.8922,0
"4742","68133","SFER","09/20/2023 18:33:00","CW3","Ammonium",0.82,"mg/L",28.0107,-82.96,0
"4743","68153","SFER","09/20/2023 19:26:00","CW4","Ammonium",0.4,"mg/L",28.0121,-83.0804,0
"4744","68173","SFER","09/20/2023 20:41:00","CW5","Ammonium",0.29,"mg/L",28.0101,-83.2371,0
"4745","68193","SFER","09/20/2023 21:58:00","CW6","Ammonium",0.51,"mg/L",28.0125,-83.4128,0
"4746","682111","SFER","09/20/2023 23:16:00","CW7","Ammonium",0.07,"mg/L",28.0113,-83.5678,0
"4747","68222","SFER","09/21/2023 19:37:00","42","Ammonium",0.28,"mg/L",25.6569,-81.7187,0
"4748","68233","SFER","09/21/2023 20:43:00","41","Ammonium",0.15,"mg/L",25.7337,-81.5718,0
"4749","68253","SFER","09/21/2023 22:00:00","45","Ammonium",0.345,"mg/L",25.583,-81.4701,0
"4750","68262","SFER","09/21/2023 22:27:00","46","Ammonium",0.13,"mg/L",25.5824,-81.4092,0
"4751","68283","SFER","09/21/2023 22:45:00","47","Ammonium",0.81,"mg/L",25.5832,-81.3668,0
"4752","68292","SFER","09/21/2023 23:05:00","48","Ammonium",0.54,"mg/L",25.5836,-81.3308,0
"4753","68303","SFER","09/21/2023 23:22:00","49","Ammonium",0.69,"mg/L",25.5836,-81.2919,0
"4754","683110","SFER","09/22/2023 00:22:00","50","Ammonium",0.79,"mg/L",25.4557,-81.3496,0
"4755","68323","SFER","09/22/2023 00:40:00","51","Ammonium",1.01,"mg/L",25.4528,-81.3088,0
"4756","68332","SFER","09/22/2023 01:04:00","52","Ammonium",0.66,"mg/L",25.4528,-81.2602,0
"4757","68343","SFER","09/22/2023 01:19:00","53","Ammonium",0.2,"mg/L",25.453,-81.2293,0
"4758","68353","SFER","09/22/2023 02:36:00","54","Ammonium",0.51,"mg/L",25.3383,-81.1585,0
"4759","68363","SFER","09/22/2023 03:15:00","55","Ammonium",0.27,"mg/L",25.3493,-81.198,0
"4760","68373","SFER","09/22/2023 03:34:00","56","Ammonium",0.36,"mg/L",25.3493,-81.2295,0
"4761","68383","SFER","09/22/2023 04:04:00","57","Ammonium",0.05,"mg/L",25.3484,-81.2663,0
"4762","68403","SFER","09/22/2023 04:45:00","57.1","Ammonium",0.19,"mg/L",25.3497,-81.3356,0
"4763","68423","SFER","09/22/2023 05:50:00","57.2","Ammonium",0.95,"mg/L",25.3498,-81.4902,0
"4764","68443","SFER","09/22/2023 07:06:00","57.3","Ammonium",0.85,"mg/L",25.3523,-81.6523,0
"4765","68463","SFER","09/22/2023 08:28:00","58","Ammonium",0.4,"mg/L",25.1661,-81.6528,0
"4766","68472","SFER","09/22/2023 09:32:00","59","Ammonium",0.5,"mg/L",25.1672,-81.4895,0
"4767","68493","SFER","09/22/2023 10:30:00","60","Ammonium",0,"mg/L",25.1663,-81.3363,0
"4768","68502","SFER","09/22/2023 10:59:00","61","Ammonium",0.83,"mg/L",25.1663,-81.309,0
"4769","685110","SFER","09/22/2023 11:14:00","62","Ammonium",0.48,"mg/L",25.1665,-81.2355,0
"4770","68522","SFER","09/22/2023 11:26:00","63","Ammonium",0.62,"mg/L",25.1666,-81.2,0
"4771","68533","SFER","09/22/2023 11:46:00","64","Ammonium",0.54,"mg/L",25.1665,-81.1564,0
"4772","68543","SFER","09/22/2023 12:37:00","65","Ammonium",0.76,"mg/L",25.0932,-81.1021,0
"4773","68552","SFER","09/22/2023 12:52:00","66","Ammonium",0.45,"mg/L",25.068,-81.1091,0
"4774","68562","SFER","09/22/2023 13:08:00","67","Ammonium",0.91,"mg/L",25.0299,-81.1266,0
"4775","68573","SFER","09/22/2023 14:00:00","68","Ammonium",0.76,"mg/L",24.9297,-81.1688,0
"4776","68593","SFER","11/10/2023 15:42:00","ROME5","Ammonium",0.58,"mg/L",27.6506,-82.8382,0
"4777","686111","SFER","11/10/2023 16:30:00","ROME4","Ammonium",1.72,"mg/L",27.6516,-82.922,0
"4778","68633","SFER","11/10/2023 17:14:00","TB3","Ammonium",0.59,"mg/L",27.6724,-83.0003,0
"4779","68653","SFER","11/10/2023 18:18:00","TB4","Ammonium",1.06,"mg/L",27.6175,-83.1308,0
"4780","68673","SFER","11/10/2023 20:07:00","TB2","Ammonium",0.2,"mg/L",27.7404,-82.9277,0
"4781","68693","SFER","11/10/2023 20:57:00","TB1","Ammonium",0.68,"mg/L",27.8016,-82.8816,0
"4782","687111","SFER","11/10/2023 22:55:00","CW1","Ammonium",1.13,"mg/L",28.0099,-82.8482,0
"4783","68733","SFER","11/10/2023 23:22:00","CW2","Ammonium",1.98,"mg/L",28.0168,-82.8918,0
"4784","68753","SFER","11/11/2023 00:05:00","CW3","Ammonium",0.36,"mg/L",28.0102,-82.9604,0
"4785","68773","SFER","11/11/2023 00:56:00","CW4","Ammonium",0.75,"mg/L",28.012,-83.0789,0
"4786","68793","SFER","11/11/2023 02:02:00","CW5","Ammonium",0.22,"mg/L",28.012,-83.2394,0
"4787","688111","SFER","11/11/2023 03:12:00","CW6","Ammonium",0.43,"mg/L",28.0121,-83.4049,0
"4788","68833","SFER","11/11/2023 04:19:00","CW7","Ammonium",0.28,"mg/L",28.0119,-83.5689,0
"4789","68853","SFER","11/11/2023 07:16:00","TB10","Ammonium",1.13,"mg/L",27.6211,-83.4904,0
"4790","68873","SFER","11/11/2023 08:48:00","TB5","Ammonium",0.13,"mg/L",27.6169,-83.3011,0
"4791","68893","SFER","11/11/2023 16:08:00","AMI9","Ammonium",0.14,"mg/L",27.1891,-83.5052,0
"4792","689111","SFER","11/11/2023 17:00:00","AMI8","Ammonium",0.78,"mg/L",27.2279,-83.4102,0
"4793","68933","SFER","11/11/2023 17:51:00","AMI7","Ammonium",0.34,"mg/L",27.2661,-83.3157,0
"4794","68953","SFER","11/11/2023 18:37:00","AMI6","Ammonium",0.91,"mg/L",27.305,-83.221,0
"4795","68973","SFER","11/11/2023 19:28:00","AMI5","Ammonium",0.47,"mg/L",27.3432,-83.127,0
"4796","68993","SFER","11/11/2023 20:16:00","AMI4","Ammonium",0.39,"mg/L",27.3819,-83.0329,0
"4797","690111","SFER","11/11/2023 21:03:00","AMI3","Ammonium",0.83,"mg/L",27.42,-82.9387,0
"4798","69033","SFER","11/11/2023 21:51:00","AMI2","Ammonium",0.99,"mg/L",27.459,-82.8444,0
"4799","69053","SFER","11/11/2023 22:41:00","AMI1","Ammonium",0.18,"mg/L",27.4969,-82.7506,0
"4800","69073","SFER","11/12/2023 01:48:00","V1","Ammonium",0.93,"mg/L",27.1109,-82.4774,0
"4801","69093","SFER","11/12/2023 02:26:00","V2","Ammonium",0.31,"mg/L",27.0721,-82.5463,0
"4802","691111","SFER","11/12/2023 03:08:00","V3","Ammonium",0.28,"mg/L",27.0333,-82.6143,0
"4803","69133","SFER","11/12/2023 03:49:00","V4","Ammonium",0.42,"mg/L",26.9942,-82.6836,0
"4804","69153","SFER","11/12/2023 04:31:00","V5","Ammonium",0.28,"mg/L",26.9551,-82.7511,0
"4805","69173","SFER","11/12/2023 05:07:00","V6","Ammonium",0.11,"mg/L",26.9158,-82.8213,0
"4806","69193","SFER","11/12/2023 05:49:00","V7","Ammonium",0.52,"mg/L",26.8779,-82.8888,0
"4807","692111","SFER","11/12/2023 06:29:00","V8","Ammonium",0.14,"mg/L",26.83,-82.9606,0
"4808","69233","SFER","11/12/2023 07:45:00","V9","Ammonium",0.91,"mg/L",26.7303,-83.0992,0
"4809","69263","SFER","11/12/2023 09:56:00","BG7","Ammonium",0.425,"mg/L",26.4952,-83.0369,0
"4810","69283","SFER","11/12/2023 11:10:00","BG6","Ammonium",0.24,"mg/L",26.544,-82.8706,0
"4811","69303","SFER","11/12/2023 12:28:00","GP5","Ammonium",0.32,"mg/L",26.5962,-82.6957,0
"4812","69323","SFER","11/12/2023 13:30:00","BG4","Ammonium",0.71,"mg/L",26.6309,-82.5561,0
"4813","69343","SFER","11/12/2023 14:08:00","RP4","Ammonium",2.6,"mg/L",26.5779,-82.4976,0
"4814","69363","SFER","11/12/2023 15:05:00","BG3","Ammonium",0.445,"mg/L",26.6682,-82.4168,0
"4815","69383","SFER","11/12/2023 15:42:00","BG2","Ammonium",0.76,"mg/L",26.6889,-82.34,0
"4816","69403","SFER","11/12/2023 16:33:00","BG1","Ammonium",6.435,"mg/L",26.7093,-82.2619,0
"4817","69423","SFER","11/12/2023 17:56:00","RP3","Ammonium",0.49,"mg/L",26.551,-82.3307,0
"4818","69443","SFER","11/12/2023 18:29:00","RP2","Ammonium",1.07,"mg/L",26.5532,-82.2549,0
"4819","69453","SFER","11/12/2023 18:53:00","RP1","Ammonium",0.345,"mg/L",26.5451,-82.2114,0
"4820","69473","SFER","11/12/2023 21:20:00","CAL1","Ammonium",1.68,"mg/L",26.4258,-81.96,0
"4821","69493","SFER","11/12/2023 21:55:00","CAL2","Ammonium",0.29,"mg/L",26.3831,-81.9998,0
"4822","695111","SFER","11/12/2023 22:30:00","CAL3","Ammonium",0.53,"mg/L",26.3417,-82.0439,0
"4823","69533","SFER","11/12/2023 23:27:00","CAL4","Ammonium",0.29,"mg/L",26.2539,-82.1378,0
"4824","69553","SFER","11/13/2023 00:21:00","CAL5","Ammonium",0.518,"mg/L",26.1836,-82.2166,0
"4825","69563","SFER","11/13/2023 03:24:00","34","Ammonium",0.37,"mg/L",25.95,-81.7673,0
"4826","69583","SFER","11/13/2023 03:52:00","33","Ammonium",0.21,"mg/L",25.9121,-81.7995,0
"4827","69593","SFER","11/13/2023 04:16:00","32","Ammonium",0.17,"mg/L",25.8735,-81.8327,0
"4828","696111","SFER","11/13/2023 05:26:00","31","Ammonium",0.45,"mg/L",25.7425,-81.9428,0
"4829","69623","SFER","11/13/2023 07:06:00","42","Ammonium",0.88,"mg/L",25.6555,-81.719,0
"4830","69633","SFER","11/13/2023 08:25:00","41","Ammonium",2.06,"mg/L",25.7321,-81.5759,0
"4831","69643","SFER","11/13/2023 08:56:00","40","Ammonium",0.89,"mg/L",25.7597,-81.5236,0
"4832","69653","SFER","11/13/2023 09:13:00","39","Ammonium",0.71,"mg/L",25.7787,-81.4897,0
"4833","69673","SFER","11/13/2023 10:36:00","45","Ammonium",0.71,"mg/L",25.5844,-81.4714,0
"4834","69683","SFER","11/13/2023 11:08:00","46","Ammonium",0.51,"mg/L",25.583,-81.4079,0
"4835","69693","SFER","11/13/2023 11:26:00","47","Ammonium",0.68,"mg/L",25.5831,-81.3674,0
"4836","69703","SFER","11/13/2023 11:46:00","48","Ammonium",1.28,"mg/L",25.583,-81.3289,0
"4837","697111","SFER","11/13/2023 12:05:00","49","Ammonium",1.05,"mg/L",25.582,-81.3009,0
"4838","69723","SFER","11/13/2023 13:06:00","50","Ammonium",0.27,"mg/L",25.455,-81.3495,0
"4839","69733","SFER","11/13/2023 13:24:00","51","Ammonium",1.14,"mg/L",25.4531,-81.3077,0
"4840","69743","SFER","11/13/2023 13:48:00","52","Ammonium",2.76,"mg/L",25.453,-81.2605,0
"4841","69753","SFER","11/13/2023 14:03:00","53","Ammonium",1.22,"mg/L",25.4531,-81.2322,0
"4842","69773","SFER","11/13/2023 15:12:00","57.1","Ammonium",0.54,"mg/L",25.352,-81.3358,0
"4843","69783","SFER","11/13/2023 15:50:00","57","Ammonium",0.41,"mg/L",25.3517,-81.2643,0
"4844","69793","SFER","11/13/2023 16:12:00","56","Ammonium",1.27,"mg/L",25.3502,-81.2273,0
"4845","69803","SFER","11/13/2023 16:32:00","55","Ammonium",1.21,"mg/L",25.3501,-81.1934,0
"4846","698111","SFER","11/13/2023 17:11:00","54","Ammonium",0.88,"mg/L",25.3448,-81.1534,0
"4847","69833","SFER","11/13/2023 19:32:00","57.2","Ammonium",1.07,"mg/L",25.3519,-81.4902,0
"4848","69853","SFER","11/13/2023 20:40:00","57.3","Ammonium",0.46,"mg/L",25.3515,-81.6535,0
"4849","69873","SFER","11/13/2023 21:56:00","58","Ammonium",0.25,"mg/L",25.167,-81.6532,0
"4850","69883","SFER","11/13/2023 23:05:00","59","Ammonium",0.91,"mg/L",25.167,-81.4917,0
"4851","69903","SFER","11/14/2023 00:07:00","60","Ammonium",0.45,"mg/L",25.1671,-81.3365,0
"4852","699111","SFER","11/14/2023 00:35:00","61","Ammonium",1,"mg/L",25.167,-81.2755,0
"4853","69923","SFER","11/14/2023 00:49:00","62","Ammonium",0.74,"mg/L",25.1669,-81.2361,0
"4854","69933","SFER","11/14/2023 01:03:00","63","Ammonium",0.28,"mg/L",25.1669,-81.2012,0
"4855","69943","SFER","11/14/2023 01:23:00","64","Ammonium",0.79,"mg/L",25.167,-81.1572,0
"4856","69953","SFER","11/14/2023 02:17:00","65","Ammonium",0.54,"mg/L",25.1022,-81.0939,0
"4857","69963","SFER","11/14/2023 02:37:00","66","Ammonium",0.33,"mg/L",25.0685,-81.108,0
"4858","69973","SFER","11/14/2023 02:54:00","67","Ammonium",0.885,"mg/L",25.0313,-81.1264,0
"4859","69983","SFER","11/14/2023 03:49:00","68","Ammonium",0.66,"mg/L",24.9304,-81.1668,0
"4860","69993","SFER","11/14/2023 04:21:00","69","Ammonium",0.89,"mg/L",24.93,-81.0968,0
"4861","70003","SFER","11/14/2023 04:47:00","70","Ammonium",1.23,"mg/L",24.93,-81.0255,0
"4862","700111","SFER","11/14/2023 13:56:00","6.5","Ammonium",0.83,"mg/L",25.0466,-80.2906,0
"4863","70023","SFER","11/14/2023 14:08:00","6","Ammonium",0.94,"mg/L",25.0623,-80.3126,0
"4864","70033","SFER","11/14/2023 14:24:00","5.5","Ammonium",0.79,"mg/L",25.0798,-80.3339,0
"4865","70043","SFER","11/14/2023 18:27:00","3","Ammonium",0.53,"mg/L",25.644,-80.083,0
"4866","70063","SFER","11/14/2023 18:37:00","2","Ammonium",0.64,"mg/L",25.6419,-80.1048,0
"4867","70073","SFER","11/14/2023 18:51:00","1","Ammonium",0.99,"mg/L",25.6449,-80.1269,0
"4868","70083","SFER","11/14/2023 21:07:00","EKIN","Ammonium",0.59,"mg/L",25.3362,-80.2255,0
"4869","70093","SFER","11/14/2023 21:23:00","EKMID","Ammonium",0.8,"mg/L",25.3142,-80.1964,0
"4870","701011","SFER","11/14/2023 21:38:00","EKOFF","Ammonium",0.37,"mg/L",25.2949,-80.1644,0
"4871","701111","SFER","11/14/2023 23:45:00","4","Ammonium",0.31,"mg/L",25.1084,-80.3794,0
"4872","70123","SFER","11/14/2023 23:57:00","5","Ammonium",0.4,"mg/L",25.0936,-80.356,0
"4873","70143","SFER","11/15/2023 01:17:00","MR","Ammonium",0.65,"mg/L",25.0103,-80.3809,0
"4874","70153","SFER","11/15/2023 03:07:00","UKIN","Ammonium",0.82,"mg/L",24.9385,-80.5698,0
"4875","70163","SFER","11/15/2023 03:23:00","UKMID","Ammonium",0.39,"mg/L",24.921,-80.5463,0
"4876","70173","SFER","11/15/2023 03:39:00","UKOFF","Ammonium",0.21,"mg/L",24.898,-80.5298,0
"4877","70183","SFER","11/15/2023 05:15:00","7","Ammonium",0.28,"mg/L",24.8211,-80.7569,0
"4878","70193","SFER","11/15/2023 05:33:00","8","Ammonium",0.18,"mg/L",24.7933,-80.7422,0
"4879","702111","SFER","11/15/2023 06:20:00","9","Ammonium",0.27,"mg/L",24.7633,-80.7243,0
"4880","70223","SFER","11/15/2023 07:39:00","10","Ammonium",0.6,"mg/L",24.7866,-80.8607,0
"4881","70233","SFER","11/15/2023 07:59:00","11","Ammonium",0.75,"mg/L",24.754,-80.8478,0
"4882","70253","SFER","11/15/2023 08:22:00","12","Ammonium",0.23,"mg/L",24.7172,-80.8348,0
"4883","70263","SFER","11/15/2023 09:45:00","13","Ammonium",0.3,"mg/L",24.7016,-81.0276,0
"4884","70273","SFER","11/15/2023 10:04:00","14","Ammonium",0.43,"mg/L",24.676,-81.0245,0
"4885","70283","SFER","11/15/2023 10:27:00","15","Ammonium",0.24,"mg/L",24.6483,-81.0196,0
"4886","70293","SFER","11/15/2023 11:39:00","16","Ammonium",0.79,"mg/L",24.6699,-81.2042,0
"4887","70303","SFER","11/15/2023 12:03:00","17","Ammonium",0.9,"mg/L",24.6306,-81.1918,0
"4888","70323","SFER","11/15/2023 12:24:00","18","Ammonium",0.58,"mg/L",24.6007,-81.1818,0
"4889","70333","SFER","11/15/2023 13:52:00","19","Ammonium",0.26,"mg/L",24.6102,-81.422,0
"4890","70343","SFER","11/15/2023 14:09:00","20","Ammonium",0.34,"mg/L",24.5761,-81.4182,0
"4891","70363","SFER","11/15/2023 14:32:00","21LK","Ammonium",0.38,"mg/L",24.5392,-81.4143,0
"4892","70383","SFER","11/15/2023 17:41:00","WS","Ammonium",0.89,"mg/L",24.4765,-81.7204,0
"4893","70393","SFER","11/15/2023 18:19:00","22","Ammonium",0.35,"mg/L",24.455,-81.8275,0
"4894","70403","SFER","11/15/2023 19:19:00","23","Ammonium",0.89,"mg/L",24.4865,-81.8281,0
"4895","704111","SFER","11/15/2023 19:40:00","24","Ammonium",0.4,"mg/L",24.5368,-81.828,0
"4896","70433","SFER","11/15/2023 20:47:00","KW1","Ammonium",0.225,"mg/L",24.6546,-81.9047,0
"4897","70453","SFER","11/15/2023 21:28:00","KW2","Ammonium",0.17,"mg/L",24.728,-81.9188,0
"4898","70463","SFER","11/15/2023 22:35:00","KW3","Ammonium",0.3,"mg/L",24.8208,-81.9572,0
"4899","70483","SFER","01/14/2024 01:10:00","CAL1","Ammonium",1.28,"mg/L",26.4251,-81.9598,0
"4900","70503","SFER","01/14/2024 01:53:00","CAL2","Ammonium",0.69,"mg/L",26.3825,-81.9998,0
"4901","70523","SFER","01/14/2024 02:31:00","CAL3","Ammonium",0.71,"mg/L",26.3432,-82.0444,0
"4902","70543","SFER","01/14/2024 03:28:00","CAL4","Ammonium",0.18,"mg/L",26.2539,-82.1378,0
"4903","70563","SFER","01/14/2024 04:29:00","CAL5","Ammonium",0.605,"mg/L",26.1826,-82.2173,0
"4904","70572","SFER","01/14/2024 07:39:00","34","Ammonium",0.25,"mg/L",25.9496,-81.7673,0
"4905","70593","SFER","01/14/2024 08:12:00","33","Ammonium",0.08,"mg/L",25.9112,-81.8007,0
"4906","70602","SFER","01/14/2024 08:38:00","32","Ammonium",0.04,"mg/L",25.8737,-81.8324,0
"4907","70623","SFER","01/14/2024 09:51:00","31","Ammonium",0.14,"mg/L",25.7418,-81.942,0
"4908","70632","SFER","01/14/2024 11:36:00","42","Ammonium",0.95,"mg/L",25.6553,-81.7184,0
"4909","70643","SFER","01/14/2024 12:52:00","41","Ammonium",0.38,"mg/L",25.7331,-81.5752,0
"4910","70652","SFER","01/14/2024 13:25:00","40","Ammonium",0.27,"mg/L",25.7594,-81.5239,0
"4911","70662","SFER","01/14/2024 13:46:00","39","Ammonium",0.25,"mg/L",25.778,-81.4897,0
"4912","70683","SFER","01/14/2024 15:16:00","45","Ammonium",0.19,"mg/L",25.5836,-81.4712,0
"4913","70692","SFER","01/14/2024 15:43:00","46","Ammonium",0.79,"mg/L",25.5831,-81.4159,0
"4914","707111","SFER","01/14/2024 16:01:00","47","Ammonium",0.64,"mg/L",25.5841,-81.3666,0
"4915","70722","SFER","01/14/2024 16:17:00","48","Ammonium",0.27,"mg/L",25.5831,-81.3342,0
"4916","70733","SFER","01/14/2024 16:35:00","49","Ammonium",0.9,"mg/L",25.5833,-81.3007,0
"4917","70742","SFER","01/14/2024 17:36:00","50","Ammonium",0.15,"mg/L",25.4542,-81.3496,0
"4918","70763","SFER","01/14/2024 17:54:00","51","Ammonium",0.32,"mg/L",25.4535,-81.3077,0
"4919","70772","SFER","01/14/2024 18:14:00","52","Ammonium",0.81,"mg/L",25.453,-81.2608,0
"4920","70783","SFER","01/14/2024 18:32:00","53","Ammonium",0.55,"mg/L",25.4526,-81.2282,0
"4921","70793","SFER","01/14/2024 20:25:00","54","Ammonium",0.29,"mg/L",25.3452,-81.153,0
"4922","70803","SFER","01/14/2024 21:09:00","55","Ammonium",0.5,"mg/L",25.3498,-81.1938,0
"4923","708111","SFER","01/14/2024 21:30:00","56","Ammonium",0.37,"mg/L",25.3497,-81.2278,0
"4924","70823","SFER","01/14/2024 22:03:00","57","Ammonium",1.85,"mg/L",25.3514,-81.2648,0
"4925","70843","SFER","01/14/2024 22:35:00","57.1","Ammonium",0.38,"mg/L",25.352,-81.3377,0
"4926","70863","SFER","01/14/2024 23:34:00","57.2","Ammonium",0.17,"mg/L",25.3513,-81.4915,0
"4927","70883","SFER","01/15/2024 00:44:00","57.3","Ammonium",0.07,"mg/L",25.3521,-81.6536,0
"4928","70903","SFER","01/15/2024 02:09:00","58","Ammonium",0.28,"mg/L",25.1663,-81.6541,0
"4929","709110","SFER","01/15/2024 03:31:00","59","Ammonium",1.64,"mg/L",25.167,-81.4912,0
"4930","70933","SFER","01/15/2024 04:36:00","60","Ammonium",0.22,"mg/L",25.1673,-81.3367,0
"4931","70942","SFER","01/15/2024 05:03:00","61","Ammonium",0.41,"mg/L",25.167,-81.2761,0
"4932","70952","SFER","01/15/2024 05:18:00","62","Ammonium",0.14,"mg/L",25.167,-81.236,0
"4933","70962","SFER","01/15/2024 05:31:00","63","Ammonium",0.48,"mg/L",25.167,-81.2011,0
"4934","70973","SFER","01/15/2024 05:51:00","64","Ammonium",0.43,"mg/L",25.167,-81.1576,0
"4935","70983","SFER","01/15/2024 06:44:00","65","Ammonium",0.54,"mg/L",25.1018,-81.0926,0
"4936","70992","SFER","01/15/2024 07:05:00","66","Ammonium",0.85,"mg/L",25.0692,-81.1079,0
"4937","710011","SFER","01/15/2024 07:24:00","67","Ammonium",0.53,"mg/L",25.031,-81.1265,0
"4938","710111","SFER","01/15/2024 08:23:00","68","Ammonium",0.07,"mg/L",24.9297,-81.167,0
"4939","71022","SFER","01/15/2024 09:00:00","69","Ammonium",0.42,"mg/L",24.93,-81.0952,0
"4940","71032","SFER","01/15/2024 09:35:00","70","Ammonium",0.07,"mg/L",24.93,-81.0262,0
"4941","71043","SFER","01/15/2024 12:32:00","16","Ammonium",0.56,"mg/L",24.6711,-81.2056,0
"4942","71052","SFER","01/15/2024 12:52:00","17","Ammonium",0.21,"mg/L",24.6367,-81.1936,0
"4943","71073","SFER","01/15/2024 13:08:00","18","Ammonium",0.01,"mg/L",24.5984,-81.1825,0
"4944","71082","SFER","01/15/2024 14:29:00","15.5","Ammonium",0.4,"mg/L",24.5922,-80.991,0
"4945","71092","SFER","01/15/2024 14:53:00","15","Ammonium",0.85,"mg/L",24.64,-81.0151,0
"4946","711010","SFER","01/15/2024 15:05:00","14","Ammonium",0.26,"mg/L",24.675,-81.0233,0
"4947","711110","SFER","01/15/2024 15:17:00","13","Ammonium",1.15,"mg/L",24.7004,-81.0305,0
"4948","71133","SFER","01/15/2024 16:39:00","10","Ammonium",0.31,"mg/L",24.7888,-80.8608,0
"4949","71142","SFER","01/15/2024 17:02:00","11","Ammonium",0.1,"mg/L",24.7531,-80.8468,0
"4950","71163","SFER","01/15/2024 17:24:00","12","Ammonium",0.14,"mg/L",24.7137,-80.831,0
"4951","71193","SFER","01/15/2024 18:35:00","9.5","Ammonium",1.94,"mg/L",24.7187,-80.689,0
"4952","712111","SFER","01/15/2024 19:13:00","9","Ammonium",1.06,"mg/L",24.7632,-80.7226,0
"4953","71222","SFER","01/15/2024 19:38:00","8","Ammonium",0.96,"mg/L",24.7957,-80.7435,0
"4954","71233","SFER","01/15/2024 19:51:00","7","Ammonium",0.36,"mg/L",24.8208,-80.7572,0
"4955","71242","SFER","01/15/2024 21:24:00","UKIN","Ammonium",1.4,"mg/L",24.9379,-80.5708,0
"4956","71252","SFER","01/15/2024 21:38:00","UKMID","Ammonium",0.05,"mg/L",24.9215,-80.5469,0
"4957","71262","SFER","01/15/2024 21:50:00","UKOFF","Ammonium",1.16,"mg/L",24.8988,-80.5296,0
"4958","71283","SFER","01/15/2024 23:09:00","MR","Ammonium",0.06,"mg/L",25.0097,-80.3818,0
"4959","71292","SFER","01/16/2024 00:01:00","6.5","Ammonium",0,"mg/L",25.0474,-80.2892,0
"4960","71302","SFER","01/16/2024 00:14:00","6","Ammonium",0.02,"mg/L",25.0646,-80.3142,0
"4961","713110","SFER","01/16/2024 00:23:00","5.5","Ammonium",0.91,"mg/L",25.0781,-80.3315,0
"4962","71322","SFER","01/16/2024 08:33:00","19","Ammonium",1.04,"mg/L",24.6092,-81.4201,0
"4963","71332","SFER","01/16/2024 08:47:00","20","Ammonium",1.02,"mg/L",24.5759,-81.4181,0
"4964","71353","SFER","01/16/2024 09:13:00","21LK","Ammonium",0.5,"mg/L",24.5384,-81.4131,0
"4965","71362","SFER","01/16/2024 10:02:00","21.5","Ammonium",0.52,"mg/L",24.4844,-81.3926,0
"4966","71383","SFER","01/16/2024 12:14:00","WS","Ammonium",0.13,"mg/L",24.4781,-81.7172,0
"4967","71392","SFER","01/16/2024 13:11:00","22.5","Ammonium",0.84,"mg/L",24.3983,-81.8263,0
"4968","71402","SFER","01/16/2024 13:32:00","22","Ammonium",0.49,"mg/L",24.4531,-81.828,0
"4969","714110","SFER","01/16/2024 13:46:00","23","Ammonium",0.42,"mg/L",24.4853,-81.8277,0
"4970","71422","SFER","01/16/2024 14:06:00","24","Ammonium",0.75,"mg/L",24.5374,-81.828,0
"4971","71443","SFER","01/16/2024 15:02:00","KW1","Ammonium",0.49,"mg/L",24.654,-81.9039,0
"4972","71463","SFER","01/16/2024 15:38:00","KW2","Ammonium",0.64,"mg/L",24.7285,-81.9167,0
"4973","71472","SFER","01/16/2024 16:19:00","KW3","Ammonium",0.91,"mg/L",24.8191,-81.9558,0
"4974","71493","SFER","01/16/2024 17:47:00","KW4","Ammonium",0.66,"mg/L",25.0142,-82.0408,0
"4975","715111","SFER","01/16/2024 20:49:00","30","Ammonium",0.305,"mg/L",25.4016,-82.2089,0
"4976","71522","SFER","01/16/2024 22:14:00","30.5","Ammonium",0.51,"mg/L",25.5711,-82.0757,0
"4977","71543","SFER","01/17/2024 01:49:00","CAL6","Ammonium",0.77,"mg/L",25.9401,-82.4799,0
"4978","71553","SFER","01/17/2024 06:31:00","RP1","Ammonium",3.94,"mg/L",26.5451,-82.2114,0
"4979","71573","SFER","01/17/2024 07:00:00","RP2","Ammonium",1.66,"mg/L",26.552,-82.2546,0
"4980","71593","SFER","01/17/2024 07:51:00","RP3","Ammonium",0.52,"mg/L",26.5491,-82.3305,0
"4981","716111","SFER","01/17/2024 10:02:00","BG1","Ammonium",0.89,"mg/L",26.7099,-82.2621,0
"4982","71633","SFER","01/17/2024 10:56:00","BG2","Ammonium",0.84,"mg/L",26.6881,-82.3403,0
"4983","71653","SFER","01/17/2024 11:57:00","BG3","Ammonium",0.36,"mg/L",26.6656,-82.4166,0
"4984","71673","SFER","01/17/2024 13:25:00","RP4","Ammonium",0.54,"mg/L",26.5781,-82.4987,0
"4985","71693","SFER","01/17/2024 14:18:00","BG4","Ammonium",0.32,"mg/L",26.631,-82.557,0
"4986","717111","SFER","01/17/2024 15:30:00","GP5","Ammonium",0.18,"mg/L",26.5946,-82.696,0
"4987","71733","SFER","01/17/2024 16:47:00","BG6","Ammonium",0.45,"mg/L",26.5433,-82.8706,0
"4988","71753","SFER","01/17/2024 18:15:00","BG7","Ammonium",0.42,"mg/L",26.494,-83.0381,0
"4989","71773","SFER","01/17/2024 20:45:00","V9","Ammonium",0.37,"mg/L",26.7291,-83.1002,0
"4990","71793","SFER","01/17/2024 23:00:00","V8","Ammonium",0.14,"mg/L",26.8292,-82.9607,0
"4991","718111","SFER","01/17/2024 23:58:00","V7","Ammonium",0.26,"mg/L",26.8767,-82.8898,0
"4992","71833","SFER","01/18/2024 00:53:00","V6","Ammonium",0.15,"mg/L",26.9156,-82.8214,0
"4993","71853","SFER","01/18/2024 01:47:00","V5","Ammonium",0,"mg/L",26.9545,-82.7529,0
"4994","71873","SFER","01/18/2024 02:28:00","V4","Ammonium",1.1,"mg/L",26.9944,-82.6839,0
"4995","71893","SFER","01/18/2024 03:18:00","V3","Ammonium",1.21,"mg/L",27.0322,-82.6152,0
"4996","71933","SFER","01/18/2024 04:51:00","V1","Ammonium",0.84,"mg/L",27.1108,-82.4786,0
"4997","71953","SFER","01/18/2024 06:27:00","L1","Ammonium",0.42,"mg/L",27.301,-82.5934,0
"4998","71973","SFER","01/18/2024 07:55:00","L3","Ammonium",0.55,"mg/L",27.2204,-82.7746,0
"4999","71993","SFER","01/18/2024 09:17:00","L5","Ammonium",1.29,"mg/L",27.1352,-82.9533,0
"5000","720111","SFER","01/18/2024 10:35:00","L7","Ammonium",0.48,"mg/L",27.0553,-83.1344,0
"5001","72033","SFER","01/18/2024 11:55:00","L9","Ammonium",0.33,"mg/L",26.9706,-83.3149,0
"5002","72053","SFER","01/18/2024 14:06:00","AMI9","Ammonium",0.55,"mg/L",27.1893,-83.5041,0
"5003","72073","SFER","01/18/2024 15:09:00","AMI8","Ammonium",0.33,"mg/L",27.2283,-83.4104,0
"5004","72093","SFER","01/18/2024 16:02:00","AMI7","Ammonium",0.25,"mg/L",27.2662,-83.3157,0
"5005","721111","SFER","01/18/2024 16:48:00","AMI6","Ammonium",0.53,"mg/L",27.306,-83.22,0
"5006","72133","SFER","01/18/2024 17:36:00","AMI5","Ammonium",0.51,"mg/L",27.3431,-83.1266,0
"5007","72153","SFER","01/18/2024 18:20:00","AMI4","Ammonium",0.69,"mg/L",27.3821,-83.0319,0
"5008","72173","SFER","01/18/2024 19:11:00","AMI3","Ammonium",1.2,"mg/L",27.4201,-82.939,0
"5009","72193","SFER","01/18/2024 19:59:00","AMI2","Ammonium",1.39,"mg/L",27.459,-82.8451,0
"5010","722111","SFER","01/18/2024 20:50:00","AMI1","Ammonium",0.295,"mg/L",27.4972,-82.7508,0
"5011","72233","SFER","01/18/2024 22:20:00","ROME5","Ammonium",0.665,"mg/L",27.649,-82.8374,0
"5012","72253","SFER","01/18/2024 22:57:00","ROME4","Ammonium",0.16,"mg/L",27.6498,-82.921,0
"5013","72273","SFER","01/18/2024 23:45:00","TB3","Ammonium",0.96,"mg/L",27.6715,-82.9998,0
"5014","72293","SFER","01/19/2024 00:40:00","TB4","Ammonium",0.165,"mg/L",27.6169,-83.1297,0
"5015","723111","SFER","01/19/2024 01:58:00","TB5","Ammonium",0.01,"mg/L",27.6168,-83.3002,0
"5016","72333","SFER","01/19/2024 05:09:00","TB10","Ammonium",0.14,"mg/L",27.6199,-83.49,0
"5017","72353","SFER","01/19/2024 07:50:00","CW7","Ammonium",0.23,"mg/L",28.0118,-83.5688,0
"5018","72373","SFER","01/19/2024 08:55:00","CW6","Ammonium",0.69,"mg/L",28.0121,-83.4051,0
"5019","72393","SFER","01/19/2024 10:06:00","CW5","Ammonium",0.59,"mg/L",28.0123,-83.2403,0
"5020","724111","SFER","01/19/2024 11:13:00","CW4","Ammonium",0.39,"mg/L",28.0123,-83.0789,0
"5021","72433","SFER","01/19/2024 12:11:00","CW3","Ammonium",0.36,"mg/L",28.01,-82.9598,0
"5022","72453","SFER","01/19/2024 12:42:00","CW2","Ammonium",1.11,"mg/L",28.0172,-82.892,0
"5023","72473","SFER","01/19/2024 13:20:00","CW1","Ammonium",1.56,"mg/L",28.0102,-82.8474,0
"5024","72483","SFER","01/19/2024 14:57:00","TB1","Ammonium",0.93,"mg/L",27.8008,-82.8822,0
"5025","725111","SFER","01/19/2024 15:35:00","TB2","Ammonium",0.9,"mg/L",27.7398,-82.9281,0
"5026","72533","SFER","03/02/2024 15:48:00","ROME5","Ammonium",1.12,"mg/L",27.6514,-82.8384,0
"5027","72553","SFER","03/02/2024 16:30:00","ROME4","Ammonium",0.69,"mg/L",27.6504,-82.9215,0
"5028","72573","SFER","03/02/2024 17:17:00","TB3","Ammonium",0.32,"mg/L",27.6713,-83.0002,0
"5029","72593","SFER","03/02/2024 18:22:00","TB4","Ammonium",0.55,"mg/L",27.6173,-83.1303,0
"5030","726111","SFER","03/02/2024 19:39:00","TB5","Ammonium",0.62,"mg/L",27.617,-83.3005,0
"5031","72633","SFER","03/02/2024 22:38:00","TB10","Ammonium",0.57,"mg/L",27.6203,-83.4901,0
"5032","72653","SFER","03/03/2024 01:27:00","CW7","Ammonium",0.87,"mg/L",28.0117,-83.5688,0
"5033","72673","SFER","03/03/2024 02:36:00","CW6","Ammonium",2.93,"mg/L",28.0116,-83.4049,0
"5034","72693","SFER","03/03/2024 03:36:00","CW5","Ammonium",1.01,"mg/L",28.012,-83.2417,0
"5035","727111","SFER","03/03/2024 04:55:00","CW4","Ammonium",1.42,"mg/L",28.0112,-83.0746,0
"5036","72733","SFER","03/03/2024 05:57:00","CW3","Ammonium",1.42,"mg/L",28.0103,-82.9602,0
"5037","72753","SFER","03/03/2024 06:34:00","CW2","Ammonium",1.56,"mg/L",28.0164,-82.8922,0
"5038","72773","SFER","03/03/2024 07:07:00","CW1","Ammonium",1.8,"mg/L",28.0102,-82.8484,0
"5039","72793","SFER","03/03/2024 09:03:00","TB1","Ammonium",1.55,"mg/L",27.8004,-82.8825,0
"5040","728111","SFER","03/03/2024 09:43:00","TB2","Ammonium",1.58,"mg/L",27.7399,-82.9282,0
"5041","72833","SFER","03/03/2024 12:12:00","AMI1","Ammonium",1.96,"mg/L",27.4976,-82.7513,0
"5042","72853","SFER","03/03/2024 13:00:00","AMI2","Ammonium",1.83,"mg/L",27.4857,-82.8451,0
"5043","72873","SFER","03/03/2024 14:03:00","AMI3","Ammonium",2.08,"mg/L",27.4204,-82.9404,0
"5044","72893","SFER","03/03/2024 14:48:00","AMI4","Ammonium",1.89,"mg/L",27.382,-83.0335,0
"5045","729111","SFER","03/03/2024 15:46:00","AMI5","Ammonium",0.44,"mg/L",27.3425,-83.1255,0
"5046","72933","SFER","03/03/2024 16:35:00","AMI6","Ammonium",0.77,"mg/L",27.3053,-83.2212,0
"5047","72953","SFER","03/03/2024 17:32:00","AMI7","Ammonium",0.14,"mg/L",27.266,-83.3161,0
"5048","72973","SFER","03/03/2024 18:18:00","AMI8","Ammonium",0.14,"mg/L",27.2281,-83.4103,0
"5049","72993","SFER","03/03/2024 19:29:00","AMI9","Ammonium",0.295,"mg/L",27.1897,-83.5062,0
"5050","730111","SFER","03/03/2024 21:35:00","L9","Ammonium",0.01,"mg/L",26.9697,-83.3144,0
"5051","73033","SFER","03/03/2024 22:58:00","L7","Ammonium",0.165,"mg/L",27.0546,-83.1344,0
"5052","73053","SFER","03/04/2024 00:27:00","L5","Ammonium",0.06,"mg/L",27.1359,-82.9537,0
"5053","73073","SFER","03/04/2024 01:48:00","L3","Ammonium",0.25,"mg/L",27.2212,-82.7738,0
"5054","73093","SFER","03/04/2024 03:06:00","L1","Ammonium",0.53,"mg/L",27.3019,-82.5933,0
"5055","731111","SFER","03/04/2024 04:51:00","V1","Ammonium",0.26,"mg/L",27.1111,-82.4784,0
"5056","73133","SFER","03/04/2024 05:31:00","V2","Ammonium",0.08,"mg/L",27.0723,-82.5472,0
"5057","73153","SFER","03/04/2024 06:38:00","V3","Ammonium",0.16,"mg/L",27.0321,-82.6167,0
"5058","73173","SFER","03/04/2024 07:20:00","V4","Ammonium",0.18,"mg/L",26.9937,-82.6842,0
"5059","73193","SFER","03/04/2024 08:05:00","V5","Ammonium",0.05,"mg/L",26.9555,-82.7509,0
"5060","732111","SFER","03/04/2024 08:46:00","V6","Ammonium",0,"mg/L",26.9165,-82.8205,0
"5061","73233","SFER","03/04/2024 09:33:00","V7","Ammonium",0.71,"mg/L",26.8766,-82.8883,0
"5062","73253","SFER","03/04/2024 10:15:00","V8","Ammonium",0.75,"mg/L",26.83,-82.9601,0
"5063","73273","SFER","03/04/2024 11:58:00","V9","Ammonium",0.115,"mg/L",26.7275,-83.1017,0
"5064","73293","SFER","03/04/2024 13:45:00","BG7","Ammonium",0.04,"mg/L",26.4944,-83.0369,0
"5065","733111","SFER","03/04/2024 15:05:00","BG6","Ammonium",0.56,"mg/L",26.5441,-82.8698,0
"5066","73333","SFER","03/04/2024 16:29:00","GP5","Ammonium",0.37,"mg/L",26.5963,-82.6955,0
"5067","73353","SFER","03/04/2024 17:32:00","BG4","Ammonium",0.01,"mg/L",26.6311,-82.556,0
"5068","73373","SFER","03/04/2024 18:10:00","RP4","Ammonium",0.14,"mg/L",26.5781,-82.4976,0
"5069","73393","SFER","03/04/2024 19:09:00","BG3","Ammonium",0.16,"mg/L",26.6682,-82.4167,0
"5070","734111","SFER","03/04/2024 19:45:00","BG2","Ammonium",0.02,"mg/L",26.6888,-82.3401,0
"5071","73433","SFER","03/04/2024 20:40:00","BG1","Ammonium",0.32,"mg/L",26.7092,-82.2635,0
"5072","73453","SFER","03/04/2024 22:06:00","RP3","Ammonium",0.13,"mg/L",26.5512,-82.331,0
"5073","73473","SFER","03/04/2024 22:41:00","RP2","Ammonium",0,"mg/L",26.553,-82.2552,0
"5074","73493","SFER","03/04/2024 23:05:00","RP1","Ammonium",0.03,"mg/L",26.5458,-82.2121,0
"5075","73503","SFER","03/05/2024 01:37:00","CAL1","Ammonium",0.31,"mg/L",26.4259,-81.9603,0
"5076","73523","SFER","03/05/2024 02:08:00","CAL2","Ammonium",0.035,"mg/L",26.3819,-82.0014,0
"5077","73543","SFER","03/05/2024 02:43:00","CAL3","Ammonium",0.08,"mg/L",26.3428,-82.0438,0
"5078","73563","SFER","03/05/2024 03:40:00","CAL4","Ammonium",0.455,"mg/L",26.2541,-82.1382,0
"5079","73583","SFER","03/05/2024 04:30:00","CAL5","Ammonium",0.43,"mg/L",26.1832,-82.2175,0
"5080","73592","SFER","03/05/2024 08:00:00","34","Ammonium",0.28,"mg/L",25.9483,-81.7687,0
"5081","736111","SFER","03/05/2024 08:26:00","33","Ammonium",0.34,"mg/L",25.9119,-81.7999,0
"5082","73622","SFER","03/05/2024 08:52:00","32","Ammonium",0.33,"mg/L",25.8732,-81.8331,0
"5083","73643","SFER","03/05/2024 10:15:00","31","Ammonium",0.21,"mg/L",25.7418,-81.9436,0
"5084","73652","SFER","03/05/2024 11:46:00","42","Ammonium",0.1,"mg/L",25.6565,-81.7215,0
"5085","73673","SFER","03/05/2024 12:53:00","41","Ammonium",0.73,"mg/L",25.7337,-81.575,0
"5086","73682","SFER","03/05/2024 13:20:00","40","Ammonium",0.64,"mg/L",25.7576,-81.5273,0
"5087","73692","SFER","03/05/2024 13:38:00","39","Ammonium",0.36,"mg/L",25.7787,-81.4889,0
"5088","737111","SFER","03/05/2024 15:16:00","45","Ammonium",0.42,"mg/L",25.5837,-81.4713,0
"5089","73722","SFER","03/05/2024 16:05:00","46","Ammonium",0.005,"mg/L",25.583,-81.41,0
"5090","73743","SFER","03/05/2024 16:22:00","47","Ammonium",0.68,"mg/L",25.5832,-81.367,0
"5091","73752","SFER","03/05/2024 16:42:00","48","Ammonium",0.06,"mg/L",25.583,-81.3315,0
"5092","73773","SFER","03/05/2024 16:59:00","49","Ammonium",0.12,"mg/L",25.5832,-81.2944,0
"5093","73782","SFER","03/05/2024 18:18:00","50","Ammonium",0.27,"mg/L",25.4538,-81.3497,0
"5094","73803","SFER","03/05/2024 18:38:00","51","Ammonium",0.17,"mg/L",25.4538,-81.3083,0
"5095","738110","SFER","03/05/2024 19:04:00","52","Ammonium",0.82,"mg/L",25.453,-81.2604,0
"5096","73833","SFER","03/05/2024 19:24:00","53","Ammonium",0.21,"mg/L",25.4526,-81.2301,0
"5097","73843","SFER","03/05/2024 21:52:00","54","Ammonium",0.4,"mg/L",25.3443,-81.1532,0
"5098","73863","SFER","03/05/2024 23:00:00","55","Ammonium",0.2,"mg/L",25.35,-81.193,0
"5099","73883","SFER","03/05/2024 23:24:00","56","Ammonium",0.15,"mg/L",25.3504,-81.2264,0
"5100","73893","SFER","03/05/2024 23:57:00","57","Ammonium",0.21,"mg/L",25.3524,-81.2649,0
"5101","739111","SFER","03/06/2024 00:38:00","57.1","Ammonium",0.23,"mg/L",25.3522,-81.3358,0
"5102","73933","SFER","03/06/2024 01:44:00","57.2","Ammonium",0.4,"mg/L",25.3522,-81.49,0
"5103","73953","SFER","03/06/2024 02:56:00","57.3","Ammonium",0.29,"mg/L",25.3521,-81.653,0
"5104","73973","SFER","03/06/2024 04:21:00","58","Ammonium",0.1,"mg/L",25.1671,-81.6534,0
"5105","73982","SFER","03/06/2024 05:34:00","59","Ammonium",0.04,"mg/L",25.167,-81.4908,0
"5106","74003","SFER","03/06/2024 06:35:00","60","Ammonium",0.27,"mg/L",25.1672,-81.3364,0
"5107","740110","SFER","03/06/2024 07:07:00","61","Ammonium",0.1,"mg/L",25.167,-81.2737,0
"5108","74022","SFER","03/06/2024 07:25:00","62","Ammonium",0.13,"mg/L",25.167,-81.2362,0
"5109","74032","SFER","03/06/2024 07:41:00","63","Ammonium",0.2,"mg/L",25.167,-81.1995,0
"5110","74043","SFER","03/06/2024 08:10:00","64","Ammonium",0.735,"mg/L",25.1653,-81.1609,0
"5111","74053","SFER","03/06/2024 09:44:00","65","Ammonium",0.5,"mg/L",25.1016,-81.0928,0
"5112","74062","SFER","03/06/2024 10:15:00","66","Ammonium",1.04,"mg/L",25.0628,-81.1107,0
"5113","74072","SFER","03/06/2024 10:35:00","67","Ammonium",0.49,"mg/L",25.0301,-81.127,0
"5114","74083","SFER","03/06/2024 11:43:00","68","Ammonium",0.06,"mg/L",24.9299,-81.167,0
"5115","74092","SFER","03/06/2024 12:18:00","69","Ammonium",0.25,"mg/L",24.9296,-81.0988,0
"5116","741010","SFER","03/06/2024 12:56:00","70","Ammonium",0.28,"mg/L",24.9303,-81.0302,0
"5117","74123","SFER","03/06/2024 16:30:00","16","Ammonium",0.39,"mg/L",24.6714,-81.2053,0
"5118","74132","SFER","03/06/2024 16:51:00","17","Ammonium",0.38,"mg/L",24.6355,-81.1929,0
"5119","74153","SFER","03/06/2024 17:09:00","18","Ammonium",0.15,"mg/L",24.5984,-81.1826,0
"5120","74173","SFER","03/06/2024 23:51:00","WS","Ammonium",0.06,"mg/L",24.4781,-81.7161,0
"5121","74182","SFER","03/07/2024 02:12:00","21.5","Ammonium",0,"mg/L",24.4829,-81.3938,0
"5122","74203","SFER","03/07/2024 02:48:00","21LK","Ammonium",0.33,"mg/L",24.5378,-81.4147,0
"5123","742110","SFER","03/07/2024 03:28:00","20","Ammonium",0.53,"mg/L",24.5702,-81.4187,0
"5124","74222","SFER","03/07/2024 03:40:00","19","Ammonium",0.46,"mg/L",24.6042,-81.4216,0
"5125","74232","SFER","03/07/2024 06:19:00","15.5","Ammonium",0.08,"mg/L",24.5921,-80.9931,0
"5126","74242","SFER","03/07/2024 06:42:00","15","Ammonium",0.13,"mg/L",24.6417,-81.0162,0
"5127","74252","SFER","03/07/2024 06:54:00","14","Ammonium",0.19,"mg/L",24.6715,-81.0224,0
"5128","74262","SFER","03/07/2024 07:07:00","13","Ammonium",0.37,"mg/L",24.6991,-81.0304,0
"5129","74273","SFER","03/07/2024 08:28:00","10","Ammonium",1.08,"mg/L",24.7863,-80.8623,0
"5130","74282","SFER","03/07/2024 08:53:00","11","Ammonium",0.24,"mg/L",24.7481,-80.8452,0
"5131","74303","SFER","03/07/2024 09:10:00","12","Ammonium",0.64,"mg/L",24.7136,-80.832,0
"5132","74333","SFER","03/07/2024 10:13:00","9.5","Ammonium",0.23,"mg/L",24.7176,-80.6894,0
"5133","74353","SFER","03/07/2024 10:56:00","9","Ammonium",0.16,"mg/L",24.7638,-80.7225,0
"5134","74362","SFER","03/07/2024 11:17:00","8","Ammonium",0.75,"mg/L",24.7926,-80.7419,0
"5135","74373","SFER","03/07/2024 11:31:00","7","Ammonium",0.77,"mg/L",24.8193,-80.7561,0
"5136","74382","SFER","03/07/2024 13:03:00","UKIN","Ammonium",0.37,"mg/L",24.9377,-80.5709,0
"5137","74392","SFER","03/07/2024 13:13:00","UKMID","Ammonium",0.06,"mg/L",24.9235,-80.5494,0
"5138","74402","SFER","03/07/2024 13:25:00","UKOFF","Ammonium",0.17,"mg/L",24.9006,-80.5306,0
"5139","74423","SFER","03/07/2024 15:06:00","MR","Ammonium",0.09,"mg/L",25.0086,-80.3825,0
"5140","74432","SFER","03/07/2024 15:56:00","6.5","Ammonium",0.01,"mg/L",25.0476,-80.2887,0
"5141","74442","SFER","03/07/2024 16:08:00","6","Ammonium",0.37,"mg/L",25.0647,-80.3146,0
"5142","74452","SFER","03/07/2024 16:20:00","5.5","Ammonium",0.05,"mg/L",25.0801,-80.3331,0
"5143","74462","SFER","03/07/2024 16:44:00","5","Ammonium",0.035,"mg/L",25.0928,-80.3547,0
"5144","74472","SFER","03/07/2024 16:51:00","4","Ammonium",0.1,"mg/L",25.1075,-80.3792,0
"5145","74482","SFER","03/07/2024 18:47:00","EKIN","Ammonium",0.04,"mg/L",25.3345,-80.2271,0
"5146","74492","SFER","03/07/2024 19:06:00","EKMID","Ammonium",0.08,"mg/L",25.3137,-80.1956,0
"5147","74502","SFER","03/07/2024 19:20:00","EKOFF","Ammonium",0.63,"mg/L",25.2937,-80.1655,0
"5148","745110","SFER","03/07/2024 21:46:00","3","Ammonium",0.74,"mg/L",25.645,-80.083,0
"5149","74523","SFER","03/07/2024 21:58:00","2","Ammonium",0.5,"mg/L",25.6426,-80.1056,0
"5150","74532","SFER","03/07/2024 22:26:00","1","Ammonium",0.08,"mg/L",25.6442,-80.126,0
"5151","74542","SFER","03/08/2024 13:13:00","22.5","Ammonium",0.32,"mg/L",24.3992,-81.8269,0
"5152","74552","SFER","03/08/2024 13:36:00","22","Ammonium",0.12,"mg/L",24.4522,-81.828,0
"5153","74562","SFER","03/08/2024 13:50:00","23","Ammonium",0.23,"mg/L",24.4858,-81.8278,0
"5154","74572","SFER","03/08/2024 14:11:00","24","Ammonium",1.05,"mg/L",24.5379,-81.828,0
"5155","74593","SFER","03/08/2024 15:17:00","KW1","Ammonium",0.06,"mg/L",24.6536,-81.9037,0
"5156","746111","SFER","03/08/2024 15:55:00","KW2","Ammonium",0,"mg/L",24.7278,-81.9167,0
"5157","74622","SFER","03/08/2024 16:41:00","KW3","Ammonium",0.6,"mg/L",24.821,-81.9566,0
"5158","74643","SFER","03/08/2024 18:10:00","KW4","Ammonium",0.19,"mg/L",25.0144,-82.0411,0
"5159","74663","SFER","03/08/2024 21:22:00","30","Ammonium",0.27,"mg/L",25.4019,-82.21,0
"5160","74672","SFER","03/08/2024 22:32:00","30.5","Ammonium",0.37,"mg/L",25.5714,-82.0756,0
"5161","74693","SFER","03/09/2024 02:13:00","CAL6","Ammonium",0.03,"mg/L",25.9402,-82.4794,0
"5162","74702","SFER","05/18/2024 09:10:00","1","Ammonium",0.2,"mg/L",25.6448,-80.1286,0
"5163","74723","SFER","05/18/2024 09:23:00","2","Ammonium",0.16,"mg/L",25.6428,-80.1037,0
"5164","74732","SFER","05/18/2024 09:38:00","3","Ammonium",0.13,"mg/L",25.6442,-80.083,0
"5165","74742","SFER","05/18/2024 12:11:00","EKOFF","Ammonium",0.26,"mg/L",25.2962,-80.1676,0
"5166","74752","SFER","05/18/2024 12:23:00","EKMID","Ammonium",0.17,"mg/L",25.3155,-80.1962,0
"5167","74762","SFER","05/18/2024 12:38:00","EKIN","Ammonium",0.12,"mg/L",25.3331,-80.2276,0
"5168","74772","SFER","05/18/2024 14:24:00","5","Ammonium",0.125,"mg/L",25.0947,-80.3557,0
"5169","74782","SFER","05/18/2024 14:34:00","4","Ammonium",0.56,"mg/L",25.1077,-80.381,0
"5170","74803","SFER","05/18/2024 15:46:00","MR","Ammonium",0.15,"mg/L",25.0086,-80.3676,0
"5171","748110","SFER","05/18/2024 16:42:00","5.5","Ammonium",0.38,"mg/L",25.0789,-80.3332,0
"5172","74822","SFER","05/18/2024 16:51:00","6","Ammonium",0.02,"mg/L",25.0659,-80.3159,0
"5173","74832","SFER","05/18/2024 17:03:00","6.5","Ammonium",0.01,"mg/L",25.0494,-80.2885,0
"5174","74842","SFER","05/18/2024 18:53:00","UKOFF","Ammonium",0.15,"mg/L",24.8977,-80.5305,0
"5175","74852","SFER","05/18/2024 19:03:00","UKMID","Ammonium",0.24,"mg/L",24.92,-80.5467,0
"5176","74862","SFER","05/18/2024 19:12:00","UKIN","Ammonium",0.14,"mg/L",24.9353,-80.5648,0
"5177","74873","SFER","05/18/2024 20:45:00","7","Ammonium",0.47,"mg/L",24.8165,-80.755,0
"5178","74882","SFER","05/18/2024 21:03:00","8","Ammonium",0.09,"mg/L",24.7937,-80.7418,0
"5179","74903","SFER","05/18/2024 21:21:00","9","Ammonium",0.13,"mg/L",24.7623,-80.7222,0
"5180","74933","SFER","05/18/2024 21:59:00","9.5","Ammonium",0.48,"mg/L",24.7162,-80.6874,0
"5181","74953","SFER","05/18/2024 23:09:00","12","Ammonium",0.29,"mg/L",24.7135,-80.8298,0
"5182","74962","SFER","05/18/2024 23:35:00","11","Ammonium",0.29,"mg/L",24.749,-80.8449,0
"5183","74973","SFER","05/18/2024 23:54:00","10","Ammonium",0.35,"mg/L",24.7891,-80.8644,0
"5184","74982","SFER","05/19/2024 01:11:00","13","Ammonium",0.3,"mg/L",24.7017,-81.0287,0
"5185","74992","SFER","05/19/2024 01:23:00","14","Ammonium",0.19,"mg/L",24.6764,-81.0242,0
"5186","75002","SFER","05/19/2024 01:35:00","15","Ammonium",0.05,"mg/L",24.6452,-81.0161,0
"5187","750110","SFER","05/19/2024 01:57:00","15.5","Ammonium",0.04,"mg/L",24.5932,-80.9922,0
"5188","75033","SFER","05/19/2024 03:22:00","18","Ammonium",0.11,"mg/L",24.5985,-81.185,0
"5189","75042","SFER","05/19/2024 03:44:00","17","Ammonium",0.15,"mg/L",24.6337,-81.1931,0
"5190","75063","SFER","05/19/2024 04:03:00","16","Ammonium",0.768,"mg/L",24.6704,-81.2021,0
"5191","75072","SFER","05/19/2024 05:32:00","19","Ammonium",0.38,"mg/L",24.609,-81.4196,0
"5192","75082","SFER","05/19/2024 05:46:00","20","Ammonium",0.18,"mg/L",24.5773,-81.4187,0
"5193","751011","SFER","05/19/2024 06:15:00","21LK","Ammonium",0.24,"mg/L",24.54,-81.4152,0
"5194","751110","SFER","05/19/2024 06:58:00","21.5","Ammonium",0.08,"mg/L",24.485,-81.3927,0
"5195","75133","SFER","05/19/2024 09:08:00","WS","Ammonium",0.05,"mg/L",24.4732,-81.7126,0
"5196","75142","SFER","05/19/2024 10:16:00","22.5","Ammonium",0.25,"mg/L",24.405,-81.8288,0
"5197","75152","SFER","05/19/2024 10:35:00","22","Ammonium",0.11,"mg/L",24.4535,-81.8288,0
"5198","75162","SFER","05/19/2024 10:49:00","23","Ammonium",0.1,"mg/L",24.487,-81.8286,0
"5199","75172","SFER","05/19/2024 11:07:00","24","Ammonium",0.37,"mg/L",24.5347,-81.8284,0
"5200","75193","SFER","05/19/2024 12:06:00","KW1","Ammonium",0.44,"mg/L",24.6555,-81.9041,0
"5201","752111","SFER","05/19/2024 12:51:00","KW2","Ammonium",1.99,"mg/L",24.7289,-81.9164,0
"5202","75222","SFER","05/19/2024 13:38:00","KW3","Ammonium",0.07,"mg/L",24.8219,-81.9545,0
"5203","75243","SFER","05/19/2024 15:15:00","KW4","Ammonium",0.01,"mg/L",25.014,-82.0422,0
"5204","75263","SFER","05/19/2024 18:13:00","30","Ammonium",1.54,"mg/L",25.3993,-82.2103,0
"5205","75272","SFER","05/19/2024 19:49:00","30.5","Ammonium",1.24,"mg/L",25.569,-82.0783,0
"5206","75293","SFER","05/19/2024 21:19:00","31","Ammonium",0.37,"mg/L",25.7412,-81.9445,0
"5207","75302","SFER","05/19/2024 22:28:00","32","Ammonium",0.18,"mg/L",25.8699,-81.8344,0
"5208","75323","SFER","05/19/2024 22:59:00","33","Ammonium",0.2,"mg/L",25.9116,-81.7974,0
"5209","75332","SFER","05/19/2024 23:23:00","34","Ammonium",0.34,"mg/L",25.9487,-81.7683,0
"5210","75343","SFER","05/20/2024 03:32:00","CAL1","Ammonium",0.38,"mg/L",26.4263,-81.9585,0
"5211","75363","SFER","05/20/2024 04:06:00","CAL2","Ammonium",0.755,"mg/L",26.384,-81.9988,0
"5212","75383","SFER","05/20/2024 04:45:00","CAL3","Ammonium",0.16,"mg/L",26.3443,-82.0409,0
"5213","75403","SFER","05/20/2024 05:45:00","CAL4","Ammonium",0.05,"mg/L",26.2543,-82.1382,0
"5214","75423","SFER","05/20/2024 06:41:00","CAL5","Ammonium",0.29,"mg/L",26.1871,-82.2158,0
"5215","75433","SFER","05/20/2024 10:53:00","RP1","Ammonium",0.22,"mg/L",26.5455,-82.2147,0
"5216","75453","SFER","05/20/2024 11:18:00","RP2","Ammonium",0.285,"mg/L",26.5524,-82.2558,0
"5217","75473","SFER","05/20/2024 11:53:00","RP3","Ammonium",0.16,"mg/L",26.5511,-82.3311,0
"5218","75493","SFER","05/20/2024 14:07:00","BG1","Ammonium",1.07,"mg/L",26.7097,-82.2629,0
"5219","755111","SFER","05/20/2024 14:56:00","BG2","Ammonium",0.33,"mg/L",26.6881,-82.3394,0
"5220","75533","SFER","05/20/2024 15:38:00","BG3","Ammonium",0.3,"mg/L",26.668,-82.4148,0
"5221","75553","SFER","05/20/2024 16:32:00","RP4","Ammonium",0.475,"mg/L",26.5778,-82.4964,0
"5222","75573","SFER","05/20/2024 17:12:00","BG4","Ammonium",0.28,"mg/L",26.6292,-82.5556,0
"5223","75593","SFER","05/20/2024 18:25:00","GP5","Ammonium",0.23,"mg/L",26.5966,-82.6918,0
"5224","756111","SFER","05/20/2024 19:40:00","BG6","Ammonium",0.12,"mg/L",26.5447,-82.8696,0
"5225","75633","SFER","05/20/2024 20:51:00","BG7","Ammonium",0.565,"mg/L",26.4941,-83.0372,0
"5226","75653","SFER","05/20/2024 22:54:00","V9","Ammonium",0.19,"mg/L",26.7267,-83.0996,0
"5227","75673","SFER","05/21/2024 00:29:00","V8","Ammonium",0.3,"mg/L",26.8291,-82.9608,0
"5228","75693","SFER","05/21/2024 01:22:00","V7","Ammonium",1.03,"mg/L",26.876,-82.8908,0
"5229","757111","SFER","05/21/2024 02:04:00","V6","Ammonium",0.32,"mg/L",26.9173,-82.819,0
"5230","75733","SFER","05/21/2024 02:50:00","V5","Ammonium",0.175,"mg/L",26.9529,-82.754,0
"5231","75753","SFER","05/21/2024 03:31:00","V4","Ammonium",0.24,"mg/L",26.9941,-82.6828,0
"5232","75773","SFER","05/21/2024 04:17:00","V3","Ammonium",0.06,"mg/L",27.0306,-82.6163,0
"5233","75793","SFER","05/21/2024 05:05:00","V2","Ammonium",0.49,"mg/L",27.0708,-82.546,0
"5234","758111","SFER","05/21/2024 05:49:00","V1","Ammonium",0.195,"mg/L",27.109,-82.4816,0
"5235","75833","SFER","05/21/2024 09:03:00","AMI1","Ammonium",0.08,"mg/L",27.4961,-82.7508,0
"5236","75853","SFER","05/21/2024 10:20:00","ROME5","Ammonium",0.19,"mg/L",27.65,-82.8393,0
"5237","75873","SFER","05/21/2024 10:58:00","ROME4","Ammonium",0.16,"mg/L",27.6499,-82.9224,0
"5238","75893","SFER","05/21/2024 11:43:00","TB3","Ammonium",0.11,"mg/L",27.6715,-83.0011,0
"5239","759111","SFER","05/21/2024 12:40:00","TB4","Ammonium",0.15,"mg/L",27.6181,-83.1314,0
"5240","75933","SFER","05/21/2024 14:55:00","TB5","Ammonium",0.06,"mg/L",27.6176,-83.2996,0
"5241","75953","SFER","05/21/2024 16:20:00","TB10","Ammonium",0.03,"mg/L",27.6206,-83.4878,0
"5242","75973","SFER","05/21/2024 19:04:00","CW7","Ammonium",0.19,"mg/L",28.0122,-83.5664,0
"5243","75993","SFER","05/21/2024 20:09:00","CW6","Ammonium",0.13,"mg/L",28.0115,-83.4042,0
"5244","760111","SFER","05/21/2024 21:19:00","CW5","Ammonium",0.42,"mg/L",28.0112,-83.2378,0
"5245","76033","SFER","05/21/2024 22:25:00","CW4","Ammonium",0.625,"mg/L",28.0116,-83.0784,0
"5246","76053","SFER","05/21/2024 23:25:00","CW3","Ammonium",0.72,"mg/L",28.0087,-82.9594,0
"5247","76073","SFER","05/21/2024 23:59:00","CW2","Ammonium",0.16,"mg/L",28.0164,-82.8898,0
"5248","76083","SFER","05/22/2024 00:31:00","CW1","Ammonium",0.29,"mg/L",28.0092,-82.8503,0
"5249","76093","SFER","05/22/2024 02:10:00","TB1","Ammonium",0.235,"mg/L",27.8038,-82.8821,0
"5250","761111","SFER","05/22/2024 02:49:00","TB2","Ammonium",0.41,"mg/L",27.7392,-82.928,0
"5251","76133","SFER","05/22/2024 04:55:00","AMI2","Ammonium",0.58,"mg/L",27.4596,-82.8449,0
"5252","76153","SFER","05/22/2024 05:47:00","AMI3","Ammonium",0.24,"mg/L",27.4205,-82.942,0
"5253","76173","SFER","05/22/2024 06:38:00","AMI4","Ammonium",0.49,"mg/L",27.3828,-83.0343,0
"5254","76193","SFER","05/22/2024 07:31:00","AMI5","Ammonium",0.14,"mg/L",27.3437,-83.1253,0
"5255","762111","SFER","05/22/2024 08:20:00","AMI6","Ammonium",0.17,"mg/L",27.3047,-83.2234,0
"5256","76233","SFER","05/22/2024 09:22:00","AMI7","Ammonium",0.27,"mg/L",27.2644,-83.3247,0
"5257","76253","SFER","05/22/2024 10:08:00","AMI8","Ammonium",0.25,"mg/L",27.2276,-83.4109,0
"5258","76273","SFER","05/22/2024 11:04:00","AMI9","Ammonium",0.37,"mg/L",27.1893,-83.5087,0
"5259","76293","SFER","05/22/2024 13:36:00","L9","Ammonium",0.22,"mg/L",26.9708,-83.3167,0
"5260","763111","SFER","05/22/2024 15:10:00","L7","Ammonium",0.12,"mg/L",27.0597,-83.138,0
"5261","76333","SFER","05/22/2024 16:48:00","L5","Ammonium",0.36,"mg/L",27.1371,-82.9576,0
"5262","76353","SFER","05/22/2024 18:18:00","L3","Ammonium",0.07,"mg/L",27.2208,-82.7766,0
"5263","76373","SFER","05/22/2024 19:41:00","L1","Ammonium",0.05,"mg/L",27.3014,-82.5962,0
"5264","76393","SFER","05/23/2024 04:36:00","CAL6","Ammonium",0.145,"mg/L",25.9417,-82.4795,0
"5265","76402","SFER","05/23/2024 09:44:00","42","Ammonium",0.35,"mg/L",25.6558,-81.7193,0
"5266","764111","SFER","05/23/2024 11:02:00","41","Ammonium",0.29,"mg/L",25.7324,-81.5748,0
"5267","76422","SFER","05/23/2024 11:28:00","40","Ammonium",1.44,"mg/L",25.76,-81.5247,0
"5268","76432","SFER","05/23/2024 11:48:00","39","Ammonium",0.44,"mg/L",25.7781,-81.4812,0
"5269","76443","SFER","05/23/2024 13:07:00","45","Ammonium",0.18,"mg/L",25.5823,-81.4701,0
"5270","76452","SFER","05/23/2024 13:32:00","46","Ammonium",0.28,"mg/L",25.5827,-81.41,0
"5271","76463","SFER","05/23/2024 13:49:00","47","Ammonium",0.05,"mg/L",25.5832,-81.3647,0
"5272","76472","SFER","05/23/2024 14:10:00","48","Ammonium",0.13,"mg/L",25.582,-81.3315,0
"5273","76483","SFER","05/23/2024 14:25:00","49","Ammonium",0.39,"mg/L",25.5827,-81.2951,0
"5274","76492","SFER","05/23/2024 15:27:00","50","Ammonium",0.73,"mg/L",25.4536,-81.3472,0
"5275","76503","SFER","05/23/2024 15:44:00","51","Ammonium",0.13,"mg/L",25.4535,-81.3069,0
"5276","765110","SFER","05/23/2024 16:05:00","52","Ammonium",0.23,"mg/L",25.4532,-81.2608,0
"5277","76523","SFER","05/23/2024 16:16:00","53","Ammonium",0.07,"mg/L",25.4528,-81.228,0
"5278","76533","SFER","05/23/2024 17:10:00","55","Ammonium",0.53,"mg/L",25.3499,-81.1972,0
"5279","76543","SFER","05/23/2024 17:43:00","54","Ammonium",0.46,"mg/L",25.3409,-81.1566,0
"5280","76553","SFER","05/23/2024 18:27:00","56","Ammonium",0.635,"mg/L",25.3496,-81.2268,0
"5281","76563","SFER","05/23/2024 18:57:00","57","Ammonium",0.27,"mg/L",25.3497,-81.2632,0
"5282","76583","SFER","05/23/2024 19:34:00","57.1","Ammonium",0.56,"mg/L",25.3507,-81.3349,0
"5283","76603","SFER","05/23/2024 20:35:00","57.2","Ammonium",0.53,"mg/L",25.35,-81.4888,0
"5284","76623","SFER","05/23/2024 21:40:00","57.3","Ammonium",0.16,"mg/L",25.3524,-81.6528,0
"5285","76643","SFER","05/23/2024 22:58:00","58","Ammonium",0.28,"mg/L",25.1661,-81.6538,0
"5286","76652","SFER","05/24/2024 00:04:00","59","Ammonium",0.61,"mg/L",25.1673,-81.4904,0
"5287","76673","SFER","05/24/2024 01:01:00","60","Ammonium",0.3,"mg/L",25.167,-81.3378,0
"5288","76682","SFER","05/24/2024 01:30:00","61","Ammonium",0.68,"mg/L",25.167,-81.2758,0
"5289","76692","SFER","05/24/2024 01:44:00","62","Ammonium",0.4,"mg/L",25.167,-81.686,0
"5290","76702","SFER","05/24/2024 01:57:00","63","Ammonium",0.39,"mg/L",25.1664,-81.2004,0
"5291","767111","SFER","05/24/2024 02:16:00","64","Ammonium",0.2,"mg/L",25.1667,-81.1626,0
"5292","76723","SFER","05/24/2024 03:15:00","65","Ammonium",0.51,"mg/L",25.0946,-81.103,0
"5293","76732","SFER","05/24/2024 03:31:00","66","Ammonium",0.28,"mg/L",25.0694,-81.1079,0
"5294","76742","SFER","05/24/2024 03:48:00","67","Ammonium",0.45,"mg/L",25.0307,-81.1261,0
"5295","76753","SFER","05/24/2024 04:40:00","68","Ammonium",0.46,"mg/L",24.9327,-81.1642,0
"5296","76762","SFER","05/24/2024 05:12:00","69","Ammonium",0.89,"mg/L",24.9298,-81.0955,0
"5297","76772","SFER","05/24/2024 05:36:00","70","Ammonium",0.64,"mg/L",24.9302,-81.0307,0
"5298","76782","SFER","07/23/2024 05:02:00","1","Ammonium",0.4,"mg/L",25.6452,-80.1285,0
"5299","76803","SFER","07/23/2024 05:28:00","2","Ammonium",0.14,"mg/L",25.6444,-80.1054,0
"5300","768110","SFER","07/23/2024 05:45:00","3","Ammonium",1.13,"mg/L",25.6434,-80.0841,0
"5301","76822","SFER","07/23/2024 08:04:00","EKOFF","Ammonium",0.17,"mg/L",25.2947,-80.1634,0
"5302","76832","SFER","07/23/2024 08:18:00","EKMID","Ammonium",0.14,"mg/L",25.314,-80.1951,0
"5303","76842","SFER","07/23/2024 08:32:00","EKIN","Ammonium",0.27,"mg/L",25.335,-80.2247,0
"5304","76852","SFER","07/23/2024 10:21:00","5","Ammonium",0.26,"mg/L",25.0934,-80.3569,0
"5305","76862","SFER","07/23/2024 10:31:00","4","Ammonium",0.52,"mg/L",25.1075,-80.3802,0
"5306","76883","SFER","07/23/2024 11:44:00","MR","Ammonium",0.61,"mg/L",25.006,-80.3652,0
"5307","76892","SFER","07/23/2024 12:39:00","5.5","Ammonium",0.17,"mg/L",25.0761,-80.3328,0
"5308","76902","SFER","07/23/2024 12:48:00","6","Ammonium",0.1,"mg/L",25.0645,-80.3144,0
"5309","769110","SFER","07/23/2024 13:01:00","6.5","Ammonium",1.23,"mg/L",25.05,-80.2887,0
"5310","76922","SFER","07/23/2024 14:49:00","UKOFF","Ammonium",0.22,"mg/L",24.8976,-80.5288,0
"5311","76932","SFER","07/23/2024 15:01:00","UKMID","Ammonium",0.14,"mg/L",24.9188,-80.5463,0
"5312","76942","SFER","07/23/2024 15:09:00","UKIN","Ammonium",0.43,"mg/L",24.9342,-80.5637,0
"5313","76953","SFER","07/23/2024 16:35:00","7","Ammonium",0.33,"mg/L",24.8151,-80.7546,0
"5314","76962","SFER","07/23/2024 16:51:00","8","Ammonium",2.06,"mg/L",24.7922,-80.7415,0
"5315","76983","SFER","07/23/2024 17:10:00","9","Ammonium",0.08,"mg/L",24.7625,-80.7251,0
"5316","770111","SFER","07/23/2024 17:48:00","9.5","Ammonium",0.6,"mg/L",24.7162,-80.6912,0
"5317","77033","SFER","07/23/2024 19:02:00","12","Ammonium",0.64,"mg/L",24.7128,-80.8352,0
"5318","77042","SFER","07/23/2024 19:26:00","11","Ammonium",0.05,"mg/L",24.7519,-80.8463,0
"5319","77053","SFER","07/23/2024 19:45:00","10","Ammonium",0.16,"mg/L",24.7862,-80.8637,0
"5320","77062","SFER","07/23/2024 21:00:00","13","Ammonium",1.52,"mg/L",24.7013,-81.029,0
"5321","77072","SFER","07/23/2024 21:12:00","14","Ammonium",0.09,"mg/L",24.6751,-81.0239,0
"5322","77082","SFER","07/23/2024 21:24:00","15","Ammonium",0.9,"mg/L",24.6441,-81.017,0
"5323","77092","SFER","07/23/2024 21:48:00","15.5","Ammonium",0.06,"mg/L",24.5922,-80.9894,0
"5324","771111","SFER","07/23/2024 23:17:00","18","Ammonium",0.19,"mg/L",24.5977,-81.1802,0
"5325","77122","SFER","07/23/2024 23:28:00","17","Ammonium",0.48,"mg/L",24.6345,-81.194,0
"5326","77143","SFER","07/23/2024 23:56:00","16","Ammonium",0.735,"mg/L",24.6709,-81.2035,0
"5327","77152","SFER","07/24/2024 01:26:00","19","Ammonium",0.27,"mg/L",24.6101,-81.4216,0
"5328","77162","SFER","07/24/2024 01:41:00","20","Ammonium",0.36,"mg/L",24.575,-81.4186,0
"5329","77183","SFER","07/24/2024 02:16:00","21LK","Ammonium",0.79,"mg/L",24.5302,-81.413,0
"5330","77192","SFER","07/24/2024 03:07:00","21.5","Ammonium",0.2,"mg/L",24.4847,-81.3926,0
"5331","772111","SFER","07/24/2024 05:09:00","WS","Ammonium",0.48,"mg/L",24.4665,-81.7122,0
"5332","77222","SFER","07/24/2024 06:18:00","22.5","Ammonium",0.08,"mg/L",24.397,-81.8267,0
"5333","77232","SFER","07/24/2024 06:42:00","22","Ammonium",3.52,"mg/L",24.454,-81.8281,0
"5334","77242","SFER","07/24/2024 06:54:00","23","Ammonium",0.21,"mg/L",24.4856,-81.8283,0
"5335","77252","SFER","07/24/2024 07:14:00","24","Ammonium",0.13,"mg/L",24.5357,-81.8284,0
"5336","77263","SFER","07/24/2024 13:34:00","68","Ammonium",0.19,"mg/L",24.9327,-81.1703,0
"5337","77272","SFER","07/24/2024 14:20:00","67","Ammonium",2,"mg/L",25.0288,-81.1338,0
"5338","77282","SFER","07/24/2024 14:38:00","66","Ammonium",1.13,"mg/L",25.0694,-81.1093,0
"5339","77293","SFER","07/24/2024 14:52:00","65","Ammonium",0.42,"mg/L",25.0938,-81.1051,0
"5340","77303","SFER","07/24/2024 15:40:00","64","Ammonium",0.37,"mg/L",25.1674,-81.1668,0
"5341","773110","SFER","07/24/2024 16:00:00","63","Ammonium",0.83,"mg/L",25.167,-81.2016,0
"5342","77322","SFER","07/24/2024 16:13:00","62","Ammonium",0.26,"mg/L",25.1665,-81.2356,0
"5343","77332","SFER","07/24/2024 16:27:00","61","Ammonium",3.11,"mg/L",25.166,-81.2742,0
"5344","77353","SFER","07/24/2024 16:57:00","60","Ammonium",5.15,"mg/L",25.1667,-81.3372,0
"5345","77373","SFER","07/24/2024 19:29:00","57.3","Ammonium",0.22,"mg/L",25.3536,-81.6531,0
"5346","77393","SFER","07/24/2024 20:42:00","57.2","Ammonium",0.14,"mg/L",25.3516,-81.4895,0
"5347","774111","SFER","07/24/2024 21:55:00","57.1","Ammonium",2.26,"mg/L",25.3518,-81.3315,0
"5348","77423","SFER","07/24/2024 23:22:00","54","Ammonium",0.81,"mg/L",25.3412,-81.1567,0
"5349","77433","SFER","07/25/2024 00:03:00","55","Ammonium",0.12,"mg/L",25.3501,-81.2006,0
"5350","77443","SFER","07/25/2024 00:20:00","56","Ammonium",0.14,"mg/L",25.3503,-81.2293,0
"5351","77453","SFER","07/25/2024 00:53:00","57","Ammonium",1.33,"mg/L",25.35,-81.2674,0
"5352","77463","SFER","07/25/2024 01:52:00","53","Ammonium",0.18,"mg/L",25.4493,-81.2334,0
"5353","77472","SFER","07/25/2024 02:08:00","52","Ammonium",0.35,"mg/L",25.4526,-81.2604,0
"5354","77483","SFER","07/25/2024 02:27:00","51","Ammonium",0.34,"mg/L",25.453,-81.3088,0
"5355","77492","SFER","07/25/2024 02:47:00","50","Ammonium",0.29,"mg/L",25.4531,-81.3504,0
"5356","77503","SFER","07/25/2024 03:45:00","49","Ammonium",1.33,"mg/L",25.5805,-81.2984,0
"5357","775110","SFER","07/25/2024 04:03:00","48","Ammonium",0.48,"mg/L",25.5831,-81.3286,0
"5358","77523","SFER","07/25/2024 04:20:00","47","Ammonium",0.7,"mg/L",25.5833,-81.3664,0
"5359","77532","SFER","07/25/2024 04:43:00","46","Ammonium",0.51,"mg/L",25.5835,-81.407,0
"5360","77553","SFER","07/25/2024 05:09:00","45","Ammonium",0.68,"mg/L",25.5834,-81.4701,0
"5361","77562","SFER","07/25/2024 06:34:00","39","Ammonium",0.365,"mg/L",25.7822,-81.481,0
"5362","77572","SFER","07/25/2024 06:54:00","40","Ammonium",0.38,"mg/L",25.7605,-81.5245,0
"5363","77593","SFER","07/25/2024 07:20:00","41","Ammonium",0.54,"mg/L",25.7338,-81.5743,0
"5364","77602","SFER","07/25/2024 08:40:00","42","Ammonium",0.23,"mg/L",25.655,-81.7177,0
"5365","77623","SFER","07/25/2024 10:15:00","31","Ammonium",0.46,"mg/L",25.7429,-81.9457,0
"5366","77632","SFER","07/25/2024 11:26:00","32","Ammonium",0.15,"mg/L",25.8747,-81.8318,0
"5367","77653","SFER","07/25/2024 11:54:00","33","Ammonium",0.36,"mg/L",25.9131,-81.8028,0
"5368","77662","SFER","07/25/2024 12:21:00","34","Ammonium",0.35,"mg/L",25.9502,-81.7675,0
"5369","77683","SFER","07/25/2024 15:22:00","CAL5","Ammonium",0.35,"mg/L",26.1834,-82.2161,0
"5370","77703","SFER","07/25/2024 16:08:00","CAL4","Ammonium",0.43,"mg/L",26.2542,-82.1388,0
"5371","77723","SFER","07/25/2024 17:10:00","CAL3","Ammonium",0.33,"mg/L",26.3406,-82.045,0
"5372","77743","SFER","07/25/2024 17:42:00","CAL2","Ammonium",0.27,"mg/L",26.3838,-82,0
"5373","77763","SFER","07/25/2024 18:18:00","CAL1","Ammonium",0.335,"mg/L",26.4251,-81.9603,0
"5374","77783","SFER","07/25/2024 20:40:00","RP1","Ammonium",0.32,"mg/L",26.5439,-82.215,0
"5375","77803","SFER","07/25/2024 21:08:00","RP2","Ammonium",0.35,"mg/L",26.5529,-82.255,0
"5376","77823","SFER","07/25/2024 21:42:00","RP3","Ammonium",0.43,"mg/L",26.552,-82.3318,0
"5377","77843","SFER","07/25/2024 23:06:00","BG1","Ammonium",0.49,"mg/L",26.7084,-82.268,0
"5378","77852","SFER","07/25/2024 23:39:00","BG2","Ammonium",2.04,"mg/L",26.6881,-82.3382,0
"5379","77873","SFER","07/26/2024 00:14:00","BG3","Ammonium",3.79,"mg/L",26.6706,-82.4142,0
"5380","77893","SFER","07/26/2024 01:12:00","RP4","Ammonium",3.9,"mg/L",26.5786,-82.4982,0
"5381","77923","SFER","07/26/2024 01:51:00","BG4","Ammonium",1.83,"mg/L",26.629,-82.5571,0
"5382","77953","SFER","07/26/2024 03:01:00","GP5","Ammonium",0.42,"mg/L",26.5964,-82.6933,0
"5383","77983","SFER","07/26/2024 04:23:00","BG6","Ammonium",0.735,"mg/L",26.5438,-82.8698,0
"5384","78033","SFER","07/26/2024 05:37:00","BG7","Ammonium",0.59,"mg/L",26.4944,-83.0367,0
"5385","781011","SFER","07/26/2024 07:05:00","BG8","Ammonium",2.49,"mg/L",26.4498,-83.192,0
"5386","78163","SFER","07/26/2024 08:14:00","BG9","Ammonium",3.71,"mg/L",26.4062,-83.3453,0
"5387","78233","SFER","07/26/2024 09:30:00","BG10","Ammonium",0.43,"mg/L",26.3591,-83.5071,0
"5388","783111","SFER","07/26/2024 10:31:00","BG11","Ammonium",0.38,"mg/L",26.3175,-83.6534,0
"5389","784111","SFER","07/26/2024 11:38:00","BG12","Ammonium",7.07,"mg/L",26.2722,-83.8078,0
"5390","785111","SFER","07/26/2024 12:47:00","BG13","Ammonium",1.44,"mg/L",26.2285,-83.961,0
"5391","78633","SFER","07/26/2024 14:21:00","BG14","Ammonium",1.81,"mg/L",26.1826,-84.1152,0
"5392","78733","SFER","07/26/2024 15:42:00","BG15","Ammonium",1.76,"mg/L",26.1369,-84.2604,0
"5393","78873","SFER","07/26/2024 17:23:00","BG16","Ammonium",1.81,"mg/L",26.0932,-84.419,0
"5394","78993","SFER","07/26/2024 18:41:00","BG17","Ammonium",0.76,"mg/L",26.0477,-84.5724,0
"5395","79133","SFER","07/26/2024 20:18:00","BG18","Ammonium",0.23,"mg/L",26.0126,-84.7191,0
"5396","79253","SFER","07/27/2024 02:10:00","BG20","Ammonium",0.2,"mg/L",25.9351,-85.0221,0
"5397","79293","SFER","07/27/2024 17:57:00","V9","Ammonium",0.8,"mg/L",26.7294,-83.1015,0
"5398","793111","SFER","07/27/2024 19:30:00","V8","Ammonium",1.28,"mg/L",26.8303,-82.9597,0
"5399","79343","SFER","07/27/2024 20:17:00","V7","Ammonium",0.11,"mg/L",26.879,-82.8849,0
"5400","79373","SFER","07/27/2024 21:00:00","V6","Ammonium",0.09,"mg/L",26.9179,-82.8204,0
"5401","79393","SFER","07/27/2024 21:45:00","V5","Ammonium",0.02,"mg/L",26.9567,-82.7492,0
"5402","794111","SFER","07/27/2024 22:21:00","V4","Ammonium",0.255,"mg/L",26.9948,-82.6834,0
"5403","79433","SFER","07/27/2024 23:06:00","V3","Ammonium",0.15,"mg/L",27.0357,-82.6107,0
"5404","79453","SFER","07/27/2024 23:46:00","V2","Ammonium",0.06,"mg/L",27.0712,-82.548,0
"5405","79473","SFER","07/28/2024 00:29:00","V1","Ammonium",0.12,"mg/L",27.107,-82.4828,0
"5406","79493","SFER","07/28/2024 03:52:00","AMI1","Ammonium",0.43,"mg/L",27.4938,-82.7492,0
"5407","795111","SFER","07/28/2024 04:41:00","AMI2","Ammonium",0.25,"mg/L",27.4587,-82.8449,0
"5408","79533","SFER","07/28/2024 05:35:00","AMI3","Ammonium",0.21,"mg/L",27.4215,-82.9374,0
"5409","79553","SFER","07/28/2024 06:29:00","AMI4","Ammonium",0.25,"mg/L",27.3813,-83.0334,0
"5410","79573","SFER","07/28/2024 07:25:00","AMI5","Ammonium",0.26,"mg/L",27.3437,-83.1244,0
"5411","79593","SFER","07/28/2024 08:15:00","AMI6","Ammonium",0.25,"mg/L",27.3043,-83.2225,0
"5412","796111","SFER","07/28/2024 09:06:00","AMI7","Ammonium",0.18,"mg/L",27.2707,-83.3113,0
"5413","79633","SFER","07/28/2024 09:56:00","AMI8","Ammonium",1.02,"mg/L",27.228,-83.41,0
"5414","79653","SFER","07/28/2024 10:55:00","AMI9","Ammonium",6.51,"mg/L",27.1914,-83.504,0
"5415","79673","SFER","07/28/2024 14:08:00","TB10","Ammonium",1.74,"mg/L",27.6182,-83.4917,0
"5416","79693","SFER","07/28/2024 17:36:00","TB5","Ammonium",0.19,"mg/L",27.6146,-83.2961,0
"5417","797111","SFER","07/28/2024 19:45:00","TB4","Ammonium",1.72,"mg/L",27.6162,-83.1301,0
"5418","79733","SFER","07/28/2024 20:47:00","TB3","Ammonium",1.205,"mg/L",27.6719,-83.0041,0
"5419","79753","SFER","07/28/2024 21:24:00","ROME4","Ammonium",0.96,"mg/L",27.65,-82.9211,0
"5420","79773","SFER","07/28/2024 21:59:00","ROME5","Ammonium",0.54,"mg/L",27.6505,-82.8378,0
"5421","79793","SFER","07/28/2024 22:53:00","TB2","Ammonium",1.77,"mg/L",27.7403,-82.9284,0
"5422","798111","SFER","07/28/2024 23:35:00","TB1","Ammonium",7.81,"mg/L",27.7983,-82.8823,0
"5423","79833","SFER","07/29/2024 03:00:00","CW1","Ammonium",0.34,"mg/L",28.0089,-82.8528,0
"5424","79853","SFER","07/29/2024 03:24:00","CW2","Ammonium",0.18,"mg/L",28.0167,-82.8932,0
"5425","79873","SFER","07/29/2024 04:05:00","CW3","Ammonium",4.16,"mg/L",28.0108,-82.9578,0
"5426","79893","SFER","07/29/2024 05:00:00","CW4","Ammonium",1.365,"mg/L",28.0105,-83.0816,0
"5427","79902","SFER","07/29/2024 06:07:00","CW5","Ammonium",1.29,"mg/L",28.0126,-83.2395,0
"5428","799110","SFER","07/29/2024 07:09:00","CW6","Ammonium",0.5,"mg/L",28.0117,-83.4039,0
"5429","79922","SFER","07/29/2024 08:12:00","CW7","Ammonium",0.33,"mg/L",28.0112,-83.5673,0
"5430","79943","SFER","07/30/2024 00:43:00","CAL6","Ammonium",0.895,"mg/L",25.9417,-82.484,0
"5431","79952","SFER","07/30/2024 03:59:00","30.5","Ammonium",0.12,"mg/L",25.5723,-82.0751,0
"5432","79973","SFER","07/30/2024 05:32:00","30","Ammonium",2.67,"mg/L",25.402,-82.2108,0
"5433","79993","SFER","07/30/2024 08:28:00","KW4","Ammonium",0.355,"mg/L",24.9966,-82.0388,0
"5434","80002","SFER","07/30/2024 09:54:00","KW3","Ammonium",0.22,"mg/L",24.8224,-81.9573,0
"5435","800110","SFER","07/30/2024 10:39:00","KW2","Ammonium",0.23,"mg/L",24.7236,-81.9116,0
"5436","80033","SFER","07/30/2024 11:12:00","KW1","Ammonium",0.3,"mg/L",24.6537,-81.9041,0
"5437","80042","SFER","09/14/2024 09:58:00","1","Ammonium",1.57,"mg/L",25.645,-80.1287,0
"5438","80063","SFER","09/14/2024 10:10:00","2","Ammonium",2.53,"mg/L",25.6415,-80.1041,0
"5439","80072","SFER","09/14/2024 10:25:00","3","Ammonium",0.57,"mg/L",25.6464,-80.0801,0
"5440","80082","SFER","09/14/2024 13:06:00","EKOFF","Ammonium",0.48,"mg/L",25.2934,-80.1604,0
"5441","80092","SFER","09/14/2024 13:22:00","EKMID","Ammonium",0.33,"mg/L",25.3114,-80.1938,0
"5442","801010","SFER","09/14/2024 13:35:00","EKIN","Ammonium",0.61,"mg/L",25.3338,-80.2237,0
"5443","801110","SFER","09/14/2024 15:23:00","5","Ammonium",0.22,"mg/L",25.0942,-80.3547,0
"5444","80122","SFER","09/14/2024 15:34:00","4","Ammonium",0.35,"mg/L",25.1075,-80.3796,0
"5445","80143","SFER","09/14/2024 16:42:00","MR","Ammonium",1.22,"mg/L",25.0054,-80.3663,0
"5446","80152","SFER","09/14/2024 17:34:00","5.5","Ammonium",0.85,"mg/L",25.0777,-80.3333,0
"5447","80162","SFER","09/14/2024 17:41:00","6","Ammonium",3.74,"mg/L",25.0652,-80.3156,0
"5448","80172","SFER","09/14/2024 17:53:00","6.5","Ammonium",0.77,"mg/L",25.0493,-80.2885,0
"5449","80182","SFER","09/14/2024 19:42:00","UKOFF","Ammonium",0.16,"mg/L",24.8979,-80.5296,0
"5450","80192","SFER","09/14/2024 19:52:00","UKMID","Ammonium",0.24,"mg/L",24.9191,-80.5453,0
"5451","80202","SFER","09/14/2024 20:00:00","UKIN","Ammonium",0.1,"mg/L",24.9353,-80.5653,0
"5452","802111","SFER","09/14/2024 21:27:00","7","Ammonium",0.22,"mg/L",24.8166,-80.7551,0
"5453","80222","SFER","09/14/2024 21:47:00","8","Ammonium",0.22,"mg/L",24.7936,-80.7428,0
"5454","80243","SFER","09/14/2024 21:59:00","9","Ammonium",0.39,"mg/L",24.7634,-80.7229,0
"5455","80273","SFER","09/14/2024 22:28:00","9.5","Ammonium",0.1,"mg/L",24.7184,-80.6907,0
"5456","80293","SFER","09/14/2024 23:31:00","12","Ammonium",0.56,"mg/L",24.7132,-80.8328,0
"5457","80302","SFER","09/14/2024 23:54:00","11","Ammonium",0.15,"mg/L",24.7516,-80.8462,0
"5458","803111","SFER","09/15/2024 00:11:00","10","Ammonium",0.315,"mg/L",24.7834,-80.8607,0
"5459","80322","SFER","09/15/2024 01:32:00","13","Ammonium",1.26,"mg/L",24.7015,-81.0297,0
"5460","80332","SFER","09/15/2024 01:43:00","14","Ammonium",0.36,"mg/L",24.676,-81.0242,0
"5461","80342","SFER","09/15/2024 01:55:00","15","Ammonium",0.69,"mg/L",24.6438,-81.0166,0
"5462","80352","SFER","09/15/2024 02:16:00","15.5","Ammonium",0.69,"mg/L",24.5921,-80.9914,0
"5463","80373","SFER","09/15/2024 03:38:00","18","Ammonium",0.7,"mg/L",24.5982,-81.1842,0
"5464","80382","SFER","09/15/2024 04:02:00","17","Ammonium",1.32,"mg/L",24.6348,-81.193,0
"5465","80403","SFER","09/15/2024 04:18:00","16","Ammonium",0.45,"mg/L",24.6633,-81.1994,0
"5466","804110","SFER","09/15/2024 05:50:00","19","Ammonium",1.44,"mg/L",24.6095,-81.4202,0
"5467","80422","SFER","09/15/2024 06:03:00","20","Ammonium",0.45,"mg/L",24.5757,-81.4182,0
"5468","80443","SFER","09/15/2024 06:35:00","21LK","Ammonium",0.35,"mg/L",24.5351,-81.4147,0
"5469","80452","SFER","09/15/2024 07:22:00","21.5","Ammonium",0.6,"mg/L",24.486,-81.3935,0
"5470","80473","SFER","09/15/2024 09:19:00","WS","Ammonium",0.59,"mg/L",24.4724,-81.7147,0
"5471","80482","SFER","09/15/2024 10:25:00","22.5","Ammonium",3.31,"mg/L",24.3981,-81.8259,0
"5472","80492","SFER","09/15/2024 10:46:00","22","Ammonium",0.17,"mg/L",24.4524,-81.8286,0
"5473","80502","SFER","09/15/2024 10:58:00","23","Ammonium",2.03,"mg/L",24.4855,-81.8284,0
"5474","805110","SFER","09/15/2024 11:16:00","24","Ammonium",2.25,"mg/L",24.535,-81.8284,0
"5475","80533","SFER","09/15/2024 12:08:00","KW1","Ammonium",0.83,"mg/L",24.654,-81.9031,0
"5476","80553","SFER","09/15/2024 12:55:00","KW2","Ammonium",0.72,"mg/L",24.7283,-81.9157,0
"5477","80562","SFER","09/15/2024 13:42:00","KW3","Ammonium",1.13,"mg/L",24.8212,-81.9581,0
"5478","80583","SFER","09/15/2024 15:13:00","KW4","Ammonium",0.03,"mg/L",25.0052,-82.0414,0
"5479","80603","SFER","09/15/2024 18:24:00","30","Ammonium",0.59,"mg/L",25.3972,-82.209,0
"5480","806110","SFER","09/15/2024 20:27:00","30.5","Ammonium",0.32,"mg/L",25.571,-82.0728,0
"5481","80633","SFER","09/15/2024 22:03:00","31","Ammonium",1.15,"mg/L",25.7409,-81.9428,0
"5482","80642","SFER","09/15/2024 23:16:00","32","Ammonium",2.37,"mg/L",25.8727,-81.8318,0
"5483","80663","SFER","09/15/2024 23:43:00","33","Ammonium",0.93,"mg/L",25.9093,-81.8005,0
"5484","80672","SFER","09/16/2024 00:24:00","34","Ammonium",0.55,"mg/L",25.9482,-81.7679,0
"5485","80693","SFER","09/16/2024 03:54:00","CAL5","Ammonium",0.41,"mg/L",26.1816,-82.2175,0
"5486","807111","SFER","09/16/2024 04:49:00","CAL4","Ammonium",0.59,"mg/L",26.254,-82.1374,0
"5487","80733","SFER","09/16/2024 05:55:00","CAL3","Ammonium",1.3,"mg/L",26.336,-82.0467,0
"5488","80753","SFER","09/16/2024 06:31:00","CAL2","Ammonium",1.1,"mg/L",26.384,-81.9988,0
"5489","80763","SFER","09/16/2024 07:11:00","CAL1","Ammonium",0.24,"mg/L",26.4178,-81.9644,0
"5490","80783","SFER","09/16/2024 09:29:00","RP1","Ammonium",3.27,"mg/L",26.5444,-82.2152,0
"5491","80803","SFER","09/16/2024 09:58:00","RP2","Ammonium",0.82,"mg/L",26.5526,-82.2564,0
"5492","80823","SFER","09/16/2024 10:36:00","RP3","Ammonium",2.22,"mg/L",26.5512,-82.3314,0
"5493","80843","SFER","09/16/2024 12:06:00","BG1","Ammonium",4.04,"mg/L",26.7107,-82.2605,0
"5494","80863","SFER","09/16/2024 12:53:00","BG2","Ammonium",3.64,"mg/L",26.6879,-82.3402,0
"5495","80883","SFER","09/16/2024 13:37:00","BG3","Ammonium",7.82,"mg/L",26.6688,-82.4152,0
"5496","80903","SFER","09/16/2024 14:34:00","RP4","Ammonium",3.44,"mg/L",26.5774,-82.4974,0
"5497","80923","SFER","09/16/2024 15:12:00","BG4","Ammonium",0.6,"mg/L",26.6305,-82.5568,0
"5498","80943","SFER","09/16/2024 16:20:00","GP5","Ammonium",1.37,"mg/L",26.596,-82.6936,0
"5499","80963","SFER","09/16/2024 17:35:00","BG6","Ammonium",0.42,"mg/L",26.5434,-82.8717,0
"5500","80983","SFER","09/16/2024 18:45:00","BG7","Ammonium",1.39,"mg/L",26.4951,-83.0362,0
"5501","81003","SFER","09/16/2024 20:37:00","V9","Ammonium",0.855,"mg/L",26.7328,-83.0998,0
"5502","81023","SFER","09/16/2024 22:03:00","V8","Ammonium",0.19,"mg/L",26.8296,-82.9602,0
"5503","81043","SFER","09/16/2024 22:52:00","V7","Ammonium",1.67,"mg/L",26.8791,-82.8851,0
"5504","81063","SFER","09/16/2024 23:29:00","V6","Ammonium",1.92,"mg/L",26.9167,-82.8206,0
"5505","81083","SFER","09/17/2024 00:17:00","V5","Ammonium",2.85,"mg/L",26.955,-82.7512,0
"5506","811011","SFER","09/17/2024 00:57:00","V4","Ammonium",0.67,"mg/L",26.9956,-82.6817,0
"5507","81123","SFER","09/17/2024 01:45:00","V3","Ammonium",0.42,"mg/L",27.034,-82.6124,0
"5508","81143","SFER","09/17/2024 02:28:00","V2","Ammonium",3.53,"mg/L",27.0707,-82.547,0
"5509","81163","SFER","09/17/2024 03:17:00","V1","Ammonium",1.18,"mg/L",27.1053,-82.4862,0
"5510","81183","SFER","09/17/2024 04:58:00","L1","Ammonium",3.4,"mg/L",27.2993,-82.5969,0
"5511","81203","SFER","09/17/2024 06:15:00","L3","Ammonium",2.3,"mg/L",27.2209,-82.7741,0
"5512","81223","SFER","09/17/2024 07:34:00","L5","Ammonium",1.77,"mg/L",27.1351,-82.9532,0
"5513","81243","SFER","09/17/2024 08:52:00","L7","Ammonium",0.59,"mg/L",27.0557,-83.1329,0
"5514","81263","SFER","09/17/2024 10:12:00","L9","Ammonium",1.56,"mg/L",26.9706,-83.3148,0
"5515","81283","SFER","09/17/2024 12:16:00","AMI9","Ammonium",0.23,"mg/L",27.1916,-83.5057,0
"5516","81303","SFER","09/17/2024 13:06:00","AMI8","Ammonium",0.29,"mg/L",27.2274,-83.4094,0
"5517","81323","SFER","09/17/2024 13:58:00","AMI7","Ammonium",0.06,"mg/L",27.2674,-83.3152,0
"5518","81343","SFER","09/17/2024 14:40:00","AMI6","Ammonium",1.245,"mg/L",27.3045,-83.2226,0
"5519","81363","SFER","09/17/2024 15:30:00","AMI5","Ammonium",0.45,"mg/L",27.3424,-83.1294,0
"5520","81383","SFER","09/17/2024 16:17:00","AMI4","Ammonium",1.13,"mg/L",27.3825,-83.0338,0
"5521","81403","SFER","09/17/2024 17:15:00","AMI3","Ammonium",0.77,"mg/L",27.4197,-82.9404,0
"5522","81423","SFER","09/17/2024 18:06:00","AMI2","Ammonium",0.22,"mg/L",27.4587,-82.8456,0
"5523","81443","SFER","09/17/2024 18:59:00","AMI1","Ammonium",0.575,"mg/L",27.4975,-82.7498,0
"5524","81463","SFER","09/17/2024 21:20:00","TB4","Ammonium",1.18,"mg/L",27.6167,-83.1318,0
"5525","81483","SFER","09/17/2024 23:42:00","TB5","Ammonium",0.33,"mg/L",27.6169,-83.3007,0
"5526","81503","SFER","09/18/2024 01:18:00","TB10","Ammonium",0.74,"mg/L",27.6217,-83.492,0
"5527","81523","SFER","09/18/2024 03:57:00","CW7","Ammonium",0.57,"mg/L",28.013,-83.568,0
"5528","81543","SFER","09/18/2024 05:01:00","CW6","Ammonium",0.2,"mg/L",28.0111,-83.4075,0
"5529","81563","SFER","09/18/2024 06:10:00","CW5","Ammonium",1.5,"mg/L",28.0116,-83.2395,0
"5530","81583","SFER","09/18/2024 07:16:00","CW4","Ammonium",1.02,"mg/L",28.0112,-83.0801,0
"5531","81603","SFER","09/18/2024 08:15:00","CW3","Ammonium",1.02,"mg/L",28.0099,-82.9705,0
"5532","81623","SFER","09/18/2024 08:51:00","CW2","Ammonium",0.93,"mg/L",28.0163,-82.8922,0
"5533","81643","SFER","09/18/2024 09:19:00","CW1","Ammonium",7.21,"mg/L",28.0098,-82.8521,0
"5534","81663","SFER","09/18/2024 10:56:00","TB1","Ammonium",0.535,"mg/L",27.7988,-82.8812,0
"5535","81683","SFER","09/18/2024 11:31:00","TB2","Ammonium",3.24,"mg/L",27.7405,-82.9283,0
"5536","81703","SFER","09/18/2024 12:21:00","TB3","Ammonium",2.15,"mg/L",27.672,-83.0015,0
"5537","81723","SFER","09/18/2024 12:59:00","ROME4","Ammonium",1.59,"mg/L",27.6501,-82.9196,0
"5538","81743","SFER","09/18/2024 13:33:00","ROME5","Ammonium",3.96,"mg/L",27.6502,-82.8385,0
"5539","81763","SFER","09/19/2024 00:42:00","CAL6","Ammonium",0.59,"mg/L",25.9367,-82.4773,0
"5540","81772","SFER","09/19/2024 06:28:00","42","Ammonium",0.865,"mg/L",25.655,-81.7191,0
"5541","81793","SFER","09/19/2024 08:07:00","41","Ammonium",0.51,"mg/L",25.7338,-81.5709,0
"5542","81802","SFER","09/19/2024 08:36:00","40","Ammonium",1.44,"mg/L",25.761,-81.5245,0
"5543","818110","SFER","09/19/2024 08:55:00","39","Ammonium",0.49,"mg/L",25.7812,-81.485,0
"5544","81833","SFER","09/19/2024 10:11:00","45","Ammonium",5.35,"mg/L",25.584,-81.4721,0
"5545","81842","SFER","09/19/2024 10:41:00","46","Ammonium",1.83,"mg/L",25.5834,-81.4086,0
"5546","81853","SFER","09/19/2024 11:00:00","47","Ammonium",1.34,"mg/L",25.5833,-81.3672,0
"5547","81862","SFER","09/19/2024 11:21:00","48","Ammonium",2.13,"mg/L",25.5822,-81.3304,0
"5548","81873","SFER","09/19/2024 11:37:00","49","Ammonium",2.525,"mg/L",25.582,-81.299,0
"5549","81882","SFER","09/19/2024 12:33:00","50","Ammonium",1.08,"mg/L",25.4543,-81.3524,0
"5550","81893","SFER","09/19/2024 12:51:00","51","Ammonium",2.73,"mg/L",25.4539,-81.3092,0
"5551","81902","SFER","09/19/2024 13:13:00","52","Ammonium",0.43,"mg/L",25.4532,-81.2622,0
"5552","819111","SFER","09/19/2024 13:25:00","53","Ammonium",1.47,"mg/L",25.4523,-81.2348,0
"5553","81923","SFER","09/19/2024 14:23:00","57","Ammonium",0.43,"mg/L",25.3497,-81.2626,0
"5554","81933","SFER","09/19/2024 14:45:00","56","Ammonium",0.24,"mg/L",25.3497,-81.2282,0
"5555","81943","SFER","09/19/2024 15:13:00","55","Ammonium",0.09,"mg/L",25.3489,-81.1999,0
"5556","81953","SFER","09/19/2024 15:49:00","54","Ammonium",1.27,"mg/L",25.3397,-81.1581,0
"5557","81973","SFER","09/19/2024 17:16:00","57.1","Ammonium",0.28,"mg/L",25.3501,-81.3353,0
"5558","81982","SFER","09/19/2024 18:44:00","57.2","Ammonium",0.07,"mg/L",25.3511,-81.4901,0
"5559","82003","SFER","09/20/2024 00:18:00","57.3","Ammonium",0.53,"mg/L",25.3498,-81.6537,0
"5560","82023","SFER","09/20/2024 01:36:00","58","Ammonium",0.7,"mg/L",25.1652,-81.6522,0
"5561","82032","SFER","09/20/2024 02:34:00","59","Ammonium",0.4,"mg/L",25.1666,-81.4902,0
"5562","82053","SFER","09/20/2024 03:28:00","60","Ammonium",0.27,"mg/L",25.1669,-81.3327,0
"5563","82062","SFER","09/20/2024 03:53:00","61","Ammonium",0.3,"mg/L",25.1665,-81.2754,0
"5564","82072","SFER","09/20/2024 04:06:00","62","Ammonium",0.38,"mg/L",25.1665,-81.2352,0
"5565","82082","SFER","09/20/2024 04:17:00","63","Ammonium",0.38,"mg/L",25.1666,-81.2008,0
"5566","82093","SFER","09/20/2024 04:32:00","64","Ammonium",0.59,"mg/L",25.1658,-81.1665,0
"5567","821011","SFER","09/20/2024 05:32:00","65","Ammonium",0.36,"mg/L",25.0915,-81.1011,0
"5568","821110","SFER","09/20/2024 05:48:00","66","Ammonium",0.3,"mg/L",25.0682,-81.1088,0
"5569","82122","SFER","09/20/2024 06:03:00","67","Ammonium",0.17,"mg/L",25.0303,-81.1262,0
"5570","82133","SFER","09/20/2024 06:55:00","68","Ammonium",0,"mg/L",24.9291,-81.1661,0
"5571","82142","SFER","09/20/2024 07:26:00","69","Ammonium",0.21,"mg/L",24.9301,-81.0958,0
"5572","82152","SFER","09/20/2024 07:47:00","70","Ammonium",0.13,"mg/L",24.9301,-81.0309,0
"5573","82162","SFER","11/09/2024 21:53:00","70","Ammonium",1.28,"mg/L",24.9296,-81.0326,0
"5574","82172","SFER","11/09/2024 22:19:00","69","Ammonium",0.65,"mg/L",24.9297,-81.095,0
"5575","82183","SFER","11/09/2024 23:07:00","68","Ammonium",1.44,"mg/L",24.9319,-81.1682,0
"5576","82192","SFER",NA,"67","Ammonium",0.93,"mg/L",25.0301,-81.1266,0
"5577","82202","SFER","11/10/2024 00:19:00","66","Ammonium",1.62,"mg/L",25.0694,-81.11,0
"5578","822111","SFER","11/10/2024 00:33:00","65","Ammonium",1.25,"mg/L",25.0931,-81.1008,0
"5579","82223","SFER","11/10/2024 01:27:00","64","Ammonium",0.55,"mg/L",25.1635,-81.1651,0
"5580","82232","SFER","11/10/2024 01:50:00","63","Ammonium",0.95,"mg/L",25.1665,-81.2002,0
"5581","82242","SFER","11/10/2024 02:03:00","62","Ammonium",2.89,"mg/L",25.1669,-81.2355,0
"5582","82252","SFER","11/10/2024 02:18:00","61","Ammonium",1.025,"mg/L",25.1666,-81.275,0
"5583","82273","SFER","11/10/2024 02:46:00","60","Ammonium",2.23,"mg/L",25.1666,-81.3386,0
"5584","82282","SFER","11/10/2024 03:48:00","59","Ammonium",1.6,"mg/L",25.1668,-81.49,0
"5585","82303","SFER","11/10/2024 04:48:00","58","Ammonium",1.29,"mg/L",25.1664,-81.6519,0
"5586","82323","SFER","11/10/2024 06:45:00","57.3","Ammonium",0.72,"mg/L",25.3587,-81.6558,0
"5587","82343","SFER","11/10/2024 08:11:00","57.2","Ammonium",0.7,"mg/L",25.3504,-81.4929,0
"5588","82363","SFER","11/10/2024 09:24:00","57.1","Ammonium",0.47,"mg/L",25.3502,-81.3364,0
"5589","82373","SFER","11/10/2024 10:08:00","57","Ammonium",1.34,"mg/L",25.3491,-81.2689,0
"5590","82383","SFER","11/10/2024 10:38:00","56","Ammonium",0.48,"mg/L",25.3492,-81.2275,0
"5591","82393","SFER","11/10/2024 11:01:00","55","Ammonium",1.13,"mg/L",25.3485,-81.1986,0
"5592","82403","SFER","11/10/2024 11:34:00","54","Ammonium",1.4,"mg/L",25.3404,-81.157,0
"5593","824111","SFER","11/10/2024 13:02:00","53","Ammonium",5.76,"mg/L",25.4535,-81.2294,0
"5594","82422","SFER","11/10/2024 13:19:00","52","Ammonium",1.68,"mg/L",25.4526,-81.2603,0
"5595","82443","SFER","11/10/2024 13:40:00","51","Ammonium",1.44,"mg/L",25.4533,-81.31,0
"5596","82452","SFER","11/10/2024 14:00:00","50","Ammonium",1.2,"mg/L",25.454,-81.3493,0
"5597","82463","SFER","11/10/2024 15:01:00","49","Ammonium",1.45,"mg/L",25.5824,-81.3,0
"5598","82472","SFER","11/10/2024 15:17:00","48","Ammonium",1.16,"mg/L",25.5829,-81.3308,0
"5599","82493","SFER","11/10/2024 15:33:00","47","Ammonium",1.39,"mg/L",25.5833,-81.3695,0
"5600","82502","SFER","11/10/2024 15:53:00","46","Ammonium",0.83,"mg/L",25.583,-81.4139,0
"5601","82523","SFER","11/10/2024 16:17:00","45","Ammonium",0.38,"mg/L",25.583,-81.4726,0
"5602","82532","SFER","11/10/2024 17:56:00","39","Ammonium",0.79,"mg/L",25.7812,-81.4855,0
"5603","82542","SFER","11/10/2024 18:13:00","40","Ammonium",0.345,"mg/L",25.7603,-81.5251,0
"5604","82563","SFER","11/10/2024 18:39:00","41","Ammonium",0.6,"mg/L",25.734,-81.5738,0
"5605","82572","SFER","11/10/2024 20:02:00","42","Ammonium",1.4,"mg/L",25.6553,-81.7187,0
"5606","82593","SFER","11/10/2024 21:41:00","31","Ammonium",0.51,"mg/L",25.7408,-81.9391,0
"5607","82602","SFER","11/10/2024 22:52:00","32","Ammonium",0.46,"mg/L",25.8724,-81.8316,0
"5608","82623","SFER","11/10/2024 23:20:00","33","Ammonium",1.01,"mg/L",25.9085,-81.8007,0
"5609","82632","SFER","11/10/2024 23:49:00","34","Ammonium",0.1,"mg/L",25.9499,-81.768,0
"5610","82653","SFER","11/11/2024 03:13:00","CAL5","Ammonium",1.47,"mg/L",26.1864,-82.2188,0
"5611","82673","SFER","11/11/2024 04:09:00","CAL4","Ammonium",0.54,"mg/L",26.2548,-82.1388,0
"5612","82693","SFER","11/11/2024 05:22:00","CAL3","Ammonium",0.71,"mg/L",26.342,-82.044,0
"5613","827111","SFER","11/11/2024 05:58:00","CAL2","Ammonium",0.795,"mg/L",26.3831,-81.9993,0
"5614","82723","SFER","11/11/2024 06:43:00","CAL1","Ammonium",0.44,"mg/L",26.4245,-81.9592,0
"5615","82743","SFER","11/11/2024 09:11:00","RP1","Ammonium",0.38,"mg/L",26.547,-82.2168,0
"5616","82763","SFER","11/11/2024 09:40:00","RP2","Ammonium",0.62,"mg/L",26.5531,-82.2552,0
"5617","82783","SFER","11/11/2024 10:18:00","RP3","Ammonium",1.71,"mg/L",26.5519,-82.3322,0
"5618","82803","SFER","11/11/2024 11:45:00","BG1","Ammonium",2.375,"mg/L",26.7114,-82.258,0
"5619","82823","SFER","11/11/2024 12:43:00","BG2","Ammonium",1,"mg/L",26.688,-82.3412,0
"5620","82843","SFER","11/11/2024 13:28:00","BG3","Ammonium",1.3,"mg/L",26.6682,-82.4177,0
"5621","82863","SFER","11/11/2024 14:25:00","RP4","Ammonium",0.72,"mg/L",26.5767,-82.4968,0
"5622","82883","SFER","11/11/2024 15:13:00","BG4","Ammonium",1,"mg/L",26.6297,-82.5563,0
"5623","82903","SFER","11/11/2024 16:25:00","GP5","Ammonium",0.91,"mg/L",26.5951,-82.6958,0
"5624","82923","SFER","11/11/2024 18:13:00","BG6","Ammonium",0.31,"mg/L",26.5441,-82.8698,0
"5625","82943","SFER","11/11/2024 19:29:00","BG7","Ammonium",0.72,"mg/L",26.4941,-83.0377,0
"5626","82963","SFER","11/11/2024 21:17:00","V9","Ammonium",0.735,"mg/L",26.7268,-83.0972,0
"5627","83023","SFER","11/11/2024 21:38:00","V9","Ammonium",0.18,"mg/L",26.7301,-83.0979,0
"5628","83043","SFER","11/11/2024 22:50:00","V8","Ammonium",0.35,"mg/L",26.8301,-82.9585,0
"5629","83063","SFER","11/11/2024 23:37:00","V7","Ammonium",0.82,"mg/L",26.8754,-82.8893,0
"5630","83123","SFER","11/12/2024 00:12:00","V7","Ammonium",0.69,"mg/L",26.8774,-82.886,0
"5631","83143","SFER","11/12/2024 00:50:00","V6","Ammonium",1.1,"mg/L",26.9181,-82.8183,0
"5632","83163","SFER","11/12/2024 01:44:00","V5","Ammonium",0.965,"mg/L",26.9557,-82.7503,0
"5633","83183","SFER","11/12/2024 02:28:00","V4","Ammonium",1.49,"mg/L",26.9944,-82.6824,0
"5634","83203","SFER","11/12/2024 03:21:00","V3","Ammonium",2.42,"mg/L",27.0324,-82.6155,0
"5635","83223","SFER","11/12/2024 04:11:00","V2","Ammonium",0.33,"mg/L",27.0719,-82.5457,0
"5636","83243","SFER","11/12/2024 05:01:00","V1","Ammonium",0.7,"mg/L",27.1079,-82.4835,0
"5637","83263","SFER","11/12/2024 06:41:00","L1","Ammonium",0.72,"mg/L",27.3019,-82.5932,0
"5638","83283","SFER","11/12/2024 08:06:00","L3","Ammonium",0,"mg/L",27.2212,-82.7756,0
"5639","83303","SFER","11/12/2024 09:28:00","L5","Ammonium",0.03,"mg/L",27.1314,-82.9551,0
"5640","83323","SFER","11/12/2024 10:45:00","L7","Ammonium",0.16,"mg/L",27.0558,-83.1362,0
"5641","83343","SFER","11/12/2024 12:06:00","L9","Ammonium",0.71,"mg/L",26.9706,-83.312,0
"5642","83363","SFER","11/12/2024 14:07:00","AMI9","Ammonium",0.44,"mg/L",27.187,-83.5015,0
"5643","83383","SFER","11/12/2024 14:58:00","AMI8","Ammonium",0.67,"mg/L",27.2278,-83.41,0
"5644","83403","SFER","11/12/2024 15:53:00","AMI7","Ammonium",0.78,"mg/L",27.2656,-83.3183,0
"5645","83423","SFER","11/12/2024 16:41:00","AMI6","Ammonium",0.7,"mg/L",27.3053,-83.2227,0
"5646","83443","SFER","11/12/2024 17:43:00","AMI5","Ammonium",0.24,"mg/L",27.3426,-83.132,0
"5647","83463","SFER","11/12/2024 18:34:00","AMI4","Ammonium",0.45,"mg/L",27.3824,-83.0324,0
"5648","83483","SFER","11/12/2024 19:39:00","AMI3","Ammonium",0.29,"mg/L",27.4195,-82.941,0
"5649","83503","SFER","11/12/2024 20:34:00","AMI2","Ammonium",0.93,"mg/L",27.4599,-82.843,0
"5650","83523","SFER","11/12/2024 21:27:00","AMI1","Ammonium",0.48,"mg/L",27.4959,-82.7512,0
"5651","83543","SFER","11/12/2024 22:51:00","ROME5","Ammonium",0.29,"mg/L",27.6507,-82.8383,0
"5652","83563","SFER","11/12/2024 23:29:00","ROME4","Ammonium",0.15,"mg/L",27.6487,-82.9222,0
"5653","83583","SFER","11/13/2024 00:46:00","TB1","Ammonium",0.84,"mg/L",27.7986,-82.8824,0
"5654","836111","SFER","11/13/2024 01:24:00","TB2","Ammonium",0.37,"mg/L",27.7383,-82.9296,0
"5655","83653","SFER","11/13/2024 02:24:00","TB3","Ammonium",0.48,"mg/L",27.6714,-83.0027,0
"5656","83673","SFER","11/13/2024 03:25:00","TB4","Ammonium",0.54,"mg/L",27.6156,-83.1338,0
"5657","83693","SFER","11/13/2024 06:33:00","TB5","Ammonium",0.39,"mg/L",27.6154,-83.2989,0
"5658","837111","SFER","11/13/2024 08:02:00","TB10","Ammonium",0.94,"mg/L",27.6207,-83.4893,0
"5659","83733","SFER","11/13/2024 11:55:00","CW7","Ammonium",0.86,"mg/L",28.0108,-83.5754,0
"5660","83753","SFER","11/13/2024 13:32:00","CW6","Ammonium",1.2,"mg/L",28.0131,-83.4111,0
"5661","83773","SFER","11/13/2024 15:02:00","CW5","Ammonium",0.88,"mg/L",28.0111,-83.2478,0
"5662","83793","SFER","11/13/2024 16:29:00","CW4","Ammonium",1.78,"mg/L",28.0121,-83.0832,0
"5663","838111","SFER","11/13/2024 17:38:00","CW3","Ammonium",1.53,"mg/L",28.01,-82.9598,0
"5664","83853","SFER","11/13/2024 18:02:00","CW3","Ammonium",3.715,"mg/L",28.0099,-82.9617,0
"5665","83873","SFER","11/13/2024 18:46:00","CW2","Ammonium",0.31,"mg/L",28.0165,-82.8911,0
"5666","83883","SFER","11/13/2024 19:24:00","CW1","Ammonium",0.45,"mg/L",28.0111,-82.8518,0
"5667","83893","SFER","11/13/2024 21:14:00","AC1","Ammonium",0.95,"mg/L",28.2402,-82.8976,0
"5668","839111","SFER","11/13/2024 21:47:00","AC2","Ammonium",1.07,"mg/L",28.238,-82.9536,0
"5669","83933","SFER","11/13/2024 22:40:00","AC3","Ammonium",0.97,"mg/L",28.2387,-83.0638,0
"5670","83953","SFER","11/13/2024 23:48:00","AC4","Ammonium",0.7,"mg/L",28.2392,-83.231,0
"5671","83973","SFER","11/14/2024 01:12:00","AC5","Ammonium",0.69,"mg/L",28.2437,-83.3956,0
"5672","83993","SFER","11/14/2024 02:24:00","AC6","Ammonium",1.41,"mg/L",28.2384,-83.5726,0
"5673","840110","SFER","11/14/2024 07:23:00","HB6","Ammonium",0.07,"mg/L",28.7841,-83.6234,0
"5674","84033","SFER","11/14/2024 10:10:00","HB5","Ammonium",1.34,"mg/L",28.7352,-83.4676,0
"5675","84053","SFER","11/14/2024 12:04:00","HB4","Ammonium",1.64,"mg/L",28.6862,-83.3097,0
"5676","84073","SFER","11/14/2024 13:18:00","HB3","Ammonium",2.19,"mg/L",28.628,-83.1546,0
"5677","84093","SFER","11/14/2024 14:27:00","HB2","Ammonium",1.9,"mg/L",28.5815,-82.9938,0
"5678","84103","SFER","11/14/2024 15:24:00","HB1","Ammonium",0.44,"mg/L",28.5446,-82.891,0
"5679","84123","SFER","11/15/2024 09:48:00","CAL6","Ammonium",0.31,"mg/L",25.9326,-82.4782,0
"5680","84143","SFER","11/15/2024 13:57:00","30","Ammonium",0.47,"mg/L",25.3981,-82.2083,0
"5681","84163","SFER","11/15/2024 16:52:00","KW4","Ammonium",2.8,"mg/L",25.0012,-82.042,0
"5682","84172","SFER","11/15/2024 18:24:00","KW3","Ammonium",0.46,"mg/L",24.8212,-81.957,0
"5683","84193","SFER","11/15/2024 19:13:00","KW2","Ammonium",0.82,"mg/L",24.7274,-81.917,0
"5684","842111","SFER","11/15/2024 19:55:00","KW1","Ammonium",0.53,"mg/L",24.6552,-81.904,0
"5685","84222","SFER","11/16/2024 15:23:00","24","Ammonium",0.7,"mg/L",24.5369,-81.8289,0
"5686","84232","SFER","11/16/2024 15:43:00","23","Ammonium",0.4,"mg/L",24.487,-81.829,0
"5687","84242","SFER","11/16/2024 15:56:00","22","Ammonium",0.69,"mg/L",24.4546,-81.8283,0
"5688","84252","SFER","11/16/2024 16:18:00","22.5","Ammonium",0.29,"mg/L",24.3975,-81.8273,0
"5689","84273","SFER","11/16/2024 17:41:00","WS","Ammonium",0.54,"mg/L",24.4753,-81.7151,0
"5690","84282","SFER","11/16/2024 20:20:00","21.5","Ammonium",0.42,"mg/L",24.4833,-81.3919,0
"5691","84303","SFER","11/16/2024 21:00:00","21LK","Ammonium",0.29,"mg/L",24.5334,-81.4138,0
"5692","843110","SFER","11/16/2024 21:29:00","20","Ammonium",0.67,"mg/L",24.5746,-81.4196,0
"5693","84322","SFER","11/16/2024 21:42:00","19","Ammonium",0.21,"mg/L",24.6086,-81.4202,0
"5694","84343","SFER","11/16/2024 23:17:00","16","Ammonium",0.55,"mg/L",24.6709,-81.2028,0
"5695","84352","SFER","11/16/2024 23:39:00","17","Ammonium",1.35,"mg/L",24.6353,-81.1935,0
"5696","84373","SFER","11/16/2024 23:58:00","18","Ammonium",0.73,"mg/L",24.598,-81.1847,0
"5697","84382","SFER","11/17/2024 01:35:00","13","Ammonium",0.545,"mg/L",24.701,-81.0307,0
"5698","84392","SFER","11/17/2024 03:14:00","14","Ammonium",0.4,"mg/L",24.6793,-81.0238,0
"5699","84402","SFER","11/17/2024 03:30:00","15","Ammonium",0.28,"mg/L",24.643,-81.017,0
"5700","844110","SFER","11/17/2024 03:55:00","15.5","Ammonium",0.54,"mg/L",24.5919,-80.9921,0
"5701","84433","SFER","11/17/2024 05:27:00","12","Ammonium",0.73,"mg/L",24.7133,-80.8312,0
"5702","84442","SFER","11/17/2024 05:55:00","11","Ammonium",1.29,"mg/L",24.7533,-80.8464,0
"5703","84453","SFER","11/17/2024 06:17:00","10","Ammonium",0.44,"mg/L",24.7854,-80.8638,0
"5704","84463","SFER","11/17/2024 07:27:00","7","Ammonium",0.66,"mg/L",24.8148,-80.7538,0
"5705","84472","SFER","11/17/2024 07:44:00","8","Ammonium",0.19,"mg/L",24.7925,-80.7413,0
"5706","84493","SFER","11/17/2024 08:02:00","9","Ammonium",0.85,"mg/L",24.7614,-80.7239,0
"5707","84523","SFER","11/17/2024 08:38:00","9.5","Ammonium",0.84,"mg/L",24.7162,-80.6912,0
"5708","84532","SFER","11/17/2024 10:25:00","UKOFF","Ammonium",0.42,"mg/L",24.8967,-80.5293,0
"5709","84542","SFER","11/17/2024 10:37:00","UKMID","Ammonium",0.22,"mg/L",24.924,-80.5512,0
"5710","84552","SFER","11/17/2024 10:45:00","UKIN","Ammonium",0.26,"mg/L",24.9363,-80.5668,0
"5711","84562","SFER","11/17/2024 13:43:00","5.5","Ammonium",0.16,"mg/L",25.0787,-80.3342,0
"5712","84572","SFER","11/17/2024 13:56:00","6","Ammonium",0.12,"mg/L",25.063,-80.3162,0
"5713","84582","SFER","11/17/2024 14:13:00","6.5","Ammonium",1.36,"mg/L",25.0456,-80.2975,0
"5714","84603","SFER","11/17/2024 15:16:00","MR","Ammonium",0.04,"mg/L",25.0038,-80.3739,0
"5715","846110","SFER","11/17/2024 16:25:00","5","Ammonium",0.11,"mg/L",25.093,-80.3556,0
"5716","84622","SFER","11/17/2024 16:35:00","4","Ammonium",0.19,"mg/L",25.1055,-80.3799,0
"5717","84632","SFER","11/17/2024 20:38:00","EKIN","Ammonium",0.24,"mg/L",25.3314,-80.2272,0
"5718","84642","SFER","11/17/2024 20:53:00","EKMID","Ammonium",0.21,"mg/L",25.3146,-80.195,0
"5719","84652","SFER","11/17/2024 21:08:00","EKOFF","Ammonium",0.26,"mg/L",25.2945,-80.1625,0
"5720","84662","SFER","11/17/2024 23:31:00","3","Ammonium",0.22,"mg/L",25.6443,-80.0835,0
"5721","84673","SFER","11/17/2024 23:41:00","2","Ammonium",0.01,"mg/L",25.6417,-80.1059,0
"5722","84682","SFER","11/17/2024 23:54:00","1","Ammonium",0.11,"mg/L",25.6444,-80.1266,0
"5723","...88320","FIU_Estuaries","1991.19575633128-01-01","Highway Creek","Ammonium",341.04,"ppm",25.2536,-80.44415,0.855555555555556
"5724","...88335","FIU_Estuaries","1991.28610540726-01-01","Highway Creek","Ammonium",155.68,"ppm",25.2536,-80.44415,0.855555555555556
"5725","...88350","FIU_Estuaries","1991.28610540726-01-01","Garfield Bight","Ammonium",NA,"ppm",25.15048,-80.80922,0.905555555555556
"5726","...88365","FIU_Estuaries","1991.32717316906-01-01","Highway Creek","Ammonium",252.42,"ppm",25.2536,-80.44415,0.855555555555556
"5727","...88380","FIU_Estuaries","1991.32717316906-01-01","Garfield Bight","Ammonium",4.06,"ppm",25.15048,-80.80922,0.905555555555556
"5728","...88395","FIU_Estuaries","1991.43942505133-01-01","Highway Creek","Ammonium",72.24,"ppm",25.2536,-80.44415,0.855555555555556
"5729","...88410","FIU_Estuaries","1991.43942505133-01-01","Garfield Bight","Ammonium",7.84,"ppm",25.15048,-80.80922,0.905555555555556
"5730","...88425","FIU_Estuaries","1991.51608487337-01-01","Highway Creek","Ammonium",96.46,"ppm",25.2536,-80.44415,0.855555555555556
"5731","...88440","FIU_Estuaries","1991.51608487337-01-01","Garfield Bight","Ammonium",7.7,"ppm",25.15048,-80.80922,0.905555555555556
"5732","...88455","FIU_Estuaries","1991.5735797399-01-01","Highway Creek","Ammonium",71.68,"ppm",25.2536,-80.44415,0.855555555555556
"5733","...88470","FIU_Estuaries","1991.5735797399-01-01","Garfield Bight","Ammonium",2.8,"ppm",25.15048,-80.80922,0.905555555555556
"5734","...88485","FIU_Estuaries","1991.69130732375-01-01","Highway Creek","Ammonium",43.26,"ppm",25.2536,-80.44415,0.855555555555556
"5735","...88500","FIU_Estuaries","1991.69130732375-01-01","Garfield Bight","Ammonium",21.42,"ppm",25.15048,-80.80922,0.905555555555556
"5736","...88515","FIU_Estuaries","1991.76796714579-01-01","Highway Creek","Ammonium",43.68,"ppm",25.2536,-80.44415,0.855555555555556
"5737","...88530","FIU_Estuaries","1991.76796714579-01-01","Garfield Bight","Ammonium",75.74,"ppm",25.15048,-80.80922,0.905555555555556
"5738","...88545","FIU_Estuaries","1991.86379192334-01-01","Highway Creek","Ammonium",94.64,"ppm",25.2536,-80.44415,0.855555555555556
"5739","...88560","FIU_Estuaries","1991.86379192334-01-01","Garfield Bight","Ammonium",16.8,"ppm",25.15048,-80.80922,0.905555555555556
"5740","...88575","FIU_Estuaries","1991.92128678987-01-01","Highway Creek","Ammonium",135.8,"ppm",25.2536,-80.44415,0.855555555555556
"5741","...88590","FIU_Estuaries","1991.92128678987-01-01","Garfield Bight","Ammonium",115.36,"ppm",25.15048,-80.80922,0.905555555555556
"5742","...88605","FIU_Estuaries","1992.03627652293-01-01","Highway Creek","Ammonium",166.04,"ppm",25.2536,-80.44415,0.855555555555556
"5743","...88620","FIU_Estuaries","1992.03627652293-01-01","Garfield Bight","Ammonium",171.08,"ppm",25.15048,-80.80922,0.905555555555556
"5744","...88635","FIU_Estuaries","1992.11019849418-01-01","Highway Creek","Ammonium",152.88,"ppm",25.2536,-80.44415,0.855555555555556
"5745","...88650","FIU_Estuaries","1992.11019849418-01-01","Garfield Bight","Ammonium",409.92,"ppm",25.15048,-80.80922,0.905555555555556
"5746","...88665","FIU_Estuaries","1992.18685831622-01-01","Highway Creek","Ammonium",433.58,"ppm",25.2536,-80.44415,0.855555555555556
"5747","...88680","FIU_Estuaries","1992.18685831622-01-01","Garfield Bight","Ammonium",51.8,"ppm",25.15048,-80.80922,0.905555555555556
"5748","...88695","FIU_Estuaries","1992.30458590007-01-01","Highway Creek","Ammonium",177.24,"ppm",25.2536,-80.44415,0.855555555555556
"5749","...88710","FIU_Estuaries","1992.30458590007-01-01","Garfield Bight","Ammonium",20.86,"ppm",25.15048,-80.80922,0.905555555555556
"5750","...88725","FIU_Estuaries","1992.3620807666-01-01","Highway Creek","Ammonium",53.06,"ppm",25.2536,-80.44415,0.855555555555556
"5751","...88740","FIU_Estuaries","1992.3620807666-01-01","Garfield Bight","Ammonium",11.62,"ppm",25.15048,-80.80922,0.905555555555556
"5752","...88755","FIU_Estuaries","1992.45790554415-01-01","Highway Creek","Ammonium",68.74,"ppm",25.2536,-80.44415,0.855555555555556
"5753","...88770","FIU_Estuaries","1992.45790554415-01-01","Garfield Bight","Ammonium",90.16,"ppm",25.15048,-80.80922,0.905555555555556
"5754","...88785","FIU_Estuaries","1992.53456536619-01-01","Highway Creek","Ammonium",45.36,"ppm",25.2536,-80.44415,0.855555555555556
"5755","...88800","FIU_Estuaries","1992.53456536619-01-01","Garfield Bight","Ammonium",89.74,"ppm",25.15048,-80.80922,0.905555555555556
"5756","...88815","FIU_Estuaries","1992.61122518823-01-01","Highway Creek","Ammonium",17.78,"ppm",25.2536,-80.44415,0.855555555555556
"5757","...88830","FIU_Estuaries","1992.61122518823-01-01","Garfield Bight","Ammonium",36.68,"ppm",25.15048,-80.80922,0.905555555555556
"5758","...88845","FIU_Estuaries","1992.68514715948-01-01","Highway Creek","Ammonium",39.76,"ppm",25.2536,-80.44415,0.855555555555556
"5759","...88860","FIU_Estuaries","1992.68514715948-01-01","Garfield Bight","Ammonium",44.66,"ppm",25.15048,-80.80922,0.905555555555556
"5760","...88875","FIU_Estuaries","1992.78097193703-01-01","Highway Creek","Ammonium",40.46,"ppm",25.2536,-80.44415,0.855555555555556
"5761","...88890","FIU_Estuaries","1992.78097193703-01-01","Garfield Bight","Ammonium",21.42,"ppm",25.15048,-80.80922,0.905555555555556
"5762","...88905","FIU_Estuaries","1992.85763175907-01-01","Highway Creek","Ammonium",28.56,"ppm",25.2536,-80.44415,0.855555555555556
"5763","...88920","FIU_Estuaries","1992.85763175907-01-01","Garfield Bight","Ammonium",35.42,"ppm",25.15048,-80.80922,0.905555555555556
"5764","...88935","FIU_Estuaries","1992.9151266256-01-01","Highway Creek","Ammonium",47.74,"ppm",25.2536,-80.44415,0.855555555555556
"5765","...88950","FIU_Estuaries","1992.9151266256-01-01","Garfield Bight","Ammonium",17.92,"ppm",25.15048,-80.80922,0.905555555555556
"5766","...88965","FIU_Estuaries","1993.05201916496-01-01","Highway Creek","Ammonium",62.3,"ppm",25.2536,-80.44415,0.855555555555556
"5767","...88980","FIU_Estuaries","1993.05201916496-01-01","Garfield Bight","Ammonium",NA,"ppm",25.15048,-80.80922,0.905555555555556
"5768","...88995","FIU_Estuaries","1993.1067761807-01-01","Highway Creek","Ammonium",53.76,"ppm",25.2536,-80.44415,0.855555555555556
"5769","...89010","FIU_Estuaries","1993.1067761807-01-01","Garfield Bight","Ammonium",81.34,"ppm",25.15048,-80.80922,0.905555555555556
"5770","...89025","FIU_Estuaries","1993.18343600274-01-01","Highway Creek","Ammonium",120.82,"ppm",25.2536,-80.44415,0.855555555555556
"5771","...89040","FIU_Estuaries","1993.18343600274-01-01","Garfield Bight","Ammonium",325.22,"ppm",25.15048,-80.80922,0.905555555555556
"5772","...89055","FIU_Estuaries","1993.26009582478-01-01","Highway Creek","Ammonium",98.28,"ppm",25.2536,-80.44415,0.855555555555556
"5773","...89070","FIU_Estuaries","1993.26009582478-01-01","Garfield Bight","Ammonium",64.12,"ppm",25.15048,-80.80922,0.905555555555556
"5774","...89085","FIU_Estuaries","1993.35592060233-01-01","Highway Creek","Ammonium",161.28,"ppm",25.2536,-80.44415,0.855555555555556
"5775","...89100","FIU_Estuaries","1993.35592060233-01-01","Garfield Bight","Ammonium",8.12,"ppm",25.15048,-80.80922,0.905555555555556
"5776","...89115","FIU_Estuaries","1993.41615331964-01-01","Highway Creek","Ammonium",140.98,"ppm",25.2536,-80.44415,0.855555555555556
"5777","...89130","FIU_Estuaries","1993.41615331964-01-01","Garfield Bight","Ammonium",14,"ppm",25.15048,-80.80922,0.905555555555556
"5778","...89145","FIU_Estuaries","1993.50924024641-01-01","Highway Creek","Ammonium",75.46,"ppm",25.2536,-80.44415,0.855555555555556
"5779","...89160","FIU_Estuaries","1993.50924024641-01-01","Garfield Bight","Ammonium",7.42,"ppm",25.15048,-80.80922,0.905555555555556
"5780","...89175","FIU_Estuaries","1993.58590006845-01-01","Highway Creek","Ammonium",64.68,"ppm",25.2536,-80.44415,0.855555555555556
"5781","...89190","FIU_Estuaries","1993.58590006845-01-01","Garfield Bight","Ammonium",14.28,"ppm",25.15048,-80.80922,0.905555555555556
"5782","...89205","FIU_Estuaries","1993.68446269678-01-01","Highway Creek","Ammonium",40.88,"ppm",25.2536,-80.44415,0.855555555555556
"5783","...89220","FIU_Estuaries","1993.68446269678-01-01","Garfield Bight","Ammonium",44.94,"ppm",25.15048,-80.80922,0.905555555555556
"5784","...89235","FIU_Estuaries","1993.75838466804-01-01","Highway Creek","Ammonium",44.8,"ppm",25.2536,-80.44415,0.855555555555556
"5785","...89250","FIU_Estuaries","1993.75838466804-01-01","Garfield Bight","Ammonium",13.02,"ppm",25.15048,-80.80922,0.905555555555556
"5786","...89265","FIU_Estuaries","1993.83504449008-01-01","Highway Creek","Ammonium",20.16,"ppm",25.2536,-80.44415,0.855555555555556
"5787","...89280","FIU_Estuaries","1993.83504449008-01-01","Garfield Bight","Ammonium",28.28,"ppm",25.15048,-80.80922,0.905555555555556
"5788","...89295","FIU_Estuaries","1993.9144421629-01-01","Highway Creek","Ammonium",84.84,"ppm",25.2536,-80.44415,0.855555555555556
"5789","...89310","FIU_Estuaries","1993.9144421629-01-01","Garfield Bight","Ammonium",24.36,"ppm",25.15048,-80.80922,0.905555555555556
"5790","...89325","FIU_Estuaries","1994.02395619439-01-01","Highway Creek","Ammonium",62.44,"ppm",25.2536,-80.44415,0.855555555555556
"5791","...89340","FIU_Estuaries","1994.02395619439-01-01","Garfield Bight","Ammonium",170.1,"ppm",25.15048,-80.80922,0.905555555555556
"5792","...89355","FIU_Estuaries","1994.0841889117-01-01","Highway Creek","Ammonium",31.78,"ppm",25.2536,-80.44415,0.855555555555556
"5793","...89370","FIU_Estuaries","1994.0841889117-01-01","Garfield Bight","Ammonium",9.94,"ppm",25.15048,-80.80922,0.905555555555556
"5794","...89385","FIU_Estuaries","1994.18001368925-01-01","Highway Creek","Ammonium",46.62,"ppm",25.2536,-80.44415,0.855555555555556
"5795","...89400","FIU_Estuaries","1994.18001368925-01-01","Garfield Bight","Ammonium",424.76,"ppm",25.15048,-80.80922,0.905555555555556
"5796","...89415","FIU_Estuaries","1994.25667351129-01-01","Highway Creek","Ammonium",142.52,"ppm",25.2536,-80.44415,0.855555555555556
"5797","...89430","FIU_Estuaries","1994.25667351129-01-01","Garfield Bight","Ammonium",47.46,"ppm",25.15048,-80.80922,0.905555555555556
"5798","...89445","FIU_Estuaries","1994.33333333333-01-01","Highway Creek","Ammonium",87.92,"ppm",25.2536,-80.44415,0.855555555555556
"5799","...89460","FIU_Estuaries","1994.33333333333-01-01","Garfield Bight","Ammonium",22.54,"ppm",25.15048,-80.80922,0.905555555555556
"5800","...89475","FIU_Estuaries","1994.42915811088-01-01","Highway Creek","Ammonium",90.58,"ppm",25.2536,-80.44415,0.855555555555556
"5801","...89490","FIU_Estuaries","1994.42915811088-01-01","Garfield Bight","Ammonium",9.66,"ppm",25.15048,-80.80922,0.905555555555556
"5802","...89505","FIU_Estuaries","1994.50855578371-01-01","Highway Creek","Ammonium",77.7,"ppm",25.2536,-80.44415,0.855555555555556
"5803","...89520","FIU_Estuaries","1994.50855578371-01-01","Garfield Bight","Ammonium",63.98,"ppm",25.15048,-80.80922,0.905555555555556
"5804","...89535","FIU_Estuaries","1994.58247775496-01-01","Highway Creek","Ammonium",69.02,"ppm",25.2536,-80.44415,0.855555555555556
"5805","...89550","FIU_Estuaries","1994.58247775496-01-01","Garfield Bight","Ammonium",7.42,"ppm",25.15048,-80.80922,0.905555555555556
"5806","...89565","FIU_Estuaries","1994.69746748802-01-01","Highway Creek","Ammonium",22.96,"ppm",25.2536,-80.44415,0.855555555555556
"5807","...89580","FIU_Estuaries","1994.69746748802-01-01","Garfield Bight","Ammonium",62.44,"ppm",25.15048,-80.80922,0.905555555555556
"5808","...89595","FIU_Estuaries","1994.73853524983-01-01","Chokoloskee","Ammonium",107.73,"ppm",25.8075,-81.3495,0.8
"5809","...89610","FIU_Estuaries","1994.73853524983-01-01","Rabbit Key Pass","Ammonium",123.27,"ppm",25.77,-81.38333,1
"5810","...89625","FIU_Estuaries","1994.73853524983-01-01","Lopez Bay","Ammonium",79.45,"ppm",25.78417,-81.33217,1
"5811","...89640","FIU_Estuaries","1994.73853524983-01-01","Sunday Bay","Ammonium",29.225,"ppm",25.796,-81.28,1
"5812","...89655","FIU_Estuaries","1994.73853524983-01-01","Huston Bay","Ammonium",84.56,"ppm",25.753,-81.2555,1
"5813","...89670","FIU_Estuaries","1994.73853524983-01-01","Upper Chatham River","Ammonium",119.945,"ppm",25.7175,-81.2305,1
"5814","...89685","FIU_Estuaries","1994.73853524983-01-01","Chevalier Bay","Ammonium",162.225,"ppm",25.7125,-81.207,0.8
"5815","...89700","FIU_Estuaries","1994.73853524983-01-01","Alligator Bay","Ammonium",129.99,"ppm",25.67017,-81.16867,1
"5816","...89715","FIU_Estuaries","1994.73853524983-01-01","Faka Union River","Ammonium",62.965,"ppm",25.9,-81.516,1
"5817","...89730","FIU_Estuaries","1994.73853524983-01-01","Blackwater River","Ammonium",182.84,"ppm",25.9298,-81.60032,0.8
"5818","...89745","FIU_Estuaries","1994.75496235455-01-01","Highway Creek","Ammonium",20.86,"ppm",25.2536,-80.44415,0.855555555555556
"5819","...89760","FIU_Estuaries","1994.75496235455-01-01","Garfield Bight","Ammonium",51.8,"ppm",25.15048,-80.80922,0.905555555555556
"5820","...89775","FIU_Estuaries","1994.81245722108-01-01","Chokoloskee","Ammonium",29.47,"ppm",25.8075,-81.3495,0.8
"5821","...89790","FIU_Estuaries","1994.81245722108-01-01","Rabbit Key Pass","Ammonium",7.63,"ppm",25.77,-81.38333,1
"5822","...89805","FIU_Estuaries","1994.81245722108-01-01","Lopez Bay","Ammonium",38.815,"ppm",25.78417,-81.33217,1
"5823","...89820","FIU_Estuaries","1994.81245722108-01-01","Sunday Bay","Ammonium",13.265,"ppm",25.796,-81.28,1
"5824","...89835","FIU_Estuaries","1994.81245722108-01-01","Huston Bay","Ammonium",13.895,"ppm",25.753,-81.2555,1
"5825","...89850","FIU_Estuaries","1994.81245722108-01-01","Upper Chatham River","Ammonium",30.8,"ppm",25.7175,-81.2305,1
"5826","...89865","FIU_Estuaries","1994.81245722108-01-01","Huston River","Ammonium",16.415,"ppm",25.73133,-81.28467,1
"5827","...89880","FIU_Estuaries","1994.81245722108-01-01","Chevalier Bay","Ammonium",17.43,"ppm",25.7125,-81.207,0.8
"5828","...89895","FIU_Estuaries","1994.81245722108-01-01","Alligator Bay","Ammonium",105.665,"ppm",25.67017,-81.16867,1
"5829","...89910","FIU_Estuaries","1994.81245722108-01-01","Faka Union River","Ammonium",34.615,"ppm",25.9,-81.516,1
"5830","...89925","FIU_Estuaries","1994.81245722108-01-01","Blackwater River","Ammonium",33.145,"ppm",25.9298,-81.60032,0.8
"5831","...89940","FIU_Estuaries","1994.83162217659-01-01","Highway Creek","Ammonium",17.22,"ppm",25.2536,-80.44415,0.855555555555556
"5832","...89955","FIU_Estuaries","1994.83162217659-01-01","Garfield Bight","Ammonium",11.48,"ppm",25.15048,-80.80922,0.905555555555556
"5833","...89970","FIU_Estuaries","1994.88911704312-01-01","Chokoloskee","Ammonium",87.955,"ppm",25.8075,-81.3495,0.8
"5834","...89985","FIU_Estuaries","1994.88911704312-01-01","Rabbit Key Pass","Ammonium",46.165,"ppm",25.77,-81.38333,1
"5835","...90000","FIU_Estuaries","1994.88911704312-01-01","Lopez Bay","Ammonium",55.09,"ppm",25.78417,-81.33217,1
"5836","...90015","FIU_Estuaries","1994.88911704312-01-01","Sunday Bay","Ammonium",7.315,"ppm",25.796,-81.28,1
"5837","...90030","FIU_Estuaries","1994.88911704312-01-01","Huston Bay","Ammonium",17.71,"ppm",25.753,-81.2555,1
"5838","...90045","FIU_Estuaries","1994.88911704312-01-01","Upper Chatham River","Ammonium",37.625,"ppm",25.7175,-81.2305,1
"5839","...90060","FIU_Estuaries","1994.88911704312-01-01","Huston River","Ammonium",7.56,"ppm",25.73133,-81.28467,1
"5840","...90075","FIU_Estuaries","1994.88911704312-01-01","Chevalier Bay","Ammonium",14.49,"ppm",25.7125,-81.207,0.8
"5841","...90090","FIU_Estuaries","1994.88911704312-01-01","Alligator Bay","Ammonium",9.45,"ppm",25.67017,-81.16867,1
"5842","...90105","FIU_Estuaries","1994.88911704312-01-01","Faka Union River","Ammonium",42.14,"ppm",25.9,-81.516,1
"5843","...90120","FIU_Estuaries","1994.88911704312-01-01","Blackwater River","Ammonium",46.095,"ppm",25.9298,-81.60032,0.8
"5844","...90135","FIU_Estuaries","1994.88637919233-01-01","Highway Creek","Ammonium",20.3,"ppm",25.2536,-80.44415,0.855555555555556
"5845","...90150","FIU_Estuaries","1994.88637919233-01-01","Garfield Bight","Ammonium",13.44,"ppm",25.15048,-80.80922,0.905555555555556
"5846","...90165","FIU_Estuaries","1994.91101984942-01-01","Highway Creek","Ammonium",20.58,"ppm",25.2536,-80.44415,0.855555555555556
"5847","...90180","FIU_Estuaries","1994.91101984942-01-01","Garfield Bight","Ammonium",364,"ppm",25.15048,-80.80922,0.905555555555556
"5848","...90195","FIU_Estuaries","1994.94661190965-01-01","Chokoloskee","Ammonium",22.995,"ppm",25.8075,-81.3495,0.8
"5849","...90210","FIU_Estuaries","1994.94661190965-01-01","Rabbit Key Pass","Ammonium",9.87,"ppm",25.77,-81.38333,1
"5850","...90225","FIU_Estuaries","1994.94661190965-01-01","Lopez Bay","Ammonium",8.12,"ppm",25.78417,-81.33217,1
"5851","...90240","FIU_Estuaries","1994.94661190965-01-01","Sunday Bay","Ammonium",8.715,"ppm",25.796,-81.28,1
"5852","...90255","FIU_Estuaries","1994.94661190965-01-01","Huston Bay","Ammonium",10.605,"ppm",25.753,-81.2555,1
"5853","...90270","FIU_Estuaries","1994.94661190965-01-01","Upper Chatham River","Ammonium",15.54,"ppm",25.7175,-81.2305,1
"5854","...90285","FIU_Estuaries","1994.94661190965-01-01","Huston River","Ammonium",7.805,"ppm",25.73133,-81.28467,1
"5855","...90300","FIU_Estuaries","1994.94661190965-01-01","Chevalier Bay","Ammonium",5.705,"ppm",25.7125,-81.207,0.8
"5856","...90315","FIU_Estuaries","1994.94661190965-01-01","Alligator Bay","Ammonium",6.545,"ppm",25.67017,-81.16867,1
"5857","...90330","FIU_Estuaries","1994.94661190965-01-01","Faka Union River","Ammonium",26.915,"ppm",25.9,-81.516,1
"5858","...90345","FIU_Estuaries","1994.94661190965-01-01","Blackwater River","Ammonium",44.38,"ppm",25.9298,-81.60032,0.8
"5859","...90360","FIU_Estuaries","1995.00684462697-01-01","Highway Creek","Ammonium",16.1,"ppm",25.2536,-80.44415,0.855555555555556
"5860","...90375","FIU_Estuaries","1995.00684462697-01-01","Garfield Bight","Ammonium",60.48,"ppm",25.15048,-80.80922,0.905555555555556
"5861","...90390","FIU_Estuaries","1995.0643394935-01-01","Chokoloskee","Ammonium",12.565,"ppm",25.8075,-81.3495,0.8
"5862","...90405","FIU_Estuaries","1995.0643394935-01-01","Rabbit Key Pass","Ammonium",6.335,"ppm",25.77,-81.38333,1
"5863","...90420","FIU_Estuaries","1995.0643394935-01-01","Lopez Bay","Ammonium",7,"ppm",25.78417,-81.33217,1
"5864","...90435","FIU_Estuaries","1995.0643394935-01-01","Sunday Bay","Ammonium",8.33,"ppm",25.796,-81.28,1
"5865","...90450","FIU_Estuaries","1995.0643394935-01-01","Huston Bay","Ammonium",8.89,"ppm",25.753,-81.2555,1
"5866","...90465","FIU_Estuaries","1995.0643394935-01-01","Upper Chatham River","Ammonium",10.535,"ppm",25.7175,-81.2305,1
"5867","...90480","FIU_Estuaries","1995.0643394935-01-01","Huston River","Ammonium",7.49,"ppm",25.73133,-81.28467,1
"5868","...90495","FIU_Estuaries","1995.0643394935-01-01","Chevalier Bay","Ammonium",12.11,"ppm",25.7125,-81.207,0.8
"5869","...90510","FIU_Estuaries","1995.0643394935-01-01","Alligator Bay","Ammonium",8.155,"ppm",25.67017,-81.16867,1
"5870","...90525","FIU_Estuaries","1995.0643394935-01-01","Faka Union River","Ammonium",36.785,"ppm",25.9,-81.516,1
"5871","...90540","FIU_Estuaries","1995.0643394935-01-01","Blackwater River","Ammonium",30.94,"ppm",25.9298,-81.60032,0.8
"5872","...90555","FIU_Estuaries","1995.08350444901-01-01","Highway Creek","Ammonium",37.24,"ppm",25.2536,-80.44415,0.855555555555556
"5873","...90570","FIU_Estuaries","1995.08350444901-01-01","Garfield Bight","Ammonium",42.7,"ppm",25.15048,-80.80922,0.905555555555556
"5874","...90585","FIU_Estuaries","1995.13826146475-01-01","Chokoloskee","Ammonium",13.125,"ppm",25.8075,-81.3495,0.8
"5875","...90600","FIU_Estuaries","1995.13826146475-01-01","Rabbit Key Pass","Ammonium",19.355,"ppm",25.77,-81.38333,1
"5876","...90615","FIU_Estuaries","1995.13826146475-01-01","Lopez Bay","Ammonium",19.74,"ppm",25.78417,-81.33217,1
"5877","...90630","FIU_Estuaries","1995.13826146475-01-01","Sunday Bay","Ammonium",8.12,"ppm",25.796,-81.28,1
"5878","...90645","FIU_Estuaries","1995.13826146475-01-01","Huston Bay","Ammonium",11.41,"ppm",25.753,-81.2555,1
"5879","...90660","FIU_Estuaries","1995.13826146475-01-01","Upper Chatham River","Ammonium",9.1,"ppm",25.7175,-81.2305,1
"5880","...90675","FIU_Estuaries","1995.13826146475-01-01","Huston River","Ammonium",7.735,"ppm",25.73133,-81.28467,1
"5881","...90690","FIU_Estuaries","1995.13826146475-01-01","Chevalier Bay","Ammonium",8.75,"ppm",25.7125,-81.207,0.8
"5882","...90705","FIU_Estuaries","1995.13826146475-01-01","Alligator Bay","Ammonium",8.54,"ppm",25.67017,-81.16867,1
"5883","...90720","FIU_Estuaries","1995.13826146475-01-01","Faka Union River","Ammonium",33.635,"ppm",25.9,-81.516,1
"5884","...90735","FIU_Estuaries","1995.13826146475-01-01","Blackwater River","Ammonium",71.33,"ppm",25.9298,-81.60032,0.8
"5885","...90750","FIU_Estuaries","1995.16016427105-01-01","Highway Creek","Ammonium",30.38,"ppm",25.2536,-80.44415,0.855555555555556
"5886","...90765","FIU_Estuaries","1995.16016427105-01-01","Garfield Bight","Ammonium",15.12,"ppm",25.15048,-80.80922,0.905555555555556
"5887","...90780","FIU_Estuaries","1995.19575633128-01-01","Chokoloskee","Ammonium",22.575,"ppm",25.8075,-81.3495,0.8
"5888","...90795","FIU_Estuaries","1995.19575633128-01-01","Rabbit Key Pass","Ammonium",6.93,"ppm",25.77,-81.38333,1
"5889","...90810","FIU_Estuaries","1995.19575633128-01-01","Lopez Bay","Ammonium",15.505,"ppm",25.78417,-81.33217,1
"5890","...90825","FIU_Estuaries","1995.19575633128-01-01","Sunday Bay","Ammonium",7.245,"ppm",25.796,-81.28,1
"5891","...90840","FIU_Estuaries","1995.19575633128-01-01","Huston Bay","Ammonium",6.335,"ppm",25.753,-81.2555,1
"5892","...90855","FIU_Estuaries","1995.19575633128-01-01","Upper Chatham River","Ammonium",6.65,"ppm",25.7175,-81.2305,1
"5893","...90870","FIU_Estuaries","1995.19575633128-01-01","Huston River","Ammonium",11.725,"ppm",25.73133,-81.28467,1
"5894","...90885","FIU_Estuaries","1995.19575633128-01-01","Chevalier Bay","Ammonium",9.205,"ppm",25.7125,-81.207,0.8
"5895","...90900","FIU_Estuaries","1995.19575633128-01-01","Alligator Bay","Ammonium",6.72,"ppm",25.67017,-81.16867,1
"5896","...90915","FIU_Estuaries","1995.19575633128-01-01","Faka Union River","Ammonium",22.33,"ppm",25.9,-81.516,1
"5897","...90930","FIU_Estuaries","1995.19575633128-01-01","Blackwater River","Ammonium",20.23,"ppm",25.9298,-81.60032,0.8
"5898","...90945","FIU_Estuaries","1995.29158110883-01-01","Highway Creek","Ammonium",21.56,"ppm",25.2536,-80.44415,0.855555555555556
"5899","...90960","FIU_Estuaries","1995.29158110883-01-01","Garfield Bight","Ammonium",503.58,"ppm",25.15048,-80.80922,0.905555555555556
"5900","...90975","FIU_Estuaries","1995.30800821355-01-01","Chokoloskee","Ammonium",47.18,"ppm",25.8075,-81.3495,0.8
"5901","...90990","FIU_Estuaries","1995.30800821355-01-01","Rabbit Key Pass","Ammonium",5.74,"ppm",25.77,-81.38333,1
"5902","...91005","FIU_Estuaries","1995.30800821355-01-01","Lopez Bay","Ammonium",29.19,"ppm",25.78417,-81.33217,1
"5903","...91020","FIU_Estuaries","1995.30800821355-01-01","Sunday Bay","Ammonium",7.945,"ppm",25.796,-81.28,1
"5904","...91035","FIU_Estuaries","1995.30800821355-01-01","Huston Bay","Ammonium",3.43,"ppm",25.753,-81.2555,1
"5905","...91050","FIU_Estuaries","1995.30800821355-01-01","Upper Chatham River","Ammonium",21.28,"ppm",25.7175,-81.2305,1
"5906","...91065","FIU_Estuaries","1995.30800821355-01-01","Huston River","Ammonium",7.56,"ppm",25.73133,-81.28467,1
"5907","...91080","FIU_Estuaries","1995.30800821355-01-01","Chevalier Bay","Ammonium",12.04,"ppm",25.7125,-81.207,0.8
"5908","...91095","FIU_Estuaries","1995.30800821355-01-01","Alligator Bay","Ammonium",8.225,"ppm",25.67017,-81.16867,1
"5909","...91110","FIU_Estuaries","1995.30800821355-01-01","Faka Union River","Ammonium",10.395,"ppm",25.9,-81.516,1
"5910","...91125","FIU_Estuaries","1995.30800821355-01-01","Blackwater River","Ammonium",5.775,"ppm",25.9298,-81.60032,0.8
"5911","...91140","FIU_Estuaries","1995.38740588638-01-01","Highway Creek","Ammonium",45.78,"ppm",25.2536,-80.44415,0.855555555555556
"5912","...91155","FIU_Estuaries","1995.38740588638-01-01","Garfield Bight","Ammonium",295.26,"ppm",25.15048,-80.80922,0.905555555555556
"5913","...91170","FIU_Estuaries","1995.40930869268-01-01","Chokoloskee","Ammonium",24.78,"ppm",25.8075,-81.3495,0.8
"5914","...91185","FIU_Estuaries","1995.40930869268-01-01","Rabbit Key Pass","Ammonium",5.355,"ppm",25.77,-81.38333,1
"5915","...91200","FIU_Estuaries","1995.40930869268-01-01","Lopez Bay","Ammonium",21.91,"ppm",25.78417,-81.33217,1
"5916","...91215","FIU_Estuaries","1995.40930869268-01-01","Sunday Bay","Ammonium",9.9925,"ppm",25.796,-81.28,1
"5917","...91230","FIU_Estuaries","1995.40930869268-01-01","Huston Bay","Ammonium",31.01,"ppm",25.753,-81.2555,1
"5918","...91245","FIU_Estuaries","1995.40930869268-01-01","Upper Chatham River","Ammonium",35.77,"ppm",25.7175,-81.2305,1
"5919","...91260","FIU_Estuaries","1995.40930869268-01-01","Huston River","Ammonium",30.45,"ppm",25.73133,-81.28467,1
"5920","...91275","FIU_Estuaries","1995.40930869268-01-01","Chevalier Bay","Ammonium",16.1,"ppm",25.7125,-81.207,0.8
"5921","...91290","FIU_Estuaries","1995.40930869268-01-01","Alligator Bay","Ammonium",7.63,"ppm",25.67017,-81.16867,1
"5922","...91305","FIU_Estuaries","1995.40930869268-01-01","Faka Union River","Ammonium",22.435,"ppm",25.9,-81.516,1
"5923","...91320","FIU_Estuaries","1995.40930869268-01-01","Blackwater River","Ammonium",4.445,"ppm",25.9298,-81.60032,0.8
"5924","...91335","FIU_Estuaries","1995.46406570842-01-01","Highway Creek","Ammonium",35.28,"ppm",25.2536,-80.44415,0.855555555555556
"5925","...91350","FIU_Estuaries","1995.46406570842-01-01","Garfield Bight","Ammonium",2.8,"ppm",25.15048,-80.80922,0.905555555555556
"5926","...91365","FIU_Estuaries","1995.48323066393-01-01","Chokoloskee","Ammonium",19.985,"ppm",25.8075,-81.3495,0.8
"5927","...91380","FIU_Estuaries","1995.48323066393-01-01","Rabbit Key Pass","Ammonium",6.86,"ppm",25.77,-81.38333,1
"5928","...91395","FIU_Estuaries","1995.48323066393-01-01","Lopez Bay","Ammonium",6.895,"ppm",25.78417,-81.33217,1
"5929","...91410","FIU_Estuaries","1995.48323066393-01-01","Sunday Bay","Ammonium",7.805,"ppm",25.796,-81.28,1
"5930","...91425","FIU_Estuaries","1995.48323066393-01-01","Huston Bay","Ammonium",5.18,"ppm",25.753,-81.2555,1
"5931","...91440","FIU_Estuaries","1995.48323066393-01-01","Upper Chatham River","Ammonium",4.585,"ppm",25.7175,-81.2305,1
"5932","...91455","FIU_Estuaries","1995.48323066393-01-01","Huston River","Ammonium",7.805,"ppm",25.73133,-81.28467,1
"5933","...91470","FIU_Estuaries","1995.48323066393-01-01","Chevalier Bay","Ammonium",5.635,"ppm",25.7125,-81.207,0.8
"5934","...91485","FIU_Estuaries","1995.48323066393-01-01","Alligator Bay","Ammonium",5.53,"ppm",25.67017,-81.16867,1
"5935","...91500","FIU_Estuaries","1995.48323066393-01-01","Faka Union River","Ammonium",44.905,"ppm",25.9,-81.516,1
"5936","...91515","FIU_Estuaries","1995.48323066393-01-01","Blackwater River","Ammonium",97.265,"ppm",25.9298,-81.60032,0.8
"5937","...91530","FIU_Estuaries","1995.52156057495-01-01","Highway Creek","Ammonium",19.915,"ppm",25.2536,-80.44415,0.855555555555556
"5938","...91545","FIU_Estuaries","1995.52156057495-01-01","Garfield Bight","Ammonium",89.495,"ppm",25.15048,-80.80922,0.905555555555556
"5939","...91560","FIU_Estuaries","1995.54072553046-01-01","Chokoloskee","Ammonium",49.595,"ppm",25.8075,-81.3495,0.8
"5940","...91575","FIU_Estuaries","1995.54072553046-01-01","Rabbit Key Pass","Ammonium",29.925,"ppm",25.77,-81.38333,1
"5941","...91590","FIU_Estuaries","1995.54072553046-01-01","Lopez Bay","Ammonium",40.18,"ppm",25.78417,-81.33217,1
"5942","...91605","FIU_Estuaries","1995.54072553046-01-01","Sunday Bay","Ammonium",32.2,"ppm",25.796,-81.28,1
"5943","...91620","FIU_Estuaries","1995.54072553046-01-01","Huston Bay","Ammonium",28.28,"ppm",25.753,-81.2555,1
"5944","...91635","FIU_Estuaries","1995.54072553046-01-01","Upper Chatham River","Ammonium",19.845,"ppm",25.7175,-81.2305,1
"5945","...91650","FIU_Estuaries","1995.54072553046-01-01","Huston River","Ammonium",26.425,"ppm",25.73133,-81.28467,1
"5946","...91665","FIU_Estuaries","1995.54072553046-01-01","Chevalier Bay","Ammonium",17.535,"ppm",25.7125,-81.207,0.8
"5947","...91680","FIU_Estuaries","1995.54072553046-01-01","Alligator Bay","Ammonium",63.98,"ppm",25.67017,-81.16867,1
"5948","...91695","FIU_Estuaries","1995.54072553046-01-01","Faka Union River","Ammonium",59.78,"ppm",25.9,-81.516,1
"5949","...91710","FIU_Estuaries","1995.54072553046-01-01","Blackwater River","Ammonium",77.385,"ppm",25.9298,-81.60032,0.8
"5950","...91725","FIU_Estuaries","1995.60369609856-01-01","Highway Creek","Ammonium",17.57,"ppm",25.2536,-80.44415,0.855555555555556
"5951","...91740","FIU_Estuaries","1995.60369609856-01-01","Garfield Bight","Ammonium",3.92,"ppm",25.15048,-80.80922,0.905555555555556
"5952","...91755","FIU_Estuaries","1995.65571526352-01-01","Chokoloskee","Ammonium",42.665,"ppm",25.8075,-81.3495,0.8
"5953","...91770","FIU_Estuaries","1995.65571526352-01-01","Rabbit Key Pass","Ammonium",23.695,"ppm",25.77,-81.38333,1
"5954","...91785","FIU_Estuaries","1995.65571526352-01-01","Lopez Bay","Ammonium",34.475,"ppm",25.78417,-81.33217,1
"5955","...91800","FIU_Estuaries","1995.65571526352-01-01","Sunday Bay","Ammonium",11.27,"ppm",25.796,-81.28,1
"5956","...91815","FIU_Estuaries","1995.65571526352-01-01","Huston Bay","Ammonium",10.71,"ppm",25.753,-81.2555,1
"5957","...91830","FIU_Estuaries","1995.65571526352-01-01","Upper Chatham River","Ammonium",28.175,"ppm",25.7175,-81.2305,1
"5958","...91845","FIU_Estuaries","1995.65571526352-01-01","Huston River","Ammonium",8.82,"ppm",25.73133,-81.28467,1
"5959","...91860","FIU_Estuaries","1995.65571526352-01-01","Chevalier Bay","Ammonium",7.35,"ppm",25.7125,-81.207,0.8
"5960","...91875","FIU_Estuaries","1995.65571526352-01-01","Alligator Bay","Ammonium",6.79,"ppm",25.67017,-81.16867,1
"5961","...91890","FIU_Estuaries","1995.65845311431-01-01","Faka Union River","Ammonium",50.26,"ppm",25.9,-81.516,1
"5962","...91905","FIU_Estuaries","1995.65845311431-01-01","Blackwater River","Ammonium",27.055,"ppm",25.9298,-81.60032,0.8
"5963","...91920","FIU_Estuaries","1995.6803559206-01-01","Highway Creek","Ammonium",16.415,"ppm",25.2536,-80.44415,0.855555555555556
"5964","...91935","FIU_Estuaries","1995.6803559206-01-01","Garfield Bight","Ammonium",257.74,"ppm",25.15048,-80.80922,0.905555555555556
"5965","...91950","FIU_Estuaries","1995.73785078713-01-01","Chokoloskee","Ammonium",20.615,"ppm",25.8075,-81.3495,0.8
"5966","...91965","FIU_Estuaries","1995.73785078713-01-01","Rabbit Key Pass","Ammonium",10.22,"ppm",25.77,-81.38333,1
"5967","...91980","FIU_Estuaries","1995.73785078713-01-01","Lopez Bay","Ammonium",22.785,"ppm",25.78417,-81.33217,1
"5968","...91995","FIU_Estuaries","1995.73785078713-01-01","Sunday Bay","Ammonium",2.555,"ppm",25.796,-81.28,1
"5969","...92010","FIU_Estuaries","1995.73785078713-01-01","Huston Bay","Ammonium",3.36,"ppm",25.753,-81.2555,1
"5970","...92025","FIU_Estuaries","1995.73785078713-01-01","Upper Chatham River","Ammonium",17.36,"ppm",25.7175,-81.2305,1
"5971","...92040","FIU_Estuaries","1995.73785078713-01-01","Huston River","Ammonium",2.415,"ppm",25.73133,-81.28467,1
"5972","...92055","FIU_Estuaries","1995.73785078713-01-01","Chevalier Bay","Ammonium",3.045,"ppm",25.7125,-81.207,0.8
"5973","...92070","FIU_Estuaries","1995.73785078713-01-01","Alligator Bay","Ammonium",3.57,"ppm",25.67017,-81.16867,1
"5974","...92085","FIU_Estuaries","1995.74058863792-01-01","Faka Union River","Ammonium",22.96,"ppm",25.9,-81.516,1
"5975","...92100","FIU_Estuaries","1995.74058863792-01-01","Blackwater River","Ammonium",10.99,"ppm",25.9298,-81.60032,0.8
"5976","...92115","FIU_Estuaries","1995.79534565366-01-01","Highway Creek","Ammonium",17.36,"ppm",25.2536,-80.44415,0.855555555555556
"5977","...92130","FIU_Estuaries","1995.79534565366-01-01","Garfield Bight","Ammonium",154.035,"ppm",25.15048,-80.80922,0.905555555555556
"5978","...92145","FIU_Estuaries","1995.83641341547-01-01","Chokoloskee","Ammonium",13.195,"ppm",25.8075,-81.3495,0.8
"5979","...92160","FIU_Estuaries","1995.83641341547-01-01","Rabbit Key Pass","Ammonium",2.695,"ppm",25.77,-81.38333,1
"5980","...92175","FIU_Estuaries","1995.83641341547-01-01","Lopez Bay","Ammonium",19.425,"ppm",25.78417,-81.33217,1
"5981","...92190","FIU_Estuaries","1995.83641341547-01-01","Sunday Bay","Ammonium",3.22,"ppm",25.796,-81.28,1
"5982","...92205","FIU_Estuaries","1995.83641341547-01-01","Huston Bay","Ammonium",2.975,"ppm",25.753,-81.2555,1
"5983","...92220","FIU_Estuaries","1995.83641341547-01-01","Upper Chatham River","Ammonium",13.475,"ppm",25.7175,-81.2305,1
"5984","...92235","FIU_Estuaries","1995.83641341547-01-01","Huston River","Ammonium",2.835,"ppm",25.73133,-81.28467,1
"5985","...92250","FIU_Estuaries","1995.83641341547-01-01","Chevalier Bay","Ammonium",10.5,"ppm",25.7125,-81.207,0.8
"5986","...92265","FIU_Estuaries","1995.83641341547-01-01","Alligator Bay","Ammonium",26.88,"ppm",25.67017,-81.16867,1
"5987","...92280","FIU_Estuaries","1995.84462696783-01-01","Faka Union River","Ammonium",29.61,"ppm",25.9,-81.516,1
"5988","...92295","FIU_Estuaries","1995.84462696783-01-01","Blackwater River","Ammonium",1.855,"ppm",25.9298,-81.60032,0.8
"5989","...92310","FIU_Estuaries","1995.8720054757-01-01","Highway Creek","Ammonium",15.645,"ppm",25.2536,-80.44415,0.855555555555556
"5990","...92325","FIU_Estuaries","1995.8720054757-01-01","Garfield Bight","Ammonium",5.985,"ppm",25.15048,-80.80922,0.905555555555556
"5991","...92340","FIU_Estuaries","1995.88295687885-01-01","Chokoloskee","Ammonium",4.795,"ppm",25.8075,-81.3495,0.8
"5992","...92355","FIU_Estuaries","1995.88295687885-01-01","Rabbit Key Pass","Ammonium",3.01,"ppm",25.77,-81.38333,1
"5993","...92370","FIU_Estuaries","1995.88295687885-01-01","Lopez Bay","Ammonium",3.22,"ppm",25.78417,-81.33217,1
"5994","...92385","FIU_Estuaries","1995.88295687885-01-01","Sunday Bay","Ammonium",4.62,"ppm",25.796,-81.28,1
"5995","...92400","FIU_Estuaries","1995.88295687885-01-01","Huston Bay","Ammonium",7.77,"ppm",25.753,-81.2555,1
"5996","...92415","FIU_Estuaries","1995.88295687885-01-01","Upper Chatham River","Ammonium",10.955,"ppm",25.7175,-81.2305,1
"5997","...92430","FIU_Estuaries","1995.88295687885-01-01","Huston River","Ammonium",4.445,"ppm",25.73133,-81.28467,1
"5998","...92445","FIU_Estuaries","1995.88295687885-01-01","Chevalier Bay","Ammonium",20.195,"ppm",25.7125,-81.207,0.8
"5999","...92460","FIU_Estuaries","1995.88295687885-01-01","Alligator Bay","Ammonium",19.95,"ppm",25.67017,-81.16867,1
"6000","...92475","FIU_Estuaries","1995.88569472964-01-01","Faka Union River","Ammonium",29.19,"ppm",25.9,-81.516,1
"6001","...92490","FIU_Estuaries","1995.88569472964-01-01","Blackwater River","Ammonium",0.525,"ppm",25.9298,-81.60032,0.8
"6002","...92505","FIU_Estuaries","1995.94592744695-01-01","Highway Creek","Ammonium",23.625,"ppm",25.2536,-80.44415,0.855555555555556
"6003","...92520","FIU_Estuaries","1995.94592744695-01-01","Garfield Bight","Ammonium",133.035,"ppm",25.15048,-80.80922,0.905555555555556
"6004","...92535","FIU_Estuaries","1995.96235455168-01-01","Chokoloskee","Ammonium",25.795,"ppm",25.8075,-81.3495,0.8
"6005","...92550","FIU_Estuaries","1995.96235455168-01-01","Rabbit Key Pass","Ammonium",20.51,"ppm",25.77,-81.38333,1
"6006","...92565","FIU_Estuaries","1995.96235455168-01-01","Lopez Bay","Ammonium",19.985,"ppm",25.78417,-81.33217,1
"6007","...92580","FIU_Estuaries","1995.96235455168-01-01","Sunday Bay","Ammonium",5.495,"ppm",25.796,-81.28,1
"6008","...92595","FIU_Estuaries","1995.96235455168-01-01","Huston Bay","Ammonium",7.98,"ppm",25.753,-81.2555,1
"6009","...92610","FIU_Estuaries","1995.96235455168-01-01","Upper Chatham River","Ammonium",22.925,"ppm",25.7175,-81.2305,1
"6010","...92625","FIU_Estuaries","1995.96235455168-01-01","Huston River","Ammonium",7.14,"ppm",25.73133,-81.28467,1
"6011","...92640","FIU_Estuaries","1995.96235455168-01-01","Chevalier Bay","Ammonium",13.405,"ppm",25.7125,-81.207,0.8
"6012","...92655","FIU_Estuaries","1995.96235455168-01-01","Alligator Bay","Ammonium",8.155,"ppm",25.67017,-81.16867,1
"6013","...92670","FIU_Estuaries","1995.96509240246-01-01","Faka Union River","Ammonium",18.41,"ppm",25.9,-81.516,1
"6014","...92685","FIU_Estuaries","1995.96509240246-01-01","Blackwater River","Ammonium",18.48,"ppm",25.9298,-81.60032,0.8
"6015","...92700","FIU_Estuaries","1996.06091718001-01-01","Highway Creek","Ammonium",21.105,"ppm",25.2536,-80.44415,0.855555555555556
"6016","...92715","FIU_Estuaries","1996.05817932923-01-01","Garfield Bight","Ammonium",122.5,"ppm",25.15048,-80.80922,0.905555555555556
"6017","...92730","FIU_Estuaries","1996.08008213552-01-01","Chokoloskee","Ammonium",6.72,"ppm",25.8075,-81.3495,0.8
"6018","...92745","FIU_Estuaries","1996.08008213552-01-01","Rabbit Key Pass","Ammonium",3.045,"ppm",25.77,-81.38333,1
"6019","...92760","FIU_Estuaries","1996.08008213552-01-01","Lopez Bay","Ammonium",20.51,"ppm",25.78417,-81.33217,1
"6020","...92775","FIU_Estuaries","1996.08008213552-01-01","Sunday Bay","Ammonium",15.645,"ppm",25.796,-81.28,1
"6021","...92790","FIU_Estuaries","1996.08008213552-01-01","Huston Bay","Ammonium",9.73,"ppm",25.753,-81.2555,1
"6022","...92805","FIU_Estuaries","1996.08008213552-01-01","Upper Chatham River","Ammonium",30.205,"ppm",25.7175,-81.2305,1
"6023","...92820","FIU_Estuaries","1996.08008213552-01-01","Huston River","Ammonium",5.145,"ppm",25.73133,-81.28467,1
"6024","...92835","FIU_Estuaries","1996.08008213552-01-01","Chevalier Bay","Ammonium",17.29,"ppm",25.7125,-81.207,0.8
"6025","...92850","FIU_Estuaries","1996.08008213552-01-01","Alligator Bay","Ammonium",6.51,"ppm",25.67017,-81.16867,1
"6026","...92865","FIU_Estuaries","1996.08281998631-01-01","Faka Union River","Ammonium",3.535,"ppm",25.9,-81.516,1
"6027","...92880","FIU_Estuaries","1996.08281998631-01-01","Blackwater River","Ammonium",5.565,"ppm",25.9298,-81.60032,0.8
"6028","...92895","FIU_Estuaries","1996.11841204654-01-01","Highway Creek","Ammonium",31.885,"ppm",25.2536,-80.44415,0.855555555555556
"6029","...92910","FIU_Estuaries","1996.11293634497-01-01","Garfield Bight","Ammonium",50.96,"ppm",25.15048,-80.80922,0.905555555555556
"6030","...92925","FIU_Estuaries","1996.15674195756-01-01","Chokoloskee","Ammonium",33.425,"ppm",25.8075,-81.3495,0.8
"6031","...92940","FIU_Estuaries","1996.15674195756-01-01","Rabbit Key Pass","Ammonium",7.175,"ppm",25.77,-81.38333,1
"6032","...92955","FIU_Estuaries","1996.15674195756-01-01","Lopez Bay","Ammonium",26.985,"ppm",25.78417,-81.33217,1
"6033","...92970","FIU_Estuaries","1996.15674195756-01-01","Sunday Bay","Ammonium",9.8,"ppm",25.796,-81.28,1
"6034","...92985","FIU_Estuaries","1996.15674195756-01-01","Huston Bay","Ammonium",5.635,"ppm",25.753,-81.2555,1
"6035","...93000","FIU_Estuaries","1996.15674195756-01-01","Upper Chatham River","Ammonium",42.28,"ppm",25.7175,-81.2305,1
"6036","...93015","FIU_Estuaries","1996.15674195756-01-01","Huston River","Ammonium",5.705,"ppm",25.73133,-81.28467,1
"6037","...93030","FIU_Estuaries","1996.15674195756-01-01","Chevalier Bay","Ammonium",13.825,"ppm",25.7125,-81.207,0.8
"6038","...93045","FIU_Estuaries","1996.15674195756-01-01","Alligator Bay","Ammonium",7.315,"ppm",25.67017,-81.16867,1
"6039","...93060","FIU_Estuaries","1996.15947980835-01-01","Faka Union River","Ammonium",5.53,"ppm",25.9,-81.516,1
"6040","...93075","FIU_Estuaries","1996.15947980835-01-01","Blackwater River","Ammonium",4.41,"ppm",25.9298,-81.60032,0.8
"6041","...93090","FIU_Estuaries","1996.21697467488-01-01","Highway Creek","Ammonium",32.55,"ppm",25.2536,-80.44415,0.855555555555556
"6042","...93105","FIU_Estuaries","1996.21971252567-01-01","Garfield Bight","Ammonium",74.27,"ppm",25.15048,-80.80922,0.905555555555556
"6043","...93120","FIU_Estuaries","1996.25256673511-01-01","Chokoloskee","Ammonium",32.725,"ppm",25.8075,-81.3495,0.8
"6044","...93135","FIU_Estuaries","1996.25256673511-01-01","Rabbit Key Pass","Ammonium",2.765,"ppm",25.77,-81.38333,1
"6045","...93150","FIU_Estuaries","1996.25256673511-01-01","Lopez Bay","Ammonium",63.805,"ppm",25.78417,-81.33217,1
"6046","...93165","FIU_Estuaries","1996.25256673511-01-01","Sunday Bay","Ammonium",5.81,"ppm",25.796,-81.28,1
"6047","...93180","FIU_Estuaries","1996.25256673511-01-01","Huston Bay","Ammonium",5.775,"ppm",25.753,-81.2555,1
"6048","...93195","FIU_Estuaries","1996.25256673511-01-01","Upper Chatham River","Ammonium",4.13,"ppm",25.7175,-81.2305,1
"6049","...93210","FIU_Estuaries","1996.25256673511-01-01","Huston River","Ammonium",6.58,"ppm",25.73133,-81.28467,1
"6050","...93225","FIU_Estuaries","1996.2553045859-01-01","Faka Union River","Ammonium",22.33,"ppm",25.9,-81.516,1
"6051","...93240","FIU_Estuaries","1996.2553045859-01-01","Blackwater River","Ammonium",5.25,"ppm",25.9298,-81.60032,0.8
"6052","...93255","FIU_Estuaries","1996.31006160164-01-01","Highway Creek","Ammonium",54.53,"ppm",25.2536,-80.44415,0.855555555555556
"6053","...93270","FIU_Estuaries","1996.31279945243-01-01","Garfield Bight","Ammonium",526.26,"ppm",25.15048,-80.80922,0.905555555555556
"6054","...93285","FIU_Estuaries","1996.32922655715-01-01","Chokoloskee","Ammonium",10.675,"ppm",25.8075,-81.3495,0.8
"6055","...93300","FIU_Estuaries","1996.32922655715-01-01","Rabbit Key Pass","Ammonium",3.57,"ppm",25.77,-81.38333,1
"6056","...93315","FIU_Estuaries","1996.32922655715-01-01","Lopez Bay","Ammonium",24.255,"ppm",25.78417,-81.33217,1
"6057","...93330","FIU_Estuaries","1996.32922655715-01-01","Sunday Bay","Ammonium",149.03,"ppm",25.796,-81.28,1
"6058","...93345","FIU_Estuaries","1996.32922655715-01-01","Huston Bay","Ammonium",105.105,"ppm",25.753,-81.2555,1
"6059","...93360","FIU_Estuaries","1996.32922655715-01-01","Upper Chatham River","Ammonium",73.92,"ppm",25.7175,-81.2305,1
"6060","...93375","FIU_Estuaries","1996.32922655715-01-01","Huston River","Ammonium",262.605,"ppm",25.73133,-81.28467,1
"6061","...93390","FIU_Estuaries","1996.32922655715-01-01","Chevalier Bay","Ammonium",25.76,"ppm",25.7125,-81.207,0.8
"6062","...93405","FIU_Estuaries","1996.32922655715-01-01","Alligator Bay","Ammonium",7.07,"ppm",25.67017,-81.16867,1
"6063","...93420","FIU_Estuaries","1996.33196440794-01-01","Faka Union River","Ammonium",46.06,"ppm",25.9,-81.516,1
"6064","...93435","FIU_Estuaries","1996.33196440794-01-01","Blackwater River","Ammonium",27.755,"ppm",25.9298,-81.60032,0.8
"6065","...93450","FIU_Estuaries","1996.35112936345-01-01","Highway Creek","Ammonium",266.595,"ppm",25.2536,-80.44415,0.855555555555556
"6066","...93465","FIU_Estuaries","1996.35386721424-01-01","Garfield Bight","Ammonium",702.45,"ppm",25.15048,-80.80922,0.905555555555556
"6067","...93480","FIU_Estuaries","1996.38945927447-01-01","Chokoloskee","Ammonium",54.67,"ppm",25.8075,-81.3495,0.8
"6068","...93495","FIU_Estuaries","1996.38945927447-01-01","Rabbit Key Pass","Ammonium",5.495,"ppm",25.77,-81.38333,1
"6069","...93510","FIU_Estuaries","1996.38945927447-01-01","Lopez Bay","Ammonium",46.375,"ppm",25.78417,-81.33217,1
"6070","...93525","FIU_Estuaries","1996.38945927447-01-01","Sunday Bay","Ammonium",99.75,"ppm",25.796,-81.28,1
"6071","...93540","FIU_Estuaries","1996.38945927447-01-01","Huston Bay","Ammonium",250.25,"ppm",25.753,-81.2555,1
"6072","...93555","FIU_Estuaries","1996.38945927447-01-01","Upper Chatham River","Ammonium",62.09,"ppm",25.7175,-81.2305,1
"6073","...93570","FIU_Estuaries","1996.38945927447-01-01","Huston River","Ammonium",284.585,"ppm",25.73133,-81.28467,1
"6074","...93585","FIU_Estuaries","1996.38945927447-01-01","Chevalier Bay","Ammonium",73.71,"ppm",25.7125,-81.207,0.8
"6075","...93600","FIU_Estuaries","1996.38945927447-01-01","Alligator Bay","Ammonium",4.165,"ppm",25.67017,-81.16867,1
"6076","...93615","FIU_Estuaries","1996.38672142368-01-01","Faka Union River","Ammonium",58.765,"ppm",25.9,-81.516,1
"6077","...93630","FIU_Estuaries","1996.38672142368-01-01","Blackwater River","Ammonium",64.19,"ppm",25.9298,-81.60032,0.8
"6078","...93645","FIU_Estuaries","1996.43052703628-01-01","Highway Creek","Ammonium",60.445,"ppm",25.2536,-80.44415,0.855555555555556
"6079","...93660","FIU_Estuaries","1996.42778918549-01-01","Garfield Bight","Ammonium",53.305,"ppm",25.15048,-80.80922,0.905555555555556
"6080","...93675","FIU_Estuaries","1996.49623545517-01-01","Chokoloskee","Ammonium",63.28,"ppm",25.8075,-81.3495,0.8
"6081","...93690","FIU_Estuaries","1996.49623545517-01-01","Rabbit Key Pass","Ammonium",3.185,"ppm",25.77,-81.38333,1
"6082","...93705","FIU_Estuaries","1996.49623545517-01-01","Lopez Bay","Ammonium",66.325,"ppm",25.78417,-81.33217,1
"6083","...93720","FIU_Estuaries","1996.49623545517-01-01","Sunday Bay","Ammonium",14.35,"ppm",25.796,-81.28,1
"6084","...93735","FIU_Estuaries","1996.49623545517-01-01","Huston Bay","Ammonium",9.38,"ppm",25.753,-81.2555,1
"6085","...93750","FIU_Estuaries","1996.49623545517-01-01","Upper Chatham River","Ammonium",25.9,"ppm",25.7175,-81.2305,1
"6086","...93765","FIU_Estuaries","1996.49623545517-01-01","Huston River","Ammonium",12.25,"ppm",25.73133,-81.28467,1
"6087","...93780","FIU_Estuaries","1996.49623545517-01-01","Chevalier Bay","Ammonium",10.22,"ppm",25.7125,-81.207,0.8
"6088","...93795","FIU_Estuaries","1996.49623545517-01-01","Alligator Bay","Ammonium",9.345,"ppm",25.67017,-81.16867,1
"6089","...93810","FIU_Estuaries","1996.49897330595-01-01","Faka Union River","Ammonium",10.955,"ppm",25.9,-81.516,1
"6090","...93825","FIU_Estuaries","1996.49897330595-01-01","Blackwater River","Ammonium",2.975,"ppm",25.9298,-81.60032,0.8
"6091","...93840","FIU_Estuaries","1996.50444900753-01-01","Highway Creek","Ammonium",13.895,"ppm",25.2536,-80.44415,0.855555555555556
"6092","...93855","FIU_Estuaries","1996.50444900753-01-01","Garfield Bight","Ammonium",114.52,"ppm",25.15048,-80.80922,0.905555555555556
"6093","...93870","FIU_Estuaries","1996.57837097878-01-01","Chokoloskee","Ammonium",9.415,"ppm",25.8075,-81.3495,0.8
"6094","...93885","FIU_Estuaries","1996.57837097878-01-01","Rabbit Key Pass","Ammonium",4.795,"ppm",25.77,-81.38333,1
"6095","...93900","FIU_Estuaries","1996.57837097878-01-01","Lopez Bay","Ammonium",17.01,"ppm",25.78417,-81.33217,1
"6096","...93915","FIU_Estuaries","1996.57837097878-01-01","Sunday Bay","Ammonium",7.07,"ppm",25.796,-81.28,1
"6097","...93930","FIU_Estuaries","1996.57837097878-01-01","Huston Bay","Ammonium",5.565,"ppm",25.753,-81.2555,1
"6098","...93945","FIU_Estuaries","1996.57837097878-01-01","Upper Chatham River","Ammonium",6.79,"ppm",25.7175,-81.2305,1
"6099","...93960","FIU_Estuaries","1996.57837097878-01-01","Huston River","Ammonium",8.645,"ppm",25.73133,-81.28467,1
"6100","...93975","FIU_Estuaries","1996.57837097878-01-01","Chevalier Bay","Ammonium",6.86,"ppm",25.7125,-81.207,0.8
"6101","...93990","FIU_Estuaries","1996.57837097878-01-01","Alligator Bay","Ammonium",9.1,"ppm",25.67017,-81.16867,1
"6102","...94005","FIU_Estuaries","1996.58110882957-01-01","Faka Union River","Ammonium",18.095,"ppm",25.9,-81.516,1
"6103","...94020","FIU_Estuaries","1996.58110882957-01-01","Blackwater River","Ammonium",5.39,"ppm",25.9298,-81.60032,0.8
"6104","...94035","FIU_Estuaries","1996.63586584531-01-01","Highway Creek","Ammonium",41.23,"ppm",25.2536,-80.44415,0.855555555555556
"6105","...94050","FIU_Estuaries","1996.6386036961-01-01","Garfield Bight","Ammonium",283.325,"ppm",25.15048,-80.80922,0.905555555555556
"6106","...94065","FIU_Estuaries","1996.65229295003-01-01","Chokoloskee","Ammonium",16.065,"ppm",25.8075,-81.3495,0.8
"6107","...94080","FIU_Estuaries","1996.65229295003-01-01","Rabbit Key Pass","Ammonium",2.975,"ppm",25.77,-81.38333,1
"6108","...94095","FIU_Estuaries","1996.65229295003-01-01","Lopez Bay","Ammonium",19.145,"ppm",25.78417,-81.33217,1
"6109","...94110","FIU_Estuaries","1996.65229295003-01-01","Sunday Bay","Ammonium",7,"ppm",25.796,-81.28,1
"6110","...94125","FIU_Estuaries","1996.65229295003-01-01","Huston Bay","Ammonium",7.735,"ppm",25.753,-81.2555,1
"6111","...94140","FIU_Estuaries","1996.65229295003-01-01","Upper Chatham River","Ammonium",16.03,"ppm",25.7175,-81.2305,1
"6112","...94155","FIU_Estuaries","1996.65229295003-01-01","Huston River","Ammonium",19.985,"ppm",25.73133,-81.28467,1
"6113","...94170","FIU_Estuaries","1996.65229295003-01-01","Chevalier Bay","Ammonium",6.16,"ppm",25.7125,-81.207,0.8
"6114","...94185","FIU_Estuaries","1996.65229295003-01-01","Alligator Bay","Ammonium",4.97,"ppm",25.67017,-81.16867,1
"6115","...94200","FIU_Estuaries","1996.65503080082-01-01","Faka Union River","Ammonium",55.79,"ppm",25.9,-81.516,1
"6116","...94215","FIU_Estuaries","1996.65503080082-01-01","Blackwater River","Ammonium",5.985,"ppm",25.9298,-81.60032,0.8
"6117","...94230","FIU_Estuaries","1996.69883641342-01-01","Highway Creek","Ammonium",43.96,"ppm",25.2536,-80.44415,0.855555555555556
"6118","...94245","FIU_Estuaries","1996.7015742642-01-01","Garfield Bight","Ammonium",146.93,"ppm",25.15048,-80.80922,0.905555555555556
"6119","...94260","FIU_Estuaries","1996.73169062286-01-01","Chokoloskee","Ammonium",9.485,"ppm",25.8075,-81.3495,0.8
"6120","...94275","FIU_Estuaries","1996.73169062286-01-01","Rabbit Key Pass","Ammonium",6.405,"ppm",25.77,-81.38333,1
"6121","...94290","FIU_Estuaries","1996.73169062286-01-01","Lopez Bay","Ammonium",25.76,"ppm",25.78417,-81.33217,1
"6122","...94305","FIU_Estuaries","1996.73169062286-01-01","Sunday Bay","Ammonium",9.59,"ppm",25.796,-81.28,1
"6123","...94320","FIU_Estuaries","1996.73169062286-01-01","Huston Bay","Ammonium",10.29,"ppm",25.753,-81.2555,1
"6124","...94335","FIU_Estuaries","1996.73169062286-01-01","Upper Chatham River","Ammonium",10.605,"ppm",25.7175,-81.2305,1
"6125","...94350","FIU_Estuaries","1996.73169062286-01-01","Huston River","Ammonium",12.95,"ppm",25.73133,-81.28467,1
"6126","...94365","FIU_Estuaries","1996.73169062286-01-01","Chevalier Bay","Ammonium",11.165,"ppm",25.7125,-81.207,0.8
"6127","...94380","FIU_Estuaries","1996.73169062286-01-01","Alligator Bay","Ammonium",11.06,"ppm",25.67017,-81.16867,1
"6128","...94395","FIU_Estuaries","1996.73442847365-01-01","Faka Union River","Ammonium",8.155,"ppm",25.9,-81.516,1
"6129","...94410","FIU_Estuaries","1996.73442847365-01-01","Blackwater River","Ammonium",10.64,"ppm",25.9298,-81.60032,0.8
"6130","...94425","FIU_Estuaries","1996.78370978782-01-01","Highway Creek","Ammonium",16.59,"ppm",25.2536,-80.44415,0.855555555555556
"6131","...94440","FIU_Estuaries","1996.7864476386-01-01","Garfield Bight","Ammonium",393.47,"ppm",25.15048,-80.80922,0.905555555555556
"6132","...94455","FIU_Estuaries","1996.80561259411-01-01","Chokoloskee","Ammonium",15.925,"ppm",25.8075,-81.3495,0.8
"6133","...94470","FIU_Estuaries","1996.80561259411-01-01","Rabbit Key Pass","Ammonium",5.25,"ppm",25.77,-81.38333,1
"6134","...94485","FIU_Estuaries","1996.80561259411-01-01","Lopez Bay","Ammonium",5.635,"ppm",25.78417,-81.33217,1
"6135","...94500","FIU_Estuaries","1996.80561259411-01-01","Sunday Bay","Ammonium",17.605,"ppm",25.796,-81.28,1
"6136","...94515","FIU_Estuaries","1996.80561259411-01-01","Huston Bay","Ammonium",17.36,"ppm",25.753,-81.2555,1
"6137","...94530","FIU_Estuaries","1996.80561259411-01-01","Upper Chatham River","Ammonium",20.825,"ppm",25.7175,-81.2305,1
"6138","...94545","FIU_Estuaries","1996.80561259411-01-01","Huston River","Ammonium",12.67,"ppm",25.73133,-81.28467,1
"6139","...94560","FIU_Estuaries","1996.80561259411-01-01","Chevalier Bay","Ammonium",11.55,"ppm",25.7125,-81.207,0.8
"6140","...94575","FIU_Estuaries","1996.80561259411-01-01","Alligator Bay","Ammonium",8.54,"ppm",25.67017,-81.16867,1
"6141","...94590","FIU_Estuaries","1996.8083504449-01-01","Faka Union River","Ammonium",28.595,"ppm",25.9,-81.516,1
"6142","...94605","FIU_Estuaries","1996.8083504449-01-01","Blackwater River","Ammonium",23.205,"ppm",25.9298,-81.60032,0.8
"6143","...94620","FIU_Estuaries","1996.85215605749-01-01","Highway Creek","Ammonium",32.095,"ppm",25.2536,-80.44415,0.855555555555556
"6144","...94635","FIU_Estuaries","1996.84941820671-01-01","Garfield Bight","Ammonium",480.97,"ppm",25.15048,-80.80922,0.905555555555556
"6145","...94650","FIU_Estuaries","1996.90143737166-01-01","Chokoloskee","Ammonium",10.15,"ppm",25.8075,-81.3495,0.8
"6146","...94665","FIU_Estuaries","1996.90143737166-01-01","Rabbit Key Pass","Ammonium",17.5,"ppm",25.77,-81.38333,1
"6147","...94680","FIU_Estuaries","1996.90143737166-01-01","Lopez Bay","Ammonium",12.53,"ppm",25.78417,-81.33217,1
"6148","...94695","FIU_Estuaries","1996.90143737166-01-01","Sunday Bay","Ammonium",35.42,"ppm",25.796,-81.28,1
"6149","...94710","FIU_Estuaries","1996.90143737166-01-01","Huston Bay","Ammonium",9.66,"ppm",25.753,-81.2555,1
"6150","...94725","FIU_Estuaries","1996.90143737166-01-01","Upper Chatham River","Ammonium",13.44,"ppm",25.7175,-81.2305,1
"6151","...94740","FIU_Estuaries","1996.90143737166-01-01","Huston River","Ammonium",22.925,"ppm",25.73133,-81.28467,1
"6152","...94755","FIU_Estuaries","1996.90143737166-01-01","Chevalier Bay","Ammonium",9.66,"ppm",25.7125,-81.207,0.8
"6153","...94770","FIU_Estuaries","1996.90143737166-01-01","Alligator Bay","Ammonium",11.655,"ppm",25.67017,-81.16867,1
"6154","...94785","FIU_Estuaries","1996.90417522245-01-01","Faka Union River","Ammonium",46.235,"ppm",25.9,-81.516,1
"6155","...94800","FIU_Estuaries","1996.90417522245-01-01","Blackwater River","Ammonium",49,"ppm",25.9298,-81.60032,0.8
"6156","...94815","FIU_Estuaries","1996.92607802875-01-01","Highway Creek","Ammonium",62.545,"ppm",25.2536,-80.44415,0.855555555555556
"6157","...94830","FIU_Estuaries","1996.92881587953-01-01","Garfield Bight","Ammonium",384.895,"ppm",25.15048,-80.80922,0.905555555555556
"6158","...94845","FIU_Estuaries","1996.94250513347-01-01","Chokoloskee","Ammonium",6.3,"ppm",25.8075,-81.3495,0.8
"6159","...94860","FIU_Estuaries","1996.94250513347-01-01","Rabbit Key Pass","Ammonium",7.245,"ppm",25.77,-81.38333,1
"6160","...94875","FIU_Estuaries","1996.94250513347-01-01","Lopez Bay","Ammonium",7.805,"ppm",25.78417,-81.33217,1
"6161","...94890","FIU_Estuaries","1996.94250513347-01-01","Sunday Bay","Ammonium",30.905,"ppm",25.796,-81.28,1
"6162","...94905","FIU_Estuaries","1996.94250513347-01-01","Huston Bay","Ammonium",25.9,"ppm",25.753,-81.2555,1
"6163","...94920","FIU_Estuaries","1996.94250513347-01-01","Upper Chatham River","Ammonium",30.765,"ppm",25.7175,-81.2305,1
"6164","...94935","FIU_Estuaries","1996.94250513347-01-01","Huston River","Ammonium",35.77,"ppm",25.73133,-81.28467,1
"6165","...94950","FIU_Estuaries","1996.94250513347-01-01","Chevalier Bay","Ammonium",7.805,"ppm",25.7125,-81.207,0.8
"6166","...94965","FIU_Estuaries","1996.94250513347-01-01","Alligator Bay","Ammonium",9.24,"ppm",25.67017,-81.16867,1
"6167","...94980","FIU_Estuaries","1996.94524298426-01-01","Faka Union River","Ammonium",11.795,"ppm",25.9,-81.516,1
"6168","...94995","FIU_Estuaries","1996.94524298426-01-01","Blackwater River","Ammonium",42.14,"ppm",25.9298,-81.60032,0.8
"6169","...95010","FIU_Estuaries","1997.01642710472-01-01","Highway Creek","Ammonium",28.595,"ppm",25.2536,-80.44415,0.855555555555556
"6170","...95025","FIU_Estuaries","1997.01916495551-01-01","Garfield Bight","Ammonium",6.65,"ppm",25.15048,-80.80922,0.905555555555556
"6171","...95040","FIU_Estuaries","1997.07939767283-01-01","Chokoloskee","Ammonium",6.65,"ppm",25.8075,-81.3495,0.8
"6172","...95055","FIU_Estuaries","1997.07939767283-01-01","Rabbit Key Pass","Ammonium",4.935,"ppm",25.77,-81.38333,1
"6173","...95070","FIU_Estuaries","1997.07939767283-01-01","Lopez Bay","Ammonium",14.175,"ppm",25.78417,-81.33217,1
"6174","...95085","FIU_Estuaries","1997.07939767283-01-01","Sunday Bay","Ammonium",27.16,"ppm",25.796,-81.28,1
"6175","...95100","FIU_Estuaries","1997.07939767283-01-01","Huston Bay","Ammonium",48.335,"ppm",25.753,-81.2555,1
"6176","...95115","FIU_Estuaries","1997.07939767283-01-01","Upper Chatham River","Ammonium",59.92,"ppm",25.7175,-81.2305,1
"6177","...95130","FIU_Estuaries","1997.07939767283-01-01","Huston River","Ammonium",29.785,"ppm",25.73133,-81.28467,1
"6178","...95145","FIU_Estuaries","1997.07939767283-01-01","Chevalier Bay","Ammonium",38.01,"ppm",25.7125,-81.207,0.8
"6179","...95160","FIU_Estuaries","1997.07939767283-01-01","Alligator Bay","Ammonium",18.55,"ppm",25.67017,-81.16867,1
"6180","...95175","FIU_Estuaries","1997.08213552361-01-01","Faka Union River","Ammonium",43.96,"ppm",25.9,-81.516,1
"6181","...95190","FIU_Estuaries","1997.08213552361-01-01","Blackwater River","Ammonium",84.525,"ppm",25.9298,-81.60032,0.8
"6182","...95205","FIU_Estuaries","1997.12046543463-01-01","Highway Creek","Ammonium",25.48,"ppm",25.2536,-80.44415,0.855555555555556
"6183","...95220","FIU_Estuaries","1997.12320328542-01-01","Garfield Bight","Ammonium",278.74,"ppm",25.15048,-80.80922,0.905555555555556
"6184","...95235","FIU_Estuaries","1997.15605749487-01-01","Chokoloskee","Ammonium",8.19,"ppm",25.8075,-81.3495,0.8
"6185","...95250","FIU_Estuaries","1997.15605749487-01-01","Rabbit Key Pass","Ammonium",4.025,"ppm",25.77,-81.38333,1
"6186","...95265","FIU_Estuaries","1997.15605749487-01-01","Lopez Bay","Ammonium",16.275,"ppm",25.78417,-81.33217,1
"6187","...95280","FIU_Estuaries","1997.15605749487-01-01","Sunday Bay","Ammonium",15.785,"ppm",25.796,-81.28,1
"6188","...95295","FIU_Estuaries","1997.15605749487-01-01","Huston Bay","Ammonium",34.055,"ppm",25.753,-81.2555,1
"6189","...95310","FIU_Estuaries","1997.15605749487-01-01","Upper Chatham River","Ammonium",45.57,"ppm",25.7175,-81.2305,1
"6190","...95325","FIU_Estuaries","1997.15605749487-01-01","Huston River","Ammonium",14.595,"ppm",25.73133,-81.28467,1
"6191","...95340","FIU_Estuaries","1997.15605749487-01-01","Chevalier Bay","Ammonium",21.98,"ppm",25.7125,-81.207,0.8
"6192","...95355","FIU_Estuaries","1997.15605749487-01-01","Alligator Bay","Ammonium",24.395,"ppm",25.67017,-81.16867,1
"6193","...95370","FIU_Estuaries","1997.15879534565-01-01","Faka Union River","Ammonium",39.585,"ppm",25.9,-81.516,1
"6194","...95385","FIU_Estuaries","1997.15879534565-01-01","Blackwater River","Ammonium",25.725,"ppm",25.9298,-81.60032,0.8
"6195","...95400","FIU_Estuaries","1997.19438740589-01-01","Highway Creek","Ammonium",88.235,"ppm",25.2536,-80.44415,0.855555555555556
"6196","...95415","FIU_Estuaries","1997.1916495551-01-01","Garfield Bight","Ammonium",651.105,"ppm",25.15048,-80.80922,0.905555555555556
"6197","...95430","FIU_Estuaries","1997.23271731691-01-01","Chokoloskee","Ammonium",1.96,"ppm",25.8075,-81.3495,0.8
"6198","...95445","FIU_Estuaries","1997.23271731691-01-01","Rabbit Key Pass","Ammonium",7.07,"ppm",25.77,-81.38333,1
"6199","...95460","FIU_Estuaries","1997.23271731691-01-01","Lopez Bay","Ammonium",6.825,"ppm",25.78417,-81.33217,1
"6200","...95475","FIU_Estuaries","1997.23271731691-01-01","Sunday Bay","Ammonium",23.38,"ppm",25.796,-81.28,1
"6201","...95490","FIU_Estuaries","1997.23271731691-01-01","Huston Bay","Ammonium",10.78,"ppm",25.753,-81.2555,1
"6202","...95505","FIU_Estuaries","1997.23271731691-01-01","Upper Chatham River","Ammonium",8.68,"ppm",25.7175,-81.2305,1
"6203","...95520","FIU_Estuaries","1997.23271731691-01-01","Huston River","Ammonium",9.275,"ppm",25.73133,-81.28467,1
"6204","...95535","FIU_Estuaries","1997.23271731691-01-01","Chevalier Bay","Ammonium",8.54,"ppm",25.7125,-81.207,0.8
"6205","...95550","FIU_Estuaries","1997.23271731691-01-01","Alligator Bay","Ammonium",27.23,"ppm",25.67017,-81.16867,1
"6206","...95565","FIU_Estuaries","1997.23545516769-01-01","Faka Union River","Ammonium",27.16,"ppm",25.9,-81.516,1
"6207","...95580","FIU_Estuaries","1997.23545516769-01-01","Blackwater River","Ammonium",21.035,"ppm",25.9298,-81.60032,0.8
"6208","...95595","FIU_Estuaries","1997.28473648186-01-01","Highway Creek","Ammonium",126.91,"ppm",25.2536,-80.44415,0.855555555555556
"6209","...95610","FIU_Estuaries","1997.28747433265-01-01","Garfield Bight","Ammonium",424.97,"ppm",25.15048,-80.80922,0.905555555555556
"6210","...95625","FIU_Estuaries","1997.32306639288-01-01","Chokoloskee","Ammonium",9.275,"ppm",25.8075,-81.3495,0.8
"6211","...95640","FIU_Estuaries","1997.32306639288-01-01","Rabbit Key Pass","Ammonium",7.665,"ppm",25.77,-81.38333,1
"6212","...95655","FIU_Estuaries","1997.32306639288-01-01","Lopez Bay","Ammonium",17.885,"ppm",25.78417,-81.33217,1
"6213","...95670","FIU_Estuaries","1997.32306639288-01-01","Sunday Bay","Ammonium",56.035,"ppm",25.796,-81.28,1
"6214","...95685","FIU_Estuaries","1997.32306639288-01-01","Huston Bay","Ammonium",46.025,"ppm",25.753,-81.2555,1
"6215","...95700","FIU_Estuaries","1997.32306639288-01-01","Upper Chatham River","Ammonium",44.52,"ppm",25.7175,-81.2305,1
"6216","...95715","FIU_Estuaries","1997.32306639288-01-01","Huston River","Ammonium",63.21,"ppm",25.73133,-81.28467,1
"6217","...95730","FIU_Estuaries","1997.32306639288-01-01","Chevalier Bay","Ammonium",46.9,"ppm",25.7125,-81.207,0.8
"6218","...95745","FIU_Estuaries","1997.32306639288-01-01","Alligator Bay","Ammonium",18.06,"ppm",25.67017,-81.16867,1
"6219","...95760","FIU_Estuaries","1997.32580424367-01-01","Faka Union River","Ammonium",22.54,"ppm",25.9,-81.516,1
"6220","...95775","FIU_Estuaries","1997.32580424367-01-01","Blackwater River","Ammonium",15.19,"ppm",25.9298,-81.60032,0.8
"6221","...95790","FIU_Estuaries","1997.38877481177-01-01","Highway Creek","Ammonium",489.335,"ppm",25.2536,-80.44415,0.855555555555556
"6222","...95805","FIU_Estuaries","1997.38603696099-01-01","Garfield Bight","Ammonium",33.215,"ppm",25.15048,-80.80922,0.905555555555556
"6223","...95820","FIU_Estuaries","1997.3832991102-01-01","Chokoloskee","Ammonium",6.58,"ppm",25.8075,-81.3495,0.8
"6224","...95835","FIU_Estuaries","1997.3832991102-01-01","Rabbit Key Pass","Ammonium",7.035,"ppm",25.77,-81.38333,1
"6225","...95850","FIU_Estuaries","1997.3832991102-01-01","Lopez Bay","Ammonium",5.74,"ppm",25.78417,-81.33217,1
"6226","...95865","FIU_Estuaries","1997.3832991102-01-01","Sunday Bay","Ammonium",21.77,"ppm",25.796,-81.28,1
"6227","...95880","FIU_Estuaries","1997.3832991102-01-01","Huston Bay","Ammonium",5.39,"ppm",25.753,-81.2555,1
"6228","...95895","FIU_Estuaries","1997.3832991102-01-01","Upper Chatham River","Ammonium",4.55,"ppm",25.7175,-81.2305,1
"6229","...95910","FIU_Estuaries","1997.3832991102-01-01","Huston River","Ammonium",3.57,"ppm",25.73133,-81.28467,1
"6230","...95925","FIU_Estuaries","1997.3832991102-01-01","Chevalier Bay","Ammonium",4.97,"ppm",25.7125,-81.207,0.8
"6231","...95940","FIU_Estuaries","1997.3832991102-01-01","Alligator Bay","Ammonium",9.87,"ppm",25.67017,-81.16867,1
"6232","...95955","FIU_Estuaries","1997.38603696099-01-01","Faka Union River","Ammonium",24.71,"ppm",25.9,-81.516,1
"6233","...95970","FIU_Estuaries","1997.38603696099-01-01","Blackwater River","Ammonium",5.04,"ppm",25.9298,-81.60032,0.8
"6234","...95985","FIU_Estuaries","1997.44079397673-01-01","Highway Creek","Ammonium",39.27,"ppm",25.2536,-80.44415,0.855555555555556
"6235","...96000","FIU_Estuaries","1997.44353182752-01-01","Garfield Bight","Ammonium",152.985,"ppm",25.15048,-80.80922,0.905555555555556
"6236","...96015","FIU_Estuaries","1997.48186173854-01-01","Chokoloskee","Ammonium",8.26,"ppm",25.8075,-81.3495,0.8
"6237","...96030","FIU_Estuaries","1997.48186173854-01-01","Rabbit Key Pass","Ammonium",13.86,"ppm",25.77,-81.38333,1
"6238","...96045","FIU_Estuaries","1997.48459958932-01-01","Lopez Bay","Ammonium",13.65,"ppm",25.78417,-81.33217,1
"6239","...96060","FIU_Estuaries","1997.48459958932-01-01","Sunday Bay","Ammonium",60.025,"ppm",25.796,-81.28,1
"6240","...96075","FIU_Estuaries","1997.48459958932-01-01","Huston Bay","Ammonium",28.035,"ppm",25.753,-81.2555,1
"6241","...96090","FIU_Estuaries","1997.48459958932-01-01","Upper Chatham River","Ammonium",49.07,"ppm",25.7175,-81.2305,1
"6242","...96105","FIU_Estuaries","1997.48459958932-01-01","Huston River","Ammonium",10.36,"ppm",25.73133,-81.28467,1
"6243","...96120","FIU_Estuaries","1997.48459958932-01-01","Chevalier Bay","Ammonium",9.905,"ppm",25.7125,-81.207,0.8
"6244","...96135","FIU_Estuaries","1997.48459958932-01-01","Alligator Bay","Ammonium",24.675,"ppm",25.67017,-81.16867,1
"6245","...96150","FIU_Estuaries","1997.48186173854-01-01","Faka Union River","Ammonium",52.36,"ppm",25.9,-81.516,1
"6246","...96165","FIU_Estuaries","1997.48186173854-01-01","Blackwater River","Ammonium",17.85,"ppm",25.9298,-81.60032,0.8
"6247","...96180","FIU_Estuaries","1997.51745379877-01-01","Highway Creek","Ammonium",78.05,"ppm",25.2536,-80.44415,0.855555555555556
"6248","...96195","FIU_Estuaries","1997.52019164956-01-01","Garfield Bight","Ammonium",3.395,"ppm",25.15048,-80.80922,0.905555555555556
"6249","...96210","FIU_Estuaries","1997.57768651608-01-01","Chokoloskee","Ammonium",29.82,"ppm",25.8075,-81.3495,0.8
"6250","...96225","FIU_Estuaries","1997.57768651608-01-01","Rabbit Key Pass","Ammonium",3.99,"ppm",25.77,-81.38333,1
"6251","...96240","FIU_Estuaries","1997.57768651608-01-01","Lopez Bay","Ammonium",70.56,"ppm",25.78417,-81.33217,1
"6252","...96255","FIU_Estuaries","1997.57768651608-01-01","Sunday Bay","Ammonium",26.18,"ppm",25.796,-81.28,1
"6253","...96270","FIU_Estuaries","1997.57768651608-01-01","Huston Bay","Ammonium",67.83,"ppm",25.753,-81.2555,1
"6254","...96285","FIU_Estuaries","1997.57768651608-01-01","Upper Chatham River","Ammonium",133.525,"ppm",25.7175,-81.2305,1
"6255","...96300","FIU_Estuaries","1997.57768651608-01-01","Huston River","Ammonium",66.395,"ppm",25.73133,-81.28467,1
"6256","...96315","FIU_Estuaries","1997.57768651608-01-01","Chevalier Bay","Ammonium",68.67,"ppm",25.7125,-81.207,0.8
"6257","...96330","FIU_Estuaries","1997.57768651608-01-01","Alligator Bay","Ammonium",8.435,"ppm",25.67017,-81.16867,1
"6258","...96345","FIU_Estuaries","1997.5749486653-01-01","Faka Union River","Ammonium",18.48,"ppm",25.9,-81.516,1
"6259","...96360","FIU_Estuaries","1997.5749486653-01-01","Blackwater River","Ammonium",79.485,"ppm",25.9298,-81.60032,0.8
"6260","...96375","FIU_Estuaries","1997.63244353183-01-01","Highway Creek","Ammonium",39.69,"ppm",25.2536,-80.44415,0.855555555555556
"6261","...96390","FIU_Estuaries","1997.63244353183-01-01","Garfield Bight","Ammonium",8.12,"ppm",25.15048,-80.80922,0.905555555555556
"6262","...96405","FIU_Estuaries","1997.65434633812-01-01","Chokoloskee","Ammonium",29.575,"ppm",25.8075,-81.3495,0.8
"6263","...96420","FIU_Estuaries","1997.65434633812-01-01","Rabbit Key Pass","Ammonium",3.99,"ppm",25.77,-81.38333,1
"6264","...96435","FIU_Estuaries","1997.65434633812-01-01","Lopez Bay","Ammonium",37.87,"ppm",25.78417,-81.33217,1
"6265","...96450","FIU_Estuaries","1997.65434633812-01-01","Sunday Bay","Ammonium",23.975,"ppm",25.796,-81.28,1
"6266","...96465","FIU_Estuaries","1997.65434633812-01-01","Huston Bay","Ammonium",30.94,"ppm",25.753,-81.2555,1
"6267","...96480","FIU_Estuaries","1997.65434633812-01-01","Upper Chatham River","Ammonium",46.9,"ppm",25.7175,-81.2305,1
"6268","...96495","FIU_Estuaries","1997.65434633812-01-01","Huston River","Ammonium",66.29,"ppm",25.73133,-81.28467,1
"6269","...96510","FIU_Estuaries","1997.65434633812-01-01","Chevalier Bay","Ammonium",24.08,"ppm",25.7125,-81.207,0.8
"6270","...96525","FIU_Estuaries","1997.65434633812-01-01","Alligator Bay","Ammonium",23.415,"ppm",25.67017,-81.16867,1
"6271","...96540","FIU_Estuaries","1997.65708418891-01-01","Faka Union River","Ammonium",36.785,"ppm",25.9,-81.516,1
"6272","...96555","FIU_Estuaries","1997.65708418891-01-01","Blackwater River","Ammonium",66.15,"ppm",25.9298,-81.60032,0.8
"6273","...96570","FIU_Estuaries","1997.68720054757-01-01","Highway Creek","Ammonium",20.195,"ppm",25.2536,-80.44415,0.855555555555556
"6274","...96585","FIU_Estuaries","1997.68993839836-01-01","Garfield Bight","Ammonium",10.78,"ppm",25.15048,-80.80922,0.905555555555556
"6275","...96600","FIU_Estuaries","1997.73100616016-01-01","Chokoloskee","Ammonium",100.73,"ppm",25.8075,-81.3495,0.8
"6276","...96615","FIU_Estuaries","1997.73100616016-01-01","Rabbit Key Pass","Ammonium",59.22,"ppm",25.77,-81.38333,1
"6277","...96630","FIU_Estuaries","1997.73100616016-01-01","Lopez Bay","Ammonium",84.455,"ppm",25.78417,-81.33217,1
"6278","...96645","FIU_Estuaries","1997.73100616016-01-01","Sunday Bay","Ammonium",42.735,"ppm",25.796,-81.28,1
"6279","...96660","FIU_Estuaries","1997.73100616016-01-01","Huston Bay","Ammonium",62.86,"ppm",25.753,-81.2555,1
"6280","...96675","FIU_Estuaries","1997.73100616016-01-01","Upper Chatham River","Ammonium",46.06,"ppm",25.7175,-81.2305,1
"6281","...96690","FIU_Estuaries","1997.73100616016-01-01","Huston River","Ammonium",46.06,"ppm",25.73133,-81.28467,1
"6282","...96705","FIU_Estuaries","1997.73100616016-01-01","Chevalier Bay","Ammonium",91.665,"ppm",25.7125,-81.207,0.8
"6283","...96720","FIU_Estuaries","1997.73100616016-01-01","Alligator Bay","Ammonium",74.305,"ppm",25.67017,-81.16867,1
"6284","...96735","FIU_Estuaries","1997.73374401095-01-01","Faka Union River","Ammonium",25.725,"ppm",25.9,-81.516,1
"6285","...96750","FIU_Estuaries","1997.73374401095-01-01","Blackwater River","Ammonium",15.225,"ppm",25.9298,-81.60032,0.8
"6286","...96765","FIU_Estuaries","1997.80492813142-01-01","Highway Creek","Ammonium",27.405,"ppm",25.2536,-80.44415,0.855555555555556
"6287","...96780","FIU_Estuaries","1997.80219028063-01-01","Garfield Bight","Ammonium",9.38,"ppm",25.15048,-80.80922,0.905555555555556
"6288","...96795","FIU_Estuaries","1997.8076659822-01-01","Chokoloskee","Ammonium",18.34,"ppm",25.8075,-81.3495,0.8
"6289","...96810","FIU_Estuaries","1997.8076659822-01-01","Rabbit Key Pass","Ammonium",23.485,"ppm",25.77,-81.38333,1
"6290","...96825","FIU_Estuaries","1997.8076659822-01-01","Lopez Bay","Ammonium",23.625,"ppm",25.78417,-81.33217,1
"6291","...96840","FIU_Estuaries","1997.8076659822-01-01","Sunday Bay","Ammonium",14,"ppm",25.796,-81.28,1
"6292","...96855","FIU_Estuaries","1997.8076659822-01-01","Huston Bay","Ammonium",14.805,"ppm",25.753,-81.2555,1
"6293","...96870","FIU_Estuaries","1997.8076659822-01-01","Upper Chatham River","Ammonium",25.095,"ppm",25.7175,-81.2305,1
"6294","...96885","FIU_Estuaries","1997.8076659822-01-01","Huston River","Ammonium",17.92,"ppm",25.73133,-81.28467,1
"6295","...96900","FIU_Estuaries","1997.8076659822-01-01","Chevalier Bay","Ammonium",17.08,"ppm",25.7125,-81.207,0.8
"6296","...96915","FIU_Estuaries","1997.8076659822-01-01","Alligator Bay","Ammonium",11.235,"ppm",25.67017,-81.16867,1
"6297","...96930","FIU_Estuaries","1997.81040383299-01-01","Faka Union River","Ammonium",7.035,"ppm",25.9,-81.516,1
"6298","...96945","FIU_Estuaries","1997.81040383299-01-01","Blackwater River","Ammonium",13.895,"ppm",25.9298,-81.60032,0.8
"6299","...96960","FIU_Estuaries","1997.89527720739-01-01","Highway Creek","Ammonium",33.88,"ppm",25.2536,-80.44415,0.855555555555556
"6300","...96975","FIU_Estuaries","1997.89801505818-01-01","Garfield Bight","Ammonium",158.97,"ppm",25.15048,-80.80922,0.905555555555556
"6301","...96990","FIU_Estuaries","1997.88432580424-01-01","Chokoloskee","Ammonium",10.465,"ppm",25.8075,-81.3495,0.8
"6302","...97005","FIU_Estuaries","1997.88432580424-01-01","Rabbit Key Pass","Ammonium",7.07,"ppm",25.77,-81.38333,1
"6303","...97020","FIU_Estuaries","1997.88432580424-01-01","Lopez Bay","Ammonium",25.025,"ppm",25.78417,-81.33217,1
"6304","...97035","FIU_Estuaries","1997.88432580424-01-01","Sunday Bay","Ammonium",24.78,"ppm",25.796,-81.28,1
"6305","...97050","FIU_Estuaries","1997.88432580424-01-01","Huston Bay","Ammonium",12.355,"ppm",25.753,-81.2555,1
"6306","...97065","FIU_Estuaries","1997.88432580424-01-01","Upper Chatham River","Ammonium",38.08,"ppm",25.7175,-81.2305,1
"6307","...97080","FIU_Estuaries","1997.88432580424-01-01","Huston River","Ammonium",13.44,"ppm",25.73133,-81.28467,1
"6308","...97095","FIU_Estuaries","1997.88432580424-01-01","Chevalier Bay","Ammonium",41.475,"ppm",25.7125,-81.207,0.8
"6309","...97110","FIU_Estuaries","1997.88432580424-01-01","Alligator Bay","Ammonium",17.255,"ppm",25.67017,-81.16867,1
"6310","...97125","FIU_Estuaries","1997.88706365503-01-01","Faka Union River","Ammonium",31.99,"ppm",25.9,-81.516,1
"6311","...97140","FIU_Estuaries","1997.88706365503-01-01","Blackwater River","Ammonium",58.905,"ppm",25.9298,-81.60032,0.8
"6312","...97155","FIU_Estuaries","1997.94182067077-01-01","Highway Creek","Ammonium",17.745,"ppm",25.2536,-80.44415,0.855555555555556
"6313","...97170","FIU_Estuaries","1997.94455852156-01-01","Garfield Bight","Ammonium",95.725,"ppm",25.15048,-80.80922,0.905555555555556
"6314","...97185","FIU_Estuaries","1997.94455852156-01-01","Chokoloskee","Ammonium",11.305,"ppm",25.8075,-81.3495,0.8
"6315","...97200","FIU_Estuaries","1997.94455852156-01-01","Rabbit Key Pass","Ammonium",3.71,"ppm",25.77,-81.38333,1
"6316","...97215","FIU_Estuaries","1997.94455852156-01-01","Lopez Bay","Ammonium",31.255,"ppm",25.78417,-81.33217,1
"6317","...97230","FIU_Estuaries","1997.94455852156-01-01","Sunday Bay","Ammonium",9.8,"ppm",25.796,-81.28,1
"6318","...97245","FIU_Estuaries","1997.94455852156-01-01","Huston Bay","Ammonium",19.04,"ppm",25.753,-81.2555,1
"6319","...97260","FIU_Estuaries","1997.94455852156-01-01","Upper Chatham River","Ammonium",35.595,"ppm",25.7175,-81.2305,1
"6320","...97275","FIU_Estuaries","1997.94455852156-01-01","Huston River","Ammonium",20.93,"ppm",25.73133,-81.28467,1
"6321","...97290","FIU_Estuaries","1997.94455852156-01-01","Chevalier Bay","Ammonium",46.935,"ppm",25.7125,-81.207,0.8
"6322","...97305","FIU_Estuaries","1997.94455852156-01-01","Alligator Bay","Ammonium",7.84,"ppm",25.67017,-81.16867,1
"6323","...97320","FIU_Estuaries","1997.94182067077-01-01","Faka Union River","Ammonium",14.98,"ppm",25.9,-81.516,1
"6324","...97335","FIU_Estuaries","1997.94182067077-01-01","Blackwater River","Ammonium",38.15,"ppm",25.9298,-81.60032,0.8
"6325","...97350","FIU_Estuaries","1998.05133470226-01-01","Highway Creek","Ammonium",33.53,"ppm",25.2536,-80.44415,0.855555555555556
"6326","...97365","FIU_Estuaries","1998.05407255305-01-01","Garfield Bight","Ammonium",208.32,"ppm",25.15048,-80.80922,0.905555555555556
"6327","...97380","FIU_Estuaries","1998.05681040383-01-01","Chokoloskee","Ammonium",30.065,"ppm",25.8075,-81.3495,0.8
"6328","...97395","FIU_Estuaries","1998.05681040383-01-01","Rabbit Key Pass","Ammonium",4.725,"ppm",25.77,-81.38333,1
"6329","...97410","FIU_Estuaries","1998.05681040383-01-01","Lopez Bay","Ammonium",27.37,"ppm",25.78417,-81.33217,1
"6330","...97425","FIU_Estuaries","1998.05681040383-01-01","Sunday Bay","Ammonium",28.875,"ppm",25.796,-81.28,1
"6331","...97440","FIU_Estuaries","1998.05681040383-01-01","Huston Bay","Ammonium",13.72,"ppm",25.753,-81.2555,1
"6332","...97455","FIU_Estuaries","1998.05681040383-01-01","Upper Chatham River","Ammonium",9.135,"ppm",25.7175,-81.2305,1
"6333","...97470","FIU_Estuaries","1998.05681040383-01-01","Huston River","Ammonium",13.405,"ppm",25.73133,-81.28467,1
"6334","...97485","FIU_Estuaries","1998.05681040383-01-01","Chevalier Bay","Ammonium",10.745,"ppm",25.7125,-81.207,0.8
"6335","...97500","FIU_Estuaries","1998.05681040383-01-01","Alligator Bay","Ammonium",12.845,"ppm",25.67017,-81.16867,1
"6336","...97515","FIU_Estuaries","1998.05954825462-01-01","Faka Union River","Ammonium",46.095,"ppm",25.9,-81.516,1
"6337","...97530","FIU_Estuaries","1998.05954825462-01-01","Blackwater River","Ammonium",57.155,"ppm",25.9298,-81.60032,0.8
"6338","...97545","FIU_Estuaries","1998.1279945243-01-01","Highway Creek","Ammonium",16.24,"ppm",25.2536,-80.44415,0.855555555555556
"6339","...97560","FIU_Estuaries","1998.13073237509-01-01","Garfield Bight","Ammonium",327.285,"ppm",25.15048,-80.80922,0.905555555555556
"6340","...97575","FIU_Estuaries","1998.13347022587-01-01","Chokoloskee","Ammonium",25.97,"ppm",25.8075,-81.3495,0.8
"6341","...97590","FIU_Estuaries","1998.13347022587-01-01","Rabbit Key Pass","Ammonium",2.59,"ppm",25.77,-81.38333,1
"6342","...97605","FIU_Estuaries","1998.13347022587-01-01","Lopez Bay","Ammonium",24.99,"ppm",25.78417,-81.33217,1
"6343","...97620","FIU_Estuaries","1998.13347022587-01-01","Sunday Bay","Ammonium",17.675,"ppm",25.796,-81.28,1
"6344","...97635","FIU_Estuaries","1998.13347022587-01-01","Huston Bay","Ammonium",17.92,"ppm",25.753,-81.2555,1
"6345","...97650","FIU_Estuaries","1998.13347022587-01-01","Upper Chatham River","Ammonium",43.05,"ppm",25.7175,-81.2305,1
"6346","...97665","FIU_Estuaries","1998.13347022587-01-01","Huston River","Ammonium",8.4,"ppm",25.73133,-81.28467,1
"6347","...97680","FIU_Estuaries","1998.13347022587-01-01","Chevalier Bay","Ammonium",66.325,"ppm",25.7125,-81.207,0.8
"6348","...97695","FIU_Estuaries","1998.13347022587-01-01","Alligator Bay","Ammonium",10.255,"ppm",25.67017,-81.16867,1
"6349","...97710","FIU_Estuaries","1998.13620807666-01-01","Faka Union River","Ammonium",51.695,"ppm",25.9,-81.516,1
"6350","...97725","FIU_Estuaries","1998.13620807666-01-01","Blackwater River","Ammonium",65.975,"ppm",25.9298,-81.60032,0.8
"6351","...97740","FIU_Estuaries","1998.21013004791-01-01","Highway Creek","Ammonium",18.515,"ppm",25.2536,-80.44415,0.855555555555556
"6352","...97755","FIU_Estuaries","1998.2128678987-01-01","Garfield Bight","Ammonium",585.76,"ppm",25.15048,-80.80922,0.905555555555556
"6353","...97770","FIU_Estuaries","1998.1909650924-01-01","Chokoloskee","Ammonium",10.29,"ppm",25.8075,-81.3495,0.8
"6354","...97785","FIU_Estuaries","1998.1909650924-01-01","Rabbit Key Pass","Ammonium",6.965,"ppm",25.77,-81.38333,1
"6355","...97800","FIU_Estuaries","1998.1909650924-01-01","Lopez Bay","Ammonium",10.57,"ppm",25.78417,-81.33217,1
"6356","...97815","FIU_Estuaries","1998.1909650924-01-01","Sunday Bay","Ammonium",7.56,"ppm",25.796,-81.28,1
"6357","...97830","FIU_Estuaries","1998.1909650924-01-01","Huston Bay","Ammonium",17.22,"ppm",25.753,-81.2555,1
"6358","...97845","FIU_Estuaries","1998.1909650924-01-01","Upper Chatham River","Ammonium",10.92,"ppm",25.7175,-81.2305,1
"6359","...97860","FIU_Estuaries","1998.1909650924-01-01","Huston River","Ammonium",4.725,"ppm",25.73133,-81.28467,1
"6360","...97875","FIU_Estuaries","1998.1909650924-01-01","Chevalier Bay","Ammonium",6.86,"ppm",25.7125,-81.207,0.8
"6361","...97890","FIU_Estuaries","1998.1909650924-01-01","Alligator Bay","Ammonium",5.915,"ppm",25.67017,-81.16867,1
"6362","...97905","FIU_Estuaries","1998.19370294319-01-01","Faka Union River","Ammonium",31.78,"ppm",25.9,-81.516,1
"6363","...97920","FIU_Estuaries","1998.19370294319-01-01","Blackwater River","Ammonium",5.88,"ppm",25.9298,-81.60032,0.8
"6364","...97935","FIU_Estuaries","1998.28131416838-01-01","Highway Creek","Ammonium",15.645,"ppm",25.2536,-80.44415,0.855555555555556
"6365","...97950","FIU_Estuaries","1998.28405201916-01-01","Garfield Bight","Ammonium",637.721266,"ppm",25.15048,-80.80922,0.905555555555556
"6366","...97965","FIU_Estuaries","1998.28678986995-01-01","Chokoloskee","Ammonium",16.87,"ppm",25.8075,-81.3495,0.8
"6367","...97980","FIU_Estuaries","1998.28678986995-01-01","Rabbit Key Pass","Ammonium",5.565,"ppm",25.77,-81.38333,1
"6368","...97995","FIU_Estuaries","1998.28678986995-01-01","Lopez Bay","Ammonium",20.685,"ppm",25.78417,-81.33217,1
"6369","...98010","FIU_Estuaries","1998.28678986995-01-01","Sunday Bay","Ammonium",10.15,"ppm",25.796,-81.28,1
"6370","...98025","FIU_Estuaries","1998.28678986995-01-01","Huston Bay","Ammonium",5.215,"ppm",25.753,-81.2555,1
"6371","...98040","FIU_Estuaries","1998.28678986995-01-01","Upper Chatham River","Ammonium",6.44,"ppm",25.7175,-81.2305,1
"6372","...98055","FIU_Estuaries","1998.28678986995-01-01","Huston River","Ammonium",17.29,"ppm",25.73133,-81.28467,1
"6373","...98070","FIU_Estuaries","1998.28678986995-01-01","Chevalier Bay","Ammonium",8.96,"ppm",25.7125,-81.207,0.8
"6374","...98085","FIU_Estuaries","1998.28678986995-01-01","Alligator Bay","Ammonium",9.94,"ppm",25.67017,-81.16867,1
"6375","...98100","FIU_Estuaries","1998.2977412731-01-01","Faka Union River","Ammonium",28.455,"ppm",25.9,-81.516,1
"6376","...98115","FIU_Estuaries","1998.2977412731-01-01","Blackwater River","Ammonium",21.14,"ppm",25.9298,-81.60032,0.8
"6377","...98130","FIU_Estuaries","1998.3607118412-01-01","Highway Creek","Ammonium",51.205,"ppm",25.2536,-80.44415,0.855555555555556
"6378","...98145","FIU_Estuaries","1998.36344969199-01-01","Garfield Bight","Ammonium",95.305,"ppm",25.15048,-80.80922,0.905555555555556
"6379","...98160","FIU_Estuaries","1998.40177960301-01-01","Chokoloskee","Ammonium",43.015,"ppm",25.8075,-81.3495,0.8
"6380","...98175","FIU_Estuaries","1998.40177960301-01-01","Rabbit Key Pass","Ammonium",12.075,"ppm",25.77,-81.38333,1
"6381","...98190","FIU_Estuaries","1998.40177960301-01-01","Lopez Bay","Ammonium",41.09,"ppm",25.78417,-81.33217,1
"6382","...98205","FIU_Estuaries","1998.40177960301-01-01","Sunday Bay","Ammonium",60.865,"ppm",25.796,-81.28,1
"6383","...98220","FIU_Estuaries","1998.40177960301-01-01","Huston Bay","Ammonium",106.96,"ppm",25.753,-81.2555,1
"6384","...98235","FIU_Estuaries","1998.40177960301-01-01","Upper Chatham River","Ammonium",94.43,"ppm",25.7175,-81.2305,1
"6385","...98250","FIU_Estuaries","1998.40177960301-01-01","Huston River","Ammonium",82.985,"ppm",25.73133,-81.28467,1
"6386","...98265","FIU_Estuaries","1998.40177960301-01-01","Chevalier Bay","Ammonium",67.865,"ppm",25.7125,-81.207,0.8
"6387","...98280","FIU_Estuaries","1998.40177960301-01-01","Alligator Bay","Ammonium",14.28,"ppm",25.67017,-81.16867,1
"6388","...98295","FIU_Estuaries","1998.4045174538-01-01","Faka Union River","Ammonium",124.285,"ppm",25.9,-81.516,1
"6389","...98310","FIU_Estuaries","1998.4045174538-01-01","Blackwater River","Ammonium",149.1,"ppm",25.9298,-81.60032,0.8
"6390","...98325","FIU_Estuaries","1998.43463381246-01-01","Highway Creek","Ammonium",177.345,"ppm",25.2536,-80.44415,0.855555555555556
"6391","...98340","FIU_Estuaries","1998.43737166324-01-01","Garfield Bight","Ammonium",136.29,"ppm",25.15048,-80.80922,0.905555555555556
"6392","...98355","FIU_Estuaries","1998.45653661875-01-01","Chokoloskee","Ammonium",13.16,"ppm",25.8075,-81.3495,0.8
"6393","...98370","FIU_Estuaries","1998.45653661875-01-01","Rabbit Key Pass","Ammonium",7.91,"ppm",25.77,-81.38333,1
"6394","...98385","FIU_Estuaries","1998.45653661875-01-01","Lopez Bay","Ammonium",8.68,"ppm",25.78417,-81.33217,1
"6395","...98400","FIU_Estuaries","1998.45653661875-01-01","Sunday Bay","Ammonium",21.35,"ppm",25.796,-81.28,1
"6396","...98415","FIU_Estuaries","1998.45653661875-01-01","Huston Bay","Ammonium",38.395,"ppm",25.753,-81.2555,1
"6397","...98430","FIU_Estuaries","1998.45653661875-01-01","Upper Chatham River","Ammonium",19.18,"ppm",25.7175,-81.2305,1
"6398","...98445","FIU_Estuaries","1998.45653661875-01-01","Huston River","Ammonium",9.835,"ppm",25.73133,-81.28467,1
"6399","...98460","FIU_Estuaries","1998.45653661875-01-01","Chevalier Bay","Ammonium",6.615,"ppm",25.7125,-81.207,0.8
"6400","...98475","FIU_Estuaries","1998.45653661875-01-01","Alligator Bay","Ammonium",26.81,"ppm",25.67017,-81.16867,1
"6401","...98490","FIU_Estuaries","1998.45927446954-01-01","Faka Union River","Ammonium",27.3,"ppm",25.9,-81.516,1
"6402","...98505","FIU_Estuaries","1998.45927446954-01-01","Blackwater River","Ammonium",20.44,"ppm",25.9298,-81.60032,0.8
"6403","...98520","FIU_Estuaries","1998.53319644079-01-01","Highway Creek","Ammonium",52.15,"ppm",25.2536,-80.44415,0.855555555555556
"6404","...98535","FIU_Estuaries","1998.53045859001-01-01","Garfield Bight","Ammonium",15.68,"ppm",25.15048,-80.80922,0.905555555555556
"6405","...98550","FIU_Estuaries","1998.5742642026-01-01","Chokoloskee","Ammonium",14.07,"ppm",25.8075,-81.3495,0.8
"6406","...98565","FIU_Estuaries","1998.5742642026-01-01","Rabbit Key Pass","Ammonium",9.905,"ppm",25.77,-81.38333,1
"6407","...98580","FIU_Estuaries","1998.5742642026-01-01","Lopez Bay","Ammonium",10.675,"ppm",25.78417,-81.33217,1
"6408","...98595","FIU_Estuaries","1998.5742642026-01-01","Sunday Bay","Ammonium",9.03,"ppm",25.796,-81.28,1
"6409","...98610","FIU_Estuaries","1998.5742642026-01-01","Huston Bay","Ammonium",9.415,"ppm",25.753,-81.2555,1
"6410","...98625","FIU_Estuaries","1998.5742642026-01-01","Upper Chatham River","Ammonium",10.92,"ppm",25.7175,-81.2305,1
"6411","...98640","FIU_Estuaries","1998.5742642026-01-01","Huston River","Ammonium",12.53,"ppm",25.73133,-81.28467,1
"6412","...98655","FIU_Estuaries","1998.5742642026-01-01","Chevalier Bay","Ammonium",8.89,"ppm",25.7125,-81.207,0.8
"6413","...98670","FIU_Estuaries","1998.5742642026-01-01","Alligator Bay","Ammonium",8.89,"ppm",25.67017,-81.16867,1
"6414","...98685","FIU_Estuaries","1998.57700205339-01-01","Faka Union River","Ammonium",24.115,"ppm",25.9,-81.516,1
"6415","...98700","FIU_Estuaries","1998.57700205339-01-01","Blackwater River","Ammonium",22.715,"ppm",25.9298,-81.60032,0.8
"6416","...98715","FIU_Estuaries","1998.62628336756-01-01","Highway Creek","Ammonium",35.49,"ppm",25.2536,-80.44415,0.855555555555556
"6417","...98730","FIU_Estuaries","1998.62902121834-01-01","Garfield Bight","Ammonium",1.68,"ppm",25.15048,-80.80922,0.905555555555556
"6418","...98745","FIU_Estuaries","1998.65092402464-01-01","Chokoloskee","Ammonium",4.305,"ppm",25.8075,-81.3495,0.8
"6419","...98760","FIU_Estuaries","1998.65092402464-01-01","Rabbit Key Pass","Ammonium",3.99,"ppm",25.77,-81.38333,1
"6420","...98775","FIU_Estuaries","1998.65092402464-01-01","Lopez Bay","Ammonium",29.68,"ppm",25.78417,-81.33217,1
"6421","...98790","FIU_Estuaries","1998.65092402464-01-01","Sunday Bay","Ammonium",8.715,"ppm",25.796,-81.28,1
"6422","...98805","FIU_Estuaries","1998.65092402464-01-01","Huston Bay","Ammonium",30.17,"ppm",25.753,-81.2555,1
"6423","...98820","FIU_Estuaries","1998.65092402464-01-01","Upper Chatham River","Ammonium",37.24,"ppm",25.7175,-81.2305,1
"6424","...98835","FIU_Estuaries","1998.65092402464-01-01","Huston River","Ammonium",17.36,"ppm",25.73133,-81.28467,1
"6425","...98850","FIU_Estuaries","1998.65092402464-01-01","Chevalier Bay","Ammonium",7.7,"ppm",25.7125,-81.207,0.8
"6426","...98865","FIU_Estuaries","1998.65092402464-01-01","Alligator Bay","Ammonium",6.86,"ppm",25.67017,-81.16867,1
"6427","...98880","FIU_Estuaries","1998.65366187543-01-01","Faka Union River","Ammonium",51.485,"ppm",25.9,-81.516,1
"6428","...98895","FIU_Estuaries","1998.65366187543-01-01","Blackwater River","Ammonium",39.655,"ppm",25.9298,-81.60032,0.8
"6429","...98910","FIU_Estuaries","1998.71115674196-01-01","Highway Creek","Ammonium",26.705,"ppm",25.2536,-80.44415,0.855555555555556
"6430","...98925","FIU_Estuaries","1998.70841889117-01-01","Garfield Bight","Ammonium",2.555,"ppm",25.15048,-80.80922,0.905555555555556
"6431","...98940","FIU_Estuaries","1998.74127310062-01-01","Highway Creek","Ammonium",30.485,"ppm",25.2536,-80.44415,0.855555555555556
"6432","...98955","FIU_Estuaries","1998.7440109514-01-01","Garfield Bight","Ammonium",66.605,"ppm",25.15048,-80.80922,0.905555555555556
"6433","...98970","FIU_Estuaries","1998.78507871321-01-01","Chokoloskee","Ammonium",50.82,"ppm",25.8075,-81.3495,0.8
"6434","...98985","FIU_Estuaries","1998.78507871321-01-01","Rabbit Key Pass","Ammonium",6.825,"ppm",25.77,-81.38333,1
"6435","...99000","FIU_Estuaries","1998.78507871321-01-01","Lopez Bay","Ammonium",62.825,"ppm",25.78417,-81.33217,1
"6436","...99015","FIU_Estuaries","1998.78507871321-01-01","Sunday Bay","Ammonium",13.93,"ppm",25.796,-81.28,1
"6437","...99030","FIU_Estuaries","1998.78507871321-01-01","Huston Bay","Ammonium",20.615,"ppm",25.753,-81.2555,1
"6438","...99045","FIU_Estuaries","1998.78507871321-01-01","Upper Chatham River","Ammonium",79.415,"ppm",25.7175,-81.2305,1
"6439","...99060","FIU_Estuaries","1998.78507871321-01-01","Huston River","Ammonium",17.78,"ppm",25.73133,-81.28467,1
"6440","...99075","FIU_Estuaries","1998.78507871321-01-01","Chevalier Bay","Ammonium",76.09,"ppm",25.7125,-81.207,0.8
"6441","...99090","FIU_Estuaries","1998.78507871321-01-01","Alligator Bay","Ammonium",6.58,"ppm",25.67017,-81.16867,1
"6442","...99105","FIU_Estuaries","1998.787816564-01-01","Faka Union River","Ammonium",41.055,"ppm",25.9,-81.516,1
"6443","...99120","FIU_Estuaries","1998.787816564-01-01","Blackwater River","Ammonium",95.515,"ppm",25.9298,-81.60032,0.8
"6444","...99135","FIU_Estuaries","1998.83983572895-01-01","Highway Creek","Ammonium",50.89,"ppm",25.2536,-80.44415,0.855555555555556
"6445","...99150","FIU_Estuaries","1998.83709787817-01-01","Garfield Bight","Ammonium",4.095,"ppm",25.15048,-80.80922,0.905555555555556
"6446","...99165","FIU_Estuaries","1998.89185489391-01-01","Chokoloskee","Ammonium",41.86,"ppm",25.8075,-81.3495,0.8
"6447","...99180","FIU_Estuaries","1998.89185489391-01-01","Rabbit Key Pass","Ammonium",6.86,"ppm",25.77,-81.38333,1
"6448","...99195","FIU_Estuaries","1998.89185489391-01-01","Lopez Bay","Ammonium",40.18,"ppm",25.78417,-81.33217,1
"6449","...99210","FIU_Estuaries","1998.89185489391-01-01","Sunday Bay","Ammonium",6.37,"ppm",25.796,-81.28,1
"6450","...99225","FIU_Estuaries","1998.89185489391-01-01","Huston Bay","Ammonium",17.08,"ppm",25.753,-81.2555,1
"6451","...99240","FIU_Estuaries","1998.89185489391-01-01","Upper Chatham River","Ammonium",36.54,"ppm",25.7175,-81.2305,1
"6452","...99255","FIU_Estuaries","1998.89185489391-01-01","Huston River","Ammonium",5.67,"ppm",25.73133,-81.28467,1
"6453","...99270","FIU_Estuaries","1998.89185489391-01-01","Chevalier Bay","Ammonium",30.45,"ppm",25.7125,-81.207,0.8
"6454","...99285","FIU_Estuaries","1998.89185489391-01-01","Alligator Bay","Ammonium",30.765,"ppm",25.67017,-81.16867,1
"6455","...99300","FIU_Estuaries","1998.8945927447-01-01","Faka Union River","Ammonium",36.365,"ppm",25.9,-81.516,1
"6456","...99315","FIU_Estuaries","1998.8945927447-01-01","Blackwater River","Ammonium",84.945,"ppm",25.9298,-81.60032,0.8
"6457","...99330","FIU_Estuaries","1998.91649555099-01-01","Highway Creek","Ammonium",40.18,"ppm",25.2536,-80.44415,0.855555555555556
"6458","...99345","FIU_Estuaries","1998.91375770021-01-01","Garfield Bight","Ammonium",1.4,"ppm",25.15048,-80.80922,0.905555555555556
"6459","...99360","FIU_Estuaries","1998.93839835729-01-01","Chokoloskee","Ammonium",17.01,"ppm",25.8075,-81.3495,0.8
"6460","...99375","FIU_Estuaries","1998.93839835729-01-01","Rabbit Key Pass","Ammonium",15.295,"ppm",25.77,-81.38333,1
"6461","...99390","FIU_Estuaries","1998.93839835729-01-01","Lopez Bay","Ammonium",36.26,"ppm",25.78417,-81.33217,1
"6462","...99405","FIU_Estuaries","1998.93839835729-01-01","Sunday Bay","Ammonium",14.875,"ppm",25.796,-81.28,1
"6463","...99420","FIU_Estuaries","1998.93839835729-01-01","Huston Bay","Ammonium",86.59,"ppm",25.753,-81.2555,1
"6464","...99435","FIU_Estuaries","1998.93839835729-01-01","Upper Chatham River","Ammonium",103.915,"ppm",25.7175,-81.2305,1
"6465","...99450","FIU_Estuaries","1998.93839835729-01-01","Huston River","Ammonium",12.25,"ppm",25.73133,-81.28467,1
"6466","...99465","FIU_Estuaries","1998.93839835729-01-01","Chevalier Bay","Ammonium",126.805,"ppm",25.7125,-81.207,0.8
"6467","...99480","FIU_Estuaries","1998.93839835729-01-01","Alligator Bay","Ammonium",13.44,"ppm",25.67017,-81.16867,1
"6468","...99495","FIU_Estuaries","1998.94113620808-01-01","Faka Union River","Ammonium",36.645,"ppm",25.9,-81.516,1
"6469","...99510","FIU_Estuaries","1998.94113620808-01-01","Blackwater River","Ammonium",28.805,"ppm",25.9298,-81.60032,0.8
"6470","...99525","FIU_Estuaries","1999.03696098563-01-01","Highway Creek","Ammonium",135.66,"ppm",25.2536,-80.44415,0.855555555555556
"6471","...99540","FIU_Estuaries","1999.03422313484-01-01","Garfield Bight","Ammonium",11.55,"ppm",25.15048,-80.80922,0.905555555555556
"6472","...99555","FIU_Estuaries","1999.05338809035-01-01","Chokoloskee","Ammonium",21.525,"ppm",25.8075,-81.3495,0.8
"6473","...99570","FIU_Estuaries","1999.05338809035-01-01","Rabbit Key Pass","Ammonium",10.99,"ppm",25.77,-81.38333,1
"6474","...99585","FIU_Estuaries","1999.05338809035-01-01","Lopez Bay","Ammonium",33.635,"ppm",25.78417,-81.33217,1
"6475","...99600","FIU_Estuaries","1999.05338809035-01-01","Sunday Bay","Ammonium",42.42,"ppm",25.796,-81.28,1
"6476","...99615","FIU_Estuaries","1999.05338809035-01-01","Huston Bay","Ammonium",32.41,"ppm",25.753,-81.2555,1
"6477","...99630","FIU_Estuaries","1999.05338809035-01-01","Upper Chatham River","Ammonium",40.285,"ppm",25.7175,-81.2305,1
"6478","...99645","FIU_Estuaries","1999.05338809035-01-01","Huston River","Ammonium",26.075,"ppm",25.73133,-81.28467,1
"6479","...99660","FIU_Estuaries","1999.05338809035-01-01","Chevalier Bay","Ammonium",16.765,"ppm",25.7125,-81.207,0.8
"6480","...99675","FIU_Estuaries","1999.05338809035-01-01","Alligator Bay","Ammonium",13.545,"ppm",25.67017,-81.16867,1
"6481","...99690","FIU_Estuaries","1999.05612594114-01-01","Faka Union River","Ammonium",20.16,"ppm",25.9,-81.516,1
"6482","...99705","FIU_Estuaries","1999.05612594114-01-01","Blackwater River","Ammonium",26.46,"ppm",25.9298,-81.60032,0.8
"6483","...99720","FIU_Estuaries","1999.06707734428-01-01","First National","Ammonium",87.325,"ppm",26.04217,-81.76158,0.915
"6484","...99735","FIU_Estuaries","1999.10814510609-01-01","Highway Creek","Ammonium",51.415,"ppm",25.2536,-80.44415,0.855555555555556
"6485","...99750","FIU_Estuaries","1999.10814510609-01-01","Garfield Bight","Ammonium",8.925,"ppm",25.15048,-80.80922,0.905555555555556
"6486","...99765","FIU_Estuaries","1999.14647501711-01-01","Chokoloskee","Ammonium",7.805,"ppm",25.8075,-81.3495,0.8
"6487","...99780","FIU_Estuaries","1999.14647501711-01-01","Rabbit Key Pass","Ammonium",7.945,"ppm",25.77,-81.38333,1
"6488","...99795","FIU_Estuaries","1999.14647501711-01-01","Lopez Bay","Ammonium",11.445,"ppm",25.78417,-81.33217,1
"6489","...99810","FIU_Estuaries","1999.14647501711-01-01","Sunday Bay","Ammonium",9.1,"ppm",25.796,-81.28,1
"6490","...99825","FIU_Estuaries","1999.14647501711-01-01","Huston Bay","Ammonium",5.985,"ppm",25.753,-81.2555,1
"6491","...99840","FIU_Estuaries","1999.14647501711-01-01","Upper Chatham River","Ammonium",19.46,"ppm",25.7175,-81.2305,1
"6492","...99855","FIU_Estuaries","1999.14647501711-01-01","Huston River","Ammonium",8.75,"ppm",25.73133,-81.28467,1
"6493","...99870","FIU_Estuaries","1999.14647501711-01-01","Chevalier Bay","Ammonium",9.135,"ppm",25.7125,-81.207,0.8
"6494","...99885","FIU_Estuaries","1999.14647501711-01-01","Alligator Bay","Ammonium",11.13,"ppm",25.67017,-81.16867,1
"6495","...99900","FIU_Estuaries","1999.1492128679-01-01","Faka Union River","Ammonium",14.735,"ppm",25.9,-81.516,1
"6496","...99915","FIU_Estuaries","1999.1492128679-01-01","Blackwater River","Ammonium",6.195,"ppm",25.9298,-81.60032,0.8
"6497","...99930","FIU_Estuaries","1999.13004791239-01-01","First National","Ammonium",5.005,"ppm",26.04217,-81.76158,0.915
"6498","...99945","FIU_Estuaries","1999.1273100616-01-01","Wiggins Pass","Ammonium",24.08,"ppm",26.29167,-81.82,0.5
"6499","...99960","FIU_Estuaries","1999.22313483915-01-01","Highway Creek","Ammonium",51.975,"ppm",25.2536,-80.44415,0.855555555555556
"6500","...99975","FIU_Estuaries","1999.22039698836-01-01","Garfield Bight","Ammonium",107.8,"ppm",25.15048,-80.80922,0.905555555555556
"6501","...99990","FIU_Estuaries","1999.22587268994-01-01","Chokoloskee","Ammonium",10.29,"ppm",25.8075,-81.3495,0.8
"6502","...100005","FIU_Estuaries","1999.22587268994-01-01","Rabbit Key Pass","Ammonium",6.615,"ppm",25.77,-81.38333,1
"6503","...100020","FIU_Estuaries","1999.22587268994-01-01","Lopez Bay","Ammonium",9.38,"ppm",25.78417,-81.33217,1
"6504","...100035","FIU_Estuaries","1999.22587268994-01-01","Sunday Bay","Ammonium",6.475,"ppm",25.796,-81.28,1
"6505","...100050","FIU_Estuaries","1999.22587268994-01-01","Huston Bay","Ammonium",9.94,"ppm",25.753,-81.2555,1
"6506","...100065","FIU_Estuaries","1999.22587268994-01-01","Upper Chatham River","Ammonium",20.895,"ppm",25.7175,-81.2305,1
"6507","...100080","FIU_Estuaries","1999.22587268994-01-01","Huston River","Ammonium",6.335,"ppm",25.73133,-81.28467,1
"6508","...100095","FIU_Estuaries","1999.22587268994-01-01","Chevalier Bay","Ammonium",5.88,"ppm",25.7125,-81.207,0.8
"6509","...100110","FIU_Estuaries","1999.22587268994-01-01","Alligator Bay","Ammonium",17.745,"ppm",25.67017,-81.16867,1
"6510","...100125","FIU_Estuaries","1999.22861054073-01-01","Faka Union River","Ammonium",15.925,"ppm",25.9,-81.516,1
"6511","...100140","FIU_Estuaries","1999.22861054073-01-01","Blackwater River","Ammonium",14.84,"ppm",25.9298,-81.60032,0.8
"6512","...100155","FIU_Estuaries","1999.16837782341-01-01","First National","Ammonium",19.985,"ppm",26.04217,-81.76158,0.915
"6513","...100170","FIU_Estuaries","1999.16563997262-01-01","Wiggins Pass","Ammonium",23.38,"ppm",26.29167,-81.82,0.5
"6514","...100185","FIU_Estuaries","1999.32443531828-01-01","Highway Creek","Ammonium",51.73,"ppm",25.2536,-80.44415,0.855555555555556
"6515","...100200","FIU_Estuaries","1999.32169746749-01-01","Garfield Bight","Ammonium",48.615,"ppm",25.15048,-80.80922,0.905555555555556
"6516","...100215","FIU_Estuaries","1999.2970568104-01-01","Chokoloskee","Ammonium",2.555,"ppm",25.8075,-81.3495,0.8
"6517","...100230","FIU_Estuaries","1999.2970568104-01-01","Rabbit Key Pass","Ammonium",5.67,"ppm",25.77,-81.38333,1
"6518","...100245","FIU_Estuaries","1999.2970568104-01-01","Lopez Bay","Ammonium",8.365,"ppm",25.78417,-81.33217,1
"6519","...100260","FIU_Estuaries","1999.2970568104-01-01","Sunday Bay","Ammonium",50.435,"ppm",25.796,-81.28,1
"6520","...100275","FIU_Estuaries","1999.2970568104-01-01","Huston Bay","Ammonium",3.5,"ppm",25.753,-81.2555,1
"6521","...100290","FIU_Estuaries","1999.2970568104-01-01","Upper Chatham River","Ammonium",41.79,"ppm",25.7175,-81.2305,1
"6522","...100305","FIU_Estuaries","1999.2970568104-01-01","Huston River","Ammonium",22.05,"ppm",25.73133,-81.28467,1
"6523","...100320","FIU_Estuaries","1999.2970568104-01-01","Chevalier Bay","Ammonium",7.35,"ppm",25.7125,-81.207,0.8
"6524","...100335","FIU_Estuaries","1999.2970568104-01-01","Alligator Bay","Ammonium",20.755,"ppm",25.67017,-81.16867,1
"6525","...100350","FIU_Estuaries","1999.29979466119-01-01","Faka Union River","Ammonium",12.075,"ppm",25.9,-81.516,1
"6526","...100365","FIU_Estuaries","1999.29979466119-01-01","Blackwater River","Ammonium",9.205,"ppm",25.9298,-81.60032,0.8
"6527","...100380","FIU_Estuaries","1999.26420260096-01-01","First National","Ammonium",8.05,"ppm",26.04217,-81.76158,0.915
"6528","...100395","FIU_Estuaries","1999.26694045175-01-01","Wiggins Pass","Ammonium",17.185,"ppm",26.29167,-81.82,0.5
"6529","...100410","FIU_Estuaries","1999.40109514031-01-01","Highway Creek","Ammonium",85.33,"ppm",25.2536,-80.44415,0.855555555555556
"6530","...100425","FIU_Estuaries","1999.40109514031-01-01","Garfield Bight","Ammonium",618.45,"ppm",25.15048,-80.80922,0.905555555555556
"6531","...100440","FIU_Estuaries","1999.36002737851-01-01","Chokoloskee","Ammonium",11.34,"ppm",25.8075,-81.3495,0.8
"6532","...100455","FIU_Estuaries","1999.36002737851-01-01","Rabbit Key Pass","Ammonium",7.105,"ppm",25.77,-81.38333,1
"6533","...100470","FIU_Estuaries","1999.36002737851-01-01","Lopez Bay","Ammonium",17.29,"ppm",25.78417,-81.33217,1
"6534","...100485","FIU_Estuaries","1999.36002737851-01-01","Sunday Bay","Ammonium",43.05,"ppm",25.796,-81.28,1
"6535","...100500","FIU_Estuaries","1999.36002737851-01-01","Huston Bay","Ammonium",11.235,"ppm",25.753,-81.2555,1
"6536","...100515","FIU_Estuaries","1999.36002737851-01-01","Upper Chatham River","Ammonium",36.575,"ppm",25.7175,-81.2305,1
"6537","...100530","FIU_Estuaries","1999.36002737851-01-01","Huston River","Ammonium",15.26,"ppm",25.73133,-81.28467,1
"6538","...100545","FIU_Estuaries","1999.36002737851-01-01","Chevalier Bay","Ammonium",22.05,"ppm",25.7125,-81.207,0.8
"6539","...100560","FIU_Estuaries","1999.36002737851-01-01","Alligator Bay","Ammonium",30.31,"ppm",25.67017,-81.16867,1
"6540","...100575","FIU_Estuaries","1999.3627652293-01-01","Faka Union River","Ammonium",9.625,"ppm",25.9,-81.516,1
"6541","...100590","FIU_Estuaries","1999.3627652293-01-01","Blackwater River","Ammonium",1.61,"ppm",25.9298,-81.60032,0.8
"6542","...100605","FIU_Estuaries","1999.37919233402-01-01","First National","Ammonium",14.77,"ppm",26.04217,-81.76158,0.915
"6543","...100620","FIU_Estuaries","1999.38193018481-01-01","Wiggins Pass","Ammonium",40.005,"ppm",26.29167,-81.82,0.5
"6544","...100635","FIU_Estuaries","1999.45859000684-01-01","Highway Creek","Ammonium",25.445,"ppm",25.2536,-80.44415,0.855555555555556
"6545","...100650","FIU_Estuaries","1999.45585215606-01-01","Garfield Bight","Ammonium",35.91,"ppm",25.15048,-80.80922,0.905555555555556
"6546","...100665","FIU_Estuaries","1999.4887063655-01-01","Chokoloskee","Ammonium",8.295,"ppm",25.8075,-81.3495,0.8
"6547","...100680","FIU_Estuaries","1999.4887063655-01-01","Rabbit Key Pass","Ammonium",1.19,"ppm",25.77,-81.38333,1
"6548","...100695","FIU_Estuaries","1999.4887063655-01-01","Lopez Bay","Ammonium",35.035,"ppm",25.78417,-81.33217,1
"6549","...100710","FIU_Estuaries","1999.4887063655-01-01","Sunday Bay","Ammonium",22.68,"ppm",25.796,-81.28,1
"6550","...100725","FIU_Estuaries","1999.4887063655-01-01","Huston Bay","Ammonium",32.2,"ppm",25.753,-81.2555,1
"6551","...100740","FIU_Estuaries","1999.4887063655-01-01","Upper Chatham River","Ammonium",58.415,"ppm",25.7175,-81.2305,1
"6552","...100755","FIU_Estuaries","1999.4887063655-01-01","Huston River","Ammonium",43.225,"ppm",25.73133,-81.28467,1
"6553","...100770","FIU_Estuaries","1999.4887063655-01-01","Chevalier Bay","Ammonium",35.105,"ppm",25.7125,-81.207,0.8
"6554","...100785","FIU_Estuaries","1999.4887063655-01-01","Alligator Bay","Ammonium",12.81,"ppm",25.67017,-81.16867,1
"6555","...100800","FIU_Estuaries","1999.49144421629-01-01","Faka Union River","Ammonium",38.185,"ppm",25.9,-81.516,1
"6556","...100815","FIU_Estuaries","1999.49144421629-01-01","Blackwater River","Ammonium",16.87,"ppm",25.9298,-81.60032,0.8
"6557","...100830","FIU_Estuaries","1999.45585215606-01-01","First National","Ammonium",30.73,"ppm",26.04217,-81.76158,0.915
"6558","...100845","FIU_Estuaries","1999.45859000684-01-01","Wiggins Pass","Ammonium",93.275,"ppm",26.29167,-81.82,0.5
"6559","...100860","FIU_Estuaries","1999.50513347023-01-01","Highway Creek","Ammonium",70.77,"ppm",25.2536,-80.44415,0.855555555555556
"6560","...100875","FIU_Estuaries","1999.50787132101-01-01","Garfield Bight","Ammonium",128.38,"ppm",25.15048,-80.80922,0.905555555555556
"6561","...100890","FIU_Estuaries","1999.57084188912-01-01","Chokoloskee","Ammonium",7.56,"ppm",25.8075,-81.3495,0.8
"6562","...100905","FIU_Estuaries","1999.57084188912-01-01","Rabbit Key Pass","Ammonium",3.885,"ppm",25.77,-81.38333,1
"6563","...100920","FIU_Estuaries","1999.57084188912-01-01","Lopez Bay","Ammonium",39.97,"ppm",25.78417,-81.33217,1
"6564","...100935","FIU_Estuaries","1999.57084188912-01-01","Sunday Bay","Ammonium",14.805,"ppm",25.796,-81.28,1
"6565","...100950","FIU_Estuaries","1999.57084188912-01-01","Huston Bay","Ammonium",13.37,"ppm",25.753,-81.2555,1
"6566","...100965","FIU_Estuaries","1999.57084188912-01-01","Upper Chatham River","Ammonium",41.86,"ppm",25.7175,-81.2305,1
"6567","...100980","FIU_Estuaries","1999.57084188912-01-01","Huston River","Ammonium",17.92,"ppm",25.73133,-81.28467,1
"6568","...100995","FIU_Estuaries","1999.57084188912-01-01","Chevalier Bay","Ammonium",40.775,"ppm",25.7125,-81.207,0.8
"6569","...101010","FIU_Estuaries","1999.57084188912-01-01","Alligator Bay","Ammonium",41.3,"ppm",25.67017,-81.16867,1
"6570","...101025","FIU_Estuaries","1999.5735797399-01-01","Faka Union River","Ammonium",64.82,"ppm",25.9,-81.516,1
"6571","...101040","FIU_Estuaries","1999.5735797399-01-01","Blackwater River","Ammonium",45.255,"ppm",25.9298,-81.60032,0.8
"6572","...101055","FIU_Estuaries","1999.51608487337-01-01","First National","Ammonium",35.35,"ppm",26.04217,-81.76158,0.915
"6573","...101070","FIU_Estuaries","1999.51334702259-01-01","Wiggins Pass","Ammonium",83.16,"ppm",26.29167,-81.82,0.5
"6574","...101085","FIU_Estuaries","1999.64476386037-01-01","Highway Creek","Ammonium",33.67,"ppm",25.2536,-80.44415,0.855555555555556
"6575","...101100","FIU_Estuaries","1999.64202600958-01-01","Garfield Bight","Ammonium",1.54,"ppm",25.15048,-80.80922,0.905555555555556
"6576","...101115","FIU_Estuaries","1999.62286105407-01-01","Chokoloskee","Ammonium",71.61,"ppm",25.8075,-81.3495,0.8
"6577","...101130","FIU_Estuaries","1999.62286105407-01-01","Rabbit Key Pass","Ammonium",5.915,"ppm",25.77,-81.38333,1
"6578","...101145","FIU_Estuaries","1999.62286105407-01-01","Lopez Bay","Ammonium",77.63,"ppm",25.78417,-81.33217,1
"6579","...101160","FIU_Estuaries","1999.62286105407-01-01","Sunday Bay","Ammonium",16.03,"ppm",25.796,-81.28,1
"6580","...101175","FIU_Estuaries","1999.62286105407-01-01","Huston Bay","Ammonium",56.035,"ppm",25.753,-81.2555,1
"6581","...101190","FIU_Estuaries","1999.62286105407-01-01","Upper Chatham River","Ammonium",58.555,"ppm",25.7175,-81.2305,1
"6582","...101205","FIU_Estuaries","1999.62286105407-01-01","Huston River","Ammonium",47.005,"ppm",25.73133,-81.28467,1
"6583","...101220","FIU_Estuaries","1999.62286105407-01-01","Chevalier Bay","Ammonium",52.99,"ppm",25.7125,-81.207,0.8
"6584","...101235","FIU_Estuaries","1999.62286105407-01-01","Alligator Bay","Ammonium",50.33,"ppm",25.67017,-81.16867,1
"6585","...101250","FIU_Estuaries","1999.62559890486-01-01","Faka Union River","Ammonium",94.815,"ppm",25.9,-81.516,1
"6586","...101265","FIU_Estuaries","1999.62559890486-01-01","Blackwater River","Ammonium",97.58,"ppm",25.9298,-81.60032,0.8
"6587","...101280","FIU_Estuaries","1999.58726899384-01-01","First National","Ammonium",16.1,"ppm",26.04217,-81.76158,0.915
"6588","...101295","FIU_Estuaries","1999.58453114305-01-01","Wiggins Pass","Ammonium",107.17,"ppm",26.29167,-81.82,0.5
"6589","...101310","FIU_Estuaries","1999.72689938398-01-01","Highway Creek","Ammonium",25.2,"ppm",25.2536,-80.44415,0.855555555555556
"6590","...101325","FIU_Estuaries","1999.7241615332-01-01","Garfield Bight","Ammonium",74.9,"ppm",25.15048,-80.80922,0.905555555555556
"6591","...101340","FIU_Estuaries","1999.73511293634-01-01","Chokoloskee","Ammonium",62.09,"ppm",25.8075,-81.3495,0.8
"6592","...101355","FIU_Estuaries","1999.73511293634-01-01","Rabbit Key Pass","Ammonium",118.685,"ppm",25.77,-81.38333,1
"6593","...101370","FIU_Estuaries","1999.73511293634-01-01","Lopez Bay","Ammonium",24.15,"ppm",25.78417,-81.33217,1
"6594","...101385","FIU_Estuaries","1999.73511293634-01-01","Sunday Bay","Ammonium",10.465,"ppm",25.796,-81.28,1
"6595","...101400","FIU_Estuaries","1999.73511293634-01-01","Huston Bay","Ammonium",15.295,"ppm",25.753,-81.2555,1
"6596","...101415","FIU_Estuaries","1999.73511293634-01-01","Upper Chatham River","Ammonium",54.32,"ppm",25.7175,-81.2305,1
"6597","...101430","FIU_Estuaries","1999.73511293634-01-01","Huston River","Ammonium",12.67,"ppm",25.73133,-81.28467,1
"6598","...101445","FIU_Estuaries","1999.73511293634-01-01","Chevalier Bay","Ammonium",53.13,"ppm",25.7125,-81.207,0.8
"6599","...101460","FIU_Estuaries","1999.73511293634-01-01","Alligator Bay","Ammonium",51.695,"ppm",25.67017,-81.16867,1
"6600","...101475","FIU_Estuaries","1999.73785078713-01-01","Faka Union River","Ammonium",44.38,"ppm",25.9,-81.516,1
"6601","...101490","FIU_Estuaries","1999.73785078713-01-01","Blackwater River","Ammonium",22.47,"ppm",25.9298,-81.60032,0.8
"6602","...101505","FIU_Estuaries","1999.68583162218-01-01","First National","Ammonium",32.235,"ppm",26.04217,-81.76158,0.915
"6603","...101520","FIU_Estuaries","1999.68856947296-01-01","Wiggins Pass","Ammonium",37.135,"ppm",26.29167,-81.82,0.5
"6604","...101535","FIU_Estuaries","1999.81177275838-01-01","Highway Creek","Ammonium",16.24,"ppm",25.2536,-80.44415,0.855555555555556
"6605","...101550","FIU_Estuaries","1999.81451060917-01-01","Garfield Bight","Ammonium",4.55,"ppm",25.15048,-80.80922,0.905555555555556
"6606","...101565","FIU_Estuaries","1999.79534565366-01-01","Chokoloskee","Ammonium",30.065,"ppm",25.8075,-81.3495,0.8
"6607","...101580","FIU_Estuaries","1999.79534565366-01-01","Rabbit Key Pass","Ammonium",54.495,"ppm",25.77,-81.38333,1
"6608","...101595","FIU_Estuaries","1999.79534565366-01-01","Lopez Bay","Ammonium",51.31,"ppm",25.78417,-81.33217,1
"6609","...101610","FIU_Estuaries","1999.79534565366-01-01","Sunday Bay","Ammonium",24.43,"ppm",25.796,-81.28,1
"6610","...101625","FIU_Estuaries","1999.79534565366-01-01","Huston Bay","Ammonium",17.99,"ppm",25.753,-81.2555,1
"6611","...101640","FIU_Estuaries","1999.79534565366-01-01","Upper Chatham River","Ammonium",43.47,"ppm",25.7175,-81.2305,1
"6612","...101655","FIU_Estuaries","1999.79534565366-01-01","Huston River","Ammonium",12.67,"ppm",25.73133,-81.28467,1
"6613","...101670","FIU_Estuaries","1999.79534565366-01-01","Chevalier Bay","Ammonium",44.835,"ppm",25.7125,-81.207,0.8
"6614","...101685","FIU_Estuaries","1999.79534565366-01-01","Alligator Bay","Ammonium",27.72,"ppm",25.67017,-81.16867,1
"6615","...101700","FIU_Estuaries","1999.79808350445-01-01","Faka Union River","Ammonium",49.91,"ppm",25.9,-81.516,1
"6616","...101715","FIU_Estuaries","1999.79808350445-01-01","Blackwater River","Ammonium",16.205,"ppm",25.9298,-81.60032,0.8
"6617","...101730","FIU_Estuaries","1999.76249144422-01-01","First National","Ammonium",201.6574,"ppm",26.04217,-81.76158,0.915
"6618","...101745","FIU_Estuaries","1999.75975359343-01-01","Wiggins Pass","Ammonium",214.9224,"ppm",26.29167,-81.82,0.5
"6619","...101760","FIU_Estuaries","1999.86379192334-01-01","Highway Creek","Ammonium",24.3978,"ppm",25.2536,-80.44415,0.855555555555556
"6620","...101775","FIU_Estuaries","1999.86105407255-01-01","Garfield Bight","Ammonium",136.3978,"ppm",25.15048,-80.80922,0.905555555555556
"6621","...101790","FIU_Estuaries","1999.85557837098-01-01","Chokoloskee","Ammonium",9.9876,"ppm",25.8075,-81.3495,0.8
"6622","...101805","FIU_Estuaries","1999.85557837098-01-01","Rabbit Key Pass","Ammonium",1.2026,"ppm",25.77,-81.38333,1
"6623","...101820","FIU_Estuaries","1999.85557837098-01-01","Lopez Bay","Ammonium",0.9744,"ppm",25.78417,-81.33217,1
"6624","...101835","FIU_Estuaries","1999.85557837098-01-01","Sunday Bay","Ammonium",2.4094,"ppm",25.796,-81.28,1
"6625","...101850","FIU_Estuaries","1999.85557837098-01-01","Huston Bay","Ammonium",3.7044,"ppm",25.753,-81.2555,1
"6626","...101865","FIU_Estuaries","1999.85557837098-01-01","Upper Chatham River","Ammonium",0.7294,"ppm",25.7175,-81.2305,1
"6627","...101880","FIU_Estuaries","1999.85557837098-01-01","Huston River","Ammonium",11.1944,"ppm",25.73133,-81.28467,1
"6628","...101895","FIU_Estuaries","1999.85557837098-01-01","Chevalier Bay","Ammonium",30.1644,"ppm",25.7125,-81.207,0.8
"6629","...101910","FIU_Estuaries","1999.85557837098-01-01","Alligator Bay","Ammonium",12.8744,"ppm",25.67017,-81.16867,1
"6630","...101925","FIU_Estuaries","1999.85831622177-01-01","Faka Union River","Ammonium",22.7794,"ppm",25.9,-81.516,1
"6631","...101940","FIU_Estuaries","1999.85831622177-01-01","Blackwater River","Ammonium",6.6668,"ppm",25.9298,-81.60032,0.8
"6632","...101955","FIU_Estuaries","1999.83915126626-01-01","First National","Ammonium",18.5584,"ppm",26.04217,-81.76158,0.915
"6633","...101970","FIU_Estuaries","1999.83641341547-01-01","Wiggins Pass","Ammonium",65.7384,"ppm",26.29167,-81.82,0.5
"6634","...101985","FIU_Estuaries","1999.9158110883-01-01","Highway Creek","Ammonium",36.4,"ppm",25.2536,-80.44415,0.855555555555556
"6635","...102000","FIU_Estuaries","1999.91854893908-01-01","Garfield Bight","Ammonium",14.385,"ppm",25.15048,-80.80922,0.905555555555556
"6636","...102015","FIU_Estuaries","1999.94592744695-01-01","Chokoloskee","Ammonium",3.899,"ppm",25.8075,-81.3495,0.8
"6637","...102030","FIU_Estuaries","1999.94592744695-01-01","Rabbit Key Pass","Ammonium",0.224,"ppm",25.77,-81.38333,1
"6638","...102045","FIU_Estuaries","1999.94592744695-01-01","Lopez Bay","Ammonium",6.629,"ppm",25.78417,-81.33217,1
"6639","...102060","FIU_Estuaries","1999.94592744695-01-01","Sunday Bay","Ammonium",29.239,"ppm",25.796,-81.28,1
"6640","...102075","FIU_Estuaries","1999.94592744695-01-01","Huston Bay","Ammonium",2.604,"ppm",25.753,-81.2555,1
"6641","...102090","FIU_Estuaries","1999.94592744695-01-01","Upper Chatham River","Ammonium",7.224,"ppm",25.7175,-81.2305,1
"6642","...102105","FIU_Estuaries","1999.94592744695-01-01","Huston River","Ammonium",2.114,"ppm",25.73133,-81.28467,1
"6643","...102120","FIU_Estuaries","1999.94592744695-01-01","Chevalier Bay","Ammonium",17.234,"ppm",25.7125,-81.207,0.8
"6644","...102135","FIU_Estuaries","1999.94592744695-01-01","Alligator Bay","Ammonium",10.864,"ppm",25.67017,-81.16867,1
"6645","...102150","FIU_Estuaries","1999.94866529774-01-01","Faka Union River","Ammonium",15.799,"ppm",25.9,-81.516,1
"6646","...102165","FIU_Estuaries","1999.94866529774-01-01","Blackwater River","Ammonium",35.3276,"ppm",25.9298,-81.60032,0.8
"6647","...102180","FIU_Estuaries","1999.93497604381-01-01","First National","Ammonium",22.708,"ppm",26.04217,-81.76158,0.915
"6648","...102195","FIU_Estuaries","1999.93497604381-01-01","Wiggins Pass","Ammonium",47.838,"ppm",26.29167,-81.82,0.5
"6649","...102210","FIU_Estuaries","2000.06091718001-01-01","Highway Creek","Ammonium",30.2932,"ppm",25.2536,-80.44415,0.855555555555556
"6650","...102225","FIU_Estuaries","2000.0636550308-01-01","Garfield Bight","Ammonium",11.6382,"ppm",25.15048,-80.80922,0.905555555555556
"6651","...102240","FIU_Estuaries","2000.06639288159-01-01","Chokoloskee","Ammonium",20.391,"ppm",25.8075,-81.3495,0.8
"6652","...102255","FIU_Estuaries","2000.06639288159-01-01","Rabbit Key Pass","Ammonium",10.241,"ppm",25.77,-81.38333,1
"6653","...102270","FIU_Estuaries","2000.06639288159-01-01","Lopez Bay","Ammonium",18.326,"ppm",25.78417,-81.33217,1
"6654","...102285","FIU_Estuaries","2000.06639288159-01-01","Sunday Bay","Ammonium",3.416,"ppm",25.796,-81.28,1
"6655","...102300","FIU_Estuaries","2000.06639288159-01-01","Huston Bay","Ammonium",8.106,"ppm",25.753,-81.2555,1
"6656","...102315","FIU_Estuaries","2000.06639288159-01-01","Upper Chatham River","Ammonium",19.95,"ppm",25.7175,-81.2305,1
"6657","...102330","FIU_Estuaries","2000.06639288159-01-01","Huston River","Ammonium",14.455,"ppm",25.73133,-81.28467,1
"6658","...102345","FIU_Estuaries","2000.06639288159-01-01","Chevalier Bay","Ammonium",28.455,"ppm",25.7125,-81.207,0.8
"6659","...102360","FIU_Estuaries","2000.06639288159-01-01","Alligator Bay","Ammonium",16.975,"ppm",25.67017,-81.16867,1
"6660","...102375","FIU_Estuaries","2000.06913073238-01-01","Faka Union River","Ammonium",26.691,"ppm",25.9,-81.516,1
"6661","...102390","FIU_Estuaries","2000.06913073238-01-01","Blackwater River","Ammonium",44.296,"ppm",25.9298,-81.60032,0.8
"6662","...102405","FIU_Estuaries","2000.03080082136-01-01","First National","Ammonium",21.035,"ppm",26.04217,-81.76158,0.915
"6663","...102420","FIU_Estuaries","2000.03353867214-01-01","Wiggins Pass","Ammonium",NA,"ppm",26.29167,-81.82,0.5
"6664","...102435","FIU_Estuaries","2000.15947980835-01-01","Highway Creek","Ammonium",24.9382,"ppm",25.2536,-80.44415,0.855555555555556
"6665","...102450","FIU_Estuaries","2000.15674195756-01-01","Garfield Bight","Ammonium",2.4332,"ppm",25.15048,-80.80922,0.905555555555556
"6666","...102465","FIU_Estuaries","2000.14579055441-01-01","Chokoloskee","Ammonium",7.4718,"ppm",25.8075,-81.3495,0.8
"6667","...102480","FIU_Estuaries","2000.14579055441-01-01","Rabbit Key Pass","Ammonium",NA,"ppm",25.77,-81.38333,1
"6668","...102495","FIU_Estuaries","2000.14579055441-01-01","Lopez Bay","Ammonium",6.8768,"ppm",25.78417,-81.33217,1
"6669","...102510","FIU_Estuaries","2000.14579055441-01-01","Sunday Bay","Ammonium",1.5218,"ppm",25.796,-81.28,1
"6670","...102525","FIU_Estuaries","2000.14579055441-01-01","Huston Bay","Ammonium",1.4518,"ppm",25.753,-81.2555,1
"6671","...102540","FIU_Estuaries","2000.14579055441-01-01","Upper Chatham River","Ammonium",10.2718,"ppm",25.7175,-81.2305,1
"6672","...102555","FIU_Estuaries","2000.14579055441-01-01","Huston River","Ammonium",7.0868,"ppm",25.73133,-81.28467,1
"6673","...102570","FIU_Estuaries","2000.14579055441-01-01","Chevalier Bay","Ammonium",15.82,"ppm",25.7125,-81.207,0.8
"6674","...102585","FIU_Estuaries","2000.14579055441-01-01","Alligator Bay","Ammonium",16.275,"ppm",25.67017,-81.16867,1
"6675","...102600","FIU_Estuaries","2000.1485284052-01-01","Faka Union River","Ammonium",11.6018,"ppm",25.9,-81.516,1
"6676","...102615","FIU_Estuaries","2000.15126625599-01-01","Blackwater River","Ammonium",26.6518,"ppm",25.9298,-81.60032,0.8
"6677","...102630","FIU_Estuaries","2000.10746064339-01-01","First National","Ammonium",5.04,"ppm",26.04217,-81.76158,0.915
"6678","...102645","FIU_Estuaries","2000.11293634497-01-01","Wiggins Pass","Ammonium",20.405,"ppm",26.29167,-81.82,0.5
"6679","...102660","FIU_Estuaries","2000.21971252567-01-01","Highway Creek","Ammonium",53.8944,"ppm",25.2536,-80.44415,0.855555555555556
"6680","...102675","FIU_Estuaries","2000.21697467488-01-01","Garfield Bight","Ammonium",6.7844,"ppm",25.15048,-80.80922,0.905555555555556
"6681","...102690","FIU_Estuaries","2000.24161533196-01-01","Chokoloskee","Ammonium",3.3586,"ppm",25.8075,-81.3495,0.8
"6682","...102705","FIU_Estuaries","2000.24161533196-01-01","Rabbit Key Pass","Ammonium",4.3736,"ppm",25.77,-81.38333,1
"6683","...102720","FIU_Estuaries","2000.24161533196-01-01","Lopez Bay","Ammonium",6.9986,"ppm",25.78417,-81.33217,1
"6684","...102735","FIU_Estuaries","2000.24161533196-01-01","Sunday Bay","Ammonium",4.6536,"ppm",25.796,-81.28,1
"6685","...102750","FIU_Estuaries","2000.24161533196-01-01","Huston Bay","Ammonium",3.0786,"ppm",25.753,-81.2555,1
"6686","...102765","FIU_Estuaries","2000.24161533196-01-01","Upper Chatham River","Ammonium",6.1586,"ppm",25.7175,-81.2305,1
"6687","...102780","FIU_Estuaries","2000.24161533196-01-01","Huston River","Ammonium",7.9436,"ppm",25.73133,-81.28467,1
"6688","...102795","FIU_Estuaries","2000.24161533196-01-01","Chevalier Bay","Ammonium",6.6136,"ppm",25.7125,-81.207,0.8
"6689","...102810","FIU_Estuaries","2000.24161533196-01-01","Alligator Bay","Ammonium",16.7986,"ppm",25.67017,-81.16867,1
"6690","...102825","FIU_Estuaries","2000.24435318275-01-01","Faka Union River","Ammonium",23.2036,"ppm",25.9,-81.516,1
"6691","...102840","FIU_Estuaries","2000.24435318275-01-01","Blackwater River","Ammonium",12.7736,"ppm",25.9298,-81.60032,0.8
"6692","...102855","FIU_Estuaries","2000.18412046543-01-01","First National","Ammonium",6.538,"ppm",26.04217,-81.76158,0.915
"6693","...102870","FIU_Estuaries","2000.18138261465-01-01","Wiggins Pass","Ammonium",30.373,"ppm",26.29167,-81.82,0.5
"6694","...102885","FIU_Estuaries","2000.29089664613-01-01","Highway Creek","Ammonium",81.7068,"ppm",25.2536,-80.44415,0.855555555555556
"6695","...102900","FIU_Estuaries","2000.27994524298-01-01","Garfield Bight","Ammonium",4.6018,"ppm",25.15048,-80.80922,0.905555555555556
"6696","...102915","FIU_Estuaries","2000.31279945243-01-01","Chokoloskee","Ammonium",NA,"ppm",25.8075,-81.3495,0.8
"6697","...102930","FIU_Estuaries","2000.31279945243-01-01","Rabbit Key Pass","Ammonium",NA,"ppm",25.77,-81.38333,1
"6698","...102945","FIU_Estuaries","2000.31279945243-01-01","Lopez Bay","Ammonium",1.0276,"ppm",25.78417,-81.33217,1
"6699","...102960","FIU_Estuaries","2000.31279945243-01-01","Sunday Bay","Ammonium",8.4476,"ppm",25.796,-81.28,1
"6700","...102975","FIU_Estuaries","2000.31279945243-01-01","Huston Bay","Ammonium",7.9576,"ppm",25.753,-81.2555,1
"6701","...102990","FIU_Estuaries","2000.31279945243-01-01","Upper Chatham River","Ammonium",10.5476,"ppm",25.7175,-81.2305,1
"6702","...103005","FIU_Estuaries","2000.31279945243-01-01","Huston River","Ammonium",NA,"ppm",25.73133,-81.28467,1
"6703","...103020","FIU_Estuaries","2000.31279945243-01-01","Chevalier Bay","Ammonium",19.8226,"ppm",25.7125,-81.207,0.8
"6704","...103035","FIU_Estuaries","2000.31279945243-01-01","Alligator Bay","Ammonium",2.8728,"ppm",25.67017,-81.16867,1
"6705","...103050","FIU_Estuaries","2000.31553730322-01-01","Faka Union River","Ammonium",8.5176,"ppm",25.9,-81.516,1
"6706","...103065","FIU_Estuaries","2000.31553730322-01-01","Blackwater River","Ammonium",5.0526,"ppm",25.9298,-81.60032,0.8
"6707","...103080","FIU_Estuaries","2000.2553045859-01-01","First National","Ammonium",6.2916,"ppm",26.04217,-81.76158,0.915
"6708","...103095","FIU_Estuaries","2000.25256673511-01-01","Wiggins Pass","Ammonium",15.4616,"ppm",26.29167,-81.82,0.5
"6709","...103110","FIU_Estuaries","2000.41136208077-01-01","Highway Creek","Ammonium",42.385,"ppm",25.2536,-80.44415,0.855555555555556
"6710","...103125","FIU_Estuaries","2000.40862422998-01-01","Garfield Bight","Ammonium",251.58,"ppm",25.15048,-80.80922,0.905555555555556
"6711","...103140","FIU_Estuaries","2000.39219712526-01-01","Chokoloskee","Ammonium",2.17,"ppm",25.8075,-81.3495,0.8
"6712","...103155","FIU_Estuaries","2000.39219712526-01-01","Rabbit Key Pass","Ammonium",NA,"ppm",25.77,-81.38333,1
"6713","...103170","FIU_Estuaries","2000.39219712526-01-01","Lopez Bay","Ammonium",6.09,"ppm",25.78417,-81.33217,1
"6714","...103185","FIU_Estuaries","2000.39219712526-01-01","Sunday Bay","Ammonium",11.55,"ppm",25.796,-81.28,1
"6715","...103200","FIU_Estuaries","2000.39219712526-01-01","Huston Bay","Ammonium",38.5,"ppm",25.753,-81.2555,1
"6716","...103215","FIU_Estuaries","2000.39219712526-01-01","Upper Chatham River","Ammonium",10.535,"ppm",25.7175,-81.2305,1
"6717","...103230","FIU_Estuaries","2000.39219712526-01-01","Huston River","Ammonium",36.995,"ppm",25.73133,-81.28467,1
"6718","...103245","FIU_Estuaries","2000.39219712526-01-01","Chevalier Bay","Ammonium",2.59,"ppm",25.7125,-81.207,0.8
"6719","...103260","FIU_Estuaries","2000.39219712526-01-01","Alligator Bay","Ammonium",7.7,"ppm",25.67017,-81.16867,1
"6720","...103275","FIU_Estuaries","2000.39493497604-01-01","Faka Union River","Ammonium",8.75,"ppm",25.9,-81.516,1
"6721","...103290","FIU_Estuaries","2000.39493497604-01-01","Blackwater River","Ammonium",9.45,"ppm",25.9298,-81.60032,0.8
"6722","...103305","FIU_Estuaries","2000.33744010951-01-01","First National","Ammonium",54.3648,"ppm",26.04217,-81.76158,0.915
"6723","...103320","FIU_Estuaries","2000.33470225873-01-01","Wiggins Pass","Ammonium",22.3398,"ppm",26.29167,-81.82,0.5
"6724","...103335","FIU_Estuaries","2000.4688569473-01-01","Highway Creek","Ammonium",131.6672,"ppm",25.2536,-80.44415,0.855555555555556
"6725","...103350","FIU_Estuaries","2000.46611909651-01-01","Garfield Bight","Ammonium",98.8372,"ppm",25.15048,-80.80922,0.905555555555556
"6726","...103365","FIU_Estuaries","2000.48254620123-01-01","Chokoloskee","Ammonium",6.3,"ppm",25.8075,-81.3495,0.8
"6727","...103380","FIU_Estuaries","2000.48254620123-01-01","Rabbit Key Pass","Ammonium",3.36,"ppm",25.77,-81.38333,1
"6728","...103395","FIU_Estuaries","2000.48254620123-01-01","Lopez Bay","Ammonium",11.375,"ppm",25.78417,-81.33217,1
"6729","...103410","FIU_Estuaries","2000.48254620123-01-01","Sunday Bay","Ammonium",4.06,"ppm",25.796,-81.28,1
"6730","...103425","FIU_Estuaries","2000.48254620123-01-01","Huston Bay","Ammonium",10.465,"ppm",25.753,-81.2555,1
"6731","...103440","FIU_Estuaries","2000.48254620123-01-01","Upper Chatham River","Ammonium",22.645,"ppm",25.7175,-81.2305,1
"6732","...103455","FIU_Estuaries","2000.48254620123-01-01","Huston River","Ammonium",6.335,"ppm",25.73133,-81.28467,1
"6733","...103470","FIU_Estuaries","2000.48254620123-01-01","Chevalier Bay","Ammonium",6.895,"ppm",25.7125,-81.207,0.8
"6734","...103485","FIU_Estuaries","2000.48254620123-01-01","Alligator Bay","Ammonium",8.05,"ppm",25.67017,-81.16867,1
"6735","...103500","FIU_Estuaries","2000.48528405202-01-01","Faka Union River","Ammonium",26.39,"ppm",25.9,-81.516,1
"6736","...103515","FIU_Estuaries","2000.48528405202-01-01","Blackwater River","Ammonium",43.925,"ppm",25.9298,-81.60032,0.8
"6737","...103530","FIU_Estuaries","2000.43326488706-01-01","First National","Ammonium",9.1308,"ppm",26.04217,-81.76158,0.915
"6738","...103545","FIU_Estuaries","2000.43600273785-01-01","Wiggins Pass","Ammonium",75.9458,"ppm",26.29167,-81.82,0.5
"6739","...103560","FIU_Estuaries","2000.55099247091-01-01","Highway Creek","Ammonium",41.055,"ppm",25.2536,-80.44415,0.855555555555556
"6740","...103575","FIU_Estuaries","2000.54825462012-01-01","Garfield Bight","Ammonium",37.03,"ppm",25.15048,-80.80922,0.905555555555556
"6741","...103590","FIU_Estuaries","2000.56194387406-01-01","Chokoloskee","Ammonium",10.08,"ppm",25.8075,-81.3495,0.8
"6742","...103605","FIU_Estuaries","2000.56194387406-01-01","Rabbit Key Pass","Ammonium",9.275,"ppm",25.77,-81.38333,1
"6743","...103620","FIU_Estuaries","2000.56194387406-01-01","Lopez Bay","Ammonium",22.75,"ppm",25.78417,-81.33217,1
"6744","...103635","FIU_Estuaries","2000.56194387406-01-01","Sunday Bay","Ammonium",13.72,"ppm",25.796,-81.28,1
"6745","...103650","FIU_Estuaries","2000.56194387406-01-01","Huston Bay","Ammonium",34.86,"ppm",25.753,-81.2555,1
"6746","...103665","FIU_Estuaries","2000.56194387406-01-01","Upper Chatham River","Ammonium",24.78,"ppm",25.7175,-81.2305,1
"6747","...103680","FIU_Estuaries","2000.56194387406-01-01","Huston River","Ammonium",10.045,"ppm",25.73133,-81.28467,1
"6748","...103695","FIU_Estuaries","2000.56194387406-01-01","Chevalier Bay","Ammonium",12.145,"ppm",25.7125,-81.207,0.8
"6749","...103710","FIU_Estuaries","2000.56194387406-01-01","Alligator Bay","Ammonium",7.98,"ppm",25.67017,-81.16867,1
"6750","...103725","FIU_Estuaries","2000.56468172485-01-01","Faka Union River","Ammonium",6.72,"ppm",25.9,-81.516,1
"6751","...103740","FIU_Estuaries","2000.56468172485-01-01","Blackwater River","Ammonium",9.275,"ppm",25.9298,-81.60032,0.8
"6752","...103755","FIU_Estuaries","2000.57015742642-01-01","First National","Ammonium",8.155,"ppm",26.04217,-81.76158,0.915
"6753","...103770","FIU_Estuaries","2000.56741957563-01-01","Wiggins Pass","Ammonium",22.68,"ppm",26.29167,-81.82,0.5
"6754","...103785","FIU_Estuaries","2000.6605065024-01-01","Highway Creek","Ammonium",53.3015,"ppm",25.2536,-80.44415,0.855555555555556
"6755","...103800","FIU_Estuaries","2000.65776865161-01-01","Garfield Bight","Ammonium",8.533,"ppm",25.15048,-80.80922,0.905555555555556
"6756","...103815","FIU_Estuaries","2000.66324435318-01-01","Chokoloskee","Ammonium",32.508,"ppm",25.8075,-81.3495,0.8
"6757","...103830","FIU_Estuaries","2000.66324435318-01-01","Rabbit Key Pass","Ammonium",24.843,"ppm",25.77,-81.38333,1
"6758","...103845","FIU_Estuaries","2000.66324435318-01-01","Lopez Bay","Ammonium",43.183,"ppm",25.78417,-81.33217,1
"6759","...103860","FIU_Estuaries","2000.66324435318-01-01","Sunday Bay","Ammonium",9.933,"ppm",25.796,-81.28,1
"6760","...103875","FIU_Estuaries","2000.66324435318-01-01","Huston Bay","Ammonium",16.688,"ppm",25.753,-81.2555,1
"6761","...103890","FIU_Estuaries","2000.66324435318-01-01","Upper Chatham River","Ammonium",9.688,"ppm",25.7175,-81.2305,1
"6762","...103905","FIU_Estuaries","2000.66324435318-01-01","Huston River","Ammonium",13.4085,"ppm",25.73133,-81.28467,1
"6763","...103920","FIU_Estuaries","2000.66324435318-01-01","Chevalier Bay","Ammonium",20.223,"ppm",25.7125,-81.207,0.8
"6764","...103935","FIU_Estuaries","2000.66324435318-01-01","Alligator Bay","Ammonium",NA,"ppm",25.67017,-81.16867,1
"6765","...103950","FIU_Estuaries","2000.66324435318-01-01","Faka Union River","Ammonium",25.662,"ppm",25.9,-81.516,1
"6766","...103965","FIU_Estuaries","2000.66324435318-01-01","Blackwater River","Ammonium",40.383,"ppm",25.9298,-81.60032,0.8
"6767","...103980","FIU_Estuaries","2000.62217659138-01-01","First National","Ammonium",7.14,"ppm",26.04217,-81.76158,0.915
"6768","...103995","FIU_Estuaries","2000.62217659138-01-01","Wiggins Pass","Ammonium",16.275,"ppm",26.29167,-81.82,0.5
"6769","...104010","FIU_Estuaries","2000.74264202601-01-01","Highway Creek","Ammonium",85.379,"ppm",25.2536,-80.44415,0.855555555555556
"6770","...104025","FIU_Estuaries","2000.74264202601-01-01","Garfield Bight","Ammonium",NA,"ppm",25.15048,-80.80922,0.905555555555556
"6771","...104040","FIU_Estuaries","2000.72073921971-01-01","Chokoloskee","Ammonium",61.446,"ppm",25.8075,-81.3495,0.8
"6772","...104055","FIU_Estuaries","2000.72073921971-01-01","Rabbit Key Pass","Ammonium",54.586,"ppm",25.77,-81.38333,1
"6773","...104070","FIU_Estuaries","2000.72073921971-01-01","Lopez Bay","Ammonium",56.826,"ppm",25.78417,-81.33217,1
"6774","...104085","FIU_Estuaries","2000.72073921971-01-01","Sunday Bay","Ammonium",15.806,"ppm",25.796,-81.28,1
"6775","...104100","FIU_Estuaries","2000.72073921971-01-01","Huston Bay","Ammonium",20.566,"ppm",25.753,-81.2555,1
"6776","...104115","FIU_Estuaries","2000.72073921971-01-01","Upper Chatham River","Ammonium",52.416,"ppm",25.7175,-81.2305,1
"6777","...104130","FIU_Estuaries","2000.72073921971-01-01","Huston River","Ammonium",40.341,"ppm",25.73133,-81.28467,1
"6778","...104145","FIU_Estuaries","2000.72073921971-01-01","Chevalier Bay","Ammonium",60.921,"ppm",25.7125,-81.207,0.8
"6779","...104160","FIU_Estuaries","2000.72073921971-01-01","Alligator Bay","Ammonium",NA,"ppm",25.67017,-81.16867,1
"6780","...104175","FIU_Estuaries","2000.7234770705-01-01","Faka Union River","Ammonium",21.833,"ppm",25.9,-81.516,1
"6781","...104190","FIU_Estuaries","2000.7234770705-01-01","Blackwater River","Ammonium",165.788,"ppm",25.9298,-81.60032,0.8
"6782","...104205","FIU_Estuaries","2000.70431211499-01-01","First National","Ammonium",16.219,"ppm",26.04217,-81.76158,0.915
"6783","...104220","FIU_Estuaries","2000.7015742642-01-01","Wiggins Pass","Ammonium",10.094,"ppm",26.29167,-81.82,0.5
"6784","...104235","FIU_Estuaries","2000.81930184805-01-01","Highway Creek","Ammonium",43.7255,"ppm",25.2536,-80.44415,0.855555555555556
"6785","...104250","FIU_Estuaries","2000.81656399726-01-01","Garfield Bight","Ammonium",15.03775,"ppm",25.15048,-80.80922,0.905555555555556
"6786","...104265","FIU_Estuaries","2000.80013689254-01-01","Chokoloskee","Ammonium",13.99055,"ppm",25.8075,-81.3495,0.8
"6787","...104280","FIU_Estuaries","2000.80013689254-01-01","Rabbit Key Pass","Ammonium",14.4536,"ppm",25.77,-81.38333,1
"6788","...104295","FIU_Estuaries","2000.80013689254-01-01","Lopez Bay","Ammonium",10.33235,"ppm",25.78417,-81.33217,1
"6789","...104310","FIU_Estuaries","2000.80013689254-01-01","Sunday Bay","Ammonium",13.335,"ppm",25.796,-81.28,1
"6790","...104325","FIU_Estuaries","2000.80013689254-01-01","Huston Bay","Ammonium",12.775,"ppm",25.753,-81.2555,1
"6791","...104340","FIU_Estuaries","2000.80013689254-01-01","Upper Chatham River","Ammonium",12.11,"ppm",25.7175,-81.2305,1
"6792","...104355","FIU_Estuaries","2000.80013689254-01-01","Huston River","Ammonium",5.355,"ppm",25.73133,-81.28467,1
"6793","...104370","FIU_Estuaries","2000.80013689254-01-01","Chevalier Bay","Ammonium",9.73,"ppm",25.7125,-81.207,0.8
"6794","...104385","FIU_Estuaries","2000.80013689254-01-01","Alligator Bay","Ammonium",6.58,"ppm",25.67017,-81.16867,1
"6795","...104400","FIU_Estuaries","2000.79739904175-01-01","Faka Union River","Ammonium",11.9,"ppm",25.9,-81.516,1
"6796","...104415","FIU_Estuaries","2000.79739904175-01-01","Blackwater River","Ammonium",4.7719,"ppm",25.9298,-81.60032,0.8
"6797","...104430","FIU_Estuaries","2000.78097193703-01-01","First National","Ammonium",5.1856,"ppm",26.04217,-81.76158,0.915
"6798","...104445","FIU_Estuaries","2000.77823408624-01-01","Wiggins Pass","Ammonium",8.5645,"ppm",26.29167,-81.82,0.5
"6799","...104460","FIU_Estuaries","2000.9151266256-01-01","Highway Creek","Ammonium",84.035,"ppm",25.2536,-80.44415,0.855555555555556
"6800","...104475","FIU_Estuaries","2000.91238877481-01-01","Garfield Bight","Ammonium",7.175,"ppm",25.15048,-80.80922,0.905555555555556
"6801","...104490","FIU_Estuaries","2000.85489390828-01-01","Chokoloskee","Ammonium",5.145,"ppm",25.8075,-81.3495,0.8
"6802","...104505","FIU_Estuaries","2000.85489390828-01-01","Rabbit Key Pass","Ammonium",1.645,"ppm",25.77,-81.38333,1
"6803","...104520","FIU_Estuaries","2000.85489390828-01-01","Lopez Bay","Ammonium",9.835,"ppm",25.78417,-81.33217,1
"6804","...104535","FIU_Estuaries","2000.85489390828-01-01","Sunday Bay","Ammonium",10.605,"ppm",25.796,-81.28,1
"6805","...104550","FIU_Estuaries","2000.85489390828-01-01","Huston Bay","Ammonium",27.3,"ppm",25.753,-81.2555,1
"6806","...104565","FIU_Estuaries","2000.85489390828-01-01","Upper Chatham River","Ammonium",6.545,"ppm",25.7175,-81.2305,1
"6807","...104580","FIU_Estuaries","2000.85489390828-01-01","Huston River","Ammonium",13.58,"ppm",25.73133,-81.28467,1
"6808","...104595","FIU_Estuaries","2000.85489390828-01-01","Chevalier Bay","Ammonium",7.56,"ppm",25.7125,-81.207,0.8
"6809","...104610","FIU_Estuaries","2000.85489390828-01-01","Alligator Bay","Ammonium",4.34,"ppm",25.67017,-81.16867,1
"6810","...104625","FIU_Estuaries","2000.85763175907-01-01","Faka Union River","Ammonium",12.32,"ppm",25.9,-81.516,1
"6811","...104640","FIU_Estuaries","2000.85763175907-01-01","Blackwater River","Ammonium",14.945,"ppm",25.9298,-81.60032,0.8
"6812","...104655","FIU_Estuaries","2000.87679671458-01-01","First National","Ammonium",5.81,"ppm",26.04217,-81.76158,0.915
"6813","...104670","FIU_Estuaries","2000.87405886379-01-01","Wiggins Pass","Ammonium",30.345,"ppm",26.29167,-81.82,0.5
"6814","...104685","FIU_Estuaries","2000.94524298426-01-01","Highway Creek","Ammonium",30.0321,"ppm",25.2536,-80.44415,0.855555555555556
"6815","...104700","FIU_Estuaries","2000.94250513347-01-01","Garfield Bight","Ammonium",1.9241145,"ppm",25.15048,-80.80922,0.905555555555556
"6816","...104715","FIU_Estuaries","2000.96440793977-01-01","Chokoloskee","Ammonium",11.06,"ppm",25.8075,-81.3495,0.8
"6817","...104730","FIU_Estuaries","2000.96440793977-01-01","Rabbit Key Pass","Ammonium",1.645,"ppm",25.77,-81.38333,1
"6818","...104745","FIU_Estuaries","2000.96440793977-01-01","Lopez Bay","Ammonium",6.58,"ppm",25.78417,-81.33217,1
"6819","...104760","FIU_Estuaries","2000.96440793977-01-01","Sunday Bay","Ammonium",15.54,"ppm",25.796,-81.28,1
"6820","...104775","FIU_Estuaries","2000.96440793977-01-01","Huston Bay","Ammonium",13.265,"ppm",25.753,-81.2555,1
"6821","...104790","FIU_Estuaries","2000.96440793977-01-01","Upper Chatham River","Ammonium",28.14,"ppm",25.7175,-81.2305,1
"6822","...104805","FIU_Estuaries","2000.96440793977-01-01","Huston River","Ammonium",4.095,"ppm",25.73133,-81.28467,1
"6823","...104820","FIU_Estuaries","2000.96440793977-01-01","Chevalier Bay","Ammonium",4.795,"ppm",25.7125,-81.207,0.8
"6824","...104835","FIU_Estuaries","2000.96440793977-01-01","Alligator Bay","Ammonium",10.36,"ppm",25.67017,-81.16867,1
"6825","...104850","FIU_Estuaries","2000.96714579055-01-01","Faka Union River","Ammonium",25.27,"ppm",25.9,-81.516,1
"6826","...104865","FIU_Estuaries","2000.96714579055-01-01","Blackwater River","Ammonium",30.835,"ppm",25.9298,-81.60032,0.8
"6827","...104880","FIU_Estuaries","2000.93429158111-01-01","First National","Ammonium",10.99,"ppm",26.04217,-81.76158,0.915
"6828","...104895","FIU_Estuaries","2000.93155373032-01-01","Wiggins Pass","Ammonium",34.65,"ppm",26.29167,-81.82,0.5
"6829","...104910","FIU_Estuaries","2001.06844626968-01-01","Highway Creek","Ammonium",89.075,"ppm",25.2536,-80.44415,0.855555555555556
"6830","...104925","FIU_Estuaries","2001.06570841889-01-01","Garfield Bight","Ammonium",13.44,"ppm",25.15048,-80.80922,0.905555555555556
"6831","...104940","FIU_Estuaries","2001.04106776181-01-01","Chokoloskee","Ammonium",3.92,"ppm",25.8075,-81.3495,0.8
"6832","...104955","FIU_Estuaries","2001.04106776181-01-01","Rabbit Key Pass","Ammonium",0.945,"ppm",25.77,-81.38333,1
"6833","...104970","FIU_Estuaries","2001.04106776181-01-01","Lopez Bay","Ammonium",2.765,"ppm",25.78417,-81.33217,1
"6834","...104985","FIU_Estuaries","2001.04106776181-01-01","Sunday Bay","Ammonium",7.21,"ppm",25.796,-81.28,1
"6835","...105000","FIU_Estuaries","2001.04106776181-01-01","Huston Bay","Ammonium",6.475,"ppm",25.753,-81.2555,1
"6836","...105015","FIU_Estuaries","2001.04106776181-01-01","Upper Chatham River","Ammonium",21.7,"ppm",25.7175,-81.2305,1
"6837","...105030","FIU_Estuaries","2001.04106776181-01-01","Huston River","Ammonium",6.615,"ppm",25.73133,-81.28467,1
"6838","...105045","FIU_Estuaries","2001.04106776181-01-01","Chevalier Bay","Ammonium",4.62,"ppm",25.7125,-81.207,0.8
"6839","...105060","FIU_Estuaries","2001.04106776181-01-01","Alligator Bay","Ammonium",11.34,"ppm",25.67017,-81.16867,1
"6840","...105075","FIU_Estuaries","2001.04380561259-01-01","Faka Union River","Ammonium",9.24,"ppm",25.9,-81.516,1
"6841","...105090","FIU_Estuaries","2001.04380561259-01-01","Blackwater River","Ammonium",10.745,"ppm",25.9298,-81.60032,0.8
"6842","...105105","FIU_Estuaries","2001.04654346338-01-01","First National","Ammonium",9.03,"ppm",26.04217,-81.76158,0.915
"6843","...105120","FIU_Estuaries","2001.04380561259-01-01","Wiggins Pass","Ammonium",56.315,"ppm",26.29167,-81.82,0.5
"6844","...105135","FIU_Estuaries","2001.13963039014-01-01","Highway Creek","Ammonium",89.145,"ppm",25.2536,-80.44415,0.855555555555556
"6845","...105150","FIU_Estuaries","2001.13963039014-01-01","Garfield Bight","Ammonium",100.541,"ppm",25.15048,-80.80922,0.905555555555556
"6846","...105165","FIU_Estuaries","2001.15605749487-01-01","Chokoloskee","Ammonium",12.383,"ppm",25.8075,-81.3495,0.8
"6847","...105180","FIU_Estuaries","2001.15605749487-01-01","Rabbit Key Pass","Ammonium",1.4,"ppm",25.77,-81.38333,1
"6848","...105195","FIU_Estuaries","2001.15605749487-01-01","Lopez Bay","Ammonium",9.7125,"ppm",25.78417,-81.33217,1
"6849","...105210","FIU_Estuaries","2001.15605749487-01-01","Sunday Bay","Ammonium",10.325,"ppm",25.796,-81.28,1
"6850","...105225","FIU_Estuaries","2001.15605749487-01-01","Huston Bay","Ammonium",20.7865,"ppm",25.753,-81.2555,1
"6851","...105240","FIU_Estuaries","2001.15605749487-01-01","Upper Chatham River","Ammonium",5.215,"ppm",25.7175,-81.2305,1
"6852","...105255","FIU_Estuaries","2001.15605749487-01-01","Huston River","Ammonium",2.52,"ppm",25.73133,-81.28467,1
"6853","...105270","FIU_Estuaries","2001.15605749487-01-01","Chevalier Bay","Ammonium",5.32,"ppm",25.7125,-81.207,0.8
"6854","...105285","FIU_Estuaries","2001.15605749487-01-01","Alligator Bay","Ammonium",15.54,"ppm",25.67017,-81.16867,1
"6855","...105300","FIU_Estuaries","2001.15879534565-01-01","Faka Union River","Ammonium",33.649,"ppm",25.9,-81.516,1
"6856","...105315","FIU_Estuaries","2001.15879534565-01-01","Blackwater River","Ammonium",38.115,"ppm",25.9298,-81.60032,0.8
"6857","...105330","FIU_Estuaries","2001.12046543463-01-01","First National","Ammonium",4.34,"ppm",26.04217,-81.76158,0.915
"6858","...105345","FIU_Estuaries","2001.11772758385-01-01","Wiggins Pass","Ammonium",36.26,"ppm",26.29167,-81.82,0.5
"6859","...105360","FIU_Estuaries","2001.17796030116-01-01","Highway Creek","Ammonium",126.035,"ppm",25.2536,-80.44415,0.855555555555556
"6860","...105375","FIU_Estuaries","2001.17522245038-01-01","Garfield Bight","Ammonium",63.42,"ppm",25.15048,-80.80922,0.905555555555556
"6861","...105390","FIU_Estuaries","2001.21902806297-01-01","Chokoloskee","Ammonium",4.13,"ppm",25.8075,-81.3495,0.8
"6862","...105405","FIU_Estuaries","2001.21902806297-01-01","Rabbit Key Pass","Ammonium",2.66,"ppm",25.77,-81.38333,1
"6863","...105420","FIU_Estuaries","2001.21902806297-01-01","Lopez Bay","Ammonium",33.11,"ppm",25.78417,-81.33217,1
"6864","...105435","FIU_Estuaries","2001.21902806297-01-01","Sunday Bay","Ammonium",62.09,"ppm",25.796,-81.28,1
"6865","...105450","FIU_Estuaries","2001.21902806297-01-01","Huston Bay","Ammonium",37.268,"ppm",25.753,-81.2555,1
"6866","...105465","FIU_Estuaries","2001.21902806297-01-01","Upper Chatham River","Ammonium",35.035,"ppm",25.7175,-81.2305,1
"6867","...105480","FIU_Estuaries","2001.21902806297-01-01","Huston River","Ammonium",4.83,"ppm",25.73133,-81.28467,1
"6868","...105495","FIU_Estuaries","2001.21902806297-01-01","Chevalier Bay","Ammonium",42.91,"ppm",25.7125,-81.207,0.8
"6869","...105510","FIU_Estuaries","2001.21902806297-01-01","Alligator Bay","Ammonium",3.85,"ppm",25.67017,-81.16867,1
"6870","...105525","FIU_Estuaries","2001.22176591376-01-01","Faka Union River","Ammonium",18.585,"ppm",25.9,-81.516,1
"6871","...105540","FIU_Estuaries","2001.22176591376-01-01","Blackwater River","Ammonium",19.88,"ppm",25.9298,-81.60032,0.8
"6872","...105555","FIU_Estuaries","2001.19438740589-01-01","First National","Ammonium",7.385,"ppm",26.04217,-81.76158,0.915
"6873","...105570","FIU_Estuaries","2001.19712525667-01-01","Wiggins Pass","Ammonium",20.09,"ppm",26.29167,-81.82,0.5
"6874","...105585","FIU_Estuaries","2001.25735797399-01-01","Highway Creek","Ammonium",242.956,"ppm",25.2536,-80.44415,0.855555555555556
"6875","...105600","FIU_Estuaries","2001.25188227242-01-01","Garfield Bight","Ammonium",14.56,"ppm",25.15048,-80.80922,0.905555555555556
"6876","...105615","FIU_Estuaries","2001.27104722793-01-01","Chokoloskee","Ammonium",2.87,"ppm",25.8075,-81.3495,0.8
"6877","...105630","FIU_Estuaries","2001.27104722793-01-01","Rabbit Key Pass","Ammonium",1.47,"ppm",25.77,-81.38333,1
"6878","...105645","FIU_Estuaries","2001.27104722793-01-01","Lopez Bay","Ammonium",4.62,"ppm",25.78417,-81.33217,1
"6879","...105660","FIU_Estuaries","2001.27104722793-01-01","Sunday Bay","Ammonium",8.68,"ppm",25.796,-81.28,1
"6880","...105675","FIU_Estuaries","2001.27104722793-01-01","Huston Bay","Ammonium",46.515,"ppm",25.753,-81.2555,1
"6881","...105690","FIU_Estuaries","2001.27104722793-01-01","Upper Chatham River","Ammonium",39.62,"ppm",25.7175,-81.2305,1
"6882","...105705","FIU_Estuaries","2001.27104722793-01-01","Huston River","Ammonium",23.415,"ppm",25.73133,-81.28467,1
"6883","...105720","FIU_Estuaries","2001.27104722793-01-01","Chevalier Bay","Ammonium",20.93,"ppm",25.7125,-81.207,0.8
"6884","...105735","FIU_Estuaries","2001.27104722793-01-01","Alligator Bay","Ammonium",8.785,"ppm",25.67017,-81.16867,1
"6885","...105750","FIU_Estuaries","2001.27378507871-01-01","Faka Union River","Ammonium",23.03,"ppm",25.9,-81.516,1
"6886","...105765","FIU_Estuaries","2001.27378507871-01-01","Blackwater River","Ammonium",40.0225,"ppm",25.9298,-81.60032,0.8
"6887","...105780","FIU_Estuaries","2001.29295003422-01-01","First National","Ammonium",13.825,"ppm",26.04217,-81.76158,0.915
"6888","...105795","FIU_Estuaries","2001.29568788501-01-01","Wiggins Pass","Ammonium",38.2165,"ppm",26.29167,-81.82,0.5
"6889","...105810","FIU_Estuaries","2001.32854209446-01-01","Highway Creek","Ammonium",45.57,"ppm",25.2536,-80.44415,0.855555555555556
"6890","...105825","FIU_Estuaries","2001.33127994524-01-01","Garfield Bight","Ammonium",4.97,"ppm",25.15048,-80.80922,0.905555555555556
"6891","...105840","FIU_Estuaries","2001.40793976728-01-01","Chokoloskee","Ammonium",5.32,"ppm",25.8075,-81.3495,0.8
"6892","...105855","FIU_Estuaries","2001.40793976728-01-01","Rabbit Key Pass","Ammonium",2.8,"ppm",25.77,-81.38333,1
"6893","...105870","FIU_Estuaries","2001.40793976728-01-01","Lopez Bay","Ammonium",8.82,"ppm",25.78417,-81.33217,1
"6894","...105885","FIU_Estuaries","2001.40793976728-01-01","Sunday Bay","Ammonium",19.11,"ppm",25.796,-81.28,1
"6895","...105900","FIU_Estuaries","2001.40793976728-01-01","Huston Bay","Ammonium",12.355,"ppm",25.753,-81.2555,1
"6896","...105915","FIU_Estuaries","2001.40793976728-01-01","Upper Chatham River","Ammonium",2.8315,"ppm",25.7175,-81.2305,1
"6897","...105930","FIU_Estuaries","2001.40793976728-01-01","Huston River","Ammonium",2.52,"ppm",25.73133,-81.28467,1
"6898","...105945","FIU_Estuaries","2001.40793976728-01-01","Chevalier Bay","Ammonium",2.954,"ppm",25.7125,-81.207,0.8
"6899","...105960","FIU_Estuaries","2001.40793976728-01-01","Alligator Bay","Ammonium",3.465,"ppm",25.67017,-81.16867,1
"6900","...105975","FIU_Estuaries","2001.41067761807-01-01","Faka Union River","Ammonium",15.575,"ppm",25.9,-81.516,1
"6901","...105990","FIU_Estuaries","2001.41067761807-01-01","Blackwater River","Ammonium",9.828,"ppm",25.9298,-81.60032,0.8
"6902","...106005","FIU_Estuaries","2001.36960985626-01-01","First National","Ammonium",5.145,"ppm",26.04217,-81.76158,0.915
"6903","...106020","FIU_Estuaries","2001.36687200548-01-01","Wiggins Pass","Ammonium",35.595,"ppm",26.29167,-81.82,0.5
"6904","...106035","FIU_Estuaries","2001.42710472279-01-01","Highway Creek","Ammonium",283.15,"ppm",25.2536,-80.44415,0.855555555555556
"6905","...106050","FIU_Estuaries","2001.42436687201-01-01","Garfield Bight","Ammonium",7.91,"ppm",25.15048,-80.80922,0.905555555555556
"6906","...106065","FIU_Estuaries","2001.48459958932-01-01","Chokoloskee","Ammonium",8.96,"ppm",25.8075,-81.3495,0.8
"6907","...106080","FIU_Estuaries","2001.48459958932-01-01","Rabbit Key Pass","Ammonium",1.89,"ppm",25.77,-81.38333,1
"6908","...106095","FIU_Estuaries","2001.48459958932-01-01","Lopez Bay","Ammonium",6.335,"ppm",25.78417,-81.33217,1
"6909","...106110","FIU_Estuaries","2001.48459958932-01-01","Sunday Bay","Ammonium",11.725,"ppm",25.796,-81.28,1
"6910","...106125","FIU_Estuaries","2001.48459958932-01-01","Huston Bay","Ammonium",5.495,"ppm",25.753,-81.2555,1
"6911","...106140","FIU_Estuaries","2001.48459958932-01-01","Upper Chatham River","Ammonium",5.74,"ppm",25.7175,-81.2305,1
"6912","...106155","FIU_Estuaries","2001.48459958932-01-01","Huston River","Ammonium",5.285,"ppm",25.73133,-81.28467,1
"6913","...106170","FIU_Estuaries","2001.48459958932-01-01","Chevalier Bay","Ammonium",8.085,"ppm",25.7125,-81.207,0.8
"6914","...106185","FIU_Estuaries","2001.48459958932-01-01","Alligator Bay","Ammonium",19.6,"ppm",25.67017,-81.16867,1
"6915","...106200","FIU_Estuaries","2001.48733744011-01-01","Faka Union River","Ammonium",47.628,"ppm",25.9,-81.516,1
"6916","...106215","FIU_Estuaries","2001.48733744011-01-01","Blackwater River","Ammonium",39.298,"ppm",25.9298,-81.60032,0.8
"6917","...106230","FIU_Estuaries","2001.46269678303-01-01","First National","Ammonium",3.1325,"ppm",26.04217,-81.76158,0.915
"6918","...106245","FIU_Estuaries","2001.46269678303-01-01","Wiggins Pass","Ammonium",26.075,"ppm",26.29167,-81.82,0.5
"6919","...106260","FIU_Estuaries","2001.52840520192-01-01","Highway Creek","Ammonium",70.07,"ppm",25.2536,-80.44415,0.855555555555556
"6920","...106275","FIU_Estuaries","2001.52566735113-01-01","Garfield Bight","Ammonium",3.885,"ppm",25.15048,-80.80922,0.905555555555556
"6921","...106290","FIU_Estuaries","2001.56125941136-01-01","Chokoloskee","Ammonium",173.3165,"ppm",25.8075,-81.3495,0.8
"6922","...106305","FIU_Estuaries","2001.56125941136-01-01","Rabbit Key Pass","Ammonium",115.01,"ppm",25.77,-81.38333,1
"6923","...106320","FIU_Estuaries","2001.56125941136-01-01","Lopez Bay","Ammonium",131.488,"ppm",25.78417,-81.33217,1
"6924","...106335","FIU_Estuaries","2001.56125941136-01-01","Sunday Bay","Ammonium",58.38,"ppm",25.796,-81.28,1
"6925","...106350","FIU_Estuaries","2001.56125941136-01-01","Huston Bay","Ammonium",57.89,"ppm",25.753,-81.2555,1
"6926","...106365","FIU_Estuaries","2001.56125941136-01-01","Upper Chatham River","Ammonium",56,"ppm",25.7175,-81.2305,1
"6927","...106380","FIU_Estuaries","2001.56125941136-01-01","Huston River","Ammonium",45.43,"ppm",25.73133,-81.28467,1
"6928","...106395","FIU_Estuaries","2001.56125941136-01-01","Chevalier Bay","Ammonium",36.694,"ppm",25.7125,-81.207,0.8
"6929","...106410","FIU_Estuaries","2001.56125941136-01-01","Alligator Bay","Ammonium",26.3725,"ppm",25.67017,-81.16867,1
"6930","...106425","FIU_Estuaries","2001.56399726215-01-01","Faka Union River","Ammonium",49.245,"ppm",25.9,-81.516,1
"6931","...106440","FIU_Estuaries","2001.56399726215-01-01","Blackwater River","Ammonium",84.28,"ppm",25.9298,-81.60032,0.8
"6932","...106455","FIU_Estuaries","2001.53935660506-01-01","First National","Ammonium",15.855,"ppm",26.04217,-81.76158,0.915
"6933","...106470","FIU_Estuaries","2001.54209445585-01-01","Wiggins Pass","Ammonium",103.6105,"ppm",26.29167,-81.82,0.5
"6934","...106485","FIU_Estuaries","2001.61875427789-01-01","Highway Creek","Ammonium",63.665,"ppm",25.2536,-80.44415,0.855555555555556
"6935","...106500","FIU_Estuaries","2001.6160164271-01-01","Garfield Bight","Ammonium",133.7,"ppm",25.15048,-80.80922,0.905555555555556
"6936","...106515","FIU_Estuaries","2001.62149212868-01-01","Chokoloskee","Ammonium",29.54,"ppm",25.8075,-81.3495,0.8
"6937","...106530","FIU_Estuaries","2001.62149212868-01-01","Rabbit Key Pass","Ammonium",4.725,"ppm",25.77,-81.38333,1
"6938","...106545","FIU_Estuaries","2001.62149212868-01-01","Lopez Bay","Ammonium",46.025,"ppm",25.78417,-81.33217,1
"6939","...106560","FIU_Estuaries","2001.62149212868-01-01","Sunday Bay","Ammonium",10.325,"ppm",25.796,-81.28,1
"6940","...106575","FIU_Estuaries","2001.62149212868-01-01","Huston Bay","Ammonium",9.2785,"ppm",25.753,-81.2555,1
"6941","...106590","FIU_Estuaries","2001.62149212868-01-01","Upper Chatham River","Ammonium",14.63,"ppm",25.7175,-81.2305,1
"6942","...106605","FIU_Estuaries","2001.62149212868-01-01","Huston River","Ammonium",11.41,"ppm",25.73133,-81.28467,1
"6943","...106620","FIU_Estuaries","2001.62149212868-01-01","Chevalier Bay","Ammonium",3.199,"ppm",25.7125,-81.207,0.8
"6944","...106635","FIU_Estuaries","2001.62149212868-01-01","Alligator Bay","Ammonium",9.905,"ppm",25.67017,-81.16867,1
"6945","...106650","FIU_Estuaries","2001.62422997947-01-01","Faka Union River","Ammonium",7.245,"ppm",25.9,-81.516,1
"6946","...106665","FIU_Estuaries","2001.62422997947-01-01","Blackwater River","Ammonium",11.27,"ppm",25.9298,-81.60032,0.8
"6947","...106680","FIU_Estuaries","2001.60232717317-01-01","First National","Ammonium",32.151,"ppm",26.04217,-81.76158,0.915
"6948","...106695","FIU_Estuaries","2001.60506502396-01-01","Wiggins Pass","Ammonium",98.1225,"ppm",26.29167,-81.82,0.5
"6949","...106710","FIU_Estuaries","2001.681724846-01-01","Highway Creek","Ammonium",85.68,"ppm",25.2536,-80.44415,0.855555555555556
"6950","...106725","FIU_Estuaries","2001.67624914442-01-01","Garfield Bight","Ammonium",15.225,"ppm",25.15048,-80.80922,0.905555555555556
"6951","...106740","FIU_Estuaries","2001.71184120465-01-01","Chokoloskee","Ammonium",21.875,"ppm",25.8075,-81.3495,0.8
"6952","...106755","FIU_Estuaries","2001.71184120465-01-01","Rabbit Key Pass","Ammonium",6.44,"ppm",25.77,-81.38333,1
"6953","...106770","FIU_Estuaries","2001.71184120465-01-01","Lopez Bay","Ammonium",13.195,"ppm",25.78417,-81.33217,1
"6954","...106785","FIU_Estuaries","2001.71184120465-01-01","Sunday Bay","Ammonium",4.91694,"ppm",25.796,-81.28,1
"6955","...106800","FIU_Estuaries","2001.71184120465-01-01","Huston Bay","Ammonium",13.5625,"ppm",25.753,-81.2555,1
"6956","...106815","FIU_Estuaries","2001.71184120465-01-01","Upper Chatham River","Ammonium",26.488,"ppm",25.7175,-81.2305,1
"6957","...106830","FIU_Estuaries","2001.71184120465-01-01","Huston River","Ammonium",3.4895,"ppm",25.73133,-81.28467,1
"6958","...106845","FIU_Estuaries","2001.71184120465-01-01","Chevalier Bay","Ammonium",25.33615,"ppm",25.7125,-81.207,0.8
"6959","...106860","FIU_Estuaries","2001.71184120465-01-01","Alligator Bay","Ammonium",58.387,"ppm",25.67017,-81.16867,1
"6960","...106875","FIU_Estuaries","2001.71457905544-01-01","Faka Union River","Ammonium",23.8875,"ppm",25.9,-81.516,1
"6961","...106890","FIU_Estuaries","2001.71457905544-01-01","Blackwater River","Ammonium",10.885,"ppm",25.9298,-81.60032,0.8
"6962","...106905","FIU_Estuaries","2001.681724846-01-01","First National","Ammonium",32.74845,"ppm",26.04217,-81.76158,0.915
"6963","...106920","FIU_Estuaries","2001.681724846-01-01","Wiggins Pass","Ammonium",216.72,"ppm",26.29167,-81.82,0.5
"6964","...106935","FIU_Estuaries","2001.81040383299-01-01","Highway Creek","Ammonium",17.15,"ppm",25.2536,-80.44415,0.855555555555556
"6965","...106950","FIU_Estuaries","2001.8076659822-01-01","Garfield Bight","Ammonium",67.305,"ppm",25.15048,-80.80922,0.905555555555556
"6966","...106965","FIU_Estuaries","2001.81314168378-01-01","Chokoloskee","Ammonium",13.8705,"ppm",25.8075,-81.3495,0.8
"6967","...106980","FIU_Estuaries","2001.81314168378-01-01","Rabbit Key Pass","Ammonium",11.438,"ppm",25.77,-81.38333,1
"6968","...106995","FIU_Estuaries","2001.81314168378-01-01","Lopez Bay","Ammonium",7.49315,"ppm",25.78417,-81.33217,1
"6969","...107010","FIU_Estuaries","2001.81314168378-01-01","Sunday Bay","Ammonium",7.3507,"ppm",25.796,-81.28,1
"6970","...107025","FIU_Estuaries","2001.81314168378-01-01","Huston Bay","Ammonium",3.3285,"ppm",25.753,-81.2555,1
"6971","...107040","FIU_Estuaries","2001.81314168378-01-01","Upper Chatham River","Ammonium",10.5455,"ppm",25.7175,-81.2305,1
"6972","...107055","FIU_Estuaries","2001.81314168378-01-01","Huston River","Ammonium",7.3675,"ppm",25.73133,-81.28467,1
"6973","...107070","FIU_Estuaries","2001.81314168378-01-01","Chevalier Bay","Ammonium",6.96605,"ppm",25.7125,-81.207,0.8
"6974","...107085","FIU_Estuaries","2001.81314168378-01-01","Alligator Bay","Ammonium",16.0531,"ppm",25.67017,-81.16867,1
"6975","...107100","FIU_Estuaries","2001.81587953457-01-01","Faka Union River","Ammonium",20.769,"ppm",25.9,-81.516,1
"6976","...107115","FIU_Estuaries","2001.81587953457-01-01","Blackwater River","Ammonium",51.9085,"ppm",25.9298,-81.60032,0.8
"6977","...107130","FIU_Estuaries","2001.82683093771-01-01","First National","Ammonium",9.688,"ppm",26.04217,-81.76158,0.915
"6978","...107145","FIU_Estuaries","2001.82683093771-01-01","Wiggins Pass","Ammonium",73.423,"ppm",26.29167,-81.82,0.5
"6979","...107160","FIU_Estuaries","2001.85420944559-01-01","Highway Creek","Ammonium",15.52425,"ppm",25.2536,-80.44415,0.855555555555556
"6980","...107175","FIU_Estuaries","2001.8514715948-01-01","Garfield Bight","Ammonium",125.475,"ppm",25.15048,-80.80922,0.905555555555556
"6981","...107190","FIU_Estuaries","2001.88432580424-01-01","Chokoloskee","Ammonium",58.3135,"ppm",25.8075,-81.3495,0.8
"6982","...107205","FIU_Estuaries","2001.88432580424-01-01","Rabbit Key Pass","Ammonium",27.23,"ppm",25.77,-81.38333,1
"6983","...107220","FIU_Estuaries","2001.88432580424-01-01","Lopez Bay","Ammonium",54.18,"ppm",25.78417,-81.33217,1
"6984","...107235","FIU_Estuaries","2001.88432580424-01-01","Sunday Bay","Ammonium",5.432,"ppm",25.796,-81.28,1
"6985","...107250","FIU_Estuaries","2001.88432580424-01-01","Huston Bay","Ammonium",4.9525,"ppm",25.753,-81.2555,1
"6986","...107265","FIU_Estuaries","2001.88432580424-01-01","Upper Chatham River","Ammonium",14.665,"ppm",25.7175,-81.2305,1
"6987","...107280","FIU_Estuaries","2001.88432580424-01-01","Huston River","Ammonium",4.4065,"ppm",25.73133,-81.28467,1
"6988","...107295","FIU_Estuaries","2001.88432580424-01-01","Chevalier Bay","Ammonium",16.8805,"ppm",25.7125,-81.207,0.8
"6989","...107310","FIU_Estuaries","2001.88432580424-01-01","Alligator Bay","Ammonium",8.0395,"ppm",25.67017,-81.16867,1
"6990","...107325","FIU_Estuaries","2001.88706365503-01-01","Faka Union River","Ammonium",22.834,"ppm",25.9,-81.516,1
"6991","...107340","FIU_Estuaries","2001.88706365503-01-01","Blackwater River","Ammonium",9.415,"ppm",25.9298,-81.60032,0.8
"6992","...107355","FIU_Estuaries","2001.90622861054-01-01","First National","Ammonium",5.3243155,"ppm",26.04217,-81.76158,0.915
"6993","...107370","FIU_Estuaries","2001.90622861054-01-01","Wiggins Pass","Ammonium",87.3952415,"ppm",26.29167,-81.82,0.5
"6994","...107385","FIU_Estuaries","2001.92265571526-01-01","Highway Creek","Ammonium",30.94,"ppm",25.2536,-80.44415,0.855555555555556
"6995","...107400","FIU_Estuaries","2001.91991786448-01-01","Garfield Bight","Ammonium",4.179,"ppm",25.15048,-80.80922,0.905555555555556
"6996","...107415","FIU_Estuaries","2001.96098562628-01-01","Chokoloskee","Ammonium",14.8002295,"ppm",25.8075,-81.3495,0.8
"6997","...107430","FIU_Estuaries","2001.96098562628-01-01","Rabbit Key Pass","Ammonium",3.19025,"ppm",25.77,-81.38333,1
"6998","...107445","FIU_Estuaries","2001.97193702943-01-01","Lopez Bay","Ammonium",16.546516,"ppm",25.78417,-81.33217,1
"6999","...107460","FIU_Estuaries","2001.97193702943-01-01","Sunday Bay","Ammonium",10.325,"ppm",25.796,-81.28,1
"7000","...107475","FIU_Estuaries","2001.97193702943-01-01","Huston Bay","Ammonium",9.555,"ppm",25.753,-81.2555,1
"7001","...107490","FIU_Estuaries","2001.97193702943-01-01","Upper Chatham River","Ammonium",8.96,"ppm",25.7175,-81.2305,1
"7002","...107505","FIU_Estuaries","2001.97193702943-01-01","Huston River","Ammonium",11.76,"ppm",25.73133,-81.28467,1
"7003","...107520","FIU_Estuaries","2001.97193702943-01-01","Chevalier Bay","Ammonium",12.88,"ppm",25.7125,-81.207,0.8
"7004","...107535","FIU_Estuaries","2001.97193702943-01-01","Alligator Bay","Ammonium",28,"ppm",25.67017,-81.16867,1
"7005","...107550","FIU_Estuaries","2001.96098562628-01-01","Faka Union River","Ammonium",26.985,"ppm",25.9,-81.516,1
"7006","...107565","FIU_Estuaries","2001.96098562628-01-01","Blackwater River","Ammonium",27.180727,"ppm",25.9298,-81.60032,0.8
"7007","...107580","FIU_Estuaries","2001.94182067077-01-01","First National","Ammonium",18.893,"ppm",26.04217,-81.76158,0.915
"7008","...107595","FIU_Estuaries","2001.94455852156-01-01","Wiggins Pass","Ammonium",59.409,"ppm",26.29167,-81.82,0.5
"7009","...107610","FIU_Estuaries","2002.07871321013-01-01","Highway Creek","Ammonium",37.812901,"ppm",25.2536,-80.44415,0.855555555555556
"7010","...107625","FIU_Estuaries","2002.07597535934-01-01","Garfield Bight","Ammonium",5.11,"ppm",25.15048,-80.80922,0.905555555555556
"7011","...107640","FIU_Estuaries","2002.05954825462-01-01","Chokoloskee","Ammonium",6.79,"ppm",25.8075,-81.3495,0.8
"7012","...107655","FIU_Estuaries","2002.05954825462-01-01","Rabbit Key Pass","Ammonium",1.925,"ppm",25.77,-81.38333,1
"7013","...107670","FIU_Estuaries","2002.05954825462-01-01","Lopez Bay","Ammonium",10.9165,"ppm",25.78417,-81.33217,1
"7014","...107685","FIU_Estuaries","2002.05954825462-01-01","Sunday Bay","Ammonium",13.125,"ppm",25.796,-81.28,1
"7015","...107700","FIU_Estuaries","2002.05954825462-01-01","Huston Bay","Ammonium",1.47,"ppm",25.753,-81.2555,1
"7016","...107715","FIU_Estuaries","2002.05954825462-01-01","Upper Chatham River","Ammonium",17.01,"ppm",25.7175,-81.2305,1
"7017","...107730","FIU_Estuaries","2002.05954825462-01-01","Huston River","Ammonium",1.96,"ppm",25.73133,-81.28467,1
"7018","...107745","FIU_Estuaries","2002.05954825462-01-01","Chevalier Bay","Ammonium",9.905,"ppm",25.7125,-81.207,0.8
"7019","...107760","FIU_Estuaries","2002.05954825462-01-01","Alligator Bay","Ammonium",7.035,"ppm",25.67017,-81.16867,1
"7020","...107775","FIU_Estuaries","2002.06228610541-01-01","Faka Union River","Ammonium",3.955,"ppm",25.9,-81.516,1
"7021","...107790","FIU_Estuaries","2002.06228610541-01-01","Blackwater River","Ammonium",4.97,"ppm",25.9298,-81.60032,0.8
"7022","...107805","FIU_Estuaries","2002.0431211499-01-01","First National","Ammonium",8.603854,"ppm",26.04217,-81.76158,0.915
"7023","...107820","FIU_Estuaries","2002.0431211499-01-01","Wiggins Pass","Ammonium",103.145,"ppm",26.29167,-81.82,0.5
"7024","...107835","FIU_Estuaries","2002.13347022587-01-01","Highway Creek","Ammonium",68.9885,"ppm",25.2536,-80.44415,0.855555555555556
"7025","...107850","FIU_Estuaries","2002.13620807666-01-01","Garfield Bight","Ammonium",4.722858,"ppm",25.15048,-80.80922,0.905555555555556
"7026","...107865","FIU_Estuaries","2002.13620807666-01-01","Chokoloskee","Ammonium",2.03,"ppm",25.8075,-81.3495,0.8
"7027","...107880","FIU_Estuaries","2002.13620807666-01-01","Rabbit Key Pass","Ammonium",2.38,"ppm",25.77,-81.38333,1
"7028","...107895","FIU_Estuaries","2002.13620807666-01-01","Lopez Bay","Ammonium",1.225,"ppm",25.78417,-81.33217,1
"7029","...107910","FIU_Estuaries","2002.13620807666-01-01","Sunday Bay","Ammonium",2.31,"ppm",25.796,-81.28,1
"7030","...107925","FIU_Estuaries","2002.13620807666-01-01","Huston Bay","Ammonium",2.135,"ppm",25.753,-81.2555,1
"7031","...107940","FIU_Estuaries","2002.13620807666-01-01","Upper Chatham River","Ammonium",1.75,"ppm",25.7175,-81.2305,1
"7032","...107955","FIU_Estuaries","2002.13620807666-01-01","Huston River","Ammonium",3.01,"ppm",25.73133,-81.28467,1
"7033","...107970","FIU_Estuaries","2002.13620807666-01-01","Chevalier Bay","Ammonium",4.13,"ppm",25.7125,-81.207,0.8
"7034","...107985","FIU_Estuaries","2002.13620807666-01-01","Alligator Bay","Ammonium",16.1,"ppm",25.67017,-81.16867,1
"7035","...108000","FIU_Estuaries","2002.13894592745-01-01","Faka Union River","Ammonium",1.89,"ppm",25.9,-81.516,1
"7036","...108015","FIU_Estuaries","2002.13894592745-01-01","Blackwater River","Ammonium",4.235,"ppm",25.9298,-81.60032,0.8
"7037","...108030","FIU_Estuaries","2002.11978097194-01-01","First National","Ammonium",6.58,"ppm",26.04217,-81.76158,0.915
"7038","...108045","FIU_Estuaries","2002.11978097194-01-01","Wiggins Pass","Ammonium",104.3,"ppm",26.29167,-81.82,0.5
"7039","...108060","FIU_Estuaries","2002.11978097194-01-01","Henderson Creek","Ammonium",18.9,"ppm",26.0257,-81.7332,0.915
"7040","...108075","FIU_Estuaries","2002.2128678987-01-01","Highway Creek","Ammonium",83.8838,"ppm",25.2536,-80.44415,0.855555555555556
"7041","...108090","FIU_Estuaries","2002.21013004791-01-01","Garfield Bight","Ammonium",48.6206,"ppm",25.15048,-80.80922,0.905555555555556
"7042","...108105","FIU_Estuaries","2002.21013004791-01-01","Chokoloskee","Ammonium",7.03255,"ppm",25.8075,-81.3495,0.8
"7043","...108120","FIU_Estuaries","2002.21013004791-01-01","Rabbit Key Pass","Ammonium",4.39565,"ppm",25.77,-81.38333,1
"7044","...108135","FIU_Estuaries","2002.21013004791-01-01","Lopez Bay","Ammonium",8.1277,"ppm",25.78417,-81.33217,1
"7045","...108150","FIU_Estuaries","2002.21013004791-01-01","Sunday Bay","Ammonium",10.83775,"ppm",25.796,-81.28,1
"7046","...108165","FIU_Estuaries","2002.21013004791-01-01","Huston Bay","Ammonium",12.94545,"ppm",25.753,-81.2555,1
"7047","...108180","FIU_Estuaries","2002.21013004791-01-01","Upper Chatham River","Ammonium",29.5099,"ppm",25.7175,-81.2305,1
"7048","...108195","FIU_Estuaries","2002.21013004791-01-01","Huston River","Ammonium",8.5071,"ppm",25.73133,-81.28467,1
"7049","...108210","FIU_Estuaries","2002.21013004791-01-01","Chevalier Bay","Ammonium",33.9255,"ppm",25.7125,-81.207,0.8
"7050","...108225","FIU_Estuaries","2002.21013004791-01-01","Alligator Bay","Ammonium",16.653,"ppm",25.67017,-81.16867,1
"7051","...108240","FIU_Estuaries","2002.2128678987-01-01","Faka Union River","Ammonium",9.2519,"ppm",25.9,-81.516,1
"7052","...108255","FIU_Estuaries","2002.2128678987-01-01","Blackwater River","Ammonium",4.8951,"ppm",25.9298,-81.60032,0.8
"7053","...108270","FIU_Estuaries","2002.19644079398-01-01","First National","Ammonium",0.7112,"ppm",26.04217,-81.76158,0.915
"7054","...108285","FIU_Estuaries","2002.19644079398-01-01","Wiggins Pass","Ammonium",1.365,"ppm",26.29167,-81.82,0.5
"7055","...108300","FIU_Estuaries","2002.19644079398-01-01","Henderson Creek","Ammonium",14.5915,"ppm",26.0257,-81.7332,0.915
"7056","...108315","FIU_Estuaries","2002.27310061602-01-01","Highway Creek","Ammonium",62.5625,"ppm",25.2536,-80.44415,0.855555555555556
"7057","...108330","FIU_Estuaries","2002.26762491444-01-01","Garfield Bight","Ammonium",90.31715,"ppm",25.15048,-80.80922,0.905555555555556
"7058","...108345","FIU_Estuaries","2002.27036276523-01-01","Chokoloskee","Ammonium",5.46,"ppm",25.8075,-81.3495,0.8
"7059","...108360","FIU_Estuaries","2002.27036276523-01-01","Rabbit Key Pass","Ammonium",6.055,"ppm",25.77,-81.38333,1
"7060","...108375","FIU_Estuaries","2002.27036276523-01-01","Lopez Bay","Ammonium",8.785,"ppm",25.78417,-81.33217,1
"7061","...108390","FIU_Estuaries","2002.27036276523-01-01","Sunday Bay","Ammonium",11.165,"ppm",25.796,-81.28,1
"7062","...108405","FIU_Estuaries","2002.27036276523-01-01","Huston Bay","Ammonium",12.32,"ppm",25.753,-81.2555,1
"7063","...108420","FIU_Estuaries","2002.27036276523-01-01","Upper Chatham River","Ammonium",5.46,"ppm",25.7175,-81.2305,1
"7064","...108435","FIU_Estuaries","2002.27036276523-01-01","Huston River","Ammonium",26.425,"ppm",25.73133,-81.28467,1
"7065","...108450","FIU_Estuaries","2002.27036276523-01-01","Chevalier Bay","Ammonium",17.675,"ppm",25.7125,-81.207,0.8
"7066","...108465","FIU_Estuaries","2002.27036276523-01-01","Alligator Bay","Ammonium",11.34,"ppm",25.67017,-81.16867,1
"7067","...108480","FIU_Estuaries","2002.27310061602-01-01","Faka Union River","Ammonium",9.345,"ppm",25.9,-81.516,1
"7068","...108495","FIU_Estuaries","2002.27310061602-01-01","Blackwater River","Ammonium",12.18,"ppm",25.9298,-81.60032,0.8
"7069","...108510","FIU_Estuaries","2002.31416837782-01-01","First National","Ammonium",6.51,"ppm",26.04217,-81.76158,0.915
"7070","...108525","FIU_Estuaries","2002.31416837782-01-01","Wiggins Pass","Ammonium",24.675,"ppm",26.29167,-81.82,0.5
"7071","...108540","FIU_Estuaries","2002.31416837782-01-01","Henderson Creek","Ammonium",4.018,"ppm",26.0257,-81.7332,0.915
"7072","...108555","FIU_Estuaries","2002.36892539357-01-01","Highway Creek","Ammonium",55.94295,"ppm",25.2536,-80.44415,0.855555555555556
"7073","...108570","FIU_Estuaries","2002.36618754278-01-01","Garfield Bight","Ammonium",64.8599,"ppm",25.15048,-80.80922,0.905555555555556
"7074","...108585","FIU_Estuaries","2002.38535249829-01-01","Chokoloskee","Ammonium",15.0045,"ppm",25.8075,-81.3495,0.8
"7075","...108600","FIU_Estuaries","2002.38535249829-01-01","Rabbit Key Pass","Ammonium",1.3965,"ppm",25.77,-81.38333,1
"7076","...108615","FIU_Estuaries","2002.38535249829-01-01","Lopez Bay","Ammonium",26.411,"ppm",25.78417,-81.33217,1
"7077","...108630","FIU_Estuaries","2002.38535249829-01-01","Sunday Bay","Ammonium",2.7545,"ppm",25.796,-81.28,1
"7078","...108645","FIU_Estuaries","2002.38535249829-01-01","Huston Bay","Ammonium",4.9105,"ppm",25.753,-81.2555,1
"7079","...108660","FIU_Estuaries","2002.38535249829-01-01","Upper Chatham River","Ammonium",5.166,"ppm",25.7175,-81.2305,1
"7080","...108675","FIU_Estuaries","2002.38535249829-01-01","Huston River","Ammonium",4.0635,"ppm",25.73133,-81.28467,1
"7081","...108690","FIU_Estuaries","2002.38535249829-01-01","Chevalier Bay","Ammonium",5.859,"ppm",25.7125,-81.207,0.8
"7082","...108705","FIU_Estuaries","2002.38535249829-01-01","Alligator Bay","Ammonium",10.3775,"ppm",25.67017,-81.16867,1
"7083","...108720","FIU_Estuaries","2002.38809034908-01-01","Faka Union River","Ammonium",5.656,"ppm",25.9,-81.516,1
"7084","...108735","FIU_Estuaries","2002.38809034908-01-01","Blackwater River","Ammonium",18.8475,"ppm",25.9298,-81.60032,0.8
"7085","...108750","FIU_Estuaries","2002.36344969199-01-01","First National","Ammonium",10.6015,"ppm",26.04217,-81.76158,0.915
"7086","...108765","FIU_Estuaries","2002.36344969199-01-01","Wiggins Pass","Ammonium",55.8355,"ppm",26.29167,-81.82,0.5
"7087","...108780","FIU_Estuaries","2002.36344969199-01-01","Henderson Creek","Ammonium",9.247,"ppm",26.0257,-81.7332,0.915
"7088","...108795","FIU_Estuaries","2002.42368240931-01-01","Highway Creek","Ammonium",71.4,"ppm",25.2536,-80.44415,0.855555555555556
"7089","...108810","FIU_Estuaries","2002.42094455852-01-01","Garfield Bight","Ammonium",180.04,"ppm",25.15048,-80.80922,0.905555555555556
"7090","...108825","FIU_Estuaries","2002.45653661875-01-01","Chokoloskee","Ammonium",66.815,"ppm",25.8075,-81.3495,0.8
"7091","...108840","FIU_Estuaries","2002.45653661875-01-01","Rabbit Key Pass","Ammonium",40.67,"ppm",25.77,-81.38333,1
"7092","...108855","FIU_Estuaries","2002.45653661875-01-01","Lopez Bay","Ammonium",77.735,"ppm",25.78417,-81.33217,1
"7093","...108870","FIU_Estuaries","2002.45653661875-01-01","Sunday Bay","Ammonium",91.105,"ppm",25.796,-81.28,1
"7094","...108885","FIU_Estuaries","2002.45653661875-01-01","Huston Bay","Ammonium",51.24,"ppm",25.753,-81.2555,1
"7095","...108900","FIU_Estuaries","2002.45653661875-01-01","Upper Chatham River","Ammonium",33.74,"ppm",25.7175,-81.2305,1
"7096","...108915","FIU_Estuaries","2002.45653661875-01-01","Huston River","Ammonium",89.775,"ppm",25.73133,-81.28467,1
"7097","...108930","FIU_Estuaries","2002.45653661875-01-01","Chevalier Bay","Ammonium",18.41,"ppm",25.7125,-81.207,0.8
"7098","...108945","FIU_Estuaries","2002.45653661875-01-01","Alligator Bay","Ammonium",60.655,"ppm",25.67017,-81.16867,1
"7099","...108960","FIU_Estuaries","2002.45927446954-01-01","Faka Union River","Ammonium",88.69,"ppm",25.9,-81.516,1
"7100","...108975","FIU_Estuaries","2002.45927446954-01-01","Blackwater River","Ammonium",157.143,"ppm",25.9298,-81.60032,0.8
"7101","...108990","FIU_Estuaries","2002.42368240931-01-01","First National","Ammonium",34.3,"ppm",26.04217,-81.76158,0.915
"7102","...109005","FIU_Estuaries","2002.42368240931-01-01","Wiggins Pass","Ammonium",23.135,"ppm",26.29167,-81.82,0.5
"7103","...109020","FIU_Estuaries","2002.42368240931-01-01","Henderson Creek","Ammonium",23.38,"ppm",26.0257,-81.7332,0.915
"7104","...109035","FIU_Estuaries","2002.51676933607-01-01","Highway Creek","Ammonium",48.2405,"ppm",25.2536,-80.44415,0.855555555555556
"7105","...109050","FIU_Estuaries","2002.52224503765-01-01","Garfield Bight","Ammonium",NA,"ppm",25.15048,-80.80922,0.905555555555556
"7106","...109065","FIU_Estuaries","2002.55509924709-01-01","Chokoloskee","Ammonium",42.9695,"ppm",25.8075,-81.3495,0.8
"7107","...109080","FIU_Estuaries","2002.55509924709-01-01","Rabbit Key Pass","Ammonium",1.6758,"ppm",25.77,-81.38333,1
"7108","...109095","FIU_Estuaries","2002.55509924709-01-01","Lopez Bay","Ammonium",28.504,"ppm",25.78417,-81.33217,1
"7109","...109110","FIU_Estuaries","2002.55509924709-01-01","Sunday Bay","Ammonium",19.7155,"ppm",25.796,-81.28,1
"7110","...109125","FIU_Estuaries","2002.55509924709-01-01","Huston Bay","Ammonium",7.1505,"ppm",25.753,-81.2555,1
"7111","...109140","FIU_Estuaries","2002.55509924709-01-01","Upper Chatham River","Ammonium",11.2385,"ppm",25.7175,-81.2305,1
"7112","...109155","FIU_Estuaries","2002.55509924709-01-01","Huston River","Ammonium",18.97,"ppm",25.73133,-81.28467,1
"7113","...109170","FIU_Estuaries","2002.55509924709-01-01","Chevalier Bay","Ammonium",37.3205,"ppm",25.7125,-81.207,0.8
"7114","...109185","FIU_Estuaries","2002.55509924709-01-01","Alligator Bay","Ammonium",10.157,"ppm",25.67017,-81.16867,1
"7115","...109200","FIU_Estuaries","2002.55783709788-01-01","Faka Union River","Ammonium",13.6535,"ppm",25.9,-81.516,1
"7116","...109215","FIU_Estuaries","2002.55783709788-01-01","Blackwater River","Ammonium",2.8245,"ppm",25.9298,-81.60032,0.8
"7117","...109230","FIU_Estuaries","2002.53593429158-01-01","First National","Ammonium",9.0195,"ppm",26.04217,-81.76158,0.915
"7118","...109245","FIU_Estuaries","2002.53593429158-01-01","Wiggins Pass","Ammonium",46.123,"ppm",26.29167,-81.82,0.5
"7119","...109260","FIU_Estuaries","2002.53593429158-01-01","Henderson Creek","Ammonium",9.2855,"ppm",26.0257,-81.7332,0.915
"7120","...109275","FIU_Estuaries","2002.61806981519-01-01","Highway Creek","Ammonium",34.81905,"ppm",25.2536,-80.44415,0.855555555555556
"7121","...109290","FIU_Estuaries","2002.62902121834-01-01","Garfield Bight","Ammonium",9.18155,"ppm",25.15048,-80.80922,0.905555555555556
"7122","...109305","FIU_Estuaries","2002.61806981519-01-01","Chokoloskee","Ammonium",50.8865,"ppm",25.8075,-81.3495,0.8
"7123","...109320","FIU_Estuaries","2002.61806981519-01-01","Rabbit Key Pass","Ammonium",42.5075,"ppm",25.77,-81.38333,1
"7124","...109335","FIU_Estuaries","2002.61806981519-01-01","Lopez Bay","Ammonium",47.187,"ppm",25.78417,-81.33217,1
"7125","...109350","FIU_Estuaries","2002.61806981519-01-01","Sunday Bay","Ammonium",10.129,"ppm",25.796,-81.28,1
"7126","...109365","FIU_Estuaries","2002.61806981519-01-01","Huston Bay","Ammonium",11.3855,"ppm",25.753,-81.2555,1
"7127","...109380","FIU_Estuaries","2002.61806981519-01-01","Upper Chatham River","Ammonium",24.157,"ppm",25.7175,-81.2305,1
"7128","...109395","FIU_Estuaries","2002.61806981519-01-01","Huston River","Ammonium",22.694,"ppm",25.73133,-81.28467,1
"7129","...109410","FIU_Estuaries","2002.61806981519-01-01","Chevalier Bay","Ammonium",53.746,"ppm",25.7125,-81.207,0.8
"7130","...109425","FIU_Estuaries","2002.61806981519-01-01","Alligator Bay","Ammonium",36.1655,"ppm",25.67017,-81.16867,1
"7131","...109440","FIU_Estuaries","2002.62080766598-01-01","Faka Union River","Ammonium",32.0285,"ppm",25.9,-81.516,1
"7132","...109455","FIU_Estuaries","2002.62080766598-01-01","Blackwater River","Ammonium",44.408,"ppm",25.9298,-81.60032,0.8
"7133","...109470","FIU_Estuaries","2002.65366187543-01-01","First National","Ammonium",11.781,"ppm",26.04217,-81.76158,0.915
"7134","...109485","FIU_Estuaries","2002.65366187543-01-01","Wiggins Pass","Ammonium",NA,"ppm",26.29167,-81.82,0.5
"7135","...109500","FIU_Estuaries","2002.65366187543-01-01","Henderson Creek","Ammonium",11.851,"ppm",26.0257,-81.7332,0.915
"7136","...109515","FIU_Estuaries","2002.71115674196-01-01","Highway Creek","Ammonium",50.4035,"ppm",25.2536,-80.44415,0.855555555555556
"7137","...109530","FIU_Estuaries","2002.70841889117-01-01","Garfield Bight","Ammonium",97.0515,"ppm",25.15048,-80.80922,0.905555555555556
"7138","...109545","FIU_Estuaries","2002.71389459274-01-01","Chokoloskee","Ammonium",80.03835,"ppm",25.8075,-81.3495,0.8
"7139","...109560","FIU_Estuaries","2002.71389459274-01-01","Rabbit Key Pass","Ammonium",2.681,"ppm",25.77,-81.38333,1
"7140","...109575","FIU_Estuaries","2002.71389459274-01-01","Lopez Bay","Ammonium",8.5645,"ppm",25.78417,-81.33217,1
"7141","...109590","FIU_Estuaries","2002.71389459274-01-01","Sunday Bay","Ammonium",7.6615,"ppm",25.796,-81.28,1
"7142","...109605","FIU_Estuaries","2002.71389459274-01-01","Huston Bay","Ammonium",13.4855,"ppm",25.753,-81.2555,1
"7143","...109620","FIU_Estuaries","2002.71389459274-01-01","Upper Chatham River","Ammonium",26.831,"ppm",25.7175,-81.2305,1
"7144","...109635","FIU_Estuaries","2002.71389459274-01-01","Huston River","Ammonium",11.4625,"ppm",25.73133,-81.28467,1
"7145","...109650","FIU_Estuaries","2002.71389459274-01-01","Chevalier Bay","Ammonium",64.1585,"ppm",25.7125,-81.207,0.8
"7146","...109665","FIU_Estuaries","2002.71389459274-01-01","Alligator Bay","Ammonium",69.181,"ppm",25.67017,-81.16867,1
"7147","...109680","FIU_Estuaries","2002.71663244353-01-01","Faka Union River","Ammonium",21.5495,"ppm",25.9,-81.516,1
"7148","...109695","FIU_Estuaries","2002.71663244353-01-01","Blackwater River","Ammonium",143.6085,"ppm",25.9298,-81.60032,0.8
"7149","...109710","FIU_Estuaries","2002.72758384668-01-01","First National","Ammonium",20.566,"ppm",26.04217,-81.76158,0.915
"7150","...109725","FIU_Estuaries","2002.72758384668-01-01","Wiggins Pass","Ammonium",71.68,"ppm",26.29167,-81.82,0.5
"7151","...109740","FIU_Estuaries","2002.72758384668-01-01","Henderson Creek","Ammonium",36.344,"ppm",26.0257,-81.7332,0.915
"7152","...109755","FIU_Estuaries","2002.79329226557-01-01","Highway Creek","Ammonium",12.698,"ppm",25.2536,-80.44415,0.855555555555556
"7153","...109770","FIU_Estuaries","2002.79055441478-01-01","Garfield Bight","Ammonium",27.6948,"ppm",25.15048,-80.80922,0.905555555555556
"7154","...109785","FIU_Estuaries","2002.74948665298-01-01","Chokoloskee","Ammonium",51.29215,"ppm",25.8075,-81.3495,0.8
"7155","...109800","FIU_Estuaries","2002.74948665298-01-01","Rabbit Key Pass","Ammonium",18.9651,"ppm",25.77,-81.38333,1
"7156","...109815","FIU_Estuaries","2002.74948665298-01-01","Lopez Bay","Ammonium",69.34095,"ppm",25.78417,-81.33217,1
"7157","...109830","FIU_Estuaries","2002.74948665298-01-01","Sunday Bay","Ammonium",20.69235,"ppm",25.796,-81.28,1
"7158","...109845","FIU_Estuaries","2002.74948665298-01-01","Huston Bay","Ammonium",20.32835,"ppm",25.753,-81.2555,1
"7159","...109860","FIU_Estuaries","2002.74948665298-01-01","Upper Chatham River","Ammonium",39.284,"ppm",25.7175,-81.2305,1
"7160","...109875","FIU_Estuaries","2002.74948665298-01-01","Huston River","Ammonium",25.3645,"ppm",25.73133,-81.28467,1
"7161","...109890","FIU_Estuaries","2002.74948665298-01-01","Chevalier Bay","Ammonium",33.159,"ppm",25.7125,-81.207,0.8
"7162","...109905","FIU_Estuaries","2002.74948665298-01-01","Alligator Bay","Ammonium",30.0265,"ppm",25.67017,-81.16867,1
"7163","...109920","FIU_Estuaries","2002.75222450376-01-01","Faka Union River","Ammonium",28.2345,"ppm",25.9,-81.516,1
"7164","...109935","FIU_Estuaries","2002.75222450376-01-01","Blackwater River","Ammonium",87.199,"ppm",25.9298,-81.60032,0.8
"7165","...109950","FIU_Estuaries","2002.80424366872-01-01","First National","Ammonium",11.1048,"ppm",26.04217,-81.76158,0.915
"7166","...109965","FIU_Estuaries","2002.80424366872-01-01","Wiggins Pass","Ammonium",105.92085,"ppm",26.29167,-81.82,0.5
"7167","...109980","FIU_Estuaries","2002.80424366872-01-01","Henderson Creek","Ammonium",14.8701,"ppm",26.0257,-81.7332,0.915
"7168","...109995","FIU_Estuaries","2002.86995208761-01-01","Highway Creek","Ammonium",24.94275,"ppm",25.2536,-80.44415,0.855555555555556
"7169","...110010","FIU_Estuaries","2002.86721423682-01-01","Garfield Bight","Ammonium",20.77285,"ppm",25.15048,-80.80922,0.905555555555556
"7170","...110025","FIU_Estuaries","2002.86447638604-01-01","Chokoloskee","Ammonium",8.60195,"ppm",25.8075,-81.3495,0.8
"7171","...110040","FIU_Estuaries","2002.86447638604-01-01","Rabbit Key Pass","Ammonium",34.3833,"ppm",25.77,-81.38333,1
"7172","...110055","FIU_Estuaries","2002.86447638604-01-01","Lopez Bay","Ammonium",38.5238,"ppm",25.78417,-81.33217,1
"7173","...110070","FIU_Estuaries","2002.86447638604-01-01","Sunday Bay","Ammonium",22.45705,"ppm",25.796,-81.28,1
"7174","...110085","FIU_Estuaries","2002.86447638604-01-01","Huston Bay","Ammonium",23.5165,"ppm",25.753,-81.2555,1
"7175","...110100","FIU_Estuaries","2002.86447638604-01-01","Upper Chatham River","Ammonium",28.5341,"ppm",25.7175,-81.2305,1
"7176","...110115","FIU_Estuaries","2002.86447638604-01-01","Huston River","Ammonium",12.63465,"ppm",25.73133,-81.28467,1
"7177","...110130","FIU_Estuaries","2002.86447638604-01-01","Chevalier Bay","Ammonium",17.5091,"ppm",25.7125,-81.207,0.8
"7178","...110145","FIU_Estuaries","2002.86447638604-01-01","Alligator Bay","Ammonium",8.76365,"ppm",25.67017,-81.16867,1
"7179","...110160","FIU_Estuaries","2002.86721423682-01-01","Faka Union River","Ammonium",18.9966,"ppm",25.9,-81.516,1
"7180","...110175","FIU_Estuaries","2002.86721423682-01-01","Blackwater River","Ammonium",52.0282,"ppm",25.9298,-81.60032,0.8
"7181","...110190","FIU_Estuaries","2002.90006844627-01-01","First National","Ammonium",15.25405,"ppm",26.04217,-81.76158,0.915
"7182","...110205","FIU_Estuaries","2002.90280629706-01-01","Wiggins Pass","Ammonium",124.1618,"ppm",26.29167,-81.82,0.5
"7183","...110220","FIU_Estuaries","2002.90006844627-01-01","Henderson Creek","Ammonium",58.2953,"ppm",26.0257,-81.7332,0.915
"7184","...110235","FIU_Estuaries","2002.94387405886-01-01","Highway Creek","Ammonium",59.52205,"ppm",25.2536,-80.44415,0.855555555555556
"7185","...110250","FIU_Estuaries","2002.94113620808-01-01","Garfield Bight","Ammonium",41.3651,"ppm",25.15048,-80.80922,0.905555555555556
"7186","...110265","FIU_Estuaries","2002.94113620808-01-01","Chokoloskee","Ammonium",45.59065,"ppm",25.8075,-81.3495,0.8
"7187","...110280","FIU_Estuaries","2002.94113620808-01-01","Rabbit Key Pass","Ammonium",45.28055,"ppm",25.77,-81.38333,1
"7188","...110295","FIU_Estuaries","2002.94113620808-01-01","Lopez Bay","Ammonium",50.91765,"ppm",25.78417,-81.33217,1
"7189","...110310","FIU_Estuaries","2002.94113620808-01-01","Sunday Bay","Ammonium",32.06035,"ppm",25.796,-81.28,1
"7190","...110325","FIU_Estuaries","2002.94113620808-01-01","Huston Bay","Ammonium",18.7299,"ppm",25.753,-81.2555,1
"7191","...110340","FIU_Estuaries","2002.94113620808-01-01","Upper Chatham River","Ammonium",42.8134,"ppm",25.7175,-81.2305,1
"7192","...110355","FIU_Estuaries","2002.94113620808-01-01","Huston River","Ammonium",28.238,"ppm",25.73133,-81.28467,1
"7193","...110370","FIU_Estuaries","2002.94113620808-01-01","Chevalier Bay","Ammonium",41.6612,"ppm",25.7125,-81.207,0.8
"7194","...110385","FIU_Estuaries","2002.94113620808-01-01","Alligator Bay","Ammonium",5.3375,"ppm",25.67017,-81.16867,1
"7195","...110400","FIU_Estuaries","2002.94387405886-01-01","Faka Union River","Ammonium",38.3061,"ppm",25.9,-81.516,1
"7196","...110415","FIU_Estuaries","2002.94387405886-01-01","Blackwater River","Ammonium",24.92455,"ppm",25.9298,-81.60032,0.8
"7197","...110430","FIU_Estuaries","2002.9575633128-01-01","First National","Ammonium",23.78705,"ppm",26.04217,-81.76158,0.915
"7198","...110445","FIU_Estuaries","2002.9575633128-01-01","Wiggins Pass","Ammonium",117.4474,"ppm",26.29167,-81.82,0.5
"7199","...110460","FIU_Estuaries","2002.9575633128-01-01","Henderson Creek","Ammonium",14.5992,"ppm",26.0257,-81.7332,0.915
"7200","...110475","FIU_Estuaries","2003.07255304586-01-01","Highway Creek","Ammonium",18.6263,"ppm",25.2536,-80.44415,0.855555555555556
"7201","...110490","FIU_Estuaries","2003.07255304586-01-01","Garfield Bight","Ammonium",37.2974,"ppm",25.15048,-80.80922,0.905555555555556
"7202","...110505","FIU_Estuaries","2003.03696098563-01-01","Chokoloskee","Ammonium",18.77925,"ppm",25.8075,-81.3495,0.8
"7203","...110520","FIU_Estuaries","2003.03696098563-01-01","Rabbit Key Pass","Ammonium",10.605,"ppm",25.77,-81.38333,1
"7204","...110535","FIU_Estuaries","2003.03696098563-01-01","Lopez Bay","Ammonium",22.48855,"ppm",25.78417,-81.33217,1
"7205","...110550","FIU_Estuaries","2003.03696098563-01-01","Sunday Bay","Ammonium",25.102,"ppm",25.796,-81.28,1
"7206","...110565","FIU_Estuaries","2003.03696098563-01-01","Huston Bay","Ammonium",14.7735,"ppm",25.753,-81.2555,1
"7207","...110580","FIU_Estuaries","2003.03696098563-01-01","Upper Chatham River","Ammonium",11.3995,"ppm",25.7175,-81.2305,1
"7208","...110595","FIU_Estuaries","2003.03696098563-01-01","Huston River","Ammonium",12.502,"ppm",25.73133,-81.28467,1
"7209","...110610","FIU_Estuaries","2003.03696098563-01-01","Chevalier Bay","Ammonium",8.106,"ppm",25.7125,-81.207,0.8
"7210","...110625","FIU_Estuaries","2003.03696098563-01-01","Alligator Bay","Ammonium",9.317,"ppm",25.67017,-81.16867,1
"7211","...110640","FIU_Estuaries","2003.03969883641-01-01","Faka Union River","Ammonium",28.67235,"ppm",25.9,-81.516,1
"7212","...110655","FIU_Estuaries","2003.03969883641-01-01","Blackwater River","Ammonium",12.06415,"ppm",25.9298,-81.60032,0.8
"7213","...110670","FIU_Estuaries","2003.05338809035-01-01","First National","Ammonium",5.46175,"ppm",26.04217,-81.76158,0.915
"7214","...110685","FIU_Estuaries","2003.05338809035-01-01","Wiggins Pass","Ammonium",56.8512,"ppm",26.29167,-81.82,0.5
"7215","...110700","FIU_Estuaries","2003.05338809035-01-01","Henderson Creek","Ammonium",28.69895,"ppm",26.0257,-81.7332,0.915
"7216","...110715","FIU_Estuaries","2003.1492128679-01-01","Highway Creek","Ammonium",105.0875,"ppm",25.2536,-80.44415,0.855555555555556
"7217","...110730","FIU_Estuaries","2003.1492128679-01-01","Garfield Bight","Ammonium",54.593,"ppm",25.15048,-80.80922,0.905555555555556
"7218","...110745","FIU_Estuaries","2003.13552361396-01-01","Chokoloskee","Ammonium",14.868,"ppm",25.8075,-81.3495,0.8
"7219","...110760","FIU_Estuaries","2003.13552361396-01-01","Rabbit Key Pass","Ammonium",11.3785,"ppm",25.77,-81.38333,1
"7220","...110775","FIU_Estuaries","2003.13552361396-01-01","Lopez Bay","Ammonium",15.834,"ppm",25.78417,-81.33217,1
"7221","...110790","FIU_Estuaries","2003.13552361396-01-01","Sunday Bay","Ammonium",12.4005,"ppm",25.796,-81.28,1
"7222","...110805","FIU_Estuaries","2003.13552361396-01-01","Huston Bay","Ammonium",6.3805,"ppm",25.753,-81.2555,1
"7223","...110820","FIU_Estuaries","2003.13552361396-01-01","Upper Chatham River","Ammonium",5.53,"ppm",25.7175,-81.2305,1
"7224","...110835","FIU_Estuaries","2003.13552361396-01-01","Huston River","Ammonium",9.709,"ppm",25.73133,-81.28467,1
"7225","...110850","FIU_Estuaries","2003.13552361396-01-01","Chevalier Bay","Ammonium",5.061,"ppm",25.7125,-81.207,0.8
"7226","...110865","FIU_Estuaries","2003.13552361396-01-01","Alligator Bay","Ammonium",12.661544,"ppm",25.67017,-81.16867,1
"7227","...110880","FIU_Estuaries","2003.13826146475-01-01","Faka Union River","Ammonium",32.0090435,"ppm",25.9,-81.516,1
"7228","...110895","FIU_Estuaries","2003.13826146475-01-01","Blackwater River","Ammonium",90.7817995,"ppm",25.9298,-81.60032,0.8
"7229","...110910","FIU_Estuaries","2003.13004791239-01-01","First National","Ammonium",16.46855,"ppm",26.04217,-81.76158,0.915
"7230","...110925","FIU_Estuaries","2003.13004791239-01-01","Wiggins Pass","Ammonium",25.38235,"ppm",26.29167,-81.82,0.5
"7231","...110940","FIU_Estuaries","2003.13004791239-01-01","Henderson Creek","Ammonium",98.29645,"ppm",26.0257,-81.7332,0.915
"7232","...110955","FIU_Estuaries","2003.19028062971-01-01","Highway Creek","Ammonium",69.19045,"ppm",25.2536,-80.44415,0.855555555555556
"7233","...110970","FIU_Estuaries","2003.19301848049-01-01","Garfield Bight","Ammonium",27.9678,"ppm",25.15048,-80.80922,0.905555555555556
"7234","...110985","FIU_Estuaries","2003.19028062971-01-01","Chokoloskee","Ammonium",24.07615,"ppm",25.8075,-81.3495,0.8
"7235","...111000","FIU_Estuaries","2003.19028062971-01-01","Rabbit Key Pass","Ammonium",2.6957,"ppm",25.77,-81.38333,1
"7236","...111015","FIU_Estuaries","2003.19028062971-01-01","Lopez Bay","Ammonium",17.6253,"ppm",25.78417,-81.33217,1
"7237","...111030","FIU_Estuaries","2003.19028062971-01-01","Sunday Bay","Ammonium",34.8243,"ppm",25.796,-81.28,1
"7238","...111045","FIU_Estuaries","2003.19028062971-01-01","Huston Bay","Ammonium",22.48435,"ppm",25.753,-81.2555,1
"7239","...111060","FIU_Estuaries","2003.19028062971-01-01","Upper Chatham River","Ammonium",8.41015,"ppm",25.7175,-81.2305,1
"7240","...111075","FIU_Estuaries","2003.19028062971-01-01","Huston River","Ammonium",7.5824,"ppm",25.73133,-81.28467,1
"7241","...111090","FIU_Estuaries","2003.19028062971-01-01","Chevalier Bay","Ammonium",16.1217,"ppm",25.7125,-81.207,0.8
"7242","...111105","FIU_Estuaries","2003.19028062971-01-01","Alligator Bay","Ammonium",32.6053,"ppm",25.67017,-81.16867,1
"7243","...111120","FIU_Estuaries","2003.19301848049-01-01","Faka Union River","Ammonium",7.9317,"ppm",25.9,-81.516,1
"7244","...111135","FIU_Estuaries","2003.19301848049-01-01","Blackwater River","Ammonium",42.0154,"ppm",25.9298,-81.60032,0.8
"7245","...111150","FIU_Estuaries","2003.22587268994-01-01","First National","Ammonium",52.6491,"ppm",26.04217,-81.76158,0.915
"7246","...111165","FIU_Estuaries","2003.22587268994-01-01","Wiggins Pass","Ammonium",3.227,"ppm",26.29167,-81.82,0.5
"7247","...111180","FIU_Estuaries","2003.22587268994-01-01","Henderson Creek","Ammonium",18.84995,"ppm",26.0257,-81.7332,0.915
"7248","...111195","FIU_Estuaries","2003.26694045175-01-01","Highway Creek","Ammonium",177.457,"ppm",25.2536,-80.44415,0.855555555555556
"7249","...111210","FIU_Estuaries","2003.26694045175-01-01","Garfield Bight","Ammonium",10.18605,"ppm",25.15048,-80.80922,0.905555555555556
"7250","...111225","FIU_Estuaries","2003.24503764545-01-01","Chokoloskee","Ammonium",25.9945,"ppm",25.8075,-81.3495,0.8
"7251","...111240","FIU_Estuaries","2003.24503764545-01-01","Rabbit Key Pass","Ammonium",9.8595,"ppm",25.77,-81.38333,1
"7252","...111255","FIU_Estuaries","2003.24503764545-01-01","Lopez Bay","Ammonium",63.497,"ppm",25.78417,-81.33217,1
"7253","...111270","FIU_Estuaries","2003.24503764545-01-01","Sunday Bay","Ammonium",103.159,"ppm",25.796,-81.28,1
"7254","...111285","FIU_Estuaries","2003.24503764545-01-01","Huston Bay","Ammonium",30.2225,"ppm",25.753,-81.2555,1
"7255","...111300","FIU_Estuaries","2003.24503764545-01-01","Upper Chatham River","Ammonium",49.63,"ppm",25.7175,-81.2305,1
"7256","...111315","FIU_Estuaries","2003.24503764545-01-01","Huston River","Ammonium",35.616,"ppm",25.73133,-81.28467,1
"7257","...111330","FIU_Estuaries","2003.24503764545-01-01","Chevalier Bay","Ammonium",25.7285,"ppm",25.7125,-81.207,0.8
"7258","...111345","FIU_Estuaries","2003.24503764545-01-01","Alligator Bay","Ammonium",22.386,"ppm",25.67017,-81.16867,1
"7259","...111360","FIU_Estuaries","2003.24777549624-01-01","Faka Union River","Ammonium",73.5875,"ppm",25.9,-81.516,1
"7260","...111375","FIU_Estuaries","2003.24777549624-01-01","Blackwater River","Ammonium",133.9485,"ppm",25.9298,-81.60032,0.8
"7261","...111390","FIU_Estuaries","2003.30527036277-01-01","First National","Ammonium",19.383,"ppm",26.04217,-81.76158,0.915
"7262","...111405","FIU_Estuaries","2003.30527036277-01-01","Wiggins Pass","Ammonium",54.516,"ppm",26.29167,-81.82,0.5
"7263","...111420","FIU_Estuaries","2003.30527036277-01-01","Henderson Creek","Ammonium",7.2625,"ppm",26.0257,-81.7332,0.915
"7264","...111435","FIU_Estuaries","2003.34360027379-01-01","Highway Creek","Ammonium",NA,"ppm",25.2536,-80.44415,0.855555555555556
"7265","...111450","FIU_Estuaries","2003.34633812457-01-01","Garfield Bight","Ammonium",75.8555,"ppm",25.15048,-80.80922,0.905555555555556
"7266","...111465","FIU_Estuaries","2003.36002737851-01-01","Chokoloskee","Ammonium",2.023,"ppm",25.8075,-81.3495,0.8
"7267","...111480","FIU_Estuaries","2003.36002737851-01-01","Rabbit Key Pass","Ammonium",1.981,"ppm",25.77,-81.38333,1
"7268","...111495","FIU_Estuaries","2003.36002737851-01-01","Lopez Bay","Ammonium",2.24,"ppm",25.78417,-81.33217,1
"7269","...111510","FIU_Estuaries","2003.36002737851-01-01","Sunday Bay","Ammonium",69.986,"ppm",25.796,-81.28,1
"7270","...111525","FIU_Estuaries","2003.36002737851-01-01","Huston Bay","Ammonium",46.1965,"ppm",25.753,-81.2555,1
"7271","...111540","FIU_Estuaries","2003.36002737851-01-01","Upper Chatham River","Ammonium",20.16,"ppm",25.7175,-81.2305,1
"7272","...111555","FIU_Estuaries","2003.36002737851-01-01","Huston River","Ammonium",8.9845,"ppm",25.73133,-81.28467,1
"7273","...111570","FIU_Estuaries","2003.36002737851-01-01","Chevalier Bay","Ammonium",6.342,"ppm",25.7125,-81.207,0.8
"7274","...111585","FIU_Estuaries","2003.36002737851-01-01","Alligator Bay","Ammonium",62.244,"ppm",25.67017,-81.16867,1
"7275","...111600","FIU_Estuaries","2003.3627652293-01-01","Faka Union River","Ammonium",41.2055,"ppm",25.9,-81.516,1
"7276","...111615","FIU_Estuaries","2003.3627652293-01-01","Blackwater River","Ammonium",37.0615,"ppm",25.9298,-81.60032,0.8
"7277","...111630","FIU_Estuaries","2003.36002737851-01-01","First National","Ammonium",25.9595,"ppm",26.04217,-81.76158,0.915
"7278","...111645","FIU_Estuaries","2003.36002737851-01-01","Wiggins Pass","Ammonium",62.818,"ppm",26.29167,-81.82,0.5
"7279","...111660","FIU_Estuaries","2003.36002737851-01-01","Henderson Creek","Ammonium",8.5225,"ppm",26.0257,-81.7332,0.915
"7280","...111675","FIU_Estuaries","2003.43942505133-01-01","Highway Creek","Ammonium",94.654,"ppm",25.2536,-80.44415,0.855555555555556
"7281","...111690","FIU_Estuaries","2003.43668720055-01-01","Garfield Bight","Ammonium",71.6835,"ppm",25.15048,-80.80922,0.905555555555556
"7282","...111705","FIU_Estuaries","2003.43668720055-01-01","Chokoloskee","Ammonium",93.79335,"ppm",25.8075,-81.3495,0.8
"7283","...111720","FIU_Estuaries","2003.43668720055-01-01","Rabbit Key Pass","Ammonium",5.31685,"ppm",25.77,-81.38333,1
"7284","...111735","FIU_Estuaries","2003.43668720055-01-01","Lopez Bay","Ammonium",32.3925,"ppm",25.78417,-81.33217,1
"7285","...111750","FIU_Estuaries","2003.43668720055-01-01","Sunday Bay","Ammonium",109.6928,"ppm",25.796,-81.28,1
"7286","...111765","FIU_Estuaries","2003.43668720055-01-01","Huston Bay","Ammonium",157.83985,"ppm",25.753,-81.2555,1
"7287","...111780","FIU_Estuaries","2003.43668720055-01-01","Upper Chatham River","Ammonium",98.80325,"ppm",25.7175,-81.2305,1
"7288","...111795","FIU_Estuaries","2003.43668720055-01-01","Huston River","Ammonium",158.6088,"ppm",25.73133,-81.28467,1
"7289","...111810","FIU_Estuaries","2003.43668720055-01-01","Chevalier Bay","Ammonium",83.4519,"ppm",25.7125,-81.207,0.8
"7290","...111825","FIU_Estuaries","2003.43668720055-01-01","Alligator Bay","Ammonium",21.1729,"ppm",25.67017,-81.16867,1
"7291","...111840","FIU_Estuaries","2003.43942505133-01-01","Faka Union River","Ammonium",28.20125,"ppm",25.9,-81.516,1
"7292","...111855","FIU_Estuaries","2003.43942505133-01-01","Blackwater River","Ammonium",36.89035,"ppm",25.9298,-81.60032,0.8
"7293","...111870","FIU_Estuaries","2003.45585215606-01-01","First National","Ammonium",22.967,"ppm",26.04217,-81.76158,0.915
"7294","...111885","FIU_Estuaries","2003.45585215606-01-01","Wiggins Pass","Ammonium",9.1812,"ppm",26.29167,-81.82,0.5
"7295","...111900","FIU_Estuaries","2003.45585215606-01-01","Henderson Creek","Ammonium",3.6792,"ppm",26.0257,-81.7332,0.915
"7296","...111915","FIU_Estuaries","2003.49691991786-01-01","Highway Creek","Ammonium",99.00765,"ppm",25.2536,-80.44415,0.855555555555556
"7297","...111930","FIU_Estuaries","2003.49418206708-01-01","Garfield Bight","Ammonium",6.1698,"ppm",25.15048,-80.80922,0.905555555555556
"7298","...111945","FIU_Estuaries","2003.49691991786-01-01","Chokoloskee","Ammonium",71.9572,"ppm",25.8075,-81.3495,0.8
"7299","...111960","FIU_Estuaries","2003.49691991786-01-01","Rabbit Key Pass","Ammonium",10.4797,"ppm",25.77,-81.38333,1
"7300","...111975","FIU_Estuaries","2003.49691991786-01-01","Lopez Bay","Ammonium",26.89155,"ppm",25.78417,-81.33217,1
"7301","...111990","FIU_Estuaries","2003.49691991786-01-01","Sunday Bay","Ammonium",6.7277,"ppm",25.796,-81.28,1
"7302","...112005","FIU_Estuaries","2003.49691991786-01-01","Huston Bay","Ammonium",10.89095,"ppm",25.753,-81.2555,1
"7303","...112020","FIU_Estuaries","2003.49691991786-01-01","Upper Chatham River","Ammonium",46.5969,"ppm",25.7175,-81.2305,1
"7304","...112035","FIU_Estuaries","2003.49691991786-01-01","Huston River","Ammonium",16.18295,"ppm",25.73133,-81.28467,1
"7305","...112050","FIU_Estuaries","2003.49691991786-01-01","Chevalier Bay","Ammonium",135.26345,"ppm",25.7125,-81.207,0.8
"7306","...112065","FIU_Estuaries","2003.49691991786-01-01","Alligator Bay","Ammonium",11.05055,"ppm",25.67017,-81.16867,1
"7307","...112080","FIU_Estuaries","2003.49965776865-01-01","Faka Union River","Ammonium",15.9404,"ppm",25.9,-81.516,1
"7308","...112095","FIU_Estuaries","2003.49965776865-01-01","Blackwater River","Ammonium",84.80745,"ppm",25.9298,-81.60032,0.8
"7309","...112110","FIU_Estuaries","2003.5106091718-01-01","First National","Ammonium",7.4242,"ppm",26.04217,-81.76158,0.915
"7310","...112125","FIU_Estuaries","2003.5106091718-01-01","Wiggins Pass","Ammonium",85.14485,"ppm",26.29167,-81.82,0.5
"7311","...112140","FIU_Estuaries","2003.5106091718-01-01","Henderson Creek","Ammonium",8.37865,"ppm",26.0257,-81.7332,0.915
"7312","...112155","FIU_Estuaries","2003.63381245722-01-01","Highway Creek","Ammonium",27.566,"ppm",25.2536,-80.44415,0.855555555555556
"7313","...112170","FIU_Estuaries","2003.64476386037-01-01","Garfield Bight","Ammonium",7.5915,"ppm",25.15048,-80.80922,0.905555555555556
"7314","...112185","FIU_Estuaries","2003.64750171116-01-01","Chokoloskee","Ammonium",63.665,"ppm",25.8075,-81.3495,0.8
"7315","...112200","FIU_Estuaries","2003.64750171116-01-01","Rabbit Key Pass","Ammonium",5.663,"ppm",25.77,-81.38333,1
"7316","...112215","FIU_Estuaries","2003.64750171116-01-01","Lopez Bay","Ammonium",45.094,"ppm",25.78417,-81.33217,1
"7317","...112230","FIU_Estuaries","2003.64750171116-01-01","Sunday Bay","Ammonium",3.70335,"ppm",25.796,-81.28,1
"7318","...112245","FIU_Estuaries","2003.64750171116-01-01","Huston Bay","Ammonium",2.9981,"ppm",25.753,-81.2555,1
"7319","...112260","FIU_Estuaries","2003.64750171116-01-01","Upper Chatham River","Ammonium",7.17885,"ppm",25.7175,-81.2305,1
"7320","...112275","FIU_Estuaries","2003.64750171116-01-01","Huston River","Ammonium",5.30845,"ppm",25.73133,-81.28467,1
"7321","...112290","FIU_Estuaries","2003.64750171116-01-01","Chevalier Bay","Ammonium",12.26435,"ppm",25.7125,-81.207,0.8
"7322","...112305","FIU_Estuaries","2003.64750171116-01-01","Alligator Bay","Ammonium",3.7919,"ppm",25.67017,-81.16867,1
"7323","...112320","FIU_Estuaries","2003.65023956194-01-01","Faka Union River","Ammonium",16.093,"ppm",25.9,-81.516,1
"7324","...112335","FIU_Estuaries","2003.65023956194-01-01","Blackwater River","Ammonium",111.36825,"ppm",25.9298,-81.60032,0.8
"7325","...112350","FIU_Estuaries","2003.61190965092-01-01","First National","Ammonium",37.163,"ppm",26.04217,-81.76158,0.915
"7326","...112365","FIU_Estuaries","2003.61190965092-01-01","Wiggins Pass","Ammonium",63.287,"ppm",26.29167,-81.82,0.5
"7327","...112380","FIU_Estuaries","2003.61190965092-01-01","Henderson Creek","Ammonium",86.639,"ppm",26.0257,-81.7332,0.915
"7328","...112395","FIU_Estuaries","2003.68309377139-01-01","Highway Creek","Ammonium",17.955,"ppm",25.2536,-80.44415,0.855555555555556
"7329","...112410","FIU_Estuaries","2003.68583162218-01-01","Garfield Bight","Ammonium",154.105,"ppm",25.15048,-80.80922,0.905555555555556
"7330","...112425","FIU_Estuaries","2003.70499657769-01-01","Chokoloskee","Ammonium",25.9539,"ppm",25.8075,-81.3495,0.8
"7331","...112440","FIU_Estuaries","2003.70499657769-01-01","Rabbit Key Pass","Ammonium",8.68945,"ppm",25.77,-81.38333,1
"7332","...112455","FIU_Estuaries","2003.70499657769-01-01","Lopez Bay","Ammonium",23.1749,"ppm",25.78417,-81.33217,1
"7333","...112470","FIU_Estuaries","2003.70499657769-01-01","Sunday Bay","Ammonium",8.38985,"ppm",25.796,-81.28,1
"7334","...112485","FIU_Estuaries","2003.70499657769-01-01","Huston Bay","Ammonium",9.94805,"ppm",25.753,-81.2555,1
"7335","...112500","FIU_Estuaries","2003.70499657769-01-01","Upper Chatham River","Ammonium",21.5194,"ppm",25.7175,-81.2305,1
"7336","...112515","FIU_Estuaries","2003.70499657769-01-01","Huston River","Ammonium",14.47985,"ppm",25.73133,-81.28467,1
"7337","...112530","FIU_Estuaries","2003.70499657769-01-01","Chevalier Bay","Ammonium",46.2728,"ppm",25.7125,-81.207,0.8
"7338","...112545","FIU_Estuaries","2003.70499657769-01-01","Alligator Bay","Ammonium",7.1764,"ppm",25.67017,-81.16867,1
"7339","...112560","FIU_Estuaries","2003.71321013005-01-01","Faka Union River","Ammonium",19.7827,"ppm",25.9,-81.516,1
"7340","...112575","FIU_Estuaries","2003.71321013005-01-01","Blackwater River","Ammonium",47.0386,"ppm",25.9298,-81.60032,0.8
"7341","...112590","FIU_Estuaries","2003.7241615332-01-01","First National","Ammonium",1.7738,"ppm",26.04217,-81.76158,0.915
"7342","...112605","FIU_Estuaries","2003.7241615332-01-01","Wiggins Pass","Ammonium",69.692,"ppm",26.29167,-81.82,0.5
"7343","...112620","FIU_Estuaries","2003.7241615332-01-01","Henderson Creek","Ammonium",19.5188,"ppm",26.0257,-81.7332,0.915
"7344","...112635","FIU_Estuaries","2003.7871321013-01-01","Highway Creek","Ammonium",44.6075,"ppm",25.2536,-80.44415,0.855555555555556
"7345","...112650","FIU_Estuaries","2003.78439425051-01-01","Garfield Bight","Ammonium",43.7885,"ppm",25.15048,-80.80922,0.905555555555556
"7346","...112665","FIU_Estuaries","2003.78439425051-01-01","Chokoloskee","Ammonium",18.746,"ppm",25.8075,-81.3495,0.8
"7347","...112680","FIU_Estuaries","2003.78439425051-01-01","Rabbit Key Pass","Ammonium",24.738,"ppm",25.77,-81.38333,1
"7348","...112695","FIU_Estuaries","2003.78439425051-01-01","Lopez Bay","Ammonium",24.8675,"ppm",25.78417,-81.33217,1
"7349","...112710","FIU_Estuaries","2003.78439425051-01-01","Sunday Bay","Ammonium",3.724,"ppm",25.796,-81.28,1
"7350","...112725","FIU_Estuaries","2003.78439425051-01-01","Huston Bay","Ammonium",4.0705,"ppm",25.753,-81.2555,1
"7351","...112740","FIU_Estuaries","2003.78439425051-01-01","Upper Chatham River","Ammonium",18.3155,"ppm",25.7175,-81.2305,1
"7352","...112755","FIU_Estuaries","2003.78439425051-01-01","Huston River","Ammonium",8.05,"ppm",25.73133,-81.28467,1
"7353","...112770","FIU_Estuaries","2003.78439425051-01-01","Chevalier Bay","Ammonium",21.308,"ppm",25.7125,-81.207,0.8
"7354","...112785","FIU_Estuaries","2003.78439425051-01-01","Alligator Bay","Ammonium",8.939,"ppm",25.67017,-81.16867,1
"7355","...112800","FIU_Estuaries","2003.7871321013-01-01","Faka Union River","Ammonium",16.492,"ppm",25.9,-81.516,1
"7356","...112815","FIU_Estuaries","2003.7871321013-01-01","Blackwater River","Ammonium",65.681,"ppm",25.9298,-81.60032,0.8
"7357","...112830","FIU_Estuaries","2003.80082135524-01-01","First National","Ammonium",1.337,"ppm",26.04217,-81.76158,0.915
"7358","...112845","FIU_Estuaries","2003.80082135524-01-01","Wiggins Pass","Ammonium",86.135,"ppm",26.29167,-81.82,0.5
"7359","...112860","FIU_Estuaries","2003.80082135524-01-01","Henderson Creek","Ammonium",8.9565,"ppm",26.0257,-81.7332,0.915
"7360","...112875","FIU_Estuaries","2003.84188911704-01-01","Highway Creek","Ammonium",55.98985,"ppm",25.2536,-80.44415,0.855555555555556
"7361","...112890","FIU_Estuaries","2003.84736481862-01-01","Garfield Bight","Ammonium",45.9116,"ppm",25.15048,-80.80922,0.905555555555556
"7362","...112905","FIU_Estuaries","2003.83915126626-01-01","Chokoloskee","Ammonium",29.2845,"ppm",25.8075,-81.3495,0.8
"7363","...112920","FIU_Estuaries","2003.83915126626-01-01","Rabbit Key Pass","Ammonium",20.286,"ppm",25.77,-81.38333,1
"7364","...112935","FIU_Estuaries","2003.83915126626-01-01","Lopez Bay","Ammonium",33.922,"ppm",25.78417,-81.33217,1
"7365","...112950","FIU_Estuaries","2003.83915126626-01-01","Sunday Bay","Ammonium",14.497,"ppm",25.796,-81.28,1
"7366","...112965","FIU_Estuaries","2003.83915126626-01-01","Huston Bay","Ammonium",22.799,"ppm",25.753,-81.2555,1
"7367","...112980","FIU_Estuaries","2003.83915126626-01-01","Upper Chatham River","Ammonium",32.837,"ppm",25.7175,-81.2305,1
"7368","...112995","FIU_Estuaries","2003.83915126626-01-01","Huston River","Ammonium",11.9595,"ppm",25.73133,-81.28467,1
"7369","...113010","FIU_Estuaries","2003.83915126626-01-01","Chevalier Bay","Ammonium",30.8,"ppm",25.7125,-81.207,0.8
"7370","...113025","FIU_Estuaries","2003.83915126626-01-01","Alligator Bay","Ammonium",9.0755,"ppm",25.67017,-81.16867,1
"7371","...113040","FIU_Estuaries","2003.84188911704-01-01","Faka Union River","Ammonium",43.015,"ppm",25.9,-81.516,1
"7372","...113055","FIU_Estuaries","2003.84188911704-01-01","Blackwater River","Ammonium",53.732,"ppm",25.9298,-81.60032,0.8
"7373","...113070","FIU_Estuaries","2003.87748117728-01-01","First National","Ammonium",2.73,"ppm",26.04217,-81.76158,0.915
"7374","...113085","FIU_Estuaries","2003.87748117728-01-01","Wiggins Pass","Ammonium",99.8235,"ppm",26.29167,-81.82,0.5
"7375","...113100","FIU_Estuaries","2003.87748117728-01-01","Henderson Creek","Ammonium",2.5865,"ppm",26.0257,-81.7332,0.915
"7376","...113115","FIU_Estuaries","2003.9158110883-01-01","Highway Creek","Ammonium",44.527,"ppm",25.2536,-80.44415,0.855555555555556
"7377","...113130","FIU_Estuaries","2003.91854893908-01-01","Garfield Bight","Ammonium",5.8065,"ppm",25.15048,-80.80922,0.905555555555556
"7378","...113145","FIU_Estuaries","2003.9158110883-01-01","Chokoloskee","Ammonium",15.6485,"ppm",25.8075,-81.3495,0.8
"7379","...113160","FIU_Estuaries","2003.9158110883-01-01","Rabbit Key Pass","Ammonium",11.0495,"ppm",25.77,-81.38333,1
"7380","...113175","FIU_Estuaries","2003.9158110883-01-01","Lopez Bay","Ammonium",16.8035,"ppm",25.78417,-81.33217,1
"7381","...113190","FIU_Estuaries","2003.9158110883-01-01","Sunday Bay","Ammonium",28.574,"ppm",25.796,-81.28,1
"7382","...113205","FIU_Estuaries","2003.9158110883-01-01","Huston Bay","Ammonium",29.862,"ppm",25.753,-81.2555,1
"7383","...113220","FIU_Estuaries","2003.9158110883-01-01","Upper Chatham River","Ammonium",50.8095,"ppm",25.7175,-81.2305,1
"7384","...113235","FIU_Estuaries","2003.9158110883-01-01","Huston River","Ammonium",24.3145,"ppm",25.73133,-81.28467,1
"7385","...113250","FIU_Estuaries","2003.9158110883-01-01","Chevalier Bay","Ammonium",46.7775,"ppm",25.7125,-81.207,0.8
"7386","...113265","FIU_Estuaries","2003.9158110883-01-01","Alligator Bay","Ammonium",9.24,"ppm",25.67017,-81.16867,1
"7387","...113280","FIU_Estuaries","2003.91854893908-01-01","Faka Union River","Ammonium",28.504,"ppm",25.9,-81.516,1
"7388","...113295","FIU_Estuaries","2003.91854893908-01-01","Blackwater River","Ammonium",8.6485,"ppm",25.9298,-81.60032,0.8
"7389","...113310","FIU_Estuaries","2003.93497604381-01-01","First National","Ammonium",3.3145,"ppm",26.04217,-81.76158,0.915
"7390","...113325","FIU_Estuaries","2003.93771389459-01-01","Wiggins Pass","Ammonium",30.4465,"ppm",26.29167,-81.82,0.5
"7391","...113340","FIU_Estuaries","2003.93497604381-01-01","Henderson Creek","Ammonium",4.3225,"ppm",26.0257,-81.7332,0.915
"7392","...113355","FIU_Estuaries","2004.05544147844-01-01","Highway Creek","Ammonium",119.1575,"ppm",25.2536,-80.44415,0.855555555555556
"7393","...113370","FIU_Estuaries","2004.05270362765-01-01","Garfield Bight","Ammonium",120.792,"ppm",25.15048,-80.80922,0.905555555555556
"7394","...113385","FIU_Estuaries","2004.06913073238-01-01","Chokoloskee","Ammonium",4.207,"ppm",25.8075,-81.3495,0.8
"7395","...113400","FIU_Estuaries","2004.06913073238-01-01","Rabbit Key Pass","Ammonium",2.191,"ppm",25.77,-81.38333,1
"7396","...113415","FIU_Estuaries","2004.06913073238-01-01","Lopez Bay","Ammonium",6.2755,"ppm",25.78417,-81.33217,1
"7397","...113430","FIU_Estuaries","2004.06913073238-01-01","Sunday Bay","Ammonium",36.2075,"ppm",25.796,-81.28,1
"7398","...113445","FIU_Estuaries","2004.06913073238-01-01","Huston Bay","Ammonium",55.363,"ppm",25.753,-81.2555,1
"7399","...113460","FIU_Estuaries","2004.06913073238-01-01","Upper Chatham River","Ammonium",54.075,"ppm",25.7175,-81.2305,1
"7400","...113475","FIU_Estuaries","2004.06913073238-01-01","Huston River","Ammonium",39.7145,"ppm",25.73133,-81.28467,1
"7401","...113490","FIU_Estuaries","2004.06913073238-01-01","Chevalier Bay","Ammonium",56.7315,"ppm",25.7125,-81.207,0.8
"7402","...113505","FIU_Estuaries","2004.06913073238-01-01","Alligator Bay","Ammonium",7.154,"ppm",25.67017,-81.16867,1
"7403","...113520","FIU_Estuaries","2004.07186858316-01-01","Faka Union River","Ammonium",47.1345,"ppm",25.9,-81.516,1
"7404","...113535","FIU_Estuaries","2004.07186858316-01-01","Blackwater River","Ammonium",61.7365,"ppm",25.9298,-81.60032,0.8
"7405","...113550","FIU_Estuaries","2004.01984941821-01-01","First National","Ammonium",8.9985,"ppm",26.04217,-81.76158,0.915
"7406","...113565","FIU_Estuaries","2004.01711156742-01-01","Wiggins Pass","Ammonium",32.6165,"ppm",26.29167,-81.82,0.5
"7407","...113580","FIU_Estuaries","2004.01984941821-01-01","Henderson Creek","Ammonium",19.5475,"ppm",26.0257,-81.7332,0.915
"7408","...113595","FIU_Estuaries","2004.1485284052-01-01","Highway Creek","Ammonium",28.00105,"ppm",25.2536,-80.44415,0.855555555555556
"7409","...113610","FIU_Estuaries","2004.14579055441-01-01","Garfield Bight","Ammonium",85.1242,"ppm",25.15048,-80.80922,0.905555555555556
"7410","...113625","FIU_Estuaries","2004.1266255989-01-01","Chokoloskee","Ammonium",17.6024765,"ppm",25.8075,-81.3495,0.8
"7411","...113640","FIU_Estuaries","2004.1266255989-01-01","Rabbit Key Pass","Ammonium",10.3114375,"ppm",25.77,-81.38333,1
"7412","...113655","FIU_Estuaries","2004.1266255989-01-01","Lopez Bay","Ammonium",29.901949,"ppm",25.78417,-81.33217,1
"7413","...113670","FIU_Estuaries","2004.1266255989-01-01","Sunday Bay","Ammonium",64.1269965,"ppm",25.796,-81.28,1
"7414","...113685","FIU_Estuaries","2004.1266255989-01-01","Huston Bay","Ammonium",44.3187745,"ppm",25.753,-81.2555,1
"7415","...113700","FIU_Estuaries","2004.1266255989-01-01","Upper Chatham River","Ammonium",58.924817,"ppm",25.7175,-81.2305,1
"7416","...113715","FIU_Estuaries","2004.1266255989-01-01","Huston River","Ammonium",43.810634,"ppm",25.73133,-81.28467,1
"7417","...113730","FIU_Estuaries","2004.1266255989-01-01","Chevalier Bay","Ammonium",47.0032955,"ppm",25.7125,-81.207,0.8
"7418","...113745","FIU_Estuaries","2004.1266255989-01-01","Alligator Bay","Ammonium",10.045,"ppm",25.67017,-81.16867,1
"7419","...113760","FIU_Estuaries","2004.12936344969-01-01","Faka Union River","Ammonium",59.515449,"ppm",25.9,-81.516,1
"7420","...113775","FIU_Estuaries","2004.12936344969-01-01","Blackwater River","Ammonium",43.5979005,"ppm",25.9298,-81.60032,0.8
"7421","...113790","FIU_Estuaries","2004.08829568788-01-01","First National","Ammonium",7.84,"ppm",26.04217,-81.76158,0.915
"7422","...113805","FIU_Estuaries","2004.09103353867-01-01","Wiggins Pass","Ammonium",114.5676,"ppm",26.29167,-81.82,0.5
"7423","...113820","FIU_Estuaries","2004.08829568788-01-01","Henderson Creek","Ammonium",19.1975,"ppm",26.0257,-81.7332,0.915
"7424","...113835","FIU_Estuaries","2004.23887748118-01-01","Highway Creek","Ammonium",63.3794,"ppm",25.2536,-80.44415,0.855555555555556
"7425","...113850","FIU_Estuaries","2004.22245037645-01-01","Garfield Bight","Ammonium",144.8629,"ppm",25.15048,-80.80922,0.905555555555556
"7426","...113865","FIU_Estuaries","2004.18412046543-01-01","Chokoloskee","Ammonium",32.2413,"ppm",25.8075,-81.3495,0.8
"7427","...113880","FIU_Estuaries","2004.18412046543-01-01","Rabbit Key Pass","Ammonium",1.2775,"ppm",25.77,-81.38333,1
"7428","...113895","FIU_Estuaries","2004.18412046543-01-01","Lopez Bay","Ammonium",49.378,"ppm",25.78417,-81.33217,1
"7429","...113910","FIU_Estuaries","2004.18412046543-01-01","Sunday Bay","Ammonium",80.17205,"ppm",25.796,-81.28,1
"7430","...113925","FIU_Estuaries","2004.18412046543-01-01","Huston Bay","Ammonium",40.26575,"ppm",25.753,-81.2555,1
"7431","...113940","FIU_Estuaries","2004.18412046543-01-01","Upper Chatham River","Ammonium",42.42595,"ppm",25.7175,-81.2305,1
"7432","...113955","FIU_Estuaries","2004.18412046543-01-01","Huston River","Ammonium",34.98355,"ppm",25.73133,-81.28467,1
"7433","...113970","FIU_Estuaries","2004.18412046543-01-01","Chevalier Bay","Ammonium",73.9032,"ppm",25.7125,-81.207,0.8
"7434","...113985","FIU_Estuaries","2004.18412046543-01-01","Alligator Bay","Ammonium",19.3424,"ppm",25.67017,-81.16867,1
"7435","...114000","FIU_Estuaries","2004.18685831622-01-01","Faka Union River","Ammonium",43.6002,"ppm",25.9,-81.516,1
"7436","...114015","FIU_Estuaries","2004.18685831622-01-01","Blackwater River","Ammonium",9.7986,"ppm",25.9298,-81.60032,0.8
"7437","...114030","FIU_Estuaries","2004.18412046543-01-01","First National","Ammonium",8.54,"ppm",26.04217,-81.76158,0.915
"7438","...114045","FIU_Estuaries","2004.18412046543-01-01","Wigging Pass","Ammonium",22.2551,"ppm",26.29167,-81.82,0.5
"7439","...114060","FIU_Estuaries","2004.18412046543-01-01","Henderson Creek","Ammonium",17.1871,"ppm",26.0257,-81.7332,0.915
"7440","...114075","FIU_Estuaries","2004.30458590007-01-01","Highway Creek","Ammonium",70.46515,"ppm",25.2536,-80.44415,0.855555555555556
"7441","...114090","FIU_Estuaries","2004.30184804928-01-01","Garfield Bight","Ammonium",112.64435,"ppm",25.15048,-80.80922,0.905555555555556
"7442","...114105","FIU_Estuaries","2004.25256673511-01-01","Chokoloskee","Ammonium",6.93,"ppm",25.8075,-81.3495,0.8
"7443","...114120","FIU_Estuaries","2004.26078028747-01-01","Rabbit Key Pass","Ammonium",3.094,"ppm",25.77,-81.38333,1
"7444","...114135","FIU_Estuaries","2004.26078028747-01-01","Lopez Bay","Ammonium",5.1555,"ppm",25.78417,-81.33217,1
"7445","...114150","FIU_Estuaries","2004.26078028747-01-01","Sunday Bay","Ammonium",9.9365,"ppm",25.796,-81.28,1
"7446","...114165","FIU_Estuaries","2004.26078028747-01-01","Huston Bay","Ammonium",14.637,"ppm",25.753,-81.2555,1
"7447","...114180","FIU_Estuaries","2004.26078028747-01-01","Upper Chatham River","Ammonium",11.046,"ppm",25.7175,-81.2305,1
"7448","...114195","FIU_Estuaries","2004.26078028747-01-01","Huston River","Ammonium",12.831,"ppm",25.73133,-81.28467,1
"7449","...114210","FIU_Estuaries","2004.26078028747-01-01","Chevalier Bay","Ammonium",4.0915,"ppm",25.7125,-81.207,0.8
"7450","...114225","FIU_Estuaries","2004.26078028747-01-01","Alligator Bay","Ammonium",18.1335,"ppm",25.67017,-81.16867,1
"7451","...114240","FIU_Estuaries","2004.26351813826-01-01","Faka Union River","Ammonium",7,"ppm",25.9,-81.516,1
"7452","...114255","FIU_Estuaries","2004.26351813826-01-01","Blackwater River","Ammonium",5.593,"ppm",25.9298,-81.60032,0.8
"7453","...114270","FIU_Estuaries","2004.26078028747-01-01","First National","Ammonium",1.46825,"ppm",26.04217,-81.76158,0.915
"7454","...114285","FIU_Estuaries","2004.26078028747-01-01","Wiggins Pass","Ammonium",12.04035,"ppm",26.29167,-81.82,0.5
"7455","...114300","FIU_Estuaries","2004.26078028747-01-01","Henderson Creek","Ammonium",8.0094,"ppm",26.0257,-81.7332,0.915
"7456","...114315","FIU_Estuaries","2004.38124572211-01-01","Highway Creek","Ammonium",86.12835,"ppm",25.2536,-80.44415,0.855555555555556
"7457","...114330","FIU_Estuaries","2004.3839835729-01-01","Garfield Bight","Ammonium",126.86975,"ppm",25.15048,-80.80922,0.905555555555556
"7458","...114345","FIU_Estuaries","2004.39493497604-01-01","Chokoloskee","Ammonium",3.8514,"ppm",25.8075,-81.3495,0.8
"7459","...114360","FIU_Estuaries","2004.39493497604-01-01","Rabbit Key Pass","Ammonium",5.4453,"ppm",25.77,-81.38333,1
"7460","...114375","FIU_Estuaries","2004.39493497604-01-01","Lopez Bay","Ammonium",4.11355,"ppm",25.78417,-81.33217,1
"7461","...114390","FIU_Estuaries","2004.39493497604-01-01","Sunday Bay","Ammonium",9.89275,"ppm",25.796,-81.28,1
"7462","...114405","FIU_Estuaries","2004.39493497604-01-01","Huston Bay","Ammonium",6.629,"ppm",25.753,-81.2555,1
"7463","...114420","FIU_Estuaries","2004.39493497604-01-01","Upper Chatham River","Ammonium",6.05745,"ppm",25.7175,-81.2305,1
"7464","...114435","FIU_Estuaries","2004.39493497604-01-01","Huston River","Ammonium",8.14975,"ppm",25.73133,-81.28467,1
"7465","...114450","FIU_Estuaries","2004.39493497604-01-01","Chevalier Bay","Ammonium",29.33315,"ppm",25.7125,-81.207,0.8
"7466","...114465","FIU_Estuaries","2004.39493497604-01-01","Alligator Bay","Ammonium",37.687804,"ppm",25.67017,-81.16867,1
"7467","...114480","FIU_Estuaries","2004.39767282683-01-01","Faka Union River","Ammonium",3.829,"ppm",25.9,-81.516,1
"7468","...114495","FIU_Estuaries","2004.39767282683-01-01","Blackwater River","Ammonium",3.2445,"ppm",25.9298,-81.60032,0.8
"7469","...114510","FIU_Estuaries","2004.33744010951-01-01","First National","Ammonium",17.2902415,"ppm",26.04217,-81.76158,0.915
"7470","...114525","FIU_Estuaries","2004.3401779603-01-01","Wiggins Pass","Ammonium",29.026592,"ppm",26.29167,-81.82,0.5
"7471","...114540","FIU_Estuaries","2004.33744010951-01-01","Henderson Creek","Ammonium",39.821754,"ppm",26.0257,-81.7332,0.915
"7472","...114555","FIU_Estuaries","2004.49075975359-01-01","Highway Creek","Ammonium",228.51885,"ppm",25.2536,-80.44415,0.855555555555556
"7473","...114570","FIU_Estuaries","2004.48802190281-01-01","Garfield Bight","Ammonium",20.0067,"ppm",25.15048,-80.80922,0.905555555555556
"7474","...114585","FIU_Estuaries","2004.45242984257-01-01","Chokoloskee","Ammonium",6.3287,"ppm",25.8075,-81.3495,0.8
"7475","...114600","FIU_Estuaries","2004.45242984257-01-01","Rabbit Key Pass","Ammonium",2.9449,"ppm",25.77,-81.38333,1
"7476","...114615","FIU_Estuaries","2004.45242984257-01-01","Lopez Bay","Ammonium",5.3592,"ppm",25.78417,-81.33217,1
"7477","...114630","FIU_Estuaries","2004.45242984257-01-01","Sunday Bay","Ammonium",102.26125,"ppm",25.796,-81.28,1
"7478","...114645","FIU_Estuaries","2004.45242984257-01-01","Huston Bay","Ammonium",54.0554,"ppm",25.753,-81.2555,1
"7479","...114660","FIU_Estuaries","2004.45242984257-01-01","Upper Chatham River","Ammonium",55.1208,"ppm",25.7175,-81.2305,1
"7480","...114675","FIU_Estuaries","2004.45242984257-01-01","Huston River","Ammonium",95.6235,"ppm",25.73133,-81.28467,1
"7481","...114690","FIU_Estuaries","2004.45242984257-01-01","Chevalier Bay","Ammonium",34.22825,"ppm",25.7125,-81.207,0.8
"7482","...114705","FIU_Estuaries","2004.45242984257-01-01","Alligator Bay","Ammonium",12.5272,"ppm",25.67017,-81.16867,1
"7483","...114720","FIU_Estuaries","2004.45516769336-01-01","Faka Union River","Ammonium",32.7782,"ppm",25.9,-81.516,1
"7484","...114735","FIU_Estuaries","2004.45516769336-01-01","Blackwater River","Ammonium",16.7104,"ppm",25.9298,-81.60032,0.8
"7485","...114750","FIU_Estuaries","2004.43326488706-01-01","First National","Ammonium",4.0495,"ppm",26.04217,-81.76158,0.915
"7486","...114765","FIU_Estuaries","2004.43052703628-01-01","Wiggins Pass","Ammonium",16.1175,"ppm",26.29167,-81.82,0.5
"7487","...114780","FIU_Estuaries","2004.43326488706-01-01","Henderson Creek","Ammonium",2.023,"ppm",26.0257,-81.7332,0.915
"7488","...114795","FIU_Estuaries","2004.57015742642-01-01","Highway Creek","Ammonium",136.7352,"ppm",25.2536,-80.44415,0.855555555555556
"7489","...114810","FIU_Estuaries","2004.56741957563-01-01","Garfield Bight","Ammonium",75.05365,"ppm",25.15048,-80.80922,0.905555555555556
"7490","...114825","FIU_Estuaries","2004.53730321697-01-01","Chokoloskee","Ammonium",2.3114,"ppm",25.8075,-81.3495,0.8
"7491","...114840","FIU_Estuaries","2004.53730321697-01-01","Rabbit Key Pass","Ammonium",1.52075,"ppm",25.77,-81.38333,1
"7492","...114855","FIU_Estuaries","2004.53730321697-01-01","Lopez Bay","Ammonium",8.79515,"ppm",25.78417,-81.33217,1
"7493","...114870","FIU_Estuaries","2004.53730321697-01-01","Sunday Bay","Ammonium",6.0116,"ppm",25.796,-81.28,1
"7494","...114885","FIU_Estuaries","2004.53730321697-01-01","Huston Bay","Ammonium",3.18395,"ppm",25.753,-81.2555,1
"7495","...114900","FIU_Estuaries","2004.53730321697-01-01","Upper Chatham River","Ammonium",5.39945,"ppm",25.7175,-81.2305,1
"7496","...114915","FIU_Estuaries","2004.53730321697-01-01","Huston River","Ammonium",10.49685,"ppm",25.73133,-81.28467,1
"7497","...114930","FIU_Estuaries","2004.53730321697-01-01","Chevalier Bay","Ammonium",3.997,"ppm",25.7125,-81.207,0.8
"7498","...114945","FIU_Estuaries","2004.53730321697-01-01","Alligator Bay","Ammonium",41.3777,"ppm",25.67017,-81.16867,1
"7499","...114960","FIU_Estuaries","2004.53456536619-01-01","Faka Union River","Ammonium",2.9057,"ppm",25.9,-81.516,1
"7500","...114975","FIU_Estuaries","2004.53456536619-01-01","Blackwater River","Ammonium",10.36,"ppm",25.9298,-81.60032,0.8
"7501","...114990","FIU_Estuaries","2004.49623545517-01-01","First National","Ammonium",3.36035,"ppm",26.04217,-81.76158,0.915
"7502","...115005","FIU_Estuaries","2004.49623545517-01-01","Wiggins Pass","Ammonium",83.53205,"ppm",26.29167,-81.82,0.5
"7503","...115020","FIU_Estuaries","2004.49623545517-01-01","Henderson Creek","Ammonium",11.3281,"ppm",26.0257,-81.7332,0.915
"7504","...115035","FIU_Estuaries","2004.64681724846-01-01","Highway Creek","Ammonium",134.9845,"ppm",25.2536,-80.44415,0.855555555555556
"7505","...115050","FIU_Estuaries","2004.64407939767-01-01","Garfield Bight","Ammonium",58.3065,"ppm",25.15048,-80.80922,0.905555555555556
"7506","...115065","FIU_Estuaries","2004.63312799452-01-01","Chokoloskee","Ammonium",59.27775,"ppm",25.8075,-81.3495,0.8
"7507","...115080","FIU_Estuaries","2004.63312799452-01-01","Rabbit Key Pass","Ammonium",41.0158,"ppm",25.77,-81.38333,1
"7508","...115095","FIU_Estuaries","2004.63312799452-01-01","Lopez Bay","Ammonium",91.99085,"ppm",25.78417,-81.33217,1
"7509","...115110","FIU_Estuaries","2004.63312799452-01-01","Sunday Bay","Ammonium",58.46715,"ppm",25.796,-81.28,1
"7510","...115125","FIU_Estuaries","2004.63312799452-01-01","Huston Bay","Ammonium",72.0314,"ppm",25.753,-81.2555,1
"7511","...115140","FIU_Estuaries","2004.63312799452-01-01","Upper Chatham River","Ammonium",123.46985,"ppm",25.7175,-81.2305,1
"7512","...115155","FIU_Estuaries","2004.63312799452-01-01","Huston River","Ammonium",85.3195,"ppm",25.73133,-81.28467,1
"7513","...115170","FIU_Estuaries","2004.63312799452-01-01","Chevalier Bay","Ammonium",125.58455,"ppm",25.7125,-81.207,0.8
"7514","...115185","FIU_Estuaries","2004.63312799452-01-01","Alligator Bay","Ammonium",20.57405,"ppm",25.67017,-81.16867,1
"7515","...115200","FIU_Estuaries","2004.63039014374-01-01","Faka Union River","Ammonium",26.19015,"ppm",25.9,-81.516,1
"7516","...115215","FIU_Estuaries","2004.63039014374-01-01","Blackwater River","Ammonium",91.42945,"ppm",25.9298,-81.60032,0.8
"7517","...115230","FIU_Estuaries","2004.62491444216-01-01","First National","Ammonium",6.1957,"ppm",26.04217,-81.76158,0.915
"7518","...115245","FIU_Estuaries","2004.62217659138-01-01","Wiggins Pass","Ammonium",144.235,"ppm",26.29167,-81.82,0.5
"7519","...115260","FIU_Estuaries","2004.62491444216-01-01","Henderson Creek","Ammonium",8.26245,"ppm",26.0257,-81.7332,0.915
"7520","...115275","FIU_Estuaries","2004.74264202601-01-01","Highway Creek","Ammonium",60.7355,"ppm",25.2536,-80.44415,0.855555555555556
"7521","...115290","FIU_Estuaries","2004.73990417522-01-01","Garfield Bight","Ammonium",206.92,"ppm",25.15048,-80.80922,0.905555555555556
"7522","...115305","FIU_Estuaries","2004.72073921971-01-01","Chokoloskee","Ammonium",76.6374,"ppm",25.8075,-81.3495,0.8
"7523","...115320","FIU_Estuaries","2004.72073921971-01-01","Rabbit Key Pass","Ammonium",61.18665,"ppm",25.77,-81.38333,1
"7524","...115335","FIU_Estuaries","2004.72073921971-01-01","Lopez Bay","Ammonium",75.7519,"ppm",25.78417,-81.33217,1
"7525","...115350","FIU_Estuaries","2004.72073921971-01-01","Sunday Bay","Ammonium",26.31545,"ppm",25.796,-81.28,1
"7526","...115365","FIU_Estuaries","2004.72073921971-01-01","Huston Bay","Ammonium",19.4383,"ppm",25.753,-81.2555,1
"7527","...115380","FIU_Estuaries","2004.72073921971-01-01","Upper Chatham River","Ammonium",66.1759,"ppm",25.7175,-81.2305,1
"7528","...115395","FIU_Estuaries","2004.72073921971-01-01","Huston River","Ammonium",33.0596,"ppm",25.73133,-81.28467,1
"7529","...115410","FIU_Estuaries","2004.72073921971-01-01","Chevalier Bay","Ammonium",78.4518,"ppm",25.7125,-81.207,0.8
"7530","...115425","FIU_Estuaries","2004.72073921971-01-01","Alligator Bay","Ammonium",59.11325,"ppm",25.67017,-81.16867,1
"7531","...115440","FIU_Estuaries","2004.72621492129-01-01","Faka Union River","Ammonium",44.6166,"ppm",25.9,-81.516,1
"7532","...115455","FIU_Estuaries","2004.72621492129-01-01","Blackwater River","Ammonium",85.3034,"ppm",25.9298,-81.60032,0.8
"7533","...115470","FIU_Estuaries","2004.72073921971-01-01","First National","Ammonium",110.1058,"ppm",26.04217,-81.76158,0.915
"7534","...115485","FIU_Estuaries","2004.71800136893-01-01","Wiggins Pass","Ammonium",104.36545,"ppm",26.29167,-81.82,0.5
"7535","...115500","FIU_Estuaries","2004.72073921971-01-01","Henderson Creek","Ammonium",29.66705,"ppm",26.0257,-81.7332,0.915
"7536","...115515","FIU_Estuaries","2004.81930184805-01-01","Highway Creek","Ammonium",37.2624,"ppm",25.2536,-80.44415,0.855555555555556
"7537","...115530","FIU_Estuaries","2004.81656399726-01-01","Garfield Bight","Ammonium",8.9418,"ppm",25.15048,-80.80922,0.905555555555556
"7538","...115545","FIU_Estuaries","2004.79466119097-01-01","Chokoloskee","Ammonium",13.37,"ppm",25.8075,-81.3495,0.8
"7539","...115560","FIU_Estuaries","2004.79466119097-01-01","Rabbit Key Pass","Ammonium",7.4025,"ppm",25.77,-81.38333,1
"7540","...115575","FIU_Estuaries","2004.79466119097-01-01","Lopez Bay","Ammonium",18.312,"ppm",25.78417,-81.33217,1
"7541","...115590","FIU_Estuaries","2004.79466119097-01-01","Sunday Bay","Ammonium",14.357,"ppm",25.796,-81.28,1
"7542","...115605","FIU_Estuaries","2004.79466119097-01-01","Huston Bay","Ammonium",14.8505,"ppm",25.753,-81.2555,1
"7543","...115620","FIU_Estuaries","2004.79466119097-01-01","Upper Chatham River","Ammonium",18.4345,"ppm",25.7175,-81.2305,1
"7544","...115635","FIU_Estuaries","2004.79466119097-01-01","Huston River","Ammonium",20.265,"ppm",25.73133,-81.28467,1
"7545","...115650","FIU_Estuaries","2004.79466119097-01-01","Chevalier Bay","Ammonium",29.9775,"ppm",25.7125,-81.207,0.8
"7546","...115665","FIU_Estuaries","2004.79466119097-01-01","Alligator Bay","Ammonium",78.897,"ppm",25.67017,-81.16867,1
"7547","...115680","FIU_Estuaries","2004.79739904175-01-01","Faka Union River","Ammonium",25.6865,"ppm",25.9,-81.516,1
"7548","...115695","FIU_Estuaries","2004.79739904175-01-01","Blackwater River","Ammonium",10.2725,"ppm",25.9298,-81.60032,0.8
"7549","...115710","FIU_Estuaries","2004.75906913073-01-01","First National","Ammonium",44.64425,"ppm",26.04217,-81.76158,0.915
"7550","...115725","FIU_Estuaries","2004.75633127995-01-01","Wiggins Pass","Ammonium",121.9141,"ppm",26.29167,-81.82,0.5
"7551","...115740","FIU_Estuaries","2004.75906913073-01-01","Henderson Creek","Ammonium",4.7313,"ppm",26.0257,-81.7332,0.915
"7552","...115755","FIU_Estuaries","2004.91238877481-01-01","Highway Creek","Ammonium",86.065,"ppm",25.2536,-80.44415,0.855555555555556
"7553","...115770","FIU_Estuaries","2004.90965092402-01-01","Garfield Bight","Ammonium",40.7225,"ppm",25.15048,-80.80922,0.905555555555556
"7554","...115785","FIU_Estuaries","2004.87405886379-01-01","Chokoloskee","Ammonium",11.3365,"ppm",25.8075,-81.3495,0.8
"7555","...115800","FIU_Estuaries","2004.87405886379-01-01","Rabbit Key Pass","Ammonium",15.8235,"ppm",25.77,-81.38333,1
"7556","...115815","FIU_Estuaries","2004.87405886379-01-01","Lopez Bay","Ammonium",22.008,"ppm",25.78417,-81.33217,1
"7557","...115830","FIU_Estuaries","2004.87405886379-01-01","Sunday Bay","Ammonium",27.6535,"ppm",25.796,-81.28,1
"7558","...115845","FIU_Estuaries","2004.87405886379-01-01","Huston Bay","Ammonium",28.532,"ppm",25.753,-81.2555,1
"7559","...115860","FIU_Estuaries","2004.87405886379-01-01","Upper Chatham River","Ammonium",25.06,"ppm",25.7175,-81.2305,1
"7560","...115875","FIU_Estuaries","2004.87405886379-01-01","Huston River","Ammonium",28.8295,"ppm",25.73133,-81.28467,1
"7561","...115890","FIU_Estuaries","2004.87405886379-01-01","Chevalier Bay","Ammonium",22.799,"ppm",25.7125,-81.207,0.8
"7562","...115905","FIU_Estuaries","2004.87405886379-01-01","Alligator Bay","Ammonium",28.6335,"ppm",25.67017,-81.16867,1
"7563","...115920","FIU_Estuaries","2004.87679671458-01-01","Faka Union River","Ammonium",22.953,"ppm",25.9,-81.516,1
"7564","...115935","FIU_Estuaries","2004.87679671458-01-01","Blackwater River","Ammonium",24.675,"ppm",25.9298,-81.60032,0.8
"7565","...115950","FIU_Estuaries","2004.85489390828-01-01","First National","Ammonium",1.4182,"ppm",26.04217,-81.76158,0.915
"7566","...115965","FIU_Estuaries","2004.85215605749-01-01","Wiggins Pass","Ammonium",43.94355,"ppm",26.29167,-81.82,0.5
"7567","...115980","FIU_Estuaries","2004.85489390828-01-01","Henderson Creek","Ammonium",4.12685,"ppm",26.0257,-81.7332,0.915
"7568","...115995","FIU_Estuaries","2004.95345653662-01-01","Highway Creek","Ammonium",109.095,"ppm",25.2536,-80.44415,0.855555555555556
"7569","...116010","FIU_Estuaries","2004.95071868583-01-01","Garfield Bight","Ammonium",83.804,"ppm",25.15048,-80.80922,0.905555555555556
"7570","...116025","FIU_Estuaries","2004.93429158111-01-01","Chokoloskee","Ammonium",13.4911,"ppm",25.8075,-81.3495,0.8
"7571","...116040","FIU_Estuaries","2004.93429158111-01-01","Rabbit Key Pass","Ammonium",5.4488,"ppm",25.77,-81.38333,1
"7572","...116055","FIU_Estuaries","2004.93429158111-01-01","Lopez Bay","Ammonium",13.78195,"ppm",25.78417,-81.33217,1
"7573","...116070","FIU_Estuaries","2004.93429158111-01-01","Sunday Bay","Ammonium",12.5853,"ppm",25.796,-81.28,1
"7574","...116085","FIU_Estuaries","2004.93429158111-01-01","Huston Bay","Ammonium",6.7739,"ppm",25.753,-81.2555,1
"7575","...116100","FIU_Estuaries","2004.93429158111-01-01","Upper Chatham River","Ammonium",16.09895,"ppm",25.7175,-81.2305,1
"7576","...116115","FIU_Estuaries","2004.93429158111-01-01","Huston River","Ammonium",8.309,"ppm",25.73133,-81.28467,1
"7577","...116130","FIU_Estuaries","2004.93429158111-01-01","Chevalier Bay","Ammonium",9.9155,"ppm",25.7125,-81.207,0.8
"7578","...116145","FIU_Estuaries","2004.93429158111-01-01","Alligator Bay","Ammonium",14.525,"ppm",25.67017,-81.16867,1
"7579","...116160","FIU_Estuaries","2004.9370294319-01-01","Faka Union River","Ammonium",5.43585,"ppm",25.9,-81.516,1
"7580","...116175","FIU_Estuaries","2004.9370294319-01-01","Blackwater River","Ammonium",11.5507,"ppm",25.9298,-81.60032,0.8
"7581","...116190","FIU_Estuaries","2004.93155373032-01-01","First National","Ammonium",9.7594,"ppm",26.04217,-81.76158,0.915
"7582","...116205","FIU_Estuaries","2004.92881587953-01-01","Wiggins Pass","Ammonium",43.869,"ppm",26.29167,-81.82,0.5
"7583","...116220","FIU_Estuaries","2004.93155373032-01-01","Henderson Creek","Ammonium",56.392,"ppm",26.0257,-81.7332,0.915
"7584","...116235","FIU_Estuaries","2005.06570841889-01-01","Highway Creek","Ammonium",153.44385,"ppm",25.2536,-80.44415,0.855555555555556
"7585","...116250","FIU_Estuaries","2005.0629705681-01-01","Garfield Bight","Ammonium",67.7978,"ppm",25.15048,-80.80922,0.905555555555556
"7586","...116265","FIU_Estuaries","2005.04654346338-01-01","Chokoloskee","Ammonium",24.47165,"ppm",25.8075,-81.3495,0.8
"7587","...116280","FIU_Estuaries","2005.05475701574-01-01","Rabbit Key Pass","Ammonium",6.3098,"ppm",25.77,-81.38333,1
"7588","...116295","FIU_Estuaries","2005.04654346338-01-01","Lopez Bay","Ammonium",26.71235,"ppm",25.78417,-81.33217,1
"7589","...116310","FIU_Estuaries","2005.04654346338-01-01","Sunday Bay","Ammonium",29.6583,"ppm",25.796,-81.28,1
"7590","...116325","FIU_Estuaries","2005.04654346338-01-01","Huston Bay","Ammonium",23.3632,"ppm",25.753,-81.2555,1
"7591","...116340","FIU_Estuaries","2005.04654346338-01-01","Upper Chatham River","Ammonium",146.03715,"ppm",25.7175,-81.2305,1
"7592","...116355","FIU_Estuaries","2005.04654346338-01-01","Huston River","Ammonium",31.93155,"ppm",25.73133,-81.28467,1
"7593","...116370","FIU_Estuaries","2005.04654346338-01-01","Chevalier Bay","Ammonium",152.85935,"ppm",25.7125,-81.207,0.8
"7594","...116385","FIU_Estuaries","2005.04654346338-01-01","Alligator Bay","Ammonium",38.25815,"ppm",25.67017,-81.16867,1
"7595","...116400","FIU_Estuaries","2005.05475701574-01-01","Faka Union River","Ammonium",27.7942,"ppm",25.9,-81.516,1
"7596","...116415","FIU_Estuaries","2005.05475701574-01-01","Blackwater River","Ammonium",74.1377,"ppm",25.9298,-81.60032,0.8
"7597","...116430","FIU_Estuaries","2005.02737850787-01-01","First National","Ammonium",34.1635,"ppm",26.04217,-81.76158,0.915
"7598","...116445","FIU_Estuaries","2005.03011635866-01-01","Wiggins Pass","Ammonium",51.60715,"ppm",26.29167,-81.82,0.5
"7599","...116460","FIU_Estuaries","2005.02737850787-01-01","Henderson Creek","Ammonium",23.63445,"ppm",26.0257,-81.7332,0.915
"7600","...116475","FIU_Estuaries","2005.14236824093-01-01","Highway Creek","Ammonium",78.0465,"ppm",25.2536,-80.44415,0.855555555555556
"7601","...116490","FIU_Estuaries","2005.13963039014-01-01","Garfield Bight","Ammonium",18.48,"ppm",25.15048,-80.80922,0.905555555555556
"7602","...116505","FIU_Estuaries","2005.12046543463-01-01","Chokoloskee","Ammonium",1.90365,"ppm",25.8075,-81.3495,0.8
"7603","...116520","FIU_Estuaries","2005.12046543463-01-01","Rabbit Key Pass","Ammonium",0.595,"ppm",25.77,-81.38333,1
"7604","...116535","FIU_Estuaries","2005.12046543463-01-01","Lopez Bay","Ammonium",1.15885,"ppm",25.78417,-81.33217,1
"7605","...116550","FIU_Estuaries","2005.12046543463-01-01","Sunday Bay","Ammonium",2.0797,"ppm",25.796,-81.28,1
"7606","...116565","FIU_Estuaries","2005.12046543463-01-01","Huston Bay","Ammonium",1.6338,"ppm",25.753,-81.2555,1
"7607","...116580","FIU_Estuaries","2005.12046543463-01-01","Upper Chatham River","Ammonium",11.921,"ppm",25.7175,-81.2305,1
"7608","...116595","FIU_Estuaries","2005.12046543463-01-01","Huston River","Ammonium",0.743400000000001,"ppm",25.73133,-81.28467,1
"7609","...116610","FIU_Estuaries","2005.12046543463-01-01","Chevalier Bay","Ammonium",1.4672,"ppm",25.7125,-81.207,0.8
"7610","...116625","FIU_Estuaries","2005.12046543463-01-01","Alligator Bay","Ammonium",9.7426,"ppm",25.67017,-81.16867,1
"7611","...116640","FIU_Estuaries","2005.12320328542-01-01","Faka Union River","Ammonium",4.44745,"ppm",25.9,-81.516,1
"7612","...116655","FIU_Estuaries","2005.12320328542-01-01","Blackwater River","Ammonium",15.46055,"ppm",25.9298,-81.60032,0.8
"7613","...116670","FIU_Estuaries","2005.10403832991-01-01","First National","Ammonium",33.2626,"ppm",26.04217,-81.76158,0.915
"7614","...116685","FIU_Estuaries","2005.10130047912-01-01","Wiggins Pass","Ammonium",37.59,"ppm",26.29167,-81.82,0.5
"7615","...116700","FIU_Estuaries","2005.10403832991-01-01","Henderson Creek","Ammonium",10.962,"ppm",26.0257,-81.7332,0.915
"7616","...116715","FIU_Estuaries","2005.21902806297-01-01","Highway Creek","Ammonium",68.9822,"ppm",25.2536,-80.44415,0.855555555555556
"7617","...116730","FIU_Estuaries","2005.21629021218-01-01","Garfield Bight","Ammonium",32.2686,"ppm",25.15048,-80.80922,0.905555555555556
"7618","...116745","FIU_Estuaries","2005.20260095825-01-01","Chokoloskee","Ammonium",13.5303,"ppm",25.8075,-81.3495,0.8
"7619","...116760","FIU_Estuaries","2005.20260095825-01-01","Rabbit Key Pass","Ammonium",1.18545,"ppm",25.77,-81.38333,1
"7620","...116775","FIU_Estuaries","2005.20260095825-01-01","Lopez Bay","Ammonium",9.23615,"ppm",25.78417,-81.33217,1
"7621","...116790","FIU_Estuaries","2005.20260095825-01-01","Sunday Bay","Ammonium",3.15805,"ppm",25.796,-81.28,1
"7622","...116805","FIU_Estuaries","2005.20260095825-01-01","Huston Bay","Ammonium",2.1511,"ppm",25.753,-81.2555,1
"7623","...116820","FIU_Estuaries","2005.20260095825-01-01","Upper Chatham River","Ammonium",8.51165,"ppm",25.7175,-81.2305,1
"7624","...116835","FIU_Estuaries","2005.20260095825-01-01","Huston River","Ammonium",10.72645,"ppm",25.73133,-81.28467,1
"7625","...116850","FIU_Estuaries","2005.20260095825-01-01","Chevalier Bay","Ammonium",6.5842,"ppm",25.7125,-81.207,0.8
"7626","...116865","FIU_Estuaries","2005.20260095825-01-01","Alligator Bay","Ammonium",18.46915,"ppm",25.67017,-81.16867,1
"7627","...116880","FIU_Estuaries","2005.20533880903-01-01","Faka Union River","Ammonium",5.1786,"ppm",25.9,-81.516,1
"7628","...116895","FIU_Estuaries","2005.20533880903-01-01","Blackwater River","Ammonium",45.2865,"ppm",25.9298,-81.60032,0.8
"7629","...116910","FIU_Estuaries","2005.18069815195-01-01","First National","Ammonium",5.908,"ppm",26.04217,-81.76158,0.915
"7630","...116925","FIU_Estuaries","2005.17796030116-01-01","Wiggins Pass","Ammonium",9.66,"ppm",26.29167,-81.82,0.5
"7631","...116940","FIU_Estuaries","2005.18069815195-01-01","Henderson Creek","Ammonium",9.282,"ppm",26.0257,-81.7332,0.915
"7632","...116955","FIU_Estuaries","2005.2984257358-01-01","Highway Creek","Ammonium",102.7026,"ppm",25.2536,-80.44415,0.855555555555556
"7633","...116970","FIU_Estuaries","2005.30116358658-01-01","Garfield Bight","Ammonium",12.2451,"ppm",25.15048,-80.80922,0.905555555555556
"7634","...116985","FIU_Estuaries","2005.2546201232-01-01","Chokoloskee","Ammonium",6.2258,"ppm",25.8075,-81.3495,0.8
"7635","...117000","FIU_Estuaries","2005.2546201232-01-01","Rabbit Key Pass","Ammonium",0.2758,"ppm",25.77,-81.38333,1
"7636","...117015","FIU_Estuaries","2005.2546201232-01-01","Lopez Bay","Ammonium",4.3211,"ppm",25.78417,-81.33217,1
"7637","...117030","FIU_Estuaries","2005.2546201232-01-01","Sunday Bay","Ammonium",49.8232,"ppm",25.796,-81.28,1
"7638","...117045","FIU_Estuaries","2005.2546201232-01-01","Huston Bay","Ammonium",24.3642,"ppm",25.753,-81.2555,1
"7639","...117060","FIU_Estuaries","2005.2546201232-01-01","Upper Chatham River","Ammonium",42.85435,"ppm",25.7175,-81.2305,1
"7640","...117075","FIU_Estuaries","2005.2546201232-01-01","Huston River","Ammonium",2.513,"ppm",25.73133,-81.28467,1
"7641","...117090","FIU_Estuaries","2005.2546201232-01-01","Chevalier Bay","Ammonium",93.40345,"ppm",25.7125,-81.207,0.8
"7642","...117105","FIU_Estuaries","2005.2546201232-01-01","Alligator Bay","Ammonium",8.862,"ppm",25.67017,-81.16867,1
"7643","...117120","FIU_Estuaries","2005.25735797399-01-01","Faka Union River","Ammonium",28.93975,"ppm",25.9,-81.516,1
"7644","...117135","FIU_Estuaries","2005.25735797399-01-01","Blackwater River","Ammonium",36.26805,"ppm",25.9298,-81.60032,0.8
"7645","...117150","FIU_Estuaries","2005.2765229295-01-01","First National","Ammonium",38.68235,"ppm",26.04217,-81.76158,0.915
"7646","...117165","FIU_Estuaries","2005.27378507871-01-01","Wiggins Pass","Ammonium",20.25765,"ppm",26.29167,-81.82,0.5
"7647","...117180","FIU_Estuaries","2005.2765229295-01-01","Henderson Creek","Ammonium",32.67985,"ppm",26.0257,-81.7332,0.915
"7648","...117195","FIU_Estuaries","2005.39425051335-01-01","Highway Creek","Ammonium",35.5705,"ppm",25.2536,-80.44415,0.855555555555556
"7649","...117210","FIU_Estuaries","2005.39698836413-01-01","Garfield Bight","Ammonium",45.05795,"ppm",25.15048,-80.80922,0.905555555555556
"7650","...117225","FIU_Estuaries","2005.36960985626-01-01","Chokoloskee","Ammonium",3.75795,"ppm",25.8075,-81.3495,0.8
"7651","...117240","FIU_Estuaries","2005.36960985626-01-01","Rabbit Key Pass","Ammonium",3.6806,"ppm",25.77,-81.38333,1
"7652","...117255","FIU_Estuaries","2005.36960985626-01-01","Lopez Bay","Ammonium",3.1829,"ppm",25.78417,-81.33217,1
"7653","...117270","FIU_Estuaries","2005.36960985626-01-01","Sunday Bay","Ammonium",5.2066,"ppm",25.796,-81.28,1
"7654","...117285","FIU_Estuaries","2005.36960985626-01-01","Huston Bay","Ammonium",5.23425,"ppm",25.753,-81.2555,1
"7655","...117300","FIU_Estuaries","2005.36960985626-01-01","Upper Chatham River","Ammonium",8.71045,"ppm",25.7175,-81.2305,1
"7656","...117315","FIU_Estuaries","2005.36960985626-01-01","Huston River","Ammonium",4.13735,"ppm",25.73133,-81.28467,1
"7657","...117330","FIU_Estuaries","2005.36960985626-01-01","Chevalier Bay","Ammonium",5.90695,"ppm",25.7125,-81.207,0.8
"7658","...117345","FIU_Estuaries","2005.36960985626-01-01","Alligator Bay","Ammonium",11.76665,"ppm",25.67017,-81.16867,1
"7659","...117360","FIU_Estuaries","2005.37234770705-01-01","Faka Union River","Ammonium",10.81255,"ppm",25.9,-81.516,1
"7660","...117375","FIU_Estuaries","2005.37234770705-01-01","Blackwater River","Ammonium",15.22395,"ppm",25.9298,-81.60032,0.8
"7661","...117390","FIU_Estuaries","2005.35318275154-01-01","First National","Ammonium",34.25835,"ppm",26.04217,-81.76158,0.915
"7662","...117405","FIU_Estuaries","2005.35044490075-01-01","Wiggins Pass","Ammonium",17.96655,"ppm",26.29167,-81.82,0.5
"7663","...117420","FIU_Estuaries","2005.35318275154-01-01","Henderson Creek","Ammonium",23.42095,"ppm",26.0257,-81.7332,0.915
"7664","...117435","FIU_Estuaries","2005.44900752909-01-01","Highway Creek","Ammonium",123.61615,"ppm",25.2536,-80.44415,0.855555555555556
"7665","...117450","FIU_Estuaries","2005.4462696783-01-01","Garfield Bight","Ammonium",48.478822,"ppm",25.15048,-80.80922,0.905555555555556
"7666","...117465","FIU_Estuaries","2005.41341546886-01-01","Chokoloskee","Ammonium",2.06465,"ppm",25.8075,-81.3495,0.8
"7667","...117480","FIU_Estuaries","2005.41341546886-01-01","Rabbit Key Pass","Ammonium",1.9537,"ppm",25.77,-81.38333,1
"7668","...117495","FIU_Estuaries","2005.41341546886-01-01","Lopez Bay","Ammonium",1.4693,"ppm",25.78417,-81.33217,1
"7669","...117510","FIU_Estuaries","2005.41341546886-01-01","Sunday Bay","Ammonium",1.4637,"ppm",25.796,-81.28,1
"7670","...117525","FIU_Estuaries","2005.41341546886-01-01","Huston Bay","Ammonium",7.4823,"ppm",25.753,-81.2555,1
"7671","...117540","FIU_Estuaries","2005.41341546886-01-01","Upper Chatham River","Ammonium",4.3337,"ppm",25.7175,-81.2305,1
"7672","...117555","FIU_Estuaries","2005.41341546886-01-01","Huston River","Ammonium",2.25015,"ppm",25.73133,-81.28467,1
"7673","...117570","FIU_Estuaries","2005.41341546886-01-01","Chevalier Bay","Ammonium",1.83645,"ppm",25.7125,-81.207,0.8
"7674","...117585","FIU_Estuaries","2005.41341546886-01-01","Alligator Bay","Ammonium",6.0606,"ppm",25.67017,-81.16867,1
"7675","...117600","FIU_Estuaries","2005.41615331964-01-01","Faka Union River","Ammonium",28.67725,"ppm",25.9,-81.516,1
"7676","...117615","FIU_Estuaries","2005.41615331964-01-01","Blackwater River","Ammonium",20.5478,"ppm",25.9298,-81.60032,0.8
"7677","...117630","FIU_Estuaries","2005.42984257358-01-01","First National","Ammonium",18.51325,"ppm",26.04217,-81.76158,0.915
"7678","...117645","FIU_Estuaries","2005.42710472279-01-01","Wiggins Pass","Ammonium",140.34825,"ppm",26.29167,-81.82,0.5
"7679","...117660","FIU_Estuaries","2005.42984257358-01-01","Henderson Creek","Ammonium",29.55015,"ppm",26.0257,-81.7332,0.915
"7680","...117675","FIU_Estuaries","2005.54757015743-01-01","Highway Creek","Ammonium",55.81275,"ppm",25.2536,-80.44415,0.855555555555556
"7681","...117690","FIU_Estuaries","2005.54483230664-01-01","Garfield Bight","Ammonium",15.22885,"ppm",25.15048,-80.80922,0.905555555555556
"7682","...117705","FIU_Estuaries","2005.50924024641-01-01","Chokoloskee","Ammonium",31.6239,"ppm",25.8075,-81.3495,0.8
"7683","...117720","FIU_Estuaries","2005.50924024641-01-01","Rabbit Key Pass","Ammonium",26.40015,"ppm",25.77,-81.38333,1
"7684","...117735","FIU_Estuaries","2005.50924024641-01-01","Lopez Bay","Ammonium",21.31045,"ppm",25.78417,-81.33217,1
"7685","...117750","FIU_Estuaries","2005.50924024641-01-01","Sunday Bay","Ammonium",16.1098,"ppm",25.796,-81.28,1
"7686","...117765","FIU_Estuaries","2005.50924024641-01-01","Huston Bay","Ammonium",11.2973,"ppm",25.753,-81.2555,1
"7687","...117780","FIU_Estuaries","2005.50924024641-01-01","Upper Chatham River","Ammonium",44.5942,"ppm",25.7175,-81.2305,1
"7688","...117795","FIU_Estuaries","2005.50924024641-01-01","Huston River","Ammonium",13.0151,"ppm",25.73133,-81.28467,1
"7689","...117810","FIU_Estuaries","2005.50924024641-01-01","Chevalier Bay","Ammonium",76.0242,"ppm",25.7125,-81.207,0.8
"7690","...117825","FIU_Estuaries","2005.50924024641-01-01","Alligator Bay","Ammonium",54.90065,"ppm",25.67017,-81.16867,1
"7691","...117840","FIU_Estuaries","2005.51197809719-01-01","Faka Union River","Ammonium",9.7951,"ppm",25.9,-81.516,1
"7692","...117855","FIU_Estuaries","2005.51197809719-01-01","Blackwater River","Ammonium",17.1388,"ppm",25.9298,-81.60032,0.8
"7693","...117870","FIU_Estuaries","2005.52566735113-01-01","First National","Ammonium",23.4443615,"ppm",26.04217,-81.76158,0.915
"7694","...117885","FIU_Estuaries","2005.52292950034-01-01","Wiggins Pass","Ammonium",43.6618315,"ppm",26.29167,-81.82,0.5
"7695","...117900","FIU_Estuaries","2005.52566735113-01-01","Henderson Creek","Ammonium",42.5656,"ppm",26.0257,-81.7332,0.915
"7696","...117915","FIU_Estuaries","2005.61875427789-01-01","Highway Creek","Ammonium",46.19265,"ppm",25.2536,-80.44415,0.855555555555556
"7697","...117930","FIU_Estuaries","2005.62422997947-01-01","Garfield Bight","Ammonium",3.62635,"ppm",25.15048,-80.80922,0.905555555555556
"7698","...117945","FIU_Estuaries","2005.58042436687-01-01","Chokoloskee","Ammonium",50.72165,"ppm",25.8075,-81.3495,0.8
"7699","...117960","FIU_Estuaries","2005.58042436687-01-01","Rabbit Key Pass","Ammonium",5.60035,"ppm",25.77,-81.38333,1
"7700","...117975","FIU_Estuaries","2005.58042436687-01-01","Lopez Bay","Ammonium",23.177,"ppm",25.78417,-81.33217,1
"7701","...117990","FIU_Estuaries","2005.58042436687-01-01","Sunday Bay","Ammonium",14.62685,"ppm",25.796,-81.28,1
"7702","...118005","FIU_Estuaries","2005.58042436687-01-01","Huston Bay","Ammonium",27.7403,"ppm",25.753,-81.2555,1
"7703","...118020","FIU_Estuaries","2005.58042436687-01-01","Upper Chatham River","Ammonium",50.12595,"ppm",25.7175,-81.2305,1
"7704","...118035","FIU_Estuaries","2005.58042436687-01-01","Huston River","Ammonium",9.2232,"ppm",25.73133,-81.28467,1
"7705","...118050","FIU_Estuaries","2005.58042436687-01-01","Chevalier Bay","Ammonium",136.612,"ppm",25.7125,-81.207,0.8
"7706","...118065","FIU_Estuaries","2005.58042436687-01-01","Alligator Bay","Ammonium",57.0185,"ppm",25.67017,-81.16867,1
"7707","...118080","FIU_Estuaries","2005.58316221766-01-01","Faka Union River","Ammonium",10.4783,"ppm",25.9,-81.516,1
"7708","...118095","FIU_Estuaries","2005.58316221766-01-01","Blackwater River","Ammonium",5.06765,"ppm",25.9298,-81.60032,0.8
"7709","...118110","FIU_Estuaries","2005.60232717317-01-01","First National","Ammonium",6.8733,"ppm",26.04217,-81.76158,0.915
"7710","...118125","FIU_Estuaries","2005.59958932238-01-01","Wiggins Pass","Ammonium",30.03595,"ppm",26.29167,-81.82,0.5
"7711","...118140","FIU_Estuaries","2005.60232717317-01-01","Henderson Creek","Ammonium",18.80445,"ppm",26.0257,-81.7332,0.915
"7712","...118155","FIU_Estuaries","2005.67898699521-01-01","Highway Creek","Ammonium",25.1615,"ppm",25.2536,-80.44415,0.855555555555556
"7713","...118170","FIU_Estuaries","2005.67624914442-01-01","Garfield Bight","Ammonium",393.0031,"ppm",25.15048,-80.80922,0.905555555555556
"7714","...118185","FIU_Estuaries","2005.68446269678-01-01","Chokoloskee","Ammonium",75.544,"ppm",25.8075,-81.3495,0.8
"7715","...118200","FIU_Estuaries","2005.68446269678-01-01","Rabbit Key Pass","Ammonium",5.50165,"ppm",25.77,-81.38333,1
"7716","...118215","FIU_Estuaries","2005.68446269678-01-01","Lopez Bay","Ammonium",29.0514,"ppm",25.78417,-81.33217,1
"7717","...118230","FIU_Estuaries","2005.68446269678-01-01","Sunday Bay","Ammonium",8.7745,"ppm",25.796,-81.28,1
"7718","...118245","FIU_Estuaries","2005.68446269678-01-01","Huston Bay","Ammonium",14.7245,"ppm",25.753,-81.2555,1
"7719","...118260","FIU_Estuaries","2005.68446269678-01-01","Upper Chatham River","Ammonium",20.461,"ppm",25.7175,-81.2305,1
"7720","...118275","FIU_Estuaries","2005.68446269678-01-01","Huston River","Ammonium",9.68275,"ppm",25.73133,-81.28467,1
"7721","...118290","FIU_Estuaries","2005.68446269678-01-01","Chevalier Bay","Ammonium",23.43005,"ppm",25.7125,-81.207,0.8
"7722","...118305","FIU_Estuaries","2005.68446269678-01-01","Alligator Bay","Ammonium",7.68495,"ppm",25.67017,-81.16867,1
"7723","...118320","FIU_Estuaries","2005.68720054757-01-01","Faka Union River","Ammonium",6.92475,"ppm",25.9,-81.516,1
"7724","...118335","FIU_Estuaries","2005.68720054757-01-01","Blackwater River","Ammonium",14.9408,"ppm",25.9298,-81.60032,0.8
"7725","...118350","FIU_Estuaries","2005.69815195072-01-01","First National","Ammonium",3.787,"ppm",26.04217,-81.76158,0.915
"7726","...118365","FIU_Estuaries","2005.69541409993-01-01","Wiggins Pass","Ammonium",34.80575,"ppm",26.29167,-81.82,0.5
"7727","...118380","FIU_Estuaries","2005.69815195072-01-01","Henderson Creek","Ammonium",14.95585,"ppm",26.0257,-81.7332,0.915
"7728","...118395","FIU_Estuaries","2005.76112251882-01-01","Highway Creek","Ammonium",18.977,"ppm",25.2536,-80.44415,0.855555555555556
"7729","...118410","FIU_Estuaries","2005.75838466804-01-01","Garfield Bight","Ammonium",17.20005,"ppm",25.15048,-80.80922,0.905555555555556
"7730","...118425","FIU_Estuaries","2005.79123887748-01-01","Chokoloskee","Ammonium",51.2932,"ppm",25.8075,-81.3495,0.8
"7731","...118440","FIU_Estuaries","2005.79123887748-01-01","Rabbit Key Pass","Ammonium",3.67885,"ppm",25.77,-81.38333,1
"7732","...118455","FIU_Estuaries","2005.79123887748-01-01","Lopez Bay","Ammonium",32.158,"ppm",25.78417,-81.33217,1
"7733","...118470","FIU_Estuaries","2005.79123887748-01-01","Sunday Bay","Ammonium",12.87965,"ppm",25.796,-81.28,1
"7734","...118485","FIU_Estuaries","2005.79123887748-01-01","Huston Bay","Ammonium",8.8102,"ppm",25.753,-81.2555,1
"7735","...118500","FIU_Estuaries","2005.79123887748-01-01","Upper Chatham River","Ammonium",21.88095,"ppm",25.7175,-81.2305,1
"7736","...118515","FIU_Estuaries","2005.79123887748-01-01","Huston River","Ammonium",8.6555,"ppm",25.73133,-81.28467,1
"7737","...118530","FIU_Estuaries","2005.79123887748-01-01","Chevalier Bay","Ammonium",30.6054,"ppm",25.7125,-81.207,0.8
"7738","...118545","FIU_Estuaries","2005.79123887748-01-01","Alligator Bay","Ammonium",11.2819,"ppm",25.67017,-81.16867,1
"7739","...118560","FIU_Estuaries","2005.79397672827-01-01","Faka Union River","Ammonium",16.009,"ppm",25.9,-81.516,1
"7740","...118575","FIU_Estuaries","2005.79397672827-01-01","Blackwater River","Ammonium",11.72955,"ppm",25.9298,-81.60032,0.8
"7741","...118590","FIU_Estuaries","2005.77481177276-01-01","First National","Ammonium",13.26885,"ppm",26.04217,-81.76158,0.915
"7742","...118605","FIU_Estuaries","2005.77207392197-01-01","Wiggins Pass","Ammonium",46.80655,"ppm",26.29167,-81.82,0.5
"7743","...118620","FIU_Estuaries","2005.77481177276-01-01","Henderson Creek","Ammonium",17.234,"ppm",26.0257,-81.7332,0.915
"7744","...118635","FIU_Estuaries","2005.87063655031-01-01","Highway Creek","Ammonium",36.48155,"ppm",25.2536,-80.44415,0.855555555555556
"7745","...118650","FIU_Estuaries","2005.86789869952-01-01","Garfield Bight","Ammonium",6.0655,"ppm",25.15048,-80.80922,0.905555555555556
"7746","...118665","FIU_Estuaries","2005.85694729637-01-01","Chokoloskee","Ammonium",9.2687,"ppm",25.8075,-81.3495,0.8
"7747","...118680","FIU_Estuaries","2005.85694729637-01-01","Rabbit Key Pass","Ammonium",15.148,"ppm",25.77,-81.38333,1
"7748","...118695","FIU_Estuaries","2005.85694729637-01-01","Lopez Bay","Ammonium",9.8616,"ppm",25.78417,-81.33217,1
"7749","...118710","FIU_Estuaries","2005.85694729637-01-01","Sunday Bay","Ammonium",40.21745,"ppm",25.796,-81.28,1
"7750","...118725","FIU_Estuaries","2005.85694729637-01-01","Huston Bay","Ammonium",15.92815,"ppm",25.753,-81.2555,1
"7751","...118740","FIU_Estuaries","2005.85694729637-01-01","Upper Chatham River","Ammonium",46.3645,"ppm",25.7175,-81.2305,1
"7752","...118755","FIU_Estuaries","2005.85694729637-01-01","Huston River","Ammonium",17.23365,"ppm",25.73133,-81.28467,1
"7753","...118770","FIU_Estuaries","2005.85694729637-01-01","Chevalier Bay","Ammonium",70.19775,"ppm",25.7125,-81.207,0.8
"7754","...118785","FIU_Estuaries","2005.85694729637-01-01","Alligator Bay","Ammonium",27.1152,"ppm",25.67017,-81.16867,1
"7755","...118800","FIU_Estuaries","2005.85968514716-01-01","Faka Union River","Ammonium",53.17865,"ppm",25.9,-81.516,1
"7756","...118815","FIU_Estuaries","2005.85968514716-01-01","Blackwater River","Ammonium",40.68925,"ppm",25.9298,-81.60032,0.8
"7757","...118830","FIU_Estuaries","2005.8514715948-01-01","First National","Ammonium",35.938,"ppm",26.04217,-81.76158,0.915
"7758","...118845","FIU_Estuaries","2005.84873374401-01-01","Wiggins Pass","Ammonium",74.68125,"ppm",26.29167,-81.82,0.5
"7759","...118860","FIU_Estuaries","2005.8514715948-01-01","Henderson Creek","Ammonium",13.31785,"ppm",26.0257,-81.7332,0.915
"7760","...118875","FIU_Estuaries","2005.95550992471-01-01","Highway Creek","Ammonium",56.6153,"ppm",25.2536,-80.44415,0.855555555555556
"7761","...118890","FIU_Estuaries","2005.95277207392-01-01","Garfield Bight","Ammonium",3.32815,"ppm",25.15048,-80.80922,0.905555555555556
"7762","...118905","FIU_Estuaries","2005.92539356605-01-01","Chokoloskee","Ammonium",9.1623,"ppm",25.8075,-81.3495,0.8
"7763","...118920","FIU_Estuaries","2005.92539356605-01-01","Rabbit Key Pass","Ammonium",15.0437,"ppm",25.77,-81.38333,1
"7764","...118935","FIU_Estuaries","2005.92539356605-01-01","Lopez Bay","Ammonium",24.10625,"ppm",25.78417,-81.33217,1
"7765","...118950","FIU_Estuaries","2005.92539356605-01-01","Sunday Bay","Ammonium",35.9926,"ppm",25.796,-81.28,1
"7766","...118965","FIU_Estuaries","2005.92539356605-01-01","Huston Bay","Ammonium",33.02215,"ppm",25.753,-81.2555,1
"7767","...118980","FIU_Estuaries","2005.92539356605-01-01","Upper Chatham River","Ammonium",60.99835,"ppm",25.7175,-81.2305,1
"7768","...118995","FIU_Estuaries","2005.92539356605-01-01","Huston River","Ammonium",31.68935,"ppm",25.73133,-81.28467,1
"7769","...119010","FIU_Estuaries","2005.92539356605-01-01","Chevalier Bay","Ammonium",65.63025,"ppm",25.7125,-81.207,0.8
"7770","...119025","FIU_Estuaries","2005.92539356605-01-01","Alligator Bay","Ammonium",27.65,"ppm",25.67017,-81.16867,1
"7771","...119040","FIU_Estuaries","2005.92813141684-01-01","Faka Union River","Ammonium",48.55375,"ppm",25.9,-81.516,1
"7772","...119055","FIU_Estuaries","2005.92813141684-01-01","Blackwater River","Ammonium",30.345,"ppm",25.9298,-81.60032,0.8
"7773","...119070","FIU_Estuaries","2005.94729637235-01-01","First National","Ammonium",109.56855,"ppm",26.04217,-81.76158,0.915
"7774","...119085","FIU_Estuaries","2005.94455852156-01-01","Wiggins Pass","Ammonium",81.86605,"ppm",26.29167,-81.82,0.5
"7775","...119100","FIU_Estuaries","2005.94729637235-01-01","Henderson Creek","Ammonium",57.8683,"ppm",26.0257,-81.7332,0.915
"7776","...119115","FIU_Estuaries","2006.04585900068-01-01","Highway Creek","Ammonium",40.663,"ppm",25.2536,-80.44415,0.855555555555556
"7777","...119130","FIU_Estuaries","2006.0431211499-01-01","Garfield Bight","Ammonium",3.98125,"ppm",25.15048,-80.80922,0.905555555555556
"7778","...119145","FIU_Estuaries","2006.01026694045-01-01","Chokoloskee","Ammonium",20.1789,"ppm",25.8075,-81.3495,0.8
"7779","...119160","FIU_Estuaries","2006.01026694045-01-01","Rabbit Key Pass","Ammonium",5.60595,"ppm",25.77,-81.38333,1
"7780","...119175","FIU_Estuaries","2006.01026694045-01-01","Lopez Bay","Ammonium",13.5828,"ppm",25.78417,-81.33217,1
"7781","...119190","FIU_Estuaries","2006.01026694045-01-01","Sunday Bay","Ammonium",10.4951,"ppm",25.796,-81.28,1
"7782","...119205","FIU_Estuaries","2006.01026694045-01-01","Huston Bay","Ammonium",24.3691,"ppm",25.753,-81.2555,1
"7783","...119220","FIU_Estuaries","2006.01026694045-01-01","Upper Chatham River","Ammonium",21.0042,"ppm",25.7175,-81.2305,1
"7784","...119235","FIU_Estuaries","2006.01026694045-01-01","Huston River","Ammonium",15.8179,"ppm",25.73133,-81.28467,1
"7785","...119250","FIU_Estuaries","2006.01026694045-01-01","Chevalier Bay","Ammonium",23.0741,"ppm",25.7125,-81.207,0.8
"7786","...119265","FIU_Estuaries","2006.01026694045-01-01","Alligator Bay","Ammonium",15.58515,"ppm",25.67017,-81.16867,1
"7787","...119280","FIU_Estuaries","2006.01300479124-01-01","Faka Union River","Ammonium",16.87945,"ppm",25.9,-81.516,1
"7788","...119295","FIU_Estuaries","2006.01300479124-01-01","Blackwater River","Ammonium",23.23825,"ppm",25.9298,-81.60032,0.8
"7789","...119310","FIU_Estuaries","2006.02395619439-01-01","First National","Ammonium",41.69935,"ppm",26.04217,-81.76158,0.915
"7790","...119325","FIU_Estuaries","2006.02669404517-01-01","Wiggins Pass","Ammonium",66.6757,"ppm",26.29167,-81.82,0.5
"7791","...119340","FIU_Estuaries","2006.02669404517-01-01","Henderson Creek","Ammonium",17.7961,"ppm",26.0257,-81.7332,0.915
"7792","...119355","FIU_Estuaries","2006.12251882272-01-01","Highway Creek","Ammonium",31.0002,"ppm",25.2536,-80.44415,0.855555555555556
"7793","...119370","FIU_Estuaries","2006.11978097194-01-01","Garfield Bight","Ammonium",13.73015,"ppm",25.15048,-80.80922,0.905555555555556
"7794","...119385","FIU_Estuaries","2006.0841889117-01-01","Chokoloskee","Ammonium",27.64965,"ppm",25.8075,-81.3495,0.8
"7795","...119400","FIU_Estuaries","2006.0841889117-01-01","Rabbit Key Pass","Ammonium",2.97395,"ppm",25.77,-81.38333,1
"7796","...119415","FIU_Estuaries","2006.0841889117-01-01","Lopez Bay","Ammonium",20.57615,"ppm",25.78417,-81.33217,1
"7797","...119430","FIU_Estuaries","2006.0841889117-01-01","Sunday Bay","Ammonium",12.2353,"ppm",25.796,-81.28,1
"7798","...119445","FIU_Estuaries","2006.0841889117-01-01","Huston Bay","Ammonium",26.2752,"ppm",25.753,-81.2555,1
"7799","...119460","FIU_Estuaries","2006.0841889117-01-01","Upper Chatham River","Ammonium",26.6553,"ppm",25.7175,-81.2305,1
"7800","...119475","FIU_Estuaries","2006.0841889117-01-01","Huston River","Ammonium",15.2173,"ppm",25.73133,-81.28467,1
"7801","...119490","FIU_Estuaries","2006.0841889117-01-01","Chevalier Bay","Ammonium",29.6737,"ppm",25.7125,-81.207,0.8
"7802","...119505","FIU_Estuaries","2006.0841889117-01-01","Alligator Bay","Ammonium",30.1707,"ppm",25.67017,-81.16867,1
"7803","...119520","FIU_Estuaries","2006.08692676249-01-01","Faka Union River","Ammonium",29.757,"ppm",25.9,-81.516,1
"7804","...119535","FIU_Estuaries","2006.08692676249-01-01","Blackwater River","Ammonium",28.23135,"ppm",25.9298,-81.60032,0.8
"7805","...119550","FIU_Estuaries","2006.10061601643-01-01","First National","Ammonium",109.8811,"ppm",26.04217,-81.76158,0.915
"7806","...119565","FIU_Estuaries","2006.10335386721-01-01","Wiggins Pass","Ammonium",127.7304,"ppm",26.29167,-81.82,0.5
"7807","...119580","FIU_Estuaries","2006.10061601643-01-01","Henderson Creek","Ammonium",59.3446,"ppm",26.0257,-81.7332,0.915
"7808","...119595","FIU_Estuaries","2006.18001368925-01-01","Highway Creek","Ammonium",12.92025,"ppm",25.2536,-80.44415,0.855555555555556
"7809","...119610","FIU_Estuaries","2006.17727583847-01-01","Garfield Bight","Ammonium",27.31785,"ppm",25.15048,-80.80922,0.905555555555556
"7810","...119625","FIU_Estuaries","2006.16084873374-01-01","Chokoloskee","Ammonium",21.7875,"ppm",25.8075,-81.3495,0.8
"7811","...119640","FIU_Estuaries","2006.16084873374-01-01","Rabbit Key Pass","Ammonium",2.52,"ppm",25.77,-81.38333,1
"7812","...119655","FIU_Estuaries","2006.16084873374-01-01","Lopez Bay","Ammonium",14.434,"ppm",25.78417,-81.33217,1
"7813","...119670","FIU_Estuaries","2006.16084873374-01-01","Sunday Bay","Ammonium",9.9085,"ppm",25.796,-81.28,1
"7814","...119685","FIU_Estuaries","2006.16084873374-01-01","Huston Bay","Ammonium",7.4235,"ppm",25.753,-81.2555,1
"7815","...119700","FIU_Estuaries","2006.16084873374-01-01","Upper Chatham River","Ammonium",11.4415,"ppm",25.7175,-81.2305,1
"7816","...119715","FIU_Estuaries","2006.16084873374-01-01","Huston River","Ammonium",29.351,"ppm",25.73133,-81.28467,1
"7817","...119730","FIU_Estuaries","2006.16084873374-01-01","Chevalier Bay","Ammonium",24.5665,"ppm",25.7125,-81.207,0.8
"7818","...119745","FIU_Estuaries","2006.16084873374-01-01","Alligator Bay","Ammonium",49.392,"ppm",25.67017,-81.16867,1
"7819","...119760","FIU_Estuaries","2006.16358658453-01-01","Faka Union River","Ammonium",8.176,"ppm",25.9,-81.516,1
"7820","...119775","FIU_Estuaries","2006.16358658453-01-01","Blackwater River","Ammonium",18.263,"ppm",25.9298,-81.60032,0.8
"7821","...119790","FIU_Estuaries","2006.19644079398-01-01","First National","Ammonium",20.93735,"ppm",26.04217,-81.76158,0.915
"7822","...119805","FIU_Estuaries","2006.19917864476-01-01","Wiggins Pass","Ammonium",1.88055,"ppm",26.29167,-81.82,0.5
"7823","...119820","FIU_Estuaries","2006.19644079398-01-01","Henderson Creek","Ammonium",14.5271,"ppm",26.0257,-81.7332,0.915
"7824","...119835","FIU_Estuaries","2006.31690622861-01-01","Highway Creek","Ammonium",5.37355,"ppm",25.2536,-80.44415,0.855555555555556
"7825","...119850","FIU_Estuaries","2006.31416837782-01-01","Garfield Bight","Ammonium",14.03815,"ppm",25.15048,-80.80922,0.905555555555556
"7826","...119865","FIU_Estuaries","2006.25941136208-01-01","Chokoloskee","Ammonium",3.21545,"ppm",25.8075,-81.3495,0.8
"7827","...119880","FIU_Estuaries","2006.25941136208-01-01","Rabbit Key Pass","Ammonium",3.297,"ppm",25.77,-81.38333,1
"7828","...119895","FIU_Estuaries","2006.25941136208-01-01","Lopez Bay","Ammonium",7.55335,"ppm",25.78417,-81.33217,1
"7829","...119910","FIU_Estuaries","2006.25941136208-01-01","Sunday Bay","Ammonium",8.2516,"ppm",25.796,-81.28,1
"7830","...119925","FIU_Estuaries","2006.25941136208-01-01","Huston Bay","Ammonium",14.7056,"ppm",25.753,-81.2555,1
"7831","...119940","FIU_Estuaries","2006.25941136208-01-01","Upper Chatham River","Ammonium",11.0803,"ppm",25.7175,-81.2305,1
"7832","...119955","FIU_Estuaries","2006.25941136208-01-01","Huston River","Ammonium",14.833,"ppm",25.73133,-81.28467,1
"7833","...119970","FIU_Estuaries","2006.25941136208-01-01","Chevalier Bay","Ammonium",9.87175,"ppm",25.7125,-81.207,0.8
"7834","...119985","FIU_Estuaries","2006.25941136208-01-01","Alligator Bay","Ammonium",78.3594,"ppm",25.67017,-81.16867,1
"7835","...120000","FIU_Estuaries","2006.26214921287-01-01","Faka Union River","Ammonium",16.4017,"ppm",25.9,-81.516,1
"7836","...120015","FIU_Estuaries","2006.26214921287-01-01","Blackwater River","Ammonium",10.40515,"ppm",25.9298,-81.60032,0.8
"7837","...120030","FIU_Estuaries","2006.26214921287-01-01","Fakahatchee Bay","Ammonium",4.6123,"ppm",25.8895,-81.4765,0.915
"7838","...120045","FIU_Estuaries","2006.27310061602-01-01","First National","Ammonium",35.651,"ppm",26.04217,-81.76158,0.915
"7839","...120060","FIU_Estuaries","2006.27036276523-01-01","Wiggins Pass","Ammonium",9.48535,"ppm",26.29167,-81.82,0.5
"7840","...120075","FIU_Estuaries","2006.27310061602-01-01","Henderson Creek","Ammonium",14.38045,"ppm",26.0257,-81.7332,0.915
"7841","...120090","FIU_Estuaries","2006.40999315537-01-01","Highway Creek","Ammonium",236.81665,"ppm",25.2536,-80.44415,0.855555555555556
"7842","...120105","FIU_Estuaries","2006.40725530459-01-01","Garfield Bight","Ammonium",92.9656,"ppm",25.15048,-80.80922,0.905555555555556
"7843","...120120","FIU_Estuaries","2006.32785763176-01-01","Chokoloskee","Ammonium",2.89905,"ppm",25.8075,-81.3495,0.8
"7844","...120135","FIU_Estuaries","2006.32785763176-01-01","Rabbit Key Pass","Ammonium",2.50985,"ppm",25.77,-81.38333,1
"7845","...120150","FIU_Estuaries","2006.32785763176-01-01","Lopez Bay","Ammonium",3.53395,"ppm",25.78417,-81.33217,1
"7846","...120165","FIU_Estuaries","2006.32785763176-01-01","Sunday Bay","Ammonium",21.14875,"ppm",25.796,-81.28,1
"7847","...120180","FIU_Estuaries","2006.32785763176-01-01","Huston Bay","Ammonium",4.69735,"ppm",25.753,-81.2555,1
"7848","...120195","FIU_Estuaries","2006.32785763176-01-01","Upper Chatham River","Ammonium",10.40865,"ppm",25.7175,-81.2305,1
"7849","...120210","FIU_Estuaries","2006.32785763176-01-01","Huston River","Ammonium",7.35875,"ppm",25.73133,-81.28467,1
"7850","...120225","FIU_Estuaries","2006.32785763176-01-01","Chevalier Bay","Ammonium",9.28165,"ppm",25.7125,-81.207,0.8
"7851","...120240","FIU_Estuaries","2006.32785763176-01-01","Alligator Bay","Ammonium",19.3718,"ppm",25.67017,-81.16867,1
"7852","...120255","FIU_Estuaries","2006.33059548255-01-01","Faka Union River","Ammonium",9.38945,"ppm",25.9,-81.516,1
"7853","...120270","FIU_Estuaries","2006.33059548255-01-01","Blackwater River","Ammonium",2.69885,"ppm",25.9298,-81.60032,0.8
"7854","...120285","FIU_Estuaries","2006.33059548255-01-01","Fakahatchee Bay","Ammonium",1.5134,"ppm",25.8895,-81.4765,0.915
"7855","...120300","FIU_Estuaries","2006.38809034908-01-01","First National","Ammonium",30.7975815,"ppm",26.04217,-81.76158,0.915
"7856","...120315","FIU_Estuaries","2006.39082819986-01-01","Wiggins Pass","Ammonium",21.5869045,"ppm",26.29167,-81.82,0.5
"7857","...120330","FIU_Estuaries","2006.38809034908-01-01","Henderson Creek","Ammonium",36.4924,"ppm",26.0257,-81.7332,0.915
"7858","...120345","FIU_Estuaries","2006.47296372348-01-01","Highway Creek","Ammonium",92.736,"ppm",25.2536,-80.44415,0.855555555555556
"7859","...120360","FIU_Estuaries","2006.4674880219-01-01","Garfield Bight","Ammonium",29.323,"ppm",25.15048,-80.80922,0.905555555555556
"7860","...120375","FIU_Estuaries","2006.42368240931-01-01","Chokoloskee","Ammonium",1.55785,"ppm",25.8075,-81.3495,0.8
"7861","...120390","FIU_Estuaries","2006.42368240931-01-01","Rabbit Key Pass","Ammonium",1.5771,"ppm",25.77,-81.38333,1
"7862","...120405","FIU_Estuaries","2006.42368240931-01-01","Lopez Bay","Ammonium",1.49625,"ppm",25.78417,-81.33217,1
"7863","...120420","FIU_Estuaries","2006.42368240931-01-01","Sunday Bay","Ammonium",1.3048,"ppm",25.796,-81.28,1
"7864","...120435","FIU_Estuaries","2006.42368240931-01-01","Huston Bay","Ammonium",3.58295,"ppm",25.753,-81.2555,1
"7865","...120450","FIU_Estuaries","2006.42368240931-01-01","Upper Chatham River","Ammonium",4.06,"ppm",25.7175,-81.2305,1
"7866","...120465","FIU_Estuaries","2006.42368240931-01-01","Huston River","Ammonium",4.0327,"ppm",25.73133,-81.28467,1
"7867","...120480","FIU_Estuaries","2006.42368240931-01-01","Chevalier Bay","Ammonium",3.9522,"ppm",25.7125,-81.207,0.8
"7868","...120495","FIU_Estuaries","2006.42368240931-01-01","Alligator Bay","Ammonium",10.78175,"ppm",25.67017,-81.16867,1
"7869","...120510","FIU_Estuaries","2006.4264202601-01-01","Faka Union River","Ammonium",11.18775,"ppm",25.9,-81.516,1
"7870","...120525","FIU_Estuaries","2006.4264202601-01-01","Blackwater River","Ammonium",2.4038,"ppm",25.9298,-81.60032,0.8
"7871","...120540","FIU_Estuaries","2006.4264202601-01-01","Fakahatchee Bay","Ammonium",3.32325,"ppm",25.8895,-81.4765,0.915
"7872","...120555","FIU_Estuaries","2006.44558521561-01-01","First National","Ammonium",62.910757,"ppm",26.04217,-81.76158,0.915
"7873","...120570","FIU_Estuaries","2006.44832306639-01-01","Wiggins Pass","Ammonium",48.33395,"ppm",26.29167,-81.82,0.5
"7874","...120585","FIU_Estuaries","2006.44558521561-01-01","Henderson Creek","Ammonium",33.8401455,"ppm",26.0257,-81.7332,0.915
"7875","...120600","FIU_Estuaries","2006.50855578371-01-01","Highway Creek","Ammonium",337.28555,"ppm",25.2536,-80.44415,0.855555555555556
"7876","...120615","FIU_Estuaries","2006.50581793292-01-01","Garfield Bight","Ammonium",28.9898,"ppm",25.15048,-80.80922,0.905555555555556
"7877","...120630","FIU_Estuaries","2006.53045859001-01-01","Chokoloskee","Ammonium",34.3485415,"ppm",25.8075,-81.3495,0.8
"7878","...120645","FIU_Estuaries","2006.53045859001-01-01","Rabbit Key Pass","Ammonium",2.236703,"ppm",25.77,-81.38333,1
"7879","...120660","FIU_Estuaries","2006.53045859001-01-01","Lopez Bay","Ammonium",127.1878055,"ppm",25.78417,-81.33217,1
"7880","...120675","FIU_Estuaries","2006.53045859001-01-01","Sunday Bay","Ammonium",265.3713965,"ppm",25.796,-81.28,1
"7881","...120690","FIU_Estuaries","2006.53045859001-01-01","Huston Bay","Ammonium",96.9881045,"ppm",25.753,-81.2555,1
"7882","...120705","FIU_Estuaries","2006.53045859001-01-01","Upper Chatham River","Ammonium",265.359927,"ppm",25.7175,-81.2305,1
"7883","...120720","FIU_Estuaries","2006.53045859001-01-01","Huston River","Ammonium",115.64,"ppm",25.73133,-81.28467,1
"7884","...120735","FIU_Estuaries","2006.53045859001-01-01","Chevalier Bay","Ammonium",227.276,"ppm",25.7125,-81.207,0.8
"7885","...120750","FIU_Estuaries","2006.53045859001-01-01","Alligator Bay","Ammonium",27.1691,"ppm",25.67017,-81.16867,1
"7886","...120765","FIU_Estuaries","2006.52498288843-01-01","Faka Union River","Ammonium",36.623258,"ppm",25.9,-81.516,1
"7887","...120780","FIU_Estuaries","2006.52498288843-01-01","Blackwater River","Ammonium",26.8354205,"ppm",25.9298,-81.60032,0.8
"7888","...120795","FIU_Estuaries","2006.52498288843-01-01","Fakahatchee Bay","Ammonium",71.4327565,"ppm",25.8895,-81.4765,0.915
"7889","...120810","FIU_Estuaries","2006.56057494867-01-01","First National","Ammonium",26.67245,"ppm",26.04217,-81.76158,0.915
"7890","...120825","FIU_Estuaries","2006.55783709788-01-01","Wiggins Pass","Ammonium",96.233648,"ppm",26.29167,-81.82,0.5
"7891","...120840","FIU_Estuaries","2006.56057494867-01-01","Henderson Creek","Ammonium",23.74855,"ppm",26.0257,-81.7332,0.915
"7892","...120855","FIU_Estuaries","2006.62080766598-01-01","Highway Creek","Ammonium",81.2385,"ppm",25.2536,-80.44415,0.855555555555556
"7893","...120870","FIU_Estuaries","2006.61806981519-01-01","Garfield Bight","Ammonium",14.5985,"ppm",25.15048,-80.80922,0.905555555555556
"7894","...120885","FIU_Estuaries","2006.58521560575-01-01","Chokoloskee","Ammonium",23.9760675,"ppm",25.8075,-81.3495,0.8
"7895","...120900","FIU_Estuaries","2006.58521560575-01-01","Rabbit Key Pass","Ammonium",7.908089,"ppm",25.77,-81.38333,1
"7896","...120915","FIU_Estuaries","2006.58521560575-01-01","Lopez Bay","Ammonium",41.423564,"ppm",25.78417,-81.33217,1
"7897","...120930","FIU_Estuaries","2006.58521560575-01-01","Sunday Bay","Ammonium",9.4280655,"ppm",25.796,-81.28,1
"7898","...120945","FIU_Estuaries","2006.58521560575-01-01","Huston Bay","Ammonium",11.203962,"ppm",25.753,-81.2555,1
"7899","...120960","FIU_Estuaries","2006.58521560575-01-01","Upper Chatham River","Ammonium",58.073477,"ppm",25.7175,-81.2305,1
"7900","...120975","FIU_Estuaries","2006.58521560575-01-01","Huston River","Ammonium",24.0722125,"ppm",25.73133,-81.28467,1
"7901","...120990","FIU_Estuaries","2006.58521560575-01-01","Chevalier Bay","Ammonium",47.2660195,"ppm",25.7125,-81.207,0.8
"7902","...121005","FIU_Estuaries","2006.58521560575-01-01","Alligator Bay","Ammonium",15.3478185,"ppm",25.67017,-81.16867,1
"7903","...121020","FIU_Estuaries","2006.58795345654-01-01","Faka Union River","Ammonium",31.089996,"ppm",25.9,-81.516,1
"7904","...121035","FIU_Estuaries","2006.58795345654-01-01","Blackwater River","Ammonium",77.076349,"ppm",25.9298,-81.60032,0.8
"7905","...121050","FIU_Estuaries","2006.58795345654-01-01","Fakahatchee Bay","Ammonium",27.4877995,"ppm",25.8895,-81.4765,0.915
"7906","...121065","FIU_Estuaries","2006.59890485969-01-01","First National","Ammonium",NA,"ppm",26.04217,-81.76158,0.915
"7907","...121080","FIU_Estuaries","2006.60164271047-01-01","Wiggins Pass","Ammonium",13.2840855,"ppm",26.29167,-81.82,0.5
"7908","...121095","FIU_Estuaries","2006.59890485969-01-01","Henderson Creek","Ammonium",10.535,"ppm",26.0257,-81.7332,0.915
"7909","...121110","FIU_Estuaries","2006.71663244353-01-01","Highway Creek","Ammonium",25.2784,"ppm",25.2536,-80.44415,0.855555555555556
"7910","...121125","FIU_Estuaries","2006.71389459274-01-01","Garfield Bight","Ammonium",32.68475,"ppm",25.15048,-80.80922,0.905555555555556
"7911","...121140","FIU_Estuaries","2006.73853524983-01-01","Chokoloskee","Ammonium",29.6135,"ppm",25.8075,-81.3495,0.8
"7912","...121155","FIU_Estuaries","2006.73853524983-01-01","Rabbit Key Pass","Ammonium",73.185,"ppm",25.77,-81.38333,1
"7913","...121170","FIU_Estuaries","2006.73853524983-01-01","Lopez Bay","Ammonium",52.654,"ppm",25.78417,-81.33217,1
"7914","...121185","FIU_Estuaries","2006.73853524983-01-01","Sunday Bay","Ammonium",15.645,"ppm",25.796,-81.28,1
"7915","...121200","FIU_Estuaries","2006.73853524983-01-01","Huston Bay","Ammonium",14,"ppm",25.753,-81.2555,1
"7916","...121215","FIU_Estuaries","2006.73853524983-01-01","Upper Chatham River","Ammonium",52.773,"ppm",25.7175,-81.2305,1
"7917","...121230","FIU_Estuaries","2006.73853524983-01-01","Huston River","Ammonium",11.48,"ppm",25.73133,-81.28467,1
"7918","...121245","FIU_Estuaries","2006.73853524983-01-01","Chevalier Bay","Ammonium",55.7655,"ppm",25.7125,-81.207,0.8
"7919","...121260","FIU_Estuaries","2006.73853524983-01-01","Alligator Bay","Ammonium",91.8505,"ppm",25.67017,-81.16867,1
"7920","...121275","FIU_Estuaries","2006.74127310062-01-01","Faka Union River","Ammonium",45.374,"ppm",25.9,-81.516,1
"7921","...121290","FIU_Estuaries","2006.74127310062-01-01","Blackwater River","Ammonium",112.497,"ppm",25.9298,-81.60032,0.8
"7922","...121305","FIU_Estuaries","2006.74127310062-01-01","Fakahatchee Bay","Ammonium",70.3745,"ppm",25.8895,-81.4765,0.915
"7923","...121320","FIU_Estuaries","2006.69472963723-01-01","First National","Ammonium",28.71925,"ppm",26.04217,-81.76158,0.915
"7924","...121335","FIU_Estuaries","2006.69746748802-01-01","Wiggins Pass","Ammonium",50.288,"ppm",26.29167,-81.82,0.5
"7925","...121350","FIU_Estuaries","2006.69472963723-01-01","Henderson Creek","Ammonium",18.36135,"ppm",26.0257,-81.7332,0.915
"7926","...121365","FIU_Estuaries","2006.77138945927-01-01","Highway Creek","Ammonium",32.2574,"ppm",25.2536,-80.44415,0.855555555555556
"7927","...121380","FIU_Estuaries","2006.76865160849-01-01","Garfield Bight","Ammonium",8.8438,"ppm",25.15048,-80.80922,0.905555555555556
"7928","...121395","FIU_Estuaries","2006.8288843258-01-01","Chokoloskee","Ammonium",27.1257,"ppm",25.8075,-81.3495,0.8
"7929","...121410","FIU_Estuaries","2006.8288843258-01-01","Rabbit Key Pass","Ammonium",6.70355,"ppm",25.77,-81.38333,1
"7930","...121425","FIU_Estuaries","2006.8288843258-01-01","Lopez Bay","Ammonium",11.97945,"ppm",25.78417,-81.33217,1
"7931","...121440","FIU_Estuaries","2006.8288843258-01-01","Sunday Bay","Ammonium",46.78975,"ppm",25.796,-81.28,1
"7932","...121455","FIU_Estuaries","2006.8288843258-01-01","Huston Bay","Ammonium",33.1989,"ppm",25.753,-81.2555,1
"7933","...121470","FIU_Estuaries","2006.8288843258-01-01","Upper Chatham River","Ammonium",32.2651,"ppm",25.7175,-81.2305,1
"7934","...121485","FIU_Estuaries","2006.8288843258-01-01","Huston River","Ammonium",20.96675,"ppm",25.73133,-81.28467,1
"7935","...121500","FIU_Estuaries","2006.8288843258-01-01","Chevalier Bay","Ammonium",39.6172,"ppm",25.7125,-81.207,0.8
"7936","...121515","FIU_Estuaries","2006.8288843258-01-01","Alligator Bay","Ammonium",14.95795,"ppm",25.67017,-81.16867,1
"7937","...121530","FIU_Estuaries","2006.82614647502-01-01","Faka Union River","Ammonium",43.6023,"ppm",25.9,-81.516,1
"7938","...121545","FIU_Estuaries","2006.82614647502-01-01","Blackwater River","Ammonium",26.7176,"ppm",25.9298,-81.60032,0.8
"7939","...121560","FIU_Estuaries","2006.80971937029-01-01","First National","Ammonium",9.11435,"ppm",26.04217,-81.76158,0.915
"7940","...121575","FIU_Estuaries","2006.81245722108-01-01","Wiggins Pass","Ammonium",17.60675,"ppm",26.29167,-81.82,0.5
"7941","...121590","FIU_Estuaries","2006.80971937029-01-01","Henderson Creek","Ammonium",12.12855,"ppm",26.0257,-81.7332,0.915
"7942","...121605","FIU_Estuaries","2006.8507871321-01-01","Highway Creek","Ammonium",37.48912328,"ppm",25.2536,-80.44415,0.855555555555556
"7943","...121620","FIU_Estuaries","2006.84804928131-01-01","Garfield Bight","Ammonium",10.55946122,"ppm",25.15048,-80.80922,0.905555555555556
"7944","...121635","FIU_Estuaries","2006.90280629706-01-01","Chokoloskee","Ammonium",20.72839454,"ppm",25.8075,-81.3495,0.8
"7945","...121650","FIU_Estuaries","2006.90280629706-01-01","Rabbit Key Pass","Ammonium",20.19040324,"ppm",25.77,-81.38333,1
"7946","...121665","FIU_Estuaries","2006.90280629706-01-01","Lopez Bay","Ammonium",33.06080078,"ppm",25.78417,-81.33217,1
"7947","...121680","FIU_Estuaries","2006.90280629706-01-01","Sunday Bay","Ammonium",38.65548169,"ppm",25.796,-81.28,1
"7948","...121695","FIU_Estuaries","2006.90280629706-01-01","Huston Bay","Ammonium",17.62720876,"ppm",25.753,-81.2555,1
"7949","...121710","FIU_Estuaries","2006.90280629706-01-01","Upper Chatham River","Ammonium",32.52286471,"ppm",25.7175,-81.2305,1
"7950","...121725","FIU_Estuaries","2006.90280629706-01-01","Huston River","Ammonium",25.05893768,"ppm",25.73133,-81.28467,1
"7951","...121740","FIU_Estuaries","2006.90280629706-01-01","Chevalier Bay","Ammonium",45.4142535,"ppm",25.7125,-81.207,0.8
"7952","...121755","FIU_Estuaries","2006.90280629706-01-01","Alligator Bay","Ammonium",7.6406883,"ppm",25.67017,-81.16867,1
"7953","...121770","FIU_Estuaries","2006.90554414784-01-01","Faka Union River","Ammonium",13.35276887,"ppm",25.9,-81.516,1
"7954","...121785","FIU_Estuaries","2006.90554414784-01-01","Blackwater River","Ammonium",23.84417924,"ppm",25.9298,-81.60032,0.8
"7955","...121800","FIU_Estuaries","2006.90554414784-01-01","Fakahatchee Bay","Ammonium",29.41152081,"ppm",25.8895,-81.4765,0.915
"7956","...121815","FIU_Estuaries","2006.88364134155-01-01","First National","Ammonium",5.6613795,"ppm",26.04217,-81.76158,0.915
"7957","...121830","FIU_Estuaries","2006.88637919233-01-01","Wiggins Pass","Ammonium",1.91656171,"ppm",26.29167,-81.82,0.5
"7958","...121845","FIU_Estuaries","2006.88364134155-01-01","Henderson Creek","Ammonium",1.00386125,"ppm",26.0257,-81.7332,0.915
"7959","...121860","FIU_Estuaries","2006.84531143053-01-01","Highway Creek","Ammonium",13.95702294,"ppm",25.2536,-80.44415,0.855555555555556
"7960","...121875","FIU_Estuaries","2006.84531143053-01-01","Garfield Bight","Ammonium",21.06085534,"ppm",25.15048,-80.80922,0.905555555555556
"7961","...121890","FIU_Estuaries","2006.96030116359-01-01","Chokoloskee","Ammonium",79.77411596,"ppm",25.8075,-81.3495,0.8
"7962","...121905","FIU_Estuaries","2006.96030116359-01-01","Rabbit Key Pass","Ammonium",36.96924539,"ppm",25.77,-81.38333,1
"7963","...121920","FIU_Estuaries","2006.96030116359-01-01","Lopez Bay","Ammonium",42.01559796,"ppm",25.78417,-81.33217,1
"7964","...121935","FIU_Estuaries","2006.96030116359-01-01","Sunday Bay","Ammonium",20.4681869,"ppm",25.796,-81.28,1
"7965","...121950","FIU_Estuaries","2006.96030116359-01-01","Huston Bay","Ammonium",30.45429583,"ppm",25.753,-81.2555,1
"7966","...121965","FIU_Estuaries","2006.96030116359-01-01","Upper Chatham River","Ammonium",33.70782072,"ppm",25.7175,-81.2305,1
"7967","...121980","FIU_Estuaries","2006.96030116359-01-01","Huston River","Ammonium",21.75694549,"ppm",25.73133,-81.28467,1
"7968","...121995","FIU_Estuaries","2006.96030116359-01-01","Chevalier Bay","Ammonium",20.35612964,"ppm",25.7125,-81.207,0.8
"7969","...122010","FIU_Estuaries","2006.96030116359-01-01","Alligator Bay","Ammonium",25.07339352,"ppm",25.67017,-81.16867,1
"7970","...122025","FIU_Estuaries","2006.96303901437-01-01","Faka Union River","Ammonium",39.55778043,"ppm",25.9,-81.516,1
"7971","...122040","FIU_Estuaries","2006.96303901437-01-01","Blackwater River","Ammonium",90.38033214,"ppm",25.9298,-81.60032,0.8
"7972","...122055","FIU_Estuaries","2006.94387405886-01-01","First National","Ammonium",91.41722786,"ppm",26.04217,-81.76158,0.915
"7973","...122070","FIU_Estuaries","2006.94113620808-01-01","Wiggins Pass","Ammonium",68.12991269,"ppm",26.29167,-81.82,0.5
"7974","...122085","FIU_Estuaries","2006.94387405886-01-01","Henderson Creek","Ammonium",70.96588527,"ppm",26.0257,-81.7332,0.915
"7975","...122100","FIU_Estuaries","2007.02327173169-01-01","Highway Creek","Ammonium",15.747071725,"ppm",25.2536,-80.44415,0.855555555555556
"7976","...122115","FIU_Estuaries","2007.02600958248-01-01","Garfield Bight","Ammonium",4.557812315,"ppm",25.15048,-80.80922,0.905555555555556
"7977","...122130","FIU_Estuaries","2007.07529089665-01-01","Chokoloskee","Ammonium",11.44303797,"ppm",25.8075,-81.3495,0.8
"7978","...122145","FIU_Estuaries","2007.07529089665-01-01","Rabbit Key Pass","Ammonium",5.99974403,"ppm",25.77,-81.38333,1
"7979","...122160","FIU_Estuaries","2007.07529089665-01-01","Lopez Bay","Ammonium",22.438976805,"ppm",25.78417,-81.33217,1
"7980","...122175","FIU_Estuaries","2007.07529089665-01-01","Sunday Bay","Ammonium",43.421342125,"ppm",25.796,-81.28,1
"7981","...122190","FIU_Estuaries","2007.07529089665-01-01","Huston Bay","Ammonium",7.93298814,"ppm",25.753,-81.2555,1
"7982","...122205","FIU_Estuaries","2007.07529089665-01-01","Upper Chatham River","Ammonium",20.745219915,"ppm",25.7175,-81.2305,1
"7983","...122220","FIU_Estuaries","2007.07529089665-01-01","Huston River","Ammonium",29.80048134,"ppm",25.73133,-81.28467,1
"7984","...122235","FIU_Estuaries","2007.07529089665-01-01","Chevalier Bay","Ammonium",19.644382345,"ppm",25.7125,-81.207,0.8
"7985","...122250","FIU_Estuaries","2007.07529089665-01-01","Alligator Bay","Ammonium",18.02832948,"ppm",25.67017,-81.16867,1
"7986","...122265","FIU_Estuaries","2007.07529089665-01-01","Faka Union River","Ammonium",22.588395375,"ppm",25.9,-81.516,1
"7987","...122280","FIU_Estuaries","2007.07529089665-01-01","Blackwater River","Ammonium",19.25513681,"ppm",25.9298,-81.60032,0.8
"7988","...122295","FIU_Estuaries","2007.07529089665-01-01","Fakahatchee Bay","Ammonium",17.65367142,"ppm",25.8895,-81.4765,0.915
"7989","...122310","FIU_Estuaries","2007.03969883641-01-01","First National","Ammonium",73.52965459,"ppm",26.04217,-81.76158,0.915
"7990","...122325","FIU_Estuaries","2007.03969883641-01-01","Wiggins Pass","Ammonium",4.58701005,"ppm",26.29167,-81.82,0.5
"7991","...122340","FIU_Estuaries","2007.03969883641-01-01","Henderson Creek","Ammonium",45.283672385,"ppm",26.0257,-81.7332,0.915
"7992","...122355","FIU_Estuaries","2007.10266940452-01-01","Highway Creek","Ammonium",55.07466643,"ppm",25.2536,-80.44415,0.855555555555556
"7993","...122370","FIU_Estuaries","2007.09993155373-01-01","Garfield Bight","Ammonium",3.056905355,"ppm",25.15048,-80.80922,0.905555555555556
"7994","...122385","FIU_Estuaries","2007.15468856947-01-01","Chokoloskee","Ammonium",5.5034042,"ppm",25.8075,-81.3495,0.8
"7995","...122400","FIU_Estuaries","2007.15468856947-01-01","Rabbit Key Pass","Ammonium",7.126205835,"ppm",25.77,-81.38333,1
"7996","...122415","FIU_Estuaries","2007.15468856947-01-01","Lopez Bay","Ammonium",5.747803005,"ppm",25.78417,-81.33217,1
"7997","...122430","FIU_Estuaries","2007.15468856947-01-01","Sunday Bay","Ammonium",15.9886685,"ppm",25.796,-81.28,1
"7998","...122445","FIU_Estuaries","2007.15468856947-01-01","Huston Bay","Ammonium",7.00618408,"ppm",25.753,-81.2555,1
"7999","...122460","FIU_Estuaries","2007.15468856947-01-01","Upper Chatham River","Ammonium",8.449178395,"ppm",25.7175,-81.2305,1
"8000","...122475","FIU_Estuaries","2007.15468856947-01-01","Huston River","Ammonium",4.775087695,"ppm",25.73133,-81.28467,1
"8001","...122490","FIU_Estuaries","2007.15468856947-01-01","Chevalier Bay","Ammonium",8.5840041,"ppm",25.7125,-81.207,0.8
"8002","...122505","FIU_Estuaries","2007.15468856947-01-01","Alligator Bay","Ammonium",36.24674277,"ppm",25.67017,-81.16867,1
"8003","...122520","FIU_Estuaries","2007.15195071869-01-01","Faka Union River","Ammonium",17.57099015,"ppm",25.9,-81.516,1
"8004","...122535","FIU_Estuaries","2007.15195071869-01-01","Blackwater River","Ammonium",11.88772081,"ppm",25.9298,-81.60032,0.8
"8005","...122550","FIU_Estuaries","2007.15195071869-01-01","Fakahatchee Bay","Ammonium",16.33344076,"ppm",25.8895,-81.4765,0.915
"8006","...122565","FIU_Estuaries","2007.11635865845-01-01","First National","Ammonium",57.124446085,"ppm",26.04217,-81.76158,0.915
"8007","...122580","FIU_Estuaries","2007.11909650924-01-01","Wiggins Pass","Ammonium",66.546523155,"ppm",26.29167,-81.82,0.5
"8008","...122595","FIU_Estuaries","2007.11635865845-01-01","Henderson Creek","Ammonium",45.60596502,"ppm",26.0257,-81.7332,0.915
"8009","...122610","FIU_Estuaries","2007.19028062971-01-01","Highway Creek","Ammonium",32.97920423,"ppm",25.2536,-80.44415,0.855555555555556
"8010","...122625","FIU_Estuaries","2007.19028062971-01-01","Garfield Bight","Ammonium",10.90661852,"ppm",25.15048,-80.80922,0.905555555555556
"8011","...122640","FIU_Estuaries","2007.212183436-01-01","Chokoloskee","Ammonium",4.991417515,"ppm",25.8075,-81.3495,0.8
"8012","...122655","FIU_Estuaries","2007.212183436-01-01","Rabbit Key Pass","Ammonium",21.06373906,"ppm",25.77,-81.38333,1
"8013","...122670","FIU_Estuaries","2007.212183436-01-01","Lopez Bay","Ammonium",7.37852381,"ppm",25.78417,-81.33217,1
"8014","...122685","FIU_Estuaries","2007.212183436-01-01","Sunday Bay","Ammonium",0.83029226,"ppm",25.796,-81.28,1
"8015","...122700","FIU_Estuaries","2007.212183436-01-01","Huston Bay","Ammonium",11.321873605,"ppm",25.753,-81.2555,1
"8016","...122715","FIU_Estuaries","2007.212183436-01-01","Upper Chatham River","Ammonium",12.26880074,"ppm",25.7175,-81.2305,1
"8017","...122730","FIU_Estuaries","2007.212183436-01-01","Huston River","Ammonium",11.837021035,"ppm",25.73133,-81.28467,1
"8018","...122745","FIU_Estuaries","2007.212183436-01-01","Chevalier Bay","Ammonium",11.82619466,"ppm",25.7125,-81.207,0.8
"8019","...122760","FIU_Estuaries","2007.212183436-01-01","Alligator Bay","Ammonium",32.52867814,"ppm",25.67017,-81.16867,1
"8020","...122775","FIU_Estuaries","2007.21492128679-01-01","Faka Union River","Ammonium",13.47053197,"ppm",25.9,-81.516,1
"8021","...122790","FIU_Estuaries","2007.21492128679-01-01","Blackwater River","Ammonium",3.19026708,"ppm",25.9298,-81.60032,0.8
"8022","...122805","FIU_Estuaries","2007.21492128679-01-01","Fakahatchee Bay","Ammonium",2.162121255,"ppm",25.8895,-81.4765,0.915
"8023","...122820","FIU_Estuaries","2007.19301848049-01-01","First National","Ammonium",63.92100806,"ppm",26.04217,-81.76158,0.915
"8024","...122835","FIU_Estuaries","2007.19575633128-01-01","Wiggins Pass","Ammonium",21.6087662,"ppm",26.29167,-81.82,0.5
"8025","...122850","FIU_Estuaries","2007.19301848049-01-01","Henderson Creek","Ammonium",8.5496383,"ppm",26.0257,-81.7332,0.915
"8026","...122865","FIU_Estuaries","2007.24777549624-01-01","Highway Creek","Ammonium",NA,"ppm",25.2536,-80.44415,0.855555555555556
"8027","...122880","FIU_Estuaries","2007.25051334702-01-01","Garfield Bight","Ammonium",11.720188865,"ppm",25.15048,-80.80922,0.905555555555556
"8028","...122895","FIU_Estuaries","2007.28884325804-01-01","Chokoloskee","Ammonium",4.751810665,"ppm",25.8075,-81.3495,0.8
"8029","...122910","FIU_Estuaries","2007.28884325804-01-01","Rabbit Key Pass","Ammonium",3.85514052,"ppm",25.77,-81.38333,1
"8030","...122925","FIU_Estuaries","2007.28884325804-01-01","Lopez Bay","Ammonium",9.01208945,"ppm",25.78417,-81.33217,1
"8031","...122940","FIU_Estuaries","2007.28884325804-01-01","Sunday Bay","Ammonium",5.76451253,"ppm",25.796,-81.28,1
"8032","...122955","FIU_Estuaries","2007.28884325804-01-01","Huston Bay","Ammonium",56.926462355,"ppm",25.753,-81.2555,1
"8033","...122970","FIU_Estuaries","2007.28884325804-01-01","Upper Chatham River","Ammonium",25.890364255,"ppm",25.7175,-81.2305,1
"8034","...122985","FIU_Estuaries","2007.28884325804-01-01","Huston River","Ammonium",6.060364275,"ppm",25.73133,-81.28467,1
"8035","...123000","FIU_Estuaries","2007.28884325804-01-01","Chevalier Bay","Ammonium",6.64538014,"ppm",25.7125,-81.207,0.8
"8036","...123015","FIU_Estuaries","2007.28884325804-01-01","Alligator Bay","Ammonium",7.951231995,"ppm",25.67017,-81.16867,1
"8037","...123030","FIU_Estuaries","2007.29158110883-01-01","Faka Union River","Ammonium",26.91160843,"ppm",25.9,-81.516,1
"8038","...123045","FIU_Estuaries","2007.29158110883-01-01","Blackwater River","Ammonium",70.00291452,"ppm",25.9298,-81.60032,0.8
"8039","...123060","FIU_Estuaries","2007.29158110883-01-01","Fakahatchee Bay","Ammonium",2.449634425,"ppm",25.8895,-81.4765,0.915
"8040","...123075","FIU_Estuaries","2007.29158110883-01-01","First National","Ammonium",53.034669835,"ppm",26.04217,-81.76158,0.915
"8041","...123090","FIU_Estuaries","2007.29431895962-01-01","Wiggins Pass","Ammonium",27.719008415,"ppm",26.29167,-81.82,0.5
"8042","...123105","FIU_Estuaries","2007.29158110883-01-01","Henderson Creek","Ammonium",51.319653105,"ppm",26.0257,-81.7332,0.915
"8043","...123120","FIU_Estuaries","2007.32991101985-01-01","Highway Creek","Ammonium",390.6140903,"ppm",25.2536,-80.44415,0.855555555555556
"8044","...123135","FIU_Estuaries","2007.32717316906-01-01","Garfield Bight","Ammonium",15.335072515,"ppm",25.15048,-80.80922,0.905555555555556
"8045","...123150","FIU_Estuaries","2007.38740588638-01-01","Chokoloskee","Ammonium",3.92955458,"ppm",25.8075,-81.3495,0.8
"8046","...123165","FIU_Estuaries","2007.38740588638-01-01","Rabbit Key Pass","Ammonium",3.63823656,"ppm",25.77,-81.38333,1
"8047","...123180","FIU_Estuaries","2007.38740588638-01-01","Lopez Bay","Ammonium",3.996581995,"ppm",25.78417,-81.33217,1
"8048","...123195","FIU_Estuaries","2007.38740588638-01-01","Sunday Bay","Ammonium",11.375358435,"ppm",25.796,-81.28,1
"8049","...123210","FIU_Estuaries","2007.38740588638-01-01","Huston Bay","Ammonium",6.831785065,"ppm",25.753,-81.2555,1
"8050","...123225","FIU_Estuaries","2007.38740588638-01-01","Upper Chatham River","Ammonium",3.85645169,"ppm",25.7175,-81.2305,1
"8051","...123240","FIU_Estuaries","2007.38740588638-01-01","Huston River","Ammonium",2.30162422,"ppm",25.73133,-81.28467,1
"8052","...123255","FIU_Estuaries","2007.38740588638-01-01","Chevalier Bay","Ammonium",5.86435752,"ppm",25.7125,-81.207,0.8
"8053","...123270","FIU_Estuaries","2007.38740588638-01-01","Alligator Bay","Ammonium",8.69479142,"ppm",25.67017,-81.16867,1
"8054","...123285","FIU_Estuaries","2007.39014373717-01-01","Faka Union River","Ammonium",23.432201625,"ppm",25.9,-81.516,1
"8055","...123300","FIU_Estuaries","2007.39014373717-01-01","Blackwater River","Ammonium",6.371436085,"ppm",25.9298,-81.60032,0.8
"8056","...123315","FIU_Estuaries","2007.39014373717-01-01","Fakahatchee Bay","Ammonium",8.14505174,"ppm",25.8895,-81.4765,0.915
"8057","...123330","FIU_Estuaries","2007.36550308008-01-01","First National","Ammonium",64.608955145,"ppm",26.04217,-81.76158,0.915
"8058","...123345","FIU_Estuaries","2007.37371663244-01-01","Wiggins Pass","Ammonium",23.1096544,"ppm",26.29167,-81.82,0.5
"8059","...123360","FIU_Estuaries","2007.36550308008-01-01","Henderson Creek","Ammonium",109.33385519,"ppm",26.0257,-81.7332,0.915
"8060","...123375","FIU_Estuaries","2007.42847364819-01-01","Highway Creek","Ammonium",198.62139857,"ppm",25.2536,-80.44415,0.855555555555556
"8061","...123390","FIU_Estuaries","2007.4257357974-01-01","Garfield Bight","Ammonium",17.97133961,"ppm",25.15048,-80.80922,0.905555555555556
"8062","...123405","FIU_Estuaries","2007.44490075291-01-01","Chokoloskee","Ammonium",1.72001571,"ppm",25.8075,-81.3495,0.8
"8063","...123420","FIU_Estuaries","2007.44490075291-01-01","Rabbit Key Pass","Ammonium",0.95874499,"ppm",25.77,-81.38333,1
"8064","...123435","FIU_Estuaries","2007.44490075291-01-01","Lopez Bay","Ammonium",1.151302215,"ppm",25.78417,-81.33217,1
"8065","...123450","FIU_Estuaries","2007.44490075291-01-01","Sunday Bay","Ammonium",3.149721365,"ppm",25.796,-81.28,1
"8066","...123465","FIU_Estuaries","2007.44490075291-01-01","Huston Bay","Ammonium",13.406729595,"ppm",25.753,-81.2555,1
"8067","...123480","FIU_Estuaries","2007.44490075291-01-01","Upper Chatham River","Ammonium",22.03060608,"ppm",25.7175,-81.2305,1
"8068","...123495","FIU_Estuaries","2007.44490075291-01-01","Huston River","Ammonium",2.82823002,"ppm",25.73133,-81.28467,1
"8069","...123510","FIU_Estuaries","2007.44490075291-01-01","Chevalier Bay","Ammonium",4.68620215,"ppm",25.7125,-81.207,0.8
"8070","...123525","FIU_Estuaries","2007.44490075291-01-01","Alligator Bay","Ammonium",5.604700815,"ppm",25.67017,-81.16867,1
"8071","...123540","FIU_Estuaries","2007.4476386037-01-01","Faka Union River","Ammonium",48.92611955,"ppm",25.9,-81.516,1
"8072","...123555","FIU_Estuaries","2007.4476386037-01-01","Blackwater River","Ammonium",36.152363275,"ppm",25.9298,-81.60032,0.8
"8073","...123570","FIU_Estuaries","2007.4476386037-01-01","Fakahatchee Bay","Ammonium",26.881702505,"ppm",25.8895,-81.4765,0.915
"8074","...123585","FIU_Estuaries","2007.46132785763-01-01","First National","Ammonium",6.47525676,"ppm",26.04217,-81.76158,0.915
"8075","...123600","FIU_Estuaries","2007.46406570842-01-01","Wiggins Pass","Ammonium",5.528346215,"ppm",26.29167,-81.82,0.5
"8076","...123615","FIU_Estuaries","2007.46132785763-01-01","Henderson Creek","Ammonium",10.924314345,"ppm",26.0257,-81.7332,0.915
"8077","...123630","FIU_Estuaries","2007.49819187771-01-01","Highway Creek","Ammonium",40.561426185,"ppm",25.2536,-80.44415,0.855555555555556
"8078","...123645","FIU_Estuaries","2007.50112746216-01-01","Garfield Bight","Ammonium",17.44115086,"ppm",25.15048,-80.80922,0.905555555555556
"8079","...123660","FIU_Estuaries","2007.53524982888-01-01","Chokoloskee","Ammonium",2.185136765,"ppm",25.8075,-81.3495,0.8
"8080","...123675","FIU_Estuaries","2007.53524982888-01-01","Rabbit Key Pass","Ammonium",12.493754175,"ppm",25.77,-81.38333,1
"8081","...123690","FIU_Estuaries","2007.53524982888-01-01","Lopez Bay","Ammonium",5.797470805,"ppm",25.78417,-81.33217,1
"8082","...123705","FIU_Estuaries","2007.53524982888-01-01","Sunday Bay","Ammonium",98.00792414,"ppm",25.796,-81.28,1
"8083","...123720","FIU_Estuaries","2007.53524982888-01-01","Huston Bay","Ammonium",31.247081215,"ppm",25.753,-81.2555,1
"8084","...123735","FIU_Estuaries","2007.53524982888-01-01","Upper Chatham River","Ammonium",37.31134652,"ppm",25.7175,-81.2305,1
"8085","...123750","FIU_Estuaries","2007.53524982888-01-01","Huston River","Ammonium",21.451746365,"ppm",25.73133,-81.28467,1
"8086","...123765","FIU_Estuaries","2007.53524982888-01-01","Chevalier Bay","Ammonium",10.30500884,"ppm",25.7125,-81.207,0.8
"8087","...123780","FIU_Estuaries","2007.53524982888-01-01","Alligator Bay","Ammonium",5.427652895,"ppm",25.67017,-81.16867,1
"8088","...123795","FIU_Estuaries","2007.5325119781-01-01","Faka Union River","Ammonium",10.93181943,"ppm",25.9,-81.516,1
"8089","...123810","FIU_Estuaries","2007.5325119781-01-01","Blackwater River","Ammonium",2.422396165,"ppm",25.9298,-81.60032,0.8
"8090","...123825","FIU_Estuaries","2007.5325119781-01-01","Fakahatchee Bay","Ammonium",3.46456152,"ppm",25.8895,-81.4765,0.915
"8091","...123840","FIU_Estuaries","2007.56682637463-01-01","First National","Ammonium",55.03562939,"ppm",26.04217,-81.76158,0.915
"8092","...123855","FIU_Estuaries","2007.56146284889-01-01","Wiggins Pass","Ammonium",20.691035365,"ppm",26.29167,-81.82,0.5
"8093","...123870","FIU_Estuaries","2007.56685109134-01-01","Henderson Creek","Ammonium",46.18401592,"ppm",26.0257,-81.7332,0.915
"8094","...123885","FIU_Estuaries","2007.59822039699-01-01","Highway Creek","Ammonium",70.005922,"ppm",25.2536,-80.44415,0.855555555555556
"8095","...123900","FIU_Estuaries","2007.5954825462-01-01","Garfield Bight","Ammonium",11.657963555,"ppm",25.15048,-80.80922,0.905555555555556
"8096","...123915","FIU_Estuaries","2007.65023956194-01-01","Chokoloskee","Ammonium",26.01936344,"ppm",25.8075,-81.3495,0.8
"8097","...123930","FIU_Estuaries","2007.65023956194-01-01","Rabbit Key Pass","Ammonium",4.771278085,"ppm",25.77,-81.38333,1
"8098","...123945","FIU_Estuaries","2007.65023956194-01-01","Lopez Bay","Ammonium",28.19896205,"ppm",25.78417,-81.33217,1
"8099","...123960","FIU_Estuaries","2007.65023956194-01-01","Sunday Bay","Ammonium",65.66475426,"ppm",25.796,-81.28,1
"8100","...123975","FIU_Estuaries","2007.65023956194-01-01","Huston Bay","Ammonium",30.034610585,"ppm",25.753,-81.2555,1
"8101","...123990","FIU_Estuaries","2007.65023956194-01-01","Upper Chatham River","Ammonium",82.0489061,"ppm",25.7175,-81.2305,1
"8102","...124005","FIU_Estuaries","2007.65023956194-01-01","Huston River","Ammonium",29.76191715,"ppm",25.73133,-81.28467,1
"8103","...124020","FIU_Estuaries","2007.65023956194-01-01","Chevalier Bay","Ammonium",67.52438203,"ppm",25.7125,-81.207,0.8
"8104","...124035","FIU_Estuaries","2007.65023956194-01-01","Alligator Bay","Ammonium",18.338044515,"ppm",25.67017,-81.16867,1
"8105","...124050","FIU_Estuaries","2007.65297741273-01-01","Faka Union River","Ammonium",42.781803785,"ppm",25.9,-81.516,1
"8106","...124065","FIU_Estuaries","2007.65297741273-01-01","Blackwater River","Ammonium",36.38990838,"ppm",25.9298,-81.60032,0.8
"8107","...124080","FIU_Estuaries","2007.65297741273-01-01","Fakahatchee Bay","Ammonium",6.58158872,"ppm",25.8895,-81.4765,0.915
"8108","...124095","FIU_Estuaries","2007.63258232565-01-01","First National","Ammonium",8.067160885,"ppm",26.04217,-81.76158,0.915
"8109","...124110","FIU_Estuaries","2007.63538291885-01-01","Wiggins Pass","Ammonium",4.68134814,"ppm",26.29167,-81.82,0.5
"8110","...124125","FIU_Estuaries","2007.63262415393-01-01","Henderson Creek","Ammonium",3.528105945,"ppm",26.0257,-81.7332,0.915
"8111","...124140","FIU_Estuaries","2007.67352080006-01-01","Highway Creek","Ammonium",136.50812014,"ppm",25.2536,-80.44415,0.855555555555556
"8112","...124155","FIU_Estuaries","2007.67488021903-01-01","Garfield Bight","Ammonium",7.803979645,"ppm",25.15048,-80.80922,0.905555555555556
"8113","...124170","FIU_Estuaries","2007.67385542627-01-01","Chokoloskee","Ammonium",32.605178585,"ppm",25.8075,-81.3495,0.8
"8114","...124185","FIU_Estuaries","2007.67385542627-01-01","Rabbit Key Pass","Ammonium",69.059098325,"ppm",25.77,-81.38333,1
"8115","...124200","FIU_Estuaries","2007.67385542627-01-01","Lopez Bay","Ammonium",82.433431605,"ppm",25.78417,-81.33217,1
"8116","...124215","FIU_Estuaries","2007.67385542627-01-01","Sunday Bay","Ammonium",15.41851409,"ppm",25.796,-81.28,1
"8117","...124230","FIU_Estuaries","2007.67385542627-01-01","Huston Bay","Ammonium",19.240244555,"ppm",25.753,-81.2555,1
"8118","...124245","FIU_Estuaries","2007.67385542627-01-01","Upper Chatham River","Ammonium",89.19240988,"ppm",25.7175,-81.2305,1
"8119","...124260","FIU_Estuaries","2007.67385542627-01-01","Huston River","Ammonium",17.11451427,"ppm",25.73133,-81.28467,1
"8120","...124275","FIU_Estuaries","2007.67385542627-01-01","Chevalier Bay","Ammonium",107.87394366,"ppm",25.7125,-81.207,0.8
"8121","...124290","FIU_Estuaries","2007.67385542627-01-01","Alligator Bay","Ammonium",38.693191775,"ppm",25.67017,-81.16867,1
"8122","...124305","FIU_Estuaries","2007.71460377215-01-01","Faka Union River","Ammonium",69.374757235,"ppm",25.9,-81.516,1
"8123","...124320","FIU_Estuaries","2007.71476918397-01-01","Blackwater River","Ammonium",154.4357682,"ppm",25.9298,-81.60032,0.8
"8124","...124335","FIU_Estuaries","2007.71428435622-01-01","Fakahatchee Bay","Ammonium",24.304640255,"ppm",25.8895,-81.4765,0.915
"8125","...124350","FIU_Estuaries","2007.69300707278-01-01","First National","Ammonium",16.33545543,"ppm",26.04217,-81.76158,0.915
"8126","...124365","FIU_Estuaries","2007.69300707278-01-01","Wiggins Pass","Ammonium",9.17116242,"ppm",26.29167,-81.82,0.5
"8127","...124380","FIU_Estuaries","2007.69300707278-01-01","Henderson Creek","Ammonium",3.046314145,"ppm",26.0257,-81.7332,0.915
"8128","...124395","FIU_Estuaries","2007.75837135904-01-01","Highway Creek","Ammonium",21.540841,"ppm",25.2536,-80.44415,0.855555555555556
"8129","...124410","FIU_Estuaries","2007.75555555556-01-01","Garfield Bight","Ammonium",10.639132,"ppm",25.15048,-80.80922,0.905555555555556
"8130","...124425","FIU_Estuaries","2007.82454749411-01-01","Rabbit Key Pass","Ammonium",62.277985,"ppm",25.77,-81.38333,1
"8131","...124440","FIU_Estuaries","2007.82451897483-01-01","Lopez Bay","Ammonium",66.247447,"ppm",25.78417,-81.33217,1
"8132","...124455","FIU_Estuaries","2007.82456650696-01-01","Sunday Bay","Ammonium",15.224363,"ppm",25.796,-81.28,1
"8133","...124470","FIU_Estuaries","2007.8246900905-01-01","Huston Bay","Ammonium",40.074076,"ppm",25.753,-81.2555,1
"8134","...124485","FIU_Estuaries","2007.82391816868-01-01","Upper Chatham River","Ammonium",86.087498,"ppm",25.7175,-81.2305,1
"8135","...124500","FIU_Estuaries","2007.82680812229-01-01","Chevalier Bay","Ammonium",125.25261,"ppm",25.7125,-81.207,0.8
"8136","...124515","FIU_Estuaries","2007.77218229523-01-01","Faka Union River","Ammonium",49.957012,"ppm",25.9,-81.516,1
"8137","...124530","FIU_Estuaries","2007.77235341091-01-01","Blackwater River","Ammonium",52.976672,"ppm",25.9298,-81.60032,0.8
"8138","...124545","FIU_Estuaries","2007.77244847517-01-01","Fakahatchee Bay","Ammonium",35.703906,"ppm",25.8895,-81.4765,0.915
"8139","...124560","FIU_Estuaries","2007.80747014982-01-01","First National","Ammonium",92.87512892,"ppm",26.04217,-81.76158,0.915
"8140","...124575","FIU_Estuaries","2007.80551752985-01-01","Wiggins Pass","Ammonium",54.42637396,"ppm",26.29167,-81.82,0.5
"8141","...124590","FIU_Estuaries","2007.80802342383-01-01","Henderson Creek","Ammonium",14.00436926,"ppm",26.0257,-81.7332,0.915
"8142","...124605","FIU_Estuaries","2007.84863867975-01-01","Highway Creek","Ammonium",27.39491517,"ppm",25.2536,-80.44415,0.855555555555556
"8143","...124620","FIU_Estuaries","2007.84899041752-01-01","Garfield Bight","Ammonium",11.28420055,"ppm",25.15048,-80.80922,0.905555555555556
"8144","...124635","FIU_Estuaries","2007.86518746673-01-01","Rabbit Key Pass","Ammonium",11.161794,"ppm",25.77,-81.38333,1
"8145","...124650","FIU_Estuaries","2007.86518936801-01-01","Lopez Bay","Ammonium",21.21378,"ppm",25.78417,-81.33217,1
"8146","...124665","FIU_Estuaries","2007.86517225645-01-01","Sunday Bay","Ammonium",15.546685,"ppm",25.796,-81.28,1
"8147","...124680","FIU_Estuaries","2007.86504296905-01-01","Huston Bay","Ammonium",18.565925,"ppm",25.753,-81.2555,1
"8148","...124695","FIU_Estuaries","2007.86477869039-01-01","Upper Chatham River","Ammonium",24.641785,"ppm",25.7175,-81.2305,1
"8149","...124710","FIU_Estuaries","2007.86770286714-01-01","Chevalier Bay","Ammonium",19.048561,"ppm",25.7125,-81.207,0.8
"8150","...124725","FIU_Estuaries","2007.87074492357-01-01","Faka Union River","Ammonium",19.19022,"ppm",25.9,-81.516,1
"8151","...124740","FIU_Estuaries","2007.87022587269-01-01","Blackwater River","Ammonium",25.577496,"ppm",25.9298,-81.60032,0.8
"8152","...124755","FIU_Estuaries","2007.87026009582-01-01","Fakahatchee Bay","Ammonium",56.274351,"ppm",25.8895,-81.4765,0.915
"8153","...124770","FIU_Estuaries","2007.86517415773-01-01","First National","Ammonium",22.398978,"ppm",26.04217,-81.76158,0.915
"8154","...124785","FIU_Estuaries","2007.86305042209-01-01","Wiggins Pass","Ammonium",47.393794,"ppm",26.29167,-81.82,0.5
"8155","...124800","FIU_Estuaries","2007.86562286105-01-01","Henderson Creek","Ammonium",14.503902,"ppm",26.0257,-81.7332,0.915
"8156","...124815","FIU_Estuaries","2007.92804776029-01-01","Highway Creek","Ammonium",30.992906,"ppm",25.2536,-80.44415,0.855555555555556
"8157","...124830","FIU_Estuaries","2007.9309110959-01-01","Garfield Bight","Ammonium",7.894376,"ppm",25.15048,-80.80922,0.905555555555556
"8158","...124845","FIU_Estuaries","2007.92255494714-01-01","Rabbit Key Pass","Ammonium",15.784559,"ppm",25.77,-81.38333,1
"8159","...124860","FIU_Estuaries","2007.92233820062-01-01","Lopez Bay","Ammonium",13.668228,"ppm",25.78417,-81.33217,1
"8160","...124875","FIU_Estuaries","2007.92236862119-01-01","Sunday Bay","Ammonium",19.803931,"ppm",25.796,-81.28,1
"8161","...124890","FIU_Estuaries","2007.92245227774-01-01","Huston Bay","Ammonium",24.787707,"ppm",25.753,-81.2555,1
"8162","...124905","FIU_Estuaries","2007.92210814511-01-01","Upper Chatham River","Ammonium",46.480588,"ppm",25.7175,-81.2305,1
"8163","...124920","FIU_Estuaries","2007.92538596091-01-01","Chevalier Bay","Ammonium",39.588122,"ppm",25.7125,-81.207,0.8
"8164","...124935","FIU_Estuaries","2007.9256844627-01-01","Faka Union River","Ammonium",7.209524,"ppm",25.9,-81.516,1
"8165","...124950","FIU_Estuaries","2007.92507224884-01-01","Blackwater River","Ammonium",4.128425,"ppm",25.9298,-81.60032,0.8
"8166","...124965","FIU_Estuaries","2007.92511027455-01-01","Fakahatchee Bay","Ammonium",49.408275,"ppm",25.8895,-81.4765,0.915
"8167","...124980","FIU_Estuaries","2007.92244277131-01-01","First National","Ammonium",11.078564,"ppm",26.04217,-81.76158,0.915
"8168","...124995","FIU_Estuaries","2007.92056430147-01-01","Wiggins Pass","Ammonium",56.977249,"ppm",26.29167,-81.82,0.5
"8169","...125010","FIU_Estuaries","2007.92291999392-01-01","Henderson Creek","Ammonium",8.3125,"ppm",26.0257,-81.7332,0.915
"8170","...125025","FIU_Estuaries","2008.01837021827-01-01","Highway Creek","Ammonium",37.44335952,"ppm",25.2536,-80.44415,0.855555555555556
"8171","...125040","FIU_Estuaries","2008.02134192714-01-01","Garfield Bight","Ammonium",5.47241723,"ppm",25.15048,-80.80922,0.905555555555556
"8172","...125055","FIU_Estuaries","2008.03627652293-01-01","Rabbit Key Pass","Ammonium",10.49973981,"ppm",25.77,-81.38333,1
"8173","...125070","FIU_Estuaries","2008.03627652293-01-01","Lopez Bay","Ammonium",16.02776525,"ppm",25.78417,-81.33217,1
"8174","...125085","FIU_Estuaries","2008.03627652293-01-01","Sunday Bay","Ammonium",4.7728954,"ppm",25.796,-81.28,1
"8175","...125100","FIU_Estuaries","2008.03627652293-01-01","Huston Bay","Ammonium",9.77979268,"ppm",25.753,-81.2555,1
"8176","...125115","FIU_Estuaries","2008.03627652293-01-01","Chevalier Bay","Ammonium",6.47674475,"ppm",25.7125,-81.207,0.8
"8177","...125130","FIU_Estuaries","2008.03627652293-01-01","Faka Union River","Ammonium",25.70936571,"ppm",25.9,-81.516,1
"8178","...125145","FIU_Estuaries","2008.03627652293-01-01","Blackwater River","Ammonium",60.18267472,"ppm",25.9298,-81.60032,0.8
"8179","...125160","FIU_Estuaries","2008.03627652293-01-01","Fakahatchee Bay","Ammonium",4.55967064,"ppm",25.8895,-81.4765,0.915
"8180","...125175","FIU_Estuaries","2008.04006388318-01-01","First National","Ammonium",41.25047549,"ppm",26.04217,-81.76158,0.915
"8181","...125190","FIU_Estuaries","2008.0410430451-01-01","Wigging Pass","Ammonium",38.82007206,"ppm",26.29167,-81.82,0.5
"8182","...125205","FIU_Estuaries","2008.04057342764-01-01","Henderson Creek","Ammonium",9.56751439,"ppm",26.0257,-81.7332,0.915
"8183","...125220","FIU_Estuaries","2008.10060651-01-01","Highway Creek","Ammonium",59.91850011,"ppm",25.2536,-80.44415,0.855555555555556
"8184","...125235","FIU_Estuaries","2008.10355350217-01-01","Garfield Bight","Ammonium",5.49161494,"ppm",25.15048,-80.80922,0.905555555555556
"8185","...125250","FIU_Estuaries","2008.13210130048-01-01","Rabbit Key Pass","Ammonium",1.76723225,"ppm",25.77,-81.38333,1
"8186","...125265","FIU_Estuaries","2008.13210130048-01-01","Lopez Bay","Ammonium",43.51961607,"ppm",25.78417,-81.33217,1
"8187","...125280","FIU_Estuaries","2008.13210130048-01-01","Sunday Bay","Ammonium",27.59681008,"ppm",25.796,-81.28,1
"8188","...125295","FIU_Estuaries","2008.13210130048-01-01","Huston Bay","Ammonium",6.22221551,"ppm",25.753,-81.2555,1
"8189","...125310","FIU_Estuaries","2008.13210130048-01-01","Chevalier Bay","Ammonium",6.03016918,"ppm",25.7125,-81.207,0.8
"8190","...125325","FIU_Estuaries","2008.13483915127-01-01","Faka Union River","Ammonium",141.79150223,"ppm",25.9,-81.516,1
"8191","...125340","FIU_Estuaries","2008.13483915127-01-01","Blackwater River","Ammonium",157.678304,"ppm",25.9298,-81.60032,0.8
"8192","...125355","FIU_Estuaries","2008.11423112024-01-01","First National","Ammonium",2.54717463,"ppm",26.04217,-81.76158,0.915
"8193","...125370","FIU_Estuaries","2008.11480720967-01-01","Wigging Pass","Ammonium",34.18604826,"ppm",26.29167,-81.82,0.5
"8194","...125385","FIU_Estuaries","2008.11465700814-01-01","Henderson Creek","Ammonium",5.82779792,"ppm",26.0257,-81.7332,0.915
"8195","...125400","FIU_Estuaries","2008.17174119705-01-01","Highway Creek","Ammonium",301.4018203,"ppm",25.2536,-80.44415,0.855555555555556
"8196","...125415","FIU_Estuaries","2008.17469769564-01-01","Garfield Bight","Ammonium",8.450932,"ppm",25.15048,-80.80922,0.905555555555556
"8197","...125430","FIU_Estuaries","2008.19125408776-01-01","Rabbit Key Pass","Ammonium",6.44803446,"ppm",25.77,-81.38333,1
"8198","...125445","FIU_Estuaries","2008.19157540497-01-01","Lopez Bay","Ammonium",13.33652362,"ppm",25.78417,-81.33217,1
"8199","...125460","FIU_Estuaries","2008.19154308312-01-01","Sunday Bay","Ammonium",65.28219194,"ppm",25.796,-81.28,1
"8200","...125475","FIU_Estuaries","2008.19152407027-01-01","Huston Bay","Ammonium",26.67370783,"ppm",25.753,-81.2555,1
"8201","...125490","FIU_Estuaries","2008.19150125485-01-01","Chevalier Bay","Ammonium",10.1642282,"ppm",25.7125,-81.207,0.8
"8202","...125505","FIU_Estuaries","2008.19362118792-01-01","Faka Union River","Ammonium",31.26684078,"ppm",25.9,-81.516,1
"8203","...125520","FIU_Estuaries","2008.19348809795-01-01","Blackwater River","Ammonium",56.29579144,"ppm",25.9298,-81.60032,0.8
"8204","...125535","FIU_Estuaries","2008.19365731234-01-01","Fakahatchee Bay","Ammonium",57.60105876,"ppm",25.8895,-81.4765,0.915
"8205","...125550","FIU_Estuaries","2008.19111909651-01-01","First National","Ammonium",43.4340354,"ppm",26.04217,-81.76158,0.915
"8206","...125565","FIU_Estuaries","2008.19393489999-01-01","Wigging Pass","Ammonium",66.25997511,"ppm",26.29167,-81.82,0.5
"8207","...125580","FIU_Estuaries","2008.19397862955-01-01","Henderson Creek","Ammonium",19.76178834,"ppm",26.0257,-81.7332,0.915
"8208","...125595","FIU_Estuaries","2008.24845235379-01-01","Highway Creek","Ammonium",81.00797257,"ppm",25.2536,-80.44415,0.855555555555556
"8209","...125610","FIU_Estuaries","2008.25139934596-01-01","Garfield Bight","Ammonium",6.04756089,"ppm",25.15048,-80.80922,0.905555555555556
"8210","...125625","FIU_Estuaries","2008.3196174614-01-01","Rabbit Key Pass","Ammonium",9.45653072,"ppm",25.77,-81.38333,1
"8211","...125640","FIU_Estuaries","2008.31965168454-01-01","Lopez Bay","Ammonium",8.35960538,"ppm",25.78417,-81.33217,1
"8212","...125655","FIU_Estuaries","2008.31969921667-01-01","Sunday Bay","Ammonium",18.03914329,"ppm",25.796,-81.28,1
"8213","...125670","FIU_Estuaries","2008.31973724238-01-01","Huston Bay","Ammonium",9.91774742,"ppm",25.753,-81.2555,1
"8214","...125685","FIU_Estuaries","2008.31989695034-01-01","Chevalier Bay","Ammonium",14.02868684,"ppm",25.7125,-81.207,0.8
"8215","...125700","FIU_Estuaries","2008.31724845996-01-01","Faka Union River","Ammonium",9.26146571,"ppm",25.9,-81.516,1
"8216","...125715","FIU_Estuaries","2008.31717240855-01-01","Blackwater River","Ammonium",7.38260572,"ppm",25.9298,-81.60032,0.8
"8217","...125730","FIU_Estuaries","2008.31727507795-01-01","Fakahatchee Bay","Ammonium",10.73085139,"ppm",25.8895,-81.4765,0.915
"8218","...125745","FIU_Estuaries","2008.30848543615-01-01","First National","Ammonium",4.13817978,"ppm",26.04217,-81.76158,0.915
"8219","...125760","FIU_Estuaries","2008.30648148148-01-01","Wigging Pass","Ammonium",27.14190395,"ppm",26.29167,-81.82,0.5
"8220","...125775","FIU_Estuaries","2008.30843980531-01-01","Henderson Creek","Ammonium",7.17833438,"ppm",26.0257,-81.7332,0.915
"8221","...125790","FIU_Estuaries","2008.34424861206-01-01","Highway Creek","Ammonium",50.74789174,"ppm",25.2536,-80.44415,0.855555555555556
"8222","...125805","FIU_Estuaries","2008.34710434254-01-01","Garfield Bight","Ammonium",12.67952518,"ppm",25.15048,-80.80922,0.905555555555556
"8223","...125820","FIU_Estuaries","2008.38504258879-01-01","Rabbit Key Pass","Ammonium",4.89529565,"ppm",25.77,-81.38333,1
"8224","...125835","FIU_Estuaries","2008.38507871321-01-01","Lopez Bay","Ammonium",16.78071843,"ppm",25.78417,-81.33217,1
"8225","...125850","FIU_Estuaries","2008.38511673892-01-01","Sunday Bay","Ammonium",10.86786085,"ppm",25.796,-81.28,1
"8226","...125865","FIU_Estuaries","2008.38515856719-01-01","Huston Bay","Ammonium",5.61115107,"ppm",25.753,-81.2555,1
"8227","...125880","FIU_Estuaries","2008.38527644688-01-01","Chevalier Bay","Ammonium",4.5106341,"ppm",25.7125,-81.207,0.8
"8228","...125895","FIU_Estuaries","2008.37985398129-01-01","Faka Union River","Ammonium",1.49577435,"ppm",25.9,-81.516,1
"8229","...125910","FIU_Estuaries","2008.37972469389-01-01","Blackwater River","Ammonium",7.11796785,"ppm",25.9298,-81.60032,0.8
"8230","...125925","FIU_Estuaries","2008.37988820443-01-01","Fakahatchee Bay","Ammonium",4.81715815,"ppm",25.8895,-81.4765,0.915
"8231","...125940","FIU_Estuaries","2008.38244923568-01-01","First National","Ammonium",7.55310913,"ppm",26.04217,-81.76158,0.915
"8232","...125955","FIU_Estuaries","2008.38323066393-01-01","Wigging Pass","Ammonium",8.72312602,"ppm",26.29167,-81.82,0.5
"8233","...125970","FIU_Estuaries","2008.38310898167-01-01","Henderson Creek","Ammonium",15.69227317,"ppm",26.0257,-81.7332,0.915
"8234","...125985","FIU_Estuaries","2008.42075252871-01-01","Highway Creek","Ammonium",81.58108861,"ppm",25.2536,-80.44415,0.855555555555556
"8235","...126000","FIU_Estuaries","2008.42344284736-01-01","Garfield Bight","Ammonium",2.26028306,"ppm",25.15048,-80.80922,0.905555555555556
"8236","...126015","FIU_Estuaries","2008.45641873907-01-01","Rabbit Key Pass","Ammonium",5.07838758,"ppm",25.77,-81.38333,1
"8237","...126030","FIU_Estuaries","2008.45644535706-01-01","Lopez Bay","Ammonium",7.49313201,"ppm",25.78417,-81.33217,1
"8238","...126045","FIU_Estuaries","2008.45648148148-01-01","Sunday Bay","Ammonium",5.50229925,"ppm",25.796,-81.28,1
"8239","...126060","FIU_Estuaries","2008.45650619819-01-01","Huston Bay","Ammonium",4.74779557,"ppm",25.753,-81.2555,1
"8240","...126075","FIU_Estuaries","2008.45659936117-01-01","Chevalier Bay","Ammonium",4.75393541,"ppm",25.7125,-81.207,0.8
"8241","...126090","FIU_Estuaries","2008.45934291581-01-01","Faka Union River","Ammonium",4.46548585,"ppm",25.9,-81.516,1
"8242","...126105","FIU_Estuaries","2008.45905582174-01-01","Blackwater River","Ammonium",26.95272447,"ppm",25.9298,-81.60032,0.8
"8243","...126120","FIU_Estuaries","2008.45936382995-01-01","Fakahatchee Bay","Ammonium",1.219638,"ppm",25.8895,-81.4765,0.915
"8244","...126135","FIU_Estuaries","2008.45633127995-01-01","First National","Ammonium",4.00486828,"ppm",26.04217,-81.76158,0.915
"8245","...126150","FIU_Estuaries","2008.4624933455-01-01","Wigging Pass","Ammonium",8.15658291,"ppm",26.29167,-81.82,0.5
"8246","...126165","FIU_Estuaries","2008.45684462697-01-01","Henderson Creek","Ammonium",2.225643,"ppm",26.0257,-81.7332,0.915
"8247","...126180","FIU_Estuaries","2008.49623545517-01-01","Highway Creek","Ammonium",100.91540942,"ppm",25.2536,-80.44415,0.855555555555556
"8248","...126195","FIU_Estuaries","2008.5537303217-01-01","Rabbit Key Pass","Ammonium",38.43711088,"ppm",25.77,-81.38333,1
"8249","...126210","FIU_Estuaries","2008.55099247091-01-01","Lopez Bay","Ammonium",70.25553388,"ppm",25.78417,-81.33217,1
"8250","...126225","FIU_Estuaries","2008.55099247091-01-01","Sunday Bay","Ammonium",7.14532434,"ppm",25.796,-81.28,1
"8251","...126240","FIU_Estuaries","2008.55099247091-01-01","Huston Bay","Ammonium",48.31829758,"ppm",25.753,-81.2555,1
"8252","...126255","FIU_Estuaries","2008.55099247091-01-01","Chevalier Bay","Ammonium",54.36742234,"ppm",25.7125,-81.207,0.8
"8253","...126270","FIU_Estuaries","2008.5537303217-01-01","Faka Union River","Ammonium",31.14863514,"ppm",25.9,-81.516,1
"8254","...126285","FIU_Estuaries","2008.5537303217-01-01","Blackwater River","Ammonium",103.34222675,"ppm",25.9298,-81.60032,0.8
"8255","...126300","FIU_Estuaries","2008.5537303217-01-01","Fakahatchee Bay","Ammonium",7.22780905,"ppm",25.8895,-81.4765,0.915
"8256","...126315","FIU_Estuaries","2008.55099247091-01-01","First National","Ammonium",17.05559611,"ppm",26.04217,-81.76158,0.915
"8257","...126330","FIU_Estuaries","2008.5537303217-01-01","Wigging Pass","Ammonium",4.9966154,"ppm",26.29167,-81.82,0.5
"8258","...126345","FIU_Estuaries","2008.55099247091-01-01","Henderson Creek","Ammonium",18.19747342,"ppm",26.0257,-81.7332,0.915
"8259","...126360","FIU_Estuaries","2008.59206023272-01-01","Highway Creek","Ammonium",69.24427062,"ppm",25.2536,-80.44415,0.855555555555556
"8260","...126375","FIU_Estuaries","2008.5947980835-01-01","Garfield Bight","Ammonium",13.43621419,"ppm",25.15048,-80.80922,0.905555555555556
"8261","...126390","FIU_Estuaries","2008.6386036961-01-01","Rabbit Key Pass","Ammonium",9.16275927,"ppm",25.77,-81.38333,1
"8262","...126405","FIU_Estuaries","2008.6386036961-01-01","Lopez Bay","Ammonium",20.20532626,"ppm",25.78417,-81.33217,1
"8263","...126420","FIU_Estuaries","2008.6386036961-01-01","Sunday Bay","Ammonium",19.51304565,"ppm",25.796,-81.28,1
"8264","...126435","FIU_Estuaries","2008.6386036961-01-01","Huston Bay","Ammonium",33.97436826,"ppm",25.753,-81.2555,1
"8265","...126450","FIU_Estuaries","2008.6386036961-01-01","Chevalier Bay","Ammonium",52.92699412,"ppm",25.7125,-81.207,0.8
"8266","...126465","FIU_Estuaries","2008.64955509925-01-01","Faka Union River","Ammonium",66.10968371,"ppm",25.9,-81.516,1
"8267","...126480","FIU_Estuaries","2008.64955509925-01-01","Blackwater River","Ammonium",136.46298806,"ppm",25.9298,-81.60032,0.8
"8268","...126495","FIU_Estuaries","2008.64955509925-01-01","Fakahatchee Bay","Ammonium",85.2895148,"ppm",25.8895,-81.4765,0.915
"8269","...126510","FIU_Estuaries","2008.64681724846-01-01","First National","Ammonium",29.95123971,"ppm",26.04217,-81.76158,0.915
"8270","...126525","FIU_Estuaries","2008.64955509925-01-01","Wigging Pass","Ammonium",310.1800401,"ppm",26.29167,-81.82,0.5
"8271","...126540","FIU_Estuaries","2008.64681724846-01-01","Henderson Creek","Ammonium",46.06325633,"ppm",26.0257,-81.7332,0.915
"8272","...126555","FIU_Estuaries","2008.70431211499-01-01","Highway Creek","Ammonium",29.24006442,"ppm",25.2536,-80.44415,0.855555555555556
"8273","...126570","FIU_Estuaries","2008.70704996578-01-01","Garfield Bight","Ammonium",9.83052042,"ppm",25.15048,-80.80922,0.905555555555556
"8274","...126585","FIU_Estuaries","2008.7234770705-01-01","Rabbit Key Pass","Ammonium",52.58294797,"ppm",25.77,-81.38333,1
"8275","...126600","FIU_Estuaries","2008.7234770705-01-01","Lopez Bay","Ammonium",18.109553,"ppm",25.78417,-81.33217,1
"8276","...126615","FIU_Estuaries","2008.7234770705-01-01","Sunday Bay","Ammonium",8.719984,"ppm",25.796,-81.28,1
"8277","...126630","FIU_Estuaries","2008.7234770705-01-01","Huston Bay","Ammonium",9.710267,"ppm",25.753,-81.2555,1
"8278","...126645","FIU_Estuaries","2008.7234770705-01-01","Chevalier Bay","Ammonium",21.426517,"ppm",25.7125,-81.207,0.8
"8279","...126660","FIU_Estuaries","2008.72621492129-01-01","Faka Union River","Ammonium",28.39077948,"ppm",25.9,-81.516,1
"8280","...126675","FIU_Estuaries","2008.72621492129-01-01","Blackwater River","Ammonium",41.65146139,"ppm",25.9298,-81.60032,0.8
"8281","...126690","FIU_Estuaries","2008.72621492129-01-01","Fakahatchee Bay","Ammonium",41.65,"ppm",25.8895,-81.4765,0.915
"8282","...126705","FIU_Estuaries","2008.7234770705-01-01","First National","Ammonium",7.186228,"ppm",26.04217,-81.76158,0.915
"8283","...126720","FIU_Estuaries","2008.72621492129-01-01","Wigging Pass","Ammonium",84.73535546,"ppm",26.29167,-81.82,0.5
"8284","...126735","FIU_Estuaries","2008.7234770705-01-01","Henderson Creek","Ammonium",28.959476,"ppm",26.0257,-81.7332,0.915
