"","X","source","datetime","site","analyte","value","units","latitude","longitude","sample_depth"
"1","...124212","BROWARD","'10/31/2002'","90","Ammonia_plus_Ammonium",0.076,"mg/l",NA,NA,NA
"2","...124230","BROWARD","'10/31/2002'","47","Ammonia_plus_Ammonium",NA,"mg/l",NA,NA,NA
"3","...124242","BROWARD","'10/31/2002'","41","Ammonia_plus_Ammonium",NA,"mg/l",NA,NA,NA
"4","...124243","BROWARD","'10/31/2002'","41","Ammonia_plus_Ammonium",NA,"mg/l",NA,NA,NA
"5","...124257","BROWARD","'10/31/2002'","40","Ammonia_plus_Ammonium",NA,"mg/l",NA,NA,NA
"6","...124268","BROWARD","'10/31/2002'","38","Ammonia_plus_Ammonium",NA,"mg/l",NA,NA,NA
"7","...124280","BROWARD","'10/31/2002'","24","Ammonia_plus_Ammonium",NA,"mg/l",NA,NA,NA
"8","...124289","BROWARD","'10/31/2002'","31","Ammonia_plus_Ammonium",0.204,"mg/l",NA,NA,NA
"9","...124303","BROWARD","'10/31/2002'","39","Ammonia_plus_Ammonium",NA,"mg/l",NA,NA,NA
"10","...124316","BROWARD","'10/31/2002'","32","Ammonia_plus_Ammonium",0.272,"mg/l",NA,NA,NA
"11","...124319","BROWARD","'10/31/2002'","32","Ammonia_plus_Ammonium",0.265,"mg/l",NA,NA,NA
"12","...124338","BROWARD","'10/31/2002'","28","Ammonia_plus_Ammonium",0.131,"mg/l",NA,NA,NA
"13","...124352","BROWARD","'10/31/2002'","27","Ammonia_plus_Ammonium",NA,"mg/l",NA,NA,NA
"14","...124365","BROWARD","'10/31/2002'","26","Ammonia_plus_Ammonium",NA,"mg/l",NA,NA,NA
"15","...124376","BROWARD","'10/31/2002'","25","Ammonia_plus_Ammonium",0.0679,"mg/l",NA,NA,NA
"16","...124379","BROWARD","'10/31/2002'","29","Ammonia_plus_Ammonium",0.312,"mg/l",NA,NA,NA
"17","...124395","BROWARD","'10/31/2002'","23","Ammonia_plus_Ammonium",0.289,"mg/l",NA,NA,NA
"18","...124407","BROWARD","'10/31/2002'","16","Ammonia_plus_Ammonium",NA,"mg/l",NA,NA,NA
"19","...124420","BROWARD","'10/31/2002'","15","Ammonia_plus_Ammonium",0.0734,"mg/l",NA,NA,NA
"20","...124421","BROWARD","'10/31/2002'","22","Ammonia_plus_Ammonium",0.586,"mg/l",NA,NA,NA
"21","...124432","BROWARD","'10/31/2002'","21","Ammonia_plus_Ammonium",NA,"mg/l",NA,NA,NA
"22","...124448","BROWARD","'10/31/2002'","20","Ammonia_plus_Ammonium",NA,"mg/l",NA,NA,NA
"23","...124458","BROWARD","'10/31/2002'","19","Ammonia_plus_Ammonium",NA,"mg/l",NA,NA,NA
"24","...124466","BROWARD","'10/31/2002'","18","Ammonia_plus_Ammonium",NA,"mg/l",NA,NA,NA
"25","...124484","BROWARD","'10/31/2002'","17","Ammonia_plus_Ammonium",NA,"mg/l",NA,NA,NA
"26","...124490","BROWARD","'10/30/2002'","33","Ammonia_plus_Ammonium",0.0632,"mg/l",NA,NA,NA
"27","...124503","BROWARD","'10/30/2002'","33","Ammonia_plus_Ammonium",NA,"mg/l",NA,NA,NA
"28","...124512","BROWARD","'10/30/2002'","110","Ammonia_plus_Ammonium",NA,"mg/l",NA,NA,NA
"29","...124528","BROWARD","'10/30/2002'","109","Ammonia_plus_Ammonium",NA,"mg/l",NA,NA,NA
"30","...124536","BROWARD","'10/30/2002'","3","Ammonia_plus_Ammonium",0.133,"mg/l",NA,NA,NA
"31","...124548","BROWARD","'10/30/2002'","2","Ammonia_plus_Ammonium",NA,"mg/l",NA,NA,NA
"32","...124554","BROWARD","'10/30/2002'","6","Ammonia_plus_Ammonium",NA,"mg/l",NA,NA,NA
"33","...124568","BROWARD","'10/30/2002'","5","Ammonia_plus_Ammonium",0.0911,"mg/l",NA,NA,NA
"34","...124578","BROWARD","'10/30/2002'","36","Ammonia_plus_Ammonium",NA,"mg/l",NA,NA,NA
"35","...124595","BROWARD","'10/30/2002'","35","Ammonia_plus_Ammonium",NA,"mg/l",NA,NA,NA
"36","...124597","BROWARD","'10/30/2002'","49","Ammonia_plus_Ammonium",0.0781,"mg/l",NA,NA,NA
"37","...124613","BROWARD","'10/30/2002'","112","Ammonia_plus_Ammonium",NA,"mg/l",NA,NA,NA
"38","...124628","BROWARD","'10/30/2002'","10","Ammonia_plus_Ammonium",NA,"mg/l",NA,NA,NA
"39","...124632","BROWARD","'10/30/2002'","14","Ammonia_plus_Ammonium",0.381,"mg/l",NA,NA,NA
"40","...124649","BROWARD","'10/30/2002'","13","Ammonia_plus_Ammonium",0.228,"mg/l",NA,NA,NA
"41","...124659","BROWARD","'10/30/2002'","12","Ammonia_plus_Ammonium",0.105,"mg/l",NA,NA,NA
"42","...124668","BROWARD","'10/30/2002'","89","Ammonia_plus_Ammonium",NA,"mg/l",NA,NA,NA
"43","...124685","BROWARD","'10/30/2002'","1","Ammonia_plus_Ammonium",NA,"mg/l",NA,NA,NA
"44","...124690","BROWARD","'10/30/2002'","1","Ammonia_plus_Ammonium",NA,"mg/l",NA,NA,NA
"45","...124700","BROWARD","'10/30/2002'","7","Ammonia_plus_Ammonium",NA,"mg/l",NA,NA,NA
"46","...124712","BROWARD","'10/30/2002'","34","Ammonia_plus_Ammonium",NA,"mg/l",NA,NA,NA
"47","...124718","BROWARD","'10/30/2002'","37","Ammonia_plus_Ammonium",NA,"mg/l",NA,NA,NA
"48","...124729","BROWARD","'10/30/2002'","11","Ammonia_plus_Ammonium",NA,"mg/l",NA,NA,NA
"49","...124747","BROWARD","'10/30/2002'","111","Ammonia_plus_Ammonium",NA,"mg/l",NA,NA,NA
"50","...124759","BROWARD","'10/30/2002'","4","Ammonia_plus_Ammonium",NA,"mg/l",NA,NA,NA
"51","...124761","BROWARD","'10/30/2002'","4","Ammonia_plus_Ammonium",NA,"mg/l",NA,NA,NA
"52","...124777","BROWARD","'07/25/2002'","37","Ammonia_plus_Ammonium",NA,"mg/l",NA,NA,NA
"53","...124786","BROWARD","'07/25/2002'","89","Ammonia_plus_Ammonium",NA,"mg/l",NA,NA,NA
"54","...124798","BROWARD","'07/25/2002'","18","Ammonia_plus_Ammonium",NA,"mg/l",NA,NA,NA
"55","...124811","BROWARD","'07/25/2002'","17","Ammonia_plus_Ammonium",NA,"mg/l",NA,NA,NA
"56","...124826","BROWARD","'07/25/2002'","36","Ammonia_plus_Ammonium",NA,"mg/l",NA,NA,NA
"57","...124837","BROWARD","'07/25/2002'","24","Ammonia_plus_Ammonium",0.0739,"mg/l",NA,NA,NA
"58","...124842","BROWARD","'07/25/2002'","16","Ammonia_plus_Ammonium",0.182,"mg/l",NA,NA,NA
"59","...124857","BROWARD","'07/25/2002'","32","Ammonia_plus_Ammonium",0.173,"mg/l",NA,NA,NA
"60","...124861","BROWARD","'07/25/2002'","32","Ammonia_plus_Ammonium",0.18,"mg/l",NA,NA,NA
"61","...124870","BROWARD","'07/25/2002'","25","Ammonia_plus_Ammonium",0.202,"mg/l",NA,NA,NA
"62","...124886","BROWARD","'07/25/2002'","26","Ammonia_plus_Ammonium",0.113,"mg/l",NA,NA,NA
"63","...124898","BROWARD","'07/25/2002'","35","Ammonia_plus_Ammonium",NA,"mg/l",NA,NA,NA
"64","...124911","BROWARD","'07/25/2002'","29","Ammonia_plus_Ammonium",0.158,"mg/l",NA,NA,NA
"65","...124915","BROWARD","'07/25/2002'","27","Ammonia_plus_Ammonium",0.23,"mg/l",NA,NA,NA
"66","...124927","BROWARD","'07/25/2002'","15","Ammonia_plus_Ammonium",NA,"mg/l",NA,NA,NA
"67","...124943","BROWARD","'07/25/2002'","34","Ammonia_plus_Ammonium",NA,"mg/l",NA,NA,NA
"68","...124957","BROWARD","'07/25/2002'","23","Ammonia_plus_Ammonium",0.164,"mg/l",NA,NA,NA
"69","...124965","BROWARD","'07/25/2002'","19","Ammonia_plus_Ammonium",0.144,"mg/l",NA,NA,NA
"70","...124972","BROWARD","'07/25/2002'","28","Ammonia_plus_Ammonium",NA,"mg/l",NA,NA,NA
"71","...124988","BROWARD","'07/25/2002'","33","Ammonia_plus_Ammonium",0.0812,"mg/l",NA,NA,NA
"72","...125001","BROWARD","'07/25/2002'","22","Ammonia_plus_Ammonium",0.466,"mg/l",NA,NA,NA
"73","...125008","BROWARD","'07/25/2002'","33","Ammonia_plus_Ammonium",0.0768,"mg/l",NA,NA,NA
"74","...125021","BROWARD","'07/25/2002'","20","Ammonia_plus_Ammonium",0.175,"mg/l",NA,NA,NA
"75","...125032","BROWARD","'07/25/2002'","90","Ammonia_plus_Ammonium",0.165,"mg/l",NA,NA,NA
"76","...125040","BROWARD","'07/25/2002'","21","Ammonia_plus_Ammonium",NA,"mg/l",NA,NA,NA
"77","...125056","BROWARD","'07/24/2002'","41","Ammonia_plus_Ammonium",NA,"mg/l",NA,NA,NA
"78","...125061","BROWARD","'07/24/2002'","41","Ammonia_plus_Ammonium",NA,"mg/l",NA,NA,NA
"79","...125072","BROWARD","'07/24/2002'","40","Ammonia_plus_Ammonium",NA,"mg/l",NA,NA,NA
"80","...125089","BROWARD","'07/24/2002'","109","Ammonia_plus_Ammonium",NA,"mg/l",NA,NA,NA
"81","...125094","BROWARD","'07/24/2002'","14","Ammonia_plus_Ammonium",0.114,"mg/l",NA,NA,NA
"82","...125108","BROWARD","'07/24/2002'","1","Ammonia_plus_Ammonium",0.071,"mg/l",NA,NA,NA
"83","...125116","BROWARD","'07/24/2002'","4","Ammonia_plus_Ammonium",NA,"mg/l",NA,NA,NA
"84","...125130","BROWARD","'07/24/2002'","13","Ammonia_plus_Ammonium",NA,"mg/l",NA,NA,NA
"85","...125135","BROWARD","'07/24/2002'","7","Ammonia_plus_Ammonium",NA,"mg/l",NA,NA,NA
"86","...125145","BROWARD","'07/24/2002'","47","Ammonia_plus_Ammonium",NA,"mg/l",NA,NA,NA
"87","...125146","BROWARD","'07/24/2002'","3","Ammonia_plus_Ammonium",0.112,"mg/l",NA,NA,NA
"88","...125174","BROWARD","'07/24/2002'","12","Ammonia_plus_Ammonium",NA,"mg/l",NA,NA,NA
"89","...125187","BROWARD","'07/24/2002'","39","Ammonia_plus_Ammonium",NA,"mg/l",NA,NA,NA
"90","...125198","BROWARD","'07/24/2002'","11","Ammonia_plus_Ammonium",NA,"mg/l",NA,NA,NA
"91","...125206","BROWARD","'07/24/2002'","2","Ammonia_plus_Ammonium",NA,"mg/l",NA,NA,NA
"92","...125212","BROWARD","'07/24/2002'","112","Ammonia_plus_Ammonium",NA,"mg/l",NA,NA,NA
"93","...125228","BROWARD","'07/24/2002'","6","Ammonia_plus_Ammonium",NA,"mg/l",NA,NA,NA
"94","...125242","BROWARD","'07/24/2002'","111","Ammonia_plus_Ammonium",NA,"mg/l",NA,NA,NA
"95","...125254","BROWARD","'07/24/2002'","38","Ammonia_plus_Ammonium",NA,"mg/l",NA,NA,NA
"96","...125257","BROWARD","'07/24/2002'","5","Ammonia_plus_Ammonium",0.0608,"mg/l",NA,NA,NA
"97","...125266","BROWARD","'07/24/2002'","1","Ammonia_plus_Ammonium",0.0701,"mg/l",NA,NA,NA
"98","...125277","BROWARD","'07/24/2002'","10","Ammonia_plus_Ammonium",NA,"mg/l",NA,NA,NA
"99","...125298","BROWARD","'07/24/2002'","110","Ammonia_plus_Ammonium",0.137,"mg/l",NA,NA,NA
"100","...125307","BROWARD","'07/24/2002'","31","Ammonia_plus_Ammonium",0.161,"mg/l",NA,NA,NA
"101","...125317","BROWARD","'07/24/2002'","49","Ammonia_plus_Ammonium",NA,"mg/l",NA,NA,NA
"102","...125331","BROWARD","'04/25/2002'","90","Ammonia_plus_Ammonium",NA,"mg/l",NA,NA,NA
"103","...125339","BROWARD","'04/25/2002'","47","Ammonia_plus_Ammonium",NA,"mg/l",NA,NA,NA
"104","...125353","BROWARD","'04/25/2002'","41","Ammonia_plus_Ammonium",NA,"mg/l",NA,NA,NA
"105","...125365","BROWARD","'04/25/2002'","40","Ammonia_plus_Ammonium",NA,"mg/l",NA,NA,NA
"106","...125369","BROWARD","'04/25/2002'","38","Ammonia_plus_Ammonium",NA,"mg/l",NA,NA,NA
"107","...125375","BROWARD","'04/25/2002'","38","Ammonia_plus_Ammonium",NA,"mg/l",NA,NA,NA
"108","...125391","BROWARD","'04/25/2002'","24","Ammonia_plus_Ammonium",NA,"mg/l",NA,NA,NA
"109","...125400","BROWARD","'04/25/2002'","31","Ammonia_plus_Ammonium",NA,"mg/l",NA,NA,NA
"110","...125410","BROWARD","'04/25/2002'","39","Ammonia_plus_Ammonium",NA,"mg/l",NA,NA,NA
"111","...125430","BROWARD","'04/25/2002'","32","Ammonia_plus_Ammonium",0.103,"mg/l",NA,NA,NA
"112","...125432","BROWARD","'04/25/2002'","28","Ammonia_plus_Ammonium",0.241,"mg/l",NA,NA,NA
"113","...125446","BROWARD","'04/25/2002'","27","Ammonia_plus_Ammonium",NA,"mg/l",NA,NA,NA
"114","...125464","BROWARD","'04/25/2002'","26","Ammonia_plus_Ammonium",NA,"mg/l",NA,NA,NA
"115","...125475","BROWARD","'04/25/2002'","25","Ammonia_plus_Ammonium",NA,"mg/l",NA,NA,NA
"116","...125481","BROWARD","'04/25/2002'","29","Ammonia_plus_Ammonium",0.252,"mg/l",NA,NA,NA
"117","...125493","BROWARD","'04/25/2002'","23","Ammonia_plus_Ammonium",NA,"mg/l",NA,NA,NA
"118","...125502","BROWARD","'04/25/2002'","16","Ammonia_plus_Ammonium",0.07,"mg/l",NA,NA,NA
"119","...125517","BROWARD","'04/25/2002'","16","Ammonia_plus_Ammonium",NA,"mg/l",NA,NA,NA
"120","...125526","BROWARD","'04/25/2002'","15","Ammonia_plus_Ammonium",NA,"mg/l",NA,NA,NA
"121","...125539","BROWARD","'04/25/2002'","22","Ammonia_plus_Ammonium",0.522,"mg/l",NA,NA,NA
"122","...125549","BROWARD","'04/25/2002'","21","Ammonia_plus_Ammonium",NA,"mg/l",NA,NA,NA
"123","...125561","BROWARD","'04/25/2002'","20","Ammonia_plus_Ammonium",NA,"mg/l",NA,NA,NA
"124","...125573","BROWARD","'04/25/2002'","19","Ammonia_plus_Ammonium",NA,"mg/l",NA,NA,NA
"125","...125578","BROWARD","'04/25/2002'","18","Ammonia_plus_Ammonium",NA,"mg/l",NA,NA,NA
"126","...125587","BROWARD","'04/25/2002'","17","Ammonia_plus_Ammonium",NA,"mg/l",NA,NA,NA
"127","...125607","BROWARD","'04/24/2002'","33","Ammonia_plus_Ammonium",NA,"mg/l",NA,NA,NA
"128","...125614","BROWARD","'04/24/2002'","33","Ammonia_plus_Ammonium",NA,"mg/l",NA,NA,NA
"129","...125624","BROWARD","'04/24/2002'","110","Ammonia_plus_Ammonium",NA,"mg/l",NA,NA,NA
"130","...125634","BROWARD","'04/24/2002'","109","Ammonia_plus_Ammonium",NA,"mg/l",NA,NA,NA
"131","...125646","BROWARD","'04/24/2002'","3","Ammonia_plus_Ammonium",NA,"mg/l",NA,NA,NA
"132","...125653","BROWARD","'04/24/2002'","3","Ammonia_plus_Ammonium",NA,"mg/l",NA,NA,NA
"133","...125670","BROWARD","'04/24/2002'","2","Ammonia_plus_Ammonium",NA,"mg/l",NA,NA,NA
"134","...125676","BROWARD","'04/24/2002'","6","Ammonia_plus_Ammonium",NA,"mg/l",NA,NA,NA
"135","...125685","BROWARD","'04/24/2002'","5","Ammonia_plus_Ammonium",NA,"mg/l",NA,NA,NA
"136","...125702","BROWARD","'04/24/2002'","36","Ammonia_plus_Ammonium",NA,"mg/l",NA,NA,NA
"137","...125715","BROWARD","'04/24/2002'","35","Ammonia_plus_Ammonium",NA,"mg/l",NA,NA,NA
"138","...125723","BROWARD","'04/24/2002'","49","Ammonia_plus_Ammonium",NA,"mg/l",NA,NA,NA
"139","...125733","BROWARD","'04/24/2002'","112","Ammonia_plus_Ammonium",NA,"mg/l",NA,NA,NA
"140","...125740","BROWARD","'04/24/2002'","10","Ammonia_plus_Ammonium",NA,"mg/l",NA,NA,NA
"141","...125755","BROWARD","'04/24/2002'","14","Ammonia_plus_Ammonium",NA,"mg/l",NA,NA,NA
"142","...125767","BROWARD","'04/24/2002'","13","Ammonia_plus_Ammonium",NA,"mg/l",NA,NA,NA
"143","...125781","BROWARD","'04/24/2002'","12","Ammonia_plus_Ammonium",NA,"mg/l",NA,NA,NA
"144","...125787","BROWARD","'04/24/2002'","89","Ammonia_plus_Ammonium",NA,"mg/l",NA,NA,NA
"145","...125800","BROWARD","'04/24/2002'","1","Ammonia_plus_Ammonium",NA,"mg/l",NA,NA,NA
"146","...125818","BROWARD","'04/24/2002'","7","Ammonia_plus_Ammonium",NA,"mg/l",NA,NA,NA
"147","...125826","BROWARD","'04/24/2002'","7","Ammonia_plus_Ammonium",NA,"mg/l",NA,NA,NA
"148","...125837","BROWARD","'04/24/2002'","34","Ammonia_plus_Ammonium",NA,"mg/l",NA,NA,NA
"149","...125842","BROWARD","'04/24/2002'","37","Ammonia_plus_Ammonium",NA,"mg/l",NA,NA,NA
"150","...125854","BROWARD","'04/24/2002'","11","Ammonia_plus_Ammonium",NA,"mg/l",NA,NA,NA
"151","...125869","BROWARD","'04/24/2002'","111","Ammonia_plus_Ammonium",NA,"mg/l",NA,NA,NA
"152","...125874","BROWARD","'04/24/2002'","4","Ammonia_plus_Ammonium",NA,"mg/l",NA,NA,NA
"153","...125882","BROWARD","'01/31/2002'","17","Ammonia_plus_Ammonium",NA,"mg/l",NA,NA,NA
"154","...125888","BROWARD","'01/31/2002'","90","Ammonia_plus_Ammonium",0.141,"mg/l",NA,NA,NA
"155","...125895","BROWARD","'01/31/2002'","47","Ammonia_plus_Ammonium",NA,"mg/l",NA,NA,NA
"156","...125923","BROWARD","'01/31/2002'","41","Ammonia_plus_Ammonium",NA,"mg/l",NA,NA,NA
"157","...125926","BROWARD","'01/31/2002'","41","Ammonia_plus_Ammonium",NA,"mg/l",NA,NA,NA
"158","...125929","BROWARD","'01/31/2002'","40","Ammonia_plus_Ammonium",NA,"mg/l",NA,NA,NA
"159","...125946","BROWARD","'01/31/2002'","38","Ammonia_plus_Ammonium",NA,"mg/l",NA,NA,NA
"160","...125955","BROWARD","'01/31/2002'","24","Ammonia_plus_Ammonium",NA,"mg/l",NA,NA,NA
"161","...125960","BROWARD","'01/31/2002'","31","Ammonia_plus_Ammonium",0.108,"mg/l",NA,NA,NA
"162","...125973","BROWARD","'01/31/2002'","39","Ammonia_plus_Ammonium",NA,"mg/l",NA,NA,NA
"163","...125988","BROWARD","'01/31/2002'","32","Ammonia_plus_Ammonium",NA,"mg/l",NA,NA,NA
"164","...126000","BROWARD","'01/31/2002'","32","Ammonia_plus_Ammonium",0.199,"mg/l",NA,NA,NA
"165","...126004","BROWARD","'01/31/2002'","28","Ammonia_plus_Ammonium",NA,"mg/l",NA,NA,NA
"166","...126020","BROWARD","'01/31/2002'","27","Ammonia_plus_Ammonium",NA,"mg/l",NA,NA,NA
"167","...126033","BROWARD","'01/31/2002'","26","Ammonia_plus_Ammonium",NA,"mg/l",NA,NA,NA
"168","...126042","BROWARD","'01/31/2002'","25","Ammonia_plus_Ammonium",NA,"mg/l",NA,NA,NA
"169","...126057","BROWARD","'01/31/2002'","29","Ammonia_plus_Ammonium",0.416,"mg/l",NA,NA,NA
"170","...126058","BROWARD","'01/31/2002'","23","Ammonia_plus_Ammonium",0.343,"mg/l",NA,NA,NA
"171","...126069","BROWARD","'01/31/2002'","16","Ammonia_plus_Ammonium",NA,"mg/l",NA,NA,NA
"172","...126084","BROWARD","'01/31/2002'","15","Ammonia_plus_Ammonium",NA,"mg/l",NA,NA,NA
"173","...126097","BROWARD","'01/31/2002'","22","Ammonia_plus_Ammonium",0.661,"mg/l",NA,NA,NA
"174","...126109","BROWARD","'01/31/2002'","21","Ammonia_plus_Ammonium",NA,"mg/l",NA,NA,NA
"175","...126115","BROWARD","'01/31/2002'","20","Ammonia_plus_Ammonium",NA,"mg/l",NA,NA,NA
"176","...126130","BROWARD","'01/31/2002'","19","Ammonia_plus_Ammonium",NA,"mg/l",NA,NA,NA
"177","...126140","BROWARD","'01/31/2002'","18","Ammonia_plus_Ammonium",NA,"mg/l",NA,NA,NA
"178","...126164","BROWARD","'01/30/2002'","33","Ammonia_plus_Ammonium",NA,"mg/l",NA,NA,NA
"179","...126165","BROWARD","'01/30/2002'","33","Ammonia_plus_Ammonium",NA,"mg/l",NA,NA,NA
"180","...126189","BROWARD","'01/30/2002'","110","Ammonia_plus_Ammonium",NA,"mg/l",NA,NA,NA
"181","...126193","BROWARD","'01/30/2002'","109","Ammonia_plus_Ammonium",NA,"mg/l",NA,NA,NA
"182","...126210","BROWARD","'01/30/2002'","3","Ammonia_plus_Ammonium",NA,"mg/l",NA,NA,NA
"183","...126219","BROWARD","'01/30/2002'","2","Ammonia_plus_Ammonium",NA,"mg/l",NA,NA,NA
"184","...126226","BROWARD","'01/30/2002'","6","Ammonia_plus_Ammonium",NA,"mg/l",NA,NA,NA
"185","...126239","BROWARD","'01/30/2002'","5","Ammonia_plus_Ammonium",NA,"mg/l",NA,NA,NA
"186","...126251","BROWARD","'01/30/2002'","36","Ammonia_plus_Ammonium",NA,"mg/l",NA,NA,NA
"187","...126261","BROWARD","'01/30/2002'","35","Ammonia_plus_Ammonium",NA,"mg/l",NA,NA,NA
"188","...126275","BROWARD","'01/30/2002'","49","Ammonia_plus_Ammonium",NA,"mg/l",NA,NA,NA
"189","...126285","BROWARD","'01/30/2002'","112","Ammonia_plus_Ammonium",NA,"mg/l",NA,NA,NA
"190","...126297","BROWARD","'01/30/2002'","10","Ammonia_plus_Ammonium",NA,"mg/l",NA,NA,NA
"191","...126305","BROWARD","'01/30/2002'","14","Ammonia_plus_Ammonium",0.256,"mg/l",NA,NA,NA
"192","...126316","BROWARD","'01/30/2002'","13","Ammonia_plus_Ammonium",0.15,"mg/l",NA,NA,NA
"193","...126326","BROWARD","'01/30/2002'","13","Ammonia_plus_Ammonium",0.119,"mg/l",NA,NA,NA
"194","...126336","BROWARD","'01/30/2002'","12","Ammonia_plus_Ammonium",NA,"mg/l",NA,NA,NA
"195","...126348","BROWARD","'01/30/2002'","89","Ammonia_plus_Ammonium",NA,"mg/l",NA,NA,NA
"196","...126360","BROWARD","'01/30/2002'","1","Ammonia_plus_Ammonium",NA,"mg/l",NA,NA,NA
"197","...126375","BROWARD","'01/30/2002'","7","Ammonia_plus_Ammonium",NA,"mg/l",NA,NA,NA
"198","...126381","BROWARD","'01/30/2002'","34","Ammonia_plus_Ammonium",NA,"mg/l",NA,NA,NA
"199","...126390","BROWARD","'01/30/2002'","37","Ammonia_plus_Ammonium",NA,"mg/l",NA,NA,NA
"200","...126406","BROWARD","'01/30/2002'","11","Ammonia_plus_Ammonium",NA,"mg/l",NA,NA,NA
"201","...126410","BROWARD","'01/30/2002'","111","Ammonia_plus_Ammonium",NA,"mg/l",NA,NA,NA
"202","...126426","BROWARD","'01/30/2002'","4","Ammonia_plus_Ammonium",NA,"mg/l",NA,NA,NA
"203","...126429","BROWARD","'01/30/2002'","4","Ammonia_plus_Ammonium",NA,"mg/l",NA,NA,NA
"204","...126449","BROWARD","'11/08/2001'","47","Ammonia_plus_Ammonium",NA,"mg/l",NA,NA,NA
"205","...126462","BROWARD","'11/08/2001'","41","Ammonia_plus_Ammonium",NA,"mg/l",NA,NA,NA
"206","...126469","BROWARD","'11/08/2001'","40","Ammonia_plus_Ammonium",NA,"mg/l",NA,NA,NA
"207","...126480","BROWARD","'11/08/2001'","40","Ammonia_plus_Ammonium",NA,"mg/l",NA,NA,NA
"208","...126494","BROWARD","'11/08/2001'","38","Ammonia_plus_Ammonium",NA,"mg/l",NA,NA,NA
"209","...126498","BROWARD","'11/08/2001'","24","Ammonia_plus_Ammonium",0.189,"mg/l",NA,NA,NA
"210","...126516","BROWARD","'11/08/2001'","31","Ammonia_plus_Ammonium",0.44,"mg/l",NA,NA,NA
"211","...126522","BROWARD","'11/08/2001'","49","Ammonia_plus_Ammonium",0.0781,"mg/l",NA,NA,NA
"212","...126533","BROWARD","'11/08/2001'","39","Ammonia_plus_Ammonium",NA,"mg/l",NA,NA,NA
"213","...126542","BROWARD","'11/08/2001'","112","Ammonia_plus_Ammonium",0.11,"mg/l",NA,NA,NA
"214","...126560","BROWARD","'11/08/2001'","32","Ammonia_plus_Ammonium",0.163,"mg/l",NA,NA,NA
"215","...126571","BROWARD","'11/08/2001'","28","Ammonia_plus_Ammonium",NA,"mg/l",NA,NA,NA
"216","...126579","BROWARD","'11/08/2001'","27","Ammonia_plus_Ammonium",0.54,"mg/l",NA,NA,NA
"217","...126592","BROWARD","'11/08/2001'","26","Ammonia_plus_Ammonium",0.228,"mg/l",NA,NA,NA
"218","...126604","BROWARD","'11/08/2001'","25","Ammonia_plus_Ammonium",0.25,"mg/l",NA,NA,NA
"219","...126613","BROWARD","'11/08/2001'","29","Ammonia_plus_Ammonium",0.365,"mg/l",NA,NA,NA
"220","...126621","BROWARD","'11/08/2001'","10","Ammonia_plus_Ammonium",0.0613,"mg/l",NA,NA,NA
"221","...126636","BROWARD","'11/08/2001'","14","Ammonia_plus_Ammonium",0.15,"mg/l",NA,NA,NA
"222","...126639","BROWARD","'11/08/2001'","13","Ammonia_plus_Ammonium",0.0962,"mg/l",NA,NA,NA
"223","...126646","BROWARD","'11/08/2001'","13","Ammonia_plus_Ammonium",0.106,"mg/l",NA,NA,NA
"224","...126669","BROWARD","'11/08/2001'","12","Ammonia_plus_Ammonium",NA,"mg/l",NA,NA,NA
"225","...126680","BROWARD","'11/08/2001'","23","Ammonia_plus_Ammonium",NA,"mg/l",NA,NA,NA
"226","...126683","BROWARD","'11/08/2001'","22","Ammonia_plus_Ammonium",0.294,"mg/l",NA,NA,NA
"227","...126698","BROWARD","'11/08/2001'","21","Ammonia_plus_Ammonium",0.213,"mg/l",NA,NA,NA
"228","...126711","BROWARD","'11/08/2001'","11","Ammonia_plus_Ammonium",NA,"mg/l",NA,NA,NA
"229","...126723","BROWARD","'11/08/2001'","111","Ammonia_plus_Ammonium",0.134,"mg/l",NA,NA,NA
"230","...126727","BROWARD","'11/07/2001'","33","Ammonia_plus_Ammonium",0.107,"mg/l",NA,NA,NA
"231","...126730","BROWARD","'11/07/2001'","33","Ammonia_plus_Ammonium",0.102,"mg/l",NA,NA,NA
"232","...126753","BROWARD","'11/07/2001'","110","Ammonia_plus_Ammonium",0.296,"mg/l",NA,NA,NA
"233","...126768","BROWARD","'11/07/2001'","109","Ammonia_plus_Ammonium",NA,"mg/l",NA,NA,NA
"234","...126770","BROWARD","'11/07/2001'","90","Ammonia_plus_Ammonium",0.195,"mg/l",NA,NA,NA
"235","...126784","BROWARD","'11/07/2001'","3","Ammonia_plus_Ammonium",NA,"mg/l",NA,NA,NA
"236","...126792","BROWARD","'11/07/2001'","2","Ammonia_plus_Ammonium",NA,"mg/l",NA,NA,NA
"237","...126804","BROWARD","'11/07/2001'","6","Ammonia_plus_Ammonium",0.128,"mg/l",NA,NA,NA
"238","...126819","BROWARD","'11/07/2001'","5","Ammonia_plus_Ammonium",0.123,"mg/l",NA,NA,NA
"239","...126831","BROWARD","'11/07/2001'","36","Ammonia_plus_Ammonium",0.0833,"mg/l",NA,NA,NA
"240","...126841","BROWARD","'11/07/2001'","35","Ammonia_plus_Ammonium",NA,"mg/l",NA,NA,NA
"241","...126849","BROWARD","'11/07/2001'","89","Ammonia_plus_Ammonium",NA,"mg/l",NA,NA,NA
"242","...126860","BROWARD","'11/07/2001'","16","Ammonia_plus_Ammonium",0.204,"mg/l",NA,NA,NA
"243","...126874","BROWARD","'11/07/2001'","16","Ammonia_plus_Ammonium",0.199,"mg/l",NA,NA,NA
"244","...126880","BROWARD","'11/07/2001'","15","Ammonia_plus_Ammonium",0.135,"mg/l",NA,NA,NA
"245","...126891","BROWARD","'11/07/2001'","1","Ammonia_plus_Ammonium",0.0949,"mg/l",NA,NA,NA
"246","...126915","BROWARD","'11/07/2001'","7","Ammonia_plus_Ammonium",0.156,"mg/l",NA,NA,NA
"247","...126917","BROWARD","'11/07/2001'","7","Ammonia_plus_Ammonium",0.12,"mg/l",NA,NA,NA
"248","...126928","BROWARD","'11/07/2001'","20","Ammonia_plus_Ammonium",0.272,"mg/l",NA,NA,NA
"249","...126945","BROWARD","'11/07/2001'","37","Ammonia_plus_Ammonium",0.0668,"mg/l",NA,NA,NA
"250","...126948","BROWARD","'11/07/2001'","19","Ammonia_plus_Ammonium",0.121,"mg/l",NA,NA,NA
"251","...126967","BROWARD","'11/07/2001'","18","Ammonia_plus_Ammonium",NA,"mg/l",NA,NA,NA
"252","...126971","BROWARD","'11/07/2001'","17","Ammonia_plus_Ammonium",NA,"mg/l",NA,NA,NA
"253","...126985","BROWARD","'11/07/2001'","4","Ammonia_plus_Ammonium",NA,"mg/l",NA,NA,NA
"254","...126990","BROWARD","'07/19/2001'","18","Ammonia_plus_Ammonium",NA,"mg/l",NA,NA,NA
"255","...127010","BROWARD","'07/19/2001'","24","Ammonia_plus_Ammonium",NA,"mg/l",NA,NA,NA
"256","...127017","BROWARD","'07/19/2001'","17","Ammonia_plus_Ammonium",NA,"mg/l",NA,NA,NA
"257","...127029","BROWARD","'07/19/2001'","25","Ammonia_plus_Ammonium",NA,"mg/l",NA,NA,NA
"258","...127037","BROWARD","'07/19/2001'","26","Ammonia_plus_Ammonium",NA,"mg/l",NA,NA,NA
"259","...127055","BROWARD","'07/19/2001'","32","Ammonia_plus_Ammonium",0.128,"mg/l",NA,NA,NA
"260","...127058","BROWARD","'07/19/2001'","27","Ammonia_plus_Ammonium",0.246,"mg/l",NA,NA,NA
"261","...127072","BROWARD","'07/19/2001'","32","Ammonia_plus_Ammonium",0.133,"mg/l",NA,NA,NA
"262","...127081","BROWARD","'07/19/2001'","90","Ammonia_plus_Ammonium",0.185,"mg/l",NA,NA,NA
"263","...127089","BROWARD","'07/19/2001'","28","Ammonia_plus_Ammonium",NA,"mg/l",NA,NA,NA
"264","...127106","BROWARD","'07/19/2001'","29","Ammonia_plus_Ammonium",0.278,"mg/l",NA,NA,NA
"265","...127118","BROWARD","'07/19/2001'","20","Ammonia_plus_Ammonium",NA,"mg/l",NA,NA,NA
"266","...127130","BROWARD","'07/19/2001'","38","Ammonia_plus_Ammonium",NA,"mg/l",NA,NA,NA
"267","...127140","BROWARD","'07/19/2001'","23","Ammonia_plus_Ammonium",0.357,"mg/l",NA,NA,NA
"268","...127149","BROWARD","'07/19/2001'","31","Ammonia_plus_Ammonium",0.179,"mg/l",NA,NA,NA
"269","...127159","BROWARD","'07/19/2001'","39","Ammonia_plus_Ammonium",NA,"mg/l",NA,NA,NA
"270","...127166","BROWARD","'07/19/2001'","19","Ammonia_plus_Ammonium",NA,"mg/l",NA,NA,NA
"271","...127171","BROWARD","'07/19/2001'","22","Ammonia_plus_Ammonium",NA,"mg/l",NA,NA,NA
"272","...127198","BROWARD","'07/19/2001'","47","Ammonia_plus_Ammonium",NA,"mg/l",NA,NA,NA
"273","...127200","BROWARD","'07/19/2001'","40","Ammonia_plus_Ammonium",NA,"mg/l",NA,NA,NA
"274","...127218","BROWARD","'07/19/2001'","21","Ammonia_plus_Ammonium",NA,"mg/l",NA,NA,NA
"275","...127222","BROWARD","'07/19/2001'","16","Ammonia_plus_Ammonium",0.237,"mg/l",NA,NA,NA
"276","...127234","BROWARD","'07/19/2001'","41","Ammonia_plus_Ammonium",NA,"mg/l",NA,NA,NA
"277","...127248","BROWARD","'07/19/2001'","15","Ammonia_plus_Ammonium",NA,"mg/l",NA,NA,NA
"278","...127263","BROWARD","'07/19/2001'","41","Ammonia_plus_Ammonium",NA,"mg/l",NA,NA,NA
"279","...127266","BROWARD","'07/18/2001'","4","Ammonia_plus_Ammonium",NA,"mg/l",NA,NA,NA
"280","...127283","BROWARD","'07/18/2001'","14","Ammonia_plus_Ammonium",NA,"mg/l",NA,NA,NA
"281","...127296","BROWARD","'07/18/2001'","4","Ammonia_plus_Ammonium",NA,"mg/l",NA,NA,NA
"282","...127308","BROWARD","'07/18/2001'","13","Ammonia_plus_Ammonium",NA,"mg/l",NA,NA,NA
"283","...127316","BROWARD","'07/18/2001'","3","Ammonia_plus_Ammonium",0.0961,"mg/l",NA,NA,NA
"284","...127323","BROWARD","'07/18/2001'","13","Ammonia_plus_Ammonium",NA,"mg/l",NA,NA,NA
"285","...127334","BROWARD","'07/18/2001'","89","Ammonia_plus_Ammonium",NA,"mg/l",NA,NA,NA
"286","...127345","BROWARD","'07/18/2001'","109","Ammonia_plus_Ammonium",NA,"mg/l",NA,NA,NA
"287","...127363","BROWARD","'07/18/2001'","12","Ammonia_plus_Ammonium",NA,"mg/l",NA,NA,NA
"288","...127369","BROWARD","'07/18/2001'","37","Ammonia_plus_Ammonium",NA,"mg/l",NA,NA,NA
"289","...127379","BROWARD","'07/18/2001'","2","Ammonia_plus_Ammonium",NA,"mg/l",NA,NA,NA
"290","...127391","BROWARD","'07/18/2001'","7","Ammonia_plus_Ammonium",NA,"mg/l",NA,NA,NA
"291","...127400","BROWARD","'07/18/2001'","36","Ammonia_plus_Ammonium",NA,"mg/l",NA,NA,NA
"292","...127418","BROWARD","'07/18/2001'","11","Ammonia_plus_Ammonium",NA,"mg/l",NA,NA,NA
"293","...127429","BROWARD","'07/18/2001'","6","Ammonia_plus_Ammonium",NA,"mg/l",NA,NA,NA
"294","...127440","BROWARD","'07/18/2001'","1","Ammonia_plus_Ammonium",NA,"mg/l",NA,NA,NA
"295","...127445","BROWARD","'07/18/2001'","35","Ammonia_plus_Ammonium",NA,"mg/l",NA,NA,NA
"296","...127456","BROWARD","'07/18/2001'","112","Ammonia_plus_Ammonium",NA,"mg/l",NA,NA,NA
"297","...127465","BROWARD","'07/18/2001'","110","Ammonia_plus_Ammonium",NA,"mg/l",NA,NA,NA
"298","...127482","BROWARD","'07/18/2001'","34","Ammonia_plus_Ammonium",NA,"mg/l",NA,NA,NA
"299","...127493","BROWARD","'07/18/2001'","111","Ammonia_plus_Ammonium",0.0626,"mg/l",NA,NA,NA
"300","...127504","BROWARD","'07/18/2001'","10","Ammonia_plus_Ammonium",NA,"mg/l",NA,NA,NA
"301","...127509","BROWARD","'07/18/2001'","5","Ammonia_plus_Ammonium",NA,"mg/l",NA,NA,NA
"302","...127522","BROWARD","'07/18/2001'","33","Ammonia_plus_Ammonium",0.0604,"mg/l",NA,NA,NA
"303","...127530","BROWARD","'07/18/2001'","33","Ammonia_plus_Ammonium",0.0795,"mg/l",NA,NA,NA
"304","...127545","BROWARD","'07/18/2001'","49","Ammonia_plus_Ammonium",0.586,"mg/l",NA,NA,NA
"305","...127551","BROWARD","'04/26/2001'","18","Ammonia_plus_Ammonium",NA,"mg/l",NA,NA,NA
"306","...127562","BROWARD","'04/26/2001'","38","Ammonia_plus_Ammonium",NA,"mg/l",NA,NA,NA
"307","...127574","BROWARD","'04/26/2001'","17","Ammonia_plus_Ammonium",NA,"mg/l",NA,NA,NA
"308","...127584","BROWARD","'04/26/2001'","24","Ammonia_plus_Ammonium",NA,"mg/l",NA,NA,NA
"309","...127599","BROWARD","'04/26/2001'","32","Ammonia_plus_Ammonium",0.326,"mg/l",NA,NA,NA
"310","...127614","BROWARD","'04/26/2001'","32","Ammonia_plus_Ammonium",0.354,"mg/l",NA,NA,NA
"311","...127623","BROWARD","'04/26/2001'","25","Ammonia_plus_Ammonium",0.129,"mg/l",NA,NA,NA
"312","...127635","BROWARD","'04/26/2001'","29","Ammonia_plus_Ammonium",0.427,"mg/l",NA,NA,NA
"313","...127644","BROWARD","'04/26/2001'","47","Ammonia_plus_Ammonium",NA,"mg/l",NA,NA,NA
"314","...127656","BROWARD","'04/26/2001'","39","Ammonia_plus_Ammonium",NA,"mg/l",NA,NA,NA
"315","...127666","BROWARD","'04/26/2001'","23","Ammonia_plus_Ammonium",0.329,"mg/l",NA,NA,NA
"316","...127675","BROWARD","'04/26/2001'","90","Ammonia_plus_Ammonium",0.195,"mg/l",NA,NA,NA
"317","...127685","BROWARD","'04/26/2001'","26","Ammonia_plus_Ammonium",0.07,"mg/l",NA,NA,NA
"318","...127701","BROWARD","'04/26/2001'","40","Ammonia_plus_Ammonium",NA,"mg/l",NA,NA,NA
"319","...127709","BROWARD","'04/26/2001'","27","Ammonia_plus_Ammonium",NA,"mg/l",NA,NA,NA
"320","...127722","BROWARD","'04/26/2001'","22","Ammonia_plus_Ammonium",0.694,"mg/l",NA,NA,NA
"321","...127730","BROWARD","'04/26/2001'","20","Ammonia_plus_Ammonium",0.093,"mg/l",NA,NA,NA
"322","...127740","BROWARD","'04/26/2001'","28","Ammonia_plus_Ammonium",NA,"mg/l",NA,NA,NA
"323","...127758","BROWARD","'04/26/2001'","21","Ammonia_plus_Ammonium",NA,"mg/l",NA,NA,NA
"324","...127763","BROWARD","'04/26/2001'","41","Ammonia_plus_Ammonium",0.077,"mg/l",NA,NA,NA
"325","...127781","BROWARD","'04/26/2001'","41","Ammonia_plus_Ammonium",0.073,"mg/l",NA,NA,NA
"326","...127789","BROWARD","'04/26/2001'","19","Ammonia_plus_Ammonium",0.105,"mg/l",NA,NA,NA
"327","...127795","BROWARD","'04/26/2001'","31","Ammonia_plus_Ammonium",0.124,"mg/l",NA,NA,NA
"328","...127811","BROWARD","'04/26/2001'","16","Ammonia_plus_Ammonium",0.149,"mg/l",NA,NA,NA
"329","...127818","BROWARD","'04/26/2001'","15","Ammonia_plus_Ammonium",0.093,"mg/l",NA,NA,NA
"330","...127826","BROWARD","'04/25/2001'","14","Ammonia_plus_Ammonium",0.12,"mg/l",NA,NA,NA
"331","...127840","BROWARD","'04/25/2001'","13","Ammonia_plus_Ammonium",NA,"mg/l",NA,NA,NA
"332","...127849","BROWARD","'04/25/2001'","13","Ammonia_plus_Ammonium",NA,"mg/l",NA,NA,NA
"333","...127863","BROWARD","'04/25/2001'","89","Ammonia_plus_Ammonium",NA,"mg/l",NA,NA,NA
"334","...127869","BROWARD","'04/25/2001'","37","Ammonia_plus_Ammonium",NA,"mg/l",NA,NA,NA
"335","...127874","BROWARD","'04/25/2001'","12","Ammonia_plus_Ammonium",NA,"mg/l",NA,NA,NA
"336","...127897","BROWARD","'04/25/2001'","109","Ammonia_plus_Ammonium",NA,"mg/l",NA,NA,NA
"337","...127904","BROWARD","'04/25/2001'","11","Ammonia_plus_Ammonium",NA,"mg/l",NA,NA,NA
"338","...127915","BROWARD","'04/25/2001'","36","Ammonia_plus_Ammonium",NA,"mg/l",NA,NA,NA
"339","...127929","BROWARD","'04/25/2001'","7","Ammonia_plus_Ammonium",NA,"mg/l",NA,NA,NA
"340","...127939","BROWARD","'04/25/2001'","35","Ammonia_plus_Ammonium",NA,"mg/l",NA,NA,NA
"341","...127950","BROWARD","'04/25/2001'","110","Ammonia_plus_Ammonium",NA,"mg/l",NA,NA,NA
"342","...127959","BROWARD","'04/25/2001'","112","Ammonia_plus_Ammonium",NA,"mg/l",NA,NA,NA
"343","...127974","BROWARD","'04/25/2001'","34","Ammonia_plus_Ammonium",NA,"mg/l",NA,NA,NA
"344","...127984","BROWARD","'04/25/2001'","111","Ammonia_plus_Ammonium",NA,"mg/l",NA,NA,NA
"345","...127995","BROWARD","'04/25/2001'","4","Ammonia_plus_Ammonium",0.254,"mg/l",NA,NA,NA
"346","...128010","BROWARD","'04/25/2001'","4","Ammonia_plus_Ammonium",0.298,"mg/l",NA,NA,NA
"347","...128012","BROWARD","'04/25/2001'","33","Ammonia_plus_Ammonium",NA,"mg/l",NA,NA,NA
"348","...128024","BROWARD","'04/25/2001'","10","Ammonia_plus_Ammonium",NA,"mg/l",NA,NA,NA
"349","...128039","BROWARD","'04/25/2001'","33","Ammonia_plus_Ammonium",NA,"mg/l",NA,NA,NA
"350","...128045","BROWARD","'04/25/2001'","3","Ammonia_plus_Ammonium",0.136,"mg/l",NA,NA,NA
"351","...128063","BROWARD","'04/25/2001'","49","Ammonia_plus_Ammonium",0.062,"mg/l",NA,NA,NA
"352","...128067","BROWARD","'04/25/2001'","6","Ammonia_plus_Ammonium",NA,"mg/l",NA,NA,NA
"353","...128080","BROWARD","'04/25/2001'","2","Ammonia_plus_Ammonium",0.135,"mg/l",NA,NA,NA
"354","...128098","BROWARD","'04/25/2001'","5","Ammonia_plus_Ammonium",NA,"mg/l",NA,NA,NA
"355","...128107","BROWARD","'04/25/2001'","1","Ammonia_plus_Ammonium",NA,"mg/l",NA,NA,NA
"356","...128117","BROWARD","'02/01/2001'","38","Ammonia_plus_Ammonium",NA,"mg/l",NA,NA,NA
"357","...128124","BROWARD","'02/01/2001'","47","Ammonia_plus_Ammonium",NA,"mg/l",NA,NA,NA
"358","...128141","BROWARD","'02/01/2001'","18","Ammonia_plus_Ammonium",NA,"mg/l",NA,NA,NA
"359","...128147","BROWARD","'02/01/2001'","31","Ammonia_plus_Ammonium",0.176,"mg/l",NA,NA,NA
"360","...128158","BROWARD","'02/01/2001'","32","Ammonia_plus_Ammonium",0.273,"mg/l",NA,NA,NA
"361","...128173","BROWARD","'02/01/2001'","17","Ammonia_plus_Ammonium",NA,"mg/l",NA,NA,NA
"362","...128180","BROWARD","'02/01/2001'","32","Ammonia_plus_Ammonium",0.322,"mg/l",NA,NA,NA
"363","...128197","BROWARD","'02/01/2001'","16","Ammonia_plus_Ammonium",NA,"mg/l",NA,NA,NA
"364","...128208","BROWARD","'02/01/2001'","29","Ammonia_plus_Ammonium",0.584,"mg/l",NA,NA,NA
"365","...128212","BROWARD","'02/01/2001'","28","Ammonia_plus_Ammonium",0.247,"mg/l",NA,NA,NA
"366","...128225","BROWARD","'02/01/2001'","39","Ammonia_plus_Ammonium",NA,"mg/l",NA,NA,NA
"367","...128233","BROWARD","'02/01/2001'","23","Ammonia_plus_Ammonium",0.239,"mg/l",NA,NA,NA
"368","...128250","BROWARD","'02/01/2001'","27","Ammonia_plus_Ammonium",NA,"mg/l",NA,NA,NA
"369","...128260","BROWARD","'02/01/2001'","40","Ammonia_plus_Ammonium",NA,"mg/l",NA,NA,NA
"370","...128268","BROWARD","'02/01/2001'","22","Ammonia_plus_Ammonium",0.654,"mg/l",NA,NA,NA
"371","...128281","BROWARD","'02/01/2001'","90","Ammonia_plus_Ammonium",0.138,"mg/l",NA,NA,NA
"372","...128294","BROWARD","'02/01/2001'","26","Ammonia_plus_Ammonium",0.068,"mg/l",NA,NA,NA
"373","...128306","BROWARD","'02/01/2001'","41","Ammonia_plus_Ammonium",NA,"mg/l",NA,NA,NA
"374","...128311","BROWARD","'02/01/2001'","20","Ammonia_plus_Ammonium",NA,"mg/l",NA,NA,NA
"375","...128320","BROWARD","'02/01/2001'","41","Ammonia_plus_Ammonium",NA,"mg/l",NA,NA,NA
"376","...128338","BROWARD","'02/01/2001'","25","Ammonia_plus_Ammonium",0.141,"mg/l",NA,NA,NA
"377","...128348","BROWARD","'02/01/2001'","21","Ammonia_plus_Ammonium",NA,"mg/l",NA,NA,NA
"378","...128352","BROWARD","'02/01/2001'","19","Ammonia_plus_Ammonium",NA,"mg/l",NA,NA,NA
"379","...128367","BROWARD","'02/01/2001'","24","Ammonia_plus_Ammonium",NA,"mg/l",NA,NA,NA
"380","...128376","BROWARD","'02/01/2001'","15","Ammonia_plus_Ammonium",NA,"mg/l",NA,NA,NA
"381","...128388","BROWARD","'01/31/2001'","109","Ammonia_plus_Ammonium",NA,"mg/l",NA,NA,NA
"382","...128403","BROWARD","'01/31/2001'","89","Ammonia_plus_Ammonium",NA,"mg/l",NA,NA,NA
"383","...128406","BROWARD","'01/31/2001'","37","Ammonia_plus_Ammonium",NA,"mg/l",NA,NA,NA
"384","...128416","BROWARD","'01/31/2001'","36","Ammonia_plus_Ammonium",NA,"mg/l",NA,NA,NA
"385","...128428","BROWARD","'01/31/2001'","14","Ammonia_plus_Ammonium",0.325,"mg/l",NA,NA,NA
"386","...128442","BROWARD","'01/31/2001'","7","Ammonia_plus_Ammonium",NA,"mg/l",NA,NA,NA
"387","...128456","BROWARD","'01/31/2001'","35","Ammonia_plus_Ammonium",NA,"mg/l",NA,NA,NA
"388","...128469","BROWARD","'01/31/2001'","13","Ammonia_plus_Ammonium",0.274,"mg/l",NA,NA,NA
"389","...128476","BROWARD","'01/31/2001'","4","Ammonia_plus_Ammonium",0.344,"mg/l",NA,NA,NA
"390","...128490","BROWARD","'01/31/2001'","4","Ammonia_plus_Ammonium",0.452,"mg/l",NA,NA,NA
"391","...128498","BROWARD","'01/31/2001'","6","Ammonia_plus_Ammonium",NA,"mg/l",NA,NA,NA
"392","...128510","BROWARD","'01/31/2001'","13","Ammonia_plus_Ammonium",0.246,"mg/l",NA,NA,NA
"393","...128518","BROWARD","'01/31/2001'","3","Ammonia_plus_Ammonium",0.132,"mg/l",NA,NA,NA
"394","...128533","BROWARD","'01/31/2001'","12","Ammonia_plus_Ammonium",NA,"mg/l",NA,NA,NA
"395","...128541","BROWARD","'01/31/2001'","34","Ammonia_plus_Ammonium",NA,"mg/l",NA,NA,NA
"396","...128556","BROWARD","'01/31/2001'","11","Ammonia_plus_Ammonium",NA,"mg/l",NA,NA,NA
"397","...128565","BROWARD","'01/31/2001'","112","Ammonia_plus_Ammonium",0.062,"mg/l",NA,NA,NA
"398","...128576","BROWARD","'01/31/2001'","33","Ammonia_plus_Ammonium",NA,"mg/l",NA,NA,NA
"399","...128583","BROWARD","'01/31/2001'","2","Ammonia_plus_Ammonium",NA,"mg/l",NA,NA,NA
"400","...128601","BROWARD","'01/31/2001'","33","Ammonia_plus_Ammonium",NA,"mg/l",NA,NA,NA
"401","...128603","BROWARD","'01/31/2001'","5","Ammonia_plus_Ammonium",NA,"mg/l",NA,NA,NA
"402","...128622","BROWARD","'01/31/2001'","111","Ammonia_plus_Ammonium",0.068,"mg/l",NA,NA,NA
"403","...128626","BROWARD","'01/31/2001'","110","Ammonia_plus_Ammonium",NA,"mg/l",NA,NA,NA
"404","...128642","BROWARD","'01/31/2001'","10","Ammonia_plus_Ammonium",NA,"mg/l",NA,NA,NA
"405","...128652","BROWARD","'01/31/2001'","1","Ammonia_plus_Ammonium",0.083,"mg/l",NA,NA,NA
"406","...128657","BROWARD","'01/31/2001'","49","Ammonia_plus_Ammonium",NA,"mg/l",NA,NA,NA
"407","...128673","BROWARD","'10/26/2000'","90","Ammonia_plus_Ammonium",0.109,"mg/l",NA,NA,NA
"408","...128688","BROWARD","'10/26/2000'","47","Ammonia_plus_Ammonium",NA,"mg/l",NA,NA,NA
"409","...128694","BROWARD","'10/26/2000'","41","Ammonia_plus_Ammonium",NA,"mg/l",NA,NA,NA
"410","...128703","BROWARD","'10/26/2000'","41","Ammonia_plus_Ammonium",NA,"mg/l",NA,NA,NA
"411","...128722","BROWARD","'10/26/2000'","40","Ammonia_plus_Ammonium",NA,"mg/l",NA,NA,NA
"412","...128725","BROWARD","'10/26/2000'","38","Ammonia_plus_Ammonium",NA,"mg/l",NA,NA,NA
"413","...128742","BROWARD","'10/26/2000'","24","Ammonia_plus_Ammonium",NA,"mg/l",NA,NA,NA
"414","...128749","BROWARD","'10/26/2000'","31","Ammonia_plus_Ammonium",0.193,"mg/l",NA,NA,NA
"415","...128761","BROWARD","'10/26/2000'","39","Ammonia_plus_Ammonium",NA,"mg/l",NA,NA,NA
"416","...128776","BROWARD","'10/26/2000'","32","Ammonia_plus_Ammonium",0.202,"mg/l",NA,NA,NA
"417","...128782","BROWARD","'10/26/2000'","32","Ammonia_plus_Ammonium",0.195,"mg/l",NA,NA,NA
"418","...128798","BROWARD","'10/26/2000'","28","Ammonia_plus_Ammonium",NA,"mg/l",NA,NA,NA
"419","...128806","BROWARD","'10/26/2000'","27","Ammonia_plus_Ammonium",0.109,"mg/l",NA,NA,NA
"420","...128816","BROWARD","'10/26/2000'","26","Ammonia_plus_Ammonium",0.096,"mg/l",NA,NA,NA
"421","...128827","BROWARD","'10/26/2000'","25","Ammonia_plus_Ammonium",0.086,"mg/l",NA,NA,NA
"422","...128843","BROWARD","'10/26/2000'","29","Ammonia_plus_Ammonium",0.215,"mg/l",NA,NA,NA
"423","...128850","BROWARD","'10/26/2000'","23","Ammonia_plus_Ammonium",0.621,"mg/l",NA,NA,NA
"424","...128861","BROWARD","'10/26/2000'","16","Ammonia_plus_Ammonium",0.084,"mg/l",NA,NA,NA
"425","...128872","BROWARD","'10/26/2000'","15","Ammonia_plus_Ammonium",NA,"mg/l",NA,NA,NA
"426","...128881","BROWARD","'10/26/2000'","22","Ammonia_plus_Ammonium",0.273,"mg/l",NA,NA,NA
"427","...128892","BROWARD","'10/26/2000'","21","Ammonia_plus_Ammonium",NA,"mg/l",NA,NA,NA
"428","...128903","BROWARD","'10/26/2000'","20","Ammonia_plus_Ammonium",0.106,"mg/l",NA,NA,NA
"429","...128912","BROWARD","'10/26/2000'","19","Ammonia_plus_Ammonium",0.084,"mg/l",NA,NA,NA
"430","...128921","BROWARD","'10/26/2000'","18","Ammonia_plus_Ammonium",NA,"mg/l",NA,NA,NA
"431","...128932","BROWARD","'10/26/2000'","17","Ammonia_plus_Ammonium",NA,"mg/l",NA,NA,NA
"432","...128939","BROWARD","'10/25/2000'","33","Ammonia_plus_Ammonium",0.066,"mg/l",NA,NA,NA
"433","...128954","BROWARD","'10/25/2000'","33","Ammonia_plus_Ammonium",NA,"mg/l",NA,NA,NA
"434","...128966","BROWARD","'10/25/2000'","110","Ammonia_plus_Ammonium",NA,"mg/l",NA,NA,NA
"435","...128982","BROWARD","'10/25/2000'","109","Ammonia_plus_Ammonium",NA,"mg/l",NA,NA,NA
"436","...128990","BROWARD","'10/25/2000'","3","Ammonia_plus_Ammonium",0.108,"mg/l",NA,NA,NA
"437","...128997","BROWARD","'10/25/2000'","2","Ammonia_plus_Ammonium",NA,"mg/l",NA,NA,NA
"438","...129004","BROWARD","'10/25/2000'","6","Ammonia_plus_Ammonium",NA,"mg/l",NA,NA,NA
"439","...129018","BROWARD","'10/25/2000'","5","Ammonia_plus_Ammonium",0.072,"mg/l",NA,NA,NA
"440","...129034","BROWARD","'10/25/2000'","36","Ammonia_plus_Ammonium",NA,"mg/l",NA,NA,NA
"441","...129038","BROWARD","'10/25/2000'","35","Ammonia_plus_Ammonium",NA,"mg/l",NA,NA,NA
"442","...129057","BROWARD","'10/25/2000'","49","Ammonia_plus_Ammonium",0.066,"mg/l",NA,NA,NA
"443","...129060","BROWARD","'10/25/2000'","10","Ammonia_plus_Ammonium",NA,"mg/l",NA,NA,NA
"444","...129079","BROWARD","'10/25/2000'","14","Ammonia_plus_Ammonium",0.309,"mg/l",NA,NA,NA
"445","...129084","BROWARD","'10/25/2000'","14","Ammonia_plus_Ammonium",0.304,"mg/l",NA,NA,NA
"446","...129101","BROWARD","'10/25/2000'","13","Ammonia_plus_Ammonium",0.211,"mg/l",NA,NA,NA
"447","...129110","BROWARD","'10/25/2000'","12","Ammonia_plus_Ammonium",0.114,"mg/l",NA,NA,NA
"448","...129113","BROWARD","'10/25/2000'","89","Ammonia_plus_Ammonium",0.104,"mg/l",NA,NA,NA
"449","...129130","BROWARD","'10/25/2000'","1","Ammonia_plus_Ammonium",0.101,"mg/l",NA,NA,NA
"450","...129143","BROWARD","'10/25/2000'","7","Ammonia_plus_Ammonium",0.103,"mg/l",NA,NA,NA
"451","...129147","BROWARD","'10/25/2000'","34","Ammonia_plus_Ammonium",NA,"mg/l",NA,NA,NA
"452","...129165","BROWARD","'10/25/2000'","37","Ammonia_plus_Ammonium",NA,"mg/l",NA,NA,NA
"453","...129174","BROWARD","'10/25/2000'","11","Ammonia_plus_Ammonium",NA,"mg/l",NA,NA,NA
"454","...129184","BROWARD","'10/25/2000'","4","Ammonia_plus_Ammonium",0.402,"mg/l",NA,NA,NA
"455","...129196","BROWARD","'10/25/2000'","4","Ammonia_plus_Ammonium",0.407,"mg/l",NA,NA,NA
"456","...129200","BROWARD","'07/27/2000'","90","Ammonia_plus_Ammonium",0.123,"mg/l",NA,NA,NA
"457","...129218","BROWARD","'07/27/2000'","47","Ammonia_plus_Ammonium",0.076,"mg/l",NA,NA,NA
"458","...129227","BROWARD","'07/27/2000'","41","Ammonia_plus_Ammonium",NA,"mg/l",NA,NA,NA
"459","...129230","BROWARD","'07/27/2000'","41","Ammonia_plus_Ammonium",NA,"mg/l",NA,NA,NA
"460","...129243","BROWARD","'07/27/2000'","40","Ammonia_plus_Ammonium",NA,"mg/l",NA,NA,NA
"461","...129262","BROWARD","'07/27/2000'","38","Ammonia_plus_Ammonium",0.104,"mg/l",NA,NA,NA
"462","...129269","BROWARD","'07/27/2000'","24","Ammonia_plus_Ammonium",0.147,"mg/l",NA,NA,NA
"463","...129283","BROWARD","'07/27/2000'","31","Ammonia_plus_Ammonium",0.153,"mg/l",NA,NA,NA
"464","...129295","BROWARD","'07/27/2000'","49","Ammonia_plus_Ammonium",NA,"mg/l",NA,NA,NA
"465","...129299","BROWARD","'07/27/2000'","39","Ammonia_plus_Ammonium",0.088,"mg/l",NA,NA,NA
"466","...129310","BROWARD","'07/27/2000'","32","Ammonia_plus_Ammonium",NA,"mg/l",NA,NA,NA
"467","...129326","BROWARD","'07/27/2000'","28","Ammonia_plus_Ammonium",NA,"mg/l",NA,NA,NA
"468","...129331","BROWARD","'07/27/2000'","27","Ammonia_plus_Ammonium",0.215,"mg/l",NA,NA,NA
"469","...129346","BROWARD","'07/27/2000'","26","Ammonia_plus_Ammonium",0.141,"mg/l",NA,NA,NA
"470","...129352","BROWARD","'07/27/2000'","25","Ammonia_plus_Ammonium",0.151,"mg/l",NA,NA,NA
"471","...129372","BROWARD","'07/27/2000'","29","Ammonia_plus_Ammonium",0.292,"mg/l",NA,NA,NA
"472","...129381","BROWARD","'07/27/2000'","23","Ammonia_plus_Ammonium",0.182,"mg/l",NA,NA,NA
"473","...129384","BROWARD","'07/27/2000'","16","Ammonia_plus_Ammonium",NA,"mg/l",NA,NA,NA
"474","...129388","BROWARD","'07/27/2000'","16","Ammonia_plus_Ammonium",NA,"mg/l",NA,NA,NA
"475","...129410","BROWARD","'07/27/2000'","15","Ammonia_plus_Ammonium",0.112,"mg/l",NA,NA,NA
"476","...129423","BROWARD","'07/27/2000'","22","Ammonia_plus_Ammonium",0.257,"mg/l",NA,NA,NA
"477","...129434","BROWARD","'07/27/2000'","21","Ammonia_plus_Ammonium",0.125,"mg/l",NA,NA,NA
"478","...129443","BROWARD","'07/27/2000'","20","Ammonia_plus_Ammonium",0.117,"mg/l",NA,NA,NA
"479","...129451","BROWARD","'07/27/2000'","19","Ammonia_plus_Ammonium",0.111,"mg/l",NA,NA,NA
"480","...129464","BROWARD","'07/27/2000'","18","Ammonia_plus_Ammonium",NA,"mg/l",NA,NA,NA
"481","...129474","BROWARD","'07/27/2000'","17","Ammonia_plus_Ammonium",NA,"mg/l",NA,NA,NA
"482","...129485","BROWARD","'07/26/2000'","33","Ammonia_plus_Ammonium",0.187,"mg/l",NA,NA,NA
"483","...129492","BROWARD","'07/26/2000'","33","Ammonia_plus_Ammonium",0.167,"mg/l",NA,NA,NA
"484","...129507","BROWARD","'07/26/2000'","110","Ammonia_plus_Ammonium",NA,"mg/l",NA,NA,NA
"485","...129525","BROWARD","'07/26/2000'","109","Ammonia_plus_Ammonium",NA,"mg/l",NA,NA,NA
"486","...129528","BROWARD","'07/26/2000'","3","Ammonia_plus_Ammonium",0.328,"mg/l",NA,NA,NA
"487","...129547","BROWARD","'07/26/2000'","2","Ammonia_plus_Ammonium",0.279,"mg/l",NA,NA,NA
"488","...129555","BROWARD","'07/26/2000'","6","Ammonia_plus_Ammonium",NA,"mg/l",NA,NA,NA
"489","...129570","BROWARD","'07/26/2000'","5","Ammonia_plus_Ammonium",0.148,"mg/l",NA,NA,NA
"490","...129573","BROWARD","'07/26/2000'","36","Ammonia_plus_Ammonium",NA,"mg/l",NA,NA,NA
"491","...129590","BROWARD","'07/26/2000'","35","Ammonia_plus_Ammonium",0.073,"mg/l",NA,NA,NA
"492","...129603","BROWARD","'07/26/2000'","10","Ammonia_plus_Ammonium",0.11,"mg/l",NA,NA,NA
"493","...129612","BROWARD","'07/26/2000'","14","Ammonia_plus_Ammonium",0.137,"mg/l",NA,NA,NA
"494","...129630","BROWARD","'07/26/2000'","13","Ammonia_plus_Ammonium",0.103,"mg/l",NA,NA,NA
"495","...129636","BROWARD","'07/26/2000'","13","Ammonia_plus_Ammonium",NA,"mg/l",NA,NA,NA
"496","...129641","BROWARD","'07/26/2000'","12","Ammonia_plus_Ammonium",NA,"mg/l",NA,NA,NA
"497","...129651","BROWARD","'07/26/2000'","89","Ammonia_plus_Ammonium",NA,"mg/l",NA,NA,NA
"498","...129662","BROWARD","'07/26/2000'","1","Ammonia_plus_Ammonium",0.237,"mg/l",NA,NA,NA
"499","...129682","BROWARD","'07/26/2000'","7","Ammonia_plus_Ammonium",NA,"mg/l",NA,NA,NA
"500","...129684","BROWARD","'07/26/2000'","7","Ammonia_plus_Ammonium",NA,"mg/l",NA,NA,NA
"501","...129693","BROWARD","'07/26/2000'","34","Ammonia_plus_Ammonium",0.085,"mg/l",NA,NA,NA
"502","...129706","BROWARD","'07/26/2000'","37","Ammonia_plus_Ammonium",NA,"mg/l",NA,NA,NA
"503","...129719","BROWARD","'07/26/2000'","11","Ammonia_plus_Ammonium",0.118,"mg/l",NA,NA,NA
"504","...129732","BROWARD","'07/26/2000'","4","Ammonia_plus_Ammonium",0.208,"mg/l",NA,NA,NA
"505","...129742","BROWARD","'04/27/2000'","90","Ammonia_plus_Ammonium",NA,"mg/l",NA,NA,NA
"506","...129754","BROWARD","'04/27/2000'","47","Ammonia_plus_Ammonium",NA,"mg/l",NA,NA,NA
"507","...129762","BROWARD","'04/27/2000'","41","Ammonia_plus_Ammonium",NA,"mg/l",NA,NA,NA
"508","...129777","BROWARD","'04/27/2000'","41","Ammonia_plus_Ammonium",NA,"mg/l",NA,NA,NA
"509","...129786","BROWARD","'04/27/2000'","40","Ammonia_plus_Ammonium",NA,"mg/l",NA,NA,NA
"510","...129794","BROWARD","'04/27/2000'","38","Ammonia_plus_Ammonium",NA,"mg/l",NA,NA,NA
"511","...129808","BROWARD","'04/27/2000'","49","Ammonia_plus_Ammonium",NA,"mg/l",NA,NA,NA
"512","...129823","BROWARD","'04/27/2000'","39","Ammonia_plus_Ammonium",NA,"mg/l",NA,NA,NA
"513","...129825","BROWARD","'04/27/2000'","29","Ammonia_plus_Ammonium",0.497,"mg/l",NA,NA,NA
"514","...129836","BROWARD","'04/27/2000'","14","Ammonia_plus_Ammonium",0.125,"mg/l",NA,NA,NA
"515","...129856","BROWARD","'04/27/2000'","13","Ammonia_plus_Ammonium",NA,"mg/l",NA,NA,NA
"516","...129862","BROWARD","'04/27/2000'","13","Ammonia_plus_Ammonium",NA,"mg/l",NA,NA,NA
"517","...129878","BROWARD","'04/27/2000'","12","Ammonia_plus_Ammonium",NA,"mg/l",NA,NA,NA
"518","...129888","BROWARD","'04/27/2000'","89","Ammonia_plus_Ammonium",NA,"mg/l",NA,NA,NA
"519","...129893","BROWARD","'04/27/2000'","23","Ammonia_plus_Ammonium",NA,"mg/l",NA,NA,NA
"520","...129918","BROWARD","'04/27/2000'","16","Ammonia_plus_Ammonium",NA,"mg/l",NA,NA,NA
"521","...129922","BROWARD","'04/27/2000'","16","Ammonia_plus_Ammonium",NA,"mg/l",NA,NA,NA
"522","...129925","BROWARD","'04/27/2000'","15","Ammonia_plus_Ammonium",NA,"mg/l",NA,NA,NA
"523","...129938","BROWARD","'04/27/2000'","22","Ammonia_plus_Ammonium",0.108,"mg/l",NA,NA,NA
"524","...129954","BROWARD","'04/27/2000'","21","Ammonia_plus_Ammonium",NA,"mg/l",NA,NA,NA
"525","...129964","BROWARD","'04/27/2000'","20","Ammonia_plus_Ammonium",NA,"mg/l",NA,NA,NA
"526","...129972","BROWARD","'04/27/2000'","11","Ammonia_plus_Ammonium",NA,"mg/l",NA,NA,NA
"527","...129987","BROWARD","'04/27/2000'","19","Ammonia_plus_Ammonium",NA,"mg/l",NA,NA,NA
"528","...129992","BROWARD","'04/27/2000'","18","Ammonia_plus_Ammonium",NA,"mg/l",NA,NA,NA
"529","...130009","BROWARD","'04/27/2000'","17","Ammonia_plus_Ammonium",NA,"mg/l",NA,NA,NA
"530","...130014","BROWARD","'04/26/2000'","33","Ammonia_plus_Ammonium",NA,"mg/l",NA,NA,NA
"531","...130025","BROWARD","'04/26/2000'","33","Ammonia_plus_Ammonium",NA,"mg/l",NA,NA,NA
"532","...130037","BROWARD","'04/26/2000'","110","Ammonia_plus_Ammonium",NA,"mg/l",NA,NA,NA
"533","...130049","BROWARD","'04/26/2000'","109","Ammonia_plus_Ammonium",NA,"mg/l",NA,NA,NA
"534","...130061","BROWARD","'04/26/2000'","3","Ammonia_plus_Ammonium",NA,"mg/l",NA,NA,NA
"535","...130071","BROWARD","'04/26/2000'","2","Ammonia_plus_Ammonium",NA,"mg/l",NA,NA,NA
"536","...130086","BROWARD","'04/26/2000'","6","Ammonia_plus_Ammonium",NA,"mg/l",NA,NA,NA
"537","...130096","BROWARD","'04/26/2000'","5","Ammonia_plus_Ammonium",0.066,"mg/l",NA,NA,NA
"538","...130110","BROWARD","'04/26/2000'","36","Ammonia_plus_Ammonium",NA,"mg/l",NA,NA,NA
"539","...130121","BROWARD","'04/26/2000'","35","Ammonia_plus_Ammonium",NA,"mg/l",NA,NA,NA
"540","...130128","BROWARD","'04/26/2000'","24","Ammonia_plus_Ammonium",0.091,"mg/l",NA,NA,NA
"541","...130138","BROWARD","'04/26/2000'","31","Ammonia_plus_Ammonium",0.111,"mg/l",NA,NA,NA
"542","...130151","BROWARD","'04/26/2000'","32","Ammonia_plus_Ammonium",0.184,"mg/l",NA,NA,NA
"543","...130162","BROWARD","'04/26/2000'","28","Ammonia_plus_Ammonium",0.146,"mg/l",NA,NA,NA
"544","...130170","BROWARD","'04/26/2000'","27","Ammonia_plus_Ammonium",0.153,"mg/l",NA,NA,NA
"545","...130182","BROWARD","'04/26/2000'","26","Ammonia_plus_Ammonium",0.093,"mg/l",NA,NA,NA
"546","...130195","BROWARD","'04/26/2000'","25","Ammonia_plus_Ammonium",0.063,"mg/l",NA,NA,NA
"547","...130205","BROWARD","'04/26/2000'","10","Ammonia_plus_Ammonium",0.061,"mg/l",NA,NA,NA
"548","...130218","BROWARD","'04/26/2000'","1","Ammonia_plus_Ammonium",NA,"mg/l",NA,NA,NA
"549","...130227","BROWARD","'04/26/2000'","7","Ammonia_plus_Ammonium",NA,"mg/l",NA,NA,NA
"550","...130234","BROWARD","'04/26/2000'","7","Ammonia_plus_Ammonium",NA,"mg/l",NA,NA,NA
"551","...130249","BROWARD","'04/26/2000'","34","Ammonia_plus_Ammonium",NA,"mg/l",NA,NA,NA
"552","...130258","BROWARD","'04/26/2000'","37","Ammonia_plus_Ammonium",NA,"mg/l",NA,NA,NA
"553","...130268","BROWARD","'04/26/2000'","4","Ammonia_plus_Ammonium",NA,"mg/l",NA,NA,NA
"554","...130282","BROWARD","'01/27/2000'","33","Ammonia_plus_Ammonium",0.089,"mg/l",NA,NA,NA
"555","...130290","BROWARD","'01/27/2000'","33","Ammonia_plus_Ammonium",0.087,"mg/l",NA,NA,NA
"556","...130301","BROWARD","'01/27/2000'","90","Ammonia_plus_Ammonium",0.062,"mg/l",NA,NA,NA
"557","...130311","BROWARD","'01/27/2000'","36","Ammonia_plus_Ammonium",NA,"mg/l",NA,NA,NA
"558","...130326","BROWARD","'01/27/2000'","35","Ammonia_plus_Ammonium",NA,"mg/l",NA,NA,NA
"559","...130332","BROWARD","'01/27/2000'","49","Ammonia_plus_Ammonium",NA,"mg/l",NA,NA,NA
"560","...130348","BROWARD","'01/27/2000'","29","Ammonia_plus_Ammonium",0.502,"mg/l",NA,NA,NA
"561","...130361","BROWARD","'01/27/2000'","14","Ammonia_plus_Ammonium",0.209,"mg/l",NA,NA,NA
"562","...130376","BROWARD","'01/27/2000'","13","Ammonia_plus_Ammonium",0.176,"mg/l",NA,NA,NA
"563","...130384","BROWARD","'01/27/2000'","13","Ammonia_plus_Ammonium",0.167,"mg/l",NA,NA,NA
"564","...130394","BROWARD","'01/27/2000'","12","Ammonia_plus_Ammonium",0.101,"mg/l",NA,NA,NA
"565","...130406","BROWARD","'01/27/2000'","89","Ammonia_plus_Ammonium",NA,"mg/l",NA,NA,NA
"566","...130417","BROWARD","'01/27/2000'","23","Ammonia_plus_Ammonium",0.104,"mg/l",NA,NA,NA
"567","...130426","BROWARD","'01/27/2000'","16","Ammonia_plus_Ammonium",0.111,"mg/l",NA,NA,NA
"568","...130439","BROWARD","'01/27/2000'","16","Ammonia_plus_Ammonium",0.118,"mg/l",NA,NA,NA
"569","...130444","BROWARD","'01/27/2000'","15","Ammonia_plus_Ammonium",NA,"mg/l",NA,NA,NA
"570","...130454","BROWARD","'01/27/2000'","34","Ammonia_plus_Ammonium",NA,"mg/l",NA,NA,NA
"571","...130464","BROWARD","'01/27/2000'","22","Ammonia_plus_Ammonium",0.208,"mg/l",NA,NA,NA
"572","...130481","BROWARD","'01/27/2000'","21","Ammonia_plus_Ammonium",NA,"mg/l",NA,NA,NA
"573","...130490","BROWARD","'01/27/2000'","20","Ammonia_plus_Ammonium",0.076,"mg/l",NA,NA,NA
"574","...130503","BROWARD","'01/27/2000'","37","Ammonia_plus_Ammonium",NA,"mg/l",NA,NA,NA
"575","...130511","BROWARD","'01/27/2000'","11","Ammonia_plus_Ammonium",NA,"mg/l",NA,NA,NA
"576","...130520","BROWARD","'01/27/2000'","19","Ammonia_plus_Ammonium",NA,"mg/l",NA,NA,NA
"577","...130530","BROWARD","'01/27/2000'","18","Ammonia_plus_Ammonium",NA,"mg/l",NA,NA,NA
"578","...130549","BROWARD","'01/27/2000'","17","Ammonia_plus_Ammonium",NA,"mg/l",NA,NA,NA
"579","...130553","BROWARD","'01/26/2000'","110","Ammonia_plus_Ammonium",0.1,"mg/l",NA,NA,NA
"580","...130565","BROWARD","'01/26/2000'","109","Ammonia_plus_Ammonium",NA,"mg/l",NA,NA,NA
"581","...130577","BROWARD","'01/26/2000'","3","Ammonia_plus_Ammonium",NA,"mg/l",NA,NA,NA
"582","...130583","BROWARD","'01/26/2000'","2","Ammonia_plus_Ammonium",NA,"mg/l",NA,NA,NA
"583","...130597","BROWARD","'01/26/2000'","47","Ammonia_plus_Ammonium",NA,"mg/l",NA,NA,NA
"584","...130613","BROWARD","'01/26/2000'","41","Ammonia_plus_Ammonium",NA,"mg/l",NA,NA,NA
"585","...130625","BROWARD","'01/26/2000'","41","Ammonia_plus_Ammonium",NA,"mg/l",NA,NA,NA
"586","...130632","BROWARD","'01/26/2000'","40","Ammonia_plus_Ammonium",NA,"mg/l",NA,NA,NA
"587","...130639","BROWARD","'01/26/2000'","38","Ammonia_plus_Ammonium",NA,"mg/l",NA,NA,NA
"588","...130651","BROWARD","'01/26/2000'","6","Ammonia_plus_Ammonium",NA,"mg/l",NA,NA,NA
"589","...130664","BROWARD","'01/26/2000'","5","Ammonia_plus_Ammonium",NA,"mg/l",NA,NA,NA
"590","...130679","BROWARD","'01/26/2000'","24","Ammonia_plus_Ammonium",NA,"mg/l",NA,NA,NA
"591","...130689","BROWARD","'01/26/2000'","31","Ammonia_plus_Ammonium",0.137,"mg/l",NA,NA,NA
"592","...130694","BROWARD","'01/26/2000'","39","Ammonia_plus_Ammonium",NA,"mg/l",NA,NA,NA
"593","...130713","BROWARD","'01/26/2000'","32","Ammonia_plus_Ammonium",0.114,"mg/l",NA,NA,NA
"594","...130722","BROWARD","'01/26/2000'","28","Ammonia_plus_Ammonium",0.295,"mg/l",NA,NA,NA
"595","...130732","BROWARD","'01/26/2000'","27","Ammonia_plus_Ammonium",0.145,"mg/l",NA,NA,NA
"596","...130743","BROWARD","'01/26/2000'","26","Ammonia_plus_Ammonium",0.087,"mg/l",NA,NA,NA
"597","...130756","BROWARD","'01/26/2000'","25","Ammonia_plus_Ammonium",0.073,"mg/l",NA,NA,NA
"598","...130767","BROWARD","'01/26/2000'","10","Ammonia_plus_Ammonium",NA,"mg/l",NA,NA,NA
"599","...130774","BROWARD","'01/26/2000'","1","Ammonia_plus_Ammonium",0.092,"mg/l",NA,NA,NA
"600","...130796","BROWARD","'01/26/2000'","7","Ammonia_plus_Ammonium",NA,"mg/l",NA,NA,NA
"601","...130798","BROWARD","'01/26/2000'","7","Ammonia_plus_Ammonium",NA,"mg/l",NA,NA,NA
"602","...130803","BROWARD","'01/26/2000'","4","Ammonia_plus_Ammonium",0.384,"mg/l",NA,NA,NA
"603","...130818","BROWARD","'10/26/1999'","33","Ammonia_plus_Ammonium",0.129,"mg/l",NA,NA,NA
"604","...130830","BROWARD","'10/26/1999'","90","Ammonia_plus_Ammonium",0.279,"mg/l",NA,NA,NA
"605","...130837","BROWARD","'10/26/1999'","36","Ammonia_plus_Ammonium",0.092,"mg/l",NA,NA,NA
"606","...130850","BROWARD","'10/26/1999'","35","Ammonia_plus_Ammonium",0.047,"mg/l",NA,NA,NA
"607","...130867","BROWARD","'10/26/1999'","24","Ammonia_plus_Ammonium",0.26,"mg/l",NA,NA,NA
"608","...130879","BROWARD","'10/26/1999'","31","Ammonia_plus_Ammonium",0.331,"mg/l",NA,NA,NA
"609","...130889","BROWARD","'10/26/1999'","49","Ammonia_plus_Ammonium",0.158,"mg/l",NA,NA,NA
"610","...130898","BROWARD","'10/26/1999'","32","Ammonia_plus_Ammonium",0.248,"mg/l",NA,NA,NA
"611","...130911","BROWARD","'10/26/1999'","28","Ammonia_plus_Ammonium",0.519,"mg/l",NA,NA,NA
"612","...130917","BROWARD","'10/26/1999'","27","Ammonia_plus_Ammonium",0.982,"mg/l",NA,NA,NA
"613","...130932","BROWARD","'10/26/1999'","26","Ammonia_plus_Ammonium",0.498,"mg/l",NA,NA,NA
"614","...130939","BROWARD","'10/26/1999'","25","Ammonia_plus_Ammonium",0.406,"mg/l",NA,NA,NA
"615","...130957","BROWARD","'10/26/1999'","29","Ammonia_plus_Ammonium",0.416,"mg/l",NA,NA,NA
"616","...130961","BROWARD","'10/26/1999'","23","Ammonia_plus_Ammonium",0.057,"mg/l",NA,NA,NA
"617","...130986","BROWARD","'10/26/1999'","16","Ammonia_plus_Ammonium",0.224,"mg/l",NA,NA,NA
"618","...130989","BROWARD","'10/26/1999'","16","Ammonia_plus_Ammonium",0.23,"mg/l",NA,NA,NA
"619","...130998","BROWARD","'10/26/1999'","15","Ammonia_plus_Ammonium",0.085,"mg/l",NA,NA,NA
"620","...131002","BROWARD","'10/26/1999'","34","Ammonia_plus_Ammonium",0.031,"mg/l",NA,NA,NA
"621","...131014","BROWARD","'10/26/1999'","22","Ammonia_plus_Ammonium",0.68,"mg/l",NA,NA,NA
"622","...131030","BROWARD","'10/26/1999'","21","Ammonia_plus_Ammonium",0.314,"mg/l",NA,NA,NA
"623","...131039","BROWARD","'10/26/1999'","20","Ammonia_plus_Ammonium",0.203,"mg/l",NA,NA,NA
"624","...131050","BROWARD","'10/26/1999'","37","Ammonia_plus_Ammonium",0.106,"mg/l",NA,NA,NA
"625","...131063","BROWARD","'10/26/1999'","37","Ammonia_plus_Ammonium",0.085,"mg/l",NA,NA,NA
"626","...131075","BROWARD","'10/26/1999'","19","Ammonia_plus_Ammonium",0.175,"mg/l",NA,NA,NA
"627","...131089","BROWARD","'10/26/1999'","18","Ammonia_plus_Ammonium",0.128,"mg/l",NA,NA,NA
"628","...131095","BROWARD","'10/26/1999'","17","Ammonia_plus_Ammonium",0.09,"mg/l",NA,NA,NA
"629","...131103","BROWARD","'10/25/1999'","110","Ammonia_plus_Ammonium",0.384,"mg/l",NA,NA,NA
"630","...131114","BROWARD","'10/25/1999'","109","Ammonia_plus_Ammonium",0.069,"mg/l",NA,NA,NA
"631","...131130","BROWARD","'10/25/1999'","3","Ammonia_plus_Ammonium",0.198,"mg/l",NA,NA,NA
"632","...131135","BROWARD","'10/25/1999'","2","Ammonia_plus_Ammonium",0.198,"mg/l",NA,NA,NA
"633","...131154","BROWARD","'10/25/1999'","47","Ammonia_plus_Ammonium",0.04,"mg/l",NA,NA,NA
"634","...131164","BROWARD","'10/25/1999'","41","Ammonia_plus_Ammonium",0.015,"mg/l",NA,NA,NA
"635","...131173","BROWARD","'10/25/1999'","40","Ammonia_plus_Ammonium",0.015,"mg/l",NA,NA,NA
"636","...131179","BROWARD","'10/25/1999'","38","Ammonia_plus_Ammonium",0.055,"mg/l",NA,NA,NA
"637","...131183","BROWARD","'10/25/1999'","38","Ammonia_plus_Ammonium",0.065,"mg/l",NA,NA,NA
"638","...131204","BROWARD","'10/25/1999'","6","Ammonia_plus_Ammonium",0.153,"mg/l",NA,NA,NA
"639","...131210","BROWARD","'10/25/1999'","5","Ammonia_plus_Ammonium",0.105,"mg/l",NA,NA,NA
"640","...131221","BROWARD","'10/25/1999'","39","Ammonia_plus_Ammonium",0.086,"mg/l",NA,NA,NA
"641","...131238","BROWARD","'10/25/1999'","10","Ammonia_plus_Ammonium",0.081,"mg/l",NA,NA,NA
"642","...131252","BROWARD","'10/25/1999'","14","Ammonia_plus_Ammonium",0.353,"mg/l",NA,NA,NA
"643","...131256","BROWARD","'10/25/1999'","13","Ammonia_plus_Ammonium",0.241,"mg/l",NA,NA,NA
"644","...131263","BROWARD","'10/25/1999'","13","Ammonia_plus_Ammonium",0.245,"mg/l",NA,NA,NA
"645","...131280","BROWARD","'10/25/1999'","12","Ammonia_plus_Ammonium",0.156,"mg/l",NA,NA,NA
"646","...131294","BROWARD","'10/25/1999'","89","Ammonia_plus_Ammonium",0.069,"mg/l",NA,NA,NA
"647","...131300","BROWARD","'10/25/1999'","1","Ammonia_plus_Ammonium",0.092,"mg/l",NA,NA,NA
"648","...131316","BROWARD","'10/25/1999'","7","Ammonia_plus_Ammonium",0.104,"mg/l",NA,NA,NA
"649","...131318","BROWARD","'10/25/1999'","7","Ammonia_plus_Ammonium",0.104,"mg/l",NA,NA,NA
"650","...131334","BROWARD","'10/25/1999'","11","Ammonia_plus_Ammonium",0.095,"mg/l",NA,NA,NA
"651","...131343","BROWARD","'10/25/1999'","4","Ammonia_plus_Ammonium",0.156,"mg/l",NA,NA,NA
"652","...131360","BROWARD","'07/21/1999'","90","Ammonia_plus_Ammonium",0.098,"mg/l",NA,NA,NA
"653","...131369","BROWARD","'07/21/1999'","47","Ammonia_plus_Ammonium",0.038,"mg/l",NA,NA,NA
"654","...131375","BROWARD","'07/21/1999'","41","Ammonia_plus_Ammonium",0.015,"mg/l",NA,NA,NA
"655","...131388","BROWARD","'07/21/1999'","41","Ammonia_plus_Ammonium",0.015,"mg/l",NA,NA,NA
"656","...131402","BROWARD","'07/21/1999'","40","Ammonia_plus_Ammonium",0.015,"mg/l",NA,NA,NA
"657","...131409","BROWARD","'07/21/1999'","38","Ammonia_plus_Ammonium",0.02,"mg/l",NA,NA,NA
"658","...131426","BROWARD","'07/21/1999'","49","Ammonia_plus_Ammonium",0.031,"mg/l",NA,NA,NA
"659","...131432","BROWARD","'07/21/1999'","39","Ammonia_plus_Ammonium",0.015,"mg/l",NA,NA,NA
"660","...131439","BROWARD","'07/21/1999'","29","Ammonia_plus_Ammonium",0.156,"mg/l",NA,NA,NA
"661","...131455","BROWARD","'07/21/1999'","14","Ammonia_plus_Ammonium",0.163,"mg/l",NA,NA,NA
"662","...131476","BROWARD","'07/21/1999'","13","Ammonia_plus_Ammonium",0.12,"mg/l",NA,NA,NA
"663","...131478","BROWARD","'07/21/1999'","13","Ammonia_plus_Ammonium",0.121,"mg/l",NA,NA,NA
"664","...131492","BROWARD","'07/21/1999'","12","Ammonia_plus_Ammonium",0.038,"mg/l",NA,NA,NA
"665","...131501","BROWARD","'07/21/1999'","89","Ammonia_plus_Ammonium",0.024,"mg/l",NA,NA,NA
"666","...131506","BROWARD","'07/21/1999'","23","Ammonia_plus_Ammonium",0.069,"mg/l",NA,NA,NA
"667","...131524","BROWARD","'07/21/1999'","16","Ammonia_plus_Ammonium",0.021,"mg/l",NA,NA,NA
"668","...131527","BROWARD","'07/21/1999'","16","Ammonia_plus_Ammonium",0.033,"mg/l",NA,NA,NA
"669","...131543","BROWARD","'07/21/1999'","15","Ammonia_plus_Ammonium",0.069,"mg/l",NA,NA,NA
"670","...131556","BROWARD","'07/21/1999'","22","Ammonia_plus_Ammonium",0.253,"mg/l",NA,NA,NA
"671","...131570","BROWARD","'07/21/1999'","21","Ammonia_plus_Ammonium",0.036,"mg/l",NA,NA,NA
"672","...131572","BROWARD","'07/21/1999'","20","Ammonia_plus_Ammonium",0.08,"mg/l",NA,NA,NA
"673","...131586","BROWARD","'07/21/1999'","11","Ammonia_plus_Ammonium",0.067,"mg/l",NA,NA,NA
"674","...131602","BROWARD","'07/21/1999'","19","Ammonia_plus_Ammonium",0.088,"mg/l",NA,NA,NA
"675","...131610","BROWARD","'07/21/1999'","18","Ammonia_plus_Ammonium",0.048,"mg/l",NA,NA,NA
"676","...131622","BROWARD","'07/21/1999'","17","Ammonia_plus_Ammonium",0.061,"mg/l",NA,NA,NA
"677","...131628","BROWARD","'07/20/1999'","33","Ammonia_plus_Ammonium",0.046,"mg/l",NA,NA,NA
"678","...131631","BROWARD","'07/20/1999'","33","Ammonia_plus_Ammonium",0.055,"mg/l",NA,NA,NA
"679","...131654","BROWARD","'07/20/1999'","110","Ammonia_plus_Ammonium",0.114,"mg/l",NA,NA,NA
"680","...131667","BROWARD","'07/20/1999'","109","Ammonia_plus_Ammonium",0.032,"mg/l",NA,NA,NA
"681","...131672","BROWARD","'07/20/1999'","3","Ammonia_plus_Ammonium",0.089,"mg/l",NA,NA,NA
"682","...131682","BROWARD","'07/20/1999'","2","Ammonia_plus_Ammonium",0.075,"mg/l",NA,NA,NA
"683","...131699","BROWARD","'07/20/1999'","6","Ammonia_plus_Ammonium",0.069,"mg/l",NA,NA,NA
"684","...131703","BROWARD","'07/20/1999'","5","Ammonia_plus_Ammonium",0.067,"mg/l",NA,NA,NA
"685","...131717","BROWARD","'07/20/1999'","36","Ammonia_plus_Ammonium",0.015,"mg/l",NA,NA,NA
"686","...131731","BROWARD","'07/20/1999'","35","Ammonia_plus_Ammonium",0.015,"mg/l",NA,NA,NA
"687","...131738","BROWARD","'07/20/1999'","24","Ammonia_plus_Ammonium",0.04,"mg/l",NA,NA,NA
"688","...131757","BROWARD","'07/20/1999'","31","Ammonia_plus_Ammonium",0.189,"mg/l",NA,NA,NA
"689","...131764","BROWARD","'07/20/1999'","32","Ammonia_plus_Ammonium",0.16,"mg/l",NA,NA,NA
"690","...131769","BROWARD","'07/20/1999'","28","Ammonia_plus_Ammonium",0.024,"mg/l",NA,NA,NA
"691","...131788","BROWARD","'07/20/1999'","27","Ammonia_plus_Ammonium",0.045,"mg/l",NA,NA,NA
"692","...131794","BROWARD","'07/20/1999'","26","Ammonia_plus_Ammonium",0.088,"mg/l",NA,NA,NA
"693","...131812","BROWARD","'07/20/1999'","25","Ammonia_plus_Ammonium",0.179,"mg/l",NA,NA,NA
"694","...131817","BROWARD","'07/20/1999'","10","Ammonia_plus_Ammonium",0.054,"mg/l",NA,NA,NA
"695","...131826","BROWARD","'07/20/1999'","1","Ammonia_plus_Ammonium",0.041,"mg/l",NA,NA,NA
"696","...131839","BROWARD","'07/20/1999'","7","Ammonia_plus_Ammonium",0.024,"mg/l",NA,NA,NA
"697","...131854","BROWARD","'07/20/1999'","7","Ammonia_plus_Ammonium",0.031,"mg/l",NA,NA,NA
"698","...131856","BROWARD","'07/20/1999'","34","Ammonia_plus_Ammonium",0.015,"mg/l",NA,NA,NA
"699","...131868","BROWARD","'07/20/1999'","37","Ammonia_plus_Ammonium",0.015,"mg/l",NA,NA,NA
"700","...131885","BROWARD","'07/20/1999'","4","Ammonia_plus_Ammonium",0.032,"mg/l",NA,NA,NA
"701","...131900","BROWARD","'04/14/1999'","90","Ammonia_plus_Ammonium",0.028,"mg/l",NA,NA,NA
"702","...131909","BROWARD","'04/14/1999'","47","Ammonia_plus_Ammonium",0.016,"mg/l",NA,NA,NA
"703","...131931","BROWARD","'04/14/1999'","41","Ammonia_plus_Ammonium",0.03,"mg/l",NA,NA,NA
"704","...131933","BROWARD","'04/14/1999'","41","Ammonia_plus_Ammonium",0.025,"mg/l",NA,NA,NA
"705","...131935","BROWARD","'04/14/1999'","40","Ammonia_plus_Ammonium",0.028,"mg/l",NA,NA,NA
"706","...131952","BROWARD","'04/14/1999'","38","Ammonia_plus_Ammonium",0.024,"mg/l",NA,NA,NA
"707","...131965","BROWARD","'04/14/1999'","24","Ammonia_plus_Ammonium",0.034,"mg/l",NA,NA,NA
"708","...131968","BROWARD","'04/14/1999'","31","Ammonia_plus_Ammonium",0.181,"mg/l",NA,NA,NA
"709","...131984","BROWARD","'04/14/1999'","49","Ammonia_plus_Ammonium",0.049,"mg/l",NA,NA,NA
"710","...131998","BROWARD","'04/14/1999'","39","Ammonia_plus_Ammonium",0.025,"mg/l",NA,NA,NA
"711","...132003","BROWARD","'04/14/1999'","32","Ammonia_plus_Ammonium",0.214,"mg/l",NA,NA,NA
"712","...132021","BROWARD","'04/14/1999'","28","Ammonia_plus_Ammonium",0.285,"mg/l",NA,NA,NA
"713","...132024","BROWARD","'04/14/1999'","27","Ammonia_plus_Ammonium",0.071,"mg/l",NA,NA,NA
"714","...132035","BROWARD","'04/14/1999'","26","Ammonia_plus_Ammonium",0.031,"mg/l",NA,NA,NA
"715","...132048","BROWARD","'04/14/1999'","25","Ammonia_plus_Ammonium",0.033,"mg/l",NA,NA,NA
"716","...132058","BROWARD","'04/14/1999'","29","Ammonia_plus_Ammonium",0.041,"mg/l",NA,NA,NA
"717","...132069","BROWARD","'04/14/1999'","23","Ammonia_plus_Ammonium",0.488,"mg/l",NA,NA,NA
"718","...132095","BROWARD","'04/14/1999'","16","Ammonia_plus_Ammonium",0.016,"mg/l",NA,NA,NA
"719","...132096","BROWARD","'04/14/1999'","16","Ammonia_plus_Ammonium",0.015,"mg/l",NA,NA,NA
"720","...132103","BROWARD","'04/14/1999'","15","Ammonia_plus_Ammonium",0.036,"mg/l",NA,NA,NA
"721","...132119","BROWARD","'04/14/1999'","22","Ammonia_plus_Ammonium",0.059,"mg/l",NA,NA,NA
"722","...132125","BROWARD","'04/14/1999'","21","Ammonia_plus_Ammonium",0.046,"mg/l",NA,NA,NA
"723","...132132","BROWARD","'04/14/1999'","20","Ammonia_plus_Ammonium",0.036,"mg/l",NA,NA,NA
"724","...132152","BROWARD","'04/14/1999'","19","Ammonia_plus_Ammonium",0.035,"mg/l",NA,NA,NA
"725","...132163","BROWARD","'04/14/1999'","18","Ammonia_plus_Ammonium",0.039,"mg/l",NA,NA,NA
"726","...132172","BROWARD","'04/14/1999'","17","Ammonia_plus_Ammonium",0.024,"mg/l",NA,NA,NA
"727","...132180","BROWARD","'04/13/1999'","33","Ammonia_plus_Ammonium",0.02,"mg/l",NA,NA,NA
"728","...132189","BROWARD","'04/13/1999'","33","Ammonia_plus_Ammonium",0.023,"mg/l",NA,NA,NA
"729","...132205","BROWARD","'04/13/1999'","110","Ammonia_plus_Ammonium",0.129,"mg/l",NA,NA,NA
"730","...132210","BROWARD","'04/13/1999'","109","Ammonia_plus_Ammonium",0.053,"mg/l",NA,NA,NA
"731","...132229","BROWARD","'04/13/1999'","3","Ammonia_plus_Ammonium",0.067,"mg/l",NA,NA,NA
"732","...132235","BROWARD","'04/13/1999'","2","Ammonia_plus_Ammonium",0.038,"mg/l",NA,NA,NA
"733","...132242","BROWARD","'04/13/1999'","6","Ammonia_plus_Ammonium",0.035,"mg/l",NA,NA,NA
"734","...132262","BROWARD","'04/13/1999'","5","Ammonia_plus_Ammonium",0.035,"mg/l",NA,NA,NA
"735","...132268","BROWARD","'04/13/1999'","36","Ammonia_plus_Ammonium",0.031,"mg/l",NA,NA,NA
"736","...132279","BROWARD","'04/13/1999'","35","Ammonia_plus_Ammonium",0.021,"mg/l",NA,NA,NA
"737","...132296","BROWARD","'04/13/1999'","10","Ammonia_plus_Ammonium",0.044,"mg/l",NA,NA,NA
"738","...132306","BROWARD","'04/13/1999'","14","Ammonia_plus_Ammonium",0.043,"mg/l",NA,NA,NA
"739","...132322","BROWARD","'04/13/1999'","13","Ammonia_plus_Ammonium",0.063,"mg/l",NA,NA,NA
"740","...132325","BROWARD","'04/13/1999'","13","Ammonia_plus_Ammonium",0.081,"mg/l",NA,NA,NA
"741","...132338","BROWARD","'04/13/1999'","12","Ammonia_plus_Ammonium",0.027,"mg/l",NA,NA,NA
"742","...132344","BROWARD","'04/13/1999'","89","Ammonia_plus_Ammonium",0.029,"mg/l",NA,NA,NA
"743","...132353","BROWARD","'04/13/1999'","1","Ammonia_plus_Ammonium",0.016,"mg/l",NA,NA,NA
"744","...132380","BROWARD","'04/13/1999'","7","Ammonia_plus_Ammonium",0.042,"mg/l",NA,NA,NA
"745","...132382","BROWARD","'04/13/1999'","7","Ammonia_plus_Ammonium",0.041,"mg/l",NA,NA,NA
"746","...132391","BROWARD","'04/13/1999'","34","Ammonia_plus_Ammonium",0.019,"mg/l",NA,NA,NA
"747","...132406","BROWARD","'04/13/1999'","37","Ammonia_plus_Ammonium",0.026,"mg/l",NA,NA,NA
"748","...132407","BROWARD","'04/13/1999'","11","Ammonia_plus_Ammonium",0.019,"mg/l",NA,NA,NA
"749","...132418","BROWARD","'04/13/1999'","4","Ammonia_plus_Ammonium",0.064,"mg/l",NA,NA,NA
"750","...132433","BROWARD","'01/27/1999'","90","Ammonia_plus_Ammonium",0.044,"mg/l",NA,NA,NA
"751","...132441","BROWARD","'01/27/1999'","47","Ammonia_plus_Ammonium",0.046,"mg/l",NA,NA,NA
"752","...132451","BROWARD","'01/27/1999'","41","Ammonia_plus_Ammonium",0.033,"mg/l",NA,NA,NA
"753","...132455","BROWARD","'01/27/1999'","41","Ammonia_plus_Ammonium",0.043,"mg/l",NA,NA,NA
"754","...132477","BROWARD","'01/27/1999'","40","Ammonia_plus_Ammonium",0.023,"mg/l",NA,NA,NA
"755","...132485","BROWARD","'01/27/1999'","38","Ammonia_plus_Ammonium",0.033,"mg/l",NA,NA,NA
"756","...132495","BROWARD","'01/27/1999'","24","Ammonia_plus_Ammonium",0.087,"mg/l",NA,NA,NA
"757","...132509","BROWARD","'01/27/1999'","31","Ammonia_plus_Ammonium",0.217,"mg/l",NA,NA,NA
"758","...132525","BROWARD","'01/27/1999'","49","Ammonia_plus_Ammonium",0.044,"mg/l",NA,NA,NA
"759","...132538","BROWARD","'01/27/1999'","39","Ammonia_plus_Ammonium",0.023,"mg/l",NA,NA,NA
"760","...132544","BROWARD","'01/27/1999'","32","Ammonia_plus_Ammonium",0.234,"mg/l",NA,NA,NA
"761","...132554","BROWARD","'01/27/1999'","28","Ammonia_plus_Ammonium",0.071,"mg/l",NA,NA,NA
"762","...132562","BROWARD","'01/27/1999'","27","Ammonia_plus_Ammonium",0.048,"mg/l",NA,NA,NA
"763","...132574","BROWARD","'01/27/1999'","26","Ammonia_plus_Ammonium",0.19,"mg/l",NA,NA,NA
"764","...132583","BROWARD","'01/27/1999'","25","Ammonia_plus_Ammonium",0.167,"mg/l",NA,NA,NA
"765","...132600","BROWARD","'01/27/1999'","29","Ammonia_plus_Ammonium",0.504,"mg/l",NA,NA,NA
"766","...132607","BROWARD","'01/27/1999'","23","Ammonia_plus_Ammonium",0.089,"mg/l",NA,NA,NA
"767","...132621","BROWARD","'01/27/1999'","16","Ammonia_plus_Ammonium",0.016,"mg/l",NA,NA,NA
"768","...132636","BROWARD","'01/27/1999'","16","Ammonia_plus_Ammonium",0.015,"mg/l",NA,NA,NA
"769","...132643","BROWARD","'01/27/1999'","15","Ammonia_plus_Ammonium",0.07,"mg/l",NA,NA,NA
"770","...132658","BROWARD","'01/27/1999'","22","Ammonia_plus_Ammonium",0.178,"mg/l",NA,NA,NA
"771","...132667","BROWARD","'01/27/1999'","21","Ammonia_plus_Ammonium",0.146,"mg/l",NA,NA,NA
"772","...132679","BROWARD","'01/27/1999'","20","Ammonia_plus_Ammonium",0.132,"mg/l",NA,NA,NA
"773","...132688","BROWARD","'01/27/1999'","19","Ammonia_plus_Ammonium",0.069,"mg/l",NA,NA,NA
"774","...132698","BROWARD","'01/27/1999'","18","Ammonia_plus_Ammonium",0.03,"mg/l",NA,NA,NA
"775","...132711","BROWARD","'01/27/1999'","17","Ammonia_plus_Ammonium",0.033,"mg/l",NA,NA,NA
"776","...132717","BROWARD","'01/26/1999'","4","Ammonia_plus_Ammonium",0.024,"mg/l",NA,NA,NA
"777","...132733","BROWARD","'01/26/1999'","11","Ammonia_plus_Ammonium",0.11,"mg/l",NA,NA,NA
"778","...132740","BROWARD","'01/26/1999'","37","Ammonia_plus_Ammonium",0.048,"mg/l",NA,NA,NA
"779","...132756","BROWARD","'01/26/1999'","34","Ammonia_plus_Ammonium",0.057,"mg/l",NA,NA,NA
"780","...132767","BROWARD","'01/26/1999'","7","Ammonia_plus_Ammonium",0.056,"mg/l",NA,NA,NA
"781","...132779","BROWARD","'01/26/1999'","7","Ammonia_plus_Ammonium",0.057,"mg/l",NA,NA,NA
"782","...132781","BROWARD","'01/26/1999'","1","Ammonia_plus_Ammonium",0.115,"mg/l",NA,NA,NA
"783","...132791","BROWARD","'01/26/1999'","89","Ammonia_plus_Ammonium",0.075,"mg/l",NA,NA,NA
"784","...132810","BROWARD","'01/26/1999'","12","Ammonia_plus_Ammonium",0.124,"mg/l",NA,NA,NA
"785","...132822","BROWARD","'01/26/1999'","13","Ammonia_plus_Ammonium",0.149,"mg/l",NA,NA,NA
"786","...132823","BROWARD","'01/26/1999'","13","Ammonia_plus_Ammonium",0.133,"mg/l",NA,NA,NA
"787","...132837","BROWARD","'01/26/1999'","14","Ammonia_plus_Ammonium",0.181,"mg/l",NA,NA,NA
"788","...132848","BROWARD","'01/26/1999'","10","Ammonia_plus_Ammonium",0.059,"mg/l",NA,NA,NA
"789","...132857","BROWARD","'01/26/1999'","35","Ammonia_plus_Ammonium",0.055,"mg/l",NA,NA,NA
"790","...132875","BROWARD","'01/26/1999'","36","Ammonia_plus_Ammonium",0.053,"mg/l",NA,NA,NA
"791","...132886","BROWARD","'01/26/1999'","5","Ammonia_plus_Ammonium",0.081,"mg/l",NA,NA,NA
"792","...132894","BROWARD","'01/26/1999'","6","Ammonia_plus_Ammonium",0.054,"mg/l",NA,NA,NA
"793","...132903","BROWARD","'01/26/1999'","2","Ammonia_plus_Ammonium",0.093,"mg/l",NA,NA,NA
"794","...132920","BROWARD","'01/26/1999'","3","Ammonia_plus_Ammonium",0.06,"mg/l",NA,NA,NA
"795","...132929","BROWARD","'01/26/1999'","109","Ammonia_plus_Ammonium",0.073,"mg/l",NA,NA,NA
"796","...132944","BROWARD","'01/26/1999'","110","Ammonia_plus_Ammonium",0.059,"mg/l",NA,NA,NA
"797","...132954","BROWARD","'01/26/1999'","33","Ammonia_plus_Ammonium",0.113,"mg/l",NA,NA,NA
"798","...132964","BROWARD","'01/26/1999'","33","Ammonia_plus_Ammonium",0.083,"mg/l",NA,NA,NA
"799","...132975","BROWARD","'11/28/2012'","10","Ammonia_plus_Ammonium",0.017,"mg/l",NA,NA,0.5
"800","...132986","BROWARD","'11/28/2012'","21","Ammonia_plus_Ammonium",0.208,"mg/l",NA,NA,0.5
"801","...132989","BROWARD","'11/28/2012'","20","Ammonia_plus_Ammonium",NA,"",NA,NA,0.5
"802","...133003","BROWARD","'11/28/2012'","49","Ammonia_plus_Ammonium",NA,"",NA,NA,0.5
"803","...133016","BROWARD","'11/28/2012'","111","Ammonia_plus_Ammonium",0.037,"mg/l",NA,NA,0.5
"804","...133025","BROWARD","'11/28/2012'","90","Ammonia_plus_Ammonium",NA,"",NA,NA,0.5
"805","...133035","BROWARD","'11/28/2012'","90","Ammonia_plus_Ammonium",NA,"",NA,NA,0.5
"806","...133046","BROWARD","'11/28/2012'","112","Ammonia_plus_Ammonium",0.026,"mg/l",NA,NA,0.5
"807","...133055","BROWARD","'11/28/2012'","38","Ammonia_plus_Ammonium",NA,"",NA,NA,0.5
"808","...133071","BROWARD","'11/28/2012'","17","Ammonia_plus_Ammonium",NA,"",NA,NA,0.5
"809","...133086","BROWARD","'11/28/2012'","5","Ammonia_plus_Ammonium",NA,"",NA,NA,0.5
"810","...133096","BROWARD","'11/28/2012'","64","Ammonia_plus_Ammonium",0.122,"mg/l",NA,NA,0.5
"811","...133104","BROWARD","'11/28/2012'","39","Ammonia_plus_Ammonium",NA,"",NA,NA,0.5
"812","...133115","BROWARD","'11/28/2012'","6","Ammonia_plus_Ammonium",0.022,"mg/l",NA,NA,0.5
"813","...133125","BROWARD","'11/28/2012'","40","Ammonia_plus_Ammonium",NA,"",NA,NA,0.5
"814","...133141","BROWARD","'11/28/2012'","16","Ammonia_plus_Ammonium",0.063,"mg/l",NA,NA,0.5
"815","...133151","BROWARD","'11/28/2012'","7","Ammonia_plus_Ammonium",NA,"",NA,NA,0.5
"816","...133156","BROWARD","'11/28/2012'","40","Ammonia_plus_Ammonium",NA,"",NA,NA,0.5
"817","...133168","BROWARD","'11/28/2012'","11","Ammonia_plus_Ammonium",0.018,"mg/l",NA,NA,0.5
"818","...133177","BROWARD","'11/28/2012'","15","Ammonia_plus_Ammonium",NA,"",NA,NA,0.5
"819","...133190","BROWARD","'11/28/2012'","11","Ammonia_plus_Ammonium",0.036,"mg/l",NA,NA,0.5
"820","...133200","BROWARD","'11/28/2012'","41","Ammonia_plus_Ammonium",NA,"",NA,NA,0.5
"821","...133211","BROWARD","'11/28/2012'","12","Ammonia_plus_Ammonium",0.11,"mg/l",NA,NA,0.5
"822","...133222","BROWARD","'11/28/2012'","19","Ammonia_plus_Ammonium",NA,"",NA,NA,0.5
"823","...133236","BROWARD","'11/28/2012'","14","Ammonia_plus_Ammonium",0.406,"mg/l",NA,NA,0.5
"824","...133248","BROWARD","'11/27/2012'","22","Ammonia_plus_Ammonium",0.425,"mg/l",NA,NA,0.5
"825","...133261","BROWARD","'11/27/2012'","28","Ammonia_plus_Ammonium",0.343,"mg/l",NA,NA,0.5
"826","...133269","BROWARD","'11/27/2012'","31","Ammonia_plus_Ammonium",0.19,"mg/l",NA,NA,0.5
"827","...133282","BROWARD","'11/27/2012'","25","Ammonia_plus_Ammonium",0.03,"mg/l",NA,NA,0.5
"828","...133290","BROWARD","'11/27/2012'","32","Ammonia_plus_Ammonium",0.196,"mg/l",NA,NA,0.5
"829","...133301","BROWARD","'11/27/2012'","24","Ammonia_plus_Ammonium",NA,"",NA,NA,0.5
"830","...133311","BROWARD","'11/27/2012'","29","Ammonia_plus_Ammonium",0.349,"mg/l",NA,NA,0.5
"831","...133319","BROWARD","'11/27/2012'","26","Ammonia_plus_Ammonium",0.017,"mg/l",NA,NA,0.5
"832","...133331","BROWARD","'11/27/2012'","27","Ammonia_plus_Ammonium",0.056,"mg/l",NA,NA,0.5
"833","...133344","BROWARD","'11/27/2012'","23","Ammonia_plus_Ammonium",0.158,"mg/l",NA,NA,0.5
"834","...133354","BROWARD","'11/27/2012'","27","Ammonia_plus_Ammonium",0.047,"mg/l",NA,NA,0.5
"835","...133370","BROWARD","'11/27/2012'","23","Ammonia_plus_Ammonium",0.169,"mg/l",NA,NA,0.5
"836","...133375","BROWARD","'11/26/2012'","8","Ammonia_plus_Ammonium",NA,"",NA,NA,0.5
"837","...133395","BROWARD","'11/26/2012'","89","Ammonia_plus_Ammonium",NA,"",NA,NA,0.5
"838","...133397","BROWARD","'11/26/2012'","37","Ammonia_plus_Ammonium",NA,"",NA,NA,0.5
"839","...133413","BROWARD","'11/26/2012'","4","Ammonia_plus_Ammonium",0.721,"mg/l",NA,NA,0.5
"840","...133428","BROWARD","'11/26/2012'","4","Ammonia_plus_Ammonium",0.734,"mg/l",NA,NA,0.5
"841","...133433","BROWARD","'11/26/2012'","36","Ammonia_plus_Ammonium",NA,"",NA,NA,0.5
"842","...133447","BROWARD","'11/26/2012'","35","Ammonia_plus_Ammonium",0.018,"mg/l",NA,NA,0.5
"843","...133457","BROWARD","'11/26/2012'","3","Ammonia_plus_Ammonium",0.098,"mg/l",NA,NA,0.5
"844","...133472","BROWARD","'11/26/2012'","35","Ammonia_plus_Ammonium",0.018,"mg/l",NA,NA,0.5
"845","...133475","BROWARD","'11/26/2012'","34","Ammonia_plus_Ammonium",NA,"",NA,NA,0.5
"846","...133490","BROWARD","'11/26/2012'","2","Ammonia_plus_Ammonium",0.034,"mg/l",NA,NA,0.5
"847","...133502","BROWARD","'11/26/2012'","33","Ammonia_plus_Ammonium",0.023,"mg/l",NA,NA,0.5
"848","...133507","BROWARD","'11/26/2012'","1","Ammonia_plus_Ammonium",0.037,"mg/l",NA,NA,0.5
"849","...133519","BROWARD","'11/26/2012'","110","Ammonia_plus_Ammonium",0.067,"mg/l",NA,NA,0.5
"850","...133531","BROWARD","'08/02/2012'","34","Ammonia_plus_Ammonium",NA,"",NA,NA,0.5
"851","...133540","BROWARD","'08/02/2012'","33","Ammonia_plus_Ammonium",NA,"",NA,NA,0.5
"852","...133557","BROWARD","'08/02/2012'","1","Ammonia_plus_Ammonium",NA,"",NA,NA,0.5
"853","...133566","BROWARD","'08/01/2012'","21","Ammonia_plus_Ammonium",0.308,"mg/l",NA,NA,0.5
"854","...133577","BROWARD","'08/01/2012'","20","Ammonia_plus_Ammonium",0.09,"mg/l",NA,NA,0.5
"855","...133588","BROWARD","'08/01/2012'","90","Ammonia_plus_Ammonium",0.051,"mg/l",NA,NA,0.5
"856","...133597","BROWARD","'08/01/2012'","10","Ammonia_plus_Ammonium",NA,"",NA,NA,0.5
"857","...133615","BROWARD","'08/01/2012'","90","Ammonia_plus_Ammonium",0.045,"mg/l",NA,NA,0.5
"858","...133623","BROWARD","'08/01/2012'","49","Ammonia_plus_Ammonium",NA,"",NA,NA,0.5
"859","...133627","BROWARD","'08/01/2012'","38","Ammonia_plus_Ammonium",NA,"",NA,NA,0.5
"860","...133641","BROWARD","'08/01/2012'","19","Ammonia_plus_Ammonium",0.02,"mg/l",NA,NA,0.5
"861","...133655","BROWARD","'08/01/2012'","25","Ammonia_plus_Ammonium",0.082,"mg/l",NA,NA,0.5
"862","...133671","BROWARD","'08/01/2012'","39","Ammonia_plus_Ammonium",NA,"",NA,NA,0.5
"863","...133675","BROWARD","'08/01/2012'","15","Ammonia_plus_Ammonium",NA,"",NA,NA,0.5
"864","...133683","BROWARD","'08/01/2012'","24","Ammonia_plus_Ammonium",0.016,"mg/l",NA,NA,0.5
"865","...133694","BROWARD","'08/01/2012'","40","Ammonia_plus_Ammonium",NA,"",NA,NA,0.5
"866","...133709","BROWARD","'08/01/2012'","26","Ammonia_plus_Ammonium",0.05,"mg/l",NA,NA,0.5
"867","...133715","BROWARD","'08/01/2012'","16","Ammonia_plus_Ammonium",0.035,"mg/l",NA,NA,0.5
"868","...133718","BROWARD","'08/01/2012'","40","Ammonia_plus_Ammonium",NA,"",NA,NA,0.5
"869","...133744","BROWARD","'08/01/2012'","27","Ammonia_plus_Ammonium",0.086,"mg/l",NA,NA,0.5
"870","...133755","BROWARD","'08/01/2012'","27","Ammonia_plus_Ammonium",0.114,"mg/l",NA,NA,0.5
"871","...133761","BROWARD","'08/01/2012'","41","Ammonia_plus_Ammonium",NA,"",NA,NA,0.5
"872","...133769","BROWARD","'08/01/2012'","64","Ammonia_plus_Ammonium",0.038,"mg/l",NA,NA,0.5
"873","...133784","BROWARD","'08/01/2012'","28","Ammonia_plus_Ammonium",0.043,"mg/l",NA,NA,0.5
"874","...133790","BROWARD","'08/01/2012'","17","Ammonia_plus_Ammonium",0.017,"mg/l",NA,NA,0.5
"875","...133801","BROWARD","'08/01/2012'","22","Ammonia_plus_Ammonium",0.43,"mg/l",NA,NA,0.5
"876","...133813","BROWARD","'07/31/2012'","31","Ammonia_plus_Ammonium",0.184,"mg/l",NA,NA,0.5
"877","...133832","BROWARD","'07/31/2012'","32","Ammonia_plus_Ammonium",0.177,"mg/l",NA,NA,0.5
"878","...133833","BROWARD","'07/31/2012'","29","Ammonia_plus_Ammonium",0.17,"mg/l",NA,NA,0.5
"879","...133853","BROWARD","'07/31/2012'","23","Ammonia_plus_Ammonium",0.135,"mg/l",NA,NA,0.5
"880","...133864","BROWARD","'07/31/2012'","23","Ammonia_plus_Ammonium",0.15,"mg/l",NA,NA,0.5
"881","...133866","BROWARD","'07/30/2012'","35","Ammonia_plus_Ammonium",NA,"",NA,NA,0.5
"882","...133882","BROWARD","'07/30/2012'","111","Ammonia_plus_Ammonium",NA,"",NA,NA,0.5
"883","...133897","BROWARD","'07/30/2012'","35","Ammonia_plus_Ammonium",NA,"",NA,NA,0.5
"884","...133907","BROWARD","'07/30/2012'","112","Ammonia_plus_Ammonium",0.024,"mg/l",NA,NA,0.5
"885","...133916","BROWARD","'07/30/2012'","8","Ammonia_plus_Ammonium",0.02,"mg/l",NA,NA,0.5
"886","...133929","BROWARD","'07/30/2012'","5","Ammonia_plus_Ammonium",NA,"",NA,NA,0.5
"887","...133942","BROWARD","'07/30/2012'","36","Ammonia_plus_Ammonium",NA,"",NA,NA,0.5
"888","...133945","BROWARD","'07/30/2012'","89","Ammonia_plus_Ammonium",NA,"",NA,NA,0.5
"889","...133962","BROWARD","'07/30/2012'","6","Ammonia_plus_Ammonium",NA,"",NA,NA,0.5
"890","...133968","BROWARD","'07/30/2012'","37","Ammonia_plus_Ammonium",NA,"",NA,NA,0.5
"891","...133983","BROWARD","'07/30/2012'","7","Ammonia_plus_Ammonium",NA,"",NA,NA,0.5
"892","...133988","BROWARD","'07/30/2012'","4","Ammonia_plus_Ammonium",0.152,"mg/l",NA,NA,0.5
"893","...134000","BROWARD","'07/30/2012'","4","Ammonia_plus_Ammonium",0.143,"mg/l",NA,NA,0.5
"894","...134011","BROWARD","'07/30/2012'","3","Ammonia_plus_Ammonium",0.022,"mg/l",NA,NA,0.5
"895","...134020","BROWARD","'07/30/2012'","11","Ammonia_plus_Ammonium",NA,"",NA,NA,0.5
"896","...134034","BROWARD","'07/30/2012'","11","Ammonia_plus_Ammonium",0.025,"mg/l",NA,NA,0.5
"897","...134044","BROWARD","'07/30/2012'","2","Ammonia_plus_Ammonium",NA,"",NA,NA,0.5
"898","...134055","BROWARD","'07/30/2012'","12","Ammonia_plus_Ammonium",0.073,"mg/l",NA,NA,0.5
"899","...134073","BROWARD","'07/30/2012'","110","Ammonia_plus_Ammonium",NA,"",NA,NA,0.5
"900","...134082","BROWARD","'07/30/2012'","14","Ammonia_plus_Ammonium",0.111,"mg/l",NA,NA,0.5
"901","...134092","BROWARD","'04/25/2012'","20","Ammonia_plus_Ammonium",0.022,"mg/l",NA,NA,0.5
"902","...134097","BROWARD","'04/25/2012'","10","Ammonia_plus_Ammonium",NA,"",NA,NA,0.5
"903","...134104","BROWARD","'04/25/2012'","90","Ammonia_plus_Ammonium",0.025,"mg/l",NA,NA,0.5
"904","...134119","BROWARD","'04/25/2012'","90","Ammonia_plus_Ammonium",0.028,"mg/l",NA,NA,0.5
"905","...134136","BROWARD","'04/25/2012'","49","Ammonia_plus_Ammonium",NA,"",NA,NA,0.5
"906","...134150","BROWARD","'04/25/2012'","38","Ammonia_plus_Ammonium",NA,"",NA,NA,0.5
"907","...134158","BROWARD","'04/25/2012'","19","Ammonia_plus_Ammonium",0.037,"mg/l",NA,NA,0.5
"908","...134163","BROWARD","'04/25/2012'","25","Ammonia_plus_Ammonium",0.265,"mg/l",NA,NA,0.5
"909","...134178","BROWARD","'04/25/2012'","39","Ammonia_plus_Ammonium",NA,"",NA,NA,0.5
"910","...134188","BROWARD","'04/25/2012'","24","Ammonia_plus_Ammonium",0.051,"mg/l",NA,NA,0.5
"911","...134200","BROWARD","'04/25/2012'","15","Ammonia_plus_Ammonium",NA,"",NA,NA,0.5
"912","...134208","BROWARD","'04/25/2012'","16","Ammonia_plus_Ammonium",NA,"",NA,NA,0.5
"913","...134220","BROWARD","'04/25/2012'","26","Ammonia_plus_Ammonium",0.138,"mg/l",NA,NA,0.5
"914","...134230","BROWARD","'04/25/2012'","40","Ammonia_plus_Ammonium",NA,"",NA,NA,0.5
"915","...134247","BROWARD","'04/25/2012'","40","Ammonia_plus_Ammonium",NA,"",NA,NA,0.5
"916","...134258","BROWARD","'04/25/2012'","27","Ammonia_plus_Ammonium",NA,"",NA,NA,0.5
"917","...134263","BROWARD","'04/25/2012'","27","Ammonia_plus_Ammonium",NA,"",NA,NA,0.5
"918","...134273","BROWARD","'04/25/2012'","64","Ammonia_plus_Ammonium",0.063,"mg/l",NA,NA,0.5
"919","...134283","BROWARD","'04/25/2012'","17","Ammonia_plus_Ammonium",NA,"",NA,NA,0.5
"920","...134293","BROWARD","'04/25/2012'","41","Ammonia_plus_Ammonium",NA,"",NA,NA,0.5
"921","...134311","BROWARD","'04/25/2012'","28","Ammonia_plus_Ammonium",NA,"",NA,NA,0.5
"922","...134323","BROWARD","'04/25/2012'","21","Ammonia_plus_Ammonium",0.177,"mg/l",NA,NA,0.5
"923","...134335","BROWARD","'04/25/2012'","22","Ammonia_plus_Ammonium",0.177,"mg/l",NA,NA,0.5
"924","...134346","BROWARD","'04/24/2012'","31","Ammonia_plus_Ammonium",0.115,"mg/l",NA,NA,0.5
"925","...134354","BROWARD","'04/24/2012'","32","Ammonia_plus_Ammonium",0.129,"mg/l",NA,NA,0.5
"926","...134363","BROWARD","'04/24/2012'","32","Ammonia_plus_Ammonium",0.133,"mg/l",NA,NA,0.5
"927","...134380","BROWARD","'04/24/2012'","29","Ammonia_plus_Ammonium",0.205,"mg/l",NA,NA,0.5
"928","...134385","BROWARD","'04/24/2012'","23","Ammonia_plus_Ammonium",0.406,"mg/l",NA,NA,0.5
"929","...134401","BROWARD","'04/23/2012'","37","Ammonia_plus_Ammonium",0.053,"mg/l",NA,NA,0.5
"930","...134406","BROWARD","'04/23/2012'","111","Ammonia_plus_Ammonium",0.095,"mg/l",NA,NA,0.5
"931","...134425","BROWARD","'04/23/2012'","89","Ammonia_plus_Ammonium",0.066,"mg/l",NA,NA,0.5
"932","...134434","BROWARD","'04/23/2012'","112","Ammonia_plus_Ammonium",0.063,"mg/l",NA,NA,0.5
"933","...134443","BROWARD","'04/23/2012'","36","Ammonia_plus_Ammonium",0.04,"mg/l",NA,NA,0.5
"934","...134451","BROWARD","'04/23/2012'","8","Ammonia_plus_Ammonium",NA,"",NA,NA,0.5
"935","...134459","BROWARD","'04/23/2012'","35","Ammonia_plus_Ammonium",0.051,"mg/l",NA,NA,0.5
"936","...134477","BROWARD","'04/23/2012'","5","Ammonia_plus_Ammonium",0.082,"mg/l",NA,NA,0.5
"937","...134488","BROWARD","'04/23/2012'","35","Ammonia_plus_Ammonium",0.058,"mg/l",NA,NA,0.5
"938","...134496","BROWARD","'04/23/2012'","4","Ammonia_plus_Ammonium",0.058,"mg/l",NA,NA,0.5
"939","...134508","BROWARD","'04/23/2012'","4","Ammonia_plus_Ammonium",0.057,"mg/l",NA,NA,0.5
"940","...134516","BROWARD","'04/23/2012'","6","Ammonia_plus_Ammonium",0.027,"mg/l",NA,NA,0.5
"941","...134526","BROWARD","'04/23/2012'","34","Ammonia_plus_Ammonium",0.067,"mg/l",NA,NA,0.5
"942","...134539","BROWARD","'04/23/2012'","3","Ammonia_plus_Ammonium",0.156,"mg/l",NA,NA,0.5
"943","...134551","BROWARD","'04/23/2012'","7","Ammonia_plus_Ammonium",NA,"",NA,NA,0.5
"944","...134560","BROWARD","'04/23/2012'","11","Ammonia_plus_Ammonium",0.077,"mg/l",NA,NA,0.5
"945","...134576","BROWARD","'04/23/2012'","33","Ammonia_plus_Ammonium",0.15,"mg/l",NA,NA,0.5
"946","...134585","BROWARD","'04/23/2012'","11","Ammonia_plus_Ammonium",0.077,"mg/l",NA,NA,0.5
"947","...134592","BROWARD","'04/23/2012'","2","Ammonia_plus_Ammonium",0.157,"mg/l",NA,NA,0.5
"948","...134605","BROWARD","'04/23/2012'","1","Ammonia_plus_Ammonium",0.172,"mg/l",NA,NA,0.5
"949","...134622","BROWARD","'04/23/2012'","12","Ammonia_plus_Ammonium",0.044,"mg/l",NA,NA,0.5
"950","...134628","BROWARD","'04/23/2012'","110","Ammonia_plus_Ammonium",NA,"",NA,NA,0.5
"951","...134642","BROWARD","'04/23/2012'","14","Ammonia_plus_Ammonium",0.17,"mg/l",NA,NA,0.5
"952","...134652","BROWARD","'02/01/2012'","10","Ammonia_plus_Ammonium",NA,"",NA,NA,0.5
"953","...134666","BROWARD","'02/01/2012'","49","Ammonia_plus_Ammonium",NA,"",NA,NA,0.5
"954","...134676","BROWARD","'02/01/2012'","38","Ammonia_plus_Ammonium",NA,"",NA,NA,0.5
"955","...134679","BROWARD","'02/01/2012'","20","Ammonia_plus_Ammonium",0.04,"mg/l",NA,NA,0.5
"956","...134691","BROWARD","'02/01/2012'","28","Ammonia_plus_Ammonium",0.232,"mg/l",NA,NA,0.5
"957","...134707","BROWARD","'02/01/2012'","90","Ammonia_plus_Ammonium",0.018,"mg/l",NA,NA,0.5
"958","...134715","BROWARD","'02/01/2012'","90","Ammonia_plus_Ammonium",0.019,"mg/l",NA,NA,0.5
"959","...134733","BROWARD","'02/01/2012'","39","Ammonia_plus_Ammonium",NA,"",NA,NA,0.5
"960","...134743","BROWARD","'02/01/2012'","22","Ammonia_plus_Ammonium",0.518,"mg/l",NA,NA,0.5
"961","...134752","BROWARD","'02/01/2012'","40","Ammonia_plus_Ammonium",NA,"",NA,NA,0.5
"962","...134765","BROWARD","'02/01/2012'","25","Ammonia_plus_Ammonium",0.108,"mg/l",NA,NA,0.5
"963","...134770","BROWARD","'02/01/2012'","19","Ammonia_plus_Ammonium",NA,"",NA,NA,0.5
"964","...134778","BROWARD","'02/01/2012'","40","Ammonia_plus_Ammonium",NA,"",NA,NA,0.5
"965","...134794","BROWARD","'02/01/2012'","15","Ammonia_plus_Ammonium",NA,"",NA,NA,0.5
"966","...134805","BROWARD","'02/01/2012'","24","Ammonia_plus_Ammonium",0.019,"mg/l",NA,NA,0.5
"967","...134811","BROWARD","'02/01/2012'","16","Ammonia_plus_Ammonium",0.236,"mg/l",NA,NA,0.5
"968","...134832","BROWARD","'02/01/2012'","41","Ammonia_plus_Ammonium",NA,"",NA,NA,0.5
"969","...134833","BROWARD","'02/01/2012'","26","Ammonia_plus_Ammonium",0.036,"mg/l",NA,NA,0.5
"970","...134849","BROWARD","'02/01/2012'","64","Ammonia_plus_Ammonium",0.218,"mg/l",NA,NA,0.5
"971","...134863","BROWARD","'02/01/2012'","17","Ammonia_plus_Ammonium",NA,"",NA,NA,0.5
"972","...134874","BROWARD","'02/01/2012'","27","Ammonia_plus_Ammonium",0.019,"mg/l",NA,NA,0.5
"973","...134880","BROWARD","'02/01/2012'","27","Ammonia_plus_Ammonium",NA,"",NA,NA,0.5
"974","...134888","BROWARD","'02/01/2012'","21","Ammonia_plus_Ammonium",0.303,"mg/l",NA,NA,0.5
"975","...134899","BROWARD","'01/31/2012'","31","Ammonia_plus_Ammonium",0.111,"mg/l",NA,NA,0.5
"976","...134911","BROWARD","'01/31/2012'","32","Ammonia_plus_Ammonium",0.032,"mg/l",NA,NA,0.5
"977","...134927","BROWARD","'01/31/2012'","29","Ammonia_plus_Ammonium",0.375,"mg/l",NA,NA,0.5
"978","...134942","BROWARD","'01/31/2012'","23","Ammonia_plus_Ammonium",0.371,"mg/l",NA,NA,0.5
"979","...134951","BROWARD","'01/31/2012'","23","Ammonia_plus_Ammonium",0.4,"mg/l",NA,NA,0.5
"980","...134957","BROWARD","'01/30/2012'","37","Ammonia_plus_Ammonium",NA,"",NA,NA,0.5
"981","...134968","BROWARD","'01/30/2012'","8","Ammonia_plus_Ammonium",NA,"",NA,NA,0.5
"982","...134976","BROWARD","'01/30/2012'","111","Ammonia_plus_Ammonium",NA,"",NA,NA,0.5
"983","...134996","BROWARD","'01/30/2012'","36","Ammonia_plus_Ammonium",NA,"",NA,NA,0.5
"984","...134998","BROWARD","'01/30/2012'","112","Ammonia_plus_Ammonium",NA,"",NA,NA,0.5
"985","...135013","BROWARD","'01/30/2012'","89","Ammonia_plus_Ammonium",0.031,"mg/l",NA,NA,0.5
"986","...135021","BROWARD","'01/30/2012'","5","Ammonia_plus_Ammonium",0.022,"mg/l",NA,NA,0.5
"987","...135037","BROWARD","'01/30/2012'","35","Ammonia_plus_Ammonium",NA,"",NA,NA,0.5
"988","...135044","BROWARD","'01/30/2012'","35","Ammonia_plus_Ammonium",NA,"",NA,NA,0.5
"989","...135055","BROWARD","'01/30/2012'","6","Ammonia_plus_Ammonium",0.022,"mg/l",NA,NA,0.5
"990","...135061","BROWARD","'01/30/2012'","4","Ammonia_plus_Ammonium",NA,"",NA,NA,0.5
"991","...135072","BROWARD","'01/30/2012'","4","Ammonia_plus_Ammonium",0.019,"mg/l",NA,NA,0.5
"992","...135092","BROWARD","'01/30/2012'","7","Ammonia_plus_Ammonium",NA,"",NA,NA,0.5
"993","...135098","BROWARD","'01/30/2012'","34","Ammonia_plus_Ammonium",NA,"",NA,NA,0.5
"994","...135108","BROWARD","'01/30/2012'","3","Ammonia_plus_Ammonium",0.092,"mg/l",NA,NA,0.5
"995","...135118","BROWARD","'01/30/2012'","11","Ammonia_plus_Ammonium",NA,"",NA,NA,0.5
"996","...135126","BROWARD","'01/30/2012'","11","Ammonia_plus_Ammonium",NA,"",NA,NA,0.5
"997","...135142","BROWARD","'01/30/2012'","33","Ammonia_plus_Ammonium",0.016,"mg/l",NA,NA,0.5
"998","...135154","BROWARD","'01/30/2012'","2","Ammonia_plus_Ammonium",0.023,"mg/l",NA,NA,0.5
"999","...135165","BROWARD","'01/30/2012'","12","Ammonia_plus_Ammonium",0.034,"mg/l",NA,NA,0.5
"1000","...135173","BROWARD","'01/30/2012'","1","Ammonia_plus_Ammonium",0.044,"mg/l",NA,NA,0.5
"1001","...135184","BROWARD","'01/30/2012'","110","Ammonia_plus_Ammonium",NA,"",NA,NA,0.5
"1002","...135201","BROWARD","'01/30/2012'","14","Ammonia_plus_Ammonium",0.308,"mg/l",NA,NA,0.5
"1003","...135213","BROWARD","'10/26/2011'","10","Ammonia_plus_Ammonium",0.043,"mg/l",NA,NA,0.5
"1004","...135221","BROWARD","'10/26/2011'","49","Ammonia_plus_Ammonium",0.065,"mg/l",NA,NA,0.5
"1005","...135225","BROWARD","'10/26/2011'","20","Ammonia_plus_Ammonium",0.415,"mg/l",NA,NA,0.5
"1006","...135228","BROWARD","'10/26/2011'","22","Ammonia_plus_Ammonium",0.586,"mg/l",NA,NA,0.5
"1007","...135237","BROWARD","'10/26/2011'","21","Ammonia_plus_Ammonium",0.639,"mg/l",NA,NA,0.5
"1008","...135267","BROWARD","'10/26/2011'","38","Ammonia_plus_Ammonium",0.018,"mg/l",NA,NA,0.5
"1009","...135276","BROWARD","'10/26/2011'","90","Ammonia_plus_Ammonium",0.166,"mg/l",NA,NA,0.5
"1010","...135283","BROWARD","'10/26/2011'","28","Ammonia_plus_Ammonium",NA,"",NA,NA,0.5
"1011","...135296","BROWARD","'10/26/2011'","90","Ammonia_plus_Ammonium",0.173,"mg/l",NA,NA,0.5
"1012","...135308","BROWARD","'10/26/2011'","19","Ammonia_plus_Ammonium",0.124,"mg/l",NA,NA,0.5
"1013","...135313","BROWARD","'10/26/2011'","39","Ammonia_plus_Ammonium",NA,"",NA,NA,0.5
"1014","...135328","BROWARD","'10/26/2011'","25","Ammonia_plus_Ammonium",0.352,"mg/l",NA,NA,0.5
"1015","...135336","BROWARD","'10/26/2011'","15","Ammonia_plus_Ammonium",0.044,"mg/l",NA,NA,0.5
"1016","...135349","BROWARD","'10/26/2011'","40","Ammonia_plus_Ammonium",0.017,"mg/l",NA,NA,0.5
"1017","...135362","BROWARD","'10/26/2011'","24","Ammonia_plus_Ammonium",0.082,"mg/l",NA,NA,0.5
"1018","...135370","BROWARD","'10/26/2011'","40","Ammonia_plus_Ammonium",NA,"",NA,NA,0.5
"1019","...135389","BROWARD","'10/26/2011'","16","Ammonia_plus_Ammonium",0.201,"mg/l",NA,NA,0.5
"1020","...135398","BROWARD","'10/26/2011'","26","Ammonia_plus_Ammonium",0.244,"mg/l",NA,NA,0.5
"1021","...135405","BROWARD","'10/26/2011'","64","Ammonia_plus_Ammonium",0.227,"mg/l",NA,NA,0.5
"1022","...135418","BROWARD","'10/26/2011'","41","Ammonia_plus_Ammonium",0.026,"mg/l",NA,NA,0.5
"1023","...135430","BROWARD","'10/26/2011'","17","Ammonia_plus_Ammonium",NA,"",NA,NA,0.5
"1024","...135440","BROWARD","'10/26/2011'","27","Ammonia_plus_Ammonium",0.484,"mg/l",NA,NA,0.5
"1025","...135454","BROWARD","'10/26/2011'","27","Ammonia_plus_Ammonium",0.51,"mg/l",NA,NA,0.5
"1026","...135464","BROWARD","'10/25/2011'","31","Ammonia_plus_Ammonium",0.263,"mg/l",NA,NA,0.5
"1027","...135469","BROWARD","'10/25/2011'","32","Ammonia_plus_Ammonium",0.034,"mg/l",NA,NA,0.5
"1028","...135481","BROWARD","'10/25/2011'","29","Ammonia_plus_Ammonium",0.283,"mg/l",NA,NA,0.5
"1029","...135499","BROWARD","'10/25/2011'","23","Ammonia_plus_Ammonium",0.401,"mg/l",NA,NA,0.5
"1030","...135504","BROWARD","'10/25/2011'","23","Ammonia_plus_Ammonium",0.405,"mg/l",NA,NA,0.5
"1031","...135512","BROWARD","'10/24/2011'","37","Ammonia_plus_Ammonium",0.153,"mg/l",NA,NA,0.5
"1032","...135523","BROWARD","'10/24/2011'","8","Ammonia_plus_Ammonium",0.105,"mg/l",NA,NA,0.5
"1033","...135543","BROWARD","'10/24/2011'","111","Ammonia_plus_Ammonium",0.162,"mg/l",NA,NA,0.5
"1034","...135552","BROWARD","'10/24/2011'","36","Ammonia_plus_Ammonium",0.176,"mg/l",NA,NA,0.5
"1035","...135559","BROWARD","'10/24/2011'","112","Ammonia_plus_Ammonium",0.129,"mg/l",NA,NA,0.5
"1036","...135574","BROWARD","'10/24/2011'","89","Ammonia_plus_Ammonium",0.043,"mg/l",NA,NA,0.5
"1037","...135578","BROWARD","'10/24/2011'","5","Ammonia_plus_Ammonium",0.116,"mg/l",NA,NA,0.5
"1038","...135588","BROWARD","'10/24/2011'","35","Ammonia_plus_Ammonium",0.077,"mg/l",NA,NA,0.5
"1039","...135609","BROWARD","'10/24/2011'","6","Ammonia_plus_Ammonium",0.032,"mg/l",NA,NA,0.5
"1040","...135615","BROWARD","'10/24/2011'","35","Ammonia_plus_Ammonium",0.042,"mg/l",NA,NA,0.5
"1041","...135626","BROWARD","'10/24/2011'","4","Ammonia_plus_Ammonium",0.398,"mg/l",NA,NA,0.5
"1042","...135633","BROWARD","'10/24/2011'","4","Ammonia_plus_Ammonium",0.403,"mg/l",NA,NA,0.5
"1043","...135650","BROWARD","'10/24/2011'","34","Ammonia_plus_Ammonium",0.054,"mg/l",NA,NA,0.5
"1044","...135654","BROWARD","'10/24/2011'","7","Ammonia_plus_Ammonium",NA,"",NA,NA,0.5
"1045","...135671","BROWARD","'10/24/2011'","3","Ammonia_plus_Ammonium",0.15,"mg/l",NA,NA,0.5
"1046","...135683","BROWARD","'10/24/2011'","33","Ammonia_plus_Ammonium",0.102,"mg/l",NA,NA,0.5
"1047","...135691","BROWARD","'10/24/2011'","11","Ammonia_plus_Ammonium",0.245,"mg/l",NA,NA,0.5
"1048","...135708","BROWARD","'10/24/2011'","11","Ammonia_plus_Ammonium",0.244,"mg/l",NA,NA,0.5
"1049","...135709","BROWARD","'10/24/2011'","2","Ammonia_plus_Ammonium",NA,"",NA,NA,0.5
"1050","...135724","BROWARD","'10/24/2011'","12","Ammonia_plus_Ammonium",0.342,"mg/l",NA,NA,0.5
"1051","...135732","BROWARD","'10/24/2011'","1","Ammonia_plus_Ammonium",0.108,"mg/l",NA,NA,0.5
"1052","...135750","BROWARD","'10/24/2011'","110","Ammonia_plus_Ammonium",0.056,"mg/l",NA,NA,0.5
"1053","...135762","BROWARD","'10/24/2011'","14","Ammonia_plus_Ammonium",0.584,"mg/l",NA,NA,0.5
"1054","...135768","BROWARD","'08/03/2011'","10","Ammonia_plus_Ammonium",NA,"",NA,NA,0.5
"1055","...135777","BROWARD","'08/03/2011'","22","Ammonia_plus_Ammonium",0.364,"mg/l",NA,NA,0.5
"1056","...135792","BROWARD","'08/03/2011'","49","Ammonia_plus_Ammonium",0.065,"mg/l",NA,NA,0.5
"1057","...135800","BROWARD","'08/03/2011'","28","Ammonia_plus_Ammonium",0.074,"mg/l",NA,NA,0.5
"1058","...135813","BROWARD","'08/03/2011'","20","Ammonia_plus_Ammonium",0.167,"mg/l",NA,NA,0.5
"1059","...135821","BROWARD","'08/03/2011'","38","Ammonia_plus_Ammonium",NA,"",NA,NA,0.5
"1060","...135831","BROWARD","'08/03/2011'","90","Ammonia_plus_Ammonium",0.127,"mg/l",NA,NA,0.5
"1061","...135841","BROWARD","'08/03/2011'","25","Ammonia_plus_Ammonium",0.059,"mg/l",NA,NA,0.5
"1062","...135845","BROWARD","'08/03/2011'","90","Ammonia_plus_Ammonium",0.09,"mg/l",NA,NA,0.5
"1063","...135865","BROWARD","'08/03/2011'","39","Ammonia_plus_Ammonium",NA,"",NA,NA,0.5
"1064","...135881","BROWARD","'08/03/2011'","17","Ammonia_plus_Ammonium",0.021,"mg/l",NA,NA,0.5
"1065","...135891","BROWARD","'08/03/2011'","40","Ammonia_plus_Ammonium",NA,"",NA,NA,0.5
"1066","...135896","BROWARD","'08/03/2011'","40","Ammonia_plus_Ammonium",NA,"",NA,NA,0.5
"1067","...135909","BROWARD","'08/03/2011'","64","Ammonia_plus_Ammonium",0.127,"mg/l",NA,NA,0.5
"1068","...135919","BROWARD","'08/03/2011'","24","Ammonia_plus_Ammonium",0.044,"mg/l",NA,NA,0.5
"1069","...135932","BROWARD","'08/03/2011'","16","Ammonia_plus_Ammonium",0.082,"mg/l",NA,NA,0.5
"1070","...135940","BROWARD","'08/03/2011'","26","Ammonia_plus_Ammonium",0.067,"mg/l",NA,NA,0.5
"1071","...135957","BROWARD","'08/03/2011'","41","Ammonia_plus_Ammonium",NA,"",NA,NA,0.5
"1072","...135966","BROWARD","'08/03/2011'","15","Ammonia_plus_Ammonium",0.1,"mg/l",NA,NA,0.5
"1073","...135981","BROWARD","'08/03/2011'","27","Ammonia_plus_Ammonium",0.025,"mg/l",NA,NA,0.5
"1074","...135984","BROWARD","'08/03/2011'","27","Ammonia_plus_Ammonium",0.043,"mg/l",NA,NA,0.5
"1075","...135997","BROWARD","'08/03/2011'","19","Ammonia_plus_Ammonium",0.113,"mg/l",NA,NA,0.5
"1076","...136011","BROWARD","'08/02/2011'","31","Ammonia_plus_Ammonium",0.126,"mg/l",NA,NA,0.5
"1077","...136026","BROWARD","'08/02/2011'","32","Ammonia_plus_Ammonium",0.23,"mg/l",NA,NA,0.5
"1078","...136036","BROWARD","'08/02/2011'","29","Ammonia_plus_Ammonium",0.326,"mg/l",NA,NA,0.5
"1079","...136043","BROWARD","'08/02/2011'","23","Ammonia_plus_Ammonium",0.281,"mg/l",NA,NA,0.5
"1080","...136051","BROWARD","'08/02/2011'","23","Ammonia_plus_Ammonium",0.36,"mg/l",NA,NA,0.5
"1081","...136070","BROWARD","'08/01/2011'","111","Ammonia_plus_Ammonium",NA,"",NA,NA,0.5
"1082","...136072","BROWARD","'08/01/2011'","112","Ammonia_plus_Ammonium",NA,"",NA,NA,0.5
"1083","...136081","BROWARD","'08/01/2011'","5","Ammonia_plus_Ammonium",NA,"",NA,NA,0.5
"1084","...136101","BROWARD","'08/01/2011'","37","Ammonia_plus_Ammonium",NA,"",NA,NA,0.5
"1085","...136112","BROWARD","'08/01/2011'","6","Ammonia_plus_Ammonium",0.077,"mg/l",NA,NA,0.5
"1086","...136117","BROWARD","'08/01/2011'","8","Ammonia_plus_Ammonium",0.048,"mg/l",NA,NA,0.5
"1087","...136133","BROWARD","'08/01/2011'","36","Ammonia_plus_Ammonium",NA,"",NA,NA,0.5
"1088","...136140","BROWARD","'08/01/2011'","35","Ammonia_plus_Ammonium",NA,"",NA,NA,0.5
"1089","...136157","BROWARD","'08/01/2011'","89","Ammonia_plus_Ammonium",0.02,"mg/l",NA,NA,0.5
"1090","...136163","BROWARD","'08/01/2011'","35","Ammonia_plus_Ammonium",NA,"",NA,NA,0.5
"1091","...136172","BROWARD","'08/01/2011'","7","Ammonia_plus_Ammonium",NA,"",NA,NA,0.5
"1092","...136189","BROWARD","'08/01/2011'","4","Ammonia_plus_Ammonium",0.141,"mg/l",NA,NA,0.5
"1093","...136196","BROWARD","'08/01/2011'","34","Ammonia_plus_Ammonium",NA,"",NA,NA,0.5
"1094","...136202","BROWARD","'08/01/2011'","4","Ammonia_plus_Ammonium",0.137,"mg/l",NA,NA,0.5
"1095","...136213","BROWARD","'08/01/2011'","11","Ammonia_plus_Ammonium",NA,"",NA,NA,0.5
"1096","...136227","BROWARD","'08/01/2011'","3","Ammonia_plus_Ammonium",NA,"",NA,NA,0.5
"1097","...136235","BROWARD","'08/01/2011'","11","Ammonia_plus_Ammonium",NA,"",NA,NA,0.5
"1098","...136255","BROWARD","'08/01/2011'","12","Ammonia_plus_Ammonium",0.023,"mg/l",NA,NA,0.5
"1099","...136259","BROWARD","'08/01/2011'","33","Ammonia_plus_Ammonium",NA,"",NA,NA,0.5
"1100","...136274","BROWARD","'08/01/2011'","2","Ammonia_plus_Ammonium",0.018,"mg/l",NA,NA,0.5
"1101","...136279","BROWARD","'08/01/2011'","1","Ammonia_plus_Ammonium",0.017,"mg/l",NA,NA,0.5
"1102","...136299","BROWARD","'08/01/2011'","14","Ammonia_plus_Ammonium",0.075,"mg/l",NA,NA,0.5
"1103","...136301","BROWARD","'08/01/2011'","110","Ammonia_plus_Ammonium",NA,"",NA,NA,0.5
"1104","...136322","BROWARD","'04/13/2011'","10","Ammonia_plus_Ammonium",NA,"",NA,NA,0.5
"1105","...136331","BROWARD","'04/13/2011'","20","Ammonia_plus_Ammonium",0.057,"mg/l",NA,NA,0.5
"1106","...136343","BROWARD","'04/13/2011'","90","Ammonia_plus_Ammonium",NA,"",NA,NA,0.5
"1107","...136352","BROWARD","'04/13/2011'","49","Ammonia_plus_Ammonium",0.021,"mg/l",NA,NA,0.5
"1108","...136357","BROWARD","'04/13/2011'","22","Ammonia_plus_Ammonium",0.502,"mg/l",NA,NA,0.5
"1109","...136371","BROWARD","'04/13/2011'","90","Ammonia_plus_Ammonium",NA,"",NA,NA,0.5
"1110","...136388","BROWARD","'04/13/2011'","28","Ammonia_plus_Ammonium",0.161,"mg/l",NA,NA,0.5
"1111","...136390","BROWARD","'04/13/2011'","38","Ammonia_plus_Ammonium",NA,"",NA,NA,0.5
"1112","...136405","BROWARD","'04/13/2011'","19","Ammonia_plus_Ammonium",0.024,"mg/l",NA,NA,0.5
"1113","...136411","BROWARD","'04/13/2011'","39","Ammonia_plus_Ammonium",NA,"",NA,NA,0.5
"1114","...136423","BROWARD","'04/13/2011'","25","Ammonia_plus_Ammonium",NA,"",NA,NA,0.5
"1115","...136440","BROWARD","'04/13/2011'","15","Ammonia_plus_Ammonium",0.035,"mg/l",NA,NA,0.5
"1116","...136449","BROWARD","'04/13/2011'","40","Ammonia_plus_Ammonium",NA,"",NA,NA,0.5
"1117","...136457","BROWARD","'04/13/2011'","16","Ammonia_plus_Ammonium",NA,"",NA,NA,0.5
"1118","...136469","BROWARD","'04/13/2011'","40","Ammonia_plus_Ammonium",NA,"",NA,NA,0.5
"1119","...136480","BROWARD","'04/13/2011'","24","Ammonia_plus_Ammonium",0.031,"mg/l",NA,NA,0.5
"1120","...136488","BROWARD","'04/13/2011'","64","Ammonia_plus_Ammonium",NA,"",NA,NA,0.5
"1121","...136508","BROWARD","'04/13/2011'","26","Ammonia_plus_Ammonium",NA,"",NA,NA,0.5
"1122","...136510","BROWARD","'04/13/2011'","41","Ammonia_plus_Ammonium",NA,"",NA,NA,0.5
"1123","...136524","BROWARD","'04/13/2011'","27","Ammonia_plus_Ammonium",0.019,"mg/l",NA,NA,0.5
"1124","...136538","BROWARD","'04/13/2011'","17","Ammonia_plus_Ammonium",NA,"",NA,NA,0.5
"1125","...136550","BROWARD","'04/13/2011'","27","Ammonia_plus_Ammonium",NA,"",NA,NA,0.5
"1126","...136558","BROWARD","'04/13/2011'","21","Ammonia_plus_Ammonium",NA,"",NA,NA,0.5
"1127","...136572","BROWARD","'04/12/2011'","31","Ammonia_plus_Ammonium",0.158,"mg/l",NA,NA,0.5
"1128","...136584","BROWARD","'04/12/2011'","32","Ammonia_plus_Ammonium",0.202,"mg/l",NA,NA,0.5
"1129","...136593","BROWARD","'04/12/2011'","29","Ammonia_plus_Ammonium",0.376,"mg/l",NA,NA,0.5
"1130","...136598","BROWARD","'04/12/2011'","23","Ammonia_plus_Ammonium",NA,"",NA,NA,0.5
"1131","...136610","BROWARD","'04/12/2011'","23","Ammonia_plus_Ammonium",NA,"",NA,NA,0.5
"1132","...136625","BROWARD","'04/11/2011'","37","Ammonia_plus_Ammonium",NA,"",NA,NA,0.5
"1133","...136637","BROWARD","'04/11/2011'","36","Ammonia_plus_Ammonium",NA,"",NA,NA,0.5
"1134","...136648","BROWARD","'04/11/2011'","111","Ammonia_plus_Ammonium",NA,"",NA,NA,0.5
"1135","...136655","BROWARD","'04/11/2011'","89","Ammonia_plus_Ammonium",0.034,"mg/l",NA,NA,0.5
"1136","...136669","BROWARD","'04/11/2011'","112","Ammonia_plus_Ammonium",0.016,"mg/l",NA,NA,0.5
"1137","...136674","BROWARD","'04/11/2011'","8","Ammonia_plus_Ammonium",NA,"",NA,NA,0.5
"1138","...136695","BROWARD","'04/11/2011'","5","Ammonia_plus_Ammonium",NA,"",NA,NA,0.5
"1139","...136701","BROWARD","'04/11/2011'","35","Ammonia_plus_Ammonium",NA,"",NA,NA,0.5
"1140","...136714","BROWARD","'04/11/2011'","35","Ammonia_plus_Ammonium",NA,"",NA,NA,0.5
"1141","...136722","BROWARD","'04/11/2011'","6","Ammonia_plus_Ammonium",NA,"",NA,NA,0.5
"1142","...136731","BROWARD","'04/11/2011'","4","Ammonia_plus_Ammonium",0.037,"mg/l",NA,NA,0.5
"1143","...136740","BROWARD","'04/11/2011'","34","Ammonia_plus_Ammonium",NA,"",NA,NA,0.5
"1144","...136753","BROWARD","'04/11/2011'","4","Ammonia_plus_Ammonium",0.034,"mg/l",NA,NA,0.5
"1145","...136772","BROWARD","'04/11/2011'","7","Ammonia_plus_Ammonium",NA,"",NA,NA,0.5
"1146","...136780","BROWARD","'04/11/2011'","3","Ammonia_plus_Ammonium",NA,"",NA,NA,0.5
"1147","...136793","BROWARD","'04/11/2011'","33","Ammonia_plus_Ammonium",NA,"",NA,NA,0.5
"1148","...136799","BROWARD","'04/11/2011'","11","Ammonia_plus_Ammonium",NA,"",NA,NA,0.5
"1149","...136809","BROWARD","'04/11/2011'","2","Ammonia_plus_Ammonium",NA,"",NA,NA,0.5
"1150","...136826","BROWARD","'04/11/2011'","1","Ammonia_plus_Ammonium",NA,"",NA,NA,0.5
"1151","...136834","BROWARD","'04/11/2011'","11","Ammonia_plus_Ammonium",NA,"",NA,NA,0.5
"1152","...136841","BROWARD","'04/11/2011'","12","Ammonia_plus_Ammonium",NA,"",NA,NA,0.5
"1153","...136856","BROWARD","'04/11/2011'","110","Ammonia_plus_Ammonium",0.018,"mg/l",NA,NA,0.5
"1154","...136864","BROWARD","'04/11/2011'","14","Ammonia_plus_Ammonium",0.243,"mg/l",NA,NA,0.5
"1155","...136875","BROWARD","'02/02/2011'","21","Ammonia_plus_Ammonium",0.021,"mg/l",NA,NA,0.5
"1156","...136886","BROWARD","'02/02/2011'","20","Ammonia_plus_Ammonium",NA,"",NA,NA,0.5
"1157","...136898","BROWARD","'02/02/2011'","10","Ammonia_plus_Ammonium",NA,"",NA,NA,0.5
"1158","...136907","BROWARD","'02/02/2011'","90","Ammonia_plus_Ammonium",NA,"",NA,NA,0.5
"1159","...136920","BROWARD","'02/02/2011'","90","Ammonia_plus_Ammonium",NA,"",NA,NA,0.5
"1160","...136928","BROWARD","'02/02/2011'","49","Ammonia_plus_Ammonium",NA,"",NA,NA,0.5
"1161","...136939","BROWARD","'02/02/2011'","22","Ammonia_plus_Ammonium",0.54,"mg/l",NA,NA,0.5
"1162","...136952","BROWARD","'02/02/2011'","28","Ammonia_plus_Ammonium",0.233,"mg/l",NA,NA,0.5
"1163","...136969","BROWARD","'02/02/2011'","38","Ammonia_plus_Ammonium",NA,"",NA,NA,0.5
"1164","...136980","BROWARD","'02/02/2011'","15","Ammonia_plus_Ammonium",NA,"",NA,NA,0.5
"1165","...136987","BROWARD","'02/02/2011'","17","Ammonia_plus_Ammonium",NA,"",NA,NA,0.5
"1166","...137003","BROWARD","'02/02/2011'","25","Ammonia_plus_Ammonium",0.123,"mg/l",NA,NA,0.5
"1167","...137005","BROWARD","'02/02/2011'","39","Ammonia_plus_Ammonium",NA,"",NA,NA,0.5
"1168","...137016","BROWARD","'02/02/2011'","16","Ammonia_plus_Ammonium",NA,"",NA,NA,0.5
"1169","...137026","BROWARD","'02/02/2011'","40","Ammonia_plus_Ammonium",NA,"",NA,NA,0.5
"1170","...137039","BROWARD","'02/02/2011'","40","Ammonia_plus_Ammonium",NA,"",NA,NA,0.5
"1171","...137056","BROWARD","'02/02/2011'","24","Ammonia_plus_Ammonium",NA,"",NA,NA,0.5
"1172","...137066","BROWARD","'02/02/2011'","64","Ammonia_plus_Ammonium",NA,"",NA,NA,0.5
"1173","...137075","BROWARD","'02/02/2011'","41","Ammonia_plus_Ammonium",NA,"",NA,NA,0.5
"1174","...137081","BROWARD","'02/02/2011'","26","Ammonia_plus_Ammonium",0.0445,"mg/l",NA,NA,0.5
"1175","...137100","BROWARD","'02/02/2011'","27","Ammonia_plus_Ammonium",0.02,"mg/l",NA,NA,0.5
"1176","...137109","BROWARD","'02/02/2011'","19","Ammonia_plus_Ammonium",NA,"",NA,NA,0.5
"1177","...137124","BROWARD","'02/02/2011'","27","Ammonia_plus_Ammonium",0.036,"mg/l",NA,NA,0.5
"1178","...137133","BROWARD","'02/01/2011'","31","Ammonia_plus_Ammonium",0.198,"mg/l",NA,NA,0.5
"1179","...137146","BROWARD","'02/01/2011'","32","Ammonia_plus_Ammonium",0.329,"mg/l",NA,NA,0.5
"1180","...137152","BROWARD","'02/01/2011'","29","Ammonia_plus_Ammonium",0.508,"mg/l",NA,NA,0.5
"1181","...137167","BROWARD","'02/01/2011'","23","Ammonia_plus_Ammonium",0.455,"mg/l",NA,NA,0.5
"1182","...137170","BROWARD","'02/01/2011'","23","Ammonia_plus_Ammonium",0.394,"mg/l",NA,NA,0.5
"1183","...137182","BROWARD","'01/31/2011'","37","Ammonia_plus_Ammonium",NA,"",NA,NA,0.5
"1184","...137196","BROWARD","'01/31/2011'","36","Ammonia_plus_Ammonium",0.023,"mg/l",NA,NA,0.5
"1185","...137207","BROWARD","'01/31/2011'","8","Ammonia_plus_Ammonium",NA,"",NA,NA,0.5
"1186","...137218","BROWARD","'01/31/2011'","111","Ammonia_plus_Ammonium",0.064,"mg/l",NA,NA,0.5
"1187","...137234","BROWARD","'01/31/2011'","112","Ammonia_plus_Ammonium",0.043,"mg/l",NA,NA,0.5
"1188","...137237","BROWARD","'01/31/2011'","89","Ammonia_plus_Ammonium",0.058,"mg/l",NA,NA,0.5
"1189","...137253","BROWARD","'01/31/2011'","5","Ammonia_plus_Ammonium",0.051,"mg/l",NA,NA,0.5
"1190","...137262","BROWARD","'01/31/2011'","35","Ammonia_plus_Ammonium",NA,"",NA,NA,0.5
"1191","...137269","BROWARD","'01/31/2011'","35","Ammonia_plus_Ammonium",NA,"",NA,NA,0.5
"1192","...137284","BROWARD","'01/31/2011'","4","Ammonia_plus_Ammonium",0.471,"mg/l",NA,NA,0.5
"1193","...137295","BROWARD","'01/31/2011'","6","Ammonia_plus_Ammonium",0.03,"mg/l",NA,NA,0.5
"1194","...137307","BROWARD","'01/31/2011'","4","Ammonia_plus_Ammonium",0.474,"mg/l",NA,NA,0.5
"1195","...137318","BROWARD","'01/31/2011'","34","Ammonia_plus_Ammonium",NA,"",NA,NA,0.5
"1196","...137326","BROWARD","'01/31/2011'","3","Ammonia_plus_Ammonium",0.289,"mg/l",NA,NA,0.5
"1197","...137341","BROWARD","'01/31/2011'","7","Ammonia_plus_Ammonium",NA,"",NA,NA,0.5
"1198","...137346","BROWARD","'01/31/2011'","33","Ammonia_plus_Ammonium",0.034,"mg/l",NA,NA,0.5
"1199","...137356","BROWARD","'01/31/2011'","11","Ammonia_plus_Ammonium",0.021,"mg/l",NA,NA,0.5
"1200","...137377","BROWARD","'01/31/2011'","2","Ammonia_plus_Ammonium",0.022,"mg/l",NA,NA,0.5
"1201","...137383","BROWARD","'01/31/2011'","11","Ammonia_plus_Ammonium",0.021,"mg/l",NA,NA,0.5
"1202","...137395","BROWARD","'01/31/2011'","1","Ammonia_plus_Ammonium",0.07,"mg/l",NA,NA,0.5
"1203","...137407","BROWARD","'01/31/2011'","12","Ammonia_plus_Ammonium",NA,"",NA,NA,0.5
"1204","...137416","BROWARD","'01/31/2011'","110","Ammonia_plus_Ammonium",0.029,"mg/l",NA,NA,0.5
"1205","...137427","BROWARD","'01/31/2011'","14","Ammonia_plus_Ammonium",0.474,"mg/l",NA,NA,0.5
"1206","...137439","BROWARD","'10/27/2010'","10","Ammonia_plus_Ammonium",0.031,"mg/l",NA,NA,0.5
"1207","...137453","BROWARD","'10/27/2010'","21","Ammonia_plus_Ammonium",0.066,"mg/l",NA,NA,0.5
"1208","...137464","BROWARD","'10/27/2010'","20","Ammonia_plus_Ammonium",0.074,"mg/l",NA,NA,0.5
"1209","...137469","BROWARD","'10/27/2010'","49","Ammonia_plus_Ammonium",0.03,"mg/l",NA,NA,0.5
"1210","...137486","BROWARD","'10/27/2010'","90","Ammonia_plus_Ammonium",0.062,"mg/l",NA,NA,0.5
"1211","...137491","BROWARD","'10/27/2010'","90","Ammonia_plus_Ammonium",0.063,"mg/l",NA,NA,0.5
"1212","...137503","BROWARD","'10/27/2010'","38","Ammonia_plus_Ammonium",NA,"",NA,NA,0.5
"1213","...137514","BROWARD","'10/27/2010'","19","Ammonia_plus_Ammonium",0.061,"mg/l",NA,NA,0.5
"1214","...137524","BROWARD","'10/27/2010'","28","Ammonia_plus_Ammonium",0.24,"mg/l",NA,NA,0.5
"1215","...137537","BROWARD","'10/27/2010'","39","Ammonia_plus_Ammonium",NA,"",NA,NA,0.5
"1216","...137553","BROWARD","'10/27/2010'","22","Ammonia_plus_Ammonium",0.563,"mg/l",NA,NA,0.5
"1217","...137555","BROWARD","'10/27/2010'","15","Ammonia_plus_Ammonium",0.034,"mg/l",NA,NA,0.5
"1218","...137565","BROWARD","'10/27/2010'","40","Ammonia_plus_Ammonium",NA,"",NA,NA,0.5
"1219","...137582","BROWARD","'10/27/2010'","24","Ammonia_plus_Ammonium",0.077,"mg/l",NA,NA,0.5
"1220","...137592","BROWARD","'10/27/2010'","16","Ammonia_plus_Ammonium",0.128,"mg/l",NA,NA,0.5
"1221","...137607","BROWARD","'10/27/2010'","40","Ammonia_plus_Ammonium",NA,"",NA,NA,0.5
"1222","...137609","BROWARD","'10/27/2010'","25","Ammonia_plus_Ammonium",0.258,"mg/l",NA,NA,0.5
"1223","...137625","BROWARD","'10/27/2010'","64","Ammonia_plus_Ammonium",NA,"",NA,NA,0.5
"1224","...137633","BROWARD","'10/27/2010'","41","Ammonia_plus_Ammonium",0.015,"mg/l",NA,NA,0.5
"1225","...137652","BROWARD","'10/27/2010'","26","Ammonia_plus_Ammonium",0.153,"mg/l",NA,NA,0.5
"1226","...137654","BROWARD","'10/27/2010'","17","Ammonia_plus_Ammonium",0.068,"mg/l",NA,NA,0.5
"1227","...137668","BROWARD","'10/27/2010'","27","Ammonia_plus_Ammonium",0.215,"mg/l",NA,NA,0.5
"1228","...137678","BROWARD","'10/27/2010'","27","Ammonia_plus_Ammonium",0.212,"mg/l",NA,NA,0.5
"1229","...137695","BROWARD","'10/26/2010'","31","Ammonia_plus_Ammonium",0.167,"mg/l",NA,NA,0.5
"1230","...137697","BROWARD","'10/26/2010'","32","Ammonia_plus_Ammonium",0.104,"mg/l",NA,NA,0.5
"1231","...137711","BROWARD","'10/26/2010'","29","Ammonia_plus_Ammonium",0.462,"mg/l",NA,NA,0.5
"1232","...137722","BROWARD","'10/26/2010'","23","Ammonia_plus_Ammonium",0.226,"mg/l",NA,NA,0.5
"1233","...137733","BROWARD","'10/26/2010'","23","Ammonia_plus_Ammonium",0.213,"mg/l",NA,NA,0.5
"1234","...137748","BROWARD","'10/25/2010'","37","Ammonia_plus_Ammonium",0.017,"mg/l",NA,NA,0.5
"1235","...137754","BROWARD","'10/25/2010'","111","Ammonia_plus_Ammonium",0.031,"mg/l",NA,NA,0.5
"1236","...137764","BROWARD","'10/25/2010'","8","Ammonia_plus_Ammonium",0.045,"mg/l",NA,NA,0.5
"1237","...137783","BROWARD","'10/25/2010'","112","Ammonia_plus_Ammonium",0.022,"mg/l",NA,NA,0.5
"1238","...137791","BROWARD","'10/25/2010'","36","Ammonia_plus_Ammonium",0.038,"mg/l",NA,NA,0.5
"1239","...137796","BROWARD","'10/25/2010'","89","Ammonia_plus_Ammonium",0.064,"mg/l",NA,NA,0.5
"1240","...137807","BROWARD","'10/25/2010'","5","Ammonia_plus_Ammonium",0.031,"mg/l",NA,NA,0.5
"1241","...137825","BROWARD","'10/25/2010'","35","Ammonia_plus_Ammonium",NA,"",NA,NA,0.5
"1242","...137832","BROWARD","'10/25/2010'","35","Ammonia_plus_Ammonium",NA,"",NA,NA,0.5
"1243","...137848","BROWARD","'10/25/2010'","6","Ammonia_plus_Ammonium",0.064,"mg/l",NA,NA,0.5
"1244","...137855","BROWARD","'10/25/2010'","4","Ammonia_plus_Ammonium",0.188,"mg/l",NA,NA,0.5
"1245","...137867","BROWARD","'10/25/2010'","4","Ammonia_plus_Ammonium",0.184,"mg/l",NA,NA,0.5
"1246","...137883","BROWARD","'10/25/2010'","34","Ammonia_plus_Ammonium",NA,"",NA,NA,0.5
"1247","...137885","BROWARD","'10/25/2010'","7","Ammonia_plus_Ammonium",0.072,"mg/l",NA,NA,0.5
"1248","...137901","BROWARD","'10/25/2010'","3","Ammonia_plus_Ammonium",0.299,"mg/l",NA,NA,0.5
"1249","...137916","BROWARD","'10/25/2010'","33","Ammonia_plus_Ammonium",0.031,"mg/l",NA,NA,0.5
"1250","...137922","BROWARD","'10/25/2010'","11","Ammonia_plus_Ammonium",0.034,"mg/l",NA,NA,0.5
"1251","...137929","BROWARD","'10/25/2010'","11","Ammonia_plus_Ammonium",0.032,"mg/l",NA,NA,0.5
"1252","...137940","BROWARD","'10/25/2010'","2","Ammonia_plus_Ammonium",0.14,"mg/l",NA,NA,0.5
"1253","...137958","BROWARD","'10/25/2010'","12","Ammonia_plus_Ammonium",0.127,"mg/l",NA,NA,0.5
"1254","...137965","BROWARD","'10/25/2010'","1","Ammonia_plus_Ammonium",0.041,"mg/l",NA,NA,0.5
"1255","...137979","BROWARD","'10/25/2010'","110","Ammonia_plus_Ammonium",0.047,"mg/l",NA,NA,0.5
"1256","...137988","BROWARD","'10/25/2010'","14","Ammonia_plus_Ammonium",0.348,"mg/l",NA,NA,0.5
"1257","...137996","BROWARD","'08/04/2010'","20","Ammonia_plus_Ammonium",NA,"",NA,NA,0.5
"1258","...138006","BROWARD","'08/04/2010'","90","Ammonia_plus_Ammonium",0.021,"mg/l",NA,NA,0.5
"1259","...138017","BROWARD","'08/04/2010'","90","Ammonia_plus_Ammonium",0.021,"mg/l",NA,NA,0.5
"1260","...138037","BROWARD","'08/04/2010'","19","Ammonia_plus_Ammonium",0.017,"mg/l",NA,NA,0.5
"1261","...138040","BROWARD","'08/04/2010'","10","Ammonia_plus_Ammonium",0.01,"mg/l",NA,NA,0.5
"1262","...138052","BROWARD","'08/04/2010'","22","Ammonia_plus_Ammonium",0.49,"mg/l",NA,NA,0.5
"1263","...138067","BROWARD","'08/04/2010'","49","Ammonia_plus_Ammonium",0.022,"mg/l",NA,NA,0.5
"1264","...138074","BROWARD","'08/04/2010'","28","Ammonia_plus_Ammonium",0.381,"mg/l",NA,NA,0.5
"1265","...138085","BROWARD","'08/04/2010'","16","Ammonia_plus_Ammonium",NA,"",NA,NA,0.5
"1266","...138094","BROWARD","'08/04/2010'","38","Ammonia_plus_Ammonium",NA,"",NA,NA,0.5
"1267","...138105","BROWARD","'08/04/2010'","15","Ammonia_plus_Ammonium",0.012,"mg/l",NA,NA,0.5
"1268","...138120","BROWARD","'08/04/2010'","25","Ammonia_plus_Ammonium",0.1,"mg/l",NA,NA,0.5
"1269","...138129","BROWARD","'08/04/2010'","39","Ammonia_plus_Ammonium",0.015,"mg/l",NA,NA,0.5
"1270","...138141","BROWARD","'08/04/2010'","40","Ammonia_plus_Ammonium",0.009,"mg/l",NA,NA,0.5
"1271","...138150","BROWARD","'08/04/2010'","24","Ammonia_plus_Ammonium",0.093,"mg/l",NA,NA,0.5
"1272","...138164","BROWARD","'08/04/2010'","64","Ammonia_plus_Ammonium",0.012,"mg/l",NA,NA,0.5
"1273","...138177","BROWARD","'08/04/2010'","40","Ammonia_plus_Ammonium",NA,"",NA,NA,0.5
"1274","...138190","BROWARD","'08/04/2010'","26","Ammonia_plus_Ammonium",0.192,"mg/l",NA,NA,0.5
"1275","...138201","BROWARD","'08/04/2010'","17","Ammonia_plus_Ammonium",NA,"",NA,NA,0.5
"1276","...138207","BROWARD","'08/04/2010'","41","Ammonia_plus_Ammonium",0.017,"mg/l",NA,NA,0.5
"1277","...138224","BROWARD","'08/04/2010'","27","Ammonia_plus_Ammonium",0.215,"mg/l",NA,NA,0.5
"1278","...138236","BROWARD","'08/04/2010'","27","Ammonia_plus_Ammonium",0.218,"mg/l",NA,NA,0.5
"1279","...138238","BROWARD","'08/04/2010'","21","Ammonia_plus_Ammonium",0.112,"mg/l",NA,NA,0.5
"1280","...138248","BROWARD","'08/03/2010'","31","Ammonia_plus_Ammonium",0.162,"mg/l",NA,NA,0.5
"1281","...138260","BROWARD","'08/03/2010'","32","Ammonia_plus_Ammonium",0.276,"mg/l",NA,NA,0.5
"1282","...138278","BROWARD","'08/03/2010'","29","Ammonia_plus_Ammonium",0.201,"mg/l",NA,NA,0.5
"1283","...138284","BROWARD","'08/03/2010'","23","Ammonia_plus_Ammonium",0.215,"mg/l",NA,NA,0.5
"1284","...138300","BROWARD","'08/03/2010'","23","Ammonia_plus_Ammonium",0.204,"mg/l",NA,NA,0.5
"1285","...138307","BROWARD","'08/02/2010'","8","Ammonia_plus_Ammonium",NA,"",NA,NA,0.5
"1286","...138324","BROWARD","'08/02/2010'","37","Ammonia_plus_Ammonium",NA,"",NA,NA,0.5
"1287","...138334","BROWARD","'08/02/2010'","111","Ammonia_plus_Ammonium",NA,"",NA,NA,0.5
"1288","...138339","BROWARD","'08/02/2010'","112","Ammonia_plus_Ammonium",NA,"",NA,NA,0.5
"1289","...138356","BROWARD","'08/02/2010'","36","Ammonia_plus_Ammonium",NA,"",NA,NA,0.5
"1290","...138361","BROWARD","'08/02/2010'","89","Ammonia_plus_Ammonium",NA,"",NA,NA,0.5
"1291","...138369","BROWARD","'08/02/2010'","5","Ammonia_plus_Ammonium",0.03,"mg/l",NA,NA,0.5
"1292","...138387","BROWARD","'08/02/2010'","35","Ammonia_plus_Ammonium",NA,"",NA,NA,0.5
"1293","...138392","BROWARD","'08/02/2010'","35","Ammonia_plus_Ammonium",NA,"",NA,NA,0.5
"1294","...138401","BROWARD","'08/02/2010'","4","Ammonia_plus_Ammonium",0.313,"mg/l",NA,NA,0.5
"1295","...138409","BROWARD","'08/02/2010'","6","Ammonia_plus_Ammonium",NA,"",NA,NA,0.5
"1296","...138420","BROWARD","'08/02/2010'","34","Ammonia_plus_Ammonium",NA,"",NA,NA,0.5
"1297","...138434","BROWARD","'08/02/2010'","4","Ammonia_plus_Ammonium",0.294,"mg/l",NA,NA,0.5
"1298","...138448","BROWARD","'08/02/2010'","7","Ammonia_plus_Ammonium",NA,"",NA,NA,0.5
"1299","...138465","BROWARD","'08/02/2010'","3","Ammonia_plus_Ammonium",0.105,"mg/l",NA,NA,0.5
"1300","...138469","BROWARD","'08/02/2010'","33","Ammonia_plus_Ammonium",0.016,"mg/l",NA,NA,0.5
"1301","...138481","BROWARD","'08/02/2010'","11","Ammonia_plus_Ammonium",NA,"",NA,NA,0.5
"1302","...138497","BROWARD","'08/02/2010'","1","Ammonia_plus_Ammonium",NA,"",NA,NA,0.5
"1303","...138510","BROWARD","'08/02/2010'","11","Ammonia_plus_Ammonium",NA,"",NA,NA,0.5
"1304","...138518","BROWARD","'08/02/2010'","2","Ammonia_plus_Ammonium",NA,"",NA,NA,0.5
"1305","...138528","BROWARD","'08/02/2010'","12","Ammonia_plus_Ammonium",NA,"",NA,NA,0.5
"1306","...138540","BROWARD","'08/02/2010'","110","Ammonia_plus_Ammonium",0.05,"mg/l",NA,NA,0.5
"1307","...138546","BROWARD","'08/02/2010'","14","Ammonia_plus_Ammonium",0.13,"mg/l",NA,NA,0.5
"1308","...138564","BROWARD","'04/29/2010'","111","Ammonia_plus_Ammonium",0.117,"mg/l",NA,NA,0.5
"1309","...138569","BROWARD","'04/29/2010'","37","Ammonia_plus_Ammonium",0.009,"mg/l",NA,NA,0.5
"1310","...138586","BROWARD","'04/29/2010'","89","Ammonia_plus_Ammonium",0.046,"mg/l",NA,NA,0.5
"1311","...138597","BROWARD","'04/29/2010'","112","Ammonia_plus_Ammonium",0.124,"mg/l",NA,NA,0.5
"1312","...138599","BROWARD","'04/29/2010'","8","Ammonia_plus_Ammonium",0.048,"mg/l",NA,NA,0.5
"1313","...138620","BROWARD","'04/29/2010'","36","Ammonia_plus_Ammonium",NA,"",NA,NA,0.5
"1314","...138624","BROWARD","'04/29/2010'","5","Ammonia_plus_Ammonium",0.013,"mg/l",NA,NA,0.5
"1315","...138634","BROWARD","'04/29/2010'","35","Ammonia_plus_Ammonium",NA,"",NA,NA,0.5
"1316","...138644","BROWARD","'04/29/2010'","4","Ammonia_plus_Ammonium",0.151,"mg/l",NA,NA,0.5
"1317","...138657","BROWARD","'04/29/2010'","35","Ammonia_plus_Ammonium",0.018,"mg/l",NA,NA,0.5
"1318","...138665","BROWARD","'04/29/2010'","4","Ammonia_plus_Ammonium",0.147,"mg/l",NA,NA,0.5
"1319","...138676","BROWARD","'04/29/2010'","6","Ammonia_plus_Ammonium",0.034,"mg/l",NA,NA,0.5
"1320","...138695","BROWARD","'04/29/2010'","3","Ammonia_plus_Ammonium",0.072,"mg/l",NA,NA,0.5
"1321","...138703","BROWARD","'04/29/2010'","7","Ammonia_plus_Ammonium",0.049,"mg/l",NA,NA,0.5
"1322","...138712","BROWARD","'04/29/2010'","34","Ammonia_plus_Ammonium",NA,"",NA,NA,0.5
"1323","...138729","BROWARD","'04/29/2010'","2","Ammonia_plus_Ammonium",0.08,"mg/l",NA,NA,0.5
"1324","...138738","BROWARD","'04/29/2010'","33","Ammonia_plus_Ammonium",0.061,"mg/l",NA,NA,0.5
"1325","...138747","BROWARD","'04/29/2010'","11","Ammonia_plus_Ammonium",0.038,"mg/l",NA,NA,0.5
"1326","...138762","BROWARD","'04/29/2010'","11","Ammonia_plus_Ammonium",0.032,"mg/l",NA,NA,0.5
"1327","...138764","BROWARD","'04/29/2010'","12","Ammonia_plus_Ammonium",0.065,"mg/l",NA,NA,0.5
"1328","...138765","BROWARD","'04/29/2010'","110","Ammonia_plus_Ammonium",0.218,"mg/l",NA,NA,0.5
"1329","...138790","BROWARD","'04/28/2010'","20","Ammonia_plus_Ammonium",0.155,"mg/l",NA,NA,0.5
"1330","...138803","BROWARD","'04/28/2010'","90","Ammonia_plus_Ammonium",0.06,"mg/l",NA,NA,0.5
"1331","...138816","BROWARD","'04/28/2010'","10","Ammonia_plus_Ammonium",0.042,"mg/l",NA,NA,0.5
"1332","...138827","BROWARD","'04/28/2010'","90","Ammonia_plus_Ammonium",0.056,"mg/l",NA,NA,0.5
"1333","...138840","BROWARD","'04/28/2010'","49","Ammonia_plus_Ammonium",0.048,"mg/l",NA,NA,0.5
"1334","...138841","BROWARD","'04/28/2010'","22","Ammonia_plus_Ammonium",0.359,"mg/l",NA,NA,0.5
"1335","...138855","BROWARD","'04/28/2010'","19","Ammonia_plus_Ammonium",0.085,"mg/l",NA,NA,0.5
"1336","...138870","BROWARD","'04/28/2010'","28","Ammonia_plus_Ammonium",0.124,"mg/l",NA,NA,0.5
"1337","...138881","BROWARD","'04/28/2010'","38","Ammonia_plus_Ammonium",0.015,"mg/l",NA,NA,0.5
"1338","...138892","BROWARD","'04/28/2010'","31","Ammonia_plus_Ammonium",0.228,"mg/l",NA,NA,0.5
"1339","...138904","BROWARD","'04/28/2010'","39","Ammonia_plus_Ammonium",0.023,"mg/l",NA,NA,0.5
"1340","...138915","BROWARD","'04/28/2010'","15","Ammonia_plus_Ammonium",0.075,"mg/l",NA,NA,0.5
"1341","...138928","BROWARD","'04/28/2010'","40","Ammonia_plus_Ammonium",0.069,"mg/l",NA,NA,0.5
"1342","...138937","BROWARD","'04/28/2010'","16","Ammonia_plus_Ammonium",0.125,"mg/l",NA,NA,0.5
"1343","...138949","BROWARD","'04/28/2010'","40","Ammonia_plus_Ammonium",NA,"",NA,NA,0.5
"1344","...138961","BROWARD","'04/28/2010'","25","Ammonia_plus_Ammonium",0.221,"mg/l",NA,NA,0.5
"1345","...138972","BROWARD","'04/28/2010'","24","Ammonia_plus_Ammonium",0.08,"mg/l",NA,NA,0.5
"1346","...138973","BROWARD","'04/28/2010'","64","Ammonia_plus_Ammonium",0.072,"mg/l",NA,NA,0.5
"1347","...138990","BROWARD","'04/28/2010'","41","Ammonia_plus_Ammonium",0.022,"mg/l",NA,NA,0.5
"1348","...138996","BROWARD","'04/28/2010'","26","Ammonia_plus_Ammonium",0.221,"mg/l",NA,NA,0.5
"1349","...139014","BROWARD","'04/28/2010'","17","Ammonia_plus_Ammonium",NA,"",NA,NA,0.5
"1350","...139020","BROWARD","'04/28/2010'","27","Ammonia_plus_Ammonium",0.14,"mg/l",NA,NA,0.5
"1351","...139035","BROWARD","'04/28/2010'","27","Ammonia_plus_Ammonium",0.133,"mg/l",NA,NA,0.5
"1352","...139039","BROWARD","'04/28/2010'","21","Ammonia_plus_Ammonium",0.221,"mg/l",NA,NA,0.5
"1353","...139050","BROWARD","'04/27/2010'","32","Ammonia_plus_Ammonium",0.042,"mg/l",NA,NA,0.5
"1354","...139063","BROWARD","'04/27/2010'","32","Ammonia_plus_Ammonium",NA,"",NA,NA,0.5
"1355","...139075","BROWARD","'04/27/2010'","29","Ammonia_plus_Ammonium",0.17,"mg/l",NA,NA,0.5
"1356","...139092","BROWARD","'04/27/2010'","23","Ammonia_plus_Ammonium",0.285,"mg/l",NA,NA,0.5
"1357","...139103","BROWARD","'04/26/2010'","1","Ammonia_plus_Ammonium",0.071,"mg/l",NA,NA,0.5
"1358","...139109","BROWARD","'04/26/2010'","14","Ammonia_plus_Ammonium",0.182,"mg/l",NA,NA,0.5
"1359","...139123","BROWARD","'02/03/2010'","10","Ammonia_plus_Ammonium",0.04,"mg/l",NA,NA,0.5
"1360","...139129","BROWARD","'02/03/2010'","22","Ammonia_plus_Ammonium",0.487,"mg/l",NA,NA,0.5
"1361","...139142","BROWARD","'02/03/2010'","49","Ammonia_plus_Ammonium",0.1,"mg/l",NA,NA,0.5
"1362","...139155","BROWARD","'02/03/2010'","28","Ammonia_plus_Ammonium",0.207,"mg/l",NA,NA,0.5
"1363","...139168","BROWARD","'02/03/2010'","31","Ammonia_plus_Ammonium",0.206,"mg/l",NA,NA,0.5
"1364","...139172","BROWARD","'02/03/2010'","38","Ammonia_plus_Ammonium",0.03,"mg/l",NA,NA,0.5
"1365","...139186","BROWARD","'02/03/2010'","21","Ammonia_plus_Ammonium",0.324,"mg/l",NA,NA,0.5
"1366","...139194","BROWARD","'02/03/2010'","20","Ammonia_plus_Ammonium",0.302,"mg/l",NA,NA,0.5
"1367","...139211","BROWARD","'02/03/2010'","39","Ammonia_plus_Ammonium",0.025,"mg/l",NA,NA,0.5
"1368","...139217","BROWARD","'02/03/2010'","90","Ammonia_plus_Ammonium",0.264,"mg/l",NA,NA,0.5
"1369","...139229","BROWARD","'02/03/2010'","90","Ammonia_plus_Ammonium",0.277,"mg/l",NA,NA,0.5
"1370","...139246","BROWARD","'02/03/2010'","25","Ammonia_plus_Ammonium",0.276,"mg/l",NA,NA,0.5
"1371","...139251","BROWARD","'02/03/2010'","17","Ammonia_plus_Ammonium",0.027,"mg/l",NA,NA,0.5
"1372","...139261","BROWARD","'02/03/2010'","40","Ammonia_plus_Ammonium",0.032,"mg/l",NA,NA,0.5
"1373","...139274","BROWARD","'02/03/2010'","64","Ammonia_plus_Ammonium",0.131,"mg/l",NA,NA,0.5
"1374","...139284","BROWARD","'02/03/2010'","24","Ammonia_plus_Ammonium",0.211,"mg/l",NA,NA,0.5
"1375","...139302","BROWARD","'02/03/2010'","16","Ammonia_plus_Ammonium",0.188,"mg/l",NA,NA,0.5
"1376","...139311","BROWARD","'02/03/2010'","40","Ammonia_plus_Ammonium",0.026,"mg/l",NA,NA,0.5
"1377","...139315","BROWARD","'02/03/2010'","26","Ammonia_plus_Ammonium",0.299,"mg/l",NA,NA,0.5
"1378","...139328","BROWARD","'02/03/2010'","41","Ammonia_plus_Ammonium",0.058,"mg/l",NA,NA,0.5
"1379","...139343","BROWARD","'02/03/2010'","15","Ammonia_plus_Ammonium",0.168,"mg/l",NA,NA,0.5
"1380","...139353","BROWARD","'02/03/2010'","27","Ammonia_plus_Ammonium",0.362,"mg/l",NA,NA,0.5
"1381","...139367","BROWARD","'02/03/2010'","19","Ammonia_plus_Ammonium",0.183,"mg/l",NA,NA,0.5
"1382","...139376","BROWARD","'02/03/2010'","27","Ammonia_plus_Ammonium",0.351,"mg/l",NA,NA,0.5
"1383","...139384","BROWARD","'02/02/2010'","23","Ammonia_plus_Ammonium",0.403,"mg/l",NA,NA,0.5
"1384","...139391","BROWARD","'02/02/2010'","29","Ammonia_plus_Ammonium",0.196,"mg/l",NA,NA,0.5
"1385","...139405","BROWARD","'02/02/2010'","32","Ammonia_plus_Ammonium",0.083,"mg/l",NA,NA,0.5
"1386","...139421","BROWARD","'02/01/2010'","8","Ammonia_plus_Ammonium",0.045,"mg/l",NA,NA,0.5
"1387","...139432","BROWARD","'02/01/2010'","111","Ammonia_plus_Ammonium",0.027,"mg/l",NA,NA,0.5
"1388","...139443","BROWARD","'02/01/2010'","112","Ammonia_plus_Ammonium",0.013,"mg/l",NA,NA,0.5
"1389","...139452","BROWARD","'02/01/2010'","89","Ammonia_plus_Ammonium",0.075,"mg/l",NA,NA,0.5
"1390","...139462","BROWARD","'02/01/2010'","37","Ammonia_plus_Ammonium",0.01,"mg/l",NA,NA,0.5
"1391","...139473","BROWARD","'02/01/2010'","5","Ammonia_plus_Ammonium",0.05,"mg/l",NA,NA,0.5
"1392","...139479","BROWARD","'02/01/2010'","4","Ammonia_plus_Ammonium",0.457,"mg/l",NA,NA,0.5
"1393","...139484","BROWARD","'02/01/2010'","36","Ammonia_plus_Ammonium",0.012,"mg/l",NA,NA,0.5
"1394","...139511","BROWARD","'02/01/2010'","4","Ammonia_plus_Ammonium",0.421,"mg/l",NA,NA,0.5
"1395","...139521","BROWARD","'02/01/2010'","35","Ammonia_plus_Ammonium",NA,"",NA,NA,0.5
"1396","...139528","BROWARD","'02/01/2010'","6","Ammonia_plus_Ammonium",0.082,"mg/l",NA,NA,0.5
"1397","...139541","BROWARD","'02/01/2010'","35","Ammonia_plus_Ammonium",NA,"",NA,NA,0.5
"1398","...139550","BROWARD","'02/01/2010'","3","Ammonia_plus_Ammonium",0.363,"mg/l",NA,NA,0.5
"1399","...139562","BROWARD","'02/01/2010'","7","Ammonia_plus_Ammonium",0.071,"mg/l",NA,NA,0.5
"1400","...139571","BROWARD","'02/01/2010'","34","Ammonia_plus_Ammonium",NA,"",NA,NA,0.5
"1401","...139587","BROWARD","'02/01/2010'","11","Ammonia_plus_Ammonium",0.095,"mg/l",NA,NA,0.5
"1402","...139596","BROWARD","'02/01/2010'","33","Ammonia_plus_Ammonium",NA,"",NA,NA,0.5
"1403","...139607","BROWARD","'02/01/2010'","2","Ammonia_plus_Ammonium",0.149,"mg/l",NA,NA,0.5
"1404","...139613","BROWARD","'02/01/2010'","11","Ammonia_plus_Ammonium",0.099,"mg/l",NA,NA,0.5
"1405","...139622","BROWARD","'02/01/2010'","12","Ammonia_plus_Ammonium",NA,"",NA,NA,0.5
"1406","...139641","BROWARD","'02/01/2010'","1","Ammonia_plus_Ammonium",0.046,"mg/l",NA,NA,0.5
"1407","...139648","BROWARD","'02/01/2010'","110","Ammonia_plus_Ammonium",0.14,"mg/l",NA,NA,0.5
"1408","...139657","BROWARD","'02/01/2010'","14","Ammonia_plus_Ammonium",0.241,"mg/l",NA,NA,0.5
"1409","...139674","BROWARD","'10/28/2009'","10","Ammonia_plus_Ammonium",0.011,"mg/l",NA,NA,0.5
"1410","...139680","BROWARD","'10/28/2009'","20","Ammonia_plus_Ammonium",0.107,"mg/l",NA,NA,0.5
"1411","...139689","BROWARD","'10/28/2009'","90","Ammonia_plus_Ammonium",0.022,"mg/l",NA,NA,0.5
"1412","...139698","BROWARD","'10/28/2009'","90","Ammonia_plus_Ammonium",0.028,"mg/l",NA,NA,0.5
"1413","...139709","BROWARD","'10/28/2009'","49","Ammonia_plus_Ammonium",0.034,"mg/l",NA,NA,0.5
"1414","...139723","BROWARD","'10/28/2009'","22","Ammonia_plus_Ammonium",0.455,"mg/l",NA,NA,0.5
"1415","...139737","BROWARD","'10/28/2009'","38","Ammonia_plus_Ammonium",0.022,"mg/l",NA,NA,0.5
"1416","...139746","BROWARD","'10/28/2009'","28","Ammonia_plus_Ammonium",0.252,"mg/l",NA,NA,0.5
"1417","...139758","BROWARD","'10/28/2009'","19","Ammonia_plus_Ammonium",0.043,"mg/l",NA,NA,0.5
"1418","...139766","BROWARD","'10/28/2009'","31","Ammonia_plus_Ammonium",0.204,"mg/l",NA,NA,0.5
"1419","...139773","BROWARD","'10/28/2009'","39","Ammonia_plus_Ammonium",0.013,"mg/l",NA,NA,0.5
"1420","...139784","BROWARD","'10/28/2009'","15","Ammonia_plus_Ammonium",0.045,"mg/l",NA,NA,0.5
"1421","...139801","BROWARD","'10/28/2009'","40","Ammonia_plus_Ammonium",NA,"",NA,NA,0.5
"1422","...139803","BROWARD","'10/28/2009'","40","Ammonia_plus_Ammonium",NA,"",NA,NA,0.5
"1423","...139822","BROWARD","'10/28/2009'","16","Ammonia_plus_Ammonium",NA,"",NA,NA,0.5
"1424","...139829","BROWARD","'10/28/2009'","25","Ammonia_plus_Ammonium",0.019,"mg/l",NA,NA,0.5
"1425","...139836","BROWARD","'10/28/2009'","64","Ammonia_plus_Ammonium",0.042,"mg/l",NA,NA,0.5
"1426","...139851","BROWARD","'10/28/2009'","41","Ammonia_plus_Ammonium",NA,"",NA,NA,0.5
"1427","...139858","BROWARD","'10/28/2009'","24","Ammonia_plus_Ammonium",0.037,"mg/l",NA,NA,0.5
"1428","...139870","BROWARD","'10/28/2009'","17","Ammonia_plus_Ammonium",NA,"",NA,NA,0.5
"1429","...139882","BROWARD","'10/28/2009'","26","Ammonia_plus_Ammonium",0.092,"mg/l",NA,NA,0.5
"1430","...139897","BROWARD","'10/28/2009'","27","Ammonia_plus_Ammonium",0.126,"mg/l",NA,NA,0.5
"1431","...139903","BROWARD","'10/28/2009'","21","Ammonia_plus_Ammonium",0.286,"mg/l",NA,NA,0.5
"1432","...139911","BROWARD","'10/28/2009'","27","Ammonia_plus_Ammonium",0.124,"mg/l",NA,NA,0.5
"1433","...139930","BROWARD","'10/27/2009'","114","Ammonia_plus_Ammonium",0.393,"mg/l",NA,NA,0.5
"1434","...139940","BROWARD","'10/27/2009'","114","Ammonia_plus_Ammonium",0.391,"mg/l",NA,NA,0.5
"1435","...139945","BROWARD","'10/27/2009'","32","Ammonia_plus_Ammonium",0.179,"mg/l",NA,NA,0.5
"1436","...139957","BROWARD","'10/27/2009'","29","Ammonia_plus_Ammonium",0.388,"mg/l",NA,NA,0.5
"1437","...139972","BROWARD","'10/27/2009'","23","Ammonia_plus_Ammonium",0.348,"mg/l",NA,NA,0.5
"1438","...139987","BROWARD","'10/26/2009'","111","Ammonia_plus_Ammonium",NA,"",NA,NA,0.5
"1439","...139997","BROWARD","'10/26/2009'","112","Ammonia_plus_Ammonium",0.027,"mg/l",NA,NA,0.5
"1440","...140004","BROWARD","'10/26/2009'","37","Ammonia_plus_Ammonium",0.017,"mg/l",NA,NA,0.5
"1441","...140013","BROWARD","'10/26/2009'","5","Ammonia_plus_Ammonium",0.015,"mg/l",NA,NA,0.5
"1442","...140030","BROWARD","'10/26/2009'","8","Ammonia_plus_Ammonium",0.032,"mg/l",NA,NA,0.5
"1443","...140037","BROWARD","'10/26/2009'","36","Ammonia_plus_Ammonium",0.023,"mg/l",NA,NA,0.5
"1444","...140053","BROWARD","'10/26/2009'","89","Ammonia_plus_Ammonium",0.069,"mg/l",NA,NA,0.5
"1445","...140055","BROWARD","'10/26/2009'","35","Ammonia_plus_Ammonium",NA,"",NA,NA,0.5
"1446","...140065","BROWARD","'10/26/2009'","6","Ammonia_plus_Ammonium",NA,"",NA,NA,0.5
"1447","...140079","BROWARD","'10/26/2009'","35","Ammonia_plus_Ammonium",0.034,"mg/l",NA,NA,0.5
"1448","...140096","BROWARD","'10/26/2009'","4","Ammonia_plus_Ammonium",0.416,"mg/l",NA,NA,0.5
"1449","...140099","BROWARD","'10/26/2009'","4","Ammonia_plus_Ammonium",0.412,"mg/l",NA,NA,0.5
"1450","...140113","BROWARD","'10/26/2009'","34","Ammonia_plus_Ammonium",0.01,"mg/l",NA,NA,0.5
"1451","...140121","BROWARD","'10/26/2009'","7","Ammonia_plus_Ammonium",0.035,"mg/l",NA,NA,0.5
"1452","...140138","BROWARD","'10/26/2009'","3","Ammonia_plus_Ammonium",0.217,"mg/l",NA,NA,0.5
"1453","...140142","BROWARD","'10/26/2009'","33","Ammonia_plus_Ammonium",0.039,"mg/l",NA,NA,0.5
"1454","...140161","BROWARD","'10/26/2009'","11","Ammonia_plus_Ammonium",0.159,"mg/l",NA,NA,0.5
"1455","...140172","BROWARD","'10/26/2009'","11","Ammonia_plus_Ammonium",0.157,"mg/l",NA,NA,0.5
"1456","...140178","BROWARD","'10/26/2009'","2","Ammonia_plus_Ammonium",0.049,"mg/l",NA,NA,0.5
"1457","...140192","BROWARD","'10/26/2009'","1","Ammonia_plus_Ammonium",0.08,"mg/l",NA,NA,0.5
"1458","...140203","BROWARD","'10/26/2009'","12","Ammonia_plus_Ammonium",0.225,"mg/l",NA,NA,0.5
"1459","...140212","BROWARD","'10/26/2009'","110","Ammonia_plus_Ammonium",0.11,"mg/l",NA,NA,0.5
"1460","...140225","BROWARD","'10/26/2009'","14","Ammonia_plus_Ammonium",0.53,"mg/l",NA,NA,0.5
"1461","...140240","BROWARD","'09/02/2009'","10","Ammonia_plus_Ammonium",0.05,"mg/l",NA,NA,0.5
"1462","...140251","BROWARD","'09/02/2009'","49","Ammonia_plus_Ammonium",0.041,"mg/l",NA,NA,0.5
"1463","...140252","BROWARD","'09/02/2009'","22","Ammonia_plus_Ammonium",0.356,"mg/l",NA,NA,0.5
"1464","...140270","BROWARD","'09/02/2009'","21","Ammonia_plus_Ammonium",0.156,"mg/l",NA,NA,0.5
"1465","...140281","BROWARD","'09/02/2009'","20","Ammonia_plus_Ammonium",0.109,"mg/l",NA,NA,0.5
"1466","...140293","BROWARD","'09/02/2009'","28","Ammonia_plus_Ammonium",0.367,"mg/l",NA,NA,0.5
"1467","...140299","BROWARD","'09/02/2009'","90","Ammonia_plus_Ammonium",0.076,"mg/l",NA,NA,0.5
"1468","...140309","BROWARD","'09/02/2009'","38","Ammonia_plus_Ammonium",0.034,"mg/l",NA,NA,0.5
"1469","...140323","BROWARD","'09/02/2009'","90","Ammonia_plus_Ammonium",0.075,"mg/l",NA,NA,0.5
"1470","...140339","BROWARD","'09/02/2009'","31","Ammonia_plus_Ammonium",0.192,"mg/l",NA,NA,0.5
"1471","...140347","BROWARD","'09/02/2009'","17","Ammonia_plus_Ammonium",0.074,"mg/l",NA,NA,0.5
"1472","...140352","BROWARD","'09/02/2009'","39","Ammonia_plus_Ammonium",0.02,"mg/l",NA,NA,0.5
"1473","...140365","BROWARD","'09/02/2009'","40","Ammonia_plus_Ammonium",0.029,"mg/l",NA,NA,0.5
"1474","...140382","BROWARD","'09/02/2009'","64","Ammonia_plus_Ammonium",0.088,"mg/l",NA,NA,0.5
"1475","...140390","BROWARD","'09/02/2009'","25","Ammonia_plus_Ammonium",0.203,"mg/l",NA,NA,0.5
"1476","...140402","BROWARD","'09/02/2009'","40","Ammonia_plus_Ammonium",0.024,"mg/l",NA,NA,0.5
"1477","...140409","BROWARD","'09/02/2009'","16","Ammonia_plus_Ammonium",0.137,"mg/l",NA,NA,0.5
"1478","...140422","BROWARD","'09/02/2009'","24","Ammonia_plus_Ammonium",0.13,"mg/l",NA,NA,0.5
"1479","...140428","BROWARD","'09/02/2009'","15","Ammonia_plus_Ammonium",0.067,"mg/l",NA,NA,0.5
"1480","...140443","BROWARD","'09/02/2009'","41","Ammonia_plus_Ammonium",0.041,"mg/l",NA,NA,0.5
"1481","...140455","BROWARD","'09/02/2009'","26","Ammonia_plus_Ammonium",0.205,"mg/l",NA,NA,0.5
"1482","...140461","BROWARD","'09/02/2009'","19","Ammonia_plus_Ammonium",0.077,"mg/l",NA,NA,0.5
"1483","...140482","BROWARD","'09/02/2009'","27","Ammonia_plus_Ammonium",0.348,"mg/l",NA,NA,0.5
"1484","...140490","BROWARD","'09/02/2009'","27","Ammonia_plus_Ammonium",0.346,"mg/l",NA,NA,0.5
"1485","...140499","BROWARD","'09/01/2009'","114","Ammonia_plus_Ammonium",0.193,"mg/l",NA,NA,0.5
"1486","...140509","BROWARD","'09/01/2009'","114","Ammonia_plus_Ammonium",0.187,"mg/l",NA,NA,0.5
"1487","...140524","BROWARD","'09/01/2009'","32","Ammonia_plus_Ammonium",0.106,"mg/l",NA,NA,0.5
"1488","...140528","BROWARD","'09/01/2009'","29","Ammonia_plus_Ammonium",0.208,"mg/l",NA,NA,0.5
"1489","...140547","BROWARD","'09/01/2009'","23","Ammonia_plus_Ammonium",0.134,"mg/l",NA,NA,0.5
"1490","...140553","BROWARD","'08/31/2009'","8","Ammonia_plus_Ammonium",0.054,"mg/l",NA,NA,0.5
"1491","...140564","BROWARD","'08/31/2009'","89","Ammonia_plus_Ammonium",0.032,"mg/l",NA,NA,0.5
"1492","...140571","BROWARD","'08/31/2009'","111","Ammonia_plus_Ammonium",0.034,"mg/l",NA,NA,0.5
"1493","...140590","BROWARD","'08/31/2009'","37","Ammonia_plus_Ammonium",0.012,"mg/l",NA,NA,0.5
"1494","...140594","BROWARD","'08/31/2009'","112","Ammonia_plus_Ammonium",0.068,"mg/l",NA,NA,0.5
"1495","...140614","BROWARD","'08/31/2009'","4","Ammonia_plus_Ammonium",0.326,"mg/l",NA,NA,0.5
"1496","...140617","BROWARD","'08/31/2009'","4","Ammonia_plus_Ammonium",0.336,"mg/l",NA,NA,0.5
"1497","...140631","BROWARD","'08/31/2009'","5","Ammonia_plus_Ammonium",0.053,"mg/l",NA,NA,0.5
"1498","...140640","BROWARD","'08/31/2009'","36","Ammonia_plus_Ammonium",0.019,"mg/l",NA,NA,0.5
"1499","...140652","BROWARD","'08/31/2009'","3","Ammonia_plus_Ammonium",0.142,"mg/l",NA,NA,0.5
"1500","...140661","BROWARD","'08/31/2009'","35","Ammonia_plus_Ammonium",0.041,"mg/l",NA,NA,0.5
"1501","...140670","BROWARD","'08/31/2009'","35","Ammonia_plus_Ammonium",0.046,"mg/l",NA,NA,0.5
"1502","...140687","BROWARD","'08/31/2009'","6","Ammonia_plus_Ammonium",0.051,"mg/l",NA,NA,0.5
"1503","...140693","BROWARD","'08/31/2009'","2","Ammonia_plus_Ammonium",0.04,"mg/l",NA,NA,0.5
"1504","...140713","BROWARD","'08/31/2009'","34","Ammonia_plus_Ammonium",0.043,"mg/l",NA,NA,0.5
"1505","...140719","BROWARD","'08/31/2009'","7","Ammonia_plus_Ammonium",0.054,"mg/l",NA,NA,0.5
"1506","...140729","BROWARD","'08/31/2009'","33","Ammonia_plus_Ammonium",0.044,"mg/l",NA,NA,0.5
"1507","...140737","BROWARD","'08/31/2009'","110","Ammonia_plus_Ammonium",0.071,"mg/l",NA,NA,0.5
"1508","...140754","BROWARD","'08/31/2009'","11","Ammonia_plus_Ammonium",0.086,"mg/l",NA,NA,0.5
"1509","...140764","BROWARD","'08/31/2009'","11","Ammonia_plus_Ammonium",0.084,"mg/l",NA,NA,0.5
"1510","...140775","BROWARD","'08/31/2009'","12","Ammonia_plus_Ammonium",0.13,"mg/l",NA,NA,0.5
"1511","...140785","BROWARD","'08/31/2009'","1","Ammonia_plus_Ammonium",0.072,"mg/l",NA,NA,0.5
"1512","...140799","BROWARD","'08/31/2009'","14","Ammonia_plus_Ammonium",0.383,"mg/l",NA,NA,0.5
"1513","...140804","BROWARD","'06/24/2009'","10","Ammonia_plus_Ammonium",0.045,"mg/l",NA,NA,0.5
"1514","...140818","BROWARD","'06/24/2009'","21","Ammonia_plus_Ammonium",0.319,"mg/l",NA,NA,0.5
"1515","...140821","BROWARD","'06/24/2009'","25","Ammonia_plus_Ammonium",0.129,"mg/l",NA,NA,0.5
"1516","...140839","BROWARD","'06/24/2009'","49","Ammonia_plus_Ammonium",0.053,"mg/l",NA,NA,0.5
"1517","...140850","BROWARD","'06/24/2009'","20","Ammonia_plus_Ammonium",0.161,"mg/l",NA,NA,0.5
"1518","...140854","BROWARD","'06/24/2009'","90","Ammonia_plus_Ammonium",0.038,"mg/l",NA,NA,0.5
"1519","...140865","BROWARD","'06/24/2009'","24","Ammonia_plus_Ammonium",0.071,"mg/l",NA,NA,0.5
"1520","...140877","BROWARD","'06/24/2009'","90","Ammonia_plus_Ammonium",0.038,"mg/l",NA,NA,0.5
"1521","...140886","BROWARD","'06/24/2009'","38","Ammonia_plus_Ammonium",0.024,"mg/l",NA,NA,0.5
"1522","...140899","BROWARD","'06/24/2009'","26","Ammonia_plus_Ammonium",0.127,"mg/l",NA,NA,0.5
"1523","...140910","BROWARD","'06/24/2009'","17","Ammonia_plus_Ammonium",NA,"",NA,NA,0.5
"1524","...140922","BROWARD","'06/24/2009'","27","Ammonia_plus_Ammonium",0.234,"mg/l",NA,NA,0.5
"1525","...140936","BROWARD","'06/24/2009'","39","Ammonia_plus_Ammonium",0.023,"mg/l",NA,NA,0.5
"1526","...140946","BROWARD","'06/24/2009'","27","Ammonia_plus_Ammonium",0.236,"mg/l",NA,NA,0.5
"1527","...140954","BROWARD","'06/24/2009'","64","Ammonia_plus_Ammonium",0.118,"mg/l",NA,NA,0.5
"1528","...140970","BROWARD","'06/24/2009'","40","Ammonia_plus_Ammonium",0.011,"mg/l",NA,NA,0.5
"1529","...140984","BROWARD","'06/24/2009'","40","Ammonia_plus_Ammonium",0.015,"mg/l",NA,NA,0.5
"1530","...140991","BROWARD","'06/24/2009'","16","Ammonia_plus_Ammonium",0.102,"mg/l",NA,NA,0.5
"1531","...141001","BROWARD","'06/24/2009'","31","Ammonia_plus_Ammonium",0.181,"mg/l",NA,NA,0.5
"1532","...141010","BROWARD","'06/24/2009'","41","Ammonia_plus_Ammonium",0.038,"mg/l",NA,NA,0.5
"1533","...141020","BROWARD","'06/24/2009'","15","Ammonia_plus_Ammonium",0.048,"mg/l",NA,NA,0.5
"1534","...141029","BROWARD","'06/24/2009'","28","Ammonia_plus_Ammonium",0.08,"mg/l",NA,NA,0.5
"1535","...141050","BROWARD","'06/24/2009'","19","Ammonia_plus_Ammonium",0.072,"mg/l",NA,NA,0.5
"1536","...141054","BROWARD","'06/24/2009'","22","Ammonia_plus_Ammonium",0.345,"mg/l",NA,NA,0.5
"1537","...141071","BROWARD","'06/23/2009'","114","Ammonia_plus_Ammonium",0.049,"mg/l",NA,NA,0.5
"1538","...141083","BROWARD","'06/23/2009'","114","Ammonia_plus_Ammonium",0.045,"mg/l",NA,NA,0.5
"1539","...141085","BROWARD","'06/23/2009'","32","Ammonia_plus_Ammonium",0.048,"mg/l",NA,NA,0.5
"1540","...141098","BROWARD","'06/23/2009'","29","Ammonia_plus_Ammonium",0.278,"mg/l",NA,NA,0.5
"1541","...141116","BROWARD","'06/23/2009'","23","Ammonia_plus_Ammonium",0.431,"mg/l",NA,NA,0.5
"1542","...141119","BROWARD","'06/22/2009'","111","Ammonia_plus_Ammonium",NA,"",NA,NA,0.5
"1543","...141137","BROWARD","'06/22/2009'","112","Ammonia_plus_Ammonium",NA,"",NA,NA,0.5
"1544","...141144","BROWARD","'06/22/2009'","8","Ammonia_plus_Ammonium",0.044,"mg/l",NA,NA,0.5
"1545","...141155","BROWARD","'06/22/2009'","37","Ammonia_plus_Ammonium",NA,"",NA,NA,0.5
"1546","...141164","BROWARD","'06/22/2009'","5","Ammonia_plus_Ammonium",0.03,"mg/l",NA,NA,0.5
"1547","...141180","BROWARD","'06/22/2009'","36","Ammonia_plus_Ammonium",0.01,"mg/l",NA,NA,0.5
"1548","...141188","BROWARD","'06/22/2009'","89","Ammonia_plus_Ammonium",0.069,"mg/l",NA,NA,0.5
"1549","...141200","BROWARD","'06/22/2009'","6","Ammonia_plus_Ammonium",NA,"",NA,NA,0.5
"1550","...141210","BROWARD","'06/22/2009'","35","Ammonia_plus_Ammonium",NA,"",NA,NA,0.5
"1551","...141222","BROWARD","'06/22/2009'","35","Ammonia_plus_Ammonium",0.01,"mg/l",NA,NA,0.5
"1552","...141229","BROWARD","'06/22/2009'","34","Ammonia_plus_Ammonium",NA,"",NA,NA,0.5
"1553","...141248","BROWARD","'06/22/2009'","7","Ammonia_plus_Ammonium",0.039,"mg/l",NA,NA,0.5
"1554","...141254","BROWARD","'06/22/2009'","4","Ammonia_plus_Ammonium",0.187,"mg/l",NA,NA,0.5
"1555","...141264","BROWARD","'06/22/2009'","4","Ammonia_plus_Ammonium",0.22,"mg/l",NA,NA,0.5
"1556","...141275","BROWARD","'06/22/2009'","1","Ammonia_plus_Ammonium",0.042,"mg/l",NA,NA,0.5
"1557","...141285","BROWARD","'06/22/2009'","3","Ammonia_plus_Ammonium",0.157,"mg/l",NA,NA,0.5
"1558","...141294","BROWARD","'06/22/2009'","11","Ammonia_plus_Ammonium",0.045,"mg/l",NA,NA,0.5
"1559","...141307","BROWARD","'06/22/2009'","11","Ammonia_plus_Ammonium",0.056,"mg/l",NA,NA,0.5
"1560","...141316","BROWARD","'06/22/2009'","2","Ammonia_plus_Ammonium",0.076,"mg/l",NA,NA,0.5
"1561","...141331","BROWARD","'06/22/2009'","33","Ammonia_plus_Ammonium",0.021,"mg/l",NA,NA,0.5
"1562","...141342","BROWARD","'06/22/2009'","12","Ammonia_plus_Ammonium",0.089,"mg/l",NA,NA,0.5
"1563","...141350","BROWARD","'06/22/2009'","14","Ammonia_plus_Ammonium",0.2,"mg/l",NA,NA,0.5
"1564","...141366","BROWARD","'06/22/2009'","110","Ammonia_plus_Ammonium",0.074,"mg/l",NA,NA,0.5
"1565","...141373","BROWARD","'03/04/2009'","41","Ammonia_plus_Ammonium",NA,"",NA,NA,0.5
"1566","...141383","BROWARD","'03/04/2009'","27","Ammonia_plus_Ammonium",NA,"",NA,NA,0.5
"1567","...141397","BROWARD","'03/04/2009'","27","Ammonia_plus_Ammonium",NA,"",NA,NA,0.5
"1568","...141406","BROWARD","'03/04/2009'","20","Ammonia_plus_Ammonium",NA,"",NA,NA,0.5
"1569","...141418","BROWARD","'03/04/2009'","28","Ammonia_plus_Ammonium",0.425,"mg/l",NA,NA,0.5
"1570","...141423","BROWARD","'03/04/2009'","90","Ammonia_plus_Ammonium",NA,"",NA,NA,0.5
"1571","...141434","BROWARD","'03/04/2009'","90","Ammonia_plus_Ammonium",NA,"",NA,NA,0.5
"1572","...141445","BROWARD","'03/04/2009'","40","Ammonia_plus_Ammonium",NA,"",NA,NA,0.5
"1573","...141454","BROWARD","'03/04/2009'","40","Ammonia_plus_Ammonium",NA,"",NA,NA,0.5
"1574","...141463","BROWARD","'03/04/2009'","31","Ammonia_plus_Ammonium",0.17,"mg/l",NA,NA,0.5
"1575","...141471","BROWARD","'03/04/2009'","19","Ammonia_plus_Ammonium",NA,"",NA,NA,0.5
"1576","...141488","BROWARD","'03/04/2009'","39","Ammonia_plus_Ammonium",NA,"",NA,NA,0.5
"1577","...141491","BROWARD","'03/04/2009'","15","Ammonia_plus_Ammonium",NA,"",NA,NA,0.5
"1578","...141507","BROWARD","'03/04/2009'","22","Ammonia_plus_Ammonium",0.553,"mg/l",NA,NA,0.5
"1579","...141518","BROWARD","'03/04/2009'","38","Ammonia_plus_Ammonium",NA,"",NA,NA,0.5
"1580","...141524","BROWARD","'03/04/2009'","16","Ammonia_plus_Ammonium",NA,"",NA,NA,0.5
"1581","...141533","BROWARD","'03/04/2009'","25","Ammonia_plus_Ammonium",0.053,"mg/l",NA,NA,0.5
"1582","...141546","BROWARD","'03/04/2009'","49","Ammonia_plus_Ammonium",NA,"",NA,NA,0.5
"1583","...141555","BROWARD","'03/04/2009'","64","Ammonia_plus_Ammonium",0.041,"mg/l",NA,NA,0.5
"1584","...141563","BROWARD","'03/04/2009'","24","Ammonia_plus_Ammonium",NA,"",NA,NA,0.5
"1585","...141571","BROWARD","'03/04/2009'","10","Ammonia_plus_Ammonium",NA,"",NA,NA,0.5
"1586","...141584","BROWARD","'03/04/2009'","17","Ammonia_plus_Ammonium",NA,"",NA,NA,0.5
"1587","...141590","BROWARD","'03/04/2009'","26","Ammonia_plus_Ammonium",0.023,"mg/l",NA,NA,0.5
"1588","...141606","BROWARD","'03/04/2009'","21","Ammonia_plus_Ammonium",0.094,"mg/l",NA,NA,0.5
"1589","...141618","BROWARD","'03/03/2009'","114","Ammonia_plus_Ammonium",0.305,"mg/l",NA,NA,0.5
"1590","...141623","BROWARD","'03/03/2009'","114","Ammonia_plus_Ammonium",0.305,"mg/l",NA,NA,0.5
"1591","...141636","BROWARD","'03/03/2009'","32","Ammonia_plus_Ammonium",0.091,"mg/l",NA,NA,0.5
"1592","...141644","BROWARD","'03/03/2009'","29","Ammonia_plus_Ammonium",0.597,"mg/l",NA,NA,0.5
"1593","...141653","BROWARD","'03/03/2009'","23","Ammonia_plus_Ammonium",0.412,"mg/l",NA,NA,0.5
"1594","...141665","BROWARD","'03/02/2009'","37","Ammonia_plus_Ammonium",NA,"",NA,NA,0.5
"1595","...141671","BROWARD","'03/02/2009'","111","Ammonia_plus_Ammonium",NA,"",NA,NA,0.5
"1596","...141685","BROWARD","'03/02/2009'","112","Ammonia_plus_Ammonium",NA,"",NA,NA,0.5
"1597","...141690","BROWARD","'03/02/2009'","36","Ammonia_plus_Ammonium",NA,"",NA,NA,0.5
"1598","...141701","BROWARD","'03/02/2009'","8","Ammonia_plus_Ammonium",0.028,"mg/l",NA,NA,0.5
"1599","...141716","BROWARD","'03/02/2009'","5","Ammonia_plus_Ammonium",NA,"",NA,NA,0.5
"1600","...141727","BROWARD","'03/02/2009'","35","Ammonia_plus_Ammonium",NA,"",NA,NA,0.5
"1601","...141731","BROWARD","'03/02/2009'","89","Ammonia_plus_Ammonium",0.034,"mg/l",NA,NA,0.5
"1602","...141742","BROWARD","'03/02/2009'","35","Ammonia_plus_Ammonium",0.023,"mg/l",NA,NA,0.5
"1603","...141751","BROWARD","'03/02/2009'","6","Ammonia_plus_Ammonium",0.053,"mg/l",NA,NA,0.5
"1604","...141761","BROWARD","'03/02/2009'","34","Ammonia_plus_Ammonium",NA,"",NA,NA,0.5
"1605","...141776","BROWARD","'03/02/2009'","7","Ammonia_plus_Ammonium",0.057,"mg/l",NA,NA,0.5
"1606","...141786","BROWARD","'03/02/2009'","4","Ammonia_plus_Ammonium",NA,"",NA,NA,0.5
"1607","...141794","BROWARD","'03/02/2009'","4","Ammonia_plus_Ammonium",NA,"",NA,NA,0.5
"1608","...141802","BROWARD","'03/02/2009'","33","Ammonia_plus_Ammonium",NA,"",NA,NA,0.5
"1609","...141818","BROWARD","'03/02/2009'","11","Ammonia_plus_Ammonium",NA,"",NA,NA,0.5
"1610","...141827","BROWARD","'03/02/2009'","3","Ammonia_plus_Ammonium",0.078,"mg/l",NA,NA,0.5
"1611","...141829","BROWARD","'03/02/2009'","11","Ammonia_plus_Ammonium",NA,"",NA,NA,0.5
"1612","...141840","BROWARD","'03/02/2009'","12","Ammonia_plus_Ammonium",0.049,"mg/l",NA,NA,0.5
"1613","...141858","BROWARD","'03/02/2009'","2","Ammonia_plus_Ammonium",NA,"",NA,NA,0.5
"1614","...141863","BROWARD","'03/02/2009'","1","Ammonia_plus_Ammonium",0.016,"mg/l",NA,NA,0.5
"1615","...141876","BROWARD","'03/02/2009'","14","Ammonia_plus_Ammonium",0.218,"mg/l",NA,NA,0.5
"1616","...141879","BROWARD","'03/02/2009'","110","Ammonia_plus_Ammonium",0.035,"mg/l",NA,NA,0.5
"1617","...141899","BROWARD","'08/06/2008'","20","Ammonia_plus_Ammonium",0.066,"mg/l",NA,NA,0.5
"1618","...141905","BROWARD","'08/06/2008'","90","Ammonia_plus_Ammonium",0.075,"mg/l",NA,NA,0.5
"1619","...141915","BROWARD","'08/06/2008'","90","Ammonia_plus_Ammonium",0.074,"mg/l",NA,NA,0.5
"1620","...141931","BROWARD","'08/06/2008'","10","Ammonia_plus_Ammonium",NA,"",NA,NA,0.5
"1621","...141932","BROWARD","'08/06/2008'","28","Ammonia_plus_Ammonium",0.186,"mg/l",NA,NA,0.5
"1622","...141948","BROWARD","'08/06/2008'","49","Ammonia_plus_Ammonium",0.045,"mg/l",NA,NA,0.5
"1623","...141956","BROWARD","'08/06/2008'","19","Ammonia_plus_Ammonium",0.057,"mg/l",NA,NA,0.5
"1624","...141970","BROWARD","'08/06/2008'","31","Ammonia_plus_Ammonium",0.266,"mg/l",NA,NA,0.5
"1625","...141983","BROWARD","'08/06/2008'","15","Ammonia_plus_Ammonium",0.034,"mg/l",NA,NA,0.5
"1626","...141990","BROWARD","'08/06/2008'","38","Ammonia_plus_Ammonium",NA,"",NA,NA,0.5
"1627","...142008","BROWARD","'08/06/2008'","22","Ammonia_plus_Ammonium",0.312,"mg/l",NA,NA,0.5
"1628","...142016","BROWARD","'08/06/2008'","39","Ammonia_plus_Ammonium",NA,"",NA,NA,0.5
"1629","...142021","BROWARD","'08/06/2008'","16","Ammonia_plus_Ammonium",0.038,"mg/l",NA,NA,0.5
"1630","...142038","BROWARD","'08/06/2008'","40","Ammonia_plus_Ammonium",0.018,"mg/l",NA,NA,0.5
"1631","...142052","BROWARD","'08/06/2008'","40","Ammonia_plus_Ammonium",0.024,"mg/l",NA,NA,0.5
"1632","...142056","BROWARD","'08/06/2008'","25","Ammonia_plus_Ammonium",0.131,"mg/l",NA,NA,0.5
"1633","...142068","BROWARD","'08/06/2008'","64","Ammonia_plus_Ammonium",0.097,"mg/l",NA,NA,0.5
"1634","...142078","BROWARD","'08/06/2008'","24","Ammonia_plus_Ammonium",0.045,"mg/l",NA,NA,0.5
"1635","...142089","BROWARD","'08/06/2008'","41","Ammonia_plus_Ammonium",NA,"",NA,NA,0.5
"1636","...142098","BROWARD","'08/06/2008'","26","Ammonia_plus_Ammonium",0.128,"mg/l",NA,NA,0.5
"1637","...142118","BROWARD","'08/06/2008'","17","Ammonia_plus_Ammonium",NA,"",NA,NA,0.5
"1638","...142126","BROWARD","'08/06/2008'","27","Ammonia_plus_Ammonium",0.279,"mg/l",NA,NA,0.5
"1639","...142138","BROWARD","'08/06/2008'","27","Ammonia_plus_Ammonium",0.26,"mg/l",NA,NA,0.5
"1640","...142150","BROWARD","'08/06/2008'","21","Ammonia_plus_Ammonium",0.19,"mg/l",NA,NA,0.5
"1641","...142155","BROWARD","'08/05/2008'","32","Ammonia_plus_Ammonium",0.027,"mg/l",NA,NA,0.5
"1642","...142167","BROWARD","'08/05/2008'","114","Ammonia_plus_Ammonium",NA,"",NA,NA,0.5
"1643","...142178","BROWARD","'08/05/2008'","114","Ammonia_plus_Ammonium",NA,"",NA,NA,0.5
"1644","...142186","BROWARD","'08/05/2008'","29","Ammonia_plus_Ammonium",0.225,"mg/l",NA,NA,0.5
"1645","...142199","BROWARD","'08/05/2008'","23","Ammonia_plus_Ammonium",0.222,"mg/l",NA,NA,0.5
"1646","...142212","BROWARD","'08/04/2008'","37","Ammonia_plus_Ammonium",0.021,"mg/l",NA,NA,0.5
"1647","...142218","BROWARD","'08/04/2008'","36","Ammonia_plus_Ammonium",NA,"",NA,NA,0.5
"1648","...142235","BROWARD","'08/04/2008'","111","Ammonia_plus_Ammonium",0.04,"mg/l",NA,NA,0.5
"1649","...142249","BROWARD","'08/04/2008'","112","Ammonia_plus_Ammonium",0.074,"mg/l",NA,NA,0.5
"1650","...142253","BROWARD","'08/04/2008'","89","Ammonia_plus_Ammonium",NA,"",NA,NA,0.5
"1651","...142267","BROWARD","'08/04/2008'","5","Ammonia_plus_Ammonium",0.015,"mg/l",NA,NA,0.5
"1652","...142283","BROWARD","'08/04/2008'","35","Ammonia_plus_Ammonium",NA,"",NA,NA,0.5
"1653","...142290","BROWARD","'08/04/2008'","35","Ammonia_plus_Ammonium",NA,"",NA,NA,0.5
"1654","...142297","BROWARD","'08/04/2008'","8","Ammonia_plus_Ammonium",0.032,"mg/l",NA,NA,0.5
"1655","...142311","BROWARD","'08/04/2008'","6","Ammonia_plus_Ammonium",0.054,"mg/l",NA,NA,0.5
"1656","...142326","BROWARD","'08/04/2008'","34","Ammonia_plus_Ammonium",NA,"",NA,NA,0.5
"1657","...142337","BROWARD","'08/04/2008'","4","Ammonia_plus_Ammonium",0.323,"mg/l",NA,NA,0.5
"1658","...142346","BROWARD","'08/04/2008'","4","Ammonia_plus_Ammonium",0.338,"mg/l",NA,NA,0.5
"1659","...142358","BROWARD","'08/04/2008'","7","Ammonia_plus_Ammonium",NA,"",NA,NA,0.5
"1660","...142361","BROWARD","'08/04/2008'","3","Ammonia_plus_Ammonium",0.171,"mg/l",NA,NA,0.5
"1661","...142372","BROWARD","'08/04/2008'","33","Ammonia_plus_Ammonium",0.025,"mg/l",NA,NA,0.5
"1662","...142391","BROWARD","'08/04/2008'","11","Ammonia_plus_Ammonium",0.129,"mg/l",NA,NA,0.5
"1663","...142402","BROWARD","'08/04/2008'","11","Ammonia_plus_Ammonium",0.131,"mg/l",NA,NA,0.5
"1664","...142409","BROWARD","'08/04/2008'","2","Ammonia_plus_Ammonium",0.095,"mg/l",NA,NA,0.5
"1665","...142416","BROWARD","'08/04/2008'","12","Ammonia_plus_Ammonium",0.15,"mg/l",NA,NA,0.5
"1666","...142433","BROWARD","'08/04/2008'","1","Ammonia_plus_Ammonium",0.05,"mg/l",NA,NA,0.5
"1667","...142445","BROWARD","'08/04/2008'","14","Ammonia_plus_Ammonium",0.226,"mg/l",NA,NA,0.5
"1668","...142459","BROWARD","'08/04/2008'","110","Ammonia_plus_Ammonium",0.105,"mg/l",NA,NA,0.5
"1669","...142462","BROWARD","'05/14/2008'","10","Ammonia_plus_Ammonium",0.022,"mg/l",NA,NA,0.5
"1670","...142480","BROWARD","'05/14/2008'","49","Ammonia_plus_Ammonium",0.05,"mg/l",NA,NA,0.5
"1671","...142483","BROWARD","'05/14/2008'","22","Ammonia_plus_Ammonium",0.448,"mg/l",NA,NA,0.5
"1672","...142501","BROWARD","'05/14/2008'","28","Ammonia_plus_Ammonium",0.063,"mg/l",NA,NA,0.5
"1673","...142514","BROWARD","'05/14/2008'","21","Ammonia_plus_Ammonium",NA,"",NA,NA,0.5
"1674","...142520","BROWARD","'05/14/2008'","38","Ammonia_plus_Ammonium",NA,"",NA,NA,0.5
"1675","...142526","BROWARD","'05/14/2008'","31","Ammonia_plus_Ammonium",0.088,"mg/l",NA,NA,0.5
"1676","...142539","BROWARD","'05/14/2008'","20","Ammonia_plus_Ammonium",0.047,"mg/l",NA,NA,0.5
"1677","...142553","BROWARD","'05/14/2008'","90","Ammonia_plus_Ammonium",0.031,"mg/l",NA,NA,0.5
"1678","...142560","BROWARD","'05/14/2008'","90","Ammonia_plus_Ammonium",0.061,"mg/l",NA,NA,0.5
"1679","...142570","BROWARD","'05/14/2008'","39","Ammonia_plus_Ammonium",0.083,"mg/l",NA,NA,0.5
"1680","...142591","BROWARD","'05/14/2008'","25","Ammonia_plus_Ammonium",NA,"",NA,NA,0.5
"1681","...142601","BROWARD","'05/14/2008'","17","Ammonia_plus_Ammonium",NA,"",NA,NA,0.5
"1682","...142604","BROWARD","'05/14/2008'","40","Ammonia_plus_Ammonium",0.017,"mg/l",NA,NA,0.5
"1683","...142621","BROWARD","'05/14/2008'","24","Ammonia_plus_Ammonium",0.039,"mg/l",NA,NA,0.5
"1684","...142630","BROWARD","'05/14/2008'","40","Ammonia_plus_Ammonium",0.028,"mg/l",NA,NA,0.5
"1685","...142640","BROWARD","'05/14/2008'","64","Ammonia_plus_Ammonium",0.016,"mg/l",NA,NA,0.5
"1686","...142657","BROWARD","'05/14/2008'","16","Ammonia_plus_Ammonium",0.016,"mg/l",NA,NA,0.5
"1687","...142663","BROWARD","'05/14/2008'","26","Ammonia_plus_Ammonium",0.018,"mg/l",NA,NA,0.5
"1688","...142671","BROWARD","'05/14/2008'","15","Ammonia_plus_Ammonium",0.042,"mg/l",NA,NA,0.5
"1689","...142687","BROWARD","'05/14/2008'","41","Ammonia_plus_Ammonium",NA,"",NA,NA,0.5
"1690","...142700","BROWARD","'05/14/2008'","27","Ammonia_plus_Ammonium",0.035,"mg/l",NA,NA,0.5
"1691","...142703","BROWARD","'05/14/2008'","19","Ammonia_plus_Ammonium",0.028,"mg/l",NA,NA,0.5
"1692","...142723","BROWARD","'05/14/2008'","27","Ammonia_plus_Ammonium",0.036,"mg/l",NA,NA,0.5
"1693","...142729","BROWARD","'05/13/2008'","114","Ammonia_plus_Ammonium",0.186,"mg/l",NA,NA,0.5
"1694","...142738","BROWARD","'05/13/2008'","114","Ammonia_plus_Ammonium",0.216,"mg/l",NA,NA,0.5
"1695","...142752","BROWARD","'05/13/2008'","32","Ammonia_plus_Ammonium",NA,"",NA,NA,0.5
"1696","...142761","BROWARD","'05/13/2008'","29","Ammonia_plus_Ammonium",0.31,"mg/l",NA,NA,0.5
"1697","...142775","BROWARD","'05/13/2008'","23","Ammonia_plus_Ammonium",0.452,"mg/l",NA,NA,0.5
"1698","...142789","BROWARD","'05/12/2008'","111","Ammonia_plus_Ammonium",0.064,"mg/l",NA,NA,0.5
"1699","...142794","BROWARD","'05/12/2008'","112","Ammonia_plus_Ammonium",0.096,"mg/l",NA,NA,0.5
"1700","...142801","BROWARD","'05/12/2008'","8","Ammonia_plus_Ammonium",NA,"",NA,NA,0.5
"1701","...142822","BROWARD","'05/12/2008'","37","Ammonia_plus_Ammonium",0.044,"mg/l",NA,NA,0.5
"1702","...142823","BROWARD","'05/12/2008'","89","Ammonia_plus_Ammonium",0.151,"mg/l",NA,NA,0.5
"1703","...142834","BROWARD","'05/12/2008'","5","Ammonia_plus_Ammonium",0.046,"mg/l",NA,NA,0.5
"1704","...142853","BROWARD","'05/12/2008'","36","Ammonia_plus_Ammonium",NA,"",NA,NA,0.5
"1705","...142865","BROWARD","'05/12/2008'","6","Ammonia_plus_Ammonium",NA,"",NA,NA,0.5
"1706","...142870","BROWARD","'05/12/2008'","4","Ammonia_plus_Ammonium",0.193,"mg/l",NA,NA,0.5
"1707","...142885","BROWARD","'05/12/2008'","35","Ammonia_plus_Ammonium",0.042,"mg/l",NA,NA,0.5
"1708","...142898","BROWARD","'05/12/2008'","35","Ammonia_plus_Ammonium",0.12,"mg/l",NA,NA,0.5
"1709","...142907","BROWARD","'05/12/2008'","7","Ammonia_plus_Ammonium",NA,"",NA,NA,0.5
"1710","...142912","BROWARD","'05/12/2008'","4","Ammonia_plus_Ammonium",0.19,"mg/l",NA,NA,0.5
"1711","...142932","BROWARD","'05/12/2008'","34","Ammonia_plus_Ammonium",NA,"",NA,NA,0.5
"1712","...142938","BROWARD","'05/12/2008'","3","Ammonia_plus_Ammonium",0.16,"mg/l",NA,NA,0.5
"1713","...142952","BROWARD","'05/12/2008'","11","Ammonia_plus_Ammonium",0.026,"mg/l",NA,NA,0.5
"1714","...142963","BROWARD","'05/12/2008'","33","Ammonia_plus_Ammonium",0.052,"mg/l",NA,NA,0.5
"1715","...142970","BROWARD","'05/12/2008'","11","Ammonia_plus_Ammonium",0.026,"mg/l",NA,NA,0.5
"1716","...142980","BROWARD","'05/12/2008'","2","Ammonia_plus_Ammonium",0.038,"mg/l",NA,NA,0.5
"1717","...142996","BROWARD","'05/12/2008'","12","Ammonia_plus_Ammonium",0.026,"mg/l",NA,NA,0.5
"1718","...143004","BROWARD","'05/12/2008'","1","Ammonia_plus_Ammonium",0.09,"mg/l",NA,NA,0.5
"1719","...143017","BROWARD","'05/12/2008'","110","Ammonia_plus_Ammonium",0.072,"mg/l",NA,NA,0.5
"1720","...143024","BROWARD","'05/12/2008'","14","Ammonia_plus_Ammonium",0.024,"mg/l",NA,NA,0.5
"1721","...143040","BROWARD","'02/20/2008'","110","Ammonia_plus_Ammonium",0.063,"mg/l",NA,NA,0.5
"1722","...143044","BROWARD","'02/20/2008'","2","Ammonia_plus_Ammonium",NA,"",NA,NA,0.5
"1723","...143056","BROWARD","'02/20/2008'","22","Ammonia_plus_Ammonium",0.326,"mg/l",NA,NA,0.5
"1724","...143068","BROWARD","'02/20/2008'","28","Ammonia_plus_Ammonium",0.15,"mg/l",NA,NA,0.5
"1725","...143083","BROWARD","'02/20/2008'","10","Ammonia_plus_Ammonium",0.049,"mg/l",NA,NA,0.5
"1726","...143092","BROWARD","'02/20/2008'","31","Ammonia_plus_Ammonium",0.229,"mg/l",NA,NA,0.5
"1727","...143100","BROWARD","'02/20/2008'","4","Ammonia_plus_Ammonium",0.49,"mg/l",NA,NA,0.5
"1728","...143111","BROWARD","'02/20/2008'","4","Ammonia_plus_Ammonium",0.486,"mg/l",NA,NA,0.5
"1729","...143127","BROWARD","'02/20/2008'","31","Ammonia_plus_Ammonium",0.228,"mg/l",NA,NA,0.5
"1730","...143138","BROWARD","'02/20/2008'","49","Ammonia_plus_Ammonium",0.059,"mg/l",NA,NA,0.5
"1731","...143146","BROWARD","'02/20/2008'","3","Ammonia_plus_Ammonium",0.063,"mg/l",NA,NA,0.5
"1732","...143156","BROWARD","'02/20/2008'","38","Ammonia_plus_Ammonium",0.02,"mg/l",NA,NA,0.5
"1733","...143171","BROWARD","'02/20/2008'","25","Ammonia_plus_Ammonium",0.287,"mg/l",NA,NA,0.5
"1734","...143178","BROWARD","'02/20/2008'","8","Ammonia_plus_Ammonium",0.038,"mg/l",NA,NA,0.5
"1735","...143189","BROWARD","'02/20/2008'","40","Ammonia_plus_Ammonium",0.017,"mg/l",NA,NA,0.5
"1736","...143198","BROWARD","'02/20/2008'","26","Ammonia_plus_Ammonium",0.268,"mg/l",NA,NA,0.5
"1737","...143214","BROWARD","'02/20/2008'","89","Ammonia_plus_Ammonium",0.184,"mg/l",NA,NA,0.5
"1738","...143220","BROWARD","'02/20/2008'","40","Ammonia_plus_Ammonium",0.021,"mg/l",NA,NA,0.5
"1739","...143232","BROWARD","'02/20/2008'","24","Ammonia_plus_Ammonium",0.078,"mg/l",NA,NA,0.5
"1740","...143248","BROWARD","'02/20/2008'","41","Ammonia_plus_Ammonium",0.04,"mg/l",NA,NA,0.5
"1741","...143257","BROWARD","'02/20/2008'","27","Ammonia_plus_Ammonium",0.175,"mg/l",NA,NA,0.5
"1742","...143269","BROWARD","'02/19/2008'","32","Ammonia_plus_Ammonium",0.158,"mg/l",NA,NA,0.5
"1743","...143276","BROWARD","'02/19/2008'","114","Ammonia_plus_Ammonium",0.188,"mg/l",NA,NA,0.5
"1744","...143285","BROWARD","'02/19/2008'","114","Ammonia_plus_Ammonium",0.19,"mg/l",NA,NA,0.5
"1745","...143296","BROWARD","'02/19/2008'","29","Ammonia_plus_Ammonium",0.284,"mg/l",NA,NA,0.5
"1746","...143308","BROWARD","'02/19/2008'","23","Ammonia_plus_Ammonium",0.457,"mg/l",NA,NA,0.5
"1747","...143323","BROWARD","'02/18/2008'","37","Ammonia_plus_Ammonium",0.033,"mg/l",NA,NA,0.5
"1748","...143332","BROWARD","'02/18/2008'","36","Ammonia_plus_Ammonium",0.043,"mg/l",NA,NA,0.5
"1749","...143346","BROWARD","'02/18/2008'","35","Ammonia_plus_Ammonium",0.047,"mg/l",NA,NA,0.5
"1750","...143354","BROWARD","'02/18/2008'","35","Ammonia_plus_Ammonium",0.046,"mg/l",NA,NA,0.5
"1751","...143362","BROWARD","'02/18/2008'","21","Ammonia_plus_Ammonium",0.12,"mg/l",NA,NA,0.5
"1752","...143374","BROWARD","'02/18/2008'","34","Ammonia_plus_Ammonium",0.027,"mg/l",NA,NA,0.5
"1753","...143387","BROWARD","'02/18/2008'","20","Ammonia_plus_Ammonium",0.117,"mg/l",NA,NA,0.5
"1754","...143397","BROWARD","'02/18/2008'","90","Ammonia_plus_Ammonium",0.046,"mg/l",NA,NA,0.5
"1755","...143409","BROWARD","'02/18/2008'","7","Ammonia_plus_Ammonium",NA,"",NA,NA,0.5
"1756","...143419","BROWARD","'02/18/2008'","90","Ammonia_plus_Ammonium",0.056,"mg/l",NA,NA,0.5
"1757","...143434","BROWARD","'02/18/2008'","6","Ammonia_plus_Ammonium",0.034,"mg/l",NA,NA,0.5
"1758","...143443","BROWARD","'02/18/2008'","5","Ammonia_plus_Ammonium",0.089,"mg/l",NA,NA,0.5
"1759","...143454","BROWARD","'02/18/2008'","17","Ammonia_plus_Ammonium",NA,"",NA,NA,0.5
"1760","...143470","BROWARD","'02/18/2008'","111","Ammonia_plus_Ammonium",0.103,"mg/l",NA,NA,0.5
"1761","...143477","BROWARD","'02/18/2008'","64","Ammonia_plus_Ammonium",0.194,"mg/l",NA,NA,0.5
"1762","...143493","BROWARD","'02/18/2008'","112","Ammonia_plus_Ammonium",0.09,"mg/l",NA,NA,0.5
"1763","...143504","BROWARD","'02/18/2008'","16","Ammonia_plus_Ammonium",0.258,"mg/l",NA,NA,0.5
"1764","...143511","BROWARD","'02/18/2008'","11","Ammonia_plus_Ammonium",0.027,"mg/l",NA,NA,0.5
"1765","...143517","BROWARD","'02/18/2008'","33","Ammonia_plus_Ammonium",0.078,"mg/l",NA,NA,0.5
"1766","...143528","BROWARD","'02/18/2008'","11","Ammonia_plus_Ammonium",0.03,"mg/l",NA,NA,0.5
"1767","...143539","BROWARD","'02/18/2008'","15","Ammonia_plus_Ammonium",0.067,"mg/l",NA,NA,0.5
"1768","...143559","BROWARD","'02/18/2008'","1","Ammonia_plus_Ammonium",0.107,"mg/l",NA,NA,0.5
"1769","...143568","BROWARD","'02/18/2008'","12","Ammonia_plus_Ammonium",0.04,"mg/l",NA,NA,0.5
"1770","...143576","BROWARD","'02/18/2008'","19","Ammonia_plus_Ammonium",0.073,"mg/l",NA,NA,0.5
"1771","...143591","BROWARD","'02/18/2008'","14","Ammonia_plus_Ammonium",0.203,"mg/l",NA,NA,0.5
"1772","...143595","BROWARD","'11/15/2007'","20","Ammonia_plus_Ammonium",0.041,"mg/l",NA,NA,0.5
"1773","...143604","BROWARD","'11/15/2007'","10","Ammonia_plus_Ammonium",0.019,"mg/l",NA,NA,0.5
"1774","...143612","BROWARD","'11/15/2007'","90","Ammonia_plus_Ammonium",0.055,"mg/l",NA,NA,0.5
"1775","...143620","BROWARD","'11/15/2007'","22","Ammonia_plus_Ammonium",0.573,"mg/l",NA,NA,0.5
"1776","...143631","BROWARD","'11/15/2007'","90","Ammonia_plus_Ammonium",0.07,"mg/l",NA,NA,0.5
"1777","...143645","BROWARD","'11/15/2007'","49","Ammonia_plus_Ammonium",0.033,"mg/l",NA,NA,0.5
"1778","...143655","BROWARD","'11/15/2007'","28","Ammonia_plus_Ammonium",0.164,"mg/l",NA,NA,0.5
"1779","...143663","BROWARD","'11/15/2007'","19","Ammonia_plus_Ammonium",0.069,"mg/l",NA,NA,0.5
"1780","...143668","BROWARD","'11/15/2007'","38","Ammonia_plus_Ammonium",NA,"",NA,NA,0.5
"1781","...143675","BROWARD","'11/15/2007'","31","Ammonia_plus_Ammonium",0.171,"mg/l",NA,NA,0.5
"1782","...143689","BROWARD","'11/15/2007'","15","Ammonia_plus_Ammonium",0.018,"mg/l",NA,NA,0.5
"1783","...143699","BROWARD","'11/15/2007'","39","Ammonia_plus_Ammonium",NA,"",NA,NA,0.5
"1784","...143704","BROWARD","'11/15/2007'","40","Ammonia_plus_Ammonium",NA,"",NA,NA,0.5
"1785","...143710","BROWARD","'11/15/2007'","16","Ammonia_plus_Ammonium",0.106,"mg/l",NA,NA,0.5
"1786","...143723","BROWARD","'11/15/2007'","40","Ammonia_plus_Ammonium",NA,"",NA,NA,0.5
"1787","...143729","BROWARD","'11/15/2007'","25","Ammonia_plus_Ammonium",0.31,"mg/l",NA,NA,0.5
"1788","...143737","BROWARD","'11/15/2007'","64","Ammonia_plus_Ammonium",NA,"",NA,NA,0.5
"1789","...143749","BROWARD","'11/15/2007'","41","Ammonia_plus_Ammonium",0.039,"mg/l",NA,NA,0.5
"1790","...143763","BROWARD","'11/15/2007'","24","Ammonia_plus_Ammonium",0.083,"mg/l",NA,NA,0.5
"1791","...143767","BROWARD","'11/15/2007'","17","Ammonia_plus_Ammonium",NA,"",NA,NA,0.5
"1792","...143780","BROWARD","'11/15/2007'","26","Ammonia_plus_Ammonium",0.172,"mg/l",NA,NA,0.5
"1793","...143790","BROWARD","'11/15/2007'","27","Ammonia_plus_Ammonium",0.124,"mg/l",NA,NA,0.5
"1794","...143798","BROWARD","'11/15/2007'","21","Ammonia_plus_Ammonium",NA,"",NA,NA,0.5
"1795","...143805","BROWARD","'11/15/2007'","27","Ammonia_plus_Ammonium",0.498,"mg/l",NA,NA,0.5
"1796","...143810","BROWARD","'11/14/2007'","89","Ammonia_plus_Ammonium",0.134,"mg/l",NA,NA,0.5
"1797","...143823","BROWARD","'11/14/2007'","37","Ammonia_plus_Ammonium",NA,"",NA,NA,0.5
"1798","...143835","BROWARD","'11/14/2007'","8","Ammonia_plus_Ammonium",NA,"",NA,NA,0.5
"1799","...143839","BROWARD","'11/14/2007'","111","Ammonia_plus_Ammonium",0.083,"mg/l",NA,NA,0.5
"1800","...143848","BROWARD","'11/14/2007'","36","Ammonia_plus_Ammonium",0.021,"mg/l",NA,NA,0.5
"1801","...143856","BROWARD","'11/14/2007'","112","Ammonia_plus_Ammonium",NA,"",NA,NA,0.5
"1802","...143865","BROWARD","'11/14/2007'","5","Ammonia_plus_Ammonium",0.034,"mg/l",NA,NA,0.5
"1803","...143880","BROWARD","'11/14/2007'","35","Ammonia_plus_Ammonium",NA,"",NA,NA,0.5
"1804","...143888","BROWARD","'11/14/2007'","35","Ammonia_plus_Ammonium",NA,"",NA,NA,0.5
"1805","...143898","BROWARD","'11/14/2007'","4","Ammonia_plus_Ammonium",0.537,"mg/l",NA,NA,0.5
"1806","...143899","BROWARD","'11/14/2007'","4","Ammonia_plus_Ammonium",0.531,"mg/l",NA,NA,0.5
"1807","...143909","BROWARD","'11/14/2007'","34","Ammonia_plus_Ammonium",NA,"",NA,NA,0.5
"1808","...143920","BROWARD","'11/14/2007'","6","Ammonia_plus_Ammonium",NA,"",NA,NA,0.5
"1809","...143931","BROWARD","'11/14/2007'","3","Ammonia_plus_Ammonium",0.18,"mg/l",NA,NA,0.5
"1810","...143935","BROWARD","'11/14/2007'","33","Ammonia_plus_Ammonium",NA,"",NA,NA,0.5
"1811","...143950","BROWARD","'11/14/2007'","7","Ammonia_plus_Ammonium",NA,"",NA,NA,0.5
"1812","...143956","BROWARD","'11/14/2007'","1","Ammonia_plus_Ammonium",0.083,"mg/l",NA,NA,0.5
"1813","...143968","BROWARD","'11/14/2007'","2","Ammonia_plus_Ammonium",0.031,"mg/l",NA,NA,0.5
"1814","...143976","BROWARD","'11/14/2007'","11","Ammonia_plus_Ammonium",0.024,"mg/l",NA,NA,0.5
"1815","...143983","BROWARD","'11/14/2007'","11","Ammonia_plus_Ammonium",0.026,"mg/l",NA,NA,0.5
"1816","...143989","BROWARD","'11/14/2007'","12","Ammonia_plus_Ammonium",NA,"",NA,NA,0.5
"1817","...144001","BROWARD","'11/14/2007'","110","Ammonia_plus_Ammonium",0.118,"mg/l",NA,NA,0.5
"1818","...144007","BROWARD","'11/14/2007'","14","Ammonia_plus_Ammonium",0.382,"mg/l",NA,NA,0.5
"1819","...144020","BROWARD","'11/13/2007'","114","Ammonia_plus_Ammonium",0.379,"mg/l",NA,NA,0.5
"1820","...144032","BROWARD","'11/13/2007'","114","Ammonia_plus_Ammonium",0.367,"mg/l",NA,NA,0.5
"1821","...144039","BROWARD","'11/13/2007'","32","Ammonia_plus_Ammonium",NA,"",NA,NA,0.5
"1822","...144051","BROWARD","'11/13/2007'","29","Ammonia_plus_Ammonium",0.434,"mg/l",NA,NA,0.5
"1823","...144059","BROWARD","'11/13/2007'","23","Ammonia_plus_Ammonium",0.422,"mg/l",NA,NA,0.5
"1824","...144067","BROWARD","'08/22/2007'","89","Ammonia_plus_Ammonium",0.092,"mg/l",NA,NA,0.5
"1825","...144076","BROWARD","'08/22/2007'","8","Ammonia_plus_Ammonium",0.035,"mg/l",NA,NA,0.5
"1826","...144093","BROWARD","'08/22/2007'","10","Ammonia_plus_Ammonium",0.029,"mg/l",NA,NA,0.5
"1827","...144101","BROWARD","'08/22/2007'","28","Ammonia_plus_Ammonium",0.339,"mg/l",NA,NA,0.5
"1828","...144109","BROWARD","'08/22/2007'","49","Ammonia_plus_Ammonium",0.051,"mg/l",NA,NA,0.5
"1829","...144123","BROWARD","'08/22/2007'","4","Ammonia_plus_Ammonium",0.199,"mg/l",NA,NA,0.5
"1830","...144134","BROWARD","'08/22/2007'","4","Ammonia_plus_Ammonium",0.198,"mg/l",NA,NA,0.5
"1831","...144139","BROWARD","'08/22/2007'","38","Ammonia_plus_Ammonium",0.016,"mg/l",NA,NA,0.5
"1832","...144157","BROWARD","'08/22/2007'","31","Ammonia_plus_Ammonium",0.16,"mg/l",NA,NA,0.5
"1833","...144162","BROWARD","'08/22/2007'","3","Ammonia_plus_Ammonium",0.184,"mg/l",NA,NA,0.5
"1834","...144180","BROWARD","'08/22/2007'","39","Ammonia_plus_Ammonium",NA,"",NA,NA,0.5
"1835","...144184","BROWARD","'08/22/2007'","40","Ammonia_plus_Ammonium",NA,"",NA,NA,0.5
"1836","...144195","BROWARD","'08/22/2007'","25","Ammonia_plus_Ammonium",0.111,"mg/l",NA,NA,0.5
"1837","...144207","BROWARD","'08/22/2007'","24","Ammonia_plus_Ammonium",0.05,"mg/l",NA,NA,0.5
"1838","...144220","BROWARD","'08/22/2007'","40","Ammonia_plus_Ammonium",0.029,"mg/l",NA,NA,0.5
"1839","...144229","BROWARD","'08/22/2007'","2","Ammonia_plus_Ammonium",0.03,"mg/l",NA,NA,0.5
"1840","...144237","BROWARD","'08/22/2007'","41","Ammonia_plus_Ammonium",0.022,"mg/l",NA,NA,0.5
"1841","...144252","BROWARD","'08/22/2007'","26","Ammonia_plus_Ammonium",0.09,"mg/l",NA,NA,0.5
"1842","...144260","BROWARD","'08/22/2007'","27","Ammonia_plus_Ammonium",0.134,"mg/l",NA,NA,0.5
"1843","...144273","BROWARD","'08/22/2007'","110","Ammonia_plus_Ammonium",0.071,"mg/l",NA,NA,0.5
"1844","...144290","BROWARD","'08/22/2007'","27","Ammonia_plus_Ammonium",0.127,"mg/l",NA,NA,0.5
"1845","...144302","BROWARD","'08/21/2007'","114","Ammonia_plus_Ammonium",0.033,"mg/l",NA,NA,0.5
"1846","...144310","BROWARD","'08/21/2007'","114","Ammonia_plus_Ammonium",NA,"",NA,NA,0.5
"1847","...144322","BROWARD","'08/21/2007'","32","Ammonia_plus_Ammonium",0.149,"mg/l",NA,NA,0.5
"1848","...144331","BROWARD","'08/21/2007'","29","Ammonia_plus_Ammonium",0.647,"mg/l",NA,NA,0.5
"1849","...144345","BROWARD","'08/21/2007'","23","Ammonia_plus_Ammonium",0.314,"mg/l",NA,NA,0.5
"1850","...144356","BROWARD","'08/20/2007'","37","Ammonia_plus_Ammonium",0.015,"mg/l",NA,NA,0.5
"1851","...144365","BROWARD","'08/20/2007'","36","Ammonia_plus_Ammonium",0.016,"mg/l",NA,NA,0.5
"1852","...144373","BROWARD","'08/20/2007'","21","Ammonia_plus_Ammonium",NA,"",NA,NA,0.5
"1853","...144386","BROWARD","'08/20/2007'","111","Ammonia_plus_Ammonium",0.024,"mg/l",NA,NA,0.5
"1854","...144398","BROWARD","'08/20/2007'","35","Ammonia_plus_Ammonium",NA,"",NA,NA,0.5
"1855","...144410","BROWARD","'08/20/2007'","112","Ammonia_plus_Ammonium",0.04,"mg/l",NA,NA,0.5
"1856","...144421","BROWARD","'08/20/2007'","20","Ammonia_plus_Ammonium",0.074,"mg/l",NA,NA,0.5
"1857","...144424","BROWARD","'08/20/2007'","35","Ammonia_plus_Ammonium",NA,"",NA,NA,0.5
"1858","...144444","BROWARD","'08/20/2007'","90","Ammonia_plus_Ammonium",0.059,"mg/l",NA,NA,0.5
"1859","...144453","BROWARD","'08/20/2007'","5","Ammonia_plus_Ammonium",NA,"",NA,NA,0.5
"1860","...144463","BROWARD","'08/20/2007'","34","Ammonia_plus_Ammonium",NA,"",NA,NA,0.5
"1861","...144468","BROWARD","'08/20/2007'","90","Ammonia_plus_Ammonium",0.074,"mg/l",NA,NA,0.5
"1862","...144481","BROWARD","'08/20/2007'","33","Ammonia_plus_Ammonium",NA,"",NA,NA,0.5
"1863","...144500","BROWARD","'08/20/2007'","6","Ammonia_plus_Ammonium",0.061,"mg/l",NA,NA,0.5
"1864","...144508","BROWARD","'08/20/2007'","17","Ammonia_plus_Ammonium",NA,"",NA,NA,0.5
"1865","...144518","BROWARD","'08/20/2007'","1","Ammonia_plus_Ammonium",NA,"",NA,NA,0.5
"1866","...144531","BROWARD","'08/20/2007'","64","Ammonia_plus_Ammonium",0.038,"mg/l",NA,NA,0.5
"1867","...144544","BROWARD","'08/20/2007'","7","Ammonia_plus_Ammonium",0.026,"mg/l",NA,NA,0.5
"1868","...144548","BROWARD","'08/20/2007'","16","Ammonia_plus_Ammonium",0.108,"mg/l",NA,NA,0.5
"1869","...144566","BROWARD","'08/20/2007'","11","Ammonia_plus_Ammonium",0.055,"mg/l",NA,NA,0.5
"1870","...144575","BROWARD","'08/20/2007'","11","Ammonia_plus_Ammonium",0.065,"mg/l",NA,NA,0.5
"1871","...144581","BROWARD","'08/20/2007'","15","Ammonia_plus_Ammonium",0.083,"mg/l",NA,NA,0.5
"1872","...144598","BROWARD","'08/20/2007'","12","Ammonia_plus_Ammonium",0.086,"mg/l",NA,NA,0.5
"1873","...144610","BROWARD","'08/20/2007'","14","Ammonia_plus_Ammonium",0.216,"mg/l",NA,NA,0.5
"1874","...144613","BROWARD","'08/20/2007'","19","Ammonia_plus_Ammonium",0.114,"mg/l",NA,NA,0.5
"1875","...144629","BROWARD","'05/16/2007'","20","Ammonia_plus_Ammonium",0.034,"mg/l",NA,NA,0.5
"1876","...144634","BROWARD","'05/16/2007'","22","Ammonia_plus_Ammonium",0.453,"mg/l",NA,NA,0.5
"1877","...144647","BROWARD","'05/16/2007'","90","Ammonia_plus_Ammonium",0.022,"mg/l",NA,NA,0.5
"1878","...144655","BROWARD","'05/16/2007'","90","Ammonia_plus_Ammonium",NA,"",NA,NA,0.5
"1879","...144676","BROWARD","'05/16/2007'","10","Ammonia_plus_Ammonium",0.021,"mg/l",NA,NA,0.5
"1880","...144684","BROWARD","'05/16/2007'","28","Ammonia_plus_Ammonium",0.379,"mg/l",NA,NA,0.5
"1881","...144692","BROWARD","'05/16/2007'","19","Ammonia_plus_Ammonium",0.054,"mg/l",NA,NA,0.5
"1882","...144699","BROWARD","'05/16/2007'","49","Ammonia_plus_Ammonium",NA,"",NA,NA,0.5
"1883","...144719","BROWARD","'05/16/2007'","31","Ammonia_plus_Ammonium",0.116,"mg/l",NA,NA,0.5
"1884","...144722","BROWARD","'05/16/2007'","15","Ammonia_plus_Ammonium",0.023,"mg/l",NA,NA,0.5
"1885","...144733","BROWARD","'05/16/2007'","38","Ammonia_plus_Ammonium",0.016,"mg/l",NA,NA,0.5
"1886","...144746","BROWARD","'05/16/2007'","16","Ammonia_plus_Ammonium",0.078,"mg/l",NA,NA,0.5
"1887","...144756","BROWARD","'05/16/2007'","25","Ammonia_plus_Ammonium",NA,"",NA,NA,0.5
"1888","...144769","BROWARD","'05/16/2007'","40","Ammonia_plus_Ammonium",NA,"",NA,NA,0.5
"1889","...144776","BROWARD","'05/16/2007'","64","Ammonia_plus_Ammonium",0.106,"mg/l",NA,NA,0.5
"1890","...144787","BROWARD","'05/16/2007'","40","Ammonia_plus_Ammonium",0.015,"mg/l",NA,NA,0.5
"1891","...144804","BROWARD","'05/16/2007'","24","Ammonia_plus_Ammonium",0.04,"mg/l",NA,NA,0.5
"1892","...144811","BROWARD","'05/16/2007'","17","Ammonia_plus_Ammonium",NA,"",NA,NA,0.5
"1893","...144821","BROWARD","'05/16/2007'","26","Ammonia_plus_Ammonium",0.022,"mg/l",NA,NA,0.5
"1894","...144835","BROWARD","'05/16/2007'","41","Ammonia_plus_Ammonium",NA,"",NA,NA,0.5
"1895","...144847","BROWARD","'05/16/2007'","27","Ammonia_plus_Ammonium",NA,"",NA,NA,0.5
"1896","...144854","BROWARD","'05/16/2007'","27","Ammonia_plus_Ammonium",NA,"",NA,NA,0.5
"1897","...144874","BROWARD","'05/16/2007'","21","Ammonia_plus_Ammonium",0.121,"mg/l",NA,NA,0.5
"1898","...144884","BROWARD","'05/15/2007'","29","Ammonia_plus_Ammonium",0.555,"mg/l",NA,NA,0.5
"1899","...144893","BROWARD","'05/15/2007'","114","Ammonia_plus_Ammonium",0.092,"mg/l",NA,NA,0.5
"1900","...144901","BROWARD","'05/15/2007'","114","Ammonia_plus_Ammonium",0.082,"mg/l",NA,NA,0.5
"1901","...144918","BROWARD","'05/15/2007'","32","Ammonia_plus_Ammonium",0.166,"mg/l",NA,NA,0.5
"1902","...144926","BROWARD","'05/15/2007'","23","Ammonia_plus_Ammonium",0.546,"mg/l",NA,NA,0.5
"1903","...144937","BROWARD","'05/14/2007'","89","Ammonia_plus_Ammonium",0.055,"mg/l",NA,NA,0.5
"1904","...144948","BROWARD","'05/14/2007'","8","Ammonia_plus_Ammonium",NA,"",NA,NA,0.5
"1905","...144959","BROWARD","'05/14/2007'","111","Ammonia_plus_Ammonium",0.035,"mg/l",NA,NA,0.5
"1906","...144968","BROWARD","'05/14/2007'","37","Ammonia_plus_Ammonium",NA,"",NA,NA,0.5
"1907","...144977","BROWARD","'05/14/2007'","112","Ammonia_plus_Ammonium",NA,"",NA,NA,0.5
"1908","...144993","BROWARD","'05/14/2007'","36","Ammonia_plus_Ammonium",NA,"",NA,NA,0.5
"1909","...144999","BROWARD","'05/14/2007'","4","Ammonia_plus_Ammonium",NA,"",NA,NA,0.5
"1910","...145017","BROWARD","'05/14/2007'","5","Ammonia_plus_Ammonium",0.021,"mg/l",NA,NA,0.5
"1911","...145019","BROWARD","'05/14/2007'","4","Ammonia_plus_Ammonium",NA,"",NA,NA,0.5
"1912","...145031","BROWARD","'05/14/2007'","35","Ammonia_plus_Ammonium",0.015,"mg/l",NA,NA,0.5
"1913","...145046","BROWARD","'05/14/2007'","3","Ammonia_plus_Ammonium",NA,"",NA,NA,0.5
"1914","...145058","BROWARD","'05/14/2007'","35","Ammonia_plus_Ammonium",NA,"",NA,NA,0.5
"1915","...145064","BROWARD","'05/14/2007'","6","Ammonia_plus_Ammonium",NA,"",NA,NA,0.5
"1916","...145081","BROWARD","'05/14/2007'","34","Ammonia_plus_Ammonium",0.019,"mg/l",NA,NA,0.5
"1917","...145088","BROWARD","'05/14/2007'","7","Ammonia_plus_Ammonium",NA,"",NA,NA,0.5
"1918","...145100","BROWARD","'05/14/2007'","2","Ammonia_plus_Ammonium",NA,"",NA,NA,0.5
"1919","...145110","BROWARD","'05/14/2007'","33","Ammonia_plus_Ammonium",0.026,"mg/l",NA,NA,0.5
"1920","...145117","BROWARD","'05/14/2007'","11","Ammonia_plus_Ammonium",NA,"",NA,NA,0.5
"1921","...145132","BROWARD","'05/14/2007'","11","Ammonia_plus_Ammonium",NA,"",NA,NA,0.5
"1922","...145149","BROWARD","'05/14/2007'","12","Ammonia_plus_Ammonium",NA,"",NA,NA,0.5
"1923","...145159","BROWARD","'05/14/2007'","1","Ammonia_plus_Ammonium",0.023,"mg/l",NA,NA,0.5
"1924","...145170","BROWARD","'05/14/2007'","110","Ammonia_plus_Ammonium",NA,"",NA,NA,0.5
"1925","...145177","BROWARD","'05/14/2007'","14","Ammonia_plus_Ammonium",0.043,"mg/l",NA,NA,0.5
"1926","...145190","BROWARD","'02/21/2007'","22","Ammonia_plus_Ammonium",0.575,"mg/l",NA,NA,0.5
"1927","...145204","BROWARD","'02/21/2007'","10","Ammonia_plus_Ammonium",NA,"",NA,NA,0.5
"1928","...145207","BROWARD","'02/21/2007'","28","Ammonia_plus_Ammonium",0.14,"mg/l",NA,NA,0.5
"1929","...145226","BROWARD","'02/21/2007'","31","Ammonia_plus_Ammonium",0.193,"mg/l",NA,NA,0.5
"1930","...145235","BROWARD","'02/21/2007'","49","Ammonia_plus_Ammonium",NA,"",NA,NA,0.5
"1931","...145245","BROWARD","'02/21/2007'","20","Ammonia_plus_Ammonium",0.019,"mg/l",NA,NA,0.5
"1932","...145254","BROWARD","'02/21/2007'","38","Ammonia_plus_Ammonium",NA,"",NA,NA,0.5
"1933","...145265","BROWARD","'02/21/2007'","25","Ammonia_plus_Ammonium",0.071,"mg/l",NA,NA,0.5
"1934","...145272","BROWARD","'02/21/2007'","90","Ammonia_plus_Ammonium",0.021,"mg/l",NA,NA,0.5
"1935","...145291","BROWARD","'02/21/2007'","39","Ammonia_plus_Ammonium",NA,"",NA,NA,0.5
"1936","...145302","BROWARD","'02/21/2007'","90","Ammonia_plus_Ammonium",0.031,"mg/l",NA,NA,0.5
"1937","...145306","BROWARD","'02/21/2007'","24","Ammonia_plus_Ammonium",0.015,"mg/l",NA,NA,0.5
"1938","...145320","BROWARD","'02/21/2007'","40","Ammonia_plus_Ammonium",NA,"",NA,NA,0.5
"1939","...145331","BROWARD","'02/21/2007'","19","Ammonia_plus_Ammonium",0.022,"mg/l",NA,NA,0.5
"1940","...145342","BROWARD","'02/21/2007'","40","Ammonia_plus_Ammonium",NA,"",NA,NA,0.5
"1941","...145353","BROWARD","'02/21/2007'","15","Ammonia_plus_Ammonium",NA,"",NA,NA,0.5
"1942","...145362","BROWARD","'02/21/2007'","26","Ammonia_plus_Ammonium",0.056,"mg/l",NA,NA,0.5
"1943","...145379","BROWARD","'02/21/2007'","27","Ammonia_plus_Ammonium",0.119,"mg/l",NA,NA,0.5
"1944","...145389","BROWARD","'02/21/2007'","16","Ammonia_plus_Ammonium",0.082,"mg/l",NA,NA,0.5
"1945","...145399","BROWARD","'02/21/2007'","41","Ammonia_plus_Ammonium",NA,"",NA,NA,0.5
"1946","...145407","BROWARD","'02/21/2007'","27","Ammonia_plus_Ammonium",0.116,"mg/l",NA,NA,0.5
"1947","...145424","BROWARD","'02/21/2007'","64","Ammonia_plus_Ammonium",0.086,"mg/l",NA,NA,0.5
"1948","...145428","BROWARD","'02/21/2007'","17","Ammonia_plus_Ammonium",0.027,"mg/l",NA,NA,0.5
"1949","...145438","BROWARD","'02/21/2007'","21","Ammonia_plus_Ammonium",0.339,"mg/l",NA,NA,0.5
"1950","...145451","BROWARD","'02/20/2007'","29","Ammonia_plus_Ammonium",0.568,"mg/l",NA,NA,0.5
"1951","...145467","BROWARD","'02/20/2007'","114","Ammonia_plus_Ammonium",0.304,"mg/l",NA,NA,0.5
"1952","...145476","BROWARD","'02/20/2007'","114","Ammonia_plus_Ammonium",0.321,"mg/l",NA,NA,0.5
"1953","...145483","BROWARD","'02/20/2007'","32","Ammonia_plus_Ammonium",0.174,"mg/l",NA,NA,0.5
"1954","...145498","BROWARD","'02/20/2007'","23","Ammonia_plus_Ammonium",0.584,"mg/l",NA,NA,0.5
"1955","...145511","BROWARD","'02/19/2007'","37","Ammonia_plus_Ammonium",0.023,"mg/l",NA,NA,0.5
"1956","...145518","BROWARD","'02/19/2007'","111","Ammonia_plus_Ammonium",0.072,"mg/l",NA,NA,0.5
"1957","...145533","BROWARD","'02/19/2007'","112","Ammonia_plus_Ammonium",0.056,"mg/l",NA,NA,0.5
"1958","...145536","BROWARD","'02/19/2007'","36","Ammonia_plus_Ammonium",0.033,"mg/l",NA,NA,0.5
"1959","...145553","BROWARD","'02/19/2007'","5","Ammonia_plus_Ammonium",0.052,"mg/l",NA,NA,0.5
"1960","...145567","BROWARD","'02/19/2007'","8","Ammonia_plus_Ammonium",0.055,"mg/l",NA,NA,0.5
"1961","...145576","BROWARD","'02/19/2007'","35","Ammonia_plus_Ammonium",0.034,"mg/l",NA,NA,0.5
"1962","...145580","BROWARD","'02/19/2007'","35","Ammonia_plus_Ammonium",0.021,"mg/l",NA,NA,0.5
"1963","...145595","BROWARD","'02/19/2007'","89","Ammonia_plus_Ammonium",0.087,"mg/l",NA,NA,0.5
"1964","...145601","BROWARD","'02/19/2007'","6","Ammonia_plus_Ammonium",0.093,"mg/l",NA,NA,0.5
"1965","...145613","BROWARD","'02/19/2007'","34","Ammonia_plus_Ammonium",NA,"",NA,NA,0.5
"1966","...145628","BROWARD","'02/19/2007'","33","Ammonia_plus_Ammonium",0.022,"mg/l",NA,NA,0.5
"1967","...145642","BROWARD","'02/19/2007'","7","Ammonia_plus_Ammonium",0.058,"mg/l",NA,NA,0.5
"1968","...145652","BROWARD","'02/19/2007'","4","Ammonia_plus_Ammonium",0.392,"mg/l",NA,NA,0.5
"1969","...145656","BROWARD","'02/19/2007'","4","Ammonia_plus_Ammonium",0.398,"mg/l",NA,NA,0.5
"1970","...145672","BROWARD","'02/19/2007'","11","Ammonia_plus_Ammonium",0.046,"mg/l",NA,NA,0.5
"1971","...145681","BROWARD","'02/19/2007'","3","Ammonia_plus_Ammonium",0.193,"mg/l",NA,NA,0.5
"1972","...145695","BROWARD","'02/19/2007'","1","Ammonia_plus_Ammonium",0.038,"mg/l",NA,NA,0.5
"1973","...145708","BROWARD","'02/19/2007'","11","Ammonia_plus_Ammonium",0.038,"mg/l",NA,NA,0.5
"1974","...145721","BROWARD","'02/19/2007'","12","Ammonia_plus_Ammonium",0.059,"mg/l",NA,NA,0.5
"1975","...145729","BROWARD","'02/19/2007'","2","Ammonia_plus_Ammonium",0.024,"mg/l",NA,NA,0.5
"1976","...145737","BROWARD","'02/19/2007'","110","Ammonia_plus_Ammonium",0.024,"mg/l",NA,NA,0.5
"1977","...145745","BROWARD","'02/19/2007'","14","Ammonia_plus_Ammonium",0.225,"mg/l",NA,NA,0.5
"1978","...145764","BROWARD","'11/30/2006'","31","Ammonia_plus_Ammonium",0.135,"mg/l",NA,NA,0.5
"1979","...145776","BROWARD","'11/30/2006'","21","Ammonia_plus_Ammonium",NA,"",NA,NA,0.5
"1980","...145785","BROWARD","'11/30/2006'","22","Ammonia_plus_Ammonium",0.548,"mg/l",NA,NA,0.5
"1981","...145809","BROWARD","'11/30/2006'","28","Ammonia_plus_Ammonium",0.211,"mg/l",NA,NA,0.5
"1982","...145858","BROWARD","'11/30/2006'","17","Ammonia_plus_Ammonium",NA,"",NA,NA,0.5
"1983","...145862","BROWARD","'11/30/2006'","27","Ammonia_plus_Ammonium",0.091,"mg/l",NA,NA,0.5
"1984","...145896","BROWARD","'11/30/2006'","27","Ammonia_plus_Ammonium",0.098,"mg/l",NA,NA,0.5
"1985","...146068","BROWARD","'11/29/2006'","4","Ammonia_plus_Ammonium",0.341,"mg/l",NA,NA,0.5
"1986","...146077","BROWARD","'11/29/2006'","4","Ammonia_plus_Ammonium",0.286,"mg/l",NA,NA,0.5
"1987","...146098","BROWARD","'11/29/2006'","6","Ammonia_plus_Ammonium",NA,"",NA,NA,0.5
"1988","...146114","BROWARD","'11/29/2006'","3","Ammonia_plus_Ammonium",0.146,"mg/l",NA,NA,0.5
"1989","...146136","BROWARD","'11/29/2006'","7","Ammonia_plus_Ammonium",NA,"",NA,NA,0.5
"1990","...146138","BROWARD","'11/29/2006'","2","Ammonia_plus_Ammonium",NA,"",NA,NA,0.5
"1991","...146176","BROWARD","'11/29/2006'","110","Ammonia_plus_Ammonium",NA,"",NA,NA,0.5
"1992","...146179","BROWARD","'11/29/2006'","12","Ammonia_plus_Ammonium",0.028,"mg/l",NA,NA,0.5
"1993","...146208","BROWARD","'11/29/2006'","8","Ammonia_plus_Ammonium",NA,"",NA,NA,0.5
"1994","...146220","BROWARD","'11/29/2006'","14","Ammonia_plus_Ammonium",0.46,"mg/l",NA,NA,0.5
"1995","...146225","BROWARD","'11/29/2006'","89","Ammonia_plus_Ammonium",NA,"",NA,NA,0.5
"1996","...146241","BROWARD","'11/28/2006'","29","Ammonia_plus_Ammonium",0.473,"mg/l",NA,NA,0.5
"1997","...146252","BROWARD","'11/28/2006'","29","Ammonia_plus_Ammonium",0.517,"mg/l",NA,NA,0.5
"1998","...146258","BROWARD","'11/28/2006'","114","Ammonia_plus_Ammonium",0.333,"mg/l",NA,NA,0.5
"1999","...146274","BROWARD","'11/28/2006'","32","Ammonia_plus_Ammonium",NA,"",NA,NA,0.5
"2000","...146278","BROWARD","'11/28/2006'","23","Ammonia_plus_Ammonium",0.446,"mg/l",NA,NA,0.5
"2001","...146295","BROWARD","'08/24/2006'","20","Ammonia_plus_Ammonium",0.2,"mg/l",NA,NA,0.5
"2002","...146299","BROWARD","'08/24/2006'","10","Ammonia_plus_Ammonium",NA,"",NA,NA,0.5
"2003","...146317","BROWARD","'08/24/2006'","28","Ammonia_plus_Ammonium",0.083,"mg/l",NA,NA,0.5
"2004","...146322","BROWARD","'08/24/2006'","90","Ammonia_plus_Ammonium",0.13,"mg/l",NA,NA,0.5
"2005","...146333","BROWARD","'08/24/2006'","90","Ammonia_plus_Ammonium",0.135,"mg/l",NA,NA,0.5
"2006","...146351","BROWARD","'08/24/2006'","49","Ammonia_plus_Ammonium",0.036,"mg/l",NA,NA,0.5
"2007","...146354","BROWARD","'08/24/2006'","31","Ammonia_plus_Ammonium",0.2,"mg/l",NA,NA,0.5
"2008","...146366","BROWARD","'08/24/2006'","38","Ammonia_plus_Ammonium",NA,"",NA,NA,0.5
"2009","...146386","BROWARD","'08/24/2006'","15","Ammonia_plus_Ammonium",0.064,"mg/l",NA,NA,0.5
"2010","...146400","BROWARD","'08/24/2006'","16","Ammonia_plus_Ammonium",0.199,"mg/l",NA,NA,0.5
"2011","...146415","BROWARD","'08/24/2006'","22","Ammonia_plus_Ammonium",0.415,"mg/l",NA,NA,0.5
"2012","...146420","BROWARD","'08/24/2006'","40","Ammonia_plus_Ammonium",0.032,"mg/l",NA,NA,0.5
"2013","...146428","BROWARD","'08/24/2006'","40","Ammonia_plus_Ammonium",NA,"",NA,NA,0.5
"2014","...146444","BROWARD","'08/24/2006'","25","Ammonia_plus_Ammonium",0.263,"mg/l",NA,NA,0.5
"2015","...146457","BROWARD","'08/24/2006'","64","Ammonia_plus_Ammonium",0.202,"mg/l",NA,NA,0.5
"2016","...146470","BROWARD","'08/24/2006'","24","Ammonia_plus_Ammonium",0.029,"mg/l",NA,NA,0.5
"2017","...146480","BROWARD","'08/24/2006'","41","Ammonia_plus_Ammonium",0.041,"mg/l",NA,NA,0.5
"2018","...146483","BROWARD","'08/24/2006'","19","Ammonia_plus_Ammonium",0.106,"mg/l",NA,NA,0.5
"2019","...146494","BROWARD","'08/24/2006'","26","Ammonia_plus_Ammonium",0.191,"mg/l",NA,NA,0.5
"2020","...146514","BROWARD","'08/24/2006'","27","Ammonia_plus_Ammonium",0.329,"mg/l",NA,NA,0.5
"2021","...146521","BROWARD","'08/24/2006'","21","Ammonia_plus_Ammonium",NA,"",NA,NA,0.5
"2022","...146533","BROWARD","'08/24/2006'","27","Ammonia_plus_Ammonium",0.337,"mg/l",NA,NA,0.5
"2023","...146545","BROWARD","'08/24/2006'","17","Ammonia_plus_Ammonium",0.316,"mg/l",NA,NA,0.5
"2024","...146556","BROWARD","'08/23/2006'","8","Ammonia_plus_Ammonium",0.058,"mg/l",NA,NA,0.5
"2025","...146568","BROWARD","'08/23/2006'","89","Ammonia_plus_Ammonium",NA,"",NA,NA,0.5
"2026","...146572","BROWARD","'08/23/2006'","37","Ammonia_plus_Ammonium",0.055,"mg/l",NA,NA,0.5
"2027","...146586","BROWARD","'08/23/2006'","111","Ammonia_plus_Ammonium",0.052,"mg/l",NA,NA,0.5
"2028","...146601","BROWARD","'08/23/2006'","112","Ammonia_plus_Ammonium",0.086,"mg/l",NA,NA,0.5
"2029","...146608","BROWARD","'08/23/2006'","5","Ammonia_plus_Ammonium",0.028,"mg/l",NA,NA,0.5
"2030","...146619","BROWARD","'08/23/2006'","4","Ammonia_plus_Ammonium",0.232,"mg/l",NA,NA,0.5
"2031","...146626","BROWARD","'08/23/2006'","4","Ammonia_plus_Ammonium",0.295,"mg/l",NA,NA,0.5
"2032","...146642","BROWARD","'08/23/2006'","36","Ammonia_plus_Ammonium",0.024,"mg/l",NA,NA,0.5
"2033","...146649","BROWARD","'08/23/2006'","6","Ammonia_plus_Ammonium",0.05,"mg/l",NA,NA,0.5
"2034","...146664","BROWARD","'08/23/2006'","3","Ammonia_plus_Ammonium",NA,"",NA,NA,0.5
"2035","...146671","BROWARD","'08/23/2006'","35","Ammonia_plus_Ammonium",NA,"",NA,NA,0.5
"2036","...146679","BROWARD","'08/23/2006'","35","Ammonia_plus_Ammonium",NA,"",NA,NA,0.5
"2037","...146697","BROWARD","'08/23/2006'","34","Ammonia_plus_Ammonium",NA,"",NA,NA,0.5
"2038","...146700","BROWARD","'08/23/2006'","7","Ammonia_plus_Ammonium",0.082,"mg/l",NA,NA,0.5
"2039","...146711","BROWARD","'08/23/2006'","2","Ammonia_plus_Ammonium",NA,"",NA,NA,0.5
"2040","...146722","BROWARD","'08/23/2006'","33","Ammonia_plus_Ammonium",0.068,"mg/l",NA,NA,0.5
"2041","...146742","BROWARD","'08/23/2006'","11","Ammonia_plus_Ammonium",0.019,"mg/l",NA,NA,0.5
"2042","...146754","BROWARD","'08/23/2006'","11","Ammonia_plus_Ammonium",0.029,"mg/l",NA,NA,0.5
"2043","...146765","BROWARD","'08/23/2006'","1","Ammonia_plus_Ammonium",0.096,"mg/l",NA,NA,0.5
"2044","...146766","BROWARD","'08/23/2006'","12","Ammonia_plus_Ammonium",NA,"",NA,NA,0.5
"2045","...146778","BROWARD","'08/23/2006'","110","Ammonia_plus_Ammonium",0.105,"mg/l",NA,NA,0.5
"2046","...146793","BROWARD","'08/23/2006'","14","Ammonia_plus_Ammonium",0.1,"mg/l",NA,NA,0.5
"2047","...146801","BROWARD","'08/22/2006'","29","Ammonia_plus_Ammonium",0.193,"mg/l",NA,NA,0.5
"2048","...146820","BROWARD","'08/22/2006'","29","Ammonia_plus_Ammonium",0.181,"mg/l",NA,NA,0.5
"2049","...146821","BROWARD","'08/22/2006'","114","Ammonia_plus_Ammonium",0.158,"mg/l",NA,NA,0.5
"2050","...146842","BROWARD","'08/22/2006'","32","Ammonia_plus_Ammonium",NA,"",NA,NA,0.5
"2051","...146850","BROWARD","'08/22/2006'","23","Ammonia_plus_Ammonium",0.086,"mg/l",NA,NA,0.5
"2052","...146862","BROWARD","'06/01/2006'","111","Ammonia_plus_Ammonium",NA,"",NA,NA,0.5
"2053","...146880","BROWARD","'06/01/2006'","112","Ammonia_plus_Ammonium",NA,"",NA,NA,0.5
"2054","...146891","BROWARD","'06/01/2006'","5","Ammonia_plus_Ammonium",NA,"",NA,NA,0.5
"2055","...146903","BROWARD","'06/01/2006'","26","Ammonia_plus_Ammonium",0.041,"mg/l",NA,NA,0.5
"2056","...146914","BROWARD","'06/01/2006'","24","Ammonia_plus_Ammonium",0.049,"mg/l",NA,NA,0.5
"2057","...146923","BROWARD","'06/01/2006'","25","Ammonia_plus_Ammonium",0.116,"mg/l",NA,NA,0.5
"2058","...146929","BROWARD","'06/01/2006'","38","Ammonia_plus_Ammonium",NA,"",NA,NA,0.5
"2059","...146950","BROWARD","'06/01/2006'","6","Ammonia_plus_Ammonium",0.112,"mg/l",NA,NA,0.5
"2060","...146963","BROWARD","'06/01/2006'","39","Ammonia_plus_Ammonium",NA,"",NA,NA,0.5
"2061","...146974","BROWARD","'06/01/2006'","7","Ammonia_plus_Ammonium",0.047,"mg/l",NA,NA,0.5
"2062","...146983","BROWARD","'06/01/2006'","27","Ammonia_plus_Ammonium",0.125,"mg/l",NA,NA,0.5
"2063","...146995","BROWARD","'06/01/2006'","27","Ammonia_plus_Ammonium",0.128,"mg/l",NA,NA,0.5
"2064","...147002","BROWARD","'06/01/2006'","40","Ammonia_plus_Ammonium",0.04,"mg/l",NA,NA,0.5
"2065","...147018","BROWARD","'06/01/2006'","11","Ammonia_plus_Ammonium",NA,"",NA,NA,0.5
"2066","...147022","BROWARD","'06/01/2006'","31","Ammonia_plus_Ammonium",0.072,"mg/l",NA,NA,0.5
"2067","...147036","BROWARD","'06/01/2006'","12","Ammonia_plus_Ammonium",NA,"",NA,NA,0.5
"2068","...147044","BROWARD","'06/01/2006'","41","Ammonia_plus_Ammonium",0.033,"mg/l",NA,NA,0.5
"2069","...147063","BROWARD","'06/01/2006'","41","Ammonia_plus_Ammonium",0.046,"mg/l",NA,NA,0.5
"2070","...147069","BROWARD","'06/01/2006'","12","Ammonia_plus_Ammonium",0.034,"mg/l",NA,NA,0.5
"2071","...147085","BROWARD","'06/01/2006'","28","Ammonia_plus_Ammonium",0.207,"mg/l",NA,NA,0.5
"2072","...147092","BROWARD","'06/01/2006'","14","Ammonia_plus_Ammonium",0.066,"mg/l",NA,NA,0.5
"2073","...147105","BROWARD","'06/01/2006'","22","Ammonia_plus_Ammonium",0.337,"mg/l",NA,NA,0.5
"2074","...147120","BROWARD","'05/31/2006'","8","Ammonia_plus_Ammonium",0.032,"mg/l",NA,NA,0.5
"2075","...147123","BROWARD","'05/31/2006'","37","Ammonia_plus_Ammonium",NA,"",NA,NA,0.5
"2076","...147137","BROWARD","'05/31/2006'","89","Ammonia_plus_Ammonium",NA,"",NA,NA,0.5
"2077","...147152","BROWARD","'05/31/2006'","36","Ammonia_plus_Ammonium",NA,"",NA,NA,0.5
"2078","...147164","BROWARD","'05/31/2006'","20","Ammonia_plus_Ammonium",NA,"",NA,NA,0.5
"2079","...147165","BROWARD","'05/31/2006'","20","Ammonia_plus_Ammonium",0.018,"mg/l",NA,NA,0.5
"2080","...147177","BROWARD","'05/31/2006'","90","Ammonia_plus_Ammonium",0.034,"mg/l",NA,NA,0.5
"2081","...147195","BROWARD","'05/31/2006'","35","Ammonia_plus_Ammonium",0.017,"mg/l",NA,NA,0.5
"2082","...147199","BROWARD","'05/31/2006'","35","Ammonia_plus_Ammonium",NA,"",NA,NA,0.5
"2083","...147219","BROWARD","'05/31/2006'","4","Ammonia_plus_Ammonium",0.043,"mg/l",NA,NA,0.5
"2084","...147230","BROWARD","'05/31/2006'","19","Ammonia_plus_Ammonium",0.02,"mg/l",NA,NA,0.5
"2085","...147236","BROWARD","'05/31/2006'","4","Ammonia_plus_Ammonium",0.036,"mg/l",NA,NA,0.5
"2086","...147249","BROWARD","'05/31/2006'","34","Ammonia_plus_Ammonium",NA,"mg/l",NA,NA,0.5
"2087","...147253","BROWARD","'05/31/2006'","3","Ammonia_plus_Ammonium",0.028,"mg/l",NA,NA,0.5
"2088","...147267","BROWARD","'05/31/2006'","15","Ammonia_plus_Ammonium",0.018,"mg/l",NA,NA,0.5
"2089","...147279","BROWARD","'05/31/2006'","33","Ammonia_plus_Ammonium",0.022,"mg/l",NA,NA,0.5
"2090","...147290","BROWARD","'05/31/2006'","16","Ammonia_plus_Ammonium",NA,"",NA,NA,0.5
"2091","...147306","BROWARD","'05/31/2006'","1","Ammonia_plus_Ammonium",0.018,"mg/l",NA,NA,0.5
"2092","...147308","BROWARD","'05/31/2006'","2","Ammonia_plus_Ammonium",NA,"",NA,NA,0.5
"2093","...147323","BROWARD","'05/31/2006'","64","Ammonia_plus_Ammonium",NA,"",NA,NA,0.5
"2094","...147330","BROWARD","'05/31/2006'","17","Ammonia_plus_Ammonium",0.029,"mg/l",NA,NA,0.5
"2095","...147349","BROWARD","'05/31/2006'","110","Ammonia_plus_Ammonium",NA,"",NA,NA,0.5
"2096","...147353","BROWARD","'05/31/2006'","21","Ammonia_plus_Ammonium",NA,"",NA,NA,0.5
"2097","...147370","BROWARD","'05/30/2006'","32","Ammonia_plus_Ammonium",NA,"",NA,NA,0.5
"2098","...147374","BROWARD","'05/30/2006'","114","Ammonia_plus_Ammonium",0.128,"mg/l",NA,NA,0.5
"2099","...147386","BROWARD","'05/30/2006'","114","Ammonia_plus_Ammonium",0.127,"mg/l",NA,NA,0.5
"2100","...147402","BROWARD","'05/30/2006'","29","Ammonia_plus_Ammonium",0.45,"mg/l",NA,NA,0.5
"2101","...147417","BROWARD","'05/30/2006'","23","Ammonia_plus_Ammonium",0.18,"mg/l",NA,NA,0.5
"2102","...147421","BROWARD","'02/23/2006'","10","Ammonia_plus_Ammonium",NA,"",NA,NA,0.5
"2103","...147435","BROWARD","'02/23/2006'","49","Ammonia_plus_Ammonium",NA,"",NA,NA,0.5
"2104","...147449","BROWARD","'02/23/2006'","22","Ammonia_plus_Ammonium",0.201,"mg/l",NA,NA,0.5
"2105","...147455","BROWARD","'02/23/2006'","28","Ammonia_plus_Ammonium",0.4,"mg/l",NA,NA,0.5
"2106","...147466","BROWARD","'02/23/2006'","38","Ammonia_plus_Ammonium",NA,"",NA,NA,0.5
"2107","...147474","BROWARD","'02/23/2006'","38","Ammonia_plus_Ammonium",NA,"",NA,NA,0.5
"2108","...147490","BROWARD","'02/23/2006'","21","Ammonia_plus_Ammonium",0.153,"mg/l",NA,NA,0.5
"2109","...147497","BROWARD","'02/23/2006'","20","Ammonia_plus_Ammonium",0.121,"mg/l",NA,NA,0.5
"2110","...147508","BROWARD","'02/23/2006'","90","Ammonia_plus_Ammonium",0.099,"mg/l",NA,NA,0.5
"2111","...147526","BROWARD","'02/23/2006'","31","Ammonia_plus_Ammonium",0.171,"mg/l",NA,NA,0.5
"2112","...147535","BROWARD","'02/23/2006'","39","Ammonia_plus_Ammonium",0.019,"mg/l",NA,NA,0.5
"2113","...147549","BROWARD","'02/23/2006'","31","Ammonia_plus_Ammonium",0.154,"mg/l",NA,NA,0.5
"2114","...147556","BROWARD","'02/23/2006'","19","Ammonia_plus_Ammonium",0.076,"mg/l",NA,NA,0.5
"2115","...147567","BROWARD","'02/23/2006'","40","Ammonia_plus_Ammonium",NA,"",NA,NA,0.5
"2116","...147581","BROWARD","'02/23/2006'","15","Ammonia_plus_Ammonium",0.056,"mg/l",NA,NA,0.5
"2117","...147593","BROWARD","'02/23/2006'","15","Ammonia_plus_Ammonium",0.058,"mg/l",NA,NA,0.5
"2118","...147599","BROWARD","'02/23/2006'","41","Ammonia_plus_Ammonium",0.036,"mg/l",NA,NA,0.5
"2119","...147609","BROWARD","'02/23/2006'","25","Ammonia_plus_Ammonium",0.138,"mg/l",NA,NA,0.5
"2120","...147618","BROWARD","'02/23/2006'","16","Ammonia_plus_Ammonium",NA,"",NA,NA,0.5
"2121","...147636","BROWARD","'02/23/2006'","24","Ammonia_plus_Ammonium",0.09,"mg/l",NA,NA,0.5
"2122","...147639","BROWARD","'02/23/2006'","64","Ammonia_plus_Ammonium",0.125,"mg/l",NA,NA,0.5
"2123","...147649","BROWARD","'02/23/2006'","26","Ammonia_plus_Ammonium",0.169,"mg/l",NA,NA,0.5
"2124","...147661","BROWARD","'02/23/2006'","17","Ammonia_plus_Ammonium",NA,"",NA,NA,0.5
"2125","...147677","BROWARD","'02/23/2006'","27","Ammonia_plus_Ammonium",0.283,"mg/l",NA,NA,0.5
"2126","...147689","BROWARD","'02/22/2006'","37","Ammonia_plus_Ammonium",NA,"",NA,NA,0.5
"2127","...147701","BROWARD","'02/22/2006'","36","Ammonia_plus_Ammonium",NA,"",NA,NA,0.5
"2128","...147705","BROWARD","'02/22/2006'","36","Ammonia_plus_Ammonium",NA,"",NA,NA,0.5
"2129","...147719","BROWARD","'02/22/2006'","35","Ammonia_plus_Ammonium",NA,"",NA,NA,0.5
"2130","...147728","BROWARD","'02/22/2006'","14","Ammonia_plus_Ammonium",0.268,"mg/l",NA,NA,0.5
"2131","...147744","BROWARD","'02/22/2006'","8","Ammonia_plus_Ammonium",0.041,"mg/l",NA,NA,0.5
"2132","...147752","BROWARD","'02/22/2006'","34","Ammonia_plus_Ammonium",NA,"",NA,NA,0.5
"2133","...147760","BROWARD","'02/22/2006'","111","Ammonia_plus_Ammonium",NA,"",NA,NA,0.5
"2134","...147773","BROWARD","'02/22/2006'","8","Ammonia_plus_Ammonium",0.049,"mg/l",NA,NA,0.5
"2135","...147791","BROWARD","'02/22/2006'","112","Ammonia_plus_Ammonium",NA,"",NA,NA,0.5
"2136","...147794","BROWARD","'02/22/2006'","33","Ammonia_plus_Ammonium",NA,"",NA,NA,0.5
"2137","...147810","BROWARD","'02/22/2006'","11","Ammonia_plus_Ammonium",NA,"",NA,NA,0.5
"2138","...147814","BROWARD","'02/22/2006'","89","Ammonia_plus_Ammonium",0.092,"mg/l",NA,NA,0.5
"2139","...147833","BROWARD","'02/22/2006'","1","Ammonia_plus_Ammonium",NA,"",NA,NA,0.5
"2140","...147840","BROWARD","'02/22/2006'","4","Ammonia_plus_Ammonium",0.255,"mg/l",NA,NA,0.5
"2141","...147854","BROWARD","'02/22/2006'","12","Ammonia_plus_Ammonium",0.06,"mg/l",NA,NA,0.5
"2142","...147867","BROWARD","'02/22/2006'","12","Ammonia_plus_Ammonium",0.049,"mg/l",NA,NA,0.5
"2143","...147874","BROWARD","'02/22/2006'","3","Ammonia_plus_Ammonium",0.089,"mg/l",NA,NA,0.5
"2144","...147889","BROWARD","'02/22/2006'","6","Ammonia_plus_Ammonium",0.037,"mg/l",NA,NA,0.5
"2145","...147897","BROWARD","'02/22/2006'","2","Ammonia_plus_Ammonium",NA,"",NA,NA,0.5
"2146","...147902","BROWARD","'02/22/2006'","7","Ammonia_plus_Ammonium",0.068,"mg/l",NA,NA,0.5
"2147","...147911","BROWARD","'02/22/2006'","5","Ammonia_plus_Ammonium",0.026,"mg/l",NA,NA,0.5
"2148","...147921","BROWARD","'02/22/2006'","110","Ammonia_plus_Ammonium",0.026,"mg/l",NA,NA,0.5
"2149","...147940","BROWARD","'02/21/2006'","114","Ammonia_plus_Ammonium",0.202,"mg/l",NA,NA,0.5
"2150","...147950","BROWARD","'02/21/2006'","32","Ammonia_plus_Ammonium",0.266,"mg/l",NA,NA,0.5
"2151","...147955","BROWARD","'02/21/2006'","32","Ammonia_plus_Ammonium",0.273,"mg/l",NA,NA,0.5
"2152","...147969","BROWARD","'02/21/2006'","29","Ammonia_plus_Ammonium",0.62,"mg/l",NA,NA,0.5
"2153","...147980","BROWARD","'02/21/2006'","23","Ammonia_plus_Ammonium",0.098,"mg/l",NA,NA,0.5
"2154","...147995","BROWARD","'12/01/2005'","31","Ammonia_plus_Ammonium",0.178,"mg/l",NA,NA,0.5
"2155","...148008","BROWARD","'12/01/2005'","49","Ammonia_plus_Ammonium",0.069,"mg/l",NA,NA,0.5
"2156","...148010","BROWARD","'12/01/2005'","38","Ammonia_plus_Ammonium",0.04,"mg/l",NA,NA,0.5
"2157","...148024","BROWARD","'12/01/2005'","28","Ammonia_plus_Ammonium",0.415,"mg/l",NA,NA,0.5
"2158","...148037","BROWARD","'12/01/2005'","10","Ammonia_plus_Ammonium",0.046,"mg/l",NA,NA,0.5
"2159","...148046","BROWARD","'12/01/2005'","39","Ammonia_plus_Ammonium",NA,"",NA,NA,0.5
"2160","...148056","BROWARD","'12/01/2005'","111","Ammonia_plus_Ammonium",0.16,"mg/l",NA,NA,0.5
"2161","...148067","BROWARD","'12/01/2005'","27","Ammonia_plus_Ammonium",0.223,"mg/l",NA,NA,0.5
"2162","...148076","BROWARD","'12/01/2005'","114","Ammonia_plus_Ammonium",0.391,"mg/l",NA,NA,0.5
"2163","...148087","BROWARD","'12/01/2005'","47","Ammonia_plus_Ammonium",NA,"mg/l",NA,NA,0.5
"2164","...148106","BROWARD","'12/01/2005'","112","Ammonia_plus_Ammonium",0.11,"mg/l",NA,NA,0.5
"2165","...148113","BROWARD","'12/01/2005'","32","Ammonia_plus_Ammonium",0.225,"mg/l",NA,NA,0.5
"2166","...148122","BROWARD","'12/01/2005'","26","Ammonia_plus_Ammonium",0.3,"mg/l",NA,NA,0.5
"2167","...148135","BROWARD","'12/01/2005'","12","Ammonia_plus_Ammonium",0.026,"mg/l",NA,NA,0.5
"2168","...148150","BROWARD","'12/01/2005'","40","Ammonia_plus_Ammonium",NA,"",NA,NA,0.5
"2169","...148160","BROWARD","'12/01/2005'","32","Ammonia_plus_Ammonium",0.228,"mg/l",NA,NA,0.5
"2170","...148165","BROWARD","'12/01/2005'","11","Ammonia_plus_Ammonium",0.067,"mg/l",NA,NA,0.5
"2171","...148182","BROWARD","'12/01/2005'","25","Ammonia_plus_Ammonium",0.275,"mg/l",NA,NA,0.5
"2172","...148192","BROWARD","'12/01/2005'","29","Ammonia_plus_Ammonium",0.471,"mg/l",NA,NA,0.5
"2173","...148199","BROWARD","'12/01/2005'","41","Ammonia_plus_Ammonium",0.028,"mg/l",NA,NA,0.5
"2174","...148211","BROWARD","'12/01/2005'","41","Ammonia_plus_Ammonium",0.031,"mg/l",NA,NA,0.5
"2175","...148226","BROWARD","'12/01/2005'","13","Ammonia_plus_Ammonium",0.085,"mg/l",NA,NA,0.5
"2176","...148232","BROWARD","'12/01/2005'","23","Ammonia_plus_Ammonium",0.101,"mg/l",NA,NA,0.5
"2177","...148245","BROWARD","'12/01/2005'","22","Ammonia_plus_Ammonium",0.237,"mg/l",NA,NA,0.5
"2178","...148258","BROWARD","'12/01/2005'","14","Ammonia_plus_Ammonium",0.321,"mg/l",NA,NA,0.5
"2179","...148264","BROWARD","'12/01/2005'","24","Ammonia_plus_Ammonium",0.069,"mg/l",NA,NA,0.5
"2180","...148274","BROWARD","'12/01/2005'","21","Ammonia_plus_Ammonium",0.225,"mg/l",NA,NA,0.5
"2181","...148287","BROWARD","'11/30/2005'","37","Ammonia_plus_Ammonium",0.059,"mg/l",NA,NA,0.5
"2182","...148305","BROWARD","'11/30/2005'","37","Ammonia_plus_Ammonium",0.061,"mg/l",NA,NA,0.5
"2183","...148316","BROWARD","'11/30/2005'","36","Ammonia_plus_Ammonium",0.062,"mg/l",NA,NA,0.5
"2184","...148323","BROWARD","'11/30/2005'","4","Ammonia_plus_Ammonium",0.614,"mg/l",NA,NA,0.5
"2185","...148338","BROWARD","'11/30/2005'","18","Ammonia_plus_Ammonium",0.051,"mg/l",NA,NA,0.5
"2186","...148344","BROWARD","'11/30/2005'","4","Ammonia_plus_Ammonium",0.617,"mg/l",NA,NA,0.5
"2187","...148352","BROWARD","'11/30/2005'","17","Ammonia_plus_Ammonium",0.073,"mg/l",NA,NA,0.5
"2188","...148362","BROWARD","'11/30/2005'","3","Ammonia_plus_Ammonium",0.189,"mg/l",NA,NA,0.5
"2189","...148374","BROWARD","'11/30/2005'","64","Ammonia_plus_Ammonium",0.205,"mg/l",NA,NA,0.5
"2190","...148388","BROWARD","'11/30/2005'","2","Ammonia_plus_Ammonium",0.15,"mg/l",NA,NA,0.5
"2191","...148404","BROWARD","'11/30/2005'","89","Ammonia_plus_Ammonium",0.042,"mg/l",NA,NA,0.5
"2192","...148409","BROWARD","'11/30/2005'","64","Ammonia_plus_Ammonium",0.205,"mg/l",NA,NA,0.5
"2193","...148426","BROWARD","'11/30/2005'","35","Ammonia_plus_Ammonium",0.065,"mg/l",NA,NA,0.5
"2194","...148433","BROWARD","'11/30/2005'","34","Ammonia_plus_Ammonium",0.059,"mg/l",NA,NA,0.5
"2195","...148446","BROWARD","'11/30/2005'","1","Ammonia_plus_Ammonium",0.139,"mg/l",NA,NA,0.5
"2196","...148449","BROWARD","'11/30/2005'","8","Ammonia_plus_Ammonium",0.047,"mg/l",NA,NA,0.5
"2197","...148460","BROWARD","'11/30/2005'","7","Ammonia_plus_Ammonium",0.063,"mg/l",NA,NA,0.5
"2198","...148473","BROWARD","'11/30/2005'","33","Ammonia_plus_Ammonium",0.141,"mg/l",NA,NA,0.5
"2199","...148485","BROWARD","'11/30/2005'","16","Ammonia_plus_Ammonium",0.301,"mg/l",NA,NA,0.5
"2200","...148499","BROWARD","'11/30/2005'","110","Ammonia_plus_Ammonium",0.349,"mg/l",NA,NA,0.5
"2201","...148509","BROWARD","'11/30/2005'","20","Ammonia_plus_Ammonium",0.153,"mg/l",NA,NA,0.5
"2202","...148515","BROWARD","'11/30/2005'","15","Ammonia_plus_Ammonium",0.087,"mg/l",NA,NA,0.5
"2203","...148518","BROWARD","'11/30/2005'","90","Ammonia_plus_Ammonium",0.051,"mg/l",NA,NA,0.5
"2204","...148545","BROWARD","'11/30/2005'","5","Ammonia_plus_Ammonium",0.087,"mg/l",NA,NA,0.5
"2205","...148550","BROWARD","'11/30/2005'","19","Ammonia_plus_Ammonium",0.099,"mg/l",NA,NA,0.5
"2206","...148560","BROWARD","'11/30/2005'","6","Ammonia_plus_Ammonium",0.082,"mg/l",NA,NA,0.5
"2207","...148572","BROWARD","'08/11/2005'","89","Ammonia_plus_Ammonium",0.027,"mg/l",NA,NA,0.5
"2208","...148590","BROWARD","'08/11/2005'","31","Ammonia_plus_Ammonium",0.207,"mg/l",NA,NA,0.5
"2209","...148598","BROWARD","'08/11/2005'","38","Ammonia_plus_Ammonium",0.018,"mg/l",NA,NA,0.5
"2210","...148604","BROWARD","'08/11/2005'","8","Ammonia_plus_Ammonium",0.044,"mg/l",NA,NA,0.5
"2211","...148621","BROWARD","'08/11/2005'","4","Ammonia_plus_Ammonium",0.178,"mg/l",NA,NA,0.5
"2212","...148630","BROWARD","'08/11/2005'","4","Ammonia_plus_Ammonium",0.177,"mg/l",NA,NA,0.5
"2213","...148642","BROWARD","'08/11/2005'","39","Ammonia_plus_Ammonium",0.018,"mg/l",NA,NA,0.5
"2214","...148652","BROWARD","'08/11/2005'","7","Ammonia_plus_Ammonium",0.047,"mg/l",NA,NA,0.5
"2215","...148661","BROWARD","'08/11/2005'","3","Ammonia_plus_Ammonium",0.212,"mg/l",NA,NA,0.5
"2216","...148676","BROWARD","'08/11/2005'","28","Ammonia_plus_Ammonium",0.294,"mg/l",NA,NA,0.5
"2217","...148683","BROWARD","'08/11/2005'","47","Ammonia_plus_Ammonium",0.05,"mg/l",NA,NA,0.5
"2218","...148696","BROWARD","'08/11/2005'","2","Ammonia_plus_Ammonium",0.094,"mg/l",NA,NA,0.5
"2219","...148704","BROWARD","'08/11/2005'","5","Ammonia_plus_Ammonium",0.039,"mg/l",NA,NA,0.5
"2220","...148722","BROWARD","'08/11/2005'","40","Ammonia_plus_Ammonium",NA,"mg/l",NA,NA,0.5
"2221","...148732","BROWARD","'08/11/2005'","27","Ammonia_plus_Ammonium",0.465,"mg/l",NA,NA,0.5
"2222","...148745","BROWARD","'08/11/2005'","1","Ammonia_plus_Ammonium",0.018,"mg/l",NA,NA,0.5
"2223","...148751","BROWARD","'08/11/2005'","110","Ammonia_plus_Ammonium",NA,"",NA,NA,0.5
"2224","...148765","BROWARD","'08/11/2005'","26","Ammonia_plus_Ammonium",0.213,"mg/l",NA,NA,0.5
"2225","...148773","BROWARD","'08/11/2005'","41","Ammonia_plus_Ammonium",0.046,"mg/l",NA,NA,0.5
"2226","...148788","BROWARD","'08/11/2005'","41","Ammonia_plus_Ammonium",0.049,"mg/l",NA,NA,0.5
"2227","...148799","BROWARD","'08/11/2005'","25","Ammonia_plus_Ammonium",0.191,"mg/l",NA,NA,0.5
"2228","...148802","BROWARD","'08/11/2005'","16","Ammonia_plus_Ammonium",0.072,"mg/l",NA,NA,0.5
"2229","...148815","BROWARD","'08/11/2005'","6","Ammonia_plus_Ammonium",0.056,"mg/l",NA,NA,0.5
"2230","...148833","BROWARD","'08/11/2005'","24","Ammonia_plus_Ammonium",0.138,"mg/l",NA,NA,0.5
"2231","...148841","BROWARD","'08/11/2005'","15","Ammonia_plus_Ammonium",0.131,"mg/l",NA,NA,0.5
"2232","...148848","BROWARD","'08/10/2005'","18","Ammonia_plus_Ammonium",NA,"",NA,NA,0.5
"2233","...148863","BROWARD","'08/10/2005'","14","Ammonia_plus_Ammonium",0.153,"mg/l",NA,NA,0.5
"2234","...148875","BROWARD","'08/10/2005'","17","Ammonia_plus_Ammonium",NA,"",NA,NA,0.5
"2235","...148883","BROWARD","'08/10/2005'","37","Ammonia_plus_Ammonium",0.033,"mg/l",NA,NA,0.5
"2236","...148895","BROWARD","'08/10/2005'","37","Ammonia_plus_Ammonium",0.034,"mg/l",NA,NA,0.5
"2237","...148899","BROWARD","'08/10/2005'","13","Ammonia_plus_Ammonium",0.11,"mg/l",NA,NA,0.5
"2238","...148913","BROWARD","'08/10/2005'","64","Ammonia_plus_Ammonium",NA,"",NA,NA,0.5
"2239","...148928","BROWARD","'08/10/2005'","32","Ammonia_plus_Ammonium",0.222,"mg/l",NA,NA,0.5
"2240","...148939","BROWARD","'08/10/2005'","36","Ammonia_plus_Ammonium",0.02,"mg/l",NA,NA,0.5
"2241","...148948","BROWARD","'08/10/2005'","64","Ammonia_plus_Ammonium",NA,"mg/l",NA,NA,0.5
"2242","...148955","BROWARD","'08/10/2005'","12","Ammonia_plus_Ammonium",0.062,"mg/l",NA,NA,0.5
"2243","...148966","BROWARD","'08/10/2005'","32","Ammonia_plus_Ammonium",0.234,"mg/l",NA,NA,0.5
"2244","...148980","BROWARD","'08/10/2005'","11","Ammonia_plus_Ammonium",0.066,"mg/l",NA,NA,0.5
"2245","...148987","BROWARD","'08/10/2005'","35","Ammonia_plus_Ammonium",0.024,"mg/l",NA,NA,0.5
"2246","...149003","BROWARD","'08/10/2005'","114","Ammonia_plus_Ammonium",0.224,"mg/l",NA,NA,0.5
"2247","...149015","BROWARD","'08/10/2005'","112","Ammonia_plus_Ammonium",0.041,"mg/l",NA,NA,0.5
"2248","...149021","BROWARD","'08/10/2005'","29","Ammonia_plus_Ammonium",0.308,"mg/l",NA,NA,0.5
"2249","...149039","BROWARD","'08/10/2005'","34","Ammonia_plus_Ammonium",NA,"",NA,NA,0.5
"2250","...149046","BROWARD","'08/10/2005'","19","Ammonia_plus_Ammonium",0.07,"mg/l",NA,NA,0.5
"2251","...149054","BROWARD","'08/10/2005'","111","Ammonia_plus_Ammonium",NA,"",NA,NA,0.5
"2252","...149064","BROWARD","'08/10/2005'","23","Ammonia_plus_Ammonium",0.032,"mg/l",NA,NA,0.5
"2253","...149075","BROWARD","'08/10/2005'","33","Ammonia_plus_Ammonium",0.049,"mg/l",NA,NA,0.5
"2254","...149093","BROWARD","'08/10/2005'","10","Ammonia_plus_Ammonium",0.038,"mg/l",NA,NA,0.5
"2255","...149101","BROWARD","'08/10/2005'","22","Ammonia_plus_Ammonium",0.128,"mg/l",NA,NA,0.5
"2256","...149115","BROWARD","'08/10/2005'","20","Ammonia_plus_Ammonium",0.095,"mg/l",NA,NA,0.5
"2257","...149122","BROWARD","'08/10/2005'","21","Ammonia_plus_Ammonium",0.129,"mg/l",NA,NA,0.5
"2258","...149131","BROWARD","'08/10/2005'","90","Ammonia_plus_Ammonium",0.067,"mg/l",NA,NA,0.5
"2259","...149148","BROWARD","'08/10/2005'","49","Ammonia_plus_Ammonium",0.06,"mg/l",NA,NA,0.5
"2260","...149158","BROWARD","'06/08/2005'","114","Ammonia_plus_Ammonium",0.136,"mg/l",NA,NA,0.5
"2261","...149165","BROWARD","'06/08/2005'","32","Ammonia_plus_Ammonium",0.113,"mg/l",NA,NA,0.5
"2262","...149184","BROWARD","'06/08/2005'","32","Ammonia_plus_Ammonium",0.117,"mg/l",NA,NA,0.5
"2263","...149191","BROWARD","'06/08/2005'","29","Ammonia_plus_Ammonium",0.376,"mg/l",NA,NA,0.5
"2264","...149200","BROWARD","'06/08/2005'","14","Ammonia_plus_Ammonium",0.202,"mg/l",NA,NA,0.5
"2265","...149207","BROWARD","'06/08/2005'","41","Ammonia_plus_Ammonium",0.049,"mg/l",NA,NA,0.5
"2266","...149225","BROWARD","'06/08/2005'","41","Ammonia_plus_Ammonium",0.033,"mg/l",NA,NA,0.5
"2267","...149234","BROWARD","'06/08/2005'","31","Ammonia_plus_Ammonium",0.178,"mg/l",NA,NA,0.5
"2268","...149241","BROWARD","'06/08/2005'","13","Ammonia_plus_Ammonium",0.079,"mg/l",NA,NA,0.5
"2269","...149255","BROWARD","'06/08/2005'","40","Ammonia_plus_Ammonium",0.047,"mg/l",NA,NA,0.5
"2270","...149266","BROWARD","'06/08/2005'","12","Ammonia_plus_Ammonium",0.069,"mg/l",NA,NA,0.5
"2271","...149274","BROWARD","'06/08/2005'","28","Ammonia_plus_Ammonium",0.29,"mg/l",NA,NA,0.5
"2272","...149287","BROWARD","'06/08/2005'","11","Ammonia_plus_Ammonium",0.129,"mg/l",NA,NA,0.5
"2273","...149304","BROWARD","'06/08/2005'","38","Ammonia_plus_Ammonium",0.115,"mg/l",NA,NA,0.5
"2274","...149312","BROWARD","'06/08/2005'","27","Ammonia_plus_Ammonium",0.349,"mg/l",NA,NA,0.5
"2275","...149322","BROWARD","'06/08/2005'","112","Ammonia_plus_Ammonium",0.129,"mg/l",NA,NA,0.5
"2276","...149331","BROWARD","'06/08/2005'","26","Ammonia_plus_Ammonium",0.324,"mg/l",NA,NA,0.5
"2277","...149346","BROWARD","'06/08/2005'","37","Ammonia_plus_Ammonium",0.072,"mg/l",NA,NA,0.5
"2278","...149355","BROWARD","'06/08/2005'","111","Ammonia_plus_Ammonium",0.107,"mg/l",NA,NA,0.5
"2279","...149359","BROWARD","'06/08/2005'","25","Ammonia_plus_Ammonium",0.367,"mg/l",NA,NA,0.5
"2280","...149377","BROWARD","'06/08/2005'","23","Ammonia_plus_Ammonium",NA,"",NA,NA,0.5
"2281","...149387","BROWARD","'06/08/2005'","36","Ammonia_plus_Ammonium",0.117,"mg/l",NA,NA,0.5
"2282","...149401","BROWARD","'06/08/2005'","10","Ammonia_plus_Ammonium",0.1,"mg/l",NA,NA,0.5
"2283","...149412","BROWARD","'06/08/2005'","35","Ammonia_plus_Ammonium",0.097,"mg/l",NA,NA,0.5
"2284","...149415","BROWARD","'06/08/2005'","24","Ammonia_plus_Ammonium",0.192,"mg/l",NA,NA,0.5
"2285","...149426","BROWARD","'06/08/2005'","22","Ammonia_plus_Ammonium",0.235,"mg/l",NA,NA,0.5
"2286","...149436","BROWARD","'06/08/2005'","49","Ammonia_plus_Ammonium",0.1,"mg/l",NA,NA,0.5
"2287","...149450","BROWARD","'06/08/2005'","34","Ammonia_plus_Ammonium",0.064,"mg/l",NA,NA,0.5
"2288","...149456","BROWARD","'06/08/2005'","21","Ammonia_plus_Ammonium",0.154,"mg/l",NA,NA,0.5
"2289","...149472","BROWARD","'06/02/2005'","18","Ammonia_plus_Ammonium",NA,"",NA,NA,0.5
"2290","...149476","BROWARD","'06/02/2005'","89","Ammonia_plus_Ammonium",0.057,"mg/l",NA,NA,0.5
"2291","...149495","BROWARD","'06/02/2005'","17","Ammonia_plus_Ammonium",0.045,"mg/l",NA,NA,0.5
"2292","...149498","BROWARD","'06/02/2005'","8","Ammonia_plus_Ammonium",0.034,"mg/l",NA,NA,0.5
"2293","...149514","BROWARD","'06/02/2005'","3","Ammonia_plus_Ammonium",0.196,"mg/l",NA,NA,0.5
"2294","...149524","BROWARD","'06/02/2005'","64","Ammonia_plus_Ammonium",0.233,"mg/l",NA,NA,0.5
"2295","...149534","BROWARD","'06/02/2005'","7","Ammonia_plus_Ammonium",0.05,"mg/l",NA,NA,0.5
"2296","...149551","BROWARD","'06/02/2005'","4","Ammonia_plus_Ammonium",0.097,"mg/l",NA,NA,0.5
"2297","...149559","BROWARD","'06/02/2005'","16","Ammonia_plus_Ammonium",0.217,"mg/l",NA,NA,0.5
"2298","...149569","BROWARD","'06/02/2005'","4","Ammonia_plus_Ammonium",0.103,"mg/l",NA,NA,0.5
"2299","...149575","BROWARD","'06/02/2005'","110","Ammonia_plus_Ammonium",0.137,"mg/l",NA,NA,0.5
"2300","...149590","BROWARD","'06/02/2005'","15","Ammonia_plus_Ammonium",0.107,"mg/l",NA,NA,0.5
"2301","...149601","BROWARD","'06/02/2005'","2","Ammonia_plus_Ammonium",0.101,"mg/l",NA,NA,0.5
"2302","...149611","BROWARD","'06/02/2005'","5","Ammonia_plus_Ammonium",0.123,"mg/l",NA,NA,0.5
"2303","...149627","BROWARD","'06/02/2005'","33","Ammonia_plus_Ammonium",0.184,"mg/l",NA,NA,0.5
"2304","...149635","BROWARD","'06/02/2005'","19","Ammonia_plus_Ammonium",0.107,"mg/l",NA,NA,0.5
"2305","...149645","BROWARD","'06/02/2005'","1","Ammonia_plus_Ammonium",0.194,"mg/l",NA,NA,0.5
"2306","...149657","BROWARD","'06/02/2005'","6","Ammonia_plus_Ammonium",0.069,"mg/l",NA,NA,0.5
"2307","...149669","BROWARD","'06/02/2005'","1","Ammonia_plus_Ammonium",0.191,"mg/l",NA,NA,0.5
"2308","...149682","BROWARD","'06/02/2005'","20","Ammonia_plus_Ammonium",0.13,"mg/l",NA,NA,0.5
"2309","...149693","BROWARD","'06/02/2005'","90","Ammonia_plus_Ammonium",0.094,"mg/l",NA,NA,0.5
"2310","...149706","BROWARD","'02/24/2005'","19","Ammonia_plus_Ammonium",0.035,"mg/l",NA,NA,0.5
"2311","...149713","BROWARD","'02/24/2005'","15","Ammonia_plus_Ammonium",0.032,"mg/l",NA,NA,0.5
"2312","...149727","BROWARD","'02/24/2005'","16","Ammonia_plus_Ammonium",NA,"",NA,NA,0.5
"2313","...149739","BROWARD","'02/24/2005'","38","Ammonia_plus_Ammonium",NA,"",NA,NA,0.5
"2314","...149744","BROWARD","'02/24/2005'","49","Ammonia_plus_Ammonium",NA,"",NA,NA,0.5
"2315","...149761","BROWARD","'02/24/2005'","64","Ammonia_plus_Ammonium",0.153,"mg/l",NA,NA,0.5
"2316","...149764","BROWARD","'02/24/2005'","39","Ammonia_plus_Ammonium",NA,"",NA,NA,0.5
"2317","...149779","BROWARD","'02/24/2005'","10","Ammonia_plus_Ammonium",0.676,"mg/l",NA,NA,0.5
"2318","...149794","BROWARD","'02/24/2005'","47","Ammonia_plus_Ammonium",NA,"",NA,NA,0.5
"2319","...149803","BROWARD","'02/24/2005'","4","Ammonia_plus_Ammonium",0.028,"mg/l",NA,NA,0.5
"2320","...149808","BROWARD","'02/24/2005'","111","Ammonia_plus_Ammonium",0.027,"mg/l",NA,NA,0.5
"2321","...149817","BROWARD","'02/24/2005'","17","Ammonia_plus_Ammonium",NA,"",NA,NA,0.5
"2322","...149828","BROWARD","'02/24/2005'","4","Ammonia_plus_Ammonium",0.035,"mg/l",NA,NA,0.5
"2323","...149848","BROWARD","'02/24/2005'","112","Ammonia_plus_Ammonium",0.016,"mg/l",NA,NA,0.5
"2324","...149856","BROWARD","'02/24/2005'","3","Ammonia_plus_Ammonium",0.092,"mg/l",NA,NA,0.5
"2325","...149866","BROWARD","'02/24/2005'","40","Ammonia_plus_Ammonium",0.039,"mg/l",NA,NA,0.5
"2326","...149875","BROWARD","'02/24/2005'","18","Ammonia_plus_Ammonium",NA,"",NA,NA,0.5
"2327","...149891","BROWARD","'02/24/2005'","11","Ammonia_plus_Ammonium",NA,"mg/l",NA,NA,0.5
"2328","...149900","BROWARD","'02/24/2005'","2","Ammonia_plus_Ammonium",NA,"",NA,NA,0.5
"2329","...149913","BROWARD","'02/24/2005'","12","Ammonia_plus_Ammonium",0.083,"mg/l",NA,NA,0.5
"2330","...149923","BROWARD","'02/24/2005'","41","Ammonia_plus_Ammonium",NA,"",NA,NA,0.5
"2331","...149931","BROWARD","'02/24/2005'","41","Ammonia_plus_Ammonium",0.016,"mg/l",NA,NA,0.5
"2332","...149948","BROWARD","'02/24/2005'","13","Ammonia_plus_Ammonium",0.173,"mg/l",NA,NA,0.5
"2333","...149949","BROWARD","'02/24/2005'","20","Ammonia_plus_Ammonium",0.025,"mg/l",NA,NA,0.5
"2334","...149967","BROWARD","'02/24/2005'","14","Ammonia_plus_Ammonium",0.242,"mg/l",NA,NA,0.5
"2335","...149970","BROWARD","'02/24/2005'","90","Ammonia_plus_Ammonium",0.024,"mg/l",NA,NA,0.5
"2336","...149981","BROWARD","'02/23/2005'","24","Ammonia_plus_Ammonium",NA,"",NA,NA,0.5
"2337","...149998","BROWARD","'02/23/2005'","37","Ammonia_plus_Ammonium",NA,"",NA,NA,0.5
"2338","...150009","BROWARD","'02/23/2005'","110","Ammonia_plus_Ammonium",NA,"",NA,NA,0.5
"2339","...150017","BROWARD","'02/23/2005'","26","Ammonia_plus_Ammonium",0.025,"mg/l",NA,NA,0.5
"2340","...150028","BROWARD","'02/23/2005'","32","Ammonia_plus_Ammonium",0.227,"mg/l",NA,NA,0.5
"2341","...150043","BROWARD","'02/23/2005'","32","Ammonia_plus_Ammonium",0.211,"mg/l",NA,NA,0.5
"2342","...150055","BROWARD","'02/23/2005'","25","Ammonia_plus_Ammonium",0.026,"mg/l",NA,NA,0.5
"2343","...150060","BROWARD","'02/23/2005'","5","Ammonia_plus_Ammonium",NA,"",NA,NA,0.5
"2344","...150075","BROWARD","'02/23/2005'","36","Ammonia_plus_Ammonium",NA,"",NA,NA,0.5
"2345","...150080","BROWARD","'02/23/2005'","6","Ammonia_plus_Ammonium",0.031,"mg/l",NA,NA,0.5
"2346","...150101","BROWARD","'02/23/2005'","27","Ammonia_plus_Ammonium",NA,"",NA,NA,0.5
"2347","...150107","BROWARD","'02/23/2005'","114","Ammonia_plus_Ammonium",0.303,"mg/l",NA,NA,0.5
"2348","...150122","BROWARD","'02/23/2005'","35","Ammonia_plus_Ammonium",NA,"",NA,NA,0.5
"2349","...150130","BROWARD","'02/23/2005'","7","Ammonia_plus_Ammonium",NA,"",NA,NA,0.5
"2350","...150134","BROWARD","'02/23/2005'","29","Ammonia_plus_Ammonium",0.565,"mg/l",NA,NA,0.5
"2351","...150148","BROWARD","'02/23/2005'","34","Ammonia_plus_Ammonium",NA,"",NA,NA,0.5
"2352","...150166","BROWARD","'02/23/2005'","8","Ammonia_plus_Ammonium",0.237,"mg/l",NA,NA,0.5
"2353","...150171","BROWARD","'02/23/2005'","23","Ammonia_plus_Ammonium",0.062,"mg/l",NA,NA,0.5
"2354","...150179","BROWARD","'02/23/2005'","109","Ammonia_plus_Ammonium",0.307,"mg/l",NA,NA,0.5
"2355","...150205","BROWARD","'02/23/2005'","33","Ammonia_plus_Ammonium",0.06,"mg/l",NA,NA,0.5
"2356","...150214","BROWARD","'02/23/2005'","22","Ammonia_plus_Ammonium",0.33,"mg/l",NA,NA,0.5
"2357","...150217","BROWARD","'02/23/2005'","89","Ammonia_plus_Ammonium",0.573,"mg/l",NA,NA,0.5
"2358","...150228","BROWARD","'02/23/2005'","31","Ammonia_plus_Ammonium",0.15,"mg/l",NA,NA,0.5
"2359","...150243","BROWARD","'02/23/2005'","1","Ammonia_plus_Ammonium",NA,"",NA,NA,0.5
"2360","...150254","BROWARD","'02/23/2005'","21","Ammonia_plus_Ammonium",NA,"",NA,NA,0.5
"2361","...150260","BROWARD","'02/23/2005'","1","Ammonia_plus_Ammonium",NA,"",NA,NA,0.5
"2362","...150277","BROWARD","'02/23/2005'","28","Ammonia_plus_Ammonium",0.388,"mg/l",NA,NA,0.5
"2363","...150282","BROWARD","'11/18/2004'","5","Ammonia_plus_Ammonium",0.05,"mg/l",NA,NA,0.5
"2364","...150300","BROWARD","'11/18/2004'","38","Ammonia_plus_Ammonium",0.032,"mg/l",NA,NA,0.5
"2365","...150314","BROWARD","'11/18/2004'","114","Ammonia_plus_Ammonium",0.4,"mg/l",NA,NA,0.5
"2366","...150319","BROWARD","'11/18/2004'","31","Ammonia_plus_Ammonium",0.188,"mg/l",NA,NA,0.5
"2367","...150332","BROWARD","'11/18/2004'","32","Ammonia_plus_Ammonium",0.164,"mg/l",NA,NA,0.5
"2368","...150337","BROWARD","'11/18/2004'","110","Ammonia_plus_Ammonium",0.067,"mg/l",NA,NA,0.5
"2369","...150355","BROWARD","'11/18/2004'","47","Ammonia_plus_Ammonium",0.045,"mg/l",NA,NA,0.5
"2370","...150363","BROWARD","'11/18/2004'","32","Ammonia_plus_Ammonium",0.158,"mg/l",NA,NA,0.5
"2371","...150370","BROWARD","'11/18/2004'","28","Ammonia_plus_Ammonium",0.309,"mg/l",NA,NA,0.5
"2372","...150381","BROWARD","'11/18/2004'","39","Ammonia_plus_Ammonium",0.047,"mg/l",NA,NA,0.5
"2373","...150392","BROWARD","'11/18/2004'","29","Ammonia_plus_Ammonium",0.366,"mg/l",NA,NA,0.5
"2374","...150403","BROWARD","'11/18/2004'","23","Ammonia_plus_Ammonium",0.124,"mg/l",NA,NA,0.5
"2375","...150416","BROWARD","'11/18/2004'","40","Ammonia_plus_Ammonium",0.036,"mg/l",NA,NA,0.5
"2376","...150429","BROWARD","'11/18/2004'","27","Ammonia_plus_Ammonium",0.34,"mg/l",NA,NA,0.5
"2377","...150442","BROWARD","'11/18/2004'","89","Ammonia_plus_Ammonium",NA,"mg/l",NA,NA,0.5
"2378","...150451","BROWARD","'11/18/2004'","22","Ammonia_plus_Ammonium",0.254,"mg/l",NA,NA,0.5
"2379","...150457","BROWARD","'11/18/2004'","109","Ammonia_plus_Ammonium",0.05,"mg/l",NA,NA,0.5
"2380","...150475","BROWARD","'11/18/2004'","26","Ammonia_plus_Ammonium",0.142,"mg/l",NA,NA,0.5
"2381","...150483","BROWARD","'11/18/2004'","41","Ammonia_plus_Ammonium",0.075,"mg/l",NA,NA,0.5
"2382","...150497","BROWARD","'11/18/2004'","21","Ammonia_plus_Ammonium",0.223,"mg/l",NA,NA,0.5
"2383","...150502","BROWARD","'11/18/2004'","41","Ammonia_plus_Ammonium",0.057,"mg/l",NA,NA,0.5
"2384","...150517","BROWARD","'11/18/2004'","25","Ammonia_plus_Ammonium",0.135,"mg/l",NA,NA,0.5
"2385","...150532","BROWARD","'11/18/2004'","7","Ammonia_plus_Ammonium",0.051,"mg/l",NA,NA,0.5
"2386","...150535","BROWARD","'11/18/2004'","24","Ammonia_plus_Ammonium",0.105,"mg/l",NA,NA,0.5
"2387","...150549","BROWARD","'11/18/2004'","6","Ammonia_plus_Ammonium",0.055,"mg/l",NA,NA,0.5
"2388","...150557","BROWARD","'11/17/2004'","64","Ammonia_plus_Ammonium",0.468,"mg/l",NA,NA,0.5
"2389","...150568","BROWARD","'11/17/2004'","49","Ammonia_plus_Ammonium",0.085,"mg/l",NA,NA,0.5
"2390","...150578","BROWARD","'11/17/2004'","17","Ammonia_plus_Ammonium",0.067,"mg/l",NA,NA,0.5
"2391","...150597","BROWARD","'11/17/2004'","4","Ammonia_plus_Ammonium",0.553,"mg/l",NA,NA,0.5
"2392","...150600","BROWARD","'11/17/2004'","4","Ammonia_plus_Ammonium",0.553,"mg/l",NA,NA,0.5
"2393","...150616","BROWARD","'11/17/2004'","14","Ammonia_plus_Ammonium",0.442,"mg/l",NA,NA,0.5
"2394","...150627","BROWARD","'11/17/2004'","37","Ammonia_plus_Ammonium",0.09,"mg/l",NA,NA,0.5
"2395","...150642","BROWARD","'11/17/2004'","18","Ammonia_plus_Ammonium",0.04,"mg/l",NA,NA,0.5
"2396","...150653","BROWARD","'11/17/2004'","36","Ammonia_plus_Ammonium",0.089,"mg/l",NA,NA,0.5
"2397","...150661","BROWARD","'11/17/2004'","13","Ammonia_plus_Ammonium",0.311,"mg/l",NA,NA,0.5
"2398","...150668","BROWARD","'11/17/2004'","3","Ammonia_plus_Ammonium",0.357,"mg/l",NA,NA,0.5
"2399","...150683","BROWARD","'11/17/2004'","20","Ammonia_plus_Ammonium",0.097,"mg/l",NA,NA,0.5
"2400","...150688","BROWARD","'11/17/2004'","12","Ammonia_plus_Ammonium",0.074,"mg/l",NA,NA,0.5
"2401","...150699","BROWARD","'11/17/2004'","35","Ammonia_plus_Ammonium",0.05,"mg/l",NA,NA,0.5
"2402","...150709","BROWARD","'11/17/2004'","11","Ammonia_plus_Ammonium",0.03,"mg/l",NA,NA,0.5
"2403","...150719","BROWARD","'11/17/2004'","34","Ammonia_plus_Ammonium",0.027,"mg/l",NA,NA,0.5
"2404","...150736","BROWARD","'11/17/2004'","90","Ammonia_plus_Ammonium",0.085,"mg/l",NA,NA,0.5
"2405","...150747","BROWARD","'11/17/2004'","2","Ammonia_plus_Ammonium",0.129,"mg/l",NA,NA,0.5
"2406","...150761","BROWARD","'11/17/2004'","112","Ammonia_plus_Ammonium",0.064,"mg/l",NA,NA,0.5
"2407","...150766","BROWARD","'11/17/2004'","33","Ammonia_plus_Ammonium",0.105,"mg/l",NA,NA,0.5
"2408","...150778","BROWARD","'11/17/2004'","16","Ammonia_plus_Ammonium",0.141,"mg/l",NA,NA,0.5
"2409","...150790","BROWARD","'11/17/2004'","1","Ammonia_plus_Ammonium",0.141,"mg/l",NA,NA,0.5
"2410","...150800","BROWARD","'11/17/2004'","111","Ammonia_plus_Ammonium",0.111,"mg/l",NA,NA,0.5
"2411","...150815","BROWARD","'11/17/2004'","33","Ammonia_plus_Ammonium",0.122,"mg/l",NA,NA,0.5
"2412","...150829","BROWARD","'11/17/2004'","1","Ammonia_plus_Ammonium",0.154,"mg/l",NA,NA,0.5
"2413","...150832","BROWARD","'11/17/2004'","19","Ammonia_plus_Ammonium",0.091,"mg/l",NA,NA,0.5
"2414","...150846","BROWARD","'11/17/2004'","10","Ammonia_plus_Ammonium",0.062,"mg/l",NA,NA,0.5
"2415","...150858","BROWARD","'11/17/2004'","15","Ammonia_plus_Ammonium",0.075,"mg/l",NA,NA,0.5
"2416","...150863","BROWARD","'08/12/2004'","89","Ammonia_plus_Ammonium",0.05,"mg/l",NA,NA,0.5
"2417","...150876","BROWARD","'08/12/2004'","109","Ammonia_plus_Ammonium",0.055,"mg/l",NA,NA,0.5
"2418","...150886","BROWARD","'08/12/2004'","114","Ammonia_plus_Ammonium",0.149,"mg/l",NA,NA,0.5
"2419","...150903","BROWARD","'08/12/2004'","37","Ammonia_plus_Ammonium",NA,"",NA,NA,0.5
"2420","...150908","BROWARD","'08/12/2004'","25","Ammonia_plus_Ammonium",0.162,"mg/l",NA,NA,0.5
"2421","...150918","BROWARD","'08/12/2004'","36","Ammonia_plus_Ammonium",NA,"",NA,NA,0.5
"2422","...150929","BROWARD","'08/12/2004'","24","Ammonia_plus_Ammonium",0.061,"mg/l",NA,NA,0.5
"2423","...150947","BROWARD","'08/12/2004'","32","Ammonia_plus_Ammonium",0.225,"mg/l",NA,NA,0.5
"2424","...150959","BROWARD","'08/12/2004'","32","Ammonia_plus_Ammonium",0.234,"mg/l",NA,NA,0.5
"2425","...150964","BROWARD","'08/12/2004'","7","Ammonia_plus_Ammonium",0.068,"mg/l",NA,NA,0.5
"2426","...150984","BROWARD","'08/12/2004'","35","Ammonia_plus_Ammonium",NA,"",NA,NA,0.5
"2427","...150994","BROWARD","'08/12/2004'","26","Ammonia_plus_Ammonium",0.112,"mg/l",NA,NA,0.5
"2428","...150996","BROWARD","'08/12/2004'","110","Ammonia_plus_Ammonium",NA,"",NA,NA,0.5
"2429","...151012","BROWARD","'08/12/2004'","29","Ammonia_plus_Ammonium",0.254,"mg/l",NA,NA,0.5
"2430","...151025","BROWARD","'08/12/2004'","34","Ammonia_plus_Ammonium",NA,"",NA,NA,0.5
"2431","...151031","BROWARD","'08/12/2004'","27","Ammonia_plus_Ammonium",0.209,"mg/l",NA,NA,0.5
"2432","...151043","BROWARD","'08/12/2004'","5","Ammonia_plus_Ammonium",0.073,"mg/l",NA,NA,0.5
"2433","...151057","BROWARD","'08/12/2004'","23","Ammonia_plus_Ammonium",0.057,"mg/l",NA,NA,0.5
"2434","...151065","BROWARD","'08/12/2004'","33","Ammonia_plus_Ammonium",NA,"mg/l",NA,NA,0.5
"2435","...151079","BROWARD","'08/12/2004'","6","Ammonia_plus_Ammonium",0.068,"mg/l",NA,NA,0.5
"2436","...151083","BROWARD","'08/12/2004'","33","Ammonia_plus_Ammonium",NA,"mg/l",NA,NA,0.5
"2437","...151095","BROWARD","'08/12/2004'","31","Ammonia_plus_Ammonium",0.158,"mg/l",NA,NA,0.5
"2438","...151115","BROWARD","'08/12/2004'","22","Ammonia_plus_Ammonium",0.217,"mg/l",NA,NA,0.5
"2439","...151120","BROWARD","'08/12/2004'","21","Ammonia_plus_Ammonium",0.053,"mg/l",NA,NA,0.5
"2440","...151131","BROWARD","'08/12/2004'","28","Ammonia_plus_Ammonium",0.238,"mg/l",NA,NA,0.5
"2441","...151141","BROWARD","'08/11/2004'","64","Ammonia_plus_Ammonium",0.051,"mg/l",NA,NA,0.5
"2442","...151152","BROWARD","'08/11/2004'","38","Ammonia_plus_Ammonium",NA,"",NA,NA,0.5
"2443","...151164","BROWARD","'08/11/2004'","14","Ammonia_plus_Ammonium",0.088,"mg/l",NA,NA,0.5
"2444","...151180","BROWARD","'08/11/2004'","17","Ammonia_plus_Ammonium",0.056,"mg/l",NA,NA,0.5
"2445","...151189","BROWARD","'08/11/2004'","39","Ammonia_plus_Ammonium",NA,"",NA,NA,0.5
"2446","...151203","BROWARD","'08/11/2004'","13","Ammonia_plus_Ammonium",0.252,"mg/l",NA,NA,0.5
"2447","...151209","BROWARD","'08/11/2004'","47","Ammonia_plus_Ammonium",0.028,"mg/l",NA,NA,0.5
"2448","...151222","BROWARD","'08/11/2004'","18","Ammonia_plus_Ammonium",0.075,"mg/l",NA,NA,0.5
"2449","...151231","BROWARD","'08/11/2004'","12","Ammonia_plus_Ammonium",0.047,"mg/l",NA,NA,0.5
"2450","...151243","BROWARD","'08/11/2004'","40","Ammonia_plus_Ammonium",NA,"",NA,NA,0.5
"2451","...151253","BROWARD","'08/11/2004'","20","Ammonia_plus_Ammonium",0.065,"mg/l",NA,NA,0.5
"2452","...151269","BROWARD","'08/11/2004'","11","Ammonia_plus_Ammonium",NA,"",NA,NA,0.5
"2453","...151275","BROWARD","'08/11/2004'","90","Ammonia_plus_Ammonium",0.107,"mg/l",NA,NA,0.5
"2454","...151283","BROWARD","'08/11/2004'","41","Ammonia_plus_Ammonium",0.044,"mg/l",NA,NA,0.5
"2455","...151298","BROWARD","'08/11/2004'","41","Ammonia_plus_Ammonium",0.037,"mg/l",NA,NA,0.5
"2456","...151308","BROWARD","'08/11/2004'","19","Ammonia_plus_Ammonium",0.095,"mg/l",NA,NA,0.5
"2457","...151321","BROWARD","'08/11/2004'","3","Ammonia_plus_Ammonium",0.194,"mg/l",NA,NA,0.5
"2458","...151335","BROWARD","'08/11/2004'","112","Ammonia_plus_Ammonium",0.111,"mg/l",NA,NA,0.5
"2459","...151338","BROWARD","'08/11/2004'","16","Ammonia_plus_Ammonium",0.101,"mg/l",NA,NA,0.5
"2460","...151355","BROWARD","'08/11/2004'","111","Ammonia_plus_Ammonium",NA,"",NA,NA,0.5
"2461","...151368","BROWARD","'08/11/2004'","4","Ammonia_plus_Ammonium",0.082,"mg/l",NA,NA,0.5
"2462","...151372","BROWARD","'08/11/2004'","4","Ammonia_plus_Ammonium",0.077,"mg/l",NA,NA,0.5
"2463","...151386","BROWARD","'08/11/2004'","10","Ammonia_plus_Ammonium",0.061,"mg/l",NA,NA,0.5
"2464","...151391","BROWARD","'08/11/2004'","2","Ammonia_plus_Ammonium",0.093,"mg/l",NA,NA,0.5
"2465","...151402","BROWARD","'08/11/2004'","15","Ammonia_plus_Ammonium",0.076,"mg/l",NA,NA,0.5
"2466","...151408","BROWARD","'08/11/2004'","49","Ammonia_plus_Ammonium",0.072,"mg/l",NA,NA,0.5
"2467","...151430","BROWARD","'08/11/2004'","1","Ammonia_plus_Ammonium",0.065,"mg/l",NA,NA,0.5
"2468","...151444","BROWARD","'08/11/2004'","1","Ammonia_plus_Ammonium",0.071,"mg/l",NA,NA,0.5
"2469","...151453","BROWARD","'05/06/2004'","38","Ammonia_plus_Ammonium",NA,"",NA,NA,0.5
"2470","...151466","BROWARD","'05/06/2004'","89","Ammonia_plus_Ammonium",NA,"",NA,NA,0.5
"2471","...151476","BROWARD","'05/06/2004'","114","Ammonia_plus_Ammonium",NA,"",NA,NA,0.5
"2472","...151487","BROWARD","'05/06/2004'","109","Ammonia_plus_Ammonium",NA,"",NA,NA,0.5
"2473","...151496","BROWARD","'05/06/2004'","39","Ammonia_plus_Ammonium",NA,"",NA,NA,0.5
"2474","...151510","BROWARD","'05/06/2004'","31","Ammonia_plus_Ammonium",0.134,"mg/l",NA,NA,0.5
"2475","...151517","BROWARD","'05/06/2004'","47","Ammonia_plus_Ammonium",NA,"",NA,NA,0.5
"2476","...151527","BROWARD","'05/06/2004'","32","Ammonia_plus_Ammonium",0.183,"mg/l",NA,NA,0.5
"2477","...151543","BROWARD","'05/06/2004'","32","Ammonia_plus_Ammonium",0.184,"mg/l",NA,NA,0.5
"2478","...151551","BROWARD","'05/06/2004'","7","Ammonia_plus_Ammonium",NA,"",NA,NA,0.5
"2479","...151565","BROWARD","'05/06/2004'","28","Ammonia_plus_Ammonium",0.075,"mg/l",NA,NA,0.5
"2480","...151571","BROWARD","'05/06/2004'","40","Ammonia_plus_Ammonium",NA,"",NA,NA,0.5
"2481","...151581","BROWARD","'05/06/2004'","29","Ammonia_plus_Ammonium",0.26,"mg/l",NA,NA,0.5
"2482","...151590","BROWARD","'05/06/2004'","27","Ammonia_plus_Ammonium",NA,"",NA,NA,0.5
"2483","...151605","BROWARD","'05/06/2004'","6","Ammonia_plus_Ammonium",0.026,"mg/l",NA,NA,0.5
"2484","...151619","BROWARD","'05/06/2004'","26","Ammonia_plus_Ammonium",0.053,"mg/l",NA,NA,0.5
"2485","...151628","BROWARD","'05/06/2004'","23","Ammonia_plus_Ammonium",0.048,"mg/l",NA,NA,0.5
"2486","...151636","BROWARD","'05/06/2004'","41","Ammonia_plus_Ammonium",0.019,"mg/l",NA,NA,0.5
"2487","...151650","BROWARD","'05/06/2004'","25","Ammonia_plus_Ammonium",0.032,"mg/l",NA,NA,0.5
"2488","...151660","BROWARD","'05/06/2004'","22","Ammonia_plus_Ammonium",0.177,"mg/l",NA,NA,0.5
"2489","...151666","BROWARD","'05/06/2004'","41","Ammonia_plus_Ammonium",NA,"",NA,NA,0.5
"2490","...151683","BROWARD","'05/06/2004'","5","Ammonia_plus_Ammonium",NA,"",NA,NA,0.5
"2491","...151690","BROWARD","'05/06/2004'","24","Ammonia_plus_Ammonium",0.023,"mg/l",NA,NA,0.5
"2492","...151699","BROWARD","'05/06/2004'","21","Ammonia_plus_Ammonium",0.062,"mg/l",NA,NA,0.5
"2493","...151714","BROWARD","'05/06/2004'","110","Ammonia_plus_Ammonium",0.037,"mg/l",NA,NA,0.5
"2494","...151726","BROWARD","'05/05/2004'","20","Ammonia_plus_Ammonium",NA,"",NA,NA,0.5
"2495","...151742","BROWARD","'05/05/2004'","90","Ammonia_plus_Ammonium",NA,"",NA,NA,0.5
"2496","...151751","BROWARD","'05/05/2004'","37","Ammonia_plus_Ammonium",NA,"",NA,NA,0.5
"2497","...151758","BROWARD","'05/05/2004'","19","Ammonia_plus_Ammonium",NA,"",NA,NA,0.5
"2498","...151775","BROWARD","'05/05/2004'","14","Ammonia_plus_Ammonium",0.21,"mg/l",NA,NA,0.5
"2499","...151776","BROWARD","'05/05/2004'","36","Ammonia_plus_Ammonium",NA,"",NA,NA,0.5
"2500","...151792","BROWARD","'05/05/2004'","13","Ammonia_plus_Ammonium",0.157,"mg/l",NA,NA,0.5
"2501","...151803","BROWARD","'05/05/2004'","35","Ammonia_plus_Ammonium",NA,"",NA,NA,0.5
"2502","...151813","BROWARD","'05/05/2004'","12","Ammonia_plus_Ammonium",0.127,"mg/l",NA,NA,0.5
"2503","...151830","BROWARD","'05/05/2004'","4","Ammonia_plus_Ammonium",0.224,"mg/l",NA,NA,0.5
"2504","...151841","BROWARD","'05/05/2004'","34","Ammonia_plus_Ammonium",NA,"",NA,NA,0.5
"2505","...151849","BROWARD","'05/05/2004'","11","Ammonia_plus_Ammonium",NA,"",NA,NA,0.5
"2506","...151856","BROWARD","'05/05/2004'","17","Ammonia_plus_Ammonium",NA,"",NA,NA,0.5
"2507","...151868","BROWARD","'05/05/2004'","4","Ammonia_plus_Ammonium",0.239,"mg/l",NA,NA,0.5
"2508","...151883","BROWARD","'05/05/2004'","18","Ammonia_plus_Ammonium",NA,"",NA,NA,0.5
"2509","...151896","BROWARD","'05/05/2004'","3","Ammonia_plus_Ammonium",0.083,"mg/l",NA,NA,0.5
"2510","...151907","BROWARD","'05/05/2004'","112","Ammonia_plus_Ammonium",NA,"",NA,NA,0.5
"2511","...151909","BROWARD","'05/05/2004'","33","Ammonia_plus_Ammonium",NA,"",NA,NA,0.5
"2512","...151929","BROWARD","'05/05/2004'","111","Ammonia_plus_Ammonium",0.026,"mg/l",NA,NA,0.5
"2513","...151931","BROWARD","'05/05/2004'","2","Ammonia_plus_Ammonium",NA,"",NA,NA,0.5
"2514","...151949","BROWARD","'05/05/2004'","33","Ammonia_plus_Ammonium",NA,"",NA,NA,0.5
"2515","...151958","BROWARD","'05/05/2004'","64","Ammonia_plus_Ammonium",0.033,"mg/l",NA,NA,0.5
"2516","...151969","BROWARD","'05/05/2004'","1","Ammonia_plus_Ammonium",NA,"",NA,NA,0.5
"2517","...151981","BROWARD","'05/05/2004'","10","Ammonia_plus_Ammonium",0.035,"mg/l",NA,NA,0.5
"2518","...151989","BROWARD","'05/05/2004'","16","Ammonia_plus_Ammonium",NA,"",NA,NA,0.5
"2519","...151996","BROWARD","'05/05/2004'","1","Ammonia_plus_Ammonium",NA,"",NA,NA,0.5
"2520","...152009","BROWARD","'05/05/2004'","15","Ammonia_plus_Ammonium",NA,"",NA,NA,0.5
"2521","...152028","BROWARD","'05/05/2004'","49","Ammonia_plus_Ammonium",0.037,"mg/l",NA,NA,0.5
"2522","...152034","BROWARD","'02/12/2004'","5","Ammonia_plus_Ammonium",0.086,"mg/l",NA,NA,0.5
"2523","...152050","BROWARD","'02/12/2004'","110","Ammonia_plus_Ammonium",0.11,"mg/l",NA,NA,0.5
"2524","...152059","BROWARD","'02/12/2004'","41","Ammonia_plus_Ammonium",0.043,"mg/l",NA,NA,0.5
"2525","...152064","BROWARD","'02/12/2004'","41","Ammonia_plus_Ammonium",0.039,"mg/l",NA,NA,0.5
"2526","...152079","BROWARD","'02/12/2004'","25","Ammonia_plus_Ammonium",0.243,"mg/l",NA,NA,0.5
"2527","...152087","BROWARD","'02/12/2004'","40","Ammonia_plus_Ammonium",0.024,"mg/l",NA,NA,0.5
"2528","...152099","BROWARD","'02/12/2004'","24","Ammonia_plus_Ammonium",0.063,"mg/l",NA,NA,0.5
"2529","...152113","BROWARD","'02/12/2004'","89","Ammonia_plus_Ammonium",0.036,"mg/l",NA,NA,0.5
"2530","...152124","BROWARD","'02/12/2004'","32","Ammonia_plus_Ammonium",0.256,"mg/l",NA,NA,0.5
"2531","...152137","BROWARD","'02/12/2004'","32","Ammonia_plus_Ammonium",0.246,"mg/l",NA,NA,0.5
"2532","...152145","BROWARD","'02/12/2004'","26","Ammonia_plus_Ammonium",0.164,"mg/l",NA,NA,0.5
"2533","...152152","BROWARD","'02/12/2004'","47","Ammonia_plus_Ammonium",0.023,"mg/l",NA,NA,0.5
"2534","...152167","BROWARD","'02/12/2004'","109","Ammonia_plus_Ammonium",0.041,"mg/l",NA,NA,0.5
"2535","...152181","BROWARD","'02/12/2004'","39","Ammonia_plus_Ammonium",0.032,"mg/l",NA,NA,0.5
"2536","...152193","BROWARD","'02/12/2004'","29","Ammonia_plus_Ammonium",0.487,"mg/l",NA,NA,0.5
"2537","...152204","BROWARD","'02/12/2004'","27","Ammonia_plus_Ammonium",0.218,"mg/l",NA,NA,0.5
"2538","...152213","BROWARD","'02/12/2004'","23","Ammonia_plus_Ammonium",0.081,"mg/l",NA,NA,0.5
"2539","...152226","BROWARD","'02/12/2004'","7","Ammonia_plus_Ammonium",0.057,"mg/l",NA,NA,0.5
"2540","...152231","BROWARD","'02/12/2004'","22","Ammonia_plus_Ammonium",0.195,"mg/l",NA,NA,0.5
"2541","...152244","BROWARD","'02/12/2004'","38","Ammonia_plus_Ammonium",0.036,"mg/l",NA,NA,0.5
"2542","...152254","BROWARD","'02/12/2004'","28","Ammonia_plus_Ammonium",0.1,"mg/l",NA,NA,0.5
"2543","...152269","BROWARD","'02/12/2004'","6","Ammonia_plus_Ammonium",0.04,"mg/l",NA,NA,0.5
"2544","...152279","BROWARD","'02/12/2004'","31","Ammonia_plus_Ammonium",0.191,"mg/l",NA,NA,0.5
"2545","...152291","BROWARD","'02/12/2004'","21","Ammonia_plus_Ammonium",0.174,"mg/l",NA,NA,0.5
"2546","...152299","BROWARD","'02/11/2004'","64","Ammonia_plus_Ammonium",0.027,"mg/l",NA,NA,0.5
"2547","...152309","BROWARD","'02/11/2004'","90","Ammonia_plus_Ammonium",0.084,"mg/l",NA,NA,0.5
"2548","...152325","BROWARD","'02/11/2004'","20","Ammonia_plus_Ammonium",0.166,"mg/l",NA,NA,0.5
"2549","...152336","BROWARD","'02/11/2004'","49","Ammonia_plus_Ammonium",0.078,"mg/l",NA,NA,0.5
"2550","...152343","BROWARD","'02/11/2004'","37","Ammonia_plus_Ammonium",0.032,"mg/l",NA,NA,0.5
"2551","...152351","BROWARD","'02/11/2004'","36","Ammonia_plus_Ammonium",0.044,"mg/l",NA,NA,0.5
"2552","...152361","BROWARD","'02/11/2004'","14","Ammonia_plus_Ammonium",0.381,"mg/l",NA,NA,0.5
"2553","...152376","BROWARD","'02/11/2004'","19","Ammonia_plus_Ammonium",0.109,"mg/l",NA,NA,0.5
"2554","...152381","BROWARD","'02/11/2004'","4","Ammonia_plus_Ammonium",NA,"",NA,NA,0.5
"2555","...152394","BROWARD","'02/11/2004'","13","Ammonia_plus_Ammonium",0.247,"mg/l",NA,NA,0.5
"2556","...152409","BROWARD","'02/11/2004'","4","Ammonia_plus_Ammonium",NA,"mg/l",NA,NA,0.5
"2557","...152418","BROWARD","'02/11/2004'","35","Ammonia_plus_Ammonium",0.059,"mg/l",NA,NA,0.5
"2558","...152429","BROWARD","'02/11/2004'","3","Ammonia_plus_Ammonium",0.061,"mg/l",NA,NA,0.5
"2559","...152440","BROWARD","'02/11/2004'","12","Ammonia_plus_Ammonium",0.08,"mg/l",NA,NA,0.5
"2560","...152457","BROWARD","'02/11/2004'","34","Ammonia_plus_Ammonium",NA,"",NA,NA,0.5
"2561","...152458","BROWARD","'02/11/2004'","18","Ammonia_plus_Ammonium",NA,"",NA,NA,0.5
"2562","...152477","BROWARD","'02/11/2004'","11","Ammonia_plus_Ammonium",0.124,"mg/l",NA,NA,0.5
"2563","...152480","BROWARD","'02/11/2004'","2","Ammonia_plus_Ammonium",0.07,"mg/l",NA,NA,0.5
"2564","...152493","BROWARD","'02/11/2004'","17","Ammonia_plus_Ammonium",0.049,"mg/l",NA,NA,0.5
"2565","...152512","BROWARD","'02/11/2004'","33","Ammonia_plus_Ammonium",0.088,"mg/l",NA,NA,0.5
"2566","...152517","BROWARD","'02/11/2004'","112","Ammonia_plus_Ammonium",0.093,"mg/l",NA,NA,0.5
"2567","...152533","BROWARD","'02/11/2004'","1","Ammonia_plus_Ammonium",0.068,"mg/l",NA,NA,0.5
"2568","...152537","BROWARD","'02/11/2004'","33","Ammonia_plus_Ammonium",0.091,"mg/l",NA,NA,0.5
"2569","...152552","BROWARD","'02/11/2004'","1","Ammonia_plus_Ammonium",0.078,"mg/l",NA,NA,0.5
"2570","...152559","BROWARD","'02/11/2004'","16","Ammonia_plus_Ammonium",0.17,"mg/l",NA,NA,0.5
"2571","...152576","BROWARD","'02/11/2004'","111","Ammonia_plus_Ammonium",0.093,"mg/l",NA,NA,0.5
"2572","...152582","BROWARD","'02/11/2004'","15","Ammonia_plus_Ammonium",0.113,"mg/l",NA,NA,0.5
"2573","...152593","BROWARD","'02/11/2004'","10","Ammonia_plus_Ammonium",0.08,"mg/l",NA,NA,0.5
"2574","...152609","BROWARD","'11/06/2003'","49","Ammonia_plus_Ammonium",NA,"mg/l",NA,NA,NA
"2575","...152621","BROWARD","'11/06/2003'","24","Ammonia_plus_Ammonium",0.124,"mg/l",NA,NA,NA
"2576","...152624","BROWARD","'11/06/2003'","10","Ammonia_plus_Ammonium",0.085,"mg/l",NA,NA,NA
"2577","...152641","BROWARD","'11/06/2003'","25","Ammonia_plus_Ammonium",0.205,"mg/l",NA,NA,NA
"2578","...152646","BROWARD","'11/06/2003'","18","Ammonia_plus_Ammonium",NA,"mg/l",NA,NA,NA
"2579","...152667","BROWARD","'11/06/2003'","26","Ammonia_plus_Ammonium",0.117,"mg/l",NA,NA,NA
"2580","...152669","BROWARD","'11/06/2003'","111","Ammonia_plus_Ammonium",0.13,"mg/l",NA,NA,NA
"2581","...152683","BROWARD","'11/06/2003'","37","Ammonia_plus_Ammonium",0.115,"mg/l",NA,NA,NA
"2582","...152699","BROWARD","'11/06/2003'","17","Ammonia_plus_Ammonium",NA,"mg/l",NA,NA,NA
"2583","...152701","BROWARD","'11/06/2003'","64","Ammonia_plus_Ammonium",0.084,"mg/l",NA,NA,NA
"2584","...152714","BROWARD","'11/06/2003'","36","Ammonia_plus_Ammonium",0.098,"mg/l",NA,NA,NA
"2585","...152729","BROWARD","'11/06/2003'","112","Ammonia_plus_Ammonium",0.157,"mg/l",NA,NA,NA
"2586","...152733","BROWARD","'11/06/2003'","11","Ammonia_plus_Ammonium",0.189,"mg/l",NA,NA,NA
"2587","...152748","BROWARD","'11/06/2003'","35","Ammonia_plus_Ammonium",0.072,"mg/l",NA,NA,NA
"2588","...152756","BROWARD","'11/06/2003'","27","Ammonia_plus_Ammonium",0.455,"mg/l",NA,NA,NA
"2589","...152767","BROWARD","'11/06/2003'","16","Ammonia_plus_Ammonium",0.074,"mg/l",NA,NA,NA
"2590","...152779","BROWARD","'11/06/2003'","12","Ammonia_plus_Ammonium",0.224,"mg/l",NA,NA,NA
"2591","...152789","BROWARD","'11/06/2003'","34","Ammonia_plus_Ammonium",0.1,"mg/l",NA,NA,NA
"2592","...152807","BROWARD","'11/06/2003'","20","Ammonia_plus_Ammonium",0.154,"mg/l",NA,NA,NA
"2593","...152810","BROWARD","'11/06/2003'","28","Ammonia_plus_Ammonium",0.141,"mg/l",NA,NA,NA
"2594","...152823","BROWARD","'11/06/2003'","13","Ammonia_plus_Ammonium",0.285,"mg/l",NA,NA,NA
"2595","...152833","BROWARD","'11/06/2003'","33","Ammonia_plus_Ammonium",0.124,"mg/l",NA,NA,NA
"2596","...152847","BROWARD","'11/06/2003'","90","Ammonia_plus_Ammonium",0.09,"mg/l",NA,NA,NA
"2597","...152856","BROWARD","'11/06/2003'","33","Ammonia_plus_Ammonium",0.124,"mg/l",NA,NA,NA
"2598","...152872","BROWARD","'11/06/2003'","31","Ammonia_plus_Ammonium",0.229,"mg/l",NA,NA,NA
"2599","...152883","BROWARD","'11/06/2003'","19","Ammonia_plus_Ammonium",NA,"mg/l",NA,NA,NA
"2600","...152887","BROWARD","'11/06/2003'","14","Ammonia_plus_Ammonium",0.369,"mg/l",NA,NA,NA
"2601","...152901","BROWARD","'11/06/2003'","15","Ammonia_plus_Ammonium",0.081,"mg/l",NA,NA,NA
"2602","...152911","BROWARD","'11/05/2003'","4","Ammonia_plus_Ammonium",0.408,"mg/l",NA,NA,NA
"2603","...152928","BROWARD","'11/05/2003'","38","Ammonia_plus_Ammonium",NA,"mg/l",NA,NA,NA
"2604","...152931","BROWARD","'11/05/2003'","4","Ammonia_plus_Ammonium",0.429,"mg/l",NA,NA,NA
"2605","...152951","BROWARD","'11/05/2003'","89","Ammonia_plus_Ammonium",NA,"mg/l",NA,NA,NA
"2606","...152963","BROWARD","'11/05/2003'","3","Ammonia_plus_Ammonium",0.253,"mg/l",NA,NA,NA
"2607","...152970","BROWARD","'11/05/2003'","39","Ammonia_plus_Ammonium",NA,"mg/l",NA,NA,NA
"2608","...152978","BROWARD","'11/05/2003'","47","Ammonia_plus_Ammonium",0.068,"mg/l",NA,NA,NA
"2609","...152996","BROWARD","'11/05/2003'","109","Ammonia_plus_Ammonium",NA,"mg/l",NA,NA,NA
"2610","...153001","BROWARD","'11/05/2003'","40","Ammonia_plus_Ammonium",NA,"mg/l",NA,NA,NA
"2611","...153015","BROWARD","'11/05/2003'","32","Ammonia_plus_Ammonium",0.176,"mg/l",NA,NA,NA
"2612","...153025","BROWARD","'11/05/2003'","7","Ammonia_plus_Ammonium",0.166,"mg/l",NA,NA,NA
"2613","...153040","BROWARD","'11/05/2003'","32","Ammonia_plus_Ammonium",0.182,"mg/l",NA,NA,NA
"2614","...153046","BROWARD","'11/05/2003'","41","Ammonia_plus_Ammonium",NA,"mg/l",NA,NA,NA
"2615","...153060","BROWARD","'11/05/2003'","6","Ammonia_plus_Ammonium",0.132,"mg/l",NA,NA,NA
"2616","...153071","BROWARD","'11/05/2003'","29","Ammonia_plus_Ammonium",0.222,"mg/l",NA,NA,NA
"2617","...153075","BROWARD","'11/05/2003'","2","Ammonia_plus_Ammonium",0.098,"mg/l",NA,NA,NA
"2618","...153092","BROWARD","'11/05/2003'","41","Ammonia_plus_Ammonium",NA,"mg/l",NA,NA,NA
"2619","...153104","BROWARD","'11/05/2003'","23","Ammonia_plus_Ammonium",NA,"mg/l",NA,NA,NA
"2620","...153112","BROWARD","'11/05/2003'","5","Ammonia_plus_Ammonium",0.08,"mg/l",NA,NA,NA
"2621","...153125","BROWARD","'11/05/2003'","22","Ammonia_plus_Ammonium",0.352,"mg/l",NA,NA,NA
"2622","...153135","BROWARD","'11/05/2003'","1","Ammonia_plus_Ammonium",0.094,"mg/l",NA,NA,NA
"2623","...153141","BROWARD","'11/05/2003'","1","Ammonia_plus_Ammonium",0.086,"mg/l",NA,NA,NA
"2624","...153162","BROWARD","'11/05/2003'","110","Ammonia_plus_Ammonium",0.516,"mg/l",NA,NA,NA
"2625","...153166","BROWARD","'11/05/2003'","21","Ammonia_plus_Ammonium",0.221,"mg/l",NA,NA,NA
"2626","...153183","BROWARD","'08/28/2003'","89","Ammonia_plus_Ammonium",NA,"mg/l",NA,NA,NA
"2627","...153184","BROWARD","'08/28/2003'","31","Ammonia_plus_Ammonium",0.124,"mg/l",NA,NA,NA
"2628","...153187","BROWARD","'08/28/2003'","109","Ammonia_plus_Ammonium",NA,"mg/l",NA,NA,NA
"2629","...153208","BROWARD","'08/28/2003'","32","Ammonia_plus_Ammonium",0.197,"mg/l",NA,NA,NA
"2630","...153218","BROWARD","'08/28/2003'","28","Ammonia_plus_Ammonium",NA,"mg/l",NA,NA,NA
"2631","...153235","BROWARD","'08/28/2003'","32","Ammonia_plus_Ammonium",0.201,"mg/l",NA,NA,NA
"2632","...153242","BROWARD","'08/28/2003'","7","Ammonia_plus_Ammonium",NA,"mg/l",NA,NA,NA
"2633","...153254","BROWARD","'08/28/2003'","27","Ammonia_plus_Ammonium",0.367,"mg/l",NA,NA,NA
"2634","...153263","BROWARD","'08/28/2003'","29","Ammonia_plus_Ammonium",0.162,"mg/l",NA,NA,NA
"2635","...153276","BROWARD","'08/28/2003'","37","Ammonia_plus_Ammonium",NA,"mg/l",NA,NA,NA
"2636","...153287","BROWARD","'08/28/2003'","6","Ammonia_plus_Ammonium",NA,"mg/l",NA,NA,NA
"2637","...153302","BROWARD","'08/28/2003'","26","Ammonia_plus_Ammonium",0.153,"mg/l",NA,NA,NA
"2638","...153312","BROWARD","'08/28/2003'","36","Ammonia_plus_Ammonium",NA,"mg/l",NA,NA,NA
"2639","...153324","BROWARD","'08/28/2003'","23","Ammonia_plus_Ammonium",NA,"mg/l",NA,NA,NA
"2640","...153329","BROWARD","'08/28/2003'","35","Ammonia_plus_Ammonium",0.084,"mg/l",NA,NA,NA
"2641","...153337","BROWARD","'08/28/2003'","25","Ammonia_plus_Ammonium",0.132,"mg/l",NA,NA,NA
"2642","...153354","BROWARD","'08/28/2003'","5","Ammonia_plus_Ammonium",0.097,"mg/l",NA,NA,NA
"2643","...153360","BROWARD","'08/28/2003'","22","Ammonia_plus_Ammonium",0.186,"mg/l",NA,NA,NA
"2644","...153370","BROWARD","'08/28/2003'","34","Ammonia_plus_Ammonium",NA,"mg/l",NA,NA,NA
"2645","...153388","BROWARD","'08/28/2003'","33","Ammonia_plus_Ammonium",0.084,"mg/l",NA,NA,NA
"2646","...153392","BROWARD","'08/28/2003'","110","Ammonia_plus_Ammonium",NA,"mg/l",NA,NA,NA
"2647","...153404","BROWARD","'08/28/2003'","24","Ammonia_plus_Ammonium",0.065,"mg/l",NA,NA,NA
"2648","...153418","BROWARD","'08/28/2003'","21","Ammonia_plus_Ammonium",0.201,"mg/l",NA,NA,NA
"2649","...153428","BROWARD","'08/28/2003'","33","Ammonia_plus_Ammonium",0.072,"mg/l",NA,NA,NA
"2650","...153438","BROWARD","'08/13/2003'","38","Ammonia_plus_Ammonium",0.061,"mg/l",NA,NA,NA
"2651","...153452","BROWARD","'08/13/2003'","39","Ammonia_plus_Ammonium",0.105,"mg/l",NA,NA,NA
"2652","...153467","BROWARD","'08/13/2003'","4","Ammonia_plus_Ammonium",0.099,"mg/l",NA,NA,NA
"2653","...153476","BROWARD","'08/13/2003'","4","Ammonia_plus_Ammonium",NA,"mg/l",NA,NA,NA
"2654","...153486","BROWARD","'08/13/2003'","47","Ammonia_plus_Ammonium",0.088,"mg/l",NA,NA,NA
"2655","...153495","BROWARD","'08/13/2003'","14","Ammonia_plus_Ammonium",0.191,"mg/l",NA,NA,NA
"2656","...153506","BROWARD","'08/13/2003'","18","Ammonia_plus_Ammonium",NA,"mg/l",NA,NA,NA
"2657","...153516","BROWARD","'08/13/2003'","3","Ammonia_plus_Ammonium",NA,"mg/l",NA,NA,NA
"2658","...153527","BROWARD","'08/13/2003'","17","Ammonia_plus_Ammonium",NA,"mg/l",NA,NA,NA
"2659","...153537","BROWARD","'08/13/2003'","13","Ammonia_plus_Ammonium",0.257,"mg/l",NA,NA,NA
"2660","...153547","BROWARD","'08/13/2003'","2","Ammonia_plus_Ammonium",NA,"mg/l",NA,NA,NA
"2661","...153562","BROWARD","'08/13/2003'","12","Ammonia_plus_Ammonium",0.183,"mg/l",NA,NA,NA
"2662","...153575","BROWARD","'08/13/2003'","40","Ammonia_plus_Ammonium",0.109,"mg/l",NA,NA,NA
"2663","...153581","BROWARD","'08/13/2003'","11","Ammonia_plus_Ammonium",0.153,"mg/l",NA,NA,NA
"2664","...153595","BROWARD","'08/13/2003'","64","Ammonia_plus_Ammonium",NA,"mg/l",NA,NA,NA
"2665","...153602","BROWARD","'08/13/2003'","1","Ammonia_plus_Ammonium",0.074,"mg/l",NA,NA,NA
"2666","...153617","BROWARD","'08/13/2003'","41","Ammonia_plus_Ammonium",0.064,"mg/l",NA,NA,NA
"2667","...153631","BROWARD","'08/13/2003'","16","Ammonia_plus_Ammonium",0.102,"mg/l",NA,NA,NA
"2668","...153641","BROWARD","'08/13/2003'","1","Ammonia_plus_Ammonium",0.063,"mg/l",NA,NA,NA
"2669","...153649","BROWARD","'08/13/2003'","112","Ammonia_plus_Ammonium",0.086,"mg/l",NA,NA,NA
"2670","...153656","BROWARD","'08/13/2003'","41","Ammonia_plus_Ammonium",NA,"mg/l",NA,NA,NA
"2671","...153666","BROWARD","'08/13/2003'","111","Ammonia_plus_Ammonium",0.104,"mg/l",NA,NA,NA
"2672","...153676","BROWARD","'08/13/2003'","20","Ammonia_plus_Ammonium",0.151,"mg/l",NA,NA,NA
"2673","...153693","BROWARD","'08/13/2003'","90","Ammonia_plus_Ammonium",0.143,"mg/l",NA,NA,NA
"2674","...153707","BROWARD","'08/13/2003'","10","Ammonia_plus_Ammonium",0.124,"mg/l",NA,NA,NA
"2675","...153715","BROWARD","'08/13/2003'","19","Ammonia_plus_Ammonium",0.126,"mg/l",NA,NA,NA
"2676","...153723","BROWARD","'08/13/2003'","49","Ammonia_plus_Ammonium",0.11,"mg/l",NA,NA,NA
"2677","...153740","BROWARD","'08/13/2003'","15","Ammonia_plus_Ammonium",0.072,"mg/l",NA,NA,NA
"2678","...153749","BROWARD","'04/24/2003'","90","Ammonia_plus_Ammonium",NA,"mg/l",NA,NA,NA
"2679","...153765","BROWARD","'04/24/2003'","47","Ammonia_plus_Ammonium",NA,"mg/l",NA,NA,NA
"2680","...153769","BROWARD","'04/24/2003'","41","Ammonia_plus_Ammonium",NA,"mg/l",NA,NA,NA
"2681","...153783","BROWARD","'04/24/2003'","41","Ammonia_plus_Ammonium",NA,"mg/l",NA,NA,NA
"2682","...153795","BROWARD","'04/24/2003'","40","Ammonia_plus_Ammonium",NA,"mg/l",NA,NA,NA
"2683","...153806","BROWARD","'04/24/2003'","38","Ammonia_plus_Ammonium",NA,"mg/l",NA,NA,NA
"2684","...153816","BROWARD","'04/24/2003'","64","Ammonia_plus_Ammonium",NA,"mg/l",NA,NA,NA
"2685","...153830","BROWARD","'04/24/2003'","24","Ammonia_plus_Ammonium",NA,"mg/l",NA,NA,NA
"2686","...153840","BROWARD","'04/24/2003'","31","Ammonia_plus_Ammonium",0.172,"mg/l",NA,NA,NA
"2687","...153848","BROWARD","'04/24/2003'","39","Ammonia_plus_Ammonium",NA,"mg/l",NA,NA,NA
"2688","...153865","BROWARD","'04/24/2003'","32","Ammonia_plus_Ammonium",0.243,"mg/l",NA,NA,NA
"2689","...153874","BROWARD","'04/24/2003'","32","Ammonia_plus_Ammonium",0.211,"mg/l",NA,NA,NA
"2690","...153877","BROWARD","'04/24/2003'","28","Ammonia_plus_Ammonium",0.193,"mg/l",NA,NA,NA
"2691","...153895","BROWARD","'04/24/2003'","27","Ammonia_plus_Ammonium",NA,"mg/l",NA,NA,NA
"2692","...153906","BROWARD","'04/24/2003'","26","Ammonia_plus_Ammonium",NA,"mg/l",NA,NA,NA
"2693","...153918","BROWARD","'04/24/2003'","25","Ammonia_plus_Ammonium",NA,"mg/l",NA,NA,NA
"2694","...153924","BROWARD","'04/24/2003'","29","Ammonia_plus_Ammonium",0.408,"mg/l",NA,NA,NA
"2695","...153940","BROWARD","'04/24/2003'","23","Ammonia_plus_Ammonium",NA,"mg/l",NA,NA,NA
"2696","...153944","BROWARD","'04/24/2003'","16","Ammonia_plus_Ammonium",NA,"mg/l",NA,NA,NA
"2697","...153956","BROWARD","'04/24/2003'","15","Ammonia_plus_Ammonium",NA,"mg/l",NA,NA,NA
"2698","...153972","BROWARD","'04/24/2003'","22","Ammonia_plus_Ammonium",0.122,"mg/l",NA,NA,NA
"2699","...153985","BROWARD","'04/24/2003'","21","Ammonia_plus_Ammonium",NA,"mg/l",NA,NA,NA
"2700","...153986","BROWARD","'04/24/2003'","20","Ammonia_plus_Ammonium",NA,"mg/l",NA,NA,NA
"2701","...154004","BROWARD","'04/24/2003'","19","Ammonia_plus_Ammonium",NA,"mg/l",NA,NA,NA
"2702","...154016","BROWARD","'04/24/2003'","18","Ammonia_plus_Ammonium",NA,"mg/l",NA,NA,NA
"2703","...154028","BROWARD","'04/24/2003'","17","Ammonia_plus_Ammonium",NA,"mg/l",NA,NA,NA
"2704","...154029","BROWARD","'04/23/2003'","4","Ammonia_plus_Ammonium",NA,"mg/l",NA,NA,NA
"2705","...154035","BROWARD","'04/23/2003'","33","Ammonia_plus_Ammonium",NA,"mg/l",NA,NA,NA
"2706","...154044","BROWARD","'04/23/2003'","33","Ammonia_plus_Ammonium",NA,"mg/l",NA,NA,NA
"2707","...154056","BROWARD","'04/23/2003'","110","Ammonia_plus_Ammonium",NA,"mg/l",NA,NA,NA
"2708","...154072","BROWARD","'04/23/2003'","109","Ammonia_plus_Ammonium",NA,"mg/l",NA,NA,NA
"2709","...154083","BROWARD","'04/23/2003'","3","Ammonia_plus_Ammonium",NA,"mg/l",NA,NA,NA
"2710","...154087","BROWARD","'04/23/2003'","2","Ammonia_plus_Ammonium",NA,"mg/l",NA,NA,NA
"2711","...154100","BROWARD","'04/23/2003'","6","Ammonia_plus_Ammonium",NA,"mg/l",NA,NA,NA
"2712","...154113","BROWARD","'04/23/2003'","5","Ammonia_plus_Ammonium",NA,"mg/l",NA,NA,NA
"2713","...154117","BROWARD","'04/23/2003'","36","Ammonia_plus_Ammonium",NA,"mg/l",NA,NA,NA
"2714","...154129","BROWARD","'04/23/2003'","35","Ammonia_plus_Ammonium",NA,"mg/l",NA,NA,NA
"2715","...154148","BROWARD","'04/23/2003'","49","Ammonia_plus_Ammonium",NA,"mg/l",NA,NA,NA
"2716","...154151","BROWARD","'04/23/2003'","112","Ammonia_plus_Ammonium",NA,"mg/l",NA,NA,NA
"2717","...154162","BROWARD","'04/23/2003'","10","Ammonia_plus_Ammonium",NA,"mg/l",NA,NA,NA
"2718","...154172","BROWARD","'04/23/2003'","14","Ammonia_plus_Ammonium",0.119,"mg/l",NA,NA,NA
"2719","...154190","BROWARD","'04/23/2003'","13","Ammonia_plus_Ammonium",NA,"mg/l",NA,NA,NA
"2720","...154193","BROWARD","'04/23/2003'","12","Ammonia_plus_Ammonium",NA,"mg/l",NA,NA,NA
"2721","...154207","BROWARD","'04/23/2003'","89","Ammonia_plus_Ammonium",NA,"mg/l",NA,NA,NA
"2722","...154226","BROWARD","'04/23/2003'","1","Ammonia_plus_Ammonium",NA,"mg/l",NA,NA,NA
"2723","...154228","BROWARD","'04/23/2003'","1","Ammonia_plus_Ammonium",NA,"mg/l",NA,NA,NA
"2724","...154239","BROWARD","'04/23/2003'","7","Ammonia_plus_Ammonium",NA,"mg/l",NA,NA,NA
"2725","...154248","BROWARD","'04/23/2003'","34","Ammonia_plus_Ammonium",NA,"mg/l",NA,NA,NA
"2726","...154259","BROWARD","'04/23/2003'","37","Ammonia_plus_Ammonium",NA,"mg/l",NA,NA,NA
"2727","...154267","BROWARD","'04/23/2003'","11","Ammonia_plus_Ammonium",NA,"mg/l",NA,NA,NA
"2728","...154280","BROWARD","'04/23/2003'","111","Ammonia_plus_Ammonium",NA,"mg/l",NA,NA,NA
"2729","...154290","BROWARD","'04/23/2003'","4","Ammonia_plus_Ammonium",NA,"mg/l",NA,NA,NA
"2730","...154308","BROWARD","'02/06/2003'","47","Ammonia_plus_Ammonium",NA,"mg/l",NA,NA,NA
"2731","...154319","BROWARD","'02/06/2003'","41","Ammonia_plus_Ammonium",NA,"mg/l",NA,NA,NA
"2732","...154340","BROWARD","'02/06/2003'","41","Ammonia_plus_Ammonium",NA,"mg/l",NA,NA,NA
"2733","...154345","BROWARD","'02/06/2003'","40","Ammonia_plus_Ammonium",NA,"mg/l",NA,NA,NA
"2734","...154353","BROWARD","'02/06/2003'","38","Ammonia_plus_Ammonium",NA,"mg/l",NA,NA,NA
"2735","...154366","BROWARD","'02/06/2003'","24","Ammonia_plus_Ammonium",NA,"mg/l",NA,NA,NA
"2736","...154382","BROWARD","'02/06/2003'","31","Ammonia_plus_Ammonium",0.23,"mg/l",NA,NA,NA
"2737","...154393","BROWARD","'02/06/2003'","49","Ammonia_plus_Ammonium",0.0624,"mg/l",NA,NA,NA
"2738","...154402","BROWARD","'02/06/2003'","39","Ammonia_plus_Ammonium",NA,"mg/l",NA,NA,NA
"2739","...154408","BROWARD","'02/06/2003'","112","Ammonia_plus_Ammonium",NA,"mg/l",NA,NA,NA
"2740","...154432","BROWARD","'02/06/2003'","32","Ammonia_plus_Ammonium",0.266,"mg/l",NA,NA,NA
"2741","...154435","BROWARD","'02/06/2003'","32","Ammonia_plus_Ammonium",0.266,"mg/l",NA,NA,NA
"2742","...154442","BROWARD","'02/06/2003'","28","Ammonia_plus_Ammonium",0.168,"mg/l",NA,NA,NA
"2743","...154461","BROWARD","'02/06/2003'","27","Ammonia_plus_Ammonium",0.328,"mg/l",NA,NA,NA
"2744","...154471","BROWARD","'02/06/2003'","26","Ammonia_plus_Ammonium",0.131,"mg/l",NA,NA,NA
"2745","...154483","BROWARD","'02/06/2003'","25","Ammonia_plus_Ammonium",0.12,"mg/l",NA,NA,NA
"2746","...154487","BROWARD","'02/06/2003'","29","Ammonia_plus_Ammonium",0.516,"mg/l",NA,NA,NA
"2747","...154501","BROWARD","'02/06/2003'","10","Ammonia_plus_Ammonium",NA,"mg/l",NA,NA,NA
"2748","...154507","BROWARD","'02/06/2003'","14","Ammonia_plus_Ammonium",0.484,"mg/l",NA,NA,NA
"2749","...154518","BROWARD","'02/06/2003'","13","Ammonia_plus_Ammonium",0.387,"mg/l",NA,NA,NA
"2750","...154532","BROWARD","'02/06/2003'","12","Ammonia_plus_Ammonium",0.128,"mg/l",NA,NA,NA
"2751","...154542","BROWARD","'02/06/2003'","23","Ammonia_plus_Ammonium",NA,"mg/l",NA,NA,NA
"2752","...154552","BROWARD","'02/06/2003'","22","Ammonia_plus_Ammonium",0.138,"mg/l",NA,NA,NA
"2753","...154571","BROWARD","'02/06/2003'","21","Ammonia_plus_Ammonium",0.121,"mg/l",NA,NA,NA
"2754","...154572","BROWARD","'02/06/2003'","11","Ammonia_plus_Ammonium",NA,"mg/l",NA,NA,NA
"2755","...154586","BROWARD","'02/06/2003'","111","Ammonia_plus_Ammonium",0.0607,"mg/l",NA,NA,NA
"2756","...154595","BROWARD","'02/05/2003'","4","Ammonia_plus_Ammonium",NA,"mg/l",NA,NA,NA
"2757","...154600","BROWARD","'02/05/2003'","4","Ammonia_plus_Ammonium",NA,"mg/l",NA,NA,NA
"2758","...154623","BROWARD","'02/05/2003'","17","Ammonia_plus_Ammonium",NA,"mg/l",NA,NA,NA
"2759","...154629","BROWARD","'02/05/2003'","18","Ammonia_plus_Ammonium",NA,"mg/l",NA,NA,NA
"2760","...154640","BROWARD","'02/05/2003'","19","Ammonia_plus_Ammonium",0.067,"mg/l",NA,NA,NA
"2761","...154650","BROWARD","'02/05/2003'","37","Ammonia_plus_Ammonium",NA,"mg/l",NA,NA,NA
"2762","...154663","BROWARD","'02/05/2003'","20","Ammonia_plus_Ammonium",0.0921,"mg/l",NA,NA,NA
"2763","...154677","BROWARD","'02/05/2003'","34","Ammonia_plus_Ammonium",NA,"mg/l",NA,NA,NA
"2764","...154684","BROWARD","'02/05/2003'","7","Ammonia_plus_Ammonium",NA,"mg/l",NA,NA,NA
"2765","...154699","BROWARD","'02/05/2003'","1","Ammonia_plus_Ammonium",NA,"mg/l",NA,NA,NA
"2766","...154702","BROWARD","'02/05/2003'","1","Ammonia_plus_Ammonium",NA,"mg/l",NA,NA,NA
"2767","...154719","BROWARD","'02/05/2003'","15","Ammonia_plus_Ammonium",NA,"mg/l",NA,NA,NA
"2768","...154725","BROWARD","'02/05/2003'","16","Ammonia_plus_Ammonium",0.114,"mg/l",NA,NA,NA
"2769","...154740","BROWARD","'02/05/2003'","89","Ammonia_plus_Ammonium",NA,"mg/l",NA,NA,NA
"2770","...154754","BROWARD","'02/05/2003'","35","Ammonia_plus_Ammonium",NA,"mg/l",NA,NA,NA
"2771","...154763","BROWARD","'02/05/2003'","36","Ammonia_plus_Ammonium",NA,"mg/l",NA,NA,NA
"2772","...154775","BROWARD","'02/05/2003'","5","Ammonia_plus_Ammonium",NA,"mg/l",NA,NA,NA
"2773","...154785","BROWARD","'02/05/2003'","6","Ammonia_plus_Ammonium",NA,"mg/l",NA,NA,NA
"2774","...154794","BROWARD","'02/05/2003'","2","Ammonia_plus_Ammonium",NA,"mg/l",NA,NA,NA
"2775","...154808","BROWARD","'02/05/2003'","3","Ammonia_plus_Ammonium",NA,"mg/l",NA,NA,NA
"2776","...154813","BROWARD","'02/05/2003'","90","Ammonia_plus_Ammonium",0.071,"mg/l",NA,NA,NA
"2777","...154830","BROWARD","'02/05/2003'","109","Ammonia_plus_Ammonium",NA,"mg/l",NA,NA,NA
"2778","...154845","BROWARD","'02/05/2003'","110","Ammonia_plus_Ammonium",NA,"mg/l",NA,NA,NA
"2779","...154849","BROWARD","'02/05/2003'","33","Ammonia_plus_Ammonium",NA,"mg/l",NA,NA,NA
"2780","...154855","BROWARD","'02/05/2003'","33","Ammonia_plus_Ammonium",NA,"mg/l",NA,NA,NA
"2781","...155072","BROWARD","'08/24/2016'","20","Ammonia_plus_Ammonium",0.066,"mg/l",NA,NA,0.5
"2782","...155093","BROWARD","'08/24/2016'","123","Ammonia_plus_Ammonium",0.088,"mg/l",NA,NA,0.5
"2783","...155098","BROWARD","'08/24/2016'","10","Ammonia_plus_Ammonium",0.034,"mg/l",NA,NA,0.5
"2784","...155106","BROWARD","'08/24/2016'","125","Ammonia_plus_Ammonium",0.023,"mg/l",NA,NA,0.5
"2785","...155122","BROWARD","'08/24/2016'","121","Ammonia_plus_Ammonium",0.028,"mg/l",NA,NA,0.5
"2786","...155130","BROWARD","'08/24/2016'","121","Ammonia_plus_Ammonium",0.036,"mg/l",NA,NA,0.5
"2787","...155148","BROWARD","'08/24/2016'","38","Ammonia_plus_Ammonium",0.042,"mg/l",NA,NA,0.5
"2788","...155151","BROWARD","'08/24/2016'","64","Ammonia_plus_Ammonium",0.022,"mg/l",NA,NA,0.5
"2789","...155162","BROWARD","'08/24/2016'","39","Ammonia_plus_Ammonium",0.034,"mg/l",NA,NA,0.5
"2790","...155171","BROWARD","'08/24/2016'","16","Ammonia_plus_Ammonium",0.036,"mg/l",NA,NA,0.5
"2791","...155189","BROWARD","'08/24/2016'","40","Ammonia_plus_Ammonium",0.03,"mg/l",NA,NA,0.5
"2792","...155199","BROWARD","'08/24/2016'","6","Ammonia_plus_Ammonium",0.048,"mg/l",NA,NA,0.5
"2793","...155209","BROWARD","'08/24/2016'","40","Ammonia_plus_Ammonium",0.029,"mg/l",NA,NA,0.5
"2794","...155213","BROWARD","'08/24/2016'","15","Ammonia_plus_Ammonium",0.077,"mg/l",NA,NA,0.5
"2795","...155226","BROWARD","'08/24/2016'","41","Ammonia_plus_Ammonium",0.032,"mg/l",NA,NA,0.5
"2796","...155236","BROWARD","'08/24/2016'","19","Ammonia_plus_Ammonium",0.086,"mg/l",NA,NA,0.5
"2797","...155250","BROWARD","'08/23/2016'","8","Ammonia_plus_Ammonium",0.043,"mg/l",NA,NA,0.5
"2798","...155258","BROWARD","'08/23/2016'","89","Ammonia_plus_Ammonium",0.033,"mg/l",NA,NA,0.5
"2799","...155269","BROWARD","'08/23/2016'","122","Ammonia_plus_Ammonium",0.179,"mg/l",NA,NA,0.5
"2800","...155280","BROWARD","'08/23/2016'","111","Ammonia_plus_Ammonium",0.051,"mg/l",NA,NA,0.5
"2801","...155295","BROWARD","'08/23/2016'","4","Ammonia_plus_Ammonium",0.085,"mg/l",NA,NA,0.5
"2802","...155304","BROWARD","'08/23/2016'","112","Ammonia_plus_Ammonium",0.053,"mg/l",NA,NA,0.5
"2803","...155316","BROWARD","'08/23/2016'","4","Ammonia_plus_Ammonium",0.067,"mg/l",NA,NA,0.5
"2804","...155332","BROWARD","'08/23/2016'","3","Ammonia_plus_Ammonium",0.102,"mg/l",NA,NA,0.5
"2805","...155338","BROWARD","'08/23/2016'","5","Ammonia_plus_Ammonium",0.047,"mg/l",NA,NA,0.5
"2806","...155353","BROWARD","'08/23/2016'","2","Ammonia_plus_Ammonium",0.084,"mg/l",NA,NA,0.5
"2807","...155367","BROWARD","'08/23/2016'","7","Ammonia_plus_Ammonium",0.036,"mg/l",NA,NA,0.5
"2808","...155378","BROWARD","'08/23/2016'","11","Ammonia_plus_Ammonium",0.19,"mg/l",NA,NA,0.5
"2809","...155380","BROWARD","'08/23/2016'","11","Ammonia_plus_Ammonium",0.184,"mg/l",NA,NA,0.5
"2810","...155393","BROWARD","'08/23/2016'","12","Ammonia_plus_Ammonium",0.17,"mg/l",NA,NA,0.5
"2811","...155406","BROWARD","'08/23/2016'","110","Ammonia_plus_Ammonium",0.105,"mg/l",NA,NA,0.5
"2812","...155418","BROWARD","'08/23/2016'","14","Ammonia_plus_Ammonium",0.276,"mg/l",NA,NA,0.5
"2813","...155424","BROWARD","'08/22/2016'","37","Ammonia_plus_Ammonium",0.033,"mg/l",NA,NA,0.5
"2814","...155444","BROWARD","'08/22/2016'","22","Ammonia_plus_Ammonium",0.152,"mg/l",NA,NA,0.5
"2815","...155446","BROWARD","'08/22/2016'","36","Ammonia_plus_Ammonium",0.02,"mg/l",NA,NA,0.5
"2816","...155459","BROWARD","'08/22/2016'","35","Ammonia_plus_Ammonium",0.027,"mg/l",NA,NA,0.5
"2817","...155473","BROWARD","'08/22/2016'","28","Ammonia_plus_Ammonium",0.335,"mg/l",NA,NA,0.5
"2818","...155489","BROWARD","'08/22/2016'","35","Ammonia_plus_Ammonium",0.033,"mg/l",NA,NA,0.5
"2819","...155493","BROWARD","'08/22/2016'","34","Ammonia_plus_Ammonium",0.024,"mg/l",NA,NA,0.5
"2820","...155504","BROWARD","'08/22/2016'","25","Ammonia_plus_Ammonium",0.079,"mg/l",NA,NA,0.5
"2821","...155516","BROWARD","'08/22/2016'","31","Ammonia_plus_Ammonium",0.172,"mg/l",NA,NA,0.5
"2822","...155527","BROWARD","'08/22/2016'","33","Ammonia_plus_Ammonium",0.04,"mg/l",NA,NA,0.5
"2823","...155535","BROWARD","'08/22/2016'","24","Ammonia_plus_Ammonium",0.06,"mg/l",NA,NA,0.5
"2824","...155547","BROWARD","'08/22/2016'","1","Ammonia_plus_Ammonium",0.045,"mg/l",NA,NA,0.5
"2825","...155565","BROWARD","'08/22/2016'","32","Ammonia_plus_Ammonium",0.058,"mg/l",NA,NA,0.5
"2826","...155575","BROWARD","'08/22/2016'","26","Ammonia_plus_Ammonium",0.124,"mg/l",NA,NA,0.5
"2827","...155579","BROWARD","'08/22/2016'","120","Ammonia_plus_Ammonium",0.052,"mg/l",NA,NA,0.5
"2828","...155593","BROWARD","'08/22/2016'","29","Ammonia_plus_Ammonium",0.203,"mg/l",NA,NA,0.5
"2829","...155606","BROWARD","'08/22/2016'","124","Ammonia_plus_Ammonium",0.275,"mg/l",NA,NA,0.5
"2830","...155615","BROWARD","'08/22/2016'","23","Ammonia_plus_Ammonium",0.088,"mg/l",NA,NA,0.5
"2831","...155632","BROWARD","'08/22/2016'","124","Ammonia_plus_Ammonium",0.27,"mg/l",NA,NA,0.5
"2832","...155643","BROWARD","'08/22/2016'","23","Ammonia_plus_Ammonium",0.066,"mg/l",NA,NA,0.5
"2833","...155648","BROWARD","'06/08/2016'","10","Ammonia_plus_Ammonium",0.035,"mg/l",NA,NA,0.5
"2834","...155654","BROWARD","'06/08/2016'","125","Ammonia_plus_Ammonium",0.043,"mg/l",NA,NA,0.5
"2835","...155665","BROWARD","'06/08/2016'","20","Ammonia_plus_Ammonium",0.104,"mg/l",NA,NA,0.5
"2836","...155676","BROWARD","'06/08/2016'","123","Ammonia_plus_Ammonium",0.094,"mg/l",NA,NA,0.5
"2837","...155682","BROWARD","'06/08/2016'","38","Ammonia_plus_Ammonium",0.057,"mg/l",NA,NA,0.5
"2838","...155693","BROWARD","'06/08/2016'","39","Ammonia_plus_Ammonium",0.049,"mg/l",NA,NA,0.5
"2839","...155706","BROWARD","'06/08/2016'","121","Ammonia_plus_Ammonium",0.036,"mg/l",NA,NA,0.5
"2840","...155710","BROWARD","'06/08/2016'","121","Ammonia_plus_Ammonium",0.038,"mg/l",NA,NA,0.5
"2841","...155723","BROWARD","'06/08/2016'","40","Ammonia_plus_Ammonium",0.032,"mg/l",NA,NA,0.5
"2842","...155732","BROWARD","'06/08/2016'","64","Ammonia_plus_Ammonium",0.034,"mg/l",NA,NA,0.5
"2843","...155736","BROWARD","'06/08/2016'","40","Ammonia_plus_Ammonium",0.121,"mg/l",NA,NA,0.5
"2844","...155750","BROWARD","'06/08/2016'","16","Ammonia_plus_Ammonium",0.088,"mg/l",NA,NA,0.5
"2845","...155758","BROWARD","'06/08/2016'","41","Ammonia_plus_Ammonium",0.03,"mg/l",NA,NA,0.5
"2846","...155765","BROWARD","'06/08/2016'","15","Ammonia_plus_Ammonium",0.096,"mg/l",NA,NA,0.5
"2847","...155771","BROWARD","'06/08/2016'","19","Ammonia_plus_Ammonium",0.099,"mg/l",NA,NA,0.5
"2848","...155781","BROWARD","'06/07/2016'","111","Ammonia_plus_Ammonium",0.057,"mg/l",NA,NA,0.5
"2849","...155793","BROWARD","'06/07/2016'","89","Ammonia_plus_Ammonium",0.051,"mg/l",NA,NA,0.5
"2850","...155802","BROWARD","'06/07/2016'","112","Ammonia_plus_Ammonium",0.053,"mg/l",NA,NA,0.5
"2851","...155813","BROWARD","'06/07/2016'","8","Ammonia_plus_Ammonium",0.057,"mg/l",NA,NA,0.5
"2852","...155819","BROWARD","'06/07/2016'","5","Ammonia_plus_Ammonium",0.07,"mg/l",NA,NA,0.5
"2853","...155825","BROWARD","'06/07/2016'","2","Ammonia_plus_Ammonium",0.05,"mg/l",NA,NA,0.5
"2854","...155835","BROWARD","'06/07/2016'","6","Ammonia_plus_Ammonium",0.061,"mg/l",NA,NA,0.5
"2855","...155849","BROWARD","'06/07/2016'","7","Ammonia_plus_Ammonium",0.066,"mg/l",NA,NA,0.5
"2856","...155859","BROWARD","'06/07/2016'","4","Ammonia_plus_Ammonium",0.051,"mg/l",NA,NA,0.5
"2857","...155867","BROWARD","'06/07/2016'","4","Ammonia_plus_Ammonium",0.056,"mg/l",NA,NA,0.5
"2858","...155871","BROWARD","'06/07/2016'","12","Ammonia_plus_Ammonium",0.072,"mg/l",NA,NA,0.5
"2859","...155878","BROWARD","'06/07/2016'","11","Ammonia_plus_Ammonium",0.075,"mg/l",NA,NA,0.5
"2860","...155887","BROWARD","'06/07/2016'","11","Ammonia_plus_Ammonium",0.098,"mg/l",NA,NA,0.5
"2861","...155894","BROWARD","'06/07/2016'","3","Ammonia_plus_Ammonium",0.063,"mg/l",NA,NA,0.5
"2862","...155913","BROWARD","'06/07/2016'","126","Ammonia_plus_Ammonium",0.078,"mg/l",NA,NA,0.5
"2863","...155915","BROWARD","'06/07/2016'","14","Ammonia_plus_Ammonium",0.134,"mg/l",NA,NA,0.5
"2864","...155927","BROWARD","'06/07/2016'","110","Ammonia_plus_Ammonium",0.076,"mg/l",NA,NA,0.5
"2865","...155934","BROWARD","'06/07/2016'","122","Ammonia_plus_Ammonium",0.148,"mg/l",NA,NA,0.5
"2866","...155948","BROWARD","'06/06/2016'","37","Ammonia_plus_Ammonium",0.029,"mg/l",NA,NA,0.5
"2867","...155958","BROWARD","'06/06/2016'","36","Ammonia_plus_Ammonium",0.026,"mg/l",NA,NA,0.5
"2868","...155962","BROWARD","'06/06/2016'","22","Ammonia_plus_Ammonium",0.186,"mg/l",NA,NA,0.5
"2869","...155975","BROWARD","'06/06/2016'","35","Ammonia_plus_Ammonium",0.043,"mg/l",NA,NA,0.5
"2870","...155979","BROWARD","'06/06/2016'","35","Ammonia_plus_Ammonium",0.043,"mg/l",NA,NA,0.5
"2871","...155994","BROWARD","'06/06/2016'","28","Ammonia_plus_Ammonium",0.481,"mg/l",NA,NA,0.5
"2872","...156003","BROWARD","'06/06/2016'","32","Ammonia_plus_Ammonium",0.134,"mg/l",NA,NA,0.5
"2873","...156006","BROWARD","'06/06/2016'","1","Ammonia_plus_Ammonium",0.071,"mg/l",NA,NA,0.5
"2874","...156015","BROWARD","'06/06/2016'","31","Ammonia_plus_Ammonium",0.184,"mg/l",NA,NA,0.5
"2875","...156026","BROWARD","'06/06/2016'","34","Ammonia_plus_Ammonium",0.027,"mg/l",NA,NA,0.5
"2876","...156034","BROWARD","'06/06/2016'","25","Ammonia_plus_Ammonium",0.075,"mg/l",NA,NA,0.5
"2877","...156046","BROWARD","'06/06/2016'","33","Ammonia_plus_Ammonium",0.045,"mg/l",NA,NA,0.5
"2878","...156052","BROWARD","'06/06/2016'","24","Ammonia_plus_Ammonium",0.052,"mg/l",NA,NA,0.5
"2879","...156061","BROWARD","'06/06/2016'","26","Ammonia_plus_Ammonium",0.084,"mg/l",NA,NA,0.5
"2880","...156072","BROWARD","'06/06/2016'","29","Ammonia_plus_Ammonium",0.261,"mg/l",NA,NA,0.5
"2881","...156082","BROWARD","'06/06/2016'","120","Ammonia_plus_Ammonium",0.044,"mg/l",NA,NA,0.5
"2882","...156091","BROWARD","'06/06/2016'","23","Ammonia_plus_Ammonium",0.123,"mg/l",NA,NA,0.5
"2883","...156100","BROWARD","'06/06/2016'","124","Ammonia_plus_Ammonium",0.376,"mg/l",NA,NA,0.5
"2884","...156105","BROWARD","'06/06/2016'","23","Ammonia_plus_Ammonium",0.12,"mg/l",NA,NA,0.5
"2885","...156113","BROWARD","'06/06/2016'","124","Ammonia_plus_Ammonium",0.367,"mg/l",NA,NA,0.5
"2886","...156130","BROWARD","'03/02/2016'","125","Ammonia_plus_Ammonium",NA,"",NA,NA,0.5
"2887","...156139","BROWARD","'03/02/2016'","10","Ammonia_plus_Ammonium",NA,"",NA,NA,0.5
"2888","...156150","BROWARD","'03/02/2016'","20","Ammonia_plus_Ammonium",0.187,"mg/l",NA,NA,0.5
"2889","...156159","BROWARD","'03/02/2016'","123","Ammonia_plus_Ammonium",0.085,"mg/l",NA,NA,0.5
"2890","...156167","BROWARD","'03/02/2016'","38","Ammonia_plus_Ammonium",NA,"",NA,NA,0.5
"2891","...156179","BROWARD","'03/02/2016'","121","Ammonia_plus_Ammonium",NA,"",NA,NA,0.5
"2892","...156186","BROWARD","'03/02/2016'","39","Ammonia_plus_Ammonium",0.023,"mg/l",NA,NA,0.5
"2893","...156191","BROWARD","'03/02/2016'","121","Ammonia_plus_Ammonium",0.022,"mg/l",NA,NA,0.5
"2894","...156204","BROWARD","'03/02/2016'","64","Ammonia_plus_Ammonium",0.171,"mg/l",NA,NA,0.5
"2895","...156220","BROWARD","'03/02/2016'","40","Ammonia_plus_Ammonium",NA,"",NA,NA,0.5
"2896","...156226","BROWARD","'03/02/2016'","40","Ammonia_plus_Ammonium",NA,"",NA,NA,0.5
"2897","...156231","BROWARD","'03/02/2016'","16","Ammonia_plus_Ammonium",NA,"",NA,NA,0.5
"2898","...156242","BROWARD","'03/02/2016'","41","Ammonia_plus_Ammonium",0.012,"mg/l",NA,NA,0.5
"2899","...156255","BROWARD","'03/02/2016'","15","Ammonia_plus_Ammonium",0.094,"mg/l",NA,NA,0.5
"2900","...156266","BROWARD","'03/02/2016'","19","Ammonia_plus_Ammonium",0.113,"mg/l",NA,NA,0.5
"2901","...156271","BROWARD","'03/01/2016'","111","Ammonia_plus_Ammonium",NA,"",NA,NA,0.5
"2902","...156285","BROWARD","'03/01/2016'","112","Ammonia_plus_Ammonium",0.029,"mg/l",NA,NA,0.5
"2903","...156297","BROWARD","'03/01/2016'","8","Ammonia_plus_Ammonium",0.029,"mg/l",NA,NA,0.5
"2904","...156304","BROWARD","'03/01/2016'","5","Ammonia_plus_Ammonium",0.022,"mg/l",NA,NA,0.5
"2905","...156315","BROWARD","'03/01/2016'","89","Ammonia_plus_Ammonium",0.034,"mg/l",NA,NA,0.5
"2906","...156321","BROWARD","'03/01/2016'","4","Ammonia_plus_Ammonium",0.031,"mg/l",NA,NA,0.5
"2907","...156323","BROWARD","'03/01/2016'","6","Ammonia_plus_Ammonium",0.035,"mg/l",NA,NA,0.5
"2908","...156350","BROWARD","'03/01/2016'","4","Ammonia_plus_Ammonium",0.042,"mg/l",NA,NA,0.5
"2909","...156359","BROWARD","'03/01/2016'","11","Ammonia_plus_Ammonium",0.18,"mg/l",NA,NA,0.5
"2910","...156368","BROWARD","'03/01/2016'","3","Ammonia_plus_Ammonium",0.042,"mg/l",NA,NA,0.5
"2911","...156372","BROWARD","'03/01/2016'","7","Ammonia_plus_Ammonium",0.036,"mg/l",NA,NA,0.5
"2912","...156384","BROWARD","'03/01/2016'","2","Ammonia_plus_Ammonium",0.051,"mg/l",NA,NA,0.5
"2913","...156399","BROWARD","'03/01/2016'","11","Ammonia_plus_Ammonium",0.18,"mg/l",NA,NA,0.5
"2914","...156410","BROWARD","'03/01/2016'","12","Ammonia_plus_Ammonium",0.205,"mg/l",NA,NA,0.5
"2915","...156412","BROWARD","'03/01/2016'","126","Ammonia_plus_Ammonium",0.046,"mg/l",NA,NA,0.5
"2916","...156427","BROWARD","'03/01/2016'","14","Ammonia_plus_Ammonium",0.374,"mg/l",NA,NA,0.5
"2917","...156435","BROWARD","'03/01/2016'","110","Ammonia_plus_Ammonium",0.05,"mg/l",NA,NA,0.5
"2918","...156445","BROWARD","'03/01/2016'","122","Ammonia_plus_Ammonium",0.252,"mg/l",NA,NA,0.5
"2919","...156451","BROWARD","'02/29/2016'","37","Ammonia_plus_Ammonium",NA,"",NA,NA,0.5
"2920","...156463","BROWARD","'02/29/2016'","22","Ammonia_plus_Ammonium",0.275,"mg/l",NA,NA,0.5
"2921","...156477","BROWARD","'02/29/2016'","28","Ammonia_plus_Ammonium",0.378,"mg/l",NA,NA,0.5
"2922","...156481","BROWARD","'02/29/2016'","36","Ammonia_plus_Ammonium",NA,"",NA,NA,0.5
"2923","...156494","BROWARD","'02/29/2016'","34","Ammonia_plus_Ammonium",0.013,"mg/l",NA,NA,0.5
"2924","...156501","BROWARD","'02/29/2016'","35","Ammonia_plus_Ammonium",0.017,"mg/l",NA,NA,0.5
"2925","...156514","BROWARD","'02/29/2016'","35","Ammonia_plus_Ammonium",0.018,"mg/l",NA,NA,0.5
"2926","...156528","BROWARD","'02/29/2016'","25","Ammonia_plus_Ammonium",0.187,"mg/l",NA,NA,0.5
"2927","...156532","BROWARD","'02/29/2016'","24","Ammonia_plus_Ammonium",0.174,"mg/l",NA,NA,0.5
"2928","...156547","BROWARD","'02/29/2016'","31","Ammonia_plus_Ammonium",0.224,"mg/l",NA,NA,0.5
"2929","...156560","BROWARD","'02/29/2016'","33","Ammonia_plus_Ammonium",0.045,"mg/l",NA,NA,0.5
"2930","...156562","BROWARD","'02/29/2016'","1","Ammonia_plus_Ammonium",0.041,"mg/l",NA,NA,0.5
"2931","...156575","BROWARD","'02/29/2016'","32","Ammonia_plus_Ammonium",0.117,"mg/l",NA,NA,0.5
"2932","...156587","BROWARD","'02/29/2016'","26","Ammonia_plus_Ammonium",0.246,"mg/l",NA,NA,0.5
"2933","...156593","BROWARD","'02/29/2016'","120","Ammonia_plus_Ammonium",0.046,"mg/l",NA,NA,0.5
"2934","...156602","BROWARD","'02/29/2016'","29","Ammonia_plus_Ammonium",0.376,"mg/l",NA,NA,0.5
"2935","...156611","BROWARD","'02/29/2016'","124","Ammonia_plus_Ammonium",0.294,"mg/l",NA,NA,0.5
"2936","...156625","BROWARD","'02/29/2016'","124","Ammonia_plus_Ammonium",0.298,"mg/l",NA,NA,0.5
"2937","...156634","BROWARD","'02/29/2016'","23","Ammonia_plus_Ammonium",0.134,"mg/l",NA,NA,0.5
"2938","...156642","BROWARD","'02/29/2016'","23","Ammonia_plus_Ammonium",0.147,"mg/l",NA,NA,0.5
"2939","...157104","BROWARD","'08/26/2015'","10","Ammonia_plus_Ammonium",0.039,"mg/l",NA,NA,0.5
"2940","...157115","BROWARD","'08/26/2015'","125","Ammonia_plus_Ammonium",0.009,"mg/l",NA,NA,0.5
"2941","...157126","BROWARD","'08/26/2015'","123","Ammonia_plus_Ammonium",0.047,"mg/l",NA,NA,0.5
"2942","...157137","BROWARD","'08/26/2015'","38","Ammonia_plus_Ammonium",0.026,"mg/l",NA,NA,0.5
"2943","...157151","BROWARD","'08/26/2015'","121","Ammonia_plus_Ammonium",0.03,"mg/l",NA,NA,0.5
"2944","...157166","BROWARD","'08/26/2015'","121","Ammonia_plus_Ammonium",0.035,"mg/l",NA,NA,0.5
"2945","...157176","BROWARD","'08/26/2015'","39","Ammonia_plus_Ammonium",0.014,"mg/l",NA,NA,0.5
"2946","...157182","BROWARD","'08/26/2015'","64","Ammonia_plus_Ammonium",0.053,"mg/l",NA,NA,0.5
"2947","...157199","BROWARD","'08/26/2015'","40","Ammonia_plus_Ammonium",0.019,"mg/l",NA,NA,0.5
"2948","...157209","BROWARD","'08/26/2015'","40","Ammonia_plus_Ammonium",0.018,"mg/l",NA,NA,0.5
"2949","...157215","BROWARD","'08/26/2015'","16","Ammonia_plus_Ammonium",0.048,"mg/l",NA,NA,0.5
"2950","...157223","BROWARD","'08/26/2015'","15","Ammonia_plus_Ammonium",0.055,"mg/l",NA,NA,0.5
"2951","...157224","BROWARD","'08/26/2015'","41","Ammonia_plus_Ammonium",0.012,"mg/l",NA,NA,0.5
"2952","...157250","BROWARD","'08/26/2015'","19","Ammonia_plus_Ammonium",0.074,"mg/l",NA,NA,0.5
"2953","...157265","BROWARD","'08/25/2015'","111","Ammonia_plus_Ammonium",0.012,"mg/l",NA,NA,0.5
"2954","...157268","BROWARD","'08/25/2015'","112","Ammonia_plus_Ammonium",0.014,"mg/l",NA,NA,0.5
"2955","...157282","BROWARD","'08/25/2015'","8","Ammonia_plus_Ammonium",0.043,"mg/l",NA,NA,0.5
"2956","...157293","BROWARD","'08/25/2015'","89","Ammonia_plus_Ammonium",0.058,"mg/l",NA,NA,0.5
"2957","...157310","BROWARD","'08/25/2015'","127","Ammonia_plus_Ammonium",0.049,"mg/l",NA,NA,0.5
"2958","...157315","BROWARD","'08/25/2015'","6","Ammonia_plus_Ammonium",0.045,"mg/l",NA,NA,0.5
"2959","...157326","BROWARD","'08/25/2015'","4","Ammonia_plus_Ammonium",0.172,"mg/l",NA,NA,0.5
"2960","...157340","BROWARD","'08/25/2015'","4","Ammonia_plus_Ammonium",0.172,"mg/l",NA,NA,0.5
"2961","...157353","BROWARD","'08/25/2015'","3","Ammonia_plus_Ammonium",0.043,"mg/l",NA,NA,0.5
"2962","...157359","BROWARD","'08/25/2015'","7","Ammonia_plus_Ammonium",0.039,"mg/l",NA,NA,0.5
"2963","...157367","BROWARD","'08/25/2015'","11","Ammonia_plus_Ammonium",0.059,"mg/l",NA,NA,0.5
"2964","...157381","BROWARD","'08/25/2015'","11","Ammonia_plus_Ammonium",0.011,"mg/l",NA,NA,0.5
"2965","...157390","BROWARD","'08/25/2015'","2","Ammonia_plus_Ammonium",0.062,"mg/l",NA,NA,0.5
"2966","...157402","BROWARD","'08/25/2015'","12","Ammonia_plus_Ammonium",0.084,"mg/l",NA,NA,0.5
"2967","...157416","BROWARD","'08/25/2015'","126","Ammonia_plus_Ammonium",0.066,"mg/l",NA,NA,0.5
"2968","...157430","BROWARD","'08/25/2015'","14","Ammonia_plus_Ammonium",0.108,"mg/l",NA,NA,0.5
"2969","...157434","BROWARD","'08/25/2015'","110","Ammonia_plus_Ammonium",0.076,"mg/l",NA,NA,0.5
"2970","...157449","BROWARD","'08/25/2015'","122","Ammonia_plus_Ammonium",0.106,"mg/l",NA,NA,0.5
"2971","...157454","BROWARD","'08/24/2015'","37","Ammonia_plus_Ammonium",0.013,"mg/l",NA,NA,0.5
"2972","...157471","BROWARD","'08/24/2015'","36","Ammonia_plus_Ammonium",0.03,"mg/l",NA,NA,0.5
"2973","...157482","BROWARD","'08/24/2015'","35","Ammonia_plus_Ammonium",0.022,"mg/l",NA,NA,0.5
"2974","...157495","BROWARD","'08/24/2015'","35","Ammonia_plus_Ammonium",0.019,"mg/l",NA,NA,0.5
"2975","...157501","BROWARD","'08/24/2015'","22","Ammonia_plus_Ammonium",0.195,"mg/l",NA,NA,0.5
"2976","...157514","BROWARD","'08/24/2015'","33","Ammonia_plus_Ammonium",0.019,"mg/l",NA,NA,0.5
"2977","...157525","BROWARD","'08/24/2015'","34","Ammonia_plus_Ammonium",0.012,"mg/l",NA,NA,0.5
"2978","...157533","BROWARD","'08/24/2015'","28","Ammonia_plus_Ammonium",0.304,"mg/l",NA,NA,0.5
"2979","...157545","BROWARD","'08/24/2015'","25","Ammonia_plus_Ammonium",0.032,"mg/l",NA,NA,0.5
"2980","...157553","BROWARD","'08/24/2015'","31","Ammonia_plus_Ammonium",0.147,"mg/l",NA,NA,0.5
"2981","...157569","BROWARD","'08/24/2015'","1","Ammonia_plus_Ammonium",0.046,"mg/l",NA,NA,0.5
"2982","...157585","BROWARD","'08/24/2015'","24","Ammonia_plus_Ammonium",0.036,"mg/l",NA,NA,0.5
"2983","...157592","BROWARD","'08/24/2015'","32","Ammonia_plus_Ammonium",0.016,"mg/l",NA,NA,0.5
"2984","...157602","BROWARD","'08/24/2015'","120","Ammonia_plus_Ammonium",0.025,"mg/l",NA,NA,0.5
"2985","...157615","BROWARD","'08/24/2015'","29","Ammonia_plus_Ammonium",0.29,"mg/l",NA,NA,0.5
"2986","...157623","BROWARD","'08/24/2015'","26","Ammonia_plus_Ammonium",0.029,"mg/l",NA,NA,0.5
"2987","...157640","BROWARD","'08/24/2015'","124","Ammonia_plus_Ammonium",0.125,"mg/l",NA,NA,0.5
"2988","...157652","BROWARD","'08/24/2015'","23","Ammonia_plus_Ammonium",0.189,"mg/l",NA,NA,0.5
"2989","...157655","BROWARD","'08/24/2015'","124","Ammonia_plus_Ammonium",0.124,"mg/l",NA,NA,0.5
"2990","...157671","BROWARD","'08/24/2015'","23","Ammonia_plus_Ammonium",0.184,"mg/l",NA,NA,0.5
"2991","...157677","BROWARD","'06/04/2015'","20","Ammonia_plus_Ammonium",0.041,"mg/l",NA,NA,0.5
"2992","...157688","BROWARD","'06/04/2015'","123","Ammonia_plus_Ammonium",0.036,"mg/l",NA,NA,0.5
"2993","...157701","BROWARD","'06/04/2015'","121","Ammonia_plus_Ammonium",0.016,"mg/l",NA,NA,0.5
"2994","...157707","BROWARD","'06/04/2015'","121","Ammonia_plus_Ammonium",0.024,"mg/l",NA,NA,0.5
"2995","...157718","BROWARD","'06/04/2015'","64","Ammonia_plus_Ammonium",0.043,"mg/l",NA,NA,0.5
"2996","...157730","BROWARD","'06/04/2015'","16","Ammonia_plus_Ammonium",0.043,"mg/l",NA,NA,0.5
"2997","...157741","BROWARD","'06/04/2015'","15","Ammonia_plus_Ammonium",0.028,"mg/l",NA,NA,0.5
"2998","...157751","BROWARD","'06/04/2015'","19","Ammonia_plus_Ammonium",0.061,"mg/l",NA,NA,0.5
"2999","...157763","BROWARD","'06/03/2015'","10","Ammonia_plus_Ammonium",0.014,"mg/l",NA,NA,0.5
"3000","...157780","BROWARD","'06/03/2015'","125","Ammonia_plus_Ammonium",0.009,"mg/l",NA,NA,0.5
"3001","...157787","BROWARD","'06/03/2015'","38","Ammonia_plus_Ammonium",0.009,"mg/l",NA,NA,0.5
"3002","...157803","BROWARD","'06/03/2015'","39","Ammonia_plus_Ammonium",0.009,"mg/l",NA,NA,0.5
"3003","...157811","BROWARD","'06/03/2015'","40","Ammonia_plus_Ammonium",0.01,"mg/l",NA,NA,0.5
"3004","...157827","BROWARD","'06/03/2015'","40","Ammonia_plus_Ammonium",0.009,"mg/l",NA,NA,0.5
"3005","...157832","BROWARD","'06/03/2015'","41","Ammonia_plus_Ammonium",0.01,"mg/l",NA,NA,0.5
"3006","...157840","BROWARD","'06/02/2015'","111","Ammonia_plus_Ammonium",0.01,"mg/l",NA,NA,0.5
"3007","...157857","BROWARD","'06/02/2015'","112","Ammonia_plus_Ammonium",0.009,"mg/l",NA,NA,0.5
"3008","...157863","BROWARD","'06/02/2015'","8","Ammonia_plus_Ammonium",0.028,"mg/l",NA,NA,0.5
"3009","...157872","BROWARD","'06/02/2015'","22","Ammonia_plus_Ammonium",0.304,"mg/l",NA,NA,0.5
"3010","...157889","BROWARD","'06/02/2015'","89","Ammonia_plus_Ammonium",0.034,"mg/l",NA,NA,0.5
"3011","...157903","BROWARD","'06/02/2015'","28","Ammonia_plus_Ammonium",0.342,"mg/l",NA,NA,0.5
"3012","...157905","BROWARD","'06/02/2015'","127","Ammonia_plus_Ammonium",0.011,"mg/l",NA,NA,0.5
"3013","...157917","BROWARD","'06/02/2015'","4","Ammonia_plus_Ammonium",0.03,"mg/l",NA,NA,0.5
"3014","...157930","BROWARD","'06/02/2015'","6","Ammonia_plus_Ammonium",0.02,"mg/l",NA,NA,0.5
"3015","...157944","BROWARD","'06/02/2015'","4","Ammonia_plus_Ammonium",0.031,"mg/l",NA,NA,0.5
"3016","...157953","BROWARD","'06/02/2015'","7","Ammonia_plus_Ammonium",0.028,"mg/l",NA,NA,0.5
"3017","...157963","BROWARD","'06/02/2015'","3","Ammonia_plus_Ammonium",0.06,"mg/l",NA,NA,0.5
"3018","...157975","BROWARD","'06/02/2015'","25","Ammonia_plus_Ammonium",0.022,"mg/l",NA,NA,0.5
"3019","...157987","BROWARD","'06/02/2015'","11","Ammonia_plus_Ammonium",0.009,"mg/l",NA,NA,0.5
"3020","...158003","BROWARD","'06/02/2015'","11","Ammonia_plus_Ammonium",0.009,"mg/l",NA,NA,0.5
"3021","...158013","BROWARD","'06/02/2015'","24","Ammonia_plus_Ammonium",0.027,"mg/l",NA,NA,0.5
"3022","...158020","BROWARD","'06/02/2015'","2","Ammonia_plus_Ammonium",0.021,"mg/l",NA,NA,0.5
"3023","...158030","BROWARD","'06/02/2015'","12","Ammonia_plus_Ammonium",0.019,"mg/l",NA,NA,0.5
"3024","...158037","BROWARD","'06/02/2015'","26","Ammonia_plus_Ammonium",0.037,"mg/l",NA,NA,0.5
"3025","...158049","BROWARD","'06/02/2015'","14","Ammonia_plus_Ammonium",0.045,"mg/l",NA,NA,0.5
"3026","...158069","BROWARD","'06/02/2015'","126","Ammonia_plus_Ammonium",0.025,"mg/l",NA,NA,0.5
"3027","...158070","BROWARD","'06/02/2015'","124","Ammonia_plus_Ammonium",0.036,"mg/l",NA,NA,0.5
"3028","...158088","BROWARD","'06/02/2015'","124","Ammonia_plus_Ammonium",0.037,"mg/l",NA,NA,0.5
"3029","...158098","BROWARD","'06/02/2015'","110","Ammonia_plus_Ammonium",0.049,"mg/l",NA,NA,0.5
"3030","...158113","BROWARD","'06/02/2015'","122","Ammonia_plus_Ammonium",0.016,"mg/l",NA,NA,0.5
"3031","...158119","BROWARD","'06/01/2015'","37","Ammonia_plus_Ammonium",0.009,"mg/l",NA,NA,0.5
"3032","...158134","BROWARD","'06/01/2015'","36","Ammonia_plus_Ammonium",0.013,"mg/l",NA,NA,0.5
"3033","...158144","BROWARD","'06/01/2015'","35","Ammonia_plus_Ammonium",0.01,"mg/l",NA,NA,0.5
"3034","...158155","BROWARD","'06/01/2015'","35","Ammonia_plus_Ammonium",0.021,"mg/l",NA,NA,0.5
"3035","...158162","BROWARD","'06/01/2015'","31","Ammonia_plus_Ammonium",0.132,"mg/l",NA,NA,0.5
"3036","...158175","BROWARD","'06/01/2015'","34","Ammonia_plus_Ammonium",0.009,"mg/l",NA,NA,0.5
"3037","...158190","BROWARD","'06/01/2015'","33","Ammonia_plus_Ammonium",0.016,"mg/l",NA,NA,0.5
"3038","...158198","BROWARD","'06/01/2015'","32","Ammonia_plus_Ammonium",0.034,"mg/l",NA,NA,0.5
"3039","...158202","BROWARD","'06/01/2015'","1","Ammonia_plus_Ammonium",0.014,"mg/l",NA,NA,0.5
"3040","...158223","BROWARD","'06/01/2015'","29","Ammonia_plus_Ammonium",0.31,"mg/l",NA,NA,0.5
"3041","...158225","BROWARD","'06/01/2015'","120","Ammonia_plus_Ammonium",0.009,"mg/l",NA,NA,0.5
"3042","...158235","BROWARD","'06/01/2015'","23","Ammonia_plus_Ammonium",0.167,"mg/l",NA,NA,0.5
"3043","...158253","BROWARD","'06/01/2015'","23","Ammonia_plus_Ammonium",0.133,"mg/l",NA,NA,0.5
"3044","...159558","BROWARD","'10/23/2013'","20","Ammonia_plus_Ammonium",0.034,"mg/l",NA,NA,0.5
"3045","...159566","BROWARD","'10/23/2013'","10","Ammonia_plus_Ammonium",0.031,"mg/l",NA,NA,0.5
"3046","...159568","BROWARD","'10/23/2013'","111","Ammonia_plus_Ammonium",0.064,"mg/l",NA,NA,0.5
"3047","...159578","BROWARD","'10/23/2013'","125","Ammonia_plus_Ammonium",0.02,"mg/l",NA,NA,0.5
"3048","...159581","BROWARD","'10/23/2013'","123","Ammonia_plus_Ammonium",0.041,"mg/l",NA,NA,0.5
"3049","...159592","BROWARD","'10/23/2013'","112","Ammonia_plus_Ammonium",0.083,"mg/l",NA,NA,0.5
"3050","...159600","BROWARD","'10/23/2013'","5","Ammonia_plus_Ammonium",NA,"",NA,NA,0.5
"3051","...159605","BROWARD","'10/23/2013'","38","Ammonia_plus_Ammonium",NA,"",NA,NA,0.5
"3052","...159612","BROWARD","'10/23/2013'","6","Ammonia_plus_Ammonium",NA,"",NA,NA,0.5
"3053","...159626","BROWARD","'10/23/2013'","121","Ammonia_plus_Ammonium",NA,"",NA,NA,0.5
"3054","...159627","BROWARD","'10/23/2013'","121","Ammonia_plus_Ammonium",0.017,"mg/l",NA,NA,0.5
"3055","...159635","BROWARD","'10/23/2013'","39","Ammonia_plus_Ammonium",NA,"",NA,NA,0.5
"3056","...159640","BROWARD","'10/23/2013'","7","Ammonia_plus_Ammonium",NA,"",NA,NA,0.5
"3057","...159648","BROWARD","'10/23/2013'","64","Ammonia_plus_Ammonium",0.09,"mg/l",NA,NA,0.5
"3058","...159654","BROWARD","'10/23/2013'","40","Ammonia_plus_Ammonium",0.011,"mg/l",NA,NA,0.5
"3059","...159657","BROWARD","'10/23/2013'","40","Ammonia_plus_Ammonium",NA,"",NA,NA,0.5
"3060","...159667","BROWARD","'10/23/2013'","11","Ammonia_plus_Ammonium",0.267,"mg/l",NA,NA,0.5
"3061","...159675","BROWARD","'10/23/2013'","16","Ammonia_plus_Ammonium",0.057,"mg/l",NA,NA,0.5
"3062","...159679","BROWARD","'10/23/2013'","11","Ammonia_plus_Ammonium",0.253,"mg/l",NA,NA,0.5
"3063","...159687","BROWARD","'10/23/2013'","41","Ammonia_plus_Ammonium",0.01,"mg/l",NA,NA,0.5
"3064","...159696","BROWARD","'10/23/2013'","12","Ammonia_plus_Ammonium",0.274,"mg/l",NA,NA,0.5
"3065","...159698","BROWARD","'10/23/2013'","15","Ammonia_plus_Ammonium",0.058,"mg/l",NA,NA,0.5
"3066","...159706","BROWARD","'10/23/2013'","14","Ammonia_plus_Ammonium",0.335,"mg/l",NA,NA,0.5
"3067","...159717","BROWARD","'10/23/2013'","19","Ammonia_plus_Ammonium",0.067,"mg/l",NA,NA,0.5
"3068","...159720","BROWARD","'10/23/2013'","122","Ammonia_plus_Ammonium",0.125,"mg/l",NA,NA,0.5
"3069","...159727","BROWARD","'10/22/2013'","8","Ammonia_plus_Ammonium",NA,"",NA,NA,0.5
"3070","...159734","BROWARD","'10/22/2013'","89","Ammonia_plus_Ammonium",NA,"",NA,NA,0.5
"3071","...159746","BROWARD","'10/22/2013'","22","Ammonia_plus_Ammonium",0.113,"mg/l",NA,NA,0.5
"3072","...159750","BROWARD","'10/22/2013'","28","Ammonia_plus_Ammonium",0.345,"mg/l",NA,NA,0.5
"3073","...159770","BROWARD","'10/22/2013'","4","Ammonia_plus_Ammonium",0.199,"mg/l",NA,NA,0.5
"3074","...159777","BROWARD","'10/22/2013'","4","Ammonia_plus_Ammonium",0.173,"mg/l",NA,NA,0.5
"3075","...159782","BROWARD","'10/22/2013'","3","Ammonia_plus_Ammonium",NA,"",NA,NA,0.5
"3076","...159787","BROWARD","'10/22/2013'","25","Ammonia_plus_Ammonium",0.154,"mg/l",NA,NA,0.5
"3077","...159793","BROWARD","'10/22/2013'","24","Ammonia_plus_Ammonium",0.035,"mg/l",NA,NA,0.5
"3078","...159803","BROWARD","'10/22/2013'","2","Ammonia_plus_Ammonium",0.047,"mg/l",NA,NA,0.5
"3079","...159806","BROWARD","'10/22/2013'","26","Ammonia_plus_Ammonium",0.081,"mg/l",NA,NA,0.5
"3080","...159811","BROWARD","'10/22/2013'","124","Ammonia_plus_Ammonium",0.163,"mg/l",NA,NA,0.5
"3081","...159817","BROWARD","'10/22/2013'","126","Ammonia_plus_Ammonium",NA,"",NA,NA,0.5
"3082","...159826","BROWARD","'10/22/2013'","124","Ammonia_plus_Ammonium",0.16,"mg/l",NA,NA,0.5
"3083","...159833","BROWARD","'10/22/2013'","110","Ammonia_plus_Ammonium",0.025,"mg/l",NA,NA,0.5
"3084","...159850","BROWARD","'10/21/2013'","37","Ammonia_plus_Ammonium",NA,"",NA,NA,0.5
"3085","...159856","BROWARD","'10/21/2013'","36","Ammonia_plus_Ammonium",NA,"",NA,NA,0.5
"3086","...159859","BROWARD","'10/21/2013'","35","Ammonia_plus_Ammonium",0.021,"mg/l",NA,NA,0.5
"3087","...159865","BROWARD","'10/21/2013'","35","Ammonia_plus_Ammonium",NA,"",NA,NA,0.5
"3088","...159874","BROWARD","'10/21/2013'","31","Ammonia_plus_Ammonium",0.179,"mg/l",NA,NA,0.5
"3089","...159882","BROWARD","'10/21/2013'","34","Ammonia_plus_Ammonium",NA,"",NA,NA,0.5
"3090","...159889","BROWARD","'10/21/2013'","32","Ammonia_plus_Ammonium",0.225,"mg/l",NA,NA,0.5
"3091","...159893","BROWARD","'10/21/2013'","33","Ammonia_plus_Ammonium",NA,"",NA,NA,0.5
"3092","...159902","BROWARD","'10/21/2013'","29","Ammonia_plus_Ammonium",0.283,"mg/l",NA,NA,0.5
"3093","...159911","BROWARD","'10/21/2013'","1","Ammonia_plus_Ammonium",0.084,"mg/l",NA,NA,0.5
"3094","...159917","BROWARD","'10/21/2013'","120","Ammonia_plus_Ammonium",0.078,"mg/l",NA,NA,0.5
"3095","...159923","BROWARD","'10/21/2013'","23","Ammonia_plus_Ammonium",0.046,"mg/l",NA,NA,0.5
"3096","...159928","BROWARD","'10/21/2013'","23","Ammonia_plus_Ammonium",0.062,"mg/l",NA,NA,0.5
"3097","...159937","BROWARD","'08/07/2013'","10","Ammonia_plus_Ammonium",NA,"",NA,NA,0.5
"3098","...159946","BROWARD","'08/07/2013'","125","Ammonia_plus_Ammonium",NA,"",NA,NA,0.5
"3099","...159952","BROWARD","'08/07/2013'","20","Ammonia_plus_Ammonium",0.12,"mg/l",NA,NA,0.5
"3100","...159955","BROWARD","'08/07/2013'","123","Ammonia_plus_Ammonium",0.062,"mg/l",NA,NA,0.5
"3101","...159967","BROWARD","'08/07/2013'","38","Ammonia_plus_Ammonium",NA,"",NA,NA,0.5
"3102","...159971","BROWARD","'08/07/2013'","121","Ammonia_plus_Ammonium",0.037,"mg/l",NA,NA,0.5
"3103","...159981","BROWARD","'08/07/2013'","111","Ammonia_plus_Ammonium",0.021,"mg/l",NA,NA,0.5
"3104","...159983","BROWARD","'08/07/2013'","121","Ammonia_plus_Ammonium",0.016,"mg/l",NA,NA,0.5
"3105","...159996","BROWARD","'08/07/2013'","39","Ammonia_plus_Ammonium",0.02,"mg/l",NA,NA,0.5
"3106","...160000","BROWARD","'08/07/2013'","112","Ammonia_plus_Ammonium",0.023,"mg/l",NA,NA,0.5
"3107","...160005","BROWARD","'08/07/2013'","64","Ammonia_plus_Ammonium",0.205,"mg/l",NA,NA,0.5
"3108","...160016","BROWARD","'08/07/2013'","5","Ammonia_plus_Ammonium",0.019,"mg/l",NA,NA,0.5
"3109","...160023","BROWARD","'08/07/2013'","40","Ammonia_plus_Ammonium",0.012,"mg/l",NA,NA,0.5
"3110","...160029","BROWARD","'08/07/2013'","6","Ammonia_plus_Ammonium",NA,"",NA,NA,0.5
"3111","...160032","BROWARD","'08/07/2013'","40","Ammonia_plus_Ammonium",0.013,"mg/l",NA,NA,0.5
"3112","...160045","BROWARD","'08/07/2013'","16","Ammonia_plus_Ammonium",0.18,"mg/l",NA,NA,0.5
"3113","...160048","BROWARD","'08/07/2013'","7","Ammonia_plus_Ammonium",NA,"",NA,NA,0.5
"3114","...160058","BROWARD","'08/07/2013'","11","Ammonia_plus_Ammonium",0.084,"mg/l",NA,NA,0.5
"3115","...160066","BROWARD","'08/07/2013'","11","Ammonia_plus_Ammonium",0.083,"mg/l",NA,NA,0.5
"3116","...160068","BROWARD","'08/07/2013'","41","Ammonia_plus_Ammonium",0.02,"mg/l",NA,NA,0.5
"3117","...160077","BROWARD","'08/07/2013'","15","Ammonia_plus_Ammonium",0.031,"mg/l",NA,NA,0.5
"3118","...160088","BROWARD","'08/07/2013'","12","Ammonia_plus_Ammonium",0.053,"mg/l",NA,NA,0.5
"3119","...160099","BROWARD","'08/07/2013'","14","Ammonia_plus_Ammonium",0.222,"mg/l",NA,NA,0.5
"3120","...160102","BROWARD","'08/07/2013'","19","Ammonia_plus_Ammonium",0.084,"mg/l",NA,NA,0.5
"3121","...160107","BROWARD","'08/07/2013'","122","Ammonia_plus_Ammonium",0.253,"mg/l",NA,NA,0.5
"3122","...160115","BROWARD","'08/06/2013'","8","Ammonia_plus_Ammonium",NA,"",NA,NA,0.5
"3123","...160120","BROWARD","'08/06/2013'","89","Ammonia_plus_Ammonium",-0.002,"mg/l",NA,NA,0.5
"3124","...160131","BROWARD","'08/06/2013'","4","Ammonia_plus_Ammonium",0.073,"mg/l",NA,NA,0.5
"3125","...160138","BROWARD","'08/06/2013'","22","Ammonia_plus_Ammonium",0.322,"mg/l",NA,NA,0.5
"3126","...160144","BROWARD","'08/06/2013'","4","Ammonia_plus_Ammonium",0.096,"mg/l",NA,NA,0.5
"3127","...160155","BROWARD","'08/06/2013'","28","Ammonia_plus_Ammonium",0.17,"mg/l",NA,NA,0.5
"3128","...160158","BROWARD","'08/06/2013'","3","Ammonia_plus_Ammonium",0.059,"mg/l",NA,NA,0.5
"3129","...160165","BROWARD","'08/06/2013'","25","Ammonia_plus_Ammonium",0.295,"mg/l",NA,NA,0.5
"3130","...160174","BROWARD","'08/06/2013'","2","Ammonia_plus_Ammonium",0.038,"mg/l",NA,NA,0.5
"3131","...160176","BROWARD","'08/06/2013'","24","Ammonia_plus_Ammonium",0.075,"mg/l",NA,NA,0.5
"3132","...160186","BROWARD","'08/06/2013'","126","Ammonia_plus_Ammonium",0.111,"mg/l",NA,NA,0.5
"3133","...160195","BROWARD","'08/06/2013'","26","Ammonia_plus_Ammonium",0.166,"mg/l",NA,NA,0.5
"3134","...160198","BROWARD","'08/06/2013'","110","Ammonia_plus_Ammonium",0.189,"mg/l",NA,NA,0.5
"3135","...160205","BROWARD","'08/06/2013'","124","Ammonia_plus_Ammonium",0.162,"mg/l",NA,NA,0.5
"3136","...160213","BROWARD","'08/06/2013'","124","Ammonia_plus_Ammonium",0.139,"mg/l",NA,NA,0.5
"3137","...160222","BROWARD","'08/05/2013'","37","Ammonia_plus_Ammonium",NA,"",NA,NA,0.5
"3138","...160224","BROWARD","'08/05/2013'","36","Ammonia_plus_Ammonium",NA,"",NA,NA,0.5
"3139","...160233","BROWARD","'08/05/2013'","35","Ammonia_plus_Ammonium",0.056,"mg/l",NA,NA,0.5
"3140","...160237","BROWARD","'08/05/2013'","35","Ammonia_plus_Ammonium",0.033,"mg/l",NA,NA,0.5
"3141","...160243","BROWARD","'08/05/2013'","31","Ammonia_plus_Ammonium",0.229,"mg/l",NA,NA,0.5
"3142","...160247","BROWARD","'08/05/2013'","34","Ammonia_plus_Ammonium",0.032,"mg/l",NA,NA,0.5
"3143","...160254","BROWARD","'08/05/2013'","32","Ammonia_plus_Ammonium",0.057,"mg/l",NA,NA,0.5
"3144","...160264","BROWARD","'08/05/2013'","33","Ammonia_plus_Ammonium",0.06,"mg/l",NA,NA,0.5
"3145","...160270","BROWARD","'08/05/2013'","29","Ammonia_plus_Ammonium",0.343,"mg/l",NA,NA,0.5
"3146","...160278","BROWARD","'08/05/2013'","1","Ammonia_plus_Ammonium",0.05,"mg/l",NA,NA,0.5
"3147","...160282","BROWARD","'08/05/2013'","120","Ammonia_plus_Ammonium",0.032,"mg/l",NA,NA,0.5
"3148","...160288","BROWARD","'08/05/2013'","23","Ammonia_plus_Ammonium",0.213,"mg/l",NA,NA,0.5
"3149","...160292","BROWARD","'08/05/2013'","23","Ammonia_plus_Ammonium",0.216,"mg/l",NA,NA,0.5
"3150","...160296","BROWARD","'05/15/2013'","21","Ammonia_plus_Ammonium",0.244,"mg/l",NA,NA,0.5
"3151","...160302","BROWARD","'05/15/2013'","10","Ammonia_plus_Ammonium",0.023,"mg/l",NA,NA,0.5
"3152","...160311","BROWARD","'05/15/2013'","20","Ammonia_plus_Ammonium",0.042,"mg/l",NA,NA,0.5
"3153","...160317","BROWARD","'05/15/2013'","90","Ammonia_plus_Ammonium",NA,"",NA,NA,0.5
"3154","...160322","BROWARD","'05/15/2013'","49","Ammonia_plus_Ammonium",NA,"",NA,NA,0.5
"3155","...160326","BROWARD","'05/15/2013'","111","Ammonia_plus_Ammonium",NA,"",NA,NA,0.5
"3156","...160334","BROWARD","'05/15/2013'","90","Ammonia_plus_Ammonium",0.013,"mg/l",NA,NA,0.5
"3157","...160340","BROWARD","'05/15/2013'","112","Ammonia_plus_Ammonium",NA,"",NA,NA,0.5
"3158","...160348","BROWARD","'05/15/2013'","38","Ammonia_plus_Ammonium",0.046,"mg/l",NA,NA,0.5
"3159","...160354","BROWARD","'05/15/2013'","5","Ammonia_plus_Ammonium",NA,"",NA,NA,0.5
"3160","...160358","BROWARD","'05/15/2013'","17","Ammonia_plus_Ammonium",NA,"",NA,NA,0.5
"3161","...160364","BROWARD","'05/15/2013'","6","Ammonia_plus_Ammonium",0.038,"mg/l",NA,NA,0.5
"3162","...160373","BROWARD","'05/15/2013'","64","Ammonia_plus_Ammonium",NA,"",NA,NA,0.5
"3163","...160376","BROWARD","'05/15/2013'","40","Ammonia_plus_Ammonium",0.062,"mg/l",NA,NA,0.5
"3164","...160384","BROWARD","'05/15/2013'","40","Ammonia_plus_Ammonium",0.054,"mg/l",NA,NA,0.5
"3165","...160392","BROWARD","'05/15/2013'","16","Ammonia_plus_Ammonium",0.022,"mg/l",NA,NA,0.5
"3166","...160398","BROWARD","'05/15/2013'","7","Ammonia_plus_Ammonium",0.032,"mg/l",NA,NA,0.5
"3167","...160404","BROWARD","'05/15/2013'","11","Ammonia_plus_Ammonium",NA,"",NA,NA,0.5
"3168","...160410","BROWARD","'05/15/2013'","15","Ammonia_plus_Ammonium",NA,"",NA,NA,0.5
"3169","...160420","BROWARD","'05/15/2013'","11","Ammonia_plus_Ammonium",NA,"",NA,NA,0.5
"3170","...160423","BROWARD","'05/15/2013'","41","Ammonia_plus_Ammonium",0.064,"mg/l",NA,NA,0.5
"3171","...160431","BROWARD","'05/15/2013'","12","Ammonia_plus_Ammonium",0.053,"mg/l",NA,NA,0.5
"3172","...160439","BROWARD","'05/15/2013'","14","Ammonia_plus_Ammonium",0.071,"mg/l",NA,NA,0.5
"3173","...160441","BROWARD","'05/15/2013'","19","Ammonia_plus_Ammonium",0.025,"mg/l",NA,NA,0.5
"3174","...160448","BROWARD","'05/14/2013'","8","Ammonia_plus_Ammonium",0.049,"mg/l",NA,NA,0.5
"3175","...160455","BROWARD","'05/14/2013'","22","Ammonia_plus_Ammonium",0.302,"mg/l",NA,NA,0.5
"3176","...160457","BROWARD","'05/14/2013'","89","Ammonia_plus_Ammonium",0.055,"mg/l",NA,NA,0.5
"3177","...160464","BROWARD","'05/14/2013'","28","Ammonia_plus_Ammonium",0.117,"mg/l",NA,NA,0.5
"3178","...160471","BROWARD","'05/14/2013'","4","Ammonia_plus_Ammonium",0.038,"mg/l",NA,NA,0.5
"3179","...160476","BROWARD","'05/14/2013'","4","Ammonia_plus_Ammonium",0.037,"mg/l",NA,NA,0.5
"3180","...160481","BROWARD","'05/14/2013'","25","Ammonia_plus_Ammonium",0.081,"mg/l",NA,NA,0.5
"3181","...160493","BROWARD","'05/14/2013'","3","Ammonia_plus_Ammonium",0.074,"mg/l",NA,NA,0.5
"3182","...160496","BROWARD","'05/14/2013'","24","Ammonia_plus_Ammonium",0.101,"mg/l",NA,NA,0.5
"3183","...160503","BROWARD","'05/14/2013'","26","Ammonia_plus_Ammonium",0.153,"mg/l",NA,NA,0.5
"3184","...160507","BROWARD","'05/14/2013'","2","Ammonia_plus_Ammonium",0.056,"mg/l",NA,NA,0.5
"3185","...160513","BROWARD","'05/14/2013'","27","Ammonia_plus_Ammonium",NA,"",NA,NA,0.5
"3186","...160518","BROWARD","'05/14/2013'","27","Ammonia_plus_Ammonium",0.048,"mg/l",NA,NA,0.5
"3187","...160521","BROWARD","'05/14/2013'","110","Ammonia_plus_Ammonium",0.036,"mg/l",NA,NA,0.5
"3188","...160534","BROWARD","'05/13/2013'","37","Ammonia_plus_Ammonium",0.024,"mg/l",NA,NA,0.5
"3189","...160540","BROWARD","'05/13/2013'","36","Ammonia_plus_Ammonium",0.012,"mg/l",NA,NA,0.5
"3190","...160545","BROWARD","'05/13/2013'","35","Ammonia_plus_Ammonium",NA,"",NA,NA,0.5
"3191","...160550","BROWARD","'05/13/2013'","35","Ammonia_plus_Ammonium",NA,"",NA,NA,0.5
"3192","...160557","BROWARD","'05/13/2013'","31","Ammonia_plus_Ammonium",0.084,"mg/l",NA,NA,0.5
"3193","...160562","BROWARD","'05/13/2013'","34","Ammonia_plus_Ammonium",0.074,"mg/l",NA,NA,0.5
"3194","...160571","BROWARD","'05/13/2013'","32","Ammonia_plus_Ammonium",0.094,"mg/l",NA,NA,0.5
"3195","...160581","BROWARD","'05/13/2013'","33","Ammonia_plus_Ammonium",0.046,"mg/l",NA,NA,0.5
"3196","...160585","BROWARD","'05/13/2013'","29","Ammonia_plus_Ammonium",0.313,"mg/l",NA,NA,0.5
"3197","...160593","BROWARD","'05/13/2013'","1","Ammonia_plus_Ammonium",0.031,"mg/l",NA,NA,0.5
"3198","...160596","BROWARD","'05/13/2013'","23","Ammonia_plus_Ammonium",0.302,"mg/l",NA,NA,0.5
"3199","...160603","BROWARD","'05/13/2013'","23","Ammonia_plus_Ammonium",0.239,"mg/l",NA,NA,0.5
"3200","...160615","BROWARD","'02/13/2013'","10","Ammonia_plus_Ammonium",NA,"",NA,NA,0.5
"3201","...160626","BROWARD","'02/13/2013'","111","Ammonia_plus_Ammonium",NA,"",NA,NA,0.5
"3202","...160630","BROWARD","'02/13/2013'","21","Ammonia_plus_Ammonium",0.129,"mg/l",NA,NA,0.5
"3203","...160644","BROWARD","'02/13/2013'","49","Ammonia_plus_Ammonium",NA,"",NA,NA,0.5
"3204","...160656","BROWARD","'02/13/2013'","112","Ammonia_plus_Ammonium",NA,"",NA,NA,0.5
"3205","...160671","BROWARD","'02/13/2013'","20","Ammonia_plus_Ammonium",0.06,"mg/l",NA,NA,0.5
"3206","...160682","BROWARD","'02/13/2013'","90","Ammonia_plus_Ammonium",0.038,"mg/l",NA,NA,0.5
"3207","...160694","BROWARD","'02/13/2013'","90","Ammonia_plus_Ammonium",0.055,"mg/l",NA,NA,0.5
"3208","...160700","BROWARD","'02/13/2013'","38","Ammonia_plus_Ammonium",NA,"",NA,NA,0.5
"3209","...160709","BROWARD","'02/13/2013'","5","Ammonia_plus_Ammonium",NA,"",NA,NA,0.5
"3210","...160724","BROWARD","'02/13/2013'","39","Ammonia_plus_Ammonium",NA,"",NA,NA,0.5
"3211","...160729","BROWARD","'02/13/2013'","6","Ammonia_plus_Ammonium",NA,"",NA,NA,0.5
"3212","...160739","BROWARD","'02/13/2013'","17","Ammonia_plus_Ammonium",NA,"",NA,NA,0.5
"3213","...160752","BROWARD","'02/13/2013'","7","Ammonia_plus_Ammonium",NA,"",NA,NA,0.5
"3214","...160764","BROWARD","'02/13/2013'","64","Ammonia_plus_Ammonium",NA,"",NA,NA,0.5
"3215","...160772","BROWARD","'02/13/2013'","40","Ammonia_plus_Ammonium",NA,"",NA,NA,0.5
"3216","...160780","BROWARD","'02/13/2013'","40","Ammonia_plus_Ammonium",NA,"",NA,NA,0.5
"3217","...160792","BROWARD","'02/13/2013'","16","Ammonia_plus_Ammonium",0.018,"mg/l",NA,NA,0.5
"3218","...160801","BROWARD","'02/13/2013'","11","Ammonia_plus_Ammonium",0.022,"mg/l",NA,NA,0.5
"3219","...160819","BROWARD","'02/13/2013'","15","Ammonia_plus_Ammonium",NA,"",NA,NA,0.5
"3220","...160830","BROWARD","'02/13/2013'","11","Ammonia_plus_Ammonium",0.023,"mg/l",NA,NA,0.5
"3221","...160840","BROWARD","'02/13/2013'","41","Ammonia_plus_Ammonium",NA,"",NA,NA,0.5
"3222","...160846","BROWARD","'02/13/2013'","12","Ammonia_plus_Ammonium",NA,"",NA,NA,0.5
"3223","...160859","BROWARD","'02/13/2013'","19","Ammonia_plus_Ammonium",0.015,"mg/l",NA,NA,0.5
"3224","...160865","BROWARD","'02/13/2013'","14","Ammonia_plus_Ammonium",0.081,"mg/l",NA,NA,0.5
"3225","...160879","BROWARD","'02/12/2013'","22","Ammonia_plus_Ammonium",0.416,"mg/l",NA,NA,0.5
"3226","...160890","BROWARD","'02/12/2013'","28","Ammonia_plus_Ammonium",0.282,"mg/l",NA,NA,0.5
"3227","...160896","BROWARD","'02/12/2013'","8","Ammonia_plus_Ammonium",0.017,"mg/l",NA,NA,0.5
"3228","...160909","BROWARD","'02/12/2013'","89","Ammonia_plus_Ammonium",NA,"",NA,NA,0.5
"3229","...160921","BROWARD","'02/12/2013'","4","Ammonia_plus_Ammonium",NA,"",NA,NA,0.5
"3230","...160925","BROWARD","'02/12/2013'","4","Ammonia_plus_Ammonium",NA,"",NA,NA,0.5
"3231","...160935","BROWARD","'02/12/2013'","25","Ammonia_plus_Ammonium",NA,"",NA,NA,0.5
"3232","...160946","BROWARD","'02/12/2013'","3","Ammonia_plus_Ammonium",0.184,"mg/l",NA,NA,0.5
"3233","...160958","BROWARD","'02/12/2013'","24","Ammonia_plus_Ammonium",0.023,"mg/l",NA,NA,0.5
"3234","...160965","BROWARD","'02/12/2013'","2","Ammonia_plus_Ammonium",NA,"",NA,NA,0.5
"3235","...160982","BROWARD","'02/12/2013'","26","Ammonia_plus_Ammonium",0.02,"mg/l",NA,NA,0.5
"3236","...160987","BROWARD","'02/12/2013'","110","Ammonia_plus_Ammonium",NA,"",NA,NA,0.5
"3237","...161000","BROWARD","'02/12/2013'","27","Ammonia_plus_Ammonium",NA,"",NA,NA,0.5
"3238","...161005","BROWARD","'02/12/2013'","27","Ammonia_plus_Ammonium",NA,"",NA,NA,0.5
"3239","...161024","BROWARD","'02/11/2013'","37","Ammonia_plus_Ammonium",0.015,"mg/l",NA,NA,0.5
"3240","...161028","BROWARD","'02/11/2013'","36","Ammonia_plus_Ammonium",0.029,"mg/l",NA,NA,0.5
"3241","...161044","BROWARD","'02/11/2013'","31","Ammonia_plus_Ammonium",0.226,"mg/l",NA,NA,0.5
"3242","...161052","BROWARD","'02/11/2013'","35","Ammonia_plus_Ammonium",0.018,"mg/l",NA,NA,0.5
"3243","...161063","BROWARD","'02/11/2013'","35","Ammonia_plus_Ammonium",0.012,"mg/l",NA,NA,0.5
"3244","...161072","BROWARD","'02/11/2013'","32","Ammonia_plus_Ammonium",0.235,"mg/l",NA,NA,0.5
"3245","...161081","BROWARD","'02/11/2013'","34","Ammonia_plus_Ammonium",0.022,"mg/l",NA,NA,0.5
"3246","...161088","BROWARD","'02/11/2013'","29","Ammonia_plus_Ammonium",0.494,"mg/l",NA,NA,0.5
"3247","...161105","BROWARD","'02/11/2013'","33","Ammonia_plus_Ammonium",0.037,"mg/l",NA,NA,0.5
"3248","...161115","BROWARD","'02/11/2013'","23","Ammonia_plus_Ammonium",0.427,"mg/l",NA,NA,0.5
"3249","...161126","BROWARD","'02/11/2013'","1","Ammonia_plus_Ammonium",0.012,"mg/l",NA,NA,0.5
"3250","...161139","BROWARD","'02/11/2013'","23","Ammonia_plus_Ammonium",0.422,"mg/l",NA,NA,0.5
