"","X","source","site","datetime","analyte","value","units","latitude","longitude","sample_depth"
"1",29878,"FIU_Estuaries","Highway Creek","1991-03-14","Nitrate",17.36,"ppm",25.2536,-80.44415,0.855555555555556
"2",29893,"FIU_Estuaries","Highway Creek","1991-04-16","Nitrate",7.28,"ppm",25.2536,-80.44415,0.855555555555556
"3",29908,"FIU_Estuaries","Garfield Bight","1991-04-16","Nitrate",1.96,"ppm",25.15048,-80.80922,0.905555555555556
"4",29923,"FIU_Estuaries","Highway Creek","1991-05-01","Nitrate",7.84,"ppm",25.2536,-80.44415,0.855555555555556
"5",29938,"FIU_Estuaries","Garfield Bight","1991-05-01","Nitrate",2.38,"ppm",25.15048,-80.80922,0.905555555555556
"6",29953,"FIU_Estuaries","Highway Creek","1991-06-11","Nitrate",4.9,"ppm",25.2536,-80.44415,0.855555555555556
"7",29968,"FIU_Estuaries","Garfield Bight","1991-06-11","Nitrate",0.7,"ppm",25.15048,-80.80922,0.905555555555556
"8",29983,"FIU_Estuaries","Highway Creek","1991-07-09","Nitrate",3.22,"ppm",25.2536,-80.44415,0.855555555555556
"9",29998,"FIU_Estuaries","Garfield Bight","1991-07-09","Nitrate",1.54,"ppm",25.15048,-80.80922,0.905555555555556
"10",30013,"FIU_Estuaries","Highway Creek","1991-07-30","Nitrate",0.42,"ppm",25.2536,-80.44415,0.855555555555556
"11",30028,"FIU_Estuaries","Garfield Bight","1991-07-30","Nitrate",1.26,"ppm",25.15048,-80.80922,0.905555555555556
"12",30043,"FIU_Estuaries","Highway Creek","1991-09-11","Nitrate",3.22,"ppm",25.2536,-80.44415,0.855555555555556
"13",30058,"FIU_Estuaries","Garfield Bight","1991-09-11","Nitrate",2.8,"ppm",25.15048,-80.80922,0.905555555555556
"14",30073,"FIU_Estuaries","Highway Creek","1991-10-09","Nitrate",5.32,"ppm",25.2536,-80.44415,0.855555555555556
"15",30088,"FIU_Estuaries","Garfield Bight","1991-10-09","Nitrate",6.72,"ppm",25.15048,-80.80922,0.905555555555556
"16",30103,"FIU_Estuaries","Highway Creek","1991-11-13","Nitrate",6.72,"ppm",25.2536,-80.44415,0.855555555555556
"17",30118,"FIU_Estuaries","Garfield Bight","1991-11-13","Nitrate",2.52,"ppm",25.15048,-80.80922,0.905555555555556
"18",30133,"FIU_Estuaries","Highway Creek","1991-12-04","Nitrate",7.14,"ppm",25.2536,-80.44415,0.855555555555556
"19",30148,"FIU_Estuaries","Garfield Bight","1991-12-04","Nitrate",6.86,"ppm",25.15048,-80.80922,0.905555555555556
"20",30163,"FIU_Estuaries","Highway Creek","1992-01-15","Nitrate",9.1,"ppm",25.2536,-80.44415,0.855555555555556
"21",30178,"FIU_Estuaries","Garfield Bight","1992-01-15","Nitrate",1.68,"ppm",25.15048,-80.80922,0.905555555555556
"22",30193,"FIU_Estuaries","Highway Creek","1992-02-11","Nitrate",27.58,"ppm",25.2536,-80.44415,0.855555555555556
"23",30208,"FIU_Estuaries","Garfield Bight","1992-02-11","Nitrate",3.5,"ppm",25.15048,-80.80922,0.905555555555556
"24",30223,"FIU_Estuaries","Highway Creek","1992-03-10","Nitrate",12.18,"ppm",25.2536,-80.44415,0.855555555555556
"25",30238,"FIU_Estuaries","Garfield Bight","1992-03-10","Nitrate",0.98,"ppm",25.15048,-80.80922,0.905555555555556
"26",30253,"FIU_Estuaries","Highway Creek","1992-04-22","Nitrate",5.6,"ppm",25.2536,-80.44415,0.855555555555556
"27",30268,"FIU_Estuaries","Garfield Bight","1992-04-22","Nitrate",0.42,"ppm",25.15048,-80.80922,0.905555555555556
"28",30283,"FIU_Estuaries","Highway Creek","1992-05-13","Nitrate",1.82,"ppm",25.2536,-80.44415,0.855555555555556
"29",30298,"FIU_Estuaries","Garfield Bight","1992-05-13","Nitrate",0.42,"ppm",25.15048,-80.80922,0.905555555555556
"30",30313,"FIU_Estuaries","Highway Creek","1992-06-17","Nitrate",2.94,"ppm",25.2536,-80.44415,0.855555555555556
"31",30328,"FIU_Estuaries","Garfield Bight","1992-06-17","Nitrate",0.42,"ppm",25.15048,-80.80922,0.905555555555556
"32",30343,"FIU_Estuaries","Highway Creek","1992-07-15","Nitrate",0.420000000000004,"ppm",25.2536,-80.44415,0.855555555555556
"33",30358,"FIU_Estuaries","Garfield Bight","1992-07-15","Nitrate",0.42,"ppm",25.15048,-80.80922,0.905555555555556
"34",30373,"FIU_Estuaries","Highway Creek","1992-08-12","Nitrate",2.66,"ppm",25.2536,-80.44415,0.855555555555556
"35",30388,"FIU_Estuaries","Garfield Bight","1992-08-12","Nitrate",0.420000000000001,"ppm",25.15048,-80.80922,0.905555555555556
"36",30403,"FIU_Estuaries","Highway Creek","1992-09-08","Nitrate",1.12,"ppm",25.2536,-80.44415,0.855555555555556
"37",30418,"FIU_Estuaries","Garfield Bight","1992-09-08","Nitrate",4.06,"ppm",25.15048,-80.80922,0.905555555555556
"38",30433,"FIU_Estuaries","Highway Creek","1992-10-13","Nitrate",1.82,"ppm",25.2536,-80.44415,0.855555555555556
"39",30448,"FIU_Estuaries","Garfield Bight","1992-10-13","Nitrate",0.42,"ppm",25.15048,-80.80922,0.905555555555556
"40",30463,"FIU_Estuaries","Highway Creek","1992-11-10","Nitrate",4.2,"ppm",25.2536,-80.44415,0.855555555555556
"41",30478,"FIU_Estuaries","Garfield Bight","1992-11-10","Nitrate",1.12,"ppm",25.15048,-80.80922,0.905555555555556
"42",30493,"FIU_Estuaries","Highway Creek","1992-12-01","Nitrate",0.42,"ppm",25.2536,-80.44415,0.855555555555556
"43",30508,"FIU_Estuaries","Garfield Bight","1992-12-01","Nitrate",0.42,"ppm",25.15048,-80.80922,0.905555555555556
"44",30523,"FIU_Estuaries","Highway Creek","1993-01-20","Nitrate",5.46,"ppm",25.2536,-80.44415,0.855555555555556
"45",30538,"FIU_Estuaries","Garfield Bight","1993-01-20","Nitrate",NA,"ppm",25.15048,-80.80922,0.905555555555556
"46",30553,"FIU_Estuaries","Highway Creek","1993-02-09","Nitrate",3.5,"ppm",25.2536,-80.44415,0.855555555555556
"47",30568,"FIU_Estuaries","Garfield Bight","1993-02-09","Nitrate",4.62,"ppm",25.15048,-80.80922,0.905555555555556
"48",30583,"FIU_Estuaries","Highway Creek","1993-03-09","Nitrate",7.98,"ppm",25.2536,-80.44415,0.855555555555556
"49",30598,"FIU_Estuaries","Garfield Bight","1993-03-09","Nitrate",2.1,"ppm",25.15048,-80.80922,0.905555555555556
"50",30613,"FIU_Estuaries","Highway Creek","1993-04-06","Nitrate",9.66,"ppm",25.2536,-80.44415,0.855555555555556
"51",30628,"FIU_Estuaries","Garfield Bight","1993-04-06","Nitrate",1.68,"ppm",25.15048,-80.80922,0.905555555555556
"52",30643,"FIU_Estuaries","Highway Creek","1993-05-11","Nitrate",3.36,"ppm",25.2536,-80.44415,0.855555555555556
"53",30658,"FIU_Estuaries","Garfield Bight","1993-05-11","Nitrate",0.7,"ppm",25.15048,-80.80922,0.905555555555556
"54",30673,"FIU_Estuaries","Highway Creek","1993-06-02","Nitrate",40.88,"ppm",25.2536,-80.44415,0.855555555555556
"55",30688,"FIU_Estuaries","Garfield Bight","1993-06-02","Nitrate",1.68,"ppm",25.15048,-80.80922,0.905555555555556
"56",30703,"FIU_Estuaries","Highway Creek","1993-07-06","Nitrate",4.2,"ppm",25.2536,-80.44415,0.855555555555556
"57",30718,"FIU_Estuaries","Garfield Bight","1993-07-06","Nitrate",1.26,"ppm",25.15048,-80.80922,0.905555555555556
"58",30733,"FIU_Estuaries","Highway Creek","1993-08-03","Nitrate",8.12,"ppm",25.2536,-80.44415,0.855555555555556
"59",30748,"FIU_Estuaries","Garfield Bight","1993-08-03","Nitrate",0.42,"ppm",25.15048,-80.80922,0.905555555555556
"60",30763,"FIU_Estuaries","Highway Creek","1993-09-08","Nitrate",8.33,"ppm",25.2536,-80.44415,0.855555555555556
"61",30778,"FIU_Estuaries","Garfield Bight","1993-09-08","Nitrate",0.42,"ppm",25.15048,-80.80922,0.905555555555556
"62",30793,"FIU_Estuaries","Highway Creek","1993-10-05","Nitrate",0.42,"ppm",25.2536,-80.44415,0.855555555555556
"63",30808,"FIU_Estuaries","Garfield Bight","1993-10-05","Nitrate",4.76,"ppm",25.15048,-80.80922,0.905555555555556
"64",30823,"FIU_Estuaries","Highway Creek","1993-11-02","Nitrate",2.38,"ppm",25.2536,-80.44415,0.855555555555556
"65",30838,"FIU_Estuaries","Garfield Bight","1993-11-02","Nitrate",1.26,"ppm",25.15048,-80.80922,0.905555555555556
"66",30853,"FIU_Estuaries","Highway Creek","1993-12-01","Nitrate",6.3,"ppm",25.2536,-80.44415,0.855555555555556
"67",30868,"FIU_Estuaries","Garfield Bight","1993-12-01","Nitrate",4.76,"ppm",25.15048,-80.80922,0.905555555555556
"68",30883,"FIU_Estuaries","Highway Creek","1994-01-10","Nitrate",5.32,"ppm",25.2536,-80.44415,0.855555555555556
"69",30898,"FIU_Estuaries","Garfield Bight","1994-01-10","Nitrate",4.76,"ppm",25.15048,-80.80922,0.905555555555556
"70",30913,"FIU_Estuaries","Highway Creek","1994-02-01","Nitrate",4.48,"ppm",25.2536,-80.44415,0.855555555555556
"71",30928,"FIU_Estuaries","Garfield Bight","1994-02-01","Nitrate",1.68,"ppm",25.15048,-80.80922,0.905555555555556
"72",30943,"FIU_Estuaries","Highway Creek","1994-03-08","Nitrate",2.52,"ppm",25.2536,-80.44415,0.855555555555556
"73",30958,"FIU_Estuaries","Garfield Bight","1994-03-08","Nitrate",9.94,"ppm",25.15048,-80.80922,0.905555555555556
"74",30973,"FIU_Estuaries","Highway Creek","1994-04-05","Nitrate",12.04,"ppm",25.2536,-80.44415,0.855555555555556
"75",30988,"FIU_Estuaries","Garfield Bight","1994-04-05","Nitrate",1.4,"ppm",25.15048,-80.80922,0.905555555555556
"76",31003,"FIU_Estuaries","Highway Creek","1994-05-03","Nitrate",3.92,"ppm",25.2536,-80.44415,0.855555555555556
"77",31018,"FIU_Estuaries","Garfield Bight","1994-05-03","Nitrate",2.52,"ppm",25.15048,-80.80922,0.905555555555556
"78",31033,"FIU_Estuaries","Highway Creek","1994-06-07","Nitrate",8.26,"ppm",25.2536,-80.44415,0.855555555555556
"79",31048,"FIU_Estuaries","Garfield Bight","1994-06-07","Nitrate",0.98,"ppm",25.15048,-80.80922,0.905555555555556
"80",31063,"FIU_Estuaries","Highway Creek","1994-07-06","Nitrate",9.24,"ppm",25.2536,-80.44415,0.855555555555556
"81",31078,"FIU_Estuaries","Garfield Bight","1994-07-06","Nitrate",2.94,"ppm",25.15048,-80.80922,0.905555555555556
"82",31093,"FIU_Estuaries","Highway Creek","1994-08-02","Nitrate",6.58,"ppm",25.2536,-80.44415,0.855555555555556
"83",31108,"FIU_Estuaries","Garfield Bight","1994-08-02","Nitrate",0.84,"ppm",25.15048,-80.80922,0.905555555555556
"84",31123,"FIU_Estuaries","Highway Creek","1994-09-13","Nitrate",6.16,"ppm",25.2536,-80.44415,0.855555555555556
"85",31138,"FIU_Estuaries","Garfield Bight","1994-09-13","Nitrate",3.36,"ppm",25.15048,-80.80922,0.905555555555556
"86",31153,"FIU_Estuaries","Chokoloskee","1994-09-28","Nitrate",44.625,"ppm",25.8075,-81.3495,0.8
"87",31168,"FIU_Estuaries","Rabbit Key Pass","1994-09-28","Nitrate",49.735,"ppm",25.77,-81.38333,1
"88",31183,"FIU_Estuaries","Lopez Bay","1994-09-28","Nitrate",52.885,"ppm",25.78417,-81.33217,1
"89",31198,"FIU_Estuaries","Sunday Bay","1994-09-28","Nitrate",2.94,"ppm",25.796,-81.28,1
"90",31213,"FIU_Estuaries","Huston Bay","1994-09-28","Nitrate",17.99,"ppm",25.753,-81.2555,1
"91",31228,"FIU_Estuaries","Upper Chatham River","1994-09-28","Nitrate",18.725,"ppm",25.7175,-81.2305,1
"92",31243,"FIU_Estuaries","Chevalier Bay","1994-09-28","Nitrate",8.05,"ppm",25.7125,-81.207,0.8
"93",31258,"FIU_Estuaries","Alligator Bay","1994-09-28","Nitrate",8.015,"ppm",25.67017,-81.16867,1
"94",31273,"FIU_Estuaries","Faka Union River","1994-09-28","Nitrate",45.43,"ppm",25.9,-81.516,1
"95",31288,"FIU_Estuaries","Blackwater River","1994-09-28","Nitrate",43.12,"ppm",25.9298,-81.60032,0.8
"96",31303,"FIU_Estuaries","Highway Creek","1994-10-04","Nitrate",19.18,"ppm",25.2536,-80.44415,0.855555555555556
"97",31318,"FIU_Estuaries","Garfield Bight","1994-10-04","Nitrate",5.6,"ppm",25.15048,-80.80922,0.905555555555556
"98",31333,"FIU_Estuaries","Chokoloskee","1994-10-25","Nitrate",10.605,"ppm",25.8075,-81.3495,0.8
"99",31348,"FIU_Estuaries","Rabbit Key Pass","1994-10-25","Nitrate",3.255,"ppm",25.77,-81.38333,1
"100",31363,"FIU_Estuaries","Lopez Bay","1994-10-25","Nitrate",27.16,"ppm",25.78417,-81.33217,1
"101",31378,"FIU_Estuaries","Sunday Bay","1994-10-25","Nitrate",3.5,"ppm",25.796,-81.28,1
"102",31393,"FIU_Estuaries","Huston Bay","1994-10-25","Nitrate",4.585,"ppm",25.753,-81.2555,1
"103",31408,"FIU_Estuaries","Upper Chatham River","1994-10-25","Nitrate",23.415,"ppm",25.7175,-81.2305,1
"104",31423,"FIU_Estuaries","Huston River","1994-10-25","Nitrate",13.895,"ppm",25.73133,-81.28467,1
"105",31438,"FIU_Estuaries","Chevalier Bay","1994-10-25","Nitrate",NA,"ppm",25.7125,-81.207,0.8
"106",31453,"FIU_Estuaries","Alligator Bay","1994-10-25","Nitrate",50.855,"ppm",25.67017,-81.16867,1
"107",31468,"FIU_Estuaries","Faka Union River","1994-10-25","Nitrate",27.09,"ppm",25.9,-81.516,1
"108",31483,"FIU_Estuaries","Blackwater River","1994-10-25","Nitrate",22.715,"ppm",25.9298,-81.60032,0.8
"109",31498,"FIU_Estuaries","Highway Creek","1994-11-01","Nitrate",3.5,"ppm",25.2536,-80.44415,0.855555555555556
"110",31513,"FIU_Estuaries","Garfield Bight","1994-11-01","Nitrate",4.48,"ppm",25.15048,-80.80922,0.905555555555556
"111",31528,"FIU_Estuaries","Chokoloskee","1994-11-22","Nitrate",58.45,"ppm",25.8075,-81.3495,0.8
"112",31543,"FIU_Estuaries","Rabbit Key Pass","1994-11-22","Nitrate",62.09,"ppm",25.77,-81.38333,1
"113",31558,"FIU_Estuaries","Lopez Bay","1994-11-22","Nitrate",66.255,"ppm",25.78417,-81.33217,1
"114",31573,"FIU_Estuaries","Sunday Bay","1994-11-22","Nitrate",1.96,"ppm",25.796,-81.28,1
"115",31588,"FIU_Estuaries","Huston Bay","1994-11-22","Nitrate",9.1,"ppm",25.753,-81.2555,1
"116",31603,"FIU_Estuaries","Upper Chatham River","1994-11-22","Nitrate",21.315,"ppm",25.7175,-81.2305,1
"117",31618,"FIU_Estuaries","Huston River","1994-11-22","Nitrate",1.365,"ppm",25.73133,-81.28467,1
"118",31633,"FIU_Estuaries","Chevalier Bay","1994-11-22","Nitrate",1.715,"ppm",25.7125,-81.207,0.8
"119",31648,"FIU_Estuaries","Alligator Bay","1994-11-22","Nitrate",13.79,"ppm",25.67017,-81.16867,1
"120",31663,"FIU_Estuaries","Faka Union River","1994-11-22","Nitrate",28.595,"ppm",25.9,-81.516,1
"121",31678,"FIU_Estuaries","Blackwater River","1994-11-22","Nitrate",32.34,"ppm",25.9298,-81.60032,0.8
"122",31693,"FIU_Estuaries","Highway Creek","1994-11-21","Nitrate",0.42,"ppm",25.2536,-80.44415,0.855555555555556
"123",31708,"FIU_Estuaries","Garfield Bight","1994-11-21","Nitrate",0.28,"ppm",25.15048,-80.80922,0.905555555555556
"124",31723,"FIU_Estuaries","Highway Creek","1994-11-30","Nitrate",0.42,"ppm",25.2536,-80.44415,0.855555555555556
"125",31738,"FIU_Estuaries","Garfield Bight","1994-11-30","Nitrate",13.02,"ppm",25.15048,-80.80922,0.905555555555556
"126",31753,"FIU_Estuaries","Chokoloskee","1994-12-13","Nitrate",18.935,"ppm",25.8075,-81.3495,0.8
"127",31768,"FIU_Estuaries","Rabbit Key Pass","1994-12-13","Nitrate",28.49,"ppm",25.77,-81.38333,1
"128",31783,"FIU_Estuaries","Lopez Bay","1994-12-13","Nitrate",11.025,"ppm",25.78417,-81.33217,1
"129",31798,"FIU_Estuaries","Sunday Bay","1994-12-13","Nitrate",9.345,"ppm",25.796,-81.28,1
"130",31813,"FIU_Estuaries","Huston Bay","1994-12-13","Nitrate",4.27,"ppm",25.753,-81.2555,1
"131",31828,"FIU_Estuaries","Upper Chatham River","1994-12-13","Nitrate",22.75,"ppm",25.7175,-81.2305,1
"132",31843,"FIU_Estuaries","Huston River","1994-12-13","Nitrate",4.34,"ppm",25.73133,-81.28467,1
"133",31858,"FIU_Estuaries","Chevalier Bay","1994-12-13","Nitrate",13.3,"ppm",25.7125,-81.207,0.8
"134",31873,"FIU_Estuaries","Alligator Bay","1994-12-13","Nitrate",18.585,"ppm",25.67017,-81.16867,1
"135",31888,"FIU_Estuaries","Faka Union River","1994-12-13","Nitrate",43.645,"ppm",25.9,-81.516,1
"136",31903,"FIU_Estuaries","Blackwater River","1994-12-13","Nitrate",58.485,"ppm",25.9298,-81.60032,0.8
"137",31918,"FIU_Estuaries","Highway Creek","1995-01-04","Nitrate",1.4,"ppm",25.2536,-80.44415,0.855555555555556
"138",31933,"FIU_Estuaries","Garfield Bight","1995-01-04","Nitrate",4.34,"ppm",25.15048,-80.80922,0.905555555555556
"139",31948,"FIU_Estuaries","Chokoloskee","1995-01-25","Nitrate",0.945,"ppm",25.8075,-81.3495,0.8
"140",31963,"FIU_Estuaries","Rabbit Key Pass","1995-01-25","Nitrate",NA,"ppm",25.77,-81.38333,1
"141",31978,"FIU_Estuaries","Lopez Bay","1995-01-25","Nitrate",4.445,"ppm",25.78417,-81.33217,1
"142",31993,"FIU_Estuaries","Sunday Bay","1995-01-25","Nitrate",4.06,"ppm",25.796,-81.28,1
"143",32008,"FIU_Estuaries","Huston Bay","1995-01-25","Nitrate",2.17,"ppm",25.753,-81.2555,1
"144",32023,"FIU_Estuaries","Upper Chatham River","1995-01-25","Nitrate",2.87,"ppm",25.7175,-81.2305,1
"145",32038,"FIU_Estuaries","Huston River","1995-01-25","Nitrate",0.0700000000000002,"ppm",25.73133,-81.28467,1
"146",32053,"FIU_Estuaries","Chevalier Bay","1995-01-25","Nitrate",NA,"ppm",25.7125,-81.207,0.8
"147",32068,"FIU_Estuaries","Alligator Bay","1995-01-25","Nitrate",NA,"ppm",25.67017,-81.16867,1
"148",32083,"FIU_Estuaries","Faka Union River","1995-01-25","Nitrate",23.31,"ppm",25.9,-81.516,1
"149",32098,"FIU_Estuaries","Blackwater River","1995-01-25","Nitrate",17.675,"ppm",25.9298,-81.60032,0.8
"150",32113,"FIU_Estuaries","Highway Creek","1995-02-01","Nitrate",15.54,"ppm",25.2536,-80.44415,0.855555555555556
"151",32128,"FIU_Estuaries","Garfield Bight","1995-02-01","Nitrate",3.36,"ppm",25.15048,-80.80922,0.905555555555556
"152",32143,"FIU_Estuaries","Chokoloskee","1995-02-21","Nitrate",12.775,"ppm",25.8075,-81.3495,0.8
"153",32158,"FIU_Estuaries","Rabbit Key Pass","1995-02-21","Nitrate",30.625,"ppm",25.77,-81.38333,1
"154",32173,"FIU_Estuaries","Lopez Bay","1995-02-21","Nitrate",19.25,"ppm",25.78417,-81.33217,1
"155",32188,"FIU_Estuaries","Sunday Bay","1995-02-21","Nitrate",5.915,"ppm",25.796,-81.28,1
"156",32203,"FIU_Estuaries","Huston Bay","1995-02-21","Nitrate",0.910000000000001,"ppm",25.753,-81.2555,1
"157",32218,"FIU_Estuaries","Upper Chatham River","1995-02-21","Nitrate",0.595,"ppm",25.7175,-81.2305,1
"158",32233,"FIU_Estuaries","Huston River","1995-02-21","Nitrate",4.41,"ppm",25.73133,-81.28467,1
"159",32248,"FIU_Estuaries","Chevalier Bay","1995-02-21","Nitrate",NA,"ppm",25.7125,-81.207,0.8
"160",32263,"FIU_Estuaries","Alligator Bay","1995-02-21","Nitrate",1.61,"ppm",25.67017,-81.16867,1
"161",32278,"FIU_Estuaries","Faka Union River","1995-02-21","Nitrate",12.39,"ppm",25.9,-81.516,1
"162",32293,"FIU_Estuaries","Blackwater River","1995-02-21","Nitrate",32.41,"ppm",25.9298,-81.60032,0.8
"163",32308,"FIU_Estuaries","Highway Creek","1995-03-01","Nitrate",4.76,"ppm",25.2536,-80.44415,0.855555555555556
"164",32323,"FIU_Estuaries","Garfield Bight","1995-03-01","Nitrate",2.38,"ppm",25.15048,-80.80922,0.905555555555556
"165",32338,"FIU_Estuaries","Chokoloskee","1995-03-14","Nitrate",17.99,"ppm",25.8075,-81.3495,0.8
"166",32353,"FIU_Estuaries","Rabbit Key Pass","1995-03-14","Nitrate",NA,"ppm",25.77,-81.38333,1
"167",32368,"FIU_Estuaries","Lopez Bay","1995-03-14","Nitrate",31.78,"ppm",25.78417,-81.33217,1
"168",32383,"FIU_Estuaries","Sunday Bay","1995-03-14","Nitrate",27.79,"ppm",25.796,-81.28,1
"169",32398,"FIU_Estuaries","Huston Bay","1995-03-14","Nitrate",0.175,"ppm",25.753,-81.2555,1
"170",32413,"FIU_Estuaries","Upper Chatham River","1995-03-14","Nitrate",0.91,"ppm",25.7175,-81.2305,1
"171",32428,"FIU_Estuaries","Huston River","1995-03-14","Nitrate",22.435,"ppm",25.73133,-81.28467,1
"172",32443,"FIU_Estuaries","Chevalier Bay","1995-03-14","Nitrate",2.45,"ppm",25.7125,-81.207,0.8
"173",32458,"FIU_Estuaries","Alligator Bay","1995-03-14","Nitrate",0.42,"ppm",25.67017,-81.16867,1
"174",32473,"FIU_Estuaries","Faka Union River","1995-03-14","Nitrate",8.82,"ppm",25.9,-81.516,1
"175",32488,"FIU_Estuaries","Blackwater River","1995-03-14","Nitrate",8.645,"ppm",25.9298,-81.60032,0.8
"176",32503,"FIU_Estuaries","Highway Creek","1995-04-18","Nitrate",0.56,"ppm",25.2536,-80.44415,0.855555555555556
"177",32518,"FIU_Estuaries","Garfield Bight","1995-04-18","Nitrate",4.06,"ppm",25.15048,-80.80922,0.905555555555556
"178",32533,"FIU_Estuaries","Chokoloskee","1995-04-24","Nitrate",2.87,"ppm",25.8075,-81.3495,0.8
"179",32548,"FIU_Estuaries","Rabbit Key Pass","1995-04-24","Nitrate",0.875,"ppm",25.77,-81.38333,1
"180",32563,"FIU_Estuaries","Lopez Bay","1995-04-24","Nitrate",9.17,"ppm",25.78417,-81.33217,1
"181",32578,"FIU_Estuaries","Sunday Bay","1995-04-24","Nitrate",NA,"ppm",25.796,-81.28,1
"182",32593,"FIU_Estuaries","Huston Bay","1995-04-24","Nitrate",NA,"ppm",25.753,-81.2555,1
"183",32608,"FIU_Estuaries","Upper Chatham River","1995-04-24","Nitrate",2.905,"ppm",25.7175,-81.2305,1
"184",32623,"FIU_Estuaries","Huston River","1995-04-24","Nitrate",NA,"ppm",25.73133,-81.28467,1
"185",32638,"FIU_Estuaries","Chevalier Bay","1995-04-24","Nitrate",0.665,"ppm",25.7125,-81.207,0.8
"186",32653,"FIU_Estuaries","Alligator Bay","1995-04-24","Nitrate",NA,"ppm",25.67017,-81.16867,1
"187",32668,"FIU_Estuaries","Faka Union River","1995-04-24","Nitrate",6.615,"ppm",25.9,-81.516,1
"188",32683,"FIU_Estuaries","Blackwater River","1995-04-24","Nitrate",3.78,"ppm",25.9298,-81.60032,0.8
"189",32698,"FIU_Estuaries","Highway Creek","1995-05-23","Nitrate",6.02,"ppm",25.2536,-80.44415,0.855555555555556
"190",32713,"FIU_Estuaries","Garfield Bight","1995-05-23","Nitrate",4.06,"ppm",25.15048,-80.80922,0.905555555555556
"191",32728,"FIU_Estuaries","Chokoloskee","1995-05-31","Nitrate",3.99,"ppm",25.8075,-81.3495,0.8
"192",32743,"FIU_Estuaries","Rabbit Key Pass","1995-05-31","Nitrate",NA,"ppm",25.77,-81.38333,1
"193",32758,"FIU_Estuaries","Lopez Bay","1995-05-31","Nitrate",8.505,"ppm",25.78417,-81.33217,1
"194",32773,"FIU_Estuaries","Sunday Bay","1995-05-31","Nitrate",NA,"ppm",25.796,-81.28,1
"195",32788,"FIU_Estuaries","Huston Bay","1995-05-31","Nitrate",9.205,"ppm",25.753,-81.2555,1
"196",32803,"FIU_Estuaries","Upper Chatham River","1995-05-31","Nitrate",26.25,"ppm",25.7175,-81.2305,1
"197",32818,"FIU_Estuaries","Huston River","1995-05-31","Nitrate",8.12,"ppm",25.73133,-81.28467,1
"198",32833,"FIU_Estuaries","Chevalier Bay","1995-05-31","Nitrate",NA,"ppm",25.7125,-81.207,0.8
"199",32848,"FIU_Estuaries","Alligator Bay","1995-05-31","Nitrate",NA,"ppm",25.67017,-81.16867,1
"200",32863,"FIU_Estuaries","Faka Union River","1995-05-31","Nitrate",7.665,"ppm",25.9,-81.516,1
"201",32878,"FIU_Estuaries","Blackwater River","1995-05-31","Nitrate",0.735,"ppm",25.9298,-81.60032,0.8
"202",32893,"FIU_Estuaries","Highway Creek","1995-06-20","Nitrate",4.06,"ppm",25.2536,-80.44415,0.855555555555556
"203",32908,"FIU_Estuaries","Garfield Bight","1995-06-20","Nitrate",1.4,"ppm",25.15048,-80.80922,0.905555555555556
"204",32923,"FIU_Estuaries","Chokoloskee","1995-06-27","Nitrate",18.725,"ppm",25.8075,-81.3495,0.8
"205",32938,"FIU_Estuaries","Rabbit Key Pass","1995-06-27","Nitrate",1.12,"ppm",25.77,-81.38333,1
"206",32953,"FIU_Estuaries","Lopez Bay","1995-06-27","Nitrate",13.79,"ppm",25.78417,-81.33217,1
"207",32968,"FIU_Estuaries","Sunday Bay","1995-06-27","Nitrate",1.855,"ppm",25.796,-81.28,1
"208",32983,"FIU_Estuaries","Huston Bay","1995-06-27","Nitrate",1.085,"ppm",25.753,-81.2555,1
"209",32998,"FIU_Estuaries","Upper Chatham River","1995-06-27","Nitrate",4.9,"ppm",25.7175,-81.2305,1
"210",33013,"FIU_Estuaries","Huston River","1995-06-27","Nitrate",NA,"ppm",25.73133,-81.28467,1
"211",33028,"FIU_Estuaries","Chevalier Bay","1995-06-27","Nitrate",0.49,"ppm",25.7125,-81.207,0.8
"212",33043,"FIU_Estuaries","Alligator Bay","1995-06-27","Nitrate",NA,"ppm",25.67017,-81.16867,1
"213",33058,"FIU_Estuaries","Faka Union River","1995-06-27","Nitrate",21.77,"ppm",25.9,-81.516,1
"214",33073,"FIU_Estuaries","Blackwater River","1995-06-27","Nitrate",66.78,"ppm",25.9298,-81.60032,0.8
"215",33088,"FIU_Estuaries","Highway Creek","1995-07-11","Nitrate",NA,"ppm",25.2536,-80.44415,0.855555555555556
"216",33103,"FIU_Estuaries","Garfield Bight","1995-07-11","Nitrate",3.78,"ppm",25.15048,-80.80922,0.905555555555556
"217",33118,"FIU_Estuaries","Chokoloskee","1995-07-18","Nitrate",16.59,"ppm",25.8075,-81.3495,0.8
"218",33133,"FIU_Estuaries","Rabbit Key Pass","1995-07-18","Nitrate",12.705,"ppm",25.77,-81.38333,1
"219",33148,"FIU_Estuaries","Lopez Bay","1995-07-18","Nitrate",25.655,"ppm",25.78417,-81.33217,1
"220",33163,"FIU_Estuaries","Sunday Bay","1995-07-18","Nitrate",11.445,"ppm",25.796,-81.28,1
"221",33178,"FIU_Estuaries","Huston Bay","1995-07-18","Nitrate",18.865,"ppm",25.753,-81.2555,1
"222",33193,"FIU_Estuaries","Upper Chatham River","1995-07-18","Nitrate",21.56,"ppm",25.7175,-81.2305,1
"223",33208,"FIU_Estuaries","Huston River","1995-07-18","Nitrate",9.45,"ppm",25.73133,-81.28467,1
"224",33223,"FIU_Estuaries","Chevalier Bay","1995-07-18","Nitrate",10.465,"ppm",25.7125,-81.207,0.8
"225",33238,"FIU_Estuaries","Alligator Bay","1995-07-18","Nitrate",26.005,"ppm",25.67017,-81.16867,1
"226",33253,"FIU_Estuaries","Faka Union River","1995-07-18","Nitrate",30.24,"ppm",25.9,-81.516,1
"227",33268,"FIU_Estuaries","Blackwater River","1995-07-18","Nitrate",25.69,"ppm",25.9298,-81.60032,0.8
"228",33283,"FIU_Estuaries","Highway Creek","1995-08-10","Nitrate",5.81,"ppm",25.2536,-80.44415,0.855555555555556
"229",33298,"FIU_Estuaries","Garfield Bight","1995-08-10","Nitrate",2.975,"ppm",25.15048,-80.80922,0.905555555555556
"230",33313,"FIU_Estuaries","Chokoloskee","1995-08-29","Nitrate",10.43,"ppm",25.8075,-81.3495,0.8
"231",33328,"FIU_Estuaries","Rabbit Key Pass","1995-08-29","Nitrate",39.305,"ppm",25.77,-81.38333,1
"232",33343,"FIU_Estuaries","Lopez Bay","1995-08-29","Nitrate",33.46,"ppm",25.78417,-81.33217,1
"233",33358,"FIU_Estuaries","Sunday Bay","1995-08-29","Nitrate",8.05,"ppm",25.796,-81.28,1
"234",33373,"FIU_Estuaries","Huston Bay","1995-08-29","Nitrate",10.115,"ppm",25.753,-81.2555,1
"235",33388,"FIU_Estuaries","Upper Chatham River","1995-08-29","Nitrate",22.96,"ppm",25.7175,-81.2305,1
"236",33403,"FIU_Estuaries","Huston River","1995-08-29","Nitrate",8.715,"ppm",25.73133,-81.28467,1
"237",33418,"FIU_Estuaries","Chevalier Bay","1995-08-29","Nitrate",10.71,"ppm",25.7125,-81.207,0.8
"238",33433,"FIU_Estuaries","Alligator Bay","1995-08-29","Nitrate",8.26,"ppm",25.67017,-81.16867,1
"239",33448,"FIU_Estuaries","Faka Union River","1995-08-30","Nitrate",15.19,"ppm",25.9,-81.516,1
"240",33463,"FIU_Estuaries","Blackwater River","1995-08-30","Nitrate",3.43,"ppm",25.9298,-81.60032,0.8
"241",33478,"FIU_Estuaries","Highway Creek","1995-09-07","Nitrate",6.895,"ppm",25.2536,-80.44415,0.855555555555556
"242",33493,"FIU_Estuaries","Garfield Bight","1995-09-07","Nitrate",4.445,"ppm",25.15048,-80.80922,0.905555555555556
"243",33508,"FIU_Estuaries","Chokoloskee","1995-09-28","Nitrate",6.055,"ppm",25.8075,-81.3495,0.8
"244",33523,"FIU_Estuaries","Rabbit Key Pass","1995-09-28","Nitrate",5.88,"ppm",25.77,-81.38333,1
"245",33538,"FIU_Estuaries","Lopez Bay","1995-09-28","Nitrate",12.32,"ppm",25.78417,-81.33217,1
"246",33553,"FIU_Estuaries","Sunday Bay","1995-09-28","Nitrate",NA,"ppm",25.796,-81.28,1
"247",33568,"FIU_Estuaries","Huston Bay","1995-09-28","Nitrate",0.735,"ppm",25.753,-81.2555,1
"248",33583,"FIU_Estuaries","Upper Chatham River","1995-09-28","Nitrate",9.975,"ppm",25.7175,-81.2305,1
"249",33598,"FIU_Estuaries","Huston River","1995-09-28","Nitrate",NA,"ppm",25.73133,-81.28467,1
"250",33613,"FIU_Estuaries","Chevalier Bay","1995-09-28","Nitrate",3.045,"ppm",25.7125,-81.207,0.8
"251",33628,"FIU_Estuaries","Alligator Bay","1995-09-28","Nitrate",NA,"ppm",25.67017,-81.16867,1
"252",33643,"FIU_Estuaries","Faka Union River","1995-09-29","Nitrate",17.045,"ppm",25.9,-81.516,1
"253",33658,"FIU_Estuaries","Blackwater River","1995-09-29","Nitrate",4.655,"ppm",25.9298,-81.60032,0.8
"254",33673,"FIU_Estuaries","Highway Creek","1995-10-19","Nitrate",7.77,"ppm",25.2536,-80.44415,0.855555555555556
"255",33688,"FIU_Estuaries","Garfield Bight","1995-10-19","Nitrate",10.78,"ppm",25.15048,-80.80922,0.905555555555556
"256",33703,"FIU_Estuaries","Chokoloskee","1995-11-03","Nitrate",8.365,"ppm",25.8075,-81.3495,0.8
"257",33718,"FIU_Estuaries","Rabbit Key Pass","1995-11-03","Nitrate",1.61,"ppm",25.77,-81.38333,1
"258",33733,"FIU_Estuaries","Lopez Bay","1995-11-03","Nitrate",15.995,"ppm",25.78417,-81.33217,1
"259",33748,"FIU_Estuaries","Sunday Bay","1995-11-03","Nitrate",NA,"ppm",25.796,-81.28,1
"260",33763,"FIU_Estuaries","Huston Bay","1995-11-03","Nitrate",NA,"ppm",25.753,-81.2555,1
"261",33778,"FIU_Estuaries","Upper Chatham River","1995-11-03","Nitrate",21.28,"ppm",25.7175,-81.2305,1
"262",33793,"FIU_Estuaries","Huston River","1995-11-03","Nitrate",NA,"ppm",25.73133,-81.28467,1
"263",33808,"FIU_Estuaries","Chevalier Bay","1995-11-03","Nitrate",19.39,"ppm",25.7125,-81.207,0.8
"264",33823,"FIU_Estuaries","Alligator Bay","1995-11-03","Nitrate",19.32,"ppm",25.67017,-81.16867,1
"265",33838,"FIU_Estuaries","Faka Union River","1995-11-06","Nitrate",23.8,"ppm",25.9,-81.516,1
"266",33853,"FIU_Estuaries","Blackwater River","1995-11-06","Nitrate",1.575,"ppm",25.9298,-81.60032,0.8
"267",33868,"FIU_Estuaries","Highway Creek","1995-11-16","Nitrate",7.315,"ppm",25.2536,-80.44415,0.855555555555556
"268",33883,"FIU_Estuaries","Garfield Bight","1995-11-16","Nitrate",2.94,"ppm",25.15048,-80.80922,0.905555555555556
"269",33898,"FIU_Estuaries","Chokoloskee","1995-11-20","Nitrate",0.35,"ppm",25.8075,-81.3495,0.8
"270",33913,"FIU_Estuaries","Rabbit Key Pass","1995-11-20","Nitrate",NA,"ppm",25.77,-81.38333,1
"271",33928,"FIU_Estuaries","Lopez Bay","1995-11-20","Nitrate",NA,"ppm",25.78417,-81.33217,1
"272",33943,"FIU_Estuaries","Sunday Bay","1995-11-20","Nitrate",NA,"ppm",25.796,-81.28,1
"273",33958,"FIU_Estuaries","Huston Bay","1995-11-20","Nitrate",1.575,"ppm",25.753,-81.2555,1
"274",33973,"FIU_Estuaries","Upper Chatham River","1995-11-20","Nitrate",8.96,"ppm",25.7175,-81.2305,1
"275",33988,"FIU_Estuaries","Huston River","1995-11-20","Nitrate",NA,"ppm",25.73133,-81.28467,1
"276",34003,"FIU_Estuaries","Chevalier Bay","1995-11-20","Nitrate",13.125,"ppm",25.7125,-81.207,0.8
"277",34018,"FIU_Estuaries","Alligator Bay","1995-11-20","Nitrate",66.115,"ppm",25.67017,-81.16867,1
"278",34033,"FIU_Estuaries","Faka Union River","1995-11-21","Nitrate",27.3,"ppm",25.9,-81.516,1
"279",34048,"FIU_Estuaries","Blackwater River","1995-11-21","Nitrate",12.67,"ppm",25.9298,-81.60032,0.8
"280",34063,"FIU_Estuaries","Highway Creek","1995-12-13","Nitrate",7.385,"ppm",25.2536,-80.44415,0.855555555555556
"281",34078,"FIU_Estuaries","Garfield Bight","1995-12-13","Nitrate",5.075,"ppm",25.15048,-80.80922,0.905555555555556
"282",34093,"FIU_Estuaries","Chokoloskee","1995-12-19","Nitrate",10.045,"ppm",25.8075,-81.3495,0.8
"283",34108,"FIU_Estuaries","Rabbit Key Pass","1995-12-19","Nitrate",8.715,"ppm",25.77,-81.38333,1
"284",34123,"FIU_Estuaries","Lopez Bay","1995-12-19","Nitrate",8.12,"ppm",25.78417,-81.33217,1
"285",34138,"FIU_Estuaries","Sunday Bay","1995-12-19","Nitrate",6.23,"ppm",25.796,-81.28,1
"286",34153,"FIU_Estuaries","Huston Bay","1995-12-19","Nitrate",6.195,"ppm",25.753,-81.2555,1
"287",34168,"FIU_Estuaries","Upper Chatham River","1995-12-19","Nitrate",20.965,"ppm",25.7175,-81.2305,1
"288",34183,"FIU_Estuaries","Huston River","1995-12-19","Nitrate",4.97,"ppm",25.73133,-81.28467,1
"289",34198,"FIU_Estuaries","Chevalier Bay","1995-12-19","Nitrate",41.965,"ppm",25.7125,-81.207,0.8
"290",34213,"FIU_Estuaries","Alligator Bay","1995-12-19","Nitrate",40.285,"ppm",25.67017,-81.16867,1
"291",34228,"FIU_Estuaries","Faka Union River","1995-12-20","Nitrate",8.085,"ppm",25.9,-81.516,1
"292",34243,"FIU_Estuaries","Blackwater River","1995-12-20","Nitrate",10.675,"ppm",25.9298,-81.60032,0.8
"293",34258,"FIU_Estuaries","Highway Creek","1996-01-24","Nitrate",10.57,"ppm",25.2536,-80.44415,0.855555555555556
"294",34273,"FIU_Estuaries","Garfield Bight","1996-01-23","Nitrate",14.455,"ppm",25.15048,-80.80922,0.905555555555556
"295",34288,"FIU_Estuaries","Chokoloskee","1996-01-31","Nitrate",12.005,"ppm",25.8075,-81.3495,0.8
"296",34303,"FIU_Estuaries","Rabbit Key Pass","1996-01-31","Nitrate",9.415,"ppm",25.77,-81.38333,1
"297",34318,"FIU_Estuaries","Lopez Bay","1996-01-31","Nitrate",17.85,"ppm",25.78417,-81.33217,1
"298",34333,"FIU_Estuaries","Sunday Bay","1996-01-31","Nitrate",5.88,"ppm",25.796,-81.28,1
"299",34348,"FIU_Estuaries","Huston Bay","1996-01-31","Nitrate",8.05,"ppm",25.753,-81.2555,1
"300",34363,"FIU_Estuaries","Upper Chatham River","1996-01-31","Nitrate",26.95,"ppm",25.7175,-81.2305,1
"301",34378,"FIU_Estuaries","Huston River","1996-01-31","Nitrate",2.66,"ppm",25.73133,-81.28467,1
"302",34393,"FIU_Estuaries","Chevalier Bay","1996-01-31","Nitrate",27.37,"ppm",25.7125,-81.207,0.8
"303",34408,"FIU_Estuaries","Alligator Bay","1996-01-31","Nitrate",NA,"ppm",25.67017,-81.16867,1
"304",34423,"FIU_Estuaries","Faka Union River","1996-02-01","Nitrate",5.39,"ppm",25.9,-81.516,1
"305",34438,"FIU_Estuaries","Blackwater River","1996-02-01","Nitrate",3.675,"ppm",25.9298,-81.60032,0.8
"306",34453,"FIU_Estuaries","Highway Creek","1996-02-14","Nitrate",1.015,"ppm",25.2536,-80.44415,0.855555555555556
"307",34468,"FIU_Estuaries","Garfield Bight","1996-02-12","Nitrate",1.33,"ppm",25.15048,-80.80922,0.905555555555556
"308",34483,"FIU_Estuaries","Chokoloskee","1996-02-28","Nitrate",10.535,"ppm",25.8075,-81.3495,0.8
"309",34498,"FIU_Estuaries","Rabbit Key Pass","1996-02-28","Nitrate",0.84,"ppm",25.77,-81.38333,1
"310",34513,"FIU_Estuaries","Lopez Bay","1996-02-28","Nitrate",9.765,"ppm",25.78417,-81.33217,1
"311",34528,"FIU_Estuaries","Sunday Bay","1996-02-28","Nitrate",0.909999999999999,"ppm",25.796,-81.28,1
"312",34543,"FIU_Estuaries","Huston Bay","1996-02-28","Nitrate",1.61,"ppm",25.753,-81.2555,1
"313",34558,"FIU_Estuaries","Upper Chatham River","1996-02-28","Nitrate",26.215,"ppm",25.7175,-81.2305,1
"314",34573,"FIU_Estuaries","Huston River","1996-02-28","Nitrate",0.91,"ppm",25.73133,-81.28467,1
"315",34588,"FIU_Estuaries","Chevalier Bay","1996-02-28","Nitrate",18.655,"ppm",25.7125,-81.207,0.8
"316",34603,"FIU_Estuaries","Alligator Bay","1996-02-28","Nitrate",1.505,"ppm",25.67017,-81.16867,1
"317",34618,"FIU_Estuaries","Faka Union River","1996-02-29","Nitrate",3.08,"ppm",25.9,-81.516,1
"318",34633,"FIU_Estuaries","Blackwater River","1996-02-29","Nitrate",2.24,"ppm",25.9298,-81.60032,0.8
"319",34648,"FIU_Estuaries","Highway Creek","1996-03-21","Nitrate",18.2,"ppm",25.2536,-80.44415,0.855555555555556
"320",34663,"FIU_Estuaries","Garfield Bight","1996-03-22","Nitrate",2.065,"ppm",25.15048,-80.80922,0.905555555555556
"321",34678,"FIU_Estuaries","Chokoloskee","1996-04-03","Nitrate",11.795,"ppm",25.8075,-81.3495,0.8
"322",34693,"FIU_Estuaries","Rabbit Key Pass","1996-04-03","Nitrate",0.245,"ppm",25.77,-81.38333,1
"323",34708,"FIU_Estuaries","Lopez Bay","1996-04-03","Nitrate",27.58,"ppm",25.78417,-81.33217,1
"324",34723,"FIU_Estuaries","Sunday Bay","1996-04-03","Nitrate",1.715,"ppm",25.796,-81.28,1
"325",34738,"FIU_Estuaries","Huston Bay","1996-04-03","Nitrate",1.4,"ppm",25.753,-81.2555,1
"326",34753,"FIU_Estuaries","Upper Chatham River","1996-04-03","Nitrate",1.12,"ppm",25.7175,-81.2305,1
"327",34768,"FIU_Estuaries","Huston River","1996-04-03","Nitrate",3.92,"ppm",25.73133,-81.28467,1
"328",34783,"FIU_Estuaries","Faka Union River","1996-04-04","Nitrate",5.075,"ppm",25.9,-81.516,1
"329",34798,"FIU_Estuaries","Blackwater River","1996-04-04","Nitrate",NA,"ppm",25.9298,-81.60032,0.8
"330",34813,"FIU_Estuaries","Highway Creek","1996-04-24","Nitrate",4.095,"ppm",25.2536,-80.44415,0.855555555555556
"331",34828,"FIU_Estuaries","Garfield Bight","1996-04-25","Nitrate",23.975,"ppm",25.15048,-80.80922,0.905555555555556
"332",34843,"FIU_Estuaries","Chokoloskee","1996-05-01","Nitrate",0.63,"ppm",25.8075,-81.3495,0.8
"333",34858,"FIU_Estuaries","Rabbit Key Pass","1996-05-01","Nitrate",0.875,"ppm",25.77,-81.38333,1
"334",34873,"FIU_Estuaries","Lopez Bay","1996-05-01","Nitrate",3.29,"ppm",25.78417,-81.33217,1
"335",34888,"FIU_Estuaries","Sunday Bay","1996-05-01","Nitrate",19.705,"ppm",25.796,-81.28,1
"336",34903,"FIU_Estuaries","Huston Bay","1996-05-01","Nitrate",23.555,"ppm",25.753,-81.2555,1
"337",34918,"FIU_Estuaries","Upper Chatham River","1996-05-01","Nitrate",22.995,"ppm",25.7175,-81.2305,1
"338",34933,"FIU_Estuaries","Huston River","1996-05-01","Nitrate",31.36,"ppm",25.73133,-81.28467,1
"339",34948,"FIU_Estuaries","Chevalier Bay","1996-05-01","Nitrate",26.845,"ppm",25.7125,-81.207,0.8
"340",34963,"FIU_Estuaries","Alligator Bay","1996-05-01","Nitrate",2.45,"ppm",25.67017,-81.16867,1
"341",34978,"FIU_Estuaries","Faka Union River","1996-05-02","Nitrate",13.615,"ppm",25.9,-81.516,1
"342",34993,"FIU_Estuaries","Blackwater River","1996-05-02","Nitrate",6.02,"ppm",25.9298,-81.60032,0.8
"343",35008,"FIU_Estuaries","Highway Creek","1996-05-09","Nitrate",6.685,"ppm",25.2536,-80.44415,0.855555555555556
"344",35023,"FIU_Estuaries","Garfield Bight","1996-05-10","Nitrate",18.48,"ppm",25.15048,-80.80922,0.905555555555556
"345",35038,"FIU_Estuaries","Chokoloskee","1996-05-23","Nitrate",7.595,"ppm",25.8075,-81.3495,0.8
"346",35053,"FIU_Estuaries","Rabbit Key Pass","1996-05-23","Nitrate",NA,"ppm",25.77,-81.38333,1
"347",35068,"FIU_Estuaries","Lopez Bay","1996-05-23","Nitrate",14.175,"ppm",25.78417,-81.33217,1
"348",35083,"FIU_Estuaries","Sunday Bay","1996-05-23","Nitrate",16.415,"ppm",25.796,-81.28,1
"349",35098,"FIU_Estuaries","Huston Bay","1996-05-23","Nitrate",30.52,"ppm",25.753,-81.2555,1
"350",35113,"FIU_Estuaries","Upper Chatham River","1996-05-23","Nitrate",13.825,"ppm",25.7175,-81.2305,1
"351",35128,"FIU_Estuaries","Huston River","1996-05-23","Nitrate",29.645,"ppm",25.73133,-81.28467,1
"352",35143,"FIU_Estuaries","Chevalier Bay","1996-05-23","Nitrate",23.975,"ppm",25.7125,-81.207,0.8
"353",35158,"FIU_Estuaries","Alligator Bay","1996-05-23","Nitrate",0.84,"ppm",25.67017,-81.16867,1
"354",35173,"FIU_Estuaries","Faka Union River","1996-05-22","Nitrate",7.28,"ppm",25.9,-81.516,1
"355",35188,"FIU_Estuaries","Blackwater River","1996-05-22","Nitrate",14.77,"ppm",25.9298,-81.60032,0.8
"356",35203,"FIU_Estuaries","Highway Creek","1996-06-07","Nitrate",2.275,"ppm",25.2536,-80.44415,0.855555555555556
"357",35218,"FIU_Estuaries","Garfield Bight","1996-06-06","Nitrate",1.68,"ppm",25.15048,-80.80922,0.905555555555556
"358",35233,"FIU_Estuaries","Chokoloskee","1996-07-01","Nitrate",18.515,"ppm",25.8075,-81.3495,0.8
"359",35248,"FIU_Estuaries","Rabbit Key Pass","1996-07-01","Nitrate",0.84,"ppm",25.77,-81.38333,1
"360",35263,"FIU_Estuaries","Lopez Bay","1996-07-01","Nitrate",43.295,"ppm",25.78417,-81.33217,1
"361",35278,"FIU_Estuaries","Sunday Bay","1996-07-01","Nitrate",5.215,"ppm",25.796,-81.28,1
"362",35293,"FIU_Estuaries","Huston Bay","1996-07-01","Nitrate",3.43,"ppm",25.753,-81.2555,1
"363",35308,"FIU_Estuaries","Upper Chatham River","1996-07-01","Nitrate",10.535,"ppm",25.7175,-81.2305,1
"364",35323,"FIU_Estuaries","Huston River","1996-07-01","Nitrate",3.01,"ppm",25.73133,-81.28467,1
"365",35338,"FIU_Estuaries","Chevalier Bay","1996-07-01","Nitrate",2.765,"ppm",25.7125,-81.207,0.8
"366",35353,"FIU_Estuaries","Alligator Bay","1996-07-01","Nitrate",0.21,"ppm",25.67017,-81.16867,1
"367",35368,"FIU_Estuaries","Faka Union River","1996-07-02","Nitrate",4.76,"ppm",25.9,-81.516,1
"368",35383,"FIU_Estuaries","Blackwater River","1996-07-02","Nitrate",0.175,"ppm",25.9298,-81.60032,0.8
"369",35398,"FIU_Estuaries","Highway Creek","1996-07-04","Nitrate",1.96,"ppm",25.2536,-80.44415,0.855555555555556
"370",35413,"FIU_Estuaries","Garfield Bight","1996-07-04","Nitrate",1.785,"ppm",25.15048,-80.80922,0.905555555555556
"371",35428,"FIU_Estuaries","Chokoloskee","1996-07-31","Nitrate",1.82,"ppm",25.8075,-81.3495,0.8
"372",35443,"FIU_Estuaries","Rabbit Key Pass","1996-07-31","Nitrate",0.91,"ppm",25.77,-81.38333,1
"373",35458,"FIU_Estuaries","Lopez Bay","1996-07-31","Nitrate",5.81,"ppm",25.78417,-81.33217,1
"374",35473,"FIU_Estuaries","Sunday Bay","1996-07-31","Nitrate",NA,"ppm",25.796,-81.28,1
"375",35488,"FIU_Estuaries","Huston Bay","1996-07-31","Nitrate",NA,"ppm",25.753,-81.2555,1
"376",35503,"FIU_Estuaries","Upper Chatham River","1996-07-31","Nitrate",0.629999999999999,"ppm",25.7175,-81.2305,1
"377",35518,"FIU_Estuaries","Huston River","1996-07-31","Nitrate",NA,"ppm",25.73133,-81.28467,1
"378",35533,"FIU_Estuaries","Chevalier Bay","1996-07-31","Nitrate",NA,"ppm",25.7125,-81.207,0.8
"379",35548,"FIU_Estuaries","Alligator Bay","1996-07-31","Nitrate",NA,"ppm",25.67017,-81.16867,1
"380",35563,"FIU_Estuaries","Faka Union River","1996-08-01","Nitrate",5.495,"ppm",25.9,-81.516,1
"381",35578,"FIU_Estuaries","Blackwater River","1996-08-01","Nitrate",2.45,"ppm",25.9298,-81.60032,0.8
"382",35593,"FIU_Estuaries","Highway Creek","1996-08-21","Nitrate",35.945,"ppm",25.2536,-80.44415,0.855555555555556
"383",35608,"FIU_Estuaries","Garfield Bight","1996-08-22","Nitrate",2.975,"ppm",25.15048,-80.80922,0.905555555555556
"384",35623,"FIU_Estuaries","Chokoloskee","1996-08-27","Nitrate",7.175,"ppm",25.8075,-81.3495,0.8
"385",35638,"FIU_Estuaries","Rabbit Key Pass","1996-08-27","Nitrate",4.725,"ppm",25.77,-81.38333,1
"386",35653,"FIU_Estuaries","Lopez Bay","1996-08-27","Nitrate",7.945,"ppm",25.78417,-81.33217,1
"387",35668,"FIU_Estuaries","Sunday Bay","1996-08-27","Nitrate",1.26,"ppm",25.796,-81.28,1
"388",35683,"FIU_Estuaries","Huston Bay","1996-08-27","Nitrate",0.804999999999999,"ppm",25.753,-81.2555,1
"389",35698,"FIU_Estuaries","Upper Chatham River","1996-08-27","Nitrate",4.585,"ppm",25.7175,-81.2305,1
"390",35713,"FIU_Estuaries","Huston River","1996-08-27","Nitrate",7,"ppm",25.73133,-81.28467,1
"391",35728,"FIU_Estuaries","Chevalier Bay","1996-08-27","Nitrate",0.56,"ppm",25.7125,-81.207,0.8
"392",35743,"FIU_Estuaries","Alligator Bay","1996-08-27","Nitrate",NA,"ppm",25.67017,-81.16867,1
"393",35758,"FIU_Estuaries","Faka Union River","1996-08-28","Nitrate",15.785,"ppm",25.9,-81.516,1
"394",35773,"FIU_Estuaries","Blackwater River","1996-08-28","Nitrate",4.48,"ppm",25.9298,-81.60032,0.8
"395",35788,"FIU_Estuaries","Highway Creek","1996-09-13","Nitrate",15.715,"ppm",25.2536,-80.44415,0.855555555555556
"396",35803,"FIU_Estuaries","Garfield Bight","1996-09-14","Nitrate",5.145,"ppm",25.15048,-80.80922,0.905555555555556
"397",35818,"FIU_Estuaries","Chokoloskee","1996-09-25","Nitrate",7.245,"ppm",25.8075,-81.3495,0.8
"398",35833,"FIU_Estuaries","Rabbit Key Pass","1996-09-25","Nitrate",3.43,"ppm",25.77,-81.38333,1
"399",35848,"FIU_Estuaries","Lopez Bay","1996-09-25","Nitrate",22.89,"ppm",25.78417,-81.33217,1
"400",35863,"FIU_Estuaries","Sunday Bay","1996-09-25","Nitrate",11.97,"ppm",25.796,-81.28,1
"401",35878,"FIU_Estuaries","Huston Bay","1996-09-25","Nitrate",9.695,"ppm",25.753,-81.2555,1
"402",35893,"FIU_Estuaries","Upper Chatham River","1996-09-25","Nitrate",8.855,"ppm",25.7175,-81.2305,1
"403",35908,"FIU_Estuaries","Huston River","1996-09-25","Nitrate",9.485,"ppm",25.73133,-81.28467,1
"404",35923,"FIU_Estuaries","Chevalier Bay","1996-09-25","Nitrate",10.85,"ppm",25.7125,-81.207,0.8
"405",35938,"FIU_Estuaries","Alligator Bay","1996-09-25","Nitrate",5.67,"ppm",25.67017,-81.16867,1
"406",35953,"FIU_Estuaries","Faka Union River","1996-09-26","Nitrate",3.92,"ppm",25.9,-81.516,1
"407",35968,"FIU_Estuaries","Blackwater River","1996-09-26","Nitrate",1.575,"ppm",25.9298,-81.60032,0.8
"408",35983,"FIU_Estuaries","Highway Creek","1996-10-14","Nitrate",17.185,"ppm",25.2536,-80.44415,0.855555555555556
"409",35998,"FIU_Estuaries","Garfield Bight","1996-10-15","Nitrate",6.125,"ppm",25.15048,-80.80922,0.905555555555556
"410",36013,"FIU_Estuaries","Chokoloskee","1996-10-22","Nitrate",18.62,"ppm",25.8075,-81.3495,0.8
"411",36028,"FIU_Estuaries","Rabbit Key Pass","1996-10-22","Nitrate",5.11,"ppm",25.77,-81.38333,1
"412",36043,"FIU_Estuaries","Lopez Bay","1996-10-22","Nitrate",18.445,"ppm",25.78417,-81.33217,1
"413",36058,"FIU_Estuaries","Sunday Bay","1996-10-22","Nitrate",5.425,"ppm",25.796,-81.28,1
"414",36073,"FIU_Estuaries","Huston Bay","1996-10-22","Nitrate",17.185,"ppm",25.753,-81.2555,1
"415",36088,"FIU_Estuaries","Upper Chatham River","1996-10-22","Nitrate",39.725,"ppm",25.7175,-81.2305,1
"416",36103,"FIU_Estuaries","Huston River","1996-10-22","Nitrate",4.935,"ppm",25.73133,-81.28467,1
"417",36118,"FIU_Estuaries","Chevalier Bay","1996-10-22","Nitrate",3.815,"ppm",25.7125,-81.207,0.8
"418",36133,"FIU_Estuaries","Alligator Bay","1996-10-22","Nitrate",NA,"ppm",25.67017,-81.16867,1
"419",36148,"FIU_Estuaries","Faka Union River","1996-10-23","Nitrate",18.865,"ppm",25.9,-81.516,1
"420",36163,"FIU_Estuaries","Blackwater River","1996-10-23","Nitrate",21.14,"ppm",25.9298,-81.60032,0.8
"421",36178,"FIU_Estuaries","Highway Creek","1996-11-08","Nitrate",19.355,"ppm",25.2536,-80.44415,0.855555555555556
"422",36193,"FIU_Estuaries","Garfield Bight","1996-11-07","Nitrate",13.545,"ppm",25.15048,-80.80922,0.905555555555556
"423",36208,"FIU_Estuaries","Chokoloskee","1996-11-26","Nitrate",4.41,"ppm",25.8075,-81.3495,0.8
"424",36223,"FIU_Estuaries","Rabbit Key Pass","1996-11-26","Nitrate",7.91,"ppm",25.77,-81.38333,1
"425",36238,"FIU_Estuaries","Lopez Bay","1996-11-26","Nitrate",7.035,"ppm",25.78417,-81.33217,1
"426",36253,"FIU_Estuaries","Sunday Bay","1996-11-26","Nitrate",18.585,"ppm",25.796,-81.28,1
"427",36268,"FIU_Estuaries","Huston Bay","1996-11-26","Nitrate",6.615,"ppm",25.753,-81.2555,1
"428",36283,"FIU_Estuaries","Upper Chatham River","1996-11-26","Nitrate",15.4,"ppm",25.7175,-81.2305,1
"429",36298,"FIU_Estuaries","Huston River","1996-11-26","Nitrate",20.23,"ppm",25.73133,-81.28467,1
"430",36313,"FIU_Estuaries","Chevalier Bay","1996-11-26","Nitrate",7.175,"ppm",25.7125,-81.207,0.8
"431",36328,"FIU_Estuaries","Alligator Bay","1996-11-26","Nitrate",12.215,"ppm",25.67017,-81.16867,1
"432",36343,"FIU_Estuaries","Faka Union River","1996-11-27","Nitrate",15.295,"ppm",25.9,-81.516,1
"433",36358,"FIU_Estuaries","Blackwater River","1996-11-27","Nitrate",21.315,"ppm",25.9298,-81.60032,0.8
"434",36373,"FIU_Estuaries","Highway Creek","1996-12-05","Nitrate",15.225,"ppm",25.2536,-80.44415,0.855555555555556
"435",36388,"FIU_Estuaries","Garfield Bight","1996-12-06","Nitrate",21.98,"ppm",25.15048,-80.80922,0.905555555555556
"436",36403,"FIU_Estuaries","Chokoloskee","1996-12-11","Nitrate",3.22,"ppm",25.8075,-81.3495,0.8
"437",36418,"FIU_Estuaries","Rabbit Key Pass","1996-12-11","Nitrate",4.865,"ppm",25.77,-81.38333,1
"438",36433,"FIU_Estuaries","Lopez Bay","1996-12-11","Nitrate",7.735,"ppm",25.78417,-81.33217,1
"439",36448,"FIU_Estuaries","Sunday Bay","1996-12-11","Nitrate",47.81,"ppm",25.796,-81.28,1
"440",36463,"FIU_Estuaries","Huston Bay","1996-12-11","Nitrate",25.095,"ppm",25.753,-81.2555,1
"441",36478,"FIU_Estuaries","Upper Chatham River","1996-12-11","Nitrate",34.72,"ppm",25.7175,-81.2305,1
"442",36493,"FIU_Estuaries","Huston River","1996-12-11","Nitrate",53.165,"ppm",25.73133,-81.28467,1
"443",36508,"FIU_Estuaries","Chevalier Bay","1996-12-11","Nitrate",15.61,"ppm",25.7125,-81.207,0.8
"444",36523,"FIU_Estuaries","Alligator Bay","1996-12-11","Nitrate",3.36,"ppm",25.67017,-81.16867,1
"445",36538,"FIU_Estuaries","Faka Union River","1996-12-12","Nitrate",3.08,"ppm",25.9,-81.516,1
"446",36553,"FIU_Estuaries","Blackwater River","1996-12-12","Nitrate",29.61,"ppm",25.9298,-81.60032,0.8
"447",36568,"FIU_Estuaries","Highway Creek","1997-01-07","Nitrate",3.29,"ppm",25.2536,-80.44415,0.855555555555556
"448",36583,"FIU_Estuaries","Garfield Bight","1997-01-08","Nitrate",0.98,"ppm",25.15048,-80.80922,0.905555555555556
"449",36598,"FIU_Estuaries","Chokoloskee","1997-01-30","Nitrate",1.54,"ppm",25.8075,-81.3495,0.8
"450",36613,"FIU_Estuaries","Rabbit Key Pass","1997-01-30","Nitrate",0.735,"ppm",25.77,-81.38333,1
"451",36628,"FIU_Estuaries","Lopez Bay","1997-01-30","Nitrate",2.87,"ppm",25.78417,-81.33217,1
"452",36643,"FIU_Estuaries","Sunday Bay","1997-01-30","Nitrate",8.995,"ppm",25.796,-81.28,1
"453",36658,"FIU_Estuaries","Huston Bay","1997-01-30","Nitrate",13.79,"ppm",25.753,-81.2555,1
"454",36673,"FIU_Estuaries","Upper Chatham River","1997-01-30","Nitrate",26.355,"ppm",25.7175,-81.2305,1
"455",36688,"FIU_Estuaries","Huston River","1997-01-30","Nitrate",18.69,"ppm",25.73133,-81.28467,1
"456",36703,"FIU_Estuaries","Chevalier Bay","1997-01-30","Nitrate",38.045,"ppm",25.7125,-81.207,0.8
"457",36718,"FIU_Estuaries","Alligator Bay","1997-01-30","Nitrate",24.395,"ppm",25.67017,-81.16867,1
"458",36733,"FIU_Estuaries","Faka Union River","1997-01-31","Nitrate",13.23,"ppm",25.9,-81.516,1
"459",36748,"FIU_Estuaries","Blackwater River","1997-01-31","Nitrate",23.03,"ppm",25.9298,-81.60032,0.8
"460",36763,"FIU_Estuaries","Highway Creek","1997-02-14","Nitrate",4.34,"ppm",25.2536,-80.44415,0.855555555555556
"461",36778,"FIU_Estuaries","Garfield Bight","1997-02-15","Nitrate",11.9,"ppm",25.15048,-80.80922,0.905555555555556
"462",36793,"FIU_Estuaries","Chokoloskee","1997-02-27","Nitrate",0.14,"ppm",25.8075,-81.3495,0.8
"463",36808,"FIU_Estuaries","Rabbit Key Pass","1997-02-27","Nitrate",NA,"ppm",25.77,-81.38333,1
"464",36823,"FIU_Estuaries","Lopez Bay","1997-02-27","Nitrate",4.55,"ppm",25.78417,-81.33217,1
"465",36838,"FIU_Estuaries","Sunday Bay","1997-02-27","Nitrate",3.5,"ppm",25.796,-81.28,1
"466",36853,"FIU_Estuaries","Huston Bay","1997-02-27","Nitrate",31.64,"ppm",25.753,-81.2555,1
"467",36868,"FIU_Estuaries","Upper Chatham River","1997-02-27","Nitrate",36.155,"ppm",25.7175,-81.2305,1
"468",36883,"FIU_Estuaries","Huston River","1997-02-27","Nitrate",16.31,"ppm",25.73133,-81.28467,1
"469",36898,"FIU_Estuaries","Chevalier Bay","1997-02-27","Nitrate",62.545,"ppm",25.7125,-81.207,0.8
"470",36913,"FIU_Estuaries","Alligator Bay","1997-02-27","Nitrate",13.405,"ppm",25.67017,-81.16867,1
"471",36928,"FIU_Estuaries","Faka Union River","1997-02-28","Nitrate",7.805,"ppm",25.9,-81.516,1
"472",36943,"FIU_Estuaries","Blackwater River","1997-02-28","Nitrate",13.405,"ppm",25.9298,-81.60032,0.8
"473",36958,"FIU_Estuaries","Highway Creek","1997-03-13","Nitrate",10.57,"ppm",25.2536,-80.44415,0.855555555555556
"474",36973,"FIU_Estuaries","Garfield Bight","1997-03-12","Nitrate",16.17,"ppm",25.15048,-80.80922,0.905555555555556
"475",36988,"FIU_Estuaries","Chokoloskee","1997-03-27","Nitrate",0.385,"ppm",25.8075,-81.3495,0.8
"476",37003,"FIU_Estuaries","Rabbit Key Pass","1997-03-27","Nitrate",3.15,"ppm",25.77,-81.38333,1
"477",37018,"FIU_Estuaries","Lopez Bay","1997-03-27","Nitrate",1.33,"ppm",25.78417,-81.33217,1
"478",37033,"FIU_Estuaries","Sunday Bay","1997-03-27","Nitrate",10.78,"ppm",25.796,-81.28,1
"479",37048,"FIU_Estuaries","Huston Bay","1997-03-27","Nitrate",1.05,"ppm",25.753,-81.2555,1
"480",37063,"FIU_Estuaries","Upper Chatham River","1997-03-27","Nitrate",1.75,"ppm",25.7175,-81.2305,1
"481",37078,"FIU_Estuaries","Huston River","1997-03-27","Nitrate",NA,"ppm",25.73133,-81.28467,1
"482",37093,"FIU_Estuaries","Chevalier Bay","1997-03-27","Nitrate",14.7,"ppm",25.7125,-81.207,0.8
"483",37108,"FIU_Estuaries","Alligator Bay","1997-03-27","Nitrate",33.04,"ppm",25.67017,-81.16867,1
"484",37123,"FIU_Estuaries","Faka Union River","1997-03-28","Nitrate",7.42,"ppm",25.9,-81.516,1
"485",37138,"FIU_Estuaries","Blackwater River","1997-03-28","Nitrate",5.915,"ppm",25.9298,-81.60032,0.8
"486",37153,"FIU_Estuaries","Highway Creek","1997-04-15","Nitrate",5.705,"ppm",25.2536,-80.44415,0.855555555555556
"487",37168,"FIU_Estuaries","Garfield Bight","1997-04-16","Nitrate",16.73,"ppm",25.15048,-80.80922,0.905555555555556
"488",37183,"FIU_Estuaries","Chokoloskee","1997-04-29","Nitrate",1.26,"ppm",25.8075,-81.3495,0.8
"489",37198,"FIU_Estuaries","Rabbit Key Pass","1997-04-29","Nitrate",1.61,"ppm",25.77,-81.38333,1
"490",37213,"FIU_Estuaries","Lopez Bay","1997-04-29","Nitrate",2.52,"ppm",25.78417,-81.33217,1
"491",37228,"FIU_Estuaries","Sunday Bay","1997-04-29","Nitrate",7.385,"ppm",25.796,-81.28,1
"492",37243,"FIU_Estuaries","Huston Bay","1997-04-29","Nitrate",0.525,"ppm",25.753,-81.2555,1
"493",37258,"FIU_Estuaries","Upper Chatham River","1997-04-29","Nitrate",2.065,"ppm",25.7175,-81.2305,1
"494",37273,"FIU_Estuaries","Huston River","1997-04-29","Nitrate",0.945,"ppm",25.73133,-81.28467,1
"495",37288,"FIU_Estuaries","Chevalier Bay","1997-04-29","Nitrate",4.62,"ppm",25.7125,-81.207,0.8
"496",37303,"FIU_Estuaries","Alligator Bay","1997-04-29","Nitrate",11.83,"ppm",25.67017,-81.16867,1
"497",37318,"FIU_Estuaries","Faka Union River","1997-04-30","Nitrate",5.67,"ppm",25.9,-81.516,1
"498",37333,"FIU_Estuaries","Blackwater River","1997-04-30","Nitrate",14.665,"ppm",25.9298,-81.60032,0.8
"499",37348,"FIU_Estuaries","Highway Creek","1997-05-23","Nitrate",13.37,"ppm",25.2536,-80.44415,0.855555555555556
"500",37363,"FIU_Estuaries","Garfield Bight","1997-05-22","Nitrate",6.72,"ppm",25.15048,-80.80922,0.905555555555556
"501",37378,"FIU_Estuaries","Chokoloskee","1997-05-21","Nitrate",0.175,"ppm",25.8075,-81.3495,0.8
"502",37393,"FIU_Estuaries","Rabbit Key Pass","1997-05-21","Nitrate",5.18,"ppm",25.77,-81.38333,1
"503",37408,"FIU_Estuaries","Lopez Bay","1997-05-21","Nitrate",2.275,"ppm",25.78417,-81.33217,1
"504",37423,"FIU_Estuaries","Sunday Bay","1997-05-21","Nitrate",4.025,"ppm",25.796,-81.28,1
"505",37438,"FIU_Estuaries","Huston Bay","1997-05-21","Nitrate",2.345,"ppm",25.753,-81.2555,1
"506",37453,"FIU_Estuaries","Upper Chatham River","1997-05-21","Nitrate",1.715,"ppm",25.7175,-81.2305,1
"507",37468,"FIU_Estuaries","Huston River","1997-05-21","Nitrate",2.695,"ppm",25.73133,-81.28467,1
"508",37483,"FIU_Estuaries","Chevalier Bay","1997-05-21","Nitrate",1.54,"ppm",25.7125,-81.207,0.8
"509",37498,"FIU_Estuaries","Alligator Bay","1997-05-21","Nitrate",8.4,"ppm",25.67017,-81.16867,1
"510",37513,"FIU_Estuaries","Faka Union River","1997-05-22","Nitrate",17.395,"ppm",25.9,-81.516,1
"511",37528,"FIU_Estuaries","Blackwater River","1997-05-22","Nitrate",3.29,"ppm",25.9298,-81.60032,0.8
"512",37543,"FIU_Estuaries","Highway Creek","1997-06-11","Nitrate",33.215,"ppm",25.2536,-80.44415,0.855555555555556
"513",37558,"FIU_Estuaries","Garfield Bight","1997-06-12","Nitrate",15.365,"ppm",25.15048,-80.80922,0.905555555555556
"514",37573,"FIU_Estuaries","Chokoloskee","1997-06-26","Nitrate",0.7,"ppm",25.8075,-81.3495,0.8
"515",37588,"FIU_Estuaries","Rabbit Key Pass","1997-06-26","Nitrate",2.94,"ppm",25.77,-81.38333,1
"516",37603,"FIU_Estuaries","Lopez Bay","1997-06-27","Nitrate",0.91,"ppm",25.78417,-81.33217,1
"517",37618,"FIU_Estuaries","Sunday Bay","1997-06-27","Nitrate",7.805,"ppm",25.796,-81.28,1
"518",37633,"FIU_Estuaries","Huston Bay","1997-06-27","Nitrate",1.505,"ppm",25.753,-81.2555,1
"519",37648,"FIU_Estuaries","Upper Chatham River","1997-06-27","Nitrate",9.065,"ppm",25.7175,-81.2305,1
"520",37663,"FIU_Estuaries","Huston River","1997-06-27","Nitrate",0.35,"ppm",25.73133,-81.28467,1
"521",37678,"FIU_Estuaries","Chevalier Bay","1997-06-27","Nitrate",4.305,"ppm",25.7125,-81.207,0.8
"522",37693,"FIU_Estuaries","Alligator Bay","1997-06-27","Nitrate",14.56,"ppm",25.67017,-81.16867,1
"523",37708,"FIU_Estuaries","Faka Union River","1997-06-26","Nitrate",26.67,"ppm",25.9,-81.516,1
"524",37723,"FIU_Estuaries","Blackwater River","1997-06-26","Nitrate",1.96,"ppm",25.9298,-81.60032,0.8
"525",37738,"FIU_Estuaries","Highway Creek","1997-07-09","Nitrate",21.525,"ppm",25.2536,-80.44415,0.855555555555556
"526",37753,"FIU_Estuaries","Garfield Bight","1997-07-10","Nitrate",11.2,"ppm",25.15048,-80.80922,0.905555555555556
"527",37768,"FIU_Estuaries","Chokoloskee","1997-07-31","Nitrate",27.23,"ppm",25.8075,-81.3495,0.8
"528",37783,"FIU_Estuaries","Rabbit Key Pass","1997-07-31","Nitrate",9.94,"ppm",25.77,-81.38333,1
"529",37798,"FIU_Estuaries","Lopez Bay","1997-07-31","Nitrate",41.16,"ppm",25.78417,-81.33217,1
"530",37813,"FIU_Estuaries","Sunday Bay","1997-07-31","Nitrate",29.75,"ppm",25.796,-81.28,1
"531",37828,"FIU_Estuaries","Huston Bay","1997-07-31","Nitrate",31.08,"ppm",25.753,-81.2555,1
"532",37843,"FIU_Estuaries","Upper Chatham River","1997-07-31","Nitrate",74.06,"ppm",25.7175,-81.2305,1
"533",37858,"FIU_Estuaries","Huston River","1997-07-31","Nitrate",32.585,"ppm",25.73133,-81.28467,1
"534",37873,"FIU_Estuaries","Chevalier Bay","1997-07-31","Nitrate",32.48,"ppm",25.7125,-81.207,0.8
"535",37888,"FIU_Estuaries","Alligator Bay","1997-07-31","Nitrate",26.25,"ppm",25.67017,-81.16867,1
"536",37903,"FIU_Estuaries","Faka Union River","1997-07-30","Nitrate",36.715,"ppm",25.9,-81.516,1
"537",37918,"FIU_Estuaries","Blackwater River","1997-07-30","Nitrate",26.39,"ppm",25.9298,-81.60032,0.8
"538",37933,"FIU_Estuaries","Highway Creek","1997-08-20","Nitrate",26.075,"ppm",25.2536,-80.44415,0.855555555555556
"539",37948,"FIU_Estuaries","Garfield Bight","1997-08-20","Nitrate",11.445,"ppm",25.15048,-80.80922,0.905555555555556
"540",37963,"FIU_Estuaries","Chokoloskee","1997-08-28","Nitrate",34.09,"ppm",25.8075,-81.3495,0.8
"541",37978,"FIU_Estuaries","Rabbit Key Pass","1997-08-28","Nitrate",16.905,"ppm",25.77,-81.38333,1
"542",37993,"FIU_Estuaries","Lopez Bay","1997-08-28","Nitrate",40.425,"ppm",25.78417,-81.33217,1
"543",38008,"FIU_Estuaries","Sunday Bay","1997-08-28","Nitrate",13.055,"ppm",25.796,-81.28,1
"544",38023,"FIU_Estuaries","Huston Bay","1997-08-28","Nitrate",15.435,"ppm",25.753,-81.2555,1
"545",38038,"FIU_Estuaries","Upper Chatham River","1997-08-28","Nitrate",66.85,"ppm",25.7175,-81.2305,1
"546",38053,"FIU_Estuaries","Huston River","1997-08-28","Nitrate",37.135,"ppm",25.73133,-81.28467,1
"547",38068,"FIU_Estuaries","Chevalier Bay","1997-08-28","Nitrate",34.02,"ppm",25.7125,-81.207,0.8
"548",38083,"FIU_Estuaries","Alligator Bay","1997-08-28","Nitrate",7.735,"ppm",25.67017,-81.16867,1
"549",38098,"FIU_Estuaries","Faka Union River","1997-08-29","Nitrate",27.86,"ppm",25.9,-81.516,1
"550",38113,"FIU_Estuaries","Blackwater River","1997-08-29","Nitrate",31.885,"ppm",25.9298,-81.60032,0.8
"551",38128,"FIU_Estuaries","Highway Creek","1997-09-09","Nitrate",29.715,"ppm",25.2536,-80.44415,0.855555555555556
"552",38143,"FIU_Estuaries","Garfield Bight","1997-09-10","Nitrate",7.63,"ppm",25.15048,-80.80922,0.905555555555556
"553",38158,"FIU_Estuaries","Chokoloskee","1997-09-25","Nitrate",53.76,"ppm",25.8075,-81.3495,0.8
"554",38173,"FIU_Estuaries","Rabbit Key Pass","1997-09-25","Nitrate",49.91,"ppm",25.77,-81.38333,1
"555",38188,"FIU_Estuaries","Lopez Bay","1997-09-25","Nitrate",50.715,"ppm",25.78417,-81.33217,1
"556",38203,"FIU_Estuaries","Sunday Bay","1997-09-25","Nitrate",17.78,"ppm",25.796,-81.28,1
"557",38218,"FIU_Estuaries","Huston Bay","1997-09-25","Nitrate",80.535,"ppm",25.753,-81.2555,1
"558",38233,"FIU_Estuaries","Upper Chatham River","1997-09-25","Nitrate",133.28,"ppm",25.7175,-81.2305,1
"559",38248,"FIU_Estuaries","Huston River","1997-09-25","Nitrate",29.225,"ppm",25.73133,-81.28467,1
"560",38263,"FIU_Estuaries","Chevalier Bay","1997-09-25","Nitrate",76.125,"ppm",25.7125,-81.207,0.8
"561",38278,"FIU_Estuaries","Alligator Bay","1997-09-25","Nitrate",24.255,"ppm",25.67017,-81.16867,1
"562",38293,"FIU_Estuaries","Faka Union River","1997-09-26","Nitrate",18.97,"ppm",25.9,-81.516,1
"563",38308,"FIU_Estuaries","Blackwater River","1997-09-26","Nitrate",2.485,"ppm",25.9298,-81.60032,0.8
"564",38323,"FIU_Estuaries","Highway Creek","1997-10-22","Nitrate",20.72,"ppm",25.2536,-80.44415,0.855555555555556
"565",38338,"FIU_Estuaries","Garfield Bight","1997-10-21","Nitrate",6.44,"ppm",25.15048,-80.80922,0.905555555555556
"566",38353,"FIU_Estuaries","Chokoloskee","1997-10-23","Nitrate",22.54,"ppm",25.8075,-81.3495,0.8
"567",38368,"FIU_Estuaries","Rabbit Key Pass","1997-10-23","Nitrate",31.115,"ppm",25.77,-81.38333,1
"568",38383,"FIU_Estuaries","Lopez Bay","1997-10-23","Nitrate",31.43,"ppm",25.78417,-81.33217,1
"569",38398,"FIU_Estuaries","Sunday Bay","1997-10-23","Nitrate",17.57,"ppm",25.796,-81.28,1
"570",38413,"FIU_Estuaries","Huston Bay","1997-10-23","Nitrate",18.305,"ppm",25.753,-81.2555,1
"571",38428,"FIU_Estuaries","Upper Chatham River","1997-10-23","Nitrate",45.115,"ppm",25.7175,-81.2305,1
"572",38443,"FIU_Estuaries","Huston River","1997-10-23","Nitrate",19.39,"ppm",25.73133,-81.28467,1
"573",38458,"FIU_Estuaries","Chevalier Bay","1997-10-23","Nitrate",29.26,"ppm",25.7125,-81.207,0.8
"574",38473,"FIU_Estuaries","Alligator Bay","1997-10-23","Nitrate",49.07,"ppm",25.67017,-81.16867,1
"575",38488,"FIU_Estuaries","Faka Union River","1997-10-24","Nitrate",13.475,"ppm",25.9,-81.516,1
"576",38503,"FIU_Estuaries","Blackwater River","1997-10-24","Nitrate",7.875,"ppm",25.9298,-81.60032,0.8
"577",38518,"FIU_Estuaries","Highway Creek","1997-11-24","Nitrate",7.35,"ppm",25.2536,-80.44415,0.855555555555556
"578",38533,"FIU_Estuaries","Garfield Bight","1997-11-25","Nitrate",1.645,"ppm",25.15048,-80.80922,0.905555555555556
"579",38548,"FIU_Estuaries","Chokoloskee","1997-11-20","Nitrate",17.85,"ppm",25.8075,-81.3495,0.8
"580",38563,"FIU_Estuaries","Rabbit Key Pass","1997-11-20","Nitrate",7.525,"ppm",25.77,-81.38333,1
"581",38578,"FIU_Estuaries","Lopez Bay","1997-11-20","Nitrate",26.845,"ppm",25.78417,-81.33217,1
"582",38593,"FIU_Estuaries","Sunday Bay","1997-11-20","Nitrate",22.68,"ppm",25.796,-81.28,1
"583",38608,"FIU_Estuaries","Huston Bay","1997-11-20","Nitrate",15.925,"ppm",25.753,-81.2555,1
"584",38623,"FIU_Estuaries","Upper Chatham River","1997-11-20","Nitrate",33.46,"ppm",25.7175,-81.2305,1
"585",38638,"FIU_Estuaries","Huston River","1997-11-20","Nitrate",25.725,"ppm",25.73133,-81.28467,1
"586",38653,"FIU_Estuaries","Chevalier Bay","1997-11-20","Nitrate",31.01,"ppm",25.7125,-81.207,0.8
"587",38668,"FIU_Estuaries","Alligator Bay","1997-11-20","Nitrate",19.145,"ppm",25.67017,-81.16867,1
"588",38683,"FIU_Estuaries","Faka Union River","1997-11-21","Nitrate",14.77,"ppm",25.9,-81.516,1
"589",38698,"FIU_Estuaries","Blackwater River","1997-11-21","Nitrate",23.31,"ppm",25.9298,-81.60032,0.8
"590",38713,"FIU_Estuaries","Highway Creek","1997-12-11","Nitrate",36.33,"ppm",25.2536,-80.44415,0.855555555555556
"591",38728,"FIU_Estuaries","Garfield Bight","1997-12-12","Nitrate",8.47,"ppm",25.15048,-80.80922,0.905555555555556
"592",38743,"FIU_Estuaries","Chokoloskee","1997-12-12","Nitrate",16.625,"ppm",25.8075,-81.3495,0.8
"593",38758,"FIU_Estuaries","Rabbit Key Pass","1997-12-12","Nitrate",6.265,"ppm",25.77,-81.38333,1
"594",38773,"FIU_Estuaries","Lopez Bay","1997-12-12","Nitrate",43.33,"ppm",25.78417,-81.33217,1
"595",38788,"FIU_Estuaries","Sunday Bay","1997-12-12","Nitrate",33.67,"ppm",25.796,-81.28,1
"596",38803,"FIU_Estuaries","Huston Bay","1997-12-12","Nitrate",30.38,"ppm",25.753,-81.2555,1
"597",38818,"FIU_Estuaries","Upper Chatham River","1997-12-12","Nitrate",55.44,"ppm",25.7175,-81.2305,1
"598",38833,"FIU_Estuaries","Huston River","1997-12-12","Nitrate",44.205,"ppm",25.73133,-81.28467,1
"599",38848,"FIU_Estuaries","Chevalier Bay","1997-12-12","Nitrate",46.13,"ppm",25.7125,-81.207,0.8
"600",38863,"FIU_Estuaries","Alligator Bay","1997-12-12","Nitrate",32.795,"ppm",25.67017,-81.16867,1
"601",38878,"FIU_Estuaries","Faka Union River","1997-12-11","Nitrate",28.875,"ppm",25.9,-81.516,1
"602",38893,"FIU_Estuaries","Blackwater River","1997-12-11","Nitrate",19.39,"ppm",25.9298,-81.60032,0.8
"603",38908,"FIU_Estuaries","Highway Creek","1998-01-20","Nitrate",10.395,"ppm",25.2536,-80.44415,0.855555555555556
"604",38923,"FIU_Estuaries","Garfield Bight","1998-01-21","Nitrate",9.8,"ppm",25.15048,-80.80922,0.905555555555556
"605",38938,"FIU_Estuaries","Chokoloskee","1998-01-22","Nitrate",26.355,"ppm",25.8075,-81.3495,0.8
"606",38953,"FIU_Estuaries","Rabbit Key Pass","1998-01-22","Nitrate",4.165,"ppm",25.77,-81.38333,1
"607",38968,"FIU_Estuaries","Lopez Bay","1998-01-22","Nitrate",22.61,"ppm",25.78417,-81.33217,1
"608",38983,"FIU_Estuaries","Sunday Bay","1998-01-22","Nitrate",31.22,"ppm",25.796,-81.28,1
"609",38998,"FIU_Estuaries","Huston Bay","1998-01-22","Nitrate",18.27,"ppm",25.753,-81.2555,1
"610",39013,"FIU_Estuaries","Upper Chatham River","1998-01-22","Nitrate",4.235,"ppm",25.7175,-81.2305,1
"611",39028,"FIU_Estuaries","Huston River","1998-01-22","Nitrate",12.04,"ppm",25.73133,-81.28467,1
"612",39043,"FIU_Estuaries","Chevalier Bay","1998-01-22","Nitrate",5.355,"ppm",25.7125,-81.207,0.8
"613",39058,"FIU_Estuaries","Alligator Bay","1998-01-22","Nitrate",16.31,"ppm",25.67017,-81.16867,1
"614",39073,"FIU_Estuaries","Faka Union River","1998-01-23","Nitrate",43.225,"ppm",25.9,-81.516,1
"615",39088,"FIU_Estuaries","Blackwater River","1998-01-23","Nitrate",27.72,"ppm",25.9298,-81.60032,0.8
"616",39103,"FIU_Estuaries","Highway Creek","1998-02-17","Nitrate",17.255,"ppm",25.2536,-80.44415,0.855555555555556
"617",39118,"FIU_Estuaries","Garfield Bight","1998-02-18","Nitrate",17.045,"ppm",25.15048,-80.80922,0.905555555555556
"618",39133,"FIU_Estuaries","Chokoloskee","1998-02-19","Nitrate",18.865,"ppm",25.8075,-81.3495,0.8
"619",39148,"FIU_Estuaries","Rabbit Key Pass","1998-02-19","Nitrate",6.86,"ppm",25.77,-81.38333,1
"620",39163,"FIU_Estuaries","Lopez Bay","1998-02-19","Nitrate",27.79,"ppm",25.78417,-81.33217,1
"621",39178,"FIU_Estuaries","Sunday Bay","1998-02-19","Nitrate",15.225,"ppm",25.796,-81.28,1
"622",39193,"FIU_Estuaries","Huston Bay","1998-02-19","Nitrate",12.565,"ppm",25.753,-81.2555,1
"623",39208,"FIU_Estuaries","Upper Chatham River","1998-02-19","Nitrate",41.65,"ppm",25.7175,-81.2305,1
"624",39223,"FIU_Estuaries","Huston River","1998-02-19","Nitrate",25.305,"ppm",25.73133,-81.28467,1
"625",39238,"FIU_Estuaries","Chevalier Bay","1998-02-19","Nitrate",31.045,"ppm",25.7125,-81.207,0.8
"626",39253,"FIU_Estuaries","Alligator Bay","1998-02-19","Nitrate",3.01,"ppm",25.67017,-81.16867,1
"627",39268,"FIU_Estuaries","Faka Union River","1998-02-20","Nitrate",42.63,"ppm",25.9,-81.516,1
"628",39283,"FIU_Estuaries","Blackwater River","1998-02-20","Nitrate",26.46,"ppm",25.9298,-81.60032,0.8
"629",39298,"FIU_Estuaries","Highway Creek","1998-03-19","Nitrate",11.62,"ppm",25.2536,-80.44415,0.855555555555556
"630",39313,"FIU_Estuaries","Garfield Bight","1998-03-20","Nitrate",42.21,"ppm",25.15048,-80.80922,0.905555555555556
"631",39328,"FIU_Estuaries","Chokoloskee","1998-03-12","Nitrate",NA,"ppm",25.8075,-81.3495,0.8
"632",39343,"FIU_Estuaries","Rabbit Key Pass","1998-03-12","Nitrate",5.25,"ppm",25.77,-81.38333,1
"633",39358,"FIU_Estuaries","Lopez Bay","1998-03-12","Nitrate",3.325,"ppm",25.78417,-81.33217,1
"634",39373,"FIU_Estuaries","Sunday Bay","1998-03-12","Nitrate",0.14,"ppm",25.796,-81.28,1
"635",39388,"FIU_Estuaries","Huston Bay","1998-03-12","Nitrate",1.89,"ppm",25.753,-81.2555,1
"636",39403,"FIU_Estuaries","Upper Chatham River","1998-03-12","Nitrate",NA,"ppm",25.7175,-81.2305,1
"637",39418,"FIU_Estuaries","Huston River","1998-03-12","Nitrate",0.945,"ppm",25.73133,-81.28467,1
"638",39433,"FIU_Estuaries","Chevalier Bay","1998-03-12","Nitrate",NA,"ppm",25.7125,-81.207,0.8
"639",39448,"FIU_Estuaries","Alligator Bay","1998-03-12","Nitrate",NA,"ppm",25.67017,-81.16867,1
"640",39463,"FIU_Estuaries","Faka Union River","1998-03-13","Nitrate",15.82,"ppm",25.9,-81.516,1
"641",39478,"FIU_Estuaries","Blackwater River","1998-03-13","Nitrate",4.165,"ppm",25.9298,-81.60032,0.8
"642",39493,"FIU_Estuaries","Highway Creek","1998-04-14","Nitrate",1.085,"ppm",25.2536,-80.44415,0.855555555555556
"643",39508,"FIU_Estuaries","Garfield Bight","1998-04-15","Nitrate",49.77,"ppm",25.15048,-80.80922,0.905555555555556
"644",39523,"FIU_Estuaries","Chokoloskee","1998-04-16","Nitrate",8.05,"ppm",25.8075,-81.3495,0.8
"645",39538,"FIU_Estuaries","Rabbit Key Pass","1998-04-16","Nitrate",4.76,"ppm",25.77,-81.38333,1
"646",39553,"FIU_Estuaries","Lopez Bay","1998-04-16","Nitrate",10.64,"ppm",25.78417,-81.33217,1
"647",39568,"FIU_Estuaries","Sunday Bay","1998-04-16","Nitrate",7.98,"ppm",25.796,-81.28,1
"648",39583,"FIU_Estuaries","Huston Bay","1998-04-16","Nitrate",5.425,"ppm",25.753,-81.2555,1
"649",39598,"FIU_Estuaries","Upper Chatham River","1998-04-16","Nitrate",7.21,"ppm",25.7175,-81.2305,1
"650",39613,"FIU_Estuaries","Huston River","1998-04-16","Nitrate",8.54,"ppm",25.73133,-81.28467,1
"651",39628,"FIU_Estuaries","Chevalier Bay","1998-04-16","Nitrate",7.805,"ppm",25.7125,-81.207,0.8
"652",39643,"FIU_Estuaries","Alligator Bay","1998-04-16","Nitrate",8.225,"ppm",25.67017,-81.16867,1
"653",39658,"FIU_Estuaries","Faka Union River","1998-04-20","Nitrate",8.995,"ppm",25.9,-81.516,1
"654",39673,"FIU_Estuaries","Blackwater River","1998-04-20","Nitrate",2.485,"ppm",25.9298,-81.60032,0.8
"655",39688,"FIU_Estuaries","Highway Creek","1998-05-13","Nitrate",6.79,"ppm",25.2536,-80.44415,0.855555555555556
"656",39703,"FIU_Estuaries","Garfield Bight","1998-05-14","Nitrate",2.135,"ppm",25.15048,-80.80922,0.905555555555556
"657",39718,"FIU_Estuaries","Chokoloskee","1998-05-28","Nitrate",10.605,"ppm",25.8075,-81.3495,0.8
"658",39733,"FIU_Estuaries","Rabbit Key Pass","1998-05-28","Nitrate",0.49,"ppm",25.77,-81.38333,1
"659",39748,"FIU_Estuaries","Lopez Bay","1998-05-28","Nitrate",12.6,"ppm",25.78417,-81.33217,1
"660",39763,"FIU_Estuaries","Sunday Bay","1998-05-28","Nitrate",15.4,"ppm",25.796,-81.28,1
"661",39778,"FIU_Estuaries","Huston Bay","1998-05-28","Nitrate",30.555,"ppm",25.753,-81.2555,1
"662",39793,"FIU_Estuaries","Upper Chatham River","1998-05-28","Nitrate",26.6,"ppm",25.7175,-81.2305,1
"663",39808,"FIU_Estuaries","Huston River","1998-05-28","Nitrate",16.38,"ppm",25.73133,-81.28467,1
"664",39823,"FIU_Estuaries","Chevalier Bay","1998-05-28","Nitrate",15.54,"ppm",25.7125,-81.207,0.8
"665",39838,"FIU_Estuaries","Alligator Bay","1998-05-28","Nitrate",3.64,"ppm",25.67017,-81.16867,1
"666",39853,"FIU_Estuaries","Faka Union River","1998-05-29","Nitrate",25.13,"ppm",25.9,-81.516,1
"667",39868,"FIU_Estuaries","Blackwater River","1998-05-29","Nitrate",16.31,"ppm",25.9298,-81.60032,0.8
"668",39883,"FIU_Estuaries","Highway Creek","1998-06-09","Nitrate",8.715,"ppm",25.2536,-80.44415,0.855555555555556
"669",39898,"FIU_Estuaries","Garfield Bight","1998-06-10","Nitrate",1.75,"ppm",25.15048,-80.80922,0.905555555555556
"670",39913,"FIU_Estuaries","Chokoloskee","1998-06-17","Nitrate",4.48,"ppm",25.8075,-81.3495,0.8
"671",39928,"FIU_Estuaries","Rabbit Key Pass","1998-06-17","Nitrate",1.505,"ppm",25.77,-81.38333,1
"672",39943,"FIU_Estuaries","Lopez Bay","1998-06-17","Nitrate",NA,"ppm",25.78417,-81.33217,1
"673",39958,"FIU_Estuaries","Sunday Bay","1998-06-17","Nitrate",0.77,"ppm",25.796,-81.28,1
"674",39973,"FIU_Estuaries","Huston Bay","1998-06-17","Nitrate",3.29,"ppm",25.753,-81.2555,1
"675",39988,"FIU_Estuaries","Upper Chatham River","1998-06-17","Nitrate",2.905,"ppm",25.7175,-81.2305,1
"676",40003,"FIU_Estuaries","Huston River","1998-06-17","Nitrate",2.345,"ppm",25.73133,-81.28467,1
"677",40018,"FIU_Estuaries","Chevalier Bay","1998-06-17","Nitrate",NA,"ppm",25.7125,-81.207,0.8
"678",40033,"FIU_Estuaries","Alligator Bay","1998-06-17","Nitrate",3.745,"ppm",25.67017,-81.16867,1
"679",40048,"FIU_Estuaries","Faka Union River","1998-06-18","Nitrate",2.52,"ppm",25.9,-81.516,1
"680",40063,"FIU_Estuaries","Blackwater River","1998-06-18","Nitrate",5.81,"ppm",25.9298,-81.60032,0.8
"681",40078,"FIU_Estuaries","Highway Creek","1998-07-15","Nitrate",1.435,"ppm",25.2536,-80.44415,0.855555555555556
"682",40093,"FIU_Estuaries","Garfield Bight","1998-07-14","Nitrate",1.015,"ppm",25.15048,-80.80922,0.905555555555556
"683",40108,"FIU_Estuaries","Chokoloskee","1998-07-30","Nitrate",3.92,"ppm",25.8075,-81.3495,0.8
"684",40123,"FIU_Estuaries","Rabbit Key Pass","1998-07-30","Nitrate",2.625,"ppm",25.77,-81.38333,1
"685",40138,"FIU_Estuaries","Lopez Bay","1998-07-30","Nitrate",4.06,"ppm",25.78417,-81.33217,1
"686",40153,"FIU_Estuaries","Sunday Bay","1998-07-30","Nitrate",0.77,"ppm",25.796,-81.28,1
"687",40168,"FIU_Estuaries","Huston Bay","1998-07-30","Nitrate",NA,"ppm",25.753,-81.2555,1
"688",40183,"FIU_Estuaries","Upper Chatham River","1998-07-30","Nitrate",3.29,"ppm",25.7175,-81.2305,1
"689",40198,"FIU_Estuaries","Huston River","1998-07-30","Nitrate",1.505,"ppm",25.73133,-81.28467,1
"690",40213,"FIU_Estuaries","Chevalier Bay","1998-07-30","Nitrate",0.07,"ppm",25.7125,-81.207,0.8
"691",40228,"FIU_Estuaries","Alligator Bay","1998-07-30","Nitrate",NA,"ppm",25.67017,-81.16867,1
"692",40243,"FIU_Estuaries","Faka Union River","1998-07-31","Nitrate",13.3,"ppm",25.9,-81.516,1
"693",40258,"FIU_Estuaries","Blackwater River","1998-07-31","Nitrate",2.835,"ppm",25.9298,-81.60032,0.8
"694",40273,"FIU_Estuaries","Highway Creek","1998-08-18","Nitrate",12.53,"ppm",25.2536,-80.44415,0.855555555555556
"695",40288,"FIU_Estuaries","Garfield Bight","1998-08-19","Nitrate",NA,"ppm",25.15048,-80.80922,0.905555555555556
"696",40303,"FIU_Estuaries","Chokoloskee","1998-08-27","Nitrate",0.245,"ppm",25.8075,-81.3495,0.8
"697",40318,"FIU_Estuaries","Rabbit Key Pass","1998-08-27","Nitrate",NA,"ppm",25.77,-81.38333,1
"698",40333,"FIU_Estuaries","Lopez Bay","1998-08-27","Nitrate",8.365,"ppm",25.78417,-81.33217,1
"699",40348,"FIU_Estuaries","Sunday Bay","1998-08-27","Nitrate",2.24,"ppm",25.796,-81.28,1
"700",40363,"FIU_Estuaries","Huston Bay","1998-08-27","Nitrate",7.98,"ppm",25.753,-81.2555,1
"701",40378,"FIU_Estuaries","Upper Chatham River","1998-08-27","Nitrate",5.495,"ppm",25.7175,-81.2305,1
"702",40393,"FIU_Estuaries","Huston River","1998-08-27","Nitrate",3.115,"ppm",25.73133,-81.28467,1
"703",40408,"FIU_Estuaries","Chevalier Bay","1998-08-27","Nitrate",2.1,"ppm",25.7125,-81.207,0.8
"704",40423,"FIU_Estuaries","Alligator Bay","1998-08-27","Nitrate",1.925,"ppm",25.67017,-81.16867,1
"705",40438,"FIU_Estuaries","Faka Union River","1998-08-28","Nitrate",27.545,"ppm",25.9,-81.516,1
"706",40453,"FIU_Estuaries","Blackwater River","1998-08-28","Nitrate",9.1,"ppm",25.9298,-81.60032,0.8
"707",40468,"FIU_Estuaries","Highway Creek","1998-09-18","Nitrate",5.635,"ppm",25.2536,-80.44415,0.855555555555556
"708",40483,"FIU_Estuaries","Garfield Bight","1998-09-17","Nitrate",NA,"ppm",25.15048,-80.80922,0.905555555555556
"709",40498,"FIU_Estuaries","Highway Creek","1998-09-29","Nitrate",18.27,"ppm",25.2536,-80.44415,0.855555555555556
"710",40513,"FIU_Estuaries","Garfield Bight","1998-09-30","Nitrate",6.125,"ppm",25.15048,-80.80922,0.905555555555556
"711",40528,"FIU_Estuaries","Chokoloskee","1998-10-15","Nitrate",46.62,"ppm",25.8075,-81.3495,0.8
"712",40543,"FIU_Estuaries","Rabbit Key Pass","1998-10-15","Nitrate",13.825,"ppm",25.77,-81.38333,1
"713",40558,"FIU_Estuaries","Lopez Bay","1998-10-15","Nitrate",58.205,"ppm",25.78417,-81.33217,1
"714",40573,"FIU_Estuaries","Sunday Bay","1998-10-15","Nitrate",22.19,"ppm",25.796,-81.28,1
"715",40588,"FIU_Estuaries","Huston Bay","1998-10-15","Nitrate",14.595,"ppm",25.753,-81.2555,1
"716",40603,"FIU_Estuaries","Upper Chatham River","1998-10-15","Nitrate",75.67,"ppm",25.7175,-81.2305,1
"717",40618,"FIU_Estuaries","Huston River","1998-10-15","Nitrate",15.33,"ppm",25.73133,-81.28467,1
"718",40633,"FIU_Estuaries","Chevalier Bay","1998-10-15","Nitrate",28,"ppm",25.7125,-81.207,0.8
"719",40648,"FIU_Estuaries","Alligator Bay","1998-10-15","Nitrate",6.37,"ppm",25.67017,-81.16867,1
"720",40663,"FIU_Estuaries","Faka Union River","1998-10-16","Nitrate",27.44,"ppm",25.9,-81.516,1
"721",40678,"FIU_Estuaries","Blackwater River","1998-10-16","Nitrate",52.255,"ppm",25.9298,-81.60032,0.8
"722",40693,"FIU_Estuaries","Highway Creek","1998-11-04","Nitrate",3.605,"ppm",25.2536,-80.44415,0.855555555555556
"723",40708,"FIU_Estuaries","Garfield Bight","1998-11-03","Nitrate",NA,"ppm",25.15048,-80.80922,0.905555555555556
"724",40723,"FIU_Estuaries","Chokoloskee","1998-11-23","Nitrate",31.465,"ppm",25.8075,-81.3495,0.8
"725",40738,"FIU_Estuaries","Rabbit Key Pass","1998-11-23","Nitrate",8.47,"ppm",25.77,-81.38333,1
"726",40753,"FIU_Estuaries","Lopez Bay","1998-11-23","Nitrate",49.385,"ppm",25.78417,-81.33217,1
"727",40768,"FIU_Estuaries","Sunday Bay","1998-11-23","Nitrate",NA,"ppm",25.796,-81.28,1
"728",40783,"FIU_Estuaries","Huston Bay","1998-11-23","Nitrate",6.545,"ppm",25.753,-81.2555,1
"729",40798,"FIU_Estuaries","Upper Chatham River","1998-11-23","Nitrate",36.54,"ppm",25.7175,-81.2305,1
"730",40813,"FIU_Estuaries","Huston River","1998-11-23","Nitrate",1.68,"ppm",25.73133,-81.28467,1
"731",40828,"FIU_Estuaries","Chevalier Bay","1998-11-23","Nitrate",22.085,"ppm",25.7125,-81.207,0.8
"732",40843,"FIU_Estuaries","Alligator Bay","1998-11-23","Nitrate",8.925,"ppm",25.67017,-81.16867,1
"733",40858,"FIU_Estuaries","Faka Union River","1998-11-24","Nitrate",21.84,"ppm",25.9,-81.516,1
"734",40873,"FIU_Estuaries","Blackwater River","1998-11-24","Nitrate",42.07,"ppm",25.9298,-81.60032,0.8
"735",40888,"FIU_Estuaries","Highway Creek","1998-12-02","Nitrate",29.54,"ppm",25.2536,-80.44415,0.855555555555556
"736",40903,"FIU_Estuaries","Garfield Bight","1998-12-01","Nitrate",9.24,"ppm",25.15048,-80.80922,0.905555555555556
"737",40918,"FIU_Estuaries","Chokoloskee","1998-12-10","Nitrate",16.59,"ppm",25.8075,-81.3495,0.8
"738",40933,"FIU_Estuaries","Rabbit Key Pass","1998-12-10","Nitrate",24.01,"ppm",25.77,-81.38333,1
"739",40948,"FIU_Estuaries","Lopez Bay","1998-12-10","Nitrate",35.455,"ppm",25.78417,-81.33217,1
"740",40963,"FIU_Estuaries","Sunday Bay","1998-12-10","Nitrate",30.59,"ppm",25.796,-81.28,1
"741",40978,"FIU_Estuaries","Huston Bay","1998-12-10","Nitrate",42.875,"ppm",25.753,-81.2555,1
"742",40993,"FIU_Estuaries","Upper Chatham River","1998-12-10","Nitrate",79.73,"ppm",25.7175,-81.2305,1
"743",41008,"FIU_Estuaries","Huston River","1998-12-10","Nitrate",19.985,"ppm",25.73133,-81.28467,1
"744",41023,"FIU_Estuaries","Chevalier Bay","1998-12-10","Nitrate",25.375,"ppm",25.7125,-81.207,0.8
"745",41038,"FIU_Estuaries","Alligator Bay","1998-12-10","Nitrate",21.525,"ppm",25.67017,-81.16867,1
"746",41053,"FIU_Estuaries","Faka Union River","1998-12-11","Nitrate",23.59,"ppm",25.9,-81.516,1
"747",41068,"FIU_Estuaries","Blackwater River","1998-12-11","Nitrate",11.48,"ppm",25.9298,-81.60032,0.8
"748",41083,"FIU_Estuaries","Highway Creek","1999-01-15","Nitrate",13.86,"ppm",25.2536,-80.44415,0.855555555555556
"749",41098,"FIU_Estuaries","Garfield Bight","1999-01-14","Nitrate",1.47,"ppm",25.15048,-80.80922,0.905555555555556
"750",41113,"FIU_Estuaries","Chokoloskee","1999-01-21","Nitrate",9.765,"ppm",25.8075,-81.3495,0.8
"751",41128,"FIU_Estuaries","Rabbit Key Pass","1999-01-21","Nitrate",3.08,"ppm",25.77,-81.38333,1
"752",41143,"FIU_Estuaries","Lopez Bay","1999-01-21","Nitrate",11.585,"ppm",25.78417,-81.33217,1
"753",41158,"FIU_Estuaries","Sunday Bay","1999-01-21","Nitrate",31.395,"ppm",25.796,-81.28,1
"754",41173,"FIU_Estuaries","Huston Bay","1999-01-21","Nitrate",21.7,"ppm",25.753,-81.2555,1
"755",41188,"FIU_Estuaries","Upper Chatham River","1999-01-21","Nitrate",39.83,"ppm",25.7175,-81.2305,1
"756",41203,"FIU_Estuaries","Huston River","1999-01-21","Nitrate",15.925,"ppm",25.73133,-81.28467,1
"757",41218,"FIU_Estuaries","Chevalier Bay","1999-01-21","Nitrate",41.615,"ppm",25.7125,-81.207,0.8
"758",41233,"FIU_Estuaries","Alligator Bay","1999-01-21","Nitrate",78.33,"ppm",25.67017,-81.16867,1
"759",41248,"FIU_Estuaries","Faka Union River","1999-01-22","Nitrate",9.31,"ppm",25.9,-81.516,1
"760",41263,"FIU_Estuaries","Blackwater River","1999-01-22","Nitrate",4.725,"ppm",25.9298,-81.60032,0.8
"761",41278,"FIU_Estuaries","First National","1999-01-26","Nitrate",15.82,"ppm",26.04217,-81.76158,0.915
"762",41293,"FIU_Estuaries","Highway Creek","1999-02-10","Nitrate",9.31,"ppm",25.2536,-80.44415,0.855555555555556
"763",41308,"FIU_Estuaries","Garfield Bight","1999-02-10","Nitrate",2.415,"ppm",25.15048,-80.80922,0.905555555555556
"764",41323,"FIU_Estuaries","Chokoloskee","1999-02-24","Nitrate",2.555,"ppm",25.8075,-81.3495,0.8
"765",41338,"FIU_Estuaries","Rabbit Key Pass","1999-02-24","Nitrate",0.245,"ppm",25.77,-81.38333,1
"766",41353,"FIU_Estuaries","Lopez Bay","1999-02-24","Nitrate",4.235,"ppm",25.78417,-81.33217,1
"767",41368,"FIU_Estuaries","Sunday Bay","1999-02-24","Nitrate",0.735,"ppm",25.796,-81.28,1
"768",41383,"FIU_Estuaries","Huston Bay","1999-02-24","Nitrate",0.56,"ppm",25.753,-81.2555,1
"769",41398,"FIU_Estuaries","Upper Chatham River","1999-02-24","Nitrate",4.48,"ppm",25.7175,-81.2305,1
"770",41413,"FIU_Estuaries","Huston River","1999-02-24","Nitrate",3.465,"ppm",25.73133,-81.28467,1
"771",41428,"FIU_Estuaries","Chevalier Bay","1999-02-24","Nitrate",5.845,"ppm",25.7125,-81.207,0.8
"772",41443,"FIU_Estuaries","Alligator Bay","1999-02-24","Nitrate",5.11,"ppm",25.67017,-81.16867,1
"773",41458,"FIU_Estuaries","Faka Union River","1999-02-25","Nitrate",NA,"ppm",25.9,-81.516,1
"774",41473,"FIU_Estuaries","Blackwater River","1999-02-25","Nitrate",8.715,"ppm",25.9298,-81.60032,0.8
"775",41488,"FIU_Estuaries","First National","1999-02-18","Nitrate",0.175,"ppm",26.04217,-81.76158,0.915
"776",41503,"FIU_Estuaries","Wiggins Pass","1999-02-17","Nitrate",9.205,"ppm",26.29167,-81.82,0.5
"777",41518,"FIU_Estuaries","Highway Creek","1999-03-24","Nitrate",14.945,"ppm",25.2536,-80.44415,0.855555555555556
"778",41533,"FIU_Estuaries","Garfield Bight","1999-03-23","Nitrate",2.94,"ppm",25.15048,-80.80922,0.905555555555556
"779",41548,"FIU_Estuaries","Chokoloskee","1999-03-25","Nitrate",4.48,"ppm",25.8075,-81.3495,0.8
"780",41563,"FIU_Estuaries","Rabbit Key Pass","1999-03-25","Nitrate",1.855,"ppm",25.77,-81.38333,1
"781",41578,"FIU_Estuaries","Lopez Bay","1999-03-25","Nitrate",2.065,"ppm",25.78417,-81.33217,1
"782",41593,"FIU_Estuaries","Sunday Bay","1999-03-25","Nitrate",5.705,"ppm",25.796,-81.28,1
"783",41608,"FIU_Estuaries","Huston Bay","1999-03-25","Nitrate",10.745,"ppm",25.753,-81.2555,1
"784",41623,"FIU_Estuaries","Upper Chatham River","1999-03-25","Nitrate",21.56,"ppm",25.7175,-81.2305,1
"785",41638,"FIU_Estuaries","Huston River","1999-03-25","Nitrate",11.445,"ppm",25.73133,-81.28467,1
"786",41653,"FIU_Estuaries","Chevalier Bay","1999-03-25","Nitrate",12.11,"ppm",25.7125,-81.207,0.8
"787",41668,"FIU_Estuaries","Alligator Bay","1999-03-25","Nitrate",39.305,"ppm",25.67017,-81.16867,1
"788",41683,"FIU_Estuaries","Faka Union River","1999-03-26","Nitrate",5.25,"ppm",25.9,-81.516,1
"789",41698,"FIU_Estuaries","Blackwater River","1999-03-26","Nitrate",4.13,"ppm",25.9298,-81.60032,0.8
"790",41713,"FIU_Estuaries","First National","1999-03-04","Nitrate",4.795,"ppm",26.04217,-81.76158,0.915
"791",41728,"FIU_Estuaries","Wiggins Pass","1999-03-03","Nitrate",10.22,"ppm",26.29167,-81.82,0.5
"792",41743,"FIU_Estuaries","Highway Creek","1999-04-30","Nitrate",2.345,"ppm",25.2536,-80.44415,0.855555555555556
"793",41758,"FIU_Estuaries","Garfield Bight","1999-04-29","Nitrate",1.96,"ppm",25.15048,-80.80922,0.905555555555556
"794",41773,"FIU_Estuaries","Chokoloskee","1999-04-20","Nitrate",0.875,"ppm",25.8075,-81.3495,0.8
"795",41788,"FIU_Estuaries","Rabbit Key Pass","1999-04-20","Nitrate",NA,"ppm",25.77,-81.38333,1
"796",41803,"FIU_Estuaries","Lopez Bay","1999-04-20","Nitrate",2.065,"ppm",25.78417,-81.33217,1
"797",41818,"FIU_Estuaries","Sunday Bay","1999-04-20","Nitrate",31.43,"ppm",25.796,-81.28,1
"798",41833,"FIU_Estuaries","Huston Bay","1999-04-20","Nitrate",1.54,"ppm",25.753,-81.2555,1
"799",41848,"FIU_Estuaries","Upper Chatham River","1999-04-20","Nitrate",20.09,"ppm",25.7175,-81.2305,1
"800",41863,"FIU_Estuaries","Huston River","1999-04-20","Nitrate",9.275,"ppm",25.73133,-81.28467,1
"801",41878,"FIU_Estuaries","Chevalier Bay","1999-04-20","Nitrate",1.33,"ppm",25.7125,-81.207,0.8
"802",41893,"FIU_Estuaries","Alligator Bay","1999-04-20","Nitrate",8.61,"ppm",25.67017,-81.16867,1
"803",41908,"FIU_Estuaries","Faka Union River","1999-04-21","Nitrate",2.625,"ppm",25.9,-81.516,1
"804",41923,"FIU_Estuaries","Blackwater River","1999-04-21","Nitrate",1.33,"ppm",25.9298,-81.60032,0.8
"805",41938,"FIU_Estuaries","First National","1999-04-08","Nitrate",NA,"ppm",26.04217,-81.76158,0.915
"806",41953,"FIU_Estuaries","Wiggins Pass","1999-04-09","Nitrate",2.835,"ppm",26.29167,-81.82,0.5
"807",41968,"FIU_Estuaries","Highway Creek","1999-05-28","Nitrate",11.34,"ppm",25.2536,-80.44415,0.855555555555556
"808",41983,"FIU_Estuaries","Garfield Bight","1999-05-28","Nitrate",4.27,"ppm",25.15048,-80.80922,0.905555555555556
"809",41998,"FIU_Estuaries","Chokoloskee","1999-05-13","Nitrate",NA,"ppm",25.8075,-81.3495,0.8
"810",42013,"FIU_Estuaries","Rabbit Key Pass","1999-05-13","Nitrate",NA,"ppm",25.77,-81.38333,1
"811",42028,"FIU_Estuaries","Lopez Bay","1999-05-13","Nitrate",4.165,"ppm",25.78417,-81.33217,1
"812",42043,"FIU_Estuaries","Sunday Bay","1999-05-13","Nitrate",13.685,"ppm",25.796,-81.28,1
"813",42058,"FIU_Estuaries","Huston Bay","1999-05-13","Nitrate",NA,"ppm",25.753,-81.2555,1
"814",42073,"FIU_Estuaries","Upper Chatham River","1999-05-13","Nitrate",15.785,"ppm",25.7175,-81.2305,1
"815",42088,"FIU_Estuaries","Huston River","1999-05-13","Nitrate",NA,"ppm",25.73133,-81.28467,1
"816",42103,"FIU_Estuaries","Chevalier Bay","1999-05-13","Nitrate",0.385,"ppm",25.7125,-81.207,0.8
"817",42118,"FIU_Estuaries","Alligator Bay","1999-05-13","Nitrate",10.92,"ppm",25.67017,-81.16867,1
"818",42133,"FIU_Estuaries","Faka Union River","1999-05-14","Nitrate",1.61,"ppm",25.9,-81.516,1
"819",42148,"FIU_Estuaries","Blackwater River","1999-05-14","Nitrate",0.28,"ppm",25.9298,-81.60032,0.8
"820",42163,"FIU_Estuaries","First National","1999-05-20","Nitrate",NA,"ppm",26.04217,-81.76158,0.915
"821",42178,"FIU_Estuaries","Wiggins Pass","1999-05-21","Nitrate",2.135,"ppm",26.29167,-81.82,0.5
"822",42193,"FIU_Estuaries","Highway Creek","1999-06-18","Nitrate",1.085,"ppm",25.2536,-80.44415,0.855555555555556
"823",42208,"FIU_Estuaries","Garfield Bight","1999-06-17","Nitrate",1.785,"ppm",25.15048,-80.80922,0.905555555555556
"824",42223,"FIU_Estuaries","Chokoloskee","1999-06-29","Nitrate",0.945000000000001,"ppm",25.8075,-81.3495,0.8
"825",42238,"FIU_Estuaries","Rabbit Key Pass","1999-06-29","Nitrate",0.315,"ppm",25.77,-81.38333,1
"826",42253,"FIU_Estuaries","Lopez Bay","1999-06-29","Nitrate",15.575,"ppm",25.78417,-81.33217,1
"827",42268,"FIU_Estuaries","Sunday Bay","1999-06-29","Nitrate",9.38,"ppm",25.796,-81.28,1
"828",42283,"FIU_Estuaries","Huston Bay","1999-06-29","Nitrate",14.07,"ppm",25.753,-81.2555,1
"829",42298,"FIU_Estuaries","Upper Chatham River","1999-06-29","Nitrate",19.74,"ppm",25.7175,-81.2305,1
"830",42313,"FIU_Estuaries","Huston River","1999-06-29","Nitrate",10.045,"ppm",25.73133,-81.28467,1
"831",42328,"FIU_Estuaries","Chevalier Bay","1999-06-29","Nitrate",14.735,"ppm",25.7125,-81.207,0.8
"832",42343,"FIU_Estuaries","Alligator Bay","1999-06-29","Nitrate",15.47,"ppm",25.67017,-81.16867,1
"833",42358,"FIU_Estuaries","Faka Union River","1999-06-30","Nitrate",22.715,"ppm",25.9,-81.516,1
"834",42373,"FIU_Estuaries","Blackwater River","1999-06-30","Nitrate",4.34,"ppm",25.9298,-81.60032,0.8
"835",42388,"FIU_Estuaries","First National","1999-06-17","Nitrate",3.675,"ppm",26.04217,-81.76158,0.915
"836",42403,"FIU_Estuaries","Wiggins Pass","1999-06-18","Nitrate",13.195,"ppm",26.29167,-81.82,0.5
"837",42418,"FIU_Estuaries","Highway Creek","1999-07-05","Nitrate",12.425,"ppm",25.2536,-80.44415,0.855555555555556
"838",42433,"FIU_Estuaries","Garfield Bight","1999-07-06","Nitrate",NA,"ppm",25.15048,-80.80922,0.905555555555556
"839",42448,"FIU_Estuaries","Chokoloskee","1999-07-29","Nitrate",6.65,"ppm",25.8075,-81.3495,0.8
"840",42463,"FIU_Estuaries","Rabbit Key Pass","1999-07-29","Nitrate",2.765,"ppm",25.77,-81.38333,1
"841",42478,"FIU_Estuaries","Lopez Bay","1999-07-29","Nitrate",16.065,"ppm",25.78417,-81.33217,1
"842",42493,"FIU_Estuaries","Sunday Bay","1999-07-29","Nitrate",16.135,"ppm",25.796,-81.28,1
"843",42508,"FIU_Estuaries","Huston Bay","1999-07-29","Nitrate",23.765,"ppm",25.753,-81.2555,1
"844",42523,"FIU_Estuaries","Upper Chatham River","1999-07-29","Nitrate",34.79,"ppm",25.7175,-81.2305,1
"845",42538,"FIU_Estuaries","Huston River","1999-07-29","Nitrate",19.67,"ppm",25.73133,-81.28467,1
"846",42553,"FIU_Estuaries","Chevalier Bay","1999-07-29","Nitrate",28.525,"ppm",25.7125,-81.207,0.8
"847",42568,"FIU_Estuaries","Alligator Bay","1999-07-29","Nitrate",23.555,"ppm",25.67017,-81.16867,1
"848",42583,"FIU_Estuaries","Faka Union River","1999-07-30","Nitrate",14.84,"ppm",25.9,-81.516,1
"849",42598,"FIU_Estuaries","Blackwater River","1999-07-30","Nitrate",6.335,"ppm",25.9298,-81.60032,0.8
"850",42613,"FIU_Estuaries","First National","1999-07-09","Nitrate",2.695,"ppm",26.04217,-81.76158,0.915
"851",42628,"FIU_Estuaries","Wiggins Pass","1999-07-08","Nitrate",18.025,"ppm",26.29167,-81.82,0.5
"852",42643,"FIU_Estuaries","Highway Creek","1999-08-25","Nitrate",15.47,"ppm",25.2536,-80.44415,0.855555555555556
"853",42658,"FIU_Estuaries","Garfield Bight","1999-08-24","Nitrate",NA,"ppm",25.15048,-80.80922,0.905555555555556
"854",42673,"FIU_Estuaries","Chokoloskee","1999-08-17","Nitrate",29.89,"ppm",25.8075,-81.3495,0.8
"855",42688,"FIU_Estuaries","Rabbit Key Pass","1999-08-17","Nitrate",15.68,"ppm",25.77,-81.38333,1
"856",42703,"FIU_Estuaries","Lopez Bay","1999-08-17","Nitrate",46.55,"ppm",25.78417,-81.33217,1
"857",42718,"FIU_Estuaries","Sunday Bay","1999-08-17","Nitrate",0.839999999999999,"ppm",25.796,-81.28,1
"858",42733,"FIU_Estuaries","Huston Bay","1999-08-17","Nitrate",23.31,"ppm",25.753,-81.2555,1
"859",42748,"FIU_Estuaries","Upper Chatham River","1999-08-17","Nitrate",48.265,"ppm",25.7175,-81.2305,1
"860",42763,"FIU_Estuaries","Huston River","1999-08-17","Nitrate",10.745,"ppm",25.73133,-81.28467,1
"861",42778,"FIU_Estuaries","Chevalier Bay","1999-08-17","Nitrate",24.255,"ppm",25.7125,-81.207,0.8
"862",42793,"FIU_Estuaries","Alligator Bay","1999-08-17","Nitrate",11.725,"ppm",25.67017,-81.16867,1
"863",42808,"FIU_Estuaries","Faka Union River","1999-08-18","Nitrate",39.76,"ppm",25.9,-81.516,1
"864",42823,"FIU_Estuaries","Blackwater River","1999-08-18","Nitrate",16.52,"ppm",25.9298,-81.60032,0.8
"865",42838,"FIU_Estuaries","First National","1999-08-04","Nitrate",2.66,"ppm",26.04217,-81.76158,0.915
"866",42853,"FIU_Estuaries","Wiggins Pass","1999-08-03","Nitrate",24.08,"ppm",26.29167,-81.82,0.5
"867",42868,"FIU_Estuaries","Highway Creek","1999-09-24","Nitrate",14,"ppm",25.2536,-80.44415,0.855555555555556
"868",42883,"FIU_Estuaries","Garfield Bight","1999-09-23","Nitrate",NA,"ppm",25.15048,-80.80922,0.905555555555556
"869",42898,"FIU_Estuaries","Chokoloskee","1999-09-27","Nitrate",41.125,"ppm",25.8075,-81.3495,0.8
"870",42913,"FIU_Estuaries","Rabbit Key Pass","1999-09-27","Nitrate",69.86,"ppm",25.77,-81.38333,1
"871",42928,"FIU_Estuaries","Lopez Bay","1999-09-27","Nitrate",18.9,"ppm",25.78417,-81.33217,1
"872",42943,"FIU_Estuaries","Sunday Bay","1999-09-27","Nitrate",3.185,"ppm",25.796,-81.28,1
"873",42958,"FIU_Estuaries","Huston Bay","1999-09-27","Nitrate",8.365,"ppm",25.753,-81.2555,1
"874",42973,"FIU_Estuaries","Upper Chatham River","1999-09-27","Nitrate",11.48,"ppm",25.7175,-81.2305,1
"875",42988,"FIU_Estuaries","Huston River","1999-09-27","Nitrate",7.525,"ppm",25.73133,-81.28467,1
"876",43003,"FIU_Estuaries","Chevalier Bay","1999-09-27","Nitrate",NA,"ppm",25.7125,-81.207,0.8
"877",43018,"FIU_Estuaries","Alligator Bay","1999-09-27","Nitrate",4.97,"ppm",25.67017,-81.16867,1
"878",43033,"FIU_Estuaries","Faka Union River","1999-09-28","Nitrate",16.87,"ppm",25.9,-81.516,1
"879",43048,"FIU_Estuaries","Blackwater River","1999-09-28","Nitrate",NA,"ppm",25.9298,-81.60032,0.8
"880",43063,"FIU_Estuaries","First National","1999-09-09","Nitrate",8.4,"ppm",26.04217,-81.76158,0.915
"881",43078,"FIU_Estuaries","Wiggins Pass","1999-09-10","Nitrate",17.99,"ppm",26.29167,-81.82,0.5
"882",43093,"FIU_Estuaries","Highway Creek","1999-10-25","Nitrate",23.3744,"ppm",25.2536,-80.44415,0.855555555555556
"883",43108,"FIU_Estuaries","Garfield Bight","1999-10-26","Nitrate",12.8744,"ppm",25.15048,-80.80922,0.905555555555556
"884",43123,"FIU_Estuaries","Chokoloskee","1999-10-19","Nitrate",21.595,"ppm",25.8075,-81.3495,0.8
"885",43138,"FIU_Estuaries","Rabbit Key Pass","1999-10-19","Nitrate",46.62,"ppm",25.77,-81.38333,1
"886",43153,"FIU_Estuaries","Lopez Bay","1999-10-19","Nitrate",49.7,"ppm",25.78417,-81.33217,1
"887",43168,"FIU_Estuaries","Sunday Bay","1999-10-19","Nitrate",11.795,"ppm",25.796,-81.28,1
"888",43183,"FIU_Estuaries","Huston Bay","1999-10-19","Nitrate",6.475,"ppm",25.753,-81.2555,1
"889",43198,"FIU_Estuaries","Upper Chatham River","1999-10-19","Nitrate",24.465,"ppm",25.7175,-81.2305,1
"890",43213,"FIU_Estuaries","Huston River","1999-10-19","Nitrate",20.195,"ppm",25.73133,-81.28467,1
"891",43228,"FIU_Estuaries","Chevalier Bay","1999-10-19","Nitrate",7.7,"ppm",25.7125,-81.207,0.8
"892",43243,"FIU_Estuaries","Alligator Bay","1999-10-19","Nitrate",49.98,"ppm",25.67017,-81.16867,1
"893",43258,"FIU_Estuaries","Faka Union River","1999-10-20","Nitrate",25.69,"ppm",25.9,-81.516,1
"894",43273,"FIU_Estuaries","Blackwater River","1999-10-20","Nitrate",3.78,"ppm",25.9298,-81.60032,0.8
"895",43288,"FIU_Estuaries","First National","1999-10-07","Nitrate",33.635,"ppm",26.04217,-81.76158,0.915
"896",43303,"FIU_Estuaries","Wiggins Pass","1999-10-06","Nitrate",92.05,"ppm",26.29167,-81.82,0.5
"897",43318,"FIU_Estuaries","Highway Creek","1999-11-13","Nitrate",23.1602,"ppm",25.2536,-80.44415,0.855555555555556
"898",43333,"FIU_Estuaries","Garfield Bight","1999-11-12","Nitrate",16.8602,"ppm",25.15048,-80.80922,0.905555555555556
"899",43348,"FIU_Estuaries","Chokoloskee","1999-11-10","Nitrate",18.5318,"ppm",25.8075,-81.3495,0.8
"900",43363,"FIU_Estuaries","Rabbit Key Pass","1999-11-10","Nitrate",10.4468,"ppm",25.77,-81.38333,1
"901",43378,"FIU_Estuaries","Lopez Bay","1999-11-10","Nitrate",NA,"ppm",25.78417,-81.33217,1
"902",43393,"FIU_Estuaries","Sunday Bay","1999-11-10","Nitrate",11.55,"ppm",25.796,-81.28,1
"903",43408,"FIU_Estuaries","Huston Bay","1999-11-10","Nitrate",11.095,"ppm",25.753,-81.2555,1
"904",43423,"FIU_Estuaries","Upper Chatham River","1999-11-10","Nitrate",10.675,"ppm",25.7175,-81.2305,1
"905",43438,"FIU_Estuaries","Huston River","1999-11-10","Nitrate",3.815,"ppm",25.73133,-81.28467,1
"906",43453,"FIU_Estuaries","Chevalier Bay","1999-11-10","Nitrate",15.26,"ppm",25.7125,-81.207,0.8
"907",43468,"FIU_Estuaries","Alligator Bay","1999-11-10","Nitrate",4.515,"ppm",25.67017,-81.16867,1
"908",43483,"FIU_Estuaries","Faka Union River","1999-11-11","Nitrate",14,"ppm",25.9,-81.516,1
"909",43498,"FIU_Estuaries","Blackwater River","1999-11-11","Nitrate",18.0068,"ppm",25.9298,-81.60032,0.8
"910",43513,"FIU_Estuaries","First National","1999-11-04","Nitrate",12.8646,"ppm",26.04217,-81.76158,0.915
"911",43528,"FIU_Estuaries","Wiggins Pass","1999-11-03","Nitrate",111.7746,"ppm",26.29167,-81.82,0.5
"912",43543,"FIU_Estuaries","Highway Creek","1999-12-02","Nitrate",20.51,"ppm",25.2536,-80.44415,0.855555555555556
"913",43558,"FIU_Estuaries","Garfield Bight","1999-12-03","Nitrate",NA,"ppm",25.15048,-80.80922,0.905555555555556
"914",43573,"FIU_Estuaries","Chokoloskee","1999-12-13","Nitrate",13.6654,"ppm",25.8075,-81.3495,0.8
"915",43588,"FIU_Estuaries","Rabbit Key Pass","1999-12-13","Nitrate",8.5204,"ppm",25.77,-81.38333,1
"916",43603,"FIU_Estuaries","Lopez Bay","1999-12-13","Nitrate",14.1204,"ppm",25.78417,-81.33217,1
"917",43618,"FIU_Estuaries","Sunday Bay","1999-12-13","Nitrate",7.2954,"ppm",25.796,-81.28,1
"918",43633,"FIU_Estuaries","Huston Bay","1999-12-13","Nitrate",6.3504,"ppm",25.753,-81.2555,1
"919",43648,"FIU_Estuaries","Upper Chatham River","1999-12-13","Nitrate",17.4454,"ppm",25.7175,-81.2305,1
"920",43663,"FIU_Estuaries","Huston River","1999-12-13","Nitrate",0.6454,"ppm",25.73133,-81.28467,1
"921",43678,"FIU_Estuaries","Chevalier Bay","1999-12-13","Nitrate",10.2004,"ppm",25.7125,-81.207,0.8
"922",43693,"FIU_Estuaries","Alligator Bay","1999-12-13","Nitrate",5.5454,"ppm",25.67017,-81.16867,1
"923",43708,"FIU_Estuaries","Faka Union River","1999-12-14","Nitrate",40.8954,"ppm",25.9,-81.516,1
"924",43723,"FIU_Estuaries","Blackwater River","1999-12-14","Nitrate",25.2868,"ppm",25.9298,-81.60032,0.8
"925",43738,"FIU_Estuaries","First National","1999-12-09","Nitrate",10.4986,"ppm",26.04217,-81.76158,0.915
"926",43753,"FIU_Estuaries","Wiggins Pass","1999-12-09","Nitrate",55.6836,"ppm",26.29167,-81.82,0.5
"927",43768,"FIU_Estuaries","Highway Creek","2000-01-24","Nitrate",19.7834,"ppm",25.2536,-80.44415,0.855555555555556
"928",43783,"FIU_Estuaries","Garfield Bight","2000-01-25","Nitrate",4.1384,"ppm",25.15048,-80.80922,0.905555555555556
"929",43798,"FIU_Estuaries","Chokoloskee","2000-01-26","Nitrate",9.5256,"ppm",25.8075,-81.3495,0.8
"930",43813,"FIU_Estuaries","Rabbit Key Pass","2000-01-26","Nitrate",8.4056,"ppm",25.77,-81.38333,1
"931",43828,"FIU_Estuaries","Lopez Bay","2000-01-26","Nitrate",15.2306,"ppm",25.78417,-81.33217,1
"932",43843,"FIU_Estuaries","Sunday Bay","2000-01-26","Nitrate",3.1556,"ppm",25.796,-81.28,1
"933",43858,"FIU_Estuaries","Huston Bay","2000-01-26","Nitrate",6.2006,"ppm",25.753,-81.2555,1
"934",43873,"FIU_Estuaries","Upper Chatham River","2000-01-26","Nitrate",6.9692,"ppm",25.7175,-81.2305,1
"935",43888,"FIU_Estuaries","Huston River","2000-01-26","Nitrate",NA,"ppm",25.73133,-81.28467,1
"936",43903,"FIU_Estuaries","Chevalier Bay","2000-01-26","Nitrate",2.4192,"ppm",25.7125,-81.207,0.8
"937",43918,"FIU_Estuaries","Alligator Bay","2000-01-26","Nitrate",NA,"ppm",25.67017,-81.16867,1
"938",43933,"FIU_Estuaries","Faka Union River","2000-01-27","Nitrate",9.3156,"ppm",25.9,-81.516,1
"939",43948,"FIU_Estuaries","Blackwater River","2000-01-27","Nitrate",10.7156,"ppm",25.9298,-81.60032,0.8
"940",43963,"FIU_Estuaries","First National","2000-01-13","Nitrate",NA,"ppm",26.04217,-81.76158,0.915
"941",43978,"FIU_Estuaries","Wiggins Pass","2000-01-14","Nitrate",NA,"ppm",26.29167,-81.82,0.5
"942",43993,"FIU_Estuaries","Highway Creek","2000-02-29","Nitrate",15.3552,"ppm",25.2536,-80.44415,0.855555555555556
"943",44008,"FIU_Estuaries","Garfield Bight","2000-02-28","Nitrate",9.3002,"ppm",25.15048,-80.80922,0.905555555555556
"944",44023,"FIU_Estuaries","Chokoloskee","2000-02-24","Nitrate",7.9366,"ppm",25.8075,-81.3495,0.8
"945",44038,"FIU_Estuaries","Rabbit Key Pass","2000-02-24","Nitrate",NA,"ppm",25.77,-81.38333,1
"946",44053,"FIU_Estuaries","Lopez Bay","2000-02-24","Nitrate",8.3216,"ppm",25.78417,-81.33217,1
"947",44068,"FIU_Estuaries","Sunday Bay","2000-02-24","Nitrate",10.1766,"ppm",25.796,-81.28,1
"948",44083,"FIU_Estuaries","Huston Bay","2000-02-24","Nitrate",NA,"ppm",25.753,-81.2555,1
"949",44098,"FIU_Estuaries","Upper Chatham River","2000-02-24","Nitrate",17.2816,"ppm",25.7175,-81.2305,1
"950",44113,"FIU_Estuaries","Huston River","2000-02-24","Nitrate",15.0416,"ppm",25.73133,-81.28467,1
"951",44128,"FIU_Estuaries","Chevalier Bay","2000-02-24","Nitrate",1.6492,"ppm",25.7125,-81.207,0.8
"952",44143,"FIU_Estuaries","Alligator Bay","2000-02-24","Nitrate",NA,"ppm",25.67017,-81.16867,1
"953",44158,"FIU_Estuaries","Faka Union River","2000-02-25","Nitrate",13.7466,"ppm",25.9,-81.516,1
"954",44173,"FIU_Estuaries","Blackwater River","2000-02-26","Nitrate",7.7616,"ppm",25.9298,-81.60032,0.8
"955",44188,"FIU_Estuaries","First National","2000-02-10","Nitrate",NA,"ppm",26.04217,-81.76158,0.915
"956",44203,"FIU_Estuaries","Wiggins Pass","2000-02-12","Nitrate",14.7406,"ppm",26.29167,-81.82,0.5
"957",44218,"FIU_Estuaries","Highway Creek","2000-03-22","Nitrate",23.317,"ppm",25.2536,-80.44415,0.855555555555556
"958",44233,"FIU_Estuaries","Garfield Bight","2000-03-21","Nitrate",8.197,"ppm",25.15048,-80.80922,0.905555555555556
"959",44248,"FIU_Estuaries","Chokoloskee","2000-03-30","Nitrate",5.5524,"ppm",25.8075,-81.3495,0.8
"960",44263,"FIU_Estuaries","Rabbit Key Pass","2000-03-30","Nitrate",4.9224,"ppm",25.77,-81.38333,1
"961",44278,"FIU_Estuaries","Lopez Bay","2000-03-30","Nitrate",5.5524,"ppm",25.78417,-81.33217,1
"962",44293,"FIU_Estuaries","Sunday Bay","2000-03-30","Nitrate",10.6274,"ppm",25.796,-81.28,1
"963",44308,"FIU_Estuaries","Huston Bay","2000-03-30","Nitrate",8.8424,"ppm",25.753,-81.2555,1
"964",44323,"FIU_Estuaries","Upper Chatham River","2000-03-30","Nitrate",10.8724,"ppm",25.7175,-81.2305,1
"965",44338,"FIU_Estuaries","Huston River","2000-03-30","Nitrate",11.5024,"ppm",25.73133,-81.28467,1
"966",44353,"FIU_Estuaries","Chevalier Bay","2000-03-30","Nitrate",7.7574,"ppm",25.7125,-81.207,0.8
"967",44368,"FIU_Estuaries","Alligator Bay","2000-03-30","Nitrate",14.6174,"ppm",25.67017,-81.16867,1
"968",44383,"FIU_Estuaries","Faka Union River","2000-03-31","Nitrate",12.8324,"ppm",25.9,-81.516,1
"969",44398,"FIU_Estuaries","Blackwater River","2000-03-31","Nitrate",5.9024,"ppm",25.9298,-81.60032,0.8
"970",44413,"FIU_Estuaries","First National","2000-03-09","Nitrate",NA,"ppm",26.04217,-81.76158,0.915
"971",44428,"FIU_Estuaries","Wiggins Pass","2000-03-08","Nitrate",13.37756,"ppm",26.29167,-81.82,0.5
"972",44443,"FIU_Estuaries","Highway Creek","2000-04-17","Nitrate",35.364,"ppm",25.2536,-80.44415,0.855555555555556
"973",44458,"FIU_Estuaries","Garfield Bight","2000-04-13","Nitrate",NA,"ppm",25.15048,-80.80922,0.905555555555556
"974",44473,"FIU_Estuaries","Chokoloskee","2000-04-25","Nitrate",NA,"ppm",25.8075,-81.3495,0.8
"975",44488,"FIU_Estuaries","Rabbit Key Pass","2000-04-25","Nitrate",NA,"ppm",25.77,-81.38333,1
"976",44503,"FIU_Estuaries","Lopez Bay","2000-04-25","Nitrate",5.1464,"ppm",25.78417,-81.33217,1
"977",44518,"FIU_Estuaries","Sunday Bay","2000-04-25","Nitrate",NA,"ppm",25.796,-81.28,1
"978",44533,"FIU_Estuaries","Huston Bay","2000-04-25","Nitrate",NA,"ppm",25.753,-81.2555,1
"979",44548,"FIU_Estuaries","Upper Chatham River","2000-04-25","Nitrate",NA,"ppm",25.7175,-81.2305,1
"980",44563,"FIU_Estuaries","Huston River","2000-04-25","Nitrate",NA,"ppm",25.73133,-81.28467,1
"981",44578,"FIU_Estuaries","Chevalier Bay","2000-04-25","Nitrate",NA,"ppm",25.7125,-81.207,0.8
"982",44593,"FIU_Estuaries","Alligator Bay","2000-04-25","Nitrate",0.7518,"ppm",25.67017,-81.16867,1
"983",44608,"FIU_Estuaries","Faka Union River","2000-04-26","Nitrate",5.4964,"ppm",25.9,-81.516,1
"984",44623,"FIU_Estuaries","Blackwater River","2000-04-26","Nitrate",5.0764,"ppm",25.9298,-81.60032,0.8
"985",44638,"FIU_Estuaries","First National","2000-04-04","Nitrate",1.7528,"ppm",26.04217,-81.76158,0.915
"986",44653,"FIU_Estuaries","Wiggins Pass","2000-04-03","Nitrate",2.3128,"ppm",26.29167,-81.82,0.5
"987",44668,"FIU_Estuaries","Highway Creek","2000-05-31","Nitrate",7.665,"ppm",25.2536,-80.44415,0.855555555555556
"988",44683,"FIU_Estuaries","Garfield Bight","2000-05-30","Nitrate",NA,"ppm",25.15048,-80.80922,0.905555555555556
"989",44698,"FIU_Estuaries","Chokoloskee","2000-05-24","Nitrate",NA,"ppm",25.8075,-81.3495,0.8
"990",44713,"FIU_Estuaries","Rabbit Key Pass","2000-05-24","Nitrate",NA,"ppm",25.77,-81.38333,1
"991",44728,"FIU_Estuaries","Lopez Bay","2000-05-24","Nitrate",11.606,"ppm",25.78417,-81.33217,1
"992",44743,"FIU_Estuaries","Sunday Bay","2000-05-24","Nitrate",8.316,"ppm",25.796,-81.28,1
"993",44758,"FIU_Estuaries","Huston Bay","2000-05-24","Nitrate",NA,"ppm",25.753,-81.2555,1
"994",44773,"FIU_Estuaries","Upper Chatham River","2000-05-24","Nitrate",11.536,"ppm",25.7175,-81.2305,1
"995",44788,"FIU_Estuaries","Huston River","2000-05-24","Nitrate",9.646,"ppm",25.73133,-81.28467,1
"996",44803,"FIU_Estuaries","Chevalier Bay","2000-05-24","Nitrate",NA,"ppm",25.7125,-81.207,0.8
"997",44818,"FIU_Estuaries","Alligator Bay","2000-05-24","Nitrate",NA,"ppm",25.67017,-81.16867,1
"998",44833,"FIU_Estuaries","Faka Union River","2000-05-25","Nitrate",7.196,"ppm",25.9,-81.516,1
"999",44848,"FIU_Estuaries","Blackwater River","2000-05-25","Nitrate",8.876,"ppm",25.9298,-81.60032,0.8
"1000",44863,"FIU_Estuaries","First National","2000-05-04","Nitrate",8.6016,"ppm",26.04217,-81.76158,0.915
"1001",44878,"FIU_Estuaries","Wiggins Pass","2000-05-03","Nitrate",22.4616,"ppm",26.29167,-81.82,0.5
"1002",44893,"FIU_Estuaries","Highway Creek","2000-06-21","Nitrate",21.1372,"ppm",25.2536,-80.44415,0.855555555555556
"1003",44908,"FIU_Estuaries","Garfield Bight","2000-06-20","Nitrate",3.3222,"ppm",25.15048,-80.80922,0.905555555555556
"1004",44923,"FIU_Estuaries","Chokoloskee","2000-06-26","Nitrate",NA,"ppm",25.8075,-81.3495,0.8
"1005",44938,"FIU_Estuaries","Rabbit Key Pass","2000-06-26","Nitrate",NA,"ppm",25.77,-81.38333,1
"1006",44953,"FIU_Estuaries","Lopez Bay","2000-06-26","Nitrate",15.435,"ppm",25.78417,-81.33217,1
"1007",44968,"FIU_Estuaries","Sunday Bay","2000-06-26","Nitrate",NA,"ppm",25.796,-81.28,1
"1008",44983,"FIU_Estuaries","Huston Bay","2000-06-26","Nitrate",4.795,"ppm",25.753,-81.2555,1
"1009",44998,"FIU_Estuaries","Upper Chatham River","2000-06-26","Nitrate",15.645,"ppm",25.7175,-81.2305,1
"1010",45013,"FIU_Estuaries","Huston River","2000-06-26","Nitrate",11.34,"ppm",25.73133,-81.28467,1
"1011",45028,"FIU_Estuaries","Chevalier Bay","2000-06-26","Nitrate",NA,"ppm",25.7125,-81.207,0.8
"1012",45043,"FIU_Estuaries","Alligator Bay","2000-06-26","Nitrate",13.125,"ppm",25.67017,-81.16867,1
"1013",45058,"FIU_Estuaries","Faka Union River","2000-06-27","Nitrate",14.49,"ppm",25.9,-81.516,1
"1014",45073,"FIU_Estuaries","Blackwater River","2000-06-27","Nitrate",10.64,"ppm",25.9298,-81.60032,0.8
"1015",45088,"FIU_Estuaries","First National","2000-06-08","Nitrate",NA,"ppm",26.04217,-81.76158,0.915
"1016",45103,"FIU_Estuaries","Wiggins Pass","2000-06-09","Nitrate",8.3496,"ppm",26.29167,-81.82,0.5
"1017",45118,"FIU_Estuaries","Highway Creek","2000-07-21","Nitrate",NA,"ppm",25.2536,-80.44415,0.855555555555556
"1018",45133,"FIU_Estuaries","Garfield Bight","2000-07-20","Nitrate",19.9675,"ppm",25.15048,-80.80922,0.905555555555556
"1019",45148,"FIU_Estuaries","Chokoloskee","2000-07-25","Nitrate",NA,"ppm",25.8075,-81.3495,0.8
"1020",45163,"FIU_Estuaries","Rabbit Key Pass","2000-07-25","Nitrate",18.42505,"ppm",25.77,-81.38333,1
"1021",45178,"FIU_Estuaries","Lopez Bay","2000-07-25","Nitrate",10.67955,"ppm",25.78417,-81.33217,1
"1022",45193,"FIU_Estuaries","Sunday Bay","2000-07-25","Nitrate",NA,"ppm",25.796,-81.28,1
"1023",45208,"FIU_Estuaries","Huston Bay","2000-07-25","Nitrate",19.915,"ppm",25.753,-81.2555,1
"1024",45223,"FIU_Estuaries","Upper Chatham River","2000-07-25","Nitrate",27.23,"ppm",25.7175,-81.2305,1
"1025",45238,"FIU_Estuaries","Huston River","2000-07-25","Nitrate",NA,"ppm",25.73133,-81.28467,1
"1026",45253,"FIU_Estuaries","Chevalier Bay","2000-07-25","Nitrate",NA,"ppm",25.7125,-81.207,0.8
"1027",45268,"FIU_Estuaries","Alligator Bay","2000-07-25","Nitrate",6.09,"ppm",25.67017,-81.16867,1
"1028",45283,"FIU_Estuaries","Faka Union River","2000-07-26","Nitrate",NA,"ppm",25.9,-81.516,1
"1029",45298,"FIU_Estuaries","Blackwater River","2000-07-26","Nitrate",5.075,"ppm",25.9298,-81.60032,0.8
"1030",45313,"FIU_Estuaries","First National","2000-07-28","Nitrate",1.323,"ppm",26.04217,-81.76158,0.915
"1031",45328,"FIU_Estuaries","Wiggins Pass","2000-07-27","Nitrate",8.89,"ppm",26.29167,-81.82,0.5
"1032",45343,"FIU_Estuaries","Highway Creek","2000-08-30","Nitrate",39.718,"ppm",25.2536,-80.44415,0.855555555555556
"1033",45358,"FIU_Estuaries","Garfield Bight","2000-08-29","Nitrate",0.588,"ppm",25.15048,-80.80922,0.905555555555556
"1034",45373,"FIU_Estuaries","Chokoloskee","2000-08-31","Nitrate",37.541,"ppm",25.8075,-81.3495,0.8
"1035",45388,"FIU_Estuaries","Rabbit Key Pass","2000-08-31","Nitrate",33.411,"ppm",25.77,-81.38333,1
"1036",45403,"FIU_Estuaries","Lopez Bay","2000-08-31","Nitrate",44.331,"ppm",25.78417,-81.33217,1
"1037",45418,"FIU_Estuaries","Sunday Bay","2000-08-31","Nitrate",62.216,"ppm",25.796,-81.28,1
"1038",45433,"FIU_Estuaries","Huston Bay","2000-08-31","Nitrate",60.956,"ppm",25.753,-81.2555,1
"1039",45448,"FIU_Estuaries","Upper Chatham River","2000-08-31","Nitrate",62.601,"ppm",25.7175,-81.2305,1
"1040",45463,"FIU_Estuaries","Huston River","2000-08-31","Nitrate",8.638,"ppm",25.73133,-81.28467,1
"1041",45478,"FIU_Estuaries","Chevalier Bay","2000-08-31","Nitrate",57.596,"ppm",25.7125,-81.207,0.8
"1042",45493,"FIU_Estuaries","Alligator Bay","2000-08-31","Nitrate",NA,"ppm",25.67017,-81.16867,1
"1043",45508,"FIU_Estuaries","Faka Union River","2000-08-31","Nitrate",8.6275,"ppm",25.9,-81.516,1
"1044",45523,"FIU_Estuaries","Blackwater River","2000-08-31","Nitrate",33.586,"ppm",25.9298,-81.60032,0.8
"1045",45538,"FIU_Estuaries","First National","2000-08-16","Nitrate",12.985,"ppm",26.04217,-81.76158,0.915
"1046",45553,"FIU_Estuaries","Wiggins Pass","2000-08-16","Nitrate",4.97,"ppm",26.29167,-81.82,0.5
"1047",45568,"FIU_Estuaries","Highway Creek","2000-09-29","Nitrate",54.831,"ppm",25.2536,-80.44415,0.855555555555556
"1048",45583,"FIU_Estuaries","Garfield Bight","2000-09-29","Nitrate",4.676,"ppm",25.15048,-80.80922,0.905555555555556
"1049",45598,"FIU_Estuaries","Chokoloskee","2000-09-21","Nitrate",25.5885,"ppm",25.8075,-81.3495,0.8
"1050",45613,"FIU_Estuaries","Rabbit Key Pass","2000-09-21","Nitrate",25.781,"ppm",25.77,-81.38333,1
"1051",45628,"FIU_Estuaries","Lopez Bay","2000-09-21","Nitrate",22.911,"ppm",25.78417,-81.33217,1
"1052",45643,"FIU_Estuaries","Sunday Bay","2000-09-21","Nitrate",4.921,"ppm",25.796,-81.28,1
"1053",45658,"FIU_Estuaries","Huston Bay","2000-09-21","Nitrate",7.826,"ppm",25.753,-81.2555,1
"1054",45673,"FIU_Estuaries","Upper Chatham River","2000-09-21","Nitrate",18.711,"ppm",25.7175,-81.2305,1
"1055",45688,"FIU_Estuaries","Huston River","2000-09-21","Nitrate",14.616,"ppm",25.73133,-81.28467,1
"1056",45703,"FIU_Estuaries","Chevalier Bay","2000-09-21","Nitrate",7.616,"ppm",25.7125,-81.207,0.8
"1057",45718,"FIU_Estuaries","Alligator Bay","2000-09-21","Nitrate",4.536,"ppm",25.67017,-81.16867,1
"1058",45733,"FIU_Estuaries","Faka Union River","2000-09-22","Nitrate",16.429,"ppm",25.9,-81.516,1
"1059",45748,"FIU_Estuaries","Blackwater River","2000-09-22","Nitrate",34.818,"ppm",25.9298,-81.60032,0.8
"1060",45763,"FIU_Estuaries","First National","2000-09-15","Nitrate",32.025,"ppm",26.04217,-81.76158,0.915
"1061",45778,"FIU_Estuaries","Wiggins Pass","2000-09-14","Nitrate",39.025,"ppm",26.29167,-81.82,0.5
"1062",45793,"FIU_Estuaries","Highway Creek","2000-10-27","Nitrate",20.7795,"ppm",25.2536,-80.44415,0.855555555555556
"1063",45808,"FIU_Estuaries","Garfield Bight","2000-10-26","Nitrate",2.0825,"ppm",25.15048,-80.80922,0.905555555555556
"1064",45823,"FIU_Estuaries","Chokoloskee","2000-10-20","Nitrate",19.24055,"ppm",25.8075,-81.3495,0.8
"1065",45838,"FIU_Estuaries","Rabbit Key Pass","2000-10-20","Nitrate",18.61489,"ppm",25.77,-81.38333,1
"1066",45853,"FIU_Estuaries","Lopez Bay","2000-10-20","Nitrate",23.878015,"ppm",25.78417,-81.33217,1
"1067",45868,"FIU_Estuaries","Sunday Bay","2000-10-20","Nitrate",1.085,"ppm",25.796,-81.28,1
"1068",45883,"FIU_Estuaries","Huston Bay","2000-10-20","Nitrate",4.27,"ppm",25.753,-81.2555,1
"1069",45898,"FIU_Estuaries","Upper Chatham River","2000-10-20","Nitrate",13.16,"ppm",25.7175,-81.2305,1
"1070",45913,"FIU_Estuaries","Huston River","2000-10-20","Nitrate",0.875,"ppm",25.73133,-81.28467,1
"1071",45928,"FIU_Estuaries","Chevalier Bay","2000-10-20","Nitrate",4.34,"ppm",25.7125,-81.207,0.8
"1072",45943,"FIU_Estuaries","Alligator Bay","2000-10-20","Nitrate",NA,"ppm",25.67017,-81.16867,1
"1073",45958,"FIU_Estuaries","Faka Union River","2000-10-19","Nitrate",7,"ppm",25.9,-81.516,1
"1074",45973,"FIU_Estuaries","Blackwater River","2000-10-19","Nitrate",6.7522,"ppm",25.9298,-81.60032,0.8
"1075",45988,"FIU_Estuaries","First National","2000-10-13","Nitrate",4.459,"ppm",26.04217,-81.76158,0.915
"1076",46003,"FIU_Estuaries","Wiggins Pass","2000-10-12","Nitrate",13.9237,"ppm",26.29167,-81.82,0.5
"1077",46018,"FIU_Estuaries","Highway Creek","2000-12-01","Nitrate",21.1015,"ppm",25.2536,-80.44415,0.855555555555556
"1078",46033,"FIU_Estuaries","Garfield Bight","2000-11-30","Nitrate",0.735,"ppm",25.15048,-80.80922,0.905555555555556
"1079",46048,"FIU_Estuaries","Chokoloskee","2000-11-09","Nitrate",15.645,"ppm",25.8075,-81.3495,0.8
"1080",46063,"FIU_Estuaries","Rabbit Key Pass","2000-11-09","Nitrate",6.02,"ppm",25.77,-81.38333,1
"1081",46078,"FIU_Estuaries","Lopez Bay","2000-11-09","Nitrate",21.315,"ppm",25.78417,-81.33217,1
"1082",46093,"FIU_Estuaries","Sunday Bay","2000-11-09","Nitrate",4.97,"ppm",25.796,-81.28,1
"1083",46108,"FIU_Estuaries","Huston Bay","2000-11-09","Nitrate",20.055,"ppm",25.753,-81.2555,1
"1084",46123,"FIU_Estuaries","Upper Chatham River","2000-11-09","Nitrate",38.675,"ppm",25.7175,-81.2305,1
"1085",46138,"FIU_Estuaries","Huston River","2000-11-09","Nitrate",8.05,"ppm",25.73133,-81.28467,1
"1086",46153,"FIU_Estuaries","Chevalier Bay","2000-11-09","Nitrate",18.375,"ppm",25.7125,-81.207,0.8
"1087",46168,"FIU_Estuaries","Alligator Bay","2000-11-09","Nitrate",2.135,"ppm",25.67017,-81.16867,1
"1088",46183,"FIU_Estuaries","Faka Union River","2000-11-10","Nitrate",18.515,"ppm",25.9,-81.516,1
"1089",46198,"FIU_Estuaries","Blackwater River","2000-11-10","Nitrate",9.135,"ppm",25.9298,-81.60032,0.8
"1090",46213,"FIU_Estuaries","First National","2000-11-17","Nitrate",1.365,"ppm",26.04217,-81.76158,0.915
"1091",46228,"FIU_Estuaries","Wiggins Pass","2000-11-16","Nitrate",10.43,"ppm",26.29167,-81.82,0.5
"1092",46243,"FIU_Estuaries","Highway Creek","2000-12-12","Nitrate",28.515585,"ppm",25.2536,-80.44415,0.855555555555556
"1093",46258,"FIU_Estuaries","Garfield Bight","2000-12-11","Nitrate",1.81587,"ppm",25.15048,-80.80922,0.905555555555556
"1094",46273,"FIU_Estuaries","Chokoloskee","2000-12-19","Nitrate",7.98,"ppm",25.8075,-81.3495,0.8
"1095",46288,"FIU_Estuaries","Rabbit Key Pass","2000-12-19","Nitrate",0.805,"ppm",25.77,-81.38333,1
"1096",46303,"FIU_Estuaries","Lopez Bay","2000-12-19","Nitrate",5.39,"ppm",25.78417,-81.33217,1
"1097",46318,"FIU_Estuaries","Sunday Bay","2000-12-19","Nitrate",9.24,"ppm",25.796,-81.28,1
"1098",46333,"FIU_Estuaries","Huston Bay","2000-12-19","Nitrate",14.28,"ppm",25.753,-81.2555,1
"1099",46348,"FIU_Estuaries","Upper Chatham River","2000-12-19","Nitrate",71.435,"ppm",25.7175,-81.2305,1
"1100",46363,"FIU_Estuaries","Huston River","2000-12-19","Nitrate",7.105,"ppm",25.73133,-81.28467,1
"1101",46378,"FIU_Estuaries","Chevalier Bay","2000-12-19","Nitrate",8.47,"ppm",25.7125,-81.207,0.8
"1102",46393,"FIU_Estuaries","Alligator Bay","2000-12-19","Nitrate",4.62,"ppm",25.67017,-81.16867,1
"1103",46408,"FIU_Estuaries","Faka Union River","2000-12-20","Nitrate",14.6125,"ppm",25.9,-81.516,1
"1104",46423,"FIU_Estuaries","Blackwater River","2000-12-20","Nitrate",17.08,"ppm",25.9298,-81.60032,0.8
"1105",46438,"FIU_Estuaries","First National","2000-12-08","Nitrate",1.4,"ppm",26.04217,-81.76158,0.915
"1106",46453,"FIU_Estuaries","Wiggins Pass","2000-12-07","Nitrate",17.675,"ppm",26.29167,-81.82,0.5
"1107",46468,"FIU_Estuaries","Highway Creek","2001-01-26","Nitrate",8.015,"ppm",25.2536,-80.44415,0.855555555555556
"1108",46483,"FIU_Estuaries","Garfield Bight","2001-01-25","Nitrate",1.995,"ppm",25.15048,-80.80922,0.905555555555556
"1109",46498,"FIU_Estuaries","Chokoloskee","2001-01-16","Nitrate",0.91,"ppm",25.8075,-81.3495,0.8
"1110",46513,"FIU_Estuaries","Rabbit Key Pass","2001-01-16","Nitrate",0.49,"ppm",25.77,-81.38333,1
"1111",46528,"FIU_Estuaries","Lopez Bay","2001-01-16","Nitrate",0.945,"ppm",25.78417,-81.33217,1
"1112",46543,"FIU_Estuaries","Sunday Bay","2001-01-16","Nitrate",1.295,"ppm",25.796,-81.28,1
"1113",46558,"FIU_Estuaries","Huston Bay","2001-01-16","Nitrate",0.49,"ppm",25.753,-81.2555,1
"1114",46573,"FIU_Estuaries","Upper Chatham River","2001-01-16","Nitrate",4.025,"ppm",25.7175,-81.2305,1
"1115",46588,"FIU_Estuaries","Huston River","2001-01-16","Nitrate",1.47,"ppm",25.73133,-81.28467,1
"1116",46603,"FIU_Estuaries","Chevalier Bay","2001-01-16","Nitrate",0.63,"ppm",25.7125,-81.207,0.8
"1117",46618,"FIU_Estuaries","Alligator Bay","2001-01-16","Nitrate",NA,"ppm",25.67017,-81.16867,1
"1118",46633,"FIU_Estuaries","Faka Union River","2001-01-17","Nitrate",1.855,"ppm",25.9,-81.516,1
"1119",46648,"FIU_Estuaries","Blackwater River","2001-01-17","Nitrate",0.875,"ppm",25.9298,-81.60032,0.8
"1120",46663,"FIU_Estuaries","First National","2001-01-18","Nitrate",1.015,"ppm",26.04217,-81.76158,0.915
"1121",46678,"FIU_Estuaries","Wiggins Pass","2001-01-17","Nitrate",9.905,"ppm",26.29167,-81.82,0.5
"1122",46693,"FIU_Estuaries","Highway Creek","2001-02-21","Nitrate",15.708,"ppm",25.2536,-80.44415,0.855555555555556
"1123",46708,"FIU_Estuaries","Garfield Bight","2001-02-21","Nitrate",4.0145,"ppm",25.15048,-80.80922,0.905555555555556
"1124",46723,"FIU_Estuaries","Chokoloskee","2001-02-27","Nitrate",3.92,"ppm",25.8075,-81.3495,0.8
"1125",46738,"FIU_Estuaries","Rabbit Key Pass","2001-02-27","Nitrate",NA,"ppm",25.77,-81.38333,1
"1126",46753,"FIU_Estuaries","Lopez Bay","2001-02-27","Nitrate",3.843,"ppm",25.78417,-81.33217,1
"1127",46768,"FIU_Estuaries","Sunday Bay","2001-02-27","Nitrate",1.1025,"ppm",25.796,-81.28,1
"1128",46783,"FIU_Estuaries","Huston Bay","2001-02-27","Nitrate",3.864,"ppm",25.753,-81.2555,1
"1129",46798,"FIU_Estuaries","Upper Chatham River","2001-02-27","Nitrate",4.34,"ppm",25.7175,-81.2305,1
"1130",46813,"FIU_Estuaries","Huston River","2001-02-27","Nitrate",0.98,"ppm",25.73133,-81.28467,1
"1131",46828,"FIU_Estuaries","Chevalier Bay","2001-02-27","Nitrate",4.235,"ppm",25.7125,-81.207,0.8
"1132",46843,"FIU_Estuaries","Alligator Bay","2001-02-27","Nitrate",0.262499999999999,"ppm",25.67017,-81.16867,1
"1133",46858,"FIU_Estuaries","Faka Union River","2001-02-28","Nitrate",8.715,"ppm",25.9,-81.516,1
"1134",46873,"FIU_Estuaries","Blackwater River","2001-02-28","Nitrate",8.575,"ppm",25.9298,-81.60032,0.8
"1135",46888,"FIU_Estuaries","First National","2001-02-14","Nitrate",3.395,"ppm",26.04217,-81.76158,0.915
"1136",46903,"FIU_Estuaries","Wiggins Pass","2001-02-13","Nitrate",9.31,"ppm",26.29167,-81.82,0.5
"1137",46918,"FIU_Estuaries","Highway Creek","2001-03-07","Nitrate",72.8,"ppm",25.2536,-80.44415,0.855555555555556
"1138",46933,"FIU_Estuaries","Garfield Bight","2001-03-06","Nitrate",3.5735,"ppm",25.15048,-80.80922,0.905555555555556
"1139",46948,"FIU_Estuaries","Chokoloskee","2001-03-22","Nitrate",2.03,"ppm",25.8075,-81.3495,0.8
"1140",46963,"FIU_Estuaries","Rabbit Key Pass","2001-03-22","Nitrate",0.77,"ppm",25.77,-81.38333,1
"1141",46978,"FIU_Estuaries","Lopez Bay","2001-03-22","Nitrate",10.5945,"ppm",25.78417,-81.33217,1
"1142",46993,"FIU_Estuaries","Sunday Bay","2001-03-22","Nitrate",10.045,"ppm",25.796,-81.28,1
"1143",47008,"FIU_Estuaries","Huston Bay","2001-03-22","Nitrate",6.615,"ppm",25.753,-81.2555,1
"1144",47023,"FIU_Estuaries","Upper Chatham River","2001-03-22","Nitrate",13.685,"ppm",25.7175,-81.2305,1
"1145",47038,"FIU_Estuaries","Huston River","2001-03-22","Nitrate",2.2435,"ppm",25.73133,-81.28467,1
"1146",47053,"FIU_Estuaries","Chevalier Bay","2001-03-22","Nitrate",12.355,"ppm",25.7125,-81.207,0.8
"1147",47068,"FIU_Estuaries","Alligator Bay","2001-03-22","Nitrate",8.995,"ppm",25.67017,-81.16867,1
"1148",47083,"FIU_Estuaries","Faka Union River","2001-03-23","Nitrate",7.77,"ppm",25.9,-81.516,1
"1149",47098,"FIU_Estuaries","Blackwater River","2001-03-23","Nitrate",10.08,"ppm",25.9298,-81.60032,0.8
"1150",47113,"FIU_Estuaries","First National","2001-03-13","Nitrate",1.225,"ppm",26.04217,-81.76158,0.915
"1151",47128,"FIU_Estuaries","Wiggins Pass","2001-03-14","Nitrate",1.75,"ppm",26.29167,-81.82,0.5
"1152",47143,"FIU_Estuaries","Highway Creek","2001-04-05","Nitrate",10.36,"ppm",25.2536,-80.44415,0.855555555555556
"1153",47158,"FIU_Estuaries","Garfield Bight","2001-04-03","Nitrate",1.085,"ppm",25.15048,-80.80922,0.905555555555556
"1154",47173,"FIU_Estuaries","Chokoloskee","2001-04-10","Nitrate",NA,"ppm",25.8075,-81.3495,0.8
"1155",47188,"FIU_Estuaries","Rabbit Key Pass","2001-04-10","Nitrate",1.61,"ppm",25.77,-81.38333,1
"1156",47203,"FIU_Estuaries","Lopez Bay","2001-04-10","Nitrate",2.03,"ppm",25.78417,-81.33217,1
"1157",47218,"FIU_Estuaries","Sunday Bay","2001-04-10","Nitrate",1.26,"ppm",25.796,-81.28,1
"1158",47233,"FIU_Estuaries","Huston Bay","2001-04-10","Nitrate",9.52,"ppm",25.753,-81.2555,1
"1159",47248,"FIU_Estuaries","Upper Chatham River","2001-04-10","Nitrate",15.925,"ppm",25.7175,-81.2305,1
"1160",47263,"FIU_Estuaries","Huston River","2001-04-10","Nitrate",5.145,"ppm",25.73133,-81.28467,1
"1161",47278,"FIU_Estuaries","Chevalier Bay","2001-04-10","Nitrate",7.105,"ppm",25.7125,-81.207,0.8
"1162",47293,"FIU_Estuaries","Alligator Bay","2001-04-10","Nitrate",7.84,"ppm",25.67017,-81.16867,1
"1163",47308,"FIU_Estuaries","Faka Union River","2001-04-11","Nitrate",4.8125,"ppm",25.9,-81.516,1
"1164",47323,"FIU_Estuaries","Blackwater River","2001-04-11","Nitrate",8.505,"ppm",25.9298,-81.60032,0.8
"1165",47338,"FIU_Estuaries","First National","2001-04-18","Nitrate",0.916999999999999,"ppm",26.04217,-81.76158,0.915
"1166",47353,"FIU_Estuaries","Wiggins Pass","2001-04-19","Nitrate",7.945,"ppm",26.29167,-81.82,0.5
"1167",47368,"FIU_Estuaries","Highway Creek","2001-05-01","Nitrate",5.6,"ppm",25.2536,-80.44415,0.855555555555556
"1168",47383,"FIU_Estuaries","Garfield Bight","2001-05-02","Nitrate",3.885,"ppm",25.15048,-80.80922,0.905555555555556
"1169",47398,"FIU_Estuaries","Chokoloskee","2001-05-30","Nitrate",3.29,"ppm",25.8075,-81.3495,0.8
"1170",47413,"FIU_Estuaries","Rabbit Key Pass","2001-05-30","Nitrate",2.415,"ppm",25.77,-81.38333,1
"1171",47428,"FIU_Estuaries","Lopez Bay","2001-05-30","Nitrate",3.045,"ppm",25.78417,-81.33217,1
"1172",47443,"FIU_Estuaries","Sunday Bay","2001-05-30","Nitrate",2.345,"ppm",25.796,-81.28,1
"1173",47458,"FIU_Estuaries","Huston Bay","2001-05-30","Nitrate",5.635,"ppm",25.753,-81.2555,1
"1174",47473,"FIU_Estuaries","Upper Chatham River","2001-05-30","Nitrate",6.895,"ppm",25.7175,-81.2305,1
"1175",47488,"FIU_Estuaries","Huston River","2001-05-30","Nitrate",5.67,"ppm",25.73133,-81.28467,1
"1176",47503,"FIU_Estuaries","Chevalier Bay","2001-05-30","Nitrate",2.1,"ppm",25.7125,-81.207,0.8
"1177",47518,"FIU_Estuaries","Alligator Bay","2001-05-30","Nitrate",6.23,"ppm",25.67017,-81.16867,1
"1178",47533,"FIU_Estuaries","Faka Union River","2001-05-31","Nitrate",7.805,"ppm",25.9,-81.516,1
"1179",47548,"FIU_Estuaries","Blackwater River","2001-05-31","Nitrate",6.02,"ppm",25.9298,-81.60032,0.8
"1180",47563,"FIU_Estuaries","First National","2001-05-16","Nitrate",0.63,"ppm",26.04217,-81.76158,0.915
"1181",47578,"FIU_Estuaries","Wiggins Pass","2001-05-15","Nitrate",2.975,"ppm",26.29167,-81.82,0.5
"1182",47593,"FIU_Estuaries","Highway Creek","2001-06-06","Nitrate",2.065,"ppm",25.2536,-80.44415,0.855555555555556
"1183",47608,"FIU_Estuaries","Garfield Bight","2001-06-05","Nitrate",0.892499999999999,"ppm",25.15048,-80.80922,0.905555555555556
"1184",47623,"FIU_Estuaries","Chokoloskee","2001-06-27","Nitrate",1.085,"ppm",25.8075,-81.3495,0.8
"1185",47638,"FIU_Estuaries","Rabbit Key Pass","2001-06-27","Nitrate",NA,"ppm",25.77,-81.38333,1
"1186",47653,"FIU_Estuaries","Lopez Bay","2001-06-27","Nitrate",0.909999999999999,"ppm",25.78417,-81.33217,1
"1187",47668,"FIU_Estuaries","Sunday Bay","2001-06-27","Nitrate",1.7325,"ppm",25.796,-81.28,1
"1188",47683,"FIU_Estuaries","Huston Bay","2001-06-27","Nitrate",0.245,"ppm",25.753,-81.2555,1
"1189",47698,"FIU_Estuaries","Upper Chatham River","2001-06-27","Nitrate",0.6125,"ppm",25.7175,-81.2305,1
"1190",47713,"FIU_Estuaries","Huston River","2001-06-27","Nitrate",1.435,"ppm",25.73133,-81.28467,1
"1191",47728,"FIU_Estuaries","Chevalier Bay","2001-06-27","Nitrate",1.19,"ppm",25.7125,-81.207,0.8
"1192",47743,"FIU_Estuaries","Alligator Bay","2001-06-27","Nitrate",NA,"ppm",25.67017,-81.16867,1
"1193",47758,"FIU_Estuaries","Faka Union River","2001-06-28","Nitrate",14.035,"ppm",25.9,-81.516,1
"1194",47773,"FIU_Estuaries","Blackwater River","2001-06-28","Nitrate",6.16,"ppm",25.9298,-81.60032,0.8
"1195",47788,"FIU_Estuaries","First National","2001-06-19","Nitrate",1.855,"ppm",26.04217,-81.76158,0.915
"1196",47803,"FIU_Estuaries","Wiggins Pass","2001-06-19","Nitrate",1.855,"ppm",26.29167,-81.82,0.5
"1197",47818,"FIU_Estuaries","Highway Creek","2001-07-13","Nitrate",4.27,"ppm",25.2536,-80.44415,0.855555555555556
"1198",47833,"FIU_Estuaries","Garfield Bight","2001-07-12","Nitrate",NA,"ppm",25.15048,-80.80922,0.905555555555556
"1199",47848,"FIU_Estuaries","Chokoloskee","2001-07-25","Nitrate",28.805,"ppm",25.8075,-81.3495,0.8
"1200",47863,"FIU_Estuaries","Rabbit Key Pass","2001-07-25","Nitrate",28.49,"ppm",25.77,-81.38333,1
"1201",47878,"FIU_Estuaries","Lopez Bay","2001-07-25","Nitrate",19.67,"ppm",25.78417,-81.33217,1
"1202",47893,"FIU_Estuaries","Sunday Bay","2001-07-25","Nitrate",2.03,"ppm",25.796,-81.28,1
"1203",47908,"FIU_Estuaries","Huston Bay","2001-07-25","Nitrate",3.115,"ppm",25.753,-81.2555,1
"1204",47923,"FIU_Estuaries","Upper Chatham River","2001-07-25","Nitrate",5.355,"ppm",25.7175,-81.2305,1
"1205",47938,"FIU_Estuaries","Huston River","2001-07-25","Nitrate",5.215,"ppm",25.73133,-81.28467,1
"1206",47953,"FIU_Estuaries","Chevalier Bay","2001-07-25","Nitrate",1.925,"ppm",25.7125,-81.207,0.8
"1207",47968,"FIU_Estuaries","Alligator Bay","2001-07-25","Nitrate",1.995,"ppm",25.67017,-81.16867,1
"1208",47983,"FIU_Estuaries","Faka Union River","2001-07-26","Nitrate",45.255,"ppm",25.9,-81.516,1
"1209",47998,"FIU_Estuaries","Blackwater River","2001-07-26","Nitrate",1.26,"ppm",25.9298,-81.60032,0.8
"1210",48013,"FIU_Estuaries","First National","2001-07-17","Nitrate",6.58,"ppm",26.04217,-81.76158,0.915
"1211",48028,"FIU_Estuaries","Wiggins Pass","2001-07-18","Nitrate",14.42,"ppm",26.29167,-81.82,0.5
"1212",48043,"FIU_Estuaries","Highway Creek","2001-08-15","Nitrate",25.55,"ppm",25.2536,-80.44415,0.855555555555556
"1213",48058,"FIU_Estuaries","Garfield Bight","2001-08-14","Nitrate",1.89,"ppm",25.15048,-80.80922,0.905555555555556
"1214",48073,"FIU_Estuaries","Chokoloskee","2001-08-16","Nitrate",19.005,"ppm",25.8075,-81.3495,0.8
"1215",48088,"FIU_Estuaries","Rabbit Key Pass","2001-08-16","Nitrate",1.33,"ppm",25.77,-81.38333,1
"1216",48103,"FIU_Estuaries","Lopez Bay","2001-08-16","Nitrate",27.51,"ppm",25.78417,-81.33217,1
"1217",48118,"FIU_Estuaries","Sunday Bay","2001-08-16","Nitrate",NA,"ppm",25.796,-81.28,1
"1218",48133,"FIU_Estuaries","Huston Bay","2001-08-16","Nitrate",1.5995,"ppm",25.753,-81.2555,1
"1219",48148,"FIU_Estuaries","Upper Chatham River","2001-08-16","Nitrate",34.3875,"ppm",25.7175,-81.2305,1
"1220",48163,"FIU_Estuaries","Huston River","2001-08-16","Nitrate",NA,"ppm",25.73133,-81.28467,1
"1221",48178,"FIU_Estuaries","Chevalier Bay","2001-08-16","Nitrate",28.952,"ppm",25.7125,-81.207,0.8
"1222",48193,"FIU_Estuaries","Alligator Bay","2001-08-16","Nitrate",NA,"ppm",25.67017,-81.16867,1
"1223",48208,"FIU_Estuaries","Faka Union River","2001-08-17","Nitrate",18.872,"ppm",25.9,-81.516,1
"1224",48223,"FIU_Estuaries","Blackwater River","2001-08-17","Nitrate",0.98,"ppm",25.9298,-81.60032,0.8
"1225",48238,"FIU_Estuaries","First National","2001-08-09","Nitrate",8.855,"ppm",26.04217,-81.76158,0.915
"1226",48253,"FIU_Estuaries","Wiggins Pass","2001-08-10","Nitrate",52.115,"ppm",26.29167,-81.82,0.5
"1227",48268,"FIU_Estuaries","Highway Creek","2001-09-07","Nitrate",5.075,"ppm",25.2536,-80.44415,0.855555555555556
"1228",48283,"FIU_Estuaries","Garfield Bight","2001-09-05","Nitrate",2.667,"ppm",25.15048,-80.80922,0.905555555555556
"1229",48298,"FIU_Estuaries","Chokoloskee","2001-09-18","Nitrate",9.954,"ppm",25.8075,-81.3495,0.8
"1230",48313,"FIU_Estuaries","Rabbit Key Pass","2001-09-18","Nitrate",2.03,"ppm",25.77,-81.38333,1
"1231",48328,"FIU_Estuaries","Lopez Bay","2001-09-18","Nitrate",4.2455,"ppm",25.78417,-81.33217,1
"1232",48343,"FIU_Estuaries","Sunday Bay","2001-09-18","Nitrate",NA,"ppm",25.796,-81.28,1
"1233",48358,"FIU_Estuaries","Huston Bay","2001-09-18","Nitrate",2.1,"ppm",25.753,-81.2555,1
"1234",48373,"FIU_Estuaries","Upper Chatham River","2001-09-18","Nitrate",13.7655,"ppm",25.7175,-81.2305,1
"1235",48388,"FIU_Estuaries","Huston River","2001-09-18","Nitrate",NA,"ppm",25.73133,-81.28467,1
"1236",48403,"FIU_Estuaries","Chevalier Bay","2001-09-18","Nitrate",1.155,"ppm",25.7125,-81.207,0.8
"1237",48418,"FIU_Estuaries","Alligator Bay","2001-09-18","Nitrate",3.185,"ppm",25.67017,-81.16867,1
"1238",48433,"FIU_Estuaries","Faka Union River","2001-09-19","Nitrate",27.125,"ppm",25.9,-81.516,1
"1239",48448,"FIU_Estuaries","Blackwater River","2001-09-19","Nitrate",3.675,"ppm",25.9298,-81.60032,0.8
"1240",48463,"FIU_Estuaries","First National","2001-09-07","Nitrate",5.247375,"ppm",26.04217,-81.76158,0.915
"1241",48478,"FIU_Estuaries","Wiggins Pass","2001-09-07","Nitrate",73.03135,"ppm",26.29167,-81.82,0.5
"1242",48493,"FIU_Estuaries","Highway Creek","2001-10-24","Nitrate",3.675,"ppm",25.2536,-80.44415,0.855555555555556
"1243",48508,"FIU_Estuaries","Garfield Bight","2001-10-23","Nitrate",2.8,"ppm",25.15048,-80.80922,0.905555555555556
"1244",48523,"FIU_Estuaries","Chokoloskee","2001-10-25","Nitrate",16.9435,"ppm",25.8075,-81.3495,0.8
"1245",48538,"FIU_Estuaries","Rabbit Key Pass","2001-10-25","Nitrate",19.803,"ppm",25.77,-81.38333,1
"1246",48553,"FIU_Estuaries","Lopez Bay","2001-10-25","Nitrate",8.35555,"ppm",25.78417,-81.33217,1
"1247",48568,"FIU_Estuaries","Sunday Bay","2001-10-25","Nitrate",1.3475,"ppm",25.796,-81.28,1
"1248",48583,"FIU_Estuaries","Huston Bay","2001-10-25","Nitrate",3.367,"ppm",25.753,-81.2555,1
"1249",48598,"FIU_Estuaries","Upper Chatham River","2001-10-25","Nitrate",20.0795,"ppm",25.7175,-81.2305,1
"1250",48613,"FIU_Estuaries","Huston River","2001-10-25","Nitrate",NA,"ppm",25.73133,-81.28467,1
"1251",48628,"FIU_Estuaries","Chevalier Bay","2001-10-25","Nitrate",1.6975,"ppm",25.7125,-81.207,0.8
"1252",48643,"FIU_Estuaries","Alligator Bay","2001-10-25","Nitrate",25.011,"ppm",25.67017,-81.16867,1
"1253",48658,"FIU_Estuaries","Faka Union River","2001-10-26","Nitrate",18.6305,"ppm",25.9,-81.516,1
"1254",48673,"FIU_Estuaries","Blackwater River","2001-10-26","Nitrate",20.8915,"ppm",25.9298,-81.60032,0.8
"1255",48688,"FIU_Estuaries","First National","2001-10-30","Nitrate",1.4,"ppm",26.04217,-81.76158,0.915
"1256",48703,"FIU_Estuaries","Wiggins Pass","2001-10-30","Nitrate",50.855,"ppm",26.29167,-81.82,0.5
"1257",48718,"FIU_Estuaries","Highway Creek","2001-11-09","Nitrate",3.374,"ppm",25.2536,-80.44415,0.855555555555556
"1258",48733,"FIU_Estuaries","Garfield Bight","2001-11-08","Nitrate",4.032,"ppm",25.15048,-80.80922,0.905555555555556
"1259",48748,"FIU_Estuaries","Chokoloskee","2001-11-20","Nitrate",9.835,"ppm",25.8075,-81.3495,0.8
"1260",48763,"FIU_Estuaries","Rabbit Key Pass","2001-11-20","Nitrate",12.565,"ppm",25.77,-81.38333,1
"1261",48778,"FIU_Estuaries","Lopez Bay","2001-11-20","Nitrate",10.955,"ppm",25.78417,-81.33217,1
"1262",48793,"FIU_Estuaries","Sunday Bay","2001-11-20","Nitrate",NA,"ppm",25.796,-81.28,1
"1263",48808,"FIU_Estuaries","Huston Bay","2001-11-20","Nitrate",0.35,"ppm",25.753,-81.2555,1
"1264",48823,"FIU_Estuaries","Upper Chatham River","2001-11-20","Nitrate",16.8245,"ppm",25.7175,-81.2305,1
"1265",48838,"FIU_Estuaries","Huston River","2001-11-20","Nitrate",0.434,"ppm",25.73133,-81.28467,1
"1266",48853,"FIU_Estuaries","Chevalier Bay","2001-11-20","Nitrate",13.622,"ppm",25.7125,-81.207,0.8
"1267",48868,"FIU_Estuaries","Alligator Bay","2001-11-20","Nitrate",64.736,"ppm",25.67017,-81.16867,1
"1268",48883,"FIU_Estuaries","Faka Union River","2001-11-21","Nitrate",14.3885,"ppm",25.9,-81.516,1
"1269",48898,"FIU_Estuaries","Blackwater River","2001-11-21","Nitrate",1.61,"ppm",25.9298,-81.60032,0.8
"1270",48913,"FIU_Estuaries","First National","2001-11-28","Nitrate",0.0859179999999999,"ppm",26.04217,-81.76158,0.915
"1271",48928,"FIU_Estuaries","Wiggins Pass","2001-11-28","Nitrate",13.0679185,"ppm",26.29167,-81.82,0.5
"1272",48943,"FIU_Estuaries","Highway Creek","2001-12-04","Nitrate",5.586,"ppm",25.2536,-80.44415,0.855555555555556
"1273",48958,"FIU_Estuaries","Garfield Bight","2001-12-03","Nitrate",NA,"ppm",25.15048,-80.80922,0.905555555555556
"1274",48973,"FIU_Estuaries","Chokoloskee","2001-12-18","Nitrate",24.0146655,"ppm",25.8075,-81.3495,0.8
"1275",48988,"FIU_Estuaries","Rabbit Key Pass","2001-12-18","Nitrate",6.9588225,"ppm",25.77,-81.38333,1
"1276",49003,"FIU_Estuaries","Lopez Bay","2001-12-22","Nitrate",28.829304,"ppm",25.78417,-81.33217,1
"1277",49018,"FIU_Estuaries","Sunday Bay","2001-12-22","Nitrate",18.725,"ppm",25.796,-81.28,1
"1278",49033,"FIU_Estuaries","Huston Bay","2001-12-22","Nitrate",13.755,"ppm",25.753,-81.2555,1
"1279",49048,"FIU_Estuaries","Upper Chatham River","2001-12-22","Nitrate",28.665,"ppm",25.7175,-81.2305,1
"1280",49063,"FIU_Estuaries","Huston River","2001-12-22","Nitrate",5.495,"ppm",25.73133,-81.28467,1
"1281",49078,"FIU_Estuaries","Chevalier Bay","2001-12-22","Nitrate",43.47,"ppm",25.7125,-81.207,0.8
"1282",49093,"FIU_Estuaries","Alligator Bay","2001-12-22","Nitrate",35.28,"ppm",25.67017,-81.16867,1
"1283",49108,"FIU_Estuaries","Faka Union River","2001-12-18","Nitrate",12.565,"ppm",25.9,-81.516,1
"1284",49123,"FIU_Estuaries","Blackwater River","2001-12-18","Nitrate",21.53144,"ppm",25.9298,-81.60032,0.8
"1285",49138,"FIU_Estuaries","First National","2001-12-11","Nitrate",1.848,"ppm",26.04217,-81.76158,0.915
"1286",49153,"FIU_Estuaries","Wiggins Pass","2001-12-12","Nitrate",5.264,"ppm",26.29167,-81.82,0.5
"1287",49168,"FIU_Estuaries","Highway Creek","2002-01-30","Nitrate",4.10655,"ppm",25.2536,-80.44415,0.855555555555556
"1288",49183,"FIU_Estuaries","Garfield Bight","2002-01-29","Nitrate",NA,"ppm",25.15048,-80.80922,0.905555555555556
"1289",49198,"FIU_Estuaries","Chokoloskee","2002-01-23","Nitrate",3.955,"ppm",25.8075,-81.3495,0.8
"1290",49213,"FIU_Estuaries","Rabbit Key Pass","2002-01-23","Nitrate",0.35,"ppm",25.77,-81.38333,1
"1291",49228,"FIU_Estuaries","Lopez Bay","2002-01-23","Nitrate",4.41,"ppm",25.78417,-81.33217,1
"1292",49243,"FIU_Estuaries","Sunday Bay","2002-01-23","Nitrate",0.0349999999999994,"ppm",25.796,-81.28,1
"1293",49258,"FIU_Estuaries","Huston Bay","2002-01-23","Nitrate",NA,"ppm",25.753,-81.2555,1
"1294",49273,"FIU_Estuaries","Upper Chatham River","2002-01-23","Nitrate",28.525,"ppm",25.7175,-81.2305,1
"1295",49288,"FIU_Estuaries","Huston River","2002-01-23","Nitrate",NA,"ppm",25.73133,-81.28467,1
"1296",49303,"FIU_Estuaries","Chevalier Bay","2002-01-23","Nitrate",8.05,"ppm",25.7125,-81.207,0.8
"1297",49318,"FIU_Estuaries","Alligator Bay","2002-01-23","Nitrate",0.0699999999999994,"ppm",25.67017,-81.16867,1
"1298",49333,"FIU_Estuaries","Faka Union River","2002-01-24","Nitrate",3.92,"ppm",25.9,-81.516,1
"1299",49348,"FIU_Estuaries","Blackwater River","2002-01-24","Nitrate",2.415,"ppm",25.9298,-81.60032,0.8
"1300",49363,"FIU_Estuaries","First National","2002-01-17","Nitrate",NA,"ppm",26.04217,-81.76158,0.915
"1301",49378,"FIU_Estuaries","Wiggins Pass","2002-01-17","Nitrate",76.8828935,"ppm",26.29167,-81.82,0.5
"1302",49393,"FIU_Estuaries","Highway Creek","2002-02-19","Nitrate",5.6032095,"ppm",25.2536,-80.44415,0.855555555555556
"1303",49408,"FIU_Estuaries","Garfield Bight","2002-02-20","Nitrate",1.2719455,"ppm",25.15048,-80.80922,0.905555555555556
"1304",49423,"FIU_Estuaries","Chokoloskee","2002-02-20","Nitrate",2.983232,"ppm",25.8075,-81.3495,0.8
"1305",49438,"FIU_Estuaries","Rabbit Key Pass","2002-02-20","Nitrate",4.3148,"ppm",25.77,-81.38333,1
"1306",49453,"FIU_Estuaries","Lopez Bay","2002-02-20","Nitrate",5.1338,"ppm",25.78417,-81.33217,1
"1307",49468,"FIU_Estuaries","Sunday Bay","2002-02-20","Nitrate",6.2888,"ppm",25.796,-81.28,1
"1308",49483,"FIU_Estuaries","Huston Bay","2002-02-20","Nitrate",7.3038,"ppm",25.753,-81.2555,1
"1309",49498,"FIU_Estuaries","Upper Chatham River","2002-02-20","Nitrate",8.2488,"ppm",25.7175,-81.2305,1
"1310",49513,"FIU_Estuaries","Huston River","2002-02-20","Nitrate",8.0598,"ppm",25.73133,-81.28467,1
"1311",49528,"FIU_Estuaries","Chevalier Bay","2002-02-20","Nitrate",2.5088,"ppm",25.7125,-81.207,0.8
"1312",49543,"FIU_Estuaries","Alligator Bay","2002-02-20","Nitrate",NA,"ppm",25.67017,-81.16867,1
"1313",49558,"FIU_Estuaries","Faka Union River","2002-02-21","Nitrate",NA,"ppm",25.9,-81.516,1
"1314",49573,"FIU_Estuaries","Blackwater River","2002-02-21","Nitrate",NA,"ppm",25.9298,-81.60032,0.8
"1315",49588,"FIU_Estuaries","First National","2002-02-14","Nitrate",NA,"ppm",26.04217,-81.76158,0.915
"1316",49603,"FIU_Estuaries","Wiggins Pass","2002-02-14","Nitrate",2.73,"ppm",26.29167,-81.82,0.5
"1317",49618,"FIU_Estuaries","Henderson Creek","2002-02-14","Nitrate",2.94,"ppm",26.0257,-81.7332,0.915
"1318",49633,"FIU_Estuaries","Highway Creek","2002-03-20","Nitrate",3.41355,"ppm",25.2536,-80.44415,0.855555555555556
"1319",49648,"FIU_Estuaries","Garfield Bight","2002-03-19","Nitrate",1.41015,"ppm",25.15048,-80.80922,0.905555555555556
"1320",49663,"FIU_Estuaries","Chokoloskee","2002-03-19","Nitrate",0.294483,"ppm",25.8075,-81.3495,0.8
"1321",49678,"FIU_Estuaries","Rabbit Key Pass","2002-03-19","Nitrate",0.12425,"ppm",25.77,-81.38333,1
"1322",49693,"FIU_Estuaries","Lopez Bay","2002-03-19","Nitrate",0.69265,"ppm",25.78417,-81.33217,1
"1323",49708,"FIU_Estuaries","Sunday Bay","2002-03-19","Nitrate",0.26761,"ppm",25.796,-81.28,1
"1324",49723,"FIU_Estuaries","Huston Bay","2002-03-19","Nitrate",0.122605,"ppm",25.753,-81.2555,1
"1325",49738,"FIU_Estuaries","Upper Chatham River","2002-03-19","Nitrate",11.907875,"ppm",25.7175,-81.2305,1
"1326",49753,"FIU_Estuaries","Huston River","2002-03-19","Nitrate",0.216405,"ppm",25.73133,-81.28467,1
"1327",49768,"FIU_Estuaries","Chevalier Bay","2002-03-19","Nitrate",14.42245,"ppm",25.7125,-81.207,0.8
"1328",49783,"FIU_Estuaries","Alligator Bay","2002-03-19","Nitrate",NA,"ppm",25.67017,-81.16867,1
"1329",49798,"FIU_Estuaries","Faka Union River","2002-03-20","Nitrate",1.78045,"ppm",25.9,-81.516,1
"1330",49813,"FIU_Estuaries","Blackwater River","2002-03-20","Nitrate",1.708665,"ppm",25.9298,-81.60032,0.8
"1331",49828,"FIU_Estuaries","First National","2002-03-14","Nitrate",0.6188,"ppm",26.04217,-81.76158,0.915
"1332",49843,"FIU_Estuaries","Wiggins Pass","2002-03-14","Nitrate",7.455,"ppm",26.29167,-81.82,0.5
"1333",49858,"FIU_Estuaries","Henderson Creek","2002-03-14","Nitrate",0.0139999999999997,"ppm",26.0257,-81.7332,0.915
"1334",49873,"FIU_Estuaries","Highway Creek","2002-04-11","Nitrate",4.40685,"ppm",25.2536,-80.44415,0.855555555555556
"1335",49888,"FIU_Estuaries","Garfield Bight","2002-04-09","Nitrate",1.2733,"ppm",25.15048,-80.80922,0.905555555555556
"1336",49903,"FIU_Estuaries","Chokoloskee","2002-04-10","Nitrate",1.33,"ppm",25.8075,-81.3495,0.8
"1337",49918,"FIU_Estuaries","Rabbit Key Pass","2002-04-10","Nitrate",3.465,"ppm",25.77,-81.38333,1
"1338",49933,"FIU_Estuaries","Lopez Bay","2002-04-10","Nitrate",4.13,"ppm",25.78417,-81.33217,1
"1339",49948,"FIU_Estuaries","Sunday Bay","2002-04-10","Nitrate",1.897,"ppm",25.796,-81.28,1
"1340",49963,"FIU_Estuaries","Huston Bay","2002-04-10","Nitrate",0.945,"ppm",25.753,-81.2555,1
"1341",49978,"FIU_Estuaries","Upper Chatham River","2002-04-10","Nitrate",0.945,"ppm",25.7175,-81.2305,1
"1342",49993,"FIU_Estuaries","Huston River","2002-04-10","Nitrate",5.005,"ppm",25.73133,-81.28467,1
"1343",50008,"FIU_Estuaries","Chevalier Bay","2002-04-10","Nitrate",4.025,"ppm",25.7125,-81.207,0.8
"1344",50023,"FIU_Estuaries","Alligator Bay","2002-04-10","Nitrate",3.885,"ppm",25.67017,-81.16867,1
"1345",50038,"FIU_Estuaries","Faka Union River","2002-04-11","Nitrate",5.124,"ppm",25.9,-81.516,1
"1346",50053,"FIU_Estuaries","Blackwater River","2002-04-11","Nitrate",5.775,"ppm",25.9298,-81.60032,0.8
"1347",50068,"FIU_Estuaries","First National","2002-04-26","Nitrate",0.6125,"ppm",26.04217,-81.76158,0.915
"1348",50083,"FIU_Estuaries","Wiggins Pass","2002-04-26","Nitrate",5.1555,"ppm",26.29167,-81.82,0.5
"1349",50098,"FIU_Estuaries","Henderson Creek","2002-04-26","Nitrate",0.301,"ppm",26.0257,-81.7332,0.915
"1350",50113,"FIU_Estuaries","Highway Creek","2002-05-16","Nitrate",2.7209,"ppm",25.2536,-80.44415,0.855555555555556
"1351",50128,"FIU_Estuaries","Garfield Bight","2002-05-15","Nitrate",0.62055,"ppm",25.15048,-80.80922,0.905555555555556
"1352",50143,"FIU_Estuaries","Chokoloskee","2002-05-22","Nitrate",6.2825,"ppm",25.8075,-81.3495,0.8
"1353",50158,"FIU_Estuaries","Rabbit Key Pass","2002-05-22","Nitrate",1.6184,"ppm",25.77,-81.38333,1
"1354",50173,"FIU_Estuaries","Lopez Bay","2002-05-22","Nitrate",8.7045,"ppm",25.78417,-81.33217,1
"1355",50188,"FIU_Estuaries","Sunday Bay","2002-05-22","Nitrate",1.2355,"ppm",25.796,-81.28,1
"1356",50203,"FIU_Estuaries","Huston Bay","2002-05-22","Nitrate",1.666,"ppm",25.753,-81.2555,1
"1357",50218,"FIU_Estuaries","Upper Chatham River","2002-05-22","Nitrate",3.6085,"ppm",25.7175,-81.2305,1
"1358",50233,"FIU_Estuaries","Huston River","2002-05-22","Nitrate",2.1,"ppm",25.73133,-81.28467,1
"1359",50248,"FIU_Estuaries","Chevalier Bay","2002-05-22","Nitrate",3.108,"ppm",25.7125,-81.207,0.8
"1360",50263,"FIU_Estuaries","Alligator Bay","2002-05-22","Nitrate",6.46695,"ppm",25.67017,-81.16867,1
"1361",50278,"FIU_Estuaries","Faka Union River","2002-05-23","Nitrate",1.26,"ppm",25.9,-81.516,1
"1362",50293,"FIU_Estuaries","Blackwater River","2002-05-23","Nitrate",8.883,"ppm",25.9298,-81.60032,0.8
"1363",50308,"FIU_Estuaries","First National","2002-05-14","Nitrate",0.882,"ppm",26.04217,-81.76158,0.915
"1364",50323,"FIU_Estuaries","Wiggins Pass","2002-05-14","Nitrate",2.793,"ppm",26.29167,-81.82,0.5
"1365",50338,"FIU_Estuaries","Henderson Creek","2002-05-14","Nitrate",0.763,"ppm",26.0257,-81.7332,0.915
"1366",50353,"FIU_Estuaries","Highway Creek","2002-06-05","Nitrate",0.287,"ppm",25.2536,-80.44415,0.855555555555556
"1367",50368,"FIU_Estuaries","Garfield Bight","2002-06-04","Nitrate",0.671999999999999,"ppm",25.15048,-80.80922,0.905555555555556
"1368",50383,"FIU_Estuaries","Chokoloskee","2002-06-17","Nitrate",25.5745,"ppm",25.8075,-81.3495,0.8
"1369",50398,"FIU_Estuaries","Rabbit Key Pass","2002-06-17","Nitrate",28.84,"ppm",25.77,-81.38333,1
"1370",50413,"FIU_Estuaries","Lopez Bay","2002-06-17","Nitrate",27.195,"ppm",25.78417,-81.33217,1
"1371",50428,"FIU_Estuaries","Sunday Bay","2002-06-17","Nitrate",5.0645,"ppm",25.796,-81.28,1
"1372",50443,"FIU_Estuaries","Huston Bay","2002-06-17","Nitrate",5.3305,"ppm",25.753,-81.2555,1
"1373",50458,"FIU_Estuaries","Upper Chatham River","2002-06-17","Nitrate",2.66,"ppm",25.7175,-81.2305,1
"1374",50473,"FIU_Estuaries","Huston River","2002-06-17","Nitrate",4.865,"ppm",25.73133,-81.28467,1
"1375",50488,"FIU_Estuaries","Chevalier Bay","2002-06-17","Nitrate",0.0840000000000003,"ppm",25.7125,-81.207,0.8
"1376",50503,"FIU_Estuaries","Alligator Bay","2002-06-17","Nitrate",1.3195,"ppm",25.67017,-81.16867,1
"1377",50518,"FIU_Estuaries","Faka Union River","2002-06-18","Nitrate",36.82,"ppm",25.9,-81.516,1
"1378",50533,"FIU_Estuaries","Blackwater River","2002-06-18","Nitrate",38.325,"ppm",25.9298,-81.60032,0.8
"1379",50548,"FIU_Estuaries","First National","2002-06-05","Nitrate",1.015,"ppm",26.04217,-81.76158,0.915
"1380",50563,"FIU_Estuaries","Wiggins Pass","2002-06-05","Nitrate",3.08,"ppm",26.29167,-81.82,0.5
"1381",50578,"FIU_Estuaries","Henderson Creek","2002-06-05","Nitrate",9.2015,"ppm",26.0257,-81.7332,0.915
"1382",50593,"FIU_Estuaries","Highway Creek","2002-07-09","Nitrate",26.20765,"ppm",25.2536,-80.44415,0.855555555555556
"1383",50608,"FIU_Estuaries","Garfield Bight","2002-07-11","Nitrate",12.516,"ppm",25.15048,-80.80922,0.905555555555556
"1384",50623,"FIU_Estuaries","Chokoloskee","2002-07-23","Nitrate",26.2675,"ppm",25.8075,-81.3495,0.8
"1385",50638,"FIU_Estuaries","Rabbit Key Pass","2002-07-23","Nitrate",8.6205,"ppm",25.77,-81.38333,1
"1386",50653,"FIU_Estuaries","Lopez Bay","2002-07-23","Nitrate",19.439,"ppm",25.78417,-81.33217,1
"1387",50668,"FIU_Estuaries","Sunday Bay","2002-07-23","Nitrate",0.818999999999999,"ppm",25.796,-81.28,1
"1388",50683,"FIU_Estuaries","Huston Bay","2002-07-23","Nitrate",NA,"ppm",25.753,-81.2555,1
"1389",50698,"FIU_Estuaries","Upper Chatham River","2002-07-23","Nitrate",52.3285,"ppm",25.7175,-81.2305,1
"1390",50713,"FIU_Estuaries","Huston River","2002-07-23","Nitrate",3.9025,"ppm",25.73133,-81.28467,1
"1391",50728,"FIU_Estuaries","Chevalier Bay","2002-07-23","Nitrate",25.2735,"ppm",25.7125,-81.207,0.8
"1392",50743,"FIU_Estuaries","Alligator Bay","2002-07-23","Nitrate",4.0915,"ppm",25.67017,-81.16867,1
"1393",50758,"FIU_Estuaries","Faka Union River","2002-07-24","Nitrate",2.52,"ppm",25.9,-81.516,1
"1394",50773,"FIU_Estuaries","Blackwater River","2002-07-24","Nitrate",6.909,"ppm",25.9298,-81.60032,0.8
"1395",50788,"FIU_Estuaries","First National","2002-07-16","Nitrate",13.0375,"ppm",26.04217,-81.76158,0.915
"1396",50803,"FIU_Estuaries","Wiggins Pass","2002-07-16","Nitrate",9.2771,"ppm",26.29167,-81.82,0.5
"1397",50818,"FIU_Estuaries","Henderson Creek","2002-07-16","Nitrate",10.591,"ppm",26.0257,-81.7332,0.915
"1398",50833,"FIU_Estuaries","Highway Creek","2002-08-15","Nitrate",25.76315,"ppm",25.2536,-80.44415,0.855555555555556
"1399",50848,"FIU_Estuaries","Garfield Bight","2002-08-19","Nitrate",11.4604,"ppm",25.15048,-80.80922,0.905555555555556
"1400",50863,"FIU_Estuaries","Chokoloskee","2002-08-15","Nitrate",30.296,"ppm",25.8075,-81.3495,0.8
"1401",50878,"FIU_Estuaries","Rabbit Key Pass","2002-08-15","Nitrate",37.08705,"ppm",25.77,-81.38333,1
"1402",50893,"FIU_Estuaries","Lopez Bay","2002-08-15","Nitrate",37.63165,"ppm",25.78417,-81.33217,1
"1403",50908,"FIU_Estuaries","Sunday Bay","2002-08-15","Nitrate",3.7695,"ppm",25.796,-81.28,1
"1404",50923,"FIU_Estuaries","Huston Bay","2002-08-15","Nitrate",8.0514,"ppm",25.753,-81.2555,1
"1405",50938,"FIU_Estuaries","Upper Chatham River","2002-08-15","Nitrate",41.7235,"ppm",25.7175,-81.2305,1
"1406",50953,"FIU_Estuaries","Huston River","2002-08-15","Nitrate",27.7046,"ppm",25.73133,-81.28467,1
"1407",50968,"FIU_Estuaries","Chevalier Bay","2002-08-15","Nitrate",26.635,"ppm",25.7125,-81.207,0.8
"1408",50983,"FIU_Estuaries","Alligator Bay","2002-08-15","Nitrate",22.54,"ppm",25.67017,-81.16867,1
"1409",50998,"FIU_Estuaries","Faka Union River","2002-08-16","Nitrate",30.0951,"ppm",25.9,-81.516,1
"1410",51013,"FIU_Estuaries","Blackwater River","2002-08-16","Nitrate",26.71305,"ppm",25.9298,-81.60032,0.8
"1411",51028,"FIU_Estuaries","First National","2002-08-28","Nitrate",8.708,"ppm",26.04217,-81.76158,0.915
"1412",51043,"FIU_Estuaries","Wiggins Pass","2002-08-28","Nitrate",59.3635,"ppm",26.29167,-81.82,0.5
"1413",51058,"FIU_Estuaries","Henderson Creek","2002-08-28","Nitrate",3.318,"ppm",26.0257,-81.7332,0.915
"1414",51073,"FIU_Estuaries","Highway Creek","2002-09-18","Nitrate",5.4565,"ppm",25.2536,-80.44415,0.855555555555556
"1415",51088,"FIU_Estuaries","Garfield Bight","2002-09-17","Nitrate",6.5205,"ppm",25.15048,-80.80922,0.905555555555556
"1416",51103,"FIU_Estuaries","Chokoloskee","2002-09-19","Nitrate",25.592,"ppm",25.8075,-81.3495,0.8
"1417",51118,"FIU_Estuaries","Rabbit Key Pass","2002-09-19","Nitrate",10.703,"ppm",25.77,-81.38333,1
"1418",51133,"FIU_Estuaries","Lopez Bay","2002-09-19","Nitrate",1.155,"ppm",25.78417,-81.33217,1
"1419",51148,"FIU_Estuaries","Sunday Bay","2002-09-19","Nitrate",NA,"ppm",25.796,-81.28,1
"1420",51163,"FIU_Estuaries","Huston Bay","2002-09-19","Nitrate",3.9305,"ppm",25.753,-81.2555,1
"1421",51178,"FIU_Estuaries","Upper Chatham River","2002-09-19","Nitrate",56.5005,"ppm",25.7175,-81.2305,1
"1422",51193,"FIU_Estuaries","Huston River","2002-09-19","Nitrate",NA,"ppm",25.73133,-81.28467,1
"1423",51208,"FIU_Estuaries","Chevalier Bay","2002-09-19","Nitrate",24.206,"ppm",25.7125,-81.207,0.8
"1424",51223,"FIU_Estuaries","Alligator Bay","2002-09-19","Nitrate",33.026,"ppm",25.67017,-81.16867,1
"1425",51238,"FIU_Estuaries","Faka Union River","2002-09-20","Nitrate",35.539,"ppm",25.9,-81.516,1
"1426",51253,"FIU_Estuaries","Blackwater River","2002-09-20","Nitrate",45.8185,"ppm",25.9298,-81.60032,0.8
"1427",51268,"FIU_Estuaries","First National","2002-09-24","Nitrate",6.58,"ppm",26.04217,-81.76158,0.915
"1428",51283,"FIU_Estuaries","Wiggins Pass","2002-09-24","Nitrate",76.741,"ppm",26.29167,-81.82,0.5
"1429",51298,"FIU_Estuaries","Henderson Creek","2002-09-24","Nitrate",12.3445,"ppm",26.0257,-81.7332,0.915
"1430",51313,"FIU_Estuaries","Highway Creek","2002-10-18","Nitrate",17.60325,"ppm",25.2536,-80.44415,0.855555555555556
"1431",51328,"FIU_Estuaries","Garfield Bight","2002-10-17","Nitrate",10.5504,"ppm",25.15048,-80.80922,0.905555555555556
"1432",51343,"FIU_Estuaries","Chokoloskee","2002-10-02","Nitrate",27.2076,"ppm",25.8075,-81.3495,0.8
"1433",51358,"FIU_Estuaries","Rabbit Key Pass","2002-10-02","Nitrate",6.972,"ppm",25.77,-81.38333,1
"1434",51373,"FIU_Estuaries","Lopez Bay","2002-10-02","Nitrate",25.5514,"ppm",25.78417,-81.33217,1
"1435",51388,"FIU_Estuaries","Sunday Bay","2002-10-02","Nitrate",3.47865,"ppm",25.796,-81.28,1
"1436",51403,"FIU_Estuaries","Huston Bay","2002-10-02","Nitrate",33.5391,"ppm",25.753,-81.2555,1
"1437",51418,"FIU_Estuaries","Upper Chatham River","2002-10-02","Nitrate",74.56785,"ppm",25.7175,-81.2305,1
"1438",51433,"FIU_Estuaries","Huston River","2002-10-02","Nitrate",NA,"ppm",25.73133,-81.28467,1
"1439",51448,"FIU_Estuaries","Chevalier Bay","2002-10-02","Nitrate",36.0682,"ppm",25.7125,-81.207,0.8
"1440",51463,"FIU_Estuaries","Alligator Bay","2002-10-02","Nitrate",96.7862,"ppm",25.67017,-81.16867,1
"1441",51478,"FIU_Estuaries","Faka Union River","2002-10-03","Nitrate",22.49065,"ppm",25.9,-81.516,1
"1442",51493,"FIU_Estuaries","Blackwater River","2002-10-03","Nitrate",62.91845,"ppm",25.9298,-81.60032,0.8
"1443",51508,"FIU_Estuaries","First National","2002-10-22","Nitrate",2.9554,"ppm",26.04217,-81.76158,0.915
"1444",51523,"FIU_Estuaries","Wiggins Pass","2002-10-22","Nitrate",46.7978,"ppm",26.29167,-81.82,0.5
"1445",51538,"FIU_Estuaries","Henderson Creek","2002-10-22","Nitrate",1.45355,"ppm",26.0257,-81.7332,0.915
"1446",51553,"FIU_Estuaries","Highway Creek","2002-11-15","Nitrate",17.808,"ppm",25.2536,-80.44415,0.855555555555556
"1447",51568,"FIU_Estuaries","Garfield Bight","2002-11-14","Nitrate",11.5738,"ppm",25.15048,-80.80922,0.905555555555556
"1448",51583,"FIU_Estuaries","Chokoloskee","2002-11-13","Nitrate",20.13795,"ppm",25.8075,-81.3495,0.8
"1449",51598,"FIU_Estuaries","Rabbit Key Pass","2002-11-13","Nitrate",40.8548,"ppm",25.77,-81.38333,1
"1450",51613,"FIU_Estuaries","Lopez Bay","2002-11-13","Nitrate",41.65035,"ppm",25.78417,-81.33217,1
"1451",51628,"FIU_Estuaries","Sunday Bay","2002-11-13","Nitrate",2.0503,"ppm",25.796,-81.28,1
"1452",51643,"FIU_Estuaries","Huston Bay","2002-11-13","Nitrate",10.20075,"ppm",25.753,-81.2555,1
"1453",51658,"FIU_Estuaries","Upper Chatham River","2002-11-13","Nitrate",17.9473,"ppm",25.7175,-81.2305,1
"1454",51673,"FIU_Estuaries","Huston River","2002-11-13","Nitrate",1.46055,"ppm",25.73133,-81.28467,1
"1455",51688,"FIU_Estuaries","Chevalier Bay","2002-11-13","Nitrate",5.0078,"ppm",25.7125,-81.207,0.8
"1456",51703,"FIU_Estuaries","Alligator Bay","2002-11-13","Nitrate",0.80395,"ppm",25.67017,-81.16867,1
"1457",51718,"FIU_Estuaries","Faka Union River","2002-11-14","Nitrate",26.369,"ppm",25.9,-81.516,1
"1458",51733,"FIU_Estuaries","Blackwater River","2002-11-14","Nitrate",43.4567,"ppm",25.9298,-81.60032,0.8
"1459",51748,"FIU_Estuaries","First National","2002-11-26","Nitrate",4.03095,"ppm",26.04217,-81.76158,0.915
"1460",51763,"FIU_Estuaries","Wiggins Pass","2002-11-27","Nitrate",107.1147,"ppm",26.29167,-81.82,0.5
"1461",51778,"FIU_Estuaries","Henderson Creek","2002-11-26","Nitrate",7.20895,"ppm",26.0257,-81.7332,0.915
"1462",51793,"FIU_Estuaries","Highway Creek","2002-12-12","Nitrate",26.4635,"ppm",25.2536,-80.44415,0.855555555555556
"1463",51808,"FIU_Estuaries","Garfield Bight","2002-12-11","Nitrate",12.5125,"ppm",25.15048,-80.80922,0.905555555555556
"1464",51823,"FIU_Estuaries","Chokoloskee","2002-12-11","Nitrate",23.5536,"ppm",25.8075,-81.3495,0.8
"1465",51838,"FIU_Estuaries","Rabbit Key Pass","2002-12-11","Nitrate",30.99285,"ppm",25.77,-81.38333,1
"1466",51853,"FIU_Estuaries","Lopez Bay","2002-12-11","Nitrate",35.47495,"ppm",25.78417,-81.33217,1
"1467",51868,"FIU_Estuaries","Sunday Bay","2002-12-11","Nitrate",18.66305,"ppm",25.796,-81.28,1
"1468",51883,"FIU_Estuaries","Huston Bay","2002-12-11","Nitrate",24.60745,"ppm",25.753,-81.2555,1
"1469",51898,"FIU_Estuaries","Upper Chatham River","2002-12-11","Nitrate",43.7542,"ppm",25.7175,-81.2305,1
"1470",51913,"FIU_Estuaries","Huston River","2002-12-11","Nitrate",31.08875,"ppm",25.73133,-81.28467,1
"1471",51928,"FIU_Estuaries","Chevalier Bay","2002-12-11","Nitrate",34.76935,"ppm",25.7125,-81.207,0.8
"1472",51943,"FIU_Estuaries","Alligator Bay","2002-12-11","Nitrate",5.48345,"ppm",25.67017,-81.16867,1
"1473",51958,"FIU_Estuaries","Faka Union River","2002-12-12","Nitrate",29.09235,"ppm",25.9,-81.516,1
"1474",51973,"FIU_Estuaries","Blackwater River","2002-12-12","Nitrate",16.8378,"ppm",25.9298,-81.60032,0.8
"1475",51988,"FIU_Estuaries","First National","2002-12-17","Nitrate",15.70275,"ppm",26.04217,-81.76158,0.915
"1476",52003,"FIU_Estuaries","Wiggins Pass","2002-12-17","Nitrate",112.42245,"ppm",26.29167,-81.82,0.5
"1477",52018,"FIU_Estuaries","Henderson Creek","2002-12-17","Nitrate",7.95585,"ppm",26.0257,-81.7332,0.915
"1478",52033,"FIU_Estuaries","Highway Creek","2003-01-28","Nitrate",9.29985,"ppm",25.2536,-80.44415,0.855555555555556
"1479",52048,"FIU_Estuaries","Garfield Bight","2003-01-28","Nitrate",4.2693,"ppm",25.15048,-80.80922,0.905555555555556
"1480",52063,"FIU_Estuaries","Chokoloskee","2003-01-15","Nitrate",12.019245,"ppm",25.8075,-81.3495,0.8
"1481",52078,"FIU_Estuaries","Rabbit Key Pass","2003-01-15","Nitrate",8.10285,"ppm",25.77,-81.38333,1
"1482",52093,"FIU_Estuaries","Lopez Bay","2003-01-15","Nitrate",12.55555,"ppm",25.78417,-81.33217,1
"1483",52108,"FIU_Estuaries","Sunday Bay","2003-01-15","Nitrate",10.038,"ppm",25.796,-81.28,1
"1484",52123,"FIU_Estuaries","Huston Bay","2003-01-15","Nitrate",7.259,"ppm",25.753,-81.2555,1
"1485",52138,"FIU_Estuaries","Upper Chatham River","2003-01-15","Nitrate",5.90695,"ppm",25.7175,-81.2305,1
"1486",52153,"FIU_Estuaries","Huston River","2003-01-15","Nitrate",7.5635,"ppm",25.73133,-81.28467,1
"1487",52168,"FIU_Estuaries","Chevalier Bay","2003-01-15","Nitrate",3.556,"ppm",25.7125,-81.207,0.8
"1488",52183,"FIU_Estuaries","Alligator Bay","2003-01-15","Nitrate",1.358,"ppm",25.67017,-81.16867,1
"1489",52198,"FIU_Estuaries","Faka Union River","2003-01-16","Nitrate",10.42265,"ppm",25.9,-81.516,1
"1490",52213,"FIU_Estuaries","Blackwater River","2003-01-16","Nitrate",5.7022,"ppm",25.9298,-81.60032,0.8
"1491",52228,"FIU_Estuaries","First National","2003-01-21","Nitrate",4.5997,"ppm",26.04217,-81.76158,0.915
"1492",52243,"FIU_Estuaries","Wiggins Pass","2003-01-21","Nitrate",27.85685,"ppm",26.29167,-81.82,0.5
"1493",52258,"FIU_Estuaries","Henderson Creek","2003-01-21","Nitrate",6.02035,"ppm",26.0257,-81.7332,0.915
"1494",52273,"FIU_Estuaries","Highway Creek","2003-02-25","Nitrate",11.8545,"ppm",25.2536,-80.44415,0.855555555555556
"1495",52288,"FIU_Estuaries","Garfield Bight","2003-02-25","Nitrate",3.8465,"ppm",25.15048,-80.80922,0.905555555555556
"1496",52303,"FIU_Estuaries","Chokoloskee","2003-02-20","Nitrate",8.064707,"ppm",25.8075,-81.3495,0.8
"1497",52318,"FIU_Estuaries","Rabbit Key Pass","2003-02-20","Nitrate",4.2840805,"ppm",25.77,-81.38333,1
"1498",52333,"FIU_Estuaries","Lopez Bay","2003-02-20","Nitrate",7.8233085,"ppm",25.78417,-81.33217,1
"1499",52348,"FIU_Estuaries","Sunday Bay","2003-02-20","Nitrate",12.302514,"ppm",25.796,-81.28,1
"1500",52363,"FIU_Estuaries","Huston Bay","2003-02-20","Nitrate",6.0925865,"ppm",25.753,-81.2555,1
"1501",52378,"FIU_Estuaries","Upper Chatham River","2003-02-20","Nitrate",6.604136,"ppm",25.7175,-81.2305,1
"1502",52393,"FIU_Estuaries","Huston River","2003-02-20","Nitrate",8.0443335,"ppm",25.73133,-81.28467,1
"1503",52408,"FIU_Estuaries","Chevalier Bay","2003-02-20","Nitrate",9.155727,"ppm",25.7125,-81.207,0.8
"1504",52423,"FIU_Estuaries","Alligator Bay","2003-02-20","Nitrate",1.0185595,"ppm",25.67017,-81.16867,1
"1505",52438,"FIU_Estuaries","Faka Union River","2003-02-21","Nitrate",8.8863145,"ppm",25.9,-81.516,1
"1506",52453,"FIU_Estuaries","Blackwater River","2003-02-21","Nitrate",23.59133,"ppm",25.9298,-81.60032,0.8
"1507",52468,"FIU_Estuaries","First National","2003-02-18","Nitrate",5.19085,"ppm",26.04217,-81.76158,0.915
"1508",52483,"FIU_Estuaries","Wiggins Pass","2003-02-18","Nitrate",2.6439,"ppm",26.29167,-81.82,0.5
"1509",52498,"FIU_Estuaries","Henderson Creek","2003-02-18","Nitrate",11.6753,"ppm",26.0257,-81.7332,0.915
"1510",52513,"FIU_Estuaries","Highway Creek","2003-03-12","Nitrate",6.6654,"ppm",25.2536,-80.44415,0.855555555555556
"1511",52528,"FIU_Estuaries","Garfield Bight","2003-03-13","Nitrate",2.85635,"ppm",25.15048,-80.80922,0.905555555555556
"1512",52543,"FIU_Estuaries","Chokoloskee","2003-03-12","Nitrate",15.95685,"ppm",25.8075,-81.3495,0.8
"1513",52558,"FIU_Estuaries","Rabbit Key Pass","2003-03-12","Nitrate",4.0572,"ppm",25.77,-81.38333,1
"1514",52573,"FIU_Estuaries","Lopez Bay","2003-03-12","Nitrate",13.6171,"ppm",25.78417,-81.33217,1
"1515",52588,"FIU_Estuaries","Sunday Bay","2003-03-12","Nitrate",17.84825,"ppm",25.796,-81.28,1
"1516",52603,"FIU_Estuaries","Huston Bay","2003-03-12","Nitrate",20.27515,"ppm",25.753,-81.2555,1
"1517",52618,"FIU_Estuaries","Upper Chatham River","2003-03-12","Nitrate",34.58665,"ppm",25.7175,-81.2305,1
"1518",52633,"FIU_Estuaries","Huston River","2003-03-12","Nitrate",8.55085,"ppm",25.73133,-81.28467,1
"1519",52648,"FIU_Estuaries","Chevalier Bay","2003-03-12","Nitrate",11.7677,"ppm",25.7125,-81.207,0.8
"1520",52663,"FIU_Estuaries","Alligator Bay","2003-03-12","Nitrate",0.575050000000001,"ppm",25.67017,-81.16867,1
"1521",52678,"FIU_Estuaries","Faka Union River","2003-03-13","Nitrate",7.0119,"ppm",25.9,-81.516,1
"1522",52693,"FIU_Estuaries","Blackwater River","2003-03-13","Nitrate",18.1125,"ppm",25.9298,-81.60032,0.8
"1523",52708,"FIU_Estuaries","First National","2003-03-25","Nitrate",11.9259,"ppm",26.04217,-81.76158,0.915
"1524",52723,"FIU_Estuaries","Wiggins Pass","2003-03-25","Nitrate",5.47575,"ppm",26.29167,-81.82,0.5
"1525",52738,"FIU_Estuaries","Henderson Creek","2003-03-25","Nitrate",7.31535,"ppm",26.0257,-81.7332,0.915
"1526",52753,"FIU_Estuaries","Highway Creek","2003-04-09","Nitrate",26.63885,"ppm",25.2536,-80.44415,0.855555555555556
"1527",52768,"FIU_Estuaries","Garfield Bight","2003-04-09","Nitrate",7.1974,"ppm",25.15048,-80.80922,0.905555555555556
"1528",52783,"FIU_Estuaries","Chokoloskee","2003-04-01","Nitrate",29.106,"ppm",25.8075,-81.3495,0.8
"1529",52798,"FIU_Estuaries","Rabbit Key Pass","2003-04-01","Nitrate",8.281,"ppm",25.77,-81.38333,1
"1530",52813,"FIU_Estuaries","Lopez Bay","2003-04-01","Nitrate",46.13,"ppm",25.78417,-81.33217,1
"1531",52828,"FIU_Estuaries","Sunday Bay","2003-04-01","Nitrate",34.3595,"ppm",25.796,-81.28,1
"1532",52843,"FIU_Estuaries","Huston Bay","2003-04-01","Nitrate",21.9625,"ppm",25.753,-81.2555,1
"1533",52858,"FIU_Estuaries","Upper Chatham River","2003-04-01","Nitrate",41.6395,"ppm",25.7175,-81.2305,1
"1534",52873,"FIU_Estuaries","Huston River","2003-04-01","Nitrate",43.533,"ppm",25.73133,-81.28467,1
"1535",52888,"FIU_Estuaries","Chevalier Bay","2003-04-01","Nitrate",12.404,"ppm",25.7125,-81.207,0.8
"1536",52903,"FIU_Estuaries","Alligator Bay","2003-04-01","Nitrate",9.11645,"ppm",25.67017,-81.16867,1
"1537",52918,"FIU_Estuaries","Faka Union River","2003-04-02","Nitrate",21.43435,"ppm",25.9,-81.516,1
"1538",52933,"FIU_Estuaries","Blackwater River","2003-04-02","Nitrate",78.3265,"ppm",25.9298,-81.60032,0.8
"1539",52948,"FIU_Estuaries","First National","2003-04-23","Nitrate",4.872,"ppm",26.04217,-81.76158,0.915
"1540",52963,"FIU_Estuaries","Wiggins Pass","2003-04-23","Nitrate",5.5545,"ppm",26.29167,-81.82,0.5
"1541",52978,"FIU_Estuaries","Henderson Creek","2003-04-23","Nitrate",5.94125,"ppm",26.0257,-81.7332,0.915
"1542",52993,"FIU_Estuaries","Highway Creek","2003-05-07","Nitrate",28.8995,"ppm",25.2536,-80.44415,0.855555555555556
"1543",53008,"FIU_Estuaries","Garfield Bight","2003-05-08","Nitrate",8.4385,"ppm",25.15048,-80.80922,0.905555555555556
"1544",53023,"FIU_Estuaries","Chokoloskee","2003-05-13","Nitrate",2.3625,"ppm",25.8075,-81.3495,0.8
"1545",53038,"FIU_Estuaries","Rabbit Key Pass","2003-05-13","Nitrate",1.708,"ppm",25.77,-81.38333,1
"1546",53053,"FIU_Estuaries","Lopez Bay","2003-05-13","Nitrate",2.506,"ppm",25.78417,-81.33217,1
"1547",53068,"FIU_Estuaries","Sunday Bay","2003-05-13","Nitrate",15.8375,"ppm",25.796,-81.28,1
"1548",53083,"FIU_Estuaries","Huston Bay","2003-05-13","Nitrate",7.238,"ppm",25.753,-81.2555,1
"1549",53098,"FIU_Estuaries","Upper Chatham River","2003-05-13","Nitrate",6.671,"ppm",25.7175,-81.2305,1
"1550",53113,"FIU_Estuaries","Huston River","2003-05-13","Nitrate",9.555,"ppm",25.73133,-81.28467,1
"1551",53128,"FIU_Estuaries","Chevalier Bay","2003-05-13","Nitrate",5.817,"ppm",25.7125,-81.207,0.8
"1552",53143,"FIU_Estuaries","Alligator Bay","2003-05-13","Nitrate",13.615,"ppm",25.67017,-81.16867,1
"1553",53158,"FIU_Estuaries","Faka Union River","2003-05-14","Nitrate",7.777,"ppm",25.9,-81.516,1
"1554",53173,"FIU_Estuaries","Blackwater River","2003-05-14","Nitrate",8.2845,"ppm",25.9298,-81.60032,0.8
"1555",53188,"FIU_Estuaries","First National","2003-05-13","Nitrate",1.666,"ppm",26.04217,-81.76158,0.915
"1556",53203,"FIU_Estuaries","Wiggins Pass","2003-05-13","Nitrate",4.7509,"ppm",26.29167,-81.82,0.5
"1557",53218,"FIU_Estuaries","Henderson Creek","2003-05-13","Nitrate",2.079,"ppm",26.0257,-81.7332,0.915
"1558",53233,"FIU_Estuaries","Highway Creek","2003-06-11","Nitrate",25.9147,"ppm",25.2536,-80.44415,0.855555555555556
"1559",53248,"FIU_Estuaries","Garfield Bight","2003-06-10","Nitrate",4.4275,"ppm",25.15048,-80.80922,0.905555555555556
"1560",53263,"FIU_Estuaries","Chokoloskee","2003-06-10","Nitrate",84.00805,"ppm",25.8075,-81.3495,0.8
"1561",53278,"FIU_Estuaries","Rabbit Key Pass","2003-06-10","Nitrate",15.617,"ppm",25.77,-81.38333,1
"1562",53293,"FIU_Estuaries","Lopez Bay","2003-06-10","Nitrate",44.5564,"ppm",25.78417,-81.33217,1
"1563",53308,"FIU_Estuaries","Sunday Bay","2003-06-10","Nitrate",22.17145,"ppm",25.796,-81.28,1
"1564",53323,"FIU_Estuaries","Huston Bay","2003-06-10","Nitrate",17.6764,"ppm",25.753,-81.2555,1
"1565",53338,"FIU_Estuaries","Upper Chatham River","2003-06-10","Nitrate",104.42145,"ppm",25.7175,-81.2305,1
"1566",53353,"FIU_Estuaries","Huston River","2003-06-10","Nitrate",41.2993,"ppm",25.73133,-81.28467,1
"1567",53368,"FIU_Estuaries","Chevalier Bay","2003-06-10","Nitrate",14.7315,"ppm",25.7125,-81.207,0.8
"1568",53383,"FIU_Estuaries","Alligator Bay","2003-06-10","Nitrate",1.59845,"ppm",25.67017,-81.16867,1
"1569",53398,"FIU_Estuaries","Faka Union River","2003-06-11","Nitrate",19.3977,"ppm",25.9,-81.516,1
"1570",53413,"FIU_Estuaries","Blackwater River","2003-06-11","Nitrate",21.0777,"ppm",25.9298,-81.60032,0.8
"1571",53428,"FIU_Estuaries","First National","2003-06-17","Nitrate",3.598,"ppm",26.04217,-81.76158,0.915
"1572",53443,"FIU_Estuaries","Wiggins Pass","2003-06-17","Nitrate",34.28215,"ppm",26.29167,-81.82,0.5
"1573",53458,"FIU_Estuaries","Henderson Creek","2003-06-17","Nitrate",6.29265,"ppm",26.0257,-81.7332,0.915
"1574",53473,"FIU_Estuaries","Highway Creek","2003-07-02","Nitrate",22.18615,"ppm",25.2536,-80.44415,0.855555555555556
"1575",53488,"FIU_Estuaries","Garfield Bight","2003-07-01","Nitrate",7.54005,"ppm",25.15048,-80.80922,0.905555555555556
"1576",53503,"FIU_Estuaries","Chokoloskee","2003-07-02","Nitrate",5.5097,"ppm",25.8075,-81.3495,0.8
"1577",53518,"FIU_Estuaries","Rabbit Key Pass","2003-07-02","Nitrate",6.78335,"ppm",25.77,-81.38333,1
"1578",53533,"FIU_Estuaries","Lopez Bay","2003-07-02","Nitrate",15.40315,"ppm",25.78417,-81.33217,1
"1579",53548,"FIU_Estuaries","Sunday Bay","2003-07-02","Nitrate",3.2242,"ppm",25.796,-81.28,1
"1580",53563,"FIU_Estuaries","Huston Bay","2003-07-02","Nitrate",7.259,"ppm",25.753,-81.2555,1
"1581",53578,"FIU_Estuaries","Upper Chatham River","2003-07-02","Nitrate",67.585,"ppm",25.7175,-81.2305,1
"1582",53593,"FIU_Estuaries","Huston River","2003-07-02","Nitrate",25.65325,"ppm",25.73133,-81.28467,1
"1583",53608,"FIU_Estuaries","Chevalier Bay","2003-07-02","Nitrate",57.72585,"ppm",25.7125,-81.207,0.8
"1584",53623,"FIU_Estuaries","Alligator Bay","2003-07-02","Nitrate",0.41265,"ppm",25.67017,-81.16867,1
"1585",53638,"FIU_Estuaries","Faka Union River","2003-07-03","Nitrate",12.26365,"ppm",25.9,-81.516,1
"1586",53653,"FIU_Estuaries","Blackwater River","2003-07-03","Nitrate",34.0018,"ppm",25.9298,-81.60032,0.8
"1587",53668,"FIU_Estuaries","First National","2003-07-07","Nitrate",10.9039,"ppm",26.04217,-81.76158,0.915
"1588",53683,"FIU_Estuaries","Wiggins Pass","2003-07-07","Nitrate",96.13135,"ppm",26.29167,-81.82,0.5
"1589",53698,"FIU_Estuaries","Henderson Creek","2003-07-07","Nitrate",8.47945,"ppm",26.0257,-81.7332,0.915
"1590",53713,"FIU_Estuaries","Highway Creek","2003-08-21","Nitrate",3.5805,"ppm",25.2536,-80.44415,0.855555555555556
"1591",53728,"FIU_Estuaries","Garfield Bight","2003-08-25","Nitrate",0.9765,"ppm",25.15048,-80.80922,0.905555555555556
"1592",53743,"FIU_Estuaries","Chokoloskee","2003-08-26","Nitrate",59.0415,"ppm",25.8075,-81.3495,0.8
"1593",53758,"FIU_Estuaries","Rabbit Key Pass","2003-08-26","Nitrate",8.001,"ppm",25.77,-81.38333,1
"1594",53773,"FIU_Estuaries","Lopez Bay","2003-08-26","Nitrate",27.77845,"ppm",25.78417,-81.33217,1
"1595",53788,"FIU_Estuaries","Sunday Bay","2003-08-26","Nitrate",NA,"ppm",25.796,-81.28,1
"1596",53803,"FIU_Estuaries","Huston Bay","2003-08-26","Nitrate",0.21245,"ppm",25.753,-81.2555,1
"1597",53818,"FIU_Estuaries","Upper Chatham River","2003-08-26","Nitrate",45.51995,"ppm",25.7175,-81.2305,1
"1598",53833,"FIU_Estuaries","Huston River","2003-08-26","Nitrate",NA,"ppm",25.73133,-81.28467,1
"1599",53848,"FIU_Estuaries","Chevalier Bay","2003-08-26","Nitrate",34.77285,"ppm",25.7125,-81.207,0.8
"1600",53863,"FIU_Estuaries","Alligator Bay","2003-08-26","Nitrate",NA,"ppm",25.67017,-81.16867,1
"1601",53878,"FIU_Estuaries","Faka Union River","2003-08-27","Nitrate",25.599,"ppm",25.9,-81.516,1
"1602",53893,"FIU_Estuaries","Blackwater River","2003-08-27","Nitrate",48.67415,"ppm",25.9298,-81.60032,0.8
"1603",53908,"FIU_Estuaries","First National","2003-08-13","Nitrate",17.5945,"ppm",26.04217,-81.76158,0.915
"1604",53923,"FIU_Estuaries","Wiggins Pass","2003-08-13","Nitrate",75.3935,"ppm",26.29167,-81.82,0.5
"1605",53938,"FIU_Estuaries","Henderson Creek","2003-08-13","Nitrate",17.038,"ppm",26.0257,-81.7332,0.915
"1606",53953,"FIU_Estuaries","Highway Creek","2003-09-08","Nitrate",6.524,"ppm",25.2536,-80.44415,0.855555555555556
"1607",53968,"FIU_Estuaries","Garfield Bight","2003-09-09","Nitrate",0.710499999999999,"ppm",25.15048,-80.80922,0.905555555555556
"1608",53983,"FIU_Estuaries","Chokoloskee","2003-09-16","Nitrate",13.0249,"ppm",25.8075,-81.3495,0.8
"1609",53998,"FIU_Estuaries","Rabbit Key Pass","2003-09-16","Nitrate",2.1301,"ppm",25.77,-81.38333,1
"1610",54013,"FIU_Estuaries","Lopez Bay","2003-09-16","Nitrate",20.87925,"ppm",25.78417,-81.33217,1
"1611",54028,"FIU_Estuaries","Sunday Bay","2003-09-16","Nitrate",NA,"ppm",25.796,-81.28,1
"1612",54043,"FIU_Estuaries","Huston Bay","2003-09-16","Nitrate",NA,"ppm",25.753,-81.2555,1
"1613",54058,"FIU_Estuaries","Upper Chatham River","2003-09-16","Nitrate",36.6408,"ppm",25.7175,-81.2305,1
"1614",54073,"FIU_Estuaries","Huston River","2003-09-16","Nitrate",NA,"ppm",25.73133,-81.28467,1
"1615",54088,"FIU_Estuaries","Chevalier Bay","2003-09-16","Nitrate",25.66025,"ppm",25.7125,-81.207,0.8
"1616",54103,"FIU_Estuaries","Alligator Bay","2003-09-16","Nitrate",NA,"ppm",25.67017,-81.16867,1
"1617",54118,"FIU_Estuaries","Faka Union River","2003-09-19","Nitrate",17.86225,"ppm",25.9,-81.516,1
"1618",54133,"FIU_Estuaries","Blackwater River","2003-09-19","Nitrate",25.6585,"ppm",25.9298,-81.60032,0.8
"1619",54148,"FIU_Estuaries","First National","2003-09-23","Nitrate",5.5181,"ppm",26.04217,-81.76158,0.915
"1620",54163,"FIU_Estuaries","Wiggins Pass","2003-09-23","Nitrate",63.59815,"ppm",26.29167,-81.82,0.5
"1621",54178,"FIU_Estuaries","Henderson Creek","2003-09-23","Nitrate",8.09795,"ppm",26.0257,-81.7332,0.915
"1622",54193,"FIU_Estuaries","Highway Creek","2003-10-16","Nitrate",4.0145,"ppm",25.2536,-80.44415,0.855555555555556
"1623",54208,"FIU_Estuaries","Garfield Bight","2003-10-15","Nitrate",0.2205,"ppm",25.15048,-80.80922,0.905555555555556
"1624",54223,"FIU_Estuaries","Chokoloskee","2003-10-15","Nitrate",15.19,"ppm",25.8075,-81.3495,0.8
"1625",54238,"FIU_Estuaries","Rabbit Key Pass","2003-10-15","Nitrate",20.7165,"ppm",25.77,-81.38333,1
"1626",54253,"FIU_Estuaries","Lopez Bay","2003-10-15","Nitrate",16.114,"ppm",25.78417,-81.33217,1
"1627",54268,"FIU_Estuaries","Sunday Bay","2003-10-15","Nitrate",5.173,"ppm",25.796,-81.28,1
"1628",54283,"FIU_Estuaries","Huston Bay","2003-10-15","Nitrate",1.5085,"ppm",25.753,-81.2555,1
"1629",54298,"FIU_Estuaries","Upper Chatham River","2003-10-15","Nitrate",11.3925,"ppm",25.7175,-81.2305,1
"1630",54313,"FIU_Estuaries","Huston River","2003-10-15","Nitrate",NA,"ppm",25.73133,-81.28467,1
"1631",54328,"FIU_Estuaries","Chevalier Bay","2003-10-15","Nitrate",4.683,"ppm",25.7125,-81.207,0.8
"1632",54343,"FIU_Estuaries","Alligator Bay","2003-10-15","Nitrate",NA,"ppm",25.67017,-81.16867,1
"1633",54358,"FIU_Estuaries","Faka Union River","2003-10-16","Nitrate",31.549,"ppm",25.9,-81.516,1
"1634",54373,"FIU_Estuaries","Blackwater River","2003-10-16","Nitrate",12.5055,"ppm",25.9298,-81.60032,0.8
"1635",54388,"FIU_Estuaries","First National","2003-10-21","Nitrate",9.772,"ppm",26.04217,-81.76158,0.915
"1636",54403,"FIU_Estuaries","Wiggins Pass","2003-10-21","Nitrate",53.788,"ppm",26.29167,-81.82,0.5
"1637",54418,"FIU_Estuaries","Henderson Creek","2003-10-21","Nitrate",5.915,"ppm",26.0257,-81.7332,0.915
"1638",54433,"FIU_Estuaries","Highway Creek","2003-11-05","Nitrate",7.1491,"ppm",25.2536,-80.44415,0.855555555555556
"1639",54448,"FIU_Estuaries","Garfield Bight","2003-11-07","Nitrate",3.1864,"ppm",25.15048,-80.80922,0.905555555555556
"1640",54463,"FIU_Estuaries","Chokoloskee","2003-11-04","Nitrate",17.7625,"ppm",25.8075,-81.3495,0.8
"1641",54478,"FIU_Estuaries","Rabbit Key Pass","2003-11-04","Nitrate",13.5485,"ppm",25.77,-81.38333,1
"1642",54493,"FIU_Estuaries","Lopez Bay","2003-11-04","Nitrate",18.4485,"ppm",25.78417,-81.33217,1
"1643",54508,"FIU_Estuaries","Sunday Bay","2003-11-04","Nitrate",0.759500000000001,"ppm",25.796,-81.28,1
"1644",54523,"FIU_Estuaries","Huston Bay","2003-11-04","Nitrate",8.792,"ppm",25.753,-81.2555,1
"1645",54538,"FIU_Estuaries","Upper Chatham River","2003-11-04","Nitrate",24.4615,"ppm",25.7175,-81.2305,1
"1646",54553,"FIU_Estuaries","Huston River","2003-11-04","Nitrate",NA,"ppm",25.73133,-81.28467,1
"1647",54568,"FIU_Estuaries","Chevalier Bay","2003-11-04","Nitrate",5.418,"ppm",25.7125,-81.207,0.8
"1648",54583,"FIU_Estuaries","Alligator Bay","2003-11-04","Nitrate",11.9595,"ppm",25.67017,-81.16867,1
"1649",54598,"FIU_Estuaries","Faka Union River","2003-11-05","Nitrate",29.4,"ppm",25.9,-81.516,1
"1650",54613,"FIU_Estuaries","Blackwater River","2003-11-05","Nitrate",21.854,"ppm",25.9298,-81.60032,0.8
"1651",54628,"FIU_Estuaries","First National","2003-11-18","Nitrate",9.6887,"ppm",26.04217,-81.76158,0.915
"1652",54643,"FIU_Estuaries","Wiggins Pass","2003-11-18","Nitrate",105.0035,"ppm",26.29167,-81.82,0.5
"1653",54658,"FIU_Estuaries","Henderson Creek","2003-11-18","Nitrate",1.6275,"ppm",26.0257,-81.7332,0.915
"1654",54673,"FIU_Estuaries","Highway Creek","2003-12-02","Nitrate",7.0665,"ppm",25.2536,-80.44415,0.855555555555556
"1655",54688,"FIU_Estuaries","Garfield Bight","2003-12-03","Nitrate",3.801,"ppm",25.15048,-80.80922,0.905555555555556
"1656",54703,"FIU_Estuaries","Chokoloskee","2003-12-02","Nitrate",12.0085,"ppm",25.8075,-81.3495,0.8
"1657",54718,"FIU_Estuaries","Rabbit Key Pass","2003-12-02","Nitrate",8.9285,"ppm",25.77,-81.38333,1
"1658",54733,"FIU_Estuaries","Lopez Bay","2003-12-02","Nitrate",12.285,"ppm",25.78417,-81.33217,1
"1659",54748,"FIU_Estuaries","Sunday Bay","2003-12-02","Nitrate",1.645,"ppm",25.796,-81.28,1
"1660",54763,"FIU_Estuaries","Huston Bay","2003-12-02","Nitrate",2.2785,"ppm",25.753,-81.2555,1
"1661",54778,"FIU_Estuaries","Upper Chatham River","2003-12-02","Nitrate",23.9715,"ppm",25.7175,-81.2305,1
"1662",54793,"FIU_Estuaries","Huston River","2003-12-02","Nitrate",3.2137,"ppm",25.73133,-81.28467,1
"1663",54808,"FIU_Estuaries","Chevalier Bay","2003-12-02","Nitrate",19.6126,"ppm",25.7125,-81.207,0.8
"1664",54823,"FIU_Estuaries","Alligator Bay","2003-12-02","Nitrate",NA,"ppm",25.67017,-81.16867,1
"1665",54838,"FIU_Estuaries","Faka Union River","2003-12-03","Nitrate",18.2875,"ppm",25.9,-81.516,1
"1666",54853,"FIU_Estuaries","Blackwater River","2003-12-03","Nitrate",4.9385,"ppm",25.9298,-81.60032,0.8
"1667",54868,"FIU_Estuaries","First National","2003-12-09","Nitrate",1.3195,"ppm",26.04217,-81.76158,0.915
"1668",54883,"FIU_Estuaries","Wiggins Pass","2003-12-10","Nitrate",8.519,"ppm",26.29167,-81.82,0.5
"1669",54898,"FIU_Estuaries","Henderson Creek","2003-12-09","Nitrate",0.931,"ppm",26.0257,-81.7332,0.915
"1670",54913,"FIU_Estuaries","Highway Creek","2004-01-22","Nitrate",15.421,"ppm",25.2536,-80.44415,0.855555555555556
"1671",54928,"FIU_Estuaries","Garfield Bight","2004-01-21","Nitrate",17.2235,"ppm",25.15048,-80.80922,0.905555555555556
"1672",54943,"FIU_Estuaries","Chokoloskee","2004-01-27","Nitrate",3.6785,"ppm",25.8075,-81.3495,0.8
"1673",54958,"FIU_Estuaries","Rabbit Key Pass","2004-01-27","Nitrate",3.0835,"ppm",25.77,-81.38333,1
"1674",54973,"FIU_Estuaries","Lopez Bay","2004-01-27","Nitrate",5.929,"ppm",25.78417,-81.33217,1
"1675",54988,"FIU_Estuaries","Sunday Bay","2004-01-27","Nitrate",9.674,"ppm",25.796,-81.28,1
"1676",55003,"FIU_Estuaries","Huston Bay","2004-01-27","Nitrate",9.821,"ppm",25.753,-81.2555,1
"1677",55018,"FIU_Estuaries","Upper Chatham River","2004-01-27","Nitrate",13.1285,"ppm",25.7175,-81.2305,1
"1678",55033,"FIU_Estuaries","Huston River","2004-01-27","Nitrate",11.557,"ppm",25.73133,-81.28467,1
"1679",55048,"FIU_Estuaries","Chevalier Bay","2004-01-27","Nitrate",12.1765,"ppm",25.7125,-81.207,0.8
"1680",55063,"FIU_Estuaries","Alligator Bay","2004-01-27","Nitrate",NA,"ppm",25.67017,-81.16867,1
"1681",55078,"FIU_Estuaries","Faka Union River","2004-01-28","Nitrate",6.5415,"ppm",25.9,-81.516,1
"1682",55093,"FIU_Estuaries","Blackwater River","2004-01-28","Nitrate",10.437,"ppm",25.9298,-81.60032,0.8
"1683",55108,"FIU_Estuaries","First National","2004-01-09","Nitrate",4.5255,"ppm",26.04217,-81.76158,0.915
"1684",55123,"FIU_Estuaries","Wiggins Pass","2004-01-08","Nitrate",16.3905,"ppm",26.29167,-81.82,0.5
"1685",55138,"FIU_Estuaries","Henderson Creek","2004-01-09","Nitrate",3.5665,"ppm",26.0257,-81.7332,0.915
"1686",55153,"FIU_Estuaries","Highway Creek","2004-02-25","Nitrate",11.3309,"ppm",25.2536,-80.44415,0.855555555555556
"1687",55168,"FIU_Estuaries","Garfield Bight","2004-02-24","Nitrate",22.6401,"ppm",25.15048,-80.80922,0.905555555555556
"1688",55183,"FIU_Estuaries","Chokoloskee","2004-02-17","Nitrate",6.9224645,"ppm",25.8075,-81.3495,0.8
"1689",55198,"FIU_Estuaries","Rabbit Key Pass","2004-02-17","Nitrate",5.581394,"ppm",25.77,-81.38333,1
"1690",55213,"FIU_Estuaries","Lopez Bay","2004-02-17","Nitrate",14.8214185,"ppm",25.78417,-81.33217,1
"1691",55228,"FIU_Estuaries","Sunday Bay","2004-02-17","Nitrate",19.36312,"ppm",25.796,-81.28,1
"1692",55243,"FIU_Estuaries","Huston Bay","2004-02-17","Nitrate",11.3053185,"ppm",25.753,-81.2555,1
"1693",55258,"FIU_Estuaries","Upper Chatham River","2004-02-17","Nitrate",24.037972,"ppm",25.7175,-81.2305,1
"1694",55273,"FIU_Estuaries","Huston River","2004-02-17","Nitrate",11.913377,"ppm",25.73133,-81.28467,1
"1695",55288,"FIU_Estuaries","Chevalier Bay","2004-02-17","Nitrate",20.022576,"ppm",25.7125,-81.207,0.8
"1696",55303,"FIU_Estuaries","Alligator Bay","2004-02-17","Nitrate",NA,"ppm",25.67017,-81.16867,1
"1697",55318,"FIU_Estuaries","Faka Union River","2004-02-18","Nitrate",18.680914,"ppm",25.9,-81.516,1
"1698",55333,"FIU_Estuaries","Blackwater River","2004-02-18","Nitrate",20.3109935,"ppm",25.9298,-81.60032,0.8
"1699",55348,"FIU_Estuaries","First National","2004-02-03","Nitrate",9.81575,"ppm",26.04217,-81.76158,0.915
"1700",55363,"FIU_Estuaries","Wiggins Pass","2004-02-04","Nitrate",75.446994,"ppm",26.29167,-81.82,0.5
"1701",55378,"FIU_Estuaries","Henderson Creek","2004-02-03","Nitrate",4.00785,"ppm",26.0257,-81.7332,0.915
"1702",55393,"FIU_Estuaries","Highway Creek","2004-03-29","Nitrate",7.9884,"ppm",25.2536,-80.44415,0.855555555555556
"1703",55408,"FIU_Estuaries","Garfield Bight","2004-03-23","Nitrate",40.30285,"ppm",25.15048,-80.80922,0.905555555555556
"1704",55423,"FIU_Estuaries","Chokoloskee","2004-03-09","Nitrate",22.41575,"ppm",25.8075,-81.3495,0.8
"1705",55438,"FIU_Estuaries","Rabbit Key Pass","2004-03-09","Nitrate",3.3873,"ppm",25.77,-81.38333,1
"1706",55453,"FIU_Estuaries","Lopez Bay","2004-03-09","Nitrate",42.71505,"ppm",25.78417,-81.33217,1
"1707",55468,"FIU_Estuaries","Sunday Bay","2004-03-09","Nitrate",30.9183,"ppm",25.796,-81.28,1
"1708",55483,"FIU_Estuaries","Huston Bay","2004-03-09","Nitrate",24.97005,"ppm",25.753,-81.2555,1
"1709",55498,"FIU_Estuaries","Upper Chatham River","2004-03-09","Nitrate",53.49715,"ppm",25.7175,-81.2305,1
"1710",55513,"FIU_Estuaries","Huston River","2004-03-09","Nitrate",45.75935,"ppm",25.73133,-81.28467,1
"1711",55528,"FIU_Estuaries","Chevalier Bay","2004-03-09","Nitrate",63.19215,"ppm",25.7125,-81.207,0.8
"1712",55543,"FIU_Estuaries","Alligator Bay","2004-03-09","Nitrate",0.3948,"ppm",25.67017,-81.16867,1
"1713",55558,"FIU_Estuaries","Faka Union River","2004-03-10","Nitrate",6.66575,"ppm",25.9,-81.516,1
"1714",55573,"FIU_Estuaries","Blackwater River","2004-03-10","Nitrate",5.96855,"ppm",25.9298,-81.60032,0.8
"1715",55588,"FIU_Estuaries","First National","2004-03-09","Nitrate",4.7033,"ppm",26.04217,-81.76158,0.915
"1716",55603,"FIU_Estuaries","Wigging Pass","2004-03-09","Nitrate",9.09755,"ppm",26.29167,-81.82,0.5
"1717",55618,"FIU_Estuaries","Henderson Creek","2004-03-09","Nitrate",5.64515,"ppm",26.0257,-81.7332,0.915
"1718",55633,"FIU_Estuaries","Highway Creek","2004-04-22","Nitrate",5.53805,"ppm",25.2536,-80.44415,0.855555555555556
"1719",55648,"FIU_Estuaries","Garfield Bight","2004-04-21","Nitrate",7.11235,"ppm",25.15048,-80.80922,0.905555555555556
"1720",55663,"FIU_Estuaries","Chokoloskee","2004-04-03","Nitrate",4.963,"ppm",25.8075,-81.3495,0.8
"1721",55678,"FIU_Estuaries","Rabbit Key Pass","2004-04-06","Nitrate",2.0405,"ppm",25.77,-81.38333,1
"1722",55693,"FIU_Estuaries","Lopez Bay","2004-04-06","Nitrate",4.3015,"ppm",25.78417,-81.33217,1
"1723",55708,"FIU_Estuaries","Sunday Bay","2004-04-06","Nitrate",7.7175,"ppm",25.796,-81.28,1
"1724",55723,"FIU_Estuaries","Huston Bay","2004-04-06","Nitrate",8.3153,"ppm",25.753,-81.2555,1
"1725",55738,"FIU_Estuaries","Upper Chatham River","2004-04-06","Nitrate",8.3153,"ppm",25.7175,-81.2305,1
"1726",55753,"FIU_Estuaries","Huston River","2004-04-06","Nitrate",9.4325,"ppm",25.73133,-81.28467,1
"1727",55768,"FIU_Estuaries","Chevalier Bay","2004-04-06","Nitrate",12.1135,"ppm",25.7125,-81.207,0.8
"1728",55783,"FIU_Estuaries","Alligator Bay","2004-04-06","Nitrate",3.3985,"ppm",25.67017,-81.16867,1
"1729",55798,"FIU_Estuaries","Faka Union River","2004-04-07","Nitrate",3.4265,"ppm",25.9,-81.516,1
"1730",55813,"FIU_Estuaries","Blackwater River","2004-04-07","Nitrate",1.9845,"ppm",25.9298,-81.60032,0.8
"1731",55828,"FIU_Estuaries","First National","2004-04-06","Nitrate",4.47195,"ppm",26.04217,-81.76158,0.915
"1732",55843,"FIU_Estuaries","Wiggins Pass","2004-04-06","Nitrate",11.34245,"ppm",26.29167,-81.82,0.5
"1733",55858,"FIU_Estuaries","Henderson Creek","2004-04-06","Nitrate",2.35025,"ppm",26.0257,-81.7332,0.915
"1734",55873,"FIU_Estuaries","Highway Creek","2004-05-20","Nitrate",3.05445,"ppm",25.2536,-80.44415,0.855555555555556
"1735",55888,"FIU_Estuaries","Garfield Bight","2004-05-21","Nitrate",2.0412,"ppm",25.15048,-80.80922,0.905555555555556
"1736",55903,"FIU_Estuaries","Chokoloskee","2004-05-25","Nitrate",1.02515,"ppm",25.8075,-81.3495,0.8
"1737",55918,"FIU_Estuaries","Rabbit Key Pass","2004-05-25","Nitrate",1.5022,"ppm",25.77,-81.38333,1
"1738",55933,"FIU_Estuaries","Lopez Bay","2004-05-25","Nitrate",1.9621,"ppm",25.78417,-81.33217,1
"1739",55948,"FIU_Estuaries","Sunday Bay","2004-05-25","Nitrate",5.0386,"ppm",25.796,-81.28,1
"1740",55963,"FIU_Estuaries","Huston Bay","2004-05-25","Nitrate",2.6075,"ppm",25.753,-81.2555,1
"1741",55978,"FIU_Estuaries","Upper Chatham River","2004-05-25","Nitrate",2.28165,"ppm",25.7175,-81.2305,1
"1742",55993,"FIU_Estuaries","Huston River","2004-05-25","Nitrate",5.2332,"ppm",25.73133,-81.28467,1
"1743",56008,"FIU_Estuaries","Chevalier Bay","2004-05-25","Nitrate",6.5457,"ppm",25.7125,-81.207,0.8
"1744",56023,"FIU_Estuaries","Alligator Bay","2004-05-25","Nitrate",13.104,"ppm",25.67017,-81.16867,1
"1745",56038,"FIU_Estuaries","Faka Union River","2004-05-26","Nitrate",5.0995,"ppm",25.9,-81.516,1
"1746",56053,"FIU_Estuaries","Blackwater River","2004-05-26","Nitrate",1.491,"ppm",25.9298,-81.60032,0.8
"1747",56068,"FIU_Estuaries","First National","2004-05-04","Nitrate",2.320801,"ppm",26.04217,-81.76158,0.915
"1748",56083,"FIU_Estuaries","Wiggins Pass","2004-05-05","Nitrate",9.4457895,"ppm",26.29167,-81.82,0.5
"1749",56098,"FIU_Estuaries","Henderson Creek","2004-05-04","Nitrate",4.4835805,"ppm",26.0257,-81.7332,0.915
"1750",56113,"FIU_Estuaries","Highway Creek","2004-06-29","Nitrate",11.5493,"ppm",25.2536,-80.44415,0.855555555555556
"1751",56128,"FIU_Estuaries","Garfield Bight","2004-06-28","Nitrate",8.2768,"ppm",25.15048,-80.80922,0.905555555555556
"1752",56143,"FIU_Estuaries","Chokoloskee","2004-06-15","Nitrate",2.5676,"ppm",25.8075,-81.3495,0.8
"1753",56158,"FIU_Estuaries","Rabbit Key Pass","2004-06-15","Nitrate",1.1326,"ppm",25.77,-81.38333,1
"1754",56173,"FIU_Estuaries","Lopez Bay","2004-06-15","Nitrate",3.2025,"ppm",25.78417,-81.33217,1
"1755",56188,"FIU_Estuaries","Sunday Bay","2004-06-15","Nitrate",21.3549,"ppm",25.796,-81.28,1
"1756",56203,"FIU_Estuaries","Huston Bay","2004-06-15","Nitrate",34.2342,"ppm",25.753,-81.2555,1
"1757",56218,"FIU_Estuaries","Upper Chatham River","2004-06-15","Nitrate",29.07275,"ppm",25.7175,-81.2305,1
"1758",56233,"FIU_Estuaries","Huston River","2004-06-15","Nitrate",10.48845,"ppm",25.73133,-81.28467,1
"1759",56248,"FIU_Estuaries","Chevalier Bay","2004-06-15","Nitrate",7.4088,"ppm",25.7125,-81.207,0.8
"1760",56263,"FIU_Estuaries","Alligator Bay","2004-06-15","Nitrate",14.24185,"ppm",25.67017,-81.16867,1
"1761",56278,"FIU_Estuaries","Faka Union River","2004-06-16","Nitrate",20.08265,"ppm",25.9,-81.516,1
"1762",56293,"FIU_Estuaries","Blackwater River","2004-06-16","Nitrate",11.3904,"ppm",25.9298,-81.60032,0.8
"1763",56308,"FIU_Estuaries","First National","2004-06-08","Nitrate",1.197,"ppm",26.04217,-81.76158,0.915
"1764",56323,"FIU_Estuaries","Wiggins Pass","2004-06-07","Nitrate",2.527,"ppm",26.29167,-81.82,0.5
"1765",56338,"FIU_Estuaries","Henderson Creek","2004-06-08","Nitrate",1.1235,"ppm",26.0257,-81.7332,0.915
"1766",56353,"FIU_Estuaries","Highway Creek","2004-07-28","Nitrate",6.7011,"ppm",25.2536,-80.44415,0.855555555555556
"1767",56368,"FIU_Estuaries","Garfield Bight","2004-07-27","Nitrate",6.1411,"ppm",25.15048,-80.80922,0.905555555555556
"1768",56383,"FIU_Estuaries","Chokoloskee","2004-07-16","Nitrate",1.8718,"ppm",25.8075,-81.3495,0.8
"1769",56398,"FIU_Estuaries","Rabbit Key Pass","2004-07-16","Nitrate",0.84105,"ppm",25.77,-81.38333,1
"1770",56413,"FIU_Estuaries","Lopez Bay","2004-07-16","Nitrate",4.7369,"ppm",25.78417,-81.33217,1
"1771",56428,"FIU_Estuaries","Sunday Bay","2004-07-16","Nitrate",8.44935,"ppm",25.796,-81.28,1
"1772",56443,"FIU_Estuaries","Huston Bay","2004-07-16","Nitrate",3.41425,"ppm",25.753,-81.2555,1
"1773",56458,"FIU_Estuaries","Upper Chatham River","2004-07-16","Nitrate",6.28005,"ppm",25.7175,-81.2305,1
"1774",56473,"FIU_Estuaries","Huston River","2004-07-16","Nitrate",5.58705,"ppm",25.73133,-81.28467,1
"1775",56488,"FIU_Estuaries","Chevalier Bay","2004-07-16","Nitrate",3.9312,"ppm",25.7125,-81.207,0.8
"1776",56503,"FIU_Estuaries","Alligator Bay","2004-07-16","Nitrate",10.21265,"ppm",25.67017,-81.16867,1
"1777",56518,"FIU_Estuaries","Faka Union River","2004-07-15","Nitrate",3.34565,"ppm",25.9,-81.516,1
"1778",56533,"FIU_Estuaries","Blackwater River","2004-07-15","Nitrate",4.69665,"ppm",25.9298,-81.60032,0.8
"1779",56548,"FIU_Estuaries","First National","2004-07-01","Nitrate",0.34195,"ppm",26.04217,-81.76158,0.915
"1780",56563,"FIU_Estuaries","Wiggins Pass","2004-07-01","Nitrate",4.9245,"ppm",26.29167,-81.82,0.5
"1781",56578,"FIU_Estuaries","Henderson Creek","2004-07-01","Nitrate",2.48255,"ppm",26.0257,-81.7332,0.915
"1782",56593,"FIU_Estuaries","Highway Creek","2004-08-25","Nitrate",35.119,"ppm",25.2536,-80.44415,0.855555555555556
"1783",56608,"FIU_Estuaries","Garfield Bight","2004-08-24","Nitrate",0.7455,"ppm",25.15048,-80.80922,0.905555555555556
"1784",56623,"FIU_Estuaries","Chokoloskee","2004-08-20","Nitrate",46.5927,"ppm",25.8075,-81.3495,0.8
"1785",56638,"FIU_Estuaries","Rabbit Key Pass","2004-08-20","Nitrate",51.4724,"ppm",25.77,-81.38333,1
"1786",56653,"FIU_Estuaries","Lopez Bay","2004-08-20","Nitrate",66.3936,"ppm",25.78417,-81.33217,1
"1787",56668,"FIU_Estuaries","Sunday Bay","2004-08-20","Nitrate",25.98225,"ppm",25.796,-81.28,1
"1788",56683,"FIU_Estuaries","Huston Bay","2004-08-20","Nitrate",39.2861,"ppm",25.753,-81.2555,1
"1789",56698,"FIU_Estuaries","Upper Chatham River","2004-08-20","Nitrate",55.40325,"ppm",25.7175,-81.2305,1
"1790",56713,"FIU_Estuaries","Huston River","2004-08-20","Nitrate",34.1831,"ppm",25.73133,-81.28467,1
"1791",56728,"FIU_Estuaries","Chevalier Bay","2004-08-20","Nitrate",20.77355,"ppm",25.7125,-81.207,0.8
"1792",56743,"FIU_Estuaries","Alligator Bay","2004-08-20","Nitrate",3.9452,"ppm",25.67017,-81.16867,1
"1793",56758,"FIU_Estuaries","Faka Union River","2004-08-19","Nitrate",38.31135,"ppm",25.9,-81.516,1
"1794",56773,"FIU_Estuaries","Blackwater River","2004-08-19","Nitrate",19.8387,"ppm",25.9298,-81.60032,0.8
"1795",56788,"FIU_Estuaries","First National","2004-08-17","Nitrate",7.6272,"ppm",26.04217,-81.76158,0.915
"1796",56803,"FIU_Estuaries","Wiggins Pass","2004-08-16","Nitrate",133.92715,"ppm",26.29167,-81.82,0.5
"1797",56818,"FIU_Estuaries","Henderson Creek","2004-08-17","Nitrate",25.0418,"ppm",26.0257,-81.7332,0.915
"1798",56833,"FIU_Estuaries","Highway Creek","2004-09-29","Nitrate",22.2845,"ppm",25.2536,-80.44415,0.855555555555556
"1799",56848,"FIU_Estuaries","Garfield Bight","2004-09-28","Nitrate",2.254,"ppm",25.15048,-80.80922,0.905555555555556
"1800",56863,"FIU_Estuaries","Chokoloskee","2004-09-21","Nitrate",70.59115,"ppm",25.8075,-81.3495,0.8
"1801",56878,"FIU_Estuaries","Rabbit Key Pass","2004-09-21","Nitrate",77.0756,"ppm",25.77,-81.38333,1
"1802",56893,"FIU_Estuaries","Lopez Bay","2004-09-21","Nitrate",82.2661,"ppm",25.78417,-81.33217,1
"1803",56908,"FIU_Estuaries","Sunday Bay","2004-09-21","Nitrate",20.5982,"ppm",25.796,-81.28,1
"1804",56923,"FIU_Estuaries","Huston Bay","2004-09-21","Nitrate",24.9326,"ppm",25.753,-81.2555,1
"1805",56938,"FIU_Estuaries","Upper Chatham River","2004-09-21","Nitrate",77.53865,"ppm",25.7175,-81.2305,1
"1806",56953,"FIU_Estuaries","Huston River","2004-09-21","Nitrate",24.05725,"ppm",25.73133,-81.28467,1
"1807",56968,"FIU_Estuaries","Chevalier Bay","2004-09-21","Nitrate",24.63405,"ppm",25.7125,-81.207,0.8
"1808",56983,"FIU_Estuaries","Alligator Bay","2004-09-21","Nitrate",13.6479,"ppm",25.67017,-81.16867,1
"1809",56998,"FIU_Estuaries","Faka Union River","2004-09-23","Nitrate",22.55365,"ppm",25.9,-81.516,1
"1810",57013,"FIU_Estuaries","Blackwater River","2004-09-23","Nitrate",32.34665,"ppm",25.9298,-81.60032,0.8
"1811",57028,"FIU_Estuaries","First National","2004-09-21","Nitrate",16.35935,"ppm",26.04217,-81.76158,0.915
"1812",57043,"FIU_Estuaries","Wiggins Pass","2004-09-20","Nitrate",105.6209,"ppm",26.29167,-81.82,0.5
"1813",57058,"FIU_Estuaries","Henderson Creek","2004-09-21","Nitrate",8.659,"ppm",26.0257,-81.7332,0.915
"1814",57073,"FIU_Estuaries","Highway Creek","2004-10-27","Nitrate",3.969,"ppm",25.2536,-80.44415,0.855555555555556
"1815",57088,"FIU_Estuaries","Garfield Bight","2004-10-26","Nitrate",3.49615,"ppm",25.15048,-80.80922,0.905555555555556
"1816",57103,"FIU_Estuaries","Chokoloskee","2004-10-18","Nitrate",19.845,"ppm",25.8075,-81.3495,0.8
"1817",57118,"FIU_Estuaries","Rabbit Key Pass","2004-10-18","Nitrate",21.042,"ppm",25.77,-81.38333,1
"1818",57133,"FIU_Estuaries","Lopez Bay","2004-10-18","Nitrate",29.2425,"ppm",25.78417,-81.33217,1
"1819",57148,"FIU_Estuaries","Sunday Bay","2004-10-18","Nitrate",5.173,"ppm",25.796,-81.28,1
"1820",57163,"FIU_Estuaries","Huston Bay","2004-10-18","Nitrate",8.1165,"ppm",25.753,-81.2555,1
"1821",57178,"FIU_Estuaries","Upper Chatham River","2004-10-18","Nitrate",12.6595,"ppm",25.7175,-81.2305,1
"1822",57193,"FIU_Estuaries","Huston River","2004-10-18","Nitrate",4.396,"ppm",25.73133,-81.28467,1
"1823",57208,"FIU_Estuaries","Chevalier Bay","2004-10-18","Nitrate",13.279,"ppm",25.7125,-81.207,0.8
"1824",57223,"FIU_Estuaries","Alligator Bay","2004-10-18","Nitrate",44.2015,"ppm",25.67017,-81.16867,1
"1825",57238,"FIU_Estuaries","Faka Union River","2004-10-19","Nitrate",19.516,"ppm",25.9,-81.516,1
"1826",57253,"FIU_Estuaries","Blackwater River","2004-10-19","Nitrate",9.527,"ppm",25.9298,-81.60032,0.8
"1827",57268,"FIU_Estuaries","First National","2004-10-05","Nitrate",18.96545,"ppm",26.04217,-81.76158,0.915
"1828",57283,"FIU_Estuaries","Wiggins Pass","2004-10-04","Nitrate",113.79865,"ppm",26.29167,-81.82,0.5
"1829",57298,"FIU_Estuaries","Henderson Creek","2004-10-05","Nitrate",5.9346,"ppm",26.0257,-81.7332,0.915
"1830",57313,"FIU_Estuaries","Highway Creek","2004-11-30","Nitrate",6.2335,"ppm",25.2536,-80.44415,0.855555555555556
"1831",57328,"FIU_Estuaries","Garfield Bight","2004-11-29","Nitrate",NA,"ppm",25.15048,-80.80922,0.905555555555556
"1832",57343,"FIU_Estuaries","Chokoloskee","2004-11-16","Nitrate",10.297,"ppm",25.8075,-81.3495,0.8
"1833",57358,"FIU_Estuaries","Rabbit Key Pass","2004-11-16","Nitrate",12.677,"ppm",25.77,-81.38333,1
"1834",57373,"FIU_Estuaries","Lopez Bay","2004-11-16","Nitrate",21.7455,"ppm",25.78417,-81.33217,1
"1835",57388,"FIU_Estuaries","Sunday Bay","2004-11-16","Nitrate",10.4293,"ppm",25.796,-81.28,1
"1836",57403,"FIU_Estuaries","Huston Bay","2004-11-16","Nitrate",13.3595,"ppm",25.753,-81.2555,1
"1837",57418,"FIU_Estuaries","Upper Chatham River","2004-11-16","Nitrate",23.4045,"ppm",25.7175,-81.2305,1
"1838",57433,"FIU_Estuaries","Huston River","2004-11-16","Nitrate",9.6425,"ppm",25.73133,-81.28467,1
"1839",57448,"FIU_Estuaries","Chevalier Bay","2004-11-16","Nitrate",19.1695,"ppm",25.7125,-81.207,0.8
"1840",57463,"FIU_Estuaries","Alligator Bay","2004-11-16","Nitrate",44.1315,"ppm",25.67017,-81.16867,1
"1841",57478,"FIU_Estuaries","Faka Union River","2004-11-17","Nitrate",13.342,"ppm",25.9,-81.516,1
"1842",57493,"FIU_Estuaries","Blackwater River","2004-11-17","Nitrate",2.5865,"ppm",25.9298,-81.60032,0.8
"1843",57508,"FIU_Estuaries","First National","2004-11-09","Nitrate",NA,"ppm",26.04217,-81.76158,0.915
"1844",57523,"FIU_Estuaries","Wiggins Pass","2004-11-08","Nitrate",0,"ppm",26.29167,-81.82,0.5
"1845",57538,"FIU_Estuaries","Henderson Creek","2004-11-09","Nitrate",2.52875,"ppm",26.0257,-81.7332,0.915
"1846",57553,"FIU_Estuaries","Highway Creek","2004-12-15","Nitrate",7.1785,"ppm",25.2536,-80.44415,0.855555555555556
"1847",57568,"FIU_Estuaries","Garfield Bight","2004-12-14","Nitrate",NA,"ppm",25.15048,-80.80922,0.905555555555556
"1848",57583,"FIU_Estuaries","Chokoloskee","2004-12-08","Nitrate",11.2329,"ppm",25.8075,-81.3495,0.8
"1849",57598,"FIU_Estuaries","Rabbit Key Pass","2004-12-08","Nitrate",2.02965,"ppm",25.77,-81.38333,1
"1850",57613,"FIU_Estuaries","Lopez Bay","2004-12-08","Nitrate",7.69405,"ppm",25.78417,-81.33217,1
"1851",57628,"FIU_Estuaries","Sunday Bay","2004-12-08","Nitrate",15.2782,"ppm",25.796,-81.28,1
"1852",57643,"FIU_Estuaries","Huston Bay","2004-12-08","Nitrate",17.0184,"ppm",25.753,-81.2555,1
"1853",57658,"FIU_Estuaries","Upper Chatham River","2004-12-08","Nitrate",24.1199,"ppm",25.7175,-81.2305,1
"1854",57673,"FIU_Estuaries","Huston River","2004-12-08","Nitrate",14.81725,"ppm",25.73133,-81.28467,1
"1855",57688,"FIU_Estuaries","Chevalier Bay","2004-12-08","Nitrate",14.13475,"ppm",25.7125,-81.207,0.8
"1856",57703,"FIU_Estuaries","Alligator Bay","2004-12-08","Nitrate",1.064,"ppm",25.67017,-81.16867,1
"1857",57718,"FIU_Estuaries","Faka Union River","2004-12-09","Nitrate",6.51665,"ppm",25.9,-81.516,1
"1858",57733,"FIU_Estuaries","Blackwater River","2004-12-09","Nitrate",2.3338,"ppm",25.9298,-81.60032,0.8
"1859",57748,"FIU_Estuaries","First National","2004-12-07","Nitrate",1.7262,"ppm",26.04217,-81.76158,0.915
"1860",57763,"FIU_Estuaries","Wiggins Pass","2004-12-06","Nitrate",11.0495,"ppm",26.29167,-81.82,0.5
"1861",57778,"FIU_Estuaries","Henderson Creek","2004-12-07","Nitrate",6.0529,"ppm",26.0257,-81.7332,0.915
"1862",57793,"FIU_Estuaries","Highway Creek","2005-01-25","Nitrate",13.24295,"ppm",25.2536,-80.44415,0.855555555555556
"1863",57808,"FIU_Estuaries","Garfield Bight","2005-01-24","Nitrate",NA,"ppm",25.15048,-80.80922,0.905555555555556
"1864",57823,"FIU_Estuaries","Chokoloskee","2005-01-18","Nitrate",6.3672,"ppm",25.8075,-81.3495,0.8
"1865",57838,"FIU_Estuaries","Rabbit Key Pass","2005-01-21","Nitrate",0.03955,"ppm",25.77,-81.38333,1
"1866",57853,"FIU_Estuaries","Lopez Bay","2005-01-18","Nitrate",17.00965,"ppm",25.78417,-81.33217,1
"1867",57868,"FIU_Estuaries","Sunday Bay","2005-01-18","Nitrate",5.4061,"ppm",25.796,-81.28,1
"1868",57883,"FIU_Estuaries","Huston Bay","2005-01-18","Nitrate",9.30475,"ppm",25.753,-81.2555,1
"1869",57898,"FIU_Estuaries","Upper Chatham River","2005-01-18","Nitrate",48.95135,"ppm",25.7175,-81.2305,1
"1870",57913,"FIU_Estuaries","Huston River","2005-01-18","Nitrate",8.8879,"ppm",25.73133,-81.28467,1
"1871",57928,"FIU_Estuaries","Chevalier Bay","2005-01-18","Nitrate",58.7629,"ppm",25.7125,-81.207,0.8
"1872",57943,"FIU_Estuaries","Alligator Bay","2005-01-18","Nitrate",116.46775,"ppm",25.67017,-81.16867,1
"1873",57958,"FIU_Estuaries","Faka Union River","2005-01-21","Nitrate",17.1283,"ppm",25.9,-81.516,1
"1874",57973,"FIU_Estuaries","Blackwater River","2005-01-21","Nitrate",31.8206,"ppm",25.9298,-81.60032,0.8
"1875",57988,"FIU_Estuaries","First National","2005-01-11","Nitrate",1.41785,"ppm",26.04217,-81.76158,0.915
"1876",58003,"FIU_Estuaries","Wiggins Pass","2005-01-12","Nitrate",5.21255,"ppm",26.29167,-81.82,0.5
"1877",58018,"FIU_Estuaries","Henderson Creek","2005-01-11","Nitrate",2.0356,"ppm",26.0257,-81.7332,0.915
"1878",58033,"FIU_Estuaries","Highway Creek","2005-02-22","Nitrate",11.172,"ppm",25.2536,-80.44415,0.855555555555556
"1879",58048,"FIU_Estuaries","Garfield Bight","2005-02-21","Nitrate",2.7895,"ppm",25.15048,-80.80922,0.905555555555556
"1880",58063,"FIU_Estuaries","Chokoloskee","2005-02-14","Nitrate",0.98595,"ppm",25.8075,-81.3495,0.8
"1881",58078,"FIU_Estuaries","Rabbit Key Pass","2005-02-14","Nitrate",0.7644,"ppm",25.77,-81.38333,1
"1882",58093,"FIU_Estuaries","Lopez Bay","2005-02-14","Nitrate",NA,"ppm",25.78417,-81.33217,1
"1883",58108,"FIU_Estuaries","Sunday Bay","2005-02-14","Nitrate",2.71005,"ppm",25.796,-81.28,1
"1884",58123,"FIU_Estuaries","Huston Bay","2005-02-14","Nitrate",3.99175,"ppm",25.753,-81.2555,1
"1885",58138,"FIU_Estuaries","Upper Chatham River","2005-02-14","Nitrate",5.9556,"ppm",25.7175,-81.2305,1
"1886",58153,"FIU_Estuaries","Huston River","2005-02-14","Nitrate",4.8629,"ppm",25.73133,-81.28467,1
"1887",58168,"FIU_Estuaries","Chevalier Bay","2005-02-14","Nitrate",7.57155,"ppm",25.7125,-81.207,0.8
"1888",58183,"FIU_Estuaries","Alligator Bay","2005-02-14","Nitrate",44.51265,"ppm",25.67017,-81.16867,1
"1889",58198,"FIU_Estuaries","Faka Union River","2005-02-15","Nitrate",4.79045,"ppm",25.9,-81.516,1
"1890",58213,"FIU_Estuaries","Blackwater River","2005-02-15","Nitrate",6.8607,"ppm",25.9298,-81.60032,0.8
"1891",58228,"FIU_Estuaries","First National","2005-02-08","Nitrate",5.94615,"ppm",26.04217,-81.76158,0.915
"1892",58243,"FIU_Estuaries","Wiggins Pass","2005-02-07","Nitrate",7.8995,"ppm",26.29167,-81.82,0.5
"1893",58258,"FIU_Estuaries","Henderson Creek","2005-02-08","Nitrate",3.5987,"ppm",26.0257,-81.7332,0.915
"1894",58273,"FIU_Estuaries","Highway Creek","2005-03-22","Nitrate",6.0984,"ppm",25.2536,-80.44415,0.855555555555556
"1895",58288,"FIU_Estuaries","Garfield Bight","2005-03-21","Nitrate",8.1319,"ppm",25.15048,-80.80922,0.905555555555556
"1896",58303,"FIU_Estuaries","Chokoloskee","2005-03-16","Nitrate",3.26025,"ppm",25.8075,-81.3495,0.8
"1897",58318,"FIU_Estuaries","Rabbit Key Pass","2005-03-16","Nitrate",1.87635,"ppm",25.77,-81.38333,1
"1898",58333,"FIU_Estuaries","Lopez Bay","2005-03-16","Nitrate",2.0608,"ppm",25.78417,-81.33217,1
"1899",58348,"FIU_Estuaries","Sunday Bay","2005-03-16","Nitrate",3.941,"ppm",25.796,-81.28,1
"1900",58363,"FIU_Estuaries","Huston Bay","2005-03-16","Nitrate",4.095,"ppm",25.753,-81.2555,1
"1901",58378,"FIU_Estuaries","Upper Chatham River","2005-03-16","Nitrate",5.92375,"ppm",25.7175,-81.2305,1
"1902",58393,"FIU_Estuaries","Huston River","2005-03-16","Nitrate",4.5388,"ppm",25.73133,-81.28467,1
"1903",58408,"FIU_Estuaries","Chevalier Bay","2005-03-16","Nitrate",4.57485,"ppm",25.7125,-81.207,0.8
"1904",58423,"FIU_Estuaries","Alligator Bay","2005-03-16","Nitrate",25.1356,"ppm",25.67017,-81.16867,1
"1905",58438,"FIU_Estuaries","Faka Union River","2005-03-17","Nitrate",10.7968,"ppm",25.9,-81.516,1
"1906",58453,"FIU_Estuaries","Blackwater River","2005-03-17","Nitrate",22.6989,"ppm",25.9298,-81.60032,0.8
"1907",58468,"FIU_Estuaries","First National","2005-03-08","Nitrate",1.6135,"ppm",26.04217,-81.76158,0.915
"1908",58483,"FIU_Estuaries","Wiggins Pass","2005-03-07","Nitrate",10.2585,"ppm",26.29167,-81.82,0.5
"1909",58498,"FIU_Estuaries","Henderson Creek","2005-03-08","Nitrate",5.32,"ppm",26.0257,-81.7332,0.915
"1910",58513,"FIU_Estuaries","Highway Creek","2005-04-20","Nitrate",17.4265,"ppm",25.2536,-80.44415,0.855555555555556
"1911",58528,"FIU_Estuaries","Garfield Bight","2005-04-21","Nitrate",6.4232,"ppm",25.15048,-80.80922,0.905555555555556
"1912",58543,"FIU_Estuaries","Chokoloskee","2005-04-04","Nitrate",11.09465,"ppm",25.8075,-81.3495,0.8
"1913",58558,"FIU_Estuaries","Rabbit Key Pass","2005-04-04","Nitrate",1.45775,"ppm",25.77,-81.38333,1
"1914",58573,"FIU_Estuaries","Lopez Bay","2005-04-04","Nitrate",2.3583,"ppm",25.78417,-81.33217,1
"1915",58588,"FIU_Estuaries","Sunday Bay","2005-04-04","Nitrate",5.71935,"ppm",25.796,-81.28,1
"1916",58603,"FIU_Estuaries","Huston Bay","2005-04-04","Nitrate",5.5699,"ppm",25.753,-81.2555,1
"1917",58618,"FIU_Estuaries","Upper Chatham River","2005-04-04","Nitrate",12.7386,"ppm",25.7175,-81.2305,1
"1918",58633,"FIU_Estuaries","Huston River","2005-04-04","Nitrate",4.1104,"ppm",25.73133,-81.28467,1
"1919",58648,"FIU_Estuaries","Chevalier Bay","2005-04-04","Nitrate",32.9896,"ppm",25.7125,-81.207,0.8
"1920",58663,"FIU_Estuaries","Alligator Bay","2005-04-04","Nitrate",27.3483,"ppm",25.67017,-81.16867,1
"1921",58678,"FIU_Estuaries","Faka Union River","2005-04-05","Nitrate",20.97025,"ppm",25.9,-81.516,1
"1922",58693,"FIU_Estuaries","Blackwater River","2005-04-05","Nitrate",22.1095,"ppm",25.9298,-81.60032,0.8
"1923",58708,"FIU_Estuaries","First National","2005-04-12","Nitrate",4.144,"ppm",26.04217,-81.76158,0.915
"1924",58723,"FIU_Estuaries","Wiggins Pass","2005-04-11","Nitrate",5.7295,"ppm",26.29167,-81.82,0.5
"1925",58738,"FIU_Estuaries","Henderson Creek","2005-04-12","Nitrate",7.6902,"ppm",26.0257,-81.7332,0.915
"1926",58753,"FIU_Estuaries","Highway Creek","2005-05-25","Nitrate",3.1045,"ppm",25.2536,-80.44415,0.855555555555556
"1927",58768,"FIU_Estuaries","Garfield Bight","2005-05-26","Nitrate",4.27175,"ppm",25.15048,-80.80922,0.905555555555556
"1928",58783,"FIU_Estuaries","Chokoloskee","2005-05-16","Nitrate",0.17045,"ppm",25.8075,-81.3495,0.8
"1929",58798,"FIU_Estuaries","Rabbit Key Pass","2005-05-16","Nitrate",0.308,"ppm",25.77,-81.38333,1
"1930",58813,"FIU_Estuaries","Lopez Bay","2005-05-16","Nitrate",1.02165,"ppm",25.78417,-81.33217,1
"1931",58828,"FIU_Estuaries","Sunday Bay","2005-05-16","Nitrate",NA,"ppm",25.796,-81.28,1
"1932",58843,"FIU_Estuaries","Huston Bay","2005-05-16","Nitrate",NA,"ppm",25.753,-81.2555,1
"1933",58858,"FIU_Estuaries","Upper Chatham River","2005-05-16","Nitrate",NA,"ppm",25.7175,-81.2305,1
"1934",58873,"FIU_Estuaries","Huston River","2005-05-16","Nitrate",0.476,"ppm",25.73133,-81.28467,1
"1935",58888,"FIU_Estuaries","Chevalier Bay","2005-05-16","Nitrate",NA,"ppm",25.7125,-81.207,0.8
"1936",58903,"FIU_Estuaries","Alligator Bay","2005-05-16","Nitrate",2.62255,"ppm",25.67017,-81.16867,1
"1937",58918,"FIU_Estuaries","Faka Union River","2005-05-17","Nitrate",1.74475,"ppm",25.9,-81.516,1
"1938",58933,"FIU_Estuaries","Blackwater River","2005-05-17","Nitrate",4.27735,"ppm",25.9298,-81.60032,0.8
"1939",58948,"FIU_Estuaries","First National","2005-05-10","Nitrate",0.6426,"ppm",26.04217,-81.76158,0.915
"1940",58963,"FIU_Estuaries","Wiggins Pass","2005-05-09","Nitrate",2.9057,"ppm",26.29167,-81.82,0.5
"1941",58978,"FIU_Estuaries","Henderson Creek","2005-05-10","Nitrate",3.37715,"ppm",26.0257,-81.7332,0.915
"1942",58993,"FIU_Estuaries","Highway Creek","2005-06-14","Nitrate",2.6467,"ppm",25.2536,-80.44415,0.855555555555556
"1943",59008,"FIU_Estuaries","Garfield Bight","2005-06-13","Nitrate",10.549952,"ppm",25.15048,-80.80922,0.905555555555556
"1944",59023,"FIU_Estuaries","Chokoloskee","2005-06-01","Nitrate",0.83895,"ppm",25.8075,-81.3495,0.8
"1945",59038,"FIU_Estuaries","Rabbit Key Pass","2005-06-01","Nitrate",0.4823,"ppm",25.77,-81.38333,1
"1946",59053,"FIU_Estuaries","Lopez Bay","2005-06-01","Nitrate",0.31185,"ppm",25.78417,-81.33217,1
"1947",59068,"FIU_Estuaries","Sunday Bay","2005-06-01","Nitrate",3.6211,"ppm",25.796,-81.28,1
"1948",59083,"FIU_Estuaries","Huston Bay","2005-06-01","Nitrate",9.21025,"ppm",25.753,-81.2555,1
"1949",59098,"FIU_Estuaries","Upper Chatham River","2005-06-01","Nitrate",7.99085,"ppm",25.7175,-81.2305,1
"1950",59113,"FIU_Estuaries","Huston River","2005-06-01","Nitrate",0.7854,"ppm",25.73133,-81.28467,1
"1951",59128,"FIU_Estuaries","Chevalier Bay","2005-06-01","Nitrate",1.56275,"ppm",25.7125,-81.207,0.8
"1952",59143,"FIU_Estuaries","Alligator Bay","2005-06-01","Nitrate",4.6851,"ppm",25.67017,-81.16867,1
"1953",59158,"FIU_Estuaries","Faka Union River","2005-06-02","Nitrate",12.67525,"ppm",25.9,-81.516,1
"1954",59173,"FIU_Estuaries","Blackwater River","2005-06-02","Nitrate",14.49805,"ppm",25.9298,-81.60032,0.8
"1955",59188,"FIU_Estuaries","First National","2005-06-07","Nitrate",18.23815,"ppm",26.04217,-81.76158,0.915
"1956",59203,"FIU_Estuaries","Wiggins Pass","2005-06-06","Nitrate",98.0042,"ppm",26.29167,-81.82,0.5
"1957",59218,"FIU_Estuaries","Henderson Creek","2005-06-07","Nitrate",7.0686,"ppm",26.0257,-81.7332,0.915
"1958",59233,"FIU_Estuaries","Highway Creek","2005-07-20","Nitrate",3.69635,"ppm",25.2536,-80.44415,0.855555555555556
"1959",59248,"FIU_Estuaries","Garfield Bight","2005-07-19","Nitrate",10.2753,"ppm",25.15048,-80.80922,0.905555555555556
"1960",59263,"FIU_Estuaries","Chokoloskee","2005-07-06","Nitrate",5.8828,"ppm",25.8075,-81.3495,0.8
"1961",59278,"FIU_Estuaries","Rabbit Key Pass","2005-07-06","Nitrate",19.45755,"ppm",25.77,-81.38333,1
"1962",59293,"FIU_Estuaries","Lopez Bay","2005-07-06","Nitrate",7.29295,"ppm",25.78417,-81.33217,1
"1963",59308,"FIU_Estuaries","Sunday Bay","2005-07-06","Nitrate",1.40665,"ppm",25.796,-81.28,1
"1964",59323,"FIU_Estuaries","Huston Bay","2005-07-06","Nitrate",0.0419999999999997,"ppm",25.753,-81.2555,1
"1965",59338,"FIU_Estuaries","Upper Chatham River","2005-07-06","Nitrate",26.99935,"ppm",25.7175,-81.2305,1
"1966",59353,"FIU_Estuaries","Huston River","2005-07-06","Nitrate",NA,"ppm",25.73133,-81.28467,1
"1967",59368,"FIU_Estuaries","Chevalier Bay","2005-07-06","Nitrate",4.1475,"ppm",25.7125,-81.207,0.8
"1968",59383,"FIU_Estuaries","Alligator Bay","2005-07-06","Nitrate",8.96525,"ppm",25.67017,-81.16867,1
"1969",59398,"FIU_Estuaries","Faka Union River","2005-07-07","Nitrate",4.98155,"ppm",25.9,-81.516,1
"1970",59413,"FIU_Estuaries","Blackwater River","2005-07-07","Nitrate",17.0905,"ppm",25.9298,-81.60032,0.8
"1971",59428,"FIU_Estuaries","First National","2005-07-12","Nitrate",24.2956455,"ppm",26.04217,-81.76158,0.915
"1972",59443,"FIU_Estuaries","Wiggins Pass","2005-07-11","Nitrate",135.8798665,"ppm",26.29167,-81.82,0.5
"1973",59458,"FIU_Estuaries","Henderson Creek","2005-07-12","Nitrate",56.3465,"ppm",26.0257,-81.7332,0.915
"1974",59473,"FIU_Estuaries","Highway Creek","2005-08-15","Nitrate",1.3069,"ppm",25.2536,-80.44415,0.855555555555556
"1975",59488,"FIU_Estuaries","Garfield Bight","2005-08-17","Nitrate",7.2233,"ppm",25.15048,-80.80922,0.905555555555556
"1976",59503,"FIU_Estuaries","Chokoloskee","2005-08-01","Nitrate",15.20575,"ppm",25.8075,-81.3495,0.8
"1977",59518,"FIU_Estuaries","Rabbit Key Pass","2005-08-01","Nitrate",19.13555,"ppm",25.77,-81.38333,1
"1978",59533,"FIU_Estuaries","Lopez Bay","2005-08-01","Nitrate",22.94075,"ppm",25.78417,-81.33217,1
"1979",59548,"FIU_Estuaries","Sunday Bay","2005-08-01","Nitrate",8.48365,"ppm",25.796,-81.28,1
"1980",59563,"FIU_Estuaries","Huston Bay","2005-08-01","Nitrate",41.0718,"ppm",25.753,-81.2555,1
"1981",59578,"FIU_Estuaries","Upper Chatham River","2005-08-01","Nitrate",106.1529,"ppm",25.7175,-81.2305,1
"1982",59593,"FIU_Estuaries","Huston River","2005-08-01","Nitrate",1.25685,"ppm",25.73133,-81.28467,1
"1983",59608,"FIU_Estuaries","Chevalier Bay","2005-08-01","Nitrate",33.1758,"ppm",25.7125,-81.207,0.8
"1984",59623,"FIU_Estuaries","Alligator Bay","2005-08-01","Nitrate",17.2151,"ppm",25.67017,-81.16867,1
"1985",59638,"FIU_Estuaries","Faka Union River","2005-08-02","Nitrate",18.99275,"ppm",25.9,-81.516,1
"1986",59653,"FIU_Estuaries","Blackwater River","2005-08-02","Nitrate",10.8479,"ppm",25.9298,-81.60032,0.8
"1987",59668,"FIU_Estuaries","First National","2005-08-09","Nitrate",8.04545,"ppm",26.04217,-81.76158,0.915
"1988",59683,"FIU_Estuaries","Wiggins Pass","2005-08-08","Nitrate",125.9895,"ppm",26.29167,-81.82,0.5
"1989",59698,"FIU_Estuaries","Henderson Creek","2005-08-09","Nitrate",11.45095,"ppm",26.0257,-81.7332,0.915
"1990",59713,"FIU_Estuaries","Highway Creek","2005-09-06","Nitrate",2.41325,"ppm",25.2536,-80.44415,0.855555555555556
"1991",59728,"FIU_Estuaries","Garfield Bight","2005-09-05","Nitrate",14.43855,"ppm",25.15048,-80.80922,0.905555555555556
"1992",59743,"FIU_Estuaries","Chokoloskee","2005-09-08","Nitrate",9.877,"ppm",25.8075,-81.3495,0.8
"1993",59758,"FIU_Estuaries","Rabbit Key Pass","2005-09-08","Nitrate",10.07335,"ppm",25.77,-81.38333,1
"1994",59773,"FIU_Estuaries","Lopez Bay","2005-09-08","Nitrate",31.4545,"ppm",25.78417,-81.33217,1
"1995",59788,"FIU_Estuaries","Sunday Bay","2005-09-08","Nitrate",0.2275,"ppm",25.796,-81.28,1
"1996",59803,"FIU_Estuaries","Huston Bay","2005-09-08","Nitrate",1.4,"ppm",25.753,-81.2555,1
"1997",59818,"FIU_Estuaries","Upper Chatham River","2005-09-08","Nitrate",16.499,"ppm",25.7175,-81.2305,1
"1998",59833,"FIU_Estuaries","Huston River","2005-09-08","Nitrate",NA,"ppm",25.73133,-81.28467,1
"1999",59848,"FIU_Estuaries","Chevalier Bay","2005-09-08","Nitrate",5.56815,"ppm",25.7125,-81.207,0.8
"2000",59863,"FIU_Estuaries","Alligator Bay","2005-09-08","Nitrate",NA,"ppm",25.67017,-81.16867,1
"2001",59878,"FIU_Estuaries","Faka Union River","2005-09-09","Nitrate",12.2934,"ppm",25.9,-81.516,1
"2002",59893,"FIU_Estuaries","Blackwater River","2005-09-09","Nitrate",15.2236,"ppm",25.9298,-81.60032,0.8
"2003",59908,"FIU_Estuaries","First National","2005-09-13","Nitrate",4.36415,"ppm",26.04217,-81.76158,0.915
"2004",59923,"FIU_Estuaries","Wiggins Pass","2005-09-12","Nitrate",38.5084,"ppm",26.29167,-81.82,0.5
"2005",59938,"FIU_Estuaries","Henderson Creek","2005-09-13","Nitrate",10.4804,"ppm",26.0257,-81.7332,0.915
"2006",59953,"FIU_Estuaries","Highway Creek","2005-10-06","Nitrate",2.9337,"ppm",25.2536,-80.44415,0.855555555555556
"2007",59968,"FIU_Estuaries","Garfield Bight","2005-10-05","Nitrate",15.58095,"ppm",25.15048,-80.80922,0.905555555555556
"2008",59983,"FIU_Estuaries","Chokoloskee","2005-10-17","Nitrate",8.33245,"ppm",25.8075,-81.3495,0.8
"2009",59998,"FIU_Estuaries","Rabbit Key Pass","2005-10-17","Nitrate",9.177,"ppm",25.77,-81.38333,1
"2010",60013,"FIU_Estuaries","Lopez Bay","2005-10-17","Nitrate",4.6312,"ppm",25.78417,-81.33217,1
"2011",60028,"FIU_Estuaries","Sunday Bay","2005-10-17","Nitrate",0.3619,"ppm",25.796,-81.28,1
"2012",60043,"FIU_Estuaries","Huston Bay","2005-10-17","Nitrate",13.52575,"ppm",25.753,-81.2555,1
"2013",60058,"FIU_Estuaries","Upper Chatham River","2005-10-17","Nitrate",41.00565,"ppm",25.7175,-81.2305,1
"2014",60073,"FIU_Estuaries","Huston River","2005-10-17","Nitrate",NA,"ppm",25.73133,-81.28467,1
"2015",60088,"FIU_Estuaries","Chevalier Bay","2005-10-17","Nitrate",23.72825,"ppm",25.7125,-81.207,0.8
"2016",60103,"FIU_Estuaries","Alligator Bay","2005-10-17","Nitrate",21.44135,"ppm",25.67017,-81.16867,1
"2017",60118,"FIU_Estuaries","Faka Union River","2005-10-18","Nitrate",5.89015,"ppm",25.9,-81.516,1
"2018",60133,"FIU_Estuaries","Blackwater River","2005-10-18","Nitrate",22.59075,"ppm",25.9298,-81.60032,0.8
"2019",60148,"FIU_Estuaries","First National","2005-10-11","Nitrate",18.04215,"ppm",26.04217,-81.76158,0.915
"2020",60163,"FIU_Estuaries","Wiggins Pass","2005-10-10","Nitrate",92.91835,"ppm",26.29167,-81.82,0.5
"2021",60178,"FIU_Estuaries","Henderson Creek","2005-10-11","Nitrate",24.8353,"ppm",26.0257,-81.7332,0.915
"2022",60193,"FIU_Estuaries","Highway Creek","2005-11-15","Nitrate",4.06035,"ppm",25.2536,-80.44415,0.855555555555556
"2023",60208,"FIU_Estuaries","Garfield Bight","2005-11-14","Nitrate",4.87095,"ppm",25.15048,-80.80922,0.905555555555556
"2024",60223,"FIU_Estuaries","Chokoloskee","2005-11-10","Nitrate",15.53405,"ppm",25.8075,-81.3495,0.8
"2025",60238,"FIU_Estuaries","Rabbit Key Pass","2005-11-10","Nitrate",17.20215,"ppm",25.77,-81.38333,1
"2026",60253,"FIU_Estuaries","Lopez Bay","2005-11-10","Nitrate",16.23825,"ppm",25.78417,-81.33217,1
"2027",60268,"FIU_Estuaries","Sunday Bay","2005-11-10","Nitrate",1.8039,"ppm",25.796,-81.28,1
"2028",60283,"FIU_Estuaries","Huston Bay","2005-11-10","Nitrate",1.96105,"ppm",25.753,-81.2555,1
"2029",60298,"FIU_Estuaries","Upper Chatham River","2005-11-10","Nitrate",39.99695,"ppm",25.7175,-81.2305,1
"2030",60313,"FIU_Estuaries","Huston River","2005-11-10","Nitrate",2.24245,"ppm",25.73133,-81.28467,1
"2031",60328,"FIU_Estuaries","Chevalier Bay","2005-11-10","Nitrate",29.4147,"ppm",25.7125,-81.207,0.8
"2032",60343,"FIU_Estuaries","Alligator Bay","2005-11-10","Nitrate",NA,"ppm",25.67017,-81.16867,1
"2033",60358,"FIU_Estuaries","Faka Union River","2005-11-11","Nitrate",19.2836,"ppm",25.9,-81.516,1
"2034",60373,"FIU_Estuaries","Blackwater River","2005-11-11","Nitrate",26.33995,"ppm",25.9298,-81.60032,0.8
"2035",60388,"FIU_Estuaries","First National","2005-11-08","Nitrate",17.05865,"ppm",26.04217,-81.76158,0.915
"2036",60403,"FIU_Estuaries","Wiggins Pass","2005-11-07","Nitrate",97.72595,"ppm",26.29167,-81.82,0.5
"2037",60418,"FIU_Estuaries","Henderson Creek","2005-11-08","Nitrate",14.1862,"ppm",26.0257,-81.7332,0.915
"2038",60433,"FIU_Estuaries","Highway Creek","2005-12-16","Nitrate",4.564,"ppm",25.2536,-80.44415,0.855555555555556
"2039",60448,"FIU_Estuaries","Garfield Bight","2005-12-15","Nitrate",4.45095,"ppm",25.15048,-80.80922,0.905555555555556
"2040",60463,"FIU_Estuaries","Chokoloskee","2005-12-05","Nitrate",6.9678,"ppm",25.8075,-81.3495,0.8
"2041",60478,"FIU_Estuaries","Rabbit Key Pass","2005-12-05","Nitrate",13.62935,"ppm",25.77,-81.38333,1
"2042",60493,"FIU_Estuaries","Lopez Bay","2005-12-05","Nitrate",23.8644,"ppm",25.78417,-81.33217,1
"2043",60508,"FIU_Estuaries","Sunday Bay","2005-12-05","Nitrate",10.19515,"ppm",25.796,-81.28,1
"2044",60523,"FIU_Estuaries","Huston Bay","2005-12-05","Nitrate",29.34365,"ppm",25.753,-81.2555,1
"2045",60538,"FIU_Estuaries","Upper Chatham River","2005-12-05","Nitrate",43.20575,"ppm",25.7175,-81.2305,1
"2046",60553,"FIU_Estuaries","Huston River","2005-12-05","Nitrate",17.8927,"ppm",25.73133,-81.28467,1
"2047",60568,"FIU_Estuaries","Chevalier Bay","2005-12-05","Nitrate",38.93785,"ppm",25.7125,-81.207,0.8
"2048",60583,"FIU_Estuaries","Alligator Bay","2005-12-05","Nitrate",NA,"ppm",25.67017,-81.16867,1
"2049",60598,"FIU_Estuaries","Faka Union River","2005-12-06","Nitrate",17.12025,"ppm",25.9,-81.516,1
"2050",60613,"FIU_Estuaries","Blackwater River","2005-12-06","Nitrate",16.6278,"ppm",25.9298,-81.60032,0.8
"2051",60628,"FIU_Estuaries","First National","2005-12-13","Nitrate",45.8528,"ppm",26.04217,-81.76158,0.915
"2052",60643,"FIU_Estuaries","Wiggins Pass","2005-12-12","Nitrate",107.32435,"ppm",26.29167,-81.82,0.5
"2053",60658,"FIU_Estuaries","Henderson Creek","2005-12-13","Nitrate",33.02425,"ppm",26.0257,-81.7332,0.915
"2054",60673,"FIU_Estuaries","Highway Creek","2006-01-18","Nitrate",20.5464,"ppm",25.2536,-80.44415,0.855555555555556
"2055",60688,"FIU_Estuaries","Garfield Bight","2006-01-17","Nitrate",4.02535,"ppm",25.15048,-80.80922,0.905555555555556
"2056",60703,"FIU_Estuaries","Chokoloskee","2006-01-05","Nitrate",20.3721,"ppm",25.8075,-81.3495,0.8
"2057",60718,"FIU_Estuaries","Rabbit Key Pass","2006-01-05","Nitrate",8.49345,"ppm",25.77,-81.38333,1
"2058",60733,"FIU_Estuaries","Lopez Bay","2006-01-05","Nitrate",14.91945,"ppm",25.78417,-81.33217,1
"2059",60748,"FIU_Estuaries","Sunday Bay","2006-01-05","Nitrate",20.8005,"ppm",25.796,-81.28,1
"2060",60763,"FIU_Estuaries","Huston Bay","2006-01-05","Nitrate",28.7364,"ppm",25.753,-81.2555,1
"2061",60778,"FIU_Estuaries","Upper Chatham River","2006-01-05","Nitrate",13.279,"ppm",25.7175,-81.2305,1
"2062",60793,"FIU_Estuaries","Huston River","2006-01-05","Nitrate",21.57225,"ppm",25.73133,-81.28467,1
"2063",60808,"FIU_Estuaries","Chevalier Bay","2006-01-05","Nitrate",15.52915,"ppm",25.7125,-81.207,0.8
"2064",60823,"FIU_Estuaries","Alligator Bay","2006-01-05","Nitrate",3.49265,"ppm",25.67017,-81.16867,1
"2065",60838,"FIU_Estuaries","Faka Union River","2006-01-06","Nitrate",17.20635,"ppm",25.9,-81.516,1
"2066",60853,"FIU_Estuaries","Blackwater River","2006-01-06","Nitrate",5.34765,"ppm",25.9298,-81.60032,0.8
"2067",60868,"FIU_Estuaries","First National","2006-01-10","Nitrate",7.6419,"ppm",26.04217,-81.76158,0.915
"2068",60883,"FIU_Estuaries","Wiggins Pass","2006-01-11","Nitrate",34.57685,"ppm",26.29167,-81.82,0.5
"2069",60898,"FIU_Estuaries","Henderson Creek","2006-01-11","Nitrate",3.437,"ppm",26.0257,-81.7332,0.915
"2070",60913,"FIU_Estuaries","Highway Creek","2006-02-15","Nitrate",20.07845,"ppm",25.2536,-80.44415,0.855555555555556
"2071",60928,"FIU_Estuaries","Garfield Bight","2006-02-14","Nitrate",1.4378,"ppm",25.15048,-80.80922,0.905555555555556
"2072",60943,"FIU_Estuaries","Chokoloskee","2006-02-01","Nitrate",14.75145,"ppm",25.8075,-81.3495,0.8
"2073",60958,"FIU_Estuaries","Rabbit Key Pass","2006-02-01","Nitrate",3.50175,"ppm",25.77,-81.38333,1
"2074",60973,"FIU_Estuaries","Lopez Bay","2006-02-01","Nitrate",12.05505,"ppm",25.78417,-81.33217,1
"2075",60988,"FIU_Estuaries","Sunday Bay","2006-02-01","Nitrate",9.0027,"ppm",25.796,-81.28,1
"2076",61003,"FIU_Estuaries","Huston Bay","2006-02-01","Nitrate",13.9958,"ppm",25.753,-81.2555,1
"2077",61018,"FIU_Estuaries","Upper Chatham River","2006-02-01","Nitrate",25.7222,"ppm",25.7175,-81.2305,1
"2078",61033,"FIU_Estuaries","Huston River","2006-02-01","Nitrate",15.07485,"ppm",25.73133,-81.28467,1
"2079",61048,"FIU_Estuaries","Chevalier Bay","2006-02-01","Nitrate",31.67115,"ppm",25.7125,-81.207,0.8
"2080",61063,"FIU_Estuaries","Alligator Bay","2006-02-01","Nitrate",2.2099,"ppm",25.67017,-81.16867,1
"2081",61078,"FIU_Estuaries","Faka Union River","2006-02-02","Nitrate",12.1821,"ppm",25.9,-81.516,1
"2082",61093,"FIU_Estuaries","Blackwater River","2006-02-02","Nitrate",5.70045,"ppm",25.9298,-81.60032,0.8
"2083",61108,"FIU_Estuaries","First National","2006-02-07","Nitrate",33.2416,"ppm",26.04217,-81.76158,0.915
"2084",61123,"FIU_Estuaries","Wiggins Pass","2006-02-08","Nitrate",99.28625,"ppm",26.29167,-81.82,0.5
"2085",61138,"FIU_Estuaries","Henderson Creek","2006-02-07","Nitrate",25.6095,"ppm",26.0257,-81.7332,0.915
"2086",61153,"FIU_Estuaries","Highway Creek","2006-03-08","Nitrate",9.0804,"ppm",25.2536,-80.44415,0.855555555555556
"2087",61168,"FIU_Estuaries","Garfield Bight","2006-03-07","Nitrate",0.175,"ppm",25.15048,-80.80922,0.905555555555556
"2088",61183,"FIU_Estuaries","Chokoloskee","2006-03-01","Nitrate",24.2165,"ppm",25.8075,-81.3495,0.8
"2089",61198,"FIU_Estuaries","Rabbit Key Pass","2006-03-01","Nitrate",5.404,"ppm",25.77,-81.38333,1
"2090",61213,"FIU_Estuaries","Lopez Bay","2006-03-01","Nitrate",19.999,"ppm",25.78417,-81.33217,1
"2091",61228,"FIU_Estuaries","Sunday Bay","2006-03-01","Nitrate",24.1535,"ppm",25.796,-81.28,1
"2092",61243,"FIU_Estuaries","Huston Bay","2006-03-01","Nitrate",23.5375,"ppm",25.753,-81.2555,1
"2093",61258,"FIU_Estuaries","Upper Chatham River","2006-03-01","Nitrate",34.9755,"ppm",25.7175,-81.2305,1
"2094",61273,"FIU_Estuaries","Huston River","2006-03-01","Nitrate",33.7085,"ppm",25.73133,-81.28467,1
"2095",61288,"FIU_Estuaries","Chevalier Bay","2006-03-01","Nitrate",107.0055,"ppm",25.7125,-81.207,0.8
"2096",61303,"FIU_Estuaries","Alligator Bay","2006-03-01","Nitrate",54.2955,"ppm",25.67017,-81.16867,1
"2097",61318,"FIU_Estuaries","Faka Union River","2006-03-02","Nitrate",9.1875,"ppm",25.9,-81.516,1
"2098",61333,"FIU_Estuaries","Blackwater River","2006-03-02","Nitrate",6.9335,"ppm",25.9298,-81.60032,0.8
"2099",61348,"FIU_Estuaries","First National","2006-03-14","Nitrate",1.24145,"ppm",26.04217,-81.76158,0.915
"2100",61363,"FIU_Estuaries","Wiggins Pass","2006-03-15","Nitrate",4.39915,"ppm",26.29167,-81.82,0.5
"2101",61378,"FIU_Estuaries","Henderson Creek","2006-03-14","Nitrate",1.1949,"ppm",26.0257,-81.7332,0.915
"2102",61393,"FIU_Estuaries","Highway Creek","2006-04-27","Nitrate",4.361,"ppm",25.2536,-80.44415,0.855555555555556
"2103",61408,"FIU_Estuaries","Garfield Bight","2006-04-26","Nitrate",4.22135,"ppm",25.15048,-80.80922,0.905555555555556
"2104",61423,"FIU_Estuaries","Chokoloskee","2006-04-06","Nitrate",0.931,"ppm",25.8075,-81.3495,0.8
"2105",61438,"FIU_Estuaries","Rabbit Key Pass","2006-04-06","Nitrate",1.4623,"ppm",25.77,-81.38333,1
"2106",61453,"FIU_Estuaries","Lopez Bay","2006-04-06","Nitrate",1.31495,"ppm",25.78417,-81.33217,1
"2107",61468,"FIU_Estuaries","Sunday Bay","2006-04-06","Nitrate",2.94,"ppm",25.796,-81.28,1
"2108",61483,"FIU_Estuaries","Huston Bay","2006-04-06","Nitrate",5.36935,"ppm",25.753,-81.2555,1
"2109",61498,"FIU_Estuaries","Upper Chatham River","2006-04-06","Nitrate",9.9232,"ppm",25.7175,-81.2305,1
"2110",61513,"FIU_Estuaries","Huston River","2006-04-06","Nitrate",8.8095,"ppm",25.73133,-81.28467,1
"2111",61528,"FIU_Estuaries","Chevalier Bay","2006-04-06","Nitrate",5.2143,"ppm",25.7125,-81.207,0.8
"2112",61543,"FIU_Estuaries","Alligator Bay","2006-04-06","Nitrate",26.66825,"ppm",25.67017,-81.16867,1
"2113",61558,"FIU_Estuaries","Faka Union River","2006-04-07","Nitrate",2.4073,"ppm",25.9,-81.516,1
"2114",61573,"FIU_Estuaries","Blackwater River","2006-04-07","Nitrate",4.76665,"ppm",25.9298,-81.60032,0.8
"2115",61588,"FIU_Estuaries","Fakahatchee Bay","2006-04-07","Nitrate",0.89915,"ppm",25.8895,-81.4765,0.915
"2116",61603,"FIU_Estuaries","First National","2006-04-11","Nitrate",4.12685,"ppm",26.04217,-81.76158,0.915
"2117",61618,"FIU_Estuaries","Wiggins Pass","2006-04-10","Nitrate",2.80315,"ppm",26.29167,-81.82,0.5
"2118",61633,"FIU_Estuaries","Henderson Creek","2006-04-11","Nitrate",2.04085,"ppm",26.0257,-81.7332,0.915
"2119",61648,"FIU_Estuaries","Highway Creek","2006-05-31","Nitrate",3.8598,"ppm",25.2536,-80.44415,0.855555555555556
"2120",61663,"FIU_Estuaries","Garfield Bight","2006-05-30","Nitrate",1.48505,"ppm",25.15048,-80.80922,0.905555555555556
"2121",61678,"FIU_Estuaries","Chokoloskee","2006-05-01","Nitrate",0.87045,"ppm",25.8075,-81.3495,0.8
"2122",61693,"FIU_Estuaries","Rabbit Key Pass","2006-05-01","Nitrate",0.7616,"ppm",25.77,-81.38333,1
"2123",61708,"FIU_Estuaries","Lopez Bay","2006-05-01","Nitrate",1.7381,"ppm",25.78417,-81.33217,1
"2124",61723,"FIU_Estuaries","Sunday Bay","2006-05-01","Nitrate",2.0972,"ppm",25.796,-81.28,1
"2125",61738,"FIU_Estuaries","Huston Bay","2006-05-01","Nitrate",1.78115,"ppm",25.753,-81.2555,1
"2126",61753,"FIU_Estuaries","Upper Chatham River","2006-05-01","Nitrate",2.4787,"ppm",25.7175,-81.2305,1
"2127",61768,"FIU_Estuaries","Huston River","2006-05-01","Nitrate",1.47945,"ppm",25.73133,-81.28467,1
"2128",61783,"FIU_Estuaries","Chevalier Bay","2006-05-01","Nitrate",3.02365,"ppm",25.7125,-81.207,0.8
"2129",61798,"FIU_Estuaries","Alligator Bay","2006-05-01","Nitrate",17.4979,"ppm",25.67017,-81.16867,1
"2130",61813,"FIU_Estuaries","Faka Union River","2006-05-02","Nitrate",1.26315,"ppm",25.9,-81.516,1
"2131",61828,"FIU_Estuaries","Blackwater River","2006-05-02","Nitrate",1.036,"ppm",25.9298,-81.60032,0.8
"2132",61843,"FIU_Estuaries","Fakahatchee Bay","2006-05-02","Nitrate",1.5603,"ppm",25.8895,-81.4765,0.915
"2133",61858,"FIU_Estuaries","First National","2006-05-23","Nitrate",2.1277865,"ppm",26.04217,-81.76158,0.915
"2134",61873,"FIU_Estuaries","Wiggins Pass","2006-05-24","Nitrate",4.5483725,"ppm",26.29167,-81.82,0.5
"2135",61888,"FIU_Estuaries","Henderson Creek","2006-05-23","Nitrate",4.2441,"ppm",26.0257,-81.7332,0.915
"2136",61903,"FIU_Estuaries","Highway Creek","2006-06-23","Nitrate",1.3265,"ppm",25.2536,-80.44415,0.855555555555556
"2137",61918,"FIU_Estuaries","Garfield Bight","2006-06-21","Nitrate",3.10275,"ppm",25.15048,-80.80922,0.905555555555556
"2138",61933,"FIU_Estuaries","Chokoloskee","2006-06-05","Nitrate",1.60335,"ppm",25.8075,-81.3495,0.8
"2139",61948,"FIU_Estuaries","Rabbit Key Pass","2006-06-05","Nitrate",0.50925,"ppm",25.77,-81.38333,1
"2140",61963,"FIU_Estuaries","Lopez Bay","2006-06-05","Nitrate",0.92225,"ppm",25.78417,-81.33217,1
"2141",61978,"FIU_Estuaries","Sunday Bay","2006-06-05","Nitrate",0.69755,"ppm",25.796,-81.28,1
"2142",61993,"FIU_Estuaries","Huston Bay","2006-06-05","Nitrate",0.23135,"ppm",25.753,-81.2555,1
"2143",62008,"FIU_Estuaries","Upper Chatham River","2006-06-05","Nitrate",1.5582,"ppm",25.7175,-81.2305,1
"2144",62023,"FIU_Estuaries","Huston River","2006-06-05","Nitrate",0.3122,"ppm",25.73133,-81.28467,1
"2145",62038,"FIU_Estuaries","Chevalier Bay","2006-06-05","Nitrate",2.5193,"ppm",25.7125,-81.207,0.8
"2146",62053,"FIU_Estuaries","Alligator Bay","2006-06-05","Nitrate",16.4668,"ppm",25.67017,-81.16867,1
"2147",62068,"FIU_Estuaries","Faka Union River","2006-06-06","Nitrate",6.0116,"ppm",25.9,-81.516,1
"2148",62083,"FIU_Estuaries","Blackwater River","2006-06-06","Nitrate",0.52255,"ppm",25.9298,-81.60032,0.8
"2149",62098,"FIU_Estuaries","Fakahatchee Bay","2006-06-06","Nitrate",1.0479,"ppm",25.8895,-81.4765,0.915
"2150",62113,"FIU_Estuaries","First National","2006-06-13","Nitrate",8.6993585,"ppm",26.04217,-81.76158,0.915
"2151",62128,"FIU_Estuaries","Wiggins Pass","2006-06-14","Nitrate",23.137982,"ppm",26.29167,-81.82,0.5
"2152",62143,"FIU_Estuaries","Henderson Creek","2006-06-13","Nitrate",8.3810265,"ppm",26.0257,-81.7332,0.915
"2153",62158,"FIU_Estuaries","Highway Creek","2006-07-06","Nitrate",13.7046,"ppm",25.2536,-80.44415,0.855555555555556
"2154",62173,"FIU_Estuaries","Garfield Bight","2006-07-05","Nitrate",1.61175,"ppm",25.15048,-80.80922,0.905555555555556
"2155",62188,"FIU_Estuaries","Chokoloskee","2006-07-14","Nitrate",39.276412,"ppm",25.8075,-81.3495,0.8
"2156",62203,"FIU_Estuaries","Rabbit Key Pass","2006-07-14","Nitrate",9.062739,"ppm",25.77,-81.38333,1
"2157",62218,"FIU_Estuaries","Lopez Bay","2006-07-14","Nitrate",61.4822565,"ppm",25.78417,-81.33217,1
"2158",62233,"FIU_Estuaries","Sunday Bay","2006-07-14","Nitrate",15.9131385,"ppm",25.796,-81.28,1
"2159",62248,"FIU_Estuaries","Huston Bay","2006-07-14","Nitrate",12.2231725,"ppm",25.753,-81.2555,1
"2160",62263,"FIU_Estuaries","Upper Chatham River","2006-07-14","Nitrate",18.0988955,"ppm",25.7175,-81.2305,1
"2161",62278,"FIU_Estuaries","Huston River","2006-07-14","Nitrate",12.6224805,"ppm",25.73133,-81.28467,1
"2162",62293,"FIU_Estuaries","Chevalier Bay","2006-07-14","Nitrate",9.145542,"ppm",25.7125,-81.207,0.8
"2163",62308,"FIU_Estuaries","Alligator Bay","2006-07-14","Nitrate",5.9431925,"ppm",25.67017,-81.16867,1
"2164",62323,"FIU_Estuaries","Faka Union River","2006-07-12","Nitrate",3.43515725,"ppm",25.9,-81.516,1
"2165",62338,"FIU_Estuaries","Blackwater River","2006-07-12","Nitrate",16.2646575,"ppm",25.9298,-81.60032,0.8
"2166",62353,"FIU_Estuaries","Fakahatchee Bay","2006-07-12","Nitrate",26.173147,"ppm",25.8895,-81.4765,0.915
"2167",62368,"FIU_Estuaries","First National","2006-07-25","Nitrate",20.7396,"ppm",26.04217,-81.76158,0.915
"2168",62383,"FIU_Estuaries","Wiggins Pass","2006-07-24","Nitrate",136.786587,"ppm",26.29167,-81.82,0.5
"2169",62398,"FIU_Estuaries","Henderson Creek","2006-07-25","Nitrate",22.63016,"ppm",26.0257,-81.7332,0.915
"2170",62413,"FIU_Estuaries","Highway Creek","2006-08-16","Nitrate",28.2765,"ppm",25.2536,-80.44415,0.855555555555556
"2171",62428,"FIU_Estuaries","Garfield Bight","2006-08-15","Nitrate",5.467,"ppm",25.15048,-80.80922,0.905555555555556
"2172",62443,"FIU_Estuaries","Chokoloskee","2006-08-03","Nitrate",30.7075755,"ppm",25.8075,-81.3495,0.8
"2173",62458,"FIU_Estuaries","Rabbit Key Pass","2006-08-03","Nitrate",14.215691,"ppm",25.77,-81.38333,1
"2174",62473,"FIU_Estuaries","Lopez Bay","2006-08-03","Nitrate",56.9573025,"ppm",25.78417,-81.33217,1
"2175",62488,"FIU_Estuaries","Sunday Bay","2006-08-03","Nitrate",1.3682305,"ppm",25.796,-81.28,1
"2176",62503,"FIU_Estuaries","Huston Bay","2006-08-03","Nitrate",1.0296055,"ppm",25.753,-81.2555,1
"2177",62518,"FIU_Estuaries","Upper Chatham River","2006-08-03","Nitrate",116.4607815,"ppm",25.7175,-81.2305,1
"2178",62533,"FIU_Estuaries","Huston River","2006-08-03","Nitrate",16.3793175,"ppm",25.73133,-81.28467,1
"2179",62548,"FIU_Estuaries","Chevalier Bay","2006-08-03","Nitrate",103.673423,"ppm",25.7125,-81.207,0.8
"2180",62563,"FIU_Estuaries","Alligator Bay","2006-08-03","Nitrate",0.8052345,"ppm",25.67017,-81.16867,1
"2181",62578,"FIU_Estuaries","Faka Union River","2006-08-04","Nitrate",12.1078545,"ppm",25.9,-81.516,1
"2182",62593,"FIU_Estuaries","Blackwater River","2006-08-04","Nitrate",22.2467805,"ppm",25.9298,-81.60032,0.8
"2183",62608,"FIU_Estuaries","Fakahatchee Bay","2006-08-04","Nitrate",18.0582815,"ppm",25.8895,-81.4765,0.915
"2184",62623,"FIU_Estuaries","First National","2006-08-08","Nitrate",7.843066,"ppm",26.04217,-81.76158,0.915
"2185",62638,"FIU_Estuaries","Wiggins Pass","2006-08-09","Nitrate",17.166954,"ppm",26.29167,-81.82,0.5
"2186",62653,"FIU_Estuaries","Henderson Creek","2006-08-08","Nitrate",15.4525,"ppm",26.0257,-81.7332,0.915
"2187",62668,"FIU_Estuaries","Highway Creek","2006-09-20","Nitrate",1.3272,"ppm",25.2536,-80.44415,0.855555555555556
"2188",62683,"FIU_Estuaries","Garfield Bight","2006-09-19","Nitrate",13.8642,"ppm",25.15048,-80.80922,0.905555555555556
"2189",62698,"FIU_Estuaries","Chokoloskee","2006-09-28","Nitrate",6.958742,"ppm",25.8075,-81.3495,0.8
"2190",62713,"FIU_Estuaries","Rabbit Key Pass","2006-09-28","Nitrate",26.9378585,"ppm",25.77,-81.38333,1
"2191",62728,"FIU_Estuaries","Lopez Bay","2006-09-28","Nitrate",18.0622995,"ppm",25.78417,-81.33217,1
"2192",62743,"FIU_Estuaries","Sunday Bay","2006-09-28","Nitrate",NA,"ppm",25.796,-81.28,1
"2193",62758,"FIU_Estuaries","Huston Bay","2006-09-28","Nitrate",NA,"ppm",25.753,-81.2555,1
"2194",62773,"FIU_Estuaries","Upper Chatham River","2006-09-28","Nitrate",17.997,"ppm",25.7175,-81.2305,1
"2195",62788,"FIU_Estuaries","Huston River","2006-09-28","Nitrate",NA,"ppm",25.73133,-81.28467,1
"2196",62803,"FIU_Estuaries","Chevalier Bay","2006-09-28","Nitrate",7.707,"ppm",25.7125,-81.207,0.8
"2197",62818,"FIU_Estuaries","Alligator Bay","2006-09-28","Nitrate",29.3265,"ppm",25.67017,-81.16867,1
"2198",62833,"FIU_Estuaries","Faka Union River","2006-09-29","Nitrate",31.367,"ppm",25.9,-81.516,1
"2199",62848,"FIU_Estuaries","Blackwater River","2006-09-29","Nitrate",16.471,"ppm",25.9298,-81.60032,0.8
"2200",62863,"FIU_Estuaries","Fakahatchee Bay","2006-09-29","Nitrate",3.3775,"ppm",25.8895,-81.4765,0.915
"2201",62878,"FIU_Estuaries","First National","2006-09-12","Nitrate",37.74855,"ppm",26.04217,-81.76158,0.915
"2202",62893,"FIU_Estuaries","Wiggins Pass","2006-09-13","Nitrate",101.71,"ppm",26.29167,-81.82,0.5
"2203",62908,"FIU_Estuaries","Henderson Creek","2006-09-12","Nitrate",37.35585,"ppm",26.0257,-81.7332,0.915
"2204",62923,"FIU_Estuaries","Highway Creek","2006-10-10","Nitrate",14.1288,"ppm",25.2536,-80.44415,0.855555555555556
"2205",62938,"FIU_Estuaries","Garfield Bight","2006-10-09","Nitrate",10.8892,"ppm",25.15048,-80.80922,0.905555555555556
"2206",62953,"FIU_Estuaries","Chokoloskee","2006-10-31","Nitrate",19.8632,"ppm",25.8075,-81.3495,0.8
"2207",62968,"FIU_Estuaries","Rabbit Key Pass","2006-10-31","Nitrate",7.08015,"ppm",25.77,-81.38333,1
"2208",62983,"FIU_Estuaries","Lopez Bay","2006-10-31","Nitrate",22.20505,"ppm",25.78417,-81.33217,1
"2209",62998,"FIU_Estuaries","Sunday Bay","2006-10-31","Nitrate",3.06215,"ppm",25.796,-81.28,1
"2210",63013,"FIU_Estuaries","Huston Bay","2006-10-31","Nitrate",9.4899,"ppm",25.753,-81.2555,1
"2211",63028,"FIU_Estuaries","Upper Chatham River","2006-10-31","Nitrate",57.78465,"ppm",25.7175,-81.2305,1
"2212",63043,"FIU_Estuaries","Huston River","2006-10-31","Nitrate",2.6831,"ppm",25.73133,-81.28467,1
"2213",63058,"FIU_Estuaries","Chevalier Bay","2006-10-31","Nitrate",12.8177,"ppm",25.7125,-81.207,0.8
"2214",63073,"FIU_Estuaries","Alligator Bay","2006-10-31","Nitrate",NA,"ppm",25.67017,-81.16867,1
"2215",63088,"FIU_Estuaries","Faka Union River","2006-10-30","Nitrate",7.0042,"ppm",25.9,-81.516,1
"2216",63103,"FIU_Estuaries","Blackwater River","2006-10-30","Nitrate",14.7868,"ppm",25.9298,-81.60032,0.8
"2217",63118,"FIU_Estuaries","First National","2006-10-24","Nitrate",5.5636,"ppm",26.04217,-81.76158,0.915
"2218",63133,"FIU_Estuaries","Wiggins Pass","2006-10-25","Nitrate",15.47035,"ppm",26.29167,-81.82,0.5
"2219",63148,"FIU_Estuaries","Henderson Creek","2006-10-24","Nitrate",4.27945,"ppm",26.0257,-81.7332,0.915
"2220",63163,"FIU_Estuaries","Highway Creek","2006-11-08","Nitrate",14.94902521,"ppm",25.2536,-80.44415,0.855555555555556
"2221",63178,"FIU_Estuaries","Garfield Bight","2006-11-07","Nitrate",3.87121546,"ppm",25.15048,-80.80922,0.905555555555556
"2222",63193,"FIU_Estuaries","Chokoloskee","2006-11-27","Nitrate",19.52160518,"ppm",25.8075,-81.3495,0.8
"2223",63208,"FIU_Estuaries","Rabbit Key Pass","2006-11-27","Nitrate",15.27145004,"ppm",25.77,-81.38333,1
"2224",63223,"FIU_Estuaries","Lopez Bay","2006-11-27","Nitrate",27.07490254,"ppm",25.78417,-81.33217,1
"2225",63238,"FIU_Estuaries","Sunday Bay","2006-11-27","Nitrate",36.36182165,"ppm",25.796,-81.28,1
"2226",63253,"FIU_Estuaries","Huston Bay","2006-11-27","Nitrate",25.53118946,"ppm",25.753,-81.2555,1
"2227",63268,"FIU_Estuaries","Upper Chatham River","2006-11-27","Nitrate",31.81227791,"ppm",25.7175,-81.2305,1
"2228",63283,"FIU_Estuaries","Huston River","2006-11-27","Nitrate",27.91471998,"ppm",25.73133,-81.28467,1
"2229",63298,"FIU_Estuaries","Chevalier Bay","2006-11-27","Nitrate",36.13483384,"ppm",25.7125,-81.207,0.8
"2230",63313,"FIU_Estuaries","Alligator Bay","2006-11-27","Nitrate",0.2877441,"ppm",25.67017,-81.16867,1
"2231",63328,"FIU_Estuaries","Faka Union River","2006-11-28","Nitrate",20.81357985,"ppm",25.9,-81.516,1
"2232",63343,"FIU_Estuaries","Blackwater River","2006-11-28","Nitrate",10.11883159,"ppm",25.9298,-81.60032,0.8
"2233",63358,"FIU_Estuaries","Fakahatchee Bay","2006-11-28","Nitrate",26.5352108,"ppm",25.8895,-81.4765,0.915
"2234",63373,"FIU_Estuaries","First National","2006-11-20","Nitrate",1.443141,"ppm",26.04217,-81.76158,0.915
"2235",63388,"FIU_Estuaries","Wiggins Pass","2006-11-21","Nitrate",3.73360225,"ppm",26.29167,-81.82,0.5
"2236",63403,"FIU_Estuaries","Henderson Creek","2006-11-20","Nitrate",2.36201378,"ppm",26.0257,-81.7332,0.915
"2237",63418,"FIU_Estuaries","Highway Creek","2006-12-06","Nitrate",23.08630597,"ppm",25.2536,-80.44415,0.855555555555556
"2238",63433,"FIU_Estuaries","Garfield Bight","2006-12-06","Nitrate",4.60725902,"ppm",25.15048,-80.80922,0.905555555555556
"2239",63448,"FIU_Estuaries","Chokoloskee","2006-12-18","Nitrate",53.84244817,"ppm",25.8075,-81.3495,0.8
"2240",63463,"FIU_Estuaries","Rabbit Key Pass","2006-12-18","Nitrate",27.40515855,"ppm",25.77,-81.38333,1
"2241",63478,"FIU_Estuaries","Lopez Bay","2006-12-18","Nitrate",61.78069681,"ppm",25.78417,-81.33217,1
"2242",63493,"FIU_Estuaries","Sunday Bay","2006-12-18","Nitrate",29.75017486,"ppm",25.796,-81.28,1
"2243",63508,"FIU_Estuaries","Huston Bay","2006-12-18","Nitrate",42.99292781,"ppm",25.753,-81.2555,1
"2244",63523,"FIU_Estuaries","Upper Chatham River","2006-12-18","Nitrate",66.71585592,"ppm",25.7175,-81.2305,1
"2245",63538,"FIU_Estuaries","Huston River","2006-12-18","Nitrate",26.95091231,"ppm",25.73133,-81.28467,1
"2246",63553,"FIU_Estuaries","Chevalier Bay","2006-12-18","Nitrate",56.16480961,"ppm",25.7125,-81.207,0.8
"2247",63568,"FIU_Estuaries","Alligator Bay","2006-12-18","Nitrate",4.00494619,"ppm",25.67017,-81.16867,1
"2248",63583,"FIU_Estuaries","Faka Union River","2006-12-19","Nitrate",20.08462995,"ppm",25.9,-81.516,1
"2249",63598,"FIU_Estuaries","Blackwater River","2006-12-19","Nitrate",51.02439223,"ppm",25.9298,-81.60032,0.8
"2250",63613,"FIU_Estuaries","First National","2006-12-12","Nitrate",24.41995661,"ppm",26.04217,-81.76158,0.915
"2251",63628,"FIU_Estuaries","Wiggins Pass","2006-12-11","Nitrate",14.07072422,"ppm",26.29167,-81.82,0.5
"2252",63643,"FIU_Estuaries","Henderson Creek","2006-12-12","Nitrate",20.08689165,"ppm",26.0257,-81.7332,0.915
"2253",63658,"FIU_Estuaries","Highway Creek","2007-01-10","Nitrate",15.969193345,"ppm",25.2536,-80.44415,0.855555555555556
"2254",63673,"FIU_Estuaries","Garfield Bight","2007-01-11","Nitrate",3.82428172,"ppm",25.15048,-80.80922,0.905555555555556
"2255",63688,"FIU_Estuaries","Chokoloskee","2007-01-29","Nitrate",2.87088151,"ppm",25.8075,-81.3495,0.8
"2256",63703,"FIU_Estuaries","Rabbit Key Pass","2007-01-29","Nitrate",2.74323644,"ppm",25.77,-81.38333,1
"2257",63718,"FIU_Estuaries","Lopez Bay","2007-01-29","Nitrate",12.60523509,"ppm",25.78417,-81.33217,1
"2258",63733,"FIU_Estuaries","Sunday Bay","2007-01-29","Nitrate",25.050789225,"ppm",25.796,-81.28,1
"2259",63748,"FIU_Estuaries","Huston Bay","2007-01-29","Nitrate",4.15585233,"ppm",25.753,-81.2555,1
"2260",63763,"FIU_Estuaries","Upper Chatham River","2007-01-29","Nitrate",19.62616733,"ppm",25.7175,-81.2305,1
"2261",63778,"FIU_Estuaries","Huston River","2007-01-29","Nitrate",25.284402395,"ppm",25.73133,-81.28467,1
"2262",63793,"FIU_Estuaries","Chevalier Bay","2007-01-29","Nitrate",27.572921915,"ppm",25.7125,-81.207,0.8
"2263",63808,"FIU_Estuaries","Alligator Bay","2007-01-29","Nitrate",7.3073322,"ppm",25.67017,-81.16867,1
"2264",63823,"FIU_Estuaries","Faka Union River","2007-01-29","Nitrate",18.472572055,"ppm",25.9,-81.516,1
"2265",63838,"FIU_Estuaries","Blackwater River","2007-01-29","Nitrate",15.746924445,"ppm",25.9298,-81.60032,0.8
"2266",63853,"FIU_Estuaries","Fakahatchee Bay","2007-01-29","Nitrate",20.203336265,"ppm",25.8895,-81.4765,0.915
"2267",63868,"FIU_Estuaries","First National","2007-01-16","Nitrate",30.858563785,"ppm",26.04217,-81.76158,0.915
"2268",63883,"FIU_Estuaries","Wiggins Pass","2007-01-16","Nitrate",6.57021568,"ppm",26.29167,-81.82,0.5
"2269",63898,"FIU_Estuaries","Henderson Creek","2007-01-16","Nitrate",3.88888402,"ppm",26.0257,-81.7332,0.915
"2270",63913,"FIU_Estuaries","Highway Creek","2007-02-08","Nitrate",15.73932304,"ppm",25.2536,-80.44415,0.855555555555556
"2271",63928,"FIU_Estuaries","Garfield Bight","2007-02-07","Nitrate",4.18294926,"ppm",25.15048,-80.80922,0.905555555555556
"2272",63943,"FIU_Estuaries","Chokoloskee","2007-02-27","Nitrate",3.92805539,"ppm",25.8075,-81.3495,0.8
"2273",63958,"FIU_Estuaries","Rabbit Key Pass","2007-02-27","Nitrate",3.23934814,"ppm",25.77,-81.38333,1
"2274",63973,"FIU_Estuaries","Lopez Bay","2007-02-27","Nitrate",5.915603085,"ppm",25.78417,-81.33217,1
"2275",63988,"FIU_Estuaries","Sunday Bay","2007-02-27","Nitrate",6.15679827,"ppm",25.796,-81.28,1
"2276",64003,"FIU_Estuaries","Huston Bay","2007-02-27","Nitrate",5.61113567,"ppm",25.753,-81.2555,1
"2277",64018,"FIU_Estuaries","Upper Chatham River","2007-02-27","Nitrate",7.972310955,"ppm",25.7175,-81.2305,1
"2278",64033,"FIU_Estuaries","Huston River","2007-02-27","Nitrate",3.668266875,"ppm",25.73133,-81.28467,1
"2279",64048,"FIU_Estuaries","Chevalier Bay","2007-02-27","Nitrate",7.14588469,"ppm",25.7125,-81.207,0.8
"2280",64063,"FIU_Estuaries","Alligator Bay","2007-02-27","Nitrate",10.958297735,"ppm",25.67017,-81.16867,1
"2281",64078,"FIU_Estuaries","Faka Union River","2007-02-26","Nitrate",5.72383392,"ppm",25.9,-81.516,1
"2282",64093,"FIU_Estuaries","Blackwater River","2007-02-26","Nitrate",5.1681504,"ppm",25.9298,-81.60032,0.8
"2283",64108,"FIU_Estuaries","Fakahatchee Bay","2007-02-26","Nitrate",6.021234835,"ppm",25.8895,-81.4765,0.915
"2284",64123,"FIU_Estuaries","First National","2007-02-13","Nitrate",14.356777435,"ppm",26.04217,-81.76158,0.915
"2285",64138,"FIU_Estuaries","Wiggins Pass","2007-02-14","Nitrate",13.678071225,"ppm",26.29167,-81.82,0.5
"2286",64153,"FIU_Estuaries","Henderson Creek","2007-02-13","Nitrate",5.23168282,"ppm",26.0257,-81.7332,0.915
"2287",64168,"FIU_Estuaries","Highway Creek","2007-03-12","Nitrate",18.894361815,"ppm",25.2536,-80.44415,0.855555555555556
"2288",64183,"FIU_Estuaries","Garfield Bight","2007-03-12","Nitrate",3.229164925,"ppm",25.15048,-80.80922,0.905555555555556
"2289",64198,"FIU_Estuaries","Chokoloskee","2007-03-20","Nitrate",0.197246105,"ppm",25.8075,-81.3495,0.8
"2290",64213,"FIU_Estuaries","Rabbit Key Pass","2007-03-20","Nitrate",1.6501772,"ppm",25.77,-81.38333,1
"2291",64228,"FIU_Estuaries","Lopez Bay","2007-03-20","Nitrate",0.82734505,"ppm",25.78417,-81.33217,1
"2292",64243,"FIU_Estuaries","Sunday Bay","2007-03-20","Nitrate",5.36244877,"ppm",25.796,-81.28,1
"2293",64258,"FIU_Estuaries","Huston Bay","2007-03-20","Nitrate",3.1221547,"ppm",25.753,-81.2555,1
"2294",64273,"FIU_Estuaries","Upper Chatham River","2007-03-20","Nitrate",2.323938855,"ppm",25.7175,-81.2305,1
"2295",64288,"FIU_Estuaries","Huston River","2007-03-20","Nitrate",4.807020225,"ppm",25.73133,-81.28467,1
"2296",64303,"FIU_Estuaries","Chevalier Bay","2007-03-20","Nitrate",6.99672309,"ppm",25.7125,-81.207,0.8
"2297",64318,"FIU_Estuaries","Alligator Bay","2007-03-20","Nitrate",14.21857787,"ppm",25.67017,-81.16867,1
"2298",64333,"FIU_Estuaries","Faka Union River","2007-03-21","Nitrate",4.84038891,"ppm",25.9,-81.516,1
"2299",64348,"FIU_Estuaries","Blackwater River","2007-03-21","Nitrate",2.38536781,"ppm",25.9298,-81.60032,0.8
"2300",64363,"FIU_Estuaries","Fakahatchee Bay","2007-03-21","Nitrate",2.902186175,"ppm",25.8895,-81.4765,0.915
"2301",64378,"FIU_Estuaries","First National","2007-03-13","Nitrate",14.32525892,"ppm",26.04217,-81.76158,0.915
"2302",64393,"FIU_Estuaries","Wiggins Pass","2007-03-14","Nitrate",9.82082752,"ppm",26.29167,-81.82,0.5
"2303",64408,"FIU_Estuaries","Henderson Creek","2007-03-13","Nitrate",0.67775386,"ppm",26.0257,-81.7332,0.915
"2304",64423,"FIU_Estuaries","Highway Creek","2007-04-02","Nitrate",6.5915451,"ppm",25.2536,-80.44415,0.855555555555556
"2305",64438,"FIU_Estuaries","Garfield Bight","2007-04-03","Nitrate",2.29461694,"ppm",25.15048,-80.80922,0.905555555555556
"2306",64453,"FIU_Estuaries","Chokoloskee","2007-04-17","Nitrate",0.4543756,"ppm",25.8075,-81.3495,0.8
"2307",64468,"FIU_Estuaries","Rabbit Key Pass","2007-04-17","Nitrate",2.913716085,"ppm",25.77,-81.38333,1
"2308",64483,"FIU_Estuaries","Lopez Bay","2007-04-17","Nitrate",4.811264395,"ppm",25.78417,-81.33217,1
"2309",64498,"FIU_Estuaries","Sunday Bay","2007-04-17","Nitrate",NA,"ppm",25.796,-81.28,1
"2310",64513,"FIU_Estuaries","Huston Bay","2007-04-17","Nitrate",0.584164525,"ppm",25.753,-81.2555,1
"2311",64528,"FIU_Estuaries","Upper Chatham River","2007-04-17","Nitrate",2.70533347,"ppm",25.7175,-81.2305,1
"2312",64543,"FIU_Estuaries","Huston River","2007-04-17","Nitrate",2.530029845,"ppm",25.73133,-81.28467,1
"2313",64558,"FIU_Estuaries","Chevalier Bay","2007-04-17","Nitrate",2.11983674,"ppm",25.7125,-81.207,0.8
"2314",64573,"FIU_Estuaries","Alligator Bay","2007-04-17","Nitrate",16.67370999,"ppm",25.67017,-81.16867,1
"2315",64588,"FIU_Estuaries","Faka Union River","2007-04-18","Nitrate",12.24205619,"ppm",25.9,-81.516,1
"2316",64603,"FIU_Estuaries","Blackwater River","2007-04-18","Nitrate",40.256291775,"ppm",25.9298,-81.60032,0.8
"2317",64618,"FIU_Estuaries","Fakahatchee Bay","2007-04-18","Nitrate",1.429655535,"ppm",25.8895,-81.4765,0.915
"2318",64633,"FIU_Estuaries","First National","2007-04-18","Nitrate",12.029120215,"ppm",26.04217,-81.76158,0.915
"2319",64648,"FIU_Estuaries","Wiggins Pass","2007-04-19","Nitrate",3.341887955,"ppm",26.29167,-81.82,0.5
"2320",64663,"FIU_Estuaries","Henderson Creek","2007-04-18","Nitrate",7.419930245,"ppm",26.0257,-81.7332,0.915
"2321",64678,"FIU_Estuaries","Highway Creek","2007-05-02","Nitrate",13.49510526,"ppm",25.2536,-80.44415,0.855555555555556
"2322",64693,"FIU_Estuaries","Garfield Bight","2007-05-01","Nitrate",4.11250966,"ppm",25.15048,-80.80922,0.905555555555556
"2323",64708,"FIU_Estuaries","Chokoloskee","2007-05-23","Nitrate",NA,"ppm",25.8075,-81.3495,0.8
"2324",64723,"FIU_Estuaries","Rabbit Key Pass","2007-05-23","Nitrate",NA,"ppm",25.77,-81.38333,1
"2325",64738,"FIU_Estuaries","Lopez Bay","2007-05-23","Nitrate",0.125304305,"ppm",25.78417,-81.33217,1
"2326",64753,"FIU_Estuaries","Sunday Bay","2007-05-23","Nitrate",1.39957622,"ppm",25.796,-81.28,1
"2327",64768,"FIU_Estuaries","Huston Bay","2007-05-23","Nitrate",0.17350067,"ppm",25.753,-81.2555,1
"2328",64783,"FIU_Estuaries","Upper Chatham River","2007-05-23","Nitrate",0.36047837,"ppm",25.7175,-81.2305,1
"2329",64798,"FIU_Estuaries","Huston River","2007-05-23","Nitrate",NA,"ppm",25.73133,-81.28467,1
"2330",64813,"FIU_Estuaries","Chevalier Bay","2007-05-23","Nitrate",1.30530008,"ppm",25.7125,-81.207,0.8
"2331",64828,"FIU_Estuaries","Alligator Bay","2007-05-23","Nitrate",5.796302295,"ppm",25.67017,-81.16867,1
"2332",64843,"FIU_Estuaries","Faka Union River","2007-05-24","Nitrate",11.32353334,"ppm",25.9,-81.516,1
"2333",64858,"FIU_Estuaries","Blackwater River","2007-05-24","Nitrate",4.48787031,"ppm",25.9298,-81.60032,0.8
"2334",64873,"FIU_Estuaries","Fakahatchee Bay","2007-05-24","Nitrate",0.80147844,"ppm",25.8895,-81.4765,0.915
"2335",64888,"FIU_Estuaries","First National","2007-05-15","Nitrate",11.269644155,"ppm",26.04217,-81.76158,0.915
"2336",64903,"FIU_Estuaries","Wiggins Pass","2007-05-18","Nitrate",0.806813105,"ppm",26.29167,-81.82,0.5
"2337",64918,"FIU_Estuaries","Henderson Creek","2007-05-15","Nitrate",23.661915375,"ppm",26.0257,-81.7332,0.915
"2338",64933,"FIU_Estuaries","Highway Creek","2007-06-07","Nitrate",10.168841305,"ppm",25.2536,-80.44415,0.855555555555556
"2339",64948,"FIU_Estuaries","Garfield Bight","2007-06-06","Nitrate",1.71299121,"ppm",25.15048,-80.80922,0.905555555555556
"2340",64963,"FIU_Estuaries","Chokoloskee","2007-06-13","Nitrate",0.3141901,"ppm",25.8075,-81.3495,0.8
"2341",64978,"FIU_Estuaries","Rabbit Key Pass","2007-06-13","Nitrate",0.554455055,"ppm",25.77,-81.38333,1
"2342",64993,"FIU_Estuaries","Lopez Bay","2007-06-13","Nitrate",0.226567285,"ppm",25.78417,-81.33217,1
"2343",65008,"FIU_Estuaries","Sunday Bay","2007-06-13","Nitrate",3.82197214,"ppm",25.796,-81.28,1
"2344",65023,"FIU_Estuaries","Huston Bay","2007-06-13","Nitrate",5.44748428,"ppm",25.753,-81.2555,1
"2345",65038,"FIU_Estuaries","Upper Chatham River","2007-06-13","Nitrate",9.711187465,"ppm",25.7175,-81.2305,1
"2346",65053,"FIU_Estuaries","Huston River","2007-06-13","Nitrate",2.473421615,"ppm",25.73133,-81.28467,1
"2347",65068,"FIU_Estuaries","Chevalier Bay","2007-06-13","Nitrate",3.74865029,"ppm",25.7125,-81.207,0.8
"2348",65083,"FIU_Estuaries","Alligator Bay","2007-06-13","Nitrate",5.090756125,"ppm",25.67017,-81.16867,1
"2349",65098,"FIU_Estuaries","Faka Union River","2007-06-14","Nitrate",9.56698771,"ppm",25.9,-81.516,1
"2350",65113,"FIU_Estuaries","Blackwater River","2007-06-14","Nitrate",8.22364375,"ppm",25.9298,-81.60032,0.8
"2351",65128,"FIU_Estuaries","Fakahatchee Bay","2007-06-14","Nitrate",2.02427876,"ppm",25.8895,-81.4765,0.915
"2352",65143,"FIU_Estuaries","First National","2007-06-19","Nitrate",2.65104161,"ppm",26.04217,-81.76158,0.915
"2353",65158,"FIU_Estuaries","Wiggins Pass","2007-06-20","Nitrate",2.507436295,"ppm",26.29167,-81.82,0.5
"2354",65173,"FIU_Estuaries","Henderson Creek","2007-06-19","Nitrate",1.522899,"ppm",26.0257,-81.7332,0.915
"2355",65188,"FIU_Estuaries","Highway Creek","2007-07-02","Nitrate",3.8021186,"ppm",25.2536,-80.44415,0.855555555555556
"2356",65203,"FIU_Estuaries","Garfield Bight","2007-07-03","Nitrate",1.21609908,"ppm",25.15048,-80.80922,0.905555555555556
"2357",65218,"FIU_Estuaries","Chokoloskee","2007-07-16","Nitrate",5.198418715,"ppm",25.8075,-81.3495,0.8
"2358",65233,"FIU_Estuaries","Rabbit Key Pass","2007-07-16","Nitrate",9.691350515,"ppm",25.77,-81.38333,1
"2359",65248,"FIU_Estuaries","Lopez Bay","2007-07-16","Nitrate",12.562106235,"ppm",25.78417,-81.33217,1
"2360",65263,"FIU_Estuaries","Sunday Bay","2007-07-16","Nitrate",31.421811155,"ppm",25.796,-81.28,1
"2361",65278,"FIU_Estuaries","Huston Bay","2007-07-16","Nitrate",9.234565235,"ppm",25.753,-81.2555,1
"2362",65293,"FIU_Estuaries","Upper Chatham River","2007-07-16","Nitrate",19.159801605,"ppm",25.7175,-81.2305,1
"2363",65308,"FIU_Estuaries","Huston River","2007-07-16","Nitrate",11.621386595,"ppm",25.73133,-81.28467,1
"2364",65323,"FIU_Estuaries","Chevalier Bay","2007-07-16","Nitrate",7.422097445,"ppm",25.7125,-81.207,0.8
"2365",65338,"FIU_Estuaries","Alligator Bay","2007-07-16","Nitrate",3.25194765,"ppm",25.67017,-81.16867,1
"2366",65353,"FIU_Estuaries","Faka Union River","2007-07-15","Nitrate",9.504948985,"ppm",25.9,-81.516,1
"2367",65368,"FIU_Estuaries","Blackwater River","2007-07-15","Nitrate",1.350069385,"ppm",25.9298,-81.60032,0.8
"2368",65383,"FIU_Estuaries","Fakahatchee Bay","2007-07-15","Nitrate",2.6015514,"ppm",25.8895,-81.4765,0.915
"2369",65398,"FIU_Estuaries","First National","2007-07-27","Nitrate",3.729531645,"ppm",26.04217,-81.76158,0.915
"2370",65413,"FIU_Estuaries","Wiggins Pass","2007-07-25","Nitrate",0.85046213,"ppm",26.29167,-81.82,0.5
"2371",65428,"FIU_Estuaries","Henderson Creek","2007-07-27","Nitrate",7.22108331,"ppm",26.0257,-81.7332,0.915
"2372",65443,"FIU_Estuaries","Highway Creek","2007-08-08","Nitrate",18.12019713,"ppm",25.2536,-80.44415,0.855555555555556
"2373",65458,"FIU_Estuaries","Garfield Bight","2007-08-07","Nitrate",1.74421366,"ppm",25.15048,-80.80922,0.905555555555556
"2374",65473,"FIU_Estuaries","Chokoloskee","2007-08-27","Nitrate",NA,"ppm",25.8075,-81.3495,0.8
"2375",65488,"FIU_Estuaries","Rabbit Key Pass","2007-08-27","Nitrate",NA,"ppm",25.77,-81.38333,1
"2376",65503,"FIU_Estuaries","Lopez Bay","2007-08-27","Nitrate",NA,"ppm",25.78417,-81.33217,1
"2377",65518,"FIU_Estuaries","Sunday Bay","2007-08-27","Nitrate",20.858369875,"ppm",25.796,-81.28,1
"2378",65533,"FIU_Estuaries","Huston Bay","2007-08-27","Nitrate",32.807686555,"ppm",25.753,-81.2555,1
"2379",65548,"FIU_Estuaries","Upper Chatham River","2007-08-27","Nitrate",60.351957015,"ppm",25.7175,-81.2305,1
"2380",65563,"FIU_Estuaries","Huston River","2007-08-27","Nitrate",39.1317535,"ppm",25.73133,-81.28467,1
"2381",65578,"FIU_Estuaries","Chevalier Bay","2007-08-27","Nitrate",40.064237045,"ppm",25.7125,-81.207,0.8
"2382",65593,"FIU_Estuaries","Alligator Bay","2007-08-27","Nitrate",5.64745475,"ppm",25.67017,-81.16867,1
"2383",65608,"FIU_Estuaries","Faka Union River","2007-08-28","Nitrate",6.275110275,"ppm",25.9,-81.516,1
"2384",65623,"FIU_Estuaries","Blackwater River","2007-08-28","Nitrate",15.52331375,"ppm",25.9298,-81.60032,0.8
"2385",65638,"FIU_Estuaries","Fakahatchee Bay","2007-08-28","Nitrate",10.28069931,"ppm",25.8895,-81.4765,0.915
"2386",65653,"FIU_Estuaries","First National","2007-08-20","Nitrate",5.544769825,"ppm",26.04217,-81.76158,0.915
"2387",65668,"FIU_Estuaries","Wiggins Pass","2007-08-21","Nitrate",1.234421825,"ppm",26.29167,-81.82,0.5
"2388",65683,"FIU_Estuaries","Henderson Creek","2007-08-20","Nitrate",1.857236325,"ppm",26.0257,-81.7332,0.915
"2389",65698,"FIU_Estuaries","Highway Creek","2007-09-04","Nitrate",6.357023575,"ppm",25.2536,-80.44415,0.855555555555556
"2390",65713,"FIU_Estuaries","Garfield Bight","2007-09-05","Nitrate",12.15561515,"ppm",25.15048,-80.80922,0.905555555555556
"2391",65728,"FIU_Estuaries","Chokoloskee","2007-09-04","Nitrate",37.71867155,"ppm",25.8075,-81.3495,0.8
"2392",65743,"FIU_Estuaries","Rabbit Key Pass","2007-09-04","Nitrate",48.334026965,"ppm",25.77,-81.38333,1
"2393",65758,"FIU_Estuaries","Lopez Bay","2007-09-04","Nitrate",50.360191105,"ppm",25.78417,-81.33217,1
"2394",65773,"FIU_Estuaries","Sunday Bay","2007-09-04","Nitrate",5.98785117,"ppm",25.796,-81.28,1
"2395",65788,"FIU_Estuaries","Huston Bay","2007-09-04","Nitrate",43.81546428,"ppm",25.753,-81.2555,1
"2396",65803,"FIU_Estuaries","Upper Chatham River","2007-09-04","Nitrate",95.622479365,"ppm",25.7175,-81.2305,1
"2397",65818,"FIU_Estuaries","Huston River","2007-09-04","Nitrate",11.115481335,"ppm",25.73133,-81.28467,1
"2398",65833,"FIU_Estuaries","Chevalier Bay","2007-09-04","Nitrate",53.810364475,"ppm",25.7125,-81.207,0.8
"2399",65848,"FIU_Estuaries","Alligator Bay","2007-09-04","Nitrate",23.81997079,"ppm",25.67017,-81.16867,1
"2400",65863,"FIU_Estuaries","Faka Union River","2007-09-19","Nitrate",22.00462978,"ppm",25.9,-81.516,1
"2401",65878,"FIU_Estuaries","Blackwater River","2007-09-19","Nitrate",22.51456249,"ppm",25.9298,-81.60032,0.8
"2402",65893,"FIU_Estuaries","Fakahatchee Bay","2007-09-19","Nitrate",1.541528695,"ppm",25.8895,-81.4765,0.915
"2403",65908,"FIU_Estuaries","First National","2007-09-11","Nitrate",2.20673075,"ppm",26.04217,-81.76158,0.915
"2404",65923,"FIU_Estuaries","Wiggins Pass","2007-09-11","Nitrate",1.64806243,"ppm",26.29167,-81.82,0.5
"2405",65938,"FIU_Estuaries","Henderson Creek","2007-09-11","Nitrate",1.320656015,"ppm",26.0257,-81.7332,0.915
"2406",65953,"FIU_Estuaries","Highway Creek","2007-10-05","Nitrate",4.0385695,"ppm",25.2536,-80.44415,0.855555555555556
"2407",65968,"FIU_Estuaries","Garfield Bight","2007-10-04","Nitrate",3.599547,"ppm",25.15048,-80.80922,0.905555555555556
"2408",65983,"FIU_Estuaries","Rabbit Key Pass","2007-10-29","Nitrate",77.620431,"ppm",25.77,-81.38333,1
"2409",65998,"FIU_Estuaries","Lopez Bay","2007-10-29","Nitrate",68.758718,"ppm",25.78417,-81.33217,1
"2410",66013,"FIU_Estuaries","Sunday Bay","2007-10-29","Nitrate",3.692906,"ppm",25.796,-81.28,1
"2411",66028,"FIU_Estuaries","Huston Bay","2007-10-29","Nitrate",47.352214,"ppm",25.753,-81.2555,1
"2412",66043,"FIU_Estuaries","Upper Chatham River","2007-10-29","Nitrate",79.961042,"ppm",25.7175,-81.2305,1
"2413",66058,"FIU_Estuaries","Chevalier Bay","2007-10-29","Nitrate",55.538952,"ppm",25.7125,-81.207,0.8
"2414",66073,"FIU_Estuaries","Faka Union River","2007-10-30","Nitrate",51.634604,"ppm",25.9,-81.516,1
"2415",66088,"FIU_Estuaries","Blackwater River","2007-10-30","Nitrate",44.945957,"ppm",25.9298,-81.60032,0.8
"2416",66103,"FIU_Estuaries","Fakahatchee Bay","2007-10-30","Nitrate",14.028049,"ppm",25.8895,-81.4765,0.915
"2417",66118,"FIU_Estuaries","First National","2007-10-23","Nitrate",23.48164658,"ppm",26.04217,-81.76158,0.915
"2418",66133,"FIU_Estuaries","Wiggins Pass","2007-10-22","Nitrate",39.38067357,"ppm",26.29167,-81.82,0.5
"2419",66148,"FIU_Estuaries","Henderson Creek","2007-10-23","Nitrate",3.98380255,"ppm",26.0257,-81.7332,0.915
"2420",66163,"FIU_Estuaries","Highway Creek","2007-11-07","Nitrate",28.39875941,"ppm",25.2536,-80.44415,0.855555555555556
"2421",66178,"FIU_Estuaries","Garfield Bight","2007-11-07","Nitrate",13.9704432,"ppm",25.15048,-80.80922,0.905555555555556
"2422",66193,"FIU_Estuaries","Rabbit Key Pass","2007-11-13","Nitrate",5.41567803,"ppm",25.77,-81.38333,1
"2423",66208,"FIU_Estuaries","Lopez Bay","2007-11-13","Nitrate",25.31555866,"ppm",25.78417,-81.33217,1
"2424",66223,"FIU_Estuaries","Sunday Bay","2007-11-13","Nitrate",13.275906,"ppm",25.796,-81.28,1
"2425",66238,"FIU_Estuaries","Huston Bay","2007-11-13","Nitrate",22.07751,"ppm",25.753,-81.2555,1
"2426",66253,"FIU_Estuaries","Upper Chatham River","2007-11-13","Nitrate",36.603371,"ppm",25.7175,-81.2305,1
"2427",66268,"FIU_Estuaries","Chevalier Bay","2007-11-13","Nitrate",29.018934,"ppm",25.7125,-81.207,0.8
"2428",66283,"FIU_Estuaries","Faka Union River","2007-11-14","Nitrate",17.86827595,"ppm",25.9,-81.516,1
"2429",66298,"FIU_Estuaries","Blackwater River","2007-11-14","Nitrate",1.047249,"ppm",25.9298,-81.60032,0.8
"2430",66313,"FIU_Estuaries","Fakahatchee Bay","2007-11-14","Nitrate",11.733575,"ppm",25.8895,-81.4765,0.915
"2431",66328,"FIU_Estuaries","First National","2007-11-13","Nitrate",6.623561,"ppm",26.04217,-81.76158,0.915
"2432",66343,"FIU_Estuaries","Wiggins Pass","2007-11-12","Nitrate",10.145534,"ppm",26.29167,-81.82,0.5
"2433",66358,"FIU_Estuaries","Henderson Creek","2007-11-13","Nitrate",4.004301,"ppm",26.0257,-81.7332,0.915
"2434",66373,"FIU_Estuaries","Highway Creek","2007-12-06","Nitrate",8.952489,"ppm",25.2536,-80.44415,0.855555555555556
"2435",66388,"FIU_Estuaries","Garfield Bight","2007-12-07","Nitrate",13.954955,"ppm",25.15048,-80.80922,0.905555555555556
"2436",66403,"FIU_Estuaries","Rabbit Key Pass","2007-12-04","Nitrate",3.507098,"ppm",25.77,-81.38333,1
"2437",66418,"FIU_Estuaries","Lopez Bay","2007-12-04","Nitrate",14.001127,"ppm",25.78417,-81.33217,1
"2438",66433,"FIU_Estuaries","Sunday Bay","2007-12-04","Nitrate",45.021312,"ppm",25.796,-81.28,1
"2439",66448,"FIU_Estuaries","Huston Bay","2007-12-04","Nitrate",22.683514,"ppm",25.753,-81.2555,1
"2440",66463,"FIU_Estuaries","Upper Chatham River","2007-12-04","Nitrate",72.679838,"ppm",25.7175,-81.2305,1
"2441",66478,"FIU_Estuaries","Chevalier Bay","2007-12-04","Nitrate",17.790311,"ppm",25.7125,-81.207,0.8
"2442",66493,"FIU_Estuaries","Faka Union River","2007-12-05","Nitrate",1.660106,"ppm",25.9,-81.516,1
"2443",66508,"FIU_Estuaries","Blackwater River","2007-12-05","Nitrate",0.400743,"ppm",25.9298,-81.60032,0.8
"2444",66523,"FIU_Estuaries","Fakahatchee Bay","2007-12-05","Nitrate",66.186834,"ppm",25.8895,-81.4765,0.915
"2445",66538,"FIU_Estuaries","First National","2007-12-04","Nitrate",2.46617,"ppm",26.04217,-81.76158,0.915
"2446",66553,"FIU_Estuaries","Wiggins Pass","2007-12-03","Nitrate",19.771444,"ppm",26.29167,-81.82,0.5
"2447",66568,"FIU_Estuaries","Henderson Creek","2007-12-04","Nitrate",1.2495,"ppm",26.0257,-81.7332,0.915
"2448",66583,"FIU_Estuaries","Highway Creek","2008-01-08","Nitrate",12.53618527,"ppm",25.2536,-80.44415,0.855555555555556
"2449",66598,"FIU_Estuaries","Garfield Bight","2008-01-09","Nitrate",2.48806719,"ppm",25.15048,-80.80922,0.905555555555556
"2450",66613,"FIU_Estuaries","Rabbit Key Pass","2008-01-15","Nitrate",5.52224694,"ppm",25.77,-81.38333,1
"2451",66628,"FIU_Estuaries","Lopez Bay","2008-01-15","Nitrate",6.26509786,"ppm",25.78417,-81.33217,1
"2452",66643,"FIU_Estuaries","Sunday Bay","2008-01-15","Nitrate",1.17588849,"ppm",25.796,-81.28,1
"2453",66658,"FIU_Estuaries","Huston Bay","2008-01-15","Nitrate",3.22830165,"ppm",25.753,-81.2555,1
"2454",66673,"FIU_Estuaries","Chevalier Bay","2008-01-15","Nitrate",7.78712312,"ppm",25.7125,-81.207,0.8
"2455",66688,"FIU_Estuaries","Faka Union River","2008-01-15","Nitrate",7.14948269,"ppm",25.9,-81.516,1
"2456",66703,"FIU_Estuaries","Blackwater River","2008-01-15","Nitrate",16.99327686,"ppm",25.9298,-81.60032,0.8
"2457",66718,"FIU_Estuaries","Fakahatchee Bay","2008-01-15","Nitrate",0.83373318,"ppm",25.8895,-81.4765,0.915
"2458",66733,"FIU_Estuaries","First National","2008-01-16","Nitrate",8.17583375,"ppm",26.04217,-81.76158,0.915
"2459",66748,"FIU_Estuaries","Wigging Pass","2008-01-16","Nitrate",17.6082935,"ppm",26.29167,-81.82,0.5
"2460",66763,"FIU_Estuaries","Henderson Creek","2008-01-16","Nitrate",1.22582047,"ppm",26.0257,-81.7332,0.915
"2461",66778,"FIU_Estuaries","Highway Creek","2008-02-07","Nitrate",1.2541522,"ppm",25.2536,-80.44415,0.855555555555556
"2462",66793,"FIU_Estuaries","Garfield Bight","2008-02-08","Nitrate",1.10530588,"ppm",25.15048,-80.80922,0.905555555555556
"2463",66808,"FIU_Estuaries","Rabbit Key Pass","2008-02-19","Nitrate",0.31908261,"ppm",25.77,-81.38333,1
"2464",66823,"FIU_Estuaries","Lopez Bay","2008-02-19","Nitrate",20.8651919,"ppm",25.78417,-81.33217,1
"2465",66838,"FIU_Estuaries","Sunday Bay","2008-02-19","Nitrate",4.8773165,"ppm",25.796,-81.28,1
"2466",66853,"FIU_Estuaries","Huston Bay","2008-02-19","Nitrate",2.44343141,"ppm",25.753,-81.2555,1
"2467",66868,"FIU_Estuaries","Chevalier Bay","2008-02-19","Nitrate",2.02995604,"ppm",25.7125,-81.207,0.8
"2468",66883,"FIU_Estuaries","Faka Union River","2008-02-20","Nitrate",43.19259875,"ppm",25.9,-81.516,1
"2469",66898,"FIU_Estuaries","Blackwater River","2008-02-20","Nitrate",46.29563344,"ppm",25.9298,-81.60032,0.8
"2470",66913,"FIU_Estuaries","First National","2008-02-12","Nitrate",0.2691745,"ppm",26.04217,-81.76158,0.915
"2471",66928,"FIU_Estuaries","Wigging Pass","2008-02-12","Nitrate",8.73941362,"ppm",26.29167,-81.82,0.5
"2472",66943,"FIU_Estuaries","Henderson Creek","2008-02-12","Nitrate",2.74652868,"ppm",26.0257,-81.7332,0.915
"2473",66958,"FIU_Estuaries","Highway Creek","2008-03-04","Nitrate",5.93360901,"ppm",25.2536,-80.44415,0.855555555555556
"2474",66973,"FIU_Estuaries","Garfield Bight","2008-03-05","Nitrate",0.42426825,"ppm",25.15048,-80.80922,0.905555555555556
"2475",66988,"FIU_Estuaries","Rabbit Key Pass","2008-03-11","Nitrate",1.35385663,"ppm",25.77,-81.38333,1
"2476",67003,"FIU_Estuaries","Lopez Bay","2008-03-11","Nitrate",11.5818472,"ppm",25.78417,-81.33217,1
"2477",67018,"FIU_Estuaries","Sunday Bay","2008-03-11","Nitrate",33.01975257,"ppm",25.796,-81.28,1
"2478",67033,"FIU_Estuaries","Huston Bay","2008-03-11","Nitrate",17.40477872,"ppm",25.753,-81.2555,1
"2479",67048,"FIU_Estuaries","Chevalier Bay","2008-03-11","Nitrate",5.73684993,"ppm",25.7125,-81.207,0.8
"2480",67063,"FIU_Estuaries","Faka Union River","2008-03-12","Nitrate",17.44732402,"ppm",25.9,-81.516,1
"2481",67078,"FIU_Estuaries","Blackwater River","2008-03-12","Nitrate",30.64376056,"ppm",25.9298,-81.60032,0.8
"2482",67093,"FIU_Estuaries","Fakahatchee Bay","2008-03-12","Nitrate",9.01414542,"ppm",25.8895,-81.4765,0.915
"2483",67108,"FIU_Estuaries","First National","2008-03-11","Nitrate",4.45788917,"ppm",26.04217,-81.76158,0.915
"2484",67123,"FIU_Estuaries","Wigging Pass","2008-03-12","Nitrate",23.52086002,"ppm",26.29167,-81.82,0.5
"2485",67138,"FIU_Estuaries","Henderson Creek","2008-03-12","Nitrate",3.5691397,"ppm",26.0257,-81.7332,0.915
"2486",67153,"FIU_Estuaries","Highway Creek","2008-04-01","Nitrate",6.98955712,"ppm",25.2536,-80.44415,0.855555555555556
"2487",67168,"FIU_Estuaries","Garfield Bight","2008-04-02","Nitrate",6.95526237,"ppm",25.15048,-80.80922,0.905555555555556
"2488",67183,"FIU_Estuaries","Rabbit Key Pass","2008-04-27","Nitrate",0.32373173,"ppm",25.77,-81.38333,1
"2489",67198,"FIU_Estuaries","Lopez Bay","2008-04-27","Nitrate",0.50958369,"ppm",25.78417,-81.33217,1
"2490",67213,"FIU_Estuaries","Sunday Bay","2008-04-27","Nitrate",9.80504273,"ppm",25.796,-81.28,1
"2491",67228,"FIU_Estuaries","Huston Bay","2008-04-27","Nitrate",5.80142913,"ppm",25.753,-81.2555,1
"2492",67243,"FIU_Estuaries","Chevalier Bay","2008-04-27","Nitrate",9.49452651,"ppm",25.7125,-81.207,0.8
"2493",67258,"FIU_Estuaries","Faka Union River","2008-04-26","Nitrate",0.54781958,"ppm",25.9,-81.516,1
"2494",67273,"FIU_Estuaries","Blackwater River","2008-04-26","Nitrate",2.46019494,"ppm",25.9298,-81.60032,0.8
"2495",67288,"FIU_Estuaries","Fakahatchee Bay","2008-04-26","Nitrate",NA,"ppm",25.8895,-81.4765,0.915
"2496",67303,"FIU_Estuaries","First National","2008-04-23","Nitrate",3.43224035,"ppm",26.04217,-81.76158,0.915
"2497",67318,"FIU_Estuaries","Wigging Pass","2008-04-22","Nitrate",4.30180401,"ppm",26.29167,-81.82,0.5
"2498",67333,"FIU_Estuaries","Henderson Creek","2008-04-23","Nitrate",3.454423,"ppm",26.0257,-81.7332,0.915
"2499",67348,"FIU_Estuaries","Highway Creek","2008-05-06","Nitrate",2.26006816,"ppm",25.2536,-80.44415,0.855555555555556
"2500",67363,"FIU_Estuaries","Garfield Bight","2008-05-07","Nitrate",7.39077836,"ppm",25.15048,-80.80922,0.905555555555556
"2501",67378,"FIU_Estuaries","Rabbit Key Pass","2008-05-21","Nitrate",2.37418951,"ppm",25.77,-81.38333,1
"2502",67393,"FIU_Estuaries","Lopez Bay","2008-05-21","Nitrate",5.4159644,"ppm",25.78417,-81.33217,1
"2503",67408,"FIU_Estuaries","Sunday Bay","2008-05-21","Nitrate",1.26647045,"ppm",25.796,-81.28,1
"2504",67423,"FIU_Estuaries","Huston Bay","2008-05-21","Nitrate",0.36330189,"ppm",25.753,-81.2555,1
"2505",67438,"FIU_Estuaries","Chevalier Bay","2008-05-21","Nitrate",NA,"ppm",25.7125,-81.207,0.8
"2506",67453,"FIU_Estuaries","Faka Union River","2008-05-19","Nitrate",4.10767574,"ppm",25.9,-81.516,1
"2507",67468,"FIU_Estuaries","Blackwater River","2008-05-19","Nitrate",5.10750107,"ppm",25.9298,-81.60032,0.8
"2508",67483,"FIU_Estuaries","Fakahatchee Bay","2008-05-19","Nitrate",3.80863322,"ppm",25.8895,-81.4765,0.915
"2509",67498,"FIU_Estuaries","First National","2008-05-20","Nitrate",2.21899636,"ppm",26.04217,-81.76158,0.915
"2510",67513,"FIU_Estuaries","Wigging Pass","2008-05-20","Nitrate",2.16515299,"ppm",26.29167,-81.82,0.5
"2511",67528,"FIU_Estuaries","Henderson Creek","2008-05-20","Nitrate",1.88750268,"ppm",26.0257,-81.7332,0.915
"2512",67543,"FIU_Estuaries","Highway Creek","2008-06-03","Nitrate",2.28408005,"ppm",25.2536,-80.44415,0.855555555555556
"2513",67558,"FIU_Estuaries","Garfield Bight","2008-06-04","Nitrate",11.45149173,"ppm",25.15048,-80.80922,0.905555555555556
"2514",67573,"FIU_Estuaries","Rabbit Key Pass","2008-06-16","Nitrate",0.83344114,"ppm",25.77,-81.38333,1
"2515",67588,"FIU_Estuaries","Lopez Bay","2008-06-16","Nitrate",3.73700915,"ppm",25.78417,-81.33217,1
"2516",67603,"FIU_Estuaries","Sunday Bay","2008-06-16","Nitrate",2.15463514,"ppm",25.796,-81.28,1
"2517",67618,"FIU_Estuaries","Huston Bay","2008-06-16","Nitrate",0.40492718,"ppm",25.753,-81.2555,1
"2518",67633,"FIU_Estuaries","Chevalier Bay","2008-06-16","Nitrate",1.68259847,"ppm",25.7125,-81.207,0.8
"2519",67648,"FIU_Estuaries","Faka Union River","2008-06-17","Nitrate",0.46674719,"ppm",25.9,-81.516,1
"2520",67663,"FIU_Estuaries","Blackwater River","2008-06-17","Nitrate",8.3780662,"ppm",25.9298,-81.60032,0.8
"2521",67678,"FIU_Estuaries","Fakahatchee Bay","2008-06-17","Nitrate",1.513729,"ppm",25.8895,-81.4765,0.915
"2522",67693,"FIU_Estuaries","First National","2008-06-16","Nitrate",NA,"ppm",26.04217,-81.76158,0.915
"2523",67708,"FIU_Estuaries","Wigging Pass","2008-06-18","Nitrate",1.06323679,"ppm",26.29167,-81.82,0.5
"2524",67723,"FIU_Estuaries","Henderson Creek","2008-06-16","Nitrate",NA,"ppm",26.0257,-81.7332,0.915
"2525",67738,"FIU_Estuaries","Highway Creek","2008-07-01","Nitrate",6.41594828,"ppm",25.2536,-80.44415,0.855555555555556
"2526",67753,"FIU_Estuaries","Rabbit Key Pass","2008-07-22","Nitrate",37.93694156,"ppm",25.77,-81.38333,1
"2527",67768,"FIU_Estuaries","Lopez Bay","2008-07-21","Nitrate",35.539,"ppm",25.78417,-81.33217,1
"2528",67783,"FIU_Estuaries","Sunday Bay","2008-07-21","Nitrate",NA,"ppm",25.796,-81.28,1
"2529",67798,"FIU_Estuaries","Huston Bay","2008-07-21","Nitrate",13.293,"ppm",25.753,-81.2555,1
"2530",67813,"FIU_Estuaries","Chevalier Bay","2008-07-21","Nitrate",5.95,"ppm",25.7125,-81.207,0.8
"2531",67828,"FIU_Estuaries","Faka Union River","2008-07-22","Nitrate",14.371,"ppm",25.9,-81.516,1
"2532",67843,"FIU_Estuaries","Blackwater River","2008-07-22","Nitrate",12.187,"ppm",25.9298,-81.60032,0.8
"2533",67858,"FIU_Estuaries","Fakahatchee Bay","2008-07-22","Nitrate",11.39175702,"ppm",25.8895,-81.4765,0.915
"2534",67873,"FIU_Estuaries","First National","2008-07-21","Nitrate",25.96609533,"ppm",26.04217,-81.76158,0.915
"2535",67888,"FIU_Estuaries","Wigging Pass","2008-07-22","Nitrate",11.54819029,"ppm",26.29167,-81.82,0.5
"2536",67903,"FIU_Estuaries","Henderson Creek","2008-07-21","Nitrate",14.11287766,"ppm",26.0257,-81.7332,0.915
"2537",67918,"FIU_Estuaries","Highway Creek","2008-08-05","Nitrate",10.3359886,"ppm",25.2536,-80.44415,0.855555555555556
"2538",67933,"FIU_Estuaries","Garfield Bight","2008-08-06","Nitrate",11.7746475,"ppm",25.15048,-80.80922,0.905555555555556
"2539",67948,"FIU_Estuaries","Rabbit Key Pass","2008-08-22","Nitrate",70.20382628,"ppm",25.77,-81.38333,1
"2540",67963,"FIU_Estuaries","Lopez Bay","2008-08-22","Nitrate",13.78100682,"ppm",25.78417,-81.33217,1
"2541",67978,"FIU_Estuaries","Sunday Bay","2008-08-22","Nitrate",6.72392399,"ppm",25.796,-81.28,1
"2542",67993,"FIU_Estuaries","Huston Bay","2008-08-22","Nitrate",15.03874862,"ppm",25.753,-81.2555,1
"2543",68008,"FIU_Estuaries","Chevalier Bay","2008-08-22","Nitrate",8.22633448,"ppm",25.7125,-81.207,0.8
"2544",68023,"FIU_Estuaries","Faka Union River","2008-08-26","Nitrate",18.15851933,"ppm",25.9,-81.516,1
"2545",68038,"FIU_Estuaries","Blackwater River","2008-08-26","Nitrate",18.80709768,"ppm",25.9298,-81.60032,0.8
"2546",68053,"FIU_Estuaries","Fakahatchee Bay","2008-08-26","Nitrate",21.01224545,"ppm",25.8895,-81.4765,0.915
"2547",68068,"FIU_Estuaries","First National","2008-08-25","Nitrate",17.79518265,"ppm",26.04217,-81.76158,0.915
"2548",68083,"FIU_Estuaries","Wigging Pass","2008-08-26","Nitrate",0.645999445,"ppm",26.29167,-81.82,0.5
"2549",68098,"FIU_Estuaries","Henderson Creek","2008-08-25","Nitrate",14.64448342,"ppm",26.0257,-81.7332,0.915
"2550",68113,"FIU_Estuaries","Highway Creek","2008-09-15","Nitrate",0.94526215,"ppm",25.2536,-80.44415,0.855555555555556
"2551",68128,"FIU_Estuaries","Garfield Bight","2008-09-16","Nitrate",1.87264763,"ppm",25.15048,-80.80922,0.905555555555556
"2552",68143,"FIU_Estuaries","Rabbit Key Pass","2008-09-22","Nitrate",49.64460361,"ppm",25.77,-81.38333,1
"2553",68158,"FIU_Estuaries","Lopez Bay","2008-09-22","Nitrate",5.738138,"ppm",25.78417,-81.33217,1
"2554",68173,"FIU_Estuaries","Sunday Bay","2008-09-22","Nitrate",1.695435,"ppm",25.796,-81.28,1
"2555",68188,"FIU_Estuaries","Huston Bay","2008-09-22","Nitrate",0.390705,"ppm",25.753,-81.2555,1
"2556",68203,"FIU_Estuaries","Chevalier Bay","2008-09-22","Nitrate",8.475068,"ppm",25.7125,-81.207,0.8
"2557",68218,"FIU_Estuaries","Faka Union River","2008-09-23","Nitrate",19.65488693,"ppm",25.9,-81.516,1
"2558",68233,"FIU_Estuaries","Blackwater River","2008-09-23","Nitrate",21.59345426,"ppm",25.9298,-81.60032,0.8
"2559",68248,"FIU_Estuaries","Fakahatchee Bay","2008-09-23","Nitrate",20.671,"ppm",25.8895,-81.4765,0.915
"2560",68263,"FIU_Estuaries","First National","2008-09-22","Nitrate",3.576216,"ppm",26.04217,-81.76158,0.915
"2561",68278,"FIU_Estuaries","Wigging Pass","2008-09-23","Nitrate",108.45155881,"ppm",26.29167,-81.82,0.5
"2562",68293,"FIU_Estuaries","Henderson Creek","2008-09-22","Nitrate",21.701414,"ppm",26.0257,-81.7332,0.915
"2563",68313,"AOML_FBBB","1",NA,"Nitrate",NA,NA,25.17733,-80.49333,NA
"2564",68328,"AOML_FBBB","7",NA,"Nitrate",NA,NA,25.11656,-80.79433,NA
"2565",68343,"AOML_FBBB","1",NA,"Nitrate",2.05,NA,25.17167,-80.49117,NA
"2566",68358,"AOML_FBBB","1",NA,"Nitrate",NA,NA,25.17683,-80.4965,NA
"2567",68373,"AOML_FBBB","3",NA,"Nitrate",1.3,NA,25.13367,-80.621,NA
"2568",68388,"AOML_FBBB","6",NA,"Nitrate",1.46,NA,25.0745,-80.75317,NA
"2569",68403,"AOML_FBBB","7",NA,"Nitrate",1.1,NA,25.11733,-80.79483,NA
"2570",68418,"AOML_FBBB","7",NA,"Nitrate",NA,NA,25.11683,-80.79467,NA
"2571",68433,"AOML_FBBB","9",NA,"Nitrate",0.4,NA,25.11833,-80.905,NA
"2572",68448,"AOML_FBBB","14",NA,"Nitrate",0.34,NA,25.02667,-81.02567,NA
"2573",68463,"AOML_FBBB","33",NA,"Nitrate",0.35,NA,25.055,-80.91717,NA
"2574",68478,"AOML_FBBB","50",NA,"Nitrate",NA,NA,25.142,-80.92217,NA
"2575",68493,"AOML_FBBB","14",NA,"Nitrate",NA,NA,25.025,-81.02517,NA
"2576",68508,"AOML_FBBB","14",NA,"Nitrate",NA,NA,25.02766,-81.02818,NA
"2577",68523,"AOML_FBBB","17",NA,"Nitrate",0.83,NA,24.91133,-80.708,NA
"2578",68538,"AOML_FBBB","19",NA,"Nitrate",0.78,NA,25.02083,-80.5555,NA
"2579",68553,"AOML_FBBB","36",NA,"Nitrate",0.43,NA,24.95016,-80.795,NA
"2580",68568,"AOML_FBBB","36",NA,"Nitrate",NA,NA,24.95017,-80.7905,NA
"2581",68583,"AOML_FBBB","1",NA,"Nitrate",NA,NA,25.176,-80.4975,NA
"2582",68598,"AOML_FBBB","7",NA,"Nitrate",NA,NA,25.11633,-80.79117,NA
"2583",68613,"AOML_FBBB","1",NA,"Nitrate",5.78,NA,25.17633,-80.4945,NA
"2584",68628,"AOML_FBBB","1",NA,"Nitrate",NA,NA,25.17783,-80.49733,NA
"2585",68643,"AOML_FBBB","3",NA,"Nitrate",2.95,NA,25.13417,-80.621,NA
"2586",68658,"AOML_FBBB","6",NA,"Nitrate",1.62,NA,25.0755,-80.75083,NA
"2587",68673,"AOML_FBBB","7",NA,"Nitrate",1.37,NA,25.11567,-80.79367,NA
"2588",68688,"AOML_FBBB","7",NA,"Nitrate",NA,NA,25.11617,-80.78933,NA
"2589",68703,"AOML_FBBB","9",NA,"Nitrate",1.62,NA,25.11867,-80.905,NA
"2590",68718,"AOML_FBBB","14",NA,"Nitrate",0.77,NA,25.01967,-81.02133,NA
"2591",68733,"AOML_FBBB","33",NA,"Nitrate",0.44,NA,25.0535,-80.91833,NA
"2592",68748,"AOML_FBBB","14",NA,"Nitrate",NA,NA,25.02817,-81.02567,NA
"2593",68763,"AOML_FBBB","17",NA,"Nitrate",1.05,NA,24.9102,-80.708,NA
"2594",68778,"AOML_FBBB","19",NA,"Nitrate",1.86,NA,25.01933,-80.55783,NA
"2595",68793,"AOML_FBBB","36",NA,"Nitrate",0.43,NA,24.95083,-80.79017,NA
"2596",68808,"AOML_FBBB","36",NA,"Nitrate",NA,NA,24.95033,-80.78933,NA
"2597",68823,"AOML_FBBB","1",NA,"Nitrate",0.51328012,NA,25.17466,-80.49534,NA
"2598",68838,"AOML_FBBB","3",NA,"Nitrate",1.24621306,NA,25.13282,-80.621,NA
"2599",68853,"AOML_FBBB","6",NA,"Nitrate",0.50575472,NA,25.0735,-80.75,NA
"2600",68868,"AOML_FBBB","7",NA,"Nitrate",0.38830972,NA,25.11732,-80.79634,NA
"2601",68883,"AOML_FBBB","9",NA,"Nitrate",0.48979289,NA,25.11866,-80.905,NA
"2602",68898,"AOML_FBBB","14",NA,"Nitrate",0.42872779,NA,25.02566,-81.02634,NA
"2603",68913,"AOML_FBBB","33",NA,"Nitrate",0.44434909,NA,25.04816,-80.916,NA
"2604",68928,"AOML_FBBB","17",NA,"Nitrate",0.57813511,NA,24.91282,-80.708,NA
"2605",68943,"AOML_FBBB","19",NA,"Nitrate",0.44150887,NA,25.018,-80.55768,NA
"2606",68958,"AOML_FBBB","36",NA,"Nitrate",0.61409669,NA,24.9495,-80.793,NA
"2607",68973,"AOML_FBBB","1",NA,"Nitrate",NA,NA,25.1775,-80.4955,NA
"2608",68988,"AOML_FBBB","7",NA,"Nitrate",NA,NA,25.1177,-80.7942,NA
"2609",69003,"AOML_FBBB","1",NA,"Nitrate",1.6785287,NA,25.1782,-80.4958,NA
"2610",69018,"AOML_FBBB","1",NA,"Nitrate",NA,NA,25.1775,-80.4945,NA
"2611",69033,"AOML_FBBB","3",NA,"Nitrate",0.61631478,NA,25.1353,-80.6038,NA
"2612",69048,"AOML_FBBB","6",NA,"Nitrate",0,NA,25.074,-80.7553,NA
"2613",69063,"AOML_FBBB","7",NA,"Nitrate",0,NA,25.1162,-80.7947,NA
"2614",69078,"AOML_FBBB","7",NA,"Nitrate",NA,NA,25.116,-80.7912,NA
"2615",69093,"AOML_FBBB","9",NA,"Nitrate",0.32937032,NA,25.1177,-80.905,NA
"2616",69108,"AOML_FBBB","14",NA,"Nitrate",0,NA,25.0292,-81.0287,NA
"2617",69123,"AOML_FBBB","33",NA,"Nitrate",0,NA,25.0463,-80.9167,NA
"2618",69138,"AOML_FBBB","36",NA,"Nitrate",NA,NA,24.9505,-80.791,NA
"2619",69153,"AOML_FBBB","17",NA,"Nitrate",0.1485157,NA,24.9132,-80.708,NA
"2620",69168,"AOML_FBBB","19",NA,"Nitrate",0.47357917,NA,25.0198,-80.5577,NA
"2621",69183,"AOML_FBBB","36",NA,"Nitrate",0,NA,24.952,-80.7918,NA
"2622",69198,"AOML_FBBB","49",NA,"Nitrate",NA,NA,24.9217,-80.913,NA
"2623",69213,"AOML_FBBB","1",NA,"Nitrate",0.977,NA,25.17482,-80.4915,NA
"2624",69228,"AOML_FBBB","3",NA,"Nitrate",0.17,NA,25.13582,-80.6025,NA
"2625",69243,"AOML_FBBB","5",NA,"Nitrate",NA,NA,25.1175,-80.714,NA
"2626",69258,"AOML_FBBB","6",NA,"Nitrate",0.168,NA,25.0725,-80.75202,NA
"2627",69273,"AOML_FBBB","7",NA,"Nitrate",0.043,NA,25.118,-80.7961,NA
"2628",69288,"AOML_FBBB","9",NA,"Nitrate",0.338,NA,25.11916,-80.905,NA
"2629",69303,"AOML_FBBB","14",NA,"Nitrate",0.065,NA,25.02732,-81.02834,NA
"2630",69318,"AOML_FBBB","19",NA,"Nitrate",0.869,NA,25.02066,-80.55618,NA
"2631",69333,"AOML_FBBB","33",NA,"Nitrate",0.18,NA,25.04882,-80.91734,NA
"2632",69348,"AOML_FBBB","35",NA,"Nitrate",NA,NA,24.972,-80.879,NA
"2633",69363,"AOML_FBBB","36",NA,"Nitrate",NA,NA,24.95,-80.78418,NA
"2634",69378,"AOML_FBBB","17",NA,"Nitrate",0.996,NA,24.91182,-80.708,NA
"2635",69393,"AOML_FBBB","36",NA,"Nitrate",0.463,NA,24.951,-80.79334,NA
"2636",69408,"AOML_FBBB","19",NA,"Nitrate",0.283,NA,25.023,-80.55198,NA
"2637",69423,"AOML_FBBB","21",NA,"Nitrate",1.124,NA,25.113,-80.515,NA
"2638",69438,"AOML_FBBB","31",NA,"Nitrate",0.207,NA,25.011,-80.8717,NA
"2639",69453,"AOML_FBBB","36",NA,"Nitrate",0.214,NA,24.95934,-80.78584,NA
"2640",69468,"AOML_FBBB","1",NA,"Nitrate",1.42,NA,25.1847,-80.49972,NA
"2641",69483,"AOML_FBBB","2",NA,"Nitrate",0.195,NA,25.163,-80.562,NA
"2642",69498,"AOML_FBBB","5",NA,"Nitrate",0.114,NA,25.115,-80.719,NA
"2643",69513,"AOML_FBBB","7",NA,"Nitrate",0.174,NA,25.11632,-80.78936,NA
"2644",69528,"AOML_FBBB","9",NA,"Nitrate",1.695,NA,25.127,-80.905,NA
"2645",69543,"AOML_FBBB","20",NA,"Nitrate",0.698,NA,25.067,-80.493,NA
"2646",69558,"AOML_FBBB","19",NA,"Nitrate",NA,NA,25.02076,-80.55962,NA
"2647",69573,"AOML_FBBB","20",NA,"Nitrate",NA,NA,25.06784,-80.49434,NA
"2648",69588,"AOML_FBBB","24",NA,"Nitrate",NA,NA,25.06366,-80.66918,NA
"2649",69603,"AOML_FBBB","25",NA,"Nitrate",NA,NA,25.06016,-80.7162,NA
"2650",69618,"AOML_FBBB","26",NA,"Nitrate",NA,NA,25.0261,-80.7242,NA
"2651",69633,"AOML_FBBB","28",NA,"Nitrate",NA,NA,24.999,-80.785,NA
"2652",69648,"AOML_FBBB","30",NA,"Nitrate",NA,NA,24.98016,-80.835,NA
"2653",69663,"AOML_FBBB","31",NA,"Nitrate",NA,NA,25.00946,-80.86112,NA
"2654",69678,"AOML_FBBB","36",NA,"Nitrate",NA,NA,24.9545,-80.78196,NA
"2655",69693,"AOML_FBBB","39",NA,"Nitrate",NA,NA,25.0079,-80.64162,NA
"2656",69708,"AOML_FBBB","42",NA,"Nitrate",NA,NA,25.00666,-80.88936,NA
"2657",69723,"AOML_FBBB","46",NA,"Nitrate",NA,NA,24.95984,-80.7111,NA
"2658",69738,"AOML_FBBB","47",NA,"Nitrate",NA,NA,25.0848,-80.58868,NA
"2659",69753,"AOML_FBBB","1",NA,"Nitrate",NA,NA,25.18518,-80.49186,NA
"2660",69768,"AOML_FBBB","3",NA,"Nitrate",NA,NA,25.15214,-80.6046,NA
"2661",69783,"AOML_FBBB","4",NA,"Nitrate",NA,NA,25.13456,-80.6773,NA
"2662",69798,"AOML_FBBB","5",NA,"Nitrate",NA,NA,25.1177,-80.71338,NA
"2663",69813,"AOML_FBBB","6",NA,"Nitrate",NA,NA,25.06968,-80.75812,NA
"2664",69828,"AOML_FBBB","7",NA,"Nitrate",NA,NA,25.11648,-80.79186,NA
"2665",69843,"AOML_FBBB","8",NA,"Nitrate",NA,NA,25.1275,-80.86284,NA
"2666",69858,"AOML_FBBB","9",NA,"Nitrate",NA,NA,25.12088,-80.905,NA
"2667",69873,"AOML_FBBB","11",NA,"Nitrate",NA,NA,25.075,-81,NA
"2668",69888,"AOML_FBBB","13",NA,"Nitrate",NA,NA,25.12586,-81.09542,NA
"2669",69903,"AOML_FBBB","14",NA,"Nitrate",NA,NA,25.0261,-81.0329,NA
"2670",69918,"AOML_FBBB","33",NA,"Nitrate",NA,NA,25.04734,-80.91718,NA
"2671",69933,"AOML_FBBB","34",NA,"Nitrate",NA,NA,24.988,-80.9569333333333,NA
"2672",69948,"AOML_FBBB","43",NA,"Nitrate",NA,NA,25.09904,-80.7667,NA
"2673",69963,"AOML_FBBB","48",NA,"Nitrate",NA,NA,25.12284,-80.81586,NA
"2674",69978,"AOML_FBBB","49",NA,"Nitrate",NA,NA,24.903,-80.89702,NA
"2675",69993,"AOML_FBBB","1",NA,"Nitrate",NA,NA,25.17392,-80.49738,NA
"2676",70008,"AOML_FBBB","3",NA,"Nitrate",NA,NA,25.13268,-80.621,NA
"2677",70023,"AOML_FBBB","6",NA,"Nitrate",NA,NA,25.0735,-80.7537,NA
"2678",70038,"AOML_FBBB","7",NA,"Nitrate",NA,NA,25.11708,-80.79426,NA
"2679",70053,"AOML_FBBB","9",NA,"Nitrate",NA,NA,25.11832,-80.905,NA
"2680",70068,"AOML_FBBB","13",NA,"Nitrate",NA,NA,25.127,-81.0965,NA
"2681",70083,"AOML_FBBB","14",NA,"Nitrate",NA,NA,25.02866,-81.02534,NA
"2682",70098,"AOML_FBBB","15",NA,"Nitrate",NA,NA,24.9305,-80.95384,NA
"2683",70113,"AOML_FBBB","17",NA,"Nitrate",NA,NA,24.91356,-80.708,NA
"2684",70128,"AOML_FBBB","19",NA,"Nitrate",NA,NA,25.02014,-80.5554,NA
"2685",70143,"AOML_FBBB","20",NA,"Nitrate",NA,NA,25.067,-80.493,NA
"2686",70158,"AOML_FBBB","23",NA,"Nitrate",NA,NA,25.059,-80.62284,NA
"2687",70173,"AOML_FBBB","24",NA,"Nitrate",NA,NA,25.06342,-80.66908,NA
"2688",70188,"AOML_FBBB","25",NA,"Nitrate",NA,NA,25.06006,-80.7152,NA
"2689",70203,"AOML_FBBB","26",NA,"Nitrate",NA,NA,25.0265,-80.72436,NA
"2690",70218,"AOML_FBBB","28",NA,"Nitrate",NA,NA,24.99986,-80.785,NA
"2691",70233,"AOML_FBBB","31",NA,"Nitrate",NA,NA,25.00968,-80.8629,NA
"2692",70248,"AOML_FBBB","32",NA,"Nitrate",NA,NA,25.01276,-80.9225,NA
"2693",70263,"AOML_FBBB","33",NA,"Nitrate",NA,NA,25.0519,-80.91648,NA
"2694",70278,"AOML_FBBB","35",NA,"Nitrate",NA,NA,24.972,-80.879,NA
"2695",70293,"AOML_FBBB","36",NA,"Nitrate",NA,NA,24.95532,-80.7915,NA
"2696",70308,"AOML_FBBB","38",NA,"Nitrate",NA,NA,24.986,-80.698,NA
"2697",70323,"AOML_FBBB","39",NA,"Nitrate",NA,NA,25.00866,-80.64152,NA
"2698",70338,"AOML_FBBB","46",NA,"Nitrate",NA,NA,24.971,-80.72318,NA
"2699",70353,"AOML_FBBB","47",NA,"Nitrate",NA,NA,25.0918,-80.5681,NA
"2700",70368,"AOML_FBBB","1",NA,"Nitrate",NA,NA,25.18298,-80.49894,NA
"2701",70383,"AOML_FBBB","2",NA,"Nitrate",NA,NA,25.16768,-80.56534,NA
"2702",70398,"AOML_FBBB","3",NA,"Nitrate",NA,NA,25.14934,-80.6221,NA
"2703",70413,"AOML_FBBB","4",NA,"Nitrate",NA,NA,25.13066,-80.68018,NA
"2704",70428,"AOML_FBBB","5",NA,"Nitrate",NA,NA,25.115,-80.719,NA
"2705",70443,"AOML_FBBB","6",NA,"Nitrate",NA,NA,25.06954,-80.75922,NA
"2706",70458,"AOML_FBBB","7",NA,"Nitrate",NA,NA,25.11664,-80.79636,NA
"2707",70473,"AOML_FBBB","8",NA,"Nitrate",NA,NA,25.12882,-80.86496,NA
"2708",70488,"AOML_FBBB","9",NA,"Nitrate",NA,NA,25.12054,-80.905,NA
"2709",70503,"AOML_FBBB","10",NA,"Nitrate",NA,NA,25.1145,-80.995,NA
"2710",70518,"AOML_FBBB","11",NA,"Nitrate",NA,NA,25.0761,-81.00248,NA
"2711",70533,"AOML_FBBB","13",NA,"Nitrate",NA,NA,25.12618,-81.0958,NA
"2712",70548,"AOML_FBBB","14",NA,"Nitrate",NA,NA,25.033,-81.027,NA
"2713",70563,"AOML_FBBB","15",NA,"Nitrate",NA,NA,24.9297266666667,-80.948,NA
"2714",70578,"AOML_FBBB","16",NA,"Nitrate",NA,NA,24.87746,-80.83,NA
"2715",70593,"AOML_FBBB","17",NA,"Nitrate",NA,NA,24.92582,-80.70122,NA
"2716",70608,"AOML_FBBB","19",NA,"Nitrate",NA,NA,25.019,-80.55484,NA
"2717",70623,"AOML_FBBB","45",NA,"Nitrate",NA,NA,24.98464,-81.038,NA
"2718",70638,"AOML_FBBB","20",NA,"Nitrate",NA,NA,25.067,-80.493,NA
"2719",70653,"AOML_FBBB","21",NA,"Nitrate",NA,NA,25.10934,-80.52034,NA
"2720",70668,"AOML_FBBB","22",NA,"Nitrate",NA,NA,25.0995,-80.60068,NA
"2721",70683,"AOML_FBBB","23",NA,"Nitrate",NA,NA,25.0568,-80.62232,NA
"2722",70698,"AOML_FBBB","24",NA,"Nitrate",NA,NA,25.0625,-80.66618,NA
"2723",70713,"AOML_FBBB","25",NA,"Nitrate",NA,NA,25.0584,-80.71636,NA
"2724",70728,"AOML_FBBB","26",NA,"Nitrate",NA,NA,25.02516,-80.72564,NA
"2725",70743,"AOML_FBBB","27",NA,"Nitrate",NA,NA,25.00492,-80.74598,NA
"2726",70758,"AOML_FBBB","28",NA,"Nitrate",NA,NA,24.99956,-80.78406,NA
"2727",70773,"AOML_FBBB","29",NA,"Nitrate",NA,NA,24.998,-80.8172,NA
"2728",70788,"AOML_FBBB","31",NA,"Nitrate",NA,NA,25.0106,-80.8656,NA
"2729",70803,"AOML_FBBB","32",NA,"Nitrate",NA,NA,25.00978,-80.92914,NA
"2730",70818,"AOML_FBBB","33",NA,"Nitrate",NA,NA,25.05416,-80.91984,NA
"2731",70833,"AOML_FBBB","35",NA,"Nitrate",NA,NA,24.9741,-80.87816,NA
"2732",70848,"AOML_FBBB","36",NA,"Nitrate",NA,NA,24.95834,-80.79134,NA
"2733",70863,"AOML_FBBB","38",NA,"Nitrate",NA,NA,24.986,-80.698,NA
"2734",70878,"AOML_FBBB","39",NA,"Nitrate",NA,NA,25.00614,-80.64434,NA
"2735",70893,"AOML_FBBB","40",NA,"Nitrate",NA,NA,25.00798,-80.598,NA
"2736",70908,"AOML_FBBB","42",NA,"Nitrate",NA,NA,25.00416,-80.89802,NA
"2737",70923,"AOML_FBBB","46",NA,"Nitrate",NA,NA,24.96432,-80.7315,NA
"2738",70938,"AOML_FBBB","1",NA,"Nitrate",NA,NA,25.18184,-80.50084,NA
"2739",70953,"AOML_FBBB","2",NA,"Nitrate",NA,NA,25.16632,-80.5655,NA
"2740",70968,"AOML_FBBB","3",NA,"Nitrate",NA,NA,25.14918,-80.62436,NA
"2741",70983,"AOML_FBBB","4",NA,"Nitrate",NA,NA,25.13082,-80.67984,NA
"2742",70998,"AOML_FBBB","5",NA,"Nitrate",NA,NA,25.115,-80.719,NA
"2743",71013,"AOML_FBBB","6",NA,"Nitrate",NA,NA,25.07016,-80.7585,NA
"2744",71028,"AOML_FBBB","7",NA,"Nitrate",NA,NA,25.1156,-80.79146,NA
"2745",71043,"AOML_FBBB","8",NA,"Nitrate",NA,NA,25.1276,-80.8635,NA
"2746",71058,"AOML_FBBB","9",NA,"Nitrate",NA,NA,25.12232,-80.905,NA
"2747",71073,"AOML_FBBB","11",NA,"Nitrate",NA,NA,25.075,-81,NA
"2748",71088,"AOML_FBBB","12",NA,"Nitrate",NA,NA,25.11466,-81.06484,NA
"2749",71103,"AOML_FBBB","14",NA,"Nitrate",NA,NA,25.03764,-81.03602,NA
"2750",71118,"AOML_FBBB","15",NA,"Nitrate",NA,NA,24.9375,-80.962,NA
"2751",71133,"AOML_FBBB","16",NA,"Nitrate",NA,NA,24.87786,-80.82938,NA
"2752",71148,"AOML_FBBB","17",NA,"Nitrate",NA,NA,24.9285,-80.69484,NA
"2753",71163,"AOML_FBBB","18",NA,"Nitrate",NA,NA,24.977,-80.5961,NA
"2754",71178,"AOML_FBBB","43",NA,"Nitrate",NA,NA,25.1048,-80.76572,NA
"2755",71193,"AOML_FBBB","43",NA,"Nitrate",NA,NA,25.0931,-80.76536,NA
"2756",71208,"AOML_FBBB","45",NA,"Nitrate",NA,NA,24.96082,-81.06752,NA
"2757",71223,"AOML_FBBB","21",NA,"Nitrate",NA,NA,25.113,-80.515,NA
"2758",71238,"AOML_FBBB","22",NA,"Nitrate",NA,NA,25.09874,-80.60034,NA
"2759",71253,"AOML_FBBB","23",NA,"Nitrate",NA,NA,25.05594,-80.62304,NA
"2760",71268,"AOML_FBBB","24",NA,"Nitrate",NA,NA,25.0635,-80.66418,NA
"2761",71283,"AOML_FBBB","25",NA,"Nitrate",NA,NA,25.05832,-80.7166,NA
"2762",71298,"AOML_FBBB","26",NA,"Nitrate",NA,NA,25.0255,-80.72584,NA
"2763",71313,"AOML_FBBB","27",NA,"Nitrate",NA,NA,25.00596,-80.74668,NA
"2764",71328,"AOML_FBBB","28",NA,"Nitrate",NA,NA,24.99918,-80.78418,NA
"2765",71343,"AOML_FBBB","30",NA,"Nitrate",NA,NA,24.9753,-80.835,NA
"2766",71358,"AOML_FBBB","31",NA,"Nitrate",NA,NA,25.0103,-80.86634,NA
"2767",71373,"AOML_FBBB","32",NA,"Nitrate",NA,NA,25.00966,-80.92884,NA
"2768",71388,"AOML_FBBB","33",NA,"Nitrate",NA,NA,25.0535,-80.91918,NA
"2769",71403,"AOML_FBBB","34",NA,"Nitrate",NA,NA,24.98558,-80.96162,NA
"2770",71418,"AOML_FBBB","35",NA,"Nitrate",NA,NA,24.97316,-80.8797,NA
"2771",71433,"AOML_FBBB","36",NA,"Nitrate",NA,NA,24.95782,-80.7902,NA
"2772",71448,"AOML_FBBB","38",NA,"Nitrate",NA,NA,24.986,-80.698,NA
"2773",71463,"AOML_FBBB","39",NA,"Nitrate",NA,NA,25.00682,-80.64386,NA
"2774",71478,"AOML_FBBB","40",NA,"Nitrate",NA,NA,25.00704,-80.598,NA
"2775",71493,"AOML_FBBB","42",NA,"Nitrate",NA,NA,24.99806,-80.899,NA
"2776",71508,"AOML_FBBB","46",NA,"Nitrate",NA,NA,24.96532,-80.73192,NA
"2777",71523,"AOML_FBBB","1",NA,"Nitrate",NA,NA,25.182,-80.49486,NA
"2778",71538,"AOML_FBBB","2",NA,"Nitrate",NA,NA,25.16688,-80.56096,NA
"2779",71553,"AOML_FBBB","3",NA,"Nitrate",NA,NA,25.14966,-80.6247,NA
"2780",71568,"AOML_FBBB","4",NA,"Nitrate",NA,NA,25.13164,-80.67918,NA
"2781",71583,"AOML_FBBB","5",NA,"Nitrate",NA,NA,25.11,-80.71884,NA
"2782",71598,"AOML_FBBB","6",NA,"Nitrate",NA,NA,25.0684,-80.7608,NA
"2783",71613,"AOML_FBBB","6",NA,"Nitrate",NA,NA,25.07,-80.76,NA
"2784",71628,"AOML_FBBB","7",NA,"Nitrate",NA,NA,25.11538,-80.79064,NA
"2785",71643,"AOML_FBBB","8",NA,"Nitrate",NA,NA,25.12816,-80.86402,NA
"2786",71658,"AOML_FBBB","9",NA,"Nitrate",NA,NA,25.12154,-80.905,NA
"2787",71673,"AOML_FBBB","10",NA,"Nitrate",NA,NA,25.1183,-80.9938,NA
"2788",71688,"AOML_FBBB","11",NA,"Nitrate",NA,NA,25.07468,-80.99986,NA
"2789",71703,"AOML_FBBB","12",NA,"Nitrate",NA,NA,25.1184,-81.066,NA
"2790",71718,"AOML_FBBB","13",NA,"Nitrate",NA,NA,25.12366,-81.09468,NA
"2791",71733,"AOML_FBBB","14",NA,"Nitrate",NA,NA,25.03668,-81.02814,NA
"2792",71748,"AOML_FBBB","15",NA,"Nitrate",NA,NA,24.9352,-80.94814,NA
"2793",71763,"AOML_FBBB","16",NA,"Nitrate",NA,NA,24.87498,-80.83168,NA
"2794",71778,"AOML_FBBB","16",NA,"Nitrate",NA,NA,24.878,-80.83,NA
"2795",71793,"AOML_FBBB","17",NA,"Nitrate",NA,NA,24.91882,-80.7125,NA
"2796",71808,"AOML_FBBB","18",NA,"Nitrate",NA,NA,24.97668,-80.60136,NA
"2797",71823,"AOML_FBBB","21",NA,"Nitrate",NA,NA,25.1117,-80.51832,NA
"2798",71838,"AOML_FBBB","22",NA,"Nitrate",NA,NA,25.09884,-80.6027,NA
"2799",71853,"AOML_FBBB","23",NA,"Nitrate",NA,NA,25.0555,-80.6232,NA
"2800",71868,"AOML_FBBB","24",NA,"Nitrate",NA,NA,25.06316,-80.6665,NA
"2801",71883,"AOML_FBBB","25",NA,"Nitrate",NA,NA,25.0575,-80.7162,NA
"2802",71898,"AOML_FBBB","26",NA,"Nitrate",NA,NA,25.0235,-80.72252,NA
"2803",71913,"AOML_FBBB","27",NA,"Nitrate",NA,NA,25.00554,-80.74892,NA
"2804",71928,"AOML_FBBB","29",NA,"Nitrate",NA,NA,24.9981,-80.81168,NA
"2805",71943,"AOML_FBBB","30",NA,"Nitrate",NA,NA,24.9763,-80.8359,NA
"2806",71958,"AOML_FBBB","31",NA,"Nitrate",NA,NA,25.01152,-80.86924,NA
"2807",71973,"AOML_FBBB","32",NA,"Nitrate",NA,NA,25.01314,-80.92512,NA
"2808",71988,"AOML_FBBB","33",NA,"Nitrate",NA,NA,25.0526,-80.919,NA
"2809",72003,"AOML_FBBB","34",NA,"Nitrate",NA,NA,24.98948,-80.95706,NA
"2810",72018,"AOML_FBBB","35",NA,"Nitrate",NA,NA,24.972,-80.88028,NA
"2811",72033,"AOML_FBBB","36",NA,"Nitrate",NA,NA,24.95744,-80.79,NA
"2812",72048,"AOML_FBBB","37",NA,"Nitrate",NA,NA,24.9325,-80.76168,NA
"2813",72063,"AOML_FBBB","38",NA,"Nitrate",NA,NA,24.986,-80.698,NA
"2814",72078,"AOML_FBBB","39",NA,"Nitrate",NA,NA,25.0091,-80.64532,NA
"2815",72093,"AOML_FBBB","40",NA,"Nitrate",NA,NA,25.017,-80.59884,NA
"2816",72108,"AOML_FBBB","42",NA,"Nitrate",NA,NA,25.00364,-80.8982,NA
"2817",72123,"AOML_FBBB","1",NA,"Nitrate",NA,NA,25.18584,-80.5,NA
"2818",72138,"AOML_FBBB","2",NA,"Nitrate",NA,NA,25.16418,-80.5735,NA
"2819",72153,"AOML_FBBB","3",NA,"Nitrate",NA,NA,25.14938,-80.62386,NA
"2820",72168,"AOML_FBBB","4",NA,"Nitrate",NA,NA,25.13362,-80.67922,NA
"2821",72183,"AOML_FBBB","5",NA,"Nitrate",NA,NA,25.1161,-80.71546,NA
"2822",72198,"AOML_FBBB","6",NA,"Nitrate",NA,NA,25.07006,-80.76,NA
"2823",72213,"AOML_FBBB","7",NA,"Nitrate",NA,NA,25.11544,-80.7902,NA
"2824",72228,"AOML_FBBB","8",NA,"Nitrate",NA,NA,25.12694,-80.86154,NA
"2825",72243,"AOML_FBBB","9",NA,"Nitrate",NA,NA,25.12166,-80.93686,NA
"2826",72258,"AOML_FBBB","11",NA,"Nitrate",NA,NA,25.08012,-81.01924,NA
"2827",72273,"AOML_FBBB","12",NA,"Nitrate",NA,NA,25.11318,-81.05996,NA
"2828",72288,"AOML_FBBB","13",NA,"Nitrate",NA,NA,25.12692,-81.09696,NA
"2829",72303,"AOML_FBBB","14",NA,"Nitrate",NA,NA,25.03264,-81.03318,NA
"2830",72318,"AOML_FBBB","15",NA,"Nitrate",NA,NA,24.92684,-80.94934,NA
"2831",72333,"AOML_FBBB","16",NA,"Nitrate",NA,NA,24.8764,-80.83216,NA
"2832",72348,"AOML_FBBB","17",NA,"Nitrate",NA,NA,24.922,-80.7064,NA
"2833",72363,"AOML_FBBB","18",NA,"Nitrate",NA,NA,24.9773,-80.61338,NA
"2834",72378,"AOML_FBBB","19",NA,"Nitrate",NA,NA,25.01836,-80.54842,NA
"2835",72393,"AOML_FBBB","20",NA,"Nitrate",NA,NA,25.0675,-80.49334,NA
"2836",72408,"AOML_FBBB","21",NA,"Nitrate",NA,NA,25.1137,-80.51236,NA
"2837",72423,"AOML_FBBB","22",NA,"Nitrate",NA,NA,25.0995,-80.6017,NA
"2838",72438,"AOML_FBBB","23",NA,"Nitrate",NA,NA,25.05666,-80.6225,NA
"2839",72453,"AOML_FBBB","24",NA,"Nitrate",NA,NA,25.06332,-80.66636,NA
"2840",72468,"AOML_FBBB","24",NA,"Nitrate",NA,NA,25.06384,-80.68812,NA
"2841",72483,"AOML_FBBB","25",NA,"Nitrate",NA,NA,25.05832,-80.7162,NA
"2842",72498,"AOML_FBBB","26",NA,"Nitrate",NA,NA,25.02402,-80.72618,NA
"2843",72513,"AOML_FBBB","28",NA,"Nitrate",NA,NA,25,-80.7845,NA
"2844",72528,"AOML_FBBB","30",NA,"Nitrate",NA,NA,24.97388,-80.81898,NA
"2845",72543,"AOML_FBBB","31",NA,"Nitrate",NA,NA,25.01016,-80.8665,NA
"2846",72558,"AOML_FBBB","32",NA,"Nitrate",NA,NA,25.01036,-80.92902,NA
"2847",72573,"AOML_FBBB","33",NA,"Nitrate",NA,NA,25.05416,-80.92112,NA
"2848",72588,"AOML_FBBB","36",NA,"Nitrate",NA,NA,24.96236,-80.79738,NA
"2849",72603,"AOML_FBBB","38",NA,"Nitrate",NA,NA,24.9772,-80.70836,NA
"2850",72618,"AOML_FBBB","39",NA,"Nitrate",NA,NA,25.00866,-80.64334,NA
"2851",72633,"AOML_FBBB","1",NA,"Nitrate",NA,NA,25.182,-80.49764,NA
"2852",72648,"AOML_FBBB","2",NA,"Nitrate",NA,NA,25.1665,-80.567,NA
"2853",72663,"AOML_FBBB","3",NA,"Nitrate",NA,NA,25.15048,-80.61868,NA
"2854",72678,"AOML_FBBB","4",NA,"Nitrate",NA,NA,25.13276,-80.67806,NA
"2855",72693,"AOML_FBBB","5",NA,"Nitrate",NA,NA,25.11534,-80.71538,NA
"2856",72708,"AOML_FBBB","6",NA,"Nitrate",NA,NA,25.06908,-80.7624,NA
"2857",72723,"AOML_FBBB","7",NA,"Nitrate",NA,NA,25.118,-80.794,NA
"2858",72738,"AOML_FBBB","8",NA,"Nitrate",NA,NA,25.12784,-80.86334,NA
"2859",72753,"AOML_FBBB","9",NA,"Nitrate",NA,NA,25.12642,-80.90544,NA
"2860",72768,"AOML_FBBB","10",NA,"Nitrate",NA,NA,25.1115,-80.9965,NA
"2861",72783,"AOML_FBBB","11",NA,"Nitrate",NA,NA,25.07284,-81.0055,NA
"2862",72798,"AOML_FBBB","13",NA,"Nitrate",NA,NA,25.122,-81.09768,NA
"2863",72813,"AOML_FBBB","14",NA,"Nitrate",NA,NA,25.03318,-81.033,NA
"2864",72828,"AOML_FBBB","15",NA,"Nitrate",NA,NA,24.92838,-80.946,NA
"2865",72843,"AOML_FBBB","16",NA,"Nitrate",NA,NA,24.8765,-80.83052,NA
"2866",72858,"AOML_FBBB","17",NA,"Nitrate",NA,NA,24.9239,-80.70552,NA
"2867",72873,"AOML_FBBB","18",NA,"Nitrate",NA,NA,24.97616,-80.60952,NA
"2868",72888,"AOML_FBBB","19",NA,"Nitrate",NA,NA,25.0175,-80.54696,NA
"2869",72903,"AOML_FBBB","20",NA,"Nitrate",NA,NA,25.06802,-80.4924,NA
"2870",72918,"AOML_FBBB","21",NA,"Nitrate",NA,NA,25.11344,-80.51282,NA
"2871",72933,"AOML_FBBB","22",NA,"Nitrate",NA,NA,25.10134,-80.60434,NA
"2872",72948,"AOML_FBBB","23",NA,"Nitrate",NA,NA,25.056,-80.6225,NA
"2873",72963,"AOML_FBBB","24",NA,"Nitrate",NA,NA,25.063,-80.6677,NA
"2874",72978,"AOML_FBBB","25",NA,"Nitrate",NA,NA,25.0611,-80.71658,NA
"2875",72993,"AOML_FBBB","26",NA,"Nitrate",NA,NA,25.0225,-80.724,NA
"2876",73008,"AOML_FBBB","28",NA,"Nitrate",NA,NA,25.003,-80.78602,NA
"2877",73023,"AOML_FBBB","31",NA,"Nitrate",NA,NA,25.0099,-80.87032,NA
"2878",73038,"AOML_FBBB","32",NA,"Nitrate",NA,NA,25.01366,-80.9255,NA
"2879",73053,"AOML_FBBB","33",NA,"Nitrate",NA,NA,25.05432,-80.91852,NA
"2880",73068,"AOML_FBBB","34",NA,"Nitrate",NA,NA,24.99022,-80.9578,NA
"2881",73083,"AOML_FBBB","35",NA,"Nitrate",NA,NA,24.97316,-80.87884,NA
"2882",73098,"AOML_FBBB","36",NA,"Nitrate",NA,NA,24.96054,-80.79566,NA
"2883",73113,"AOML_FBBB","38",NA,"Nitrate",NA,NA,24.98366,-80.69264,NA
"2884",73128,"AOML_FBBB","39",NA,"Nitrate",NA,NA,25.00756,-80.6508,NA
"2885",73143,"AOML_FBBB","1",NA,"Nitrate",NA,NA,25.1835,-80.49702,NA
"2886",73158,"AOML_FBBB","2",NA,"Nitrate",NA,NA,25.16564,-80.5677,NA
"2887",73173,"AOML_FBBB","3",NA,"Nitrate",NA,NA,25.1501,-80.62032,NA
"2888",73188,"AOML_FBBB","4",NA,"Nitrate",NA,NA,25.13054,-80.67928,NA
"2889",73203,"AOML_FBBB","5",NA,"Nitrate",NA,NA,25.11444,-80.71698,NA
"2890",73218,"AOML_FBBB","6",NA,"Nitrate",NA,NA,25.06922,-80.75966,NA
"2891",73233,"AOML_FBBB","7",NA,"Nitrate",NA,NA,25.117,-80.79352,NA
"2892",73248,"AOML_FBBB","8",NA,"Nitrate",NA,NA,25.1293,-80.86562,NA
"2893",73263,"AOML_FBBB","9",NA,"Nitrate",NA,NA,25.12596,-80.90752,NA
"2894",73278,"AOML_FBBB","10",NA,"Nitrate",NA,NA,25.11064,-80.99702,NA
"2895",73293,"AOML_FBBB","11",NA,"Nitrate",NA,NA,25.07616,-81.00818,NA
"2896",73308,"AOML_FBBB","12",NA,"Nitrate",NA,NA,25.11498,-81.06164,NA
"2897",73323,"AOML_FBBB","13",NA,"Nitrate",NA,NA,25.11167,-81.09651,NA
"2898",73338,"AOML_FBBB","14",NA,"Nitrate",NA,NA,25.03146,-81.033,NA
"2899",73353,"AOML_FBBB","15",NA,"Nitrate",NA,NA,24.93542,-80.95488,NA
"2900",73368,"AOML_FBBB","16",NA,"Nitrate",NA,NA,24.87666,-80.83268,NA
"2901",73383,"AOML_FBBB","17",NA,"Nitrate",NA,NA,24.92248,-80.70568,NA
"2902",73398,"AOML_FBBB","18",NA,"Nitrate",NA,NA,24.97616,-80.61092,NA
"2903",73413,"AOML_FBBB","19",NA,"Nitrate",NA,NA,25.0185,-80.5465,NA
"2904",73428,"AOML_FBBB","20",NA,"Nitrate",NA,NA,25.06794,-80.49226,NA
"2905",73443,"AOML_FBBB","21",NA,"Nitrate",NA,NA,25.1117,-80.51582,NA
"2906",73458,"AOML_FBBB","22",NA,"Nitrate",NA,NA,25.1009,-80.6045,NA
"2907",73473,"AOML_FBBB","23",NA,"Nitrate",NA,NA,25.05686,-80.62328,NA
"2908",73488,"AOML_FBBB","24",NA,"Nitrate",NA,NA,25.06364,-80.66804,NA
"2909",73503,"AOML_FBBB","25",NA,"Nitrate",NA,NA,25.0597,-80.71786,NA
"2910",73518,"AOML_FBBB","26",NA,"Nitrate",NA,NA,25.02492,-80.72536,NA
"2911",73533,"AOML_FBBB","27",NA,"Nitrate",NA,NA,25.00766,-80.75018,NA
"2912",73548,"AOML_FBBB","28",NA,"Nitrate",NA,NA,25.00334,-80.78684,NA
"2913",73563,"AOML_FBBB","29",NA,"Nitrate",NA,NA,24.99714,-80.81,NA
"2914",73578,"AOML_FBBB","30",NA,"Nitrate",NA,NA,24.97898,-80.835,NA
"2915",73593,"AOML_FBBB","31",NA,"Nitrate",NA,NA,25.00976,-80.87038,NA
"2916",73608,"AOML_FBBB","32",NA,"Nitrate",NA,NA,25.01114,-80.92402,NA
"2917",73623,"AOML_FBBB","33",NA,"Nitrate",NA,NA,25.05332,-80.9177,NA
"2918",73638,"AOML_FBBB","34",NA,"Nitrate",NA,NA,24.98596,-80.9529,NA
"2919",73653,"AOML_FBBB","35",NA,"Nitrate",NA,NA,24.9745,-80.87664,NA
"2920",73668,"AOML_FBBB","36",NA,"Nitrate",NA,NA,24.962,-80.79636,NA
"2921",73683,"AOML_FBBB","37",NA,"Nitrate",NA,NA,24.9305,-80.76584,NA
"2922",73698,"AOML_FBBB","38",NA,"Nitrate",NA,NA,24.98478,-80.69664,NA
"2923",73713,"AOML_FBBB","39",NA,"Nitrate",NA,NA,25.00818,-80.6444,NA
"2924",73728,"AOML_FBBB","40",NA,"Nitrate",NA,NA,25.01666,-80.59784,NA
"2925",73743,"AOML_FBBB","1",NA,"Nitrate",NA,NA,25.1829,-80.4949,NA
"2926",73758,"AOML_FBBB","2",NA,"Nitrate",NA,NA,25.166,-80.56218,NA
"2927",73773,"AOML_FBBB","3",NA,"Nitrate",NA,NA,25.15056,-80.6204,NA
"2928",73788,"AOML_FBBB","4",NA,"Nitrate",NA,NA,25.13268,-80.67868,NA
"2929",73803,"AOML_FBBB","5",NA,"Nitrate",NA,NA,25.11708,-80.7182,NA
"2930",73818,"AOML_FBBB","6",NA,"Nitrate",NA,NA,25.06888,-80.75932,NA
"2931",73833,"AOML_FBBB","7",NA,"Nitrate",NA,NA,25.11724,-80.79148,NA
"2932",73848,"AOML_FBBB","8",NA,"Nitrate",NA,NA,25.128,-80.864,NA
"2933",73863,"AOML_FBBB","9",NA,"Nitrate",NA,NA,25.1261,-80.90724,NA
"2934",73878,"AOML_FBBB","10",NA,"Nitrate",NA,NA,25.11268,-80.998,NA
"2935",73893,"AOML_FBBB","11",NA,"Nitrate",NA,NA,25.07554,-81.00118,NA
"2936",73908,"AOML_FBBB","12",NA,"Nitrate",NA,NA,25.114,-81.06668,NA
"2937",73923,"AOML_FBBB","13",NA,"Nitrate",NA,NA,25.11482,-81.09652,NA
"2938",73938,"AOML_FBBB","14",NA,"Nitrate",NA,NA,25.03484,-81.02934,NA
"2939",73953,"AOML_FBBB","15",NA,"Nitrate",NA,NA,24.93132,-80.9495,NA
"2940",73968,"AOML_FBBB","16",NA,"Nitrate",NA,NA,24.87518,-80.8302,NA
"2941",73983,"AOML_FBBB","17",NA,"Nitrate",NA,NA,24.92182,-80.709,NA
"2942",73998,"AOML_FBBB","18",NA,"Nitrate",NA,NA,24.97684,-80.6116,NA
"2943",74013,"AOML_FBBB","19",NA,"Nitrate",NA,NA,25.01894,-80.54796,NA
"2944",74028,"AOML_FBBB","20",NA,"Nitrate",NA,NA,25.0665,-80.49402,NA
"2945",74043,"AOML_FBBB","21",NA,"Nitrate",NA,NA,25.11118,-80.515,NA
"2946",74058,"AOML_FBBB","22",NA,"Nitrate",NA,NA,25.09416,-80.6041666666667,NA
"2947",74073,"AOML_FBBB","23",NA,"Nitrate",NA,NA,25.0566,-80.62454,NA
"2948",74088,"AOML_FBBB","24",NA,"Nitrate",NA,NA,25.0635,-80.66584,NA
"2949",74103,"AOML_FBBB","25",NA,"Nitrate",NA,NA,25.05954,-80.71686,NA
"2950",74118,"AOML_FBBB","26",NA,"Nitrate",NA,NA,25.02416,-80.72284,NA
"2951",74133,"AOML_FBBB","27",NA,"Nitrate",NA,NA,25.0065,-80.74818,NA
"2952",74148,"AOML_FBBB","28",NA,"Nitrate",NA,NA,25.00016,-80.78436,NA
"2953",74163,"AOML_FBBB","29",NA,"Nitrate",NA,NA,24.9975,-80.8088,NA
"2954",74178,"AOML_FBBB","30",NA,"Nitrate",NA,NA,24.97578,-80.8347,NA
"2955",74193,"AOML_FBBB","31",NA,"Nitrate",NA,NA,25.01078,-80.86806,NA
"2956",74208,"AOML_FBBB","32",NA,"Nitrate",NA,NA,25.01114,-80.9275,NA
"2957",74223,"AOML_FBBB","33",NA,"Nitrate",NA,NA,25.05332,-80.9207,NA
"2958",74238,"AOML_FBBB","34",NA,"Nitrate",NA,NA,24.98776,-80.95528,NA
"2959",74253,"AOML_FBBB","35",NA,"Nitrate",NA,NA,24.9713,-80.88002,NA
"2960",74268,"AOML_FBBB","36",NA,"Nitrate",NA,NA,24.95984,-80.793,NA
"2961",74283,"AOML_FBBB","37",NA,"Nitrate",NA,NA,24.93242,-80.76156,NA
"2962",74298,"AOML_FBBB","38",NA,"Nitrate",NA,NA,24.98486,-80.69842,NA
"2963",74313,"AOML_FBBB","39",NA,"Nitrate",NA,NA,25.00818,-80.64686,NA
"2964",74328,"AOML_FBBB","40",NA,"Nitrate",NA,NA,25.01728,-80.598,NA
"2965",74343,"AOML_FBBB","1",NA,"Nitrate",NA,NA,25.1825,-80.498,NA
"2966",74358,"AOML_FBBB","2",NA,"Nitrate",NA,NA,25.16706,-80.5617,NA
"2967",74373,"AOML_FBBB","3",NA,"Nitrate",NA,NA,25.15084,-80.62168,NA
"2968",74388,"AOML_FBBB","4",NA,"Nitrate",NA,NA,25.13118,-80.67984,NA
"2969",74403,"AOML_FBBB","5",NA,"Nitrate",NA,NA,25.11314,-80.7176,NA
"2970",74418,"AOML_FBBB","6",NA,"Nitrate",NA,NA,25.0662,-80.76214,NA
"2971",74433,"AOML_FBBB","7",NA,"Nitrate",NA,NA,25.11732,-80.79336,NA
"2972",74448,"AOML_FBBB","8",NA,"Nitrate",NA,NA,25.12784,-80.8637,NA
"2973",74463,"AOML_FBBB","10",NA,"Nitrate",NA,NA,25.11034,-80.9965,NA
"2974",74478,"AOML_FBBB","11",NA,"Nitrate",NA,NA,25.07284,-81.00036,NA
"2975",74493,"AOML_FBBB","12",NA,"Nitrate",NA,NA,25.11332,-81.06452,NA
"2976",74508,"AOML_FBBB","13",NA,"Nitrate",NA,NA,25.1123,-81.0996,NA
"2977",74523,"AOML_FBBB","14",NA,"Nitrate",NA,NA,25.03552,-81.029,NA
"2978",74538,"AOML_FBBB","15",NA,"Nitrate",NA,NA,24.9313,-80.9485,NA
"2979",74553,"AOML_FBBB","16",NA,"Nitrate",NA,NA,24.87478,-80.8293,NA
"2980",74568,"AOML_FBBB","17",NA,"Nitrate",NA,NA,24.92128,-80.70692,NA
"2981",74583,"AOML_FBBB","18",NA,"Nitrate",NA,NA,24.97638,-80.6096,NA
"2982",74598,"AOML_FBBB","19",NA,"Nitrate",NA,NA,25.01882,-80.54618,NA
"2983",74613,"AOML_FBBB","20",NA,"Nitrate",NA,NA,25.06682,-80.49086,NA
"2984",74628,"AOML_FBBB","21",NA,"Nitrate",NA,NA,25.11004,-80.51762,NA
"2985",74643,"AOML_FBBB","22",NA,"Nitrate",NA,NA,25.09982,-80.604,NA
"2986",74658,"AOML_FBBB","23",NA,"Nitrate",NA,NA,25.05622,-80.62198,NA
"2987",74673,"AOML_FBBB","24",NA,"Nitrate",NA,NA,25.06352,-80.6676,NA
"2988",74688,"AOML_FBBB","25",NA,"Nitrate",NA,NA,25.05984,-80.71718,NA
"2989",74703,"AOML_FBBB","26",NA,"Nitrate",NA,NA,25.0227,-80.72218,NA
"2990",74718,"AOML_FBBB","27",NA,"Nitrate",NA,NA,25.00666,-80.75018,NA
"2991",74733,"AOML_FBBB","28",NA,"Nitrate",NA,NA,25.00016,-80.78608,NA
"2992",74748,"AOML_FBBB","29",NA,"Nitrate",NA,NA,24.98866,-80.8124,NA
"2993",74763,"AOML_FBBB","30",NA,"Nitrate",NA,NA,24.97622,-80.83608,NA
"2994",74778,"AOML_FBBB","31",NA,"Nitrate",NA,NA,25.01136,-80.86904,NA
"2995",74793,"AOML_FBBB","32",NA,"Nitrate",NA,NA,25.0125,-80.92484,NA
"2996",74808,"AOML_FBBB","33",NA,"Nitrate",NA,NA,25.05218,-80.9177,NA
"2997",74823,"AOML_FBBB","34",NA,"Nitrate",NA,NA,24.9885,-80.95468,NA
"2998",74838,"AOML_FBBB","35",NA,"Nitrate",NA,NA,24.9713,-80.8795,NA
"2999",74853,"AOML_FBBB","36",NA,"Nitrate",NA,NA,24.95866,-80.79252,NA
"3000",74868,"AOML_FBBB","37",NA,"Nitrate",NA,NA,24.93216,-80.76034,NA
"3001",74883,"AOML_FBBB","38",NA,"Nitrate",NA,NA,24.9845,-80.69536,NA
"3002",74898,"AOML_FBBB","39",NA,"Nitrate",NA,NA,25.00734,-80.64468,NA
"3003",74913,"AOML_FBBB","40",NA,"Nitrate",NA,NA,25.01614,-80.597,NA
"3004",74928,"AOML_FBBB","1",NA,"Nitrate",NA,NA,25.18168,-80.49634,NA
"3005",74943,"AOML_FBBB","2",NA,"Nitrate",NA,NA,25.1665,-80.5625,NA
"3006",74958,"AOML_FBBB","3",NA,"Nitrate",NA,NA,25.15066,-80.62102,NA
"3007",74973,"AOML_FBBB","4",NA,"Nitrate",NA,NA,25.13148,-80.67918,NA
"3008",74988,"AOML_FBBB","5",NA,"Nitrate",NA,NA,25.1118,-80.71628,NA
"3009",75003,"AOML_FBBB","6",NA,"Nitrate",NA,NA,25.06682,-80.7592,NA
"3010",75018,"AOML_FBBB","7",NA,"Nitrate",NA,NA,25.11648,-80.79336,NA
"3011",75033,"AOML_FBBB","8",NA,"Nitrate",NA,NA,25.1275,-80.86252,NA
"3012",75048,"AOML_FBBB","9",NA,"Nitrate",NA,NA,25.126,-80.90686,NA
"3013",75063,"AOML_FBBB","10",NA,"Nitrate",NA,NA,25.11,-80.99702,NA
"3014",75078,"AOML_FBBB","11",NA,"Nitrate",NA,NA,25.0719,-80.99856,NA
"3015",75093,"AOML_FBBB","12",NA,"Nitrate",NA,NA,25.11366,-81.06686,NA
"3016",75108,"AOML_FBBB","13",NA,"Nitrate",NA,NA,25.11162,-81.09364,NA
"3017",75123,"AOML_FBBB","14",NA,"Nitrate",NA,NA,25.0337,-81.0285,NA
"3018",75138,"AOML_FBBB","15",NA,"Nitrate",NA,NA,24.93092,-80.9438,NA
"3019",75153,"AOML_FBBB","16",NA,"Nitrate",NA,NA,24.8736,-80.8294,NA
"3020",75168,"AOML_FBBB","17",NA,"Nitrate",NA,NA,24.9215,-80.70828,NA
"3021",75183,"AOML_FBBB","18",NA,"Nitrate",NA,NA,24.97776,-80.611,NA
"3022",75198,"AOML_FBBB","19",NA,"Nitrate",NA,NA,25.01844,-80.54634,NA
"3023",75213,"AOML_FBBB","20",NA,"Nitrate",NA,NA,25.06732,-80.49186,NA
"3024",75228,"AOML_FBBB","21",NA,"Nitrate",NA,NA,25.11012,-80.51612,NA
"3025",75243,"AOML_FBBB","22",NA,"Nitrate",NA,NA,25.09966,-80.60486,NA
"3026",75258,"AOML_FBBB","23",NA,"Nitrate",NA,NA,25.05634,-80.62336,NA
"3027",75273,"AOML_FBBB","24",NA,"Nitrate",NA,NA,25.063,-80.66748,NA
"3028",75288,"AOML_FBBB","25",NA,"Nitrate",NA,NA,25.0605,-80.7172,NA
"3029",75303,"AOML_FBBB","26",NA,"Nitrate",NA,NA,25.02464,-80.72526,NA
"3030",75318,"AOML_FBBB","27",NA,"Nitrate",NA,NA,25.0066,-80.75064,NA
"3031",75333,"AOML_FBBB","28",NA,"Nitrate",NA,NA,25.00154,-80.78644,NA
"3032",75348,"AOML_FBBB","30",NA,"Nitrate",NA,NA,24.97616,-80.83552,NA
"3033",75363,"AOML_FBBB","31",NA,"Nitrate",NA,NA,25.01,-80.86966,NA
"3034",75378,"AOML_FBBB","32",NA,"Nitrate",NA,NA,25.01216,-80.92652,NA
"3035",75393,"AOML_FBBB","33",NA,"Nitrate",NA,NA,25.05292,-80.91864,NA
"3036",75408,"AOML_FBBB","34",NA,"Nitrate",NA,NA,24.98852,-80.95544,NA
"3037",75423,"AOML_FBBB","35",NA,"Nitrate",NA,NA,24.97182,-80.88034,NA
"3038",75438,"AOML_FBBB","36",NA,"Nitrate",NA,NA,24.95868,-80.79146,NA
"3039",75453,"AOML_FBBB","37",NA,"Nitrate",NA,NA,24.93262,-80.76066,NA
"3040",75468,"AOML_FBBB","38",NA,"Nitrate",NA,NA,24.98464,-80.6977,NA
"3041",75483,"AOML_FBBB","39",NA,"Nitrate",NA,NA,25.0066,-80.64478,NA
"3042",75498,"AOML_FBBB","40",NA,"Nitrate",NA,NA,25.0155,-80.59802,NA
"3043",75513,"AOML_FBBB","19",NA,"Nitrate",NA,NA,25.01832,-80.54622,NA
"3044",75528,"AOML_FBBB","20",NA,"Nitrate",NA,NA,25.06716,-80.4929,NA
"3045",75543,"AOML_FBBB","21",NA,"Nitrate",NA,NA,25.11134,-80.51466,NA
"3046",75558,"AOML_FBBB","22",NA,"Nitrate",NA,NA,25.09916,-80.60486,NA
"3047",75573,"AOML_FBBB","23",NA,"Nitrate",NA,NA,25.05682,-80.62134,NA
"3048",75588,"AOML_FBBB","24",NA,"Nitrate",NA,NA,25.062,-80.66668,NA
"3049",75603,"AOML_FBBB","25",NA,"Nitrate",NA,NA,25.0612,-80.71686,NA
"3050",75618,"AOML_FBBB","26",NA,"Nitrate",NA,NA,25.02328,-80.72238,NA
"3051",75633,"AOML_FBBB","27",NA,"Nitrate",NA,NA,25.0056,-80.74856,NA
"3052",75648,"AOML_FBBB","28",NA,"Nitrate",NA,NA,25.00198,-80.78432,NA
"3053",75663,"AOML_FBBB","29",NA,"Nitrate",NA,NA,24.99918,-80.80996,NA
"3054",75678,"AOML_FBBB","30",NA,"Nitrate",NA,NA,24.97492,-80.83562,NA
"3055",75693,"AOML_FBBB","31",NA,"Nitrate",NA,NA,25.00978,-80.86894,NA
"3056",75708,"AOML_FBBB","32",NA,"Nitrate",NA,NA,25.01132,-80.92626,NA
"3057",75723,"AOML_FBBB","33",NA,"Nitrate",NA,NA,25.052,-80.918,NA
"3058",75738,"AOML_FBBB","34",NA,"Nitrate",NA,NA,24.98786,-80.95662,NA
"3059",75753,"AOML_FBBB","35",NA,"Nitrate",NA,NA,24.97182,-80.8813,NA
"3060",75768,"AOML_FBBB","36",NA,"Nitrate",NA,NA,24.9587,-80.793,NA
"3061",75783,"AOML_FBBB","37",NA,"Nitrate",NA,NA,24.93116,-80.76134,NA
"3062",75798,"AOML_FBBB","38",NA,"Nitrate",NA,NA,24.98274,-80.69446,NA
"3063",75813,"AOML_FBBB","39",NA,"Nitrate",NA,NA,25.00796,-80.6471,NA
"3064",75828,"AOML_FBBB","40",NA,"Nitrate",NA,NA,25.016,-80.59934,NA
"3065",75843,"AOML_FBBB","1",NA,"Nitrate",NA,NA,25.18494,-80.4958,NA
"3066",75858,"AOML_FBBB","2",NA,"Nitrate",NA,NA,25.16834,-80.5612,NA
"3067",75873,"AOML_FBBB","3",NA,"Nitrate",NA,NA,25.14938,-80.62078,NA
"3068",75888,"AOML_FBBB","4",NA,"Nitrate",NA,NA,25.13082,-80.67884,NA
"3069",75903,"AOML_FBBB","5",NA,"Nitrate",NA,NA,25.11648,-80.71768,NA
"3070",75918,"AOML_FBBB","6",NA,"Nitrate",NA,NA,25.0681,-80.75996,NA
"3071",75933,"AOML_FBBB","7",NA,"Nitrate",NA,NA,25.1161,-80.7926,NA
"3072",75948,"AOML_FBBB","8",NA,"Nitrate",NA,NA,25.12688,-80.8619,NA
"3073",75963,"AOML_FBBB","9",NA,"Nitrate",NA,NA,25.12714,-80.90872,NA
"3074",75978,"AOML_FBBB","10",NA,"Nitrate",NA,NA,25.11166,-80.99668,NA
"3075",75993,"AOML_FBBB","11",NA,"Nitrate",NA,NA,25.0745,-81.00084,NA
"3076",76008,"AOML_FBBB","12",NA,"Nitrate",NA,NA,25.11284,-81.0639,NA
"3077",76023,"AOML_FBBB","13",NA,"Nitrate",NA,NA,25.1108,-81.0971,NA
"3078",76038,"AOML_FBBB","14",NA,"Nitrate",NA,NA,25.03466,-81.031,NA
"3079",76053,"AOML_FBBB","15",NA,"Nitrate",NA,NA,24.93346,-80.95018,NA
"3080",76068,"AOML_FBBB","16",NA,"Nitrate",NA,NA,24.8743,-80.8302,NA
"3081",76083,"AOML_FBBB","17",NA,"Nitrate",NA,NA,24.91836,-80.70788,NA
"3082",76098,"AOML_FBBB","18",NA,"Nitrate",NA,NA,24.9738,-80.6117,NA
"3083",76113,"AOML_FBBB","1",NA,"Nitrate",NA,NA,25.18148,-80.49692,NA
"3084",76128,"AOML_FBBB","2",NA,"Nitrate",NA,NA,25.16798,-80.562,NA
"3085",76143,"AOML_FBBB","3",NA,"Nitrate",NA,NA,25.15268,-80.61634,NA
"3086",76158,"AOML_FBBB","4",NA,"Nitrate",NA,NA,25.13222,-80.67948,NA
"3087",76173,"AOML_FBBB","5",NA,"Nitrate",NA,NA,25.11426,-80.71696,NA
"3088",76188,"AOML_FBBB","6",NA,"Nitrate",NA,NA,25.06956,-80.75962,NA
"3089",76203,"AOML_FBBB","7",NA,"Nitrate",NA,NA,25.11724,-80.79494,NA
"3090",76218,"AOML_FBBB","8",NA,"Nitrate",NA,NA,25.1275,-80.863,NA
"3091",76233,"AOML_FBBB","9",NA,"Nitrate",NA,NA,25.12676,-80.90716,NA
"3092",76248,"AOML_FBBB","10",NA,"Nitrate",NA,NA,25.11754,-80.995,NA
"3093",76263,"AOML_FBBB","11",NA,"Nitrate",NA,NA,25.07432,-80.99864,NA
"3094",76278,"AOML_FBBB","12",NA,"Nitrate",NA,NA,25.11164,-81.06642,NA
"3095",76293,"AOML_FBBB","13",NA,"Nitrate",NA,NA,25.113,-81.09999,NA
"3096",76308,"AOML_FBBB","14",NA,"Nitrate",NA,NA,25.0336,-81.0295,NA
"3097",76323,"AOML_FBBB","15",NA,"Nitrate",NA,NA,24.93096,-80.95038,NA
"3098",76338,"AOML_FBBB","16",NA,"Nitrate",NA,NA,24.87566,-80.831,NA
"3099",76353,"AOML_FBBB","17",NA,"Nitrate",NA,NA,24.92186,-80.7081,NA
"3100",76368,"AOML_FBBB","18",NA,"Nitrate",NA,NA,24.97784,-80.612,NA
"3101",76383,"AOML_FBBB","19",NA,"Nitrate",NA,NA,25.01862,-80.54638,NA
"3102",76398,"AOML_FBBB","20",NA,"Nitrate",NA,NA,25.06694,-80.49306,NA
"3103",76413,"AOML_FBBB","19",NA,"Nitrate",NA,NA,25.02082,-80.549,NA
"3104",76428,"AOML_FBBB","21",NA,"Nitrate",NA,NA,25.1104,-80.51488,NA
"3105",76443,"AOML_FBBB","22",NA,"Nitrate",NA,NA,25.09944,-80.60324,NA
"3106",76458,"AOML_FBBB","23",NA,"Nitrate",NA,NA,25.05674,-80.6242,NA
"3107",76473,"AOML_FBBB","24",NA,"Nitrate",NA,NA,25.06316,-80.66736,NA
"3108",76488,"AOML_FBBB","25",NA,"Nitrate",NA,NA,25.05866,-80.71636,NA
"3109",76503,"AOML_FBBB","26",NA,"Nitrate",NA,NA,25.02346,-80.72262,NA
"3110",76518,"AOML_FBBB","27",NA,"Nitrate",NA,NA,25.00672,-80.75,NA
"3111",76533,"AOML_FBBB","28",NA,"Nitrate",NA,NA,25.00114,-80.78518,NA
"3112",76548,"AOML_FBBB","29",NA,"Nitrate",NA,NA,24.997,-80.81136,NA
"3113",76563,"AOML_FBBB","30",NA,"Nitrate",NA,NA,24.9773,-80.83548,NA
"3114",76578,"AOML_FBBB","31",NA,"Nitrate",NA,NA,25.01038,-80.86954,NA
"3115",76593,"AOML_FBBB","32",NA,"Nitrate",NA,NA,25.0118,-80.9255,NA
"3116",76608,"AOML_FBBB","33",NA,"Nitrate",NA,NA,25.05284,-80.91886,NA
"3117",76623,"AOML_FBBB","34",NA,"Nitrate",NA,NA,24.98734,-80.95534,NA
"3118",76638,"AOML_FBBB","35",NA,"Nitrate",NA,NA,24.9687,-80.8805,NA
"3119",76653,"AOML_FBBB","36",NA,"Nitrate",NA,NA,24.95834,-80.79218,NA
"3120",76668,"AOML_FBBB","37",NA,"Nitrate",NA,NA,24.93232,-80.7605,NA
"3121",76683,"AOML_FBBB","38",NA,"Nitrate",NA,NA,24.9835,-80.6957,NA
"3122",76698,"AOML_FBBB","39",NA,"Nitrate",NA,NA,25.00666,-80.6455,NA
"3123",76713,"AOML_FBBB","40",NA,"Nitrate",NA,NA,25.01636,-80.59768,NA
"3124",76728,"AOML_FBBB","1",NA,"Nitrate",NA,NA,25.18192,-80.49742,NA
"3125",76743,"AOML_FBBB","2",NA,"Nitrate",NA,NA,25.1679,-80.56204,NA
"3126",76758,"AOML_FBBB","3",NA,"Nitrate",NA,NA,25.15066,-80.62086,NA
"3127",76773,"AOML_FBBB","4",NA,"Nitrate",NA,NA,25.13098,-80.67946,NA
"3128",76788,"AOML_FBBB","5",NA,"Nitrate",NA,NA,25.11366,-80.71702,NA
"3129",76803,"AOML_FBBB","6",NA,"Nitrate",NA,NA,25.06854,-80.76164,NA
"3130",76818,"AOML_FBBB","7",NA,"Nitrate",NA,NA,25.117,-80.79368,NA
"3131",76833,"AOML_FBBB","8",NA,"Nitrate",NA,NA,25.12816,-80.86418,NA
"3132",76848,"AOML_FBBB","9",NA,"Nitrate",NA,NA,25.12614,-80.90796,NA
"3133",76863,"AOML_FBBB","10",NA,"Nitrate",NA,NA,25.11134,-80.99702,NA
"3134",76878,"AOML_FBBB","11",NA,"Nitrate",NA,NA,25.0735,-80.99932,NA
"3135",76893,"AOML_FBBB","12",NA,"Nitrate",NA,NA,25.11298,-81.06492,NA
"3136",76908,"AOML_FBBB","13",NA,"Nitrate",NA,NA,25.11338,-81.0968,NA
"3137",76923,"AOML_FBBB","14",NA,"Nitrate",NA,NA,25.03164,-81.02862,NA
"3138",76938,"AOML_FBBB","15",NA,"Nitrate",NA,NA,24.9324,-80.95034,NA
"3139",76953,"AOML_FBBB","16",NA,"Nitrate",NA,NA,24.8742,-80.82924,NA
"3140",76968,"AOML_FBBB","17",NA,"Nitrate",NA,NA,24.921,-80.70722,NA
"3141",76983,"AOML_FBBB","18",NA,"Nitrate",NA,NA,24.97554,-80.6105,NA
"3142",76998,"AOML_FBBB","19",NA,"Nitrate",NA,NA,25.02096,-80.55098,NA
"3143",77013,"AOML_FBBB","20",NA,"Nitrate",NA,NA,25.06724,-80.49262,NA
"3144",77028,"AOML_FBBB","21",NA,"Nitrate",NA,NA,25.11178,-80.516,NA
"3145",77043,"AOML_FBBB","22",NA,"Nitrate",NA,NA,25.10016,-80.6045,NA
"3146",77058,"AOML_FBBB","23",NA,"Nitrate",NA,NA,25.05574,-80.625,NA
"3147",77073,"AOML_FBBB","24",NA,"Nitrate",NA,NA,25.0625,-80.668,NA
"3148",77088,"AOML_FBBB","25",NA,"Nitrate",NA,NA,25.05884,-80.71734,NA
"3149",77103,"AOML_FBBB","26",NA,"Nitrate",NA,NA,25.0228,-80.72218,NA
"3150",77118,"AOML_FBBB","27",NA,"Nitrate",NA,NA,25.00576,-80.7501,NA
"3151",77133,"AOML_FBBB","28",NA,"Nitrate",NA,NA,25.00002,-80.7859,NA
"3152",77148,"AOML_FBBB","29",NA,"Nitrate",NA,NA,24.9975,-80.8112,NA
"3153",77163,"AOML_FBBB","30",NA,"Nitrate",NA,NA,24.97616,-80.83584,NA
"3154",77178,"AOML_FBBB","31",NA,"Nitrate",NA,NA,25.01022,-80.86938,NA
"3155",77193,"AOML_FBBB","32",NA,"Nitrate",NA,NA,25.0105,-80.92884,NA
"3156",77208,"AOML_FBBB","33",NA,"Nitrate",NA,NA,25.05264,-80.91936,NA
"3157",77223,"AOML_FBBB","34",NA,"Nitrate",NA,NA,24.98648,-80.95396,NA
"3158",77238,"AOML_FBBB","35",NA,"Nitrate",NA,NA,24.9725,-80.87962,NA
"3159",77253,"AOML_FBBB","36",NA,"Nitrate",NA,NA,24.9592,-80.7918,NA
"3160",77268,"AOML_FBBB","37",NA,"Nitrate",NA,NA,24.9322,-80.76016,NA
"3161",77283,"AOML_FBBB","38",NA,"Nitrate",NA,NA,24.98464,-80.69638,NA
"3162",77298,"AOML_FBBB","39",NA,"Nitrate",NA,NA,25.0076,-80.64586,NA
"3163",77313,"AOML_FBBB","40",NA,"Nitrate",NA,NA,25.0161,-80.5969,NA
"3164",77328,"AOML_FBBB","1",NA,"Nitrate",NA,NA,25.18328,-80.4956,NA
"3165",77343,"AOML_FBBB","2",NA,"Nitrate",NA,NA,25.16756,-80.5617,NA
"3166",77358,"AOML_FBBB","3",NA,"Nitrate",NA,NA,25.15118,-80.62012,NA
"3167",77373,"AOML_FBBB","4",NA,"Nitrate",NA,NA,25.13216,-80.67922,NA
"3168",77388,"AOML_FBBB","5",NA,"Nitrate",NA,NA,25.11414,-80.71802,NA
"3169",77403,"AOML_FBBB","6",NA,"Nitrate",NA,NA,25.06884,-80.7602,NA
"3170",77418,"AOML_FBBB","7",NA,"Nitrate",NA,NA,25.11746,-80.79366,NA
"3171",77433,"AOML_FBBB","8",NA,"Nitrate",NA,NA,25.1275,-80.8637,NA
"3172",77448,"AOML_FBBB","9",NA,"Nitrate",NA,NA,25.12708,-80.90552,NA
"3173",77463,"AOML_FBBB","10",NA,"Nitrate",NA,NA,25.11882,-80.995,NA
"3174",77478,"AOML_FBBB","11",NA,"Nitrate",NA,NA,25.074,-81.001,NA
"3175",77493,"AOML_FBBB","12",NA,"Nitrate",NA,NA,25.11148,-81.0657,NA
"3176",77508,"AOML_FBBB","13",NA,"Nitrate",NA,NA,25.11278,-81.09862,NA
"3177",77523,"AOML_FBBB","14",NA,"Nitrate",NA,NA,25.0322,-81.03066,NA
"3178",77538,"AOML_FBBB","15",NA,"Nitrate",NA,NA,24.9304,-80.95002,NA
"3179",77553,"AOML_FBBB","16",NA,"Nitrate",NA,NA,24.87618,-80.82886,NA
"3180",77568,"AOML_FBBB","17",NA,"Nitrate",NA,NA,24.92216,-80.70468,NA
"3181",77583,"AOML_FBBB","18",NA,"Nitrate",NA,NA,24.97622,-80.61128,NA
"3182",77598,"AOML_FBBB","19",NA,"Nitrate",NA,NA,25.02096,-80.55098,NA
"3183",77613,"AOML_FBBB","20",NA,"Nitrate",NA,NA,25.068,-80.4926,NA
"3184",77628,"AOML_FBBB","21",NA,"Nitrate",NA,NA,25.1102,-80.51444,NA
"3185",77643,"AOML_FBBB","22",NA,"Nitrate",NA,NA,25.1,-80.604,NA
"3186",77658,"AOML_FBBB","23",NA,"Nitrate",NA,NA,25.05634,-80.6237,NA
"3187",77673,"AOML_FBBB","24",NA,"Nitrate",NA,NA,25.0622,-80.66718,NA
"3188",77688,"AOML_FBBB","25",NA,"Nitrate",NA,NA,25.0595,-80.71644,NA
"3189",77703,"AOML_FBBB","26",NA,"Nitrate",NA,NA,25.0203,-80.71982,NA
"3190",77718,"AOML_FBBB","27",NA,"Nitrate",NA,NA,25.00558,-80.7485,NA
"3191",77733,"AOML_FBBB","28",NA,"Nitrate",NA,NA,24.99938,-80.78534,NA
"3192",77748,"AOML_FBBB","29",NA,"Nitrate",NA,NA,24.99848,-80.81494,NA
"3193",77763,"AOML_FBBB","30",NA,"Nitrate",NA,NA,24.9765,-80.83552,NA
"3194",77778,"AOML_FBBB","31",NA,"Nitrate",NA,NA,25.01068,-80.86984,NA
"3195",77793,"AOML_FBBB","32",NA,"Nitrate",NA,NA,25.01216,-80.92502,NA
"3196",77808,"AOML_FBBB","33",NA,"Nitrate",NA,NA,25.0525,-80.92018,NA
"3197",77823,"AOML_FBBB","34",NA,"Nitrate",NA,NA,24.9855,-80.9542,NA
"3198",77838,"AOML_FBBB","35",NA,"Nitrate",NA,NA,24.9701,-80.8794,NA
"3199",77853,"AOML_FBBB","36",NA,"Nitrate",NA,NA,24.95806,-80.7918,NA
"3200",77868,"AOML_FBBB","37",NA,"Nitrate",NA,NA,24.93216,-80.76008,NA
"3201",77883,"AOML_FBBB","38",NA,"Nitrate",NA,NA,24.9835,-80.69526,NA
"3202",77898,"AOML_FBBB","39",NA,"Nitrate",NA,NA,25.00734,-80.64484,NA
"3203",77913,"AOML_FBBB","40",NA,"Nitrate",NA,NA,25.0153,-80.59676,NA
"3204",77928,"AOML_FBBB","1",NA,"Nitrate",NA,NA,25.18184,-80.49752,NA
"3205",77943,"AOML_FBBB","2",NA,"Nitrate",NA,NA,25.16638,-80.5623,NA
"3206",77958,"AOML_FBBB","3",NA,"Nitrate",NA,NA,25.14996,-80.62126,NA
"3207",77973,"AOML_FBBB","4",NA,"Nitrate",NA,NA,25.1324,-80.67982,NA
"3208",77988,"AOML_FBBB","5",NA,"Nitrate",NA,NA,25.1132,-80.71714,NA
"3209",78003,"AOML_FBBB","6",NA,"Nitrate",NA,NA,25.06826,-80.76102,NA
"3210",78018,"AOML_FBBB","7",NA,"Nitrate",NA,NA,25.11686,-80.795,NA
"3211",78033,"AOML_FBBB","8",NA,"Nitrate",NA,NA,25.1275,-80.8631,NA
"3212",78048,"AOML_FBBB","9",NA,"Nitrate",NA,NA,25.1265,-80.90756,NA
"3213",78063,"AOML_FBBB","10",NA,"Nitrate",NA,NA,25.1168,-80.99812,NA
"3214",78078,"AOML_FBBB","11",NA,"Nitrate",NA,NA,25.0745,-81.00118,NA
"3215",78093,"AOML_FBBB","12",NA,"Nitrate",NA,NA,25.11222,-81.0663,NA
"3216",78108,"AOML_FBBB","13",NA,"Nitrate",NA,NA,25.11362,-81.09694,NA
"3217",78123,"AOML_FBBB","14",NA,"Nitrate",NA,NA,25.0377,-81.02754,NA
"3218",78138,"AOML_FBBB","15",NA,"Nitrate",NA,NA,24.9322,-80.94742,NA
"3219",78153,"AOML_FBBB","16",NA,"Nitrate",NA,NA,24.8745,-80.8291,NA
"3220",78168,"AOML_FBBB","17",NA,"Nitrate",NA,NA,24.92216,-80.70736,NA
"3221",78183,"AOML_FBBB","18",NA,"Nitrate",NA,NA,24.97706,-80.60994,NA
"3222",78198,"AOML_FBBB","19",NA,"Nitrate",NA,NA,25.019,-80.54802,NA
"3223",78213,"AOML_FBBB","20",NA,"Nitrate",NA,NA,25.0685,-80.49362,NA
"3224",78228,"AOML_FBBB","21",NA,"Nitrate",NA,NA,25.11144,-80.5153,NA
"3225",78243,"AOML_FBBB","22",NA,"Nitrate",NA,NA,25.1001,-80.60484,NA
"3226",78258,"AOML_FBBB","23",NA,"Nitrate",NA,NA,25.05544,-80.62652,NA
"3227",78273,"AOML_FBBB","24",NA,"Nitrate",NA,NA,25.06352,-80.6679,NA
"3228",78288,"AOML_FBBB","25",NA,"Nitrate",NA,NA,25.059,-80.71726,NA
"3229",78303,"AOML_FBBB","26",NA,"Nitrate",NA,NA,25.02264,-80.72184,NA
"3230",78318,"AOML_FBBB","27",NA,"Nitrate",NA,NA,25.00612,-80.7501,NA
"3231",78333,"AOML_FBBB","28",NA,"Nitrate",NA,NA,24.9998,-80.78632,NA
"3232",78348,"AOML_FBBB","29",NA,"Nitrate",NA,NA,25.00134,-80.81434,NA
"3233",78363,"AOML_FBBB","30",NA,"Nitrate",NA,NA,24.97632,-80.83518,NA
"3234",78378,"AOML_FBBB","31",NA,"Nitrate",NA,NA,25.01096,-80.8689,NA
"3235",78393,"AOML_FBBB","32",NA,"Nitrate",NA,NA,25.0125,-80.92424,NA
"3236",78408,"AOML_FBBB","33",NA,"Nitrate",NA,NA,25.0525,-80.919,NA
"3237",78423,"AOML_FBBB","34",NA,"Nitrate",NA,NA,24.98668,-80.9542,NA
"3238",78438,"AOML_FBBB","35",NA,"Nitrate",NA,NA,24.9715,-80.87784,NA
"3239",78453,"AOML_FBBB","36",NA,"Nitrate",NA,NA,24.95782,-80.79134,NA
"3240",78468,"AOML_FBBB","37",NA,"Nitrate",NA,NA,24.93182,-80.76068,NA
"3241",78483,"AOML_FBBB","38",NA,"Nitrate",NA,NA,24.98404,-80.69544,NA
"3242",78498,"AOML_FBBB","39",NA,"Nitrate",NA,NA,25.0082,-80.6456,NA
"3243",78513,"AOML_FBBB","40",NA,"Nitrate",NA,NA,25.01624,-80.5972,NA
"3244",78528,"AOML_FBBB","1",NA,"Nitrate",NA,NA,25.18132,-80.4973,NA
"3245",78543,"AOML_FBBB","2",NA,"Nitrate",NA,NA,25.16632,-80.56292,NA
"3246",78558,"AOML_FBBB","3",NA,"Nitrate",NA,NA,25.15002,-80.6211,NA
"3247",78573,"AOML_FBBB","4",NA,"Nitrate",NA,NA,25.13244,-80.68004,NA
"3248",78588,"AOML_FBBB","5",NA,"Nitrate",NA,NA,25.11414,-80.71684,NA
"3249",78603,"AOML_FBBB","6",NA,"Nitrate",NA,NA,25.06946,-80.761,NA
"3250",78618,"AOML_FBBB","7",NA,"Nitrate",NA,NA,25.11688,-80.79482,NA
"3251",78633,"AOML_FBBB","8",NA,"Nitrate",NA,NA,25.12806,-80.86406,NA
"3252",78648,"AOML_FBBB","9",NA,"Nitrate",NA,NA,25.12632,-80.90852,NA
"3253",78663,"AOML_FBBB","10",NA,"Nitrate",NA,NA,25.11784,-80.995,NA
"3254",78678,"AOML_FBBB","11",NA,"Nitrate",NA,NA,25.0734,-80.99864,NA
"3255",78693,"AOML_FBBB","12",NA,"Nitrate",NA,NA,25.11128,-81.06548,NA
"3256",78708,"AOML_FBBB","13",NA,"Nitrate",NA,NA,25.11182,-81.09636,NA
"3257",78723,"AOML_FBBB","14",NA,"Nitrate",NA,NA,25.03582,-81.0335,NA
"3258",78738,"AOML_FBBB","15",NA,"Nitrate",NA,NA,24.93248,-80.94816,NA
"3259",78753,"AOML_FBBB","16",NA,"Nitrate",NA,NA,24.8758,-80.82686,NA
"3260",78768,"AOML_FBBB","17",NA,"Nitrate",NA,NA,24.9223,-80.70746,NA
"3261",78783,"AOML_FBBB","18",NA,"Nitrate",NA,NA,24.9766,-80.61048,NA
"3262",78798,"AOML_FBBB","19",NA,"Nitrate",NA,NA,25.01976,-80.55274,NA
"3263",78813,"AOML_FBBB","20",NA,"Nitrate",NA,NA,25.06784,-80.4915,NA
"3264",78828,"AOML_FBBB","21",NA,"Nitrate",NA,NA,25.11156,-80.51572,NA
"3265",78843,"AOML_FBBB","22",NA,"Nitrate",NA,NA,25.09934,-80.60404,NA
"3266",78858,"AOML_FBBB","23",NA,"Nitrate",NA,NA,25.05498,-80.6251,NA
"3267",78873,"AOML_FBBB","24",NA,"Nitrate",NA,NA,25.0627,-80.66786,NA
"3268",78888,"AOML_FBBB","25",NA,"Nitrate",NA,NA,25.05922,-80.7165,NA
"3269",78903,"AOML_FBBB","26",NA,"Nitrate",NA,NA,25.02288,-80.72352,NA
"3270",78918,"AOML_FBBB","27",NA,"Nitrate",NA,NA,25.00614,-80.7501,NA
"3271",78933,"AOML_FBBB","28",NA,"Nitrate",NA,NA,25.0023,-80.78594,NA
"3272",78948,"AOML_FBBB","29",NA,"Nitrate",NA,NA,24.99792,-80.8111,NA
"3273",78963,"AOML_FBBB","30",NA,"Nitrate",NA,NA,24.97682,-80.83552,NA
"3274",78978,"AOML_FBBB","31",NA,"Nitrate",NA,NA,25.0106,-80.86954,NA
"3275",78993,"AOML_FBBB","32",NA,"Nitrate",NA,NA,25.01106,-80.9267,NA
"3276",79008,"AOML_FBBB","33",NA,"Nitrate",NA,NA,25.05188,-80.91924,NA
"3277",79023,"AOML_FBBB","34",NA,"Nitrate",NA,NA,24.9875,-80.95492,NA
"3278",79038,"AOML_FBBB","35",NA,"Nitrate",NA,NA,24.97092,-80.87914,NA
"3279",79053,"AOML_FBBB","36",NA,"Nitrate",NA,NA,24.95944,-80.79182,NA
"3280",79068,"AOML_FBBB","37",NA,"Nitrate",NA,NA,24.93282,-80.76034,NA
"3281",79083,"AOML_FBBB","38",NA,"Nitrate",NA,NA,24.98328,-80.69448,NA
"3282",79098,"AOML_FBBB","39",NA,"Nitrate",NA,NA,25.0081,-80.64514,NA
"3283",79113,"AOML_FBBB","40",NA,"Nitrate",NA,NA,25.01628,-80.5947,NA
"3284",79128,"AOML_FBBB","1",NA,"Nitrate",NA,NA,25.18402,-80.49782,NA
"3285",79143,"AOML_FBBB","2",NA,"Nitrate",NA,NA,25.16834,-80.56234,NA
"3286",79158,"AOML_FBBB","3",NA,"Nitrate",NA,NA,25.15084,-80.62168,NA
"3287",79173,"AOML_FBBB","15",NA,"Nitrate",NA,NA,24.9327,-80.9506,NA
"3288",79188,"AOML_FBBB","16",NA,"Nitrate",NA,NA,24.87602,-80.83138,NA
"3289",79203,"AOML_FBBB","17",NA,"Nitrate",NA,NA,24.92208,-80.70878,NA
"3290",79218,"AOML_FBBB","18",NA,"Nitrate",NA,NA,24.97626,-80.6104,NA
"3291",79233,"AOML_FBBB","19",NA,"Nitrate",NA,NA,25.0194,-80.5488,NA
"3292",79248,"AOML_FBBB","20",NA,"Nitrate",NA,NA,25.06884,-80.4944,NA
"3293",79263,"AOML_FBBB","22",NA,"Nitrate",NA,NA,25.09778,-80.60356,NA
"3294",79278,"AOML_FBBB","23",NA,"Nitrate",NA,NA,25.056,-80.62482,NA
"3295",79293,"AOML_FBBB","24",NA,"Nitrate",NA,NA,25.06314,-80.66846,NA
"3296",79308,"AOML_FBBB","25",NA,"Nitrate",NA,NA,25.05818,-80.7185,NA
"3297",79323,"AOML_FBBB","26",NA,"Nitrate",NA,NA,25.02314,-80.72352,NA
"3298",79338,"AOML_FBBB","27",NA,"Nitrate",NA,NA,25.00632,-80.75052,NA
"3299",79353,"AOML_FBBB","28",NA,"Nitrate",NA,NA,25.0025,-80.78634,NA
"3300",79368,"AOML_FBBB","29",NA,"Nitrate",NA,NA,24.99874,-80.81206,NA
"3301",79383,"AOML_FBBB","30",NA,"Nitrate",NA,NA,24.97682,-80.83636,NA
"3302",79398,"AOML_FBBB","31",NA,"Nitrate",NA,NA,25.01016,-80.8705,NA
"3303",79413,"AOML_FBBB","32",NA,"Nitrate",NA,NA,25.0124,-80.9264,NA
"3304",79428,"AOML_FBBB","33",NA,"Nitrate",NA,NA,25.05264,-80.91886,NA
"3305",79443,"AOML_FBBB","34",NA,"Nitrate",NA,NA,24.98804,-80.9582,NA
"3306",79458,"AOML_FBBB","7",NA,"Nitrate",NA,NA,25.11784,-80.794,NA
"3307",79473,"AOML_FBBB","8",NA,"Nitrate",NA,NA,25.12732,-80.86248,NA
"3308",79488,"AOML_FBBB","9",NA,"Nitrate",NA,NA,25.127,-80.90618,NA
"3309",79503,"AOML_FBBB","10",NA,"Nitrate",NA,NA,25.11068,-80.9977,NA
"3310",79518,"AOML_FBBB","11",NA,"Nitrate",NA,NA,25.0735,-81.00002,NA
"3311",79533,"AOML_FBBB","12",NA,"Nitrate",NA,NA,25.11148,-81.06808,NA
"3312",79548,"AOML_FBBB","13",NA,"Nitrate",NA,NA,25.122,-81.1015,NA
"3313",79563,"AOML_FBBB","14",NA,"Nitrate",NA,NA,25.0349,-81.029,NA
"3314",79578,"AOML_FBBB","21",NA,"Nitrate",NA,NA,25.1135,-80.514,NA
"3315",79593,"AOML_FBBB","35",NA,"Nitrate",NA,NA,24.97234,-80.8795,NA
"3316",79608,"AOML_FBBB","36",NA,"Nitrate",NA,NA,24.959,-80.792,NA
"3317",79623,"AOML_FBBB","37",NA,"Nitrate",NA,NA,24.9323,-80.76012,NA
"3318",79638,"AOML_FBBB","38",NA,"Nitrate",NA,NA,24.984,-80.692,NA
"3319",79653,"AOML_FBBB","39",NA,"Nitrate",NA,NA,25.00796,-80.64424,NA
"3320",79668,"AOML_FBBB","40",NA,"Nitrate",NA,NA,25.01826,-80.59702,NA
"3321",79683,"AOML_FBBB","1",NA,"Nitrate",NA,NA,25.18298,-80.49724,NA
"3322",79698,"AOML_FBBB","2",NA,"Nitrate",NA,NA,25.167,-80.5625,NA
"3323",79713,"AOML_FBBB","3",NA,"Nitrate",NA,NA,25.15054,-80.62202,NA
"3324",79728,"AOML_FBBB","4",NA,"Nitrate",NA,NA,25.13184,-80.67952,NA
"3325",79743,"AOML_FBBB","5",NA,"Nitrate",NA,NA,25.11366,-80.71786,NA
"3326",79758,"AOML_FBBB","6",NA,"Nitrate",NA,NA,25.0695,-80.7605,NA
"3327",79773,"AOML_FBBB","7",NA,"Nitrate",NA,NA,25.1175,-80.79418,NA
"3328",79788,"AOML_FBBB","8",NA,"Nitrate",NA,NA,25.1276,-80.86304,NA
"3329",79803,"AOML_FBBB","9",NA,"Nitrate",NA,NA,25.12696,-80.9079,NA
"3330",79818,"AOML_FBBB","10",NA,"Nitrate",NA,NA,25.11732,-80.995,NA
"3331",79833,"AOML_FBBB","11",NA,"Nitrate",NA,NA,25.07316,-81.0011,NA
"3332",79848,"AOML_FBBB","12",NA,"Nitrate",NA,NA,25.1121,-81.06694,NA
"3333",79863,"AOML_FBBB","13",NA,"Nitrate",NA,NA,25.1138,-81.09872,NA
"3334",79878,"AOML_FBBB","14",NA,"Nitrate",NA,NA,25.039,-81.03286,NA
"3335",79893,"AOML_FBBB","15",NA,"Nitrate",NA,NA,24.932,-80.95318,NA
"3336",79908,"AOML_FBBB","16",NA,"Nitrate",NA,NA,24.875,-80.83058,NA
"3337",79923,"AOML_FBBB","17",NA,"Nitrate",NA,NA,24.92352,-80.70552,NA
"3338",79938,"AOML_FBBB","18",NA,"Nitrate",NA,NA,24.97848,-80.61172,NA
"3339",79953,"AOML_FBBB","19",NA,"Nitrate",NA,NA,25.01954,-80.55288,NA
"3340",79968,"AOML_FBBB","20",NA,"Nitrate",NA,NA,25.06834,-80.49304,NA
"3341",79983,"AOML_FBBB","21",NA,"Nitrate",NA,NA,25.1121,-80.51552,NA
"3342",79998,"AOML_FBBB","22",NA,"Nitrate",NA,NA,25.09982,-80.60502,NA
"3343",80013,"AOML_FBBB","23",NA,"Nitrate",NA,NA,25.05618,-80.62518,NA
"3344",80028,"AOML_FBBB","24",NA,"Nitrate",NA,NA,25.06284,-80.66852,NA
"3345",80043,"AOML_FBBB","25",NA,"Nitrate",NA,NA,25.05984,-80.71772,NA
"3346",80058,"AOML_FBBB","26",NA,"Nitrate",NA,NA,25.02274,-80.72254,NA
"3347",80073,"AOML_FBBB","27",NA,"Nitrate",NA,NA,25.0065,-80.75054,NA
"3348",80088,"AOML_FBBB","28",NA,"Nitrate",NA,NA,25,-80.78608,NA
"3349",80103,"AOML_FBBB","29",NA,"Nitrate",NA,NA,24.99788,-80.81206,NA
"3350",80118,"AOML_FBBB","30",NA,"Nitrate",NA,NA,24.9757,-80.83584,NA
"3351",80133,"AOML_FBBB","31",NA,"Nitrate",NA,NA,25.0109,-80.8695,NA
"3352",80148,"AOML_FBBB","32",NA,"Nitrate",NA,NA,25.0114,-80.92744,NA
"3353",80163,"AOML_FBBB","33",NA,"Nitrate",NA,NA,25.05268,-80.91898,NA
"3354",80178,"AOML_FBBB","34",NA,"Nitrate",NA,NA,24.98794,-80.9546,NA
"3355",80193,"AOML_FBBB","35",NA,"Nitrate",NA,NA,24.9715,-80.87936,NA
"3356",80208,"AOML_FBBB","36",NA,"Nitrate",NA,NA,24.95816,-80.79252,NA
"3357",80223,"AOML_FBBB","37",NA,"Nitrate",NA,NA,24.9325,-80.7607,NA
"3358",80238,"AOML_FBBB","38",NA,"Nitrate",NA,NA,24.9857,-80.6959,NA
"3359",80253,"AOML_FBBB","39",NA,"Nitrate",NA,NA,25.00842,-80.64578,NA
"3360",80268,"AOML_FBBB","40",NA,"Nitrate",NA,NA,25.0171,-80.59772,NA
"3361",80283,"AOML_FBBB","1",NA,"Nitrate",NA,NA,25.18338,-80.49354,NA
"3362",80298,"AOML_FBBB","2",NA,"Nitrate",NA,NA,25.1666,-80.56122,NA
"3363",80313,"AOML_FBBB","3",NA,"Nitrate",NA,NA,25.1508,-80.61968,NA
"3364",80328,"AOML_FBBB","4",NA,"Nitrate",NA,NA,25.13382,-80.67786,NA
"3365",80343,"AOML_FBBB","5",NA,"Nitrate",NA,NA,25.11558,-80.7161,NA
"3366",80358,"AOML_FBBB","6",NA,"Nitrate",NA,NA,25.07134,-80.7592,NA
"3367",80373,"AOML_FBBB","7",NA,"Nitrate",NA,NA,25.11688,-80.79114,NA
"3368",80388,"AOML_FBBB","8",NA,"Nitrate",NA,NA,25.12656,-80.86068,NA
"3369",80403,"AOML_FBBB","9",NA,"Nitrate",NA,NA,25.1258,-80.90462,NA
"3370",80418,"AOML_FBBB","10",NA,"Nitrate",NA,NA,25.11126,-80.99548,NA
"3371",80433,"AOML_FBBB","11",NA,"Nitrate",NA,NA,25.0768,-81.00062,NA
"3372",80448,"AOML_FBBB","12",NA,"Nitrate",NA,NA,25.1121,-81.06378,NA
"3373",80463,"AOML_FBBB","13",NA,"Nitrate",NA,NA,25.1118,-81.0955,NA
"3374",80478,"AOML_FBBB","14",NA,"Nitrate",NA,NA,25.0358,-81.03052,NA
"3375",80493,"AOML_FBBB","15",NA,"Nitrate",NA,NA,24.93246,-80.95166,NA
"3376",80508,"AOML_FBBB","16",NA,"Nitrate",NA,NA,24.8755,-80.8304,NA
"3377",80523,"AOML_FBBB","17",NA,"Nitrate",NA,NA,24.922,-80.709,NA
"3378",80538,"AOML_FBBB","18",NA,"Nitrate",NA,NA,24.97716,-80.61136,NA
"3379",80553,"AOML_FBBB","19",NA,"Nitrate",NA,NA,25.01788,-80.5476,NA
"3380",80568,"AOML_FBBB","20",NA,"Nitrate",NA,NA,25.06764,-80.49062,NA
"3381",80583,"AOML_FBBB","21",NA,"Nitrate",NA,NA,25.11254,-80.51502,NA
"3382",80598,"AOML_FBBB","22",NA,"Nitrate",NA,NA,25.09944,-80.60386,NA
"3383",80613,"AOML_FBBB","23",NA,"Nitrate",NA,NA,25.05582,-80.62436,NA
"3384",80628,"AOML_FBBB","24",NA,"Nitrate",NA,NA,25.06422,-80.66696,NA
"3385",80643,"AOML_FBBB","25",NA,"Nitrate",NA,NA,25.0588,-80.71686,NA
"3386",80658,"AOML_FBBB","26",NA,"Nitrate",NA,NA,25.02296,-80.72276,NA
"3387",80673,"AOML_FBBB","27",NA,"Nitrate",NA,NA,25.00624,-80.74954,NA
"3388",80688,"AOML_FBBB","28",NA,"Nitrate",NA,NA,25.00022,-80.78414,NA
"3389",80703,"AOML_FBBB","29",NA,"Nitrate",NA,NA,24.99782,-80.8105,NA
"3390",80718,"AOML_FBBB","30",NA,"Nitrate",NA,NA,24.975,-80.8344,NA
"3391",80733,"AOML_FBBB","31",NA,"Nitrate",NA,NA,25.01018,-80.86816,NA
"3392",80748,"AOML_FBBB","32",NA,"Nitrate",NA,NA,25.0103,-80.92652,NA
"3393",80763,"AOML_FBBB","33",NA,"Nitrate",NA,NA,25.054,-80.92028,NA
"3394",80778,"AOML_FBBB","34",NA,"Nitrate",NA,NA,24.9865,-80.95436,NA
"3395",80793,"AOML_FBBB","35",NA,"Nitrate",NA,NA,24.9715,-80.8797,NA
"3396",80808,"AOML_FBBB","36",NA,"Nitrate",NA,NA,24.95782,-80.79284,NA
"3397",80823,"AOML_FBBB","37",NA,"Nitrate",NA,NA,24.93216,-80.76168,NA
"3398",80838,"AOML_FBBB","38",NA,"Nitrate",NA,NA,24.98578,-80.69706,NA
"3399",80853,"AOML_FBBB","39",NA,"Nitrate",NA,NA,25.00684,-80.64534,NA
"3400",80868,"AOML_FBBB","40",NA,"Nitrate",NA,NA,25.01598,-80.59736,NA
"3401",80883,"AOML_FBBB","1",NA,"Nitrate",NA,NA,25.1846,-80.49602,NA
"3402",80898,"AOML_FBBB","2",NA,"Nitrate",NA,NA,25.16648,-80.56218,NA
"3403",80913,"AOML_FBBB","3",NA,"Nitrate",NA,NA,25.15094,-80.61922,NA
"3404",80928,"AOML_FBBB","4",NA,"Nitrate",NA,NA,25.133,-80.67914,NA
"3405",80943,"AOML_FBBB","5",NA,"Nitrate",NA,NA,25.11566,-80.71668,NA
"3406",80958,"AOML_FBBB","6",NA,"Nitrate",NA,NA,25.07,-80.7597,NA
"3407",80973,"AOML_FBBB","7",NA,"Nitrate",NA,NA,25.11632,-80.79384,NA
"3408",80988,"AOML_FBBB","8",NA,"Nitrate",NA,NA,25.1275,-80.86318,NA
"3409",81003,"AOML_FBBB","9",NA,"Nitrate",NA,NA,25.1258,-80.9047,NA
"3410",81018,"AOML_FBBB","10",NA,"Nitrate",NA,NA,25.11,-80.99784,NA
"3411",81033,"AOML_FBBB","11",NA,"Nitrate",NA,NA,25.07468,-80.99986,NA
"3412",81048,"AOML_FBBB","12",NA,"Nitrate",NA,NA,25.11314,-81.0668,NA
"3413",81063,"AOML_FBBB","13",NA,"Nitrate",NA,NA,25.1125,-81.09786,NA
"3414",81078,"AOML_FBBB","14",NA,"Nitrate",NA,NA,25.03516,-81.02888,NA
"3415",81093,"AOML_FBBB","15",NA,"Nitrate",NA,NA,24.93124,-80.94952,NA
"3416",81108,"AOML_FBBB","16",NA,"Nitrate",NA,NA,24.87406,-80.8315,NA
"3417",81123,"AOML_FBBB","17",NA,"Nitrate",NA,NA,24.9235,-80.70834,NA
"3418",81138,"AOML_FBBB","18",NA,"Nitrate",NA,NA,24.9741,-80.61544,NA
"3419",81153,"AOML_FBBB","19",NA,"Nitrate",NA,NA,25.0218,-80.54686,NA
"3420",81168,"AOML_FBBB","20",NA,"Nitrate",NA,NA,25.0674,-80.49298,NA
"3421",81183,"AOML_FBBB","21",NA,"Nitrate",NA,NA,25.113,-80.51444,NA
"3422",81198,"AOML_FBBB","22",NA,"Nitrate",NA,NA,25.09982,-80.60386,NA
"3423",81213,"AOML_FBBB","23",NA,"Nitrate",NA,NA,25.05634,-80.6232,NA
"3424",81228,"AOML_FBBB","24",NA,"Nitrate",NA,NA,25.063,-80.66684,NA
"3425",81243,"AOML_FBBB","25",NA,"Nitrate",NA,NA,25.05984,-80.71686,NA
"3426",81258,"AOML_FBBB","26",NA,"Nitrate",NA,NA,25.02336,-80.72336,NA
"3427",81273,"AOML_FBBB","27",NA,"Nitrate",NA,NA,25.00666,-80.74972,NA
"3428",81288,"AOML_FBBB","28",NA,"Nitrate",NA,NA,25.00036,-80.78566,NA
"3429",81303,"AOML_FBBB","29",NA,"Nitrate",NA,NA,24.99644,-80.815,NA
"3430",81318,"AOML_FBBB","30",NA,"Nitrate",NA,NA,24.97566,-80.83502,NA
"3431",81333,"AOML_FBBB","31",NA,"Nitrate",NA,NA,25.0094,-80.86862,NA
"3432",81348,"AOML_FBBB","32",NA,"Nitrate",NA,NA,25.01084,-80.92568,NA
"3433",81363,"AOML_FBBB","33",NA,"Nitrate",NA,NA,25.05406,-80.9207,NA
"3434",81378,"AOML_FBBB","34",NA,"Nitrate",NA,NA,24.98864,-80.95436,NA
"3435",81393,"AOML_FBBB","35",NA,"Nitrate",NA,NA,24.973,-80.8797,NA
"3436",81408,"AOML_FBBB","36",NA,"Nitrate",NA,NA,24.95916,-80.793,NA
"3437",81423,"AOML_FBBB","37",NA,"Nitrate",NA,NA,24.93282,-80.7622,NA
"3438",81438,"AOML_FBBB","38",NA,"Nitrate",NA,NA,24.9855,-80.69772,NA
"3439",81453,"AOML_FBBB","39",NA,"Nitrate",NA,NA,25.00856,-80.64504,NA
"3440",81468,"AOML_FBBB","40",NA,"Nitrate",NA,NA,25.01584,-80.599,NA
"3441",81483,"AOML_FBBB","1",NA,"Nitrate",NA,NA,25.18434,-80.49634,NA
"3442",81498,"AOML_FBBB","2",NA,"Nitrate",NA,NA,25.16768,-80.56218,NA
"3443",81513,"AOML_FBBB","3",NA,"Nitrate",NA,NA,25.148,-80.622,NA
"3444",81528,"AOML_FBBB","4",NA,"Nitrate",NA,NA,25.13306,-80.6785,NA
"3445",81543,"AOML_FBBB","5",NA,"Nitrate",NA,NA,25.11542,-80.71686,NA
"3446",81558,"AOML_FBBB","6",NA,"Nitrate",NA,NA,25.07016,-80.76034,NA
"3447",81573,"AOML_FBBB","7",NA,"Nitrate",NA,NA,25.1168,-80.7917,NA
"3448",81588,"AOML_FBBB","8",NA,"Nitrate",NA,NA,25.1285,-80.86452,NA
"3449",81603,"AOML_FBBB","9",NA,"Nitrate",NA,NA,25.12682,-80.90652,NA
"3450",81618,"AOML_FBBB","10",NA,"Nitrate",NA,NA,25.112,-80.99658,NA
"3451",81633,"AOML_FBBB","11",NA,"Nitrate",NA,NA,25.07384,-81.00068,NA
"3452",81648,"AOML_FBBB","12",NA,"Nitrate",NA,NA,25.1123,-81.0648,NA
"3453",81663,"AOML_FBBB","13",NA,"Nitrate",NA,NA,25.11232,-81.09736,NA
"3454",81678,"AOML_FBBB","14",NA,"Nitrate",NA,NA,25.03466,-81.02852,NA
"3455",81693,"AOML_FBBB","15",NA,"Nitrate",NA,NA,24.9314,-80.94884,NA
"3456",81708,"AOML_FBBB","16",NA,"Nitrate",NA,NA,24.87498,-80.83084,NA
"3457",81723,"AOML_FBBB","17",NA,"Nitrate",NA,NA,24.922,-80.70884,NA
"3458",81738,"AOML_FBBB","18",NA,"Nitrate",NA,NA,24.97668,-80.61036,NA
"3459",81753,"AOML_FBBB","19",NA,"Nitrate",NA,NA,25.01882,-80.54768,NA
"3460",81768,"AOML_FBBB","20",NA,"Nitrate",NA,NA,25.06656,-80.4925,NA
"3461",81783,"AOML_FBBB","21",NA,"Nitrate",NA,NA,25.11174,-80.51612,NA
"3462",81798,"AOML_FBBB","22",NA,"Nitrate",NA,NA,25.09934,-80.6042,NA
"3463",81813,"AOML_FBBB","23",NA,"Nitrate",NA,NA,25.054,-80.62602,NA
"3464",81828,"AOML_FBBB","24",NA,"Nitrate",NA,NA,25.06264,-80.668,NA
"3465",81843,"AOML_FBBB","25",NA,"Nitrate",NA,NA,25.0599,-80.71732,NA
"3466",81858,"AOML_FBBB","26",NA,"Nitrate",NA,NA,25.0235,-80.72296,NA
"3467",81873,"AOML_FBBB","27",NA,"Nitrate",NA,NA,25.00582,-80.74828,NA
"3468",81888,"AOML_FBBB","28",NA,"Nitrate",NA,NA,25.0003,-80.78554,NA
"3469",81903,"AOML_FBBB","29",NA,"Nitrate",NA,NA,24.9975,-80.81034,NA
"3470",81918,"AOML_FBBB","30",NA,"Nitrate",NA,NA,24.97534,-80.8347,NA
"3471",81933,"AOML_FBBB","31",NA,"Nitrate",NA,NA,25.0105,-80.86886,NA
"3472",81948,"AOML_FBBB","32",NA,"Nitrate",NA,NA,25.01084,-80.92622,NA
"3473",81963,"AOML_FBBB","33",NA,"Nitrate",NA,NA,25.05284,-80.92036,NA
"3474",81978,"AOML_FBBB","34",NA,"Nitrate",NA,NA,24.9884,-80.95568,NA
"3475",81993,"AOML_FBBB","35",NA,"Nitrate",NA,NA,24.97182,-80.88134,NA
"3476",82008,"AOML_FBBB","36",NA,"Nitrate",NA,NA,24.9595,-80.79426,NA
"3477",82023,"AOML_FBBB","37",NA,"Nitrate",NA,NA,24.9315,-80.76236,NA
"3478",82038,"AOML_FBBB","38",NA,"Nitrate",NA,NA,24.98486,-80.6977,NA
"3479",82053,"AOML_FBBB","39",NA,"Nitrate",NA,NA,25.0078,-80.64666,NA
"3480",82068,"AOML_FBBB","40",NA,"Nitrate",NA,NA,25.01666,-80.59734,NA
"3481",82083,"AOML_FBBB","1",NA,"Nitrate",NA,NA,25.184,-80.49684,NA
"3482",82098,"AOML_FBBB","2",NA,"Nitrate",NA,NA,25.167,-80.562,NA
"3483",82113,"AOML_FBBB","3",NA,"Nitrate",NA,NA,25.14966,-80.6205,NA
"3484",82128,"AOML_FBBB","4",NA,"Nitrate",NA,NA,25.1319,-80.67946,NA
"3485",82143,"AOML_FBBB","5",NA,"Nitrate",NA,NA,25.1158,-80.71848,NA
"3486",82158,"AOML_FBBB","6",NA,"Nitrate",NA,NA,25.06872,-80.76066,NA
"3487",82173,"AOML_FBBB","7",NA,"Nitrate",NA,NA,25.11732,-80.79382,NA
"3488",82188,"AOML_FBBB","8",NA,"Nitrate",NA,NA,25.12868,-80.8647,NA
"3489",82203,"AOML_FBBB","9",NA,"Nitrate",NA,NA,25.12624,-80.90732,NA
"3490",82218,"AOML_FBBB","10",NA,"Nitrate",NA,NA,25.1118,-80.99714,NA
"3491",82233,"AOML_FBBB","11",NA,"Nitrate",NA,NA,25.07532,-80.99968,NA
"3492",82248,"AOML_FBBB","12",NA,"Nitrate",NA,NA,25.11314,-81.06636,NA
"3493",82263,"AOML_FBBB","13",NA,"Nitrate",NA,NA,25.11284,-81.09752,NA
"3494",82278,"AOML_FBBB","14",NA,"Nitrate",NA,NA,25.03526,-81.0294,NA
"3495",82293,"AOML_FBBB","15",NA,"Nitrate",NA,NA,24.93152,-80.9542,NA
"3496",82308,"AOML_FBBB","16",NA,"Nitrate",NA,NA,24.87482,-80.82984,NA
"3497",82323,"AOML_FBBB","17",NA,"Nitrate",NA,NA,24.92268,-80.70988,NA
"3498",82338,"AOML_FBBB","18",NA,"Nitrate",NA,NA,24.9773,-80.61136,NA
"3499",82353,"AOML_FBBB","19",NA,"Nitrate",NA,NA,25.0191,-80.54828,NA
"3500",82368,"AOML_FBBB","20",NA,"Nitrate",NA,NA,25.067,-80.49208,NA
"3501",82383,"AOML_FBBB","21",NA,"Nitrate",NA,NA,25.11216,-80.51452,NA
"3502",82398,"AOML_FBBB","22",NA,"Nitrate",NA,NA,25.09982,-80.60386,NA
"3503",82413,"AOML_FBBB","14",NA,"Nitrate",NA,NA,25.036,-81.0308,NA
"3504",82428,"AOML_FBBB","15",NA,"Nitrate",NA,NA,24.93138,-80.94862,NA
"3505",82443,"AOML_FBBB","16",NA,"Nitrate",NA,NA,24.87508,-80.83164,NA
"3506",82458,"AOML_FBBB","17",NA,"Nitrate",NA,NA,24.92232,-80.70852,NA
"3507",82473,"AOML_FBBB","18",NA,"Nitrate",NA,NA,24.97668,-80.61218,NA
"3508",82488,"AOML_FBBB","19",NA,"Nitrate",NA,NA,25.01901,-80.54772,NA
"3509",82503,"AOML_FBBB","20",NA,"Nitrate",NA,NA,25.06726,-80.49326,NA
"3510",82518,"AOML_FBBB","1",NA,"Nitrate",NA,NA,25.184,-80.49684,NA
"3511",82533,"AOML_FBBB","2",NA,"Nitrate",NA,NA,25.16734,-80.5623,NA
"3512",82548,"AOML_FBBB","3",NA,"Nitrate",NA,NA,25.14982,-80.62118,NA
"3513",82563,"AOML_FBBB","4",NA,"Nitrate",NA,NA,25.1329,-80.67914,NA
"3514",82578,"AOML_FBBB","5",NA,"Nitrate",NA,NA,25.11694,-80.7179,NA
"3515",82593,"AOML_FBBB","6",NA,"Nitrate",NA,NA,25.0708,-80.76042,NA
"3516",82608,"AOML_FBBB","7",NA,"Nitrate",NA,NA,25.1171,-80.7915,NA
"3517",82623,"AOML_FBBB","8",NA,"Nitrate",NA,NA,25.125,-80.8639,NA
"3518",82638,"AOML_FBBB","9",NA,"Nitrate",NA,NA,25.12662,-80.91024,NA
"3519",82653,"AOML_FBBB","10",NA,"Nitrate",NA,NA,25.11182,-80.99566,NA
"3520",82668,"AOML_FBBB","11",NA,"Nitrate",NA,NA,25.0746,-81.0002,NA
"3521",82683,"AOML_FBBB","12",NA,"Nitrate",NA,NA,25.1139,-81.06484,NA
"3522",82698,"AOML_FBBB","13",NA,"Nitrate",NA,NA,25.11182,-81.09586,NA
"3523",82713,"AOML_FBBB","28",NA,"Nitrate",NA,NA,25.00036,-80.78468,NA
"3524",82728,"AOML_FBBB","29",NA,"Nitrate",NA,NA,24.9975,-80.80936,NA
"3525",82743,"AOML_FBBB","30",NA,"Nitrate",NA,NA,24.9745,-80.83346,NA
"3526",82758,"AOML_FBBB","31",NA,"Nitrate",NA,NA,25.01022,-80.86684,NA
"3527",82773,"AOML_FBBB","32",NA,"Nitrate",NA,NA,25.01112,-80.92434,NA
"3528",82788,"AOML_FBBB","33",NA,"Nitrate",NA,NA,25.0531,-80.918,NA
"3529",82803,"AOML_FBBB","34",NA,"Nitrate",NA,NA,24.98826,-80.9547,NA
"3530",82818,"AOML_FBBB","35",NA,"Nitrate",NA,NA,24.97216,-80.87884,NA
"3531",82833,"AOML_FBBB","36",NA,"Nitrate",NA,NA,24.9589,-80.79336,NA
"3532",82848,"AOML_FBBB","37",NA,"Nitrate",NA,NA,24.93202,-80.76116,NA
"3533",82863,"AOML_FBBB","38",NA,"Nitrate",NA,NA,24.98532,-80.69736,NA
"3534",82878,"AOML_FBBB","39",NA,"Nitrate",NA,NA,25.00728,-80.6457,NA
"3535",82893,"AOML_FBBB","40",NA,"Nitrate",NA,NA,25.01628,-80.59846,NA
"3536",82908,"AOML_FBBB","21",NA,"Nitrate",NA,NA,25.11102,-80.51452,NA
"3537",82923,"AOML_FBBB","22",NA,"Nitrate",NA,NA,25.09772,-80.60338,NA
"3538",82938,"AOML_FBBB","23",NA,"Nitrate",NA,NA,25.0547,-80.62418,NA
"3539",82953,"AOML_FBBB","24",NA,"Nitrate",NA,NA,25.06332,-80.66718,NA
"3540",82968,"AOML_FBBB","25",NA,"Nitrate",NA,NA,25.0599,-80.71702,NA
"3541",82983,"AOML_FBBB","26",NA,"Nitrate",NA,NA,25.024,-80.72218,NA
"3542",82998,"AOML_FBBB","27",NA,"Nitrate",NA,NA,25.00538,-80.7491,NA
"3543",83013,"AOML_FBBB","1",NA,"Nitrate",NA,NA,25.18352,-80.49562,NA
"3544",83028,"AOML_FBBB","2",NA,"Nitrate",NA,NA,25.16688,-80.56256,NA
"3545",83043,"AOML_FBBB","3",NA,"Nitrate",NA,NA,25.14982,-80.6215,NA
"3546",83058,"AOML_FBBB","4",NA,"Nitrate",NA,NA,25.13254,-80.67952,NA
"3547",83073,"AOML_FBBB","5",NA,"Nitrate",NA,NA,25.11664,-80.72136,NA
"3548",83088,"AOML_FBBB","6",NA,"Nitrate",NA,NA,25.06884,-80.76098,NA
"3549",83103,"AOML_FBBB","7",NA,"Nitrate",NA,NA,25.11664,-80.79368,NA
"3550",83118,"AOML_FBBB","8",NA,"Nitrate",NA,NA,25.12716,-80.8628,NA
"3551",83133,"AOML_FBBB","9",NA,"Nitrate",NA,NA,25.12566,-80.90836,NA
"3552",83148,"AOML_FBBB","10",NA,"Nitrate",NA,NA,25.11232,-80.9976,NA
"3553",83163,"AOML_FBBB","11",NA,"Nitrate",NA,NA,25.0746,-81.00022,NA
"3554",83178,"AOML_FBBB","12",NA,"Nitrate",NA,NA,25.111384,-81.06434,NA
"3555",83193,"AOML_FBBB","13",NA,"Nitrate",NA,NA,25.1123,-81.09536,NA
"3556",83208,"AOML_FBBB","14",NA,"Nitrate",NA,NA,25.03384,-81.0284,NA
"3557",83223,"AOML_FBBB","15",NA,"Nitrate",NA,NA,24.9313,-80.9474,NA
"3558",83238,"AOML_FBBB","16",NA,"Nitrate",NA,NA,24.87498,-80.83054,NA
"3559",83253,"AOML_FBBB","17",NA,"Nitrate",NA,NA,24.9215,-80.70854,NA
"3560",83268,"AOML_FBBB","18",NA,"Nitrate",NA,NA,24.9765,-80.61252,NA
"3561",83283,"AOML_FBBB","19",NA,"Nitrate",NA,NA,25.0191,-80.54734,NA
"3562",83298,"AOML_FBBB","20",NA,"Nitrate",NA,NA,25.06784,-80.49202,NA
"3563",83313,"AOML_FBBB","21",NA,"Nitrate",NA,NA,25.112,-80.516,NA
"3564",83328,"AOML_FBBB","22",NA,"Nitrate",NA,NA,25.1003,-80.60566,NA
"3565",83343,"AOML_FBBB","23",NA,"Nitrate",NA,NA,25.0561,-80.62658,NA
"3566",83358,"AOML_FBBB","24",NA,"Nitrate",NA,NA,25.06332,-80.66752,NA
"3567",83373,"AOML_FBBB","25",NA,"Nitrate",NA,NA,25.06066,-80.716688,NA
"3568",83388,"AOML_FBBB","26",NA,"Nitrate",NA,NA,25.02266,-80.72384,NA
"3569",83403,"AOML_FBBB","27",NA,"Nitrate",NA,NA,25.00632,-80.75036,NA
"3570",83418,"AOML_FBBB","28",NA,"Nitrate",NA,NA,25.00056,-80.7853,NA
"3571",83433,"AOML_FBBB","29",NA,"Nitrate",NA,NA,24.99758,-80.81154,NA
"3572",83448,"AOML_FBBB","30",NA,"Nitrate",NA,NA,24.97668,-80.83572,NA
"3573",83463,"AOML_FBBB","31",NA,"Nitrate",NA,NA,25.01114,-80.86914,NA
"3574",83478,"AOML_FBBB","32",NA,"Nitrate",NA,NA,25.01076,-80.9269,NA
"3575",83493,"AOML_FBBB","33",NA,"Nitrate",NA,NA,25.05366,-80.92,NA
"3576",83508,"AOML_FBBB","34",NA,"Nitrate",NA,NA,24.98814,-80.9564,NA
"3577",83523,"AOML_FBBB","35",NA,"Nitrate",NA,NA,24.971,-80.8809,NA
"3578",83538,"AOML_FBBB","36",NA,"Nitrate",NA,NA,24.95932,-80.79362,NA
"3579",83553,"AOML_FBBB","37",NA,"Nitrate",NA,NA,24.93356,-80.76174,NA
"3580",83568,"AOML_FBBB","38",NA,"Nitrate",NA,NA,24.98584,-80.69676,NA
"3581",83583,"AOML_FBBB","39",NA,"Nitrate",NA,NA,25.00766,-80.64602,NA
"3582",83598,"AOML_FBBB","40",NA,"Nitrate",NA,NA,25.01584,-80.59836,NA
"3583",83613,"AOML_FBBB","1",NA,"Nitrate",NA,NA,25.18458,-80.49656,NA
"3584",83628,"AOML_FBBB","2",NA,"Nitrate",NA,NA,25.1673,-80.56234,NA
"3585",83643,"AOML_FBBB","3",NA,"Nitrate",NA,NA,25.14996,-80.6199,NA
"3586",83658,"AOML_FBBB","4",NA,"Nitrate",NA,NA,25.13388,-80.677,NA
"3587",83673,"AOML_FBBB","5",NA,"Nitrate",NA,NA,25.117,-80.7182,NA
"3588",83688,"AOML_FBBB","6",NA,"Nitrate",NA,NA,25.0708,-80.76106,NA
"3589",83703,"AOML_FBBB","7",NA,"Nitrate",NA,NA,25.117,-80.7915,NA
"3590",83718,"AOML_FBBB","8",NA,"Nitrate",NA,NA,25.12682,-80.86136,NA
"3591",83733,"AOML_FBBB","9",NA,"Nitrate",NA,NA,25.12676,-80.90534,NA
"3592",83748,"AOML_FBBB","10",NA,"Nitrate",NA,NA,25.1111,-80.99668,NA
"3593",83763,"AOML_FBBB","11",NA,"Nitrate",NA,NA,25.07444,-81.0017,NA
"3594",83778,"AOML_FBBB","12",NA,"Nitrate",NA,NA,25.11284,-81.06686,NA
"3595",83793,"AOML_FBBB","13",NA,"Nitrate",NA,NA,25.1123,-81.09744,NA
"3596",83808,"AOML_FBBB","14",NA,"Nitrate",NA,NA,25.036,-81.0308,NA
"3597",83823,"AOML_FBBB","15",NA,"Nitrate",NA,NA,24.93138,-80.94862,NA
"3598",83838,"AOML_FBBB","16",NA,"Nitrate",NA,NA,24.87508,-80.83164,NA
"3599",83853,"AOML_FBBB","17",NA,"Nitrate",NA,NA,24.92232,-80.70852,NA
"3600",83868,"AOML_FBBB","18",NA,"Nitrate",NA,NA,24.97668,-80.61218,NA
"3601",83883,"AOML_FBBB","19",NA,"Nitrate",NA,NA,25.01901,-80.54772,NA
"3602",83898,"AOML_FBBB","20",NA,"Nitrate",NA,NA,25.06726,-80.49326,NA
"3603",83913,"AOML_FBBB","21",NA,"Nitrate",NA,NA,25.1124,-80.51552,NA
"3604",83928,"AOML_FBBB","22",NA,"Nitrate",NA,NA,25.0991,-80.60316,NA
"3605",83943,"AOML_FBBB","23",NA,"Nitrate",NA,NA,25.0516,-80.62536,NA
"3606",83958,"AOML_FBBB","24",NA,"Nitrate",NA,NA,25.0633,-80.66658,NA
"3607",83973,"AOML_FBBB","25",NA,"Nitrate",NA,NA,25.06042,-80.71756,NA
"3608",83988,"AOML_FBBB","26",NA,"Nitrate",NA,NA,25.02366,-80.723,NA
"3609",84003,"AOML_FBBB","27",NA,"Nitrate",NA,NA,25.00584,-80.74868,NA
"3610",84018,"AOML_FBBB","28",NA,"Nitrate",NA,NA,25.00074,-80.78436,NA
"3611",84033,"AOML_FBBB","29",NA,"Nitrate",NA,NA,24.9975,-80.8104,NA
"3612",84048,"AOML_FBBB","30",NA,"Nitrate",NA,NA,24.97528,-80.83472,NA
"3613",84063,"AOML_FBBB","31",NA,"Nitrate",NA,NA,25.00734,-80.8676,NA
"3614",84078,"AOML_FBBB","32",NA,"Nitrate",NA,NA,25.01,-80.92634,NA
"3615",84093,"AOML_FBBB","33",NA,"Nitrate",NA,NA,25.0566,-80.92098,NA
"3616",84108,"AOML_FBBB","34",NA,"Nitrate",NA,NA,24.98774,-80.95502,NA
"3617",84123,"AOML_FBBB","35",NA,"Nitrate",NA,NA,24.97244,-80.88152,NA
"3618",84138,"AOML_FBBB","36",NA,"Nitrate",NA,NA,24.96,-80.79318,NA
"3619",84153,"AOML_FBBB","37",NA,"Nitrate",NA,NA,24.93334,-80.7605,NA
"3620",84168,"AOML_FBBB","38",NA,"Nitrate",NA,NA,24.985,-80.69792,NA
"3621",84183,"AOML_FBBB","39",NA,"Nitrate",NA,NA,25.0081,-80.64622,NA
"3622",84198,"AOML_FBBB","1",NA,"Nitrate",NA,NA,25.181,-80.495,NA
"3623",84213,"AOML_FBBB","2",NA,"Nitrate",NA,NA,25.167,-80.56,NA
"3624",84228,"AOML_FBBB","3",NA,"Nitrate",NA,NA,25.151,-80.619,NA
"3625",84243,"AOML_FBBB","4",NA,"Nitrate",NA,NA,25.1333,-80.679,NA
"3626",84258,"AOML_FBBB","5",NA,"Nitrate",NA,NA,25.117,-80.719,NA
"3627",84273,"AOML_FBBB","6",NA,"Nitrate",NA,NA,25.0715,-80.76,NA
"3628",84288,"AOML_FBBB","7",NA,"Nitrate",NA,NA,25.116,-80.793,NA
"3629",84303,"AOML_FBBB","8",NA,"Nitrate",NA,NA,25.128,-80.863,NA
"3630",84318,"AOML_FBBB","9",NA,"Nitrate",NA,NA,25.126,-80.904,NA
"3631",84333,"AOML_FBBB","10",NA,"Nitrate",NA,NA,25.111,-80.996,NA
"3632",84348,"AOML_FBBB","11",NA,"Nitrate",NA,NA,25.105,-81.032,NA
"3633",84363,"AOML_FBBB","12",NA,"Nitrate",NA,NA,25.112,-81.066,NA
"3634",84378,"AOML_FBBB","13",NA,"Nitrate",NA,NA,25.113,-81.0965,NA
"3635",84393,"AOML_FBBB","14",NA,"Nitrate",NA,NA,25.036,-81.0311,NA
"3636",84408,"AOML_FBBB","15",NA,"Nitrate",NA,NA,24.935,-80.95,NA
"3637",84423,"AOML_FBBB","16",NA,"Nitrate",NA,NA,24.875,-80.832,NA
"3638",84438,"AOML_FBBB","17",NA,"Nitrate",NA,NA,24.919,-80.708,NA
"3639",84453,"AOML_FBBB","18",NA,"Nitrate",NA,NA,24.976,-80.613,NA
"3640",84468,"AOML_FBBB","19",NA,"Nitrate",NA,NA,25.0175,-80.546,NA
"3641",84483,"AOML_FBBB","20",NA,"Nitrate",NA,NA,25.066,-80.495,NA
"3642",84498,"AOML_FBBB","21",NA,"Nitrate",NA,NA,25.1134,-80.514,NA
"3643",84513,"AOML_FBBB","22",NA,"Nitrate",NA,NA,25.0987,-80.60308,NA
"3644",84528,"AOML_FBBB","23",NA,"Nitrate",NA,NA,25.05596,-80.6244,NA
"3645",84543,"AOML_FBBB","24",NA,"Nitrate",NA,NA,25.0633,-80.6668,NA
"3646",84558,"AOML_FBBB","25",NA,"Nitrate",NA,NA,25.05916,-80.71776,NA
"3647",84573,"AOML_FBBB","26",NA,"Nitrate",NA,NA,25.02266,-80.72198,NA
"3648",84588,"AOML_FBBB","27",NA,"Nitrate",NA,NA,25.0059,-80.74868,NA
"3649",84603,"AOML_FBBB","28",NA,"Nitrate",NA,NA,24.99954,-80.78586,NA
"3650",84618,"AOML_FBBB","29",NA,"Nitrate",NA,NA,24.99714,-80.81168,NA
"3651",84633,"AOML_FBBB","30",NA,"Nitrate",NA,NA,24.97638,-80.83502,NA
"3652",84648,"AOML_FBBB","31",NA,"Nitrate",NA,NA,25.00994,-80.86818,NA
"3653",84663,"AOML_FBBB","32",NA,"Nitrate",NA,NA,25.01068,-80.9266,NA
"3654",84678,"AOML_FBBB","33",NA,"Nitrate",NA,NA,25.05234,-80.91948,NA
"3655",84693,"AOML_FBBB","34",NA,"Nitrate",NA,NA,24.9886,-80.95552,NA
"3656",84708,"AOML_FBBB","35",NA,"Nitrate",NA,NA,24.97182,-80.87996,NA
"3657",84723,"AOML_FBBB","36",NA,"Nitrate",NA,NA,24.95956,-80.793,NA
"3658",84738,"AOML_FBBB","38",NA,"Nitrate",NA,NA,24.9863,-80.69844,NA
"3659",84753,"AOML_FBBB","1",NA,"Nitrate",NA,NA,25.18358,-80.49614,NA
"3660",84768,"AOML_FBBB","2",NA,"Nitrate",NA,NA,25.16768,-80.56084,NA
"3661",84783,"AOML_FBBB","3",NA,"Nitrate",NA,NA,25.1505,-80.62168,NA
"3662",84798,"AOML_FBBB","4",NA,"Nitrate",NA,NA,25.13316,-80.67836,NA
"3663",84813,"AOML_FBBB","5",NA,"Nitrate",NA,NA,25.11532,-80.71774,NA
"3664",84828,"AOML_FBBB","6",NA,"Nitrate",NA,NA,25.069,-80.75884,NA
"3665",84843,"AOML_FBBB","7",NA,"Nitrate",NA,NA,25.1166,-80.7911,NA
"3666",84858,"AOML_FBBB","8",NA,"Nitrate",NA,NA,25.12692,-80.8625,NA
"3667",84873,"AOML_FBBB","9",NA,"Nitrate",NA,NA,25.12666,-80.90552,NA
"3668",84888,"AOML_FBBB","10",NA,"Nitrate",NA,NA,25.11156,-80.99602,NA
"3669",84903,"AOML_FBBB","11",NA,"Nitrate",NA,NA,25.0745,-80.99968,NA
"3670",84918,"AOML_FBBB","12",NA,"Nitrate",NA,NA,25.11118,-81.06708,NA
"3671",84933,"AOML_FBBB","13",NA,"Nitrate",NA,NA,25.1123,-81.09568,NA
"3672",84948,"AOML_FBBB","14",NA,"Nitrate",NA,NA,25.035,-81.02872,NA
"3673",84963,"AOML_FBBB","15",NA,"Nitrate",NA,NA,24.9316,-80.9478,NA
"3674",84978,"AOML_FBBB","16",NA,"Nitrate",NA,NA,24.87018,-80.83084,NA
"3675",84993,"AOML_FBBB","17",NA,"Nitrate",NA,NA,24.92066,-80.70702,NA
"3676",85008,"AOML_FBBB","18",NA,"Nitrate",NA,NA,24.97668,-80.6105,NA
"3677",85023,"AOML_FBBB","19",NA,"Nitrate",NA,NA,25.01832,-80.54802,NA
"3678",85038,"AOML_FBBB","20",NA,"Nitrate",NA,NA,25.06726,-80.49162,NA
"3679",85053,"AOML_FBBB","21",NA,"Nitrate",NA,NA,25.11192,-80.5158,NA
"3680",85068,"AOML_FBBB","22",NA,"Nitrate",NA,NA,25.09934,-80.6045,NA
"3681",85083,"AOML_FBBB","23",NA,"Nitrate",NA,NA,25.05472,-80.62554,NA
"3682",85098,"AOML_FBBB","24",NA,"Nitrate",NA,NA,25.06264,-80.667,NA
"3683",85113,"AOML_FBBB","25",NA,"Nitrate",NA,NA,25.06052,-80.71668,NA
"3684",85128,"AOML_FBBB","26",NA,"Nitrate",NA,NA,25.0228,-80.72168,NA
"3685",85143,"AOML_FBBB","27",NA,"Nitrate",NA,NA,25.0058,-80.74984,NA
"3686",85158,"AOML_FBBB","28",NA,"Nitrate",NA,NA,25.0005,-80.78568,NA
"3687",85173,"AOML_FBBB","29",NA,"Nitrate",NA,NA,24.99736,-80.81154,NA
"3688",85188,"AOML_FBBB","30",NA,"Nitrate",NA,NA,24.97626,-80.83518,NA
"3689",85203,"AOML_FBBB","31",NA,"Nitrate",NA,NA,25.0103,-80.86834,NA
"3690",85218,"AOML_FBBB","32",NA,"Nitrate",NA,NA,25.01086,-80.9262,NA
"3691",85233,"AOML_FBBB","33",NA,"Nitrate",NA,NA,25.053,-80.91934,NA
"3692",85248,"AOML_FBBB","34",NA,"Nitrate",NA,NA,24.9878,-80.95428,NA
"3693",85263,"AOML_FBBB","35",NA,"Nitrate",NA,NA,24.97182,-80.8807,NA
"3694",85278,"AOML_FBBB","36",NA,"Nitrate",NA,NA,24.959,-80.79268,NA
"3695",85293,"AOML_FBBB","37",NA,"Nitrate",NA,NA,24.934,-80.76168,NA
"3696",85308,"AOML_FBBB","38",NA,"Nitrate",NA,NA,24.98446,-80.6977,NA
"3697",85323,"AOML_FBBB","39",NA,"Nitrate",NA,NA,25.00772,-80.64586,NA
"3698",85338,"AOML_FBBB","40",NA,"Nitrate",NA,NA,25.0173,-80.59664,NA
"3699",85353,"AOML_FBBB","1",NA,"Nitrate",NA,NA,25.18274,-80.49748,NA
"3700",85368,"AOML_FBBB","2",NA,"Nitrate",NA,NA,25.16632,-80.56218,NA
"3701",85383,"AOML_FBBB","3",NA,"Nitrate",NA,NA,25.14982,-80.62102,NA
"3702",85398,"AOML_FBBB","4",NA,"Nitrate",NA,NA,25.133,-80.67712,NA
"3703",85413,"AOML_FBBB","5",NA,"Nitrate",NA,NA,25.1161,-80.71832,NA
"3704",85428,"AOML_FBBB","6",NA,"Nitrate",NA,NA,25.0708,-80.76106,NA
"3705",85443,"AOML_FBBB","7",NA,"Nitrate",NA,NA,25.117,-80.7915,NA
"3706",85458,"AOML_FBBB","8",NA,"Nitrate",NA,NA,25.12682,-80.86136,NA
"3707",85473,"AOML_FBBB","9",NA,"Nitrate",NA,NA,25.12676,-80.90534,NA
"3708",85488,"AOML_FBBB","10",NA,"Nitrate",NA,NA,25.1111,-80.99668,NA
"3709",85503,"AOML_FBBB","11",NA,"Nitrate",NA,NA,25.07444,-81.0017,NA
"3710",85518,"AOML_FBBB","12",NA,"Nitrate",NA,NA,25.11284,-81.06686,NA
"3711",85533,"AOML_FBBB","13",NA,"Nitrate",NA,NA,25.1123,-81.09744,NA
"3712",85548,"AOML_FBBB","14",NA,"Nitrate",NA,NA,25.036,-81.0308,NA
"3713",85563,"AOML_FBBB","15",NA,"Nitrate",NA,NA,24.93138,-80.94862,NA
"3714",85578,"AOML_FBBB","16",NA,"Nitrate",NA,NA,24.87508,-80.83164,NA
"3715",85593,"AOML_FBBB","17",NA,"Nitrate",NA,NA,24.92232,-80.70852,NA
"3716",85608,"AOML_FBBB","18",NA,"Nitrate",NA,NA,24.97668,-80.61218,NA
"3717",85623,"AOML_FBBB","19",NA,"Nitrate",NA,NA,25.01901,-80.54772,NA
"3718",85638,"AOML_FBBB","20",NA,"Nitrate",NA,NA,25.06726,-80.49326,NA
"3719",85653,"AOML_FBBB","21",NA,"Nitrate",NA,NA,25.11284,-80.51418,NA
"3720",85668,"AOML_FBBB","22",NA,"Nitrate",NA,NA,25.0991,-80.60316,NA
"3721",85683,"AOML_FBBB","23",NA,"Nitrate",NA,NA,25.0516,-80.62536,NA
"3722",85698,"AOML_FBBB","24",NA,"Nitrate",NA,NA,25.0633,-80.66658,NA
"3723",85713,"AOML_FBBB","25",NA,"Nitrate",NA,NA,25.06042,-80.71756,NA
"3724",85728,"AOML_FBBB","26",NA,"Nitrate",NA,NA,25.02366,-80.723,NA
"3725",85743,"AOML_FBBB","27",NA,"Nitrate",NA,NA,25.00584,-80.74868,NA
"3726",85758,"AOML_FBBB","28",NA,"Nitrate",NA,NA,25.00074,-80.78436,NA
"3727",85773,"AOML_FBBB","29",NA,"Nitrate",NA,NA,24.9975,-80.8104,NA
"3728",85788,"AOML_FBBB","30",NA,"Nitrate",NA,NA,24.97528,-80.83472,NA
"3729",85803,"AOML_FBBB","31",NA,"Nitrate",NA,NA,25.00734,-80.8676,NA
"3730",85818,"AOML_FBBB","32",NA,"Nitrate",NA,NA,25.01,-80.92634,NA
"3731",85833,"AOML_FBBB","33",NA,"Nitrate",NA,NA,25.05218,-80.9197,NA
"3732",85848,"AOML_FBBB","34",NA,"Nitrate",NA,NA,24.98866,-80.95468,NA
"3733",85863,"AOML_FBBB","35",NA,"Nitrate",NA,NA,24.97198,-80.87962,NA
"3734",85878,"AOML_FBBB","36",NA,"Nitrate",NA,NA,24.96,-80.79318,NA
"3735",85893,"AOML_FBBB","37",NA,"Nitrate",NA,NA,24.93334,-80.7605,NA
"3736",85908,"AOML_FBBB","38",NA,"Nitrate",NA,NA,24.985,-80.69792,NA
"3737",85923,"AOML_FBBB","39",NA,"Nitrate",NA,NA,25.0081,-80.64622,NA
"3738",85938,"AOML_FBBB","40",NA,"Nitrate",NA,NA,25.0153,-80.59884,NA
"3739",85953,"AOML_FBBB","1",NA,"Nitrate",NA,NA,25.18336,-80.49704,NA
"3740",85968,"AOML_FBBB","2",NA,"Nitrate",NA,NA,25.16706,-80.562,NA
"3741",85983,"AOML_FBBB","3",NA,"Nitrate",NA,NA,25.1495,-80.62186,NA
"3742",85998,"AOML_FBBB","4",NA,"Nitrate",NA,NA,25.13324,-80.67702,NA
"3743",86013,"AOML_FBBB","5",NA,"Nitrate",NA,NA,25.11582,-80.71868,NA
"3744",86028,"AOML_FBBB","6",NA,"Nitrate",NA,NA,25.07066,-80.7617,NA
"3745",86043,"AOML_FBBB","7",NA,"Nitrate",NA,NA,25.1174,-80.79316,NA
"3746",86058,"AOML_FBBB","8",NA,"Nitrate",NA,NA,25.12716,-80.86168,NA
"3747",86073,"AOML_FBBB","9",NA,"Nitrate",NA,NA,25.12632,-80.906,NA
"3748",86088,"AOML_FBBB","10",NA,"Nitrate",NA,NA,25.11122,-80.9965,NA
"3749",86103,"AOML_FBBB","11",NA,"Nitrate",NA,NA,25.07634,-81.00234,NA
"3750",86118,"AOML_FBBB","12",NA,"Nitrate",NA,NA,25.11232,-81.06268,NA
"3751",86133,"AOML_FBBB","13",NA,"Nitrate",NA,NA,25.11362,-81.09494,NA
"3752",86148,"AOML_FBBB","14",NA,"Nitrate",NA,NA,25.0355,-81.03128,NA
"3753",86163,"AOML_FBBB","15",NA,"Nitrate",NA,NA,24.9315,-80.95,NA
"3754",86178,"AOML_FBBB","16",NA,"Nitrate",NA,NA,24.87566,-80.82946,NA
"3755",86193,"AOML_FBBB","17",NA,"Nitrate",NA,NA,24.922,-80.7089,NA
"3756",86208,"AOML_FBBB","18",NA,"Nitrate",NA,NA,24.9770666666667,-80.61038,NA
"3757",86223,"AOML_FBBB","19",NA,"Nitrate",NA,NA,25.01948,-80.5487,NA
"3758",86238,"AOML_FBBB","20",NA,"Nitrate",NA,NA,25.06732,-80.49268,NA
"3759",86253,"AOML_FBBB","21",NA,"Nitrate",NA,NA,25.11196,-80.51466,NA
"3760",86268,"AOML_FBBB","22",NA,"Nitrate",NA,NA,25.099,-80.604,NA
"3761",86283,"AOML_FBBB","23",NA,"Nitrate",NA,NA,25.0559,-80.6235,NA
"3762",86298,"AOML_FBBB","24",NA,"Nitrate",NA,NA,25.06284,-80.667,NA
"3763",86313,"AOML_FBBB","25",NA,"Nitrate",NA,NA,25.0605,-80.71702,NA
"3764",86328,"AOML_FBBB","26",NA,"Nitrate",NA,NA,25.0239,-80.722,NA
"3765",86343,"AOML_FBBB","27",NA,"Nitrate",NA,NA,25.00568,-80.74946,NA
"3766",86358,"AOML_FBBB","28",NA,"Nitrate",NA,NA,25.00054,-80.78528,NA
"3767",86373,"AOML_FBBB","29",NA,"Nitrate",NA,NA,24.9976,-80.81048,NA
"3768",86388,"AOML_FBBB","30",NA,"Nitrate",NA,NA,24.97638,-80.83538,NA
"3769",86403,"AOML_FBBB","31",NA,"Nitrate",NA,NA,25.01084,-80.8686,NA
"3770",86418,"AOML_FBBB","32",NA,"Nitrate",NA,NA,25.01132,-80.92634,NA
"3771",86433,"AOML_FBBB","33",NA,"Nitrate",NA,NA,25.05332,-80.91972,NA
"3772",86448,"AOML_FBBB","34",NA,"Nitrate",NA,NA,24.98966,-80.95586,NA
"3773",86463,"AOML_FBBB","35",NA,"Nitrate",NA,NA,24.97182,-80.87998,NA
"3774",86478,"AOML_FBBB","36",NA,"Nitrate",NA,NA,24.959,-80.79268,NA
"3775",86493,"AOML_FBBB","37",NA,"Nitrate",NA,NA,24.93232,-80.7605,NA
"3776",86508,"AOML_FBBB","38",NA,"Nitrate",NA,NA,24.98584,-80.6976,NA
"3777",86523,"AOML_FBBB","39",NA,"Nitrate",NA,NA,25.00774,-80.64594,NA
"3778",86538,"AOML_FBBB","40",NA,"Nitrate",NA,NA,25.01568,-80.59784,NA
"3779",86553,"AOML_FBBB","1",NA,"Nitrate",NA,NA,25.1826,-80.49718,NA
"3780",86568,"AOML_FBBB","2",NA,"Nitrate",NA,NA,25.1675,-80.561,NA
"3781",86583,"AOML_FBBB","3",NA,"Nitrate",NA,NA,25.15,-80.62002,NA
"3782",86598,"AOML_FBBB","4",NA,"Nitrate",NA,NA,25.13268,-80.6785,NA
"3783",86613,"AOML_FBBB","5",NA,"Nitrate",NA,NA,25.11594,-80.71748,NA
"3784",86628,"AOML_FBBB","6",NA,"Nitrate",NA,NA,25.06866,-80.7597,NA
"3785",86643,"AOML_FBBB","7",NA,"Nitrate",NA,NA,25.11664,-80.79268,NA
"3786",86658,"AOML_FBBB","8",NA,"Nitrate",NA,NA,25.12724,-80.86284,NA
"3787",86673,"AOML_FBBB","9",NA,"Nitrate",NA,NA,25.1267,-80.90588,NA
"3788",86688,"AOML_FBBB","10",NA,"Nitrate",NA,NA,25.1108,-80.9991,NA
"3789",86703,"AOML_FBBB","11",NA,"Nitrate",NA,NA,25.07448,-81.001,NA
"3790",86718,"AOML_FBBB","12",NA,"Nitrate",NA,NA,25.11322,-81.06644,NA
"3791",86733,"AOML_FBBB","13",NA,"Nitrate",NA,NA,25.11268,-81.09652,NA
"3792",86748,"AOML_FBBB","14",NA,"Nitrate",NA,NA,25.0356,-81.02944,NA
"3793",86763,"AOML_FBBB","15",NA,"Nitrate",NA,NA,24.9326,-80.9492,NA
"3794",86778,"AOML_FBBB","16",NA,"Nitrate",NA,NA,24.87476,-80.83024,NA
"3795",86793,"AOML_FBBB","17",NA,"Nitrate",NA,NA,24.92268,-80.70936,NA
"3796",86808,"AOML_FBBB","18",NA,"Nitrate",NA,NA,24.97632,-80.6117,NA
"3797",86823,"AOML_FBBB","19",NA,"Nitrate",NA,NA,25.01886,-80.5488,NA
"3798",86838,"AOML_FBBB","21",NA,"Nitrate",NA,NA,25.1128,-80.51428,NA
"3799",86853,"AOML_FBBB","22",NA,"Nitrate",NA,NA,25.09982,-80.60342,NA
"3800",86868,"AOML_FBBB","23",NA,"Nitrate",NA,NA,25.05508,-80.62394,NA
"3801",86883,"AOML_FBBB","24",NA,"Nitrate",NA,NA,25.0634,-80.66636,NA
"3802",86898,"AOML_FBBB","25",NA,"Nitrate",NA,NA,25.061,-80.71636,NA
"3803",86913,"AOML_FBBB","26",NA,"Nitrate",NA,NA,25.02394,-80.72136,NA
"3804",86928,"AOML_FBBB","27",NA,"Nitrate",NA,NA,25.00532,-80.74834,NA
"3805",86943,"AOML_FBBB","28",NA,"Nitrate",NA,NA,25.001,-80.78432,NA
"3806",86958,"AOML_FBBB","29",NA,"Nitrate",NA,NA,24.99714,-80.8103,NA
"3807",86973,"AOML_FBBB","30",NA,"Nitrate",NA,NA,24.97616,-80.8344,NA
"3808",86988,"AOML_FBBB","31",NA,"Nitrate",NA,NA,25.0109,-80.86834,NA
"3809",87003,"AOML_FBBB","32",NA,"Nitrate",NA,NA,25.00986,-80.92584,NA
"3810",87018,"AOML_FBBB","33",NA,"Nitrate",NA,NA,25.0528,-80.91936,NA
"3811",87033,"AOML_FBBB","34",NA,"Nitrate",NA,NA,24.98882,-80.95568,NA
"3812",87048,"AOML_FBBB","35",NA,"Nitrate",NA,NA,24.971,-80.87984,NA
"3813",87063,"AOML_FBBB","36",NA,"Nitrate",NA,NA,24.95964,-80.793,NA
"3814",87078,"AOML_FBBB","37",NA,"Nitrate",NA,NA,24.93282,-80.7615,NA
"3815",87093,"AOML_FBBB","38",NA,"Nitrate",NA,NA,24.986,-80.6987,NA
"3816",87108,"AOML_FBBB","39",NA,"Nitrate",NA,NA,25.0071,-80.6464,NA
"3817",87123,"AOML_FBBB","40",NA,"Nitrate",NA,NA,25.017,-80.598,NA
"3818",87138,"AOML_FBBB","1",NA,"Nitrate",NA,NA,25.18376,-80.4969,NA
"3819",87153,"AOML_FBBB","2",NA,"Nitrate",NA,NA,25.16732,-80.5625,NA
"3820",87168,"AOML_FBBB","3",NA,"Nitrate",NA,NA,25.14982,-80.61986,NA
"3821",87183,"AOML_FBBB","4",NA,"Nitrate",NA,NA,25.13216,-80.67952,NA
"3822",87198,"AOML_FBBB","5",NA,"Nitrate",NA,NA,25.1167,-80.7188,NA
"3823",87213,"AOML_FBBB","6",NA,"Nitrate",NA,NA,25.06954,-80.76026,NA
"3824",87228,"AOML_FBBB","7",NA,"Nitrate",NA,NA,25.11632,-80.79192,NA
"3825",87243,"AOML_FBBB","8",NA,"Nitrate",NA,NA,25.1285,-80.86452,NA
"3826",87258,"AOML_FBBB","9",NA,"Nitrate",NA,NA,25.12666,-80.90736,NA
"3827",87273,"AOML_FBBB","10",NA,"Nitrate",NA,NA,25.11124,-80.9969,NA
"3828",87288,"AOML_FBBB","11",NA,"Nitrate",NA,NA,25.07322,-81.0003,NA
"3829",87303,"AOML_FBBB","12",NA,"Nitrate",NA,NA,25.1138,-81.06608,NA
"3830",87318,"AOML_FBBB","13",NA,"Nitrate",NA,NA,25.113,-81.09598,NA
"3831",87333,"AOML_FBBB","14",NA,"Nitrate",NA,NA,25.03522,-81.02836,NA
"3832",87348,"AOML_FBBB","15",NA,"Nitrate",NA,NA,24.92996,-80.94712,NA
"3833",87363,"AOML_FBBB","16",NA,"Nitrate",NA,NA,24.87482,-80.83094,NA
"3834",87378,"AOML_FBBB","17",NA,"Nitrate",NA,NA,24.92208,-80.70954,NA
"3835",87393,"AOML_FBBB","18",NA,"Nitrate",NA,NA,24.97706,-80.60928,NA
"3836",87408,"AOML_FBBB","19",NA,"Nitrate",NA,NA,25.01954,-80.54802,NA
"3837",87423,"AOML_FBBB","20",NA,"Nitrate",NA,NA,25.0669,-80.49344,NA
"3838",87438,"AOML_FBBB","21",NA,"Nitrate",NA,NA,25.1125,-80.51468,NA
"3839",87453,"AOML_FBBB","22",NA,"Nitrate",NA,NA,25.0998,-80.6045,NA
"3840",87468,"AOML_FBBB","23",NA,"Nitrate",NA,NA,25.05574,-80.62504,NA
"3841",87483,"AOML_FBBB","24",NA,"Nitrate",NA,NA,25.06254,-80.66736,NA
"3842",87498,"AOML_FBBB","25",NA,"Nitrate",NA,NA,25.0599,-80.71774,NA
"3843",87513,"AOML_FBBB","26",NA,"Nitrate",NA,NA,25.0227,-80.722,NA
"3844",87528,"AOML_FBBB","27",NA,"Nitrate",NA,NA,25.0065,-80.749,NA
"3845",87543,"AOML_FBBB","28",NA,"Nitrate",NA,NA,25.0012,-80.7836,NA
"3846",87558,"AOML_FBBB","29",NA,"Nitrate",NA,NA,24.99734,-80.80996,NA
"3847",87573,"AOML_FBBB","30",NA,"Nitrate",NA,NA,24.9753,-80.83484,NA
"3848",87588,"AOML_FBBB","31",NA,"Nitrate",NA,NA,25.00818,-80.8665,NA
"3849",87603,"AOML_FBBB","32",NA,"Nitrate",NA,NA,25.01068,-80.9255,NA
"3850",87618,"AOML_FBBB","33",NA,"Nitrate",NA,NA,25.05218,-80.91976,NA
"3851",87633,"AOML_FBBB","34",NA,"Nitrate",NA,NA,24.9883,-80.9562,NA
"3852",87648,"AOML_FBBB","35",NA,"Nitrate",NA,NA,24.973,-80.8812,NA
"3853",87663,"AOML_FBBB","36",NA,"Nitrate",NA,NA,24.959,-80.79384,NA
"3854",87678,"AOML_FBBB","37",NA,"Nitrate",NA,NA,24.9329,-80.7622,NA
"3855",87693,"AOML_FBBB","38",NA,"Nitrate",NA,NA,24.98566,-80.6987,NA
"3856",87708,"AOML_FBBB","39",NA,"Nitrate",NA,NA,25.0076,-80.6461,NA
"3857",87723,"AOML_FBBB","40",NA,"Nitrate",NA,NA,25.0162,-80.59818,NA
"3858",87738,"AOML_FBBB","1",NA,"Nitrate",NA,NA,25.18282,-80.4962,NA
"3859",87753,"AOML_FBBB","2",NA,"Nitrate",NA,NA,25.16684,-80.562,NA
"3860",87768,"AOML_FBBB","3",NA,"Nitrate",NA,NA,25.14988,-80.62048,NA
"3861",87783,"AOML_FBBB","4",NA,"Nitrate",NA,NA,25.1328,-80.67854,NA
"3862",87798,"AOML_FBBB","5",NA,"Nitrate",NA,NA,25.11572,-80.71808,NA
"3863",87813,"AOML_FBBB","6",NA,"Nitrate",NA,NA,25.0693,-80.75944,NA
"3864",87828,"AOML_FBBB","7",NA,"Nitrate",NA,NA,25.117,-80.7907,NA
"3865",87843,"AOML_FBBB","8",NA,"Nitrate",NA,NA,25.12734,-80.86274,NA
"3866",87858,"AOML_FBBB","9",NA,"Nitrate",NA,NA,25.1261,-80.9066,NA
"3867",87873,"AOML_FBBB","10",NA,"Nitrate",NA,NA,25.11026,-80.99692,NA
"3868",87888,"AOML_FBBB","11",NA,"Nitrate",NA,NA,25.07558,-80.99928,NA
"3869",87903,"AOML_FBBB","12",NA,"Nitrate",NA,NA,25.11208,-81.06588,NA
"3870",87918,"AOML_FBBB","13",NA,"Nitrate",NA,NA,25.11314,-81.09684,NA
"3871",87933,"AOML_FBBB","14",NA,"Nitrate",NA,NA,25.0356,-81.03016,NA
"3872",87948,"AOML_FBBB","15",NA,"Nitrate",NA,NA,24.933,-80.95062,NA
"3873",87963,"AOML_FBBB","16",NA,"Nitrate",NA,NA,24.87532,-80.8314,NA
"3874",87978,"AOML_FBBB","17",NA,"Nitrate",NA,NA,24.92202,-80.71004,NA
"3875",87993,"AOML_FBBB","18",NA,"Nitrate",NA,NA,24.97614,-80.61128,NA
"3876",88008,"AOML_FBBB","19",NA,"Nitrate",NA,NA,25.018,-80.54834,NA
"3877",88023,"AOML_FBBB","20",NA,"Nitrate",NA,NA,25.066,-80.49268,NA
"3878",88038,"AOML_FBBB","21",NA,"Nitrate",NA,NA,25.11166,-80.5172,NA
"3879",88053,"AOML_FBBB","22",NA,"Nitrate",NA,NA,25.09904,-80.60218,NA
"3880",88068,"AOML_FBBB","23",NA,"Nitrate",NA,NA,25.0554,-80.62628,NA
"3881",88083,"AOML_FBBB","24",NA,"Nitrate",NA,NA,25.06332,-80.66636,NA
"3882",88098,"AOML_FBBB","25",NA,"Nitrate",NA,NA,25.0605,-80.7155,NA
"3883",88113,"AOML_FBBB","26",NA,"Nitrate",NA,NA,25.0235,-80.7227333333333,NA
"3884",88128,"AOML_FBBB","27",NA,"Nitrate",NA,NA,25.005,-80.74938,NA
"3885",88143,"AOML_FBBB","28",NA,"Nitrate",NA,NA,25.0005,-80.78468,NA
"3886",88158,"AOML_FBBB","29",NA,"Nitrate",NA,NA,24.9975,-80.8105,NA
"3887",88173,"AOML_FBBB","30",NA,"Nitrate",NA,NA,24.97616,-80.83418,NA
"3888",88188,"AOML_FBBB","31",NA,"Nitrate",NA,NA,25.0105,-80.86826,NA
"3889",88203,"AOML_FBBB","32",NA,"Nitrate",NA,NA,25.0116,-80.92568,NA
"3890",88218,"AOML_FBBB","33",NA,"Nitrate",NA,NA,25.053,-80.91934,NA
"3891",88233,"AOML_FBBB","34",NA,"Nitrate",NA,NA,24.989,-80.9552,NA
"3892",88248,"AOML_FBBB","35",NA,"Nitrate",NA,NA,24.97182,-80.87918,NA
"3893",88263,"AOML_FBBB","36",NA,"Nitrate",NA,NA,24.95924,-80.79312,NA
"3894",88278,"AOML_FBBB","37",NA,"Nitrate",NA,NA,24.933,-80.76068,NA
"3895",88293,"AOML_FBBB","38",NA,"Nitrate",NA,NA,24.98544,-80.69776,NA
"3896",88308,"AOML_FBBB","39",NA,"Nitrate",NA,NA,25.00834,-80.64534,NA
"3897",88323,"AOML_FBBB","40",NA,"Nitrate",NA,NA,25.01666,-80.597,NA
"3898",88338,"AOML_FBBB","1",NA,"Nitrate",NA,NA,25.18352,-80.49658,NA
"3899",88353,"AOML_FBBB","2",NA,"Nitrate",NA,NA,25.1676,-80.56162,NA
"3900",88368,"AOML_FBBB","3",NA,"Nitrate",NA,NA,25.15006,-80.62158,NA
"3901",88383,"AOML_FBBB","4",NA,"Nitrate",NA,NA,25.13284,-80.6797,NA
"3902",88398,"AOML_FBBB","5",NA,"Nitrate",NA,NA,25.11632,-80.719,NA
"3903",88413,"AOML_FBBB","6",NA,"Nitrate",NA,NA,25.06954,-80.75984,NA
"3904",88428,"AOML_FBBB","7",NA,"Nitrate",NA,NA,25.11664,-80.79186,NA
"3905",88443,"AOML_FBBB","8",NA,"Nitrate",NA,NA,25.12724,-80.86252,NA
"3906",88458,"AOML_FBBB","9",NA,"Nitrate",NA,NA,25.12632,-80.907,NA
"3907",88473,"AOML_FBBB","10",NA,"Nitrate",NA,NA,25.1123,-80.99594,NA
"3908",88488,"AOML_FBBB","11",NA,"Nitrate",NA,NA,25.07532,-81.00036,NA
"3909",88503,"AOML_FBBB","12",NA,"Nitrate",NA,NA,25.113,-81.0664,NA
"3910",88518,"AOML_FBBB","13",NA,"Nitrate",NA,NA,25.112,-81.09568,NA
"3911",88533,"AOML_FBBB","14",NA,"Nitrate",NA,NA,25.03446,-81.02746,NA
"3912",88548,"AOML_FBBB","15",NA,"Nitrate",NA,NA,24.9325,-80.94918,NA
"3913",88563,"AOML_FBBB","16",NA,"Nitrate",NA,NA,24.87852,-80.83052,NA
"3914",88578,"AOML_FBBB","17",NA,"Nitrate",NA,NA,24.92202,-80.70938,NA
"3915",88593,"AOML_FBBB","18",NA,"Nitrate",NA,NA,24.97616,-80.6101,NA
"3916",88608,"AOML_FBBB","19",NA,"Nitrate",NA,NA,25.01992,-80.54832,NA
"3917",88623,"AOML_FBBB","20",NA,"Nitrate",NA,NA,25.06704,-80.4922,NA
"3918",88638,"AOML_FBBB","21",NA,"Nitrate",NA,NA,25.1122,-80.5143,NA
"3919",88653,"AOML_FBBB","22",NA,"Nitrate",NA,NA,25.09934,-80.6045,NA
"3920",88668,"AOML_FBBB","23",NA,"Nitrate",NA,NA,25.0548,-80.62394,NA
"3921",88683,"AOML_FBBB","24",NA,"Nitrate",NA,NA,25.06256,-80.66718,NA
"3922",88698,"AOML_FBBB","25",NA,"Nitrate",NA,NA,25.05984,-80.71708,NA
"3923",88713,"AOML_FBBB","26",NA,"Nitrate",NA,NA,25.0233,-80.72178,NA
"3924",88728,"AOML_FBBB","27",NA,"Nitrate",NA,NA,25.00574,-80.7476,NA
"3925",88743,"AOML_FBBB","28",NA,"Nitrate",NA,NA,25.00124,-80.78558,NA
"3926",88758,"AOML_FBBB","29",NA,"Nitrate",NA,NA,24.9972,-80.81108,NA
"3927",88773,"AOML_FBBB","30",NA,"Nitrate",NA,NA,24.97592,-80.8347,NA
"3928",88788,"AOML_FBBB","31",NA,"Nitrate",NA,NA,25.01114,-80.86986,NA
"3929",88803,"AOML_FBBB","32",NA,"Nitrate",NA,NA,25.01084,-80.9265,NA
"3930",88818,"AOML_FBBB","33",NA,"Nitrate",NA,NA,25.05366,-80.9197,NA
"3931",88833,"AOML_FBBB","34",NA,"Nitrate",NA,NA,24.9885,-80.9545,NA
"3932",88848,"AOML_FBBB","35",NA,"Nitrate",NA,NA,24.9713,-80.8798,NA
"3933",88863,"AOML_FBBB","36",NA,"Nitrate",NA,NA,24.95766,-80.7907,NA
"3934",88878,"AOML_FBBB","37",NA,"Nitrate",NA,NA,24.93216,-80.76184,NA
"3935",88893,"AOML_FBBB","38",NA,"Nitrate",NA,NA,24.98552,-80.69752,NA
"3936",88908,"AOML_FBBB","39",NA,"Nitrate",NA,NA,25.00834,-80.64518,NA
"3937",88923,"AOML_FBBB","40",NA,"Nitrate",NA,NA,25.01664,-80.59684,NA
"3938",88938,"AOML_FBBB","1",NA,"Nitrate",NA,NA,25.1839,-80.49676,NA
"3939",88953,"AOML_FBBB","2",NA,"Nitrate",NA,NA,25.1668,-80.56218,NA
"3940",88968,"AOML_FBBB","3",NA,"Nitrate",NA,NA,25.14966,-80.6207,NA
"3941",88983,"AOML_FBBB","4",NA,"Nitrate",NA,NA,25.13268,-80.67858,NA
"3942",88998,"AOML_FBBB","5",NA,"Nitrate",NA,NA,25.11594,-80.7178,NA
"3943",89013,"AOML_FBBB","6",NA,"Nitrate",NA,NA,25.06982,-80.7607,NA
"3944",89028,"AOML_FBBB","7",NA,"Nitrate",NA,NA,25.1168,-80.792,NA
"3945",89043,"AOML_FBBB","8",NA,"Nitrate",NA,NA,25.12676,-80.86166,NA
"3946",89058,"AOML_FBBB","9",NA,"Nitrate",NA,NA,25.12768,-80.90634,NA
"3947",89073,"AOML_FBBB","10",NA,"Nitrate",NA,NA,25.11134,-80.9973,NA
"3948",89088,"AOML_FBBB","11",NA,"Nitrate",NA,NA,25.07532,-80.9995,NA
"3949",89103,"AOML_FBBB","12",NA,"Nitrate",NA,NA,25.113,-81.0671,NA
"3950",89118,"AOML_FBBB","13",NA,"Nitrate",NA,NA,25.11216,-81.09636,NA
"3951",89133,"AOML_FBBB","14",NA,"Nitrate",NA,NA,25.03522,-81.0286,NA
"3952",89148,"AOML_FBBB","15",NA,"Nitrate",NA,NA,24.93116,-80.94934,NA
"3953",89163,"AOML_FBBB","16",NA,"Nitrate",NA,NA,24.87588,-80.8302,NA
"3954",89178,"AOML_FBBB","17",NA,"Nitrate",NA,NA,24.9215,-80.70788,NA
"3955",89193,"AOML_FBBB","18",NA,"Nitrate",NA,NA,24.977,-80.60952,NA
"3956",89208,"AOML_FBBB","19",NA,"Nitrate",NA,NA,25.0188,-80.54786,NA
"3957",89223,"AOML_FBBB","20",NA,"Nitrate",NA,NA,25.06664,-80.49334,NA
"3958",89238,"AOML_FBBB","21",NA,"Nitrate",NA,NA,25.1116,-80.51518,NA
"3959",89253,"AOML_FBBB","22",NA,"Nitrate",NA,NA,25.0997,-80.6036666666667,NA
"3960",89268,"AOML_FBBB","23",NA,"Nitrate",NA,NA,25.0553,-80.6242,NA
"3961",89283,"AOML_FBBB","24",NA,"Nitrate",NA,NA,25.0629333333333,-80.667,NA
"3962",89298,"AOML_FBBB","25",NA,"Nitrate",NA,NA,25.06,-80.7140333333333,NA
"3963",89313,"AOML_FBBB","26",NA,"Nitrate",NA,NA,25.0237166666667,-80.7222166666667,NA
"3964",89328,"AOML_FBBB","28",NA,"Nitrate",NA,NA,25.0004333333333,-80.7846666666667,NA
"3965",89343,"AOML_FBBB","30",NA,"Nitrate",NA,NA,24.9754166666667,-80.8351,NA
"3966",89358,"AOML_FBBB","31",NA,"Nitrate",NA,NA,25.01115,-80.8680166666667,NA
"3967",89373,"AOML_FBBB","32",NA,"Nitrate",NA,NA,25.0105,-80.9262166666667,NA
"3968",89388,"AOML_FBBB","33",NA,"Nitrate",NA,NA,25.0528833333333,-80.9195166666667,NA
"3969",89403,"AOML_FBBB","35",NA,"Nitrate",NA,NA,24.9713166666667,-80.8799,NA
"3970",89418,"AOML_FBBB","36",NA,"Nitrate",NA,NA,24.9592,-80.7931666666667,NA
"3971",89433,"AOML_FBBB","37",NA,"Nitrate",NA,NA,24.9316166666667,-80.7600666666667,NA
"3972",89448,"AOML_FBBB","38",NA,"Nitrate",NA,NA,24.9800166666667,-80.7025,NA
"3973",89463,"AOML_FBBB","1",NA,"Nitrate",NA,NA,25.18464,-80.49718,NA
"3974",89478,"AOML_FBBB","2",NA,"Nitrate",NA,NA,25.16786,-80.55966,NA
"3975",89493,"AOML_FBBB","3",NA,"Nitrate",NA,NA,25.15002,-80.6192,NA
"3976",89508,"AOML_FBBB","4",NA,"Nitrate",NA,NA,25.13398,-80.67686,NA
"3977",89523,"AOML_FBBB","5",NA,"Nitrate",NA,NA,25.116,-80.71838,NA
"3978",89538,"AOML_FBBB","6",NA,"Nitrate",NA,NA,25.07082,-80.75984,NA
"3979",89553,"AOML_FBBB","7",NA,"Nitrate",NA,NA,25.11664,-80.791,NA
"3980",89568,"AOML_FBBB","8",NA,"Nitrate",NA,NA,25.1279,-80.86362,NA
"3981",89583,"AOML_FBBB","9",NA,"Nitrate",NA,NA,25.12602,-80.90686,NA
"3982",89598,"AOML_FBBB","10",NA,"Nitrate",NA,NA,25.1111,-80.99584,NA
"3983",89613,"AOML_FBBB","11",NA,"Nitrate",NA,NA,25.07616,-80.9995,NA
"3984",89628,"AOML_FBBB","12",NA,"Nitrate",NA,NA,25.112,-81.0642,NA
"3985",89643,"AOML_FBBB","13",NA,"Nitrate",NA,NA,25.11318,-81.09442,NA
"3986",89658,"AOML_FBBB","14",NA,"Nitrate",NA,NA,25.0367,-81.02966,NA
"3987",89673,"AOML_FBBB","15",NA,"Nitrate",NA,NA,24.93366,-80.94818,NA
"3988",89688,"AOML_FBBB","16",NA,"Nitrate",NA,NA,24.8743,-80.8322,NA
"3989",89703,"AOML_FBBB","17",NA,"Nitrate",NA,NA,24.9215,-80.70764,NA
"3990",89718,"AOML_FBBB","18",NA,"Nitrate",NA,NA,24.977,-80.599,NA
"3991",89733,"AOML_FBBB","19",NA,"Nitrate",NA,NA,25.01894,-80.54832,NA
"3992",89748,"AOML_FBBB","20",NA,"Nitrate",NA,NA,25.0656,-80.49272,NA
"3993",89763,"AOML_FBBB","21",NA,"Nitrate",NA,NA,25.11232,-80.514,NA
"3994",89778,"AOML_FBBB","22",NA,"Nitrate",NA,NA,25.0996,-80.60192,NA
"3995",89793,"AOML_FBBB","23",NA,"Nitrate",NA,NA,25.0565,-80.6237,NA
"3996",89808,"AOML_FBBB","24",NA,"Nitrate",NA,NA,25.0627,-80.66576,NA
"3997",89823,"AOML_FBBB","25",NA,"Nitrate",NA,NA,25.05934,-80.71718,NA
"3998",89838,"AOML_FBBB","26",NA,"Nitrate",NA,NA,25.0236,-80.72168,NA
"3999",89853,"AOML_FBBB","27",NA,"Nitrate",NA,NA,25.005,-80.7484,NA
"4000",89868,"AOML_FBBB","28",NA,"Nitrate",NA,NA,25.00016,-80.78552,NA
"4001",89883,"AOML_FBBB","29",NA,"Nitrate",NA,NA,24.9975,-80.81018,NA
"4002",89898,"AOML_FBBB","30",NA,"Nitrate",NA,NA,24.97637,-80.8345,NA
"4003",89913,"AOML_FBBB","31",NA,"Nitrate",NA,NA,25.01132,-80.86768,NA
"4004",89928,"AOML_FBBB","32",NA,"Nitrate",NA,NA,25.01084,-80.92668,NA
"4005",89943,"AOML_FBBB","33",NA,"Nitrate",NA,NA,25.04986,-80.91866,NA
"4006",89958,"AOML_FBBB","34",NA,"Nitrate",NA,NA,24.9889,-80.95456,NA
"4007",89973,"AOML_FBBB","35",NA,"Nitrate",NA,NA,24.9705,-80.87908,NA
"4008",89988,"AOML_FBBB","36",NA,"Nitrate",NA,NA,24.95732,-80.793,NA
"4009",90003,"AOML_FBBB","37",NA,"Nitrate",NA,NA,24.93168,-80.76134,NA
"4010",90018,"AOML_FBBB","38",NA,"Nitrate",NA,NA,24.9855,-80.69784,NA
"4011",90033,"AOML_FBBB","39",NA,"Nitrate",NA,NA,25.0065,-80.64734,NA
"4012",90048,"AOML_FBBB","40",NA,"Nitrate",NA,NA,25.016,-80.59784,NA
"4013",90063,"AOML_FBBB","1",NA,"Nitrate",NA,NA,25.1835,-80.49686,NA
"4014",90078,"AOML_FBBB","2",NA,"Nitrate",NA,NA,25.1672,-80.56186,NA
"4015",90093,"AOML_FBBB","3",NA,"Nitrate",NA,NA,25.14918,-80.62002,NA
"4016",90108,"AOML_FBBB","4",NA,"Nitrate",NA,NA,25.13216,-80.6792,NA
"4017",90123,"AOML_FBBB","5",NA,"Nitrate",NA,NA,25.11582,-80.71884,NA
"4018",90138,"AOML_FBBB","7",NA,"Nitrate",NA,NA,25.11688,-80.7929,NA
"4019",90153,"AOML_FBBB","8",NA,"Nitrate",NA,NA,25.128,-80.86352,NA
"4020",90168,"AOML_FBBB","9",NA,"Nitrate",NA,NA,25.12716,-80.906,NA
"4021",90183,"AOML_FBBB","10",NA,"Nitrate",NA,NA,25.11116,-80.99662,NA
"4022",90198,"AOML_FBBB","11",NA,"Nitrate",NA,NA,25.07406,-81.00044,NA
"4023",90213,"AOML_FBBB","12",NA,"Nitrate",NA,NA,25.11332,-81.0655,NA
"4024",90228,"AOML_FBBB","13",NA,"Nitrate",NA,NA,25.1125,-81.09668,NA
"4025",90243,"AOML_FBBB","14",NA,"Nitrate",NA,NA,25.03498,-81.0288,NA
"4026",90258,"AOML_FBBB","15",NA,"Nitrate",NA,NA,24.93178,-80.9486,NA
"4027",90273,"AOML_FBBB","16",NA,"Nitrate",NA,NA,24.87528,-80.83086,NA
"4028",90288,"AOML_FBBB","17",NA,"Nitrate",NA,NA,24.922,-80.709,NA
"4029",90303,"AOML_FBBB","18",NA,"Nitrate",NA,NA,24.97682,-80.61188,NA
"4030",90318,"AOML_FBBB","19",NA,"Nitrate",NA,NA,25.01666,-80.54868,NA
"4031",90333,"AOML_FBBB","20",NA,"Nitrate",NA,NA,25.0666,-80.4928666666667,NA
"4032",90348,"AOML_FBBB","21",NA,"Nitrate",NA,NA,25.11224,-80.51518,NA
"4033",90363,"AOML_FBBB","22",NA,"Nitrate",NA,NA,25.09939,-80.604,NA
"4034",90378,"AOML_FBBB","23",NA,"Nitrate",NA,NA,25.05502,-80.6247,NA
"4035",90393,"AOML_FBBB","24",NA,"Nitrate",NA,NA,25.06304,-80.66668,NA
"4036",90408,"AOML_FBBB","25",NA,"Nitrate",NA,NA,25.06,-80.71686,NA
"4037",90423,"AOML_FBBB","26",NA,"Nitrate",NA,NA,25.0237,-80.72204,NA
"4038",90438,"AOML_FBBB","27",NA,"Nitrate",NA,NA,25.0055,-80.7492,NA
"4039",90453,"AOML_FBBB","28",NA,"Nitrate",NA,NA,25.0005,-80.78539,NA
"4040",90468,"AOML_FBBB","29",NA,"Nitrate",NA,NA,24.99754,-80.8105,NA
"4041",90483,"AOML_FBBB","30",NA,"Nitrate",NA,NA,24.97566,-80.8347,NA
"4042",90498,"AOML_FBBB","31",NA,"Nitrate",NA,NA,25.01098,-80.86866,NA
"4043",90513,"AOML_FBBB","32",NA,"Nitrate",NA,NA,25.011,-80.9261,NA
"4044",90528,"AOML_FBBB","33",NA,"Nitrate",NA,NA,25.05284,-80.91954,NA
"4045",90543,"AOML_FBBB","34",NA,"Nitrate",NA,NA,24.9882,-80.95534,NA
"4046",90558,"AOML_FBBB","35",NA,"Nitrate",NA,NA,24.97116,-80.88018,NA
"4047",90573,"AOML_FBBB","36",NA,"Nitrate",NA,NA,24.95904,-80.79336,NA
"4048",90588,"AOML_FBBB","37",NA,"Nitrate",NA,NA,24.9318,-80.76172,NA
"4049",90603,"AOML_FBBB","38",NA,"Nitrate",NA,NA,24.9855,-80.69808,NA
"4050",90618,"AOML_FBBB","39",NA,"Nitrate",NA,NA,25.00834,-80.64586,NA
"4051",90633,"AOML_FBBB","40",NA,"Nitrate",NA,NA,25.0166,-80.59828,NA
"4052",90648,"AOML_FBBB","1",NA,"Nitrate",NA,NA,25.1835,-80.49468,NA
"4053",90663,"AOML_FBBB","2",NA,"Nitrate",NA,NA,25.16592,-80.56168,NA
"4054",90678,"AOML_FBBB","3",NA,"Nitrate",NA,NA,25.14918,-80.62002,NA
"4055",90693,"AOML_FBBB","4",NA,"Nitrate",NA,NA,25.13314,-80.67686,NA
"4056",90708,"AOML_FBBB","5",NA,"Nitrate",NA,NA,25.11566,-80.71834,NA
"4057",90723,"AOML_FBBB","6",NA,"Nitrate",NA,NA,25.0715,-80.7605,NA
"4058",90738,"AOML_FBBB","7",NA,"Nitrate",NA,NA,25.11582,-80.78864,NA
"4059",90753,"AOML_FBBB","8",NA,"Nitrate",NA,NA,25.12598,-80.8596,NA
"4060",90768,"AOML_FBBB","9",NA,"Nitrate",NA,NA,25.12692,-80.90556,NA
"4061",90783,"AOML_FBBB","10",NA,"Nitrate",NA,NA,25.1116,-80.99594,NA
"4062",90798,"AOML_FBBB","11",NA,"Nitrate",NA,NA,25.07452,-81.0002,NA
"4063",90813,"AOML_FBBB","12",NA,"Nitrate",NA,NA,25.1145,-81.0665,NA
"4064",90828,"AOML_FBBB","13",NA,"Nitrate",NA,NA,25.1125,-81.0961,NA
"4065",90843,"AOML_FBBB","14",NA,"Nitrate",NA,NA,25.03464,-81.02898,NA
"4066",90858,"AOML_FBBB","15",NA,"Nitrate",NA,NA,24.9312,-80.948,NA
"4067",90873,"AOML_FBBB","16",NA,"Nitrate",NA,NA,24.87534,-80.831,NA
"4068",90888,"AOML_FBBB","17",NA,"Nitrate",NA,NA,24.92236,-80.70728,NA
"4069",90903,"AOML_FBBB","18",NA,"Nitrate",NA,NA,24.97746,-80.6114,NA
"4070",90918,"AOML_FBBB","19",NA,"Nitrate",NA,NA,25.0176,-80.54844,NA
"4071",90933,"AOML_FBBB","20",NA,"Nitrate",NA,NA,25.06702,-80.49478,NA
"4072",90948,"AOML_FBBB","21",NA,"Nitrate",NA,NA,25.11212,-80.51418,NA
"4073",90963,"AOML_FBBB","22",NA,"Nitrate",NA,NA,25.09916,-80.60198,NA
"4074",90978,"AOML_FBBB","23",NA,"Nitrate",NA,NA,25.0552,-80.6237,NA
"4075",90993,"AOML_FBBB","24",NA,"Nitrate",NA,NA,25.0633,-80.66732,NA
"4076",91008,"AOML_FBBB","25",NA,"Nitrate",NA,NA,25.05944,-80.71686,NA
"4077",91023,"AOML_FBBB","26",NA,"Nitrate",NA,NA,25.02242,-80.72198,NA
"4078",91038,"AOML_FBBB","27",NA,"Nitrate",NA,NA,25.00642,-80.74932,NA
"4079",91053,"AOML_FBBB","28",NA,"Nitrate",NA,NA,25.00066,-80.78468,NA
"4080",91068,"AOML_FBBB","29",NA,"Nitrate",NA,NA,24.9975,-80.81018,NA
"4081",91083,"AOML_FBBB","30",NA,"Nitrate",NA,NA,24.9745,-80.83552,NA
"4082",91098,"AOML_FBBB","31",NA,"Nitrate",NA,NA,25.01076,-80.86958,NA
"4083",91113,"AOML_FBBB","32",NA,"Nitrate",NA,NA,25.01068,-80.92684,NA
"4084",91128,"AOML_FBBB","33",NA,"Nitrate",NA,NA,25.0528,-80.91972,NA
"4085",91143,"AOML_FBBB","34",NA,"Nitrate",NA,NA,24.988,-80.95548,NA
"4086",91158,"AOML_FBBB","35",NA,"Nitrate",NA,NA,24.97082,-80.88018,NA
"4087",91173,"AOML_FBBB","36",NA,"Nitrate",NA,NA,24.95866,-80.79234,NA
"4088",91188,"AOML_FBBB","37",NA,"Nitrate",NA,NA,24.9315,-80.7602,NA
"4089",91203,"AOML_FBBB","38",NA,"Nitrate",NA,NA,24.9846,-80.6967,NA
"4090",91218,"AOML_FBBB","39",NA,"Nitrate",NA,NA,25.00666,-80.64686,NA
"4091",91233,"AOML_FBBB","40",NA,"Nitrate",NA,NA,25.0158,-80.59876,NA
"4092",91248,"AOML_FBBB","1",NA,"Nitrate",NA,NA,25.18445,-80.49602,NA
"4093",91263,"AOML_FBBB","2",NA,"Nitrate",NA,NA,25.16814,-80.56286,NA
"4094",91278,"AOML_FBBB","3",NA,"Nitrate",NA,NA,25.14938,-80.61872,NA
"4095",91293,"AOML_FBBB","4",NA,"Nitrate",NA,NA,25.13298,-80.68036,NA
"4096",91308,"AOML_FBBB","5",NA,"Nitrate",NA,NA,25.11634,-80.7192,NA
"4097",91323,"AOML_FBBB","6",NA,"Nitrate",NA,NA,25.07134,-80.76068,NA
"4098",91338,"AOML_FBBB","7",NA,"Nitrate",NA,NA,25.1172,-80.7934,NA
"4099",91353,"AOML_FBBB","8",NA,"Nitrate",NA,NA,25.12958,-80.86636,NA
"4100",91368,"AOML_FBBB","9",NA,"Nitrate",NA,NA,25.12582,-80.90836,NA
"4101",91383,"AOML_FBBB","10",NA,"Nitrate",NA,NA,25.11082,-80.9972,NA
"4102",91398,"AOML_FBBB","11",NA,"Nitrate",NA,NA,25.07384,-81.00018,NA
"4103",91413,"AOML_FBBB","12",NA,"Nitrate",NA,NA,25.11006,-81.06756,NA
"4104",91428,"AOML_FBBB","13",NA,"Nitrate",NA,NA,25.111,-81.09602,NA
"4105",91443,"AOML_FBBB","14",NA,"Nitrate",NA,NA,25.03416,-81.0275,NA
"4106",91458,"AOML_FBBB","15",NA,"Nitrate",NA,NA,24.93312,-80.9487,NA
"4107",91473,"AOML_FBBB","16",NA,"Nitrate",NA,NA,24.87166,-80.8292,NA
"4108",91488,"AOML_FBBB","17",NA,"Nitrate",NA,NA,24.9215,-80.70868,NA
"4109",91503,"AOML_FBBB","18",NA,"Nitrate",NA,NA,24.97664,-80.61002,NA
"4110",91518,"AOML_FBBB","19",NA,"Nitrate",NA,NA,25.01796,-80.5475,NA
"4111",91533,"AOML_FBBB","20",NA,"Nitrate",NA,NA,25.068,-80.49264,NA
"4112",91548,"AOML_FBBB","34",NA,"Nitrate",NA,NA,24.9875,-80.95534,NA
"4113",91563,"AOML_FBBB","21",NA,"Nitrate",NA,NA,25.11234,-80.51584,NA
"4114",91578,"AOML_FBBB","22",NA,"Nitrate",NA,NA,25.09974,-80.60052,NA
"4115",91593,"AOML_FBBB","23",NA,"Nitrate",NA,NA,25.0571,-80.62294,NA
"4116",91608,"AOML_FBBB","24",NA,"Nitrate",NA,NA,25.06416,-80.66718,NA
"4117",91623,"AOML_FBBB","25",NA,"Nitrate",NA,NA,25.06,-80.71704,NA
"4118",91638,"AOML_FBBB","26",NA,"Nitrate",NA,NA,25.02468,-80.72178,NA
"4119",91653,"AOML_FBBB","27",NA,"Nitrate",NA,NA,25.0065,-80.7492,NA
"4120",91668,"AOML_FBBB","28",NA,"Nitrate",NA,NA,25.001,-80.78472,NA
"4121",91683,"AOML_FBBB","29",NA,"Nitrate",NA,NA,24.99668,-80.8112,NA
"4122",91698,"AOML_FBBB","30",NA,"Nitrate",NA,NA,24.9773,-80.83518,NA
"4123",91713,"AOML_FBBB","31",NA,"Nitrate",NA,NA,25.01,-80.8695,NA
"4124",91728,"AOML_FBBB","32",NA,"Nitrate",NA,NA,25.00964,-80.9249,NA
"4125",91743,"AOML_FBBB","33",NA,"Nitrate",NA,NA,25.05234,-80.91952,NA
"4126",91758,"AOML_FBBB","35",NA,"Nitrate",NA,NA,24.9715,-80.87984,NA
"4127",91773,"AOML_FBBB","36",NA,"Nitrate",NA,NA,24.95766,-80.793,NA
"4128",91788,"AOML_FBBB","37",NA,"Nitrate",NA,NA,24.93216,-80.761,NA
"4129",91803,"AOML_FBBB","38",NA,"Nitrate",NA,NA,24.985,-80.6987,NA
"4130",91818,"AOML_FBBB","39",NA,"Nitrate",NA,NA,25.00818,-80.6464,NA
"4131",91833,"AOML_FBBB","40",NA,"Nitrate",NA,NA,25.018,-80.5981833333333,NA
"4132",91848,"AOML_FBBB","1",NA,"Nitrate",NA,NA,25.1838,-80.49684,NA
"4133",91863,"AOML_FBBB","2",NA,"Nitrate",NA,NA,25.16714,-80.56242,NA
"4134",91878,"AOML_FBBB","3",NA,"Nitrate",NA,NA,25.15,-80.62138,NA
"4135",91893,"AOML_FBBB","4",NA,"Nitrate",NA,NA,25.13118,-80.67984,NA
"4136",91908,"AOML_FBBB","5",NA,"Nitrate",NA,NA,25.1155,-80.71868,NA
"4137",91923,"AOML_FBBB","6",NA,"Nitrate",NA,NA,25.0694,-80.75976,NA
"4138",91938,"AOML_FBBB","7",NA,"Nitrate",NA,NA,25.1164,-80.7928,NA
"4139",91953,"AOML_FBBB","8",NA,"Nitrate",NA,NA,25.12804,-80.86376,NA
"4140",91968,"AOML_FBBB","9",NA,"Nitrate",NA,NA,25.12682,-80.90634,NA
"4141",91983,"AOML_FBBB","10",NA,"Nitrate",NA,NA,25.115,-80.9973,NA
"4142",91998,"AOML_FBBB","11",NA,"Nitrate",NA,NA,25.07416,-81.00068,NA
"4143",92013,"AOML_FBBB","12",NA,"Nitrate",NA,NA,25.11286,-81.0657,NA
"4144",92028,"AOML_FBBB","13",NA,"Nitrate",NA,NA,25.11268,-81.09768,NA
"4145",92043,"AOML_FBBB","14",NA,"Nitrate",NA,NA,25.0349,-81.02944,NA
"4146",92058,"AOML_FBBB","15",NA,"Nitrate",NA,NA,24.93132,-80.9495,NA
"4147",92073,"AOML_FBBB","16",NA,"Nitrate",NA,NA,24.87536,-80.83052,NA
"4148",92088,"AOML_FBBB","17",NA,"Nitrate",NA,NA,24.92216,-80.70886,NA
"4149",92103,"AOML_FBBB","18",NA,"Nitrate",NA,NA,24.97652,-80.61102,NA
"4150",92118,"AOML_FBBB","19",NA,"Nitrate",NA,NA,25.0187,-80.5488,NA
"4151",92133,"AOML_FBBB","20",NA,"Nitrate",NA,NA,25.0665,-80.4928666666667,NA
"4152",92148,"AOML_FBBB","21",NA,"Nitrate",NA,NA,25.11311,-80.51494,NA
"4153",92163,"AOML_FBBB","22",NA,"Nitrate",NA,NA,25.10016,-80.60386,NA
"4154",92178,"AOML_FBBB","23",NA,"Nitrate",NA,NA,25.0558,-80.6247,NA
"4155",92193,"AOML_FBBB","24",NA,"Nitrate",NA,NA,25.0633,-80.66722,NA
"4156",92208,"AOML_FBBB","25",NA,"Nitrate",NA,NA,25.0603,-80.7172,NA
"4157",92223,"AOML_FBBB","26",NA,"Nitrate",NA,NA,25.02346,-80.7224,NA
"4158",92238,"AOML_FBBB","27",NA,"Nitrate",NA,NA,25.00632,-80.74858,NA
"4159",92253,"AOML_FBBB","28",NA,"Nitrate",NA,NA,25.001,-80.78468,NA
"4160",92268,"AOML_FBBB","29",NA,"Nitrate",NA,NA,24.99734,-80.811,NA
"4161",92283,"AOML_FBBB","30",NA,"Nitrate",NA,NA,24.9759,-80.83484,NA
"4162",92298,"AOML_FBBB","31",NA,"Nitrate",NA,NA,25.01124,-80.86814,NA
"4163",92313,"AOML_FBBB","32",NA,"Nitrate",NA,NA,25.01132,-80.9262,NA
"4164",92328,"AOML_FBBB","33",NA,"Nitrate",NA,NA,25.05316,-80.91934,NA
"4165",92343,"AOML_FBBB","34",NA,"Nitrate",NA,NA,24.98766,-80.9554,NA
"4166",92358,"AOML_FBBB","35",NA,"Nitrate",NA,NA,24.971,-80.8798,NA
"4167",92373,"AOML_FBBB","36",NA,"Nitrate",NA,NA,24.9582,-80.793,NA
"4168",92388,"AOML_FBBB","37",NA,"Nitrate",NA,NA,24.93168,-80.761,NA
"4169",92403,"AOML_FBBB","38",NA,"Nitrate",NA,NA,24.9859,-80.6985,NA
"4170",92418,"AOML_FBBB","39",NA,"Nitrate",NA,NA,25.00734,-80.64668,NA
"4171",92433,"AOML_FBBB","40",NA,"Nitrate",NA,NA,25.01694,-80.59822,NA
"4172",92448,"AOML_FBBB","1",NA,"Nitrate",NA,NA,25.18466,-80.49632,NA
"4173",92463,"AOML_FBBB","2",NA,"Nitrate",NA,NA,25.16692,-80.56162,NA
"4174",92478,"AOML_FBBB","3",NA,"Nitrate",NA,NA,25.14958,-80.62082,NA
"4175",92493,"AOML_FBBB","4",NA,"Nitrate",NA,NA,25.13274,-80.67922,NA
"4176",92508,"AOML_FBBB","5",NA,"Nitrate",NA,NA,25.116,-80.7189,NA
"4177",92523,"AOML_FBBB","6",NA,"Nitrate",NA,NA,25.0693,-80.7602,NA
"4178",92538,"AOML_FBBB","7",NA,"Nitrate",NA,NA,25.1168,-80.79284,NA
"4179",92553,"AOML_FBBB","8",NA,"Nitrate",NA,NA,25.12784,-80.8637,NA
"4180",92568,"AOML_FBBB","9",NA,"Nitrate",NA,NA,25.12632,-80.90686,NA
"4181",92583,"AOML_FBBB","10",NA,"Nitrate",NA,NA,25.11126,-80.99734,NA
"4182",92598,"AOML_FBBB","11",NA,"Nitrate",NA,NA,25.07498,-81.0007,NA
"4183",92613,"AOML_FBBB","12",NA,"Nitrate",NA,NA,25.1129,-81.0655,NA
"4184",92628,"AOML_FBBB","13",NA,"Nitrate",NA,NA,25.11314,-81.09654,NA
"4185",92643,"AOML_FBBB","14",NA,"Nitrate",NA,NA,25.03462,-81.0291,NA
"4186",92658,"AOML_FBBB","15",NA,"Nitrate",NA,NA,24.93168,-80.94798,NA
"4187",92673,"AOML_FBBB","16",NA,"Nitrate",NA,NA,24.87482,-80.83186,NA
"4188",92688,"AOML_FBBB","17",NA,"Nitrate",NA,NA,24.922,-80.70918,NA
"4189",92703,"AOML_FBBB","18",NA,"Nitrate",NA,NA,24.977,-80.61154,NA
"4190",92718,"AOML_FBBB","19",NA,"Nitrate",NA,NA,25.0188,-80.54834,NA
"4191",92733,"AOML_FBBB","20",NA,"Nitrate",NA,NA,25.06664,-80.49268,NA
"4192",92748,"AOML_FBBB","21",NA,"Nitrate",NA,NA,25.11232,-80.515,NA
"4193",92763,"AOML_FBBB","22",NA,"Nitrate",NA,NA,25.10034,-80.60386,NA
"4194",92778,"AOML_FBBB","23",NA,"Nitrate",NA,NA,25.0552,-80.62436,NA
"4195",92793,"AOML_FBBB","24",NA,"Nitrate",NA,NA,25.0634,-80.66684,NA
"4196",92808,"AOML_FBBB","25",NA,"Nitrate",NA,NA,25.06016,-80.71666,NA
"4197",92823,"AOML_FBBB","26",NA,"Nitrate",NA,NA,25.0233,-80.72228,NA
"4198",92838,"AOML_FBBB","27",NA,"Nitrate",NA,NA,25.005,-80.7492,NA
"4199",92853,"AOML_FBBB","28",NA,"Nitrate",NA,NA,25.0007,-80.78502,NA
"4200",92868,"AOML_FBBB","29",NA,"Nitrate",NA,NA,24.9973,-80.8107,NA
"4201",92883,"AOML_FBBB","30",NA,"Nitrate",NA,NA,24.9755,-80.83484,NA
"4202",92898,"AOML_FBBB","31",NA,"Nitrate",NA,NA,25.0107,-80.86784,NA
"4203",92913,"AOML_FBBB","32",NA,"Nitrate",NA,NA,25.01132,-80.92644,NA
"4204",92928,"AOML_FBBB","33",NA,"Nitrate",NA,NA,25.05234,-80.91952,NA
"4205",92943,"AOML_FBBB","34",NA,"Nitrate",NA,NA,24.98816,-80.9552,NA
"4206",92958,"AOML_FBBB","35",NA,"Nitrate",NA,NA,24.971,-80.8797,NA
"4207",92973,"AOML_FBBB","36",NA,"Nitrate",NA,NA,24.96,-80.79272,NA
"4208",92988,"AOML_FBBB","37",NA,"Nitrate",NA,NA,24.9315,-80.76102,NA
"4209",93003,"AOML_FBBB","38",NA,"Nitrate",NA,NA,24.98478,-80.69788,NA
"4210",93018,"AOML_FBBB","39",NA,"Nitrate",NA,NA,25.00866,-80.64612,NA
"4211",93033,"AOML_FBBB","40",NA,"Nitrate",NA,NA,25.01674,-80.59918,NA
"4212",93048,"AOML_FBBB","B10",NA,"Nitrate",NA,NA,25.297,-80.36084,NA
"4213",93063,"AOML_FBBB","B11",NA,"Nitrate",NA,NA,25.23882,-80.37588,NA
"4214",93078,"AOML_FBBB","B12",NA,"Nitrate",NA,NA,25.2555,-80.42256,NA
"4215",93093,"AOML_FBBB","B13",NA,"Nitrate",NA,NA,25.17592,-80.42234,NA
"4216",93108,"AOML_FBBB","B2",NA,"Nitrate",NA,NA,25.6905,-80.24836,NA
"4217",93123,"AOML_FBBB","B3",NA,"Nitrate",NA,NA,25.6545,-80.26368,NA
"4218",93138,"AOML_FBBB","B4",NA,"Nitrate",NA,NA,25.591,-80.263,NA
"4219",93153,"AOML_FBBB","B5",NA,"Nitrate",NA,NA,25.52994,-80.31418,NA
"4220",93168,"AOML_FBBB","B6",NA,"Nitrate",NA,NA,25.4922,-80.25236,NA
"4221",93183,"AOML_FBBB","B7",NA,"Nitrate",NA,NA,25.46318,-80.32618,NA
"4222",93198,"AOML_FBBB","B8",NA,"Nitrate",NA,NA,25.4054,-80.24336,NA
"4223",93213,"AOML_FBBB","B9",NA,"Nitrate",NA,NA,25.33352,-80.32134,NA
"4224",93228,"AOML_FBBB","1",NA,"Nitrate",NA,NA,25.18366,-80.4961,NA
"4225",93243,"AOML_FBBB","2",NA,"Nitrate",NA,NA,25.16714,-80.56116,NA
"4226",93258,"AOML_FBBB","3",NA,"Nitrate",NA,NA,25.1495,-80.62002,NA
"4227",93273,"AOML_FBBB","4",NA,"Nitrate",NA,NA,25.1324,-80.6785,NA
"4228",93288,"AOML_FBBB","5",NA,"Nitrate",NA,NA,25.11566,-80.71856,NA
"4229",93303,"AOML_FBBB","6",NA,"Nitrate",NA,NA,25.06872,-80.76008,NA
"4230",93318,"AOML_FBBB","7",NA,"Nitrate",NA,NA,25.1167,-80.7926,NA
"4231",93333,"AOML_FBBB","8",NA,"Nitrate",NA,NA,25.12768,-80.8633,NA
"4232",93348,"AOML_FBBB","9",NA,"Nitrate",NA,NA,25.12682,-80.90634,NA
"4233",93363,"AOML_FBBB","10",NA,"Nitrate",NA,NA,25.11156,-80.9972,NA
"4234",93378,"AOML_FBBB","11",NA,"Nitrate",NA,NA,25.0747,-81.00052,NA
"4235",93393,"AOML_FBBB","12",NA,"Nitrate",NA,NA,25.113,-81.0657,NA
"4236",93408,"AOML_FBBB","13",NA,"Nitrate",NA,NA,25.11276,-81.09654,NA
"4237",93423,"AOML_FBBB","14",NA,"Nitrate",NA,NA,25.0353,-81.0292,NA
"4238",93438,"AOML_FBBB","15",NA,"Nitrate",NA,NA,24.93004,-80.9492,NA
"4239",93453,"AOML_FBBB","16",NA,"Nitrate",NA,NA,24.87498,-80.83168,NA
"4240",93468,"AOML_FBBB","17",NA,"Nitrate",NA,NA,24.92182,-80.70918,NA
"4241",93483,"AOML_FBBB","18",NA,"Nitrate",NA,NA,24.97716,-80.61164,NA
"4242",93498,"AOML_FBBB","19",NA,"Nitrate",NA,NA,25.01926,-80.5465,NA
"4243",93513,"AOML_FBBB","20",NA,"Nitrate",NA,NA,25.06664,-80.49262,NA
"4244",93528,"AOML_FBBB","34",NA,"Nitrate",NA,NA,24.988,-80.95568,NA
"4245",93543,"AOML_FBBB","21",NA,"Nitrate",NA,NA,25.11258,-80.51468,NA
"4246",93558,"AOML_FBBB","22",NA,"Nitrate",NA,NA,25.1,-80.6035,NA
"4247",93573,"AOML_FBBB","23",NA,"Nitrate",NA,NA,25.05642,-80.6245,NA
"4248",93588,"AOML_FBBB","24",NA,"Nitrate",NA,NA,25.06248,-80.66654,NA
"4249",93603,"AOML_FBBB","25",NA,"Nitrate",NA,NA,25.0606,-80.71702,NA
"4250",93618,"AOML_FBBB","26",NA,"Nitrate",NA,NA,25.02346,-80.72252,NA
"4251",93633,"AOML_FBBB","27",NA,"Nitrate",NA,NA,25.0064,-80.7492,NA
"4252",93648,"AOML_FBBB","28",NA,"Nitrate",NA,NA,25,-80.78526,NA
"4253",93663,"AOML_FBBB","29",NA,"Nitrate",NA,NA,24.998,-80.81072,NA
"4254",93678,"AOML_FBBB","30",NA,"Nitrate",NA,NA,24.97616,-80.83434,NA
"4255",93693,"AOML_FBBB","31",NA,"Nitrate",NA,NA,25.01084,-80.868,NA
"4256",93708,"AOML_FBBB","32",NA,"Nitrate",NA,NA,25.01098,-80.92592,NA
"4257",93723,"AOML_FBBB","33",NA,"Nitrate",NA,NA,25.05332,-80.91934,NA
"4258",93738,"AOML_FBBB","35",NA,"Nitrate",NA,NA,24.9716,-80.87918,NA
"4259",93753,"AOML_FBBB","36",NA,"Nitrate",NA,NA,24.95956,-80.79284,NA
"4260",93768,"AOML_FBBB","37",NA,"Nitrate",NA,NA,24.9315,-80.76078,NA
"4261",93783,"AOML_FBBB","38",NA,"Nitrate",NA,NA,24.9857,-80.69762,NA
"4262",93798,"AOML_FBBB","39",NA,"Nitrate",NA,NA,25.00796,-80.646,NA
"4263",93813,"AOML_FBBB","40",NA,"Nitrate",NA,NA,25.01666,-80.59768,NA
"4264",93828,"AOML_FBBB","B14",NA,"Nitrate",NA,NA,25.469,-80.20748,NA
"4265",93843,"AOML_FBBB","B15",NA,"Nitrate",NA,NA,25.58118,-80.19436,NA
"4266",93858,"AOML_FBBB","B16",NA,"Nitrate",NA,NA,25.66516,-80.1893,NA
"4267",93873,"AOML_FBBB","21",NA,"Nitrate",NA,NA,25.11286,-80.51536,NA
"4268",93888,"AOML_FBBB","22",NA,"Nitrate",NA,NA,25.0999,-80.60282,NA
"4269",93903,"AOML_FBBB","23",NA,"Nitrate",NA,NA,25.05524,-80.62442,NA
"4270",93918,"AOML_FBBB","24",NA,"Nitrate",NA,NA,25.06242,-80.6671,NA
"4271",93933,"AOML_FBBB","25",NA,"Nitrate",NA,NA,25.06016,-80.71636,NA
"4272",93948,"AOML_FBBB","26",NA,"Nitrate",NA,NA,25.023,-80.722,NA
"4273",93963,"AOML_FBBB","27",NA,"Nitrate",NA,NA,25.00582,-80.749,NA
"4274",93978,"AOML_FBBB","28",NA,"Nitrate",NA,NA,25.00052,-80.78534,NA
"4275",93993,"AOML_FBBB","29",NA,"Nitrate",NA,NA,24.99734,-80.8102,NA
"4276",94008,"AOML_FBBB","30",NA,"Nitrate",NA,NA,24.9761,-80.83476,NA
"4277",94023,"AOML_FBBB","31",NA,"Nitrate",NA,NA,25.01068,-80.86818,NA
"4278",94038,"AOML_FBBB","32",NA,"Nitrate",NA,NA,25.011,-80.92634,NA
"4279",94053,"AOML_FBBB","33",NA,"Nitrate",NA,NA,25.05234,-80.9198,NA
"4280",94068,"AOML_FBBB","34",NA,"Nitrate",NA,NA,24.988,-80.9553,NA
"4281",94083,"AOML_FBBB","35",NA,"Nitrate",NA,NA,24.97168,-80.88002,NA
"4282",94098,"AOML_FBBB","36",NA,"Nitrate",NA,NA,24.9594,-80.7934,NA
"4283",94113,"AOML_FBBB","37",NA,"Nitrate",NA,NA,24.93192,-80.76164,NA
"4284",94128,"AOML_FBBB","38",NA,"Nitrate",NA,NA,24.98576,-80.69874,NA
"4285",94143,"AOML_FBBB","39",NA,"Nitrate",NA,NA,25.0075,-80.64666,NA
"4286",94158,"AOML_FBBB","40",NA,"Nitrate",NA,NA,25.01742,-80.59826,NA
"4287",94173,"AOML_FBBB","B14",NA,"Nitrate",NA,NA,25.4671,-80.21272,NA
"4288",94188,"AOML_FBBB","B15",NA,"Nitrate",NA,NA,25.58,-80.19918,NA
"4289",94203,"AOML_FBBB","B16",NA,"Nitrate",NA,NA,25.66216,-80.1877,NA
"4290",94218,"AOML_FBBB","1",NA,"Nitrate",NA,NA,25.18382,-80.49702,NA
"4291",94233,"AOML_FBBB","2",NA,"Nitrate",NA,NA,25.167,-80.5612,NA
"4292",94248,"AOML_FBBB","3",NA,"Nitrate",NA,NA,25.1501,-80.62134,NA
"4293",94263,"AOML_FBBB","4",NA,"Nitrate",NA,NA,25.133,-80.6791,NA
"4294",94278,"AOML_FBBB","5",NA,"Nitrate",NA,NA,25.1155,-80.7182,NA
"4295",94293,"AOML_FBBB","6",NA,"Nitrate",NA,NA,25.06964,-80.7594,NA
"4296",94308,"AOML_FBBB","7",NA,"Nitrate",NA,NA,25.118,-80.79222,NA
"4297",94323,"AOML_FBBB","8",NA,"Nitrate",NA,NA,25.12784,-80.8637,NA
"4298",94338,"AOML_FBBB","9",NA,"Nitrate",NA,NA,25.12648,-80.9058333333333,NA
"4299",94353,"AOML_FBBB","10",NA,"Nitrate",NA,NA,25.111,-80.9965,NA
"4300",94368,"AOML_FBBB","11",NA,"Nitrate",NA,NA,25.0745,-81.0018,NA
"4301",94383,"AOML_FBBB","12",NA,"Nitrate",NA,NA,25.1124,-81.06548,NA
"4302",94398,"AOML_FBBB","13",NA,"Nitrate",NA,NA,25.11268,-81.097,NA
"4303",94413,"AOML_FBBB","14",NA,"Nitrate",NA,NA,25.03502,-81.02884,NA
"4304",94428,"AOML_FBBB","15",NA,"Nitrate",NA,NA,24.93066,-80.94884,NA
"4305",94443,"AOML_FBBB","16",NA,"Nitrate",NA,NA,24.87528,-80.83052,NA
"4306",94458,"AOML_FBBB","17",NA,"Nitrate",NA,NA,24.92232,-80.70936,NA
"4307",94473,"AOML_FBBB","18",NA,"Nitrate",NA,NA,24.9763,-80.61,NA
"4308",94488,"AOML_FBBB","19",NA,"Nitrate",NA,NA,25.0192,-80.54838,NA
"4309",94503,"AOML_FBBB","20",NA,"Nitrate",NA,NA,25.06756,-80.49224,NA
"4310",94518,"AOML_FBBB","B10",NA,"Nitrate",NA,NA,25.2966,-80.3615,NA
"4311",94533,"AOML_FBBB","B11",NA,"Nitrate",NA,NA,25.2387,-80.3766,NA
"4312",94548,"AOML_FBBB","B12",NA,"Nitrate",NA,NA,25.2553,-80.4231,NA
"4313",94563,"AOML_FBBB","B13",NA,"Nitrate",NA,NA,25.1762,-80.4232,NA
"4314",94578,"AOML_FBBB","B7",NA,"Nitrate",NA,NA,25.4631,-80.3254,NA
"4315",94593,"AOML_FBBB","B8",NA,"Nitrate",NA,NA,25.4046,-80.2439,NA
"4316",94608,"AOML_FBBB","B9",NA,"Nitrate",NA,NA,25.3339,-80.322,NA
"4317",94623,"AOML_FBBB","B1",NA,"Nitrate",NA,NA,25.73932,-80.1832,NA
"4318",94638,"AOML_FBBB","B10",NA,"Nitrate",NA,NA,25.29634,-80.36074,NA
"4319",94653,"AOML_FBBB","B11",NA,"Nitrate",NA,NA,25.23866,-80.3752,NA
"4320",94668,"AOML_FBBB","B12",NA,"Nitrate",NA,NA,25.25516,-80.42202,NA
"4321",94683,"AOML_FBBB","B13",NA,"Nitrate",NA,NA,25.176,-80.42218,NA
"4322",94698,"AOML_FBBB","B2",NA,"Nitrate",NA,NA,25.69016,-80.24836,NA
"4323",94713,"AOML_FBBB","B3",NA,"Nitrate",NA,NA,25.65429,-80.26372,NA
"4324",94728,"AOML_FBBB","B4",NA,"Nitrate",NA,NA,25.59158,-80.2648,NA
"4325",94743,"AOML_FBBB","B5",NA,"Nitrate",NA,NA,25.53008,-80.31516,NA
"4326",94758,"AOML_FBBB","B6",NA,"Nitrate",NA,NA,25.49134,-80.25086,NA
"4327",94773,"AOML_FBBB","B7",NA,"Nitrate",NA,NA,25.463,-80.32618,NA
"4328",94788,"AOML_FBBB","B8",NA,"Nitrate",NA,NA,25.40532,-80.243,NA
"4329",94803,"AOML_FBBB","B9",NA,"Nitrate",NA,NA,25.3335,-80.321,NA
"4330",94818,"AOML_FBBB","1",NA,"Nitrate",NA,NA,25.18314,-80.4964,NA
"4331",94833,"AOML_FBBB","2",NA,"Nitrate",NA,NA,25.16718,-80.56134,NA
"4332",94848,"AOML_FBBB","3",NA,"Nitrate",NA,NA,25.14966,-80.6207,NA
"4333",94863,"AOML_FBBB","4",NA,"Nitrate",NA,NA,25.1328,-80.67882,NA
"4334",94878,"AOML_FBBB","5",NA,"Nitrate",NA,NA,25.11582,-80.71868,NA
"4335",94893,"AOML_FBBB","6",NA,"Nitrate",NA,NA,25.06932,-80.75998,NA
"4336",94908,"AOML_FBBB","7",NA,"Nitrate",NA,NA,25.11732,-80.79318,NA
"4337",94923,"AOML_FBBB","8",NA,"Nitrate",NA,NA,25.12764,-80.86348,NA
"4338",94938,"AOML_FBBB","9",NA,"Nitrate",NA,NA,25.12632,-80.906,NA
"4339",94953,"AOML_FBBB","10",NA,"Nitrate",NA,NA,25.1107,-80.99684,NA
"4340",94968,"AOML_FBBB","11",NA,"Nitrate",NA,NA,25.07468,-81.001,NA
"4341",94983,"AOML_FBBB","12",NA,"Nitrate",NA,NA,25.1143,-81.0667,NA
"4342",94998,"AOML_FBBB","13",NA,"Nitrate",NA,NA,25.11254,-81.09658,NA
"4343",95013,"AOML_FBBB","14",NA,"Nitrate",NA,NA,25.0355,-81.02918,NA
"4344",95028,"AOML_FBBB","15",NA,"Nitrate",NA,NA,24.93132,-80.949,NA
"4345",95043,"AOML_FBBB","16",NA,"Nitrate",NA,NA,24.8751,-80.83024,NA
"4346",95058,"AOML_FBBB","17",NA,"Nitrate",NA,NA,24.92208,-80.70884,NA
"4347",95073,"AOML_FBBB","18",NA,"Nitrate",NA,NA,24.97682,-80.6113,NA
"4348",95088,"AOML_FBBB","19",NA,"Nitrate",NA,NA,25.01882,-80.5482,NA
"4349",95103,"AOML_FBBB","20",NA,"Nitrate",NA,NA,25.067,-80.49298,NA
"4350",95118,"AOML_FBBB","34",NA,"Nitrate",NA,NA,24.98834,-80.95568,NA
"4351",95133,"AOML_FBBB","21",NA,"Nitrate",NA,NA,25.112,-80.51394,NA
"4352",95148,"AOML_FBBB","22",NA,"Nitrate",NA,NA,25.09996,-80.604,NA
"4353",95163,"AOML_FBBB","23",NA,"Nitrate",NA,NA,25.0555,-80.62452,NA
"4354",95178,"AOML_FBBB","24",NA,"Nitrate",NA,NA,25.06316,-80.66684,NA
"4355",95193,"AOML_FBBB","25",NA,"Nitrate",NA,NA,25.0601,-80.71678,NA
"4356",95208,"AOML_FBBB","26",NA,"Nitrate",NA,NA,25.02366,-80.7224,NA
"4357",95223,"AOML_FBBB","27",NA,"Nitrate",NA,NA,25.0057,-80.749,NA
"4358",95238,"AOML_FBBB","28",NA,"Nitrate",NA,NA,25.0003,-80.78502,NA
"4359",95253,"AOML_FBBB","29",NA,"Nitrate",NA,NA,24.99734,-80.81018,NA
"4360",95268,"AOML_FBBB","30",NA,"Nitrate",NA,NA,24.976,-80.83534,NA
"4361",95283,"AOML_FBBB","31",NA,"Nitrate",NA,NA,25.0113,-80.86886,NA
"4362",95298,"AOML_FBBB","32",NA,"Nitrate",NA,NA,25.01068,-80.92568,NA
"4363",95313,"AOML_FBBB","33",NA,"Nitrate",NA,NA,25.053,-80.92,NA
"4364",95328,"AOML_FBBB","35",NA,"Nitrate",NA,NA,24.97144,-80.88024,NA
"4365",95343,"AOML_FBBB","36",NA,"Nitrate",NA,NA,24.9595,-80.7933,NA
"4366",95358,"AOML_FBBB","37",NA,"Nitrate",NA,NA,24.932,-80.7615,NA
"4367",95373,"AOML_FBBB","38",NA,"Nitrate",NA,NA,24.985,-80.69836,NA
"4368",95388,"AOML_FBBB","39",NA,"Nitrate",NA,NA,25.00812,-80.6459,NA
"4369",95403,"AOML_FBBB","40",NA,"Nitrate",NA,NA,25.01676,-80.59844,NA
"4370",95418,"AOML_FBBB","B14",NA,"Nitrate",NA,NA,25.4667,-80.21338,NA
"4371",95433,"AOML_FBBB","B15",NA,"Nitrate",NA,NA,25.57982,-80.19834,NA
"4372",95448,"AOML_FBBB","B16",NA,"Nitrate",NA,NA,25.66166,-80.18728,NA
"4373",95463,"AOML_FBBB","B1",NA,"Nitrate",NA,NA,25.73866,-80.18302,NA
"4374",95478,"AOML_FBBB","B10",NA,"Nitrate",NA,NA,25.29686,-80.36052,NA
"4375",95493,"AOML_FBBB","B11",NA,"Nitrate",NA,NA,25.2383,-80.37566,NA
"4376",95508,"AOML_FBBB","B12",NA,"Nitrate",NA,NA,25.25512,-80.4225,NA
"4377",95523,"AOML_FBBB","B13",NA,"Nitrate",NA,NA,25.17616,-80.42218,NA
"4378",95538,"AOML_FBBB","B2",NA,"Nitrate",NA,NA,25.69022,-80.24798,NA
"4379",95553,"AOML_FBBB","B3",NA,"Nitrate",NA,NA,25.65418,-80.2632,NA
"4380",95568,"AOML_FBBB","B4",NA,"Nitrate",NA,NA,25.59018,-80.2644,NA
"4381",95583,"AOML_FBBB","B5",NA,"Nitrate",NA,NA,25.5302,-80.31484,NA
"4382",95598,"AOML_FBBB","B6",NA,"Nitrate",NA,NA,25.49284,-80.25272,NA
"4383",95613,"AOML_FBBB","B7",NA,"Nitrate",NA,NA,25.46318,-80.32634,NA
"4384",95628,"AOML_FBBB","B8",NA,"Nitrate",NA,NA,25.40476,-80.24318,NA
"4385",95643,"AOML_FBBB","1",NA,"Nitrate",NA,NA,25.18308,-80.4965,NA
"4386",95658,"AOML_FBBB","2",NA,"Nitrate",NA,NA,25.1673,-80.56172,NA
"4387",95673,"AOML_FBBB","3",NA,"Nitrate",NA,NA,25.14918,-80.6202,NA
"4388",95688,"AOML_FBBB","4",NA,"Nitrate",NA,NA,25.13338,-80.67768,NA
"4389",95703,"AOML_FBBB","5",NA,"Nitrate",NA,NA,25.11664,-80.7184,NA
"4390",95718,"AOML_FBBB","6",NA,"Nitrate",NA,NA,25.07284,-80.76656,NA
"4391",95733,"AOML_FBBB","7",NA,"Nitrate",NA,NA,25.11714,-80.79218,NA
"4392",95748,"AOML_FBBB","8",NA,"Nitrate",NA,NA,25.12742,-80.86332,NA
"4393",95763,"AOML_FBBB","9",NA,"Nitrate",NA,NA,25.12618,-80.9055,NA
"4394",95778,"AOML_FBBB","10",NA,"Nitrate",NA,NA,25.1111,-80.99584,NA
"4395",95793,"AOML_FBBB","11",NA,"Nitrate",NA,NA,25.07444,-81.0006,NA
"4396",95808,"AOML_FBBB","12",NA,"Nitrate",NA,NA,25.1125,-81.06536,NA
"4397",95823,"AOML_FBBB","13",NA,"Nitrate",NA,NA,25.11266,-81.09652,NA
"4398",95838,"AOML_FBBB","14",NA,"Nitrate",NA,NA,25.03516,-81.02898,NA
"4399",95853,"AOML_FBBB","15",NA,"Nitrate",NA,NA,24.931,-80.9507,NA
"4400",95868,"AOML_FBBB","16",NA,"Nitrate",NA,NA,24.87482,-80.83134,NA
"4401",95883,"AOML_FBBB","17",NA,"Nitrate",NA,NA,24.92216,-80.7092,NA
"4402",95898,"AOML_FBBB","18",NA,"Nitrate",NA,NA,24.97592,-80.61154,NA
"4403",95913,"AOML_FBBB","19",NA,"Nitrate",NA,NA,25.01764,-80.54778,NA
"4404",95928,"AOML_FBBB","20",NA,"Nitrate",NA,NA,25.06674,-80.49272,NA
"4405",95943,"AOML_FBBB","21",NA,"Nitrate",NA,NA,25.11232,-80.51484,NA
"4406",95958,"AOML_FBBB","22",NA,"Nitrate",NA,NA,25.09966,-80.603,NA
"4407",95973,"AOML_FBBB","23",NA,"Nitrate",NA,NA,25.0548,-80.62484,NA
"4408",95988,"AOML_FBBB","24",NA,"Nitrate",NA,NA,25.0628,-80.667,NA
"4409",96003,"AOML_FBBB","25",NA,"Nitrate",NA,NA,25.06032,-80.7165,NA
"4410",96018,"AOML_FBBB","26",NA,"Nitrate",NA,NA,25.02324,-80.72228,NA
"4411",96033,"AOML_FBBB","27",NA,"Nitrate",NA,NA,25.0055,-80.7492,NA
"4412",96048,"AOML_FBBB","28",NA,"Nitrate",NA,NA,25.0003,-80.78486,NA
"4413",96063,"AOML_FBBB","29",NA,"Nitrate",NA,NA,24.9974,-80.81042,NA
"4414",96078,"AOML_FBBB","30",NA,"Nitrate",NA,NA,24.97516,-80.83466,NA
"4415",96093,"AOML_FBBB","31",NA,"Nitrate",NA,NA,25.01084,-80.8686,NA
"4416",96108,"AOML_FBBB","32",NA,"Nitrate",NA,NA,25.011,-80.9262,NA
"4417",96123,"AOML_FBBB","33",NA,"Nitrate",NA,NA,25.05264,-80.91952,NA
"4418",96138,"AOML_FBBB","34",NA,"Nitrate",NA,NA,24.98816,-80.95534,NA
"4419",96153,"AOML_FBBB","35",NA,"Nitrate",NA,NA,24.9715,-80.8799,NA
"4420",96168,"AOML_FBBB","36",NA,"Nitrate",NA,NA,24.95916,-80.79352,NA
"4421",96183,"AOML_FBBB","37",NA,"Nitrate",NA,NA,24.9319,-80.76138,NA
"4422",96198,"AOML_FBBB","38",NA,"Nitrate",NA,NA,24.985,-80.69884,NA
"4423",96213,"AOML_FBBB","39",NA,"Nitrate",NA,NA,25.0074,-80.64604,NA
"4424",96228,"AOML_FBBB","40",NA,"Nitrate",NA,NA,25.01674,-80.59852,NA
"4425",96243,"AOML_FBBB","B14",NA,"Nitrate",NA,NA,25.46736,-80.2137,NA
"4426",96258,"AOML_FBBB","B15",NA,"Nitrate",NA,NA,25.57966,-80.1977,NA
"4427",96273,"AOML_FBBB","B16",NA,"Nitrate",NA,NA,25.66084,-80.18818,NA
"4428",96288,"AOML_FBBB","1",NA,"Nitrate",NA,NA,25.18206,-80.4962,NA
"4429",96303,"AOML_FBBB","2",NA,"Nitrate",NA,NA,25.16723,-80.56142,NA
"4430",96318,"AOML_FBBB","3",NA,"Nitrate",NA,NA,25.1485,-80.6214,NA
"4431",96333,"AOML_FBBB","4",NA,"Nitrate",NA,NA,25.13264,-80.67868,NA
"4432",96348,"AOML_FBBB","5",NA,"Nitrate",NA,NA,25.11602,-80.7183,NA
"4433",96363,"AOML_FBBB","6",NA,"Nitrate",NA,NA,25.0695,-80.75734,NA
"4434",96378,"AOML_FBBB","7",NA,"Nitrate",NA,NA,25.11682,-80.79244,NA
"4435",96393,"AOML_FBBB","8",NA,"Nitrate",NA,NA,25.1274,-80.863,NA
"4436",96408,"AOML_FBBB","9",NA,"Nitrate",NA,NA,25.12648,-80.9056,NA
"4437",96423,"AOML_FBBB","10",NA,"Nitrate",NA,NA,25.1119,-80.9965,NA
"4438",96438,"AOML_FBBB","11",NA,"Nitrate",NA,NA,25.074,-81.00018,NA
"4439",96453,"AOML_FBBB","12",NA,"Nitrate",NA,NA,25.1121,-81.06514,NA
"4440",96468,"AOML_FBBB","13",NA,"Nitrate",NA,NA,25.1124,-81.09692,NA
"4441",96483,"AOML_FBBB","14",NA,"Nitrate",NA,NA,25.0355,-81.0295,NA
"4442",96498,"AOML_FBBB","15",NA,"Nitrate",NA,NA,24.93178,-80.94944,NA
"4443",96513,"AOML_FBBB","16",NA,"Nitrate",NA,NA,24.87648,-80.83186,NA
"4444",96528,"AOML_FBBB","17",NA,"Nitrate",NA,NA,24.92232,-80.709,NA
"4445",96543,"AOML_FBBB","18",NA,"Nitrate",NA,NA,24.9766,-80.61144,NA
"4446",96558,"AOML_FBBB","19",NA,"Nitrate",NA,NA,25.0193,-80.54734,NA
"4447",96573,"AOML_FBBB","20",NA,"Nitrate",NA,NA,25.06668,-80.49268,NA
"4448",96588,"AOML_FBBB","21",NA,"Nitrate",NA,NA,25.11216,-80.51444,NA
"4449",96603,"AOML_FBBB","22",NA,"Nitrate",NA,NA,25.09884,-80.6025,NA
"4450",96618,"AOML_FBBB","23",NA,"Nitrate",NA,NA,25.055,-80.6247,NA
"4451",96633,"AOML_FBBB","24",NA,"Nitrate",NA,NA,25.0627,-80.66628,NA
"4452",96648,"AOML_FBBB","25",NA,"Nitrate",NA,NA,25.0608,-80.7156,NA
"4453",96663,"AOML_FBBB","26",NA,"Nitrate",NA,NA,25.02384,-80.72184,NA
"4454",96678,"AOML_FBBB","27",NA,"Nitrate",NA,NA,25.00492,-80.74882,NA
"4455",96693,"AOML_FBBB","28",NA,"Nitrate",NA,NA,25.0005,-80.78514,NA
"4456",96708,"AOML_FBBB","29",NA,"Nitrate",NA,NA,24.9975,-80.81034,NA
"4457",96723,"AOML_FBBB","30",NA,"Nitrate",NA,NA,24.9755,-80.83534,NA
"4458",96738,"AOML_FBBB","31",NA,"Nitrate",NA,NA,25.01096,-80.86834,NA
"4459",96753,"AOML_FBBB","32",NA,"Nitrate",NA,NA,25.0106,-80.9259,NA
"4460",96768,"AOML_FBBB","33",NA,"Nitrate",NA,NA,25.05234,-80.92,NA
"4461",96783,"AOML_FBBB","34",NA,"Nitrate",NA,NA,24.98904,-80.9541,NA
"4462",96798,"AOML_FBBB","35",NA,"Nitrate",NA,NA,24.97122,-80.8795,NA
"4463",96813,"AOML_FBBB","36",NA,"Nitrate",NA,NA,24.95916,-80.792,NA
"4464",96828,"AOML_FBBB","37",NA,"Nitrate",NA,NA,24.93104,-80.7608,NA
"4465",96843,"AOML_FBBB","38",NA,"Nitrate",NA,NA,24.98516,-80.6977,NA
"4466",96858,"AOML_FBBB","39",NA,"Nitrate",NA,NA,25.0075,-80.6462,NA
"4467",96873,"AOML_FBBB","40",NA,"Nitrate",NA,NA,25.01682,-80.59836,NA
"4468",96888,"AOML_FBBB","B1",NA,"Nitrate",NA,NA,25.73734,-80.18234,NA
"4469",96903,"AOML_FBBB","B10",NA,"Nitrate",NA,NA,25.2974,-80.36044,NA
"4470",96918,"AOML_FBBB","B11",NA,"Nitrate",NA,NA,25.23818,-80.37684,NA
"4471",96933,"AOML_FBBB","B12",NA,"Nitrate",NA,NA,25.2555,-80.42294,NA
"4472",96948,"AOML_FBBB","B13",NA,"Nitrate",NA,NA,25.17582,-80.42286,NA
"4473",96963,"AOML_FBBB","B2",NA,"Nitrate",NA,NA,25.6904,-80.2473,NA
"4474",96978,"AOML_FBBB","B3",NA,"Nitrate",NA,NA,25.654,-80.26384,NA
"4475",96993,"AOML_FBBB","B4",NA,"Nitrate",NA,NA,25.59094,-80.26418,NA
"4476",97008,"AOML_FBBB","B5",NA,"Nitrate",NA,NA,25.53016,-80.31456,NA
"4477",97023,"AOML_FBBB","B6",NA,"Nitrate",NA,NA,25.49246,-80.25312,NA
"4478",97038,"AOML_FBBB","B7",NA,"Nitrate",NA,NA,25.46296,-80.32722,NA
"4479",97053,"AOML_FBBB","B8",NA,"Nitrate",NA,NA,25.4045,-80.2435,NA
"4480",97068,"AOML_FBBB","B9",NA,"Nitrate",NA,NA,25.33322,-80.32118,NA
"4481",97083,"AOML_FBBB","1",NA,"Nitrate",NA,NA,25.18434,-80.4967,NA
"4482",97098,"AOML_FBBB","2",NA,"Nitrate",NA,NA,25.1675,-80.56068,NA
"4483",97113,"AOML_FBBB","3",NA,"Nitrate",NA,NA,25.15,-80.6213,NA
"4484",97128,"AOML_FBBB","4",NA,"Nitrate",NA,NA,25.13164,-80.6794,NA
"4485",97143,"AOML_FBBB","5",NA,"Nitrate",NA,NA,25.116,-80.71834,NA
"4486",97158,"AOML_FBBB","6",NA,"Nitrate",NA,NA,25.06906,-80.76026,NA
"4487",97173,"AOML_FBBB","7",NA,"Nitrate",NA,NA,25.11686,-80.79336,NA
"4488",97188,"AOML_FBBB","8",NA,"Nitrate",NA,NA,25.1285,-80.86454,NA
"4489",97203,"AOML_FBBB","9",NA,"Nitrate",NA,NA,25.126,-80.90608,NA
"4490",97218,"AOML_FBBB","10",NA,"Nitrate",NA,NA,25.11014,-80.99602,NA
"4491",97233,"AOML_FBBB","11",NA,"Nitrate",NA,NA,25.07416,-81.00186,NA
"4492",97248,"AOML_FBBB","12",NA,"Nitrate",NA,NA,25.11216,-81.0649,NA
"4493",97263,"AOML_FBBB","13",NA,"Nitrate",NA,NA,25.1116,-81.0956,NA
"4494",97278,"AOML_FBBB","14",NA,"Nitrate",NA,NA,25.03546,-81.02382,NA
"4495",97293,"AOML_FBBB","15",NA,"Nitrate",NA,NA,24.93138,-80.94818,NA
"4496",97308,"AOML_FBBB","16",NA,"Nitrate",NA,NA,24.87532,-80.83104,NA
"4497",97323,"AOML_FBBB","17",NA,"Nitrate",NA,NA,24.9211,-80.70944,NA
"4498",97338,"AOML_FBBB","18",NA,"Nitrate",NA,NA,24.977,-80.61068,NA
"4499",97353,"AOML_FBBB","19",NA,"Nitrate",NA,NA,25.01882,-80.54886,NA
"4500",97368,"AOML_FBBB","20",NA,"Nitrate",NA,NA,25.067,-80.49268,NA
"4501",97383,"AOML_FBBB","21",NA,"Nitrate",NA,NA,25.11222,-80.51476,NA
"4502",97398,"AOML_FBBB","22",NA,"Nitrate",NA,NA,25.0995,-80.6038,NA
"4503",97413,"AOML_FBBB","23",NA,"Nitrate",NA,NA,25.0553,-80.6247,NA
"4504",97428,"AOML_FBBB","24",NA,"Nitrate",NA,NA,25.0635,-80.6671,NA
"4505",97443,"AOML_FBBB","25",NA,"Nitrate",NA,NA,25.06108,-80.71702,NA
"4506",97458,"AOML_FBBB","26",NA,"Nitrate",NA,NA,25.02332,-80.72236,NA
"4507",97473,"AOML_FBBB","27",NA,"Nitrate",NA,NA,25.0055,-80.74936,NA
"4508",97488,"AOML_FBBB","28",NA,"Nitrate",NA,NA,25.00046,-80.78502,NA
"4509",97503,"AOML_FBBB","29",NA,"Nitrate",NA,NA,24.99818,-80.81034,NA
"4510",97518,"AOML_FBBB","30",NA,"Nitrate",NA,NA,24.9755,-80.8347,NA
"4511",97533,"AOML_FBBB","31",NA,"Nitrate",NA,NA,25.011,-80.868,NA
"4512",97548,"AOML_FBBB","32",NA,"Nitrate",NA,NA,25.01068,-80.92634,NA
"4513",97563,"AOML_FBBB","33",NA,"Nitrate",NA,NA,25.05248,-80.9193,NA
"4514",97578,"AOML_FBBB","34",NA,"Nitrate",NA,NA,24.98804,-80.95512,NA
"4515",97593,"AOML_FBBB","35",NA,"Nitrate",NA,NA,24.97084,-80.87996,NA
"4516",97608,"AOML_FBBB","36",NA,"Nitrate",NA,NA,24.96002,-80.79328,NA
"4517",97623,"AOML_FBBB","37",NA,"Nitrate",NA,NA,24.93232,-80.762,NA
"4518",97638,"AOML_FBBB","38",NA,"Nitrate",NA,NA,24.98484,-80.6985,NA
"4519",97653,"AOML_FBBB","39",NA,"Nitrate",NA,NA,25.00714,-80.64686,NA
"4520",97668,"AOML_FBBB","40",NA,"Nitrate",NA,NA,25.0172,-80.59802,NA
"4521",97683,"AOML_FBBB","B14",NA,"Nitrate",NA,NA,25.4669,-80.21302,NA
"4522",97698,"AOML_FBBB","20",NA,"Nitrate",NA,NA,25.06764,-80.4925,NA
"4523",97713,"AOML_FBBB","B1",NA,"Nitrate",NA,NA,25.7385,-80.18234,NA
"4524",97728,"AOML_FBBB","B10",NA,"Nitrate",NA,NA,25.29642,-80.36092,NA
"4525",97743,"AOML_FBBB","B11",NA,"Nitrate",NA,NA,25.23832,-80.3671,NA
"4526",97758,"AOML_FBBB","B12",NA,"Nitrate",NA,NA,25.25482,-80.4226,NA
"4527",97773,"AOML_FBBB","B13",NA,"Nitrate",NA,NA,25.17566,-80.42334,NA
"4528",97788,"AOML_FBBB","B2",NA,"Nitrate",NA,NA,25.6903,-80.24824,NA
"4529",97803,"AOML_FBBB","B3",NA,"Nitrate",NA,NA,25.65466,-80.26384,NA
"4530",97818,"AOML_FBBB","B4",NA,"Nitrate",NA,NA,25.5898,-80.26518,NA
"4531",97833,"AOML_FBBB","B5",NA,"Nitrate",NA,NA,25.52998,-80.3147,NA
"4532",97848,"AOML_FBBB","B6",NA,"Nitrate",NA,NA,25.492,-80.25152,NA
"4533",97863,"AOML_FBBB","B7",NA,"Nitrate",NA,NA,25.463,-80.32618,NA
"4534",97878,"AOML_FBBB","B8",NA,"Nitrate",NA,NA,25.40434,-80.2437,NA
"4535",97893,"AOML_FBBB","B9",NA,"Nitrate",NA,NA,25.333,-80.321,NA
"4536",97908,"AOML_FBBB","1",NA,"Nitrate",NA,NA,25.18372,-80.49578,NA
"4537",97923,"AOML_FBBB","2",NA,"Nitrate",NA,NA,25.167,-80.5617,NA
"4538",97938,"AOML_FBBB","3",NA,"Nitrate",NA,NA,25.1495,-80.62086,NA
"4539",97953,"AOML_FBBB","4",NA,"Nitrate",NA,NA,25.13244,-80.6787,NA
"4540",97968,"AOML_FBBB","5",NA,"Nitrate",NA,NA,25.11582,-80.71832,NA
"4541",97983,"AOML_FBBB","6",NA,"Nitrate",NA,NA,25.06914,-80.7595,NA
"4542",97998,"AOML_FBBB","7",NA,"Nitrate",NA,NA,25.1167,-80.79312,NA
"4543",98013,"AOML_FBBB","8",NA,"Nitrate",NA,NA,25.12732,-80.86332,NA
"4544",98028,"AOML_FBBB","9",NA,"Nitrate",NA,NA,25.12682,-80.90608,NA
"4545",98043,"AOML_FBBB","10",NA,"Nitrate",NA,NA,25.11132,-80.99728,NA
"4546",98058,"AOML_FBBB","11",NA,"Nitrate",NA,NA,25.07432,-81.00036,NA
"4547",98073,"AOML_FBBB","12",NA,"Nitrate",NA,NA,25.11284,-81.0657,NA
"4548",98088,"AOML_FBBB","13",NA,"Nitrate",NA,NA,25.1126,-81.097,NA
"4549",98103,"AOML_FBBB","14",NA,"Nitrate",NA,NA,25.03482,-81.02868,NA
"4550",98118,"AOML_FBBB","15",NA,"Nitrate",NA,NA,24.9313,-80.94844,NA
"4551",98133,"AOML_FBBB","16",NA,"Nitrate",NA,NA,24.87508,-80.83084,NA
"4552",98148,"AOML_FBBB","17",NA,"Nitrate",NA,NA,24.92208,-80.70864,NA
"4553",98163,"AOML_FBBB","18",NA,"Nitrate",NA,NA,24.97584,-80.61136,NA
"4554",98178,"AOML_FBBB","19",NA,"Nitrate",NA,NA,25.01866,-80.54782,NA
"4555",98193,"AOML_FBBB","34",NA,"Nitrate",NA,NA,24.9884,-80.9502,NA
"4556",98208,"AOML_FBBB","21",NA,"Nitrate",NA,NA,25.112,-80.51466,NA
"4557",98223,"AOML_FBBB","22",NA,"Nitrate",NA,NA,25.09934,-80.60354,NA
"4558",98238,"AOML_FBBB","23",NA,"Nitrate",NA,NA,25.0554,-80.62418,NA
"4559",98253,"AOML_FBBB","24",NA,"Nitrate",NA,NA,25.06284,-80.6665,NA
"4560",98268,"AOML_FBBB","25",NA,"Nitrate",NA,NA,25.05976,-80.71686,NA
"4561",98283,"AOML_FBBB","26",NA,"Nitrate",NA,NA,25.02332,-80.72198,NA
"4562",98298,"AOML_FBBB","27",NA,"Nitrate",NA,NA,25.00526,-80.7491,NA
"4563",98313,"AOML_FBBB","28",NA,"Nitrate",NA,NA,25.00036,-80.78452,NA
"4564",98328,"AOML_FBBB","29",NA,"Nitrate",NA,NA,24.99736,-80.81042,NA
"4565",98343,"AOML_FBBB","30",NA,"Nitrate",NA,NA,24.97546,-80.83418,NA
"4566",98358,"AOML_FBBB","31",NA,"Nitrate",NA,NA,25.01114,-80.86888,NA
"4567",98373,"AOML_FBBB","32",NA,"Nitrate",NA,NA,25.01132,-80.92602,NA
"4568",98388,"AOML_FBBB","33",NA,"Nitrate",NA,NA,25.05272,-80.9194,NA
"4569",98403,"AOML_FBBB","35",NA,"Nitrate",NA,NA,24.97082,-80.87984,NA
"4570",98418,"AOML_FBBB","36",NA,"Nitrate",NA,NA,24.95916,-80.79286,NA
"4571",98433,"AOML_FBBB","37",NA,"Nitrate",NA,NA,24.93182,-80.76168,NA
"4572",98448,"AOML_FBBB","38",NA,"Nitrate",NA,NA,24.9856,-80.6985,NA
"4573",98463,"AOML_FBBB","39",NA,"Nitrate",NA,NA,25.0078,-80.6465,NA
"4574",98478,"AOML_FBBB","40",NA,"Nitrate",NA,NA,25.01686,-80.59852,NA
"4575",98493,"AOML_FBBB","B14",NA,"Nitrate",NA,NA,25.46656,-80.21318,NA
"4576",98508,"AOML_FBBB","B15",NA,"Nitrate",NA,NA,25.5789,-80.1985,NA
"4577",98523,"AOML_FBBB","B16",NA,"Nitrate",NA,NA,25.66084,-80.18818,NA
"4578",98538,"AOML_FBBB","20",NA,"Nitrate",1.06589803393527,NA,25.0668,-80.49262,NA
"4579",98553,"AOML_FBBB","B1",NA,"Nitrate",0.130435145585037,NA,25.7388,-80.1832,NA
"4580",98568,"AOML_FBBB","B10",NA,"Nitrate",1.00121262544967,NA,25.29718,-80.36118,NA
"4581",98583,"AOML_FBBB","B11",NA,"Nitrate",0.228763786574055,NA,25.2387,-80.37568,NA
"4582",98598,"AOML_FBBB","B12",NA,"Nitrate",0.333498866433952,NA,25.2556,-80.42226,NA
"4583",98613,"AOML_FBBB","B13",NA,"Nitrate",0.535929204245761,NA,25.1759,-80.423,NA
"4584",98628,"AOML_FBBB","B2",NA,"Nitrate",0.612717255130887,NA,25.69032,-80.24784,NA
"4585",98643,"AOML_FBBB","B3",NA,"Nitrate",1.15610025442563,NA,25.65434,-80.26336,NA
"4586",98658,"AOML_FBBB","B4",NA,"Nitrate",0.630582043820711,NA,25.59159,-80.2636,NA
"4587",98673,"AOML_FBBB","B5",NA,"Nitrate",0.61102451802552,NA,25.52992,-80.3138,NA
"4588",98688,"AOML_FBBB","B6",NA,"Nitrate",0.522126673501923,NA,25.49216,-80.25184,NA
"4589",98703,"AOML_FBBB","B7",NA,"Nitrate",0.345516289048378,NA,25.46304,-80.32502,NA
"4590",98718,"AOML_FBBB","B8",NA,"Nitrate",0.626433477742943,NA,25.40528,-80.24328,NA
"4591",98733,"AOML_FBBB","B9",NA,"Nitrate",0.440340656540214,NA,25.33342,-80.32118,NA
"4592",98748,"AOML_FBBB","1",NA,"Nitrate",1.74938335761232,NA,25.1844,-80.4963,NA
"4593",98763,"AOML_FBBB","2",NA,"Nitrate",0.200391565372512,NA,25.1676,-80.56146,NA
"4594",98778,"AOML_FBBB","3",NA,"Nitrate",0.315366110956363,NA,25.15032,-80.62024,NA
"4595",98793,"AOML_FBBB","4",NA,"Nitrate",0.125717375972691,NA,25.1323,-80.67952,NA
"4596",98808,"AOML_FBBB","5",NA,"Nitrate",0.17352374911843,NA,25.11582,-80.7192,NA
"4597",98823,"AOML_FBBB","6",NA,"Nitrate",0.279806973146924,NA,25.07,-80.75908,NA
"4598",98838,"AOML_FBBB","7",NA,"Nitrate",0.211628510249921,NA,25.11664,-80.79322,NA
"4599",98853,"AOML_FBBB","8",NA,"Nitrate",0.683386617674077,NA,25.12768,-80.86362,NA
"4600",98868,"AOML_FBBB","9",NA,"Nitrate",1.46127572863637,NA,25.12676,-80.90526,NA
"4601",98883,"AOML_FBBB","10",NA,"Nitrate",0.302431078449384,NA,25.1117,-80.99582,NA
"4602",98898,"AOML_FBBB","11",NA,"Nitrate",0.318155033218161,NA,25.0748,-81.00002,NA
"4603",98913,"AOML_FBBB","12",NA,"Nitrate",0.555229982338962,NA,25.11284,-81.06584,NA
"4604",98928,"AOML_FBBB","13",NA,"Nitrate",0.330864630392395,NA,25.11286,-81.0963,NA
"4605",98943,"AOML_FBBB","14",NA,"Nitrate",0.153003814843569,NA,25.03446,-81.02818,NA
"4606",98958,"AOML_FBBB","15",NA,"Nitrate",0.150876467140393,NA,24.93148,-80.9487,NA
"4607",98973,"AOML_FBBB","16",NA,"Nitrate",0.154898538519436,NA,24.87518,-80.83074,NA
"4608",98988,"AOML_FBBB","17",NA,"Nitrate",1.61853396679962,NA,24.92216,-80.70884,NA
"4609",99003,"AOML_FBBB","18",NA,"Nitrate",0,NA,24.97772,-80.61118,NA
"4610",99018,"AOML_FBBB","19",NA,"Nitrate",0.515272137815365,NA,25.01916,-80.54868,NA
"4611",99033,"AOML_FBBB","34",NA,"Nitrate",0.0964310685520912,NA,24.98834,-80.95602,NA
"4612",99048,"AOML_FBBB","21",NA,"Nitrate",0,NA,25.1131,-80.51454,NA
"4613",99063,"AOML_FBBB","22",NA,"Nitrate",0,NA,25.10004,-80.60364,NA
"4614",99078,"AOML_FBBB","23",NA,"Nitrate",0,NA,25.0556,-80.62438,NA
"4615",99093,"AOML_FBBB","24",NA,"Nitrate",0,NA,25.0635,-80.6665,NA
"4616",99108,"AOML_FBBB","25",NA,"Nitrate",0.168268763253187,NA,25.06016,-80.71708,NA
"4617",99123,"AOML_FBBB","26",NA,"Nitrate",0.158015539224692,NA,25.02416,-80.72184,NA
"4618",99138,"AOML_FBBB","27",NA,"Nitrate",0,NA,25.00568,-80.749,NA
"4619",99153,"AOML_FBBB","28",NA,"Nitrate",0.179100881273965,NA,25.00084,-80.78486,NA
"4620",99168,"AOML_FBBB","29",NA,"Nitrate",0.0918097378106239,NA,24.9984,-80.8112,NA
"4621",99183,"AOML_FBBB","30",NA,"Nitrate",0.192649878447014,NA,24.97556,-80.8353,NA
"4622",99198,"AOML_FBBB","31",NA,"Nitrate",0.0489537583045403,NA,25.01096,-80.86878,NA
"4623",99213,"AOML_FBBB","32",NA,"Nitrate",0.0851706749124356,NA,25.01184,-80.9257,NA
"4624",99228,"AOML_FBBB","33",NA,"Nitrate",0.0976573759726906,NA,25.05416,-80.92,NA
"4625",99243,"AOML_FBBB","35",NA,"Nitrate",0,NA,24.97146,-80.87908,NA
"4626",99258,"AOML_FBBB","36",NA,"Nitrate",0.0924916402837619,NA,24.95956,-80.79336,NA
"4627",99273,"AOML_FBBB","37",NA,"Nitrate",0.103937048058175,NA,24.93252,-80.76138,NA
"4628",99288,"AOML_FBBB","38",NA,"Nitrate",0,NA,24.98566,-80.69752,NA
"4629",99303,"AOML_FBBB","39",NA,"Nitrate",0.10925716042505,NA,25.0079,-80.64668,NA
"4630",99318,"AOML_FBBB","40",NA,"Nitrate",0.167761602828137,NA,25.01716,-80.59868,NA
"4631",99333,"AOML_FBBB","B14",NA,"Nitrate",0.623436092584142,NA,25.468,-80.2135,NA
"4632",99348,"AOML_FBBB","B15",NA,"Nitrate",0.270249447351733,NA,25.58016,-80.19844,NA
"4633",99363,"AOML_FBBB","B16",NA,"Nitrate",0.620407704598389,NA,25.66196,-80.18734,NA
"4634",99378,"AOML_FBBB","B1",NA,"Nitrate",1.023,NA,25.73794,-80.18334,NA
"4635",99393,"AOML_FBBB","B10",NA,"Nitrate",0,NA,25.29582,-80.36084,NA
"4636",99408,"AOML_FBBB","B11",NA,"Nitrate",0,NA,25.23882,-80.37568,NA
"4637",99423,"AOML_FBBB","B12",NA,"Nitrate",0,NA,25.2555,-80.42286,NA
"4638",99438,"AOML_FBBB","B13",NA,"Nitrate",0.0660000000000001,NA,25.176,-80.4225,NA
"4639",99453,"AOML_FBBB","B2",NA,"Nitrate",0.209,NA,25.69032,-80.24818,NA
"4640",99468,"AOML_FBBB","B3",NA,"Nitrate",0.613,NA,25.65354,-80.26332,NA
"4641",99483,"AOML_FBBB","B4",NA,"Nitrate",0.003,NA,25.5921,-80.26444,NA
"4642",99498,"AOML_FBBB","B5",NA,"Nitrate",5.505,NA,25.52974,-80.31304,NA
"4643",99513,"AOML_FBBB","B6",NA,"Nitrate",0.407,NA,25.49326,-80.25124,NA
"4644",99528,"AOML_FBBB","B7",NA,"Nitrate",3.364,NA,25.46314,-80.324,NA
"4645",99543,"AOML_FBBB","B8",NA,"Nitrate",0.476,NA,25.40488,-80.24282,NA
"4646",99558,"AOML_FBBB","B9",NA,"Nitrate",0.046,NA,25.3336,-80.3215,NA
"4647",99573,"AOML_FBBB","1",NA,"Nitrate",2.268,NA,25.1836,-80.4964,NA
"4648",99588,"AOML_FBBB","2",NA,"Nitrate",0.285,NA,25.16772,-80.5617,NA
"4649",99603,"AOML_FBBB","3",NA,"Nitrate",0,NA,25.14982,-80.6205,NA
"4650",99618,"AOML_FBBB","4",NA,"Nitrate",0,NA,25.13226,-80.67918,NA
"4651",99633,"AOML_FBBB","5",NA,"Nitrate",0,NA,25.11664,-80.71868,NA
"4652",99648,"AOML_FBBB","6",NA,"Nitrate",NA,NA,25.06846,-80.76002,NA
"4653",99663,"AOML_FBBB","7",NA,"Nitrate",NA,NA,25.11662,-80.79312,NA
"4654",99678,"AOML_FBBB","8",NA,"Nitrate",0,NA,25.128,-80.86384,NA
"4655",99693,"AOML_FBBB","9",NA,"Nitrate",0.208,NA,25.12664,-80.90608,NA
"4656",99708,"AOML_FBBB","10",NA,"Nitrate",1.133,NA,25.1118,-80.99684,NA
"4657",99723,"AOML_FBBB","11",NA,"Nitrate",NA,NA,25.0751,-81.00074,NA
"4658",99738,"AOML_FBBB","12",NA,"Nitrate",0.989,NA,25.1136,-81.06492,NA
"4659",99753,"AOML_FBBB","13",NA,"Nitrate",0,NA,25.1129,-81.09752,NA
"4660",99768,"AOML_FBBB","14",NA,"Nitrate",0,NA,25.0365,-81.03034,NA
"4661",99783,"AOML_FBBB","15",NA,"Nitrate",0,NA,24.93202,-80.94834,NA
"4662",99798,"AOML_FBBB","16",NA,"Nitrate",0,NA,24.87488,-80.83218,NA
"4663",99813,"AOML_FBBB","17",NA,"Nitrate",NA,NA,24.922,-80.709,NA
"4664",99828,"AOML_FBBB","18",NA,"Nitrate",2.491,NA,24.97678,-80.61158,NA
"4665",99843,"AOML_FBBB","19",NA,"Nitrate",0,NA,25.01882,-80.54814,NA
"4666",99858,"AOML_FBBB","20",NA,"Nitrate",0.728,NA,25.06718,-80.49234,NA
"4667",99873,"AOML_FBBB","21",NA,"Nitrate",1.535,NA,25.1134,-80.5156,NA
"4668",99888,"AOML_FBBB","22",NA,"Nitrate",0.587,NA,25.10034,-80.6027,NA
"4669",99903,"AOML_FBBB","23",NA,"Nitrate",0,NA,25.05508,-80.62484,NA
"4670",99918,"AOML_FBBB","21",NA,"Nitrate",1.436,NA,25.11222,-80.515,NA
"4671",99933,"AOML_FBBB","22",NA,"Nitrate",0.704,NA,25.0988,-80.6035,NA
"4672",99948,"AOML_FBBB","23",NA,"Nitrate",0.237,NA,25.0551,-80.62396,NA
"4673",99963,"AOML_FBBB","24",NA,"Nitrate",0.698,NA,25.06316,-80.6671,NA
"4674",99978,"AOML_FBBB","25",NA,"Nitrate",0.757,NA,25.06016,-80.71668,NA
"4675",99993,"AOML_FBBB","26",NA,"Nitrate",0.633,NA,25.02334,-80.72236,NA
"4676",100008,"AOML_FBBB","27",NA,"Nitrate",1.002,NA,25.00568,-80.75052,NA
"4677",100023,"AOML_FBBB","28",NA,"Nitrate",0.395,NA,25.00066,-80.7845,NA
"4678",100038,"AOML_FBBB","29",NA,"Nitrate",0.527,NA,24.9975,-80.81034,NA
"4679",100053,"AOML_FBBB","30",NA,"Nitrate",0.396,NA,24.9765,-80.83418,NA
"4680",100068,"AOML_FBBB","31",NA,"Nitrate",0.69,NA,25.01046,-80.868,NA
"4681",100083,"AOML_FBBB","32",NA,"Nitrate",0.08,NA,25.0107,-80.92584,NA
"4682",100098,"AOML_FBBB","33",NA,"Nitrate",0.275,NA,25.05264,-80.91952,NA
"4683",100113,"AOML_FBBB","34",NA,"Nitrate",0,NA,24.98856,-80.95568,NA
"4684",100128,"AOML_FBBB","35",NA,"Nitrate",0.675,NA,24.97182,-80.87834,NA
"4685",100143,"AOML_FBBB","36",NA,"Nitrate",0.541,NA,24.9585,-80.79084,NA
"4686",100158,"AOML_FBBB","37",NA,"Nitrate",1.302,NA,24.932,-80.761,NA
"4687",100173,"AOML_FBBB","38",NA,"Nitrate",0.471,NA,24.98614,-80.69808,NA
"4688",100188,"AOML_FBBB","39",NA,"Nitrate",0.556,NA,25.0077,-80.64618,NA
"4689",100203,"AOML_FBBB","40",NA,"Nitrate",0.68,NA,25.01666,-80.59818,NA
"4690",100218,"AOML_FBBB","B15",NA,"Nitrate",0,NA,25.58,-80.1982,NA
"4691",100233,"AOML_FBBB","B16",NA,"Nitrate",0,NA,25.663,-80.18818,NA
"4692",100248,"AOML_FBBB","B1",NA,"Nitrate",0.387,NA,25.73882,-80.18374,NA
"4693",100263,"AOML_FBBB","B10",NA,"Nitrate",0.262,NA,25.29618,-80.3611,NA
"4694",100278,"AOML_FBBB","B11",NA,"Nitrate",0.125,NA,25.239,-80.37652,NA
"4695",100293,"AOML_FBBB","B12",NA,"Nitrate",0.193,NA,25.255,-80.42272,NA
"4696",100308,"AOML_FBBB","B13",NA,"Nitrate",1.232,NA,25.17562,-80.42232,NA
"4697",100323,"AOML_FBBB","B14",NA,"Nitrate",0.3,NA,25.4665,-80.21234,NA
"4698",100338,"AOML_FBBB","B15",NA,"Nitrate",0.02,NA,25.58,-80.19834,NA
"4699",100353,"AOML_FBBB","B16",NA,"Nitrate",0.861,NA,25.663,-80.18818,NA
"4700",100368,"AOML_FBBB","B2",NA,"Nitrate",0.504,NA,25.69068,-80.24856,NA
"4701",100383,"AOML_FBBB","B3",NA,"Nitrate",0.525,NA,25.654,-80.26384,NA
"4702",100398,"AOML_FBBB","B4",NA,"Nitrate",0.206,NA,25.5895,-80.26344,NA
"4703",100413,"AOML_FBBB","B5",NA,"Nitrate",6.198,NA,25.53,-80.31402,NA
"4704",100428,"AOML_FBBB","B6",NA,"Nitrate",0.425,NA,25.49284,-80.25284,NA
"4705",100443,"AOML_FBBB","B7",NA,"Nitrate",0.243,NA,25.4631,-80.32596,NA
"4706",100458,"AOML_FBBB","B8",NA,"Nitrate",0.201,NA,25.4046,-80.24192,NA
"4707",100473,"AOML_FBBB","B9",NA,"Nitrate",0.549,NA,25.3338,-80.32118,NA
"4708",100488,"AOML_FBBB","1",NA,"Nitrate",1.973,NA,25.18298,-80.49636,NA
"4709",100503,"AOML_FBBB","2",NA,"Nitrate",0.026,NA,25.16616,-80.56218,NA
"4710",100518,"AOML_FBBB","3",NA,"Nitrate",0,NA,25.14966,-80.62034,NA
"4711",100533,"AOML_FBBB","4",NA,"Nitrate",0,NA,25.13284,-80.67858,NA
"4712",100548,"AOML_FBBB","5",NA,"Nitrate",0,NA,25.11566,-80.71814,NA
"4713",100563,"AOML_FBBB","6",NA,"Nitrate",0.464,NA,25.07044,-80.7594,NA
"4714",100578,"AOML_FBBB","7",NA,"Nitrate",0,NA,25.1162,-80.79276,NA
"4715",100593,"AOML_FBBB","8",NA,"Nitrate",0.027,NA,25.12784,-80.86388,NA
"4716",100608,"AOML_FBBB","9",NA,"Nitrate",0.088,NA,25.12666,-80.90706,NA
"4717",100623,"AOML_FBBB","10",NA,"Nitrate",0,NA,25.11104,-80.99744,NA
"4718",100638,"AOML_FBBB","11",NA,"Nitrate",0,NA,25.07432,-81.00068,NA
"4719",100653,"AOML_FBBB","12",NA,"Nitrate",0,NA,25.11294,-81.0655,NA
"4720",100668,"AOML_FBBB","13",NA,"Nitrate",0,NA,25.11218,-81.09616,NA
"4721",100683,"AOML_FBBB","14",NA,"Nitrate",0,NA,25.03492,-81.02918,NA
"4722",100698,"AOML_FBBB","15",NA,"Nitrate",0,NA,24.9316,-80.94918,NA
"4723",100713,"AOML_FBBB","16",NA,"Nitrate",0,NA,24.87476,-80.83132,NA
"4724",100728,"AOML_FBBB","17",NA,"Nitrate",2.059,NA,24.92182,-80.70952,NA
"4725",100743,"AOML_FBBB","18",NA,"Nitrate",2.95,NA,24.97668,-80.61136,NA
"4726",100758,"AOML_FBBB","19",NA,"Nitrate",1.868,NA,25.01916,-80.54886,NA
"4727",100773,"AOML_FBBB","20",NA,"Nitrate",0.404,NA,25.06596,-80.4925,NA
"4728",100788,"AOML_FBBB","21",NA,"Nitrate",0.788,NA,25.11332,-80.51548,NA
"4729",100803,"AOML_FBBB","22",NA,"Nitrate",1.512,NA,25.1,-80.60318,NA
"4730",100818,"AOML_FBBB","23",NA,"Nitrate",0.084,NA,25.0554,-80.6245,NA
"4731",100833,"AOML_FBBB","24",NA,"Nitrate",0.123,NA,25.0627,-80.66632,NA
"4732",100848,"AOML_FBBB","25",NA,"Nitrate",0.347,NA,25.06012,-80.71668,NA
"4733",100863,"AOML_FBBB","26",NA,"Nitrate",0.237,NA,25.02384,-80.72212,NA
"4734",100878,"AOML_FBBB","27",NA,"Nitrate",0.23,NA,25.006,-80.74906,NA
"4735",100893,"AOML_FBBB","28",NA,"Nitrate",0.085,NA,25.0005,-80.78472,NA
"4736",100908,"AOML_FBBB","29",NA,"Nitrate",0.086,NA,24.99742,-80.81086,NA
"4737",100923,"AOML_FBBB","30",NA,"Nitrate",0.024,NA,24.97566,-80.8347,NA
"4738",100938,"AOML_FBBB","31",NA,"Nitrate",0,NA,25.01068,-80.86868,NA
"4739",100953,"AOML_FBBB","32",NA,"Nitrate",0.109,NA,25.0103,-80.9264,NA
"4740",100968,"AOML_FBBB","33",NA,"Nitrate",0,NA,25.05334,-80.91848,NA
"4741",100983,"AOML_FBBB","34",NA,"Nitrate",0,NA,24.98814,-80.95582,NA
"4742",100998,"AOML_FBBB","35",NA,"Nitrate",0.005,NA,24.97122,-80.88038,NA
"4743",101013,"AOML_FBBB","36",NA,"Nitrate",0.051,NA,24.95932,-80.79352,NA
"4744",101028,"AOML_FBBB","37",NA,"Nitrate",0.154,NA,24.93282,-80.7615,NA
"4745",101043,"AOML_FBBB","38",NA,"Nitrate",0.111,NA,24.985,-80.69784,NA
"4746",101058,"AOML_FBBB","39",NA,"Nitrate",0.203,NA,25.0084,-80.64654,NA
"4747",101073,"AOML_FBBB","40",NA,"Nitrate",0.079,NA,25.0162,-80.59808,NA
"4748",101088,"AOML_FBBB","B1",NA,"Nitrate",1.14,NA,25.73898,-80.18402,NA
"4749",101103,"AOML_FBBB","B10",NA,"Nitrate",0,NA,25.29718,-80.36062,NA
"4750",101118,"AOML_FBBB","B11",NA,"Nitrate",0,NA,25.23834,-80.37622,NA
"4751",101133,"AOML_FBBB","B12",NA,"Nitrate",NA,NA,25.255,-80.42252,NA
"4752",101148,"AOML_FBBB","B13",NA,"Nitrate",0.142,NA,25.1755,-80.42168,NA
"4753",101163,"AOML_FBBB","B14",NA,"Nitrate",0,NA,25.46634,-80.21318,NA
"4754",101178,"AOML_FBBB","B15",NA,"Nitrate",0.082,NA,25.57946,-80.19828,NA
"4755",101193,"AOML_FBBB","B16",NA,"Nitrate",0.514,NA,25.66122,-80.1876,NA
"4756",101208,"AOML_FBBB","B2",NA,"Nitrate",5.642,NA,25.69068,-80.248,NA
"4757",101223,"AOML_FBBB","B3",NA,"Nitrate",3.468,NA,25.65458,-80.26418,NA
"4758",101238,"AOML_FBBB","B4",NA,"Nitrate",0.337,NA,25.5898,-80.26458,NA
"4759",101253,"AOML_FBBB","B5",NA,"Nitrate",21.367,NA,25.5303,-80.31504,NA
"4760",101268,"AOML_FBBB","B6",NA,"Nitrate",0.749,NA,25.4928,-80.25184,NA
"4761",101283,"AOML_FBBB","B7",NA,"Nitrate",0,NA,25.4631,-80.32586,NA
"4762",101298,"AOML_FBBB","B8",NA,"Nitrate",0.079,NA,25.40518,-80.24362,NA
"4763",101313,"AOML_FBBB","B9",NA,"Nitrate",0.243,NA,25.33298,-80.321,NA
"4764",101328,"AOML_FBBB","1",NA,"Nitrate",1.224,NA,25.18384,-80.49694,NA
"4765",101343,"AOML_FBBB","2",NA,"Nitrate",0.183,NA,25.16712,-80.5617,NA
"4766",101358,"AOML_FBBB","3",NA,"Nitrate",0.147,NA,25.14966,-80.62102,NA
"4767",101373,"AOML_FBBB","4",NA,"Nitrate",0.262,NA,25.13284,-80.6791,NA
"4768",101388,"AOML_FBBB","5",NA,"Nitrate",0.192,NA,25.11568,-80.7189,NA
"4769",101403,"AOML_FBBB","6",NA,"Nitrate",0.2,NA,25.06912,-80.76002,NA
"4770",101418,"AOML_FBBB","7",NA,"Nitrate",0.199,NA,25.1168,-80.79318,NA
"4771",101433,"AOML_FBBB","8",NA,"Nitrate",0.157,NA,25.12768,-80.86352,NA
"4772",101448,"AOML_FBBB","9",NA,"Nitrate",0.207,NA,25.1268,-80.906,NA
"4773",101463,"AOML_FBBB","10",NA,"Nitrate",0.192,NA,25.11122,-80.9972,NA
"4774",101478,"AOML_FBBB","11",NA,"Nitrate",0.165,NA,25.07404,-81.00052,NA
"4775",101493,"AOML_FBBB","12",NA,"Nitrate",0.124,NA,25.11308,-81.0658,NA
"4776",101508,"AOML_FBBB","13",NA,"Nitrate",0.286,NA,25.1125,-81.09684,NA
"4777",101523,"AOML_FBBB","14",NA,"Nitrate",0.196,NA,25.035,-81.02884,NA
"4778",101538,"AOML_FBBB","15",NA,"Nitrate",0.131,NA,24.9318,-80.94872,NA
"4779",101553,"AOML_FBBB","16",NA,"Nitrate",0.31,NA,24.8755,-80.8308,NA
"4780",101568,"AOML_FBBB","17",NA,"Nitrate",NA,NA,24.92248,-80.70864,NA
"4781",101583,"AOML_FBBB","18",NA,"Nitrate",NA,NA,24.97742,-80.61048,NA
"4782",101598,"AOML_FBBB","19",NA,"Nitrate",0.616,NA,25.01882,-80.54801,NA
"4783",101613,"AOML_FBBB","20",NA,"Nitrate",NA,NA,25.06718,-80.49268,NA
"4784",101628,"AOML_FBBB","34",NA,"Nitrate",0.084,NA,24.9889,-80.95516,NA
"4785",101643,"AOML_FBBB","21",NA,"Nitrate",0.675,NA,25.1125,-80.51452,NA
"4786",101658,"AOML_FBBB","22",NA,"Nitrate",0.38,NA,25.09976,-80.60386,NA
"4787",101673,"AOML_FBBB","23",NA,"Nitrate",0.207,NA,25.05506,-80.62418,NA
"4788",101688,"AOML_FBBB","24",NA,"Nitrate",0.458,NA,25.06374,-80.66668,NA
"4789",101703,"AOML_FBBB","25",NA,"Nitrate",0.291,NA,25.06032,-80.71714,NA
"4790",101718,"AOML_FBBB","26",NA,"Nitrate",0.229,NA,25.02386,-80.72236,NA
"4791",101733,"AOML_FBBB","27",NA,"Nitrate",0.333,NA,25.0056,-80.7495,NA
"4792",101748,"AOML_FBBB","28",NA,"Nitrate",0.28,NA,25.00066,-80.78502,NA
"4793",101763,"AOML_FBBB","29",NA,"Nitrate",0.193,NA,24.9975,-80.8105,NA
"4794",101778,"AOML_FBBB","30",NA,"Nitrate",0.138,NA,24.97584,-80.83518,NA
"4795",101793,"AOML_FBBB","31",NA,"Nitrate",0.128,NA,25.01084,-80.8679,NA
"4796",101808,"AOML_FBBB","32",NA,"Nitrate",0.05,NA,25.011,-80.92626,NA
"4797",101823,"AOML_FBBB","33",NA,"Nitrate",0.138,NA,25.053,-80.9199,NA
"4798",101838,"AOML_FBBB","35",NA,"Nitrate",0.152,NA,24.97116,-80.87972,NA
"4799",101853,"AOML_FBBB","36",NA,"Nitrate",0.126,NA,24.95916,-80.79302,NA
"4800",101868,"AOML_FBBB","37",NA,"Nitrate",0.998,NA,24.93182,-80.7612,NA
"4801",101883,"AOML_FBBB","38",NA,"Nitrate",0.223,NA,24.98584,-80.6977,NA
"4802",101898,"AOML_FBBB","39",NA,"Nitrate",0.07,NA,25.00826,-80.6458,NA
"4803",101913,"AOML_FBBB","40",NA,"Nitrate",0.132,NA,25.01682,-80.59818,NA
"4804",101928,"AOML_FBBB","B1",NA,"Nitrate",1.168,NA,25.7390166666667,-80.18295,NA
"4805",101943,"AOML_FBBB","B10",NA,"Nitrate",0.487,NA,25.2971,-80.3613333333333,NA
"4806",101958,"AOML_FBBB","B11",NA,"Nitrate",0.088,NA,25.2386833333333,-80.3757833333333,NA
"4807",101973,"AOML_FBBB","B12",NA,"Nitrate",0.491,NA,25.25635,-80.42265,NA
"4808",101988,"AOML_FBBB","B13",NA,"Nitrate",0.244,NA,25.17615,-80.4236333333333,NA
"4809",102003,"AOML_FBBB","B14",NA,"Nitrate",0.523,NA,25.4681333333333,-80.2134833333333,NA
"4810",102018,"AOML_FBBB","B15",NA,"Nitrate",0.024,NA,25.5803833333333,-80.1984166666667,NA
"4811",102033,"AOML_FBBB","B16",NA,"Nitrate",0.427,NA,25.66245,-80.1871333333333,NA
"4812",102048,"AOML_FBBB","B2",NA,"Nitrate",1.978,NA,25.6904166666667,-80.24805,NA
"4813",102063,"AOML_FBBB","B3",NA,"Nitrate",1.508,NA,25.6538,-80.2639,NA
"4814",102078,"AOML_FBBB","B4",NA,"Nitrate",0.872,NA,25.59155,-80.2638666666667,NA
"4815",102093,"AOML_FBBB","B5",NA,"Nitrate",16.102,NA,25.5299833333333,-80.3141166666667,NA
"4816",102108,"AOML_FBBB","B6",NA,"Nitrate",0.443,NA,25.4924,-80.2520333333333,NA
"4817",102123,"AOML_FBBB","B7",NA,"Nitrate",1.201,NA,25.4631,-80.3254,NA
"4818",102138,"AOML_FBBB","B8",NA,"Nitrate",4.354,NA,25.4054833333333,-80.2433666666667,NA
"4819",102153,"AOML_FBBB","B9",NA,"Nitrate",0.277,NA,25.3335166666667,-80.3224,NA
"4820",102168,"AOML_FBBB","1",NA,"Nitrate",0.819,NA,25.1841166666667,-80.4965,NA
"4821",102183,"AOML_FBBB","2",NA,"Nitrate",0.568,NA,25.1677166666667,-80.5617,NA
"4822",102198,"AOML_FBBB","3",NA,"Nitrate",1.077,NA,25.1505333333333,-80.6203833333333,NA
"4823",102213,"AOML_FBBB","4",NA,"Nitrate",0.485,NA,25.1321666666667,-80.6799,NA
"4824",102228,"AOML_FBBB","5",NA,"Nitrate",0.211,NA,25.1160333333333,-80.7196666666667,NA
"4825",102243,"AOML_FBBB","6",NA,"Nitrate",0.404,NA,25.07015,-80.7596166666667,NA
"4826",102258,"AOML_FBBB","7",NA,"Nitrate",0.31,NA,25.11665,-80.7934333333333,NA
"4827",102273,"AOML_FBBB","8",NA,"Nitrate",0.275,NA,25.1282333333333,-80.8644333333333,NA
"4828",102288,"AOML_FBBB","9",NA,"Nitrate",0.453,NA,25.1270166666667,-80.9062166666667,NA
"4829",102303,"AOML_FBBB","10",NA,"Nitrate",0.277,NA,25.1112666666667,-80.9961,NA
"4830",102318,"AOML_FBBB","11",NA,"Nitrate",0.222,NA,25.07425,-80.99995,NA
"4831",102333,"AOML_FBBB","12",NA,"Nitrate",0.177,NA,25.1131,-81.066,NA
"4832",102348,"AOML_FBBB","13",NA,"Nitrate",0.704,NA,25.1133833333333,-81.0961166666667,NA
"4833",102363,"AOML_FBBB","14",NA,"Nitrate",0.454,NA,25.0344333333333,-81.0286166666667,NA
"4834",102378,"AOML_FBBB","15",NA,"Nitrate",0.117,NA,24.9314333333333,-80.9485,NA
"4835",102393,"AOML_FBBB","16",NA,"Nitrate",0.416,NA,24.87555,-80.8303,NA
"4836",102408,"AOML_FBBB","17",NA,"Nitrate",0.963,NA,24.9225666666667,-80.7086333333333,NA
"4837",102423,"AOML_FBBB","18",NA,"Nitrate",1.268,NA,24.9784166666667,-80.6109666666667,NA
"4838",102438,"AOML_FBBB","19",NA,"Nitrate",0.38,NA,25.0207166666667,-80.5491833333333,NA
"4839",102453,"AOML_FBBB","20",NA,"Nitrate",0.909,NA,25.0676666666667,-80.4924833333333,NA
"4840",102468,"AOML_FBBB","21",NA,"Nitrate",0.473,NA,25.1128166666667,-80.5178666666667,NA
"4841",102483,"AOML_FBBB","22",NA,"Nitrate",0.28,NA,25.1003833333333,-80.6046833333333,NA
"4842",102498,"AOML_FBBB","23",NA,"Nitrate",0.373,NA,25.0549333333333,-80.6248,NA
"4843",102513,"AOML_FBBB","24",NA,"Nitrate",0.339,NA,25.0633833333333,-80.6671333333333,NA
"4844",102528,"AOML_FBBB","25",NA,"Nitrate",0.286,NA,25.05995,-80.7176333333333,NA
"4845",102543,"AOML_FBBB","26",NA,"Nitrate",0.287,NA,25.0235,-80.7219333333333,NA
"4846",102558,"AOML_FBBB","27",NA,"Nitrate",0.216,NA,25.0053333333333,-80.7491833333333,NA
"4847",102573,"AOML_FBBB","28",NA,"Nitrate",0.224,NA,25.0005166666667,-80.7852166666667,NA
"4848",102588,"AOML_FBBB","29",NA,"Nitrate",0.223,NA,24.9981666666667,-80.8113666666667,NA
"4849",102603,"AOML_FBBB","30",NA,"Nitrate",0.298,NA,24.97545,-80.8355333333333,NA
"4850",102618,"AOML_FBBB","31",NA,"Nitrate",0.09,NA,25.0115166666667,-80.8688666666667,NA
"4851",102633,"AOML_FBBB","32",NA,"Nitrate",0.283,NA,25.0120333333333,-80.926,NA
"4852",102648,"AOML_FBBB","33",NA,"Nitrate",0.3,NA,25.0552666666667,-80.9199833333333,NA
"4853",102663,"AOML_FBBB","34",NA,"Nitrate",0.331,NA,24.9884,-80.9561166666667,NA
"4854",102678,"AOML_FBBB","35",NA,"Nitrate",0.371,NA,24.97155,-80.8791166666667,NA
"4855",102693,"AOML_FBBB","36",NA,"Nitrate",0.347,NA,24.9597333333333,-80.7933666666667,NA
"4856",102708,"AOML_FBBB","37",NA,"Nitrate",1.831,NA,24.9326166666667,-80.7612,NA
"4857",102723,"AOML_FBBB","38",NA,"Nitrate",0.354,NA,24.9861166666667,-80.69735,NA
"4858",102738,"AOML_FBBB","39",NA,"Nitrate",0.002,NA,25.0082666666667,-80.6462333333333,NA
"4859",102753,"AOML_FBBB","40",NA,"Nitrate",0.087,NA,25.0170833333333,-80.5998833333333,NA
"4860",102768,"AOML_FBBB","B1",NA,"Nitrate",0.804,NA,25.73854,-80.1822,NA
"4861",102783,"AOML_FBBB","B10",NA,"Nitrate",0.742,NA,25.2965,-80.36218,NA
"4862",102798,"AOML_FBBB","B11",NA,"Nitrate",0.205,NA,25.2383,-80.3763,NA
"4863",102813,"AOML_FBBB","B12",NA,"Nitrate",0.739,NA,25.2563,-80.42278,NA
"4864",102828,"AOML_FBBB","B13",NA,"Nitrate",0.538,NA,25.17582,-80.42218,NA
"4865",102843,"AOML_FBBB","B14",NA,"Nitrate",0.374,NA,25.4678,-80.21368,NA
"4866",102858,"AOML_FBBB","B15",NA,"Nitrate",0,NA,25.58056,-80.1985,NA
"4867",102873,"AOML_FBBB","B16",NA,"Nitrate",0.806,NA,25.6625,-80.18684,NA
"4868",102888,"AOML_FBBB","B2",NA,"Nitrate",6.838,NA,25.69032,-80.248,NA
"4869",102903,"AOML_FBBB","B3",NA,"Nitrate",1.753,NA,25.65376,-80.26414,NA
"4870",102918,"AOML_FBBB","B4",NA,"Nitrate",2.16,NA,25.59166,-80.26368,NA
"4871",102933,"AOML_FBBB","B5",NA,"Nitrate",15.173,NA,25.5299,-80.31418,NA
"4872",102948,"AOML_FBBB","B6",NA,"Nitrate",0.577,NA,25.49216,-80.25234,NA
"4873",102963,"AOML_FBBB","B7",NA,"Nitrate",16.807,NA,25.4632,-80.3248,NA
"4874",102978,"AOML_FBBB","B8",NA,"Nitrate",0.491,NA,25.40518,-80.24346,NA
"4875",102993,"AOML_FBBB","B9",NA,"Nitrate",0.633,NA,25.33308,-80.3214,NA
"4876",103008,"AOML_FBBB","1",NA,"Nitrate",0.296,NA,25.18398,-80.49638,NA
"4877",103023,"AOML_FBBB","2",NA,"Nitrate",0.405,NA,25.16708,-80.56242,NA
"4878",103038,"AOML_FBBB","3",NA,"Nitrate",0.462,NA,25.15006,-80.6209,NA
"4879",103053,"AOML_FBBB","4",NA,"Nitrate",0.296,NA,25.1325,-80.68,NA
"4880",103068,"AOML_FBBB","5",NA,"Nitrate",0,NA,25.11542,-80.71966,NA
"4881",103083,"AOML_FBBB","6",NA,"Nitrate",0.123,NA,25.06932,-80.759,NA
"4882",103098,"AOML_FBBB","7",NA,"Nitrate",0.066,NA,25.11656,-80.79366,NA
"4883",103113,"AOML_FBBB","8",NA,"Nitrate",0.035,NA,25.12834,-80.86484,NA
"4884",103128,"AOML_FBBB","9",NA,"Nitrate",0.338,NA,25.12684,-80.90768,NA
"4885",103143,"AOML_FBBB","10",NA,"Nitrate",0.372,NA,25.111,-80.99618,NA
"4886",103158,"AOML_FBBB","11",NA,"Nitrate",0.063,NA,25.0742,-80.9997,NA
"4887",103173,"AOML_FBBB","12",NA,"Nitrate",0,NA,25.11316,-81.0662,NA
"4888",103188,"AOML_FBBB","13",NA,"Nitrate",0.014,NA,25.11305,-81.0963,NA
"4889",103203,"AOML_FBBB","14",NA,"Nitrate",0.015,NA,25.03452,-81.0287,NA
"4890",103218,"AOML_FBBB","15",NA,"Nitrate",0,NA,24.93116,-80.948,NA
"4891",103233,"AOML_FBBB","16",NA,"Nitrate",0.899,NA,24.8754,-80.8301,NA
"4892",103248,"AOML_FBBB","17",NA,"Nitrate",1.906,NA,24.92132,-80.71002,NA
"4893",103263,"AOML_FBBB","18",NA,"Nitrate",0.505,NA,24.9785,-80.6105,NA
"4894",103278,"AOML_FBBB","19",NA,"Nitrate",0.00899999999999999,NA,25.02078,-80.549,NA
"4895",103293,"AOML_FBBB","20",NA,"Nitrate",1.211,NA,25.0677,-80.4925,NA
"4896",103308,"AOML_FBBB","21",NA,"Nitrate",0.552,NA,25.1134,-80.51606,NA
"4897",103323,"AOML_FBBB","22",NA,"Nitrate",0.115,NA,25.10016,-80.60464,NA
"4898",103338,"AOML_FBBB","23",NA,"Nitrate",0.101,NA,25.0545,-80.62522,NA
"4899",103353,"AOML_FBBB","24",NA,"Nitrate",0.022,NA,25.06324,-80.66742,NA
"4900",103368,"AOML_FBBB","25",NA,"Nitrate",0,NA,25.05974,-80.71784,NA
"4901",103383,"AOML_FBBB","26",NA,"Nitrate",0.263,NA,25.02266,-80.72218,NA
"4902",103398,"AOML_FBBB","27",NA,"Nitrate",0,NA,25.00506,-80.7498,NA
"4903",103413,"AOML_FBBB","28",NA,"Nitrate",0,NA,24.99994,-80.78552,NA
"4904",103428,"AOML_FBBB","29",NA,"Nitrate",0,NA,24.99776,-80.81184,NA
"4905",103443,"AOML_FBBB","30",NA,"Nitrate",0.14,NA,24.97554,-80.83588,NA
"4906",103458,"AOML_FBBB","31",NA,"Nitrate",0,NA,25.0115,-80.8694,NA
"4907",103473,"AOML_FBBB","32",NA,"Nitrate",0,NA,25.0123,-80.92668,NA
"4908",103488,"AOML_FBBB","33",NA,"Nitrate",0,NA,25.05514,-80.92,NA
"4909",103503,"AOML_FBBB","34",NA,"Nitrate",0,NA,24.98794,-80.9569,NA
"4910",103518,"AOML_FBBB","35",NA,"Nitrate",0.115,NA,24.97124,-80.87956,NA
"4911",103533,"AOML_FBBB","36",NA,"Nitrate",0.145,NA,24.95916,-80.79284,NA
"4912",103548,"AOML_FBBB","37",NA,"Nitrate",0.162,NA,24.93246,-80.7607,NA
"4913",103563,"AOML_FBBB","38",NA,"Nitrate",0,NA,24.98632,-80.69718,NA
"4914",103578,"AOML_FBBB","39",NA,"Nitrate",0.068,NA,25.00814,-80.6458,NA
"4915",103593,"AOML_FBBB","40",NA,"Nitrate",0.199,NA,25.01702,-80.5986,NA
"4916",103608,"AOML_FBBB","B10",NA,"Nitrate",0.276,NA,25.2965,-80.362,NA
"4917",103623,"AOML_FBBB","B11",NA,"Nitrate",0.894,NA,25.2387,-80.37622,NA
"4918",103638,"AOML_FBBB","B12",NA,"Nitrate",0.77,NA,25.25682,-80.42202,NA
"4919",103653,"AOML_FBBB","B13",NA,"Nitrate",0.537,NA,25.17582,-80.42368,NA
"4920",103668,"AOML_FBBB","B14",NA,"Nitrate",0.013,NA,25.46866,-80.2135,NA
"4921",103683,"AOML_FBBB","B15",NA,"Nitrate",0.378,NA,25.5803,-80.19866,NA
"4922",103698,"AOML_FBBB","B16",NA,"Nitrate",0.361,NA,25.66212,-80.1871,NA
"4923",103713,"AOML_FBBB","B2",NA,"Nitrate",1.251,NA,25.69032,-80.24792,NA
"4924",103728,"AOML_FBBB","B3",NA,"Nitrate",1.104,NA,25.6537,-80.26392,NA
"4925",103743,"AOML_FBBB","B4",NA,"Nitrate",0.915,NA,25.59138,-80.2639,NA
"4926",103758,"AOML_FBBB","B5",NA,"Nitrate",0.423,NA,25.53,-80.314,NA
"4927",103773,"AOML_FBBB","B6",NA,"Nitrate",0.833,NA,25.49268,-80.2521,NA
"4928",103788,"AOML_FBBB","B7",NA,"Nitrate",10.279,NA,25.4632,-80.3255,NA
"4929",103803,"AOML_FBBB","B8",NA,"Nitrate",3.9,NA,25.40518,-80.24352,NA
"4930",103818,"AOML_FBBB","B9",NA,"Nitrate",0.657,NA,25.3335,-80.32228,NA
"4931",103833,"AOML_FBBB","1",NA,"Nitrate",0.21,NA,25.184,-80.49634,NA
"4932",103848,"AOML_FBBB","2",NA,"Nitrate",0.022,NA,25.16738,-80.5615,NA
"4933",103863,"AOML_FBBB","3",NA,"Nitrate",0.139,NA,25.15002,-80.62,NA
"4934",103878,"AOML_FBBB","4",NA,"Nitrate",0.14,NA,25.13206,-80.68004,NA
"4935",103893,"AOML_FBBB","5",NA,"Nitrate",0.031,NA,25.11586,-80.71998,NA
"4936",103908,"AOML_FBBB","6",NA,"Nitrate",0.044,NA,25.07,-80.75884,NA
"4937",103923,"AOML_FBBB","7",NA,"Nitrate",0.095,NA,25.11668,-80.79398,NA
"4938",103938,"AOML_FBBB","8",NA,"Nitrate",0.00299999999999997,NA,25.1283,-80.86469,NA
"4939",103953,"AOML_FBBB","9",NA,"Nitrate",0,NA,25.12676,-80.90664,NA
"4940",103968,"AOML_FBBB","10",NA,"Nitrate",0,NA,25.11072,-80.99634,NA
"4941",103983,"AOML_FBBB","11",NA,"Nitrate",0.104,NA,25.07428,-80.99978,NA
"4942",103998,"AOML_FBBB","12",NA,"Nitrate",0.019,NA,25.11314,-81.06574,NA
"4943",104013,"AOML_FBBB","13",NA,"Nitrate",0.057,NA,25.11316,-81.0962,NA
"4944",104028,"AOML_FBBB","14",NA,"Nitrate",0.216,NA,25.03416,-81.0285,NA
"4945",104043,"AOML_FBBB","15",NA,"Nitrate",0.14,NA,24.9312,-80.9466,NA
"4946",104058,"AOML_FBBB","16",NA,"Nitrate",0.09,NA,24.87552,-80.83032,NA
"4947",104073,"AOML_FBBB","17",NA,"Nitrate",0.434,NA,24.92222,-80.7086,NA
"4948",104088,"AOML_FBBB","18",NA,"Nitrate",0.922,NA,24.9785,-80.6105,NA
"4949",104103,"AOML_FBBB","19",NA,"Nitrate",0.21,NA,25.021,-80.54884,NA
"4950",104118,"AOML_FBBB","20",NA,"Nitrate",0.527,NA,25.06738,-80.49212,NA
"4951",104133,"AOML_FBBB","34",NA,"Nitrate",0.179,NA,24.98832,-80.95618,NA
"4952",104148,"AOML_FBBB","21",NA,"Nitrate",0.188,NA,25.11258,-80.51682,NA
"4953",104163,"AOML_FBBB","22",NA,"Nitrate",0.117,NA,25.09982,-80.6045,NA
"4954",104178,"AOML_FBBB","23",NA,"Nitrate",0.234,NA,25.05482,-80.625,NA
"4955",104193,"AOML_FBBB","24",NA,"Nitrate",0.099,NA,25.063,-80.6671,NA
"4956",104208,"AOML_FBBB","25",NA,"Nitrate",0,NA,25.05985,-80.71818,NA
"4957",104223,"AOML_FBBB","26",NA,"Nitrate",0.05,NA,25.02334,-80.72196,NA
"4958",104238,"AOML_FBBB","27",NA,"Nitrate",0.168,NA,25.00516,-80.74934,NA
"4959",104253,"AOML_FBBB","28",NA,"Nitrate",0.211,NA,24.99966,-80.78583,NA
"4960",104268,"AOML_FBBB","29",NA,"Nitrate",0.116,NA,24.99832,-80.8119,NA
"4961",104283,"AOML_FBBB","30",NA,"Nitrate",0.08,NA,24.97586,-80.83542,NA
"4962",104298,"AOML_FBBB","31",NA,"Nitrate",0,NA,25.0115,-80.86868,NA
"4963",104313,"AOML_FBBB","32",NA,"Nitrate",0.234,NA,25.01182,-80.926,NA
"4964",104328,"AOML_FBBB","33",NA,"Nitrate",0.07,NA,25.05582,-80.9205,NA
"4965",104343,"AOML_FBBB","35",NA,"Nitrate",0.245,NA,24.971,-80.87884,NA
"4966",104358,"AOML_FBBB","36",NA,"Nitrate",0.035,NA,24.95952,-80.79328,NA
"4967",104373,"AOML_FBBB","37",NA,"Nitrate",0.04,NA,24.9325,-80.76102,NA
"4968",104388,"AOML_FBBB","38",NA,"Nitrate",0.028,NA,24.98652,-80.69704,NA
"4969",104403,"AOML_FBBB","39",NA,"Nitrate",0.226,NA,25.0085,-80.64618,NA
"4970",104418,"AOML_FBBB","40",NA,"Nitrate",0.158,NA,25.01706,-80.59884,NA
"4971",104433,"AOML_FBBB","B1",NA,"Nitrate",0,NA,25.739,-80.183,NA
"4972",104448,"AOML_FBBB","B10",NA,"Nitrate",8.742,NA,25.29666,-80.3616,NA
"4973",104463,"AOML_FBBB","B11",NA,"Nitrate",1.549,NA,25.23816,-80.37634,NA
"4974",104478,"AOML_FBBB","B12",NA,"Nitrate",1.863,NA,25.25606,-80.42328,NA
"4975",104493,"AOML_FBBB","B13",NA,"Nitrate",0.719,NA,25.176,-80.42406,NA
"4976",104508,"AOML_FBBB","B14",NA,"Nitrate",0.202,NA,25.46832,-80.2135,NA
"4977",104523,"AOML_FBBB","B15",NA,"Nitrate",1.38,NA,25.57866,-80.198,NA
"4978",104538,"AOML_FBBB","B16",NA,"Nitrate",1.161,NA,25.66222,-80.18736,NA
"4979",104553,"AOML_FBBB","B2",NA,"Nitrate",11.344,NA,25.691,-80.24822,NA
"4980",104568,"AOML_FBBB","B3",NA,"Nitrate",1.922,NA,25.65408,-80.26388,NA
"4981",104583,"AOML_FBBB","B4",NA,"Nitrate",1.844,NA,25.59182,-80.2635,NA
"4982",104598,"AOML_FBBB","B5",NA,"Nitrate",30.15042,NA,25.53016,-80.31474,NA
"4983",104613,"AOML_FBBB","B6",NA,"Nitrate",3.784,NA,25.4914,-80.25142,NA
"4984",104628,"AOML_FBBB","B7",NA,"Nitrate",30.63446,NA,25.463,-80.32584,NA
"4985",104643,"AOML_FBBB","B8",NA,"Nitrate",0.625,NA,25.40532,-80.24434,NA
"4986",104658,"AOML_FBBB","B9",NA,"Nitrate",14.464,NA,25.33282,-80.322,NA
"4987",104673,"AOML_FBBB","1",NA,"Nitrate",0.783,NA,25.18146,-80.49704,NA
"4988",104688,"AOML_FBBB","2",NA,"Nitrate",0.443,NA,25.1678,-80.56168,NA
"4989",104703,"AOML_FBBB","3",NA,"Nitrate",0.58,NA,25.1514,-80.6201,NA
"4990",104718,"AOML_FBBB","4",NA,"Nitrate",0.447,NA,25.13232,-80.68,NA
"4991",104733,"AOML_FBBB","5",NA,"Nitrate",0.26,NA,25.1161,-80.71962,NA
"4992",104748,"AOML_FBBB","6",NA,"Nitrate",0.244,NA,25.07016,-80.75784,NA
"4993",104763,"AOML_FBBB","7",NA,"Nitrate",0.347,NA,25.11714,-80.7936,NA
"4994",104778,"AOML_FBBB","8",NA,"Nitrate",0.044,NA,25.12866,-80.86468,NA
"4995",104793,"AOML_FBBB","9",NA,"Nitrate",0.11,NA,25.1273,-80.90524,NA
"4996",104808,"AOML_FBBB","10",NA,"Nitrate",0.119,NA,25.11192,-80.9962,NA
"4997",104823,"AOML_FBBB","11",NA,"Nitrate",0.121,NA,25.07438,-80.99974,NA
"4998",104838,"AOML_FBBB","12",NA,"Nitrate",0.12,NA,25.11266,-81.06634,NA
"4999",104853,"AOML_FBBB","13",NA,"Nitrate",0.715,NA,25.11332,-81.09618,NA
"5000",104868,"AOML_FBBB","14",NA,"Nitrate",0.206,NA,25.034,-81.02834,NA
"5001",104883,"AOML_FBBB","15",NA,"Nitrate",0.084,NA,24.93138,-80.9432,NA
"5002",104898,"AOML_FBBB","16",NA,"Nitrate",0.202,NA,24.87538,-80.8301,NA
"5003",104913,"AOML_FBBB","17",NA,"Nitrate",0.441,NA,24.92246,-80.7081,NA
"5004",104928,"AOML_FBBB","18",NA,"Nitrate",0.508,NA,24.97782,-80.61118,NA
"5005",104943,"AOML_FBBB","19",NA,"Nitrate",0.268,NA,25.02052,-80.54884,NA
"5006",104958,"AOML_FBBB","20",NA,"Nitrate",0.957,NA,25.06772,-80.49206,NA
"5007",104973,"AOML_FBBB","34",NA,"Nitrate",0.088,NA,24.98816,-80.95662,NA
"5008",104988,"AOML_FBBB","21",NA,"Nitrate",0.851,NA,25.11148,-80.5161,NA
"5009",105003,"AOML_FBBB","22",NA,"Nitrate",0.434,NA,25.0993,-80.60502,NA
"5010",105018,"AOML_FBBB","23",NA,"Nitrate",0.367,NA,25.055,-80.62484,NA
"5011",105033,"AOML_FBBB","24",NA,"Nitrate",0.479,NA,25.06206,-80.6664,NA
"5012",105048,"AOML_FBBB","25",NA,"Nitrate",0.527,NA,25.05972,-80.7174,NA
"5013",105063,"AOML_FBBB","26",NA,"Nitrate",0.229,NA,25.023,-80.72168,NA
"5014",105078,"AOML_FBBB","27",NA,"Nitrate",0.114,NA,25.00516,-80.74934,NA
"5015",105093,"AOML_FBBB","28",NA,"Nitrate",0.092,NA,25,-80.78502,NA
"5016",105108,"AOML_FBBB","29",NA,"Nitrate",0,NA,24.9975,-80.8115,NA
"5017",105123,"AOML_FBBB","30",NA,"Nitrate",0,NA,24.97566,-80.836,NA
"5018",105138,"AOML_FBBB","31",NA,"Nitrate",0,NA,25.0117,-80.86882,NA
"5019",105153,"AOML_FBBB","32",NA,"Nitrate",0.005,NA,25.01226,-80.92554,NA
"5020",105168,"AOML_FBBB","33",NA,"Nitrate",0,NA,25.0555,-80.91934,NA
"5021",105183,"AOML_FBBB","35",NA,"Nitrate",0,NA,24.97162,-80.8787,NA
"5022",105198,"AOML_FBBB","36",NA,"Nitrate",0,NA,24.9593,-80.7927,NA
"5023",105213,"AOML_FBBB","37",NA,"Nitrate",0.066,NA,24.93242,-80.76086,NA
"5024",105228,"AOML_FBBB","38",NA,"Nitrate",0.116,NA,24.98656,-80.69686,NA
"5025",105243,"AOML_FBBB","39",NA,"Nitrate",0,NA,25.00896,-80.64592,NA
"5026",105258,"AOML_FBBB","40",NA,"Nitrate",0,NA,25.01716,-80.5972,NA
"5027",105273,"AOML_FBBB","B1",NA,"Nitrate",2,NA,25.73894,-80.18308,NA
"5028",105288,"AOML_FBBB","B10",NA,"Nitrate",1.31,NA,25.29716,-80.3619,NA
"5029",105303,"AOML_FBBB","B11",NA,"Nitrate",2.46,NA,25.23878,-80.37574,NA
"5030",105318,"AOML_FBBB","B12",NA,"Nitrate",0.71,NA,25.2555,-80.42268,NA
"5031",105333,"AOML_FBBB","B13",NA,"Nitrate",0.49,NA,25.1769,-80.42366,NA
"5032",105348,"AOML_FBBB","B14",NA,"Nitrate",0.33,NA,25.46822,-80.21422,NA
"5033",105363,"AOML_FBBB","B15",NA,"Nitrate",0.54,NA,25.58068,-80.19876,NA
"5034",105378,"AOML_FBBB","B16",NA,"Nitrate",1.22,NA,25.66302,-80.1869,NA
"5035",105393,"AOML_FBBB","B2",NA,"Nitrate",1.08,NA,25.6909,-80.24818,NA
"5036",105408,"AOML_FBBB","B3",NA,"Nitrate",0.45,NA,25.6538,-80.26432,NA
"5037",105423,"AOML_FBBB","B4",NA,"Nitrate",0.63,NA,25.59158,-80.26368,NA
"5038",105438,"AOML_FBBB","B5",NA,"Nitrate",0.78,NA,25.5302,-80.31488,NA
"5039",105453,"AOML_FBBB","B6",NA,"Nitrate",1.92,NA,25.4925,-80.2525,NA
"5040",105468,"AOML_FBBB","B7",NA,"Nitrate",0.2,NA,25.463,-80.32568,NA
"5041",105483,"AOML_FBBB","B8",NA,"Nitrate",1.17,NA,25.4055,-80.2435,NA
"5042",105498,"AOML_FBBB","B9",NA,"Nitrate",1.87,NA,25.3304,-80.32356,NA
"5043",105513,"AOML_FBBB","1",NA,"Nitrate",1.12,NA,25.1843,-80.496,NA
"5044",105528,"AOML_FBBB","2",NA,"Nitrate",0.33,NA,25.16546,-80.56058,NA
"5045",105543,"AOML_FBBB","3",NA,"Nitrate",0.21,NA,25.15116,-80.6205,NA
"5046",105558,"AOML_FBBB","4",NA,"Nitrate",0.15,NA,25.13222,-80.6796,NA
"5047",105573,"AOML_FBBB","5",NA,"Nitrate",0.22,NA,25.11574,-80.72018,NA
"5048",105588,"AOML_FBBB","6",NA,"Nitrate",0.13,NA,25.07014,-80.75874,NA
"5049",105603,"AOML_FBBB","7",NA,"Nitrate",0.06,NA,25.1171,-80.7939,NA
"5050",105618,"AOML_FBBB","8",NA,"Nitrate",0,NA,25.12856,-80.86444,NA
"5051",105633,"AOML_FBBB","9",NA,"Nitrate",0.09,NA,25.12698,-80.90642,NA
"5052",105648,"AOML_FBBB","10",NA,"Nitrate",0.04,NA,25.11184,-80.99592,NA
"5053",105663,"AOML_FBBB","11",NA,"Nitrate",0.12,NA,25.0748,-80.99946,NA
"5054",105678,"AOML_FBBB","12",NA,"Nitrate",0.06,NA,25.1127,-81.0665,NA
"5055",105693,"AOML_FBBB","13",NA,"Nitrate",0,NA,25.11316,-81.0965,NA
"5056",105708,"AOML_FBBB","14",NA,"Nitrate",0,NA,25.0345,-81.02878,NA
"5057",105723,"AOML_FBBB","15",NA,"Nitrate",0,NA,24.93138,-80.9489,NA
"5058",105738,"AOML_FBBB","16",NA,"Nitrate",0.2,NA,24.876,-80.83052,NA
"5059",105753,"AOML_FBBB","17",NA,"Nitrate",0.54,NA,24.9221,-80.7088,NA
"5060",105768,"AOML_FBBB","18",NA,"Nitrate",0.47,NA,24.97866,-80.6115,NA
"5061",105783,"AOML_FBBB","19",NA,"Nitrate",0.41,NA,25.02116,-80.54916,NA
"5062",105798,"AOML_FBBB","20",NA,"Nitrate",0.43,NA,25.0672,-80.49284,NA
"5063",105813,"AOML_FBBB","34",NA,"Nitrate",0,NA,24.98816,-80.95654,NA
"5064",105828,"AOML_FBBB","21",NA,"Nitrate",0.57,NA,25.11282,-80.51596,NA
"5065",105843,"AOML_FBBB","22",NA,"Nitrate",0.08,NA,25.10052,-80.60466,NA
"5066",105858,"AOML_FBBB","23",NA,"Nitrate",0.2,NA,25.05432,-80.62468,NA
"5067",105873,"AOML_FBBB","24",NA,"Nitrate",0.12,NA,25.06232,-80.66734,NA
"5068",105888,"AOML_FBBB","25",NA,"Nitrate",0.07,NA,25.05994,-80.71774,NA
"5069",105903,"AOML_FBBB","26",NA,"Nitrate",0.01,NA,25.0231,-80.722,NA
"5070",105918,"AOML_FBBB","27",NA,"Nitrate",0.08,NA,25.00516,-80.75,NA
"5071",105933,"AOML_FBBB","28",NA,"Nitrate",0.17,NA,24.99994,-80.786,NA
"5072",105948,"AOML_FBBB","29",NA,"Nitrate",0,NA,24.99794,-80.81234,NA
"5073",105963,"AOML_FBBB","30",NA,"Nitrate",0,NA,24.97566,-80.83534,NA
"5074",105978,"AOML_FBBB","31",NA,"Nitrate",0,NA,25.01158,-80.8689,NA
"5075",105993,"AOML_FBBB","32",NA,"Nitrate",0,NA,25.01162,-80.92592,NA
"5076",106008,"AOML_FBBB","33",NA,"Nitrate",0.04,NA,25.0557,-80.91976,NA
"5077",106023,"AOML_FBBB","35",NA,"Nitrate",0,NA,24.97108,-80.87892,NA
"5078",106038,"AOML_FBBB","36",NA,"Nitrate",0,NA,24.95928,-80.79308,NA
"5079",106053,"AOML_FBBB","37",NA,"Nitrate",0.38,NA,24.93232,-80.7605,NA
"5080",106068,"AOML_FBBB","38",NA,"Nitrate",0,NA,24.98594,-80.69714,NA
"5081",106083,"AOML_FBBB","39",NA,"Nitrate",0.02,NA,25.0085,-80.64568,NA
"5082",106098,"AOML_FBBB","40",NA,"Nitrate",0.14,NA,25.0175,-80.59868,NA
"5083",106113,"AOML_FBBB","B1",NA,"Nitrate",0.75,NA,25.7393,-80.1831,NA
"5084",106128,"AOML_FBBB","B10",NA,"Nitrate",0.714,NA,25.29656,-80.36218,NA
"5085",106143,"AOML_FBBB","B11",NA,"Nitrate",0.52,NA,25.23808,-80.37586,NA
"5086",106158,"AOML_FBBB","B12",NA,"Nitrate",1.06,NA,25.25614,-80.42272,NA
"5087",106173,"AOML_FBBB","B13",NA,"Nitrate",0.71,NA,25.176,-80.42434,NA
"5088",106188,"AOML_FBBB","B14",NA,"Nitrate",0.43,NA,25.46782,-80.21318,NA
"5089",106203,"AOML_FBBB","B15",NA,"Nitrate",0.35,NA,25.58016,-80.1985,NA
"5090",106218,"AOML_FBBB","B16",NA,"Nitrate",0.53,NA,25.66278,-80.182,NA
"5091",106233,"AOML_FBBB","B2",NA,"Nitrate",1.46,NA,25.6905,-80.24792,NA
"5092",106248,"AOML_FBBB","B3",NA,"Nitrate",0.52,NA,25.6534,-80.26392,NA
"5093",106263,"AOML_FBBB","B4",NA,"Nitrate",0.52,NA,25.59132,-80.264,NA
"5094",106278,"AOML_FBBB","B5",NA,"Nitrate",0.52,NA,25.53004,-80.31466,NA
"5095",106293,"AOML_FBBB","B6",NA,"Nitrate",0.6,NA,25.49192,-80.2503,NA
"5096",106308,"AOML_FBBB","B7",NA,"Nitrate",NA,NA,25.46316,-80.32462,NA
"5097",106323,"AOML_FBBB","B8",NA,"Nitrate",1.23,NA,25.40466,-80.24376,NA
"5098",106338,"AOML_FBBB","B9",NA,"Nitrate",1.08,NA,25.33238,-80.32126,NA
"5099",106353,"AOML_FBBB","1",NA,"Nitrate",2.32,NA,25.18436,-80.4969,NA
"5100",106368,"AOML_FBBB","2",NA,"Nitrate",0.5,NA,25.16616,-80.5615,NA
"5101",106383,"AOML_FBBB","3",NA,"Nitrate",0.42,NA,25.15054,-80.6202,NA
"5102",106398,"AOML_FBBB","4",NA,"Nitrate",0.33,NA,25.13232,-80.68,NA
"5103",106413,"AOML_FBBB","5",NA,"Nitrate",0.34,NA,25.11566,-80.71994,NA
"5104",106428,"AOML_FBBB","6",NA,"Nitrate",0.29,NA,25.07032,-80.75876,NA
"5105",106443,"AOML_FBBB","7",NA,"Nitrate",0.31,NA,25.1166,-80.79364,NA
"5106",106458,"AOML_FBBB","8",NA,"Nitrate",0.4,NA,25.1281,-80.86434,NA
"5107",106473,"AOML_FBBB","9",NA,"Nitrate",0.34,NA,25.12692,-80.90638,NA
"5108",106488,"AOML_FBBB","10",NA,"Nitrate",0.28,NA,25.10994,-80.99698,NA
"5109",106503,"AOML_FBBB","11",NA,"Nitrate",0.32,NA,25.074,-80.99972,NA
"5110",106518,"AOML_FBBB","12",NA,"Nitrate",0.33,NA,25.11316,-81.06628,NA
"5111",106533,"AOML_FBBB","13",NA,"Nitrate",0.28,NA,25.11362,-81.09659,NA
"5112",106548,"AOML_FBBB","14",NA,"Nitrate",0.05,NA,25.0346,-81.02868,NA
"5113",106563,"AOML_FBBB","15",NA,"Nitrate",0.34,NA,24.9315,-80.94808,NA
"5114",106578,"AOML_FBBB","16",NA,"Nitrate",0.34,NA,24.87418,-80.82958,NA
"5115",106593,"AOML_FBBB","17",NA,"Nitrate",0.96,NA,24.92296,-80.70812,NA
"5116",106608,"AOML_FBBB","18",NA,"Nitrate",0.7,NA,24.9785,-80.61064,NA
"5117",106623,"AOML_FBBB","19",NA,"Nitrate",0.49,NA,25.0214,-80.5493,NA
"5118",106638,"AOML_FBBB","20",NA,"Nitrate",1.44,NA,25.06816,-80.49234,NA
"5119",106653,"AOML_FBBB","34",NA,"Nitrate",0.25,NA,24.98796,-80.95614,NA
"5120",106668,"AOML_FBBB","21",NA,"Nitrate",0.47,NA,25.11232,-80.516,NA
"5121",106683,"AOML_FBBB","22",NA,"Nitrate",0.34,NA,25.09982,-80.6045,NA
"5122",106698,"AOML_FBBB","23",NA,"Nitrate",0.41,NA,25.05432,-80.62534,NA
"5123",106713,"AOML_FBBB","24",NA,"Nitrate",0.25,NA,25.06266,-80.6675,NA
"5124",106728,"AOML_FBBB","25",NA,"Nitrate",0.5,NA,25.05966,-80.71784,NA
"5125",106743,"AOML_FBBB","26",NA,"Nitrate",0.27,NA,25.023,-80.722,NA
"5126",106758,"AOML_FBBB","27",NA,"Nitrate",0.26,NA,25.00552,-80.74946,NA
"5127",106773,"AOML_FBBB","28",NA,"Nitrate",0.27,NA,25,-80.78526,NA
"5128",106788,"AOML_FBBB","29",NA,"Nitrate",0.24,NA,24.99818,-80.81168,NA
"5129",106803,"AOML_FBBB","30",NA,"Nitrate",0.224,NA,24.97534,-80.83534,NA
"5130",106818,"AOML_FBBB","31",NA,"Nitrate",0.24,NA,25.0115,-80.8685,NA
"5131",106833,"AOML_FBBB","32",NA,"Nitrate",0.24,NA,25.01196,-80.92678,NA
"5132",106848,"AOML_FBBB","33",NA,"Nitrate",0.29,NA,25.05506,-80.9203,NA
"5133",106863,"AOML_FBBB","35",NA,"Nitrate",0.45,NA,24.97124,-80.879,NA
"5134",106878,"AOML_FBBB","36",NA,"Nitrate",0.32,NA,24.95882,-80.79218,NA
"5135",106893,"AOML_FBBB","37",NA,"Nitrate",0.36,NA,24.93266,-80.76068,NA
"5136",106908,"AOML_FBBB","38",NA,"Nitrate",0.28,NA,24.9865,-80.6975,NA
"5137",106923,"AOML_FBBB","39",NA,"Nitrate",0.29,NA,25.0085,-80.64568,NA
"5138",106938,"AOML_FBBB","40",NA,"Nitrate",0.43,NA,25.0165,-80.5985,NA
"5139",106953,"AOML_FBBB","B1",NA,"Nitrate",0.53,NA,25.73966,-80.1835,NA
"5140",106968,"AOML_FBBB","B10",NA,"Nitrate",0,NA,25.29666,-80.36168,NA
"5141",106983,"AOML_FBBB","B11",NA,"Nitrate",0,NA,25.23916,-80.37584,NA
"5142",106998,"AOML_FBBB","B12",NA,"Nitrate",0.25,NA,25.25567,-80.42278,NA
"5143",107013,"AOML_FBBB","B13",NA,"Nitrate",0,NA,25.17616,-80.424,NA
"5144",107028,"AOML_FBBB","B14",NA,"Nitrate",0.3,NA,25.46852,-80.2135,NA
"5145",107043,"AOML_FBBB","B15",NA,"Nitrate",0.32,NA,25.58066,-80.19908,NA
"5146",107058,"AOML_FBBB","B16",NA,"Nitrate",0.46,NA,25.66282,-80.187,NA
"5147",107073,"AOML_FBBB","B2",NA,"Nitrate",0.1,NA,25.69042,-80.24732,NA
"5148",107088,"AOML_FBBB","B3",NA,"Nitrate",0.24,NA,25.65368,-80.26408,NA
"5149",107103,"AOML_FBBB","B4",NA,"Nitrate",1.01,NA,25.592,-80.2635,NA
"5150",107118,"AOML_FBBB","B5",NA,"Nitrate",10.84,NA,25.53006,-80.31398,NA
"5151",107133,"AOML_FBBB","B6",NA,"Nitrate",0.76,NA,25.49192,-80.2517,NA
"5152",107148,"AOML_FBBB","B7",NA,"Nitrate",2.69,NA,25.4631,-80.32592,NA
"5153",107163,"AOML_FBBB","B8",NA,"Nitrate",0.48,NA,25.4054,-80.24328,NA
"5154",107178,"AOML_FBBB","B9",NA,"Nitrate",0.46,NA,25.33326,-80.3215,NA
"5155",107193,"AOML_FBBB","1",NA,"Nitrate",1.03,NA,25.18316,-80.4965,NA
"5156",107208,"AOML_FBBB","2",NA,"Nitrate",0.39,NA,25.16772,-80.56112,NA
"5157",107223,"AOML_FBBB","3",NA,"Nitrate",0.34,NA,25.1499,-80.6196,NA
"5158",107238,"AOML_FBBB","4",NA,"Nitrate",0.18,NA,25.13168,-80.67922,NA
"5159",107253,"AOML_FBBB","5",NA,"Nitrate",0.23,NA,25.1159,-80.71944,NA
"5160",107268,"AOML_FBBB","6",NA,"Nitrate",0.15,NA,25.0707,-80.759,NA
"5161",107283,"AOML_FBBB","7",NA,"Nitrate",0,NA,25.1165,-80.79334,NA
"5162",107298,"AOML_FBBB","8",NA,"Nitrate",0.02,NA,25.12846,-80.8645,NA
"5163",107313,"AOML_FBBB","9",NA,"Nitrate",0.07,NA,25.1253,-80.906,NA
"5164",107328,"AOML_FBBB","10",NA,"Nitrate",0,NA,25.112,-80.99632,NA
"5165",107343,"AOML_FBBB","11",NA,"Nitrate",0.12,NA,25.07432,-80.99934,NA
"5166",107358,"AOML_FBBB","12",NA,"Nitrate",0.19,NA,25.11376,-81.06616,NA
"5167",107373,"AOML_FBBB","13",NA,"Nitrate",0.16,NA,25.11332,-81.09634,NA
"5168",107388,"AOML_FBBB","14",NA,"Nitrate",0.17,NA,25.03588,-81.0281,NA
"5169",107403,"AOML_FBBB","15",NA,"Nitrate",0.2,NA,24.93232,-80.94818,NA
"5170",107418,"AOML_FBBB","16",NA,"Nitrate",0.21,NA,24.87508,-80.83028,NA
"5171",107433,"AOML_FBBB","17",NA,"Nitrate",1.07,NA,24.92236,-80.70868,NA
"5172",107448,"AOML_FBBB","18",NA,"Nitrate",1.32,NA,24.97816,-80.61118,NA
"5173",107463,"AOML_FBBB","19",NA,"Nitrate",0.18,NA,25.0190166666667,-80.549,NA
"5174",107478,"AOML_FBBB","20",NA,"Nitrate",0.59,NA,25.0674,-80.4931,NA
"5175",107493,"AOML_FBBB","34",NA,"Nitrate",0,NA,24.98856,-80.95596,NA
"5176",107508,"AOML_FBBB","21",NA,"Nitrate",0.67,NA,25.11316,-80.51534,NA
"5177",107523,"AOML_FBBB","22",NA,"Nitrate",0.36,NA,25.09966,-80.60406,NA
"5178",107538,"AOML_FBBB","23",NA,"Nitrate",0.03,NA,25.05516,-80.62436,NA
"5179",107553,"AOML_FBBB","24",NA,"Nitrate",0,NA,25.0629,-80.66706,NA
"5180",107568,"AOML_FBBB","25",NA,"Nitrate",0.15,NA,25.06002,-80.71768,NA
"5181",107583,"AOML_FBBB","26",NA,"Nitrate",0.07,NA,25.02316,-80.7225,NA
"5182",107598,"AOML_FBBB","27",NA,"Nitrate",0,NA,25.0056,-80.74832,NA
"5183",107613,"AOML_FBBB","28",NA,"Nitrate",0.17,NA,25.00056,-80.78484,NA
"5184",107628,"AOML_FBBB","29",NA,"Nitrate",0.22,NA,24.99766,-80.81084,NA
"5185",107643,"AOML_FBBB","30",NA,"Nitrate",0,NA,24.97496,-80.83498,NA
"5186",107658,"AOML_FBBB","31",NA,"Nitrate",0.03,NA,25.01126,-80.869,NA
"5187",107673,"AOML_FBBB","32",NA,"Nitrate",0,NA,25.01122,-80.92596,NA
"5188",107688,"AOML_FBBB","33",NA,"Nitrate",0.01,NA,25.05398,-80.9201,NA
"5189",107703,"AOML_FBBB","35",NA,"Nitrate",0,NA,24.9728,-80.87974,NA
"5190",107718,"AOML_FBBB","36",NA,"Nitrate",0,NA,24.95916,-80.79334,NA
"5191",107733,"AOML_FBBB","37",NA,"Nitrate",0.17,NA,24.93266,-80.76008,NA
"5192",107748,"AOML_FBBB","38",NA,"Nitrate",0,NA,24.98602,-80.6968,NA
"5193",107763,"AOML_FBBB","39",NA,"Nitrate",0,NA,25.00732,-80.64618,NA
"5194",107778,"AOML_FBBB","40",NA,"Nitrate",0.51,NA,25.017,-80.59868,NA
"5195",107793,"AOML_FBBB","B1",NA,"Nitrate",1.23,NA,25.7385,-80.18334,NA
"5196",107808,"AOML_FBBB","B10",NA,"Nitrate",0.3,NA,25.29592,-80.36228,NA
"5197",107823,"AOML_FBBB","B11",NA,"Nitrate",0.28,NA,25.2372,-80.37632,NA
"5198",107838,"AOML_FBBB","B12",NA,"Nitrate",0.46,NA,25.25578,-80.42328,NA
"5199",107853,"AOML_FBBB","B13",NA,"Nitrate",0.54,NA,25.1753,-80.4238,NA
"5200",107868,"AOML_FBBB","B14",NA,"Nitrate",0.33,NA,25.46744,-80.2132,NA
"5201",107883,"AOML_FBBB","B15",NA,"Nitrate",0.51,NA,25.57982,-80.1981,NA
"5202",107898,"AOML_FBBB","B16",NA,"Nitrate",1.06,NA,25.66232,-80.187,NA
"5203",107913,"AOML_FBBB","B2",NA,"Nitrate",1.3,NA,25.6899,-80.24846,NA
"5204",107928,"AOML_FBBB","B3",NA,"Nitrate",0.65,NA,25.6538,-80.26432,NA
"5205",107943,"AOML_FBBB","B4",NA,"Nitrate",0.42,NA,25.59132,-80.26368,NA
"5206",107958,"AOML_FBBB","B5",NA,"Nitrate",0.62,NA,25.53026,-80.31444,NA
"5207",107973,"AOML_FBBB","B6",NA,"Nitrate",0.55,NA,25.49198,-80.25234,NA
"5208",107988,"AOML_FBBB","B7",NA,"Nitrate",0.88,NA,25.4632,-80.32568,NA
"5209",108003,"AOML_FBBB","B8",NA,"Nitrate",0.81,NA,25.40466,-80.243,NA
"5210",108018,"AOML_FBBB","B9",NA,"Nitrate",0.46,NA,25.3328,-80.3224,NA
"5211",108033,"AOML_FBBB","1",NA,"Nitrate",0.55,NA,25.18416,-80.49734,NA
"5212",108048,"AOML_FBBB","2",NA,"Nitrate",1.75,NA,25.16742,-80.5617,NA
"5213",108063,"AOML_FBBB","3",NA,"Nitrate",0.63,NA,25.1505,-80.62018,NA
"5214",108078,"AOML_FBBB","4",NA,"Nitrate",0.56,NA,25.13216,-80.68018,NA
"5215",108093,"AOML_FBBB","5",NA,"Nitrate",0.57,NA,25.1153,-80.7213,NA
"5216",108108,"AOML_FBBB","6",NA,"Nitrate",0.88,NA,25.0705,-80.75834,NA
"5217",108123,"AOML_FBBB","7",NA,"Nitrate",0.73,NA,25.11682,-80.79368,NA
"5218",108138,"AOML_FBBB","8",NA,"Nitrate",0.64,NA,25.12832,-80.86426,NA
"5219",108153,"AOML_FBBB","9",NA,"Nitrate",0.37,NA,25.12728,-80.9056,NA
"5220",108168,"AOML_FBBB","10",NA,"Nitrate",1.78,NA,25.11122,-80.99618,NA
"5221",108183,"AOML_FBBB","11",NA,"Nitrate",5.49,NA,25.07438,-80.99972,NA
"5222",108198,"AOML_FBBB","12",NA,"Nitrate",1.42,NA,25.11306,-81.06588,NA
"5223",108213,"AOML_FBBB","13",NA,"Nitrate",0.92,NA,25.11332,-81.0963,NA
"5224",108228,"AOML_FBBB","14",NA,"Nitrate",0.9,NA,25.0345,-81.02844,NA
"5225",108243,"AOML_FBBB","15",NA,"Nitrate",0.89,NA,24.93166,-80.94838,NA
"5226",108258,"AOML_FBBB","16",NA,"Nitrate",1.45,NA,24.8755,-80.83018,NA
"5227",108273,"AOML_FBBB","17",NA,"Nitrate",1.72,NA,24.92266,-80.70856,NA
"5228",108288,"AOML_FBBB","18",NA,"Nitrate",1.38,NA,24.9785,-80.61126,NA
"5229",108303,"AOML_FBBB","19",NA,"Nitrate",1.24,NA,25.02082,-80.54884,NA
"5230",108318,"AOML_FBBB","20",NA,"Nitrate",9.27,NA,25.06802,-80.49226,NA
"5231",108333,"AOML_FBBB","34",NA,"Nitrate",0,NA,24.98846,-80.95584,NA
"5232",108348,"AOML_FBBB","21",NA,"Nitrate",0.38,NA,25.113,-80.51584,NA
"5233",108363,"AOML_FBBB","22",NA,"Nitrate",0.35,NA,25.10066,-80.605,NA
"5234",108378,"AOML_FBBB","23",NA,"Nitrate",0,NA,25.05472,-80.625,NA
"5235",108393,"AOML_FBBB","24",NA,"Nitrate",0.11,NA,25.0636,-80.6672,NA
"5236",108408,"AOML_FBBB","25",NA,"Nitrate",0,NA,25.05982,-80.71834,NA
"5237",108423,"AOML_FBBB","26",NA,"Nitrate",0,NA,25.02316,-80.72212,NA
"5238",108438,"AOML_FBBB","27",NA,"Nitrate",0.01,NA,25.00524,-80.74934,NA
"5239",108453,"AOML_FBBB","28",NA,"Nitrate",0,NA,25.00048,-80.78536,NA
"5240",108468,"AOML_FBBB","29",NA,"Nitrate",0,NA,24.99826,-80.81138,NA
"5241",108483,"AOML_FBBB","30",NA,"Nitrate",0.08,NA,24.97572,-80.83562,NA
"5242",108498,"AOML_FBBB","31",NA,"Nitrate",0,NA,25.0116,-80.86862,NA
"5243",108513,"AOML_FBBB","32",NA,"Nitrate",0,NA,25.01232,-80.9261,NA
"5244",108528,"AOML_FBBB","33",NA,"Nitrate",0,NA,25.05532,-80.92034,NA
"5245",108543,"AOML_FBBB","35",NA,"Nitrate",0,NA,24.97116,-80.87884,NA
"5246",108558,"AOML_FBBB","36",NA,"Nitrate",NA,NA,24.95964,-80.79354,NA
"5247",108573,"AOML_FBBB","37",NA,"Nitrate",0.07,NA,24.93284,-80.7584,NA
"5248",108588,"AOML_FBBB","38",NA,"Nitrate",0,NA,24.98632,-80.69718,NA
"5249",108603,"AOML_FBBB","39",NA,"Nitrate",0,NA,25.0085,-80.64568,NA
"5250",108618,"AOML_FBBB","40",NA,"Nitrate",0.02,NA,25.01676,-80.59876,NA
"5251",108633,"AOML_FBBB","B1",NA,"Nitrate",0,NA,25.739,-80.18318,NA
"5252",108648,"AOML_FBBB","B10",NA,"Nitrate",0,NA,25.29616,-80.36184,NA
"5253",108663,"AOML_FBBB","B11",NA,"Nitrate",0,NA,25.23832,-80.37618,NA
"5254",108678,"AOML_FBBB","B12",NA,"Nitrate",0,NA,25.25632,-80.4225,NA
"5255",108693,"AOML_FBBB","B13",NA,"Nitrate",0,NA,25.17596,-80.4241,NA
"5256",108708,"AOML_FBBB","B14",NA,"Nitrate",0,NA,25.468,-80.21368,NA
"5257",108723,"AOML_FBBB","B15",NA,"Nitrate",0,NA,25.5801,-80.1988,NA
"5258",108738,"AOML_FBBB","B16",NA,"Nitrate",NA,NA,25.66262,-80.18734,NA
"5259",108753,"AOML_FBBB","B2",NA,"Nitrate",0,NA,25.69046,-80.24809,NA
"5260",108768,"AOML_FBBB","B3",NA,"Nitrate",0,NA,25.65382,-80.264,NA
"5261",108783,"AOML_FBBB","B4",NA,"Nitrate",0,NA,25.59174,-80.26348,NA
"5262",108798,"AOML_FBBB","B5",NA,"Nitrate",0,NA,25.53016,-80.31452,NA
"5263",108813,"AOML_FBBB","B6",NA,"Nitrate",0,NA,25.49232,-80.25218,NA
"5264",108828,"AOML_FBBB","B7",NA,"Nitrate",0.36,NA,25.46302,-80.3254,NA
"5265",108843,"AOML_FBBB","B8",NA,"Nitrate",0,NA,25.40528,-80.24328,NA
"5266",108858,"AOML_FBBB","B9",NA,"Nitrate",0,NA,25.33314,-80.32264,NA
"5267",108873,"AOML_FBBB","1",NA,"Nitrate",2.39,NA,25.18424,-80.49658,NA
"5268",108888,"AOML_FBBB","2",NA,"Nitrate",0.26,NA,25.16772,-80.56216,NA
"5269",108903,"AOML_FBBB","3",NA,"Nitrate",0.6,NA,25.15,-80.6205,NA
"5270",108918,"AOML_FBBB","4",NA,"Nitrate",0.02,NA,25.13156,-80.68066,NA
"5271",108933,"AOML_FBBB","5",NA,"Nitrate",0,NA,25.11632,-80.72012,NA
"5272",108948,"AOML_FBBB","6",NA,"Nitrate",0.05,NA,25.06958,-80.75826,NA
"5273",108963,"AOML_FBBB","7",NA,"Nitrate",0.85,NA,25.11682,-80.79418,NA
"5274",108978,"AOML_FBBB","8",NA,"Nitrate",0.1,NA,25.12916,-80.86584,NA
"5275",108993,"AOML_FBBB","9",NA,"Nitrate",0.44,NA,25.12682,-80.90616,NA
"5276",109008,"AOML_FBBB","10",NA,"Nitrate",3.87,NA,25.1115,-80.99578,NA
"5277",109023,"AOML_FBBB","11",NA,"Nitrate",0.2,NA,25.0743,-80.99974,NA
"5278",109038,"AOML_FBBB","12",NA,"Nitrate",3.66,NA,25.11326,-81.06568,NA
"5279",109053,"AOML_FBBB","13",NA,"Nitrate",2.22,NA,25.1125,-81.096,NA
"5280",109068,"AOML_FBBB","14",NA,"Nitrate",0.45,NA,25.03332,-81.0285,NA
"5281",109083,"AOML_FBBB","15",NA,"Nitrate",0,NA,24.93016,-80.9475,NA
"5282",109098,"AOML_FBBB","16",NA,"Nitrate",0.62,NA,24.87516,-80.83052,NA
"5283",109113,"AOML_FBBB","17",NA,"Nitrate",0.49,NA,24.9209,-80.70628,NA
"5284",109128,"AOML_FBBB","18",NA,"Nitrate",0.56,NA,24.978,-80.61102,NA
"5285",109143,"AOML_FBBB","19",NA,"Nitrate",0.04,NA,25.0202,-80.5495,NA
"5286",109158,"AOML_FBBB","20",NA,"Nitrate",0.61,NA,25.06732,-80.49268,NA
"5287",109173,"AOML_FBBB","34",NA,"Nitrate",0,NA,24.98892,-80.9556,NA
"5288",109188,"AOML_FBBB","21",NA,"Nitrate",1.01,NA,25.1129,-80.5155,NA
"5289",109203,"AOML_FBBB","22",NA,"Nitrate",0.61,NA,25.10032,-80.60476,NA
"5290",109218,"AOML_FBBB","23",NA,"Nitrate",0.17,NA,25.05532,-80.6251,NA
"5291",109233,"AOML_FBBB","24",NA,"Nitrate",0,NA,25.06366,-80.66734,NA
"5292",109248,"AOML_FBBB","25",NA,"Nitrate",0,NA,25.06024,-80.7179,NA
"5293",109263,"AOML_FBBB","26",NA,"Nitrate",0,NA,25.02296,-80.72152,NA
"5294",109278,"AOML_FBBB","27",NA,"Nitrate",0,NA,25.00552,-80.74934,NA
"5295",109293,"AOML_FBBB","28",NA,"Nitrate",0,NA,24.99982,-80.78534,NA
"5296",109308,"AOML_FBBB","29",NA,"Nitrate",0,NA,24.99822,-80.81136,NA
"5297",109323,"AOML_FBBB","30",NA,"Nitrate",0,NA,24.9763,-80.836,NA
"5298",109338,"AOML_FBBB","31",NA,"Nitrate",0,NA,25.01156,-80.86888,NA
"5299",109353,"AOML_FBBB","32",NA,"Nitrate",0,NA,25.01278,-80.92656,NA
"5300",109368,"AOML_FBBB","33",NA,"Nitrate",0,NA,25.05582,-80.91968,NA
"5301",109383,"AOML_FBBB","35",NA,"Nitrate",0,NA,24.97166,-80.87918,NA
"5302",109398,"AOML_FBBB","36",NA,"Nitrate",0,NA,24.95974,-80.79352,NA
"5303",109413,"AOML_FBBB","37",NA,"Nitrate",0,NA,24.93166,-80.76168,NA
"5304",109428,"AOML_FBBB","38",NA,"Nitrate",0.39,NA,24.98576,-80.69698,NA
"5305",109443,"AOML_FBBB","39",NA,"Nitrate",0.01,NA,25.00822,-80.64606,NA
"5306",109458,"AOML_FBBB","40",NA,"Nitrate",0.1,NA,25.0175,-80.59952,NA
"5307",109473,"AOML_FBBB","B1",NA,"Nitrate",0.4,NA,25.73914,-80.18342,NA
"5308",109488,"AOML_FBBB","B10",NA,"Nitrate",0.19,NA,25.29732,-80.36218,NA
"5309",109503,"AOML_FBBB","B11",NA,"Nitrate",0.23,NA,25.23916,-80.37558,NA
"5310",109518,"AOML_FBBB","B12",NA,"Nitrate",0.55,NA,25.25614,-80.42294,NA
"5311",109533,"AOML_FBBB","B13",NA,"Nitrate",0.14,NA,25.17554,-80.42338,NA
"5312",109548,"AOML_FBBB","B14",NA,"Nitrate",0.22,NA,25.46856,-80.2136,NA
"5313",109563,"AOML_FBBB","B15",NA,"Nitrate",0.51,NA,25.58066,-80.1985,NA
"5314",109578,"AOML_FBBB","B16",NA,"Nitrate",0.58,NA,25.66266,-80.18768,NA
"5315",109593,"AOML_FBBB","B2",NA,"Nitrate",0.68,NA,25.69048,-80.24814,NA
"5316",109608,"AOML_FBBB","B3",NA,"Nitrate",0.01,NA,25.6537,-80.264,NA
"5317",109623,"AOML_FBBB","B4",NA,"Nitrate",0.4,NA,25.59166,-80.264,NA
"5318",109638,"AOML_FBBB","B5",NA,"Nitrate",1.94,NA,25.53014,-80.3147,NA
"5319",109653,"AOML_FBBB","B6",NA,"Nitrate",0.32,NA,25.492,-80.25272,NA
"5320",109668,"AOML_FBBB","B7",NA,"Nitrate",0.32,NA,25.4633,-80.32534,NA
"5321",109683,"AOML_FBBB","B8",NA,"Nitrate",0.28,NA,25.405,-80.24384,NA
"5322",109698,"AOML_FBBB","B9",NA,"Nitrate",0.24,NA,25.33332,-80.32284,NA
"5323",109713,"AOML_FBBB","1",NA,"Nitrate",0.75,NA,25.18402,-80.49648,NA
"5324",109728,"AOML_FBBB","2",NA,"Nitrate",0.45,NA,25.16732,-80.56162,NA
"5325",109743,"AOML_FBBB","3",NA,"Nitrate",0.34,NA,25.1503,-80.6209,NA
"5326",109758,"AOML_FBBB","4",NA,"Nitrate",0.15,NA,25.1317,-80.6806,NA
"5327",109773,"AOML_FBBB","5",NA,"Nitrate",0.2,NA,25.11566,-80.72068,NA
"5328",109788,"AOML_FBBB","6",NA,"Nitrate",0.2,NA,25.06986,-80.75858,NA
"5329",109803,"AOML_FBBB","7",NA,"Nitrate",0,NA,25.1162,-80.7934,NA
"5330",109818,"AOML_FBBB","8",NA,"Nitrate",0.08,NA,25.1285,-80.86472,NA
"5331",109833,"AOML_FBBB","9",NA,"Nitrate",0.54,NA,25.127,-80.906,NA
"5332",109848,"AOML_FBBB","10",NA,"Nitrate",0,NA,25.1112,-80.99596,NA
"5333",109863,"AOML_FBBB","11",NA,"Nitrate",0.15,NA,25.07372,-80.99982,NA
"5334",109878,"AOML_FBBB","12",NA,"Nitrate",0.27,NA,25.11316,-81.06668,NA
"5335",109893,"AOML_FBBB","13",NA,"Nitrate",0.12,NA,25.11366,-81.0975,NA
"5336",109908,"AOML_FBBB","14",NA,"Nitrate",0,NA,25.03372,-81.02856,NA
"5337",109923,"AOML_FBBB","15",NA,"Nitrate",0.21,NA,24.93066,-80.948,NA
"5338",109938,"AOML_FBBB","16",NA,"Nitrate",0.1,NA,24.87492,-80.83008,NA
"5339",109953,"AOML_FBBB","17",NA,"Nitrate",0.28,NA,24.92226,-80.7095,NA
"5340",109968,"AOML_FBBB","18",NA,"Nitrate",0.35,NA,24.97778,-80.61056,NA
"5341",109983,"AOML_FBBB","19",NA,"Nitrate",0.29,NA,25.01988,-80.55034,NA
"5342",109998,"AOML_FBBB","20",NA,"Nitrate",0.68,NA,25.0675,-80.4925,NA
"5343",110013,"AOML_FBBB","34",NA,"Nitrate",0,NA,24.98822,-80.9565,NA
"5344",110028,"AOML_FBBB","21",NA,"Nitrate",0.94,NA,25.11382,-80.51618,NA
"5345",110043,"AOML_FBBB","22",NA,"Nitrate",0.11,NA,25.1005,-80.60459,NA
"5346",110058,"AOML_FBBB","23",NA,"Nitrate",0,NA,25.0552,-80.62578,NA
"5347",110073,"AOML_FBBB","24",NA,"Nitrate",0,NA,25.0637,-80.66732,NA
"5348",110088,"AOML_FBBB","25",NA,"Nitrate",0,NA,25.06046,-80.7174,NA
"5349",110103,"AOML_FBBB","26",NA,"Nitrate",0,NA,25.0246,-80.722,NA
"5350",110118,"AOML_FBBB","27",NA,"Nitrate",0,NA,25.00532,-80.74962,NA
"5351",110133,"AOML_FBBB","28",NA,"Nitrate",0,NA,25.0005,-80.78518,NA
"5352",110148,"AOML_FBBB","29",NA,"Nitrate",0,NA,24.99846,-80.81116,NA
"5353",110163,"AOML_FBBB","30",NA,"Nitrate",0,NA,24.97566,-80.83502,NA
"5354",110178,"AOML_FBBB","31",NA,"Nitrate",0,NA,25.0112,-80.86866,NA
"5355",110193,"AOML_FBBB","32",NA,"Nitrate",0,NA,25.01168,-80.92568,NA
"5356",110208,"AOML_FBBB","33",NA,"Nitrate",0,NA,25.05556,-80.92018,NA
"5357",110223,"AOML_FBBB","35",NA,"Nitrate",0,NA,24.97202,-80.87946,NA
"5358",110238,"AOML_FBBB","36",NA,"Nitrate",0,NA,24.95874,-80.7941,NA
"5359",110253,"AOML_FBBB","37",NA,"Nitrate",0,NA,24.93238,-80.76146,NA
"5360",110268,"AOML_FBBB","38",NA,"Nitrate",0,NA,24.98566,-80.6965,NA
"5361",110283,"AOML_FBBB","39",NA,"Nitrate",0,NA,25.00898,-80.64668,NA
"5362",110298,"AOML_FBBB","40",NA,"Nitrate",0,NA,25.01634,-80.59922,NA
"5363",110313,"AOML_FBBB","B1",NA,"Nitrate",0.75,NA,25.7393,-80.18394,NA
"5364",110328,"AOML_FBBB","B10",NA,"Nitrate",0.22,NA,25.29732,-80.36116,NA
"5365",110343,"AOML_FBBB","B11",NA,"Nitrate",0,NA,25.2383,-80.37528,NA
"5366",110358,"AOML_FBBB","B12",NA,"Nitrate",0.42,NA,25.2565,-80.4221,NA
"5367",110373,"AOML_FBBB","B13",NA,"Nitrate",0.21,NA,25.17588,-80.42588,NA
"5368",110388,"AOML_FBBB","B14",NA,"Nitrate",0.26,NA,25.46668,-80.21234,NA
"5369",110403,"AOML_FBBB","B15",NA,"Nitrate",0.19,NA,25.5803,-80.19856,NA
"5370",110418,"AOML_FBBB","B16",NA,"Nitrate",1.23,NA,25.6619,-80.1868,NA
"5371",110433,"AOML_FBBB","B2",NA,"Nitrate",1.74,NA,25.69116,-80.24768,NA
"5372",110448,"AOML_FBBB","B3",NA,"Nitrate",0.52,NA,25.6539,-80.26372,NA
"5373",110463,"AOML_FBBB","B4",NA,"Nitrate",0.22,NA,25.592,-80.2637,NA
"5374",110478,"AOML_FBBB","B5",NA,"Nitrate",0.25,NA,25.52966,-80.31284,NA
"5375",110493,"AOML_FBBB","B6",NA,"Nitrate",0.69,NA,25.49264,-80.25226,NA
"5376",110508,"AOML_FBBB","B7",NA,"Nitrate",0.19,NA,25.46316,-80.32418,NA
"5377",110523,"AOML_FBBB","B8",NA,"Nitrate",0.93,NA,25.40416,-80.24418,NA
"5378",110538,"AOML_FBBB","B9",NA,"Nitrate",0.37,NA,25.33264,-80.32204,NA
"5379",110553,"AOML_FBBB","1",NA,"Nitrate",1.7,NA,25.18372,-80.49644,NA
"5380",110568,"AOML_FBBB","2",NA,"Nitrate",0.1,NA,25.1673,-80.56502,NA
"5381",110583,"AOML_FBBB","3",NA,"Nitrate",0.11,NA,25.15066,-80.6205,NA
"5382",110598,"AOML_FBBB","4",NA,"Nitrate",0.13,NA,25.1322,-80.68022,NA
"5383",110613,"AOML_FBBB","5",NA,"Nitrate",0,NA,25.11532,-80.72002,NA
"5384",110628,"AOML_FBBB","6",NA,"Nitrate",0,NA,25.06998,-80.75934,NA
"5385",110643,"AOML_FBBB","7",NA,"Nitrate",0,NA,25.11616,-80.79384,NA
"5386",110658,"AOML_FBBB","8",NA,"Nitrate",0,NA,25.128,-80.86402,NA
"5387",110673,"AOML_FBBB","9",NA,"Nitrate",0,NA,25.12718,-80.90592,NA
"5388",110688,"AOML_FBBB","10",NA,"Nitrate",1.08,NA,25.1116,-80.996,NA
"5389",110703,"AOML_FBBB","11",NA,"Nitrate",0,NA,25.07472,-80.99978,NA
"5390",110718,"AOML_FBBB","12",NA,"Nitrate",0.22,NA,25.1125,-81.06534,NA
"5391",110733,"AOML_FBBB","13",NA,"Nitrate",0,NA,25.1116,-81.0958,NA
"5392",110748,"AOML_FBBB","14",NA,"Nitrate",0,NA,25.03482,-81.02918,NA
"5393",110763,"AOML_FBBB","15",NA,"Nitrate",0,NA,24.93158,-80.94838,NA
"5394",110778,"AOML_FBBB","16",NA,"Nitrate",0.26,NA,24.87482,-80.82968,NA
"5395",110793,"AOML_FBBB","17",NA,"Nitrate",1.59,NA,24.9225,-80.70856,NA
"5396",110808,"AOML_FBBB","18",NA,"Nitrate",2.4,NA,24.97766,-80.61134,NA
"5397",110823,"AOML_FBBB","19",NA,"Nitrate",0.19,NA,25.02002,-80.54992,NA
"5398",110838,"AOML_FBBB","20",NA,"Nitrate",0.33,NA,25.06692,-80.49334,NA
"5399",110853,"AOML_FBBB","34",NA,"Nitrate",0,NA,24.98762,-80.9559,NA
"5400",110868,"AOML_FBBB","21",NA,"Nitrate",0.44,NA,25.11244,-80.5162,NA
"5401",110883,"AOML_FBBB","22",NA,"Nitrate",0.79,NA,25.1011,-80.60438,NA
"5402",110898,"AOML_FBBB","23",NA,"Nitrate",0.05,NA,25.05586,-80.625,NA
"5403",110913,"AOML_FBBB","24",NA,"Nitrate",0.04,NA,25.06354,-80.66736,NA
"5404",110928,"AOML_FBBB","25",NA,"Nitrate",0.09,NA,25.06032,-80.71768,NA
"5405",110943,"AOML_FBBB","26",NA,"Nitrate",0,NA,25.02382,-80.722,NA
"5406",110958,"AOML_FBBB","27",NA,"Nitrate",0.08,NA,25.0053,-80.74848,NA
"5407",110973,"AOML_FBBB","28",NA,"Nitrate",0.08,NA,25.00066,-80.78414,NA
"5408",110988,"AOML_FBBB","29",NA,"Nitrate",0.17,NA,24.999,-80.81066,NA
"5409",111003,"AOML_FBBB","30",NA,"Nitrate",0.1,NA,24.97536,-80.83446,NA
"5410",111018,"AOML_FBBB","31",NA,"Nitrate",0.08,NA,25.01116,-80.8685,NA
"5411",111033,"AOML_FBBB","32",NA,"Nitrate",0,NA,25.01116,-80.9255,NA
"5412",111048,"AOML_FBBB","33",NA,"Nitrate",0,NA,25.05482,-80.91918,NA
"5413",111063,"AOML_FBBB","35",NA,"Nitrate",0.03,NA,24.97706,-80.87978,NA
"5414",111078,"AOML_FBBB","36",NA,"Nitrate",0.06,NA,24.9602,-80.79316,NA
"5415",111093,"AOML_FBBB","37",NA,"Nitrate",0.51,NA,24.9315,-80.76168,NA
"5416",111108,"AOML_FBBB","38",NA,"Nitrate",0.04,NA,24.98516,-80.69752,NA
"5417",111123,"AOML_FBBB","39",NA,"Nitrate",0.07,NA,25.00826,-80.64624,NA
"5418",111138,"AOML_FBBB","40",NA,"Nitrate",0.01,NA,25.0165,-80.59884,NA
"5419",111153,"AOML_FBBB","B1",NA,"Nitrate",0.38,NA,25.7393,-80.1834,NA
"5420",111168,"AOML_FBBB","B10",NA,"Nitrate",0.4,NA,25.29716,-80.362,NA
"5421",111183,"AOML_FBBB","B11",NA,"Nitrate",0.15,NA,25.23886,-80.37568,NA
"5422",111198,"AOML_FBBB","B12",NA,"Nitrate",0.62,NA,25.25609,-80.42216,NA
"5423",111213,"AOML_FBBB","B13",NA,"Nitrate",0.3,NA,25.17564,-80.42296,NA
"5424",111228,"AOML_FBBB","B14",NA,"Nitrate",0.49,NA,25.46798,-80.21344,NA
"5425",111243,"AOML_FBBB","B15",NA,"Nitrate",0.47,NA,25.57998,-80.19814,NA
"5426",111258,"AOML_FBBB","B16",NA,"Nitrate",0.68,NA,25.66248,-80.187,NA
"5427",111273,"AOML_FBBB","B2",NA,"Nitrate",0.77,NA,25.69028,-80.24824,NA
"5428",111288,"AOML_FBBB","B3",NA,"Nitrate",0.96,NA,25.65396,-80.26366,NA
"5429",111303,"AOML_FBBB","B4",NA,"Nitrate",0.41,NA,25.59098,-80.2632,NA
"5430",111318,"AOML_FBBB","B5",NA,"Nitrate",0.5,NA,25.53014,-80.31454,NA
"5431",111333,"AOML_FBBB","B6",NA,"Nitrate",0.64,NA,25.4922,-80.25126,NA
"5432",111348,"AOML_FBBB","B7",NA,"Nitrate",4.07,NA,25.46314,-80.32544,NA
"5433",111363,"AOML_FBBB","B8",NA,"Nitrate",0.58,NA,25.40504,-80.2435,NA
"5434",111378,"AOML_FBBB","B9",NA,"Nitrate",0.68,NA,25.3334,-80.32106,NA
"5435",111393,"AOML_FBBB","1",NA,"Nitrate",0.41,NA,25.18474,-80.49634,NA
"5436",111408,"AOML_FBBB","2",NA,"Nitrate",0.37,NA,25.16778,-80.56154,NA
"5437",111423,"AOML_FBBB","3",NA,"Nitrate",0.14,NA,25.14996,-80.62084,NA
"5438",111438,"AOML_FBBB","4",NA,"Nitrate",0.06,NA,25.13212,-80.68008,NA
"5439",111453,"AOML_FBBB","5",NA,"Nitrate",0.07,NA,25.11574,-80.7194,NA
"5440",111468,"AOML_FBBB","6",NA,"Nitrate",0,NA,25.07036,-80.7593,NA
"5441",111483,"AOML_FBBB","7",NA,"Nitrate",0,NA,25.11652,-80.79348,NA
"5442",111498,"AOML_FBBB","8",NA,"Nitrate",0.15,NA,25.12798,-80.86394,NA
"5443",111513,"AOML_FBBB","9",NA,"Nitrate",0.13,NA,25.1266,-80.90596,NA
"5444",111528,"AOML_FBBB","10",NA,"Nitrate",0,NA,25.11156,-80.9955,NA
"5445",111543,"AOML_FBBB","11",NA,"Nitrate",0,NA,25.0747,-80.99972,NA
"5446",111558,"AOML_FBBB","12",NA,"Nitrate",1.48,NA,25.11224,-81.06534,NA
"5447",111573,"AOML_FBBB","13",NA,"Nitrate",0.13,NA,25.11252,-81.09606,NA
"5448",111588,"AOML_FBBB","14",NA,"Nitrate",0,NA,25.03432,-81.02758,NA
"5449",111603,"AOML_FBBB","15",NA,"Nitrate",0,NA,24.93118,-80.94854,NA
"5450",111618,"AOML_FBBB","16",NA,"Nitrate",0.08,NA,24.87506,-80.8305666666667,NA
"5451",111633,"AOML_FBBB","17",NA,"Nitrate",1.73,NA,24.92246,-80.70852,NA
"5452",111648,"AOML_FBBB","18",NA,"Nitrate",1.17,NA,24.97784,-80.61148,NA
"5453",111663,"AOML_FBBB","19",NA,"Nitrate",0.17,NA,25.01972,-80.54864,NA
"5454",111678,"AOML_FBBB","20",NA,"Nitrate",0.57,NA,25.06678,-80.49242,NA
"5455",111693,"AOML_FBBB","34",NA,"Nitrate",0,NA,24.9884,-80.95592,NA
"5456",111708,"AOML_FBBB","21",NA,"Nitrate",0.76,NA,25.11286,-80.51492,NA
"5457",111723,"AOML_FBBB","22",NA,"Nitrate",0.66,NA,25.10014,-80.60376,NA
"5458",111738,"AOML_FBBB","23",NA,"Nitrate",0.37,NA,25.05514,-80.62438,NA
"5459",111753,"AOML_FBBB","24",NA,"Nitrate",0.41,NA,25.06362,-80.6667,NA
"5460",111768,"AOML_FBBB","25",NA,"Nitrate",0.21,NA,25.0601,-80.71728,NA
"5461",111783,"AOML_FBBB","26",NA,"Nitrate",0.22,NA,25.02386,-80.72182,NA
"5462",111798,"AOML_FBBB","27",NA,"Nitrate",0.33,NA,25.00566,-80.74936,NA
"5463",111813,"AOML_FBBB","28",NA,"Nitrate",0.16,NA,25.00102,-80.78442,NA
"5464",111828,"AOML_FBBB","29",NA,"Nitrate",0.28,NA,24.99804,-80.81134,NA
"5465",111843,"AOML_FBBB","30",NA,"Nitrate",0.41,NA,24.97582,-80.83546,NA
"5466",111858,"AOML_FBBB","31",NA,"Nitrate",0.25,NA,25.01096,-80.86942,NA
"5467",111873,"AOML_FBBB","32",NA,"Nitrate",0.08,NA,25.01188,-80.92634,NA
"5468",111888,"AOML_FBBB","33",NA,"Nitrate",0.09,NA,25.05434,-80.9206,NA
"5469",111903,"AOML_FBBB","35",NA,"Nitrate",0.27,NA,24.97182,-80.87912,NA
"5470",111918,"AOML_FBBB","36",NA,"Nitrate",0.38,NA,24.95986,-80.79336,NA
"5471",111933,"AOML_FBBB","37",NA,"Nitrate",0.21,NA,24.9324,-80.76102,NA
"5472",111948,"AOML_FBBB","38",NA,"Nitrate",0.38,NA,24.98588,-80.69746,NA
"5473",111963,"AOML_FBBB","39",NA,"Nitrate",0.34,NA,25.00778,-80.6464,NA
"5474",111978,"AOML_FBBB","40",NA,"Nitrate",0.04,NA,25.01768,-80.59832,NA
"5475",111993,"AOML_FBBB","B1",NA,"Nitrate",0.43,NA,25.74056,-80.18158,NA
"5476",112008,"AOML_FBBB","B10",NA,"Nitrate",0.06,NA,25.2971,-80.3619,NA
"5477",112023,"AOML_FBBB","B11",NA,"Nitrate",0.04,NA,25.23938,-80.3768,NA
"5478",112038,"AOML_FBBB","B12",NA,"Nitrate",0.19,NA,25.25626,-80.42134,NA
"5479",112053,"AOML_FBBB","B13",NA,"Nitrate",0.09,NA,25.17632,-80.42306,NA
"5480",112068,"AOML_FBBB","B14",NA,"Nitrate",0.32,NA,25.46788,-80.21266,NA
"5481",112083,"AOML_FBBB","B15",NA,"Nitrate",0.13,NA,25.58062,-80.19734,NA
"5482",112098,"AOML_FBBB","B16",NA,"Nitrate",0.28,NA,25.66234,-80.18712,NA
"5483",112113,"AOML_FBBB","B2",NA,"Nitrate",0.33,NA,25.6903,-80.24814,NA
"5484",112128,"AOML_FBBB","B3",NA,"Nitrate",0.19,NA,25.65504,-80.26318,NA
"5485",112143,"AOML_FBBB","B4",NA,"Nitrate",0.21,NA,25.59282,-80.26406,NA
"5486",112158,"AOML_FBBB","B5",NA,"Nitrate",0.06,NA,25.5296,-80.31254,NA
"5487",112173,"AOML_FBBB","B6",NA,"Nitrate",0.17,NA,25.49304,-80.25196,NA
"5488",112188,"AOML_FBBB","B7",NA,"Nitrate",0.11,NA,25.46324,-80.32486,NA
"5489",112203,"AOML_FBBB","B8",NA,"Nitrate",0.05,NA,25.40674,-80.24332,NA
"5490",112218,"AOML_FBBB","B9",NA,"Nitrate",0.08,NA,25.33398,-80.32106,NA
"5491",112233,"AOML_FBBB","1",NA,"Nitrate",2.39,NA,25.18474,-80.4969,NA
"5492",112248,"AOML_FBBB","2",NA,"Nitrate",0.69,NA,25.1679,-80.56198,NA
"5493",112263,"AOML_FBBB","3",NA,"Nitrate",0.25,NA,25.15054,-80.62008,NA
"5494",112278,"AOML_FBBB","4",NA,"Nitrate",0.65,NA,25.13258,-80.67958,NA
"5495",112293,"AOML_FBBB","5",NA,"Nitrate",0.66,NA,25.11608,-80.7196,NA
"5496",112308,"AOML_FBBB","6",NA,"Nitrate",0.38,NA,25.06994,-80.7594,NA
"5497",112323,"AOML_FBBB","7",NA,"Nitrate",0.24,NA,25.11706,-80.7934,NA
"5498",112338,"AOML_FBBB","8",NA,"Nitrate",0.19,NA,25.12844,-80.8645,NA
"5499",112353,"AOML_FBBB","9",NA,"Nitrate",0.17,NA,25.1268,-80.90588,NA
"5500",112368,"AOML_FBBB","10",NA,"Nitrate",0.21,NA,25.11226,-80.99464,NA
"5501",112383,"AOML_FBBB","11",NA,"Nitrate",0.19,NA,25.07418,-80.9999,NA
"5502",112398,"AOML_FBBB","12",NA,"Nitrate",0.14,NA,25.11358,-81.06504,NA
"5503",112413,"AOML_FBBB","13",NA,"Nitrate",0.21,NA,25.11252,-81.0955,NA
"5504",112428,"AOML_FBBB","14",NA,"Nitrate",0.16,NA,25.03406,-81.0278,NA
"5505",112443,"AOML_FBBB","15",NA,"Nitrate",0.12,NA,24.93124,-80.94828,NA
"5506",112458,"AOML_FBBB","16",NA,"Nitrate",0.12,NA,24.8752,-80.83134,NA
"5507",112473,"AOML_FBBB","17",NA,"Nitrate",0.25,NA,24.92214,-80.70936,NA
"5508",112488,"AOML_FBBB","18",NA,"Nitrate",0.19,NA,24.97754,-80.61172,NA
"5509",112503,"AOML_FBBB","19",NA,"Nitrate",0.21,NA,25.01922,-80.54954,NA
"5510",112518,"AOML_FBBB","20",NA,"Nitrate",0.13,NA,25.06682,-80.49332,NA
"5511",112533,"AOML_FBBB","34",NA,"Nitrate",0.86,NA,24.98824,-80.95552,NA
"5512",112548,"AOML_FBBB","21",NA,"Nitrate",0.13,NA,25.11316,-80.51528,NA
"5513",112563,"AOML_FBBB","22",NA,"Nitrate",0.14,NA,25.10002,-80.60376,NA
"5514",112578,"AOML_FBBB","23",NA,"Nitrate",0,NA,25.0556,-80.6251,NA
"5515",112593,"AOML_FBBB","24",NA,"Nitrate",0.05,NA,25.0636,-80.6672,NA
"5516",112608,"AOML_FBBB","25",NA,"Nitrate",1.35,NA,25.06022,-80.71764,NA
"5517",112623,"AOML_FBBB","26",NA,"Nitrate",4.64,NA,25.02428,-80.72186,NA
"5518",112638,"AOML_FBBB","27",NA,"Nitrate",20.63,NA,25.0059,-80.74892,NA
"5519",112653,"AOML_FBBB","28",NA,"Nitrate",3.25,NA,25.00074,-80.78572,NA
"5520",112668,"AOML_FBBB","29",NA,"Nitrate",15.3,NA,24.9983,-80.81132,NA
"5521",112683,"AOML_FBBB","30",NA,"Nitrate",2.08,NA,24.97584,-80.83562,NA
"5522",112698,"AOML_FBBB","31",NA,"Nitrate",1.58,NA,25.01138,-80.86924,NA
"5523",112713,"AOML_FBBB","32",NA,"Nitrate",0.26,NA,25.0117,-80.92578,NA
"5524",112728,"AOML_FBBB","33",NA,"Nitrate",0.55,NA,25.0543,-80.9202,NA
"5525",112743,"AOML_FBBB","35",NA,"Nitrate",0.34,NA,24.97602,-80.8792,NA
"5526",112758,"AOML_FBBB","36",NA,"Nitrate",0.47,NA,24.9594333333333,-80.7934,NA
"5527",112773,"AOML_FBBB","37",NA,"Nitrate",0.18,NA,24.93238,-80.76144,NA
"5528",112788,"AOML_FBBB","38",NA,"Nitrate",0.75,NA,24.9855,-80.69794,NA
"5529",112803,"AOML_FBBB","39",NA,"Nitrate",0.47,NA,25.00808,-80.64654,NA
"5530",112818,"AOML_FBBB","40",NA,"Nitrate",0.55,NA,25.01714,-80.5989,NA
"5531",112833,"AOML_FBBB","B1",NA,"Nitrate",2.41,NA,25.73994,-80.18488,NA
"5532",112848,"AOML_FBBB","B10",NA,"Nitrate",0.43,NA,25.2975,-80.3621,NA
"5533",112863,"AOML_FBBB","B11",NA,"Nitrate",0.11,NA,25.2392,-80.37724,NA
"5534",112878,"AOML_FBBB","B12",NA,"Nitrate",0.11,NA,25.25606,-80.4229,NA
"5535",112893,"AOML_FBBB","B13",NA,"Nitrate",0.34,NA,25.17584,-80.42428,NA
"5536",112908,"AOML_FBBB","B14",NA,"Nitrate",0.74,NA,25.46687,-80.21432,NA
"5537",112923,"AOML_FBBB","B15",NA,"Nitrate",0,NA,25.5838,-80.1998,NA
"5538",112938,"AOML_FBBB","B16",NA,"Nitrate",0.21,NA,25.6622,-80.18858,NA
"5539",112953,"AOML_FBBB","B2",NA,"Nitrate",5.37,NA,25.69048,-80.24788,NA
"5540",112968,"AOML_FBBB","B3",NA,"Nitrate",3.58,NA,25.6548,-80.26426,NA
"5541",112983,"AOML_FBBB","B4",NA,"Nitrate",0.86,NA,25.59204,-80.26428,NA
"5542",112998,"AOML_FBBB","B5",NA,"Nitrate",18.7,NA,25.53242,-80.31582,NA
"5543",113013,"AOML_FBBB","B6",NA,"Nitrate",2.52,NA,25.49138,-80.25246,NA
"5544",113028,"AOML_FBBB","B7",NA,"Nitrate",13.09,NA,25.46314,-80.325,NA
"5545",113043,"AOML_FBBB","B8",NA,"Nitrate",0.52,NA,25.40552,-80.24424,NA
"5546",113058,"AOML_FBBB","B9",NA,"Nitrate",0.81,NA,25.33346,-80.32208,NA
"5547",113073,"AOML_FBBB","1",NA,"Nitrate",1.26,NA,25.18582,-80.49736,NA
"5548",113088,"AOML_FBBB","2",NA,"Nitrate",0.62,NA,25.1683,-80.5619,NA
"5549",113103,"AOML_FBBB","3",NA,"Nitrate",0.09,NA,25.15078,-80.62104,NA
"5550",113118,"AOML_FBBB","4",NA,"Nitrate",0,NA,25.1324,-80.68038,NA
"5551",113133,"AOML_FBBB","5",NA,"Nitrate",0,NA,25.116,-80.71994,NA
"5552",113148,"AOML_FBBB","6",NA,"Nitrate",0.05,NA,25.07014,-80.7589,NA
"5553",113163,"AOML_FBBB","7",NA,"Nitrate",0,NA,25.11706,-80.79414,NA
"5554",113178,"AOML_FBBB","8",NA,"Nitrate",0,NA,25.12852,-80.86478,NA
"5555",113193,"AOML_FBBB","9",NA,"Nitrate",0,NA,25.12694,-80.90662,NA
"5556",113208,"AOML_FBBB","10",NA,"Nitrate",4.8,NA,25.11182,-80.99558,NA
"5557",113223,"AOML_FBBB","11",NA,"Nitrate",0.24,NA,25.07496,-81.00032,NA
"5558",113238,"AOML_FBBB","12",NA,"Nitrate",3.63,NA,25.11362,-81.06548,NA
"5559",113253,"AOML_FBBB","13",NA,"Nitrate",1.43,NA,25.11232,-81.09492,NA
"5560",113268,"AOML_FBBB","14",NA,"Nitrate",0.14,NA,25.03446,-81.02768,NA
"5561",113283,"AOML_FBBB","15",NA,"Nitrate",0,NA,24.9318,-80.94826,NA
"5562",113298,"AOML_FBBB","16",NA,"Nitrate",0.4,NA,24.87606,-80.82866,NA
"5563",113313,"AOML_FBBB","17",NA,"Nitrate",0.62,NA,24.9222,-80.709,NA
"5564",113328,"AOML_FBBB","18",NA,"Nitrate",0.19,NA,24.97836,-80.61152,NA
"5565",113343,"AOML_FBBB","19",NA,"Nitrate",0.04,NA,25.01982,-80.54848,NA
"5566",113358,"AOML_FBBB","20",NA,"Nitrate",0.25,NA,25.06748,-80.49256,NA
"5567",113373,"AOML_FBBB","21",NA,"Nitrate",0.77,NA,25.11302,-80.51514,NA
"5568",113388,"AOML_FBBB","22",NA,"Nitrate",0.45,NA,25.10024,-80.6041,NA
"5569",113403,"AOML_FBBB","23",NA,"Nitrate",0.44,NA,25.05536,-80.62486,NA
"5570",113418,"AOML_FBBB","24",NA,"Nitrate",0.25,NA,25.06378,-80.66672,NA
"5571",113433,"AOML_FBBB","25",NA,"Nitrate",0.21,NA,25.0601,-80.71786,NA
"5572",113448,"AOML_FBBB","26",NA,"Nitrate",0.15,NA,25.02408,-80.72224,NA
"5573",113463,"AOML_FBBB","27",NA,"Nitrate",0.48,NA,25.00576,-80.74914,NA
"5574",113478,"AOML_FBBB","28",NA,"Nitrate",0.24,NA,25.00092,-80.78518,NA
"5575",113493,"AOML_FBBB","29",NA,"Nitrate",0.26,NA,24.99832,-80.8125,NA
"5576",113508,"AOML_FBBB","30",NA,"Nitrate",0.19,NA,24.97592,-80.83572,NA
"5577",113523,"AOML_FBBB","31",NA,"Nitrate",0.25,NA,25.01302,-80.87028,NA
"5578",113538,"AOML_FBBB","32",NA,"Nitrate",0.04,NA,25.012,-80.92624,NA
"5579",113553,"AOML_FBBB","33",NA,"Nitrate",0.21,NA,25.05416,-80.92082,NA
"5580",113568,"AOML_FBBB","34",NA,"Nitrate",0,NA,24.98878,-80.95528,NA
"5581",113583,"AOML_FBBB","35",NA,"Nitrate",0.22,NA,24.9715,-80.87936,NA
"5582",113598,"AOML_FBBB","36",NA,"Nitrate",0.17,NA,24.95944,-80.7933,NA
"5583",113613,"AOML_FBBB","37",NA,"Nitrate",0.73,NA,24.93266,-80.76136,NA
"5584",113628,"AOML_FBBB","38",NA,"Nitrate",0.51,NA,24.98616,-80.69736,NA
"5585",113643,"AOML_FBBB","39",NA,"Nitrate",0.31,NA,25.00832,-80.64634,NA
"5586",113658,"AOML_FBBB","40",NA,"Nitrate",0.11,NA,25.01782,-80.5984,NA
"5587",113673,"AOML_FBBB","B1",NA,"Nitrate",0.02,NA,25.73888,-80.18314,NA
"5588",113688,"AOML_FBBB","B10",NA,"Nitrate",0.72,NA,25.29732,-80.36144,NA
"5589",113703,"AOML_FBBB","B11",NA,"Nitrate",0.65,NA,25.23894,-80.37576,NA
"5590",113718,"AOML_FBBB","B12",NA,"Nitrate",2.32,NA,25.25556,-80.42218,NA
"5591",113733,"AOML_FBBB","B13",NA,"Nitrate",1.1,NA,25.17588,-80.4231,NA
"5592",113748,"AOML_FBBB","B14",NA,"Nitrate",0.2,NA,25.46796,-80.21342,NA
"5593",113763,"AOML_FBBB","B15",NA,"Nitrate",0.05,NA,25.58026,-80.19822,NA
"5594",113778,"AOML_FBBB","B16",NA,"Nitrate",0.48,NA,25.66236,-80.187,NA
"5595",113793,"AOML_FBBB","B2",NA,"Nitrate",2.23,NA,25.6905,-80.24666,NA
"5596",113808,"AOML_FBBB","B3",NA,"Nitrate",2.33,NA,25.65482,-80.26294,NA
"5597",113823,"AOML_FBBB","B4",NA,"Nitrate",26.1,NA,25.59192,-80.2635,NA
"5598",113838,"AOML_FBBB","B5",NA,"Nitrate",48,NA,25.52986,-80.31344,NA
"5599",113853,"AOML_FBBB","B6",NA,"Nitrate",10.98,NA,25.4924,-80.2514,NA
"5600",113868,"AOML_FBBB","B7",NA,"Nitrate",61.7,NA,25.46316,-80.32596,NA
"5601",113883,"AOML_FBBB","B8",NA,"Nitrate",7.21,NA,25.4056,-80.2433,NA
"5602",113898,"AOML_FBBB","B9",NA,"Nitrate",1.2,NA,25.33354,-80.32126,NA
"5603",113913,"AOML_FBBB","1",NA,"Nitrate",2.1,NA,25.1841,-80.4964,NA
"5604",113928,"AOML_FBBB","2",NA,"Nitrate",0.96,NA,25.16756,-80.5615,NA
"5605",113943,"AOML_FBBB","3",NA,"Nitrate",0.63,NA,25.15,-80.62054,NA
"5606",113958,"AOML_FBBB","4",NA,"Nitrate",0,NA,25.13212,-80.67942,NA
"5607",113973,"AOML_FBBB","5",NA,"Nitrate",0.16,NA,25.1157,-80.71926,NA
"5608",113988,"AOML_FBBB","6",NA,"Nitrate",0.24,NA,25.07018,-80.75838,NA
"5609",114003,"AOML_FBBB","7",NA,"Nitrate",0.12,NA,25.11672,-80.7931,NA
"5610",114018,"AOML_FBBB","8",NA,"Nitrate",0,NA,25.1277,-80.86364,NA
"5611",114033,"AOML_FBBB","9",NA,"Nitrate",0.28,NA,25.1267,-80.90536,NA
"5612",114048,"AOML_FBBB","10",NA,"Nitrate",0,NA,25.11158,-80.99606,NA
"5613",114063,"AOML_FBBB","11",NA,"Nitrate",0,NA,25.07478,-81.00002,NA
"5614",114078,"AOML_FBBB","12",NA,"Nitrate",0.29,NA,25.11274,-81.06696,NA
"5615",114093,"AOML_FBBB","13",NA,"Nitrate",0,NA,25.11304,-81.09678,NA
"5616",114108,"AOML_FBBB","14",NA,"Nitrate",0,NA,25.03446,-81.028,NA
"5617",114123,"AOML_FBBB","15",NA,"Nitrate",0,NA,24.93114,-80.94852,NA
"5618",114138,"AOML_FBBB","16",NA,"Nitrate",0.17,NA,24.8751,-80.83068,NA
"5619",114153,"AOML_FBBB","17",NA,"Nitrate",0.85,NA,24.92206,-80.70914,NA
"5620",114168,"AOML_FBBB","18",NA,"Nitrate",0.6,NA,24.97768,-80.61144,NA
"5621",114183,"AOML_FBBB","19",NA,"Nitrate",0.11,NA,25.01902,-80.549,NA
"5622",114198,"AOML_FBBB","20",NA,"Nitrate",1.85,NA,25.06674,-80.4928,NA
"5623",114213,"AOML_FBBB","21",NA,"Nitrate",3.23,NA,25.11292,-80.51464,NA
"5624",114228,"AOML_FBBB","22",NA,"Nitrate",1.7,NA,25.099,-80.60344,NA
"5625",114243,"AOML_FBBB","23",NA,"Nitrate",0.84,NA,25.0555,-80.62426,NA
"5626",114258,"AOML_FBBB","24",NA,"Nitrate",0.17,NA,25.0632,-80.66642,NA
"5627",114273,"AOML_FBBB","25",NA,"Nitrate",0.04,NA,25.06006,-80.71718,NA
"5628",114288,"AOML_FBBB","27",NA,"Nitrate",0.28,NA,25.00562,-80.74894,NA
"5629",114303,"AOML_FBBB","29",NA,"Nitrate",0,NA,24.99838,-80.8114,NA
"5630",114318,"AOML_FBBB","26",NA,"Nitrate",0.04,NA,25.02416,-80.72174,NA
"5631",114333,"AOML_FBBB","28",NA,"Nitrate",0.02,NA,25.00064,-80.78504,NA
"5632",114348,"AOML_FBBB","30",NA,"Nitrate",0.43,NA,24.97597,-80.8354,NA
"5633",114363,"AOML_FBBB","31",NA,"Nitrate",0.21,NA,25.01104,-80.8689,NA
"5634",114378,"AOML_FBBB","32",NA,"Nitrate",0,NA,25.01194,-80.92566,NA
"5635",114393,"AOML_FBBB","33",NA,"Nitrate",0.26,NA,25.05398,-80.92028,NA
"5636",114408,"AOML_FBBB","34",NA,"Nitrate",0.16,NA,24.98828,-80.95582,NA
"5637",114423,"AOML_FBBB","35",NA,"Nitrate",0.23,NA,24.97136,-80.87874,NA
"5638",114438,"AOML_FBBB","36",NA,"Nitrate",0,NA,24.95932,-80.7931,NA
"5639",114453,"AOML_FBBB","37",NA,"Nitrate",0.2,NA,24.93234,-80.76134,NA
"5640",114468,"AOML_FBBB","38",NA,"Nitrate",0.18,NA,24.98572,-80.6975,NA
"5641",114483,"AOML_FBBB","39",NA,"Nitrate",0.01,NA,25.0079,-80.64664,NA
"5642",114498,"AOML_FBBB","40",NA,"Nitrate",0.52,NA,25.01712,-80.59854,NA
"5643",114513,"AOML_FBBB","B1",NA,"Nitrate",0.63,NA,25.73704,-80.18742,NA
"5644",114528,"AOML_FBBB","B10",NA,"Nitrate",3.83,NA,25.29634,-80.36238,NA
"5645",114543,"AOML_FBBB","B11",NA,"Nitrate",2.25,NA,25.23814,-80.37708,NA
"5646",114558,"AOML_FBBB","B12",NA,"Nitrate",1.51,NA,25.25522,-80.42318,NA
"5647",114573,"AOML_FBBB","B13",NA,"Nitrate",1.36,NA,25.1754,-80.4238,NA
"5648",114588,"AOML_FBBB","B14",NA,"Nitrate",0.37,NA,25.46706,-80.21438,NA
"5649",114603,"AOML_FBBB","B15",NA,"Nitrate",0.16,NA,25.57972,-80.20038,NA
"5650",114618,"AOML_FBBB","B16",NA,"Nitrate",0.3,NA,25.66144,-80.18876,NA
"5651",114633,"AOML_FBBB","B2",NA,"Nitrate",13.56,NA,25.69028,-80.2485,NA
"5652",114648,"AOML_FBBB","B3",NA,"Nitrate",1.67,NA,25.65358,-80.26906,NA
"5653",114663,"AOML_FBBB","B4",NA,"Nitrate",0.5,NA,25.59064,-80.26488,NA
"5654",114678,"AOML_FBBB","B5",NA,"Nitrate",0.35,NA,25.53006,-80.31434,NA
"5655",114693,"AOML_FBBB","B6",NA,"Nitrate",0.56,NA,25.49098,-80.25306,NA
"5656",114708,"AOML_FBBB","B7",NA,"Nitrate",18.6,NA,25.46314,-80.3263,NA
"5657",114723,"AOML_FBBB","B8",NA,"Nitrate",5.43,NA,25.40448,-80.24414,NA
"5658",114738,"AOML_FBBB","B9",NA,"Nitrate",2.19,NA,25.33276,-80.32216,NA
"5659",114753,"AOML_FBBB","1",NA,"Nitrate",2.12,NA,25.1845,-80.4963,NA
"5660",114768,"AOML_FBBB","2",NA,"Nitrate",0.98,NA,25.1675,-80.56178,NA
"5661",114783,"AOML_FBBB","3",NA,"Nitrate",1.16,NA,25.1505,-80.62056,NA
"5662",114798,"AOML_FBBB","4",NA,"Nitrate",0.18,NA,25.13224,-80.67946,NA
"5663",114813,"AOML_FBBB","5",NA,"Nitrate",0.01,NA,25.11568,-80.7193,NA
"5664",114828,"AOML_FBBB","6",NA,"Nitrate",0,NA,25.06996,-80.75892,NA
"5665",114843,"AOML_FBBB","7",NA,"Nitrate",0,NA,25.11642,-80.7929,NA
"5666",114858,"AOML_FBBB","8",NA,"Nitrate",0.15,NA,25.12766,-80.86376,NA
"5667",114873,"AOML_FBBB","9",NA,"Nitrate",0,NA,25.12656,-80.9059,NA
"5668",114888,"AOML_FBBB","10",NA,"Nitrate",0,NA,25.1112,-80.99666,NA
"5669",114903,"AOML_FBBB","11",NA,"Nitrate",0,NA,25.07534,-81.00058,NA
"5670",114918,"AOML_FBBB","12",NA,"Nitrate",0,NA,25.11248,-81.0663,NA
"5671",114933,"AOML_FBBB","13",NA,"Nitrate",0,NA,25.11284,-81.09668,NA
"5672",114948,"AOML_FBBB","14",NA,"Nitrate",0,NA,25.03454,-81.0284,NA
"5673",114963,"AOML_FBBB","15",NA,"Nitrate",0,NA,24.93124,-80.94882,NA
"5674",114978,"AOML_FBBB","16",NA,"Nitrate",0.05,NA,24.873,-80.83108,NA
"5675",114993,"AOML_FBBB","17",NA,"Nitrate",0.49,NA,24.92192,-80.7089,NA
"5676",115008,"AOML_FBBB","18",NA,"Nitrate",0.08,NA,24.97754,-80.61126,NA
"5677",115023,"AOML_FBBB","19",NA,"Nitrate",0,NA,25.0191,-80.54948,NA
"5678",115038,"AOML_FBBB","20",NA,"Nitrate",1.55,NA,25.066,-80.49276,NA
"5679",115053,"AOML_FBBB","21",NA,"Nitrate",3.1,NA,25.11288,-80.51452,NA
"5680",115068,"AOML_FBBB","22",NA,"Nitrate",2.12,NA,25.1002,-80.60348,NA
"5681",115083,"AOML_FBBB","23",NA,"Nitrate",1.23,NA,25.05554,-80.6243,NA
"5682",115098,"AOML_FBBB","24",NA,"Nitrate",0.43,NA,25.06374,-80.66622,NA
"5683",115113,"AOML_FBBB","25",NA,"Nitrate",0.13,NA,25.0604,-80.71724,NA
"5684",115128,"AOML_FBBB","26",NA,"Nitrate",0.04,NA,25.02418,-80.72166,NA
"5685",115143,"AOML_FBBB","27",NA,"Nitrate",0,NA,25.0063,-80.7493,NA
"5686",115158,"AOML_FBBB","28",NA,"Nitrate",0,NA,25.00114,-80.78474,NA
"5687",115173,"AOML_FBBB","29",NA,"Nitrate",0,NA,24.99862,-80.81184,NA
"5688",115188,"AOML_FBBB","30",NA,"Nitrate",0,NA,24.97606,-80.83506,NA
"5689",115203,"AOML_FBBB","31",NA,"Nitrate",0.03,NA,25.01104,-80.86834,NA
"5690",115218,"AOML_FBBB","32",NA,"Nitrate",0.44,NA,25.0119,-80.92572,NA
"5691",115233,"AOML_FBBB","33",NA,"Nitrate",0.00999999999999995,NA,25.0541,-80.92004,NA
"5692",115248,"AOML_FBBB","34",NA,"Nitrate",0.07,NA,24.98864,-80.95622,NA
"5693",115263,"AOML_FBBB","35",NA,"Nitrate",0,NA,24.97156,-80.87906,NA
"5694",115278,"AOML_FBBB","36",NA,"Nitrate",0.31,NA,24.95904,-80.79274,NA
"5695",115293,"AOML_FBBB","37",NA,"Nitrate",0.33,NA,24.93252,-80.7612,NA
"5696",115308,"AOML_FBBB","38",NA,"Nitrate",0.51,NA,24.98582,-80.6977,NA
"5697",115323,"AOML_FBBB","39",NA,"Nitrate",0.28,NA,25.00774,-80.6468,NA
"5698",115338,"AOML_FBBB","40",NA,"Nitrate",0.55,NA,25.01716,-80.5988,NA
"5699",115353,"AOML_FBBB","B1",NA,"Nitrate",0.81,NA,25.73848,-80.18282,NA
"5700",115368,"AOML_FBBB","B10",NA,"Nitrate",1.9,NA,25.29716,-80.36124,NA
"5701",115383,"AOML_FBBB","B11",NA,"Nitrate",2.4,NA,25.23864,-80.37552,NA
"5702",115398,"AOML_FBBB","B12",NA,"Nitrate",2.05,NA,25.25544,-80.42216,NA
"5703",115413,"AOML_FBBB","B13",NA,"Nitrate",2.72,NA,25.17586,-80.4226,NA
"5704",115428,"AOML_FBBB","B14",NA,"Nitrate",0.44,NA,25.46756,-80.21294,NA
"5705",115443,"AOML_FBBB","B15",NA,"Nitrate",0.63,NA,25.58012,-80.19874,NA
"5706",115458,"AOML_FBBB","B16",NA,"Nitrate",0.85,NA,25.66228,-80.18714,NA
"5707",115473,"AOML_FBBB","B2",NA,"Nitrate",1.55,NA,25.6903,-80.24772,NA
"5708",115488,"AOML_FBBB","B3",NA,"Nitrate",0.95,NA,25.65452,-80.26354,NA
"5709",115503,"AOML_FBBB","B4",NA,"Nitrate",2.04,NA,25.59194,-80.2636,NA
"5710",115518,"AOML_FBBB","B5",NA,"Nitrate",32.8,NA,25.5302,-80.31462,NA
"5711",115533,"AOML_FBBB","B6",NA,"Nitrate",4.51,NA,25.4934,-80.25132,NA
"5712",115548,"AOML_FBBB","B7",NA,"Nitrate",27.5,NA,25.4631,-80.32496,NA
"5713",115563,"AOML_FBBB","B8",NA,"Nitrate",4.6,NA,25.40506,-80.24316,NA
"5714",115578,"AOML_FBBB","B9",NA,"Nitrate",4.21,NA,25.333,-80.32128,NA
"5715",115593,"AOML_FBBB","1",NA,"Nitrate",6.94,NA,25.18326,-80.49688,NA
"5716",115608,"AOML_FBBB","2",NA,"Nitrate",2.58,NA,25.16782,-80.5616,NA
"5717",115623,"AOML_FBBB","3",NA,"Nitrate",0.85,NA,25.15044,-80.62022,NA
"5718",115638,"AOML_FBBB","4",NA,"Nitrate",0.48,NA,25.13266,-80.6742,NA
"5719",115653,"AOML_FBBB","5",NA,"Nitrate",0.37,NA,25.11586,-80.71974,NA
"5720",115668,"AOML_FBBB","6",NA,"Nitrate",0.34,NA,25.07032,-80.75934,NA
"5721",115683,"AOML_FBBB","7",NA,"Nitrate",0.36,NA,25.11672,-80.79272,NA
"5722",115698,"AOML_FBBB","8",NA,"Nitrate",0.56,NA,25.1276,-80.86352,NA
"5723",115713,"AOML_FBBB","9",NA,"Nitrate",0.47,NA,25.12682,-80.90508,NA
"5724",115728,"AOML_FBBB","10",NA,"Nitrate",0.66,NA,25.112,-80.99604,NA
"5725",115743,"AOML_FBBB","11",NA,"Nitrate",0.42,NA,25.07486,-80.99986,NA
"5726",115758,"AOML_FBBB","12",NA,"Nitrate",0.36,NA,25.11284,-81.06548,NA
"5727",115773,"AOML_FBBB","13",NA,"Nitrate",0.5,NA,25.1127,-81.0965,NA
"5728",115788,"AOML_FBBB","14",NA,"Nitrate",0.4,NA,25.03456,-81.02516,NA
"5729",115803,"AOML_FBBB","15",NA,"Nitrate",0.34,NA,24.93146,-80.94876,NA
"5730",115818,"AOML_FBBB","16",NA,"Nitrate",0.32,NA,24.87482,-80.83109,NA
"5731",115833,"AOML_FBBB","17",NA,"Nitrate",0.65,NA,24.92188,-80.70898,NA
"5732",115848,"AOML_FBBB","18",NA,"Nitrate",0.72,NA,24.97748,-80.61158,NA
"5733",115863,"AOML_FBBB","19",NA,"Nitrate",0.81,NA,25.01904,-80.54854,NA
"5734",115878,"AOML_FBBB","20",NA,"Nitrate",3.37,NA,25.06566,-80.49166,NA
"5735",115893,"AOML_FBBB","34",NA,"Nitrate",0.36,NA,24.9884,-80.95608,NA
"5736",115908,"AOML_FBBB","21",NA,"Nitrate",4.15,NA,25.11272,-80.5145,NA
"5737",115923,"AOML_FBBB","22",NA,"Nitrate",1.9,NA,25.0997,-80.603,NA
"5738",115938,"AOML_FBBB","23",NA,"Nitrate",1.09,NA,25.05578,-80.62392,NA
"5739",115953,"AOML_FBBB","24",NA,"Nitrate",0.74,NA,25.06376,-80.66596,NA
"5740",115968,"AOML_FBBB","25",NA,"Nitrate",0.45,NA,25.0601,-80.7165,NA
"5741",115983,"AOML_FBBB","26",NA,"Nitrate",0.55,NA,25.0248,-80.72206,NA
"5742",115998,"AOML_FBBB","27",NA,"Nitrate",0.47,NA,25.00562,-80.74878,NA
"5743",116013,"AOML_FBBB","28",NA,"Nitrate",0.56,NA,25.00132,-80.78442,NA
"5744",116028,"AOML_FBBB","29",NA,"Nitrate",0.47,NA,24.99892,-80.81044,NA
"5745",116043,"AOML_FBBB","30",NA,"Nitrate",0.67,NA,24.97568,-80.83486,NA
"5746",116058,"AOML_FBBB","31",NA,"Nitrate",0.46,NA,25.01112,-80.86858,NA
"5747",116073,"AOML_FBBB","32",NA,"Nitrate",0.3,NA,25.01156,-80.92542,NA
"5748",116088,"AOML_FBBB","33",NA,"Nitrate",0.35,NA,25.05482,-80.92126,NA
"5749",116103,"AOML_FBBB","35",NA,"Nitrate",0.37,NA,24.97185,-80.87876,NA
"5750",116118,"AOML_FBBB","36",NA,"Nitrate",0.51,NA,24.95992,-80.7934,NA
"5751",116133,"AOML_FBBB","37",NA,"Nitrate",0.46,NA,24.93248,-80.76116,NA
"5752",116148,"AOML_FBBB","38",NA,"Nitrate",0.53,NA,24.98584,-80.69726,NA
"5753",116163,"AOML_FBBB","39",NA,"Nitrate",0.46,NA,25.00818,-80.64568,NA
"5754",116178,"AOML_FBBB","40",NA,"Nitrate",0.54,NA,25.017,-80.59852,NA
"5755",116193,"AOML_FBBB","B1",NA,"Nitrate",0.49,NA,25.73908,-80.18362,NA
"5756",116208,"AOML_FBBB","B10",NA,"Nitrate",0.31,NA,25.297,-80.36138,NA
"5757",116223,"AOML_FBBB","B11",NA,"Nitrate",0.81,NA,25.23828,-80.37552,NA
"5758",116238,"AOML_FBBB","B12",NA,"Nitrate",1.83,NA,25.25486,-80.42266,NA
"5759",116253,"AOML_FBBB","B13",NA,"Nitrate",1.01,NA,25.17542,-80.42284,NA
"5760",116268,"AOML_FBBB","B14",NA,"Nitrate",0.69,NA,25.46766,-80.21386,NA
"5761",116283,"AOML_FBBB","B15",NA,"Nitrate",0.2,NA,25.57964,-80.19882,NA
"5762",116298,"AOML_FBBB","B16",NA,"Nitrate",0.14,NA,25.66174,-80.18736,NA
"5763",116313,"AOML_FBBB","B2",NA,"Nitrate",1.63,NA,25.69024,-80.24832,NA
"5764",116328,"AOML_FBBB","B3",NA,"Nitrate",0.47,NA,25.65492,-80.26324,NA
"5765",116343,"AOML_FBBB","B4",NA,"Nitrate",0.29,NA,25.5911,-80.2641,NA
"5766",116358,"AOML_FBBB","B5",NA,"Nitrate",0.64,NA,25.53,-80.3139,NA
"5767",116373,"AOML_FBBB","B6",NA,"Nitrate",0.23,NA,25.49166,-80.25216,NA
"5768",116388,"AOML_FBBB","B7",NA,"Nitrate",10.73,NA,25.46316,-80.32544,NA
"5769",116403,"AOML_FBBB","B8",NA,"Nitrate",1.42,NA,25.40524,-80.24334,NA
"5770",116418,"AOML_FBBB","B9",NA,"Nitrate",0.61,NA,25.33292,-80.3213,NA
"5771",116433,"AOML_FBBB","1",NA,"Nitrate",3.9,NA,25.18424,-80.49626,NA
"5772",116448,"AOML_FBBB","2",NA,"Nitrate",2.32,NA,25.1676,-80.5612,NA
"5773",116463,"AOML_FBBB","3",NA,"Nitrate",1.16,NA,25.15014,-80.62004,NA
"5774",116478,"AOML_FBBB","4",NA,"Nitrate",0.3,NA,25.13224,-80.6793,NA
"5775",116493,"AOML_FBBB","5",NA,"Nitrate",0.17,NA,25.1156,-80.71924,NA
"5776",116508,"AOML_FBBB","6",NA,"Nitrate",0.08,NA,25.07002,-80.75908,NA
"5777",116523,"AOML_FBBB","7",NA,"Nitrate",0.02,NA,25.11668,-80.79282,NA
"5778",116538,"AOML_FBBB","8",NA,"Nitrate",0.02,NA,25.12636,-80.8608,NA
"5779",116553,"AOML_FBBB","9",NA,"Nitrate",0.43,NA,25.12762,-80.9047,NA
"5780",116568,"AOML_FBBB","10",NA,"Nitrate",1.35,NA,25.11138,-80.99592,NA
"5781",116583,"AOML_FBBB","11",NA,"Nitrate",0.05,NA,25.07498,-81.0004,NA
"5782",116598,"AOML_FBBB","12",NA,"Nitrate",0.91,NA,25.11316,-81.06448,NA
"5783",116613,"AOML_FBBB","13",NA,"Nitrate",1.01,NA,25.11286,-81.09572,NA
"5784",116628,"AOML_FBBB","14",NA,"Nitrate",0,NA,25.03408,-81.0281,NA
"5785",116643,"AOML_FBBB","15",NA,"Nitrate",0,NA,24.93104,-80.94888,NA
"5786",116658,"AOML_FBBB","16",NA,"Nitrate",0,NA,24.87564,-80.8311,NA
"5787",116673,"AOML_FBBB","17",NA,"Nitrate",0.47,NA,24.922,-80.70794,NA
"5788",116688,"AOML_FBBB","18",NA,"Nitrate",0.03,NA,24.97822,-80.61036,NA
"5789",116703,"AOML_FBBB","19",NA,"Nitrate",0.33,NA,25.01916,-80.54834,NA
"5790",116718,"AOML_FBBB","20",NA,"Nitrate",3.76,NA,25.06714,-80.49238,NA
"5791",116733,"AOML_FBBB","21",NA,"Nitrate",4.9,NA,25.11382,-80.51372,NA
"5792",116748,"AOML_FBBB","23",NA,"Nitrate",0,NA,25.05546,-80.62436,NA
"5793",116763,"AOML_FBBB","34",NA,"Nitrate",0.23,NA,24.98818,-80.9558,NA
"5794",116778,"AOML_FBBB","22",NA,"Nitrate",2.46,NA,25.1001,-80.6041,NA
"5795",116793,"AOML_FBBB","24",NA,"Nitrate",0.27,NA,25.06352,-80.66622,NA
"5796",116808,"AOML_FBBB","25",NA,"Nitrate",0.13,NA,25.06012,-80.7167,NA
"5797",116823,"AOML_FBBB","26",NA,"Nitrate",0.13,NA,25.02454,-80.72144,NA
"5798",116838,"AOML_FBBB","27",NA,"Nitrate",0.19,NA,25.0056,-80.74988,NA
"5799",116853,"AOML_FBBB","28",NA,"Nitrate",0.2,NA,25.00064,-80.78486,NA
"5800",116868,"AOML_FBBB","29",NA,"Nitrate",0.14,NA,24.9991,-80.81002,NA
"5801",116883,"AOML_FBBB","30",NA,"Nitrate",0.16,NA,24.97568,-80.8351,NA
"5802",116898,"AOML_FBBB","31",NA,"Nitrate",0.18,NA,25.01124,-80.86836,NA
"5803",116913,"AOML_FBBB","32",NA,"Nitrate",0.14,NA,25.012,-80.92528,NA
"5804",116928,"AOML_FBBB","33",NA,"Nitrate",0.16,NA,25.05406,-80.91986,NA
"5805",116943,"AOML_FBBB","35",NA,"Nitrate",0.22,NA,24.97148,-80.87896,NA
"5806",116958,"AOML_FBBB","36",NA,"Nitrate",0.12,NA,24.95874,-80.7919,NA
"5807",116973,"AOML_FBBB","37",NA,"Nitrate",0.21,NA,24.93234,-80.76082,NA
"5808",116988,"AOML_FBBB","38",NA,"Nitrate",0.27,NA,24.98784,-80.69502,NA
"5809",117003,"AOML_FBBB","39",NA,"Nitrate",0.3,NA,25.00808,-80.6464,NA
"5810",117018,"AOML_FBBB","40",NA,"Nitrate",0.14,NA,25.01776,-80.5982,NA
"5811",117033,"AOML_FBBB","B1",NA,"Nitrate",0.44,NA,25.73882,-80.18308,NA
"5812",117048,"AOML_FBBB","B10",NA,"Nitrate",0.2,NA,25.29742,-80.36116,NA
"5813",117063,"AOML_FBBB","B11",NA,"Nitrate",0.16,NA,25.23872,-80.37548,NA
"5814",117078,"AOML_FBBB","B12",NA,"Nitrate",1.47,NA,25.25552,-80.42208,NA
"5815",117093,"AOML_FBBB","B13",NA,"Nitrate",0.9,NA,25.17576,-80.4228,NA
"5816",117108,"AOML_FBBB","B14",NA,"Nitrate",0.36,NA,25.46804,-80.21334,NA
"5817",117123,"AOML_FBBB","B15",NA,"Nitrate",0.08,NA,25.58032,-80.19842,NA
"5818",117138,"AOML_FBBB","B16",NA,"Nitrate",0.05,NA,25.66194,-80.18698,NA
"5819",117153,"AOML_FBBB","B2",NA,"Nitrate",1.33,NA,25.69036,-80.24756,NA
"5820",117168,"AOML_FBBB","B3",NA,"Nitrate",0.27,NA,25.6547,-80.26326,NA
"5821",117183,"AOML_FBBB","B4",NA,"Nitrate",0.52,NA,25.59184,-80.2632,NA
"5822",117198,"AOML_FBBB","B5",NA,"Nitrate",0.26,NA,25.52966,-80.31302,NA
"5823",117213,"AOML_FBBB","B6",NA,"Nitrate",0.23,NA,25.49332,-80.25146,NA
"5824",117228,"AOML_FBBB","B7",NA,"Nitrate",3.18,NA,25.46306,-80.32406,NA
"5825",117243,"AOML_FBBB","B8",NA,"Nitrate",0.44,NA,25.4054,-80.24318,NA
"5826",117258,"AOML_FBBB","B9",NA,"Nitrate",0.46,NA,25.33336,-80.32062,NA
"5827",117273,"AOML_FBBB","1",NA,"Nitrate",3.7,NA,25.18492,-80.49658,NA
"5828",117288,"AOML_FBBB","2",NA,"Nitrate",4.15,NA,25.1664,-80.56394,NA
"5829",117303,"AOML_FBBB","3",NA,"Nitrate",1.95983605,NA,25.15032,-80.61962,NA
"5830",117318,"AOML_FBBB","4",NA,"Nitrate",0.43262295,NA,25.13236,-80.6792,NA
"5831",117333,"AOML_FBBB","5",NA,"Nitrate",0.03868853,NA,25.11612,-80.7194,NA
"5832",117348,"AOML_FBBB","6",NA,"Nitrate",0,NA,25.07034,-80.7592,NA
"5833",117363,"AOML_FBBB","7",NA,"Nitrate",0,NA,25.11704,-80.79296,NA
"5834",117378,"AOML_FBBB","8",NA,"Nitrate",0,NA,25.12824,-80.86422,NA
"5835",117393,"AOML_FBBB","9",NA,"Nitrate",0,NA,25.12692,-80.90518,NA
"5836",117408,"AOML_FBBB","10",NA,"Nitrate",0.28491804,NA,25.11188,-80.99544,NA
"5837",117423,"AOML_FBBB","11",NA,"Nitrate",0.36622951,NA,25.07472,-80.9999,NA
"5838",117438,"AOML_FBBB","12",NA,"Nitrate",0.39065574,NA,25.11296,-81.0656,NA
"5839",117453,"AOML_FBBB","13",NA,"Nitrate",0.27065574,NA,25.11304,-81.09592,NA
"5840",117468,"AOML_FBBB","14",NA,"Nitrate",0.33114754,NA,25.03412,-81.0273,NA
"5841",117483,"AOML_FBBB","15",NA,"Nitrate",0.17508197,NA,24.93082,-80.94824,NA
"5842",117498,"AOML_FBBB","16",NA,"Nitrate",0.08557377,NA,24.87486,-80.83012,NA
"5843",117513,"AOML_FBBB","17",NA,"Nitrate",0.7042623,NA,24.92188,-80.7087,NA
"5844",117528,"AOML_FBBB","18",NA,"Nitrate",0.53770492,NA,24.97728,-80.61136,NA
"5845",117543,"AOML_FBBB","19",NA,"Nitrate",0.24081968,NA,25.01906,-80.54878,NA
"5846",117558,"AOML_FBBB","20",NA,"Nitrate",2.85983605,NA,25.0664,-80.49268,NA
"5847",117573,"AOML_FBBB","34",NA,"Nitrate",6.15737708,NA,24.988,-80.95566,NA
"5848",117588,"AOML_FBBB","21",NA,"Nitrate",3.85901639,NA,25.11312,-80.51432,NA
"5849",117603,"AOML_FBBB","22",NA,"Nitrate",0,NA,25.10012,-80.60318,NA
"5850",117618,"AOML_FBBB","23",NA,"Nitrate",0.24032787,NA,25.05818,-80.6254,NA
"5851",117633,"AOML_FBBB","24",NA,"Nitrate",0.07868853,NA,25.06344,-80.66466,NA
"5852",117648,"AOML_FBBB","25",NA,"Nitrate",0.09065574,NA,25.06042,-80.71674,NA
"5853",117663,"AOML_FBBB","26",NA,"Nitrate",0.07573771,NA,25.0243,-80.7214,NA
"5854",117678,"AOML_FBBB","27",NA,"Nitrate",0.21836066,NA,25.006,-80.74866,NA
"5855",117693,"AOML_FBBB","28",NA,"Nitrate",0.07721312,NA,25.00088,-80.78482,NA
"5856",117708,"AOML_FBBB","29",NA,"Nitrate",0.10737705,NA,24.99882,-80.81096,NA
"5857",117723,"AOML_FBBB","30",NA,"Nitrate",0.09639344,NA,24.976,-80.83536,NA
"5858",117738,"AOML_FBBB","31",NA,"Nitrate",0.10360656,NA,25.01118,-80.86856,NA
"5859",117753,"AOML_FBBB","32",NA,"Nitrate",0,NA,25.01206,-80.92566,NA
"5860",117768,"AOML_FBBB","33",NA,"Nitrate",0,NA,25.05444,-80.92004,NA
"5861",117783,"AOML_FBBB","35",NA,"Nitrate",0.24967213,NA,24.97154,-80.87904,NA
"5862",117798,"AOML_FBBB","36",NA,"Nitrate",0.13245901,NA,24.95936,-80.79374,NA
"5863",117813,"AOML_FBBB","37",NA,"Nitrate",0.19245901,NA,24.93256,-80.76124,NA
"5864",117828,"AOML_FBBB","38",NA,"Nitrate",0.11573771,NA,24.9863,-80.69724,NA
"5865",117843,"AOML_FBBB","39",NA,"Nitrate",0.08655738,NA,25.0078,-80.64632,NA
"5866",117858,"AOML_FBBB","40",NA,"Nitrate",0,NA,25.01718,-80.59836,NA
"5867",117873,"AOML_FBBB","B1",NA,"Nitrate",0.64,NA,25.73976,-80.18168,NA
"5868",117888,"AOML_FBBB","B10",NA,"Nitrate",0.64,NA,25.29742,-80.361,NA
"5869",117903,"AOML_FBBB","B11",NA,"Nitrate",0.44,NA,25.24276,-80.37812,NA
"5870",117918,"AOML_FBBB","B12",NA,"Nitrate",1.33,NA,25.2554,-80.422,NA
"5871",117933,"AOML_FBBB","B13",NA,"Nitrate",0.92,NA,25.17618,-80.42246,NA
"5872",117948,"AOML_FBBB","B14",NA,"Nitrate",0.49,NA,25.46834,-80.21338,NA
"5873",117963,"AOML_FBBB","B15",NA,"Nitrate",0.28,NA,25.581,-80.19826,NA
"5874",117978,"AOML_FBBB","B16",NA,"Nitrate",0.33,NA,25.66242,-80.18658,NA
"5875",117993,"AOML_FBBB","B2",NA,"Nitrate",1.23,NA,25.69022,-80.2475,NA
"5876",118008,"AOML_FBBB","B3",NA,"Nitrate",0.59,NA,25.65422,-80.26286,NA
"5877",118023,"AOML_FBBB","B4",NA,"Nitrate",0.58,NA,25.59214,-80.26308,NA
"5878",118038,"AOML_FBBB","B5",NA,"Nitrate",8.07,NA,25.52948,-80.31214,NA
"5879",118053,"AOML_FBBB","B6",NA,"Nitrate",1.28,NA,25.49262,-80.25158,NA
"5880",118068,"AOML_FBBB","B7",NA,"Nitrate",1.43,NA,25.46308,-80.32352,NA
"5881",118083,"AOML_FBBB","B8",NA,"Nitrate",0.66,NA,25.40572,-80.2431,NA
"5882",118098,"AOML_FBBB","B9",NA,"Nitrate",0.69,NA,25.3337333333333,-80.32134,NA
"5883",118113,"AOML_FBBB","1",NA,"Nitrate",5.94,NA,25.18408,-80.49606,NA
"5884",118128,"AOML_FBBB","2",NA,"Nitrate",2.96,NA,25.16716,-80.5613,NA
"5885",118143,"AOML_FBBB","3",NA,"Nitrate",1.73,NA,25.14956,-80.62022,NA
"5886",118158,"AOML_FBBB","4",NA,"Nitrate",0.36,NA,25.13206,-80.68004,NA
"5887",118173,"AOML_FBBB","5",NA,"Nitrate",0.04,NA,25.11546,-80.71948,NA
"5888",118188,"AOML_FBBB","6",NA,"Nitrate",0,NA,25.06976,-80.75928,NA
"5889",118203,"AOML_FBBB","7",NA,"Nitrate",0.6,NA,25.11646,-80.79356,NA
"5890",118218,"AOML_FBBB","8",NA,"Nitrate",0.02,NA,25.12806,-80.86438,NA
"5891",118233,"AOML_FBBB","9",NA,"Nitrate",0.04,NA,25.1262,-80.90638,NA
"5892",118248,"AOML_FBBB","10",NA,"Nitrate",0.22,NA,25.1116,-80.99568,NA
"5893",118263,"AOML_FBBB","11",NA,"Nitrate",0.11,NA,25.0741,-81.00028,NA
"5894",118278,"AOML_FBBB","12",NA,"Nitrate",0,NA,25.112856,-81.06562,NA
"5895",118293,"AOML_FBBB","13",NA,"Nitrate",0,NA,25.11254,-81.09618,NA
"5896",118308,"AOML_FBBB","14",NA,"Nitrate",0,NA,25.03382,-81.02834,NA
"5897",118323,"AOML_FBBB","15",NA,"Nitrate",0,NA,24.93088,-80.94856,NA
"5898",118338,"AOML_FBBB","16",NA,"Nitrate",0,NA,24.87492,-80.83012,NA
"5899",118353,"AOML_FBBB","17",NA,"Nitrate",0,NA,24.9216,-80.70918,NA
"5900",118368,"AOML_FBBB","18",NA,"Nitrate",0,NA,24.97724,-80.61198,NA
"5901",118383,"AOML_FBBB","19",NA,"Nitrate",0.19,NA,25.01828,-80.54902,NA
"5902",118398,"AOML_FBBB","20",NA,"Nitrate",5.55,NA,25.06634,-80.49284,NA
"5903",118413,"AOML_FBBB","34",NA,"Nitrate",0,NA,24.9882,-80.95596,NA
"5904",118428,"AOML_FBBB","21",NA,"Nitrate",4.6,NA,25.1119,-80.51488,NA
"5905",118443,"AOML_FBBB","22",NA,"Nitrate",9.52,NA,25.09976,-80.60428,NA
"5906",118458,"AOML_FBBB","23",NA,"Nitrate",4.35,NA,25.05432,-80.6247,NA
"5907",118473,"AOML_FBBB","24",NA,"Nitrate",0.5,NA,25.06286,-80.66634,NA
"5908",118488,"AOML_FBBB","25",NA,"Nitrate",0.18,NA,25.05974,-80.71718,NA
"5909",118503,"AOML_FBBB","26",NA,"Nitrate",0.12,NA,25.02308,-80.72192,NA
"5910",118518,"AOML_FBBB","27",NA,"Nitrate",0,NA,25.00554,-80.75032,NA
"5911",118533,"AOML_FBBB","28",NA,"Nitrate",0,NA,25.00094,-80.78494,NA
"5912",118548,"AOML_FBBB","29",NA,"Nitrate",0,NA,24.99826,-80.81134,NA
"5913",118563,"AOML_FBBB","30",NA,"Nitrate",0,NA,24.97578,-80.83658,NA
"5914",118578,"AOML_FBBB","31",NA,"Nitrate",0,NA,25.01096,-80.86962,NA
"5915",118593,"AOML_FBBB","32",NA,"Nitrate",0,NA,25.0115,-80.9263,NA
"5916",118608,"AOML_FBBB","33",NA,"Nitrate",0,NA,25.05402,-80.91922,NA
"5917",118623,"AOML_FBBB","35",NA,"Nitrate",0.1,NA,24.97098,-80.87904,NA
"5918",118638,"AOML_FBBB","36",NA,"Nitrate",0.1,NA,24.95872,-80.79318,NA
"5919",118653,"AOML_FBBB","37",NA,"Nitrate",0.09,NA,24.93166,-80.76056,NA
"5920",118668,"AOML_FBBB","38",NA,"Nitrate",0.06,NA,24.98494,-80.69804,NA
"5921",118683,"AOML_FBBB","39",NA,"Nitrate",0.06,NA,25.00712,-80.64576,NA
"5922",118698,"AOML_FBBB","40",NA,"Nitrate",0.08,NA,25.0169,-80.59834,NA
"5923",118713,"AOML_FBBB","B1",NA,"Nitrate",0.65,NA,25.7394,-80.18384,NA
"5924",118728,"AOML_FBBB","B10",NA,"Nitrate",0.2,NA,25.29722,-80.36124,NA
"5925",118743,"AOML_FBBB","B11",NA,"Nitrate",0.23,NA,25.23864,-80.3757,NA
"5926",118758,"AOML_FBBB","B12",NA,"Nitrate",0.7,NA,25.25508,-80.42238,NA
"5927",118773,"AOML_FBBB","B13",NA,"Nitrate",0.54,NA,25.17632,-80.42296,NA
"5928",118788,"AOML_FBBB","B14",NA,"Nitrate",0.14,NA,25.4678,-80.21354,NA
"5929",118803,"AOML_FBBB","B15",NA,"Nitrate",0.1,NA,25.58056,-80.19848,NA
"5930",118818,"AOML_FBBB","B16",NA,"Nitrate",0.39,NA,25.66218,-80.18786,NA
"5931",118833,"AOML_FBBB","B17",NA,"Nitrate",0.19,NA,25.61542,-80.30044,NA
"5932",118848,"AOML_FBBB","B2",NA,"Nitrate",1.99,NA,25.69078,-80.24816,NA
"5933",118863,"AOML_FBBB","B3",NA,"Nitrate",2.27,NA,25.65464,-80.26322,NA
"5934",118878,"AOML_FBBB","B4",NA,"Nitrate",0.39,NA,25.59192,-80.264,NA
"5935",118893,"AOML_FBBB","B5",NA,"Nitrate",1.06,NA,25.52974,-80.31304,NA
"5936",118908,"AOML_FBBB","B6",NA,"Nitrate",0.3,NA,25.49234,-80.25158,NA
"5937",118923,"AOML_FBBB","B7",NA,"Nitrate",0.19,NA,25.46312,-80.32494,NA
"5938",118938,"AOML_FBBB","B8",NA,"Nitrate",0.39,NA,25.40472,-80.24294,NA
"5939",118953,"AOML_FBBB","B9",NA,"Nitrate",0.41,NA,25.33302,-80.3211,NA
"5940",118968,"AOML_FBBB","1",NA,"Nitrate",9.74,NA,25.18466,-80.49636,NA
"5941",118983,"AOML_FBBB","2",NA,"Nitrate",1.44,NA,25.16778,-80.56142,NA
"5942",118998,"AOML_FBBB","3",NA,"Nitrate",0.54,NA,25.15066,-80.62026,NA
"5943",119013,"AOML_FBBB","4",NA,"Nitrate",0.12,NA,25.13248,-80.68088,NA
"5944",119028,"AOML_FBBB","5",NA,"Nitrate",0.07,NA,25.11606,-80.71944,NA
"5945",119043,"AOML_FBBB","6",NA,"Nitrate",0.03,NA,25.07004,-80.75918,NA
"5946",119058,"AOML_FBBB","7",NA,"Nitrate",0.02,NA,25.11686,-80.79322,NA
"5947",119073,"AOML_FBBB","8",NA,"Nitrate",0.03,NA,25.12796,-80.86422,NA
"5948",119088,"AOML_FBBB","9",NA,"Nitrate",0.01,NA,25.12692,-80.90536,NA
"5949",119103,"AOML_FBBB","10",NA,"Nitrate",0.14,NA,25.1119,-80.99554,NA
"5950",119118,"AOML_FBBB","11",NA,"Nitrate",0,NA,25.07508,-80.99994,NA
"5951",119133,"AOML_FBBB","12",NA,"Nitrate",4.21,NA,25.11334,-81.06552,NA
"5952",119148,"AOML_FBBB","13",NA,"Nitrate",1.84,NA,25.11264,-81.09606,NA
"5953",119163,"AOML_FBBB","14",NA,"Nitrate",0.34,NA,25.03408,-81.0286,NA
"5954",119178,"AOML_FBBB","15",NA,"Nitrate",0,NA,24.93154,-80.9485,NA
"5955",119193,"AOML_FBBB","16",NA,"Nitrate",0.3,NA,24.875,-80.83124,NA
"5956",119208,"AOML_FBBB","17",NA,"Nitrate",0.51,NA,24.92214,-80.70886,NA
"5957",119223,"AOML_FBBB","18",NA,"Nitrate",0.84,NA,24.97758,-80.6115,NA
"5958",119238,"AOML_FBBB","19",NA,"Nitrate",0.29,NA,25.01944,-80.54834,NA
"5959",119253,"AOML_FBBB","20",NA,"Nitrate",0.98,NA,25.06668,-80.4925,NA
"5960",119268,"AOML_FBBB","34",NA,"Nitrate",0.21,NA,24.9882,-80.95604,NA
"5961",119283,"AOML_FBBB","21",NA,"Nitrate",2.23,NA,25.11336,-80.51422,NA
"5962",119298,"AOML_FBBB","22",NA,"Nitrate",1.96,NA,25.1002,-80.60352,NA
"5963",119313,"AOML_FBBB","23",NA,"Nitrate",0.25,NA,25.05588,-80.62446,NA
"5964",119328,"AOML_FBBB","24",NA,"Nitrate",0.27,NA,25.0638,-80.6626,NA
"5965",119343,"AOML_FBBB","25",NA,"Nitrate",0.19,NA,25.0604,-80.71696,NA
"5966",119358,"AOML_FBBB","26",NA,"Nitrate",0.31,NA,25.02448,-80.72204,NA
"5967",119373,"AOML_FBBB","27",NA,"Nitrate",0.19,NA,25.00582,-80.7492,NA
"5968",119388,"AOML_FBBB","28",NA,"Nitrate",0.19,NA,25.00104,-80.7849,NA
"5969",119403,"AOML_FBBB","29",NA,"Nitrate",0.17,NA,24.9987,-80.81054,NA
"5970",119418,"AOML_FBBB","30",NA,"Nitrate",0.21,NA,24.9757,-80.83516,NA
"5971",119433,"AOML_FBBB","31",NA,"Nitrate",0.23,NA,25.01106,-80.86627,NA
"5972",119448,"AOML_FBBB","32",NA,"Nitrate",0.23,NA,25.0116,-80.9253,NA
"5973",119463,"AOML_FBBB","33",NA,"Nitrate",0.16,NA,25.05428,-80.91998,NA
"5974",119478,"AOML_FBBB","35",NA,"Nitrate",0.18,NA,24.97178,-80.8792,NA
"5975",119493,"AOML_FBBB","36",NA,"Nitrate",0,NA,24.95914,-80.79294,NA
"5976",119508,"AOML_FBBB","37",NA,"Nitrate",0.94,NA,24.93258,-80.76164,NA
"5977",119523,"AOML_FBBB","38",NA,"Nitrate",0.27,NA,24.98586,-80.69742,NA
"5978",119538,"AOML_FBBB","39",NA,"Nitrate",0.08,NA,25.00798,-80.64662,NA
"5979",119553,"AOML_FBBB","40",NA,"Nitrate",0,NA,25.01744,-80.59848,NA
"5980",119568,"AOML_FBBB","B1",NA,"Nitrate",0.7,NA,25.7395,-80.1836,NA
"5981",119583,"AOML_FBBB","B10",NA,"Nitrate",0,NA,25.2972,-80.3619,NA
"5982",119598,"AOML_FBBB","B11",NA,"Nitrate",0.05,NA,25.2386,-80.3734,NA
"5983",119613,"AOML_FBBB","B12",NA,"Nitrate",0.76,NA,25.2556,-80.4222,NA
"5984",119628,"AOML_FBBB","B13",NA,"Nitrate",0.1,NA,25.1758,-80.4233,NA
"5985",119643,"AOML_FBBB","B14",NA,"Nitrate",0.02,NA,25.467,-80.214,NA
"5986",119658,"AOML_FBBB","B15",NA,"Nitrate",0,NA,25.58,-80.1981,NA
"5987",119673,"AOML_FBBB","B16",NA,"Nitrate",0.05,NA,25.6619,-80.1874,NA
"5988",119688,"AOML_FBBB","B17",NA,"Nitrate",0.01,NA,25.6155,-80.29,NA
"5989",119703,"AOML_FBBB","B2",NA,"Nitrate",1.91,NA,25.6908,-80.2481,NA
"5990",119718,"AOML_FBBB","B3",NA,"Nitrate",0,NA,25.6545,-80.2632,NA
"5991",119733,"AOML_FBBB","B4",NA,"Nitrate",0,NA,25.5911,-80.2638,NA
"5992",119748,"AOML_FBBB","B5",NA,"Nitrate",0.05,NA,25.53,-80.313,NA
"5993",119763,"AOML_FBBB","B6",NA,"Nitrate",0.23,NA,25.4921,-80.2516,NA
"5994",119778,"AOML_FBBB","B7",NA,"Nitrate",0.05,NA,25.4692,-80.325,NA
"5995",119793,"AOML_FBBB","B8",NA,"Nitrate",0.26,NA,25.40316,-80.2446,NA
"5996",119808,"AOML_FBBB","B9",NA,"Nitrate",0.29,NA,25.3333,-80.3212,NA
"5997",119823,"AOML_FBBB","1",NA,"Nitrate",2.79,NA,25.1852,-80.4972,NA
"5998",119838,"AOML_FBBB","2",NA,"Nitrate",0.08,NA,25.1685,-80.5615,NA
"5999",119853,"AOML_FBBB","3",NA,"Nitrate",0.23,NA,25.1507,-80.6203,NA
"6000",119868,"AOML_FBBB","4",NA,"Nitrate",0,NA,25.1327,-80.6797,NA
"6001",119883,"AOML_FBBB","5",NA,"Nitrate",0,NA,25.1161,-80.7199,NA
"6002",119898,"AOML_FBBB","6",NA,"Nitrate",0,NA,25.0719,-80.7612,NA
"6003",119913,"AOML_FBBB","7",NA,"Nitrate",0,NA,25.1171,-80.7931,NA
"6004",119928,"AOML_FBBB","8",NA,"Nitrate",0,NA,25.1281,-80.8637,NA
"6005",119943,"AOML_FBBB","9",NA,"Nitrate",0.01,NA,25.1261,-80.9054,NA
"6006",119958,"AOML_FBBB","10",NA,"Nitrate",0,NA,25.11268,-80.9954,NA
"6007",119973,"AOML_FBBB","11",NA,"Nitrate",0,NA,25.0752,-81.0004,NA
"6008",119988,"AOML_FBBB","12",NA,"Nitrate",0,NA,25.1135,-81.0652,NA
"6009",120003,"AOML_FBBB","13",NA,"Nitrate",0,NA,25.113,-81.0958,NA
"6010",120018,"AOML_FBBB","14",NA,"Nitrate",0,NA,25.0346,-81.0241,NA
"6011",120033,"AOML_FBBB","15",NA,"Nitrate",0.25,NA,24.9321,-80.949,NA
"6012",120048,"AOML_FBBB","16",NA,"Nitrate",0.06,NA,24.8749,-80.8309,NA
"6013",120063,"AOML_FBBB","17",NA,"Nitrate",0.82,NA,24.9218,-80.7094,NA
"6014",120078,"AOML_FBBB","18",NA,"Nitrate",0.33,NA,24.9776,-80.6109,NA
"6015",120093,"AOML_FBBB","19",NA,"Nitrate",0.09,NA,25.0198,-80.5487,NA
"6016",120108,"AOML_FBBB","20",NA,"Nitrate",0.3,NA,25.0662,-80.493,NA
"6017",120123,"AOML_FBBB","34",NA,"Nitrate",0,NA,24.98784,-80.95634,NA
"6018",120138,"AOML_FBBB","21",NA,"Nitrate",0.99,NA,25.1137,-80.5147,NA
"6019",120153,"AOML_FBBB","22",NA,"Nitrate",1.17,NA,25.1,-80.6029,NA
"6020",120168,"AOML_FBBB","23",NA,"Nitrate",0.07,NA,25.056,-80.6246,NA
"6021",120183,"AOML_FBBB","24",NA,"Nitrate",0,NA,25.064,-80.6662,NA
"6022",120198,"AOML_FBBB","25",NA,"Nitrate",0,NA,25.0607,-80.7171,NA
"6023",120213,"AOML_FBBB","26",NA,"Nitrate",0,NA,25.0245,-80.7222,NA
"6024",120228,"AOML_FBBB","27",NA,"Nitrate",0,NA,25.0061,-80.7491,NA
"6025",120243,"AOML_FBBB","28",NA,"Nitrate",0,NA,25.0012,-80.785,NA
"6026",120258,"AOML_FBBB","29",NA,"Nitrate",0.03,NA,24.999,-80.811,NA
"6027",120273,"AOML_FBBB","30",NA,"Nitrate",0,NA,24.9761,-80.8349,NA
"6028",120288,"AOML_FBBB","31",NA,"Nitrate",0,NA,25.0114,-80.869,NA
"6029",120303,"AOML_FBBB","32",NA,"Nitrate",0,NA,25.0118,-80.9256,NA
"6030",120318,"AOML_FBBB","33",NA,"Nitrate",0,NA,25.054,-80.9208,NA
"6031",120333,"AOML_FBBB","35",NA,"Nitrate",0,NA,24.9718,-80.8796,NA
"6032",120348,"AOML_FBBB","36",NA,"Nitrate",0,NA,24.9592,-80.7937,NA
"6033",120363,"AOML_FBBB","37",NA,"Nitrate",0.66,NA,24.9323,-80.7616,NA
"6034",120378,"AOML_FBBB","38",NA,"Nitrate",0.21,NA,24.9856,-80.6976,NA
"6035",120393,"AOML_FBBB","39",NA,"Nitrate",0,NA,25.00784,-80.6467,NA
"6036",120408,"AOML_FBBB","40",NA,"Nitrate",0,NA,25.0171,-80.5985,NA
"6037",120423,"AOML_FBBB","B1",NA,"Nitrate",1.67,NA,25.7405,-80.1831,NA
"6038",120438,"AOML_FBBB","B10",NA,"Nitrate",0.76,NA,25.29704,-80.36128,NA
"6039",120453,"AOML_FBBB","B11",NA,"Nitrate",0.15,NA,25.23878,-80.376,NA
"6040",120468,"AOML_FBBB","B12",NA,"Nitrate",1.16,NA,25.25698,-80.4221,NA
"6041",120483,"AOML_FBBB","B13",NA,"Nitrate",0.45,NA,25.17588,-80.4228,NA
"6042",120498,"AOML_FBBB","B14",NA,"Nitrate",0.09,NA,25.46794,-80.21414,NA
"6043",120513,"AOML_FBBB","B15",NA,"Nitrate",0.3,NA,25.5807,-80.19906,NA
"6044",120528,"AOML_FBBB","B16",NA,"Nitrate",0.14,NA,25.6621,-80.18688,NA
"6045",120543,"AOML_FBBB","B17",NA,"Nitrate",12.9,NA,25.61552,-80.29224,NA
"6046",120558,"AOML_FBBB","B2",NA,"Nitrate",2.96,NA,25.69022,-80.24768,NA
"6047",120573,"AOML_FBBB","B3",NA,"Nitrate",9.03,NA,25.6544,-80.2631,NA
"6048",120588,"AOML_FBBB","B4",NA,"Nitrate",12.53,NA,25.59126,-80.2639,NA
"6049",120603,"AOML_FBBB","B5",NA,"Nitrate",62.9,NA,25.5296,-80.31282,NA
"6050",120618,"AOML_FBBB","B6",NA,"Nitrate",1.55,NA,25.4915,-80.25242,NA
"6051",120633,"AOML_FBBB","B7",NA,"Nitrate",73.57,NA,25.46316,-80.3236,NA
"6052",120648,"AOML_FBBB","B8",NA,"Nitrate",2.13,NA,25.40552,-80.2434,NA
"6053",120663,"AOML_FBBB","B9",NA,"Nitrate",0.91,NA,25.33324,-80.32126,NA
"6054",120678,"AOML_FBBB","1",NA,"Nitrate",2.18,NA,25.1852,-80.49642,NA
"6055",120693,"AOML_FBBB","2",NA,"Nitrate",0.24,NA,25.16772,-80.5622,NA
"6056",120708,"AOML_FBBB","3",NA,"Nitrate",0.29,NA,25.1508,-80.6204,NA
"6057",120723,"AOML_FBBB","4",NA,"Nitrate",0.02,NA,25.13224,-80.67966,NA
"6058",120738,"AOML_FBBB","5",NA,"Nitrate",0.08,NA,25.11568,-80.71998,NA
"6059",120753,"AOML_FBBB","6",NA,"Nitrate",0.07,NA,25.07062,-80.75812,NA
"6060",120768,"AOML_FBBB","7",NA,"Nitrate",0,NA,25.11658,-80.79398,NA
"6061",120783,"AOML_FBBB","8",NA,"Nitrate",0.03,NA,25.1281,-80.86446,NA
"6062",120798,"AOML_FBBB","9",NA,"Nitrate",2.72,NA,25.1266,-80.90584,NA
"6063",120813,"AOML_FBBB","10",NA,"Nitrate",0.11,NA,25.11186,-80.99616,NA
"6064",120828,"AOML_FBBB","11",NA,"Nitrate",0.22,NA,25.07526,-81.0007,NA
"6065",120843,"AOML_FBBB","12",NA,"Nitrate",0,NA,25.11276,-81.0671,NA
"6066",120858,"AOML_FBBB","13",NA,"Nitrate",0,NA,25.11328,-81.09634,NA
"6067",120873,"AOML_FBBB","14",NA,"Nitrate",0.25,NA,25.03426,-81.02822,NA
"6068",120888,"AOML_FBBB","15",NA,"Nitrate",0.04,NA,24.93064,-80.94884,NA
"6069",120903,"AOML_FBBB","16",NA,"Nitrate",0.28,NA,24.87516,-80.83148,NA
"6070",120918,"AOML_FBBB","17",NA,"Nitrate",1.6,NA,24.92194,-80.70932,NA
"6071",120933,"AOML_FBBB","18",NA,"Nitrate",1.16,NA,24.9776,-80.61176,NA
"6072",120948,"AOML_FBBB","19",NA,"Nitrate",0.33,NA,25.01876,-80.5487,NA
"6073",120963,"AOML_FBBB","20",NA,"Nitrate",0.87,NA,25.06718,-80.4926,NA
"6074",120978,"AOML_FBBB","34",NA,"Nitrate",0.06,NA,24.98836,-80.95558,NA
"6075",120993,"AOML_FBBB","21",NA,"Nitrate",0.66,NA,25.11224,-80.51504,NA
"6076",121008,"AOML_FBBB","22",NA,"Nitrate",0.32,NA,25.09968,-80.60366,NA
"6077",121023,"AOML_FBBB","23",NA,"Nitrate",0.21,NA,25.05628,-80.62458,NA
"6078",121038,"AOML_FBBB","24",NA,"Nitrate",0.14,NA,25.06338,-80.667,NA
"6079",121053,"AOML_FBBB","25",NA,"Nitrate",0.12,NA,25.05988,-80.7173,NA
"6080",121068,"AOML_FBBB","26",NA,"Nitrate",0.07,NA,25.02364,-80.72204,NA
"6081",121083,"AOML_FBBB","27",NA,"Nitrate",0.17,NA,25.00527,-80.7501,NA
"6082",121098,"AOML_FBBB","28",NA,"Nitrate",0.08,NA,25.0012,-80.78458,NA
"6083",121113,"AOML_FBBB","29",NA,"Nitrate",0.2,NA,24.9984,-80.8118,NA
"6084",121128,"AOML_FBBB","30",NA,"Nitrate",0,NA,24.97636,-80.83604,NA
"6085",121143,"AOML_FBBB","31",NA,"Nitrate",0.17,NA,25.0108,-80.86866,NA
"6086",121158,"AOML_FBBB","32",NA,"Nitrate",0.13,NA,25.01192,-80.92588,NA
"6087",121173,"AOML_FBBB","33",NA,"Nitrate",0.07,NA,25.05422,-80.92064,NA
"6088",121188,"AOML_FBBB","35",NA,"Nitrate",0.08,NA,24.9712,-80.87858,NA
"6089",121203,"AOML_FBBB","36",NA,"Nitrate",0.08,NA,24.95948,-80.79306,NA
"6090",121218,"AOML_FBBB","37",NA,"Nitrate",1.04,NA,24.93238,-80.76072,NA
"6091",121233,"AOML_FBBB","38",NA,"Nitrate",0.67,NA,24.98552,-80.69752,NA
"6092",121248,"AOML_FBBB","39",NA,"Nitrate",0.35,NA,25.00808,-80.64588,NA
"6093",121263,"AOML_FBBB","40",NA,"Nitrate",0.21,NA,25.01792,-80.59836,NA
"6094",121278,"AOML_FBBB","B1",NA,"Nitrate",2.98,NA,25.7402,-80.18366,NA
"6095",121293,"AOML_FBBB","B10",NA,"Nitrate",0.38,NA,25.29682,-80.36192,NA
"6096",121308,"AOML_FBBB","B11",NA,"Nitrate",0.13,NA,25.2387,-80.37668,NA
"6097",121323,"AOML_FBBB","B12",NA,"Nitrate",0.46,NA,25.25624,-80.42258,NA
"6098",121338,"AOML_FBBB","B13",NA,"Nitrate",0.54,NA,25.17576,-80.42382,NA
"6099",121353,"AOML_FBBB","B14",NA,"Nitrate",0.44,NA,25.46736,-80.21332,NA
"6100",121368,"AOML_FBBB","B15",NA,"Nitrate",0,NA,25.57984,-80.19796,NA
"6101",121383,"AOML_FBBB","B16",NA,"Nitrate",0.28,NA,25.66204,-80.18754,NA
"6102",121398,"AOML_FBBB","B17",NA,"Nitrate",14.93,NA,25.61312,-80.29184,NA
"6103",121413,"AOML_FBBB","B2",NA,"Nitrate",3.63,NA,25.69046,-80.24754,NA
"6104",121428,"AOML_FBBB","B3",NA,"Nitrate",4.38,NA,25.65386,-80.2639,NA
"6105",121443,"AOML_FBBB","B4",NA,"Nitrate",2.04,NA,25.5912,-80.263,NA
"6106",121458,"AOML_FBBB","B5",NA,"Nitrate",38.35,NA,25.53018,-80.3145,NA
"6107",121473,"AOML_FBBB","B6",NA,"Nitrate",1.61,NA,25.49186,-80.25132,NA
"6108",121488,"AOML_FBBB","B7",NA,"Nitrate",0.72,NA,25.46316,-80.32528,NA
"6109",121503,"AOML_FBBB","B8",NA,"Nitrate",0.1,NA,25.40452,-80.24366,NA
"6110",121518,"AOML_FBBB","B9",NA,"Nitrate",0.45,NA,25.33354,-80.32176,NA
"6111",121533,"AOML_FBBB","1",NA,"Nitrate",0.92,NA,25.18526,-80.496,NA
"6112",121548,"AOML_FBBB","2",NA,"Nitrate",0.97,NA,25.16816,-80.5616,NA
"6113",121563,"AOML_FBBB","3",NA,"Nitrate",0.32,NA,25.1561,-80.621,NA
"6114",121578,"AOML_FBBB","4",NA,"Nitrate",0.21,NA,25.13206,-80.68018,NA
"6115",121593,"AOML_FBBB","5",NA,"Nitrate",0,NA,25.11556,-80.71938,NA
"6116",121608,"AOML_FBBB","6",NA,"Nitrate",0,NA,25.07042,-80.75888,NA
"6117",121623,"AOML_FBBB","7",NA,"Nitrate",0,NA,25.11658,-80.7929,NA
"6118",121638,"AOML_FBBB","8",NA,"Nitrate",0.2,NA,25.1287,-80.86508,NA
"6119",121653,"AOML_FBBB","9",NA,"Nitrate",0.16,NA,25.12654,-80.90704,NA
"6120",121668,"AOML_FBBB","10",NA,"Nitrate",0.67,NA,25.11174,-80.99644,NA
"6121",121683,"AOML_FBBB","11",NA,"Nitrate",0.4,NA,25.075,-81.00026,NA
"6122",121698,"AOML_FBBB","12",NA,"Nitrate",1.94,NA,25.11334,-81.0659,NA
"6123",121713,"AOML_FBBB","13",NA,"Nitrate",2.65,NA,25.11334,-81.09752,NA
"6124",121728,"AOML_FBBB","14",NA,"Nitrate",0.85,NA,25.03452,-81.02836,NA
"6125",121743,"AOML_FBBB","15",NA,"Nitrate",0.56,NA,24.93088,-80.9487,NA
"6126",121758,"AOML_FBBB","16",NA,"Nitrate",0.53,NA,24.87518,-80.83002,NA
"6127",121773,"AOML_FBBB","17",NA,"Nitrate",2.85,NA,24.92256,-80.70812,NA
"6128",121788,"AOML_FBBB","18",NA,"Nitrate",1.32,NA,24.97764,-80.61116,NA
"6129",121803,"AOML_FBBB","19",NA,"Nitrate",0.74,NA,25.019,-80.54844,NA
"6130",121818,"AOML_FBBB","20",NA,"Nitrate",1.26,NA,25.0671,-80.49184,NA
"6131",121833,"AOML_FBBB","34",NA,"Nitrate",0.34,NA,24.98816,-80.95562,NA
"6132",121848,"AOML_FBBB","21",NA,"Nitrate",1.24,NA,25.11334,-80.51476,NA
"6133",121863,"AOML_FBBB","22",NA,"Nitrate",1.1,NA,25.10062,-80.6037,NA
"6134",121878,"AOML_FBBB","23",NA,"Nitrate",0.98,NA,25.056,-80.62422,NA
"6135",121893,"AOML_FBBB","24",NA,"Nitrate",0.64,NA,25.06396,-80.66632,NA
"6136",121908,"AOML_FBBB","25",NA,"Nitrate",0.3,NA,25.06038,-80.7167,NA
"6137",121923,"AOML_FBBB","26",NA,"Nitrate",0,NA,25.02456,-80.7218,NA
"6138",121938,"AOML_FBBB","27",NA,"Nitrate",0.11,NA,25.0061,-80.74896,NA
"6139",121953,"AOML_FBBB","28",NA,"Nitrate",0.93,NA,25.00116,-80.78506,NA
"6140",121968,"AOML_FBBB","29",NA,"Nitrate",0.28,NA,24.99888,-80.8108,NA
"6141",121983,"AOML_FBBB","30",NA,"Nitrate",0.76,NA,24.97678,-80.8363,NA
"6142",121998,"AOML_FBBB","31",NA,"Nitrate",0.63,NA,25.01106,-80.86882,NA
"6143",122013,"AOML_FBBB","32",NA,"Nitrate",0.88,NA,25.01186,-80.92564,NA
"6144",122028,"AOML_FBBB","33",NA,"Nitrate",0.31,NA,25.05434,-80.9199,NA
"6145",122043,"AOML_FBBB","35",NA,"Nitrate",0.28,NA,24.9716,-80.87916,NA
"6146",122058,"AOML_FBBB","36",NA,"Nitrate",0,NA,24.95978,-80.79336,NA
"6147",122073,"AOML_FBBB","37",NA,"Nitrate",1.07,NA,24.93266,-80.76138,NA
"6148",122088,"AOML_FBBB","38",NA,"Nitrate",0.56,NA,24.98588,-80.69734,NA
"6149",122103,"AOML_FBBB","39",NA,"Nitrate",0.59,NA,25.00816,-80.6467,NA
"6150",122118,"AOML_FBBB","40",NA,"Nitrate",0.42,NA,25.0171,-80.59928,NA
"6151",122133,"AOML_FBBB","B1",NA,"Nitrate",1.69,NA,25.73932,-80.1831,NA
"6152",122148,"AOML_FBBB","B10",NA,"Nitrate",0.24,NA,25.2972,-80.36108,NA
"6153",122163,"AOML_FBBB","B11",NA,"Nitrate",0.15,NA,25.23902,-80.3755,NA
"6154",122178,"AOML_FBBB","B12",NA,"Nitrate",0,NA,25.2565,-80.42218,NA
"6155",122193,"AOML_FBBB","B13",NA,"Nitrate",0.28,NA,25.17562,-80.4233,NA
"6156",122208,"AOML_FBBB","B14",NA,"Nitrate",0.14,NA,25.4676,-80.21326,NA
"6157",122223,"AOML_FBBB","B15",NA,"Nitrate",0.06,NA,25.58018,-80.19784,NA
"6158",122238,"AOML_FBBB","B16",NA,"Nitrate",0.33,NA,25.66134,-80.18712,NA
"6159",122253,"AOML_FBBB","B2",NA,"Nitrate",0.71,NA,25.69066,-80.2481,NA
"6160",122268,"AOML_FBBB","B3",NA,"Nitrate",6.48,NA,25.65444,-80.2632,NA
"6161",122283,"AOML_FBBB","B4",NA,"Nitrate",3.95,NA,25.59222,-80.26458,NA
"6162",122298,"AOML_FBBB","B5",NA,"Nitrate",24.2,NA,25.53004,-80.31428,NA
"6163",122313,"AOML_FBBB","B6",NA,"Nitrate",1.05,NA,25.49256,-80.25156,NA
"6164",122328,"AOML_FBBB","B7",NA,"Nitrate",11.66,NA,25.46324,-80.32524,NA
"6165",122343,"AOML_FBBB","B8",NA,"Nitrate",0.89,NA,25.40616,-80.2437,NA
"6166",122358,"AOML_FBBB","B9",NA,"Nitrate",0.9,NA,25.33392,-80.32164,NA
"6167",122373,"AOML_FBBB","1",NA,"Nitrate",0.94,NA,25.18538,-80.49606,NA
"6168",122388,"AOML_FBBB","2",NA,"Nitrate",0.04,NA,25.16762,-80.56166,NA
"6169",122403,"AOML_FBBB","3",NA,"Nitrate",0.19,NA,25.15002,-80.62034,NA
"6170",122418,"AOML_FBBB","4",NA,"Nitrate",0.01,NA,25.13236,-80.67884,NA
"6171",122433,"AOML_FBBB","5",NA,"Nitrate",0,NA,25.11604,-80.71414,NA
"6172",122448,"AOML_FBBB","6",NA,"Nitrate",0.03,NA,25.0698,-80.75956,NA
"6173",122463,"AOML_FBBB","7",NA,"Nitrate",0.12,NA,25.11682,-80.7937,NA
"6174",122478,"AOML_FBBB","8",NA,"Nitrate",0,NA,25.12806,-80.86422,NA
"6175",122493,"AOML_FBBB","9",NA,"Nitrate",0.06,NA,25.1266,-80.90606,NA
"6176",122508,"AOML_FBBB","10",NA,"Nitrate",0,NA,25.1114,-80.99632,NA
"6177",122523,"AOML_FBBB","11",NA,"Nitrate",0,NA,25.075,-81.00032,NA
"6178",122538,"AOML_FBBB","12",NA,"Nitrate",0,NA,25.1127,-81.06604,NA
"6179",122553,"AOML_FBBB","13",NA,"Nitrate",0.02,NA,25.11274,-81.09656,NA
"6180",122568,"AOML_FBBB","14",NA,"Nitrate",0,NA,25.0352,-81.02846,NA
"6181",122583,"AOML_FBBB","15",NA,"Nitrate",0,NA,24.93198,-80.94882,NA
"6182",122598,"AOML_FBBB","16",NA,"Nitrate",0,NA,24.87518,-80.83186,NA
"6183",122613,"AOML_FBBB","17",NA,"Nitrate",0.1,NA,24.92202,-80.70914,NA
"6184",122628,"AOML_FBBB","18",NA,"Nitrate",0.24,NA,24.97758,-80.61094,NA
"6185",122643,"AOML_FBBB","19",NA,"Nitrate",1.39,NA,25.0189,-80.54922,NA
"6186",122658,"AOML_FBBB","20",NA,"Nitrate",0.03,NA,25.06672,-80.49222,NA
"6187",122673,"AOML_FBBB","21",NA,"Nitrate",0.61,NA,25.11274,-80.51462,NA
"6188",122688,"AOML_FBBB","22",NA,"Nitrate",0.24,NA,25.09978,-80.60398,NA
"6189",122703,"AOML_FBBB","23",NA,"Nitrate",0.25,NA,25.05548,-80.6242,NA
"6190",122718,"AOML_FBBB","24",NA,"Nitrate",0.1,NA,25.0633,-80.6673,NA
"6191",122733,"AOML_FBBB","25",NA,"Nitrate",0.05,NA,25.06042,-80.7172,NA
"6192",122748,"AOML_FBBB","26",NA,"Nitrate",0.02,NA,25.02392,-80.72158,NA
"6193",122763,"AOML_FBBB","27",NA,"Nitrate",0.06,NA,25.00578,-80.74946,NA
"6194",122778,"AOML_FBBB","28",NA,"Nitrate",0.11,NA,25.00126,-80.78538,NA
"6195",122793,"AOML_FBBB","29",NA,"Nitrate",0.03,NA,24.9986,-80.8116,NA
"6196",122808,"AOML_FBBB","30",NA,"Nitrate",0,NA,24.97568,-80.83546,NA
"6197",122823,"AOML_FBBB","31",NA,"Nitrate",0.06,NA,25.01098,-80.86876,NA
"6198",122838,"AOML_FBBB","32",NA,"Nitrate",0,NA,25.01188,-80.92594,NA
"6199",122853,"AOML_FBBB","33",NA,"Nitrate",0.01,NA,25.054,-80.92028,NA
"6200",122868,"AOML_FBBB","34",NA,"Nitrate",0,NA,24.98828,-80.9561,NA
"6201",122883,"AOML_FBBB","35",NA,"Nitrate",0,NA,24.97218,-80.87988,NA
"6202",122898,"AOML_FBBB","36",NA,"Nitrate",0,NA,24.96102,-80.79448,NA
"6203",122913,"AOML_FBBB","37",NA,"Nitrate",0,NA,24.93252,-80.76166,NA
"6204",122928,"AOML_FBBB","38",NA,"Nitrate",0.17,NA,24.98592,-80.69722,NA
"6205",122943,"AOML_FBBB","39",NA,"Nitrate",0.14,NA,25.00796,-80.64642,NA
"6206",122958,"AOML_FBBB","40",NA,"Nitrate",0.07,NA,25.01764,-80.59828,NA
"6207",122973,"AOML_FBBB","B1",NA,"Nitrate",14.59,NA,25.73882,-80.1832,NA
"6208",122988,"AOML_FBBB","B10",NA,"Nitrate",4.16,NA,25.2974,-80.36132,NA
"6209",123003,"AOML_FBBB","B11",NA,"Nitrate",6.34,NA,25.23894,-80.37548,NA
"6210",123018,"AOML_FBBB","B12",NA,"Nitrate",8.63,NA,25.25552,-80.4217,NA
"6211",123033,"AOML_FBBB","B13",NA,"Nitrate",0.87,NA,25.17582,-80.42278,NA
"6212",123048,"AOML_FBBB","B14",NA,"Nitrate",1.04,NA,25.46824,-80.21292,NA
"6213",123063,"AOML_FBBB","B15",NA,"Nitrate",9.55,NA,25.58174,-80.19954,NA
"6214",123078,"AOML_FBBB","B16",NA,"Nitrate",11.09,NA,25.6618,-80.18674,NA
"6215",123093,"AOML_FBBB","B17",NA,"Nitrate",15.1,NA,25.61512,-80.28774,NA
"6216",123108,"AOML_FBBB","B2",NA,"Nitrate",19.44,NA,25.6909,-80.24736,NA
"6217",123123,"AOML_FBBB","B3",NA,"Nitrate",11.6,NA,25.6546,-80.26322,NA
"6218",123138,"AOML_FBBB","B4",NA,"Nitrate",17.45,NA,25.59156,-80.26298,NA
"6219",123153,"AOML_FBBB","B5",NA,"Nitrate",57.52,NA,25.52962,-80.31268,NA
"6220",123168,"AOML_FBBB","B6",NA,"Nitrate",24.8,NA,25.49258,-80.25186,NA
"6221",123183,"AOML_FBBB","B7",NA,"Nitrate",80,NA,25.46324,-80.32596,NA
"6222",123198,"AOML_FBBB","B8",NA,"Nitrate",2.14,NA,25.40508,-80.24316,NA
"6223",123213,"AOML_FBBB","B9",NA,"Nitrate",3.2,NA,25.33332,-80.32088,NA
"6224",123228,"AOML_FBBB","1",NA,"Nitrate",0.89,NA,25.1845,-80.4965,NA
"6225",123243,"AOML_FBBB","2",NA,"Nitrate",1.49,NA,25.1681,-80.5614,NA
"6226",123258,"AOML_FBBB","3",NA,"Nitrate",0.39,NA,25.15026,-80.6201,NA
"6227",123273,"AOML_FBBB","4",NA,"Nitrate",0,NA,25.13096,-80.68114,NA
"6228",123288,"AOML_FBBB","5",NA,"Nitrate",0,NA,25.116,-80.71952,NA
"6229",123303,"AOML_FBBB","6",NA,"Nitrate",0.12,NA,25.0701,-80.7592,NA
"6230",123318,"AOML_FBBB","7",NA,"Nitrate",0.11,NA,25.11678,-80.79322,NA
"6231",123333,"AOML_FBBB","8",NA,"Nitrate",0.43,NA,25.1276,-80.86354,NA
"6232",123348,"AOML_FBBB","9",NA,"Nitrate",1.96,NA,25.12678,-80.90498,NA
"6233",123363,"AOML_FBBB","10",NA,"Nitrate",1.74,NA,25.11204,-80.99566,NA
"6234",123378,"AOML_FBBB","11",NA,"Nitrate",0.55,NA,25.07496,-81.00024,NA
"6235",123393,"AOML_FBBB","12",NA,"Nitrate",1.4,NA,25.11306,-81.06598,NA
"6236",123408,"AOML_FBBB","13",NA,"Nitrate",0.09,NA,25.11306,-81.09624,NA
"6237",123423,"AOML_FBBB","14",NA,"Nitrate",0,NA,25.03444,-81.02814,NA
"6238",123438,"AOML_FBBB","15",NA,"Nitrate",0,NA,24.93124,-80.94862,NA
"6239",123453,"AOML_FBBB","16",NA,"Nitrate",0.05,NA,24.87524,-80.83082,NA
"6240",123468,"AOML_FBBB","17",NA,"Nitrate",0.85,NA,24.92204,-80.70914,NA
"6241",123483,"AOML_FBBB","18",NA,"Nitrate",0.59,NA,24.97792,-80.61126,NA
"6242",123498,"AOML_FBBB","19",NA,"Nitrate",0.29,NA,25.0191,-80.5489,NA
"6243",123513,"AOML_FBBB","20",NA,"Nitrate",1.21,NA,25.06676,-80.49266,NA
"6244",123528,"AOML_FBBB","34",NA,"Nitrate",0,NA,24.988,-80.9561,NA
"6245",123543,"AOML_FBBB","21",NA,"Nitrate",0.57,NA,25.11342,-80.51456,NA
"6246",123558,"AOML_FBBB","22",NA,"Nitrate",0.5,NA,25.10016,-80.60334,NA
"6247",123573,"AOML_FBBB","23",NA,"Nitrate",0.13,NA,25.05566,-80.62426,NA
"6248",123588,"AOML_FBBB","24",NA,"Nitrate",0.11,NA,25.06374,-80.66604,NA
"6249",123603,"AOML_FBBB","25",NA,"Nitrate",0.06,NA,25.0606,-80.71704,NA
"6250",123618,"AOML_FBBB","26",NA,"Nitrate",0.01,NA,25.02458,-80.72202,NA
"6251",123633,"AOML_FBBB","27",NA,"Nitrate",0.02,NA,25.00618,-80.74942,NA
"6252",123648,"AOML_FBBB","28",NA,"Nitrate",0,NA,25.00134,-80.78716,NA
"6253",123663,"AOML_FBBB","29",NA,"Nitrate",0,NA,24.99874,-80.81068,NA
"6254",123678,"AOML_FBBB","30",NA,"Nitrate",0.57,NA,24.97572,-80.83528,NA
"6255",123693,"AOML_FBBB","31",NA,"Nitrate",0.01,NA,25.01072,-80.86858,NA
"6256",123708,"AOML_FBBB","32",NA,"Nitrate",0,NA,25.0117,-80.92552,NA
"6257",123723,"AOML_FBBB","33",NA,"Nitrate",0.01,NA,25.05428,-80.91992,NA
"6258",123738,"AOML_FBBB","35",NA,"Nitrate",0.16,NA,24.97136,-80.8789,NA
"6259",123753,"AOML_FBBB","36",NA,"Nitrate",0.15,NA,24.9598,-80.79342,NA
"6260",123768,"AOML_FBBB","37",NA,"Nitrate",0.32,NA,24.93274,-80.76182,NA
"6261",123783,"AOML_FBBB","38",NA,"Nitrate",0.1,NA,24.98584,-80.69738,NA
"6262",123798,"AOML_FBBB","39",NA,"Nitrate",0.55,NA,25.0079,-80.64662,NA
"6263",123813,"AOML_FBBB","40",NA,"Nitrate",0.67,NA,25.01704,-80.59894,NA
"6264",123828,"AOML_FBBB","B1",NA,"Nitrate",1.8,NA,25.73886,-80.18322,NA
"6265",123843,"AOML_FBBB","B10",NA,"Nitrate",5.61,NA,25.29804,-80.35944,NA
"6266",123858,"AOML_FBBB","B14",NA,"Nitrate",0.39,NA,25.46778,-80.21334,NA
"6267",123873,"AOML_FBBB","B15",NA,"Nitrate",0.2,NA,25.57982,-80.19784,NA
"6268",123888,"AOML_FBBB","B16",NA,"Nitrate",1.81,NA,25.662,-80.18696,NA
"6269",123903,"AOML_FBBB","B17",NA,"Nitrate",0.98,NA,25.61192,-80.2924,NA
"6270",123918,"AOML_FBBB","B2",NA,"Nitrate",5.2,NA,25.69034,-80.24782,NA
"6271",123933,"AOML_FBBB","B3",NA,"Nitrate",3.42,NA,25.65938,-80.26352,NA
"6272",123948,"AOML_FBBB","B4",NA,"Nitrate",2.94,NA,25.5916,-80.26382,NA
"6273",123963,"AOML_FBBB","B5",NA,"Nitrate",0.15,NA,25.53042,-80.31508,NA
"6274",123978,"AOML_FBBB","B6",NA,"Nitrate",1.92,NA,25.49144,-80.2533,NA
"6275",123993,"AOML_FBBB","B7",NA,"Nitrate",17,NA,25.46312,-80.32552,NA
"6276",124008,"AOML_FBBB","B8",NA,"Nitrate",1.02,NA,25.40568,-80.24352,NA
"6277",124023,"AOML_FBBB","B9",NA,"Nitrate",2.36,NA,25.3336,-80.32076,NA
"6278",124038,"AOML_FBBB","1",NA,"Nitrate",2,NA,25.18418,-80.49614,NA
"6279",124053,"AOML_FBBB","2",NA,"Nitrate",0.98,NA,25.16762,-80.56152,NA
"6280",124068,"AOML_FBBB","3",NA,"Nitrate",0.44,NA,25.15016,-80.6204,NA
"6281",124083,"AOML_FBBB","4",NA,"Nitrate",0.29,NA,25.13202,-80.6793,NA
"6282",124098,"AOML_FBBB","5",NA,"Nitrate",0.12,NA,25.1162,-80.71916,NA
"6283",124113,"AOML_FBBB","6",NA,"Nitrate",0,NA,25.0701,-80.75952,NA
"6284",124128,"AOML_FBBB","7",NA,"Nitrate",0.11,NA,25.1166,-80.79314,NA
"6285",124143,"AOML_FBBB","8",NA,"Nitrate",0.27,NA,25.12788,-80.86374,NA
"6286",124158,"AOML_FBBB","9",NA,"Nitrate",0,NA,25.12714,-80.90584,NA
"6287",124173,"AOML_FBBB","10",NA,"Nitrate",2.53,NA,25.11164,-80.99566,NA
"6288",124188,"AOML_FBBB","11",NA,"Nitrate",0,NA,25.0749,-81.0012,NA
"6289",124203,"AOML_FBBB","12",NA,"Nitrate",3.04,NA,25.11272,-81.06612,NA
"6290",124218,"AOML_FBBB","13",NA,"Nitrate",2.99,NA,25.1129,-81.0968,NA
"6291",124233,"AOML_FBBB","14",NA,"Nitrate",0,NA,25.03376,-81.02798,NA
"6292",124248,"AOML_FBBB","15",NA,"Nitrate",0,NA,24.93152,-80.94868,NA
"6293",124263,"AOML_FBBB","16",NA,"Nitrate",0.39,NA,24.8751,-80.83102,NA
"6294",124278,"AOML_FBBB","17",NA,"Nitrate",1.2,NA,24.92198,-80.70868,NA
"6295",124293,"AOML_FBBB","18",NA,"Nitrate",0.72,NA,24.97754,-80.61132,NA
"6296",124308,"AOML_FBBB","19",NA,"Nitrate",0.77,NA,25.01896,-80.5487,NA
"6297",124323,"AOML_FBBB","20",NA,"Nitrate",1.27,NA,25.06678,-80.4926,NA
"6298",124338,"AOML_FBBB","34",NA,"Nitrate",0.02,NA,24.98746,-80.9558,NA
"6299",124353,"AOML_FBBB","21",NA,"Nitrate",1.48,NA,25.11242,-80.51516,NA
"6300",124368,"AOML_FBBB","22",NA,"Nitrate",1.22,NA,25.10024,-80.60342,NA
"6301",124383,"AOML_FBBB","23",NA,"Nitrate",0.43,NA,25.05586,-80.62454,NA
"6302",124398,"AOML_FBBB","24",NA,"Nitrate",0.21,NA,25.06354,-80.66678,NA
"6303",124413,"AOML_FBBB","25",NA,"Nitrate",0.1,NA,25.0606,-80.71682,NA
"6304",124428,"AOML_FBBB","26",NA,"Nitrate",0.09,NA,25.02424,-80.72174,NA
"6305",124443,"AOML_FBBB","27",NA,"Nitrate",0.11,NA,25.00558,-80.7495,NA
"6306",124458,"AOML_FBBB","28",NA,"Nitrate",0,NA,25.00078,-80.78466,NA
"6307",124473,"AOML_FBBB","29",NA,"Nitrate",0.04,NA,24.99826,-80.8107,NA
"6308",124488,"AOML_FBBB","30",NA,"Nitrate",0,NA,24.97596,-80.83532,NA
"6309",124503,"AOML_FBBB","31",NA,"Nitrate",0,NA,25.01086,-80.8684,NA
"6310",124518,"AOML_FBBB","32",NA,"Nitrate",0,NA,25.01164,-80.92524,NA
"6311",124533,"AOML_FBBB","33",NA,"Nitrate",0,NA,25.05368,-80.91954,NA
"6312",124548,"AOML_FBBB","35",NA,"Nitrate",0,NA,24.9717,-80.87922,NA
"6313",124563,"AOML_FBBB","36",NA,"Nitrate",0,NA,24.95966,-80.79338,NA
"6314",124578,"AOML_FBBB","37",NA,"Nitrate",0.57,NA,24.93264,-80.76188,NA
"6315",124593,"AOML_FBBB","38",NA,"Nitrate",0.79,NA,24.98564,-80.69784,NA
"6316",124608,"AOML_FBBB","39",NA,"Nitrate",0.95,NA,25.00784,-80.64692,NA
"6317",124623,"AOML_FBBB","40",NA,"Nitrate",1.11,NA,25.01692,-80.599,NA
"6318",124638,"AOML_FBBB","B1",NA,"Nitrate",0.08,NA,25.74,-80.18,NA
"6319",124653,"AOML_FBBB","B10",NA,"Nitrate",0.13,NA,25.29752,-80.36226,NA
"6320",124668,"AOML_FBBB","B11",NA,"Nitrate",0.08,NA,25.23888,-80.37734,NA
"6321",124683,"AOML_FBBB","B12",NA,"Nitrate",0.07,NA,25.2557,-80.4221,NA
"6322",124698,"AOML_FBBB","B13",NA,"Nitrate",0.1,NA,25.17558,-80.42352,NA
"6323",124713,"AOML_FBBB","B14",NA,"Nitrate",0.17,NA,25.4676,-80.214,NA
"6324",124728,"AOML_FBBB","B15",NA,"Nitrate",0.1,NA,25.58008,-80.19806,NA
"6325",124743,"AOML_FBBB","B16",NA,"Nitrate",0.12,NA,25.66248,-80.18674,NA
"6326",124758,"AOML_FBBB","B17",NA,"Nitrate",0.05,NA,25.61472,-80.29182,NA
"6327",124773,"AOML_FBBB","B2",NA,"Nitrate",1.3,NA,25.69032,-80.24564,NA
"6328",124788,"AOML_FBBB","B3",NA,"Nitrate",0.42,NA,25.6509,-80.26486,NA
"6329",124803,"AOML_FBBB","B4",NA,"Nitrate",0.28,NA,25.5905,-80.26386,NA
"6330",124818,"AOML_FBBB","B5",NA,"Nitrate",51.95,NA,25.53,-80.3142,NA
"6331",124833,"AOML_FBBB","B6",NA,"Nitrate",0.7,NA,25.4919,-80.25122,NA
"6332",124848,"AOML_FBBB","B7",NA,"Nitrate",0.3,NA,25.46306,-80.32604,NA
"6333",124863,"AOML_FBBB","B8",NA,"Nitrate",0.33,NA,25.40528,-80.24184,NA
"6334",124878,"AOML_FBBB","B9",NA,"Nitrate",0.1,NA,25.33314,-80.3213,NA
"6335",124893,"AOML_FBBB","1",NA,"Nitrate",5.45,NA,25.18474,-80.4961,NA
"6336",124908,"AOML_FBBB","2",NA,"Nitrate",0.33,NA,25.16742,-80.56132,NA
"6337",124923,"AOML_FBBB","3",NA,"Nitrate",0.13,NA,25.15026,-80.62022,NA
"6338",124938,"AOML_FBBB","4",NA,"Nitrate",0.2,NA,25.13264,-80.68004,NA
"6339",124953,"AOML_FBBB","5",NA,"Nitrate",0.18,NA,25.11576,-80.71904,NA
"6340",124968,"AOML_FBBB","7",NA,"Nitrate",0.06,NA,25.11682,-80.79334,NA
"6341",124983,"AOML_FBBB","8",NA,"Nitrate",0.13,NA,25.1291,-80.8658,NA
"6342",124998,"AOML_FBBB","9",NA,"Nitrate",0.52,NA,25.1262,-80.9046,NA
"6343",125013,"AOML_FBBB","10",NA,"Nitrate",0.09,NA,25.11148,-80.99576,NA
"6344",125028,"AOML_FBBB","11",NA,"Nitrate",0.28,NA,25.0748,-81,NA
"6345",125043,"AOML_FBBB","12",NA,"Nitrate",0.1,NA,25.11322,-81.06676,NA
"6346",125058,"AOML_FBBB","13",NA,"Nitrate",0.1,NA,25.1132,-81.09698,NA
"6347",125073,"AOML_FBBB","14",NA,"Nitrate",0.06,NA,25.03412,-81.02836,NA
"6348",125088,"AOML_FBBB","15",NA,"Nitrate",0.05,NA,24.93088,-80.94886,NA
"6349",125103,"AOML_FBBB","16",NA,"Nitrate",0.05,NA,24.87526,-80.83022,NA
"6350",125118,"AOML_FBBB","17",NA,"Nitrate",0.41,NA,24.92234,-80.7087,NA
"6351",125133,"AOML_FBBB","18",NA,"Nitrate",0.34,NA,24.97758,-80.61098,NA
"6352",125148,"AOML_FBBB","19",NA,"Nitrate",0.73,NA,25.01888,-80.54862,NA
"6353",125163,"AOML_FBBB","20",NA,"Nitrate",1.85,NA,25.06662,-80.49376,NA
"6354",125178,"AOML_FBBB","34",NA,"Nitrate",0.11,NA,24.9879,-80.95534,NA
"6355",125193,"AOML_FBBB","38",NA,"Nitrate",0.08,NA,24.98566,-80.69752,NA
"6356",125208,"AOML_FBBB","21",NA,"Nitrate",1.66,NA,25.11312,-80.51476,NA
"6357",125223,"AOML_FBBB","22",NA,"Nitrate",1.22,NA,25.10028,-80.60354,NA
"6358",125238,"AOML_FBBB","23",NA,"Nitrate",0.23,NA,25.05534,-80.62444,NA
"6359",125253,"AOML_FBBB","24",NA,"Nitrate",0.13,NA,25.06316,-80.66656,NA
"6360",125268,"AOML_FBBB","25",NA,"Nitrate",0.02,NA,25.06008,-80.7172,NA
"6361",125283,"AOML_FBBB","26",NA,"Nitrate",0,NA,25.02442,-80.72166,NA
"6362",125298,"AOML_FBBB","27",NA,"Nitrate",0.03,NA,25.00558,-80.74856,NA
"6363",125313,"AOML_FBBB","28",NA,"Nitrate",0.06,NA,25.00064,-80.78544,NA
"6364",125328,"AOML_FBBB","29",NA,"Nitrate",0,NA,24.99834,-80.81142,NA
"6365",125343,"AOML_FBBB","30",NA,"Nitrate",0.33,NA,24.97546,-80.8352,NA
"6366",125358,"AOML_FBBB","31",NA,"Nitrate",0.05,NA,25.01082,-80.86892,NA
"6367",125373,"AOML_FBBB","32",NA,"Nitrate",0.05,NA,25.01228,-80.92532,NA
"6368",125388,"AOML_FBBB","33",NA,"Nitrate",0.04,NA,25.05408,-80.92052,NA
"6369",125403,"AOML_FBBB","35",NA,"Nitrate",0.03,NA,24.97144,-80.87852,NA
"6370",125418,"AOML_FBBB","36",NA,"Nitrate",0.14,NA,24.95812,-80.79272,NA
"6371",125433,"AOML_FBBB","37",NA,"Nitrate",0.3,NA,24.93268,-80.76118,NA
"6372",125448,"AOML_FBBB","39",NA,"Nitrate",0.14,NA,25.00828,-80.64682,NA
"6373",125463,"AOML_FBBB","40",NA,"Nitrate",0.07,NA,25.01728,-80.59846,NA
"6374",125478,"AOML_FBBB","B1",NA,"Nitrate",0,NA,25.73908,-80.1833,NA
"6375",125493,"AOML_FBBB","B10",NA,"Nitrate",0,NA,25.2965,-80.36204,NA
"6376",125508,"AOML_FBBB","B11",NA,"Nitrate",0,NA,25.23832,-80.37608,NA
"6377",125523,"AOML_FBBB","B12",NA,"Nitrate",0,NA,25.25614,-80.4222,NA
"6378",125538,"AOML_FBBB","B13",NA,"Nitrate",0,NA,25.17358,-80.42428,NA
"6379",125553,"AOML_FBBB","B14",NA,"Nitrate",0,NA,25.46736,-80.21342,NA
"6380",125568,"AOML_FBBB","B15",NA,"Nitrate",0,NA,25.57976,-80.19858,NA
"6381",125583,"AOML_FBBB","B16",NA,"Nitrate",0,NA,25.66164,-80.18702,NA
"6382",125598,"AOML_FBBB","B17",NA,"Nitrate",0,NA,25.61572,-80.29112,NA
"6383",125613,"AOML_FBBB","B2",NA,"Nitrate",2.49,NA,25.69022,-80.24842,NA
"6384",125628,"AOML_FBBB","B3",NA,"Nitrate",0,NA,25.65418,-80.26428,NA
"6385",125643,"AOML_FBBB","B4",NA,"Nitrate",0,NA,25.59032,-80.26362,NA
"6386",125658,"AOML_FBBB","B5",NA,"Nitrate",0,NA,25.53012,-80.31452,NA
"6387",125673,"AOML_FBBB","B6",NA,"Nitrate",0,NA,25.49196,-80.25128,NA
"6388",125688,"AOML_FBBB","B7",NA,"Nitrate",0,NA,25.4633,-80.32556,NA
"6389",125703,"AOML_FBBB","B8",NA,"Nitrate",0,NA,25.4046,-80.2438,NA
"6390",125718,"AOML_FBBB","B9",NA,"Nitrate",0.03,NA,25.33316,-80.32146,NA
"6391",125733,"AOML_FBBB","1",NA,"Nitrate",1.4,NA,25.18442,-80.49648,NA
"6392",125748,"AOML_FBBB","2",NA,"Nitrate",0.27,NA,25.16744,-80.56222,NA
"6393",125763,"AOML_FBBB","3",NA,"Nitrate",0.18,NA,25.15008,-80.6211,NA
"6394",125778,"AOML_FBBB","4",NA,"Nitrate",0,NA,25.13216,-80.6806,NA
"6395",125793,"AOML_FBBB","5",NA,"Nitrate",0,NA,25.11546,-80.71964,NA
"6396",125808,"AOML_FBBB","6",NA,"Nitrate",0,NA,25.07002,-80.75872,NA
"6397",125823,"AOML_FBBB","7",NA,"Nitrate",0,NA,25.11668,-80.79384,NA
"6398",125838,"AOML_FBBB","8",NA,"Nitrate",0,NA,25.12816,-80.86426,NA
"6399",125853,"AOML_FBBB","9",NA,"Nitrate",0,NA,25.12692,-80.90594,NA
"6400",125868,"AOML_FBBB","10",NA,"Nitrate",0,NA,25.1117,-80.99632,NA
"6401",125883,"AOML_FBBB","11",NA,"Nitrate",0,NA,25.07472,-81.0001,NA
"6402",125898,"AOML_FBBB","12",NA,"Nitrate",0,NA,25.11292,-81.06656,NA
"6403",125913,"AOML_FBBB","13",NA,"Nitrate",0,NA,25.11344,-81.0968,NA
"6404",125928,"AOML_FBBB","14",NA,"Nitrate",0,NA,25.03458,-81.02776,NA
"6405",125943,"AOML_FBBB","15",NA,"Nitrate",0,NA,24.93122,-80.94872,NA
"6406",125958,"AOML_FBBB","16",NA,"Nitrate",0,NA,24.87514,-80.83024,NA
"6407",125973,"AOML_FBBB","17",NA,"Nitrate",0,NA,24.92238,-80.70846,NA
"6408",125988,"AOML_FBBB","18",NA,"Nitrate",0.06,NA,24.97788,-80.61104,NA
"6409",126003,"AOML_FBBB","19",NA,"Nitrate",0,NA,25.0198,-80.54816,NA
"6410",126018,"AOML_FBBB","20",NA,"Nitrate",0.39,NA,25.06714,-80.49242,NA
"6411",126033,"AOML_FBBB","34",NA,"Nitrate",0,NA,24.98788,-80.95542,NA
"6412",126048,"AOML_FBBB","21",NA,"Nitrate",2.64,NA,25.11282,-80.51492,NA
"6413",126063,"AOML_FBBB","22",NA,"Nitrate",1.32,NA,25.10004,-80.6044,NA
"6414",126078,"AOML_FBBB","23",NA,"Nitrate",0,NA,25.0547,-80.62444,NA
"6415",126093,"AOML_FBBB","24",NA,"Nitrate",0,NA,25.0635,-80.66746,NA
"6416",126108,"AOML_FBBB","25",NA,"Nitrate",0,NA,25.05978,-80.71768,NA
"6417",126123,"AOML_FBBB","26",NA,"Nitrate",0.17,NA,25.0236,-80.72197,NA
"6418",126138,"AOML_FBBB","27",NA,"Nitrate",0,NA,25.00614,-80.74944,NA
"6419",126153,"AOML_FBBB","28",NA,"Nitrate",0,NA,25.00064,-80.7858,NA
"6420",126168,"AOML_FBBB","29",NA,"Nitrate",0.01,NA,24.99818,-80.81188,NA
"6421",126183,"AOML_FBBB","30",NA,"Nitrate",0,NA,24.97584,-80.83572,NA
"6422",126198,"AOML_FBBB","31",NA,"Nitrate",0,NA,25.01136,-80.86916,NA
"6423",126213,"AOML_FBBB","32",NA,"Nitrate",0,NA,25.0117,-80.92592,NA
"6424",126228,"AOML_FBBB","33",NA,"Nitrate",0,NA,25.05452,-80.92,NA
"6425",126243,"AOML_FBBB","35",NA,"Nitrate",0,NA,24.9716,-80.87946,NA
"6426",126258,"AOML_FBBB","36",NA,"Nitrate",0,NA,24.95944,-80.79264,NA
"6427",126273,"AOML_FBBB","37",NA,"Nitrate",0,NA,24.93216,-80.76066,NA
"6428",126288,"AOML_FBBB","38",NA,"Nitrate",0,NA,24.98624,-80.6977,NA
"6429",126303,"AOML_FBBB","39",NA,"Nitrate",0,NA,25.00776,-80.64634,NA
"6430",126318,"AOML_FBBB","40",NA,"Nitrate",0,NA,25.01762,-80.59812,NA
"6431",126333,"AOML_FBBB","B1",NA,"Nitrate",0.17,NA,25.73946,-80.18336,NA
"6432",126348,"AOML_FBBB","B10",NA,"Nitrate",0.07,NA,25.29708,-80.36158,NA
"6433",126363,"AOML_FBBB","B11",NA,"Nitrate",0.03,NA,25.2387,-80.37614,NA
"6434",126378,"AOML_FBBB","B12",NA,"Nitrate",0,NA,25.25672,-80.4222,NA
"6435",126393,"AOML_FBBB","B13",NA,"Nitrate",0.05,NA,25.1763,-80.42352,NA
"6436",126408,"AOML_FBBB","B14",NA,"Nitrate",0,NA,25.46858,-80.21314,NA
"6437",126423,"AOML_FBBB","B15",NA,"Nitrate",0,NA,25.58018,-80.19816,NA
"6438",126438,"AOML_FBBB","B16",NA,"Nitrate",0.71,NA,25.66256,-80.1876,NA
"6439",126453,"AOML_FBBB","B17",NA,"Nitrate",0.01,NA,25.61606,-80.29208,NA
"6440",126468,"AOML_FBBB","B2",NA,"Nitrate",0.52,NA,25.69032,-80.24804,NA
"6441",126483,"AOML_FBBB","B3",NA,"Nitrate",0.49,NA,25.65438,-80.26382,NA
"6442",126498,"AOML_FBBB","B4",NA,"Nitrate",0,NA,25.59108,-80.26374,NA
"6443",126513,"AOML_FBBB","B5",NA,"Nitrate",14.09,NA,25.52994,-80.31424,NA
"6444",126528,"AOML_FBBB","B6",NA,"Nitrate",0.17,NA,25.49266,-80.2515,NA
"6445",126543,"AOML_FBBB","B7",NA,"Nitrate",0.32,NA,25.46348,-80.32566,NA
"6446",126558,"AOML_FBBB","B8",NA,"Nitrate",0.08,NA,25.40524,-80.24348,NA
"6447",126573,"AOML_FBBB","B9",NA,"Nitrate",0,NA,25.33322,-80.32066,NA
"6448",126588,"AOML_FBBB","1",NA,"Nitrate",1.18,NA,25.18464,-80.49602,NA
"6449",126603,"AOML_FBBB","2",NA,"Nitrate",0,NA,25.1676,-80.56238,NA
"6450",126618,"AOML_FBBB","3",NA,"Nitrate",0,NA,25.15028,-80.62096,NA
"6451",126633,"AOML_FBBB","4",NA,"Nitrate",0.11,NA,25.13224,-80.67938,NA
"6452",126648,"AOML_FBBB","5",NA,"Nitrate",0,NA,25.11596,-80.71914,NA
"6453",126663,"AOML_FBBB","6",NA,"Nitrate",0,NA,25.0701,-80.75928,NA
"6454",126678,"AOML_FBBB","7",NA,"Nitrate",0,NA,25.1166,-80.7935,NA
"6455",126693,"AOML_FBBB","8",NA,"Nitrate",0.15,NA,25.12852,-80.86428,NA
"6456",126708,"AOML_FBBB","9",NA,"Nitrate",0,NA,25.12674,-80.9053,NA
"6457",126723,"AOML_FBBB","10",NA,"Nitrate",0,NA,25.1116,-80.99612,NA
"6458",126738,"AOML_FBBB","11",NA,"Nitrate",0,NA,25.0748,-81.00018,NA
"6459",126753,"AOML_FBBB","12",NA,"Nitrate",0,NA,25.11312,-81.06584,NA
"6460",126768,"AOML_FBBB","13",NA,"Nitrate",0,NA,25.1129,-81.0957,NA
"6461",126783,"AOML_FBBB","14",NA,"Nitrate",0,NA,25.0341,-81.0279,NA
"6462",126798,"AOML_FBBB","15",NA,"Nitrate",0,NA,24.9315,-80.9487,NA
"6463",126813,"AOML_FBBB","16",NA,"Nitrate",0,NA,24.8752,-80.83088,NA
"6464",126828,"AOML_FBBB","17",NA,"Nitrate",0.29,NA,24.9222,-80.7092,NA
"6465",126843,"AOML_FBBB","18",NA,"Nitrate",0.42,NA,24.9778,-80.6109,NA
"6466",126858,"AOML_FBBB","19",NA,"Nitrate",0,NA,25.0203,-80.5485,NA
"6467",126873,"AOML_FBBB","20",NA,"Nitrate",0.8,NA,25.0669,-80.4942,NA
"6468",126888,"AOML_FBBB","34",NA,"Nitrate",0,NA,24.98806,-80.95572,NA
"6469",126903,"AOML_FBBB","21",NA,"Nitrate",0.32,NA,25.1127,-80.5151,NA
"6470",126918,"AOML_FBBB","22",NA,"Nitrate",0.43,NA,25.0995,-80.6034,NA
"6471",126933,"AOML_FBBB","23",NA,"Nitrate",0,NA,25.0553,-80.6249,NA
"6472",126948,"AOML_FBBB","24",NA,"Nitrate",0,NA,25.0635,-80.667,NA
"6473",126963,"AOML_FBBB","25",NA,"Nitrate",0.03,NA,25.0601,-80.7178,NA
"6474",126978,"AOML_FBBB","26",NA,"Nitrate",0,NA,25.0242,-80.7219,NA
"6475",126993,"AOML_FBBB","27",NA,"Nitrate",0,NA,25.0056,-80.7496,NA
"6476",127008,"AOML_FBBB","28",NA,"Nitrate",0.02,NA,25.0009,-80.7844,NA
"6477",127023,"AOML_FBBB","29",NA,"Nitrate",0.02,NA,24.9982,-80.8118,NA
"6478",127038,"AOML_FBBB","30",NA,"Nitrate",0.02,NA,24.9758,-80.836,NA
"6479",127053,"AOML_FBBB","31",NA,"Nitrate",0.04,NA,25.0108,-80.8686,NA
"6480",127068,"AOML_FBBB","32",NA,"Nitrate",0.01,NA,25.0118,-80.9257,NA
"6481",127083,"AOML_FBBB","33",NA,"Nitrate",0,NA,25.0541,-80.9199,NA
"6482",127098,"AOML_FBBB","35",NA,"Nitrate",0.05,NA,24.9715,-80.8793,NA
"6483",127113,"AOML_FBBB","36",NA,"Nitrate",0.04,NA,24.9598,-80.7939,NA
"6484",127128,"AOML_FBBB","37",NA,"Nitrate",0.18,NA,24.9325,-80.7615,NA
"6485",127143,"AOML_FBBB","38",NA,"Nitrate",0.09,NA,24.9859,-80.6974,NA
"6486",127158,"AOML_FBBB","39",NA,"Nitrate",0,NA,25.0078,-80.6464,NA
"6487",127173,"AOML_FBBB","40",NA,"Nitrate",0.04,NA,25.0179,-80.5983,NA
"6488",127188,"AOML_FBBB","B1",NA,"Nitrate",1.96,NA,25.73972,-80.1832,NA
"6489",127203,"AOML_FBBB","B10",NA,"Nitrate",0.12,NA,25.29682,-80.36132,NA
"6490",127218,"AOML_FBBB","B11",NA,"Nitrate",0.03,NA,25.23824,-80.37596,NA
"6491",127233,"AOML_FBBB","B12",NA,"Nitrate",0.08,NA,25.25532,-80.42296,NA
"6492",127248,"AOML_FBBB","B13",NA,"Nitrate",0.24,NA,25.17564,-80.42312,NA
"6493",127263,"AOML_FBBB","B14",NA,"Nitrate",0.15,NA,25.4677,-80.21264,NA
"6494",127278,"AOML_FBBB","B15",NA,"Nitrate",5.84,NA,25.58004,-80.19856,NA
"6495",127293,"AOML_FBBB","B16",NA,"Nitrate",76.04,NA,25.66164,-80.18758,NA
"6496",127308,"AOML_FBBB","B17",NA,"Nitrate",5.22,NA,25.6156,-80.2973,NA
"6497",127323,"AOML_FBBB","B2",NA,"Nitrate",7.2,NA,25.69042,-80.24892,NA
"6498",127338,"AOML_FBBB","B3",NA,"Nitrate",25.67,NA,25.65364,-80.26334,NA
"6499",127353,"AOML_FBBB","B4",NA,"Nitrate",4.93,NA,25.59194,-80.26324,NA
"6500",127368,"AOML_FBBB","B5",NA,"Nitrate",14.99,NA,25.52976,-80.31276,NA
"6501",127383,"AOML_FBBB","B6",NA,"Nitrate",0.93,NA,25.49186,-80.25238,NA
"6502",127398,"AOML_FBBB","B7",NA,"Nitrate",1.94,NA,25.4631,-80.32526,NA
"6503",127413,"AOML_FBBB","B8",NA,"Nitrate",0.71,NA,25.40566,-80.24334,NA
"6504",127428,"AOML_FBBB","B9",NA,"Nitrate",0.11,NA,25.33344,-80.3214,NA
"6505",127443,"AOML_FBBB","1",NA,"Nitrate",37.47,NA,25.18492,-80.49598,NA
"6506",127458,"AOML_FBBB","2",NA,"Nitrate",25.45,NA,25.16734,-80.56228,NA
"6507",127473,"AOML_FBBB","3",NA,"Nitrate",8.41,NA,25.15042,-80.61985,NA
"6508",127488,"AOML_FBBB","4",NA,"Nitrate",1.95,NA,25.13276,-80.67942,NA
"6509",127503,"AOML_FBBB","5",NA,"Nitrate",0.66,NA,25.11578,-80.71938,NA
"6510",127518,"AOML_FBBB","6",NA,"Nitrate",1.34,NA,25.0698,-80.759,NA
"6511",127533,"AOML_FBBB","7",NA,"Nitrate",0.07,NA,25.1165,-80.79316,NA
"6512",127548,"AOML_FBBB","8",NA,"Nitrate",0.09,NA,25.1284,-80.8647,NA
"6513",127563,"AOML_FBBB","9",NA,"Nitrate",0.25,NA,25.127,-80.90558,NA
"6514",127578,"AOML_FBBB","10",NA,"Nitrate",0.08,NA,25.11266,-80.99406,NA
"6515",127593,"AOML_FBBB","11",NA,"Nitrate",0.05,NA,25.07478,-81.00004,NA
"6516",127608,"AOML_FBBB","12",NA,"Nitrate",0.07,NA,25.1138,-81.0644,NA
"6517",127623,"AOML_FBBB","13",NA,"Nitrate",0.05,NA,25.11262,-81.09562,NA
"6518",127638,"AOML_FBBB","14",NA,"Nitrate",0.03,NA,25.03406,-81.0263,NA
"6519",127653,"AOML_FBBB","15",NA,"Nitrate",0.03,NA,24.93164,-80.94864,NA
"6520",127668,"AOML_FBBB","16",NA,"Nitrate",0.08,NA,24.87494,-80.83044,NA
"6521",127683,"AOML_FBBB","17",NA,"Nitrate",0.49,NA,24.92218,-80.7098,NA
"6522",127698,"AOML_FBBB","18",NA,"Nitrate",0.76,NA,24.97794,-80.61082,NA
"6523",127713,"AOML_FBBB","19",NA,"Nitrate",0.26,NA,25.01978,-80.54866,NA
"6524",127728,"AOML_FBBB","20",NA,"Nitrate",0.61,NA,25.06692,-80.49284,NA
"6525",127743,"AOML_FBBB","34",NA,"Nitrate",0.1,NA,24.9878,-80.95544,NA
"6526",127758,"AOML_FBBB","21",NA,"Nitrate",0.61,NA,25.1132,-80.51478,NA
"6527",127773,"AOML_FBBB","22",NA,"Nitrate",0.52,NA,25.1004,-80.60418,NA
"6528",127788,"AOML_FBBB","23",NA,"Nitrate",0.13,NA,25.05576,-80.62454,NA
"6529",127803,"AOML_FBBB","24",NA,"Nitrate",0.07,NA,25.06358,-80.66662,NA
"6530",127818,"AOML_FBBB","25",NA,"Nitrate",0.33,NA,25.06034,-80.7176,NA
"6531",127833,"AOML_FBBB","26",NA,"Nitrate",0.04,NA,25.0237,-80.72224,NA
"6532",127848,"AOML_FBBB","27",NA,"Nitrate",0.24,NA,25.00604,-80.74958,NA
"6533",127863,"AOML_FBBB","28",NA,"Nitrate",0.17,NA,25.00092,-80.7849,NA
"6534",127878,"AOML_FBBB","29",NA,"Nitrate",0.07,NA,24.99848,-80.81132,NA
"6535",127893,"AOML_FBBB","30",NA,"Nitrate",0.13,NA,24.976,-80.8361,NA
"6536",127908,"AOML_FBBB","31",NA,"Nitrate",0.03,NA,25.0113,-80.86884,NA
"6537",127923,"AOML_FBBB","32",NA,"Nitrate",0.03,NA,25.01158,-80.92562,NA
"6538",127938,"AOML_FBBB","33",NA,"Nitrate",0.02,NA,25.05432,-80.9202,NA
"6539",127953,"AOML_FBBB","35",NA,"Nitrate",0.07,NA,24.97106,-80.87878,NA
"6540",127968,"AOML_FBBB","36",NA,"Nitrate",0.19,NA,24.95832,-80.7921,NA
"6541",127983,"AOML_FBBB","37",NA,"Nitrate",0.5,NA,24.9322,-80.76102,NA
"6542",127998,"AOML_FBBB","38",NA,"Nitrate",0.28,NA,24.98582,-80.6974,NA
"6543",128013,"AOML_FBBB","39",NA,"Nitrate",0.11,NA,25.008,-80.64638,NA
"6544",128028,"AOML_FBBB","40",NA,"Nitrate",0.42,NA,25.01704,-80.5984,NA
"6545",128043,"AOML_FBBB","B1",NA,"Nitrate",2.39,NA,25.74032,-80.18368,NA
"6546",128058,"AOML_FBBB","B10",NA,"Nitrate",0.04,NA,25.2972,-80.3613,NA
"6547",128073,"AOML_FBBB","B11",NA,"Nitrate",0.06,NA,25.2388,-80.3757,NA
"6548",128088,"AOML_FBBB","B12",NA,"Nitrate",0.06,NA,25.25508,-80.42258,NA
"6549",128103,"AOML_FBBB","B13",NA,"Nitrate",0.04,NA,25.17594,-80.42332,NA
"6550",128118,"AOML_FBBB","B14",NA,"Nitrate",0.22,NA,25.46748,-80.213,NA
"6551",128133,"AOML_FBBB","B15",NA,"Nitrate",0.2,NA,25.58004,-80.19864,NA
"6552",128148,"AOML_FBBB","B16",NA,"Nitrate",1.38,NA,25.6624,-80.1877,NA
"6553",128163,"AOML_FBBB","B17",NA,"Nitrate",2.51,NA,25.61474,-80.29456,NA
"6554",128178,"AOML_FBBB","B2",NA,"Nitrate",17.05,NA,25.69038,-80.24814,NA
"6555",128193,"AOML_FBBB","B3",NA,"Nitrate",18.01,NA,25.6542,-80.26324,NA
"6556",128208,"AOML_FBBB","B4",NA,"Nitrate",2.53,NA,25.59164,-80.26364,NA
"6557",128223,"AOML_FBBB","B5",NA,"Nitrate",20.49,NA,25.53,-80.31464,NA
"6558",128238,"AOML_FBBB","B6",NA,"Nitrate",0.75,NA,25.49208,-80.25146,NA
"6559",128253,"AOML_FBBB","B7",NA,"Nitrate",20.58,NA,25.4632,-80.32428,NA
"6560",128268,"AOML_FBBB","B8",NA,"Nitrate",0.56,NA,25.40496,-80.24408,NA
"6561",128283,"AOML_FBBB","B9",NA,"Nitrate",0.02,NA,25.33358,-80.32104,NA
"6562",128298,"AOML_FBBB","1",NA,"Nitrate",0.97,NA,25.18402,-80.49658,NA
"6563",128313,"AOML_FBBB","2",NA,"Nitrate",1.14,NA,25.16754,-80.56154,NA
"6564",128328,"AOML_FBBB","3",NA,"Nitrate",1.55,NA,25.15018,-80.62118,NA
"6565",128343,"AOML_FBBB","4",NA,"Nitrate",NA,NA,25.13222,-80.67994,NA
"6566",128358,"AOML_FBBB","5",NA,"Nitrate",0.26,NA,25.116,-80.71916,NA
"6567",128373,"AOML_FBBB","6",NA,"Nitrate",0.13,NA,25.07016,-80.75422,NA
"6568",128388,"AOML_FBBB","7",NA,"Nitrate",0.77,NA,25.11662,-80.7933,NA
"6569",128403,"AOML_FBBB","8",NA,"Nitrate",0.56,NA,25.1283,-80.86432,NA
"6570",128418,"AOML_FBBB","9",NA,"Nitrate",0,NA,25.12682,-80.90542,NA
"6571",128433,"AOML_FBBB","10",NA,"Nitrate",0,NA,25.11162,-80.99604,NA
"6572",128448,"AOML_FBBB","11",NA,"Nitrate",0,NA,25.0744,-81.00006,NA
"6573",128463,"AOML_FBBB","12",NA,"Nitrate",0,NA,25.11274,-81.06624,NA
"6574",128478,"AOML_FBBB","13",NA,"Nitrate",0,NA,25.1132,-81.0969,NA
"6575",128493,"AOML_FBBB","14",NA,"Nitrate",0,NA,25.03466,-81.0283,NA
"6576",128508,"AOML_FBBB","15",NA,"Nitrate",0,NA,24.93134,-80.9489,NA
"6577",128523,"AOML_FBBB","16",NA,"Nitrate",0,NA,24.87516,-80.83078,NA
"6578",128538,"AOML_FBBB","17",NA,"Nitrate",0.81,NA,24.92182,-80.70856,NA
"6579",128553,"AOML_FBBB","18",NA,"Nitrate",1.59,NA,24.97748,-80.61112,NA
"6580",128568,"AOML_FBBB","19",NA,"Nitrate",0.26,NA,25.01932,-80.54836,NA
"6581",128583,"AOML_FBBB","20",NA,"Nitrate",1.38,NA,25.06682,-80.49228,NA
"6582",128598,"AOML_FBBB","21",NA,"Nitrate",0.82,NA,25.11384,-80.51414,NA
"6583",128613,"AOML_FBBB","22",NA,"Nitrate",0.83,NA,25.10034,-80.60436,NA
"6584",128628,"AOML_FBBB","23",NA,"Nitrate",0.22,NA,25.05574,-80.62446,NA
"6585",128643,"AOML_FBBB","24",NA,"Nitrate",0.73,NA,25.06356,-80.6662,NA
"6586",128658,"AOML_FBBB","25",NA,"Nitrate",0.28,NA,25.06026,-80.7174,NA
"6587",128673,"AOML_FBBB","26",NA,"Nitrate",1.15,NA,25.0242,-80.72172,NA
"6588",128688,"AOML_FBBB","27",NA,"Nitrate",0.5,NA,25.00584,-80.749,NA
"6589",128703,"AOML_FBBB","28",NA,"Nitrate",0.19,NA,25.00098,-80.78496,NA
"6590",128718,"AOML_FBBB","29",NA,"Nitrate",0,NA,24.99872,-80.81248,NA
"6591",128733,"AOML_FBBB","30",NA,"Nitrate",0.23,NA,24.97576,-80.83522,NA
"6592",128748,"AOML_FBBB","31",NA,"Nitrate",0.04,NA,25.0111,-80.8688,NA
"6593",128763,"AOML_FBBB","32",NA,"Nitrate",0,NA,25.0119,-80.92578,NA
"6594",128778,"AOML_FBBB","33",NA,"Nitrate",0.55,NA,25.05432,-80.9197,NA
"6595",128793,"AOML_FBBB","34",NA,"Nitrate",0.02,NA,24.98826,-80.95606,NA
"6596",128808,"AOML_FBBB","35",NA,"Nitrate",0.13,NA,24.9713,-80.87902,NA
"6597",128823,"AOML_FBBB","36",NA,"Nitrate",0.39,NA,24.95942,-80.7933,NA
"6598",128838,"AOML_FBBB","37",NA,"Nitrate",0.3,NA,24.93242,-80.76098,NA
"6599",128853,"AOML_FBBB","38",NA,"Nitrate",0.6,NA,24.98592,-80.6969,NA
"6600",128868,"AOML_FBBB","39",NA,"Nitrate",1.02,NA,25.00796,-80.6462,NA
"6601",128883,"AOML_FBBB","40",NA,"Nitrate",0.54,NA,25.0176,-80.59848,NA
"6602",128898,"AOML_FBBB","B1",NA,"Nitrate",0.3,NA,25.73928,-80.18308,NA
"6603",128913,"AOML_FBBB","B10",NA,"Nitrate",0.09,NA,25.29732,-80.36098,NA
"6604",128928,"AOML_FBBB","B11",NA,"Nitrate",0.06,NA,25.2389,-80.37576,NA
"6605",128943,"AOML_FBBB","B12",NA,"Nitrate",0.1,NA,25.25578,-80.4222,NA
"6606",128958,"AOML_FBBB","B13",NA,"Nitrate",0.13,NA,25.17584,-80.4232,NA
"6607",128973,"AOML_FBBB","B14",NA,"Nitrate",0.19,NA,25.46806,-80.2134,NA
"6608",128988,"AOML_FBBB","B15",NA,"Nitrate",0.08,NA,25.58016,-80.1982,NA
"6609",129003,"AOML_FBBB","B16",NA,"Nitrate",0.12,NA,25.66192,-80.18652,NA
"6610",129018,"AOML_FBBB","B17",NA,"Nitrate",0.23,NA,25.61424,-80.2931,NA
"6611",129033,"AOML_FBBB","B2",NA,"Nitrate",0.35,NA,25.6904,-80.24774,NA
"6612",129048,"AOML_FBBB","B3",NA,"Nitrate",0.31,NA,25.65438,-80.26272,NA
"6613",129063,"AOML_FBBB","B4",NA,"Nitrate",0.33,NA,25.59182,-80.26378,NA
"6614",129078,"AOML_FBBB","B5",NA,"Nitrate",0.57,NA,25.52992,-80.3138,NA
"6615",129093,"AOML_FBBB","B6",NA,"Nitrate",0.29,NA,25.49272,-80.25268,NA
"6616",129108,"AOML_FBBB","B7",NA,"Nitrate",0.7,NA,25.4632,-80.32512,NA
"6617",129123,"AOML_FBBB","B8",NA,"Nitrate",0.18,NA,25.40568,-80.24432,NA
"6618",129138,"AOML_FBBB","B9",NA,"Nitrate",0.11,NA,25.33356,-80.32136,NA
"6619",129153,"AOML_FBBB","1",NA,"Nitrate",0.11,NA,25.18414,-80.49588,NA
"6620",129168,"AOML_FBBB","2",NA,"Nitrate",0.05,NA,25.16756,-80.5622,NA
"6621",129183,"AOML_FBBB","3",NA,"Nitrate",0.16,NA,25.15032,-80.62066,NA
"6622",129198,"AOML_FBBB","4",NA,"Nitrate",0.05,NA,25.13252,-80.67946,NA
"6623",129213,"AOML_FBBB","5",NA,"Nitrate",0.07,NA,25.11586,-80.71958,NA
"6624",129228,"AOML_FBBB","6",NA,"Nitrate",0.04,NA,25.07008,-80.75896,NA
"6625",129243,"AOML_FBBB","7",NA,"Nitrate",0.1,NA,25.11678,-80.7939,NA
"6626",129258,"AOML_FBBB","8",NA,"Nitrate",0.08,NA,25.1283,-80.86462,NA
"6627",129273,"AOML_FBBB","9",NA,"Nitrate",0.11,NA,25.12664,-80.90556,NA
"6628",129288,"AOML_FBBB","10",NA,"Nitrate",0.1,NA,25.11186,-80.99538,NA
"6629",129303,"AOML_FBBB","11",NA,"Nitrate",0.09,NA,25.07468,-81.0002,NA
"6630",129318,"AOML_FBBB","12",NA,"Nitrate",0.1,NA,25.11276,-81.0654,NA
"6631",129333,"AOML_FBBB","13",NA,"Nitrate",0.16,NA,25.11252,-81.09616,NA
"6632",129348,"AOML_FBBB","14",NA,"Nitrate",0.05,NA,25.03462,-81.0281,NA
"6633",129363,"AOML_FBBB","15",NA,"Nitrate",0.04,NA,24.9312,-80.94852,NA
"6634",129378,"AOML_FBBB","16",NA,"Nitrate",0.05,NA,24.87502,-80.83028,NA
"6635",129393,"AOML_FBBB","17",NA,"Nitrate",0.18,NA,24.92194,-80.70848,NA
"6636",129408,"AOML_FBBB","18",NA,"Nitrate",0.12,NA,24.97726,-80.61136,NA
"6637",129423,"AOML_FBBB","19",NA,"Nitrate",0.14,NA,25.01912,-80.5487,NA
"6638",129438,"AOML_FBBB","20",NA,"Nitrate",0.51,NA,25.0683,-80.49234,NA
"6639",129453,"AOML_FBBB","21",NA,"Nitrate",0.22,NA,25.11284,-80.51492,NA
"6640",129468,"AOML_FBBB","22",NA,"Nitrate",0.42,NA,25.09974,-80.60366,NA
"6641",129483,"AOML_FBBB","23",NA,"Nitrate",0.11,NA,25.05558,-80.62432,NA
"6642",129498,"AOML_FBBB","24",NA,"Nitrate",0.08,NA,25.06322,-80.66704,NA
"6643",129513,"AOML_FBBB","25",NA,"Nitrate",0.03,NA,25.05978,-80.71808,NA
"6644",129528,"AOML_FBBB","26",NA,"Nitrate",0.05,NA,25.0233,-80.7213,NA
"6645",129543,"AOML_FBBB","27",NA,"Nitrate",0.03,NA,25.0055,-80.74926,NA
"6646",129558,"AOML_FBBB","28",NA,"Nitrate",0.04,NA,25.00064,-80.7855,NA
"6647",129573,"AOML_FBBB","29",NA,"Nitrate",0.06,NA,24.9982,-80.81174,NA
"6648",129588,"AOML_FBBB","30",NA,"Nitrate",0.07,NA,24.9755,-80.8361,NA
"6649",129603,"AOML_FBBB","31",NA,"Nitrate",0.08,NA,25.01086,-80.8687,NA
"6650",129618,"AOML_FBBB","32",NA,"Nitrate",0.09,NA,25.01206,-80.92576,NA
"6651",129633,"AOML_FBBB","33",NA,"Nitrate",0.18,NA,25.05424,-80.9206,NA
"6652",129648,"AOML_FBBB","34",NA,"Nitrate",0.08,NA,24.98862,-80.95614,NA
"6653",129663,"AOML_FBBB","35",NA,"Nitrate",0.11,NA,24.97184,-80.8791,NA
"6654",129678,"AOML_FBBB","36",NA,"Nitrate",0.11,NA,24.95798,-80.79068,NA
"6655",129693,"AOML_FBBB","37",NA,"Nitrate",0.35,NA,24.93236,-80.76154,NA
"6656",129708,"AOML_FBBB","38",NA,"Nitrate",0.14,NA,24.98592,-80.6973,NA
"6657",129723,"AOML_FBBB","39",NA,"Nitrate",0.21,NA,25.0079,-80.6463,NA
"6658",129738,"AOML_FBBB","40",NA,"Nitrate",0.16,NA,25.01718,-80.5984,NA
"6659",129753,"AOML_FBBB","B1",NA,"Nitrate",12.202,NA,25.7395,-80.1836,NA
"6660",129768,"AOML_FBBB","B10",NA,"Nitrate",1.36,NA,25.2969,-80.3623,NA
"6661",129783,"AOML_FBBB","B11",NA,"Nitrate",7.3,NA,25.2385,-80.3762,NA
"6662",129798,"AOML_FBBB","B12",NA,"Nitrate",7.08,NA,25.2563,-80.4221,NA
"6663",129813,"AOML_FBBB","B13",NA,"Nitrate",8.3,NA,25.1756,-80.4232,NA
"6664",129828,"AOML_FBBB","B14",NA,"Nitrate",6.6,NA,25.4675,-80.2137,NA
"6665",129843,"AOML_FBBB","B15",NA,"Nitrate",6.12,NA,25.5802,-80.1984,NA
"6666",129858,"AOML_FBBB","B16",NA,"Nitrate",7.92,NA,25.6618,-80.1872,NA
"6667",129873,"AOML_FBBB","B17",NA,"Nitrate",6.32,NA,25.6149,-80.289,NA
"6668",129888,"AOML_FBBB","B2",NA,"Nitrate",12.71,NA,25.6902,-80.2481,NA
"6669",129903,"AOML_FBBB","B3",NA,"Nitrate",16.16,NA,25.654,-80.2636,NA
"6670",129918,"AOML_FBBB","B4",NA,"Nitrate",15.37,NA,25.592,-80.2638,NA
"6671",129933,"AOML_FBBB","B5",NA,"Nitrate",10.54,NA,25.5299,-80.313,NA
"6672",129948,"AOML_FBBB","B6",NA,"Nitrate",9.68,NA,25.4922,-80.2517,NA
"6673",129963,"AOML_FBBB","B7",NA,"Nitrate",16.46,NA,25.4632,-80.3259,NA
"6674",129978,"AOML_FBBB","B8",NA,"Nitrate",7.35,NA,25.4049,-80.2439,NA
"6675",129993,"AOML_FBBB","B9",NA,"Nitrate",0.77,NA,25.3333,-80.3213,NA
"6676",130008,"AOML_FBBB","1",NA,"Nitrate",8.3,NA,25.1847,-80.4964,NA
"6677",130023,"AOML_FBBB","2",NA,"Nitrate",2.53,NA,25.1676,-80.5617,NA
"6678",130038,"AOML_FBBB","3",NA,"Nitrate",2.77,NA,25.1502,-80.6209,NA
"6679",130053,"AOML_FBBB","4",NA,"Nitrate",1,NA,25.1323,-80.6792,NA
"6680",130068,"AOML_FBBB","5",NA,"Nitrate",0.32,NA,25.1157,-80.7194,NA
"6681",130083,"AOML_FBBB","7",NA,"Nitrate",0.31,NA,25.1174,-80.7935,NA
"6682",130098,"AOML_FBBB","8",NA,"Nitrate",0.12,NA,25.1279,-80.8637,NA
"6683",130113,"AOML_FBBB","9",NA,"Nitrate",0.04,NA,25.1266,-80.9041,NA
"6684",130128,"AOML_FBBB","10",NA,"Nitrate",0.09,NA,25.1113,-80.9965,NA
"6685",130143,"AOML_FBBB","11",NA,"Nitrate",0.03,NA,25.0745,-81.0006,NA
"6686",130158,"AOML_FBBB","12",NA,"Nitrate",0,NA,25.1127,-81.0664,NA
"6687",130173,"AOML_FBBB","13",NA,"Nitrate",0.02,NA,25.1128,-81.0968,NA
"6688",130188,"AOML_FBBB","14",NA,"Nitrate",0.05,NA,25.034,-81.0279,NA
"6689",130203,"AOML_FBBB","15",NA,"Nitrate",0.09,NA,24.9314,-80.9486,NA
"6690",130218,"AOML_FBBB","16",NA,"Nitrate",0.01,NA,24.8752,-80.8306,NA
"6691",130233,"AOML_FBBB","17",NA,"Nitrate",0.96,NA,24.9224,-80.7086,NA
"6692",130248,"AOML_FBBB","18",NA,"Nitrate",1.51,NA,24.9779,-80.6105,NA
"6693",130263,"AOML_FBBB","19",NA,"Nitrate",1.87,NA,25.0194,-80.5478,NA
"6694",130278,"AOML_FBBB","20",NA,"Nitrate",10.6,NA,25.0672,-80.492,NA
"6695",130293,"AOML_FBBB","36",NA,"Nitrate",0.18,NA,24.9597,-80.7935,NA
"6696",130308,"AOML_FBBB","6",NA,"Nitrate",7.16,NA,25.07074,-80.75872,NA
"6697",130323,"AOML_FBBB","21",NA,"Nitrate",10.1,NA,25.11384,-80.51372,NA
"6698",130338,"AOML_FBBB","22",NA,"Nitrate",15.4,NA,25.10026,-80.6034,NA
"6699",130353,"AOML_FBBB","23",NA,"Nitrate",7.85,NA,25.05566,-80.62409,NA
"6700",130368,"AOML_FBBB","24",NA,"Nitrate",9.96,NA,25.0636,-80.66604,NA
"6701",130383,"AOML_FBBB","25",NA,"Nitrate",9.51,NA,25.06014,-80.71696,NA
"6702",130398,"AOML_FBBB","26",NA,"Nitrate",11.41,NA,25.02398,-80.72158,NA
"6703",130413,"AOML_FBBB","27",NA,"Nitrate",8.1,NA,25.00592,-80.7485,NA
"6704",130428,"AOML_FBBB","28",NA,"Nitrate",11.13,NA,25.00082,-80.7843,NA
"6705",130443,"AOML_FBBB","29",NA,"Nitrate",8.12,NA,24.9984,-80.8108,NA
"6706",130458,"AOML_FBBB","30",NA,"Nitrate",8.91,NA,24.97572,-80.83494,NA
"6707",130473,"AOML_FBBB","31",NA,"Nitrate",9.49,NA,25.01092,-80.8684,NA
"6708",130488,"AOML_FBBB","32",NA,"Nitrate",9.7,NA,25.0117,-80.92518,NA
"6709",130503,"AOML_FBBB","33",NA,"Nitrate",7.21,NA,25.0542,-80.91976,NA
"6710",130518,"AOML_FBBB","34",NA,"Nitrate",6.34,NA,24.98832,-80.95576,NA
"6711",130533,"AOML_FBBB","35",NA,"Nitrate",8.39,NA,24.97118,-80.8788,NA
"6712",130548,"AOML_FBBB","37",NA,"Nitrate",8.87,NA,24.93268,-80.76138,NA
"6713",130563,"AOML_FBBB","38",NA,"Nitrate",4.84,NA,24.98562,-80.69758,NA
"6714",130578,"AOML_FBBB","39",NA,"Nitrate",7.74,NA,25.00772,-80.64676,NA
"6715",130593,"AOML_FBBB","40",NA,"Nitrate",8.2,NA,25.0171,-80.59874,NA
"6716",130608,"AOML_FBBB","B1",NA,"Nitrate",5.52,NA,25.73838,-80.18638,NA
"6717",130623,"AOML_FBBB","B10",NA,"Nitrate",6.97,NA,25.2973,-80.3611,NA
"6718",130638,"AOML_FBBB","B11",NA,"Nitrate",0.51,NA,25.2386,-80.3753666666667,NA
"6719",130653,"AOML_FBBB","B12",NA,"Nitrate",0.27,NA,25.25578,-80.4223,NA
"6720",130668,"AOML_FBBB","B13",NA,"Nitrate",5.84,NA,25.176,-80.423,NA
"6721",130683,"AOML_FBBB","B14",NA,"Nitrate",0.41,NA,25.46464,-80.213,NA
"6722",130698,"AOML_FBBB","B15",NA,"Nitrate",0.21,NA,25.5802,-80.19858,NA
"6723",130713,"AOML_FBBB","B16",NA,"Nitrate",0.46,NA,25.66194,-80.1875,NA
"6724",130728,"AOML_FBBB","B17",NA,"Nitrate",0.29,NA,25.61544,-80.29334,NA
"6725",130743,"AOML_FBBB","B2",NA,"Nitrate",0.63,NA,25.69068,-80.24826,NA
"6726",130758,"AOML_FBBB","B3",NA,"Nitrate",0.29,NA,25.65408,-80.26334,NA
"6727",130773,"AOML_FBBB","B4",NA,"Nitrate",0.17,NA,25.5916,-80.26366,NA
"6728",130788,"AOML_FBBB","B5",NA,"Nitrate",0.18,NA,25.52942,-80.31328,NA
"6729",130803,"AOML_FBBB","B6",NA,"Nitrate",7.08,NA,25.49215,-80.25208,NA
"6730",130818,"AOML_FBBB","B7",NA,"Nitrate",1.36,NA,25.463,-80.32546,NA
"6731",130833,"AOML_FBBB","B8",NA,"Nitrate",0.28,NA,25.40454,-80.2434,NA
"6732",130848,"AOML_FBBB","B9",NA,"Nitrate",0.2,NA,25.33304,-80.3214,NA
"6733",130863,"AOML_FBBB","1",NA,"Nitrate",0.0999999999999999,NA,25.18348,-80.4962,NA
"6734",130878,"AOML_FBBB","2",NA,"Nitrate",4.3,NA,25.16724,-80.56218,NA
"6735",130893,"AOML_FBBB","3",NA,"Nitrate",2.21,NA,25.15008,-80.62056,NA
"6736",130908,"AOML_FBBB","4",NA,"Nitrate",0.32,NA,25.13222,-80.6796,NA
"6737",130923,"AOML_FBBB","5",NA,"Nitrate",0.32,NA,25.11524,-80.71978,NA
"6738",130938,"AOML_FBBB","6",NA,"Nitrate",0,NA,25.07002,-80.75904,NA
"6739",130953,"AOML_FBBB","7",NA,"Nitrate",0.58,NA,25.11656,-80.79354,NA
"6740",130968,"AOML_FBBB","8",NA,"Nitrate",0.19,NA,25.12856,-80.8643,NA
"6741",130983,"AOML_FBBB","9",NA,"Nitrate",0.32,NA,25.12654,-80.90532,NA
"6742",130998,"AOML_FBBB","10",NA,"Nitrate",0,NA,25.11182,-80.99492,NA
"6743",131013,"AOML_FBBB","11",NA,"Nitrate",0,NA,25.073812,-80.99986,NA
"6744",131028,"AOML_FBBB","12",NA,"Nitrate",0,NA,25.1133,-81.06644,NA
"6745",131043,"AOML_FBBB","13",NA,"Nitrate",0,NA,25.11158,-81.0946,NA
"6746",131058,"AOML_FBBB","14",NA,"Nitrate",0,NA,25.03472,-81.02702,NA
"6747",131073,"AOML_FBBB","15",NA,"Nitrate",0,NA,24.9307,-80.947,NA
"6748",131088,"AOML_FBBB","16",NA,"Nitrate",0,NA,24.8749,-80.8295,NA
"6749",131103,"AOML_FBBB","17",NA,"Nitrate",0,NA,24.92172,-80.70476,NA
"6750",131118,"AOML_FBBB","18",NA,"Nitrate",0,NA,24.97758,-80.61164,NA
"6751",131133,"AOML_FBBB","19",NA,"Nitrate",0,NA,25.01928,-80.5488,NA
"6752",131148,"AOML_FBBB","20",NA,"Nitrate",1.82,NA,25.06666,-80.49292,NA
"6753",131163,"AOML_FBBB","21",NA,"Nitrate",4.8,NA,25.1129,-80.51454,NA
"6754",131178,"AOML_FBBB","34",NA,"Nitrate",0,NA,24.98816,-80.95544,NA
"6755",131193,"AOML_FBBB","22",NA,"Nitrate",3.72,NA,25.1,-80.60346,NA
"6756",131208,"AOML_FBBB","23",NA,"Nitrate",0.55,NA,25.0552,-80.62478,NA
"6757",131223,"AOML_FBBB","24",NA,"Nitrate",0.04,NA,25.06374,-80.66664,NA
"6758",131238,"AOML_FBBB","25",NA,"Nitrate",0,NA,25.06022,-80.71736,NA
"6759",131253,"AOML_FBBB","26",NA,"Nitrate",6.71,NA,25.02376,-80.72178,NA
"6760",131268,"AOML_FBBB","27",NA,"Nitrate",0,NA,25.0057,-80.74914,NA
"6761",131283,"AOML_FBBB","28",NA,"Nitrate",0,NA,25.0006,-80.78556,NA
"6762",131298,"AOML_FBBB","29",NA,"Nitrate",0,NA,24.9985,-80.81196,NA
"6763",131313,"AOML_FBBB","30",NA,"Nitrate",0,NA,24.97612,-80.83692,NA
"6764",131328,"AOML_FBBB","31",NA,"Nitrate",0,NA,25.00956,-80.86302,NA
"6765",131343,"AOML_FBBB","32",NA,"Nitrate",0,NA,25.01172,-80.92564,NA
"6766",131358,"AOML_FBBB","33",NA,"Nitrate",0,NA,25.05426,-80.92002,NA
"6767",131373,"AOML_FBBB","35",NA,"Nitrate",0.66,NA,24.97104,-80.87794,NA
"6768",131388,"AOML_FBBB","36",NA,"Nitrate",0.67,NA,24.96004,-80.79366,NA
"6769",131403,"AOML_FBBB","37",NA,"Nitrate",0,NA,24.93218,-80.76068,NA
"6770",131418,"AOML_FBBB","38",NA,"Nitrate",0.13,NA,24.9864,-80.6964,NA
"6771",131433,"AOML_FBBB","39",NA,"Nitrate",0.13,NA,25.00924,-80.64674,NA
"6772",131448,"AOML_FBBB","40",NA,"Nitrate",0.19,NA,25.01768,-80.59764,NA
"6773",131463,"AOML_FBBB","1",NA,"Nitrate",NA,NA,25.18552,-80.49654,NA
"6774",131478,"AOML_FBBB","B1",NA,"Nitrate",NA,NA,25.74052,-80.18262,NA
"6775",131493,"AOML_FBBB","B10",NA,"Nitrate",NA,NA,25.29744,-80.36158,NA
"6776",131508,"AOML_FBBB","B11",NA,"Nitrate",NA,NA,25.2386,-80.37614,NA
"6777",131523,"AOML_FBBB","B12",NA,"Nitrate",NA,NA,25.25548,-80.4221,NA
"6778",131538,"AOML_FBBB","B13",NA,"Nitrate",NA,NA,25.17564,-80.42318,NA
"6779",131553,"AOML_FBBB","B14",NA,"Nitrate",NA,NA,25.46792,-80.21356,NA
"6780",131568,"AOML_FBBB","B15",NA,"Nitrate",NA,NA,25.5795,-80.1979,NA
"6781",131583,"AOML_FBBB","B16",NA,"Nitrate",NA,NA,25.66208,-80.18706,NA
"6782",131598,"AOML_FBBB","B17",NA,"Nitrate",NA,NA,25.61544,-80.29002,NA
"6783",131613,"AOML_FBBB","B2",NA,"Nitrate",NA,NA,25.69084,-80.24814,NA
"6784",131628,"AOML_FBBB","B3",NA,"Nitrate",NA,NA,25.65484,-80.26314,NA
"6785",131643,"AOML_FBBB","B4",NA,"Nitrate",NA,NA,25.59162,-80.26346,NA
"6786",131658,"AOML_FBBB","B5",NA,"Nitrate",NA,NA,25.52992,-80.31422,NA
"6787",131673,"AOML_FBBB","B6",NA,"Nitrate",NA,NA,25.49254,-80.25254,NA
"6788",131688,"AOML_FBBB","B7",NA,"Nitrate",NA,NA,25.46308,-80.32396,NA
"6789",131703,"AOML_FBBB","B8",NA,"Nitrate",NA,NA,25.40578,-80.24376,NA
"6790",131718,"AOML_FBBB","B9",NA,"Nitrate",NA,NA,25.33372,-80.32148,NA
"6791",131733,"AOML_FBBB","2",NA,"Nitrate",NA,NA,25.16778,-80.56148,NA
"6792",131748,"AOML_FBBB","3",NA,"Nitrate",NA,NA,25.15034,-80.6207,NA
"6793",131763,"AOML_FBBB","4",NA,"Nitrate",NA,NA,25.13214,-80.67982,NA
"6794",131778,"AOML_FBBB","5",NA,"Nitrate",NA,NA,25.11618,-80.71906,NA
"6795",131793,"AOML_FBBB","6",NA,"Nitrate",NA,NA,25.06998,-80.75906,NA
"6796",131808,"AOML_FBBB","7",NA,"Nitrate",NA,NA,25.11728,-80.7943,NA
"6797",131823,"AOML_FBBB","8",NA,"Nitrate",NA,NA,25.12794,-80.86366,NA
"6798",131838,"AOML_FBBB","9",NA,"Nitrate",NA,NA,25.12684,-80.90544,NA
"6799",131853,"AOML_FBBB","10",NA,"Nitrate",NA,NA,25.1119,-80.9962,NA
"6800",131868,"AOML_FBBB","11",NA,"Nitrate",NA,NA,25.07426,-81.00034,NA
"6801",131883,"AOML_FBBB","12",NA,"Nitrate",NA,NA,25.11294,-81.06706,NA
"6802",131898,"AOML_FBBB","13",NA,"Nitrate",NA,NA,25.11334,-81.09756,NA
"6803",131913,"AOML_FBBB","14",NA,"Nitrate",NA,NA,25.0341,-81.02782,NA
"6804",131928,"AOML_FBBB","15",NA,"Nitrate",NA,NA,24.93144,-80.9483,NA
"6805",131943,"AOML_FBBB","16",NA,"Nitrate",NA,NA,24.8755,-80.83016,NA
"6806",131958,"AOML_FBBB","17",NA,"Nitrate",NA,NA,24.92214,-80.70898,NA
"6807",131973,"AOML_FBBB","18",NA,"Nitrate",NA,NA,24.9777,-80.61086,NA
"6808",131988,"AOML_FBBB","19",NA,"Nitrate",NA,NA,25.01932,-80.54886,NA
"6809",132003,"AOML_FBBB","20",NA,"Nitrate",NA,NA,25.06706,-80.49246,NA
"6810",132018,"AOML_FBBB","36",NA,"Nitrate",NA,NA,24.95972,-80.7935,NA
"6811",132033,"AOML_FBBB","21",NA,"Nitrate",NA,NA,25.11306,-80.5145,NA
"6812",132048,"AOML_FBBB","22",NA,"Nitrate",NA,NA,25.10012,-80.60326,NA
"6813",132063,"AOML_FBBB","24",NA,"Nitrate",NA,NA,25.06354,-80.66676,NA
"6814",132078,"AOML_FBBB","25",NA,"Nitrate",NA,NA,25.06066,-80.71706,NA
"6815",132093,"AOML_FBBB","26",NA,"Nitrate",NA,NA,25.0245,-80.72152,NA
"6816",132108,"AOML_FBBB","27",NA,"Nitrate",NA,NA,25.00578,-80.74914,NA
"6817",132123,"AOML_FBBB","28",NA,"Nitrate",NA,NA,25.00112,-80.78532,NA
"6818",132138,"AOML_FBBB","29",NA,"Nitrate",NA,NA,24.9989,-80.8109,NA
"6819",132153,"AOML_FBBB","30",NA,"Nitrate",NA,NA,24.97566,-80.8351,NA
"6820",132168,"AOML_FBBB","31",NA,"Nitrate",NA,NA,25.01134,-80.86908,NA
"6821",132183,"AOML_FBBB","23",NA,"Nitrate",NA,NA,25.05586,-80.6241,NA
"6822",132198,"AOML_FBBB","1",NA,"Nitrate",0.57,NA,25.18438,-80.49618,NA
"6823",132213,"AOML_FBBB","2",NA,"Nitrate",0.7,NA,25.16742,-80.56176,NA
"6824",132228,"AOML_FBBB","3",NA,"Nitrate",0.3,NA,25.15026,-80.6204,NA
"6825",132243,"AOML_FBBB","4",NA,"Nitrate",0.03,NA,25.13212,-80.6798,NA
"6826",132258,"AOML_FBBB","B1",NA,"Nitrate",0.9,NA,25.73958,-80.18284,NA
"6827",132273,"AOML_FBBB","B10",NA,"Nitrate",0.25,NA,25.29694,-80.3618,NA
"6828",132288,"AOML_FBBB","B11",NA,"Nitrate",0.21,NA,25.23866,-80.37556,NA
"6829",132303,"AOML_FBBB","B12",NA,"Nitrate",0.57,NA,25.25568,-80.4223,NA
"6830",132318,"AOML_FBBB","B13",NA,"Nitrate",0,NA,25.17592,-80.42296,NA
"6831",132333,"AOML_FBBB","B14",NA,"Nitrate",1.55,NA,25.46816,-80.21328,NA
"6832",132348,"AOML_FBBB","B15",NA,"Nitrate",0.31,NA,25.5799,-80.1984,NA
"6833",132363,"AOML_FBBB","B16",NA,"Nitrate",0.32,NA,25.6619,-80.1865,NA
"6834",132378,"AOML_FBBB","B17",NA,"Nitrate",1.92,NA,25.6149,-80.29,NA
"6835",132393,"AOML_FBBB","B2",NA,"Nitrate",2.14,NA,25.6904,-80.2483,NA
"6836",132408,"AOML_FBBB","B3",NA,"Nitrate",8.05,NA,25.6541,-80.2632,NA
"6837",132423,"AOML_FBBB","B4",NA,"Nitrate",1.43,NA,25.5904,-80.2646,NA
"6838",132438,"AOML_FBBB","B5",NA,"Nitrate",2.38,NA,25.5299,-80.3137,NA
"6839",132453,"AOML_FBBB","B6",NA,"Nitrate",9.36,NA,25.4923,-80.2511,NA
"6840",132468,"AOML_FBBB","B7",NA,"Nitrate",24.9,NA,25.4631,-80.3258,NA
"6841",132483,"AOML_FBBB","B8",NA,"Nitrate",8.22,NA,25.405,-80.24346,NA
"6842",132498,"AOML_FBBB","B9",NA,"Nitrate",9.78,NA,25.333,-80.32092,NA
"6843",132513,"AOML_FBBB","1",NA,"Nitrate",NA,NA,25.18434,-80.49608,NA
"6844",132528,"AOML_FBBB","2",NA,"Nitrate",NA,NA,25.1674333333333,-80.5615,NA
"6845",132543,"AOML_FBBB","3",NA,"Nitrate",NA,NA,25.14986,-80.62002,NA
"6846",132558,"AOML_FBBB","4",NA,"Nitrate",NA,NA,25.13148,-80.67972,NA
"6847",132573,"AOML_FBBB","5",NA,"Nitrate",NA,NA,25.11546,-80.7194,NA
"6848",132588,"AOML_FBBB","6",NA,"Nitrate",NA,NA,25.07018,-80.75856,NA
"6849",132603,"AOML_FBBB","7",NA,"Nitrate",NA,NA,25.1165,-80.79336,NA
"6850",132618,"AOML_FBBB","8",NA,"Nitrate",NA,NA,25.12852,-80.865,NA
"6851",132633,"AOML_FBBB","9",NA,"Nitrate",NA,NA,25.12674,-80.90562,NA
"6852",132648,"AOML_FBBB","10",NA,"Nitrate",NA,NA,25.11192,-80.99564,NA
"6853",132663,"AOML_FBBB","11",NA,"Nitrate",NA,NA,25.07476,-81.0028,NA
"6854",132678,"AOML_FBBB","12",NA,"Nitrate",NA,NA,25.11262,-81.0654,NA
"6855",132693,"AOML_FBBB","13",NA,"Nitrate",NA,NA,25.11272,-81.09604,NA
"6856",132708,"AOML_FBBB","14",NA,"Nitrate",NA,NA,25.03426,-81.02742,NA
"6857",132723,"AOML_FBBB","15",NA,"Nitrate",NA,NA,24.9304,-80.9479,NA
"6858",132738,"AOML_FBBB","16",NA,"Nitrate",NA,NA,24.8741,-80.831,NA
"6859",132753,"AOML_FBBB","B1",NA,"Nitrate",NA,NA,25.73802,-80.18348,NA
"6860",132768,"AOML_FBBB","B10",NA,"Nitrate",NA,NA,25.29636,-80.36194,NA
"6861",132783,"AOML_FBBB","B11",NA,"Nitrate",NA,NA,25.23812,-80.37598,NA
"6862",132798,"AOML_FBBB","B12",NA,"Nitrate",NA,NA,25.25554,-80.42242,NA
"6863",132813,"AOML_FBBB","B13",NA,"Nitrate",NA,NA,25.17532,-80.4237,NA
"6864",132828,"AOML_FBBB","B14",NA,"Nitrate",NA,NA,25.46766,-80.2136,NA
"6865",132843,"AOML_FBBB","B15",NA,"Nitrate",NA,NA,25.57896,-80.1993,NA
"6866",132858,"AOML_FBBB","B16",NA,"Nitrate",NA,NA,25.66168,-80.18704,NA
"6867",132873,"AOML_FBBB","B17",NA,"Nitrate",NA,NA,25.61438,-80.29018,NA
"6868",132888,"AOML_FBBB","B2",NA,"Nitrate",NA,NA,25.6898,-80.24862,NA
"6869",132903,"AOML_FBBB","B3",NA,"Nitrate",NA,NA,25.65376,-80.26382,NA
"6870",132918,"AOML_FBBB","B4",NA,"Nitrate",NA,NA,25.59088,-80.26374,NA
"6871",132933,"AOML_FBBB","B5",NA,"Nitrate",NA,NA,25.52998,-80.314,NA
"6872",132948,"AOML_FBBB","B6",NA,"Nitrate",NA,NA,25.49158,-80.25168,NA
"6873",132963,"AOML_FBBB","B7",NA,"Nitrate",NA,NA,25.46306,-80.3254,NA
"6874",132978,"AOML_FBBB","B8",NA,"Nitrate",NA,NA,25.405,-80.24366,NA
"6875",132993,"AOML_FBBB","B9",NA,"Nitrate",NA,NA,25.33318,-80.32148,NA
"6876",133008,"AOML_FBBB","B1",NA,"Nitrate",NA,NA,25.73924,-80.18374,NA
"6877",133023,"AOML_FBBB","B10",NA,"Nitrate",NA,NA,25.29718,-80.36246,NA
"6878",133038,"AOML_FBBB","B11",NA,"Nitrate",NA,NA,25.23872,-80.37688,NA
"6879",133053,"AOML_FBBB","B12",NA,"Nitrate",NA,NA,25.25636,-80.4227,NA
"6880",133068,"AOML_FBBB","B13",NA,"Nitrate",NA,NA,25.1752,-80.42334,NA
"6881",133083,"AOML_FBBB","B14",NA,"Nitrate",NA,NA,25.46826,-80.21358,NA
"6882",133098,"AOML_FBBB","B15",NA,"Nitrate",NA,NA,25.58038,-80.1984,NA
"6883",133113,"AOML_FBBB","B16",NA,"Nitrate",NA,NA,25.66202,-80.18686,NA
"6884",133128,"AOML_FBBB","B17",NA,"Nitrate",NA,NA,25.61496,-80.28978,NA
"6885",133143,"AOML_FBBB","B2",NA,"Nitrate",NA,NA,25.6904,-80.24856,NA
"6886",133158,"AOML_FBBB","B3",NA,"Nitrate",NA,NA,25.65422,-80.26384,NA
"6887",133173,"AOML_FBBB","B4",NA,"Nitrate",NA,NA,25.59166,-80.26398,NA
"6888",133188,"AOML_FBBB","B5",NA,"Nitrate",NA,NA,25.52984,-80.31398,NA
"6889",133203,"AOML_FBBB","B6",NA,"Nitrate",NA,NA,25.49256,-80.25226,NA
"6890",133218,"AOML_FBBB","B7",NA,"Nitrate",NA,NA,25.46308,-80.32566,NA
"6891",133233,"AOML_FBBB","B8",NA,"Nitrate",NA,NA,25.40472,-80.2436,NA
"6892",133248,"AOML_FBBB","B9",NA,"Nitrate",NA,NA,25.33372,-80.32094,NA
"6893",133263,"AOML_FBBB","1",NA,"Nitrate",NA,NA,25.1851,-80.497,NA
"6894",133278,"AOML_FBBB","2",NA,"Nitrate",NA,NA,25.1675,-80.56196,NA
"6895",133293,"AOML_FBBB","3",NA,"Nitrate",NA,NA,25.1505,-80.621,NA
"6896",133308,"AOML_FBBB","4",NA,"Nitrate",NA,NA,25.1321,-80.67988,NA
"6897",133323,"AOML_FBBB","5",NA,"Nitrate",NA,NA,25.1156,-80.7197,NA
"6898",133338,"AOML_FBBB","6",NA,"Nitrate",NA,NA,25.0701,-80.7592,NA
"6899",133353,"AOML_FBBB","7",NA,"Nitrate",NA,NA,25.1169,-80.7939,NA
"6900",133368,"AOML_FBBB","8",NA,"Nitrate",NA,NA,25.12866,-80.8647,NA
"6901",133383,"AOML_FBBB","9",NA,"Nitrate",NA,NA,25.1266,-80.906,NA
"6902",133398,"AOML_FBBB","10",NA,"Nitrate",NA,NA,25.1117,-80.9955,NA
"6903",133413,"AOML_FBBB","11",NA,"Nitrate",NA,NA,25.0743,-81.0003,NA
"6904",133428,"AOML_FBBB","12",NA,"Nitrate",NA,NA,25.1133,-81.0658,NA
"6905",133443,"AOML_FBBB","13",NA,"Nitrate",NA,NA,25.11292,-81.0964,NA
"6906",133458,"AOML_FBBB","14",NA,"Nitrate",NA,NA,25.0344,-81.0281,NA
"6907",133473,"AOML_FBBB","15",NA,"Nitrate",NA,NA,24.9316,-80.9486,NA
"6908",133488,"AOML_FBBB","16",NA,"Nitrate",NA,NA,24.8753,-80.8309,NA
"6909",133503,"AOML_FBBB","17",NA,"Nitrate",NA,NA,24.9221,-80.7083,NA
"6910",133518,"AOML_FBBB","18",NA,"Nitrate",NA,NA,24.9779,-80.6109,NA
"6911",133533,"AOML_FBBB","19",NA,"Nitrate",NA,NA,25.02,-80.5479,NA
"6912",133548,"AOML_FBBB","20",NA,"Nitrate",NA,NA,25.06728,-80.49236,NA
"6913",133563,"AOML_FBBB","34",NA,"Nitrate",NA,NA,24.9883,-80.9557,NA
"6914",133578,"AOML_FBBB","36",NA,"Nitrate",NA,NA,24.9602,-80.79428,NA
"6915",133593,"AOML_FBBB","21",NA,"Nitrate",NA,NA,25.1132,-80.515,NA
"6916",133608,"AOML_FBBB","22",NA,"Nitrate",NA,NA,25.1003,-80.6039,NA
"6917",133623,"AOML_FBBB","23",NA,"Nitrate",NA,NA,25.05546,-80.625,NA
"6918",133638,"AOML_FBBB","24",NA,"Nitrate",NA,NA,25.0638,-80.6671,NA
"6919",133653,"AOML_FBBB","25",NA,"Nitrate",NA,NA,25.06168,-80.7173,NA
"6920",133668,"AOML_FBBB","26",NA,"Nitrate",NA,NA,25.0241,-80.7222,NA
"6921",133683,"AOML_FBBB","27",NA,"Nitrate",NA,NA,25.0057,-80.7501,NA
"6922",133698,"AOML_FBBB","28",NA,"Nitrate",NA,NA,25.0009,-80.7853,NA
"6923",133713,"AOML_FBBB","29",NA,"Nitrate",NA,NA,24.9984,-80.8119,NA
"6924",133728,"AOML_FBBB","30",NA,"Nitrate",NA,NA,24.9758,-80.8361,NA
"6925",133743,"AOML_FBBB","31",NA,"Nitrate",NA,NA,25.0115,-80.87,NA
"6926",133758,"AOML_FBBB","32",NA,"Nitrate",NA,NA,25.0122,-80.9265,NA
"6927",133773,"AOML_FBBB","33",NA,"Nitrate",NA,NA,25.0544,-80.9208,NA
"6928",133788,"AOML_FBBB","35",NA,"Nitrate",NA,NA,24.9719,-80.8792,NA
"6929",133803,"AOML_FBBB","37",NA,"Nitrate",NA,NA,24.9326,-80.7617,NA
"6930",133818,"AOML_FBBB","38",NA,"Nitrate",NA,NA,24.986,-80.6972,NA
"6931",133833,"AOML_FBBB","39",NA,"Nitrate",NA,NA,25.0081,-80.6466,NA
"6932",133848,"AOML_FBBB","40",NA,"Nitrate",NA,NA,25.01798,-80.59832,NA
"6933",133863,"AOML_FBBB","B1",NA,"Nitrate",0.24,NA,25.73882,-80.1828,NA
"6934",133878,"AOML_FBBB","B10",NA,"Nitrate",0,NA,25.29672,-80.3619,NA
"6935",133893,"AOML_FBBB","B11",NA,"Nitrate",0,NA,25.23864,-80.37634,NA
"6936",133908,"AOML_FBBB","B12",NA,"Nitrate",0.04,NA,25.25544,-80.42246,NA
"6937",133923,"AOML_FBBB","B13",NA,"Nitrate",0.01,NA,25.17556,-80.42324,NA
"6938",133938,"AOML_FBBB","B14",NA,"Nitrate",0,NA,25.46784,-80.21366,NA
"6939",133953,"AOML_FBBB","B15",NA,"Nitrate",0.06,NA,25.5802,-80.19762,NA
"6940",133968,"AOML_FBBB","B16",NA,"Nitrate",0.3,NA,25.66166,-80.18668,NA
"6941",133983,"AOML_FBBB","B17",NA,"Nitrate",0,NA,25.61486,-80.29024,NA
"6942",133998,"AOML_FBBB","B2",NA,"Nitrate",0.85,NA,25.68994,-80.2481,NA
"6943",134013,"AOML_FBBB","B3",NA,"Nitrate",0.09,NA,25.65424,-80.26366,NA
"6944",134028,"AOML_FBBB","B4",NA,"Nitrate",0.55,NA,25.59196,-80.2634,NA
"6945",134043,"AOML_FBBB","B5",NA,"Nitrate",0.24,NA,25.5301,-80.3141,NA
"6946",134058,"AOML_FBBB","B6",NA,"Nitrate",0.14,NA,25.49228,-80.25194,NA
"6947",134073,"AOML_FBBB","B7",NA,"Nitrate",0,NA,25.46308,-80.32552,NA
"6948",134088,"AOML_FBBB","B8",NA,"Nitrate",0,NA,25.40512,-80.2436,NA
"6949",134103,"AOML_FBBB","B9",NA,"Nitrate",0,NA,25.33328,-80.32158,NA
"6950",134118,"AOML_FBBB","1",NA,"Nitrate",2.97,NA,25.1844,-80.4968,NA
"6951",134133,"AOML_FBBB","2",NA,"Nitrate",0.35,NA,25.1674,-80.56212,NA
"6952",134148,"AOML_FBBB","3",NA,"Nitrate",0.32,NA,25.1501,-80.6208,NA
"6953",134163,"AOML_FBBB","4",NA,"Nitrate",0.05,NA,25.1319,-80.68,NA
"6954",134178,"AOML_FBBB","5",NA,"Nitrate",0.25,NA,25.1155,-80.7196,NA
"6955",134193,"AOML_FBBB","6",NA,"Nitrate",0,NA,25.0698,-80.7594,NA
"6956",134208,"AOML_FBBB","7",NA,"Nitrate",0,NA,25.1168,-80.7937,NA
"6957",134223,"AOML_FBBB","8",NA,"Nitrate",0,NA,25.1282,-80.8645,NA
"6958",134238,"AOML_FBBB","9",NA,"Nitrate",0,NA,25.127,-80.9056,NA
"6959",134253,"AOML_FBBB","10",NA,"Nitrate",0.92,NA,25.1117,-80.996,NA
"6960",134268,"AOML_FBBB","11",NA,"Nitrate",0,NA,25.0747,-81,NA
"6961",134283,"AOML_FBBB","12",NA,"Nitrate",0,NA,25.1128,-81.0667,NA
"6962",134298,"AOML_FBBB","13",NA,"Nitrate",0,NA,25.113,-81.097,NA
"6963",134313,"AOML_FBBB","14",NA,"Nitrate",0,NA,25.0345,-81.0284,NA
"6964",134328,"AOML_FBBB","15",NA,"Nitrate",0,NA,24.9315,-80.9491,NA
"6965",134343,"AOML_FBBB","16",NA,"Nitrate",0,NA,24.8752,-80.8312,NA
"6966",134358,"AOML_FBBB","17",NA,"Nitrate",0,NA,24.9223,-80.7094,NA
"6967",134373,"AOML_FBBB","18",NA,"Nitrate",0,NA,24.978,-80.6114,NA
"6968",134388,"AOML_FBBB","19",NA,"Nitrate",0,NA,25.01922,-80.549,NA
"6969",134403,"AOML_FBBB","20",NA,"Nitrate",1,NA,25.0668,-80.4928,NA
"6970",134418,"AOML_FBBB","34",NA,"Nitrate",0,NA,24.9882,-80.9562,NA
"6971",134433,"AOML_FBBB","21",NA,"Nitrate",0.22,NA,25.1139,-80.51579,NA
"6972",134448,"AOML_FBBB","22",NA,"Nitrate",0.36,NA,25.09918,-80.60456,NA
"6973",134463,"AOML_FBBB","23",NA,"Nitrate",0,NA,25.05532,-80.62426,NA
"6974",134478,"AOML_FBBB","24",NA,"Nitrate",0,NA,25.06378,-80.66714,NA
"6975",134493,"AOML_FBBB","25",NA,"Nitrate",0,NA,25.06064,-80.71782,NA
"6976",134508,"AOML_FBBB","26",NA,"Nitrate",0,NA,25.02416,-80.72258,NA
"6977",134523,"AOML_FBBB","27",NA,"Nitrate",0,NA,25.0064,-80.74976,NA
"6978",134538,"AOML_FBBB","28",NA,"Nitrate",0,NA,25.00106,-80.7864,NA
"6979",134553,"AOML_FBBB","29",NA,"Nitrate",0,NA,24.9987,-80.81212,NA
"6980",134568,"AOML_FBBB","30",NA,"Nitrate",0,NA,24.97588,-80.83634,NA
"6981",134583,"AOML_FBBB","31",NA,"Nitrate",0,NA,25.01144,-80.86952,NA
"6982",134598,"AOML_FBBB","32",NA,"Nitrate",0,NA,25.0126,-80.92638,NA
"6983",134613,"AOML_FBBB","33",NA,"Nitrate",0,NA,25.05456,-80.92056,NA
"6984",134628,"AOML_FBBB","35",NA,"Nitrate",0,NA,24.9721,-80.87926,NA
"6985",134643,"AOML_FBBB","36",NA,"Nitrate",0,NA,24.95988,-80.79356,NA
"6986",134658,"AOML_FBBB","37",NA,"Nitrate",0,NA,24.93282,-80.76166,NA
"6987",134673,"AOML_FBBB","38",NA,"Nitrate",0,NA,24.98594,-80.69772,NA
"6988",134688,"AOML_FBBB","39",NA,"Nitrate",0,NA,25.00804,-80.64698,NA
"6989",134703,"AOML_FBBB","40",NA,"Nitrate",0,NA,25.01738,-80.5988,NA
"6990",134718,"AOML_FBBB","12",NA,"Nitrate",1.92,NA,25.11288,-81.06602,NA
"6991",134733,"AOML_FBBB","B1",NA,"Nitrate",2.3,NA,25.73876,-80.18382,NA
"6992",134748,"AOML_FBBB","B10",NA,"Nitrate",1.55,NA,25.29736,-80.36142,NA
"6993",134763,"AOML_FBBB","B11",NA,"Nitrate",0.26,NA,25.23862,-80.3765,NA
"6994",134778,"AOML_FBBB","B12",NA,"Nitrate",0.31,NA,25.25558,-80.4225,NA
"6995",134793,"AOML_FBBB","B13",NA,"Nitrate",2.42,NA,25.17564,-80.42248,NA
"6996",134808,"AOML_FBBB","B14",NA,"Nitrate",0.34,NA,25.4684,-80.21366,NA
"6997",134823,"AOML_FBBB","B15",NA,"Nitrate",0.17,NA,25.58036,-80.19858,NA
"6998",134838,"AOML_FBBB","B16",NA,"Nitrate",0.6,NA,25.66186,-80.18734,NA
"6999",134853,"AOML_FBBB","B17",NA,"Nitrate",2.88,NA,25.6148,-80.2903,NA
"7000",134868,"AOML_FBBB","B2",NA,"Nitrate",5.48,NA,25.68972,-80.24892,NA
"7001",134883,"AOML_FBBB","B3",NA,"Nitrate",3.89,NA,25.65384,-80.26416,NA
"7002",134898,"AOML_FBBB","B4",NA,"Nitrate",1.83,NA,25.59124,-80.26334,NA
"7003",134913,"AOML_FBBB","B5",NA,"Nitrate",12.17,NA,25.53002,-80.3136,NA
"7004",134928,"AOML_FBBB","B6",NA,"Nitrate",2.05,NA,25.49304,-80.25138,NA
"7005",134943,"AOML_FBBB","B7",NA,"Nitrate",31.54,NA,25.46326,-80.3252,NA
"7006",134958,"AOML_FBBB","B8",NA,"Nitrate",2.06,NA,25.40496,-80.24382,NA
"7007",134973,"AOML_FBBB","B9",NA,"Nitrate",0.28,NA,25.33382,-80.32112,NA
"7008",134988,"AOML_FBBB","1",NA,"Nitrate",5.23,NA,25.18422,-80.49638,NA
"7009",135003,"AOML_FBBB","2",NA,"Nitrate",2.27,NA,25.1672,-80.56208,NA
"7010",135018,"AOML_FBBB","3",NA,"Nitrate",2.43,NA,25.14996,-80.62058,NA
"7011",135033,"AOML_FBBB","4",NA,"Nitrate",0.47,NA,25.13208,-80.68,NA
"7012",135048,"AOML_FBBB","5",NA,"Nitrate",0.74,NA,25.11556,-80.71946,NA
"7013",135063,"AOML_FBBB","6",NA,"Nitrate",0.32,NA,25.0701,-80.75912,NA
"7014",135078,"AOML_FBBB","7",NA,"Nitrate",0.18,NA,25.11676,-80.79358,NA
"7015",135093,"AOML_FBBB","8",NA,"Nitrate",0.6,NA,25.12834,-80.86442,NA
"7016",135108,"AOML_FBBB","9",NA,"Nitrate",0.27,NA,25.12684,-80.90632,NA
"7017",135123,"AOML_FBBB","10",NA,"Nitrate",2.65,NA,25.1116,-80.9956,NA
"7018",135138,"AOML_FBBB","11",NA,"Nitrate",0.16,NA,25.07434,-80.99976,NA
"7019",135153,"AOML_FBBB","13",NA,"Nitrate",1.36,NA,25.1126,-81.09616,NA
"7020",135168,"AOML_FBBB","14",NA,"Nitrate",0.21,NA,25.03416,-81.0279,NA
"7021",135183,"AOML_FBBB","15",NA,"Nitrate",0.14,NA,24.93112,-80.94814,NA
"7022",135198,"AOML_FBBB","16",NA,"Nitrate",0.16,NA,24.87522,-80.83024,NA
"7023",135213,"AOML_FBBB","17",NA,"Nitrate",0.22,NA,24.92224,-80.70932,NA
"7024",135228,"AOML_FBBB","18",NA,"Nitrate",0.89,NA,24.9778,-80.6117,NA
"7025",135243,"AOML_FBBB","19",NA,"Nitrate",0.7,NA,25.01922,-80.54912,NA
"7026",135258,"AOML_FBBB","20",NA,"Nitrate",2.5,NA,25.06724,-80.4928,NA
"7027",135273,"AOML_FBBB","34",NA,"Nitrate",0.18,NA,24.98838,-80.95548,NA
"7028",135288,"AOML_FBBB","21",NA,"Nitrate",4.83,NA,25.11258,-80.5152,NA
"7029",135303,"AOML_FBBB","22",NA,"Nitrate",3.52,NA,25.09968,-80.60422,NA
"7030",135318,"AOML_FBBB","23",NA,"Nitrate",0.87,NA,25.055,-80.6247,NA
"7031",135333,"AOML_FBBB","24",NA,"Nitrate",0.59,NA,25.06322,-80.66702,NA
"7032",135348,"AOML_FBBB","25",NA,"Nitrate",0.34,NA,25.0595,-80.7179,NA
"7033",135363,"AOML_FBBB","26",NA,"Nitrate",0.2,NA,25.02362,-80.72268,NA
"7034",135378,"AOML_FBBB","27",NA,"Nitrate",0.31,NA,25.00556,-80.74996,NA
"7035",135393,"AOML_FBBB","28",NA,"Nitrate",0.11,NA,25.00074,-80.78576,NA
"7036",135408,"AOML_FBBB","29",NA,"Nitrate",0.07,NA,24.99828,-80.81216,NA
"7037",135423,"AOML_FBBB","30",NA,"Nitrate",0.38,NA,24.9758,-80.8365,NA
"7038",135438,"AOML_FBBB","31",NA,"Nitrate",0.23,NA,25.0114,-80.86972,NA
"7039",135453,"AOML_FBBB","32",NA,"Nitrate",0.26,NA,25.01188,-80.9265,NA
"7040",135468,"AOML_FBBB","33",NA,"Nitrate",0.28,NA,25.05416,-80.92,NA
"7041",135483,"AOML_FBBB","35",NA,"Nitrate",0.42,NA,24.97178,-80.87962,NA
"7042",135498,"AOML_FBBB","36",NA,"Nitrate",0.34,NA,24.95958,-80.79396,NA
"7043",135513,"AOML_FBBB","37",NA,"Nitrate",0.33,NA,24.93246,-80.762,NA
"7044",135528,"AOML_FBBB","38",NA,"Nitrate",0.44,NA,24.98588,-80.69798,NA
"7045",135543,"AOML_FBBB","39",NA,"Nitrate",0.27,NA,25.00792,-80.64674,NA
"7046",135558,"AOML_FBBB","40",NA,"Nitrate",0.4,NA,25.01742,-80.59888,NA
"7047",135573,"AOML_FBBB","B1",NA,"Nitrate",0.64,NA,25.7375,-80.1834,NA
"7048",135588,"AOML_FBBB","B10",NA,"Nitrate",0.15,NA,25.2965,-80.3621,NA
"7049",135603,"AOML_FBBB","B11",NA,"Nitrate",0.66,NA,25.2382,-80.3764,NA
"7050",135618,"AOML_FBBB","B12",NA,"Nitrate",0.58,NA,25.2555,-80.4224,NA
"7051",135633,"AOML_FBBB","B13",NA,"Nitrate",1.91,NA,25.1751,-80.4231,NA
"7052",135648,"AOML_FBBB","B14",NA,"Nitrate",0.15,NA,25.4675,-80.2134,NA
"7053",135663,"AOML_FBBB","B15",NA,"Nitrate",0.25,NA,25.5793,-80.1994,NA
"7054",135678,"AOML_FBBB","B16",NA,"Nitrate",0.29,NA,25.6609,-80.187,NA
"7055",135693,"AOML_FBBB","B17",NA,"Nitrate",0.22,NA,25.6145,-80.2906,NA
"7056",135708,"AOML_FBBB","B2",NA,"Nitrate",0.43,NA,25.6898,-80.2475,NA
"7057",135723,"AOML_FBBB","B3",NA,"Nitrate",0.36,NA,25.6534,-80.2637,NA
"7058",135738,"AOML_FBBB","B5",NA,"Nitrate",0.14,NA,25.5299,-80.314,NA
"7059",135753,"AOML_FBBB","B6",NA,"Nitrate",0.19,NA,25.4915,-80.2516,NA
"7060",135768,"AOML_FBBB","B7",NA,"Nitrate",1.21,NA,25.463,-80.3254,NA
"7061",135783,"AOML_FBBB","B8",NA,"Nitrate",0.13,NA,25.4044,-80.2435,NA
"7062",135798,"AOML_FBBB","1",NA,"Nitrate",4.74,NA,25.184,-80.4963,NA
"7063",135813,"AOML_FBBB","2",NA,"Nitrate",2.3,NA,25.1678,-80.5616,NA
"7064",135828,"AOML_FBBB","3",NA,"Nitrate",1.3,NA,25.15,-80.6204,NA
"7065",135843,"AOML_FBBB","4",NA,"Nitrate",0.95,NA,25.1321,-80.6801,NA
"7066",135858,"AOML_FBBB","5",NA,"Nitrate",0.6,NA,25.1152,-80.7194,NA
"7067",135873,"AOML_FBBB","6",NA,"Nitrate",0.27,NA,25.0698,-80.7591,NA
"7068",135888,"AOML_FBBB","7",NA,"Nitrate",0.33,NA,25.1166,-80.794,NA
"7069",135903,"AOML_FBBB","8",NA,"Nitrate",0.29,NA,25.1275,-80.8635,NA
"7070",135918,"AOML_FBBB","9",NA,"Nitrate",0.3,NA,25.1266,-80.9061,NA
"7071",135933,"AOML_FBBB","10",NA,"Nitrate",0.32,NA,25.1118,-80.9958,NA
"7072",135948,"AOML_FBBB","11",NA,"Nitrate",0.33,NA,25.0744,-81,NA
"7073",135963,"AOML_FBBB","12",NA,"Nitrate",0.33,NA,25.1129,-81.0657,NA
"7074",135978,"AOML_FBBB","13",NA,"Nitrate",0.34,NA,25.1125,-81.0963,NA
"7075",135993,"AOML_FBBB","14",NA,"Nitrate",0.35,NA,25.0337,-81.0276,NA
"7076",136008,"AOML_FBBB","15",NA,"Nitrate",0.37,NA,24.9306,-80.9482,NA
"7077",136023,"AOML_FBBB","16",NA,"Nitrate",0.34,NA,24.8747,-80.8311,NA
"7078",136038,"AOML_FBBB","17",NA,"Nitrate",0.3,NA,24.9219,-80.7089,NA
"7079",136053,"AOML_FBBB","18",NA,"Nitrate",0.43,NA,24.9774,-80.6111,NA
"7080",136068,"AOML_FBBB","19",NA,"Nitrate",0.92,NA,25.0194,-80.5486,NA
"7081",136083,"AOML_FBBB","20",NA,"Nitrate",1.02,NA,25.0667,-80.4925,NA
"7082",136098,"AOML_FBBB","34",NA,"Nitrate",0.49,NA,24.9882,-80.9556,NA
"7083",136113,"AOML_FBBB","36",NA,"Nitrate",0.47,NA,24.9593,-80.7938,NA
"7084",136128,"AOML_FBBB","37",NA,"Nitrate",0.44,NA,24.9325,-80.7617,NA
"7085",136143,"AOML_FBBB","21",NA,"Nitrate",1.65,NA,25.1127,-80.5146,NA
"7086",136158,"AOML_FBBB","22",NA,"Nitrate",1.47,NA,25.0999,-80.6036,NA
"7087",136173,"AOML_FBBB","23",NA,"Nitrate",0.5,NA,25.0554,-80.6245,NA
"7088",136188,"AOML_FBBB","24",NA,"Nitrate",0.49,NA,25.0633,-80.6665,NA
"7089",136203,"AOML_FBBB","25",NA,"Nitrate",0.41,NA,25.0603,-80.7172,NA
"7090",136218,"AOML_FBBB","26",NA,"Nitrate",0.43,NA,25.0246,-80.7219,NA
"7091",136233,"AOML_FBBB","27",NA,"Nitrate",0.42,NA,25.0055,-80.7485,NA
"7092",136248,"AOML_FBBB","28",NA,"Nitrate",0.44,NA,25.0007,-80.7845,NA
"7093",136263,"AOML_FBBB","29",NA,"Nitrate",0.42,NA,24.9985,-80.8112,NA
"7094",136278,"AOML_FBBB","30",NA,"Nitrate",0.42,NA,24.9752,-80.8348,NA
"7095",136293,"AOML_FBBB","31",NA,"Nitrate",0.45,NA,25.011,-80.8685,NA
"7096",136308,"AOML_FBBB","32",NA,"Nitrate",0.46,NA,25.0111,-80.926,NA
"7097",136323,"AOML_FBBB","33",NA,"Nitrate",0.47,NA,25.0541,-80.9195,NA
"7098",136338,"AOML_FBBB","35",NA,"Nitrate",0.46,NA,24.9706,-80.88,NA
"7099",136353,"AOML_FBBB","38",NA,"Nitrate",0.48,NA,24.9852,-80.6982,NA
"7100",136368,"AOML_FBBB","39",NA,"Nitrate",0.46,NA,25.0074,-80.6474,NA
"7101",136383,"AOML_FBBB","40",NA,"Nitrate",0.73,NA,25.0162,-80.5993,NA
"7102",136398,"AOML_FBBB","B1",NA,"Nitrate",0.171,NA,25.7395,-80.1842,NA
"7103",136413,"AOML_FBBB","B10",NA,"Nitrate",0,NA,25.2975,-80.3617,NA
"7104",136428,"AOML_FBBB","B11",NA,"Nitrate",0,NA,25.2392,-80.3759,NA
"7105",136443,"AOML_FBBB","B12",NA,"Nitrate",0,NA,25.256,-80.4224,NA
"7106",136458,"AOML_FBBB","B13",NA,"Nitrate",0.164,NA,25.1759,-80.4229,NA
"7107",136473,"AOML_FBBB","B14",NA,"Nitrate",0.056,NA,25.4683,-80.2135,NA
"7108",136488,"AOML_FBBB","B15",NA,"Nitrate",0,NA,25.5813,-80.198,NA
"7109",136503,"AOML_FBBB","B16",NA,"Nitrate",0.231,NA,25.6626,-80.1868,NA
"7110",136518,"AOML_FBBB","B17",NA,"Nitrate",0,NA,25.6156,-80.2897,NA
"7111",136533,"AOML_FBBB","B2",NA,"Nitrate",0.186,NA,25.69,-80.2479,NA
"7112",136548,"AOML_FBBB","B3",NA,"Nitrate",0.3,NA,25.6552,-80.2635,NA
"7113",136563,"AOML_FBBB","B4",NA,"Nitrate",0,NA,25.5925,-80.2635,NA
"7114",136578,"AOML_FBBB","B5",NA,"Nitrate",0,NA,25.53,-80.3142,NA
"7115",136593,"AOML_FBBB","B6",NA,"Nitrate",0,NA,25.4937,-80.2513,NA
"7116",136608,"AOML_FBBB","B7",NA,"Nitrate",0,NA,25.463,-80.3251,NA
"7117",136623,"AOML_FBBB","B8",NA,"Nitrate",0.163,NA,25.4051,-80.2433,NA
"7118",136638,"AOML_FBBB","B9",NA,"Nitrate",0,NA,25.3337,-80.3213,NA
"7119",136653,"AOML_FBBB","1",NA,"Nitrate",1.074,NA,25.1853,-80.4967,NA
"7120",136668,"AOML_FBBB","2",NA,"Nitrate",0.119,NA,25.1679,-80.5621,NA
"7121",136683,"AOML_FBBB","3",NA,"Nitrate",0.632,NA,25.1507,-80.6213,NA
"7122",136698,"AOML_FBBB","4",NA,"Nitrate",0.03,NA,25.133,-80.6798,NA
"7123",136713,"AOML_FBBB","5",NA,"Nitrate",0.00900000000000001,NA,25.1163,-80.7194,NA
"7124",136728,"AOML_FBBB","6",NA,"Nitrate",0,NA,25.0702,-80.7588,NA
"7125",136743,"AOML_FBBB","7",NA,"Nitrate",0,NA,25.1166,-80.7938,NA
"7126",136758,"AOML_FBBB","8",NA,"Nitrate",0,NA,25.1295,-80.8641,NA
"7127",136773,"AOML_FBBB","9",NA,"Nitrate",0.029,NA,25.1273,-80.9088,NA
"7128",136788,"AOML_FBBB","10",NA,"Nitrate",0,NA,25.1119,-80.9945,NA
"7129",136803,"AOML_FBBB","11",NA,"Nitrate",0,NA,25.0743,-80.9998,NA
"7130",136818,"AOML_FBBB","12",NA,"Nitrate",0,NA,25.1153,-81.0657,NA
"7131",136833,"AOML_FBBB","13",NA,"Nitrate",0,NA,25.1128,-81.0958,NA
"7132",136848,"AOML_FBBB","14",NA,"Nitrate",0,NA,25.0346,-81.0279,NA
"7133",136863,"AOML_FBBB","15",NA,"Nitrate",0,NA,24.9315,-80.9486,NA
"7134",136878,"AOML_FBBB","16",NA,"Nitrate",0,NA,24.8752,-80.8302,NA
"7135",136893,"AOML_FBBB","17",NA,"Nitrate",0,NA,24.9223,-80.708,NA
"7136",136908,"AOML_FBBB","18",NA,"Nitrate",0,NA,24.9783,-80.6112,NA
"7137",136923,"AOML_FBBB","19",NA,"Nitrate",0.105,NA,25.019,-80.54873333,NA
"7138",136938,"AOML_FBBB","20",NA,"Nitrate",0.154,NA,25.06713333,-80.49258333,NA
"7139",136953,"AOML_FBBB","34",NA,"Nitrate",0,NA,24.98815,-80.9557,NA
"7140",136968,"AOML_FBBB","36",NA,"Nitrate",0,NA,24.96013333,-80.79321667,NA
"7141",136983,"AOML_FBBB","21",NA,"Nitrate",1.165,NA,25.11321667,-80.51483333,NA
"7142",136998,"AOML_FBBB","22",NA,"Nitrate",1.607,NA,25.100085,-80.60401667,NA
"7143",137013,"AOML_FBBB","23",NA,"Nitrate",0,NA,25.05563333,-80.62466667,NA
"7144",137028,"AOML_FBBB","24",NA,"Nitrate",0,NA,25.06343333,-80.66708333,NA
"7145",137043,"AOML_FBBB","25",NA,"Nitrate",0,NA,25.06043333,-80.71686667,NA
"7146",137058,"AOML_FBBB","26",NA,"Nitrate",0,NA,25.02401667,-80.72302667,NA
"7147",137073,"AOML_FBBB","27",NA,"Nitrate",0,NA,25.00593333,-80.7493,NA
"7148",137088,"AOML_FBBB","28",NA,"Nitrate",0,NA,25.0009,-80.7859,NA
"7149",137103,"AOML_FBBB","29",NA,"Nitrate",0,NA,24.99866667,-80.81181667,NA
"7150",137118,"AOML_FBBB","30",NA,"Nitrate",0,NA,24.97561667,-80.83493333,NA
"7151",137133,"AOML_FBBB","31",NA,"Nitrate",0,NA,25.011,-80.86866667,NA
"7152",137148,"AOML_FBBB","32",NA,"Nitrate",0,NA,25.01193333,-80.926,NA
"7153",137163,"AOML_FBBB","33",NA,"Nitrate",0,NA,25.0547,-80.9198,NA
"7154",137178,"AOML_FBBB","35",NA,"Nitrate",0,NA,24.97176667,-80.87886667,NA
"7155",137193,"AOML_FBBB","37",NA,"Nitrate",0,NA,24.93253333,-80.76131667,NA
"7156",137208,"AOML_FBBB","38",NA,"Nitrate",0,NA,24.98591667,-80.69721667,NA
"7157",137223,"AOML_FBBB","39",NA,"Nitrate",0,NA,25.00828333,-80.64636667,NA
"7158",137238,"AOML_FBBB","40",NA,"Nitrate",0,NA,25.01733333,-80.5988,NA
"7159",137253,"AOML_FBBB","20",NA,"Nitrate",0.06,NA,25.0669333333333,-80.4926333333333,NA
"7160",137268,"AOML_FBBB","21",NA,"Nitrate",0.17,NA,25.1133,-80.5147333333333,NA
"7161",137283,"AOML_FBBB","22",NA,"Nitrate",0.38,NA,25.1001833333333,-80.6037,NA
"7162",137298,"AOML_FBBB","23",NA,"Nitrate",0.29,NA,25.0559833333333,-80.6243333333333,NA
"7163",137313,"AOML_FBBB","24",NA,"Nitrate",0,NA,25.0634666666667,-80.6666,NA
"7164",137328,"AOML_FBBB","25",NA,"Nitrate",0.19,NA,25.0602833333333,-80.7173333333333,NA
"7165",137343,"AOML_FBBB","26",NA,"Nitrate",0.04,NA,25.0240666666667,-80.7218,NA
"7166",137358,"AOML_FBBB","27",NA,"Nitrate",0.03,NA,25.0057,-80.7495333333333,NA
"7167",137373,"AOML_FBBB","28",NA,"Nitrate",0.14,NA,25.0009,-80.7849333333333,NA
"7168",137388,"AOML_FBBB","29",NA,"Nitrate",0.09,NA,24.9982833333333,-80.8115,NA
"7169",137403,"AOML_FBBB","30",NA,"Nitrate",0.02,NA,24.9756666666667,-80.8355833333333,NA
"7170",137418,"AOML_FBBB","31",NA,"Nitrate",0.08,NA,25.0111166666667,-80.8691333333333,NA
"7171",137433,"AOML_FBBB","32",NA,"Nitrate",0.1,NA,25.0118333333333,-80.9256666666667,NA
"7172",137448,"AOML_FBBB","33",NA,"Nitrate",0.06,NA,25.0541,-80.9198666666667,NA
"7173",137463,"AOML_FBBB","35",NA,"Nitrate",0.08,NA,24.9713666666667,-80.8789833333333,NA
"7174",137478,"AOML_FBBB","37",NA,"Nitrate",0.08,NA,24.9325,-80.7610666666667,NA
"7175",137493,"AOML_FBBB","38",NA,"Nitrate",0.08,NA,24.9854333333333,-80.694,NA
"7176",137508,"AOML_FBBB","39",NA,"Nitrate",0.06,NA,25.0080833333333,-80.6466833333333,NA
"7177",137523,"AOML_FBBB","40",NA,"Nitrate",0.6,NA,25.0170666666667,-80.5985666666667,NA
"7178",137538,"AOML_FBBB","B1",NA,"Nitrate",1.91,NA,25.7386333333333,-80.1823,NA
"7179",137553,"AOML_FBBB","B10",NA,"Nitrate",0.14,NA,25.2978666666667,-80.3606333333333,NA
"7180",137568,"AOML_FBBB","B11",NA,"Nitrate",0.37,NA,25.2395166666667,-80.3757666666667,NA
"7181",137583,"AOML_FBBB","B12",NA,"Nitrate",0.31,NA,25.2555833333333,-80.4222666666667,NA
"7182",137598,"AOML_FBBB","B13",NA,"Nitrate",0.4,NA,25.1763,-80.4215333333333,NA
"7183",137613,"AOML_FBBB","B14",NA,"Nitrate",0.2,NA,25.4684666666667,-80.213,NA
"7184",137628,"AOML_FBBB","B15",NA,"Nitrate",0.02,NA,25.58025,-80.1977166666667,NA
"7185",137643,"AOML_FBBB","B16",NA,"Nitrate",0.92,NA,25.6626166666667,-80.1868333333333,NA
"7186",137658,"AOML_FBBB","B17",NA,"Nitrate",1.85,NA,25.6155666666667,-80.2894166666667,NA
"7187",137673,"AOML_FBBB","B2",NA,"Nitrate",0.69,NA,25.6903166666667,-80.2477666666667,NA
"7188",137688,"AOML_FBBB","B3",NA,"Nitrate",2.56,NA,25.6548333333333,-80.2633333333333,NA
"7189",137703,"AOML_FBBB","B4",NA,"Nitrate",3.71,NA,25.5915833333333,-80.2628166666667,NA
"7190",137718,"AOML_FBBB","B5",NA,"Nitrate",21.36,NA,25.5292,-80.3113666666667,NA
"7191",137733,"AOML_FBBB","B6",NA,"Nitrate",1.13,NA,25.4925833333333,-80.2511333333333,NA
"7192",137748,"AOML_FBBB","B7",NA,"Nitrate",2.48,NA,25.4630833333333,-80.3241333333333,NA
"7193",137763,"AOML_FBBB","B8",NA,"Nitrate",0.35,NA,25.4058166666667,-80.2418833333333,NA
"7194",137778,"AOML_FBBB","B9",NA,"Nitrate",0.1,NA,25.3333166666667,-80.3203833333333,NA
"7195",137793,"AOML_FBBB","1",NA,"Nitrate",0.49,NA,25.1845333333333,-80.4963166666667,NA
"7196",137808,"AOML_FBBB","2",NA,"Nitrate",0.35,NA,25.1676666666667,-80.5618,NA
"7197",137823,"AOML_FBBB","3",NA,"Nitrate",0.17,NA,25.1503666666667,-80.6203333333333,NA
"7198",137838,"AOML_FBBB","4",NA,"Nitrate",0.06,NA,25.1321833333333,-80.6793,NA
"7199",137853,"AOML_FBBB","5",NA,"Nitrate",0.02,NA,25.1155,-80.7192166666667,NA
"7200",137868,"AOML_FBBB","6",NA,"Nitrate",0.09,NA,25.0699333333333,-80.7582833333333,NA
"7201",137883,"AOML_FBBB","7",NA,"Nitrate",0.25,NA,25.1169,-80.7933333333333,NA
"7202",137898,"AOML_FBBB","8",NA,"Nitrate",0.25,NA,25.1276833333333,-80.8635333333333,NA
"7203",137913,"AOML_FBBB","9",NA,"Nitrate",0.09,NA,25.1267333333333,-80.9053166666667,NA
"7204",137928,"AOML_FBBB","10",NA,"Nitrate",0.28,NA,25.1115666666667,-80.9955833333333,NA
"7205",137943,"AOML_FBBB","11",NA,"Nitrate",0.11,NA,25.0744166666667,-81.0001333333333,NA
"7206",137958,"AOML_FBBB","12",NA,"Nitrate",0.08,NA,25.1128,-81.0653,NA
"7207",137973,"AOML_FBBB","13",NA,"Nitrate",0.09,NA,25.1129333333333,-81.0961166666667,NA
"7208",137988,"AOML_FBBB","14",NA,"Nitrate",0.12,NA,25.0340666666667,-81.0279833333333,NA
"7209",138003,"AOML_FBBB","15",NA,"Nitrate",0.16,NA,24.9316333333333,-80.9487,NA
"7210",138018,"AOML_FBBB","16",NA,"Nitrate",0.19,NA,24.8748666666667,-80.8304666666667,NA
"7211",138033,"AOML_FBBB","17",NA,"Nitrate",1.03,NA,24.9222833333333,-80.7083833333333,NA
"7212",138048,"AOML_FBBB","18",NA,"Nitrate",1.9,NA,24.9776333333333,-80.6116333333333,NA
"7213",138063,"AOML_FBBB","19",NA,"Nitrate",0.47,NA,25.0194666666667,-80.5485833333333,NA
"7214",138078,"AOML_FBBB","34",NA,"Nitrate",0.18,NA,24.9878,-80.9558666666667,NA
"7215",138093,"AOML_FBBB","36",NA,"Nitrate",0.21,NA,24.9598833333333,-80.7930833333333,NA
"7216",138108,"AOML_FBBB","1",NA,"Nitrate",2.57,NA,25.1844333333333,-80.4962666666667,NA
"7217",138123,"AOML_FBBB","2",NA,"Nitrate",1.18,NA,25.1671666666667,-80.5618833333333,NA
"7218",138138,"AOML_FBBB","3",NA,"Nitrate",6.68,NA,25.1501833333333,-80.6204166666667,NA
"7219",138153,"AOML_FBBB","34",NA,"Nitrate",0.69,NA,24.9883333333333,-80.9556666666667,NA
"7220",138168,"AOML_FBBB","36",NA,"Nitrate",4.99,NA,24.9602166666667,-80.7934666666667,NA
"7221",138183,"AOML_FBBB","37",NA,"Nitrate",4.59,NA,24.9324666666667,-80.7608666666667,NA
"7222",138198,"AOML_FBBB","B1",NA,"Nitrate",1.14,NA,25.74,-80.1833833333333,NA
"7223",138213,"AOML_FBBB","B10",NA,"Nitrate",0.99,NA,25.297,-80.361,NA
"7224",138228,"AOML_FBBB","B11",NA,"Nitrate",6.88,NA,25.2392,-80.376,NA
"7225",138243,"AOML_FBBB","B12",NA,"Nitrate",1.01,NA,25.2550666666667,-80.4228,NA
"7226",138258,"AOML_FBBB","B13",NA,"Nitrate",0.69,NA,25.1755,-80.4230333333333,NA
"7227",138273,"AOML_FBBB","B14",NA,"Nitrate",1,NA,25.4682333333333,-80.2144166666667,NA
"7228",138288,"AOML_FBBB","B15",NA,"Nitrate",0.9,NA,25.5805833333333,-80.1981333333333,NA
"7229",138303,"AOML_FBBB","B16",NA,"Nitrate",0.93,NA,25.6618833333333,-80.1869333333333,NA
"7230",138318,"AOML_FBBB","B17",NA,"Nitrate",0.82,NA,25.6153833333333,-80.2905166666667,NA
"7231",138333,"AOML_FBBB","B2",NA,"Nitrate",8.15,NA,25.6905333333333,-80.2479833333333,NA
"7232",138348,"AOML_FBBB","B3",NA,"Nitrate",3.75,NA,25.6542,-80.2636833333333,NA
"7233",138363,"AOML_FBBB","B4",NA,"Nitrate",10.63,NA,25.5916833333333,-80.2639833333333,NA
"7234",138378,"AOML_FBBB","B5",NA,"Nitrate",31.65,NA,25.5297833333333,-80.3134666666667,NA
"7235",138393,"AOML_FBBB","B6",NA,"Nitrate",8.59,NA,25.4925,-80.2518166666667,NA
"7236",138408,"AOML_FBBB","B7",NA,"Nitrate",18.66,NA,25.4631,-80.3259,NA
"7237",138423,"AOML_FBBB","B8",NA,"Nitrate",0.77,NA,25.4051666666667,-80.2438833333333,NA
"7238",138438,"AOML_FBBB","B9",NA,"Nitrate",0.8,NA,25.3327833333333,-80.3201666666667,NA
"7239",138453,"AOML_FBBB","4",NA,"Nitrate",0.73,NA,25.1318666666667,-80.6800166666667,NA
"7240",138468,"AOML_FBBB","5",NA,"Nitrate",1.1,NA,25.1157666666667,-80.7194333333333,NA
"7241",138483,"AOML_FBBB","6",NA,"Nitrate",0.46,NA,25.0701,-80.7588833333333,NA
"7242",138498,"AOML_FBBB","7",NA,"Nitrate",0.5,NA,25.1170833333333,-80.794,NA
"7243",138513,"AOML_FBBB","8",NA,"Nitrate",0.48,NA,25.1279,-80.8640833333333,NA
"7244",138528,"AOML_FBBB","9",NA,"Nitrate",0.77,NA,25.1270333333333,-80.9053833333333,NA
"7245",138543,"AOML_FBBB","10",NA,"Nitrate",5.79,NA,25.1116666666667,-80.9954333333333,NA
"7246",138558,"AOML_FBBB","11",NA,"Nitrate",0.82,NA,25.0747,-80.9999333333333,NA
"7247",138573,"AOML_FBBB","12",NA,"Nitrate",0.72,NA,25.1129833333333,-81.0661666666667,NA
"7248",138588,"AOML_FBBB","13",NA,"Nitrate",0.5,NA,25.1126166666667,-81.0966166666667,NA
"7249",138603,"AOML_FBBB","14",NA,"Nitrate",0.66,NA,25.0341666666667,-81.0277,NA
"7250",138618,"AOML_FBBB","15",NA,"Nitrate",5.88,NA,24.9311833333333,-80.9486,NA
"7251",138633,"AOML_FBBB","16",NA,"Nitrate",7.11,NA,24.8751333333333,-80.83,NA
"7252",138648,"AOML_FBBB","17",NA,"Nitrate",0.97,NA,24.9219833333333,-80.7081833333333,NA
"7253",138663,"AOML_FBBB","18",NA,"Nitrate",8.25,NA,24.9780333333333,-80.6107,NA
"7254",138678,"AOML_FBBB","19",NA,"Nitrate",0.97,NA,25.018625,-80.5487333333333,NA
"7255",138693,"AOML_FBBB","20",NA,"Nitrate",1.42,NA,25.0674166666667,-80.4925,NA
"7256",138708,"AOML_FBBB","21",NA,"Nitrate",1.55,NA,25.1129833333333,-80.5149166666667,NA
"7257",138723,"AOML_FBBB","22",NA,"Nitrate",1.3,NA,25.1001666666667,-80.6043333333333,NA
"7258",138738,"AOML_FBBB","23",NA,"Nitrate",0.82,NA,25.0556,-80.6248,NA
"7259",138753,"AOML_FBBB","24",NA,"Nitrate",6.31,NA,25.0636333333333,-80.667,NA
"7260",138768,"AOML_FBBB","25",NA,"Nitrate",0.74,NA,25.0598166666667,-80.7170666666667,NA
"7261",138783,"AOML_FBBB","26",NA,"Nitrate",0.55,NA,25.0237,-80.7219833333333,NA
"7262",138798,"AOML_FBBB","27",NA,"Nitrate",0.5,NA,25.0054833333333,-80.7488833333333,NA
"7263",138813,"AOML_FBBB","28",NA,"Nitrate",0.53,NA,25.0008166666667,-80.7854666666667,NA
"7264",138828,"AOML_FBBB","29",NA,"Nitrate",0.73,NA,24.9984,-80.8117833333333,NA
"7265",138843,"AOML_FBBB","30",NA,"Nitrate",0.86,NA,24.9760833333333,-80.8358833333333,NA
"7266",138858,"AOML_FBBB","31",NA,"Nitrate",4.97,NA,25.0111333333333,-80.8693833333333,NA
"7267",138873,"AOML_FBBB","32",NA,"Nitrate",0.81,NA,25.0122166666667,-80.9257333333333,NA
"7268",138888,"AOML_FBBB","33",NA,"Nitrate",4.14,NA,25.0541333333333,-80.9200333333333,NA
"7269",138903,"AOML_FBBB","35",NA,"Nitrate",0.82,NA,24.9715,-80.8791,NA
"7270",138918,"AOML_FBBB","38",NA,"Nitrate",5.66,NA,24.9860166666667,-80.6976,NA
"7271",138933,"AOML_FBBB","39",NA,"Nitrate",5.92,NA,25.0083166666667,-80.6411166666667,NA
"7272",138948,"AOML_FBBB","40",NA,"Nitrate",0.67,NA,25.0176666666667,-80.5982,NA
"7273",138963,"AOML_FBBB","B1",NA,"Nitrate",6.8,NA,25.7387,-80.1817833333333,NA
"7274",138978,"AOML_FBBB","B10",NA,"Nitrate",0.61,NA,25.2967333333333,-80.3612,NA
"7275",138993,"AOML_FBBB","B11",NA,"Nitrate",0.68,NA,25.2386166666667,-80.376,NA
"7276",139008,"AOML_FBBB","B12",NA,"Nitrate",0.89,NA,25.2556666666667,-80.4221666666667,NA
"7277",139023,"AOML_FBBB","B13",NA,"Nitrate",0.81,NA,25.1758,-80.4233166666667,NA
"7278",139038,"AOML_FBBB","B14",NA,"Nitrate",0.79,NA,25.4682333333333,-80.2136166666667,NA
"7279",139053,"AOML_FBBB","B15",NA,"Nitrate",0.78,NA,25.5798666666667,-80.1977333333333,NA
"7280",139068,"AOML_FBBB","B16",NA,"Nitrate",5.62,NA,25.6613,-80.1871,NA
"7281",139083,"AOML_FBBB","B17",NA,"Nitrate",0.74,NA,25.6149166666667,-80.2896333333333,NA
"7282",139098,"AOML_FBBB","B2",NA,"Nitrate",1.05,NA,25.6903833333333,-80.2481666666667,NA
"7283",139113,"AOML_FBBB","B3",NA,"Nitrate",0.91,NA,25.6541333333333,-80.2635333333333,NA
"7284",139128,"AOML_FBBB","B4",NA,"Nitrate",1.04,NA,25.5917,-80.2635333333333,NA
"7285",139143,"AOML_FBBB","B5",NA,"Nitrate",8.6,NA,25.5300666666667,-80.314,NA
"7286",139158,"AOML_FBBB","B6",NA,"Nitrate",0.8,NA,25.4922333333333,-80.2518166666667,NA
"7287",139173,"AOML_FBBB","B7",NA,"Nitrate",6.62,NA,25.4631166666667,-80.3252,NA
"7288",139188,"AOML_FBBB","B8",NA,"Nitrate",1,NA,25.4053,-80.2434666666667,NA
"7289",139203,"AOML_FBBB","B9",NA,"Nitrate",0.73,NA,25.3333666666667,-80.3211,NA
"7290",139218,"AOML_FBBB","1",NA,"Nitrate",1.57,NA,25.1843666666667,-80.4965166666667,NA
"7291",139233,"AOML_FBBB","2",NA,"Nitrate",0.84,NA,25.1673333333333,-80.5618666666667,NA
"7292",139248,"AOML_FBBB","3",NA,"Nitrate",0.8,NA,25.1502666666667,-80.6207833333333,NA
"7293",139263,"AOML_FBBB","4",NA,"Nitrate",0.76,NA,25.1318,-80.6800833333333,NA
"7294",139278,"AOML_FBBB","5",NA,"Nitrate",0.77,NA,25.1154333333333,-80.7197,NA
"7295",139293,"AOML_FBBB","6",NA,"Nitrate",0.72,NA,25.0698,-80.7588833333333,NA
"7296",139308,"AOML_FBBB","7",NA,"Nitrate",0.73,NA,25.1165666666667,-80.7934333333333,NA
"7297",139323,"AOML_FBBB","8",NA,"Nitrate",0.78,NA,25.1281166666667,-80.8643666666667,NA
"7298",139338,"AOML_FBBB","9",NA,"Nitrate",0.79,NA,25.1269,-80.9064833333333,NA
"7299",139353,"AOML_FBBB","10",NA,"Nitrate",0.86,NA,25.1119166666667,-80.9959833333333,NA
"7300",139368,"AOML_FBBB","11",NA,"Nitrate",0.88,NA,25.0741283333333,-81,NA
"7301",139383,"AOML_FBBB","12",NA,"Nitrate",0.68,NA,25.1129833333333,-81.0658166666667,NA
"7302",139398,"AOML_FBBB","13",NA,"Nitrate",0.76,NA,25.1126333333333,-81.0963333333333,NA
"7303",139413,"AOML_FBBB","14",NA,"Nitrate",0.73,NA,25.0344166666667,-81.0282833333333,NA
"7304",139428,"AOML_FBBB","15",NA,"Nitrate",0.91,NA,24.9312,-80.9487833333333,NA
"7305",139443,"AOML_FBBB","16",NA,"Nitrate",0.7,NA,24.8750166666667,-80.8306833333333,NA
"7306",139458,"AOML_FBBB","17",NA,"Nitrate",0.73,NA,24.9222,-80.7086666666667,NA
"7307",139473,"AOML_FBBB","18",NA,"Nitrate",1.26,NA,24.9782333333333,-80.6110333333333,NA
"7308",139488,"AOML_FBBB","19",NA,"Nitrate",0.95,NA,25.0193666666667,-80.5488166666667,NA
"7309",139503,"AOML_FBBB","20",NA,"Nitrate",0.85,NA,25.0668666666667,-80.4927666666667,NA
"7310",139518,"AOML_FBBB","21",NA,"Nitrate",1.07,NA,25.1127166666667,-80.515,NA
"7311",139533,"AOML_FBBB","34",NA,"Nitrate",0.86,NA,24.9883833333333,-80.9559833333333,NA
"7312",139548,"AOML_FBBB","36",NA,"Nitrate",0.69,NA,24.9599,-80.7938333333333,NA
"7313",139563,"AOML_FBBB","37",NA,"Nitrate",0.71,NA,24.9324166666667,-80.7615,NA
"7314",139578,"AOML_FBBB","22",NA,"Nitrate",0.79,NA,25.0994666666667,-80.6038333333333,NA
"7315",139593,"AOML_FBBB","23",NA,"Nitrate",0.73,NA,25.0554166666667,-80.6247,NA
"7316",139608,"AOML_FBBB","24",NA,"Nitrate",0.75,NA,25.0634166666667,-80.6669,NA
"7317",139623,"AOML_FBBB","25",NA,"Nitrate",0.73,NA,25.0598666666667,-80.7172,NA
"7318",139638,"AOML_FBBB","26",NA,"Nitrate",0.7,NA,25.0235,-80.7218,NA
"7319",139653,"AOML_FBBB","27",NA,"Nitrate",0.72,NA,25.0056666666667,-80.7496333333333,NA
"7320",139668,"AOML_FBBB","28",NA,"Nitrate",0.69,NA,25.0004666666667,-80.7855666666667,NA
"7321",139683,"AOML_FBBB","29",NA,"Nitrate",0.67,NA,24.9982666666667,-80.8117166666667,NA
"7322",139698,"AOML_FBBB","30",NA,"Nitrate",0.72,NA,24.9756166666667,-80.8357333333333,NA
"7323",139713,"AOML_FBBB","31",NA,"Nitrate",0.67,NA,25.0109166666667,-80.8691833333333,NA
"7324",139728,"AOML_FBBB","32",NA,"Nitrate",0.67,NA,25.0110833333333,-80.926,NA
"7325",139743,"AOML_FBBB","33",NA,"Nitrate",0.67,NA,25.0540166666667,-80.9203333333333,NA
"7326",139758,"AOML_FBBB","35",NA,"Nitrate",0.71,NA,24.9716833333333,-80.8795166666667,NA
"7327",139773,"AOML_FBBB","38",NA,"Nitrate",0.72,NA,24.9856,-80.6979166666667,NA
"7328",139788,"AOML_FBBB","39",NA,"Nitrate",0.69,NA,25.0077666666667,-80.6469,NA
"7329",139803,"AOML_FBBB","40",NA,"Nitrate",0.7,NA,25.0173,-80.5986833333333,NA
"7330",139818,"AOML_FBBB","B1",NA,"Nitrate",0,NA,25.7383333333333,-80.1829,NA
"7331",139833,"AOML_FBBB","B10",NA,"Nitrate",0,NA,25.2973666666667,-80.3616833333333,NA
"7332",139848,"AOML_FBBB","B11",NA,"Nitrate",0,NA,25.239,-80.3759666666667,NA
"7333",139863,"AOML_FBBB","B12",NA,"Nitrate",0,NA,25.2559666666667,-80.4219666666667,NA
"7334",139878,"AOML_FBBB","B13",NA,"Nitrate",0,NA,25.1765666666667,-80.4235833333333,NA
"7335",139893,"AOML_FBBB","B14",NA,"Nitrate",0.579,NA,25.4680333333333,-80.2133833333333,NA
"7336",139908,"AOML_FBBB","B15",NA,"Nitrate",0,NA,25.5807333333333,-80.1984333333333,NA
"7337",139923,"AOML_FBBB","B16",NA,"Nitrate",0.003,NA,25.6623,-80.1869833333333,NA
"7338",139938,"AOML_FBBB","B17",NA,"Nitrate",0.74,NA,25.6154666666667,-80.2905,NA
"7339",139953,"AOML_FBBB","B2",NA,"Nitrate",0.218,NA,25.6904166666667,-80.2480333333333,NA
"7340",139968,"AOML_FBBB","B3",NA,"Nitrate",0.03,NA,25.6546666666667,-80.2638,NA
"7341",139983,"AOML_FBBB","B4",NA,"Nitrate",7.491,NA,25.5915333333333,-80.2634333333333,NA
"7342",139998,"AOML_FBBB","B5",NA,"Nitrate",64.68,NA,25.5296666666667,-80.3133666666667,NA
"7343",140013,"AOML_FBBB","B6",NA,"Nitrate",2.277,NA,25.4923833333333,-80.2513666666667,NA
"7344",140028,"AOML_FBBB","B7",NA,"Nitrate",9.381,NA,25.4631666666667,-80.3256,NA
"7345",140043,"AOML_FBBB","B8",NA,"Nitrate",0.551,NA,25.4051166666667,-80.2436666666667,NA
"7346",140058,"AOML_FBBB","B9",NA,"Nitrate",0,NA,25.3336333333333,-80.3209,NA
"7347",140073,"AOML_FBBB","1",NA,"Nitrate",1.179,NA,25.1847,-80.4963333333333,NA
"7348",140088,"AOML_FBBB","2",NA,"Nitrate",0.177,NA,25.1677166666667,-80.5617666666667,NA
"7349",140103,"AOML_FBBB","3",NA,"Nitrate",0.125,NA,25.1504333333333,-80.6203166666667,NA
"7350",140118,"AOML_FBBB","4",NA,"Nitrate",0,NA,25.1327,-80.6767666666667,NA
"7351",140133,"AOML_FBBB","5",NA,"Nitrate",0,NA,25.1155666666667,-80.7193,NA
"7352",140148,"AOML_FBBB","6",NA,"Nitrate",0,NA,25.0701666666667,-80.7590833333333,NA
"7353",140163,"AOML_FBBB","7",NA,"Nitrate",0,NA,25.1169166666667,-80.7937333333333,NA
"7354",140178,"AOML_FBBB","8",NA,"Nitrate",0,NA,25.1276666666667,-80.8636666666667,NA
"7355",140193,"AOML_FBBB","9",NA,"Nitrate",0.061,NA,25.1267166666667,-80.9053666666667,NA
"7356",140208,"AOML_FBBB","10",NA,"Nitrate",0,NA,25.1116333333333,-80.9958833333333,NA
"7357",140223,"AOML_FBBB","11",NA,"Nitrate",0,NA,25.0747833333333,-81.0001666666667,NA
"7358",140238,"AOML_FBBB","12",NA,"Nitrate",0,NA,25.1126833333333,-81.0662,NA
"7359",140253,"AOML_FBBB","13",NA,"Nitrate",0.017,NA,25.1131333333333,-81.0968333333333,NA
"7360",140268,"AOML_FBBB","14",NA,"Nitrate",0,NA,25.0347666666667,-81.0283333333333,NA
"7361",140283,"AOML_FBBB","15",NA,"Nitrate",0,NA,24.9311666666667,-80.9489,NA
"7362",140298,"AOML_FBBB","16",NA,"Nitrate",0,NA,24.8753,-80.8307833333333,NA
"7363",140313,"AOML_FBBB","17",NA,"Nitrate",0,NA,24.9223666666667,-80.7058666666667,NA
"7364",140328,"AOML_FBBB","18",NA,"Nitrate",0.328,NA,24.9777,-80.6108333333333,NA
"7365",140343,"AOML_FBBB","19",NA,"Nitrate",0,NA,25.0193666666667,-80.5487833333333,NA
"7366",140358,"AOML_FBBB","20",NA,"Nitrate",0,NA,25.0673373333333,-80.4926333333333,NA
"7367",140373,"AOML_FBBB","34",NA,"Nitrate",0,NA,24.9883,-80.9561333333333,NA
"7368",140388,"AOML_FBBB","36",NA,"Nitrate",0,NA,24.9599,-80.7938166666667,NA
"7369",140403,"AOML_FBBB","37",NA,"Nitrate",0,NA,24.9324833333333,-80.7608833333333,NA
"7370",140418,"AOML_FBBB","21",NA,"Nitrate",0.33,NA,25.1127333333333,-80.5149666666667,NA
"7371",140433,"AOML_FBBB","22",NA,"Nitrate",0.058,NA,25.0997833333333,-80.6041833333333,NA
"7372",140448,"AOML_FBBB","23",NA,"Nitrate",0,NA,25.0550666666667,-80.6246,NA
"7373",140463,"AOML_FBBB","24",NA,"Nitrate",0,NA,25.0634166666667,-80.6670166666667,NA
"7374",140478,"AOML_FBBB","25",NA,"Nitrate",0,NA,25.0597833333333,-80.7172333333333,NA
"7375",140493,"AOML_FBBB","26",NA,"Nitrate",0,NA,25.024,-80.7220166666667,NA
"7376",140508,"AOML_FBBB","27",NA,"Nitrate",0,NA,25.0056333333333,-80.7493833333333,NA
"7377",140523,"AOML_FBBB","28",NA,"Nitrate",0,NA,25.0008,-80.7856,NA
"7378",140538,"AOML_FBBB","29",NA,"Nitrate",0,NA,24.9983833333333,-80.8120333333333,NA
"7379",140553,"AOML_FBBB","30",NA,"Nitrate",0,NA,24.9756666666667,-80.8357166666667,NA
"7380",140568,"AOML_FBBB","31",NA,"Nitrate",0,NA,25.0109166666667,-80.8689333333333,NA
"7381",140583,"AOML_FBBB","32",NA,"Nitrate",0,NA,25.0118333333333,-80.9258333333333,NA
"7382",140598,"AOML_FBBB","33",NA,"Nitrate",0,NA,25.0541333333333,-80.9191,NA
"7383",140613,"AOML_FBBB","35",NA,"Nitrate",0,NA,24.9716,-80.8793166666667,NA
"7384",140628,"AOML_FBBB","38",NA,"Nitrate",0,NA,24.9857,-80.6977166666667,NA
"7385",140643,"AOML_FBBB","39",NA,"Nitrate",0,NA,25.0077333333333,-80.6467166666667,NA
"7386",140658,"AOML_FBBB","40",NA,"Nitrate",0,NA,25.0171833333333,-80.599,NA
"7387",140673,"AOML_FBBB","B1",NA,"Nitrate",8.559,NA,25.74,-80.1816666666667,NA
"7388",140688,"AOML_FBBB","B10",NA,"Nitrate",7.492,NA,25.2983333333333,-80.3616666666667,NA
"7389",140703,"AOML_FBBB","B11",NA,"Nitrate",8.809,NA,25.2383333333333,-80.3766666666667,NA
"7390",140718,"AOML_FBBB","B12",NA,"Nitrate",2.64,NA,25.2566666666667,-80.4233333333333,NA
"7391",140733,"AOML_FBBB","B13",NA,"Nitrate",7.914,NA,25.1766666666667,-80.4233333333333,NA
"7392",140748,"AOML_FBBB","B14",NA,"Nitrate",6.912,NA,25.4683333333333,-80.2133333333333,NA
"7393",140763,"AOML_FBBB","B15",NA,"Nitrate",5.624,NA,25.58,-80.1983333333333,NA
"7394",140778,"AOML_FBBB","B16",NA,"Nitrate",6.599,NA,25.6616666666667,-80.1866666666667,NA
"7395",140793,"AOML_FBBB","B17",NA,"Nitrate",8.336,NA,25.615,-80.2983333333333,NA
"7396",140808,"AOML_FBBB","B2",NA,"Nitrate",7.451,NA,25.69,-80.2483333333333,NA
"7397",140823,"AOML_FBBB","B3",NA,"Nitrate",8.755,NA,25.655,-80.2633333333333,NA
"7398",140838,"AOML_FBBB","B4",NA,"Nitrate",11.049,NA,25.5916666666667,-80.2633333333333,NA
"7399",140853,"AOML_FBBB","B5",NA,"Nitrate",39.498,NA,25.53,-80.3133333333333,NA
"7400",140868,"AOML_FBBB","B6",NA,"Nitrate",6.086,NA,25.4933333333333,-80.2516666666667,NA
"7401",140883,"AOML_FBBB","B7",NA,"Nitrate",14.099,NA,25.4633333333333,-80.325,NA
"7402",140898,"AOML_FBBB","B8",NA,"Nitrate",0.063,NA,25.405,-80.2433333333333,NA
"7403",140913,"AOML_FBBB","B9",NA,"Nitrate",7.529,NA,25.3333333333333,-80.32,NA
"7404",140928,"AOML_FBBB","1",NA,"Nitrate",12.368,NA,25.1838333333333,-80.4960333333333,NA
"7405",140943,"AOML_FBBB","2",NA,"Nitrate",8.703,NA,25.1674833333333,-80.5615666666667,NA
"7406",140958,"AOML_FBBB","3",NA,"Nitrate",2.047,NA,25.1499166666667,-80.6207833333333,NA
"7407",140973,"AOML_FBBB","4",NA,"Nitrate",0.665,NA,25.1315,-80.6799166666667,NA
"7408",140988,"AOML_FBBB","5",NA,"Nitrate",8.105,NA,25.1153166666667,-80.7195833333333,NA
"7409",141003,"AOML_FBBB","6",NA,"Nitrate",6.994,NA,25.0697833333333,-80.7588666666667,NA
"7410",141018,"AOML_FBBB","7",NA,"Nitrate",7.139,NA,25.1164833333333,-80.7934333333333,NA
"7411",141033,"AOML_FBBB","8",NA,"Nitrate",8.632,NA,25.1282833333333,-80.8640666666667,NA
"7412",141048,"AOML_FBBB","9",NA,"Nitrate",7.543,NA,25.1266833333333,-80.9055833333333,NA
"7413",141063,"AOML_FBBB","10",NA,"Nitrate",9.56,NA,25.1116,-80.9955166666667,NA
"7414",141078,"AOML_FBBB","11",NA,"Nitrate",8.08,NA,25.0742833333333,-80.9996833333333,NA
"7415",141093,"AOML_FBBB","12",NA,"Nitrate",8.473,NA,25.1128,-81.0658666666667,NA
"7416",141108,"AOML_FBBB","13",NA,"Nitrate",8.972,NA,25.1133066666667,-81.0968,NA
"7417",141123,"AOML_FBBB","14",NA,"Nitrate",8.585,NA,25.0347333333333,-81.0282333333333,NA
"7418",141138,"AOML_FBBB","15",NA,"Nitrate",7.812,NA,24.9311666666667,-80.9489166666667,NA
"7419",141153,"AOML_FBBB","16",NA,"Nitrate",8.548,NA,24.8751333333333,-80.83055,NA
"7420",141168,"AOML_FBBB","17",NA,"Nitrate",8.768,NA,24.9222333333333,-80.70815,NA
"7421",141183,"AOML_FBBB","18",NA,"Nitrate",8.608,NA,24.9777,-80.6105,NA
"7422",141198,"AOML_FBBB","19",NA,"Nitrate",7.616,NA,25.0192666666667,-80.5486166666667,NA
"7423",141213,"AOML_FBBB","20",NA,"Nitrate",9.097,NA,25.0669166666667,-80.4923,NA
"7424",141228,"AOML_FBBB","34",NA,"Nitrate",7.739,NA,24.9881666666667,-80.9555,NA
"7425",141243,"AOML_FBBB","21",NA,"Nitrate",10.869,NA,25.1131833333333,-80.5146666666667,NA
"7426",141258,"AOML_FBBB","22",NA,"Nitrate",10.908,NA,25.0999,-80.6037666666667,NA
"7427",141273,"AOML_FBBB","23",NA,"Nitrate",7.281,NA,25.0556,-80.6239833333333,NA
"7428",141288,"AOML_FBBB","24",NA,"Nitrate",8.911,NA,25.0629333333333,-80.6663166666667,NA
"7429",141303,"AOML_FBBB","25",NA,"Nitrate",7.286,NA,25.0602166666667,-80.7171833333333,NA
"7430",141318,"AOML_FBBB","26",NA,"Nitrate",8.215,NA,25.0243666666667,-80.7219833333333,NA
"7431",141333,"AOML_FBBB","27",NA,"Nitrate",7.519,NA,25.0053333333333,-80.7489666666667,NA
"7432",141348,"AOML_FBBB","28",NA,"Nitrate",8.713,NA,25.0006,-80.7843833333333,NA
"7433",141363,"AOML_FBBB","29",NA,"Nitrate",7.999,NA,24.9983,-80.8111166666667,NA
"7434",141378,"AOML_FBBB","30",NA,"Nitrate",8.592,NA,24.9760666666667,-80.8353333333333,NA
"7435",141393,"AOML_FBBB","31",NA,"Nitrate",7.671,NA,25.0107333333333,-80.8687166666667,NA
"7436",141408,"AOML_FBBB","32",NA,"Nitrate",7.136,NA,25.0114333333333,-80.9259333333333,NA
"7437",141423,"AOML_FBBB","33",NA,"Nitrate",8.086,NA,25.0544,-80.9201666666667,NA
"7438",141438,"AOML_FBBB","35",NA,"Nitrate",7.666,NA,24.9710833333333,-80.8795666666667,NA
"7439",141453,"AOML_FBBB","36",NA,"Nitrate",7.045,NA,24.9597166666667,-80.7937833333333,NA
"7440",141468,"AOML_FBBB","37",NA,"Nitrate",8.591,NA,24.9321666666667,-80.7621,NA
"7441",141483,"AOML_FBBB","38",NA,"Nitrate",7.332,NA,24.9854,-80.6979833333333,NA
"7442",141498,"AOML_FBBB","39",NA,"Nitrate",7.388,NA,25.0007666666667,-80.6472166666667,NA
"7443",141513,"AOML_FBBB","40",NA,"Nitrate",7.279,NA,25.0166666666667,-80.5985166666667,NA
"7444",141528,"AOML_FBBB","B1",NA,"Nitrate",0.004,NA,25.7420833333333,-80.183225,NA
"7445",141543,"AOML_FBBB","B10",NA,"Nitrate",0,NA,25.2974666666667,-80.3609333333333,NA
"7446",141558,"AOML_FBBB","B11",NA,"Nitrate",0,NA,25.2392,-80.3756166666667,NA
"7447",141573,"AOML_FBBB","B12",NA,"Nitrate",0.059,NA,25.2552666666667,-80.4221833333333,NA
"7448",141588,"AOML_FBBB","B13",NA,"Nitrate",0,NA,25.1760166666667,-80.4220666666667,NA
"7449",141603,"AOML_FBBB","B14",NA,"Nitrate",0,NA,25.4682333333333,-80.2139166666667,NA
"7450",141618,"AOML_FBBB","B15",NA,"Nitrate",0,NA,25.5801333333333,-80.1988833333333,NA
"7451",141633,"AOML_FBBB","B16",NA,"Nitrate",0,NA,25.6631,-80.1883166666667,NA
"7452",141648,"AOML_FBBB","B17",NA,"Nitrate",2.934,NA,25.6153166666667,-80.2972333333333,NA
"7453",141663,"AOML_FBBB","B2",NA,"Nitrate",0.674,NA,25.6911,-80.2485666666667,NA
"7454",141678,"AOML_FBBB","B3",NA,"Nitrate",4.986,NA,25.6541333333333,-80.2635,NA
"7455",141693,"AOML_FBBB","B4",NA,"Nitrate",0,NA,25.5916833333333,-80.2640333333333,NA
"7456",141708,"AOML_FBBB","B5",NA,"Nitrate",11.142,NA,25.5301666666667,-80.3141666666667,NA
"7457",141723,"AOML_FBBB","B6",NA,"Nitrate",0,NA,25.4920166666667,-80.2522,NA
"7458",141738,"AOML_FBBB","B7",NA,"Nitrate",0,NA,25.4627166666667,-80.3235,NA
"7459",141753,"AOML_FBBB","B8",NA,"Nitrate",0.133,NA,25.4057,-80.2431833333333,NA
"7460",141768,"AOML_FBBB","B9",NA,"Nitrate",0,NA,25.3338166666667,-80.3209833333333,NA
"7461",141783,"AOML_FBBB","1",NA,"Nitrate",4.73,NA,25.1843166666667,-80.495,NA
"7462",141798,"AOML_FBBB","2",NA,"Nitrate",1.938,NA,25.1676,-80.5617,NA
"7463",141813,"AOML_FBBB","3",NA,"Nitrate",1.163,NA,25.1508666666667,-80.6197833333333,NA
"7464",141828,"AOML_FBBB","4",NA,"Nitrate",0,NA,25.1325,-80.6792,NA
"7465",141843,"AOML_FBBB","5",NA,"Nitrate",0,NA,25.1159833333333,-80.7189,NA
"7466",141858,"AOML_FBBB","6",NA,"Nitrate",0,NA,25.0701666666667,-80.7592166666667,NA
"7467",141873,"AOML_FBBB","7",NA,"Nitrate",0,NA,25.1166166666667,-80.7932,NA
"7468",141888,"AOML_FBBB","8",NA,"Nitrate",0,NA,25.1277166666667,-80.8637666666667,NA
"7469",141903,"AOML_FBBB","9",NA,"Nitrate",0,NA,25.1267,-80.9054833333333,NA
"7470",141918,"AOML_FBBB","10",NA,"Nitrate",0.046,NA,25.1117666666667,-80.9957,NA
"7471",141933,"AOML_FBBB","11",NA,"Nitrate",0,NA,25.0751166666667,-80.9998833333333,NA
"7472",141948,"AOML_FBBB","12",NA,"Nitrate",0,NA,25.1154666666667,-81.0655333333333,NA
"7473",141963,"AOML_FBBB","13",NA,"Nitrate",0,NA,25.1127166666667,-81.0958166666667,NA
"7474",141978,"AOML_FBBB","14",NA,"Nitrate",0,NA,25.0367166666667,-81.0280666666667,NA
"7475",141993,"AOML_FBBB","15",NA,"Nitrate",0,NA,24.9313,-80.9487,NA
"7476",142008,"AOML_FBBB","16",NA,"Nitrate",0,NA,24.8752166666667,-80.8307166666667,NA
"7477",142023,"AOML_FBBB","17",NA,"Nitrate",0,NA,24.9221666666667,-80.7088666666667,NA
"7478",142038,"AOML_FBBB","18",NA,"Nitrate",0.781,NA,24.9778333333333,-80.6108666666667,NA
"7479",142053,"AOML_FBBB","19",NA,"Nitrate",0.039,NA,25.0193,-80.5485833333333,NA
"7480",142068,"AOML_FBBB","20",NA,"Nitrate",0.474,NA,25.0670333333333,-80.4924333333333,NA
"7481",142083,"AOML_FBBB","34",NA,"Nitrate",0,NA,24.9884833333333,-80.9562666666667,NA
"7482",142098,"AOML_FBBB","21",NA,"Nitrate",2.004,NA,25.113,-80.5148833333333,NA
"7483",142113,"AOML_FBBB","22",NA,"Nitrate",1.729,NA,25.1003666666667,-80.6037833333333,NA
"7484",142128,"AOML_FBBB","23",NA,"Nitrate",0,NA,25.0559833333333,-80.6244333333333,NA
"7485",142143,"AOML_FBBB","24",NA,"Nitrate",0,NA,25.0635166666667,-80.6667666666667,NA
"7486",142158,"AOML_FBBB","25",NA,"Nitrate",0,NA,25.0602833333333,-80.7180833333333,NA
"7487",142173,"AOML_FBBB","26",NA,"Nitrate",0,NA,25.0240666666667,-80.7218166666667,NA
"7488",142188,"AOML_FBBB","27",NA,"Nitrate",0,NA,25.0055833333333,-80.749,NA
"7489",142203,"AOML_FBBB","28",NA,"Nitrate",0,NA,25.0007,-80.7849166666667,NA
"7490",142218,"AOML_FBBB","29",NA,"Nitrate",0,NA,24.9984,-80.8112,NA
"7491",142233,"AOML_FBBB","30",NA,"Nitrate",0,NA,24.9758333333333,-80.8361166666667,NA
"7492",142248,"AOML_FBBB","31",NA,"Nitrate",0.038,NA,25.0111,-80.8686666666667,NA
"7493",142263,"AOML_FBBB","32",NA,"Nitrate",0,NA,25.012,-80.9257833333333,NA
"7494",142278,"AOML_FBBB","33",NA,"Nitrate",0,NA,25.0542166666667,-80.9197,NA
"7495",142293,"AOML_FBBB","35",NA,"Nitrate",0,NA,24.9718833333333,-80.8793166666667,NA
"7496",142308,"AOML_FBBB","36",NA,"Nitrate",0,NA,24.9595666666667,-80.7928,NA
"7497",142323,"AOML_FBBB","37",NA,"Nitrate",0,NA,24.9325166666667,-80.7610833333333,NA
"7498",142338,"AOML_FBBB","38",NA,"Nitrate",0.003,NA,24.9857166666667,-80.6973333333333,NA
"7499",142353,"AOML_FBBB","39",NA,"Nitrate",0,NA,25.0078833333333,-80.6465833333333,NA
"7500",142368,"AOML_FBBB","40",NA,"Nitrate",0.053,NA,25.0174333333333,-80.5982666666667,NA
"7501",142383,"AOML_FBBB","1",NA,"Nitrate",7.363,NA,25.185,-80.4971333333333,NA
"7502",142398,"AOML_FBBB","2",NA,"Nitrate",3.219,NA,25.168,-80.562,NA
"7503",142413,"AOML_FBBB","3",NA,"Nitrate",1.447,NA,25.1501166666667,-80.6164,NA
"7504",142428,"AOML_FBBB","B1",NA,"Nitrate",2.438,NA,25.7398166666667,-80.1834166666667,NA
"7505",142443,"AOML_FBBB","B10",NA,"Nitrate",0.673,NA,25.2970333333333,-80.3621666666667,NA
"7506",142458,"AOML_FBBB","B11",NA,"Nitrate",1.296,NA,25.2383166666667,-80.3760833333333,NA
"7507",142473,"AOML_FBBB","B12",NA,"Nitrate",1.401,NA,25.2552166666667,-80.4225666666667,NA
"7508",142488,"AOML_FBBB","B13",NA,"Nitrate",1.1,NA,25.1765666666667,-80.423655,NA
"7509",142503,"AOML_FBBB","B14",NA,"Nitrate",1.077,NA,25.4678833333333,-80.2137,NA
"7510",142518,"AOML_FBBB","B15",NA,"Nitrate",1.035,NA,25.5802166666667,-80.1980666666667,NA
"7511",142533,"AOML_FBBB","B16",NA,"Nitrate",1.323,NA,25.6619166666667,-80.1863833333333,NA
"7512",142548,"AOML_FBBB","B17",NA,"Nitrate",1.066,NA,25.6152833333333,-80.2904333333333,NA
"7513",142563,"AOML_FBBB","B2",NA,"Nitrate",2.096,NA,25.6902833333333,-80.2479333333333,NA
"7514",142578,"AOML_FBBB","B3",NA,"Nitrate",0.674,NA,25.6544333333333,-80.2634166666667,NA
"7515",142593,"AOML_FBBB","B4",NA,"Nitrate",0.454,NA,25.5912333333333,-80.2634,NA
"7516",142608,"AOML_FBBB","B5",NA,"Nitrate",0.272,NA,25.5299,-80.3142666666667,NA
"7517",142623,"AOML_FBBB","B6",NA,"Nitrate",0.405,NA,25.49255,-80.2518833333333,NA
"7518",142638,"AOML_FBBB","B7",NA,"Nitrate",1.426,NA,25.463,-80.3256166666667,NA
"7519",142653,"AOML_FBBB","B8",NA,"Nitrate",1.7,NA,25.4049666666667,-80.2434666666667,NA
"7520",142668,"AOML_FBBB","B9",NA,"Nitrate",20.491,NA,25.3328333333333,-80.3209,NA
"7521",142683,"AOML_FBBB","4",NA,"Nitrate",1.18,NA,25.1321166666667,-80.6800833333333,NA
"7522",142698,"AOML_FBBB","5",NA,"Nitrate",1.183,NA,25.1156166666667,-80.7193833333333,NA
"7523",142713,"AOML_FBBB","6",NA,"Nitrate",1.027,NA,25.07,-80.7588833333333,NA
"7524",142728,"AOML_FBBB","7",NA,"Nitrate",1.042,NA,25.1167333333333,-80.7937333333333,NA
"7525",142743,"AOML_FBBB","8",NA,"Nitrate",0.952,NA,25.1279166666667,-80.8639833333333,NA
"7526",142758,"AOML_FBBB","9",NA,"Nitrate",1.324,NA,25.1268833333333,-80.9054833333333,NA
"7527",142773,"AOML_FBBB","10",NA,"Nitrate",0.828,NA,25.112,-80.9925333333333,NA
"7528",142788,"AOML_FBBB","11",NA,"Nitrate",1.012,NA,25.0745166666667,-81.0002333333333,NA
"7529",142803,"AOML_FBBB","12",NA,"Nitrate",1.215,NA,25.113,-81.0664833333333,NA
"7530",142818,"AOML_FBBB","13",NA,"Nitrate",0.964,NA,25.11175,-81.0966333333333,NA
"7531",142833,"AOML_FBBB","14",NA,"Nitrate",0,NA,25.0322333333333,-81.0283166666667,NA
"7532",142848,"AOML_FBBB","15",NA,"Nitrate",0.829,NA,24.9306666666667,-80.9479666666667,NA
"7533",142863,"AOML_FBBB","16",NA,"Nitrate",0.89,NA,24.8749166666667,-80.8306666666667,NA
"7534",142878,"AOML_FBBB","17",NA,"Nitrate",1.095,NA,24.9223666666667,-80.7105666666667,NA
"7535",142893,"AOML_FBBB","18",NA,"Nitrate",1.124,NA,24.9775333333333,-80.6111666666667,NA
"7536",142908,"AOML_FBBB","19",NA,"Nitrate",1.032,NA,25.0192666666667,-80.5489333333333,NA
"7537",142923,"AOML_FBBB","20",NA,"Nitrate",1.166,NA,25.0666666666667,-80.4927666666667,NA
"7538",142938,"AOML_FBBB","34",NA,"Nitrate",0.97,NA,24.9884833333333,-80.9555,NA
"7539",142953,"AOML_FBBB","36",NA,"Nitrate",0.767,NA,24.9594333333333,-80.7936666666667,NA
"7540",142968,"AOML_FBBB","37",NA,"Nitrate",0.9,NA,24.9323166666667,-80.7611333333333,NA
"7541",142983,"AOML_FBBB","21",NA,"Nitrate",2.532,NA,25.1128333333333,-80.5146666666667,NA
"7542",142998,"AOML_FBBB","22",NA,"Nitrate",0.544,NA,25.0999666666667,-80.6036666666667,NA
"7543",143013,"AOML_FBBB","23",NA,"Nitrate",1.331,NA,25.0556166666667,-80.6243,NA
"7544",143028,"AOML_FBBB","24",NA,"Nitrate",1.6,NA,25.0636333333333,-80.6666666666667,NA
"7545",143043,"AOML_FBBB","25",NA,"Nitrate",1.673,NA,25.0601666666667,-80.7169333333333,NA
"7546",143058,"AOML_FBBB","26",NA,"Nitrate",1.131,NA,25.0242833333333,-80.7218666666667,NA
"7547",143073,"AOML_FBBB","27",NA,"Nitrate",1.066,NA,25.0059333333333,-80.7497,NA
"7548",143088,"AOML_FBBB","28",NA,"Nitrate",0.955,NA,25.0010666666667,-80.7850166666667,NA
"7549",143103,"AOML_FBBB","29",NA,"Nitrate",1.002,NA,24.9985833333333,-80.8112666666667,NA
"7550",143118,"AOML_FBBB","30",NA,"Nitrate",0.976,NA,24.9756666666667,-80.8354166666667,NA
"7551",143133,"AOML_FBBB","31",NA,"Nitrate",0.941,NA,25.0112666666667,-80.8695666666667,NA
"7552",143148,"AOML_FBBB","32",NA,"Nitrate",0.988,NA,25.0122833333333,-80.9255666666667,NA
"7553",143163,"AOML_FBBB","33",NA,"Nitrate",1.013,NA,25.0542333333333,-80.9199666666667,NA
"7554",143178,"AOML_FBBB","35",NA,"Nitrate",0.897,NA,24.9714,-80.8785333333333,NA
"7555",143193,"AOML_FBBB","38",NA,"Nitrate",0.83,NA,24.9860833333333,-80.6972333333333,NA
"7556",143208,"AOML_FBBB","39",NA,"Nitrate",0.898,NA,25.0079,-80.6463166666667,NA
"7557",143223,"AOML_FBBB","40",NA,"Nitrate",0.889,NA,25.0170333333333,-80.5982166666667,NA
"7558",143238,"AOML_FBBB","B1",NA,"Nitrate",1.629,NA,25.7396333333333,-80.1829666666667,NA
"7559",143253,"AOML_FBBB","B10",NA,"Nitrate",1.62,NA,25.2976333333333,-80.3613666666667,NA
"7560",143268,"AOML_FBBB","B11",NA,"Nitrate",1.542,NA,25.2390666666667,-80.3757666666667,NA
"7561",143283,"AOML_FBBB","B12",NA,"Nitrate",1.811,NA,25.256,-80.4215,NA
"7562",143298,"AOML_FBBB","B13",NA,"Nitrate",1.645,NA,25.1761833333333,-80.4231833333333,NA
"7563",143313,"AOML_FBBB","B14",NA,"Nitrate",1.34,NA,25.4688833333333,-80.2123333333333,NA
"7564",143328,"AOML_FBBB","B15",NA,"Nitrate",0,NA,25.5807333333333,-80.1979166666667,NA
"7565",143343,"AOML_FBBB","B16",NA,"Nitrate",1.611,NA,25.6624833333333,-80.1863833333333,NA
"7566",143358,"AOML_FBBB","B17",NA,"Nitrate",1.675,NA,25.6154666666667,-80.2897,NA
"7567",143373,"AOML_FBBB","B2",NA,"Nitrate",2.467,NA,25.6907833333333,-80.2477333333333,NA
"7568",143388,"AOML_FBBB","B3",NA,"Nitrate",3.703,NA,25.6543666666667,-80.2630166666667,NA
"7569",143403,"AOML_FBBB","B4",NA,"Nitrate",2.594,NA,25.5924333333333,-80.2632666666667,NA
"7570",143418,"AOML_FBBB","B5",NA,"Nitrate",21.844,NA,25.53,-80.314,NA
"7571",143433,"AOML_FBBB","B6",NA,"Nitrate",3.771,NA,25.4930166666667,-80.2510833333333,NA
"7572",143448,"AOML_FBBB","B7",NA,"Nitrate",1.232,NA,25.4629666666667,-80.3250166666667,NA
"7573",143463,"AOML_FBBB","B8",NA,"Nitrate",1.523,NA,25.4049166666667,-80.2427,NA
"7574",143478,"AOML_FBBB","B9",NA,"Nitrate",1.63,NA,25.3335833333333,-80.3205666666667,NA
"7575",143493,"AOML_FBBB","1",NA,"Nitrate",6.479,NA,25.1850333333333,-80.4962333333333,NA
"7576",143508,"AOML_FBBB","2",NA,"Nitrate",1.888,NA,25.168,-80.562,NA
"7577",143523,"AOML_FBBB","3",NA,"Nitrate",1.525,NA,25.1502666666667,-80.62,NA
"7578",143538,"AOML_FBBB","4",NA,"Nitrate",1.63,NA,25.1322666666667,-80.6796833333333,NA
"7579",143553,"AOML_FBBB","5",NA,"Nitrate",1.431,NA,25.1159666666667,-80.7194833333333,NA
"7580",143568,"AOML_FBBB","6",NA,"Nitrate",1.327,NA,25.0702666666667,-80.7590166666667,NA
"7581",143583,"AOML_FBBB","7",NA,"Nitrate",1.355,NA,25.1172666666667,-80.7940333333333,NA
"7582",143598,"AOML_FBBB","8",NA,"Nitrate",1.668,NA,25.1280666666667,-80.8642166666667,NA
"7583",143613,"AOML_FBBB","9",NA,"Nitrate",1.506,NA,25.1268833333333,-80.9052166666667,NA
"7584",143628,"AOML_FBBB","10",NA,"Nitrate",1.326,NA,25.1118,-80.9953666666667,NA
"7585",143643,"AOML_FBBB","11",NA,"Nitrate",0.01,NA,25.0744,-80.9997333333333,NA
"7586",143658,"AOML_FBBB","12",NA,"Nitrate",1.62,NA,25.1131,-81.0655166666667,NA
"7587",143673,"AOML_FBBB","13",NA,"Nitrate",1.386,NA,25.1126166666667,-81.0961166666667,NA
"7588",143688,"AOML_FBBB","14",NA,"Nitrate",1.461,NA,25.0338666666667,-81.0277,NA
"7589",143703,"AOML_FBBB","15",NA,"Nitrate",1.07,NA,24.9312833333333,-80.9484166666667,NA
"7590",143718,"AOML_FBBB","16",NA,"Nitrate",1.556,NA,24.8752333333333,-80.8306666666667,NA
"7591",143733,"AOML_FBBB","17",NA,"Nitrate",2.008,NA,24.9225166666667,-80.7089666666667,NA
"7592",143748,"AOML_FBBB","18",NA,"Nitrate",3.196,NA,24.9777166666667,-80.6114833333333,NA
"7593",143763,"AOML_FBBB","19",NA,"Nitrate",1.753,NA,25.0188333333333,-80.5486833333333,NA
"7594",143778,"AOML_FBBB","20",NA,"Nitrate",2.809,NA,25.0670833333333,-80.4927666666667,NA
"7595",143793,"AOML_FBBB","34",NA,"Nitrate",1.08,NA,24.9887,-80.9557,NA
"7596",143808,"AOML_FBBB","36",NA,"Nitrate",2.25,NA,24.9601833333333,-80.7938,NA
"7597",143823,"AOML_FBBB","37",NA,"Nitrate",1.429,NA,24.9324166666667,-80.7612,NA
"7598",143838,"AOML_FBBB","21",NA,"Nitrate",3.211,NA,25.1127833333333,-80.5154166666667,NA
"7599",143853,"AOML_FBBB","22",NA,"Nitrate",2.666,NA,25.0997666666667,-80.6041,NA
"7600",143868,"AOML_FBBB","23",NA,"Nitrate",1.554,NA,25.0554833333333,-80.6246,NA
"7601",143883,"AOML_FBBB","24",NA,"Nitrate",2.043,NA,25.0632666666667,-80.6670666666667,NA
"7602",143898,"AOML_FBBB","25",NA,"Nitrate",1.605,NA,25.0600833333333,-80.7172166666667,NA
"7603",143913,"AOML_FBBB","26",NA,"Nitrate",1.533,NA,25.0238666666667,-80.7223833333333,NA
"7604",143928,"AOML_FBBB","27",NA,"Nitrate",1.533,NA,25.0059333333333,-80.7494333333333,NA
"7605",143943,"AOML_FBBB","28",NA,"Nitrate",1.356,NA,25.0006833333333,-80.7856,NA
"7606",143958,"AOML_FBBB","29",NA,"Nitrate",1.506,NA,24.9983833333333,-80.8123,NA
"7607",143973,"AOML_FBBB","30",NA,"Nitrate",1.646,NA,24.9757166666667,-80.8359666666667,NA
"7608",143988,"AOML_FBBB","31",NA,"Nitrate",1.095,NA,25.0111166666667,-80.8698166666667,NA
"7609",144003,"AOML_FBBB","32",NA,"Nitrate",1.429,NA,25.0115833333333,-80.9260166666667,NA
"7610",144018,"AOML_FBBB","33",NA,"Nitrate",1.578,NA,25.0542,-80.9201833333333,NA
"7611",144033,"AOML_FBBB","35",NA,"Nitrate",1.033,NA,24.9713166666667,-80.8794833333333,NA
"7612",144048,"AOML_FBBB","38",NA,"Nitrate",2.106,NA,24.9861,-80.6977666666667,NA
"7613",144063,"AOML_FBBB","39",NA,"Nitrate",2.036,NA,25.008,-80.647,NA
"7614",144078,"AOML_FBBB","40",NA,"Nitrate",1.799,NA,25.0170166666667,-80.5987666666667,NA
"7615",144093,"AOML_FBBB","B1",NA,"Nitrate",2.225,NA,25.7382333333333,-80.1796,NA
"7616",144108,"AOML_FBBB","B10",NA,"Nitrate",1.672,NA,25.2972333333333,-80.3616666666667,NA
"7617",144123,"AOML_FBBB","B11",NA,"Nitrate",1.816,NA,25.2386833333333,-80.3761,NA
"7618",144138,"AOML_FBBB","B12",NA,"Nitrate",1.502,NA,25.2550166666667,-80.4226666666667,NA
"7619",144153,"AOML_FBBB","B14",NA,"Nitrate",1.326,NA,25.4672833333333,-80.2136333333333,NA
"7620",144168,"AOML_FBBB","B15",NA,"Nitrate",1.274,NA,25.5803333333333,-80.198,NA
"7621",144183,"AOML_FBBB","B16",NA,"Nitrate",1.634,NA,25.6618666666667,-80.1869833333333,NA
"7622",144198,"AOML_FBBB","B17",NA,"Nitrate",1.163,NA,25.6152166666667,-80.2903166666667,NA
"7623",144213,"AOML_FBBB","B2",NA,"Nitrate",4.429,NA,25.6901333333333,-80.2481333333333,NA
"7624",144228,"AOML_FBBB","B3",NA,"Nitrate",3.413,NA,25.6543333333333,-80.2629166666667,NA
"7625",144243,"AOML_FBBB","B4",NA,"Nitrate",1.575,NA,25.5912166666667,-80.2629666666667,NA
"7626",144258,"AOML_FBBB","B5",NA,"Nitrate",0.968,NA,25.5303,-80.3145666666667,NA
"7627",144273,"AOML_FBBB","B6",NA,"Nitrate",1.994,NA,25.4926,-80.2519833333333,NA
"7628",144288,"AOML_FBBB","B7",NA,"Nitrate",24.699,NA,25.4631,-80.3252666666667,NA
"7629",144303,"AOML_FBBB","B8",NA,"Nitrate",4.62,NA,25.405,-80.2432666666667,NA
"7630",144318,"AOML_FBBB","B9",NA,"Nitrate",3.325,NA,25.3330833333333,-80.3213166666667,NA
"7631",144333,"AOML_FBBB","1",NA,"Nitrate",2.534,NA,25.1846,-80.4965166666667,NA
"7632",144348,"AOML_FBBB","2",NA,"Nitrate",0.997,NA,25.1674833333333,-80.5615666666667,NA
"7633",144363,"AOML_FBBB","3",NA,"Nitrate",0.841,NA,25.1500833333333,-80.6208166666667,NA
"7634",144378,"AOML_FBBB","4",NA,"Nitrate",0.814,NA,25.1322166666667,-80.6798666666667,NA
"7635",144393,"AOML_FBBB","5",NA,"Nitrate",0.74,NA,25.1157,-80.7194,NA
"7636",144408,"AOML_FBBB","7",NA,"Nitrate",0.823,NA,25.1174666666667,-80.7943333333333,NA
"7637",144423,"AOML_FBBB","8",NA,"Nitrate",0.853,NA,25.1268666666667,-80.8643833333333,NA
"7638",144438,"AOML_FBBB","9",NA,"Nitrate",1.201,NA,25.1269333333333,-80.9054833333333,NA
"7639",144453,"AOML_FBBB","10",NA,"Nitrate",1.033,NA,25.1118833333333,-80.9953,NA
"7640",144468,"AOML_FBBB","11",NA,"Nitrate",0.637,NA,25.0740833333333,-80.9998,NA
"7641",144483,"AOML_FBBB","12",NA,"Nitrate",2.259,NA,25.1130666666667,-81.0658333333333,NA
"7642",144498,"AOML_FBBB","13",NA,"Nitrate",1.076,NA,25.1120166666667,-81.0960333333333,NA
"7643",144513,"AOML_FBBB","14",NA,"Nitrate",0.906,NA,25.0336,-81.0273666666667,NA
"7644",144528,"AOML_FBBB","15",NA,"Nitrate",0.104,NA,24.9311,-80.9482833333333,NA
"7645",144543,"AOML_FBBB","16",NA,"Nitrate",0.126,NA,24.8752333333333,-80.8301333333333,NA
"7646",144558,"AOML_FBBB","17",NA,"Nitrate",0.923,NA,24.9225166666667,-80.7088333333333,NA
"7647",144573,"AOML_FBBB","18",NA,"Nitrate",1.223,NA,24.9774833333333,-80.6119,NA
"7648",144588,"AOML_FBBB","19",NA,"Nitrate",0.741,NA,25.0191166666667,-80.5490666666667,NA
"7649",144603,"AOML_FBBB","20",NA,"Nitrate",1.143,NA,25.0671666666667,-80.4927166666667,NA
"7650",144618,"AOML_FBBB","34",NA,"Nitrate",0.613,NA,24.9881833333333,-80.9551,NA
"7651",144633,"AOML_FBBB","36",NA,"Nitrate",0.587,NA,24.9593666666667,-80.7937666666667,NA
"7652",144648,"AOML_FBBB","37",NA,"Nitrate",0.6555,NA,24.9320833333333,-80.7614666666667,NA
"7653",144663,"AOML_FBBB","B13",NA,"Nitrate",1.872,NA,25.1759833333333,-80.4239166666667,NA
"7654",144678,"AOML_FBBB","21",NA,"Nitrate",1.344,NA,25.1128,-80.5152333333333,NA
"7655",144693,"AOML_FBBB","22",NA,"Nitrate",1.554,NA,25.0997166666667,-80.6038833333333,NA
"7656",144708,"AOML_FBBB","23",NA,"Nitrate",0.497,NA,25.0553333333333,-80.6244,NA
"7657",144723,"AOML_FBBB","24",NA,"Nitrate",0.804,NA,25.0633833333333,-80.6671333333333,NA
"7658",144738,"AOML_FBBB","25",NA,"Nitrate",0.415,NA,25.0597833333333,-80.7172333333333,NA
"7659",144753,"AOML_FBBB","29",NA,"Nitrate",0.568,NA,24.9984,-80.8121,NA
"7660",144768,"AOML_FBBB","30",NA,"Nitrate",0.656,NA,24.9757333333333,-80.8361,NA
"7661",144783,"AOML_FBBB","31",NA,"Nitrate",0.559,NA,25.0108833333333,-80.8692,NA
"7662",144798,"AOML_FBBB","32",NA,"Nitrate",0.446,NA,25.0120666666667,-80.9256833333333,NA
"7663",144813,"AOML_FBBB","33",NA,"Nitrate",0.406,NA,25.0543666666667,-80.9198333333333,NA
"7664",144828,"AOML_FBBB","35",NA,"Nitrate",0,NA,24.9712833333333,-80.8792166666667,NA
"7665",144843,"AOML_FBBB","38",NA,"Nitrate",0.713,NA,24.9856166666667,-80.6979833333333,NA
"7666",144858,"AOML_FBBB","39",NA,"Nitrate",0,NA,25.0077333333333,-80.6470666666667,NA
"7667",144873,"AOML_FBBB","40",NA,"Nitrate",0.419,NA,25.0173833333333,-80.5989833333333,NA
"7668",144888,"AOML_FBBB","B1",NA,"Nitrate",0,NA,25.7400666666667,-80.1822666666667,NA
"7669",144903,"AOML_FBBB","B10",NA,"Nitrate",1.419,NA,25.2975833333333,-80.3610166666667,NA
"7670",144918,"AOML_FBBB","B11",NA,"Nitrate",1.187,NA,25.2392666666667,-80.3753,NA
"7671",144933,"AOML_FBBB","B12",NA,"Nitrate",1.15,NA,25.256,-80.4218666666667,NA
"7672",144948,"AOML_FBBB","B13",NA,"Nitrate",1.172,NA,25.1762333333333,-80.4225833333333,NA
"7673",144963,"AOML_FBBB","B14",NA,"Nitrate",NA,NA,25.4696666666667,-80.213,NA
"7674",144978,"AOML_FBBB","B15",NA,"Nitrate",1.105,NA,25.5803333333333,-80.1979166666667,NA
"7675",144993,"AOML_FBBB","B16",NA,"Nitrate",1.221,NA,25.6620166666667,-80.1863333333333,NA
"7676",145008,"AOML_FBBB","B17",NA,"Nitrate",1.151,NA,25.6153333333333,-80.2896,NA
"7677",145023,"AOML_FBBB","B2",NA,"Nitrate",2.781,NA,25.6904333333333,-80.2472333333333,NA
"7678",145038,"AOML_FBBB","B3",NA,"Nitrate",1.79,NA,25.6546666666667,-80.2627666666667,NA
"7679",145053,"AOML_FBBB","B4",NA,"Nitrate",1.346,NA,25.5916333333333,-80.2631,NA
"7680",145068,"AOML_FBBB","B5",NA,"Nitrate",5.575,NA,25.5331166666667,-80.3133833333333,NA
"7681",145083,"AOML_FBBB","B6",NA,"Nitrate",1.367,NA,25.4931333333333,-80.2512833333333,NA
"7682",145098,"AOML_FBBB","B7",NA,"Nitrate",1.16,NA,25.4632333333333,-80.3251666666667,NA
"7683",145113,"AOML_FBBB","B8",NA,"Nitrate",1.395,NA,25.4051666666667,-80.2431333333333,NA
"7684",145128,"AOML_FBBB","B9",NA,"Nitrate",1.108,NA,25.3336333333333,-80.3206333333333,NA
"7685",145143,"AOML_FBBB","1",NA,"Nitrate",3.5,NA,25.1844166666667,-80.4965166666667,NA
"7686",145158,"AOML_FBBB","2",NA,"Nitrate",1.14,NA,25.1673333333333,-80.5621166666667,NA
"7687",145173,"AOML_FBBB","3",NA,"Nitrate",1.248,NA,25.1501,-80.6205833333333,NA
"7688",145188,"AOML_FBBB","4",NA,"Nitrate",0.885,NA,25.1321166666667,-80.6800833333333,NA
"7689",145203,"AOML_FBBB","5",NA,"Nitrate",1.052,NA,25.1156333333333,-80.7196666666667,NA
"7690",145218,"AOML_FBBB","6",NA,"Nitrate",0.954,NA,25.0697666666667,-80.7597666666667,NA
"7691",145233,"AOML_FBBB","7",NA,"Nitrate",0.995,NA,25.1171833333333,-80.7943833333333,NA
"7692",145248,"AOML_FBBB","8",NA,"Nitrate",0,NA,25.1285666666667,-80.8641333333333,NA
"7693",145263,"AOML_FBBB","9",NA,"Nitrate",1.393,NA,25.1269833333333,-80.9059166666667,NA
"7694",145278,"AOML_FBBB","10",NA,"Nitrate",0.954,NA,25.1118166666667,-80.9959333333333,NA
"7695",145293,"AOML_FBBB","11",NA,"Nitrate",0.897,NA,25.0744333333333,-81.0004166666667,NA
"7696",145308,"AOML_FBBB","12",NA,"Nitrate",0.841,NA,25.1131333333333,-81.06575,NA
"7697",145323,"AOML_FBBB","13",NA,"Nitrate",0.863,NA,25.1129166666667,-81.0964,NA
"7698",145338,"AOML_FBBB","14",NA,"Nitrate",0.948,NA,25.0338833333333,-81.0286833333333,NA
"7699",145353,"AOML_FBBB","15",NA,"Nitrate",0.839,NA,24.9316,-80.9491666666667,NA
"7700",145368,"AOML_FBBB","16",NA,"Nitrate",0.886,NA,24.8748666666667,-80.8314333333333,NA
"7701",145383,"AOML_FBBB","17",NA,"Nitrate",0.346,NA,24.9227016666667,-80.7097166666667,NA
"7702",145398,"AOML_FBBB","18",NA,"Nitrate",0.677,NA,24.9787833333333,-80.6118333333333,NA
"7703",145413,"AOML_FBBB","19",NA,"Nitrate",0.437,NA,25.0195166666667,-80.5494666666667,NA
"7704",145428,"AOML_FBBB","20",NA,"Nitrate",0.667,NA,25.0664833333333,-80.4928666666667,NA
"7705",145443,"AOML_FBBB","34",NA,"Nitrate",1.317,NA,24.9882833333333,-80.9568333333333,NA
"7706",145458,"AOML_FBBB","36",NA,"Nitrate",0.223,NA,24.9598166666667,-80.7941666666667,NA
"7707",145473,"AOML_FBBB","21",NA,"Nitrate",0.9195,NA,25.1127666666667,-80.5151166666667,NA
"7708",145488,"AOML_FBBB","22",NA,"Nitrate",1.14,NA,25.0998833333333,-80.6043666666667,NA
"7709",145503,"AOML_FBBB","23",NA,"Nitrate",0.254,NA,25.0558333333333,-80.6248166666667,NA
"7710",145518,"AOML_FBBB","24",NA,"Nitrate",0.385,NA,25.0634666666667,-80.667,NA
"7711",145533,"AOML_FBBB","25",NA,"Nitrate",0.199,NA,25.0600166666667,-80.7175833333333,NA
"7712",145548,"AOML_FBBB","26",NA,"Nitrate",0.287,NA,25.024,-80.7225,NA
"7713",145563,"AOML_FBBB","27",NA,"Nitrate",0.196,NA,25.00595,-80.7499166666667,NA
"7714",145578,"AOML_FBBB","28",NA,"Nitrate",0.127,NA,25.0005,-80.7857,NA
"7715",145593,"AOML_FBBB","29",NA,"Nitrate",0.255,NA,24.9981833333333,-80.8125333333333,NA
"7716",145608,"AOML_FBBB","30",NA,"Nitrate",0.268,NA,24.9756833333333,-80.8360833333333,NA
"7717",145623,"AOML_FBBB","31",NA,"Nitrate",0.188,NA,25.0107166666667,-80.8692,NA
"7718",145638,"AOML_FBBB","32",NA,"Nitrate",0.303,NA,25.0116833333333,-80.9266,NA
"7719",145653,"AOML_FBBB","33",NA,"Nitrate",0.2215,NA,25.0546,-80.9208666666667,NA
"7720",145668,"AOML_FBBB","35",NA,"Nitrate",0.343,NA,24.9719333333333,-80.8798833333333,NA
"7721",145683,"AOML_FBBB","37",NA,"Nitrate",0.291,NA,24.9324166666667,-80.7621666666667,NA
"7722",145698,"AOML_FBBB","38",NA,"Nitrate",0.099,NA,24.9851833333333,-80.6985666666667,NA
"7723",145713,"AOML_FBBB","39",NA,"Nitrate",0.441,NA,25.0075833333333,-80.6472166666667,NA
"7724",145728,"AOML_FBBB","40",NA,"Nitrate",0.244,NA,25.0168666666667,-80.5989666666667,NA
"7725",145743,"AOML_FBBB","18",NA,"Nitrate",1.603,NA,24.9787833333333,-80.6112833333333,NA
"7726",145758,"AOML_FBBB","19",NA,"Nitrate",0.794,NA,25.0195166666667,-80.5486166666667,NA
"7727",145773,"AOML_FBBB","20",NA,"Nitrate",0.594,NA,25.0681,-80.4919,NA
"7728",145788,"AOML_FBBB","B1",NA,"Nitrate",1.32,NA,25.7396666666667,-80.1834666666667,NA
"7729",145803,"AOML_FBBB","B10",NA,"Nitrate",0.991,NA,25.2973333333333,-80.3618833333333,NA
"7730",145818,"AOML_FBBB","B11",NA,"Nitrate",1.037,NA,25.2390166666667,-80.3763333333333,NA
"7731",145833,"AOML_FBBB","B12",NA,"Nitrate",1.169,NA,25.2556833333333,-80.4228833333333,NA
"7732",145848,"AOML_FBBB","B13",NA,"Nitrate",0.567,NA,25.1758,-80.4240666666667,NA
"7733",145863,"AOML_FBBB","B14",NA,"Nitrate",1.014,NA,25.4681333333333,-80.2136833333333,NA
"7734",145878,"AOML_FBBB","B15",NA,"Nitrate",1.383,NA,25.5799333333333,-80.1987166666667,NA
"7735",145893,"AOML_FBBB","B16",NA,"Nitrate",0.373,NA,25.6624166666667,-80.1878833333333,NA
"7736",145908,"AOML_FBBB","B17",NA,"Nitrate",1.311,NA,25.6153833333333,-80.2909333333333,NA
"7737",145923,"AOML_FBBB","B2",NA,"Nitrate",0.216,NA,25.6904,-80.2482666666667,NA
"7738",145938,"AOML_FBBB","B3",NA,"Nitrate",0.166,NA,25.6544166666667,-80.26425,NA
"7739",145953,"AOML_FBBB","B4",NA,"Nitrate",0.237,NA,25.5913166666667,-80.2636833333333,NA
"7740",145968,"AOML_FBBB","B5",NA,"Nitrate",0,NA,25.5297666666667,-80.3134333333333,NA
"7741",145983,"AOML_FBBB","B6",NA,"Nitrate",1.068,NA,25.4932666666667,-80.2513,NA
"7742",145998,"AOML_FBBB","B7",NA,"Nitrate",0.048,NA,25.4631,-80.3255833333333,NA
"7743",146013,"AOML_FBBB","B8",NA,"Nitrate",1.143,NA,25.4054333333333,-80.2439166666667,NA
"7744",146028,"AOML_FBBB","B9",NA,"Nitrate",0.969,NA,25.3348,-80.3215666666667,NA
"7745",146043,"AOML_FBBB","1",NA,"Nitrate",2.8785,NA,25.1847,-80.4966166666667,NA
"7746",146058,"AOML_FBBB","2",NA,"Nitrate",0.395,NA,25.1675833333333,-80.5618,NA
"7747",146073,"AOML_FBBB","3",NA,"Nitrate",1.036,NA,25.1503666666667,-80.6209833333333,NA
"7748",146088,"AOML_FBBB","4",NA,"Nitrate",1.079,NA,25.1329666666667,-80.6796333333333,NA
"7749",146103,"AOML_FBBB","5",NA,"Nitrate",0.304,NA,25.1158166666667,-80.7194833333333,NA
"7750",146118,"AOML_FBBB","6",NA,"Nitrate",1.218,NA,25.0702833333333,-80.7580833333333,NA
"7751",146133,"AOML_FBBB","7",NA,"Nitrate",0.172,NA,25.1178166666667,-80.7945666666667,NA
"7752",146148,"AOML_FBBB","8",NA,"Nitrate",0.971,NA,25.1282,-80.8640333333333,NA
"7753",146163,"AOML_FBBB","9",NA,"Nitrate",3.118,NA,25.1270666666667,-80.9056333333333,NA
"7754",146178,"AOML_FBBB","10",NA,"Nitrate",1.075,NA,25.1121,-80.9949166666667,NA
"7755",146193,"AOML_FBBB","11",NA,"Nitrate",0.458,NA,25.0745,-80.9997833333333,NA
"7756",146208,"AOML_FBBB","12",NA,"Nitrate",1.181,NA,25.1130666666667,-81.066,NA
"7757",146223,"AOML_FBBB","13",NA,"Nitrate",1.01375,NA,25.1127333333333,-81.0961833333333,NA
"7758",146238,"AOML_FBBB","14",NA,"Nitrate",1.711,NA,25.0340333333333,-81.0277,NA
"7759",146253,"AOML_FBBB","15",NA,"Nitrate",1.084,NA,24.9309333333333,-80.9485166666667,NA
"7760",146268,"AOML_FBBB","16",NA,"Nitrate",1.481,NA,24.8751333333333,-80.8298166666667,NA
"7761",146283,"AOML_FBBB","17",NA,"Nitrate",1.367,NA,24.9222,-80.7087333333333,NA
"7762",146298,"AOML_FBBB","34",NA,"Nitrate",1.12,NA,24.9882666666667,-80.9557833333333,NA
"7763",146313,"AOML_FBBB","36",NA,"Nitrate",1.04,NA,24.96665,-80.7935833333333,NA
"7764",146328,"AOML_FBBB","37",NA,"Nitrate",1.201,NA,24.9323333333333,-80.761,NA
"7765",146343,"AOML_FBBB","21",NA,"Nitrate",1.888,NA,25.1137,-80.5144,NA
"7766",146358,"AOML_FBBB","22",NA,"Nitrate",2.546,NA,25.1000333333333,-80.6038,NA
"7767",146373,"AOML_FBBB","23",NA,"Nitrate",1.053,NA,25.0552166666667,-80.6249333333333,NA
"7768",146388,"AOML_FBBB","24",NA,"Nitrate",1.972,NA,25.0636166666667,-80.6670666666667,NA
"7769",146403,"AOML_FBBB","25",NA,"Nitrate",1.783,NA,25.0600166666667,-80.7171666666667,NA
"7770",146418,"AOML_FBBB","26",NA,"Nitrate",1.197,NA,25.0238333333333,-80.7219166666667,NA
"7771",146433,"AOML_FBBB","27",NA,"Nitrate",1.132,NA,25.0058666666667,-80.7495666666667,NA
"7772",146448,"AOML_FBBB","28",NA,"Nitrate",0.756,NA,25.0008333333333,-80.7852166666667,NA
"7773",146463,"AOML_FBBB","29",NA,"Nitrate",0.702,NA,24.9983,-80.8116833333333,NA
"7774",146478,"AOML_FBBB","30",NA,"Nitrate",0.766,NA,24.9757,-80.8358333333333,NA
"7775",146493,"AOML_FBBB","31",NA,"Nitrate",0.732,NA,25.0111833333333,-80.8689166666667,NA
"7776",146508,"AOML_FBBB","32",NA,"Nitrate",0.665,NA,25.0118833333333,-80.9266,NA
"7777",146523,"AOML_FBBB","33",NA,"Nitrate",0.786,NA,25.0539833333333,-80.9203166666667,NA
"7778",146538,"AOML_FBBB","35",NA,"Nitrate",0.897,NA,24.9709833333333,-80.8787,NA
"7779",146553,"AOML_FBBB","38",NA,"Nitrate",0.759,NA,24.9856666666667,-80.6976,NA
"7780",146568,"AOML_FBBB","39",NA,"Nitrate",0.97875,NA,25.0078333333333,-80.6466166666667,NA
"7781",146583,"AOML_FBBB","40",NA,"Nitrate",0,NA,25.0170166666667,-80.5984833333333,NA
"7782",146598,"AOML_FBBB","1",NA,"Nitrate",7.352,NA,25.1840166666667,-80.4975833333333,NA
"7783",146613,"AOML_FBBB","15",NA,"Nitrate",0.781,NA,24.9315833333333,-80.9489833333333,NA
"7784",146628,"AOML_FBBB","21",NA,"Nitrate",1.648,NA,25.1127666666667,-80.5153166666667,NA
"7785",146643,"AOML_FBBB","22",NA,"Nitrate",1.74,NA,25.0999,-80.6045166666667,NA
"7786",146658,"AOML_FBBB","23",NA,"Nitrate",1.012,NA,25.0550166666667,-80.6248166666667,NA
"7787",146673,"AOML_FBBB","24",NA,"Nitrate",0.799,NA,25.0635666666667,-80.6672666666667,NA
"7788",146688,"AOML_FBBB","25",NA,"Nitrate",0.804,NA,25.0598333333333,-80.718,NA
"7789",146703,"AOML_FBBB","26",NA,"Nitrate",0.832,NA,25.0238333333333,-80.7225333333333,NA
"7790",146718,"AOML_FBBB","27",NA,"Nitrate",0.858,NA,25.0055333333333,-80.7497166666667,NA
"7791",146733,"AOML_FBBB","28",NA,"Nitrate",0.226,NA,25.001,-80.7859333333333,NA
"7792",146748,"AOML_FBBB","29",NA,"Nitrate",0.729,NA,24.9982666666667,-80.8119166666667,NA
"7793",146763,"AOML_FBBB","30",NA,"Nitrate",1.005,NA,24.9757666666667,-80.8366666666667,NA
"7794",146778,"AOML_FBBB","31",NA,"Nitrate",0.734,NA,25.0111,-80.8695833333333,NA
"7795",146793,"AOML_FBBB","32",NA,"Nitrate",0.701,NA,25.0120833333333,-80.9264666666667,NA
"7796",146808,"AOML_FBBB","33",NA,"Nitrate",0.79,NA,25.0540833333333,-80.9207166666667,NA
"7797",146823,"AOML_FBBB","35",NA,"Nitrate",0.942,NA,24.9717666666667,-80.8800166666667,NA
"7798",146838,"AOML_FBBB","36",NA,"Nitrate",0.911,NA,24.9594166666667,-80.7936,NA
"7799",146853,"AOML_FBBB","37",NA,"Nitrate",1.166,NA,24.9317333333333,-80.7623333333333,NA
"7800",146868,"AOML_FBBB","38",NA,"Nitrate",1.003,NA,24.9857166666667,-80.6979,NA
"7801",146883,"AOML_FBBB","39",NA,"Nitrate",1.063,NA,25.0077,-80.6473333333333,NA
"7802",146898,"AOML_FBBB","40",NA,"Nitrate",0.796,NA,25.0168833333333,-80.5991,NA
"7803",146913,"AOML_FBBB","2",NA,"Nitrate",1.903,NA,25.1678,-80.5621,NA
"7804",146928,"AOML_FBBB","3",NA,"Nitrate",0.831,NA,25.1502,-80.6209,NA
"7805",146943,"AOML_FBBB","4",NA,"Nitrate",0.964,NA,25.1321,-80.68,NA
"7806",146958,"AOML_FBBB","5",NA,"Nitrate",1.006,NA,25.1153,-80.7199,NA
"7807",146973,"AOML_FBBB","6",NA,"Nitrate",0.928,NA,25.0701,-80.7587,NA
"7808",146988,"AOML_FBBB","7",NA,"Nitrate",0.925,NA,25.1176,-80.7945,NA
"7809",147003,"AOML_FBBB","8",NA,"Nitrate",0,NA,25.1282,-80.8643,NA
"7810",147018,"AOML_FBBB","9",NA,"Nitrate",1.705,NA,25.1272,-80.9052,NA
"7811",147033,"AOML_FBBB","10",NA,"Nitrate",0.869,NA,25.1117,-80.9955,NA
"7812",147048,"AOML_FBBB","11",NA,"Nitrate",0.765,NA,25.0745,-81.0003,NA
"7813",147063,"AOML_FBBB","12",NA,"Nitrate",0.87,NA,25.1131,-81.0664,NA
"7814",147078,"AOML_FBBB","13",NA,"Nitrate",0.848,NA,25.1129,-81.0963,NA
"7815",147093,"AOML_FBBB","14",NA,"Nitrate",0.76,NA,25.0341,-81.0283,NA
"7816",147108,"AOML_FBBB","16",NA,"Nitrate",0.758,NA,24.8748,-80.8308,NA
"7817",147123,"AOML_FBBB","17",NA,"Nitrate",0.826,NA,24.9218,-80.7095,NA
"7818",147138,"AOML_FBBB","18",NA,"Nitrate",0.597,NA,24.9776,-80.6116,NA
"7819",147153,"AOML_FBBB","19",NA,"Nitrate",0.881,NA,25.0192,-80.5489,NA
"7820",147168,"AOML_FBBB","20",NA,"Nitrate",0.852,NA,25.0675,-80.4928,NA
"7821",147183,"AOML_FBBB","34",NA,"Nitrate",0.75,NA,24.9882,-80.9558,NA
"7822",147198,"AOML_FBBB","B1",NA,"Nitrate",0,NA,25.739,-80.1837,NA
"7823",147213,"AOML_FBBB","B10",NA,"Nitrate",1.126,NA,25.2971,-80.362,NA
"7824",147228,"AOML_FBBB","B11",NA,"Nitrate",0.767,NA,25.2379,-80.3768,NA
"7825",147243,"AOML_FBBB","B12",NA,"Nitrate",1.042,NA,25.2551,-80.423,NA
"7826",147258,"AOML_FBBB","B13",NA,"Nitrate",0.817,NA,25.1756,-80.4234,NA
"7827",147273,"AOML_FBBB","B14",NA,"Nitrate",0.86,NA,25.4677,-80.2142,NA
"7828",147288,"AOML_FBBB","B15",NA,"Nitrate",0.865,NA,25.5801,-80.1986,NA
"7829",147303,"AOML_FBBB","B16",NA,"Nitrate",1.193,NA,25.6618,-80.1878,NA
"7830",147318,"AOML_FBBB","B17",NA,"Nitrate",1.052,NA,25.6151,-80.2903,NA
"7831",147333,"AOML_FBBB","B2",NA,"Nitrate",1.664,NA,25.6901,-80.2487,NA
"7832",147348,"AOML_FBBB","B3",NA,"Nitrate",1.015,NA,25.6545,-80.2643,NA
"7833",147363,"AOML_FBBB","B4",NA,"Nitrate",0.938,NA,25.5918,-80.2645,NA
"7834",147378,"AOML_FBBB","B5",NA,"Nitrate",0.892,NA,25.5299,-80.3138,NA
"7835",147393,"AOML_FBBB","B6",NA,"Nitrate",0.967,NA,25.4921,-80.2526,NA
"7836",147408,"AOML_FBBB","B7",NA,"Nitrate",1.089,NA,25.4632,-80.326,NA
"7837",147423,"AOML_FBBB","B8",NA,"Nitrate",0.978,NA,25.4051,-80.244,NA
"7838",147438,"AOML_FBBB","B9",NA,"Nitrate",0.953,NA,25.3336,-80.3222,NA
"7839",147453,"AOML_FBBB","B1",NA,"Nitrate",1.777,NA,25.7389833333333,-80.1836666666667,NA
"7840",147468,"AOML_FBBB","B10",NA,"Nitrate",1.323,NA,25.297,-80.3620833333333,NA
"7841",147483,"AOML_FBBB","B11",NA,"Nitrate",1.358,NA,25.2387,-80.3763833333333,NA
"7842",147498,"AOML_FBBB","B12",NA,"Nitrate",1.311,NA,25.2554833333333,-80.4233,NA
"7843",147513,"AOML_FBBB","B13",NA,"Nitrate",1.653,NA,25.1756666666667,-80.4237,NA
"7844",147528,"AOML_FBBB","B14",NA,"Nitrate",1.186,NA,25.4677,-80.2138333333333,NA
"7845",147543,"AOML_FBBB","B15",NA,"Nitrate",0.199,NA,25.58,-80.1989333333333,NA
"7846",147558,"AOML_FBBB","B16",NA,"Nitrate",1.44,NA,25.6622833333333,-80.1881,NA
"7847",147573,"AOML_FBBB","B17",NA,"Nitrate",2.528,NA,25.6150333333333,-80.2903166666667,NA
"7848",147588,"AOML_FBBB","B2",NA,"Nitrate",2.06,NA,25.6904,-80.2481,NA
"7849",147603,"AOML_FBBB","B3",NA,"Nitrate",1.678,NA,25.6543166666667,-80.2640166666667,NA
"7850",147618,"AOML_FBBB","B4",NA,"Nitrate",1.54,NA,25.5910666666667,-80.2639166666667,NA
"7851",147633,"AOML_FBBB","B5",NA,"Nitrate",15.115,NA,25.5301,-80.3141333333333,NA
"7852",147648,"AOML_FBBB","B6",NA,"Nitrate",1.892,NA,25.4922333333333,-80.2521166666667,NA
"7853",147663,"AOML_FBBB","B7",NA,"Nitrate",6.798,NA,25.4631,-80.3253333333333,NA
"7854",147678,"AOML_FBBB","B8",NA,"Nitrate",1.035,NA,25.4043166666667,-80.2438666666667,NA
"7855",147693,"AOML_FBBB","B9",NA,"Nitrate",1.159,NA,25.3335833333333,-80.322,NA
"7856",147708,"AOML_FBBB","1",NA,"Nitrate",2.018,NA,25.1850166666667,-80.4966166666667,NA
"7857",147723,"AOML_FBBB","2",NA,"Nitrate",1.276,NA,25.1677333333333,-80.5623333333333,NA
"7858",147738,"AOML_FBBB","3",NA,"Nitrate",1.313,NA,25.1501833333333,-80.6205666666667,NA
"7859",147753,"AOML_FBBB","4",NA,"Nitrate",1.211,NA,25.1322833333333,-80.6802166666667,NA
"7860",147768,"AOML_FBBB","5",NA,"Nitrate",1.172,NA,25.1152333333333,-80.7198,NA
"7861",147783,"AOML_FBBB","6",NA,"Nitrate",1.116,NA,25.0701833333333,-80.7590666666667,NA
"7862",147798,"AOML_FBBB","7",NA,"Nitrate",1.068,NA,25.1177166666667,-80.7944833333333,NA
"7863",147813,"AOML_FBBB","8",NA,"Nitrate",1.91,NA,25.1284,-80.8644,NA
"7864",147828,"AOML_FBBB","9",NA,"Nitrate",1.205,NA,25.1267333333333,-80.9065666666667,NA
"7865",147843,"AOML_FBBB","10",NA,"Nitrate",1.164,NA,25.1117166666667,-80.9958833333333,NA
"7866",147858,"AOML_FBBB","11",NA,"Nitrate",2.538,NA,25.0746166666667,-81.0001333333333,NA
"7867",147873,"AOML_FBBB","12",NA,"Nitrate",1.068,NA,25.1132,-81.0656833333333,NA
"7868",147888,"AOML_FBBB","13",NA,"Nitrate",1.104,NA,25.1126333333333,-81.0975833333333,NA
"7869",147903,"AOML_FBBB","14",NA,"Nitrate",0.561,NA,25.0347,-81.0279666666667,NA
"7870",147918,"AOML_FBBB","15",NA,"Nitrate",1.062,NA,24.9308833333333,-80.9488,NA
"7871",147933,"AOML_FBBB","16",NA,"Nitrate",1.392,NA,24.8754,-80.8308166666667,NA
"7872",147948,"AOML_FBBB","17",NA,"Nitrate",1.211,NA,24.9223166666667,-80.7095,NA
"7873",147963,"AOML_FBBB","18",NA,"Nitrate",1.635,NA,24.9775166666667,-80.6114333333333,NA
"7874",147978,"AOML_FBBB","19",NA,"Nitrate",1.571,NA,25.0197,-80.5487166666667,NA
"7875",147993,"AOML_FBBB","20",NA,"Nitrate",1.755,NA,25.0673,-80.4928166666667,NA
"7876",148008,"AOML_FBBB","34",NA,"Nitrate",0.051,NA,24.9886333333333,-80.9555166666667,NA
"7877",148023,"AOML_FBBB","36",NA,"Nitrate",1.195,NA,24.9598,-80.7936166666667,NA
"7878",148038,"AOML_FBBB","37",NA,"Nitrate",0.307,NA,24.9326666666667,-80.7613333333333,NA
"7879",148053,"AOML_FBBB","21",NA,"Nitrate",2.375,NA,25.1129166666667,-80.5147666666667,NA
"7880",148068,"AOML_FBBB","22",NA,"Nitrate",2.19,NA,25.0999666666667,-80.604,NA
"7881",148083,"AOML_FBBB","23",NA,"Nitrate",0.692,NA,25.0553833333333,-80.6247166666667,NA
"7882",148098,"AOML_FBBB","24",NA,"Nitrate",1.15,NA,25.0635166666667,-80.6670666666667,NA
"7883",148113,"AOML_FBBB","25",NA,"Nitrate",1.141,NA,25.0600166666667,-80.7172583333333,NA
"7884",148128,"AOML_FBBB","26",NA,"Nitrate",1.167,NA,25.0238166666667,-80.7219833333333,NA
"7885",148143,"AOML_FBBB","27",NA,"Nitrate",1.031,NA,25.0055166666667,-80.7496166666667,NA
"7886",148158,"AOML_FBBB","28",NA,"Nitrate",1.039,NA,25.0007333333333,-80.7856333333333,NA
"7887",148173,"AOML_FBBB","29",NA,"Nitrate",1.043,NA,24.9982833333333,-80.8120833333333,NA
"7888",148188,"AOML_FBBB","30",NA,"Nitrate",1.162,NA,24.9756833333333,-80.8357166666667,NA
"7889",148203,"AOML_FBBB","31",NA,"Nitrate",1.025,NA,25.0111166666667,-80.8693666666667,NA
"7890",148218,"AOML_FBBB","32",NA,"Nitrate",0.977,NA,25.0120666666667,-80.9261666666667,NA
"7891",148233,"AOML_FBBB","33",NA,"Nitrate",1.028,NA,25.0540166666667,-80.9205166666667,NA
"7892",148248,"AOML_FBBB","35",NA,"Nitrate",0.314,NA,24.9719666666667,-80.8796333333333,NA
"7893",148263,"AOML_FBBB","38",NA,"Nitrate",1.128,NA,24.9858166666667,-80.6978333333333,NA
"7894",148278,"AOML_FBBB","39",NA,"Nitrate",1.024,NA,25.0081,-80.6466833333333,NA
"7895",148293,"AOML_FBBB","40",NA,"Nitrate",1.095,NA,25.0174,-80.5984166666667,NA
"7896",148308,"AOML_FBBB","B1",NA,"Nitrate",3.977,NA,25.7384,-80.1842666666667,NA
"7897",148323,"AOML_FBBB","B17",NA,"Nitrate",1.603,NA,25.6152333333333,-80.2900833333333,NA
"7898",148338,"AOML_FBBB","B2",NA,"Nitrate",2.532,NA,25.6900666666667,-80.2488833333333,NA
"7899",148353,"AOML_FBBB","B3",NA,"Nitrate",1.293,NA,25.6548833333333,-80.2628833333333,NA
"7900",148368,"AOML_FBBB","B5",NA,"Nitrate",NA,NA,25.5299,-80.3135,NA
"7901",148383,"AOML_FBBB","B7",NA,"Nitrate",46.788,NA,25.4631333333333,-80.3253833333333,NA
"7902",148398,"AOML_FBBB","1",NA,"Nitrate",4.315,NA,25.1845166666667,-80.4963833333333,NA
"7903",148413,"AOML_FBBB","2",NA,"Nitrate",2.695,NA,25.1675,-80.5622333333333,NA
"7904",148428,"AOML_FBBB","3",NA,"Nitrate",1.455,NA,25.1504,-80.6206666666667,NA
"7905",148443,"AOML_FBBB","4",NA,"Nitrate",1.029,NA,25.1322666666667,-80.6801666666667,NA
"7906",148458,"AOML_FBBB","5",NA,"Nitrate",1.376,NA,25.1159833333333,-80.7205833333333,NA
"7907",148473,"AOML_FBBB","6",NA,"Nitrate",1.15,NA,25.07,-80.7593833333333,NA
"7908",148488,"AOML_FBBB","7",NA,"Nitrate",0.78,NA,25.1172833333333,-80.7942,NA
"7909",148503,"AOML_FBBB","8",NA,"Nitrate",1.208,NA,25.128,-80.8642666666667,NA
"7910",148518,"AOML_FBBB","9",NA,"Nitrate",1.418,NA,25.1267666666667,-80.906,NA
"7911",148533,"AOML_FBBB","10",NA,"Nitrate",1.03,NA,25.1118166666667,-80.9954833333333,NA
"7912",148548,"AOML_FBBB","11",NA,"Nitrate",1.122,NA,25.0746,-81.0003166666667,NA
"7913",148563,"AOML_FBBB","12",NA,"Nitrate",1.003,NA,25.1129666666667,-81.0661333333333,NA
"7914",148578,"AOML_FBBB","13",NA,"Nitrate",0.765,NA,25.1124166666667,-81.0956166666667,NA
"7915",148593,"AOML_FBBB","14",NA,"Nitrate",1.048,NA,25.0343666666667,-81.0283166666667,NA
"7916",148608,"AOML_FBBB","15",NA,"Nitrate",0.912,NA,24.9313833333333,-80.9482333333333,NA
"7917",148623,"AOML_FBBB","16",NA,"Nitrate",1.035,NA,24.8758,-80.8303166666667,NA
"7918",148638,"AOML_FBBB","17",NA,"Nitrate",1.21,NA,24.9221666666667,-80.7091833333333,NA
"7919",148653,"AOML_FBBB","18",NA,"Nitrate",1.936,NA,24.9775833333333,-80.6114833333333,NA
"7920",148668,"AOML_FBBB","19",NA,"Nitrate",1.313,NA,25.0194666666667,-80.5490833333333,NA
"7921",148683,"AOML_FBBB","20",NA,"Nitrate",1.888,NA,25.0671666666667,-80.4927666666667,NA
"7922",148698,"AOML_FBBB","34",NA,"Nitrate",0,NA,24.9880333333333,-80.9559,NA
"7923",148713,"AOML_FBBB","36",NA,"Nitrate",0.795,NA,24.9600833333333,-80.7941666666667,NA
"7924",148728,"AOML_FBBB","37",NA,"Nitrate",1.169,NA,24.9325166666667,-80.7616833333333,NA
"7925",148743,"AOML_FBBB","21",NA,"Nitrate",2.798,NA,25.1128666666667,-80.5155833333333,NA
"7926",148758,"AOML_FBBB","22",NA,"Nitrate",5.759,NA,25.0999,-80.6044833333333,NA
"7927",148773,"AOML_FBBB","23",NA,"Nitrate",0.727,NA,25.0553,-80.6246666666667,NA
"7928",148788,"AOML_FBBB","24",NA,"Nitrate",0.164,NA,25.0636833333333,-80.6672166666667,NA
"7929",148803,"AOML_FBBB","25",NA,"Nitrate",0.00499999999999995,NA,25.0600833333333,-80.7171166666667,NA
"7930",148818,"AOML_FBBB","26",NA,"Nitrate",0,NA,25.0235833333333,-80.7221166666667,NA
"7931",148833,"AOML_FBBB","27",NA,"Nitrate",0,NA,25.0058833333333,-80.7495333333333,NA
"7932",148848,"AOML_FBBB","28",NA,"Nitrate",0.271,NA,25.0008166666667,-80.7852666666667,NA
"7933",148863,"AOML_FBBB","29",NA,"Nitrate",0,NA,24.9983,-80.8118,NA
"7934",148878,"AOML_FBBB","30",NA,"Nitrate",0,NA,24.9758666666667,-80.8359833333333,NA
"7935",148893,"AOML_FBBB","31",NA,"Nitrate",0,NA,25.0113,-80.8692333333333,NA
"7936",148908,"AOML_FBBB","32",NA,"Nitrate",0,NA,25.0120166666667,-80.9261666666667,NA
"7937",148923,"AOML_FBBB","33",NA,"Nitrate",0,NA,25.0541,-80.9203166666667,NA
"7938",148938,"AOML_FBBB","35",NA,"Nitrate",0.228,NA,24.9716,-80.8791166666667,NA
"7939",148953,"AOML_FBBB","38",NA,"Nitrate",0.211,NA,24.9858833333333,-80.6974,NA
"7940",148968,"AOML_FBBB","39",NA,"Nitrate",0.101,NA,25.0079333333333,-80.6466,NA
"7941",148983,"AOML_FBBB","40",NA,"Nitrate",0.113,NA,25.0174333333333,-80.5983333333333,NA
"7942",148998,"AOML_FBBB","B1",NA,"Nitrate",0.859,NA,25.7401,-80.1835333333333,NA
"7943",149013,"AOML_FBBB","B10",NA,"Nitrate",0.733,NA,25.2971666666667,-80.3620333333333,NA
"7944",149028,"AOML_FBBB","B11",NA,"Nitrate",1.625,NA,25.2393,-80.3766166666667,NA
"7945",149043,"AOML_FBBB","B12",NA,"Nitrate",1.794,NA,25.2555166666667,-80.4229666666667,NA
"7946",149058,"AOML_FBBB","B13",NA,"Nitrate",1.696,NA,25.1760666666667,-80.4242833333333,NA
"7947",149073,"AOML_FBBB","B14",NA,"Nitrate",0.401,NA,25.4683666666667,-80.2143,NA
"7948",149088,"AOML_FBBB","B15",NA,"Nitrate",0,NA,25.5806833333333,-80.1986166666667,NA
"7949",149103,"AOML_FBBB","B16",NA,"Nitrate",0,NA,25.6625333333333,-80.1875666666667,NA
"7950",149118,"AOML_FBBB","B17",NA,"Nitrate",0,NA,25.6153833333333,-80.2903333333333,NA
"7951",149133,"AOML_FBBB","B2",NA,"Nitrate",0.862,NA,25.6899166666667,-80.2422166666667,NA
"7952",149148,"AOML_FBBB","B3",NA,"Nitrate",0.056,NA,25.6549333333333,-80.2642333333333,NA
"7953",149163,"AOML_FBBB","B4",NA,"Nitrate",0,NA,25.5918833333333,-80.2635666666667,NA
"7954",149178,"AOML_FBBB","B5",NA,"Nitrate",1.506,NA,25.53,-80.3138,NA
"7955",149193,"AOML_FBBB","B6",NA,"Nitrate",0.523,NA,25.4929833333333,-80.2520333333333,NA
"7956",149208,"AOML_FBBB","B7",NA,"Nitrate",11.124,NA,25.4631,-80.3255833333333,NA
"7957",149223,"AOML_FBBB","B8",NA,"Nitrate",1.39,NA,25.4056666666667,-80.2441333333333,NA
"7958",149238,"AOML_FBBB","B9",NA,"Nitrate",0.173,NA,25.3338833333333,-80.3213166666667,NA
"7959",149253,"AOML_FBBB","1",NA,"Nitrate",7.519,NA,25.1842,-80.4963833333333,NA
"7960",149268,"AOML_FBBB","2",NA,"Nitrate",4.47,NA,25.1677166666667,-80.5619833333333,NA
"7961",149283,"AOML_FBBB","3",NA,"Nitrate",2.999,NA,25.1505,-80.6211666666667,NA
"7962",149298,"AOML_FBBB","4",NA,"Nitrate",0,NA,25.1321166666667,-80.6800333333333,NA
"7963",149313,"AOML_FBBB","5",NA,"Nitrate",0,NA,25.1157833333333,-80.7197166666667,NA
"7964",149328,"AOML_FBBB","6",NA,"Nitrate",0,NA,25.0701666666667,-80.7591833333333,NA
"7965",149343,"AOML_FBBB","7",NA,"Nitrate",0,NA,25.1172666666667,-80.7948166666667,NA
"7966",149358,"AOML_FBBB","8",NA,"Nitrate",0,NA,25.128,-80.8640333333333,NA
"7967",149373,"AOML_FBBB","9",NA,"Nitrate",0,NA,25.1269,-80.9050166666667,NA
"7968",149388,"AOML_FBBB","10",NA,"Nitrate",0,NA,25.1121333333333,-80.9939,NA
"7969",149403,"AOML_FBBB","11",NA,"Nitrate",0,NA,25.0760666666667,-81.0020833333333,NA
"7970",149418,"AOML_FBBB","12",NA,"Nitrate",0,NA,25.1129166666667,-81.0668666666667,NA
"7971",149433,"AOML_FBBB","13",NA,"Nitrate",0,NA,25.1133833333333,-81.0971833333333,NA
"7972",149448,"AOML_FBBB","14",NA,"Nitrate",0,NA,25.0346333333333,-81.0285333333333,NA
"7973",149463,"AOML_FBBB","15",NA,"Nitrate",0,NA,24.9314166666667,-80.9488166666667,NA
"7974",149478,"AOML_FBBB","16",NA,"Nitrate",0,NA,24.8753833333333,-80.8307333333333,NA
"7975",149493,"AOML_FBBB","17",NA,"Nitrate",0,NA,24.9223666666667,-80.7092166666667,NA
"7976",149508,"AOML_FBBB","18",NA,"Nitrate",0,NA,24.9778833333333,-80.6112666666667,NA
"7977",149523,"AOML_FBBB","19",NA,"Nitrate",0.578,NA,25.0196166666667,-80.5490333333333,NA
"7978",149538,"AOML_FBBB","20",NA,"Nitrate",4.794,NA,25.0683333333333,-80.4929833333333,NA
"7979",149553,"AOML_FBBB","34",NA,"Nitrate",0,NA,24.9884333333333,-80.9563166666667,NA
"7980",149568,"AOML_FBBB","36",NA,"Nitrate",0,NA,24.9598166666667,-80.794,NA
"7981",149583,"AOML_FBBB","37",NA,"Nitrate",0,NA,24.9324166666667,-80.7606166666667,NA
"7982",149598,"AOML_FBBB","21",NA,"Nitrate",10.977,NA,25.1135666666667,-80.5143833333333,NA
"7983",149613,"AOML_FBBB","22",NA,"Nitrate",7.37,NA,25.1002,-80.6039333333333,NA
"7984",149628,"AOML_FBBB","23",NA,"Nitrate",1.558,NA,25.0559833333333,-80.6241333333333,NA
"7985",149643,"AOML_FBBB","24",NA,"Nitrate",0.473,NA,25.0636666666667,-80.6669666666667,NA
"7986",149658,"AOML_FBBB","25",NA,"Nitrate",0,NA,25.0602166666667,-80.7173666666667,NA
"7987",149673,"AOML_FBBB","26",NA,"Nitrate",0,NA,25.0244666666667,-80.7223333333333,NA
"7988",149688,"AOML_FBBB","27",NA,"Nitrate",0,NA,25.0057333333333,-80.7495333333333,NA
"7989",149703,"AOML_FBBB","28",NA,"Nitrate",0,NA,25.0012333333333,-80.7851333333333,NA
"7990",149718,"AOML_FBBB","29",NA,"Nitrate",0,NA,24.9986166666667,-80.8115833333333,NA
"7991",149733,"AOML_FBBB","30",NA,"Nitrate",0,NA,24.9758833333333,-80.8359,NA
"7992",149748,"AOML_FBBB","31",NA,"Nitrate",0,NA,25.0113833333333,-80.8699333333333,NA
"7993",149763,"AOML_FBBB","32",NA,"Nitrate",0,NA,25.0123166666667,-80.9260666666667,NA
"7994",149778,"AOML_FBBB","33",NA,"Nitrate",0,NA,25.0542166666667,-80.9206333333333,NA
"7995",149793,"AOML_FBBB","35",NA,"Nitrate",0,NA,24.9727,-80.8793166666667,NA
"7996",149808,"AOML_FBBB","38",NA,"Nitrate",0,NA,24.9859,-80.6975833333333,NA
"7997",149823,"AOML_FBBB","39",NA,"Nitrate",0,NA,25.0079,-80.6466166666667,NA
"7998",149838,"AOML_FBBB","40",NA,"Nitrate",0,NA,25.0175666666667,-80.5985666666667,NA
"7999",149853,"AOML_FBBB","B1",NA,"Nitrate",1.142,NA,25.7388166666667,-80.1837,NA
"8000",149868,"AOML_FBBB","B10",NA,"Nitrate",0.94,NA,25.2973333333333,-80.3613666666667,NA
"8001",149883,"AOML_FBBB","B11",NA,"Nitrate",1.336,NA,25.2387333333333,-80.3760666666667,NA
"8002",149898,"AOML_FBBB","B12",NA,"Nitrate",1.16,NA,25.2556833333333,-80.4225833333333,NA
"8003",149913,"AOML_FBBB","B13",NA,"Nitrate",2.399,NA,25.1760833333333,-80.4233166666667,NA
"8004",149928,"AOML_FBBB","B14",NA,"Nitrate",0.762,NA,25.4680833333333,-80.2135833333333,NA
"8005",149943,"AOML_FBBB","B15",NA,"Nitrate",0.717,NA,25.5802833333333,-80.198,NA
"8006",149958,"AOML_FBBB","B16",NA,"Nitrate",1.118,NA,25.6619166666667,-80.1867166666667,NA
"8007",149973,"AOML_FBBB","B17",NA,"Nitrate",1.052,NA,25.61515,-80.2894833333333,NA
"8008",149988,"AOML_FBBB","B2",NA,"Nitrate",1.021,NA,25.6902666666667,-80.2478333333333,NA
"8009",150003,"AOML_FBBB","B3",NA,"Nitrate",3.496,NA,25.6540166666667,-80.2638833333333,NA
"8010",150018,"AOML_FBBB","B4",NA,"Nitrate",3.118,NA,25.5915833333333,-80.2633666666667,NA
"8011",150033,"AOML_FBBB","B5",NA,"Nitrate",10.811,NA,25.5297333333333,-80.3134833333333,NA
"8012",150048,"AOML_FBBB","B6",NA,"Nitrate",1.641,NA,25.4926,-80.2515666666667,NA
"8013",150063,"AOML_FBBB","B7",NA,"Nitrate",4.074,NA,25.4631,-80.3248833333333,NA
"8014",150078,"AOML_FBBB","B8",NA,"Nitrate",1.192,NA,25.4049,-80.2430333333333,NA
"8015",150093,"AOML_FBBB","B9",NA,"Nitrate",0.987,NA,25.3335,-80.3209,NA
"8016",150108,"AOML_FBBB","1",NA,"Nitrate",8.091,NA,25.1848,-80.4964333333333,NA
"8017",150123,"AOML_FBBB","2",NA,"Nitrate",4.156,NA,25.1676,-80.5620333333333,NA
"8018",150138,"AOML_FBBB","3",NA,"Nitrate",6.167,NA,25.1504666666667,-80.6205666666667,NA
"8019",150153,"AOML_FBBB","4",NA,"Nitrate",0.679,NA,25.1324,-80.6800166666667,NA
"8020",150168,"AOML_FBBB","5",NA,"Nitrate",0.246,NA,25.1158333333333,-80.7196166666667,NA
"8021",150183,"AOML_FBBB","6",NA,"Nitrate",0.746,NA,25.0701666666667,-80.7588833333333,NA
"8022",150198,"AOML_FBBB","7",NA,"Nitrate",0.233,NA,25.1173833333333,-80.7945166666667,NA
"8023",150213,"AOML_FBBB","8",NA,"Nitrate",0.067,NA,25.1283833333333,-80.8644,NA
"8024",150228,"AOML_FBBB","9",NA,"Nitrate",1.026,NA,25.1269833333333,-80.9059666666667,NA
"8025",150243,"AOML_FBBB","10",NA,"Nitrate",0.272,NA,25.1115333333333,-80.9957,NA
"8026",150258,"AOML_FBBB","11",NA,"Nitrate",0.556,NA,25.0745,-80.9997166666667,NA
"8027",150273,"AOML_FBBB","12",NA,"Nitrate",0.24,NA,25.1118166666667,-81.0658666666667,NA
"8028",150288,"AOML_FBBB","13",NA,"Nitrate",0.642,NA,25.1123333333333,-81.0959833333333,NA
"8029",150303,"AOML_FBBB","14",NA,"Nitrate",0.77,NA,25.0345666666667,-81.0278833333333,NA
"8030",150318,"AOML_FBBB","15",NA,"Nitrate",0.268,NA,24.9314166666667,-80.9481833333333,NA
"8031",150333,"AOML_FBBB","16",NA,"Nitrate",0.207,NA,24.8754333333333,-80.8301833333333,NA
"8032",150348,"AOML_FBBB","17",NA,"Nitrate",0.927,NA,24.9223333333333,-80.7084,NA
"8033",150363,"AOML_FBBB","18",NA,"Nitrate",1.356,NA,24.9777166666667,-80.6112833333333,NA
"8034",150378,"AOML_FBBB","19",NA,"Nitrate",1.334,NA,25.0197166666667,-80.5484666666667,NA
"8035",150393,"AOML_FBBB","20",NA,"Nitrate",5.111,NA,25.0672,-80.4921833333333,NA
"8036",150408,"AOML_FBBB","34",NA,"Nitrate",0.579,NA,24.9879833333333,-80.9546833333333,NA
"8037",150423,"AOML_FBBB","36",NA,"Nitrate",0.687,NA,24.96,-80.7934,NA
"8038",150438,"AOML_FBBB","37",NA,"Nitrate",0.93,NA,24.9326833333333,-80.7606166666667,NA
"8039",150453,"AOML_FBBB","21",NA,"Nitrate",5.73,NA,25.113,-80.5146166666667,NA
"8040",150468,"AOML_FBBB","22",NA,"Nitrate",12.41,NA,25.1000666666667,-80.6042833333333,NA
"8041",150483,"AOML_FBBB","23",NA,"Nitrate",3.181,NA,25.0553,-80.6248666666667,NA
"8042",150498,"AOML_FBBB","24",NA,"Nitrate",0.928,NA,25.0635666666667,-80.6667166666667,NA
"8043",150513,"AOML_FBBB","25",NA,"Nitrate",0.883,NA,25.06,-80.7175333333333,NA
"8044",150528,"AOML_FBBB","26",NA,"Nitrate",0.897,NA,25.0237166666667,-80.7221,NA
"8045",150543,"AOML_FBBB","27",NA,"Nitrate",0.813,NA,25.0058,-80.7498,NA
"8046",150558,"AOML_FBBB","28",NA,"Nitrate",0.159,NA,25.0009333333333,-80.7853833333333,NA
"8047",150573,"AOML_FBBB","29",NA,"Nitrate",0.838,NA,24.9989333333333,-80.8115,NA
"8048",150588,"AOML_FBBB","30",NA,"Nitrate",0.656,NA,24.97575,-80.8353333333333,NA
"8049",150603,"AOML_FBBB","31",NA,"Nitrate",0.847,NA,25.0111666666667,-80.8694833333333,NA
"8050",150618,"AOML_FBBB","32",NA,"Nitrate",0.274,NA,25.0120333333333,-80.9262333333333,NA
"8051",150633,"AOML_FBBB","33",NA,"Nitrate",0.142,NA,25.0541666666667,-80.9202166666667,NA
"8052",150648,"AOML_FBBB","35",NA,"Nitrate",0.278,NA,24.9716833333333,-80.8789166666667,NA
"8053",150663,"AOML_FBBB","38",NA,"Nitrate",0.831,NA,24.9859833333333,-80.6975333333333,NA
"8054",150678,"AOML_FBBB","39",NA,"Nitrate",0.966,NA,25.0078833333333,-80.6462333333333,NA
"8055",150693,"AOML_FBBB","40",NA,"Nitrate",1.07,NA,25.0174833333333,-80.5981666666667,NA
"8056",150708,"AOML_FBBB","B1",NA,"Nitrate",0.704,NA,25.7400833333333,-80.1764333333333,NA
"8057",150723,"AOML_FBBB","B2",NA,"Nitrate",2.495,NA,25.6904666666667,-80.2481833333333,NA
"8058",150738,"AOML_FBBB","B3",NA,"Nitrate",0.248,NA,25.6549666666667,-80.2633166666667,NA
"8059",150753,"AOML_FBBB","B4",NA,"Nitrate",0.941,NA,25.5920333333333,-80.2634833333333,NA
"8060",150768,"AOML_FBBB","B5",NA,"Nitrate",5.929,NA,25.5298666666667,-80.3136833333333,NA
"8061",150783,"AOML_FBBB","B6",NA,"Nitrate",1.393,NA,25.4931666666667,-80.2516833333333,NA
"8062",150798,"AOML_FBBB","B7",NA,"Nitrate",1.231,NA,25.46315,-80.3254166666667,NA
"8063",150813,"AOML_FBBB","B8",NA,"Nitrate",1.819,NA,25.4060833333333,-80.2437,NA
"8064",150828,"AOML_FBBB","B9",NA,"Nitrate",1.429,NA,25.3337166666667,-80.3217,NA
"8065",150843,"AOML_FBBB","B10",NA,"Nitrate",0.859,NA,25.2972,-80.3620166666667,NA
"8066",150858,"AOML_FBBB","B11",NA,"Nitrate",1.589,NA,25.2390333333333,-80.3768,NA
"8067",150873,"AOML_FBBB","B12",NA,"Nitrate",1.913,NA,25.2565833333333,-80.4222333333333,NA
"8068",150888,"AOML_FBBB","B13",NA,"Nitrate",2.248,NA,25.1761166666667,-80.4241833333333,NA
"8069",150903,"AOML_FBBB","B14",NA,"Nitrate",1.673,NA,25.4687666666667,-80.2136833333333,NA
"8070",150918,"AOML_FBBB","B15",NA,"Nitrate",2.242,NA,25.5809666666667,-80.1979,NA
"8071",150933,"AOML_FBBB","B16",NA,"Nitrate",2.007,NA,25.6623666666667,-80.1871666666667,NA
"8072",150948,"AOML_FBBB","B17",NA,"Nitrate",2.395,NA,25.6152166666667,-80.2893666666667,NA
"8073",150963,"AOML_FBBB","1",NA,"Nitrate",3.669,NA,25.1852666666667,-80.4963666666667,NA
"8074",150978,"AOML_FBBB","2",NA,"Nitrate",7.587,NA,25.1677833333333,-80.5623333333333,NA
"8075",150993,"AOML_FBBB","3",NA,"Nitrate",2.248,NA,25.1506166666667,-80.6211333333333,NA
"8076",151008,"AOML_FBBB","4",NA,"Nitrate",1.66,NA,25.1327666666667,-80.68,NA
"8077",151023,"AOML_FBBB","5",NA,"Nitrate",1.093,NA,25.1158833333333,-80.7196333333333,NA
"8078",151038,"AOML_FBBB","6",NA,"Nitrate",1.02,NA,25.0700833333333,-80.7586666666667,NA
"8079",151053,"AOML_FBBB","7",NA,"Nitrate",1.314,NA,25.1173,-80.7947666666667,NA
"8080",151068,"AOML_FBBB","8",NA,"Nitrate",0.857,NA,25.1282333333333,-80.8641166666667,NA
"8081",151083,"AOML_FBBB","9",NA,"Nitrate",2.348,NA,25.1270666666667,-80.9053333333333,NA
"8082",151098,"AOML_FBBB","10",NA,"Nitrate",0.798,NA,25.1117,-80.9952833333333,NA
"8083",151113,"AOML_FBBB","11",NA,"Nitrate",0.933,NA,25.075,-81.0005333333333,NA
"8084",151128,"AOML_FBBB","12",NA,"Nitrate",1.006,NA,25.1131666666667,-81.0662333333333,NA
"8085",151143,"AOML_FBBB","13",NA,"Nitrate",0.984,NA,25.1128833333333,-81.0963333333333,NA
"8086",151158,"AOML_FBBB","14",NA,"Nitrate",0.79,NA,25.0344333333333,-81.0279333333333,NA
"8087",151173,"AOML_FBBB","15",NA,"Nitrate",1.13,NA,24.9310166666667,-80.9486,NA
"8088",151188,"AOML_FBBB","16",NA,"Nitrate",0.817,NA,24.8754,-80.8305666666667,NA
"8089",151203,"AOML_FBBB","17",NA,"Nitrate",0.825,NA,24.9222,-80.7094,NA
"8090",151218,"AOML_FBBB","18",NA,"Nitrate",0.952,NA,24.9778666666667,-80.6111333333333,NA
"8091",151233,"AOML_FBBB","19",NA,"Nitrate",1.707,NA,25.0198666666667,-80.5483666666667,NA
"8092",151248,"AOML_FBBB","20",NA,"Nitrate",6.161,NA,25.0676666666667,-80.4925333333333,NA
"8093",151263,"AOML_FBBB","21",NA,"Nitrate",6.985,NA,25.1129166666667,-80.5146333333333,NA
"8094",151278,"AOML_FBBB","22",NA,"Nitrate",8.321,NA,25.1002,-80.6036666666667,NA
"8095",151293,"AOML_FBBB","23",NA,"Nitrate",2.332,NA,25.0558,-80.6242666666667,NA
"8096",151308,"AOML_FBBB","24",NA,"Nitrate",1.002,NA,25.0640166666667,-80.6672,NA
"8097",151323,"AOML_FBBB","25",NA,"Nitrate",0.246,NA,25.0605666666667,-80.7173666666667,NA
"8098",151338,"AOML_FBBB","26",NA,"Nitrate",0.162,NA,25.024,-80.7217666666667,NA
"8099",151353,"AOML_FBBB","27",NA,"Nitrate",0.325,NA,25.0062,-80.7491166666667,NA
"8100",151368,"AOML_FBBB","28",NA,"Nitrate",0.749,NA,25.0013333333333,-80.7848166666667,NA
"8101",151383,"AOML_FBBB","29",NA,"Nitrate",0.766,NA,24.9987166666667,-80.8116,NA
"8102",151398,"AOML_FBBB","30",NA,"Nitrate",0.0429999999999999,NA,24.97578,-80.8354666666667,NA
"8103",151413,"AOML_FBBB","31",NA,"Nitrate",0.78,NA,25.0113,-80.8690166666667,NA
"8104",151428,"AOML_FBBB","32",NA,"Nitrate",0.843,NA,25.0123333333333,-80.9256166666667,NA
"8105",151443,"AOML_FBBB","33",NA,"Nitrate",0.938,NA,25.0542166666667,-80.9199166666667,NA
"8106",151458,"AOML_FBBB","34",NA,"Nitrate",1.125,NA,24.9882166666667,-80.9554333333333,NA
"8107",151473,"AOML_FBBB","35",NA,"Nitrate",1.07,NA,24.9715666666667,-80.8788666666667,NA
"8108",151488,"AOML_FBBB","36",NA,"Nitrate",0.795,NA,24.9598833333333,-80.7940333333333,NA
"8109",151503,"AOML_FBBB","37",NA,"Nitrate",0.903,NA,24.9326833333333,-80.7615833333333,NA
"8110",151518,"AOML_FBBB","38",NA,"Nitrate",0.842,NA,24.9861833333333,-80.6968833333333,NA
"8111",151533,"AOML_FBBB","39",NA,"Nitrate",1.059,NA,25.0077666666667,-80.6467166666667,NA
"8112",151548,"AOML_FBBB","40",NA,"Nitrate",0.802,NA,25.0172,-80.5982833333333,NA
"8113",151563,"AOML_FBBB","B1",NA,"Nitrate",2.185,NA,25.7394166666667,-80.1834166666667,NA
"8114",151578,"AOML_FBBB","B2",NA,"Nitrate",4.413,NA,25.6899833333333,-80.2483333333333,NA
"8115",151593,"AOML_FBBB","B16",NA,"Nitrate",2.396,NA,25.6616666666667,-80.1867666666667,NA
"8116",151608,"AOML_FBBB","B3",NA,"Nitrate",9.017,NA,25.6534166666667,-80.2628,NA
"8117",151623,"AOML_FBBB","B15",NA,"Nitrate",1.646,NA,25.5805333333333,-80.1982833333333,NA
"8118",151638,"AOML_FBBB","B17",NA,"Nitrate",2.197,NA,25.6151666666667,-80.2904166666667,NA
"8119",151653,"AOML_FBBB","B4",NA,"Nitrate",5.716,NA,25.5913166666667,-80.2634,NA
"8120",151668,"AOML_FBBB","B5",NA,"Nitrate",27.607,NA,25.5299333333333,-80.3140666666667,NA
"8121",151683,"AOML_FBBB","B7",NA,"Nitrate",23.016,NA,25.4632166666667,-80.3255,NA
"8122",151698,"AOML_FBBB","B6",NA,"Nitrate",3.313,NA,25.4921666666667,-80.2511666666667,NA
"8123",151713,"AOML_FBBB","B14",NA,"Nitrate",1.585,NA,25.4675,-80.2133833333333,NA
"8124",151728,"AOML_FBBB","B8",NA,"Nitrate",1.764,NA,25.4047,-80.2433666666667,NA
"8125",151743,"AOML_FBBB","B9",NA,"Nitrate",1.904,NA,25.3331833333333,-80.3211666666667,NA
"8126",151758,"AOML_FBBB","B10",NA,"Nitrate",1.853,NA,25.2969666666667,-80.3617833333333,NA
"8127",151773,"AOML_FBBB","B11",NA,"Nitrate",1.942,NA,25.2382,-80.3764333333333,NA
"8128",151788,"AOML_FBBB","B12",NA,"Nitrate",4.085,NA,25.2553,-80.4222833333333,NA
"8129",151803,"AOML_FBBB","B13",NA,"Nitrate",1.668,NA,25.1758833333333,-80.4232833333333,NA
"8130",151818,"AOML_FBBB","19",NA,"Nitrate",2.739,NA,25.0192166666667,-80.5484166666667,NA
"8131",151833,"AOML_FBBB","20",NA,"Nitrate",3.773,NA,25.0671833333333,-80.4923666666667,NA
"8132",151848,"AOML_FBBB","1",NA,"Nitrate",8.762,NA,25.1848333333333,-80.4963666666667,NA
"8133",151863,"AOML_FBBB","2",NA,"Nitrate",6.663,NA,25.1674666666667,-80.5618333333333,NA
"8134",151878,"AOML_FBBB","3",NA,"Nitrate",2.463,NA,25.1502,-80.6211333333333,NA
"8135",151893,"AOML_FBBB","4",NA,"Nitrate",1.405,NA,25.1319833333333,-80.6786166666667,NA
"8136",151908,"AOML_FBBB","5",NA,"Nitrate",1.179,NA,25.1158166666667,-80.7195166666667,NA
"8137",151923,"AOML_FBBB","6",NA,"Nitrate",1,NA,25.0701,-80.7587,NA
"8138",151938,"AOML_FBBB","7",NA,"Nitrate",0.539,NA,25.1173833333333,-80.7945,NA
"8139",151953,"AOML_FBBB","8",NA,"Nitrate",1.976,NA,25.1277833333333,-80.8634666666667,NA
"8140",151968,"AOML_FBBB","9",NA,"Nitrate",1.349,NA,25.1267833333333,-80.9055333333333,NA
"8141",151983,"AOML_FBBB","10",NA,"Nitrate",1.3,NA,25.1114,-80.9956833333333,NA
"8142",151998,"AOML_FBBB","11",NA,"Nitrate",1.225,NA,25.0750333333333,-81.0005666666667,NA
"8143",152013,"AOML_FBBB","12",NA,"Nitrate",0.839,NA,25.1125833333333,-81.0666666666667,NA
"8144",152028,"AOML_FBBB","13",NA,"Nitrate",0.202,NA,25.1133666666667,-81.0969833333333,NA
"8145",152043,"AOML_FBBB","14",NA,"Nitrate",1.329,NA,25.0347166666667,-81.0280666666667,NA
"8146",152058,"AOML_FBBB","34",NA,"Nitrate",1.114,NA,24.9882666666667,-80.9562,NA
"8147",152073,"AOML_FBBB","15",NA,"Nitrate",1.013,NA,24.9313,-80.9491333333333,NA
"8148",152088,"AOML_FBBB","16",NA,"Nitrate",1.36,NA,24.8753833333333,-80.8307833333333,NA
"8149",152103,"AOML_FBBB","36",NA,"Nitrate",1.18,NA,24.9598,-80.7937,NA
"8150",152118,"AOML_FBBB","37",NA,"Nitrate",1.268,NA,24.9323,-80.7605666666667,NA
"8151",152133,"AOML_FBBB","17",NA,"Nitrate",0.455,NA,24.9222333333333,-80.7088,NA
"8152",152148,"AOML_FBBB","18",NA,"Nitrate",2.027,NA,24.9780333333333,-80.6109166666667,NA
"8153",152163,"AOML_FBBB","21",NA,"Nitrate",8.461,NA,25.1128333333333,-80.5147666666667,NA
"8154",152178,"AOML_FBBB","22",NA,"Nitrate",3.779,NA,25.0998,-80.6035666666667,NA
"8155",152193,"AOML_FBBB","23",NA,"Nitrate",2.02,NA,25.0557166666667,-80.6242166666667,NA
"8156",152208,"AOML_FBBB","24",NA,"Nitrate",1.303,NA,25.0634666666667,-80.6665,NA
"8157",152223,"AOML_FBBB","25",NA,"Nitrate",1.247,NA,25.0603833333333,-80.7173666666667,NA
"8158",152238,"AOML_FBBB","26",NA,"Nitrate",1.203,NA,25.0240833333333,-80.7218833333333,NA
"8159",152253,"AOML_FBBB","27",NA,"Nitrate",0.66,NA,25.0058,-80.749,NA
"8160",152268,"AOML_FBBB","28",NA,"Nitrate",1.21,NA,25.0010333333333,-80.7855666666667,NA
"8161",152283,"AOML_FBBB","29",NA,"Nitrate",0.83,NA,24.9985166666667,-80.8116666666667,NA
"8162",152298,"AOML_FBBB","30",NA,"Nitrate",1.433,NA,24.9758333333333,-80.8352833333333,NA
"8163",152313,"AOML_FBBB","31",NA,"Nitrate",0.79,NA,25.0112,-80.8688833333333,NA
"8164",152328,"AOML_FBBB","32",NA,"Nitrate",0.984,NA,25.0121166666667,-80.9257,NA
"8165",152343,"AOML_FBBB","33",NA,"Nitrate",1.061,NA,25.0541666666667,-80.9204666666667,NA
"8166",152358,"AOML_FBBB","35",NA,"Nitrate",0.84,NA,24.9713333333333,-80.8783333333333,NA
"8167",152373,"AOML_FBBB","38",NA,"Nitrate",1.564,NA,24.9859333333333,-80.6971,NA
"8168",152388,"AOML_FBBB","39",NA,"Nitrate",1.692,NA,25.0080333333333,-80.6463166666667,NA
"8169",152403,"AOML_FBBB","40",NA,"Nitrate",1.333,NA,25.0171,-80.5983,NA
"8170",152418,"AOML_FBBB","B1",NA,"Nitrate",1.813,NA,25.7392833333333,-80.1832333333333,NA
"8171",152433,"AOML_FBBB","B2",NA,"Nitrate",2.015,NA,25.6903833333333,-80.2482166666667,NA
"8172",152448,"AOML_FBBB","B16",NA,"Nitrate",0.327,NA,25.6619333333333,-80.1863166666667,NA
"8173",152463,"AOML_FBBB","B3",NA,"Nitrate",2.682,NA,25.6542333333333,-80.2635333333333,NA
"8174",152478,"AOML_FBBB","B15",NA,"Nitrate",0.046,NA,25.58,-80.1978333333333,NA
"8175",152493,"AOML_FBBB","B17",NA,"Nitrate",1.367,NA,25.6147833333333,-80.2900166666667,NA
"8176",152508,"AOML_FBBB","B4",NA,"Nitrate",1.62,NA,25.5914833333333,-80.2627,NA
"8177",152523,"AOML_FBBB","B5",NA,"Nitrate",6.776,NA,25.5299166666667,-80.3135333333333,NA
"8178",152538,"AOML_FBBB","B7",NA,"Nitrate",1.349,NA,25.4631666666667,-80.3252333333333,NA
"8179",152553,"AOML_FBBB","B6",NA,"Nitrate",1.611,NA,25.4925833333333,-80.2516666666667,NA
"8180",152568,"AOML_FBBB","B14",NA,"Nitrate",0.084,NA,25.4682,-80.2133333333333,NA
"8181",152583,"AOML_FBBB","B8",NA,"Nitrate",1.414,NA,25.4057833333333,-80.2434333333333,NA
"8182",152598,"AOML_FBBB","B9",NA,"Nitrate",0.299,NA,25.3335833333333,-80.3215166666667,NA
"8183",152613,"AOML_FBBB","B10",NA,"Nitrate",0.166,NA,25.2976166666667,-80.3610666666667,NA
"8184",152628,"AOML_FBBB","B11",NA,"Nitrate",0.02,NA,25.2385833333333,-80.3764166666667,NA
"8185",152643,"AOML_FBBB","B12",NA,"Nitrate",1.588,NA,25.2555666666667,-80.4223166666667,NA
"8186",152658,"AOML_FBBB","B13",NA,"Nitrate",1.113,NA,25.1092666666667,-80.4231833333333,NA
"8187",152673,"AOML_FBBB","19",NA,"Nitrate",1.747,NA,25.0192333333333,-80.5484333333333,NA
"8188",152688,"AOML_FBBB","20",NA,"Nitrate",0.86,NA,25.0673,-80.4925,NA
"8189",152703,"AOML_FBBB","1",NA,"Nitrate",1.305,NA,25.1846,-80.4962833333333,NA
"8190",152718,"AOML_FBBB","2",NA,"Nitrate",0.87,NA,25.1677,-80.5615333333333,NA
"8191",152733,"AOML_FBBB","3",NA,"Nitrate",0.92,NA,25.1503833333333,-80.6210333333333,NA
"8192",152748,"AOML_FBBB","4",NA,"Nitrate",1.065,NA,25.1322333333333,-80.6799166666667,NA
"8193",152763,"AOML_FBBB","5",NA,"Nitrate",0,NA,25.1158666666667,-80.7195666666667,NA
"8194",152778,"AOML_FBBB","6",NA,"Nitrate",0,NA,25.0698333333333,-80.7588166666667,NA
"8195",152793,"AOML_FBBB","7",NA,"Nitrate",0,NA,25.1174,-80.7941833333333,NA
"8196",152808,"AOML_FBBB","8",NA,"Nitrate",0,NA,25.1282333333333,-80.8643833333333,NA
"8197",152823,"AOML_FBBB","9",NA,"Nitrate",0.265,NA,25.1266333333333,-80.9053833333333,NA
"8198",152838,"AOML_FBBB","10",NA,"Nitrate",0.039,NA,25.1116166666667,-80.9955833333333,NA
"8199",152853,"AOML_FBBB","11",NA,"Nitrate",0.012,NA,25.0742333333333,-80.9999,NA
"8200",152868,"AOML_FBBB","12",NA,"Nitrate",0.87,NA,25.1132333333333,-81.0654166666667,NA
"8201",152883,"AOML_FBBB","13",NA,"Nitrate",0.061,NA,25.1124333333333,-81.0957166666667,NA
"8202",152898,"AOML_FBBB","14",NA,"Nitrate",0.108,NA,25.0337333333333,-81.0271833333333,NA
"8203",152913,"AOML_FBBB","34",NA,"Nitrate",0.075,NA,24.9881666666667,-80.9554166666667,NA
"8204",152928,"AOML_FBBB","15",NA,"Nitrate",0.089,NA,24.9307666666667,-80.9484333333333,NA
"8205",152943,"AOML_FBBB","16",NA,"Nitrate",0.063,NA,24.8750333333333,-80.8303333333333,NA
"8206",152958,"AOML_FBBB","17",NA,"Nitrate",0.839,NA,24.9224666666667,-80.7087333333333,NA
"8207",152973,"AOML_FBBB","18",NA,"Nitrate",1.453,NA,24.9776166666667,-80.6114,NA
"8208",152988,"AOML_FBBB","21",NA,"Nitrate",1.314,NA,25.1136166666667,-80.5130333333333,NA
"8209",153003,"AOML_FBBB","22",NA,"Nitrate",1.135,NA,25.0666,-80.6041833333333,NA
"8210",153018,"AOML_FBBB","23",NA,"Nitrate",0.293,NA,25.0556333333333,-80.6247,NA
"8211",153033,"AOML_FBBB","24",NA,"Nitrate",0.294,NA,25.0637833333333,-80.6670833333333,NA
"8212",153048,"AOML_FBBB","25",NA,"Nitrate",0.065,NA,25.0605,-80.7177,NA
"8213",153063,"AOML_FBBB","26",NA,"Nitrate",0.071,NA,25.0238833333333,-80.7223166666667,NA
"8214",153078,"AOML_FBBB","27",NA,"Nitrate",0,NA,25.0059333333333,-80.7493,NA
"8215",153093,"AOML_FBBB","28",NA,"Nitrate",0,NA,25.0009666666667,-80.7855166666667,NA
"8216",153108,"AOML_FBBB","29",NA,"Nitrate",0,NA,24.9986,-80.8116333333333,NA
"8217",153123,"AOML_FBBB","30",NA,"Nitrate",0.22,NA,24.9758333333333,-80.8356166666667,NA
"8218",153138,"AOML_FBBB","31",NA,"Nitrate",0,NA,25.0111,-80.8690166666667,NA
"8219",153153,"AOML_FBBB","32",NA,"Nitrate",0,NA,25.0120833333333,-80.9258,NA
"8220",153168,"AOML_FBBB","33",NA,"Nitrate",0,NA,25.0540333333333,-80.9199666666667,NA
"8221",153183,"AOML_FBBB","35",NA,"Nitrate",0.214,NA,24.9713666666667,-80.8795,NA
"8222",153198,"AOML_FBBB","36",NA,"Nitrate",0.122,NA,24.9595833333333,-80.7933166666667,NA
"8223",153213,"AOML_FBBB","37",NA,"Nitrate",1.713,NA,24.9322833333333,-80.7614666666667,NA
"8224",153228,"AOML_FBBB","38",NA,"Nitrate",0.052,NA,24.9856333333333,-80.6973833333333,NA
"8225",153243,"AOML_FBBB","39",NA,"Nitrate",0.274,NA,25.0076166666667,-80.6464666666667,NA
"8226",153258,"AOML_FBBB","40",NA,"Nitrate",0.468,NA,25.0174666666667,-80.5982,NA
"8227",153273,"AOML_FBBB","B1",NA,"Nitrate",NA,NA,25.73772,-80.18336,NA
"8228",153288,"AOML_FBBB","B2",NA,"Nitrate",NA,NA,25.68922,-80.24862,NA
"8229",153303,"AOML_FBBB","B16",NA,"Nitrate",NA,NA,25.66156,-80.18814,NA
"8230",153318,"AOML_FBBB","B3",NA,"Nitrate",NA,NA,25.65378,-80.264,NA
"8231",153333,"AOML_FBBB","B15",NA,"Nitrate",NA,NA,25.57984,-80.1998,NA
"8232",153348,"AOML_FBBB","B17",NA,"Nitrate",NA,NA,25.61498,-80.2902,NA
"8233",153363,"AOML_FBBB","B4",NA,"Nitrate",NA,NA,25.59148,-80.2649,NA
"8234",153378,"AOML_FBBB","B5",NA,"Nitrate",NA,NA,25.53008,-80.3141,NA
"8235",153393,"AOML_FBBB","B7",NA,"Nitrate",NA,NA,25.46302,-80.3256,NA
"8236",153408,"AOML_FBBB","B6",NA,"Nitrate",NA,NA,25.4922,-80.25242,NA
"8237",153423,"AOML_FBBB","B14",NA,"Nitrate",NA,NA,25.4683,-80.21434,NA
"8238",153438,"AOML_FBBB","B8",NA,"Nitrate",NA,NA,25.40488,-80.24388,NA
"8239",153453,"AOML_FBBB","B9",NA,"Nitrate",NA,NA,25.3332,-80.32116,NA
"8240",153468,"AOML_FBBB","B10",NA,"Nitrate",NA,NA,25.29676,-80.36188,NA
"8241",153483,"AOML_FBBB","B11",NA,"Nitrate",NA,NA,25.23922,-80.3754,NA
"8242",153498,"AOML_FBBB","B12",NA,"Nitrate",NA,NA,25.2553,-80.4223,NA
"8243",153513,"AOML_FBBB","B13",NA,"Nitrate",NA,NA,25.1759,-80.42366,NA
"8244",153528,"AOML_FBBB","1",NA,"Nitrate",NA,NA,25.18446,-80.49708,NA
"8245",153543,"AOML_FBBB","2",NA,"Nitrate",NA,NA,25.16768,-80.5621,NA
"8246",153558,"AOML_FBBB","3",NA,"Nitrate",NA,NA,25.15046,-80.62044,NA
"8247",153573,"AOML_FBBB","22",NA,"Nitrate",NA,NA,25.10072,-80.6041,NA
"8248",153588,"AOML_FBBB","21",NA,"Nitrate",NA,NA,25.11312,-80.51408,NA
"8249",153603,"AOML_FBBB","20",NA,"Nitrate",NA,NA,25.0666,-80.49228,NA
"8250",153618,"AOML_FBBB","19",NA,"Nitrate",NA,NA,25.019,-80.54918,NA
"8251",153633,"AOML_FBBB","40",NA,"Nitrate",NA,NA,25.01718,-80.59816,NA
"8252",153648,"AOML_FBBB","23",NA,"Nitrate",NA,NA,25.05552,-80.62452,NA
"8253",153663,"AOML_FBBB","24",NA,"Nitrate",NA,NA,25.06354,-80.66662,NA
"8254",153678,"AOML_FBBB","25",NA,"Nitrate",NA,NA,25.06046,-80.7173,NA
"8255",153693,"AOML_FBBB","4",NA,"Nitrate",NA,NA,25.13228,-80.67934,NA
"8256",153708,"AOML_FBBB","5",NA,"Nitrate",NA,NA,25.11586,-80.7194,NA
"8257",153723,"AOML_FBBB","6",NA,"Nitrate",NA,NA,25.0701,-80.75868,NA
"8258",153738,"AOML_FBBB","7",NA,"Nitrate",NA,NA,25.11732,-80.79414,NA
"8259",153753,"AOML_FBBB","8",NA,"Nitrate",NA,NA,25.12844,-80.86416,NA
"8260",153768,"AOML_FBBB","9",NA,"Nitrate",NA,NA,25.12664,-80.90618,NA
"8261",153783,"AOML_FBBB","10",NA,"Nitrate",NA,NA,25.11114,-80.99646,NA
"8262",153798,"AOML_FBBB","11",NA,"Nitrate",NA,NA,25.0748,-80.9999,NA
"8263",153813,"AOML_FBBB","33",NA,"Nitrate",NA,NA,25.05408,-80.9202,NA
"8264",153828,"AOML_FBBB","32",NA,"Nitrate",NA,NA,25.0115,-80.92594,NA
"8265",153843,"AOML_FBBB","31",NA,"Nitrate",NA,NA,25.01094,-80.86846,NA
"8266",153858,"AOML_FBBB","35",NA,"Nitrate",NA,NA,24.97112,-80.8794,NA
"8267",153873,"AOML_FBBB","30",NA,"Nitrate",NA,NA,24.9754,-80.83532,NA
"8268",153888,"AOML_FBBB","29",NA,"Nitrate",NA,NA,24.99852,-80.81092,NA
"8269",153903,"AOML_FBBB","28",NA,"Nitrate",NA,NA,25.0006,-80.78484,NA
"8270",153918,"AOML_FBBB","27",NA,"Nitrate",NA,NA,25.00552,-80.74894,NA
"8271",153933,"AOML_FBBB","26",NA,"Nitrate",NA,NA,25.02434,-80.72174,NA
"8272",153948,"AOML_FBBB","36",NA,"Nitrate",NA,NA,24.95974,-80.794,NA
"8273",153963,"AOML_FBBB","37",NA,"Nitrate",NA,NA,24.93232,-80.76132,NA
"8274",153978,"AOML_FBBB","38",NA,"Nitrate",NA,NA,24.98584,-80.69716,NA
"8275",153993,"AOML_FBBB","39",NA,"Nitrate",NA,NA,25.00776,-80.64638,NA
"8276",154008,"AOML_FBBB","18",NA,"Nitrate",NA,NA,24.97738,-80.61126,NA
"8277",154023,"AOML_FBBB","17",NA,"Nitrate",NA,NA,24.9223,-80.70956,NA
"8278",154038,"AOML_FBBB","16",NA,"Nitrate",NA,NA,24.87544,-80.8314,NA
"8279",154053,"AOML_FBBB","15",NA,"Nitrate",NA,NA,24.93162,-80.94892,NA
"8280",154068,"AOML_FBBB","34",NA,"Nitrate",NA,NA,24.98792,-80.95648,NA
"8281",154083,"AOML_FBBB","14",NA,"Nitrate",NA,NA,25.03492,-81.02878,NA
"8282",154098,"AOML_FBBB","12",NA,"Nitrate",NA,NA,25.11308,-81.06674,NA
"8283",154113,"AOML_FBBB","13",NA,"Nitrate",NA,NA,25.1135,-81.09682,NA
"8284",154128,"AOML_FBBB","64",NA,"Nitrate",NA,NA,25.16732,-81.15738,NA
"8285",154143,"AOML_FBBB","63",NA,"Nitrate",NA,NA,25.16696,-81.20074,NA
"8286",154158,"AOML_FBBB","62",NA,"Nitrate",NA,NA,25.16706,-81.23608,NA
"8287",154173,"AOML_FBBB","54",NA,"Nitrate",NA,NA,25.34526,-81.15324,NA
"8288",154188,"AOML_FBBB","55",NA,"Nitrate",NA,NA,25.3503,-81.1936,NA
"8289",154203,"AOML_FBBB","56",NA,"Nitrate",NA,NA,25.35006,-81.22796,NA
"8290",154218,"AOML_FBBB","57",NA,"Nitrate",NA,NA,25.35196,-81.26532,NA
"8291",154233,"AOML_FBBB","53",NA,"Nitrate",NA,NA,25.45344,-81.22496,NA
"8292",154248,"AOML_FBBB","52",NA,"Nitrate",NA,NA,25.45324,-81.26038,NA
"8293",154263,"AOML_FBBB","51",NA,"Nitrate",NA,NA,25.4536,-81.30844,NA
"8294",154278,"AOML_FBBB","50",NA,"Nitrate",NA,NA,25.45362,-81.35016,NA
"8295",154293,"AOML_FBBB","49",NA,"Nitrate",NA,NA,25.58362,-81.29148,NA
"8296",154308,"AOML_FBBB","48",NA,"Nitrate",NA,NA,25.58364,-81.3302,NA
"8297",154323,"AOML_FBBB","47",NA,"Nitrate",NA,NA,25.58356,-81.36604,NA
"8298",154338,"AOML_FBBB","B1",NA,"Nitrate",NA,NA,25.73884,-80.18274,NA
"8299",154353,"AOML_FBBB","B2",NA,"Nitrate",NA,NA,25.69004,-80.24848,NA
"8300",154368,"AOML_FBBB","B16",NA,"Nitrate",NA,NA,25.6616,-80.18702,NA
"8301",154383,"AOML_FBBB","B3",NA,"Nitrate",NA,NA,25.65408,-80.26358,NA
"8302",154398,"AOML_FBBB","B15",NA,"Nitrate",NA,NA,25.57962,-80.19838,NA
"8303",154413,"AOML_FBBB","B17",NA,"Nitrate",NA,NA,25.6149,-80.2904,NA
"8304",154428,"AOML_FBBB","B4",NA,"Nitrate",NA,NA,25.591,-80.26334,NA
"8305",154443,"AOML_FBBB","B5",NA,"Nitrate",NA,NA,25.53014,-80.3146,NA
"8306",154458,"AOML_FBBB","B7",NA,"Nitrate",NA,NA,25.46296,-80.32498,NA
"8307",154473,"AOML_FBBB","B6",NA,"Nitrate",NA,NA,25.49168,-80.25166,NA
"8308",154488,"AOML_FBBB","B14",NA,"Nitrate",NA,NA,25.46762,-80.21362,NA
"8309",154503,"AOML_FBBB","B8",NA,"Nitrate",NA,NA,25.40514,-80.24384,NA
"8310",154518,"AOML_FBBB","B9",NA,"Nitrate",NA,NA,25.33302,-80.32126,NA
"8311",154533,"AOML_FBBB","B10",NA,"Nitrate",NA,NA,25.29714,-80.36156,NA
"8312",154548,"AOML_FBBB","B11",NA,"Nitrate",NA,NA,25.23888,-80.37598,NA
"8313",154563,"AOML_FBBB","B12",NA,"Nitrate",NA,NA,25.25576,-80.42208,NA
"8314",154578,"AOML_FBBB","B13",NA,"Nitrate",NA,NA,25.17632,-80.42344,NA
"8315",154593,"AOML_FBBB","1",NA,"Nitrate",NA,NA,25.1843,-80.49656,NA
"8316",154608,"AOML_FBBB","2",NA,"Nitrate",NA,NA,25.16812,-80.56202,NA
"8317",154623,"AOML_FBBB","3",NA,"Nitrate",NA,NA,25.1505,-80.62048,NA
"8318",154638,"AOML_FBBB","22",NA,"Nitrate",NA,NA,25.09958,-80.60324,NA
"8319",154653,"AOML_FBBB","21",NA,"Nitrate",NA,NA,25.113,-80.51424,NA
"8320",154668,"AOML_FBBB","20",NA,"Nitrate",NA,NA,25.06692,-80.49254,NA
"8321",154683,"AOML_FBBB","19",NA,"Nitrate",NA,NA,25.01944,-80.54822,NA
"8322",154698,"AOML_FBBB","40",NA,"Nitrate",NA,NA,25.01712,-80.5987,NA
"8323",154713,"AOML_FBBB","23",NA,"Nitrate",NA,NA,25.05562,-80.62438,NA
"8324",154728,"AOML_FBBB","24",NA,"Nitrate",NA,NA,25.06336,-80.66708,NA
"8325",154743,"AOML_FBBB","25",NA,"Nitrate",NA,NA,25.0598,-80.71794,NA
"8326",154758,"AOML_FBBB","4",NA,"Nitrate",NA,NA,25.132,-80.67918,NA
"8327",154773,"AOML_FBBB","5",NA,"Nitrate",NA,NA,25.11572,-80.71956,NA
"8328",154788,"AOML_FBBB","6",NA,"Nitrate",NA,NA,25.0698,-80.7589,NA
"8329",154803,"AOML_FBBB","7",NA,"Nitrate",NA,NA,25.11724,-80.79436,NA
"8330",154818,"AOML_FBBB","8",NA,"Nitrate",NA,NA,25.1281,-80.86432,NA
"8331",154833,"AOML_FBBB","9",NA,"Nitrate",NA,NA,25.12626,-80.90738,NA
"8332",154848,"AOML_FBBB","10",NA,"Nitrate",NA,NA,25.11124,-80.99672,NA
"8333",154863,"AOML_FBBB","11",NA,"Nitrate",NA,NA,25.07436,-80.99964,NA
"8334",154878,"AOML_FBBB","33",NA,"Nitrate",NA,NA,25.05302,-80.9203,NA
"8335",154893,"AOML_FBBB","32",NA,"Nitrate",NA,NA,25.01068,-80.92574,NA
"8336",154908,"AOML_FBBB","31",NA,"Nitrate",NA,NA,25.0109,-80.86858,NA
"8337",154923,"AOML_FBBB","35",NA,"Nitrate",NA,NA,24.97118,-80.8794,NA
"8338",154938,"AOML_FBBB","30",NA,"Nitrate",NA,NA,24.9753,-80.83486,NA
"8339",154953,"AOML_FBBB","29",NA,"Nitrate",NA,NA,24.99854,-80.81146,NA
"8340",154968,"AOML_FBBB","28",NA,"Nitrate",NA,NA,25.00066,-80.78468,NA
"8341",154983,"AOML_FBBB","27",NA,"Nitrate",NA,NA,25.0057,-80.74856,NA
"8342",154998,"AOML_FBBB","26",NA,"Nitrate",NA,NA,25.02462,-80.72184,NA
"8343",155013,"AOML_FBBB","36",NA,"Nitrate",NA,NA,24.95926,-80.79472,NA
"8344",155028,"AOML_FBBB","37",NA,"Nitrate",NA,NA,24.93232,-80.76148,NA
"8345",155043,"AOML_FBBB","38",NA,"Nitrate",NA,NA,24.98548,-80.69754,NA
"8346",155058,"AOML_FBBB","39",NA,"Nitrate",NA,NA,25.00766,-80.64684,NA
"8347",155073,"AOML_FBBB","18",NA,"Nitrate",NA,NA,24.97734,-80.61092,NA
"8348",155088,"AOML_FBBB","17",NA,"Nitrate",NA,NA,24.92126,-80.70962,NA
"8349",155103,"AOML_FBBB","16",NA,"Nitrate",NA,NA,24.87454,-80.83114,NA
"8350",155118,"AOML_FBBB","15",NA,"Nitrate",NA,NA,24.93128,-80.94908,NA
"8351",155133,"AOML_FBBB","34",NA,"Nitrate",NA,NA,24.98824,-80.95626,NA
"8352",155148,"AOML_FBBB","14",NA,"Nitrate",NA,NA,25.0347,-81.02886,NA
"8353",155163,"AOML_FBBB","12",NA,"Nitrate",NA,NA,25.11294,-81.06678,NA
"8354",155178,"AOML_FBBB","13",NA,"Nitrate",NA,NA,25.11342,-81.09768,NA
"8355",155193,"AOML_FBBB","64",NA,"Nitrate",NA,NA,25.16662,-81.15688,NA
"8356",155208,"AOML_FBBB","63",NA,"Nitrate",NA,NA,25.16706,-81.20092,NA
"8357",155223,"AOML_FBBB","62",NA,"Nitrate",NA,NA,25.16682,-81.23714,NA
"8358",155238,"AOML_FBBB","54",NA,"Nitrate",NA,NA,25.34396,-81.1544,NA
"8359",155253,"AOML_FBBB","55",NA,"Nitrate",NA,NA,25.35002,-81.19394,NA
"8360",155268,"AOML_FBBB","56",NA,"Nitrate",NA,NA,25.34992,-81.22852,NA
"8361",155283,"AOML_FBBB","57",NA,"Nitrate",NA,NA,25.3514,-81.26554,NA
"8362",155298,"AOML_FBBB","47",NA,"Nitrate",NA,NA,25.5829,-81.29176,NA
"8363",155313,"AOML_FBBB","48",NA,"Nitrate",NA,NA,25.58344,-81.33166,NA
"8364",155328,"AOML_FBBB","49",NA,"Nitrate",NA,NA,25.58362,-81.36732,NA
"8365",155343,"AOML_FBBB","B1",NA,"Nitrate",NA,NA,25.7392,-80.18326,NA
"8366",155358,"AOML_FBBB","B2",NA,"Nitrate",NA,NA,25.69024,-80.248,NA
"8367",155373,"AOML_FBBB","B16",NA,"Nitrate",NA,NA,25.66192,-80.18688,NA
"8368",155388,"AOML_FBBB","B3",NA,"Nitrate",NA,NA,25.65404,-80.26362,NA
"8369",155403,"AOML_FBBB","B15",NA,"Nitrate",NA,NA,25.57964,-80.19848,NA
"8370",155418,"AOML_FBBB","B17",NA,"Nitrate",NA,NA,25.61484,-80.2901,NA
"8371",155433,"AOML_FBBB","B4",NA,"Nitrate",NA,NA,25.59112,-80.26356,NA
"8372",155448,"AOML_FBBB","B5",NA,"Nitrate",NA,NA,25.5298,-80.31438,NA
"8373",155463,"AOML_FBBB","B7",NA,"Nitrate",NA,NA,25.46292,-80.32542,NA
"8374",155478,"AOML_FBBB","B6",NA,"Nitrate",NA,NA,25.4925,-80.25122,NA
"8375",155493,"AOML_FBBB","B14",NA,"Nitrate",NA,NA,25.46786,-80.21324,NA
"8376",155508,"AOML_FBBB","B8",NA,"Nitrate",NA,NA,25.40442,-80.2432,NA
"8377",155523,"AOML_FBBB","B9",NA,"Nitrate",NA,NA,25.3338,-80.32156,NA
"8378",155538,"AOML_FBBB","B10",NA,"Nitrate",NA,NA,25.29708,-80.3616,NA
"8379",155553,"AOML_FBBB","B11",NA,"Nitrate",NA,NA,25.23896,-80.37574,NA
"8380",155568,"AOML_FBBB","B12",NA,"Nitrate",NA,NA,25.2559,-80.4222,NA
"8381",155583,"AOML_FBBB","B13",NA,"Nitrate",NA,NA,25.17608,-80.42308,NA
"8382",155598,"AOML_FBBB","1",NA,"Nitrate",NA,NA,25.18474,-80.49676,NA
"8383",155613,"AOML_FBBB","2",NA,"Nitrate",NA,NA,25.16788,-80.56188,NA
"8384",155628,"AOML_FBBB","3",NA,"Nitrate",NA,NA,25.15034,-80.62062,NA
"8385",155643,"AOML_FBBB","22",NA,"Nitrate",NA,NA,25.09964,-80.60342,NA
"8386",155658,"AOML_FBBB","21",NA,"Nitrate",NA,NA,25.11292,-80.51444,NA
"8387",155673,"AOML_FBBB","20",NA,"Nitrate",NA,NA,25.0669,-80.49246,NA
"8388",155688,"AOML_FBBB","19",NA,"Nitrate",NA,NA,25.01904,-80.54886,NA
"8389",155703,"AOML_FBBB","40",NA,"Nitrate",NA,NA,25.01744,-80.5981,NA
"8390",155718,"AOML_FBBB","23",NA,"Nitrate",NA,NA,25.05598,-80.62458,NA
"8391",155733,"AOML_FBBB","24",NA,"Nitrate",NA,NA,25.0636,-80.66684,NA
"8392",155748,"AOML_FBBB","25",NA,"Nitrate",NA,NA,25.06012,-80.71758,NA
"8393",155763,"AOML_FBBB","4",NA,"Nitrate",NA,NA,25.13212,-80.67932,NA
"8394",155778,"AOML_FBBB","5",NA,"Nitrate",NA,NA,25.11564,-80.71956,NA
"8395",155793,"AOML_FBBB","6",NA,"Nitrate",NA,NA,25.0701,-80.75862,NA
"8396",155808,"AOML_FBBB","7",NA,"Nitrate",NA,NA,25.11706,-80.79418,NA
"8397",155823,"AOML_FBBB","8",NA,"Nitrate",NA,NA,25.12796,-80.86396,NA
"8398",155838,"AOML_FBBB","9",NA,"Nitrate",NA,NA,25.12654,-80.90642,NA
"8399",155853,"AOML_FBBB","10",NA,"Nitrate",NA,NA,25.11114,-80.99646,NA
"8400",155868,"AOML_FBBB","11",NA,"Nitrate",NA,NA,25.07454,-80.99978,NA
"8401",155883,"AOML_FBBB","33",NA,"Nitrate",NA,NA,25.05424,-80.91938,NA
"8402",155898,"AOML_FBBB","32",NA,"Nitrate",NA,NA,25.01134,-80.92576,NA
"8403",155913,"AOML_FBBB","31",NA,"Nitrate",NA,NA,25.01098,-80.86876,NA
"8404",155928,"AOML_FBBB","35",NA,"Nitrate",NA,NA,24.9711,-80.8792,NA
"8405",155943,"AOML_FBBB","30",NA,"Nitrate",NA,NA,24.97554,-80.83536,NA
"8406",155958,"AOML_FBBB","29",NA,"Nitrate",NA,NA,24.99826,-80.81122,NA
"8407",155973,"AOML_FBBB","28",NA,"Nitrate",NA,NA,25.00086,-80.78462,NA
"8408",155988,"AOML_FBBB","27",NA,"Nitrate",NA,NA,25.00554,-80.74884,NA
"8409",156003,"AOML_FBBB","26",NA,"Nitrate",NA,NA,25.02444,-80.72148,NA
"8410",156018,"AOML_FBBB","36",NA,"Nitrate",NA,NA,24.95972,-80.79444,NA
"8411",156033,"AOML_FBBB","37",NA,"Nitrate",NA,NA,24.93256,-80.7613,NA
"8412",156048,"AOML_FBBB","38",NA,"Nitrate",NA,NA,24.98598,-80.6975,NA
"8413",156063,"AOML_FBBB","39",NA,"Nitrate",NA,NA,25.00784,-80.64662,NA
"8414",156078,"AOML_FBBB","18",NA,"Nitrate",NA,NA,24.97764,-80.61076,NA
"8415",156093,"AOML_FBBB","17",NA,"Nitrate",NA,NA,24.92166,-80.70882,NA
"8416",156108,"AOML_FBBB","16",NA,"Nitrate",NA,NA,24.87432,-80.83116,NA
"8417",156123,"AOML_FBBB","15",NA,"Nitrate",NA,NA,24.93154,-80.94902,NA
"8418",156138,"AOML_FBBB","34",NA,"Nitrate",NA,NA,24.98794,-80.9562,NA
"8419",156153,"AOML_FBBB","14",NA,"Nitrate",NA,NA,25.03432,-81.0285,NA
"8420",156168,"AOML_FBBB","12",NA,"Nitrate",NA,NA,25.11216,-81.06664,NA
"8421",156183,"AOML_FBBB","13",NA,"Nitrate",NA,NA,25.113,-81.0967,NA
"8422",156198,"AOML_FBBB","64",NA,"Nitrate",NA,NA,25.16706,-81.1568,NA
"8423",156213,"AOML_FBBB","63",NA,"Nitrate",NA,NA,25.16664,-81.20036,NA
"8424",156228,"AOML_FBBB","62",NA,"Nitrate",NA,NA,25.16676,-81.23562,NA
"8425",156243,"AOML_FBBB","54",NA,"Nitrate",NA,NA,25.34342,-81.15352,NA
"8426",156258,"AOML_FBBB","55",NA,"Nitrate",NA,NA,25.35038,-81.19376,NA
"8427",156273,"AOML_FBBB","56",NA,"Nitrate",NA,NA,25.3499,-81.22776,NA
"8428",156288,"AOML_FBBB","49",NA,"Nitrate",NA,NA,25.58302,-81.29116,NA
"8429",156303,"AOML_FBBB","48",NA,"Nitrate",NA,NA,25.58328,-81.32984,NA
"8430",156318,"AOML_FBBB","47",NA,"Nitrate",NA,NA,25.58274,-81.3658,NA
"8431",156333,"AOML_FBBB","B1",NA,"Nitrate",NA,NA,25.7391,-80.18388,NA
"8432",156348,"AOML_FBBB","B2",NA,"Nitrate",NA,NA,25.68994,-80.24786,NA
"8433",156363,"AOML_FBBB","B16",NA,"Nitrate",NA,NA,25.66162,-80.18654,NA
"8434",156378,"AOML_FBBB","B3",NA,"Nitrate",NA,NA,25.65286,-80.26268,NA
"8435",156393,"AOML_FBBB","B15",NA,"Nitrate",NA,NA,25.57986,-80.19872,NA
"8436",156408,"AOML_FBBB","B17",NA,"Nitrate",NA,NA,25.61494,-80.28968,NA
"8437",156423,"AOML_FBBB","B5",NA,"Nitrate",NA,NA,25.52972,-80.3135,NA
"8438",156438,"AOML_FBBB","B7",NA,"Nitrate",NA,NA,25.46282,-80.32492,NA
"8439",156453,"AOML_FBBB","B14",NA,"Nitrate",NA,NA,25.46764,-80.21384,NA
"8440",156468,"AOML_FBBB","B8",NA,"Nitrate",NA,NA,25.4046,-80.24376,NA
"8441",156483,"AOML_FBBB","B9",NA,"Nitrate",NA,NA,25.33266,-80.32086,NA
"8442",156498,"AOML_FBBB","B10",NA,"Nitrate",NA,NA,25.29628,-80.36162,NA
"8443",156513,"AOML_FBBB","B12",NA,"Nitrate",NA,NA,25.25538,-80.42272,NA
"8444",156528,"AOML_FBBB","B13",NA,"Nitrate",NA,NA,25.17586,-80.42372,NA
"8445",156543,"AOML_FBBB","1",NA,"Nitrate",NA,NA,25.1845,-80.49716,NA
"8446",156558,"AOML_FBBB","2",NA,"Nitrate",NA,NA,25.1677,-80.56172,NA
"8447",156573,"AOML_FBBB","3",NA,"Nitrate",NA,NA,25.1502,-80.62088,NA
"8448",156588,"AOML_FBBB","22",NA,"Nitrate",NA,NA,25.09958,-80.60352,NA
"8449",156603,"AOML_FBBB","21",NA,"Nitrate",NA,NA,25.11338,-80.5138,NA
"8450",156618,"AOML_FBBB","20",NA,"Nitrate",NA,NA,25.06666,-80.49228,NA
"8451",156633,"AOML_FBBB","19",NA,"Nitrate",NA,NA,25.01912,-80.54924,NA
"8452",156648,"AOML_FBBB","40",NA,"Nitrate",NA,NA,25.01688,-80.59862,NA
"8453",156663,"AOML_FBBB","23",NA,"Nitrate",NA,NA,25.05558,-80.62466,NA
"8454",156678,"AOML_FBBB","24",NA,"Nitrate",NA,NA,25.0634,-80.667,NA
"8455",156693,"AOML_FBBB","25",NA,"Nitrate",NA,NA,25.06004,-80.7172,NA
"8456",156708,"AOML_FBBB","4",NA,"Nitrate",NA,NA,25.1323,-80.67926,NA
"8457",156723,"AOML_FBBB","5",NA,"Nitrate",NA,NA,25.11546,-80.71948,NA
"8458",156738,"AOML_FBBB","6",NA,"Nitrate",NA,NA,25.06996,-80.75888,NA
"8459",156753,"AOML_FBBB","7",NA,"Nitrate",NA,NA,25.11728,-80.79444,NA
"8460",156768,"AOML_FBBB","8",NA,"Nitrate",NA,NA,25.11708,-80.79434,NA
"8461",156783,"AOML_FBBB","9",NA,"Nitrate",NA,NA,25.12822,-80.86422,NA
"8462",156798,"AOML_FBBB","10",NA,"Nitrate",NA,NA,25.1267,-80.9064,NA
"8463",156813,"AOML_FBBB","11",NA,"Nitrate",NA,NA,25.11114,-80.99664,NA
"8464",156828,"AOML_FBBB","33",NA,"Nitrate",NA,NA,25.07458,-80.99964,NA
"8465",156843,"AOML_FBBB","32",NA,"Nitrate",NA,NA,25.01094,-80.92582,NA
"8466",156858,"AOML_FBBB","31",NA,"Nitrate",NA,NA,25.01114,-80.86874,NA
"8467",156873,"AOML_FBBB","35",NA,"Nitrate",NA,NA,24.97102,-80.87916,NA
"8468",156888,"AOML_FBBB","30",NA,"Nitrate",NA,NA,24.97554,-80.8351,NA
"8469",156903,"AOML_FBBB","29",NA,"Nitrate",NA,NA,24.99828,-80.81122,NA
"8470",156918,"AOML_FBBB","28",NA,"Nitrate",NA,NA,25.00076,-80.78494,NA
"8471",156933,"AOML_FBBB","27",NA,"Nitrate",NA,NA,25.0055,-80.74878,NA
"8472",156948,"AOML_FBBB","26",NA,"Nitrate",NA,NA,25.02432,-80.72158,NA
"8473",156963,"AOML_FBBB","36",NA,"Nitrate",NA,NA,24.95942,-80.7942,NA
"8474",156978,"AOML_FBBB","37",NA,"Nitrate",NA,NA,24.93278,-80.76176,NA
"8475",156993,"AOML_FBBB","38",NA,"Nitrate",NA,NA,24.98604,-80.6972,NA
"8476",157008,"AOML_FBBB","39",NA,"Nitrate",NA,NA,25.00784,-80.64668,NA
"8477",157023,"AOML_FBBB","18",NA,"Nitrate",NA,NA,24.97774,-80.61146,NA
"8478",157038,"AOML_FBBB","17",NA,"Nitrate",NA,NA,24.92214,-80.70928,NA
"8479",157053,"AOML_FBBB","16",NA,"Nitrate",NA,NA,24.87506,-80.83144,NA
"8480",157068,"AOML_FBBB","15",NA,"Nitrate",NA,NA,24.93196,-80.94866,NA
"8481",157083,"AOML_FBBB","34",NA,"Nitrate",NA,NA,24.98846,-80.9561,NA
"8482",157098,"AOML_FBBB","14",NA,"Nitrate",NA,NA,25.03492,-81.0289,NA
"8483",157113,"AOML_FBBB","12",NA,"Nitrate",NA,NA,25.11276,-81.06638,NA
"8484",157128,"AOML_FBBB","13",NA,"Nitrate",NA,NA,25.11326,-81.09704,NA
"8485",157143,"AOML_FBBB","64",NA,"Nitrate",NA,NA,25.1674,-81.15674,NA
"8486",157158,"AOML_FBBB","63",NA,"Nitrate",NA,NA,25.16676,-81.20046,NA
"8487",157173,"AOML_FBBB","62",NA,"Nitrate",NA,NA,25.16692,-81.2355,NA
"8488",157188,"AOML_FBBB","54",NA,"Nitrate",NA,NA,25.34464,-81.15384,NA
"8489",157203,"AOML_FBBB","55",NA,"Nitrate",NA,NA,25.35014,-81.19372,NA
"8490",157218,"AOML_FBBB","56",NA,"Nitrate",NA,NA,25.35022,-81.22806,NA
"8491",157233,"AOML_FBBB","57",NA,"Nitrate",NA,NA,25.35154,-81.26518,NA
"8492",157248,"AOML_FBBB","53",NA,"Nitrate",NA,NA,25.4528,-81.22526,NA
"8493",157263,"AOML_FBBB","52",NA,"Nitrate",NA,NA,25.4533,-81.2598,NA
"8494",157278,"AOML_FBBB","51",NA,"Nitrate",NA,NA,25.45348,-81.3071,NA
"8495",157293,"AOML_FBBB","50",NA,"Nitrate",NA,NA,25.45296,-81.34956,NA
"8496",157308,"AOML_FBBB","49",NA,"Nitrate",NA,NA,25.58334,-81.29134,NA
"8497",157323,"AOML_FBBB","48",NA,"Nitrate",NA,NA,25.58358,-81.3303,NA
"8498",157338,"AOML_FBBB","47",NA,"Nitrate",NA,NA,25.5832,-81.3664,NA
"8499",157353,"AOML_FBBB","47",NA,"Nitrate",NA,NA,25.5827,-81.36672,NA
"8500",157368,"AOML_FBBB","48",NA,"Nitrate",NA,NA,25.58314,-81.32946,NA
"8501",157383,"AOML_FBBB","49",NA,"Nitrate",NA,NA,25.58324,-81.29096,NA
"8502",157398,"AOML_FBBB","57",NA,"Nitrate",NA,NA,25.35106,-81.26534,NA
"8503",157413,"AOML_FBBB","56",NA,"Nitrate",NA,NA,25.34972,-81.22718,NA
"8504",157428,"AOML_FBBB","55",NA,"Nitrate",NA,NA,25.35058,-81.1927,NA
"8505",157443,"AOML_FBBB","54",NA,"Nitrate",NA,NA,25.34534,-81.15246,NA
"8506",157458,"AOML_FBBB","62",NA,"Nitrate",NA,NA,25.16716,-81.235,NA
"8507",157473,"AOML_FBBB","63",NA,"Nitrate",NA,NA,25.16704,-81.19976,NA
"8508",157488,"AOML_FBBB","64",NA,"Nitrate",NA,NA,25.16698,-81.1569,NA
"8509",157503,"AOML_FBBB","13",NA,"Nitrate",NA,NA,25.11292,-81.09656,NA
"8510",157518,"AOML_FBBB","12",NA,"Nitrate",NA,NA,25.11288,-81.06594,NA
"8511",157533,"AOML_FBBB","14",NA,"Nitrate",NA,NA,25.03484,-81.02884,NA
"8512",157548,"AOML_FBBB","34",NA,"Nitrate",NA,NA,24.98836,-80.95592,NA
"8513",157563,"AOML_FBBB","15",NA,"Nitrate",NA,NA,24.93172,-80.94956,NA
"8514",157578,"AOML_FBBB","16",NA,"Nitrate",NA,NA,24.87536,-80.8317,NA
"8515",157593,"AOML_FBBB","17",NA,"Nitrate",NA,NA,24.92244,-80.70916,NA
"8516",157608,"AOML_FBBB","40",NA,"Nitrate",NA,NA,25.01742,-80.5985,NA
"8517",157623,"AOML_FBBB","23",NA,"Nitrate",NA,NA,25.0562,-80.6247,NA
"8518",157638,"AOML_FBBB","24",NA,"Nitrate",NA,NA,25.06344,-80.66752,NA
"8519",157653,"AOML_FBBB","25",NA,"Nitrate",NA,NA,25.05994,-80.718,NA
"8520",157668,"AOML_FBBB","4",NA,"Nitrate",NA,NA,25.13202,-80.67938,NA
"8521",157683,"AOML_FBBB","5",NA,"Nitrate",NA,NA,25.11532,-80.71998,NA
"8522",157698,"AOML_FBBB","6",NA,"Nitrate",NA,NA,25.06964,-80.75898,NA
"8523",157713,"AOML_FBBB","7",NA,"Nitrate",NA,NA,25.11706,-80.79486,NA
"8524",157728,"AOML_FBBB","8",NA,"Nitrate",NA,NA,25.1277,-80.8636,NA
"8525",157743,"AOML_FBBB","9",NA,"Nitrate",NA,NA,25.12676,-80.9057,NA
"8526",157758,"AOML_FBBB","10",NA,"Nitrate",NA,NA,25.11122,-80.99632,NA
"8527",157773,"AOML_FBBB","11",NA,"Nitrate",NA,NA,25.0745,-81.00014,NA
"8528",157788,"AOML_FBBB","33",NA,"Nitrate",NA,NA,25.05384,-80.92034,NA
"8529",157803,"AOML_FBBB","32",NA,"Nitrate",NA,NA,25.01078,-80.92604,NA
"8530",157818,"AOML_FBBB","31",NA,"Nitrate",NA,NA,25.01102,-80.86892,NA
"8531",157833,"AOML_FBBB","35",NA,"Nitrate",NA,NA,24.97094,-80.88002,NA
"8532",157848,"AOML_FBBB","30",NA,"Nitrate",NA,NA,24.97576,-80.83502,NA
"8533",157863,"AOML_FBBB","29",NA,"Nitrate",NA,NA,24.99866,-80.81152,NA
"8534",157878,"AOML_FBBB","28",NA,"Nitrate",NA,NA,25.00086,-80.78498,NA
"8535",157893,"AOML_FBBB","27",NA,"Nitrate",NA,NA,25.00538,-80.74914,NA
"8536",157908,"AOML_FBBB","26",NA,"Nitrate",NA,NA,25.02438,-80.72214,NA
"8537",157923,"AOML_FBBB","36",NA,"Nitrate",NA,NA,24.95942,-80.79414,NA
"8538",157938,"AOML_FBBB","37",NA,"Nitrate",NA,NA,24.93262,-80.76184,NA
"8539",157953,"AOML_FBBB","38",NA,"Nitrate",NA,NA,24.98594,-80.69778,NA
"8540",157968,"AOML_FBBB","39",NA,"Nitrate",NA,NA,25.00804,-80.64656,NA
"8541",157983,"AOML_FBBB","18",NA,"Nitrate",NA,NA,24.9777,-80.61194,NA
"8542",157998,"AOML_FBBB","19",NA,"Nitrate",NA,NA,25.01972,-80.54934,NA
"8543",158013,"AOML_FBBB","20",NA,"Nitrate",NA,NA,25.06742,-80.49332,NA
"8544",158028,"AOML_FBBB","21",NA,"Nitrate",NA,NA,25.11356,-80.5147,NA
"8545",158043,"AOML_FBBB","22",NA,"Nitrate",NA,NA,25.10012,-80.60488,NA
"8546",158058,"AOML_FBBB","3",NA,"Nitrate",NA,NA,25.1506,-80.62068,NA
"8547",158073,"AOML_FBBB","2",NA,"Nitrate",NA,NA,25.16768,-80.56188,NA
"8548",158088,"AOML_FBBB","1",NA,"Nitrate",NA,NA,25.1843,-80.4968,NA
"8549",158103,"AOML_FBBB","B13",NA,"Nitrate",NA,NA,25.1762,-80.42356,NA
"8550",158118,"AOML_FBBB","B12",NA,"Nitrate",NA,NA,25.25612,-80.42278,NA
"8551",158133,"AOML_FBBB","B11",NA,"Nitrate",NA,NA,25.23908,-80.37622,NA
"8552",158148,"AOML_FBBB","B10",NA,"Nitrate",NA,NA,25.29752,-80.36164,NA
"8553",158163,"AOML_FBBB","B9",NA,"Nitrate",NA,NA,25.334,-80.3217,NA
"8554",158178,"AOML_FBBB","B8",NA,"Nitrate",NA,NA,25.40548,-80.24338,NA
"8555",158193,"AOML_FBBB","B14",NA,"Nitrate",NA,NA,25.46842,-80.2137,NA
"8556",158208,"AOML_FBBB","B6",NA,"Nitrate",NA,NA,25.4929,-80.25268,NA
"8557",158223,"AOML_FBBB","B7",NA,"Nitrate",NA,NA,25.4631,-80.32586,NA
"8558",158238,"AOML_FBBB","B5",NA,"Nitrate",NA,NA,25.52992,-80.31424,NA
"8559",158253,"AOML_FBBB","B4",NA,"Nitrate",NA,NA,25.59202,-80.2648,NA
"8560",158268,"AOML_FBBB","B17",NA,"Nitrate",NA,NA,25.61544,-80.29074,NA
"8561",158283,"AOML_FBBB","B15",NA,"Nitrate",NA,NA,25.57988,-80.19928,NA
"8562",158298,"AOML_FBBB","B3",NA,"Nitrate",NA,NA,25.65404,-80.2642,NA
"8563",158313,"AOML_FBBB","B16",NA,"Nitrate",NA,NA,25.66206,-80.18834,NA
"8564",158328,"AOML_FBBB","B2",NA,"Nitrate",NA,NA,25.68996,-80.24844,NA
"8565",158343,"AOML_FBBB","B1",NA,"Nitrate",NA,NA,25.73838,-80.1836,NA
"8566",158358,"AOML_FBBB","B1",NA,"Nitrate",NA,NA,25.73678,-80.18292,NA
"8567",158373,"AOML_FBBB","B2",NA,"Nitrate",NA,NA,25.69034,-80.24706,NA
"8568",158388,"AOML_FBBB","B16",NA,"Nitrate",NA,NA,25.66146,-80.18726,NA
"8569",158403,"AOML_FBBB","B3",NA,"Nitrate",NA,NA,25.6536,-80.26312,NA
"8570",158418,"AOML_FBBB","B15",NA,"Nitrate",NA,NA,25.57916,-80.19978,NA
"8571",158433,"AOML_FBBB","B17",NA,"Nitrate",NA,NA,25.6146,-80.2896,NA
"8572",158448,"AOML_FBBB","B4",NA,"Nitrate",NA,NA,25.59068,-80.26366,NA
"8573",158463,"AOML_FBBB","B5",NA,"Nitrate",NA,NA,25.52884,-80.3153,NA
"8574",158478,"AOML_FBBB","B7",NA,"Nitrate",NA,NA,25.46294,-80.325,NA
"8575",158493,"AOML_FBBB","B6",NA,"Nitrate",NA,NA,25.4927,-80.2523,NA
"8576",158508,"AOML_FBBB","B14",NA,"Nitrate",NA,NA,25.46906,-80.2148,NA
"8577",158523,"AOML_FBBB","B8",NA,"Nitrate",NA,NA,25.40568,-80.24346,NA
"8578",158538,"AOML_FBBB","B9",NA,"Nitrate",NA,NA,25.33374,-80.3214,NA
"8579",158553,"AOML_FBBB","B10",NA,"Nitrate",NA,NA,25.29734,-80.36132,NA
"8580",158568,"AOML_FBBB","B11",NA,"Nitrate",NA,NA,25.23868,-80.37576,NA
"8581",158583,"AOML_FBBB","20",NA,"Nitrate",NA,NA,25.0665,-80.49224,NA
"8582",158598,"AOML_FBBB","19",NA,"Nitrate",NA,NA,25.01914,-80.54888,NA
"8583",158613,"AOML_FBBB","21",NA,"Nitrate",NA,NA,25.11322,-80.51438,NA
"8584",158628,"AOML_FBBB","1",NA,"Nitrate",NA,NA,25.18372,-80.49636,NA
"8585",158643,"AOML_FBBB","2",NA,"Nitrate",NA,NA,25.16724,-80.56182,NA
"8586",158658,"AOML_FBBB","3",NA,"Nitrate",NA,NA,25.15012,-80.6205,NA
"8587",158673,"AOML_FBBB","22",NA,"Nitrate",NA,NA,25.1001,-80.60362,NA
"8588",158688,"AOML_FBBB","23",NA,"Nitrate",NA,NA,25.0552,-80.62464,NA
"8589",158703,"AOML_FBBB","24",NA,"Nitrate",NA,NA,25.06332,-80.66694,NA
"8590",158718,"AOML_FBBB","25",NA,"Nitrate",NA,NA,25.0602,-80.71728,NA
"8591",158733,"AOML_FBBB","4",NA,"Nitrate",NA,NA,25.132,-80.67904,NA
"8592",158748,"AOML_FBBB","5",NA,"Nitrate",NA,NA,25.1156,-80.71948,NA
"8593",158763,"AOML_FBBB","6",NA,"Nitrate",NA,NA,25.07004,-80.75882,NA
"8594",158778,"AOML_FBBB","7",NA,"Nitrate",NA,NA,25.11732,-80.79408,NA
"8595",158793,"AOML_FBBB","8",NA,"Nitrate",NA,NA,25.12794,-80.86404,NA
"8596",158808,"AOML_FBBB","9",NA,"Nitrate",NA,NA,25.12662,-80.90594,NA
"8597",158823,"AOML_FBBB","10",NA,"Nitrate",NA,NA,25.1114,-80.99598,NA
"8598",158838,"AOML_FBBB","11",NA,"Nitrate",NA,NA,25.07442,-80.99962,NA
"8599",158853,"AOML_FBBB","33",NA,"Nitrate",NA,NA,25.0542,-80.9199,NA
"8600",158868,"AOML_FBBB","32",NA,"Nitrate",NA,NA,25.01176,-80.92572,NA
"8601",158883,"AOML_FBBB","31",NA,"Nitrate",NA,NA,25.01094,-80.86828,NA
"8602",158898,"AOML_FBBB","35",NA,"Nitrate",NA,NA,24.97144,-80.87892,NA
"8603",158913,"AOML_FBBB","30",NA,"Nitrate",NA,NA,24.97552,-80.83514,NA
"8604",158928,"AOML_FBBB","29",NA,"Nitrate",NA,NA,24.99858,-80.8114,NA
"8605",158943,"AOML_FBBB","28",NA,"Nitrate",NA,NA,25.00098,-80.78488,NA
"8606",158958,"AOML_FBBB","27",NA,"Nitrate",NA,NA,25.00566,-80.74884,NA
"8607",158973,"AOML_FBBB","26",NA,"Nitrate",NA,NA,25.02426,-80.7216,NA
"8608",158988,"AOML_FBBB","36",NA,"Nitrate",NA,NA,24.95984,-80.79332,NA
"8609",159003,"AOML_FBBB","37",NA,"Nitrate",NA,NA,24.93258,-80.76124,NA
"8610",159018,"AOML_FBBB","38",NA,"Nitrate",NA,NA,24.98592,-80.69748,NA
"8611",159033,"AOML_FBBB","39",NA,"Nitrate",NA,NA,25.00776,-80.64646,NA
"8612",159048,"AOML_FBBB","40",NA,"Nitrate",NA,NA,25.01736,-80.5986,NA
"8613",159063,"AOML_FBBB","18",NA,"Nitrate",NA,NA,24.97778,-80.61126,NA
"8614",159078,"AOML_FBBB","17",NA,"Nitrate",NA,NA,24.92232,-80.70894,NA
"8615",159093,"AOML_FBBB","16",NA,"Nitrate",NA,NA,24.87494,-80.83094,NA
"8616",159108,"AOML_FBBB","15",NA,"Nitrate",NA,NA,24.93164,-80.94906,NA
"8617",159123,"AOML_FBBB","34",NA,"Nitrate",NA,NA,24.9943,-80.9675,NA
"8618",159138,"AOML_FBBB","14",NA,"Nitrate",NA,NA,25.03518,-81.02852,NA
"8619",159153,"AOML_FBBB","12",NA,"Nitrate",NA,NA,25.1123,-81.06702,NA
"8620",159168,"AOML_FBBB","13",NA,"Nitrate",NA,NA,25.1134,-81.09666,NA
"8621",159183,"AOML_FBBB","64",NA,"Nitrate",NA,NA,25.16706,-81.15698,NA
"8622",159198,"AOML_FBBB","63",NA,"Nitrate",NA,NA,25.16704,-81.20038,NA
"8623",159213,"AOML_FBBB","62",NA,"Nitrate",NA,NA,25.16712,-81.23504,NA
"8624",159228,"AOML_FBBB","54",NA,"Nitrate",NA,NA,25.3453,-81.15312,NA
"8625",159243,"AOML_FBBB","55",NA,"Nitrate",NA,NA,25.35032,-81.19354,NA
"8626",159258,"AOML_FBBB","56",NA,"Nitrate",NA,NA,25.35042,-81.2265,NA
"8627",159273,"AOML_FBBB","57",NA,"Nitrate",NA,NA,25.35062,-81.26448,NA
"8628",159288,"AOML_FBBB","49",NA,"Nitrate",NA,NA,25.5836,-81.29078,NA
"8629",159303,"AOML_FBBB","48",NA,"Nitrate",NA,NA,25.5845,-81.32742,NA
"8630",159318,"AOML_FBBB","B1",NA,"Nitrate",NA,NA,25.7388,-80.18428,NA
"8631",159333,"AOML_FBBB","B2",NA,"Nitrate",NA,NA,25.68976,-80.24872,NA
"8632",159348,"AOML_FBBB","B16",NA,"Nitrate",NA,NA,25.66186,-80.1875,NA
"8633",159363,"AOML_FBBB","B3",NA,"Nitrate",NA,NA,25.65876,-80.19718,NA
"8634",159378,"AOML_FBBB","B15",NA,"Nitrate",NA,NA,25.57974,-80.19862,NA
"8635",159393,"AOML_FBBB","B17",NA,"Nitrate",NA,NA,25.61534,-80.29076,NA
"8636",159408,"AOML_FBBB","B4",NA,"Nitrate",NA,NA,25.5908,-80.26346,NA
"8637",159423,"AOML_FBBB","B5",NA,"Nitrate",NA,NA,25.52998,-80.31404,NA
"8638",159438,"AOML_FBBB","B7",NA,"Nitrate",NA,NA,25.46308,-80.32572,NA
"8639",159453,"AOML_FBBB","B6",NA,"Nitrate",NA,NA,25.49254,-80.25154,NA
"8640",159468,"AOML_FBBB","B14",NA,"Nitrate",NA,NA,25.46792,-80.21334,NA
"8641",159483,"AOML_FBBB","B8",NA,"Nitrate",NA,NA,25.40442,-80.24354,NA
"8642",159498,"AOML_FBBB","B9",NA,"Nitrate",NA,NA,25.33298,-80.32102,NA
"8643",159513,"AOML_FBBB","B10",NA,"Nitrate",NA,NA,25.29664,-80.36198,NA
"8644",159528,"AOML_FBBB","B11",NA,"Nitrate",NA,NA,25.2387,-80.37652,NA
"8645",159543,"AOML_FBBB","B12",NA,"Nitrate",NA,NA,25.25516,-80.42308,NA
"8646",159558,"AOML_FBBB","B13",NA,"Nitrate",NA,NA,25.17574,-80.42414,NA
"8647",159573,"AOML_FBBB","1",NA,"Nitrate",NA,NA,25.18426,-80.49738,NA
"8648",159588,"AOML_FBBB","2",NA,"Nitrate",NA,NA,25.16736,-80.56238,NA
"8649",159603,"AOML_FBBB","3",NA,"Nitrate",NA,NA,25.1501,-80.62088,NA
"8650",159618,"AOML_FBBB","22",NA,"Nitrate",NA,NA,25.09922,-80.60382,NA
"8651",159633,"AOML_FBBB","21",NA,"Nitrate",NA,NA,25.11346,-80.51442,NA
"8652",159648,"AOML_FBBB","20",NA,"Nitrate",NA,NA,25.06686,-80.4926,NA
"8653",159663,"AOML_FBBB","19",NA,"Nitrate",NA,NA,25.01882,-80.54984,NA
"8654",159678,"AOML_FBBB","40",NA,"Nitrate",NA,NA,25.01738,-80.59834,NA
"8655",159693,"AOML_FBBB","23",NA,"Nitrate",NA,NA,25.05612,-80.62434,NA
"8656",159708,"AOML_FBBB","24",NA,"Nitrate",NA,NA,25.06364,-80.66734,NA
"8657",159723,"AOML_FBBB","25",NA,"Nitrate",NA,NA,25.06006,-80.718,NA
"8658",159738,"AOML_FBBB","4",NA,"Nitrate",NA,NA,25.13204,-80.67906,NA
"8659",159753,"AOML_FBBB","5",NA,"Nitrate",NA,NA,25.11546,-80.7197,NA
"8660",159768,"AOML_FBBB","6",NA,"Nitrate",NA,NA,25.07022,-80.7587,NA
"8661",159783,"AOML_FBBB","7",NA,"Nitrate",NA,NA,25.11754,-80.79474,NA
"8662",159798,"AOML_FBBB","8",NA,"Nitrate",NA,NA,25.12836,-80.86406,NA
"8663",159813,"AOML_FBBB","9",NA,"Nitrate",NA,NA,25.1266,-80.90656,NA
"8664",159828,"AOML_FBBB","10",NA,"Nitrate",NA,NA,25.1114,-80.99626,NA
"8665",159843,"AOML_FBBB","11",NA,"Nitrate",NA,NA,25.07446,-80.9997,NA
"8666",159858,"AOML_FBBB","33",NA,"Nitrate",NA,NA,25.05424,-80.91984,NA
"8667",159873,"AOML_FBBB","32",NA,"Nitrate",NA,NA,25.0116,-80.92604,NA
"8668",159888,"AOML_FBBB","31",NA,"Nitrate",NA,NA,25.01124,-80.86852,NA
"8669",159903,"AOML_FBBB","35",NA,"Nitrate",NA,NA,24.97088,-80.87942,NA
"8670",159918,"AOML_FBBB","30",NA,"Nitrate",NA,NA,24.9754,-80.83488,NA
"8671",159933,"AOML_FBBB","29",NA,"Nitrate",NA,NA,24.9989,-80.81102,NA
"8672",159948,"AOML_FBBB","28",NA,"Nitrate",NA,NA,25.0006,-80.78438,NA
"8673",159963,"AOML_FBBB","27",NA,"Nitrate",NA,NA,25.00572,-80.74874,NA
"8674",159978,"AOML_FBBB","26",NA,"Nitrate",NA,NA,25.02432,-80.72196,NA
"8675",159993,"AOML_FBBB","36",NA,"Nitrate",NA,NA,24.95976,-80.79344,NA
"8676",160008,"AOML_FBBB","37",NA,"Nitrate",NA,NA,24.9327,-80.7614,NA
"8677",160023,"AOML_FBBB","38",NA,"Nitrate",NA,NA,24.98598,-80.69744,NA
"8678",160038,"AOML_FBBB","39",NA,"Nitrate",NA,NA,25.00798,-80.64618,NA
"8679",160053,"AOML_FBBB","18",NA,"Nitrate",NA,NA,24.97762,-80.6112,NA
"8680",160068,"AOML_FBBB","17",NA,"Nitrate",NA,NA,24.92224,-80.70946,NA
"8681",160083,"AOML_FBBB","16",NA,"Nitrate",NA,NA,24.87554,-80.83122,NA
"8682",160098,"AOML_FBBB","15",NA,"Nitrate",NA,NA,24.93198,-80.94916,NA
"8683",160113,"AOML_FBBB","34",NA,"Nitrate",NA,NA,24.98874,-80.95616,NA
"8684",160128,"AOML_FBBB","14",NA,"Nitrate",NA,NA,25.03526,-81.0286,NA
"8685",160143,"AOML_FBBB","12",NA,"Nitrate",NA,NA,25.11322,-81.06672,NA
"8686",160158,"AOML_FBBB","13",NA,"Nitrate",NA,NA,25.1136,-81.09752,NA
"8687",160173,"AOML_FBBB","64",NA,"Nitrate",NA,NA,25.16788,-81.15744,NA
"8688",160188,"AOML_FBBB","63",NA,"Nitrate",NA,NA,25.16726,-81.20108,NA
"8689",160203,"AOML_FBBB","62",NA,"Nitrate",NA,NA,25.16692,-81.23576,NA
"8690",160218,"AOML_FBBB","54",NA,"Nitrate",NA,NA,25.3457,-81.1528,NA
"8691",160233,"AOML_FBBB","55",NA,"Nitrate",NA,NA,25.35064,-81.19358,NA
"8692",160248,"AOML_FBBB","56",NA,"Nitrate",NA,NA,25.35028,-81.22716,NA
"8693",160263,"AOML_FBBB","57",NA,"Nitrate",NA,NA,25.3521,-81.26494,NA
"8694",160278,"AOML_FBBB","49",NA,"Nitrate",NA,NA,25.58414,-81.29142,NA
"8695",160293,"AOML_FBBB","48",NA,"Nitrate",NA,NA,25.58342,-81.33036,NA
"8696",160308,"AOML_FBBB","47",NA,"Nitrate",NA,NA,25.58334,-81.3666,NA
"8697",160323,"AOML_FBBB","B1",NA,"Nitrate",1.799,NA,25.7383,-80.18452,NA
"8698",160338,"AOML_FBBB","BB22",NA,"Nitrate",1.554,NA,25.75757,-80.17647,NA
"8699",160353,"AOML_FBBB","BB23",NA,"Nitrate",2.122,NA,25.80113,-80.16384,NA
"8700",160368,"AOML_FBBB","A16",NA,"Nitrate",1.072,NA,25.73074,-80.22475,NA
"8701",160383,"AOML_FBBB","A14",NA,"Nitrate",1.203,NA,25.70123,-80.24362,NA
"8702",160398,"AOML_FBBB","C1",NA,"Nitrate",43.273,NA,25.70525,-80.25916,NA
"8703",160413,"AOML_FBBB","C2",NA,"Nitrate",59.973,NA,25.71024,-80.26543,NA
"8704",160428,"AOML_FBBB","C3",NA,"Nitrate",61.631,NA,25.70717,-80.27528,NA
"8705",160443,"AOML_FBBB","C4",NA,"Nitrate",57.602,NA,25.72046,-80.26723,NA
"8706",160458,"AOML_FBBB","C5",NA,"Nitrate",63.099,NA,25.72952,-80.2725,NA
"8707",160473,"AOML_FBBB","C6",NA,"Nitrate",29.085,NA,25.73412,-80.2745,NA
"8708",160488,"AOML_FBBB","B2",NA,"Nitrate",0.97,NA,25.69059,-80.24844,NA
"8709",160503,"AOML_FBBB","B3",NA,"Nitrate",0.641,NA,25.65466,-80.25016,NA
"8710",160518,"AOML_FBBB","A13",NA,"Nitrate",12.3,NA,25.65583,-80.26568,NA
"8711",160533,"AOML_FBBB","C7",NA,"Nitrate",10.136,NA,25.66602,-80.27937,NA
"8712",160548,"AOML_FBBB","C8",NA,"Nitrate",9.84,NA,25.66948,-80.28405,NA
"8713",160563,"AOML_FBBB","J6",NA,"Nitrate",4.994,NA,25.62521,-80.28304,NA
"8714",160578,"AOML_FBBB","B17",NA,"Nitrate",0.4,NA,25.6145,-80.2914,NA
"8715",160593,"AOML_FBBB","J8",NA,"Nitrate",12.288,NA,25.61222,-80.30247,NA
"8716",160608,"AOML_FBBB","B4",NA,"Nitrate",2.408,NA,25.59115,-80.26387,NA
"8717",160623,"AOML_FBBB","J12",NA,"Nitrate",1.597,NA,25.56663,-80.29905,NA
"8718",160638,"AOML_FBBB","J17",NA,"Nitrate",12.174,NA,25.53636,-80.31205,NA
"8719",160653,"AOML_FBBB","B5",NA,"Nitrate",16.502,NA,25.52991,-80.31431,NA
"8720",160668,"AOML_FBBB","C9",NA,"Nitrate",18.337,NA,25.54028,-80.32854,NA
"8721",160683,"AOML_FBBB","C10",NA,"Nitrate",14.437,NA,25.53698,-80.33057,NA
"8722",160698,"AOML_FBBB","B15",NA,"Nitrate",0,NA,25.57966,-80.19897,NA
"8723",160713,"AOML_FBBB","B16",NA,"Nitrate",0,NA,25.66178,-80.1873,NA
"8724",160728,"AOML_FBBB","C11",NA,"Nitrate",80.655,NA,25.51919,-80.33028,NA
"8725",160743,"AOML_FBBB","C12",NA,"Nitrate",184.565,NA,25.51935,-80.34563,NA
"8726",160758,"AOML_FBBB","J27",NA,"Nitrate",36.603,NA,25.50168,-80.32732,NA
"8727",160773,"AOML_FBBB","J32",NA,"Nitrate",10.494,NA,25.48979,-80.32786,NA
"8728",160788,"AOML_FBBB","C13",NA,"Nitrate",59.126,NA,25.48993,-80.33812,NA
"8729",160803,"AOML_FBBB","C14",NA,"Nitrate",65.824,NA,25.48962,-80.3461,NA
"8730",160818,"AOML_FBBB","C15",NA,"Nitrate",44.284,NA,25.4703,-80.3365,NA
"8731",160833,"AOML_FBBB","C16",NA,"Nitrate",47.942,NA,25.47042,-80.34527,NA
"8732",160848,"AOML_FBBB","J39",NA,"Nitrate",28.431,NA,25.46719,-80.33104,NA
"8733",160863,"AOML_FBBB","B7",NA,"Nitrate",5.37,NA,25.463,-80.32596,NA
"8734",160878,"AOML_FBBB","C17",NA,"Nitrate",3.913,NA,25.46325,-80.33483,NA
"8735",160893,"AOML_FBBB","J42",NA,"Nitrate",0.702,NA,25.45445,-80.33009,NA
"8736",160908,"AOML_FBBB","J45",NA,"Nitrate",0.03,NA,25.44008,-80.31699,NA
"8737",160923,"AOML_FBBB","A7",NA,"Nitrate",0,NA,25.40609,-80.32357,NA
"8738",160938,"AOML_FBBB","A11",NA,"Nitrate",0,NA,25.37292,-80.30824,NA
"8739",160953,"AOML_FBBB","A12",NA,"Nitrate",0.001,NA,25.34579,-80.33091,NA
"8740",160968,"AOML_FBBB","C18",NA,"Nitrate",0.113,NA,25.34668,-80.33242,NA
"8741",160983,"AOML_FBBB","C19",NA,"Nitrate",0.037,NA,25.34549,-80.3309,NA
"8742",160998,"AOML_FBBB","C20",NA,"Nitrate",0,NA,25.35222,-80.3478,NA
"8743",161013,"AOML_FBBB","B9",NA,"Nitrate",0,NA,25.33288,-80.32074,NA
"8744",161028,"AOML_FBBB","BB5",NA,"Nitrate",NA,NA,25.2982,-80.34727,NA
"8745",161043,"AOML_FBBB","B10",NA,"Nitrate",0,NA,25.29677,-80.36122,NA
"8746",161058,"AOML_FBBB","BB4",NA,"Nitrate",0.018,NA,25.26846,-80.36761,NA
"8747",161073,"AOML_FBBB","BB3",NA,"Nitrate",0,NA,25.22453,-80.38849,NA
"8748",161088,"AOML_FBBB","B12",NA,"Nitrate",0,NA,25.25597,-80.42281,NA
"8749",161103,"AOML_FBBB","C21",NA,"Nitrate",2.624,NA,25.28689,-80.44176,NA
"8750",161118,"AOML_FBBB","B8",NA,"Nitrate",0.817,NA,25.40527,-80.24323,NA
"8751",161133,"AOML_FBBB","B14",NA,"Nitrate",0.073,NA,25.46796,-80.21279,NA
"8752",161148,"AOML_FBBB","B6",NA,"Nitrate",0.206,NA,25.49266,-80.25194,NA
"8753",161163,"AOML_FBBB","B1",NA,"Nitrate",6.645,NA,25.7376833333333,-80.1834333333333,NA
"8754",161178,"AOML_FBBB","B2",NA,"Nitrate",14.185,NA,25.6904,-80.2480333333333,NA
"8755",161193,"AOML_FBBB","A14",NA,"Nitrate",32.83,NA,25.7006166666667,-80.2429666666667,NA
"8756",161208,"AOML_FBBB","C1",NA,"Nitrate",80.46,NA,25.7051833333333,-80.2580333333333,NA
"8757",161223,"AOML_FBBB","C2",NA,"Nitrate",92.935,NA,25.71015,-80.2653333333333,NA
"8758",161238,"AOML_FBBB","C3",NA,"Nitrate",76.1,NA,25.7071166666667,-80.2768166666667,NA
"8759",161253,"AOML_FBBB","C4",NA,"Nitrate",92.5,NA,25.7175,-80.2673,NA
"8760",161268,"AOML_FBBB","B3",NA,"Nitrate",18.48,NA,25.6558166666667,-80.2655833333333,NA
"8761",161283,"AOML_FBBB","C7",NA,"Nitrate",18.37,NA,25.6657666666667,-80.2791333333333,NA
"8762",161298,"AOML_FBBB","C8",NA,"Nitrate",18.24,NA,25.6692833333333,-80.2837333333333,NA
"8763",161313,"AOML_FBBB","B16",NA,"Nitrate",4.665,NA,25.6611333333333,-80.1885833333333,NA
"8764",161328,"AOML_FBBB","B15",NA,"Nitrate",2.915,NA,25.5843333333333,-80.1992333333333,NA
"8765",161343,"AOML_FBBB","J6",NA,"Nitrate",8.535,NA,25.62515,-80.2835166666667,NA
"8766",161358,"AOML_FBBB","B17",NA,"Nitrate",12.198,NA,25.6157666666667,-80.29105,NA
"8767",161373,"AOML_FBBB","B5",NA,"Nitrate",61.47,NA,25.5297666666667,-80.3131833333333,NA
"8768",161388,"AOML_FBBB","C9",NA,"Nitrate",113.365,NA,25.5405833333333,-80.32845,NA
"8769",161403,"AOML_FBBB","C10",NA,"Nitrate",69.64,NA,25.5367833333333,-80.33015,NA
"8770",161418,"AOML_FBBB","C11",NA,"Nitrate",164.385,NA,25.519,-80.3268666666667,NA
"8771",161433,"AOML_FBBB","C13",NA,"Nitrate",56.27,NA,25.4896166666667,-80.3378666666667,NA
"8772",161448,"AOML_FBBB","C14",NA,"Nitrate",57.62,NA,25.4895166666667,-80.3457833333333,NA
"8773",161463,"AOML_FBBB","C17",NA,"Nitrate",73.85,NA,25.4631,-80.3342333333333,NA
"8774",161478,"AOML_FBBB","C15",NA,"Nitrate",88.785,NA,25.4869166666667,-80.3405,NA
"8775",161493,"AOML_FBBB","C16",NA,"Nitrate",96.485,NA,25.4702666666667,-80.34565,NA
"8776",161508,"AOML_FBBB","B7",NA,"Nitrate",53.39,NA,25.4634833333333,-80.3249833333333,NA
"8777",161523,"AOML_FBBB","B6",NA,"Nitrate",6.445,NA,25.49225,-80.2507333333333,NA
"8778",161538,"AOML_FBBB","B14",NA,"Nitrate",2.64,NA,25.4678833333333,-80.2129666666667,NA
"8779",161553,"AOML_FBBB","B8",NA,"Nitrate",41.505,NA,25.40515,-80.2428166666667,NA
"8780",161568,"AOML_FBBB","C18",NA,"Nitrate",6.28,NA,25.3463333333333,-80.3318833333333,NA
"8781",161583,"AOML_FBBB","C19",NA,"Nitrate",8.385,NA,25.341,-80.33355,NA
"8782",161598,"AOML_FBBB","C20",NA,"Nitrate",7.06,NA,25.3520333333333,-80.3472166666667,NA
"8783",161613,"AOML_FBBB","B9",NA,"Nitrate",11.385,NA,25.3327333333333,-80.3210333333333,NA
"8784",161628,"AOML_FBBB","B10",NA,"Nitrate",6.98,NA,25.2973833333333,-80.3616666666667,NA
"8785",161643,"AOML_FBBB","B11",NA,"Nitrate",5.41,NA,25.239,-80.3769333333333,NA
"8786",161658,"AOML_FBBB","B12",NA,"Nitrate",9.13,NA,25.2559166666667,-80.4230833333333,NA
"8787",161673,"AOML_FBBB","C21",NA,"Nitrate",15,NA,25.2559166666667,-80.4416166666667,NA
"8788",161688,"AOML_FBBB","B1",NA,"Nitrate",1.491,NA,25.7392833333333,-80.1851333333333,NA
"8789",161703,"AOML_FBBB","B2",NA,"Nitrate",1.348,NA,25.6904333333333,-80.2477666666667,NA
"8790",161718,"AOML_FBBB","C1",NA,"Nitrate",25.571,NA,25.7052,-80.2591666666667,NA
"8791",161733,"AOML_FBBB","C2",NA,"Nitrate",22.918,NA,25.7101333333333,-80.2653333333333,NA
"8792",161748,"AOML_FBBB","C3",NA,"Nitrate",56.151,NA,25.7070833333333,-80.2766166666667,NA
"8793",161763,"AOML_FBBB","C4",NA,"Nitrate",40.254,NA,25.7183666666667,-80.2674333333333,NA
"8794",161778,"AOML_FBBB","B3",NA,"Nitrate",0.805,NA,25.6551166666667,-80.2652166666667,NA
"8795",161793,"AOML_FBBB","C7",NA,"Nitrate",22.764,NA,25.6663666666667,-80.2799,NA
"8796",161808,"AOML_FBBB","C8",NA,"Nitrate",20.429,NA,25.6686833333333,-80.2832,NA
"8797",161823,"AOML_FBBB","B16",NA,"Nitrate",0.492,NA,25.6610833333333,-80.1885,NA
"8798",161838,"AOML_FBBB","J6",NA,"Nitrate",0.439,NA,25.6263666666667,-80.2840166666667,NA
"8799",161853,"AOML_FBBB","B17",NA,"Nitrate",0.139,NA,25.6157166666667,-80.2919166666667,NA
"8800",161868,"AOML_FBBB","B4",NA,"Nitrate",0.193,NA,25.5924666666667,-80.2653,NA
"8801",161883,"AOML_FBBB","B15",NA,"Nitrate",0.089,NA,25.5804,-80.1998166666667,NA
"8802",161898,"AOML_FBBB","B5",NA,"Nitrate",30.177,NA,25.5305833333333,-80.3157333333333,NA
"8803",161913,"AOML_FBBB","C10",NA,"Nitrate",44.835,NA,25.5367333333333,-80.3299,NA
"8804",161928,"AOML_FBBB","C9",NA,"Nitrate",49.254,NA,25.5401333333333,-80.3282833333333,NA
"8805",161943,"AOML_FBBB","C11",NA,"Nitrate",53.154,NA,25.5358333333333,-80.3315166666667,NA
"8806",161958,"AOML_FBBB","C12",NA,"Nitrate",58.841,NA,25.5193,-80.3414666666667,NA
"8807",161973,"AOML_FBBB","C17",NA,"Nitrate",2.304,NA,25.4632,-80.3333333333333,NA
"8808",161988,"AOML_FBBB","B7",NA,"Nitrate",0.526,NA,25.4632166666667,-80.3225666666667,NA
"8809",162003,"AOML_FBBB","C15",NA,"Nitrate",42.514,NA,25.4703166666667,-80.34,NA
"8810",162018,"AOML_FBBB","C16",NA,"Nitrate",39.323,NA,25.4702833333333,-80.3442,NA
"8811",162033,"AOML_FBBB","C13",NA,"Nitrate",15.581,NA,25.4896166666667,-80.3383666666667,NA
"8812",162048,"AOML_FBBB","C14",NA,"Nitrate",13.746,NA,25.4895,-80.3451,NA
"8813",162063,"AOML_FBBB","B6",NA,"Nitrate",0.559,NA,25.4920666666667,-80.2568,NA
"8814",162078,"AOML_FBBB","B14",NA,"Nitrate",0.218,NA,25.4683833333333,-80.2168333333333,NA
"8815",162093,"AOML_FBBB","B8",NA,"Nitrate",0.566,NA,25.4057833333333,-80.2439,NA
"8816",162108,"AOML_FBBB","C19",NA,"Nitrate",1.137,NA,25.3460166666667,-80.3313333333333,NA
"8817",162123,"AOML_FBBB","C20",NA,"Nitrate",0.653,NA,25.3520333333333,-80.3468666666667,NA
"8818",162138,"AOML_FBBB","B9",NA,"Nitrate",0.995,NA,25.3337,-80.3220166666667,NA
"8819",162153,"AOML_FBBB","B10",NA,"Nitrate",1.496,NA,25.2973,-80.3612166666667,NA
"8820",162168,"AOML_FBBB","B11",NA,"Nitrate",2.235,NA,25.2389333333333,-80.3766,NA
"8821",162183,"AOML_FBBB","C21",NA,"Nitrate",2.211,NA,25.2868833333333,-80.4417666666667,NA
"8822",162198,"AOML_FBBB","B12",NA,"Nitrate",0.852,NA,25.2573666666667,-80.4242833333333,NA
"8823",162213,"AOML_FBBB","B1",NA,"Nitrate",1.656,NA,25.7394833333333,-80.1830666666667,NA
"8824",162228,"AOML_FBBB","C1",NA,"Nitrate",17.929,NA,25.7051166666667,-80.2580333333333,NA
"8825",162243,"AOML_FBBB","C2",NA,"Nitrate",18.192,NA,25.7102,-80.2655666666667,NA
"8826",162258,"AOML_FBBB","C3",NA,"Nitrate",16.291,NA,25.7071166666667,-80.2768333333333,NA
"8827",162273,"AOML_FBBB","C4",NA,"Nitrate",15.778,NA,25.7174666666667,-80.2673833333333,NA
"8828",162288,"AOML_FBBB","C5",NA,"Nitrate",13.973,NA,25.7297,-80.2715333333333,NA
"8829",162303,"AOML_FBBB","C6",NA,"Nitrate",8.389,NA,25.7348,-80.2746,NA
"8830",162318,"AOML_FBBB","B2",NA,"Nitrate",2.012,NA,25.6903833333333,-80.2474333333333,NA
"8831",162333,"AOML_FBBB","C7",NA,"Nitrate",8.976,NA,25.666,-80.2794166666667,NA
"8832",162348,"AOML_FBBB","C8",NA,"Nitrate",9.813,NA,25.6690666666667,-80.2835166666667,NA
"8833",162363,"AOML_FBBB","B3",NA,"Nitrate",2.771,NA,25.6549166666667,-80.2650833333333,NA
"8834",162378,"AOML_FBBB","B16",NA,"Nitrate",1.13,NA,25.6601,-80.1904666666667,NA
"8835",162393,"AOML_FBBB","B17",NA,"Nitrate",0.677,NA,25.6153166666667,-80.2908333333333,NA
"8836",162408,"AOML_FBBB","B4",NA,"Nitrate",1.64,NA,25.5913333333333,-80.2650666666667,NA
"8837",162423,"AOML_FBBB","B15",NA,"Nitrate",0.551,NA,25.5834166666667,-80.2022333333333,NA
"8838",162438,"AOML_FBBB","B5",NA,"Nitrate",10.705,NA,25.5305833333333,-80.3157333333333,NA
"8839",162453,"AOML_FBBB","C9",NA,"Nitrate",9.636,NA,25.5399333333333,-80.3279333333333,NA
"8840",162468,"AOML_FBBB","C10",NA,"Nitrate",9.577,NA,25.5369166666667,-80.3304666666667,NA
"8841",162483,"AOML_FBBB","C11",NA,"Nitrate",16.41,NA,25.5191333333333,-80.3298666666667,NA
"8842",162498,"AOML_FBBB","C12",NA,"Nitrate",89.163,NA,25.5193666666667,-80.3446833333333,NA
"8843",162513,"AOML_FBBB","C17",NA,"Nitrate",1.834,NA,25.4631333333333,-80.3334333333333,NA
"8844",162528,"AOML_FBBB","C13",NA,"Nitrate",8.613,NA,25.4896,-80.338,NA
"8845",162543,"AOML_FBBB","C14",NA,"Nitrate",10.739,NA,25.4895166666667,-80.3455166666667,NA
"8846",162558,"AOML_FBBB","C15",NA,"Nitrate",14.657,NA,25.4703333333333,-80.3406333333333,NA
"8847",162573,"AOML_FBBB","C16",NA,"Nitrate",16.554,NA,25.4703166666667,-80.3452333333333,NA
"8848",162588,"AOML_FBBB","C19",NA,"Nitrate",2.855,NA,25.3446666666667,-80.3318666666667,NA
"8849",162603,"AOML_FBBB","C20",NA,"Nitrate",0.686,NA,25.3520166666667,-80.3472166666667,NA
"8850",162618,"AOML_FBBB","B9",NA,"Nitrate",1.13,NA,25.3325666666667,-80.3206,NA
"8851",162633,"AOML_FBBB","B10",NA,"Nitrate",1.614,NA,25.2970166666667,-80.3608666666667,NA
"8852",162648,"AOML_FBBB","B11",NA,"Nitrate",1.209,NA,25.2379666666667,-80.3758666666667,NA
"8853",162663,"AOML_FBBB","B12",NA,"Nitrate",1.601,NA,25.2565666666667,-80.4224833333333,NA
"8854",162678,"AOML_FBBB","C21",NA,"Nitrate",1.899,NA,25.2859666666667,-80.4415,NA
"8855",162693,"AOML_FBBB","B8",NA,"Nitrate",0.829,NA,25.4056333333333,-80.2419166666667,NA
"8856",162708,"AOML_FBBB","B14",NA,"Nitrate",0.122,NA,25.4657666666667,-80.2137833333333,NA
"8857",162723,"AOML_FBBB","B6",NA,"Nitrate",0.661,NA,25.4906,-80.2512833333333,NA
"8858",162738,"AOML_FBBB","B7",NA,"Nitrate",1.035,NA,25.4632333333333,-80.3245,NA
"8859",162753,"AOML_FBBB","10",NA,"Nitrate",0.783,NA,25.11232,-80.99294,NA
"8860",162768,"AOML_FBBB","12",NA,"Nitrate",0.867,NA,25.1133,-81.06374,NA
"8861",162783,"AOML_FBBB","13",NA,"Nitrate",1.14,NA,25.11316,-81.09576,NA
"8862",162798,"AOML_FBBB","11",NA,"Nitrate",0.778,NA,25.07422,-81.00012,NA
"8863",162813,"AOML_FBBB","14",NA,"Nitrate",1.526,NA,25.03462,-81.02856,NA
"8864",162828,"AOML_FBBB","34",NA,"Nitrate",0.533,NA,24.98804,-80.95734,NA
"8865",162843,"AOML_FBBB","15",NA,"Nitrate",1.211,NA,24.93594,-80.94864,NA
"8866",162858,"AOML_FBBB","16",NA,"Nitrate",0.421,NA,24.8754,-80.83076,NA
"8867",162873,"AOML_FBBB","17",NA,"Nitrate",0.348,NA,24.9229,-80.70882,NA
"8868",162888,"AOML_FBBB","18",NA,"Nitrate",0.253,NA,24.9783,-80.60688,NA
"8869",162903,"AOML_FBBB","19",NA,"Nitrate",1.381,NA,25.01922,-80.549,NA
"8870",162918,"AOML_FBBB","20",NA,"Nitrate",0.379,NA,25.06624,-80.49232,NA
"8871",162933,"AOML_FBBB","21",NA,"Nitrate",2.85,NA,25.11222,-80.51514,NA
"8872",162948,"AOML_FBBB","1",NA,"Nitrate",0.911,NA,25.18326,-80.49696,NA
"8873",162963,"AOML_FBBB","2",NA,"Nitrate",1.783,NA,25.16724,-80.55934,NA
"8874",162978,"AOML_FBBB","3",NA,"Nitrate",2.268,NA,25.1506,-80.61934,NA
"8875",162993,"AOML_FBBB","22",NA,"Nitrate",1.221,NA,25.1023,-80.60506,NA
"8876",163008,"AOML_FBBB","4",NA,"Nitrate",1.973,NA,25.13158,-80.68062,NA
"8877",163023,"AOML_FBBB","5",NA,"Nitrate",0.185,NA,25.1145,-80.718,NA
"8878",163038,"AOML_FBBB","7",NA,"Nitrate",0.283,NA,25.11718,-80.79386,NA
"8879",163053,"AOML_FBBB","8",NA,"Nitrate",0.578,NA,25.12742,-80.86276,NA
"8880",163068,"AOML_FBBB","33",NA,"Nitrate",1.045,NA,25.055,-80.92112,NA
"8881",163083,"AOML_FBBB","32",NA,"Nitrate",1,NA,25.0114,-80.92616,NA
"8882",163098,"AOML_FBBB","31",NA,"Nitrate",0.934,NA,25.01008,-80.87006,NA
"8883",163113,"AOML_FBBB","35",NA,"Nitrate",0.171,NA,24.97368,-80.87846,NA
"8884",163128,"AOML_FBBB","30",NA,"Nitrate",1.694,NA,24.97626,-80.83726,NA
"8885",163143,"AOML_FBBB","29",NA,"Nitrate",1.892,NA,24.99776,-80.81186,NA
"8886",163158,"AOML_FBBB","28",NA,"Nitrate",1.153,NA,25.0011,-80.7839,NA
"8887",163173,"AOML_FBBB","27",NA,"Nitrate",0.153,NA,25.00504,-80.74908,NA
"8888",163188,"AOML_FBBB","26",NA,"Nitrate",0.247,NA,25.02414,-80.7218,NA
"8889",163203,"AOML_FBBB","36",NA,"Nitrate",0.356,NA,24.93246,-80.76128,NA
"8890",163218,"AOML_FBBB","37",NA,"Nitrate",0.29,NA,24.98532,-80.69898,NA
"8891",163233,"AOML_FBBB","38",NA,"Nitrate",1.211,NA,24.98538,-80.69896,NA
"8892",163248,"AOML_FBBB","39",NA,"Nitrate",1.082,NA,25.0075,-80.64728,NA
"8893",163263,"AOML_FBBB","40",NA,"Nitrate",1.873,NA,25.01726,-80.59824,NA
"8894",163278,"AOML_FBBB","23",NA,"Nitrate",0.379,NA,25.05524,-80.62392,NA
"8895",163293,"AOML_FBBB","24",NA,"Nitrate",0.138,NA,25.06344,-80.66628,NA
"8896",163308,"AOML_FBBB","25",NA,"Nitrate",0.213,NA,25.05998,-80.71612,NA
"8897",163323,"AOML_FBBB","6",NA,"Nitrate",0.327,NA,25.07046,-80.75916,NA
"8898",163338,"AOML_FBBB","9",NA,"Nitrate",1.013,NA,25.127,-80.90506,NA
"8899",163353,"AOML_FBBB","B1",NA,"Nitrate",1.291,NA,25.73838,-80.1839,NA
"8900",163368,"AOML_FBBB","B3",NA,"Nitrate",0,NA,25.65952,-80.24878,NA
"8901",163383,"AOML_FBBB","B16",NA,"Nitrate",0.359,NA,25.65918,-80.24892,NA
"8902",163398,"AOML_FBBB","B17",NA,"Nitrate",0.0580000000000001,NA,25.66234,-80.18762,NA
"8903",163413,"AOML_FBBB","B4",NA,"Nitrate",0,NA,25.5918,-80.26288,NA
"8904",163428,"AOML_FBBB","B15",NA,"Nitrate",0,NA,25.58386,-80.20108,NA
"8905",163443,"AOML_FBBB","B5",NA,"Nitrate",16.277,NA,25.5298,-80.31344,NA
"8906",163458,"AOML_FBBB","B6",NA,"Nitrate",0,NA,25.49262,-80.25382,NA
"8907",163473,"AOML_FBBB","B14",NA,"Nitrate",0,NA,25.47012,-80.21586,NA
"8908",163488,"AOML_FBBB","B7",NA,"Nitrate",16.412,NA,25.46302,-80.3254,NA
"8909",163503,"AOML_FBBB","C18",NA,"Nitrate",7.722,NA,25.46308,-80.3289,NA
"8910",163518,"AOML_FBBB","C16",NA,"Nitrate",16.536,NA,25.47024,-80.33906,NA
"8911",163533,"AOML_FBBB","B8",NA,"Nitrate",1.793,NA,25.40504,-80.24268,NA
"8912",163548,"AOML_FBBB","C19",NA,"Nitrate",0.206,NA,25.34446,-80.33136,NA
"8913",163563,"AOML_FBBB","C20",NA,"Nitrate",0.59,NA,25.35224,-80.34776,NA
"8914",163578,"AOML_FBBB","B9",NA,"Nitrate",0.208,NA,25.33326,-80.32046,NA
"8915",163593,"AOML_FBBB","B10",NA,"Nitrate",1.408,NA,25.29682,-80.36146,NA
"8916",163608,"AOML_FBBB","B11",NA,"Nitrate",2.129,NA,25.24092,-80.37576,NA
"8917",163623,"AOML_FBBB","B12",NA,"Nitrate",0.398,NA,25.25626,-80.4225,NA
"8918",163638,"AOML_FBBB","C21",NA,"Nitrate",0.185,NA,25.26658,-80.43664,NA
"8919",163653,"AOML_FBBB","C17",NA,"Nitrate",6.122,NA,25.46315,-80.33462,NA
"8920",163668,"AOML_FBBB","C16",NA,"Nitrate",16.732,NA,25.47028,-80.34609,NA
"8921",163683,"AOML_FBBB","C15",NA,"Nitrate",14.363,NA,25.47037,-80.3404,NA
"8922",163698,"AOML_FBBB","C14",NA,"Nitrate",12.022,NA,25.48949,-80.34656,NA
"8923",163713,"AOML_FBBB","C13",NA,"Nitrate",16.345,NA,25.48965,-80.33827,NA
"8924",163728,"AOML_FBBB","J45",NA,"Nitrate",7.783,NA,25.43986,-80.31657,NA
"8925",163743,"AOML_FBBB","J42",NA,"Nitrate",10.326,NA,25.45435,-80.32938,NA
"8926",163758,"AOML_FBBB","J32",NA,"Nitrate",10.102,NA,25.48985,-80.32812,NA
"8927",163773,"AOML_FBBB","J27",NA,"Nitrate",26.137,NA,25.50163,-80.32787,NA
"8928",163788,"AOML_FBBB","C12",NA,"Nitrate",216.057,NA,25.51938,-80.34593,NA
"8929",163803,"AOML_FBBB","C11",NA,"Nitrate",187.156,NA,25.51918,-80.33104,NA
"8930",163818,"AOML_FBBB","C10",NA,"Nitrate",25.113,NA,25.53698,-80.33057,NA
"8931",163833,"AOML_FBBB","C9",NA,"Nitrate",23.436,NA,25.54086,-80.32868,NA
"8932",163848,"AOML_FBBB","J12",NA,"Nitrate",2.678,NA,25.56295,-80.30262,NA
"8933",163863,"AOML_FBBB","J8",NA,"Nitrate",0.171,NA,25.61389,-80.30247,NA
"8934",163878,"AOML_FBBB","C8",NA,"Nitrate",2.082,NA,25.669569,-80.28311,NA
"8935",163893,"AOML_FBBB","C7",NA,"Nitrate",5.404,NA,25.6661,-80.27952,NA
"8936",163908,"AOML_FBBB","A13",NA,"Nitrate",0.326,NA,25.65583,-80.26568,NA
"8937",163923,"AOML_FBBB","CGW-03",NA,"Nitrate",15.304,NA,25.7059361111111,-80.26135,NA
"8938",163938,"AOML_FBBB","CGW-05",NA,"Nitrate",14.693,NA,25.7119138888889,-80.2673055555556,NA
"8939",163953,"AOML_FBBB","CGW-08",NA,"Nitrate",39.403,NA,25.729667,-80.271755,NA
"8940",163968,"AOML_FBBB","CGW-10",NA,"Nitrate",27.99,NA,25.734449,-80.274459,NA
"8941",163983,"AOML_FBBB","CGW-04",NA,"Nitrate",33.483,NA,25.7082972222222,-80.2678472222222,NA
"8942",163998,"AOML_FBBB","CGW-06",NA,"Nitrate",23.726,NA,25.71055,-80.2794861111111,NA
"8943",164013,"AOML_FBBB","CGW-01 (A14)",NA,"Nitrate",15.953,NA,25.7039694444444,-80.2472583333333,NA
"8944",164028,"AOML_FBBB","A16",NA,"Nitrate",1.997,NA,25.73079,-80.22436,NA
"8945",164043,"AOML_FBBB","B1",NA,"Nitrate",NA,NA,25.73958,-80.1844,NA
"8946",164058,"AOML_FBBB","Bisc 132",NA,"Nitrate",NA,NA,25.81698,-80.1741,NA
"8947",164073,"AOML_FBBB","Bisc 128",NA,"Nitrate",NA,NA,25.68798,-80.2336,NA
"8948",164088,"AOML_FBBB","B2",NA,"Nitrate",NA,NA,25.6901,-80.2483,NA
"8949",164103,"AOML_FBBB","B3",NA,"Nitrate",NA,NA,25.65428,-80.26228,NA
"8950",164118,"AOML_FBBB","B16",NA,"Nitrate",NA,NA,25.66112,-80.19056,NA
"8951",164133,"AOML_FBBB","Bisc 127",NA,"Nitrate",NA,NA,25.6295,-80.24656,NA
"8952",164148,"AOML_FBBB","B4",NA,"Nitrate",NA,NA,25.59036,-80.26494,NA
"8953",164163,"AOML_FBBB","B15",NA,"Nitrate",NA,NA,25.58092,-80.20188,NA
"8954",164178,"AOML_FBBB","Bisc 102",NA,"Nitrate",NA,NA,25.54536,-80.29514,NA
"8955",164193,"AOML_FBBB","B5",NA,"Nitrate",NA,NA,25.53022,-80.31446,NA
"8956",164208,"AOML_FBBB","B7",NA,"Nitrate",NA,NA,25.46314,-80.3249,NA
"8957",164223,"AOML_FBBB","Bisc 122",NA,"Nitrate",NA,NA,25.4144,-80.2961,NA
"8958",164238,"AOML_FBBB","B9",NA,"Nitrate",NA,NA,25.33324,-80.32108,NA
"8959",164253,"AOML_FBBB","B10",NA,"Nitrate",NA,NA,25.29704,-80.36238,NA
"8960",164268,"AOML_FBBB","B11",NA,"Nitrate",NA,NA,25.2951,-80.3673,NA
"8961",164283,"AOML_FBBB","B12",NA,"Nitrate",NA,NA,25.25414,-80.42226,NA
"8962",973867,"PALMBEACH","13","2020-09-14","Nitrate",0.12,"mg/L",26.8085138888889,-79.9440388888889,0.5
"8963",987193,"PALMBEACH","18D","2020-07-18","Nitrate",NA,"",NA,NA,0.5
"8964",987204,"PALMBEACH","18C","2020-07-18","Nitrate",NA,"",NA,NA,0.5
"8965",987215,"PALMBEACH","11","2020-07-18","Nitrate",NA,"",NA,NA,0.5
"8966",987228,"PALMBEACH","13","2020-07-18","Nitrate",NA,"",NA,NA,0.5
"8967",987389,"PALMBEACH","31E","2020-06-11","Nitrate",0.34,"mg/l",NA,NA,0.5
"8968",987397,"PALMBEACH","31C","2020-06-11","Nitrate",0.35,"mg/l",NA,NA,0.5
"8969",987411,"PALMBEACH","31B","2020-06-11","Nitrate",0.27,"mg/l",NA,NA,0.5
"8970",987425,"PALMBEACH","28","2020-06-11","Nitrate",0.21,"mg/l",NA,NA,0.5
"8971",987437,"PALMBEACH","27A","2020-06-11","Nitrate",0.19,"mg/l",NA,NA,0.5
"8972",987440,"PALMBEACH","24","2020-06-10","Nitrate",0.16,"mg/l",NA,NA,0.5
"8973",987455,"PALMBEACH","22","2020-06-10","Nitrate",0.14,"mg/l",NA,NA,0.5
"8974",987466,"PALMBEACH","37B","2020-06-10","Nitrate",0.17,"mg/l",NA,NA,0.5
"8975",987479,"PALMBEACH","38B","2020-06-10","Nitrate",0.18,"mg/l",NA,NA,0.5
"8976",987485,"PALMBEACH","16","2020-06-10","Nitrate",NA,"",NA,NA,0.5
"8977",987497,"PALMBEACH","15","2020-06-10","Nitrate",NA,"",NA,NA,0.5
"8978",987507,"PALMBEACH","12A","2020-06-10","Nitrate",0.16,"mg/l",NA,NA,0.5
"8979",987524,"PALMBEACH","18D","2020-05-07","Nitrate",NA,"",NA,NA,0.5
"8980",987531,"PALMBEACH","18C","2020-05-07","Nitrate",NA,"",NA,NA,0.5
"8981",987543,"PALMBEACH","11","2020-05-07","Nitrate",NA,"",NA,NA,0.5
"8982",987555,"PALMBEACH","13","2020-05-07","Nitrate",NA,"",NA,NA,0.5
"8983",987614,"PALMBEACH","64","2020-04-11","Nitrate",NA,"",NA,NA,0.5
"8984",987618,"PALMBEACH","63","2020-04-11","Nitrate",NA,"",NA,NA,0.5
"8985",987629,"PALMBEACH","65","2020-04-11","Nitrate",0.12,"mg/l",NA,NA,0.5
"8986",987639,"PALMBEACH","66","2020-04-11","Nitrate",NA,"",NA,NA,0.5
"8987",987653,"PALMBEACH","68","2020-04-11","Nitrate",0.11,"mg/l",NA,NA,0.5
"8988",987670,"PALMBEACH","69","2020-04-10","Nitrate",NA,"",NA,NA,0.5
"8989",987684,"PALMBEACH","62","2020-04-10","Nitrate",NA,"",NA,NA,0.5
"8990",987695,"PALMBEACH","52","2020-04-10","Nitrate",0.12,"mg/l",NA,NA,0.5
"8991",987714,"PALMBEACH","57","2020-04-10","Nitrate",0.083,"mg/l",NA,NA,0.5
"8992",987724,"PALMBEACH","31E","2020-03-28","Nitrate",NA,"",NA,NA,0.5
"8993",987737,"PALMBEACH","31C","2020-03-28","Nitrate",NA,"",NA,NA,0.5
"8994",987745,"PALMBEACH","31B","2020-03-28","Nitrate",NA,"",NA,NA,0.5
"8995",987761,"PALMBEACH","28","2020-03-28","Nitrate",NA,"",NA,NA,0.5
"8996",987769,"PALMBEACH","27A","2020-03-28","Nitrate",NA,"",NA,NA,0.5
"8997",987781,"PALMBEACH","27B","2020-03-28","Nitrate",0.3,"mg/l",NA,NA,0.5
"8998",987791,"PALMBEACH","22","2020-03-27","Nitrate",NA,"",NA,NA,0.5
"8999",987801,"PALMBEACH","24","2020-03-27","Nitrate",NA,"",NA,NA,0.5
"9000",987812,"PALMBEACH","37B","2020-03-27","Nitrate",0.31,"mg/l",NA,NA,0.5
"9001",987822,"PALMBEACH","38B","2020-03-27","Nitrate",0.27,"mg/l",NA,NA,0.5
"9002",987832,"PALMBEACH","16","2020-03-27","Nitrate",0.095,"mg/l",NA,NA,0.5
"9003",987851,"PALMBEACH","15","2020-03-27","Nitrate",NA,"",NA,NA,0.5
"9004",987857,"PALMBEACH","12A","2020-03-27","Nitrate",0.058,"mg/l",NA,NA,0.5
"9005",987910,"PALMBEACH","64","2020-03-01","Nitrate",0.065,"mg/l",NA,NA,0.5
"9006",987918,"PALMBEACH","63","2020-03-01","Nitrate",NA,"",NA,NA,0.5
"9007",987933,"PALMBEACH","65","2020-03-01","Nitrate",0.051,"mg/l",NA,NA,0.5
"9008",987940,"PALMBEACH","66","2020-03-01","Nitrate",NA,"",NA,NA,0.5
"9009",987951,"PALMBEACH","68","2020-03-01","Nitrate",0.057,"mg/l",NA,NA,0.5
"9010",987968,"PALMBEACH","61","2020-03-01","Nitrate",0.14,"mg/l",NA,NA,0.5
"9011",987973,"PALMBEACH","69","2020-03-01","Nitrate",0.16,"mg/l",NA,NA,0.5
"9012",987984,"PALMBEACH","62","2020-03-01","Nitrate",NA,"",NA,NA,0.5
"9013",987997,"PALMBEACH","52","2020-03-01","Nitrate",0.087,"mg/l",NA,NA,0.5
"9014",988006,"PALMBEACH","70","2020-03-01","Nitrate",0.24,"mg/l",NA,NA,0.5
"9015",988017,"PALMBEACH","57","2020-03-01","Nitrate",0.025,"mg/l",NA,NA,0.5
"9016",988070,"PALMBEACH","31E","2020-02-13","Nitrate",NA,"",NA,NA,0.5
"9017",988081,"PALMBEACH","31C","2020-02-13","Nitrate",NA,"",NA,NA,0.5
"9018",988095,"PALMBEACH","31B","2020-02-13","Nitrate",NA,"",NA,NA,0.5
"9019",988103,"PALMBEACH","28","2020-02-13","Nitrate",NA,"",NA,NA,0.5
"9020",988112,"PALMBEACH","27A","2020-02-13","Nitrate",NA,"",NA,NA,0.5
"9021",988122,"PALMBEACH","27B","2020-02-13","Nitrate",0.34,"mg/l",NA,NA,0.5
"9022",988137,"PALMBEACH","24","2020-02-12","Nitrate",NA,"",NA,NA,0.5
"9023",988147,"PALMBEACH","22","2020-02-12","Nitrate",0.048,"mg/l",NA,NA,0.5
"9024",988159,"PALMBEACH","37B","2020-02-12","Nitrate",NA,"",NA,NA,0.5
"9025",988169,"PALMBEACH","38B","2020-02-12","Nitrate",0.4,"mg/l",NA,NA,0.5
"9026",988180,"PALMBEACH","15","2020-02-12","Nitrate",NA,"",NA,NA,0.5
"9027",988190,"PALMBEACH","12A","2020-02-12","Nitrate",0.07,"mg/l",NA,NA,0.5
"9028",988276,"PALMBEACH","64","2020-12-12","Nitrate",0.19,"mg/l",NA,NA,0.5
"9029",988289,"PALMBEACH","63","2020-12-12","Nitrate",0.16,"mg/l",NA,NA,0.5
"9030",988304,"PALMBEACH","65","2020-12-12","Nitrate",0.2,"mg/l",NA,NA,0.5
"9031",988309,"PALMBEACH","66","2020-12-12","Nitrate",0.19,"mg/l",NA,NA,0.5
"9032",988322,"PALMBEACH","68","2020-12-12","Nitrate",0.18,"mg/l",NA,NA,0.5
"9033",988336,"PALMBEACH","61","2020-12-11","Nitrate",0.29,"mg/l",NA,NA,0.5
"9034",988342,"PALMBEACH","69","2020-12-11","Nitrate",0.34,"mg/l",NA,NA,0.5
"9035",988353,"PALMBEACH","62","2020-12-11","Nitrate",0.35,"mg/l",NA,NA,0.5
"9036",988366,"PALMBEACH","52","2020-12-11","Nitrate",0.28,"mg/l",NA,NA,0.5
"9037",988379,"PALMBEACH","70","2020-12-11","Nitrate",0.16,"mg/l",NA,NA,0.5
"9038",988385,"PALMBEACH","57","2020-12-11","Nitrate",0.27,"mg/l",NA,NA,0.5
"9039",988397,"PALMBEACH","27B","2020-11-28","Nitrate",0.25,"mg/l",NA,NA,0.5
"9040",988410,"PALMBEACH","27A","2020-11-28","Nitrate",0.16,"mg/l",NA,NA,0.5
"9041",988418,"PALMBEACH","31E","2020-11-28","Nitrate",0.17,"mg/l",NA,NA,0.5
"9042",988428,"PALMBEACH","31C","2020-11-28","Nitrate",0.14,"mg/l",NA,NA,0.5
"9043",988438,"PALMBEACH","31B","2020-11-28","Nitrate",NA,"",NA,NA,0.5
"9044",988453,"PALMBEACH","28","2020-11-28","Nitrate",0.28,"mg/l",NA,NA,0.5
"9045",988466,"PALMBEACH","24","2020-11-27","Nitrate",NA,"",NA,NA,0.5
"9046",988475,"PALMBEACH","22","2020-11-27","Nitrate",NA,"",NA,NA,0.5
"9047",988484,"PALMBEACH","37B","2020-11-27","Nitrate",0.33,"mg/l",NA,NA,0.5
"9048",988497,"PALMBEACH","38B","2020-11-27","Nitrate",0.3,"mg/l",NA,NA,0.5
"9049",988505,"PALMBEACH","16","2020-11-27","Nitrate",0.13,"mg/l",NA,NA,0.5
"9050",988520,"PALMBEACH","15","2020-11-27","Nitrate",NA,"",NA,NA,0.5
"9051",988530,"PALMBEACH","12A","2020-11-27","Nitrate",0.22,"mg/l",NA,NA,0.5
"9052",988621,"PALMBEACH","64","2020-10-18","Nitrate",0.14,"mg/l",NA,NA,0.5
"9053",988630,"PALMBEACH","63","2020-10-18","Nitrate",0.14,"mg/l",NA,NA,0.5
"9054",988641,"PALMBEACH","65","2020-10-18","Nitrate",0.14,"mg/l",NA,NA,0.5
"9055",988652,"PALMBEACH","66","2020-10-18","Nitrate",0.2,"mg/l",NA,NA,0.5
"9056",988663,"PALMBEACH","68","2020-10-18","Nitrate",0.15,"mg/l",NA,NA,0.5
"9057",988673,"PALMBEACH","61","2020-10-17","Nitrate",0.27,"mg/l",NA,NA,0.5
"9058",988683,"PALMBEACH","69","2020-10-17","Nitrate",0.19,"mg/l",NA,NA,0.5
"9059",988693,"PALMBEACH","62","2020-10-17","Nitrate",0.23,"mg/l",NA,NA,0.5
"9060",988710,"PALMBEACH","52","2020-10-17","Nitrate",0.12,"mg/l",NA,NA,0.5
"9061",988714,"PALMBEACH","70","2020-10-17","Nitrate",NA,"",NA,NA,0.5
"9062",988724,"PALMBEACH","57","2020-10-17","Nitrate",0.16,"mg/l",NA,NA,0.5
"9063",988734,"PALMBEACH","27B","2020-09-19","Nitrate",0.15,"mg/l",NA,NA,0.5
"9064",988750,"PALMBEACH","31E","2020-09-19","Nitrate",NA,"",NA,NA,0.5
"9065",988755,"PALMBEACH","31C","2020-09-19","Nitrate",0.25,"mg/l",NA,NA,0.5
"9066",988767,"PALMBEACH","27A","2020-09-19","Nitrate",0.14,"mg/l",NA,NA,0.5
"9067",988777,"PALMBEACH","24","2020-09-19","Nitrate",NA,"",NA,NA,0.5
"9068",988791,"PALMBEACH","22","2020-09-19","Nitrate",0.28,"mg/l",NA,NA,0.5
"9069",988801,"PALMBEACH","37B","2020-09-18","Nitrate",0.19,"mg/l",NA,NA,0.5
"9070",988813,"PALMBEACH","38B","2020-09-18","Nitrate",0.14,"mg/l",NA,NA,0.5
"9071",988820,"PALMBEACH","16","2020-09-18","Nitrate",NA,"",NA,NA,0.5
"9072",988830,"PALMBEACH","15","2020-09-18","Nitrate",NA,"",NA,NA,0.5
"9073",988840,"PALMBEACH","12A","2020-09-18","Nitrate",0.16,"mg/l",NA,NA,0.5
"9074",988854,"PALMBEACH","18C","2020-09-10","Nitrate",0.14,"mg/l",NA,NA,0.5
"9075",988865,"PALMBEACH","18D","2020-09-10","Nitrate",NA,"",NA,NA,0.5
"9076",988878,"PALMBEACH","13","2020-09-10","Nitrate",0.14,"mg/l",NA,NA,0.5
"9077",988887,"PALMBEACH","11","2020-09-10","Nitrate",NA,"",NA,NA,0.5
"9078",988897,"PALMBEACH","64","2020-08-31","Nitrate",0.17,"mg/l",NA,NA,0.5
"9079",988905,"PALMBEACH","63","2020-08-31","Nitrate",0.18,"mg/l",NA,NA,0.5
"9080",988916,"PALMBEACH","65","2020-08-31","Nitrate",0.43,"mg/l",NA,NA,0.5
"9081",988928,"PALMBEACH","66","2020-08-31","Nitrate",0.4,"mg/l",NA,NA,0.5
"9082",988938,"PALMBEACH","68","2020-08-31","Nitrate",0.32,"mg/l",NA,NA,0.5
"9083",988948,"PALMBEACH","61","2020-08-30","Nitrate",0.43,"mg/l",NA,NA,0.5
"9084",988959,"PALMBEACH","69","2020-08-30","Nitrate",0.44,"mg/l",NA,NA,0.5
"9085",988973,"PALMBEACH","62","2020-08-30","Nitrate",0.45,"mg/l",NA,NA,0.5
"9086",988990,"PALMBEACH","52","2020-08-30","Nitrate",0.35,"mg/l",NA,NA,0.5
"9087",988993,"PALMBEACH","70","2020-08-30","Nitrate",0.27,"mg/l",NA,NA,0.5
"9088",989004,"PALMBEACH","57","2020-08-30","Nitrate",0.29,"mg/l",NA,NA,0.5
"9089",989017,"PALMBEACH","18D","2020-08-29","Nitrate",0.24,"mg/l",NA,NA,0.5
"9090",989030,"PALMBEACH","18C","2020-08-29","Nitrate",0.14,"mg/l",NA,NA,0.5
"9091",989041,"PALMBEACH","11","2020-08-29","Nitrate",0.22,"mg/l",NA,NA,0.5
"9092",989052,"PALMBEACH","13","2020-08-29","Nitrate",0.26,"mg/l",NA,NA,0.5
"9093",989059,"PALMBEACH","27B","2020-07-31","Nitrate",NA,"",NA,NA,0.5
"9094",989071,"PALMBEACH","31E","2020-07-31","Nitrate",NA,"",NA,NA,0.5
"9095",989082,"PALMBEACH","31C","2020-07-31","Nitrate",NA,"",NA,NA,0.5
"9096",989095,"PALMBEACH","27A","2020-07-31","Nitrate",NA,"",NA,NA,0.5
"9097",989103,"PALMBEACH","24","2020-07-31","Nitrate",NA,"",NA,NA,0.5
"9098",989118,"PALMBEACH","22","2020-07-31","Nitrate",NA,"",NA,NA,0.5
"9099",989128,"PALMBEACH","37B","2020-07-30","Nitrate",0.11,"mg/l",NA,NA,0.5
"9100",989142,"PALMBEACH","38B","2020-07-30","Nitrate",NA,"",NA,NA,0.5
"9101",989147,"PALMBEACH","16","2020-07-30","Nitrate",NA,"",NA,NA,0.5
"9102",989161,"PALMBEACH","15","2020-07-30","Nitrate",NA,"",NA,NA,0.5
"9103",989173,"PALMBEACH","12A","2020-07-30","Nitrate",0.1,"mg/l",NA,NA,0.5
"9104",989261,"PALMBEACH","64","2020-06-11","Nitrate",0.14,"mg/l",NA,NA,0.5
"9105",989271,"PALMBEACH","63","2020-06-11","Nitrate",0.17,"mg/l",NA,NA,0.5
"9106",989281,"PALMBEACH","65","2020-06-11","Nitrate",0.15,"mg/l",NA,NA,0.5
"9107",989291,"PALMBEACH","66","2020-06-11","Nitrate",0.14,"mg/l",NA,NA,0.5
"9108",989304,"PALMBEACH","68","2020-06-11","Nitrate",0.15,"mg/l",NA,NA,0.5
"9109",989311,"PALMBEACH","61","2020-06-07","Nitrate",0.25,"mg/l",NA,NA,0.5
"9110",989321,"PALMBEACH","69","2020-06-07","Nitrate",0.16,"mg/l",NA,NA,0.5
"9111",989333,"PALMBEACH","62","2020-06-07","Nitrate",0.16,"mg/l",NA,NA,0.5
"9112",989347,"PALMBEACH","52","2020-06-07","Nitrate",0.15,"mg/l",NA,NA,0.5
"9113",989349,"PALMBEACH","70","2020-06-07","Nitrate",0.14,"mg/l",NA,NA,0.5
"9114",989361,"PALMBEACH","57","2020-06-07","Nitrate",0.18,"mg/l",NA,NA,0.5
"9115",989373,"PALMBEACH","27B","2020-05-23","Nitrate",0.32,"mg/l",NA,NA,0.5
"9116",989390,"PALMBEACH","31E","2020-05-23","Nitrate",NA,"",NA,NA,0.5
"9117",989392,"PALMBEACH","31C","2020-05-23","Nitrate",0.078,"mg/l",NA,NA,0.5
"9118",989405,"PALMBEACH","27A","2020-05-23","Nitrate",0.17,"mg/l",NA,NA,0.5
"9119",989414,"PALMBEACH","24","2020-05-23","Nitrate",NA,"",NA,NA,0.5
"9120",989426,"PALMBEACH","22","2020-05-23","Nitrate",NA,"",NA,NA,0.5
"9121",989437,"PALMBEACH","37B","2020-05-22","Nitrate",0.11,"mg/l",NA,NA,0.5
"9122",989447,"PALMBEACH","38B","2020-05-22","Nitrate",NA,"",NA,NA,0.5
"9123",989458,"PALMBEACH","16","2020-05-22","Nitrate",NA,"",NA,NA,0.5
"9124",989471,"PALMBEACH","15","2020-05-22","Nitrate",NA,"",NA,NA,0.5
"9125",989482,"PALMBEACH","12A","2020-05-22","Nitrate",0.08,"mg/l",NA,NA,0.5
"9126",989567,"PALMBEACH","64","2020-04-12","Nitrate",NA,"",NA,NA,0.5
"9127",989576,"PALMBEACH","63","2020-04-12","Nitrate",NA,"",NA,NA,0.5
"9128",989585,"PALMBEACH","65","2020-04-12","Nitrate",NA,"",NA,NA,0.5
"9129",989594,"PALMBEACH","66","2020-04-12","Nitrate",NA,"",NA,NA,0.5
"9130",989603,"PALMBEACH","68","2020-04-12","Nitrate",0.11,"mg/l",NA,NA,0.5
"9131",989611,"PALMBEACH","61","2020-04-11","Nitrate",NA,"",NA,NA,0.5
"9132",989626,"PALMBEACH","69","2020-04-11","Nitrate",NA,"",NA,NA,0.5
"9133",989631,"PALMBEACH","62","2020-04-11","Nitrate",NA,"",NA,NA,0.5
"9134",989642,"PALMBEACH","52","2020-04-11","Nitrate",0.2,"mg/l",NA,NA,0.5
"9135",989659,"PALMBEACH","70","2020-04-11","Nitrate",NA,"",NA,NA,0.5
"9136",989666,"PALMBEACH","57","2020-04-11","Nitrate",NA,"",NA,NA,0.5
"9137",989710,"PALMBEACH","27B","2020-03-29","Nitrate",NA,"",NA,NA,0.5
"9138",989724,"PALMBEACH","31E","2020-03-29","Nitrate",NA,"",NA,NA,0.5
"9139",989736,"PALMBEACH","31C","2020-03-29","Nitrate",NA,"",NA,NA,0.5
"9140",989743,"PALMBEACH","27A","2020-03-29","Nitrate",NA,"",NA,NA,0.5
"9141",989757,"PALMBEACH","24","2020-03-29","Nitrate",NA,"",NA,NA,0.5
"9142",989765,"PALMBEACH","22","2020-03-29","Nitrate",NA,"",NA,NA,0.5
"9143",989776,"PALMBEACH","37B","2020-03-28","Nitrate",NA,"",NA,NA,0.5
"9144",989790,"PALMBEACH","38B","2020-03-28","Nitrate",NA,"",NA,NA,0.5
"9145",989806,"PALMBEACH","16","2020-03-28","Nitrate",NA,"",NA,NA,0.5
"9146",989809,"PALMBEACH","15","2020-03-28","Nitrate",NA,"",NA,NA,0.5
"9147",989823,"PALMBEACH","12A","2020-03-28","Nitrate",NA,"",NA,NA,0.5
"9148",989871,"PALMBEACH","65","2020-02-09","Nitrate",0.18,"mg/l",NA,NA,0.5
"9149",989881,"PALMBEACH","66","2020-02-09","Nitrate",0.24,"mg/l",NA,NA,0.5
"9150",989894,"PALMBEACH","68","2020-02-09","Nitrate",0.27,"mg/l",NA,NA,0.5
"9151",989903,"PALMBEACH","64","2020-02-09","Nitrate",0.18,"mg/l",NA,NA,0.5
"9152",989916,"PALMBEACH","63","2020-02-09","Nitrate",0.19,"mg/l",NA,NA,0.5
"9153",989929,"PALMBEACH","61","2020-02-08","Nitrate",0.29,"mg/l",NA,NA,0.5
"9154",989938,"PALMBEACH","69","2020-02-08","Nitrate",0.25,"mg/l",NA,NA,0.5
"9155",989949,"PALMBEACH","62","2020-02-08","Nitrate",0.21,"mg/l",NA,NA,0.5
"9156",989958,"PALMBEACH","52","2020-02-08","Nitrate",0.17,"mg/l",NA,NA,0.5
"9157",989971,"PALMBEACH","70","2020-02-08","Nitrate",0.17,"mg/l",NA,NA,0.5
"9158",989981,"PALMBEACH","57","2020-02-08","Nitrate",0.19,"mg/l",NA,NA,0.5
"9159",989999,"PALMBEACH","27B","2020-01-25","Nitrate",0.27,"mg/l",NA,NA,0.5
"9160",990002,"PALMBEACH","31E","2020-01-25","Nitrate",0.15,"mg/l",NA,NA,0.5
"9161",990015,"PALMBEACH","31C","2020-01-25","Nitrate",0.16,"mg/l",NA,NA,0.5
"9162",990028,"PALMBEACH","27A","2020-01-25","Nitrate",0.19,"mg/l",NA,NA,0.5
"9163",990036,"PALMBEACH","24","2020-01-25","Nitrate",0.2,"mg/l",NA,NA,0.5
"9164",990042,"PALMBEACH","22","2020-01-25","Nitrate",0.25,"mg/l",NA,NA,0.5
"9165",990056,"PALMBEACH","37B","2020-01-23","Nitrate",0.39,"mg/l",NA,NA,0.5
"9166",990069,"PALMBEACH","38B","2020-01-23","Nitrate",0.34,"mg/l",NA,NA,0.5
"9167",990081,"PALMBEACH","16","2020-01-23","Nitrate",0.22,"mg/l",NA,NA,0.5
"9168",990088,"PALMBEACH","15","2020-01-23","Nitrate",NA,"",NA,NA,0.5
"9169",990099,"PALMBEACH","12A","2020-01-23","Nitrate",0.29,"mg/l",NA,NA,0.5
"9170",990196,"PALMBEACH","64","2020-12-16","Nitrate",0.18,"mg/l",NA,NA,0.5
"9171",990201,"PALMBEACH","63","2020-12-16","Nitrate",0.12,"mg/l",NA,NA,0.5
"9172",990212,"PALMBEACH","65","2020-12-16","Nitrate",0.12,"mg/l",NA,NA,0.5
"9173",990229,"PALMBEACH","66","2020-12-16","Nitrate",0.25,"mg/l",NA,NA,0.5
"9174",990232,"PALMBEACH","68","2020-12-16","Nitrate",0.47,"mg/l",NA,NA,0.5
"9175",990241,"PALMBEACH","61","2020-12-14","Nitrate",0.24,"mg/l",NA,NA,0.5
"9176",990255,"PALMBEACH","69","2020-12-14","Nitrate",0.26,"mg/l",NA,NA,0.5
"9177",990266,"PALMBEACH","62","2020-12-14","Nitrate",0.2,"mg/l",NA,NA,0.5
"9178",990279,"PALMBEACH","52","2020-12-14","Nitrate",NA,"",NA,NA,0.5
"9179",990291,"PALMBEACH","70","2020-12-14","Nitrate",NA,"",NA,NA,0.5
"9180",990299,"PALMBEACH","57","2020-12-14","Nitrate",0.15,"mg/l",NA,NA,0.5
"9181",990315,"PALMBEACH","31C","2020-11-30","Nitrate",0.25,"mg/l",NA,NA,0.5
"9182",990322,"PALMBEACH","31E","2020-11-30","Nitrate",0.075,"mg/l",NA,NA,0.5
"9183",990330,"PALMBEACH","27B","2020-11-30","Nitrate",0.083,"mg/l",NA,NA,0.5
"9184",990349,"PALMBEACH","27A","2020-11-30","Nitrate",0.21,"mg/l",NA,NA,0.5
"9185",990351,"PALMBEACH","24","2020-11-30","Nitrate",0.31,"mg/l",NA,NA,0.5
"9186",990367,"PALMBEACH","22","2020-11-30","Nitrate",0.34,"mg/l",NA,NA,0.5
"9187",990375,"PALMBEACH","37B","2020-11-29","Nitrate",0.14,"mg/l",NA,NA,0.5
"9188",990384,"PALMBEACH","38B","2020-11-29","Nitrate",0.44,"mg/l",NA,NA,0.5
"9189",990396,"PALMBEACH","16","2020-11-29","Nitrate",0.047,"mg/l",NA,NA,0.5
"9190",990411,"PALMBEACH","15","2020-11-29","Nitrate",NA,"",NA,NA,0.5
"9191",990418,"PALMBEACH","12A","2020-11-29","Nitrate",0.17,"mg/l",NA,NA,0.5
"9192",990473,"PALMBEACH","18D","2020-10-25","Nitrate",NA,"",NA,NA,0.5
"9193",990483,"PALMBEACH","18C","2020-10-25","Nitrate",NA,"",NA,NA,0.5
"9194",990497,"PALMBEACH","11","2020-10-25","Nitrate",NA,"",NA,NA,0.5
"9195",990502,"PALMBEACH","13","2020-10-25","Nitrate",NA,"",NA,NA,0.5
"9196",990512,"PALMBEACH","61","2020-10-21","Nitrate",0.15,"mg/l",NA,NA,0.5
"9197",990521,"PALMBEACH","69","2020-10-21","Nitrate",0.12,"mg/l",NA,NA,0.5
"9198",990530,"PALMBEACH","62","2020-10-21","Nitrate",0.26,"mg/l",NA,NA,0.5
"9199",990538,"PALMBEACH","52","2020-10-21","Nitrate",0.32,"mg/l",NA,NA,0.5
"9200",990554,"PALMBEACH","70","2020-10-21","Nitrate",0.057,"mg/l",NA,NA,0.5
"9201",990557,"PALMBEACH","57","2020-10-21","Nitrate",0.14,"mg/l",NA,NA,0.5
"9202",990566,"PALMBEACH","64","2020-10-20","Nitrate",0.22,"mg/l",NA,NA,0.5
"9203",990577,"PALMBEACH","63","2020-10-20","Nitrate",0.12,"mg/l",NA,NA,0.5
"9204",990583,"PALMBEACH","68","2020-10-20","Nitrate",0.092,"mg/l",NA,NA,0.5
"9205",990595,"PALMBEACH","66","2020-10-20","Nitrate",0.24,"mg/l",NA,NA,0.5
"9206",990602,"PALMBEACH","65","2020-10-20","Nitrate",0.11,"mg/l",NA,NA,0.5
"9207",990651,"PALMBEACH","37B","2020-09-15","Nitrate",0.11,"mg/l",NA,NA,0.5
"9208",990661,"PALMBEACH","38B","2020-09-15","Nitrate",NA,"",NA,NA,0.5
"9209",990676,"PALMBEACH","16","2020-09-15","Nitrate",NA,"",NA,NA,0.5
"9210",990683,"PALMBEACH","15","2020-09-15","Nitrate",NA,"",NA,NA,0.5
"9211",990698,"PALMBEACH","12A","2020-09-15","Nitrate",NA,"",NA,NA,0.5
"9212",990703,"PALMBEACH","31C","2020-09-14","Nitrate",NA,"",NA,NA,0.5
"9213",990714,"PALMBEACH","31E","2020-09-14","Nitrate",NA,"",NA,NA,0.5
"9214",990727,"PALMBEACH","27B","2020-09-14","Nitrate",0.35,"mg/l",NA,NA,0.5
"9215",990735,"PALMBEACH","27A","2020-09-14","Nitrate",NA,"",NA,NA,0.5
"9216",990749,"PALMBEACH","24","2020-09-14","Nitrate",NA,"",NA,NA,0.5
"9217",990762,"PALMBEACH","22","2020-09-14","Nitrate",NA,"",NA,NA,0.5
"9218",990814,"PALMBEACH","64","2020-09-02","Nitrate",NA,"",NA,NA,0.5
"9219",990819,"PALMBEACH","63","2020-09-02","Nitrate",NA,"",NA,NA,0.5
"9220",990833,"PALMBEACH","65","2020-09-02","Nitrate",0.057,"mg/l",NA,NA,0.5
"9221",990844,"PALMBEACH","66","2020-09-02","Nitrate",0.15,"mg/l",NA,NA,0.5
"9222",990855,"PALMBEACH","68","2020-09-02","Nitrate",0.083,"mg/l",NA,NA,0.5
"9223",990870,"PALMBEACH","61","2020-09-01","Nitrate",0.0653,"mg/l",NA,NA,0.5
"9224",990877,"PALMBEACH","69","2020-09-01","Nitrate",0.0617,"mg/l",NA,NA,0.5
"9225",990892,"PALMBEACH","62","2020-09-01","Nitrate",0.0501,"mg/l",NA,NA,0.5
"9226",990899,"PALMBEACH","52","2020-09-01","Nitrate",0.0254,"mg/l",NA,NA,0.5
"9227",990910,"PALMBEACH","70","2020-09-01","Nitrate",0.0157,"mg/l",NA,NA,0.5
"9228",990919,"PALMBEACH","57","2020-09-01","Nitrate",0.0496,"mg/l",NA,NA,0.5
"9229",990930,"PALMBEACH","18D","2020-07-29","Nitrate",NA,"",NA,NA,0.5
"9230",990940,"PALMBEACH","18C","2020-07-29","Nitrate",NA,"",NA,NA,0.5
"9231",990953,"PALMBEACH","11","2020-07-29","Nitrate",NA,"",NA,NA,0.5
"9232",990958,"PALMBEACH","13","2020-07-29","Nitrate",NA,"",NA,NA,0.5
"9233",990972,"PALMBEACH","31C","2020-07-20","Nitrate",NA,"",NA,NA,0.5
"9234",990979,"PALMBEACH","31E","2020-07-20","Nitrate",NA,"",NA,NA,0.5
"9235",990991,"PALMBEACH","27B","2020-07-20","Nitrate",NA,"",NA,NA,0.5
"9236",991005,"PALMBEACH","27A","2020-07-20","Nitrate",NA,"",NA,NA,0.5
"9237",991020,"PALMBEACH","24","2020-07-20","Nitrate",NA,"",NA,NA,0.5
"9238",991026,"PALMBEACH","22","2020-07-20","Nitrate",NA,"",NA,NA,0.5
"9239",991036,"PALMBEACH","37B","2020-07-19","Nitrate",0.0333,"mg/l",NA,NA,0.5
"9240",991047,"PALMBEACH","38B","2020-07-19","Nitrate",0.666,"mg/l",NA,NA,0.5
"9241",991059,"PALMBEACH","16","2020-07-19","Nitrate",NA,"",NA,NA,0.5
"9242",991069,"PALMBEACH","15","2020-07-19","Nitrate",NA,"",NA,NA,0.5
"9243",991080,"PALMBEACH","12A","2020-07-19","Nitrate",NA,"",NA,NA,0.5
"9244",991089,"PALMBEACH","18D","2020-06-28","Nitrate",NA,"",NA,NA,0.5
"9245",991101,"PALMBEACH","18C","2020-06-28","Nitrate",NA,"",NA,NA,0.5
"9246",991113,"PALMBEACH","11","2020-06-28","Nitrate",NA,"",NA,NA,0.5
"9247",991128,"PALMBEACH","13","2020-06-28","Nitrate",NA,"",NA,NA,0.5
"9248",991144,"PALMBEACH","64","2020-06-08","Nitrate",NA,"",NA,NA,0.5
"9249",991147,"PALMBEACH","63","2020-06-08","Nitrate",NA,"",NA,NA,0.5
"9250",991160,"PALMBEACH","65","2020-06-08","Nitrate",NA,"",NA,NA,0.5
"9251",991171,"PALMBEACH","66","2020-06-08","Nitrate",NA,"",NA,NA,0.5
"9252",991179,"PALMBEACH","68","2020-06-08","Nitrate",NA,"",NA,NA,0.5
"9253",991189,"PALMBEACH","61","2020-06-07","Nitrate",NA,"",NA,NA,0.5
"9254",991200,"PALMBEACH","69","2020-06-07","Nitrate",NA,"",NA,NA,0.5
"9255",991209,"PALMBEACH","62","2020-06-07","Nitrate",NA,"",NA,NA,0.5
"9256",991219,"PALMBEACH","52","2020-06-07","Nitrate",NA,"",NA,NA,0.5
"9257",991231,"PALMBEACH","70","2020-06-07","Nitrate",NA,"",NA,NA,0.5
"9258",991242,"PALMBEACH","57","2020-06-07","Nitrate",NA,"",NA,NA,0.5
"9259",991257,"PALMBEACH","31C","2020-06-02","Nitrate",NA,"",NA,NA,0.5
"9260",991266,"PALMBEACH","31E","2020-06-02","Nitrate",NA,"",NA,NA,0.5
"9261",991277,"PALMBEACH","27B","2020-06-02","Nitrate",NA,"",NA,NA,0.5
"9262",991286,"PALMBEACH","27A","2020-06-02","Nitrate",NA,"",NA,NA,0.5
"9263",991299,"PALMBEACH","24","2020-06-02","Nitrate",NA,"",NA,NA,0.5
"9264",991308,"PALMBEACH","22","2020-06-02","Nitrate",NA,"",NA,NA,0.5
"9265",991317,"PALMBEACH","37B","2020-06-01","Nitrate",0.126,"mg/l",NA,NA,0.5
"9266",991329,"PALMBEACH","38B","2020-06-01","Nitrate",0.0526,"mg/l",NA,NA,0.5
"9267",991341,"PALMBEACH","16","2020-06-01","Nitrate",NA,"",NA,NA,0.5
"9268",991351,"PALMBEACH","15","2020-06-01","Nitrate",NA,"",NA,NA,0.5
"9269",991365,"PALMBEACH","12A","2020-06-01","Nitrate",NA,"",NA,NA,0.5
"9270",991378,"PALMBEACH","18D","2020-05-27","Nitrate",NA,"",NA,NA,0.5
"9271",991394,"PALMBEACH","18C","2020-05-27","Nitrate",NA,"",NA,NA,0.5
"9272",991402,"PALMBEACH","11","2020-05-27","Nitrate",NA,"",NA,NA,0.5
"9273",991410,"PALMBEACH","13","2020-05-27","Nitrate",NA,"",NA,NA,0.5
"9274",991422,"PALMBEACH","18D","2020-04-27","Nitrate",NA,"",NA,NA,0.5
"9275",991434,"PALMBEACH","18C","2020-04-27","Nitrate",NA,"",NA,NA,0.5
"9276",991446,"PALMBEACH","11","2020-04-27","Nitrate",NA,"",NA,NA,0.5
"9277",991459,"PALMBEACH","13","2020-04-27","Nitrate",NA,"",NA,NA,0.5
"9278",991470,"PALMBEACH","63","2020-04-07","Nitrate",NA,"",NA,NA,0.5
"9279",991480,"PALMBEACH","64","2020-04-07","Nitrate",NA,"",NA,NA,0.5
"9280",991491,"PALMBEACH","65","2020-04-07","Nitrate",NA,"",NA,NA,0.5
"9281",991508,"PALMBEACH","66","2020-04-07","Nitrate",NA,"",NA,NA,0.5
"9282",991513,"PALMBEACH","68","2020-04-07","Nitrate",NA,"",NA,NA,0.5
"9283",991529,"PALMBEACH","61","2020-04-06","Nitrate",NA,"",NA,NA,0.5
"9284",991541,"PALMBEACH","69","2020-04-06","Nitrate",NA,"",NA,NA,0.5
"9285",991548,"PALMBEACH","62","2020-04-06","Nitrate",NA,"",NA,NA,0.5
"9286",991560,"PALMBEACH","52","2020-04-06","Nitrate",NA,"",NA,NA,0.5
"9287",991568,"PALMBEACH","70","2020-04-06","Nitrate",NA,"",NA,NA,0.5
"9288",991579,"PALMBEACH","57","2020-04-06","Nitrate",0.0167,"mg/l",NA,NA,0.5
"9289",991595,"PALMBEACH","18D","2020-03-30","Nitrate",NA,"",NA,NA,0.5
"9290",991603,"PALMBEACH","18C","2020-03-30","Nitrate",NA,"",NA,NA,0.5
"9291",991614,"PALMBEACH","11","2020-03-30","Nitrate",NA,"",NA,NA,0.5
"9292",991627,"PALMBEACH","13","2020-03-30","Nitrate",NA,"",NA,NA,0.5
"9293",991638,"PALMBEACH","31C","2020-03-24","Nitrate",NA,"",NA,NA,0.5
"9294",991655,"PALMBEACH","31E","2020-03-24","Nitrate",0.0289,"mg/l",NA,NA,0.5
"9295",991660,"PALMBEACH","27B","2020-03-24","Nitrate",0.0444,"mg/l",NA,NA,0.5
"9296",991672,"PALMBEACH","27A","2020-03-24","Nitrate",NA,"",NA,NA,0.5
"9297",991682,"PALMBEACH","24","2020-03-24","Nitrate",NA,"",NA,NA,0.5
"9298",991693,"PALMBEACH","22","2020-03-24","Nitrate",NA,"",NA,NA,0.5
"9299",991709,"PALMBEACH","37B","2020-03-23","Nitrate",0.196,"mg/l",NA,NA,0.5
"9300",991714,"PALMBEACH","38B","2020-03-23","Nitrate",0.0383,"mg/l",NA,NA,0.5
"9301",991727,"PALMBEACH","16","2020-03-23","Nitrate",0.0409,"mg/l",NA,NA,0.5
"9302",991734,"PALMBEACH","15","2020-03-23","Nitrate",NA,"",NA,NA,0.5
"9303",991747,"PALMBEACH","12A","2020-03-23","Nitrate",NA,"",NA,NA,0.5
"9304",991761,"PALMBEACH","18D","2020-02-28","Nitrate",NA,"",NA,NA,0.5
"9305",991766,"PALMBEACH","18C","2020-02-28","Nitrate",NA,"",NA,NA,0.5
"9306",991778,"PALMBEACH","11","2020-02-28","Nitrate",NA,"",NA,NA,0.5
"9307",991789,"PALMBEACH","13","2020-02-28","Nitrate",NA,"",NA,NA,0.5
"9308",991803,"PALMBEACH","63","2020-02-24","Nitrate",NA,"",NA,NA,0.5
"9309",991814,"PALMBEACH","64","2020-02-24","Nitrate",NA,"",NA,NA,0.5
"9310",991831,"PALMBEACH","65","2020-02-24","Nitrate",NA,"",NA,NA,0.5
"9311",991836,"PALMBEACH","66","2020-02-24","Nitrate",NA,"",NA,NA,0.5
"9312",991847,"PALMBEACH","68","2020-02-24","Nitrate",NA,"",NA,NA,0.5
"9313",991856,"PALMBEACH","61","2020-02-23","Nitrate",NA,"",NA,NA,0.5
"9314",991867,"PALMBEACH","69","2020-02-23","Nitrate",NA,"",NA,NA,0.5
"9315",991878,"PALMBEACH","62","2020-02-23","Nitrate",NA,"",NA,NA,0.5
"9316",991889,"PALMBEACH","52","2020-02-23","Nitrate",NA,"",NA,NA,0.5
"9317",991901,"PALMBEACH","70","2020-02-23","Nitrate",NA,"",NA,NA,0.5
"9318",991912,"PALMBEACH","57","2020-02-23","Nitrate",NA,"",NA,NA,0.5
"9319",991922,"PALMBEACH","18D","2020-01-31","Nitrate",NA,"",NA,NA,0.5
"9320",991931,"PALMBEACH","18C","2020-01-31","Nitrate",NA,"",NA,NA,0.5
"9321",991940,"PALMBEACH","11","2020-01-31","Nitrate",NA,"",NA,NA,0.5
"9322",991955,"PALMBEACH","13","2020-01-31","Nitrate",NA,"",NA,NA,0.5
"9323",991960,"PALMBEACH","31C","2020-01-13","Nitrate",NA,"",NA,NA,0.5
"9324",991967,"PALMBEACH","31E","2020-01-13","Nitrate",NA,"",NA,NA,0.5
"9325",991982,"PALMBEACH","27B","2020-01-13","Nitrate",NA,"",NA,NA,0.5
"9326",991991,"PALMBEACH","27A","2020-01-13","Nitrate",NA,"",NA,NA,0.5
"9327",992003,"PALMBEACH","24","2020-01-13","Nitrate",NA,"",NA,NA,0.5
"9328",992013,"PALMBEACH","22","2020-01-13","Nitrate",NA,"",NA,NA,0.5
"9329",992026,"PALMBEACH","37B","2020-01-12","Nitrate",0.207,"mg/l",NA,NA,0.5
"9330",992039,"PALMBEACH","38B","2020-01-12","Nitrate",0.34,"mg/l",NA,NA,0.5
"9331",992046,"PALMBEACH","16","2020-01-12","Nitrate",0.076,"mg/l",NA,NA,0.5
"9332",992052,"PALMBEACH","15","2020-01-12","Nitrate",NA,"",NA,NA,0.5
"9333",992064,"PALMBEACH","12A","2020-01-12","Nitrate",0.066,"mg/l",NA,NA,0.5
"9334",992077,"PALMBEACH","18D","2020-12-30","Nitrate",NA,"",NA,NA,0.5
"9335",992093,"PALMBEACH","18C","2020-12-30","Nitrate",NA,"",NA,NA,0.5
"9336",992095,"PALMBEACH","11","2020-12-30","Nitrate",NA,"",NA,NA,0.5
"9337",992110,"PALMBEACH","13","2020-12-30","Nitrate",NA,"",NA,NA,0.5
"9338",992119,"PALMBEACH","64","2020-12-10","Nitrate",NA,"",NA,NA,0.5
"9339",992131,"PALMBEACH","63","2020-12-10","Nitrate",NA,"",NA,NA,0.5
"9340",992142,"PALMBEACH","65","2020-12-10","Nitrate",NA,"",NA,NA,0.5
"9341",992154,"PALMBEACH","66","2020-12-10","Nitrate",NA,"",NA,NA,0.5
"9342",992161,"PALMBEACH","68","2020-12-10","Nitrate",NA,"",NA,NA,0.5
"9343",992175,"PALMBEACH","57","2020-12-08","Nitrate",0.184,"mg/l",NA,NA,0.5
"9344",992186,"PALMBEACH","70","2020-12-08","Nitrate",NA,"",NA,NA,0.5
"9345",992195,"PALMBEACH","52","2020-12-08","Nitrate",NA,"",NA,NA,0.5
"9346",992206,"PALMBEACH","62","2020-12-08","Nitrate",0.263,"mg/l",NA,NA,0.5
"9347",992217,"PALMBEACH","69","2020-12-08","Nitrate",0.233,"mg/l",NA,NA,0.5
"9348",992228,"PALMBEACH","61","2020-12-08","Nitrate",0.161,"mg/l",NA,NA,0.5
"9349",992243,"PALMBEACH","18D","2020-11-18","Nitrate",NA,"",NA,NA,0.5
"9350",992255,"PALMBEACH","18C","2020-11-18","Nitrate",NA,"",NA,NA,0.5
"9351",992267,"PALMBEACH","11","2020-11-18","Nitrate",NA,"",NA,NA,0.5
"9352",992279,"PALMBEACH","13","2020-11-18","Nitrate",NA,"",NA,NA,0.5
"9353",992286,"PALMBEACH","31C","2020-11-10","Nitrate",NA,"",NA,NA,0.5
"9354",992297,"PALMBEACH","31E","2020-11-10","Nitrate",0.102,"mg/l",NA,NA,0.5
"9355",992311,"PALMBEACH","27B","2020-11-10","Nitrate",0.025,"mg/l",NA,NA,0.5
"9356",992322,"PALMBEACH","27A","2020-11-10","Nitrate",NA,"",NA,NA,0.5
"9357",992332,"PALMBEACH","24","2020-11-10","Nitrate",NA,"",NA,NA,0.5
"9358",992339,"PALMBEACH","22","2020-11-10","Nitrate",0.073,"mg/l",NA,NA,0.5
"9359",992354,"PALMBEACH","37B","2020-11-09","Nitrate",0.363,"mg/l",NA,NA,0.5
"9360",992364,"PALMBEACH","38B","2020-11-09","Nitrate",NA,"",NA,NA,0.5
"9361",992372,"PALMBEACH","16","2020-11-09","Nitrate",NA,"",NA,NA,0.5
"9362",992384,"PALMBEACH","15","2020-11-09","Nitrate",0.02,"mg/l",NA,NA,0.5
"9363",992398,"PALMBEACH","12A","2020-11-09","Nitrate",0.123,"mg/l",NA,NA,0.5
"9364",992402,"PALMBEACH","64","2020-10-21","Nitrate",NA,"",NA,NA,0.5
"9365",992415,"PALMBEACH","63","2020-10-21","Nitrate",NA,"",NA,NA,0.5
"9366",992424,"PALMBEACH","65","2020-10-21","Nitrate",NA,"",NA,NA,0.5
"9367",992434,"PALMBEACH","66","2020-10-21","Nitrate",NA,"",NA,NA,0.5
"9368",992448,"PALMBEACH","68","2020-10-21","Nitrate",NA,"",NA,NA,0.5
"9369",992460,"PALMBEACH","61","2020-10-20","Nitrate",0.047,"mg/l",NA,NA,0.5
"9370",992468,"PALMBEACH","69","2020-10-20","Nitrate",0.153,"mg/l",NA,NA,0.5
"9371",992479,"PALMBEACH","62","2020-10-20","Nitrate",0.159,"mg/l",NA,NA,0.5
"9372",992490,"PALMBEACH","52","2020-10-20","Nitrate",NA,"",NA,NA,0.5
"9373",992503,"PALMBEACH","70","2020-10-20","Nitrate",NA,"",NA,NA,0.5
"9374",992514,"PALMBEACH","57","2020-10-20","Nitrate",0.046,"mg/l",NA,NA,0.5
"9375",992520,"PALMBEACH","18D","2020-10-19","Nitrate",NA,"",NA,NA,0.5
"9376",992538,"PALMBEACH","18C","2020-10-19","Nitrate",NA,"",NA,NA,0.5
"9377",992545,"PALMBEACH","11","2020-10-19","Nitrate",NA,"",NA,NA,0.5
"9378",992564,"PALMBEACH","13","2020-10-19","Nitrate",NA,"",NA,NA,0.5
"9379",992572,"PALMBEACH","31C","2020-09-22","Nitrate",0.018,"mg/l",NA,NA,0.5
"9380",992583,"PALMBEACH","31E","2020-09-22","Nitrate",NA,"",NA,NA,0.5
"9381",992596,"PALMBEACH","27B","2020-09-22","Nitrate",NA,"",NA,NA,0.5
"9382",992605,"PALMBEACH","27A","2020-09-22","Nitrate",0.047,"mg/l",NA,NA,0.5
"9383",992616,"PALMBEACH","24","2020-09-22","Nitrate",NA,"",NA,NA,0.5
"9384",992628,"PALMBEACH","22","2020-09-22","Nitrate",NA,"",NA,NA,0.5
"9385",992639,"PALMBEACH","37B","2020-09-21","Nitrate",NA,"",NA,NA,0.5
"9386",992646,"PALMBEACH","38B","2020-09-21","Nitrate",NA,"",NA,NA,0.5
"9387",992660,"PALMBEACH","16","2020-09-21","Nitrate",NA,"",NA,NA,0.5
"9388",992676,"PALMBEACH","15","2020-09-21","Nitrate",NA,"",NA,NA,0.5
"9389",992680,"PALMBEACH","12A","2020-09-21","Nitrate",NA,"",NA,NA,0.5
"9390",992693,"PALMBEACH","63","2020-09-08","Nitrate",NA,"",NA,NA,0.5
"9391",992704,"PALMBEACH","64","2020-09-08","Nitrate",NA,"",NA,NA,0.5
"9392",992719,"PALMBEACH","68","2020-09-08","Nitrate",NA,"",NA,NA,0.5
"9393",992726,"PALMBEACH","66","2020-09-08","Nitrate",0.03,"mg/l",NA,NA,0.5
"9394",992733,"PALMBEACH","65","2020-09-08","Nitrate",NA,"",NA,NA,0.5
"9395",992746,"PALMBEACH","57","2020-09-07","Nitrate",0.024,"mg/l",NA,NA,0.5
"9396",992759,"PALMBEACH","70","2020-09-07","Nitrate",NA,"",NA,NA,0.5
"9397",992766,"PALMBEACH","52","2020-09-07","Nitrate",NA,"",NA,NA,0.5
"9398",992781,"PALMBEACH","62","2020-09-07","Nitrate",0.133,"mg/l",NA,NA,0.5
"9399",992792,"PALMBEACH","69","2020-09-07","Nitrate",0.102,"mg/l",NA,NA,0.5
"9400",992802,"PALMBEACH","61","2020-09-07","Nitrate",0.074,"mg/l",NA,NA,0.5
"9401",992815,"PALMBEACH","18D","2020-09-03","Nitrate",NA,"",NA,NA,0.5
"9402",992827,"PALMBEACH","18C","2020-09-03","Nitrate",0.513,"mg/l",NA,NA,0.5
"9403",992840,"PALMBEACH","11","2020-09-03","Nitrate",NA,"",NA,NA,0.5
"9404",992853,"PALMBEACH","13","2020-09-03","Nitrate",NA,"",NA,NA,0.5
"9405",992864,"PALMBEACH","18D","2020-08-05","Nitrate",NA,"",NA,NA,0.5
"9406",992876,"PALMBEACH","18C","2020-08-05","Nitrate",NA,"",NA,NA,0.5
"9407",992882,"PALMBEACH","11","2020-08-05","Nitrate",NA,"",NA,NA,0.5
"9408",992899,"PALMBEACH","13","2020-08-05","Nitrate",NA,"",NA,NA,0.5
"9409",992907,"PALMBEACH","31C","2020-07-15","Nitrate",NA,"",NA,NA,0.5
"9410",992916,"PALMBEACH","31E","2020-07-15","Nitrate",NA,"",NA,NA,0.5
"9411",992931,"PALMBEACH","27B","2020-07-15","Nitrate",NA,"",NA,NA,0.5
"9412",992942,"PALMBEACH","27A","2020-07-15","Nitrate",NA,"",NA,NA,0.5
"9413",992954,"PALMBEACH","24","2020-07-15","Nitrate",NA,"",NA,NA,0.5
"9414",992959,"PALMBEACH","22","2020-07-15","Nitrate",0.019,"mg/l",NA,NA,0.5
"9415",992973,"PALMBEACH","37B","2020-07-14","Nitrate",0.049,"mg/l",NA,NA,0.5
"9416",992980,"PALMBEACH","38B","2020-07-14","Nitrate",0.141,"mg/l",NA,NA,0.5
"9417",992987,"PALMBEACH","16","2020-07-14","Nitrate",NA,"",NA,NA,0.5
"9418",992998,"PALMBEACH","15","2020-07-14","Nitrate",NA,"",NA,NA,0.5
"9419",993003,"PALMBEACH","12A","2020-07-14","Nitrate",0.137,"mg/l",NA,NA,0.5
"9420",993017,"PALMBEACH","18D","2020-07-07","Nitrate",NA,"",NA,NA,0.5
"9421",993034,"PALMBEACH","18C","2020-07-07","Nitrate",0.022,"mg/l",NA,NA,0.5
"9422",993049,"PALMBEACH","11","2020-07-07","Nitrate",NA,"",NA,NA,0.5
"9423",993056,"PALMBEACH","13","2020-07-07","Nitrate",0.247,"mg/l",NA,NA,0.5
"9424",993077,"PALMBEACH","63","2020-06-30","Nitrate",NA,"",NA,NA,0.5
"9425",993089,"PALMBEACH","64","2020-06-30","Nitrate",NA,"",NA,NA,0.5
"9426",993099,"PALMBEACH","65","2020-06-30","Nitrate",NA,"",NA,NA,0.5
"9427",993114,"PALMBEACH","66","2020-06-30","Nitrate",NA,"",NA,NA,0.5
"9428",993126,"PALMBEACH","68","2020-06-30","Nitrate",NA,"",NA,NA,0.5
"9429",993136,"PALMBEACH","61","2020-06-29","Nitrate",NA,"",NA,NA,0.5
"9430",993143,"PALMBEACH","69","2020-06-29","Nitrate",NA,"",NA,NA,0.5
"9431",993155,"PALMBEACH","62","2020-06-29","Nitrate",0.113,"mg/l",NA,NA,0.5
"9432",993164,"PALMBEACH","52","2020-06-29","Nitrate",NA,"",NA,NA,0.5
"9433",993173,"PALMBEACH","70","2020-06-29","Nitrate",NA,"",NA,NA,0.5
"9434",993187,"PALMBEACH","57","2020-06-29","Nitrate",NA,"",NA,NA,0.5
"9435",993200,"PALMBEACH","18D","2020-06-09","Nitrate",NA,"",NA,NA,0.5
"9436",993212,"PALMBEACH","18C","2020-06-09","Nitrate",NA,"",NA,NA,0.5
"9437",993227,"PALMBEACH","11","2020-06-09","Nitrate",NA,"",NA,NA,0.5
"9438",993232,"PALMBEACH","13","2020-06-09","Nitrate",0.37,"mg/l",NA,NA,0.5
"9439",993245,"PALMBEACH","31C","2020-05-27","Nitrate",NA,"",NA,NA,0.5
"9440",993255,"PALMBEACH","31E","2020-05-27","Nitrate",0.048,"mg/l",NA,NA,0.5
"9441",993268,"PALMBEACH","27B","2020-05-27","Nitrate",NA,"",NA,NA,0.5
"9442",993281,"PALMBEACH","27A","2020-05-27","Nitrate",NA,"",NA,NA,0.5
"9443",993288,"PALMBEACH","24","2020-05-27","Nitrate",NA,"",NA,NA,0.5
"9444",993298,"PALMBEACH","22","2020-05-27","Nitrate",NA,"",NA,NA,0.5
"9445",993310,"PALMBEACH","37B","2020-05-26","Nitrate",0.176,"mg/l",NA,NA,0.5
"9446",993319,"PALMBEACH","38B","2020-05-26","Nitrate",0.255,"mg/l",NA,NA,0.5
"9447",993332,"PALMBEACH","16","2020-05-26","Nitrate",NA,"",NA,NA,0.5
"9448",993342,"PALMBEACH","15","2020-05-26","Nitrate",NA,"",NA,NA,0.5
"9449",993352,"PALMBEACH","12A","2020-05-26","Nitrate",0.034,"mg/l",NA,NA,0.5
"9450",993365,"PALMBEACH","18D","2020-05-24","Nitrate",NA,"",NA,NA,0.5
"9451",993377,"PALMBEACH","18C","2020-05-24","Nitrate",NA,"",NA,NA,0.5
"9452",993389,"PALMBEACH","11","2020-05-24","Nitrate",NA,"",NA,NA,0.5
"9453",993404,"PALMBEACH","13","2020-05-24","Nitrate",NA,"",NA,NA,0.5
"9454",993417,"PALMBEACH","18D","2020-04-23","Nitrate",0.48,"mg/l",NA,NA,0.5
"9455",993430,"PALMBEACH","18C","2020-04-23","Nitrate",0.331,"mg/l",NA,NA,0.5
"9456",993441,"PALMBEACH","11","2020-04-23","Nitrate",NA,"",NA,NA,0.5
"9457",993453,"PALMBEACH","13","2020-04-23","Nitrate",NA,"",NA,NA,0.5
"9458",993477,"PALMBEACH","64","2020-04-14","Nitrate",0.04,"mg/l",NA,NA,0.5
"9459",993479,"PALMBEACH","65","2020-04-14","Nitrate",0.057,"mg/l",NA,NA,0.5
"9460",993493,"PALMBEACH","66","2020-04-14","Nitrate",0.06,"mg/l",NA,NA,0.5
"9461",993504,"PALMBEACH","68","2020-04-14","Nitrate",0.063,"mg/l",NA,NA,0.5
"9462",993514,"PALMBEACH","61","2020-04-13","Nitrate",0.104,"mg/l",NA,NA,0.5
"9463",993527,"PALMBEACH","69","2020-04-13","Nitrate",0.068,"mg/l",NA,NA,0.5
"9464",993535,"PALMBEACH","62","2020-04-13","Nitrate",0.069,"mg/l",NA,NA,0.5
"9465",993545,"PALMBEACH","52","2020-04-13","Nitrate",0.064,"mg/l",NA,NA,0.5
"9466",993555,"PALMBEACH","70","2020-04-13","Nitrate",0.07,"mg/l",NA,NA,0.5
"9467",993564,"PALMBEACH","57","2020-04-13","Nitrate",0.069,"mg/l",NA,NA,0.5
"9468",993573,"PALMBEACH","31C","2020-03-26","Nitrate",0.081,"mg/l",NA,NA,0.5
"9469",993585,"PALMBEACH","31E","2020-03-26","Nitrate",0.046,"mg/l",NA,NA,0.5
"9470",993598,"PALMBEACH","27B","2020-03-26","Nitrate",0.127,"mg/l",NA,NA,0.5
"9471",993609,"PALMBEACH","27A","2020-03-26","Nitrate",NA,"",NA,NA,0.5
"9472",993618,"PALMBEACH","24","2020-03-26","Nitrate",0.048,"mg/l",NA,NA,0.5
"9473",993629,"PALMBEACH","22","2020-03-26","Nitrate",NA,"",NA,NA,0.5
"9474",993640,"PALMBEACH","18D","2020-03-25","Nitrate",0.13,"mg/l",NA,NA,0.5
"9475",993652,"PALMBEACH","18C","2020-03-25","Nitrate",0.179,"mg/l",NA,NA,0.5
"9476",993668,"PALMBEACH","11","2020-03-25","Nitrate",0.032,"mg/l",NA,NA,0.5
"9477",993676,"PALMBEACH","13","2020-03-25","Nitrate",0.072,"mg/l",NA,NA,0.5
"9478",993690,"PALMBEACH","37B","2020-03-23","Nitrate",0.323,"mg/l",NA,NA,0.5
"9479",993699,"PALMBEACH","38B","2020-03-23","Nitrate",0.207,"mg/l",NA,NA,0.5
"9480",993707,"PALMBEACH","16","2020-03-23","Nitrate",0.054,"mg/l",NA,NA,0.5
"9481",993721,"PALMBEACH","15","2020-03-23","Nitrate",NA,"",NA,NA,0.5
"9482",993732,"PALMBEACH","12A","2020-03-23","Nitrate",0.129,"mg/l",NA,NA,0.5
"9483",993745,"PALMBEACH","18D","2020-02-25","Nitrate",NA,"",NA,NA,0.5
"9484",993760,"PALMBEACH","18C","2020-02-25","Nitrate",NA,"",NA,NA,0.5
"9485",993765,"PALMBEACH","11","2020-02-25","Nitrate",NA,"",NA,NA,0.5
"9486",993781,"PALMBEACH","13","2020-02-25","Nitrate",0.04,"mg/l",NA,NA,0.5
"9487",993789,"PALMBEACH","64","2020-02-18","Nitrate",0.199,"mg/l",NA,NA,0.5
"9488",993804,"PALMBEACH","63","2020-02-18","Nitrate",0.132,"mg/l",NA,NA,0.5
"9489",993813,"PALMBEACH","68","2020-02-18","Nitrate",0.251,"mg/l",NA,NA,0.5
"9490",993825,"PALMBEACH","66","2020-02-18","Nitrate",0.195,"mg/l",NA,NA,0.5
"9491",993836,"PALMBEACH","65","2020-02-18","Nitrate",0.212,"mg/l",NA,NA,0.5
"9492",993846,"PALMBEACH","57","2020-02-17","Nitrate",0.12,"mg/l",NA,NA,0.5
"9493",993856,"PALMBEACH","70","2020-02-17","Nitrate",NA,"",NA,NA,0.5
"9494",993865,"PALMBEACH","52","2020-02-17","Nitrate",NA,"",NA,NA,0.5
"9495",993873,"PALMBEACH","62","2020-02-17","Nitrate",0.125,"mg/l",NA,NA,0.5
"9496",993883,"PALMBEACH","69","2020-02-17","Nitrate",0.099,"mg/l",NA,NA,0.5
"9497",993892,"PALMBEACH","61","2020-02-17","Nitrate",0.133,"mg/l",NA,NA,0.5
"9498",993904,"PALMBEACH","31C","2020-01-28","Nitrate",0.141,"mg/l",NA,NA,0.5
"9499",993915,"PALMBEACH","31E","2020-01-28","Nitrate",0.141,"mg/l",NA,NA,0.5
"9500",993926,"PALMBEACH","27A","2020-01-28","Nitrate",0.087,"mg/l",NA,NA,0.5
"9501",993936,"PALMBEACH","27A","2020-01-28","Nitrate",0.14,"mg/l",NA,NA,0.5
"9502",993946,"PALMBEACH","24","2020-01-28","Nitrate",0.089,"mg/l",NA,NA,0.5
"9503",993961,"PALMBEACH","22","2020-01-28","Nitrate",0.206,"mg/l",NA,NA,0.5
"9504",993971,"PALMBEACH","18D","2020-01-27","Nitrate",NA,"",NA,NA,0.5
"9505",993974,"PALMBEACH","18C","2020-01-27","Nitrate",NA,"",NA,NA,0.5
"9506",993985,"PALMBEACH","11","2020-01-27","Nitrate",NA,"",NA,NA,0.5
"9507",993994,"PALMBEACH","13","2020-01-27","Nitrate",0.075,"mg/l",NA,NA,0.5
"9508",994004,"PALMBEACH","37B","2020-01-20","Nitrate",0.208,"mg/l",NA,NA,0.5
"9509",994015,"PALMBEACH","38B","2020-01-20","Nitrate",0.251,"mg/l",NA,NA,0.5
"9510",994028,"PALMBEACH","16","2020-01-20","Nitrate",0.19,"mg/l",NA,NA,0.5
"9511",994040,"PALMBEACH","15","2020-01-20","Nitrate",0.018,"mg/l",NA,NA,0.5
"9512",994049,"PALMBEACH","12A","2020-01-20","Nitrate",0.21,"mg/l",NA,NA,0.5
"9513",994065,"PALMBEACH","18D","2020-12-29","Nitrate",NA,"",NA,NA,0.5
"9514",994070,"PALMBEACH","18C","2020-12-29","Nitrate",NA,"",NA,NA,0.5
"9515",994082,"PALMBEACH","11","2020-12-29","Nitrate",NA,"",NA,NA,0.5
"9516",994094,"PALMBEACH","13","2020-12-29","Nitrate",0.059,"mg/l",NA,NA,0.5
"9517",994138,"PALMBEACH","31C","2020-11-24","Nitrate",0.027,"mg/l",NA,NA,0.05
"9518",994152,"PALMBEACH","31E","2020-11-24","Nitrate",0.019,"mg/l",NA,NA,0.05
"9519",994169,"PALMBEACH","27B","2020-11-24","Nitrate",0.153,"mg/l",NA,NA,0.05
"9520",994174,"PALMBEACH","27A","2020-11-24","Nitrate",0.009,"mg/l",NA,NA,0.05
"9521",994182,"PALMBEACH","24","2020-11-24","Nitrate",0.011,"mg/l",NA,NA,0.05
"9522",994192,"PALMBEACH","22","2020-11-24","Nitrate",0.014,"mg/l",NA,NA,0.05
"9523",994206,"PALMBEACH","37B","2020-11-23","Nitrate",0.298,"mg/l",NA,NA,0.05
"9524",994221,"PALMBEACH","38B","2020-11-23","Nitrate",0.238,"mg/l",NA,NA,0.05
"9525",994225,"PALMBEACH","16","2020-11-23","Nitrate",NA,"",NA,NA,0.05
"9526",994239,"PALMBEACH","15","2020-11-23","Nitrate",NA,"",NA,NA,0.05
"9527",994250,"PALMBEACH","12A","2020-11-23","Nitrate",0.169,"mg/l",NA,NA,0.05
"9528",994263,"PALMBEACH","18D","2020-11-12","Nitrate",NA,"",NA,NA,0.05
"9529",994272,"PALMBEACH","18C","2020-11-12","Nitrate",NA,"",NA,NA,0.05
"9530",994283,"PALMBEACH","11","2020-11-12","Nitrate",NA,"",NA,NA,0.05
"9531",994299,"PALMBEACH","13","2020-11-12","Nitrate",NA,"",NA,NA,0.05
"9532",994311,"PALMBEACH","18D","2020-10-30","Nitrate",NA,"",NA,NA,0.5
"9533",994328,"PALMBEACH","18C","2020-10-30","Nitrate",NA,"",NA,NA,0.5
"9534",994329,"PALMBEACH","11","2020-10-30","Nitrate",NA,"",NA,NA,0.5
"9535",994343,"PALMBEACH","13","2020-10-30","Nitrate",NA,"",NA,NA,0.5
"9536",994354,"PALMBEACH","63","2020-10-27","Nitrate",NA,"",NA,NA,0.5
"9537",994361,"PALMBEACH","64","2020-10-27","Nitrate",NA,"",NA,NA,0.5
"9538",994370,"PALMBEACH","68","2020-10-27","Nitrate",NA,"",NA,NA,0.5
"9539",994378,"PALMBEACH","66","2020-10-27","Nitrate",NA,"",NA,NA,0.5
"9540",994386,"PALMBEACH","65","2020-10-27","Nitrate",NA,"",NA,NA,0.5
"9541",994394,"PALMBEACH","57","2020-10-26","Nitrate",0.045,"mg/l",NA,NA,0.5
"9542",994401,"PALMBEACH","70","2020-10-26","Nitrate",NA,"",NA,NA,0.5
"9543",994410,"PALMBEACH","52","2020-10-26","Nitrate",NA,"",NA,NA,0.5
"9544",994418,"PALMBEACH","62","2020-10-26","Nitrate",0.079,"mg/l",NA,NA,0.5
"9545",994426,"PALMBEACH","69","2020-10-26","Nitrate",NA,"",NA,NA,0.5
"9546",994433,"PALMBEACH","61","2020-10-26","Nitrate",NA,"",NA,NA,0.5
"9547",994506,"PALMBEACH","63","2020-08-06","Nitrate",0.064,"mg/l",NA,NA,0.5
"9548",994520,"PALMBEACH","64","2020-08-06","Nitrate",NA,"",NA,NA,0.5
"9549",994532,"PALMBEACH","65","2020-08-06","Nitrate",NA,"",NA,NA,0.5
"9550",994542,"PALMBEACH","66","2020-08-06","Nitrate",NA,"",NA,NA,0.5
"9551",994553,"PALMBEACH","68","2020-08-06","Nitrate",NA,"",NA,NA,0.5
"9552",994564,"PALMBEACH","61","2020-08-05","Nitrate",NA,"",NA,NA,0.5
"9553",994579,"PALMBEACH","69","2020-08-05","Nitrate",NA,"",NA,NA,0.5
"9554",994584,"PALMBEACH","62","2020-08-05","Nitrate",0.054,"mg/l",NA,NA,0.5
"9555",994595,"PALMBEACH","52","2020-08-05","Nitrate",0.15,"mg/l",NA,NA,0.5
"9556",994605,"PALMBEACH","70","2020-08-05","Nitrate",NA,"",NA,NA,0.5
"9557",994623,"PALMBEACH","57","2020-08-05","Nitrate",NA,"",NA,NA,0.5
"9558",994633,"PALMBEACH","27B","2020-07-09","Nitrate",0.258,"mg/l",NA,NA,0.5
"9559",994640,"PALMBEACH","31E","2020-07-09","Nitrate",0.191,"mg/l",NA,NA,0.5
"9560",994651,"PALMBEACH","31C","2020-07-09","Nitrate",0.069,"mg/l",NA,NA,0.5
"9561",994662,"PALMBEACH","27A","2020-07-09","Nitrate",0.047,"mg/l",NA,NA,0.5
"9562",994675,"PALMBEACH","24","2020-07-09","Nitrate",NA,"",NA,NA,0.5
"9563",994684,"PALMBEACH","22","2020-07-09","Nitrate",0.019,"mg/l",NA,NA,0.5
"9564",994694,"PALMBEACH","37B","2020-07-08","Nitrate",0.204,"mg/l",NA,NA,0.5
"9565",994706,"PALMBEACH","38B","2020-07-08","Nitrate",0.341,"mg/l",NA,NA,0.5
"9566",994717,"PALMBEACH","16","2020-07-08","Nitrate",NA,"",NA,NA,0.5
"9567",994728,"PALMBEACH","15","2020-07-08","Nitrate",NA,"",NA,NA,0.5
"9568",994739,"PALMBEACH","12A","2020-07-08","Nitrate",0.113,"mg/l",NA,NA,0.5
"9569",994751,"PALMBEACH","18D","2020-07-01","Nitrate",NA,"",NA,NA,0.5
"9570",994762,"PALMBEACH","18C","2020-07-01","Nitrate",0.668,"mg/l",NA,NA,0.5
"9571",994774,"PALMBEACH","11","2020-07-01","Nitrate",NA,"",NA,NA,0.5
"9572",994786,"PALMBEACH","13","2020-07-01","Nitrate",NA,"",NA,NA,0.5
"9573",994800,"PALMBEACH","63","2020-06-11","Nitrate",NA,"",NA,NA,NA
"9574",994805,"PALMBEACH","64","2020-06-11","Nitrate",0.051,"mg/l",NA,NA,NA
"9575",994818,"PALMBEACH","65","2020-06-11","Nitrate",0.069,"mg/l",NA,NA,NA
"9576",994831,"PALMBEACH","66","2020-06-11","Nitrate",NA,"",NA,NA,NA
"9577",994836,"PALMBEACH","68","2020-06-11","Nitrate",NA,"",NA,NA,NA
"9578",994846,"PALMBEACH","57","2020-06-10","Nitrate",0.182,"mg/l",NA,NA,NA
"9579",994856,"PALMBEACH","70","2020-06-10","Nitrate",NA,"",NA,NA,NA
"9580",994866,"PALMBEACH","52","2020-06-10","Nitrate",NA,"",NA,NA,NA
"9581",994882,"PALMBEACH","62","2020-06-10","Nitrate",0.172,"mg/l",NA,NA,NA
"9582",994886,"PALMBEACH","69","2020-06-10","Nitrate",0.271,"mg/l",NA,NA,NA
"9583",994896,"PALMBEACH","61","2020-06-10","Nitrate",0.168,"mg/l",NA,NA,NA
"9584",994910,"PALMBEACH","18D","2020-06-04","Nitrate",NA,"",NA,NA,0.5
"9585",994922,"PALMBEACH","18C","2020-06-04","Nitrate",NA,"",NA,NA,0.5
"9586",994939,"PALMBEACH","11","2020-06-04","Nitrate",NA,"",NA,NA,0.5
"9587",994943,"PALMBEACH","13","2020-06-04","Nitrate",NA,"",NA,NA,0.5
"9588",994995,"PALMBEACH","18C","2020-05-21","Nitrate",NA,"",NA,NA,0.5
"9589",995009,"PALMBEACH","11","2020-05-21","Nitrate",NA,"",NA,NA,0.5
"9590",995013,"PALMBEACH","13","2020-05-21","Nitrate",NA,"",NA,NA,0.5
"9591",995027,"PALMBEACH","63","2020-04-24","Nitrate",NA,"",NA,NA,0.5
"9592",995033,"PALMBEACH","64","2020-04-24","Nitrate",NA,"",NA,NA,0.5
"9593",995047,"PALMBEACH","68","2020-04-24","Nitrate",NA,"",NA,NA,0.5
"9594",995058,"PALMBEACH","66","2020-04-24","Nitrate",NA,"",NA,NA,0.5
"9595",995068,"PALMBEACH","65","2020-04-24","Nitrate",NA,"",NA,NA,0.5
"9596",995082,"PALMBEACH","61","2020-04-23","Nitrate",NA,"",NA,NA,0.5
"9597",995092,"PALMBEACH","69","2020-04-23","Nitrate",NA,"",NA,NA,0.5
"9598",995104,"PALMBEACH","62","2020-04-23","Nitrate",0.332,"mg/l",NA,NA,0.5
"9599",995115,"PALMBEACH","52","2020-04-23","Nitrate",0.297,"mg/l",NA,NA,0.5
"9600",995126,"PALMBEACH","70","2020-04-23","Nitrate",NA,"",NA,NA,0.5
"9601",995137,"PALMBEACH","57","2020-04-23","Nitrate",NA,"",NA,NA,0.5
"9602",995145,"PALMBEACH","18D","2020-04-22","Nitrate",NA,"",NA,NA,0.5
"9603",995157,"PALMBEACH","18C","2020-04-22","Nitrate",NA,"",NA,NA,0.5
"9604",995173,"PALMBEACH","11","2020-04-22","Nitrate",NA,"",NA,NA,0.5
"9605",995185,"PALMBEACH","13","2020-04-22","Nitrate",NA,"",NA,NA,0.5
"9606",995197,"PALMBEACH","18D","2020-03-24","Nitrate",NA,"",NA,NA,0.5
"9607",995209,"PALMBEACH","18C","2020-03-24","Nitrate",NA,"",NA,NA,0.5
"9608",995219,"PALMBEACH","11","2020-03-24","Nitrate",NA,"",NA,NA,0.5
"9609",995230,"PALMBEACH","13","2020-03-24","Nitrate",NA,"",NA,NA,0.5
"9610",995235,"PALMBEACH","31C","2020-03-12","Nitrate",NA,"",NA,NA,0.5
"9611",995247,"PALMBEACH","31E","2020-03-12","Nitrate",NA,"",NA,NA,0.5
"9612",995261,"PALMBEACH","27B","2020-03-12","Nitrate",NA,"",NA,NA,0.5
"9613",995272,"PALMBEACH","27A","2020-03-12","Nitrate",NA,"",NA,NA,0.5
"9614",995281,"PALMBEACH","24","2020-03-12","Nitrate",NA,"",NA,NA,0.5
"9615",995291,"PALMBEACH","22","2020-03-12","Nitrate",NA,"",NA,NA,0.5
"9616",995302,"PALMBEACH","37B","2020-03-11","Nitrate",0.309,"mg/l",NA,NA,0.5
"9617",995313,"PALMBEACH","38B","2020-03-11","Nitrate",0.373,"mg/l",NA,NA,0.5
"9618",995325,"PALMBEACH","16","2020-03-11","Nitrate",NA,"",NA,NA,0.5
"9619",995337,"PALMBEACH","15","2020-03-11","Nitrate",NA,"",NA,NA,0.5
"9620",995349,"PALMBEACH","12A","2020-03-11","Nitrate",NA,"",NA,NA,0.5
"9621",995357,"PALMBEACH","18D","2020-02-20","Nitrate",NA,"",NA,NA,0.5
"9622",995369,"PALMBEACH","18C","2020-02-20","Nitrate",NA,"",NA,NA,0.5
"9623",995381,"PALMBEACH","11","2020-02-20","Nitrate",NA,"",NA,NA,0.5
"9624",995394,"PALMBEACH","13","2020-02-20","Nitrate",NA,"",NA,NA,0.5
"9625",995405,"PALMBEACH","63","2020-02-18","Nitrate",NA,"",NA,NA,0.5
"9626",995411,"PALMBEACH","64","2020-02-18","Nitrate",NA,"",NA,NA,0.5
"9627",995425,"PALMBEACH","68","2020-02-18","Nitrate",NA,"",NA,NA,0.5
"9628",995436,"PALMBEACH","66","2020-02-18","Nitrate",NA,"",NA,NA,0.5
"9629",995446,"PALMBEACH","65","2020-02-18","Nitrate",NA,"",NA,NA,0.5
"9630",995455,"PALMBEACH","57","2020-02-17","Nitrate",NA,"",NA,NA,0.5
"9631",995465,"PALMBEACH","70","2020-02-17","Nitrate",NA,"",NA,NA,0.5
"9632",995475,"PALMBEACH","52","2020-02-17","Nitrate",NA,"",NA,NA,0.5
"9633",995486,"PALMBEACH","62","2020-02-17","Nitrate",0.18,"mg/l",NA,NA,0.5
"9634",995495,"PALMBEACH","69","2020-02-17","Nitrate",0.13,"mg/l",NA,NA,0.5
"9635",995505,"PALMBEACH","61","2020-02-17","Nitrate",NA,"",NA,NA,0.5
"9636",995533,"PALMBEACH","27B","2020-01-15","Nitrate",0.317,"mg/l",NA,NA,0.5
"9637",995550,"PALMBEACH","31E","2020-01-15","Nitrate",0.21,"mg/l",NA,NA,0.5
"9638",995555,"PALMBEACH","31C","2020-01-15","Nitrate",0.247,"mg/l",NA,NA,0.5
"9639",995566,"PALMBEACH","27A","2020-01-15","Nitrate",0.443,"mg/l",NA,NA,0.5
"9640",995578,"PALMBEACH","24","2020-01-15","Nitrate",0.518,"mg/l",NA,NA,0.5
"9641",995579,"PALMBEACH","24","2020-01-15","Nitrate",0.518,"mg/l",NA,NA,0.5
"9642",995595,"PALMBEACH","22","2020-01-15","Nitrate",0.448,"mg/l",NA,NA,0.5
"9643",995596,"PALMBEACH","22","2020-01-15","Nitrate",0.448,"mg/l",NA,NA,0.5
"9644",995612,"PALMBEACH","37B","2020-01-14","Nitrate",0.273,"mg/l",NA,NA,0.5
"9645",995624,"PALMBEACH","38B","2020-01-14","Nitrate",0.27,"mg/l",NA,NA,0.5
"9646",995636,"PALMBEACH","16","2020-01-14","Nitrate",NA,"",NA,NA,0.5
"9647",995644,"PALMBEACH","15","2020-01-14","Nitrate",NA,"",NA,NA,0.5
"9648",995665,"PALMBEACH","12A","2020-01-14","Nitrate",0.083,"mg/l",NA,NA,0.5
"9649",995668,"PALMBEACH","18D","2020-12-23","Nitrate",1.45,"mg/l",NA,NA,0.5
"9650",995681,"PALMBEACH","18C","2020-12-23","Nitrate",1.65,"mg/l",NA,NA,0.5
"9651",995695,"PALMBEACH","11","2020-12-23","Nitrate",NA,"",NA,NA,0.5
"9652",995707,"PALMBEACH","13","2020-12-23","Nitrate",NA,"",NA,NA,0.5
"9653",995721,"PALMBEACH","63","2020-12-17","Nitrate",NA,"",NA,NA,NA
"9654",995726,"PALMBEACH","64","2020-12-17","Nitrate",NA,"",NA,NA,NA
"9655",995735,"PALMBEACH","65","2020-12-17","Nitrate",0.38,"mg/l",NA,NA,NA
"9656",995747,"PALMBEACH","66","2020-12-17","Nitrate",0.364,"mg/l",NA,NA,NA
"9657",995758,"PALMBEACH","68","2020-12-17","Nitrate",0.369,"mg/l",NA,NA,NA
"9658",995768,"PALMBEACH","61","2020-12-16","Nitrate",0.368,"mg/l",NA,NA,NA
"9659",995780,"PALMBEACH","69","2020-12-16","Nitrate",0.37,"mg/l",NA,NA,NA
"9660",995790,"PALMBEACH","62","2020-12-16","Nitrate",0.363,"mg/l",NA,NA,NA
"9661",995801,"PALMBEACH","52","2020-12-16","Nitrate",NA,"",NA,NA,NA
"9662",995812,"PALMBEACH","70","2020-12-16","Nitrate",NA,"",NA,NA,NA
"9663",995823,"PALMBEACH","57","2020-12-16","Nitrate",0.217,"mg/l",NA,NA,NA
"9664",995834,"PALMBEACH","18D","2020-11-12","Nitrate",1.16,"mg/l",NA,NA,0.5
"9665",995842,"PALMBEACH","18C","2020-11-12","Nitrate",0.303,"mg/l",NA,NA,0.5
"9666",995850,"PALMBEACH","11","2020-11-12","Nitrate",0.244,"mg/l",NA,NA,0.5
"9667",995858,"PALMBEACH","13","2020-11-12","Nitrate",0.241,"mg/l",NA,NA,0.5
"9668",995865,"PALMBEACH","27B","2020-11-06","Nitrate",NA,"",NA,NA,0.5
"9669",995874,"PALMBEACH","31E","2020-11-06","Nitrate",NA,"",NA,NA,0.5
"9670",995879,"PALMBEACH","31C","2020-11-06","Nitrate",NA,"",NA,NA,0.5
"9671",995886,"PALMBEACH","27A","2020-11-06","Nitrate",0.116,"mg/l",NA,NA,0.5
"9672",995910,"PALMBEACH","37B","2020-11-04","Nitrate",0.923,"mg/l",NA,NA,0.5
"9673",995918,"PALMBEACH","38B","2020-11-04","Nitrate",0.853,"mg/l",NA,NA,0.5
"9674",995930,"PALMBEACH","16","2020-11-04","Nitrate",0.687,"mg/l",NA,NA,0.5
"9675",995932,"PALMBEACH","15","2020-11-04","Nitrate",0.676,"mg/l",NA,NA,0.5
"9676",995939,"PALMBEACH","12A","2020-11-04","Nitrate",0.835,"mg/l",NA,NA,0.5
"9677",995949,"PALMBEACH","63","2020-10-16","Nitrate",NA,"",NA,NA,NA
"9678",995962,"PALMBEACH","64","2020-10-16","Nitrate",NA,"",NA,NA,NA
"9679",995967,"PALMBEACH","65","2020-10-16","Nitrate",NA,"",NA,NA,NA
"9680",995976,"PALMBEACH","66","2020-10-16","Nitrate",NA,"",NA,NA,NA
"9681",995985,"PALMBEACH","68","2020-10-16","Nitrate",NA,"",NA,NA,NA
"9682",995997,"PALMBEACH","61","2020-10-15","Nitrate",0.963,"mg/l",NA,NA,NA
"9683",996000,"PALMBEACH","69","2020-10-15","Nitrate",NA,"",NA,NA,NA
"9684",996010,"PALMBEACH","62","2020-10-15","Nitrate",NA,"",NA,NA,NA
"9685",996018,"PALMBEACH","52","2020-10-15","Nitrate",NA,"",NA,NA,NA
"9686",996030,"PALMBEACH","70","2020-10-15","Nitrate",NA,"",NA,NA,NA
"9687",996036,"PALMBEACH","57","2020-10-15","Nitrate",NA,"",NA,NA,NA
"9688",996045,"PALMBEACH","18D","2020-10-09","Nitrate",0.0936,"mg/l",NA,NA,NA
"9689",996057,"PALMBEACH","18C","2020-10-09","Nitrate",0.0819,"mg/l",NA,NA,NA
"9690",996067,"PALMBEACH","11","2020-10-09","Nitrate",NA,"",NA,NA,NA
"9691",996078,"PALMBEACH","13","2020-10-09","Nitrate",NA,"",NA,NA,NA
"9692",996092,"PALMBEACH","18D","2020-09-11","Nitrate",NA,"",NA,NA,0.5
"9693",996102,"PALMBEACH","18C","2020-09-11","Nitrate",0.302,"mg/l",NA,NA,0.5
"9694",996117,"PALMBEACH","11","2020-09-11","Nitrate",NA,"",NA,NA,0.5
"9695",996125,"PALMBEACH","13","2020-09-11","Nitrate",NA,"",NA,NA,0.5
"9696",996135,"PALMBEACH","27B","2020-09-04","Nitrate",NA,"",NA,NA,0.5
"9697",996146,"PALMBEACH","31E","2020-09-04","Nitrate",NA,"",NA,NA,0.5
"9698",996161,"PALMBEACH","31C","2020-09-04","Nitrate",NA,"",NA,NA,0.5
"9699",996171,"PALMBEACH","27A","2020-09-04","Nitrate",NA,"",NA,NA,0.5
"9700",996185,"PALMBEACH","37B","2020-09-03","Nitrate",NA,"",NA,NA,0.5
"9701",996198,"PALMBEACH","38B","2020-09-03","Nitrate",NA,"",NA,NA,0.5
"9702",996205,"PALMBEACH","16","2020-09-03","Nitrate",NA,"",NA,NA,0.5
"9703",996216,"PALMBEACH","15","2020-09-03","Nitrate",NA,"",NA,NA,0.5
"9704",996228,"PALMBEACH","12A","2020-09-03","Nitrate",NA,"",NA,NA,0.5
"9705",996240,"PALMBEACH","18D","2020-08-14","Nitrate",NA,"",NA,NA,0.5
"9706",996248,"PALMBEACH","18C","2020-08-14","Nitrate",1.01,"mg/l",NA,NA,0.5
"9707",996260,"PALMBEACH","11","2020-08-14","Nitrate",NA,"",NA,NA,0.5
"9708",996278,"PALMBEACH","13","2020-08-14","Nitrate",NA,"",NA,NA,0.5
"9709",996284,"PALMBEACH","63","2020-08-07","Nitrate",NA,"",NA,NA,0.5
"9710",996296,"PALMBEACH","64","2020-08-07","Nitrate",NA,"",NA,NA,0.5
"9711",996305,"PALMBEACH","65","2020-08-07","Nitrate",NA,"",NA,NA,0.5
"9712",996318,"PALMBEACH","66","2020-08-07","Nitrate",NA,"",NA,NA,0.5
"9713",996332,"PALMBEACH","68","2020-08-07","Nitrate",NA,"",NA,NA,0.5
"9714",996347,"PALMBEACH","57","2020-08-06","Nitrate",NA,"",NA,NA,0.5
"9715",996349,"PALMBEACH","70","2020-08-06","Nitrate",NA,"",NA,NA,0.5
"9716",996364,"PALMBEACH","52","2020-08-06","Nitrate",NA,"",NA,NA,0.5
"9717",996374,"PALMBEACH","62","2020-08-06","Nitrate",NA,"",NA,NA,0.5
"9718",996389,"PALMBEACH","69","2020-08-06","Nitrate",NA,"",NA,NA,0.5
"9719",996394,"PALMBEACH","61","2020-08-06","Nitrate",NA,"",NA,NA,0.5
"9720",996405,"PALMBEACH","27B","2020-07-03","Nitrate",NA,"",NA,NA,0.5
"9721",996415,"PALMBEACH","31E","2020-07-03","Nitrate",1.34,"mg/l",NA,NA,0.5
"9722",996426,"PALMBEACH","31C","2020-07-03","Nitrate",NA,"",NA,NA,0.5
"9723",996438,"PALMBEACH","27A","2020-07-03","Nitrate",NA,"",NA,NA,0.5
"9724",996459,"PALMBEACH","18D","2020-07-02","Nitrate",NA,"",NA,NA,0.5
"9725",996467,"PALMBEACH","18C","2020-07-02","Nitrate",NA,"",NA,NA,0.5
"9726",996479,"PALMBEACH","37B","2020-07-02","Nitrate",NA,"",NA,NA,0.5
"9727",996492,"PALMBEACH","38B","2020-07-02","Nitrate",1.39,"mg/l",NA,NA,0.5
"9728",996500,"PALMBEACH","12A","2020-07-02","Nitrate",NA,"",NA,NA,0.5
"9729",996509,"PALMBEACH","16","2020-07-02","Nitrate",NA,"",NA,NA,0.5
"9730",996519,"PALMBEACH","15","2020-07-02","Nitrate",NA,"",NA,NA,0.5
"9731",996540,"PALMBEACH","11","2020-07-01","Nitrate",NA,"",NA,NA,0.5
"9732",996546,"PALMBEACH","13","2020-07-01","Nitrate",NA,"",NA,NA,0.5
"9733",996558,"PALMBEACH","63","2020-06-18","Nitrate",NA,"",NA,NA,0.5
"9734",996572,"PALMBEACH","64","2020-06-18","Nitrate",NA,"",NA,NA,0.5
"9735",996579,"PALMBEACH","65","2020-06-18","Nitrate",NA,"",NA,NA,0.5
"9736",996597,"PALMBEACH","66","2020-06-18","Nitrate",NA,"",NA,NA,0.5
"9737",996604,"PALMBEACH","68","2020-06-18","Nitrate",NA,"",NA,NA,0.5
"9738",996627,"PALMBEACH","69","2020-06-17","Nitrate",NA,"",NA,NA,0.5
"9739",996636,"PALMBEACH","57","2020-06-17","Nitrate",NA,"",NA,NA,0.5
"9740",996647,"PALMBEACH","70","2020-06-17","Nitrate",NA,"",NA,NA,0.5
"9741",996655,"PALMBEACH","62","2020-06-17","Nitrate",NA,"",NA,NA,0.5
"9742",996663,"PALMBEACH","61","2020-06-17","Nitrate",NA,"",NA,NA,0.5
"9743",996674,"PALMBEACH","52","2020-06-17","Nitrate",NA,"",NA,NA,0.5
"9744",996684,"PALMBEACH","18D","2020-06-10","Nitrate",NA,"",NA,NA,0.5
"9745",996691,"PALMBEACH","18C","2020-06-10","Nitrate",NA,"",NA,NA,0.5
"9746",996707,"PALMBEACH","11","2020-06-10","Nitrate",NA,"",NA,NA,0.5
"9747",996719,"PALMBEACH","13","2020-06-10","Nitrate",NA,"",NA,NA,0.5
"9748",996733,"PALMBEACH","18D","2020-05-29","Nitrate",NA,"",NA,NA,0.5
"9749",996734,"PALMBEACH","18D","2020-05-29","Nitrate",NA,"",NA,NA,0.5
"9750",996751,"PALMBEACH","18C","2020-05-29","Nitrate",NA,"",NA,NA,0.5
"9751",996757,"PALMBEACH","11","2020-05-29","Nitrate",NA,"",NA,NA,0.5
"9752",996770,"PALMBEACH","13","2020-05-29","Nitrate",NA,"",NA,NA,0.5
"9753",996783,"PALMBEACH","27B","2020-05-08","Nitrate",NA,"",NA,NA,0.5
"9754",996793,"PALMBEACH","31E","2020-05-08","Nitrate",NA,"",NA,NA,0.5
"9755",996806,"PALMBEACH","31C","2020-05-08","Nitrate",NA,"",NA,NA,0.5
"9756",996817,"PALMBEACH","27A","2020-05-08","Nitrate",NA,"",NA,NA,0.5
"9757",996834,"PALMBEACH","37B","2020-05-07","Nitrate",NA,"",NA,NA,0.5
"9758",996846,"PALMBEACH","38B","2020-05-07","Nitrate",NA,"",NA,NA,0.5
"9759",996854,"PALMBEACH","16","2020-05-07","Nitrate",NA,"",NA,NA,0.5
"9760",996868,"PALMBEACH","15","2020-05-07","Nitrate",NA,"",NA,NA,0.5
"9761",996882,"PALMBEACH","12A","2020-05-07","Nitrate",NA,"",NA,NA,0.5
"9762",996888,"PALMBEACH","64","2020-04-30","Nitrate",NA,"",NA,NA,NA
"9763",996897,"PALMBEACH","63","2020-04-30","Nitrate",NA,"",NA,NA,NA
"9764",996907,"PALMBEACH","68","2020-04-30","Nitrate",NA,"",NA,NA,NA
"9765",996922,"PALMBEACH","66","2020-04-30","Nitrate",NA,"",NA,NA,NA
"9766",996930,"PALMBEACH","65","2020-04-30","Nitrate",NA,"",NA,NA,NA
"9767",996942,"PALMBEACH","57","2020-04-29","Nitrate",NA,"",NA,NA,NA
"9768",996954,"PALMBEACH","70","2020-04-29","Nitrate",0.7,"mg/l",NA,NA,NA
"9769",996966,"PALMBEACH","52","2020-04-29","Nitrate",NA,"",NA,NA,NA
"9770",996978,"PALMBEACH","62","2020-04-29","Nitrate",NA,"",NA,NA,NA
"9771",996989,"PALMBEACH","69","2020-04-29","Nitrate",NA,"",NA,NA,NA
"9772",996995,"PALMBEACH","61","2020-04-29","Nitrate",NA,"",NA,NA,NA
"9773",997007,"PALMBEACH","18D","2020-04-03","Nitrate",NA,"",NA,NA,0.05
"9774",997020,"PALMBEACH","18C","2020-04-03","Nitrate",NA,"",NA,NA,0.05
"9775",997032,"PALMBEACH","11","2020-04-03","Nitrate",NA,"",NA,NA,0.05
"9776",997048,"PALMBEACH","13","2020-04-03","Nitrate",NA,"",NA,NA,0.05
"9777",997057,"PALMBEACH","37B","2020-03-11","Nitrate",0.711,"mg/l",NA,NA,NA
"9778",997072,"PALMBEACH","38B","2020-03-11","Nitrate",0.857,"mg/l",NA,NA,NA
"9779",997083,"PALMBEACH","16","2020-03-11","Nitrate",NA,"",NA,NA,NA
"9780",997087,"PALMBEACH","15","2020-03-11","Nitrate",NA,"",NA,NA,NA
"9781",997099,"PALMBEACH","12A","2020-03-11","Nitrate",NA,"",NA,NA,NA
"9782",997109,"PALMBEACH","27B","2020-03-10","Nitrate",0.754,"mg/l",NA,NA,0.5
"9783",997125,"PALMBEACH","31E","2020-03-10","Nitrate",0.819,"mg/l",NA,NA,0.5
"9784",997129,"PALMBEACH","31C","2020-03-10","Nitrate",0.805,"mg/l",NA,NA,0.5
"9785",997140,"PALMBEACH","27A","2020-03-10","Nitrate",0.849,"mg/l",NA,NA,0.5
"9786",997156,"PALMBEACH","18D","2020-03-04","Nitrate",NA,"",NA,NA,0.5
"9787",997167,"PALMBEACH","18C","2020-03-04","Nitrate",NA,"",NA,NA,0.5
"9788",997179,"PALMBEACH","11","2020-03-04","Nitrate",NA,"",NA,NA,0.5
"9789",997196,"PALMBEACH","13","2020-03-04","Nitrate",NA,"",NA,NA,0.5
"9790",997203,"PALMBEACH","68","2020-02-28","Nitrate",0.754,"mg/l",NA,NA,0.5
"9791",997219,"PALMBEACH","66","2020-02-28","Nitrate",0.727,"mg/l",NA,NA,0.5
"9792",997224,"PALMBEACH","65","2020-02-28","Nitrate",NA,"",NA,NA,0.5
"9793",997242,"PALMBEACH","64","2020-02-28","Nitrate",NA,"",NA,NA,0.5
"9794",997253,"PALMBEACH","63","2020-02-28","Nitrate",0.711,"mg/l",NA,NA,0.5
"9795",997264,"PALMBEACH","61","2020-02-26","Nitrate",NA,"",NA,NA,0.5
"9796",997269,"PALMBEACH","69","2020-02-26","Nitrate",NA,"",NA,NA,0.5
"9797",997282,"PALMBEACH","62","2020-02-26","Nitrate",NA,"",NA,NA,0.5
"9798",997291,"PALMBEACH","52","2020-02-26","Nitrate",NA,"",NA,NA,0.5
"9799",997302,"PALMBEACH","70","2020-02-26","Nitrate",NA,"",NA,NA,0.5
"9800",997313,"PALMBEACH","57","2020-02-26","Nitrate",NA,"",NA,NA,0.5
"9801",997340,"PALMBEACH","18C","2020-02-05","Nitrate",NA,"",NA,NA,0.5
"9802",997348,"PALMBEACH","11","2020-02-05","Nitrate",NA,"",NA,NA,0.5
"9803",997356,"PALMBEACH","18D","2020-02-05","Nitrate",NA,"",NA,NA,0.5
"9804",997364,"PALMBEACH","13","2020-02-05","Nitrate",NA,"",NA,NA,0.5
"9805",997374,"PALMBEACH","16","2020-01-10","Nitrate",NA,"",NA,NA,0.5
"9806",997381,"PALMBEACH","15","2020-01-10","Nitrate",NA,"",NA,NA,0.5
"9807",997387,"PALMBEACH","12A","2020-01-10","Nitrate",0.29,"mg/l",NA,NA,0.5
"9808",997393,"PALMBEACH","38B","2020-01-10","Nitrate",NA,"",NA,NA,0.5
"9809",997401,"PALMBEACH","37B","2020-01-10","Nitrate",NA,"",NA,NA,0.5
"9810",997436,"PALMBEACH","31E","2020-01-08","Nitrate",NA,"",NA,NA,0.5
"9811",997445,"PALMBEACH","31C","2020-01-08","Nitrate",NA,"",NA,NA,0.5
"9812",997452,"PALMBEACH","27B","2020-01-08","Nitrate",NA,"",NA,NA,0.5
"9813",997460,"PALMBEACH","27A","2020-01-08","Nitrate",NA,"",NA,NA,0.5
"9814",997468,"PALMBEACH","18D","2020-01-03","Nitrate",NA,"",NA,NA,0.5
"9815",997485,"PALMBEACH","18C","2020-01-03","Nitrate",NA,"",NA,NA,0.5
"9816",997491,"PALMBEACH","11","2020-01-03","Nitrate",NA,"",NA,NA,0.5
"9817",997501,"PALMBEACH","13","2020-01-03","Nitrate",NA,"",NA,NA,0.5
"9818",997527,"PALMBEACH","18D","2020-12-20","Nitrate",0.075,"mg/l",NA,NA,0.5
"9819",997534,"PALMBEACH","18C","2020-12-20","Nitrate",0.06,"mg/l",NA,NA,0.5
"9820",997549,"PALMBEACH","13","2020-12-20","Nitrate",0.85,"mg/l",NA,NA,0.5
"9821",997562,"PALMBEACH","11","2020-12-20","Nitrate",0.09,"mg/l",NA,NA,0.5
"9822",997570,"PALMBEACH","63","2020-12-12","Nitrate",NA,"",NA,NA,0.5
"9823",997580,"PALMBEACH","64","2020-12-12","Nitrate",NA,"",NA,NA,0.5
"9824",997590,"PALMBEACH","65","2020-12-12","Nitrate",NA,"",NA,NA,0.5
"9825",997605,"PALMBEACH","68","2020-12-12","Nitrate",NA,"",NA,NA,0.5
"9826",997613,"PALMBEACH","57","2020-12-11","Nitrate",NA,"",NA,NA,0.5
"9827",997623,"PALMBEACH","70","2020-12-11","Nitrate",NA,"",NA,NA,0.5
"9828",997633,"PALMBEACH","52","2020-12-11","Nitrate",NA,"",NA,NA,0.5
"9829",997643,"PALMBEACH","62","2020-12-11","Nitrate",NA,"",NA,NA,0.5
"9830",997654,"PALMBEACH","69","2020-12-11","Nitrate",NA,"",NA,NA,0.5
"9831",997666,"PALMBEACH","61","2020-12-11","Nitrate",NA,"",NA,NA,0.5
"9832",997673,"PALMBEACH","18D","2020-11-21","Nitrate",NA,"",NA,NA,0.5
"9833",997686,"PALMBEACH","18C","2020-11-21","Nitrate",NA,"",NA,NA,0.5
"9834",997709,"PALMBEACH","13","2020-11-21","Nitrate",0.364,"mg/l",NA,NA,0.5
"9835",997710,"PALMBEACH","13","2020-11-21","Nitrate",1.2,"mg/l",NA,NA,0.5
"9836",997727,"PALMBEACH","37B","2020-11-15","Nitrate",0.427,"mg/l",NA,NA,0.5
"9837",997736,"PALMBEACH","38B","2020-11-15","Nitrate",NA,"",NA,NA,0.5
"9838",997745,"PALMBEACH","16","2020-11-15","Nitrate",0.134,"mg/l",NA,NA,0.5
"9839",997757,"PALMBEACH","15","2020-11-15","Nitrate",NA,"",NA,NA,0.5
"9840",997772,"PALMBEACH","12A","2020-11-15","Nitrate",0.351,"mg/l",NA,NA,0.5
"9841",997775,"PALMBEACH","27B","2020-11-14","Nitrate",NA,"",NA,NA,0.5
"9842",997788,"PALMBEACH","31E","2020-11-14","Nitrate",NA,"",NA,NA,0.5
"9843",997798,"PALMBEACH","31C","2020-11-14","Nitrate",NA,"",NA,NA,0.5
"9844",997807,"PALMBEACH","27A","2020-11-14","Nitrate",NA,"",NA,NA,0.5
"9845",997818,"PALMBEACH","63","2020-10-18","Nitrate",NA,"",NA,NA,0.5
"9846",997826,"PALMBEACH","64","2020-10-18","Nitrate",NA,"",NA,NA,0.5
"9847",997836,"PALMBEACH","65","2020-10-18","Nitrate",NA,"",NA,NA,0.5
"9848",997842,"PALMBEACH","66","2020-10-18","Nitrate",NA,"",NA,NA,0.5
"9849",997850,"PALMBEACH","68","2020-10-18","Nitrate",NA,"",NA,NA,0.5
"9850",997981,"PALMBEACH","38B","2020-09-28","Nitrate",NA,"",NA,NA,0.5
"9851",997990,"PALMBEACH","16","2020-09-28","Nitrate",NA,"",NA,NA,0.5
"9852",998006,"PALMBEACH","15","2020-09-28","Nitrate",NA,"",NA,NA,0.5
"9853",998009,"PALMBEACH","12A","2020-09-28","Nitrate",NA,"",NA,NA,0.5
"9854",998032,"PALMBEACH","13","2020-09-07","Nitrate",NA,"",NA,NA,0.5
"9855",998042,"PALMBEACH","18D","2020-09-06","Nitrate",NA,"",NA,NA,0.5
"9856",998051,"PALMBEACH","11","2020-09-06","Nitrate",NA,"",NA,NA,0.5
"9857",998092,"PALMBEACH","37B","2020-07-27","Nitrate",0.159,"mg/l",NA,NA,0.5
"9858",998104,"PALMBEACH","38B","2020-07-27","Nitrate",NA,"",NA,NA,0.5
"9859",998112,"PALMBEACH","16","2020-07-27","Nitrate",0.0581,"mg/l",NA,NA,0.5
"9860",998120,"PALMBEACH","15","2020-07-27","Nitrate",NA,"",NA,NA,0.5
"9861",998133,"PALMBEACH","12A","2020-07-27","Nitrate",0.161,"mg/l",NA,NA,0.5
"9862",998142,"PALMBEACH","27B","2020-07-26","Nitrate",0.373,"mg/l",NA,NA,0.5
"9863",998155,"PALMBEACH","31E","2020-07-26","Nitrate",0.326,"mg/l",NA,NA,0.5
"9864",998169,"PALMBEACH","31C","2020-07-26","Nitrate",0.12,"mg/l",NA,NA,0.5
"9865",998174,"PALMBEACH","27A","2020-07-26","Nitrate",NA,"",NA,NA,0.5
"9866",998237,"PALMBEACH","18D","2020-06-08","Nitrate",NA,"",NA,NA,0.5
"9867",998246,"PALMBEACH","18C","2020-06-08","Nitrate",NA,"",NA,NA,0.5
"9868",998254,"PALMBEACH","11","2020-06-08","Nitrate",NA,"",NA,NA,0.5
"9869",998267,"PALMBEACH","13","2020-06-08","Nitrate",0.385,"mg/l",NA,NA,0.5
"9870",998276,"PALMBEACH","27B","2020-05-24","Nitrate",0.036,"mg/l",NA,NA,0.5
"9871",998289,"PALMBEACH","31E","2020-05-24","Nitrate",NA,"",NA,NA,0.5
"9872",998297,"PALMBEACH","31C","2020-05-24","Nitrate",NA,"",NA,NA,0.5
"9873",998307,"PALMBEACH","27A","2020-05-24","Nitrate",NA,"",NA,NA,0.5
"9874",998331,"PALMBEACH","24","2020-05-24","Nitrate",0.003,"mg/l",NA,NA,0.5
"9875",998334,"PALMBEACH","22","2020-05-24","Nitrate",0,"mg/l",NA,NA,0.5
"9876",998371,"PALMBEACH","68","2020-05-23","Nitrate",0,"mg/l",NA,NA,0.5
"9877",998379,"PALMBEACH","65","2020-05-23","Nitrate",0.019,"mg/l",NA,NA,0.5
"9878",998383,"PALMBEACH","64","2020-05-23","Nitrate",0,"mg/l",NA,NA,0.5
"9879",998390,"PALMBEACH","66","2020-05-23","Nitrate",0,"mg/l",NA,NA,0.5
"9880",998395,"PALMBEACH","63","2020-05-23","Nitrate",0,"mg/l",NA,NA,0.5
"9881",998403,"PALMBEACH","37B","2020-05-22","Nitrate",0.51,"mg/l",NA,NA,0.5
"9882",998435,"PALMBEACH","16","2020-05-22","Nitrate",NA,"",NA,NA,0.5
"9883",998450,"PALMBEACH","15","2020-05-22","Nitrate",0.036,"mg/l",NA,NA,0.5
"9884",998472,"PALMBEACH","12A","2020-05-22","Nitrate",NA,"",NA,NA,0.5
"9885",998489,"PALMBEACH","69","2020-05-22","Nitrate",0,"mg/l",NA,NA,0.5
"9886",998495,"PALMBEACH","57","2020-05-22","Nitrate",0,"mg/l",NA,NA,0.5
"9887",998501,"PALMBEACH","70","2020-05-22","Nitrate",0,"mg/l",NA,NA,0.5
"9888",998507,"PALMBEACH","62","2020-05-22","Nitrate",0,"mg/l",NA,NA,0.5
"9889",998513,"PALMBEACH","61","2020-05-22","Nitrate",0,"mg/l",NA,NA,0.5
"9890",998519,"PALMBEACH","52","2020-05-22","Nitrate",0,"mg/l",NA,NA,0.5
"9891",998533,"PALMBEACH","10","2020-05-11","Nitrate",0.028,"mg/l",NA,NA,0.5
"9892",998537,"PALMBEACH","11","2020-05-11","Nitrate",0.009,"mg/l",NA,NA,0.5
"9893",998547,"PALMBEACH","13","2020-05-11","Nitrate",0.008,"mg/l",NA,NA,0.5
"9894",998563,"PALMBEACH","18D","2020-05-10","Nitrate",NA,"",NA,NA,0.5
"9895",998577,"PALMBEACH","18C","2020-05-10","Nitrate",NA,"",NA,NA,0.5
"9896",998601,"PALMBEACH","11","2020-04-11","Nitrate",NA,"",NA,NA,0.5
"9897",998607,"PALMBEACH","13","2020-04-11","Nitrate",NA,"",NA,NA,0.5
"9898",998621,"PALMBEACH","18D","2020-04-10","Nitrate",NA,"",NA,NA,0.5
"9899",998632,"PALMBEACH","18C","2020-04-10","Nitrate",NA,"",NA,NA,0.5
"9900",998653,"PALMBEACH","11","2020-03-28","Nitrate",NA,"",NA,NA,0.5
"9901",998666,"PALMBEACH","13","2020-03-28","Nitrate",NA,"",NA,NA,0.5
"9902",998677,"PALMBEACH","18D","2020-03-27","Nitrate",NA,"",NA,NA,0.5
"9903",998693,"PALMBEACH","18C","2020-03-27","Nitrate",NA,"",NA,NA,0.5
"9904",998701,"PALMBEACH","65","2020-03-22","Nitrate",0,"mg/l",NA,NA,0.5
"9905",998707,"PALMBEACH","64","2020-03-22","Nitrate",0.024,"mg/l",NA,NA,0.5
"9906",998713,"PALMBEACH","63","2020-03-22","Nitrate",0.022,"mg/l",NA,NA,0.5
"9907",998720,"PALMBEACH","68","2020-03-22","Nitrate",0.306,"mg/l",NA,NA,0.5
"9908",998725,"PALMBEACH","66","2020-03-22","Nitrate",0.19,"mg/l",NA,NA,0.5
"9909",998740,"PALMBEACH","62","2020-03-21","Nitrate",0.247,"mg/l",NA,NA,0.5
"9910",998741,"PALMBEACH","62","2020-03-21","Nitrate",0.247,"mg/l",NA,NA,0.5
"9911",998744,"PALMBEACH","57","2020-03-21","Nitrate",0.338,"mg/l",NA,NA,0.5
"9912",998745,"PALMBEACH","57","2020-03-21","Nitrate",0.338,"mg/l",NA,NA,0.5
"9913",998762,"PALMBEACH","61","2020-03-21","Nitrate",0.348,"mg/l",NA,NA,0.5
"9914",998763,"PALMBEACH","61","2020-03-21","Nitrate",0.348,"mg/l",NA,NA,0.5
"9915",998768,"PALMBEACH","52","2020-03-21","Nitrate",0,"mg/l",NA,NA,0.5
"9916",998769,"PALMBEACH","52","2020-03-21","Nitrate",0,"mg/l",NA,NA,0.5
"9917",998782,"PALMBEACH","69","2020-03-21","Nitrate",0.25,"mg/l",NA,NA,0.5
"9918",998783,"PALMBEACH","69","2020-03-21","Nitrate",0.25,"mg/l",NA,NA,0.5
"9919",998792,"PALMBEACH","70","2020-03-21","Nitrate",0,"mg/l",NA,NA,0.5
"9920",998795,"PALMBEACH","70","2020-03-21","Nitrate",0,"mg/l",NA,NA,0.5
"9921",998808,"PALMBEACH","27B","2020-03-19","Nitrate",0.34,"mg/l",NA,NA,0.5
"9922",998816,"PALMBEACH","31E","2020-03-19","Nitrate",0.035,"mg/l",NA,NA,0.5
"9923",998824,"PALMBEACH","31C","2020-03-19","Nitrate",0.04,"mg/l",NA,NA,0.5
"9924",998842,"PALMBEACH","27A","2020-03-19","Nitrate",NA,"",NA,NA,0.5
"9925",998853,"PALMBEACH","24","2020-03-19","Nitrate",0.042,"mg/l",NA,NA,0.5
"9926",998854,"PALMBEACH","24","2020-03-19","Nitrate",0.042,"mg/l",NA,NA,0.5
"9927",998862,"PALMBEACH","22","2020-03-19","Nitrate",0.45,"mg/l",NA,NA,0.5
"9928",998863,"PALMBEACH","22","2020-03-19","Nitrate",0.45,"mg/l",NA,NA,0.5
"9929",998872,"PALMBEACH","37B","2020-03-08","Nitrate",0.45,"mg/l",NA,NA,0.5
"9930",998883,"PALMBEACH","38B","2020-03-08","Nitrate",0.43,"mg/l",NA,NA,0.5
"9931",998893,"PALMBEACH","16","2020-03-08","Nitrate",0.042,"mg/l",NA,NA,0.5
"9932",998904,"PALMBEACH","15","2020-03-08","Nitrate",0.16,"mg/l",NA,NA,0.5
"9933",998916,"PALMBEACH","12A","2020-03-08","Nitrate",0.38,"mg/l",NA,NA,0.5
"9934",998987,"PALMBEACH","24","2020-01-25","Nitrate",0.04,"mg/l",NA,NA,0.5
"9935",998999,"PALMBEACH","22","2020-01-25","Nitrate",0.29,"mg/l",NA,NA,0.5
"9936",999046,"PALMBEACH","68","2020-01-24","Nitrate",0.3,"mg/l",NA,NA,0.5
"9937",999053,"PALMBEACH","65","2020-01-24","Nitrate",0.027,"mg/l",NA,NA,0.5
"9938",999059,"PALMBEACH","64","2020-01-24","Nitrate",0.076,"mg/l",NA,NA,0.5
"9939",999065,"PALMBEACH","66","2020-01-24","Nitrate",0.5,"mg/l",NA,NA,0.5
"9940",999071,"PALMBEACH","63","2020-01-24","Nitrate",0.13,"mg/l",NA,NA,0.5
"9941",999077,"PALMBEACH","69","2020-01-23","Nitrate",0.35,"mg/l",NA,NA,0.5
"9942",999083,"PALMBEACH","57","2020-01-23","Nitrate",0.084,"mg/l",NA,NA,0.5
"9943",999089,"PALMBEACH","70","2020-01-23","Nitrate",0.0026,"mg/l",NA,NA,0.5
"9944",999095,"PALMBEACH","62","2020-01-23","Nitrate",0.32,"mg/l",NA,NA,0.5
"9945",999104,"PALMBEACH","61","2020-01-23","Nitrate",0.4,"mg/l",NA,NA,0.5
"9946",999107,"PALMBEACH","52","2020-01-23","Nitrate",0.0026,"mg/l",NA,NA,0.5
"9947",999173,"PALMBEACH","18D","2020-01-12","Nitrate",NA,"",NA,NA,0.5
"9948",999185,"PALMBEACH","18C","2020-01-12","Nitrate",NA,"",NA,NA,0.5
"9949",999332,"PALMBEACH","24","2020-11-28","Nitrate",NA,"",NA,NA,0.5
"9950",999338,"PALMBEACH","22","2020-11-28","Nitrate",0.05,"mg/l",NA,NA,0.5
"9951",999359,"PALMBEACH","68","2020-11-22","Nitrate",0.073,"mg/l",NA,NA,0.5
"9952",999365,"PALMBEACH","65","2020-11-22","Nitrate",0.078,"mg/l",NA,NA,0.5
"9953",999372,"PALMBEACH","64","2020-11-22","Nitrate",0.2,"mg/l",NA,NA,0.5
"9954",999376,"PALMBEACH","66","2020-11-22","Nitrate",0.086,"mg/l",NA,NA,0.5
"9955",999455,"PALMBEACH","69","2020-11-21","Nitrate",NA,"",NA,NA,0.5
"9956",999460,"PALMBEACH","57","2020-11-21","Nitrate",0.072,"mg/l",NA,NA,0.5
"9957",999469,"PALMBEACH","70","2020-11-21","Nitrate",NA,"",NA,NA,0.5
"9958",999472,"PALMBEACH","62","2020-11-21","Nitrate",0.32,"mg/l",NA,NA,0.5
"9959",999478,"PALMBEACH","61","2020-11-21","Nitrate",NA,"",NA,NA,0.5
"9960",999484,"PALMBEACH","52","2020-11-21","Nitrate",NA,"",NA,NA,0.5
"9961",999678,"PALMBEACH","64","2020-09-14","Nitrate",NA,"",NA,NA,0.5
"9962",999694,"PALMBEACH","63","2020-09-14","Nitrate",NA,"",NA,NA,0.5
"9963",999714,"PALMBEACH","65","2020-09-14","Nitrate",0.089,"mg/l",NA,NA,0.5
"9964",999737,"PALMBEACH","68","2020-09-14","Nitrate",0.03,"mg/l",NA,NA,0.5
"9965",999750,"PALMBEACH","66","2020-09-14","Nitrate",0.11,"mg/l",NA,NA,0.5
"9966",1000170,"PALMBEACH","63","2020-05-25","Nitrate",NA,"",NA,NA,0.5
"9967",1000194,"PALMBEACH","64","2020-05-25","Nitrate",NA,"",NA,NA,0.5
"9968",1000226,"PALMBEACH","65","2020-05-25","Nitrate",NA,"",NA,NA,0.5
"9969",1000238,"PALMBEACH","66","2020-05-25","Nitrate",NA,"",NA,NA,0.5
"9970",1000258,"PALMBEACH","68","2020-05-25","Nitrate",NA,"",NA,NA,0.5
"9971",1000290,"PALMBEACH","61","2020-05-24","Nitrate",0.031,"mg/l",NA,NA,0.5
"9972",1000304,"PALMBEACH","69","2020-05-24","Nitrate",NA,"",NA,NA,0.5
"9973",1000311,"PALMBEACH","62","2020-05-24","Nitrate",NA,"",NA,NA,0.5
"9974",1000322,"PALMBEACH","52","2020-05-24","Nitrate",NA,"",NA,NA,0.5
"9975",1000330,"PALMBEACH","70","2020-05-24","Nitrate",NA,"",NA,NA,0.5
"9976",1000341,"PALMBEACH","57","2020-05-24","Nitrate",NA,"",NA,NA,0.5
"9977",1000550,"PALMBEACH","57","2020-03-22","Nitrate",NA,"",NA,NA,0.5
"9978",1000563,"PALMBEACH","70","2020-03-22","Nitrate",NA,"",NA,NA,0.5
"9979",1000574,"PALMBEACH","52","2020-03-22","Nitrate",0.014,"mg/l",NA,NA,0.5
"9980",1000590,"PALMBEACH","69","2020-03-22","Nitrate",0.35,"mg/l",NA,NA,0.5
"9981",1000598,"PALMBEACH","62","2020-03-22","Nitrate",0.34,"mg/l",NA,NA,0.5
"9982",1000613,"PALMBEACH","61","2020-03-22","Nitrate",0.36,"mg/l",NA,NA,0.5
"9983",1000757,"PALMBEACH","62","2020-01-27","Nitrate",0.3,"mg/l",NA,NA,0.5
"9984",1000769,"PALMBEACH","69","2020-01-27","Nitrate",0.31,"mg/l",NA,NA,0.5
"9985",1000785,"PALMBEACH","61","2020-01-27","Nitrate",0.29,"mg/l",NA,NA,0.5
"9986",1000788,"PALMBEACH","52","2020-01-27","Nitrate",NA,"",NA,NA,0.5
"9987",1000804,"PALMBEACH","70","2020-01-27","Nitrate",NA,"",NA,NA,0.5
"9988",1000812,"PALMBEACH","57","2020-01-27","Nitrate",0.057,"mg/l",NA,NA,0.5
"9989",1000902,"PALMBEACH","63","2020-01-24","Nitrate",0.092,"mg/l",NA,NA,0.5
"9990",1000909,"PALMBEACH","63","2020-01-24","Nitrate",0.09,"mg/l",NA,NA,0.5
"9991",1000923,"PALMBEACH","64","2020-01-24","Nitrate",NA,"",NA,NA,0.5
"9992",1000930,"PALMBEACH","65","2020-01-24","Nitrate",NA,"",NA,NA,0.5
"9993",1000943,"PALMBEACH","66","2020-01-24","Nitrate",0.12,"mg/l",NA,NA,0.5
"9994",1000956,"PALMBEACH","67","2020-01-24","Nitrate",0.05,"mg/l",NA,NA,0.5
"9995",1000964,"PALMBEACH","68","2020-01-24","Nitrate",0.23,"mg/l",NA,NA,0.5
"9996",1002297,"PALMBEACH","18C","2020-08-24","Nitrate",0.081,"mg/l",NA,NA,0.5
"9997",1002307,"PALMBEACH","11","2020-08-24","Nitrate",0.065,"mg/l",NA,NA,0.5
"9998",1002315,"PALMBEACH","13","2020-08-24","Nitrate",0.072,"mg/l",NA,NA,0.5
"9999",1002325,"PALMBEACH","38B","2020-07-29","Nitrate",NA,"",NA,NA,0.5
"10000",1002336,"PALMBEACH","38B","2020-07-29","Nitrate",NA,"",NA,NA,0.5
"10001",1002347,"PALMBEACH","22","2020-07-26","Nitrate",NA,"",NA,NA,0.5
"10002",1002358,"PALMBEACH","24","2020-07-26","Nitrate",NA,"",NA,NA,0.5
"10003",1002370,"PALMBEACH","37B","2020-07-26","Nitrate",NA,"",NA,NA,0.5
"10004",1002380,"PALMBEACH","31C","2020-07-23","Nitrate",NA,"",NA,NA,0.5
"10005",1002394,"PALMBEACH","27A","2020-07-23","Nitrate",NA,"",NA,NA,0.5
"10006",1002399,"PALMBEACH","27B","2020-07-23","Nitrate",NA,"",NA,NA,0.5
"10007",1002411,"PALMBEACH","31E","2020-07-23","Nitrate",NA,"",NA,NA,0.5
"10008",1002424,"PALMBEACH","7","2020-07-22","Nitrate",NA,"",NA,NA,0.5
"10009",1002438,"PALMBEACH","G92","2020-07-22","Nitrate",NA,"",NA,NA,0.5
"10010",1002446,"PALMBEACH","16","2020-07-22","Nitrate",NA,"",NA,NA,0.5
"10011",1002455,"PALMBEACH","15","2020-07-22","Nitrate",0.22,"mg/l",NA,NA,0.5
"10012",1002470,"PALMBEACH","12A","2020-07-22","Nitrate",NA,"",NA,NA,0.5
"10013",1002479,"PALMBEACH","12A","2020-07-22","Nitrate",NA,"",NA,NA,0.5
"10014",1002484,"PALMBEACH","18C","2020-07-08","Nitrate",NA,"",NA,NA,0.5
"10015",1002497,"PALMBEACH","18C","2020-07-08","Nitrate",NA,"",NA,NA,0.5
"10016",1002505,"PALMBEACH","11","2020-07-08","Nitrate",NA,"",NA,NA,0.5
"10017",1002517,"PALMBEACH","13","2020-07-08","Nitrate",0.066,"mg/l",NA,NA,0.5
"10018",1002532,"PALMBEACH","18C","2020-06-09","Nitrate",NA,"",NA,NA,0.5
"10019",1002542,"PALMBEACH","18C","2020-06-09","Nitrate",NA,"",NA,NA,0.5
"10020",1002552,"PALMBEACH","11","2020-06-09","Nitrate",NA,"",NA,NA,0.5
"10021",1002566,"PALMBEACH","13","2020-06-09","Nitrate",0.066,"mg/l",NA,NA,0.5
"10022",1002572,"PALMBEACH","18C","2020-05-26","Nitrate",0.079,"mg/l",NA,NA,0.5
"10023",1002586,"PALMBEACH","18C","2020-05-26","Nitrate",0.084,"mg/l",NA,NA,0.5
"10024",1002592,"PALMBEACH","11","2020-05-26","Nitrate",0.069,"mg/l",NA,NA,0.5
"10025",1002605,"PALMBEACH","13","2020-05-26","Nitrate",NA,"",NA,NA,0.5
"10026",1002616,"PALMBEACH","27B","2020-05-25","Nitrate",NA,"",NA,NA,0.5
"10027",1002634,"PALMBEACH","31E","2020-05-25","Nitrate",NA,"",NA,NA,0.5
"10028",1002639,"PALMBEACH","31C","2020-05-25","Nitrate",NA,"",NA,NA,0.5
"10029",1002654,"PALMBEACH","27A","2020-05-25","Nitrate",NA,"",NA,NA,0.5
"10030",1002663,"PALMBEACH","27A","2020-05-25","Nitrate",NA,"",NA,NA,0.5
"10031",1002676,"PALMBEACH","22","2020-05-20","Nitrate",NA,"",NA,NA,0.5
"10032",1002683,"PALMBEACH","24","2020-05-20","Nitrate",NA,"",NA,NA,0.5
"10033",1002697,"PALMBEACH","37B","2020-05-20","Nitrate",0.15,"mg/l",NA,NA,0.5
"10034",1002705,"PALMBEACH","38B","2020-05-20","Nitrate",0.2,"mg/l",NA,NA,0.5
"10035",1002718,"PALMBEACH","7","2020-05-18","Nitrate",NA,"",NA,NA,0.5
"10036",1002723,"PALMBEACH","G92","2020-05-18","Nitrate",NA,"",NA,NA,0.5
"10037",1002735,"PALMBEACH","G92","2020-05-18","Nitrate",NA,"",NA,NA,0.5
"10038",1002741,"PALMBEACH","16","2020-05-18","Nitrate",NA,"",NA,NA,0.5
"10039",1002752,"PALMBEACH","15","2020-05-18","Nitrate",NA,"",NA,NA,0.5
"10040",1002764,"PALMBEACH","12A","2020-05-18","Nitrate",NA,"",NA,NA,0.5
"10041",1002780,"PALMBEACH","18C","2020-04-27","Nitrate",NA,"",NA,NA,0.5
"10042",1002788,"PALMBEACH","11","2020-04-27","Nitrate",NA,"",NA,NA,0.5
"10043",1002804,"PALMBEACH","13","2020-04-27","Nitrate",NA,"",NA,NA,0.5
"10044",1002808,"PALMBEACH","13","2020-04-27","Nitrate",NA,"",NA,NA,0.5
"10045",1002823,"PALMBEACH","11","2020-03-31","Nitrate",NA,"",NA,NA,0.5
"10046",1002835,"PALMBEACH","13","2020-03-31","Nitrate",NA,"",NA,NA,0.5
"10047",1002847,"PALMBEACH","22","2020-03-25","Nitrate",0.22,"mg/l",NA,NA,0.5
"10048",1002857,"PALMBEACH","37B","2020-03-25","Nitrate",0.19,"mg/l",NA,NA,0.5
"10049",1002865,"PALMBEACH","38B","2020-03-25","Nitrate",0.33,"mg/l",NA,NA,0.5
"10050",1002877,"PALMBEACH","38B","2020-03-25","Nitrate",0.33,"mg/l",NA,NA,0.5
"10051",1002885,"PALMBEACH","7","2020-03-23","Nitrate",NA,"",NA,NA,0.5
"10052",1002895,"PALMBEACH","G92","2020-03-23","Nitrate",NA,"",NA,NA,0.5
"10053",1002911,"PALMBEACH","G92","2020-03-23","Nitrate",NA,"",NA,NA,0.5
"10054",1002921,"PALMBEACH","16","2020-03-23","Nitrate",NA,"",NA,NA,0.5
"10055",1002926,"PALMBEACH","15","2020-03-23","Nitrate",NA,"",NA,NA,0.5
"10056",1002936,"PALMBEACH","12A","2020-03-23","Nitrate",0.04,"mg/l",NA,NA,0.5
"10057",1002949,"PALMBEACH","11","2020-02-27","Nitrate",NA,"",NA,NA,0.5
"10058",1002958,"PALMBEACH","13","2020-02-27","Nitrate",NA,"",NA,NA,0.5
"10059",1002966,"PALMBEACH","13","2020-02-27","Nitrate",NA,"",NA,NA,0.5
"10060",1002976,"PALMBEACH","27A","2020-02-03","Nitrate",0.25,"mg/l",NA,NA,0.5
"10061",1002993,"PALMBEACH","31C","2020-02-03","Nitrate",0.14,"mg/l",NA,NA,0.5
"10062",1003001,"PALMBEACH","31E","2020-02-03","Nitrate",0.3,"mg/l",NA,NA,0.5
"10063",1003012,"PALMBEACH","27B","2020-02-03","Nitrate",0.42,"mg/l",NA,NA,0.5
"10064",1003020,"PALMBEACH","18C","2020-01-30","Nitrate",NA,"",NA,NA,0.5
"10065",1003036,"PALMBEACH","11","2020-01-30","Nitrate",NA,"",NA,NA,0.5
"10066",1003045,"PALMBEACH","13","2020-01-30","Nitrate",NA,"",NA,NA,0.5
"10067",1003062,"PALMBEACH","24","2020-01-29","Nitrate",0.37,"mg/l",NA,NA,0.5
"10068",1003075,"PALMBEACH","22","2020-01-29","Nitrate",0.72,"mg/l",NA,NA,0.5
"10069",1003081,"PALMBEACH","37B","2020-01-29","Nitrate",0.46,"mg/l",NA,NA,0.5
"10070",1003095,"PALMBEACH","38B","2020-01-29","Nitrate",0.21,"mg/l",NA,NA,0.5
"10071",1003107,"PALMBEACH","7","2020-01-28","Nitrate",0.018,"mg/l",NA,NA,0.5
"10072",1003111,"PALMBEACH","G92","2020-01-28","Nitrate",0.022,"mg/l",NA,NA,0.5
"10073",1003126,"PALMBEACH","G92","2020-01-28","Nitrate",0.06,"mg/l",NA,NA,0.5
"10074",1003128,"PALMBEACH","16","2020-01-28","Nitrate",NA,"",NA,NA,0.5
"10075",1003140,"PALMBEACH","15","2020-01-28","Nitrate",0.027,"mg/l",NA,NA,0.5
"10076",1003151,"PALMBEACH","12A","2020-01-28","Nitrate",0.17,"mg/l",NA,NA,0.5
"10077",1003168,"PALMBEACH","24","2020-06-05","Nitrate",NA,"",NA,NA,0.5
"10078",1003174,"PALMBEACH","27A","2020-06-05","Nitrate",NA,"",NA,NA,0.5
"10079",1003185,"PALMBEACH","27B","2020-06-05","Nitrate",NA,"",NA,NA,0.5
"10080",1003196,"PALMBEACH","31E","2020-06-05","Nitrate",0.52,"mg/l",NA,NA,0.5
"10081",1003213,"PALMBEACH","31C","2020-06-05","Nitrate",NA,"",NA,NA,0.5
"10082",1003224,"PALMBEACH","37B","2020-06-03","Nitrate",NA,"",NA,NA,0.5
"10083",1003230,"PALMBEACH","38B","2020-06-03","Nitrate",NA,"",NA,NA,0.5
"10084",1003239,"PALMBEACH","16","2020-06-03","Nitrate",NA,"",NA,NA,0.5
"10085",1003253,"PALMBEACH","15","2020-06-03","Nitrate",NA,"",NA,NA,0.5
"10086",1003259,"PALMBEACH","12A","2020-06-03","Nitrate",NA,"",NA,NA,0.5
"10087",1003275,"PALMBEACH","18A","2020-05-22","Nitrate",NA,"",NA,NA,0.5
"10088",1003278,"PALMBEACH","11","2020-05-22","Nitrate",NA,"",NA,NA,0.5
"10089",1003289,"PALMBEACH","13","2020-05-22","Nitrate",NA,"",NA,NA,0.5
"10090",1003300,"PALMBEACH","14","2020-05-22","Nitrate",NA,"",NA,NA,0.5
"10091",1003317,"PALMBEACH","24","2020-02-27","Nitrate",0.19,"mg/l",NA,NA,0.5
"10092",1003329,"PALMBEACH","27B","2020-02-27","Nitrate",NA,"",NA,NA,0.5
"10093",1003341,"PALMBEACH","31E","2020-02-27","Nitrate",NA,"",NA,NA,0.5
"10094",1003344,"PALMBEACH","31C","2020-02-27","Nitrate",0.19,"mg/l",NA,NA,0.5
"10095",1003360,"PALMBEACH","27A","2020-02-27","Nitrate",NA,"",NA,NA,0.5
"10096",1003366,"PALMBEACH","37B","2020-02-26","Nitrate",0.9,"mg/l",NA,NA,0.5
"10097",1003378,"PALMBEACH","38B","2020-02-26","Nitrate",0.85,"mg/l",NA,NA,0.5
"10098",1003392,"PALMBEACH","16","2020-02-26","Nitrate",NA,"",NA,NA,0.5
"10099",1003402,"PALMBEACH","15","2020-02-26","Nitrate",NA,"",NA,NA,0.5
"10100",1003408,"PALMBEACH","12A","2020-02-26","Nitrate",0.21,"mg/l",NA,NA,0.5
"10101",1003424,"PALMBEACH","28A","2020-02-25","Nitrate",NA,"",NA,NA,0.5
"10102",1003436,"PALMBEACH","31D","2020-02-25","Nitrate",NA,"",NA,NA,0.5
"10103",1003446,"PALMBEACH","18A","2020-02-25","Nitrate",NA,"",NA,NA,0.5
"10104",1003458,"PALMBEACH","11","2020-02-25","Nitrate",NA,"",NA,NA,0.5
"10105",1003471,"PALMBEACH","13","2020-02-25","Nitrate",NA,"",NA,NA,0.5
"10106",1003483,"PALMBEACH","14","2020-02-25","Nitrate",NA,"",NA,NA,0.5
"10107",1003485,"PALMBEACH","24","2020-11-26","Nitrate",NA,"",NA,NA,0.5
"10108",1003500,"PALMBEACH","27B","2020-11-26","Nitrate",NA,"",NA,NA,0.5
"10109",1003509,"PALMBEACH","31E","2020-11-26","Nitrate",0.18,"mg/l",NA,NA,0.5
"10110",1003527,"PALMBEACH","31C","2020-11-26","Nitrate",0.33,"mg/l",NA,NA,0.5
"10111",1003530,"PALMBEACH","27A","2020-11-26","Nitrate",0.25,"mg/l",NA,NA,0.5
"10112",1003540,"PALMBEACH","38B","2020-11-20","Nitrate",1.09,"mg/l",NA,NA,0.5
"10113",1003550,"PALMBEACH","16","2020-11-20","Nitrate",0.22,"mg/l",NA,NA,0.5
"10114",1003565,"PALMBEACH","15","2020-11-20","Nitrate",NA,"",NA,NA,0.5
"10115",1003579,"PALMBEACH","12A","2020-11-20","Nitrate",0.39,"mg/l",NA,NA,0.5
"10116",1003593,"PALMBEACH","31D","2020-11-14","Nitrate",NA,"",NA,NA,0.5
"10117",1003605,"PALMBEACH","28A","2020-11-14","Nitrate",NA,"",NA,NA,0.5
"10118",1003616,"PALMBEACH","18A","2020-11-14","Nitrate",NA,"",NA,NA,0.5
"10119",1003622,"PALMBEACH","11","2020-11-14","Nitrate",NA,"",NA,NA,0.5
"10120",1003633,"PALMBEACH","13","2020-11-14","Nitrate",NA,"",NA,NA,0.5
"10121",1003643,"PALMBEACH","14","2020-11-13","Nitrate",NA,"",NA,NA,0.5
"10122",1003661,"PALMBEACH","27B","2020-09-19","Nitrate",NA,"",NA,NA,0.5
"10123",1003678,"PALMBEACH","31E","2020-09-19","Nitrate",NA,"",NA,NA,0.5
"10124",1003691,"PALMBEACH","27A","2020-09-19","Nitrate",NA,"",NA,NA,0.5
"10125",1003699,"PALMBEACH","31C","2020-09-19","Nitrate",0.12,"mg/l",NA,NA,0.5
"10126",1003703,"PALMBEACH","28A","2020-09-16","Nitrate",NA,"",NA,NA,0.5
"10127",1003722,"PALMBEACH","31D","2020-09-16","Nitrate",NA,"",NA,NA,0.5
"10128",1003726,"PALMBEACH","18A","2020-09-16","Nitrate",NA,"",NA,NA,0.5
"10129",1003733,"PALMBEACH","11","2020-09-16","Nitrate",NA,"",NA,NA,0.5
"10130",1003748,"PALMBEACH","13","2020-09-16","Nitrate",NA,"",NA,NA,0.5
"10131",1003761,"PALMBEACH","14","2020-09-16","Nitrate",NA,"",NA,NA,0.5
"10132",1003777,"PALMBEACH","37B","2020-09-12","Nitrate",0.27,"mg/l",NA,NA,0.5
"10133",1003790,"PALMBEACH","38B","2020-09-12","Nitrate",0.19,"mg/l",NA,NA,0.5
"10134",1003796,"PALMBEACH","16","2020-09-12","Nitrate",NA,"",NA,NA,0.5
"10135",1003803,"PALMBEACH","15","2020-09-12","Nitrate",NA,"",NA,NA,0.5
"10136",1003814,"PALMBEACH","12A","2020-09-12","Nitrate",0.12,"mg/l",NA,NA,0.5
"10137",1003820,"PALMBEACH","27B","2020-04-02","Nitrate",0.447,"mg/l",NA,NA,0.5
"10138",1003833,"PALMBEACH","31E","2020-04-02","Nitrate",0.009,"mg/l",NA,NA,0.5
"10139",1003841,"PALMBEACH","31C","2020-04-02","Nitrate",NA,"",NA,NA,0.5
"10140",1003855,"PALMBEACH","27A","2020-04-02","Nitrate",0.01,"mg/l",NA,NA,0.5
"10141",1003862,"PALMBEACH","24","2020-04-02","Nitrate",NA,"",NA,NA,0.5
"10142",1003871,"PALMBEACH","14","2020-03-21","Nitrate",0.003,"mg/l",NA,NA,NA
"10143",1003888,"PALMBEACH","18A","2020-03-18","Nitrate",0.003,"mg/l",NA,NA,0.5
"10144",1003905,"PALMBEACH","37B","2020-03-18","Nitrate",0.135,"mg/l",NA,NA,0.5
"10145",1003913,"PALMBEACH","28A","2020-03-18","Nitrate",0.003,"mg/l",NA,NA,0.5
"10146",1003919,"PALMBEACH","38B","2020-03-18","Nitrate",0.031,"mg/l",NA,NA,0.5
"10147",1003941,"PALMBEACH","31D","2020-03-18","Nitrate",0.004,"mg/l",NA,NA,0.5
"10148",1003950,"PALMBEACH","16","2020-03-18","Nitrate",NA,"",NA,NA,NA
"10149",1003964,"PALMBEACH","15","2020-03-18","Nitrate",0.009,"mg/l",NA,NA,0.5
"10150",1003978,"PALMBEACH","12A","2020-03-18","Nitrate",0.0111,"mg/l",NA,NA,0.5
"10151",1003990,"PALMBEACH","11","2020-03-18","Nitrate",0.007,"mg/l",NA,NA,0.5
"10152",1004000,"PALMBEACH","13","2020-03-18","Nitrate",0.003,"mg/l",NA,NA,NA
