"","X","source","site","datetime","analyte","value","units","latitude","longitude","sample_depth"
"1",9401,"MiamiBeach","70","2020-04-14","Specific_Conductivity",54.769,"mS/cm",25.8642,-80.1291,NA
"2",9402,"MiamiBeach","42","2020-04-14","Specific_Conductivity",54.619,"mS/cm",25.8015,-80.1401,NA
"3",9403,"MiamiBeach","63","2020-04-15","Specific_Conductivity",53.805,"mS/cm",25.781,-80.1616,NA
"4",9404,"MiamiBeach","71","2020-05-26","Specific_Conductivity",24.985,"mS/cm",25.867,-80.1243,NA
"5",9405,"MiamiBeach","66","2020-05-26","Specific_Conductivity",40.972,"mS/cm",25.8234,-80.1232,NA
"6",9406,"MiamiBeach","63","2020-05-27","Specific_Conductivity",44.45,"mS/cm",25.781,-80.1616,NA
"7",9407,"MiamiBeach","67","2020-04-14","Specific_Conductivity",53.953,"mS/cm",25.8388,-80.1225,NA
"8",9408,"MiamiBeach","54","2020-04-14","Specific_Conductivity",54.658,"mS/cm",25.7965,-80.1425,NA
"9",9409,"MiamiBeach","56","2020-05-27","Specific_Conductivity",44.993,"mS/cm",25.7917,-80.1451,NA
"10",9410,"MiamiBeach","67","2020-06-23","Specific_Conductivity",45.11,"mS/cm",25.8388,-80.1225,NA
"11",9411,"MiamiBeach","42","2020-06-23","Specific_Conductivity",45.87,"mS/cm",25.8015,-80.1401,NA
"12",9412,"MiamiBeach","47","2020-06-29","Specific_Conductivity",49.428,"mS/cm",25.7741,-80.1418,NA
"13",9413,"MiamiBeach","22","2020-06-29","Specific_Conductivity",47.682,"mS/cm",25.7942,-80.1628,NA
"14",9414,"MiamiBeach","78","2020-07-29","Specific_Conductivity",2.818,"mS/cm",25.8499,-80.1367,NA
"15",9415,"MiamiBeach","69","2020-07-29","Specific_Conductivity",43.117,"mS/cm",25.8586,-80.1259,NA
"16",9416,"MiamiBeach","54","2020-07-29","Specific_Conductivity",45.109,"mS/cm",25.7965,-80.1425,NA
"17",9417,"MiamiBeach","79","2020-04-15","Specific_Conductivity",3.133,"mS/cm",25.8531,-80.1295,NA
"18",9418,"MiamiBeach","46","2020-08-13","Specific_Conductivity",48.268,"mS/cm",25.767,-80.1371,NA
"19",9419,"MiamiBeach","32","2020-10-30","Specific_Conductivity",0.486,"mS/cm",25.7876,-80.1626,NA
"20",9420,"MiamiBeach","61","2020-01-18","Specific_Conductivity",22.6,"mS/cm",25.8262,-80.134,NA
"21",9421,"MiamiBeach","24","2020-11-14","Specific_Conductivity",22.9,"mS/cm",25.796,-80.159,NA
"22",9422,"MiamiBeach","60","2020-01-18","Specific_Conductivity",22.9,"mS/cm",25.7933,-80.1453,NA
"23",9423,"MiamiBeach","23","2020-11-14","Specific_Conductivity",23.2,"mS/cm",25.7954,-80.1592,NA
"24",9424,"MiamiBeach","40","2020-11-14","Specific_Conductivity",23.9,"mS/cm",25.7813,-80.1552,NA
"25",9425,"MiamiBeach","70","2020-08-14","Specific_Conductivity",46.935,"mS/cm",25.8642,-80.1291,NA
"26",9426,"MiamiBeach","19","2020-05-26","Specific_Conductivity",42.635,"mS/cm",25.8134,-80.1246,NA
"27",9427,"MiamiBeach","66","2020-08-14","Specific_Conductivity",45.533,"mS/cm",25.8234,-80.1232,NA
"28",9428,"MiamiBeach","78","2020-09-22","Specific_Conductivity",1.04,"mS/cm",25.8499,-80.1367,NA
"29",9429,"MiamiBeach","68","2020-09-22","Specific_Conductivity",45.003,"mS/cm",25.8549,-80.1374,NA
"30",9430,"MiamiBeach","67","2020-09-22","Specific_Conductivity",45.632,"mS/cm",25.8388,-80.1225,NA
"31",9431,"MiamiBeach","46","2020-09-23","Specific_Conductivity",49.215,"mS/cm",25.767,-80.1371,NA
"32",9432,"MiamiBeach","22","2020-09-23","Specific_Conductivity",46.469,"mS/cm",25.7942,-80.1628,NA
"33",9433,"MiamiBeach","68","2020-10-13","Specific_Conductivity",38.307,"mS/cm",25.8549,-80.1374,NA
"34",9434,"MiamiBeach","70","2020-10-13","Specific_Conductivity",38.89,"mS/cm",25.8642,-80.1291,NA
"35",9435,"MiamiBeach","78","2020-06-23","Specific_Conductivity",3.561,"mS/cm",25.8499,-80.1367,NA
"36",9436,"MiamiBeach","68","2020-06-23","Specific_Conductivity",40.128,"mS/cm",25.8549,-80.1374,NA
"37",9437,"MiamiBeach","70","2020-06-23","Specific_Conductivity",39.152,"mS/cm",25.8642,-80.1291,NA
"38",9438,"MiamiBeach","54","2020-06-23","Specific_Conductivity",46.75,"mS/cm",25.7965,-80.1425,NA
"39",9439,"MiamiBeach","9","2020-06-29","Specific_Conductivity",44.838,"mS/cm",25.8002,-80.1278,NA
"40",9440,"MiamiBeach","19","2020-07-29","Specific_Conductivity",44.107,"mS/cm",25.8134,-80.1246,NA
"41",9441,"MiamiBeach","74","2020-10-15","Specific_Conductivity",33.907,"mS/cm",25.7806,-80.1618,NA
"42",9442,"MiamiBeach","37","2020-11-14","Specific_Conductivity",24.9,"mS/cm",25.7776,-80.1565,NA
"43",9443,"MiamiBeach","31","2020-05-29","Specific_Conductivity",41.995,"mS/cm",25.788,-80.1627,NA
"44",9444,"MiamiBeach","29","2020-09-23","Specific_Conductivity",42.1,"mS/cm",25.7876,-80.1577,NA
"45",9445,"MiamiBeach","79","2020-10-15","Specific_Conductivity",0.727,"mS/cm",25.8531,-80.1295,NA
"46",9446,"MiamiBeach","63","2020-05-29","Specific_Conductivity",42.383,"mS/cm",25.781,-80.1616,NA
"47",9447,"MiamiBeach","35","2020-05-29","Specific_Conductivity",42.389,"mS/cm",25.7823,-80.168,NA
"48",9448,"MiamiBeach","19","2020-11-08","Specific_Conductivity",42.78,"mS/cm",25.8134,-80.1246,NA
"49",9449,"MiamiBeach","17","2020-09-18","Specific_Conductivity",43.126,"mS/cm",25.8052,-80.1268,NA
"50",9450,"MiamiBeach","22","2020-10-27","Specific_Conductivity",43.48,"mS/cm",25.7942,-80.1628,NA
"51",9451,"MiamiBeach","42","2020-08-17","Specific_Conductivity",44.826,"mS/cm",25.8015,-80.1401,NA
"52",9452,"MiamiBeach","22","2020-09-12","Specific_Conductivity",44.9,"mS/cm",25.7942,-80.1628,NA
"53",9453,"MiamiBeach","42","2020-07-29","Specific_Conductivity",45.185,"mS/cm",25.8015,-80.1401,NA
"54",9454,"MiamiBeach","60","2020-07-29","Specific_Conductivity",45.983,"mS/cm",25.7933,-80.1453,NA
"55",9455,"MiamiBeach","47","2020-07-30","Specific_Conductivity",48.77,"mS/cm",25.7741,-80.1418,NA
"56",9456,"MiamiBeach","38","2020-07-30","Specific_Conductivity",47.047,"mS/cm",25.7775,-80.1562,NA
"57",9457,"MiamiBeach","74","2020-07-30","Specific_Conductivity",17.134,"mS/cm",25.7806,-80.1618,NA
"58",9458,"MiamiBeach","34","2020-07-30","Specific_Conductivity",46.735,"mS/cm",25.7858,-80.1656,NA
"59",9459,"MiamiBeach","63","2020-08-13","Specific_Conductivity",46.565,"mS/cm",25.781,-80.1616,NA
"60",9460,"MiamiBeach","22","2020-08-13","Specific_Conductivity",45.612,"mS/cm",25.7942,-80.1628,NA
"61",9461,"MiamiBeach","9","2020-08-13","Specific_Conductivity",42.56,"mS/cm",25.8002,-80.1278,NA
"62",9462,"MiamiBeach","45","2020-05-29","Specific_Conductivity",45.039,"mS/cm",25.767,-80.137,NA
"63",9463,"MiamiBeach","60","2020-10-24","Specific_Conductivity",45.23,"mS/cm",25.7933,-80.1453,NA
"64",9464,"MiamiBeach","9","2020-07-28","Specific_Conductivity",45.4,"mS/cm",25.8002,-80.1278,NA
"65",9465,"MiamiBeach","16","2020-08-15","Specific_Conductivity",45.975,"mS/cm",25.8051,-80.1269,NA
"66",9466,"MiamiBeach","18","2020-10-24","Specific_Conductivity",46,"mS/cm",25.8075,-80.1251,NA
"67",9467,"MiamiBeach","46","2020-12-19","Specific_Conductivity",5.45,"mS/cm",25.767,-80.1371,NA
"68",9468,"MiamiBeach","30","2020-11-14","Specific_Conductivity",22.8,"mS/cm",25.7876,-80.1576,NA
"69",9469,"MiamiBeach","42","2020-01-18","Specific_Conductivity",23,"mS/cm",25.8015,-80.1401,NA
"70",9470,"MiamiBeach","59","2020-12-14","Specific_Conductivity",23.8,"mS/cm",25.7933,-80.1451,NA
"71",9471,"MiamiBeach","56","2020-11-14","Specific_Conductivity",24,"mS/cm",25.7917,-80.1451,NA
"72",9472,"MiamiBeach","47","2020-05-29","Specific_Conductivity",46.057,"mS/cm",25.7741,-80.1418,NA
"73",9473,"MiamiBeach","69","2020-11-18","Specific_Conductivity",38.528,"mS/cm",25.8586,-80.1259,NA
"74",9474,"MiamiBeach","63","2020-05-04","Specific_Conductivity",58.954,"mS/cm",25.781,-80.1616,NA
"75",9475,"MiamiBeach","24","2020-07-28","Specific_Conductivity",46.3,"mS/cm",25.796,-80.159,NA
"76",9476,"MiamiBeach","30","2020-09-20","Specific_Conductivity",46.414,"mS/cm",25.7876,-80.1576,NA
"77",9477,"MiamiBeach","34","2020-10-27","Specific_Conductivity",46.47,"mS/cm",25.7858,-80.1656,NA
"78",9478,"MiamiBeach","4","2020-07-27","Specific_Conductivity",46.9,"mS/cm",25.8463,-80.1282,NA
"79",9479,"MiamiBeach","62","2020-09-20","Specific_Conductivity",47.033,"mS/cm",25.7808,-80.1617,NA
"80",9480,"MiamiBeach","23","2020-09-21","Specific_Conductivity",47.17,"mS/cm",25.7954,-80.1592,NA
"81",9481,"MiamiBeach","54","2020-11-18","Specific_Conductivity",40.877,"mS/cm",25.7965,-80.1425,NA
"82",9482,"MiamiBeach","22","2020-07-28","Specific_Conductivity",47.3,"mS/cm",25.7942,-80.1628,NA
"83",9483,"MiamiBeach","36","2020-09-12","Specific_Conductivity",47.4,"mS/cm",25.7825,-80.1682,NA
"84",9484,"MiamiBeach","9","2020-01-11","Specific_Conductivity",47.432,"mS/cm",25.8002,-80.1278,NA
"85",9485,"MiamiBeach","17","2020-08-11","Specific_Conductivity",47.506,"mS/cm",25.8052,-80.1268,NA
"86",9486,"MiamiBeach","42","2020-01-10","Specific_Conductivity",47.597,"mS/cm",25.8015,-80.1401,NA
"87",9487,"MiamiBeach","25","2020-10-30","Specific_Conductivity",48.019,"mS/cm",25.7943,-80.1553,NA
"88",9488,"MiamiBeach","78","2020-12-21","Specific_Conductivity",1.652,"mS/cm",25.8499,-80.1367,NA
"89",9489,"MiamiBeach","68","2020-12-21","Specific_Conductivity",41.074,"mS/cm",25.8549,-80.1374,NA
"90",9490,"MiamiBeach","70","2020-12-21","Specific_Conductivity",42.11,"mS/cm",25.8642,-80.1291,NA
"91",9491,"MiamiBeach","67","2020-08-14","Specific_Conductivity",46.765,"mS/cm",25.8388,-80.1225,NA
"92",9492,"MiamiBeach","17","2020-12-21","Specific_Conductivity",40.789,"mS/cm",25.8052,-80.1268,NA
"93",9493,"MiamiBeach","63","2020-12-22","Specific_Conductivity",44.836,"mS/cm",25.781,-80.1616,NA
"94",9494,"MiamiBeach","70","2020-09-22","Specific_Conductivity",45.973,"mS/cm",25.8642,-80.1291,NA
"95",9495,"MiamiBeach","4","2020-01-28","Specific_Conductivity",49.548,"mS/cm",25.8463,-80.1282,NA
"96",9496,"MiamiBeach","68","2020-01-28","Specific_Conductivity",49.246,"mS/cm",25.8549,-80.1374,NA
"97",9497,"MiamiBeach","74","2020-05-21","Specific_Conductivity",54.755,"mS/cm",25.7806,-80.1618,NA
"98",9498,"MiamiBeach","52","2020-09-23","Specific_Conductivity",48.187,"mS/cm",25.7804,-80.1432,NA
"99",9499,"MiamiBeach","52","2020-05-21","Specific_Conductivity",56.951,"mS/cm",25.7804,-80.1432,NA
"100",9500,"MiamiBeach","17","2020-01-28","Specific_Conductivity",48.198,"mS/cm",25.8052,-80.1268,NA
"101",9501,"MiamiBeach","46","2020-01-29","Specific_Conductivity",54.442,"mS/cm",25.767,-80.1371,NA
"102",9502,"MiamiBeach","52","2020-01-29","Specific_Conductivity",54.159,"mS/cm",25.7804,-80.1432,NA
"103",9503,"MiamiBeach","21","2020-09-21","Specific_Conductivity",48.11,"mS/cm",25.7933,-80.1629,NA
"104",9504,"MiamiBeach","4","2020-11-26","Specific_Conductivity",48.357,"mS/cm",25.8463,-80.1282,NA
"105",9505,"MiamiBeach","34","2020-11-09","Specific_Conductivity",48.37,"mS/cm",25.7858,-80.1656,NA
"106",9506,"MiamiBeach","63","2020-12-19","Specific_Conductivity",48.76,"mS/cm",25.781,-80.1616,NA
"107",9507,"MiamiBeach","36","2020-12-19","Specific_Conductivity",48.8,"mS/cm",25.7825,-80.1682,NA
"108",9508,"MiamiBeach","36","2020-10-30","Specific_Conductivity",48.878,"mS/cm",25.7825,-80.1682,NA
"109",9509,"MiamiBeach","27","2020-01-11","Specific_Conductivity",48.893,"mS/cm",25.7878,-80.155,NA
"110",9510,"MiamiBeach","29","2020-08-16","Specific_Conductivity",48.894,"mS/cm",25.7876,-80.1577,NA
"111",9511,"MiamiBeach","35","2020-10-30","Specific_Conductivity",48.902,"mS/cm",25.7823,-80.168,NA
"112",9512,"MiamiBeach","19","2020-02-21","Specific_Conductivity",48.915,"mS/cm",25.8134,-80.1246,NA
"113",9513,"MiamiBeach","39","2020-08-16","Specific_Conductivity",48.966,"mS/cm",25.7813,-80.1556,NA
"114",9514,"MiamiBeach","40","2020-08-16","Specific_Conductivity",49.35,"mS/cm",25.7813,-80.1552,NA
"115",9515,"MiamiBeach","56","2020-01-10","Specific_Conductivity",49.371,"mS/cm",25.7917,-80.1451,NA
"116",9516,"MiamiBeach","38","2020-08-16","Specific_Conductivity",49.401,"mS/cm",25.7775,-80.1562,NA
"117",9517,"MiamiBeach","38","2020-03-16","Specific_Conductivity",50.1,"mS/cm",25.7775,-80.1562,NA
"118",9518,"MiamiBeach","32","2020-11-27","Specific_Conductivity",50.323,"mS/cm",25.7876,-80.1626,NA
"119",9519,"MiamiBeach","28","2020-12-19","Specific_Conductivity",50.61,"mS/cm",25.7874,-80.155,NA
"120",9520,"MiamiBeach","37","2020-01-17","Specific_Conductivity",50.621,"mS/cm",25.7776,-80.1565,NA
"121",9521,"MiamiBeach","40","2020-12-19","Specific_Conductivity",50.64,"mS/cm",25.7813,-80.1552,NA
"122",9522,"MiamiBeach","35","2020-06-22","Specific_Conductivity",51.014,"mS/cm",25.7823,-80.168,NA
"123",9523,"MiamiBeach","28","2020-03-16","Specific_Conductivity",51.1,"mS/cm",25.7874,-80.155,NA
"124",9524,"MiamiBeach","33","2020-06-22","Specific_Conductivity",51.171,"mS/cm",25.7852,-80.1653,NA
"125",9525,"MiamiBeach","18","2020-08-18","Specific_Conductivity",51.202,"mS/cm",25.8075,-80.1251,NA
"126",9526,"MiamiBeach","18","2020-06-21","Specific_Conductivity",51.203,"mS/cm",25.8075,-80.1251,NA
"127",9527,"MiamiBeach","42","2020-02-21","Specific_Conductivity",51.703,"mS/cm",25.8015,-80.1401,NA
"128",9528,"MiamiBeach","59","2020-03-15","Specific_Conductivity",51.92,"mS/cm",25.7933,-80.1451,NA
"129",9529,"MiamiBeach","69","2020-05-25","Specific_Conductivity",55.252,"mS/cm",25.8586,-80.1259,NA
"130",9530,"MiamiBeach","67","2020-05-25","Specific_Conductivity",54.527,"mS/cm",25.8388,-80.1225,NA
"131",9531,"MiamiBeach","74","2020-03-30","Specific_Conductivity",43.503,"mS/cm",25.7806,-80.1618,NA
"132",9532,"MiamiBeach","34","2020-03-30","Specific_Conductivity",52.605,"mS/cm",25.7858,-80.1656,NA
"133",9533,"MiamiBeach","69","2020-04-30","Specific_Conductivity",50.654,"mS/cm",25.8586,-80.1259,NA
"134",9534,"MiamiBeach","69","2020-10-13","Specific_Conductivity",38.537,"mS/cm",25.8586,-80.1259,NA
"135",9535,"MiamiBeach","38","2020-01-17","Specific_Conductivity",51.988,"mS/cm",25.7775,-80.1562,NA
"136",9536,"MiamiBeach","34","2020-09-23","Specific_Conductivity",52.1,"mS/cm",25.7858,-80.1656,NA
"137",9537,"MiamiBeach","4","2020-06-16","Specific_Conductivity",49.582,"mS/cm",25.8463,-80.1282,NA
"138",9538,"MiamiBeach","70","2020-06-16","Specific_Conductivity",43.865,"mS/cm",25.8642,-80.1291,NA
"139",9539,"MiamiBeach","60","2020-10-15","Specific_Conductivity",48.946,"mS/cm",25.7933,-80.1453,NA
"140",9540,"MiamiBeach","66","2020-04-30","Specific_Conductivity",48.891,"mS/cm",25.8234,-80.1232,NA
"141",9541,"MiamiBeach","48","2020-10-27","Specific_Conductivity",52.16,"mS/cm",25.7741,-80.1419,NA
"142",9542,"MiamiBeach","48","2020-12-13","Specific_Conductivity",52.763,"mS/cm",25.7741,-80.1419,NA
"143",9543,"MiamiBeach","56","2020-01-17","Specific_Conductivity",52.992,"mS/cm",25.7917,-80.1451,NA
"144",9544,"MiamiBeach","31","2020-08-15","Specific_Conductivity",53.274,"mS/cm",25.788,-80.1627,NA
"145",9545,"MiamiBeach","19","2020-04-18","Specific_Conductivity",53.302,"mS/cm",25.8134,-80.1246,NA
"146",9546,"MiamiBeach","26","2020-03-08","Specific_Conductivity",53.323,"mS/cm",25.7949,-80.1553,NA
"147",9547,"MiamiBeach","63","2020-10-15","Specific_Conductivity",45.597,"mS/cm",25.781,-80.1616,NA
"148",9548,"MiamiBeach","34","2020-10-15","Specific_Conductivity",45.965,"mS/cm",25.7858,-80.1656,NA
"149",9549,"MiamiBeach","21","2020-12-14","Specific_Conductivity",24.925,"mS/cm",25.7933,-80.1629,NA
"150",9550,"MiamiBeach","25","2020-09-12","Specific_Conductivity",41.6,"mS/cm",25.7943,-80.1553,NA
"151",9551,"MiamiBeach","26","2020-05-29","Specific_Conductivity",41.755,"mS/cm",25.7949,-80.1553,NA
"152",9552,"MiamiBeach","25","2020-05-29","Specific_Conductivity",42.052,"mS/cm",25.7943,-80.1553,NA
"153",9553,"MiamiBeach","17","2020-08-17","Specific_Conductivity",42.091,"mS/cm",25.8052,-80.1268,NA
"154",9554,"MiamiBeach","16","2020-09-20","Specific_Conductivity",42.53,"mS/cm",25.8051,-80.1269,NA
"155",9555,"MiamiBeach","16","2020-10-12","Specific_Conductivity",43.02,"mS/cm",25.8051,-80.1269,NA
"156",9556,"MiamiBeach","26","2020-09-12","Specific_Conductivity",43.1,"mS/cm",25.7949,-80.1553,NA
"157",9557,"MiamiBeach","31","2020-08-16","Specific_Conductivity",44.795,"mS/cm",25.788,-80.1627,NA
"158",9558,"MiamiBeach","32","2020-08-16","Specific_Conductivity",44.874,"mS/cm",25.7876,-80.1626,NA
"159",9559,"MiamiBeach","71","2020-11-18","Specific_Conductivity",38.844,"mS/cm",25.867,-80.1243,NA
"160",9560,"MiamiBeach","18","2020-07-27","Specific_Conductivity",45.2,"mS/cm",25.8075,-80.1251,NA
"161",9561,"MiamiBeach","4","2020-08-17","Specific_Conductivity",45.219,"mS/cm",25.8463,-80.1282,NA
"162",9562,"MiamiBeach","31","2020-09-12","Specific_Conductivity",46.1,"mS/cm",25.788,-80.1627,NA
"163",9563,"MiamiBeach","2","2020-10-24","Specific_Conductivity",46.11,"mS/cm",25.8167,-80.139,NA
"164",9564,"MiamiBeach","64","2020-08-15","Specific_Conductivity",46.118,"mS/cm",25.8078,-80.1253,NA
"165",9565,"MiamiBeach","25","2020-09-20","Specific_Conductivity",46.211,"mS/cm",25.7943,-80.1553,NA
"166",9566,"MiamiBeach","46","2020-05-04","Specific_Conductivity",52.136,"mS/cm",25.767,-80.1371,NA
"167",9567,"MiamiBeach","19","2020-10-24","Specific_Conductivity",46.24,"mS/cm",25.8134,-80.1246,NA
"168",9568,"MiamiBeach","4","2020-10-24","Specific_Conductivity",46.38,"mS/cm",25.8463,-80.1282,NA
"169",9569,"MiamiBeach","16","2020-12-14","Specific_Conductivity",46.46,"mS/cm",25.8051,-80.1269,NA
"170",9570,"MiamiBeach","16","2020-11-26","Specific_Conductivity",46.957,"mS/cm",25.8051,-80.1269,NA
"171",9571,"MiamiBeach","18","2020-11-26","Specific_Conductivity",46.988,"mS/cm",25.8075,-80.1251,NA
"172",9572,"MiamiBeach","40","2020-10-27","Specific_Conductivity",47.08,"mS/cm",25.7813,-80.1552,NA
"173",9573,"MiamiBeach","42","2020-11-18","Specific_Conductivity",39.727,"mS/cm",25.8015,-80.1401,NA
"174",9574,"MiamiBeach","62","2020-10-27","Specific_Conductivity",47.29,"mS/cm",25.7808,-80.1617,NA
"175",9575,"MiamiBeach","2","2020-09-12","Specific_Conductivity",47.3,"mS/cm",25.8167,-80.139,NA
"176",9576,"MiamiBeach","37","2020-07-28","Specific_Conductivity",47.5,"mS/cm",25.7776,-80.1565,NA
"177",9577,"MiamiBeach","54","2020-07-27","Specific_Conductivity",47.6,"mS/cm",25.7965,-80.1425,NA
"178",9578,"MiamiBeach","52","2020-07-28","Specific_Conductivity",47.6,"mS/cm",25.7804,-80.1432,NA
"179",9579,"MiamiBeach","59","2020-09-18","Specific_Conductivity",48.057,"mS/cm",25.7933,-80.1451,NA
"180",9580,"MiamiBeach","56","2020-05-04","Specific_Conductivity",51.219,"mS/cm",25.7917,-80.1451,NA
"181",9581,"MiamiBeach","17","2020-11-15","Specific_Conductivity",53.4,"mS/cm",25.8052,-80.1268,NA
"182",9582,"MiamiBeach","25","2020-03-08","Specific_Conductivity",53.432,"mS/cm",25.7943,-80.1553,NA
"183",9583,"MiamiBeach","62","2020-02-09","Specific_Conductivity",53.478,"mS/cm",25.7808,-80.1617,NA
"184",9584,"MiamiBeach","21","2020-03-08","Specific_Conductivity",53.526,"mS/cm",25.7933,-80.1629,NA
"185",9585,"MiamiBeach","4","2020-04-18","Specific_Conductivity",53.85,"mS/cm",25.8463,-80.1282,NA
"186",9586,"MiamiBeach","67","2020-12-21","Specific_Conductivity",40.473,"mS/cm",25.8388,-80.1225,NA
"187",9587,"MiamiBeach","4","2020-04-14","Specific_Conductivity",54.127,"mS/cm",25.8463,-80.1282,NA
"188",9588,"MiamiBeach","78","2020-05-04","Specific_Conductivity",6.911,"mS/cm",25.8499,-80.1367,NA
"189",9589,"MiamiBeach","9","2020-12-22","Specific_Conductivity",42.102,"mS/cm",25.8002,-80.1278,NA
"190",9590,"MiamiBeach","78","2020-04-14","Specific_Conductivity",14.786,"mS/cm",25.8499,-80.1367,NA
"191",9591,"MiamiBeach","70","2020-01-28","Specific_Conductivity",49.196,"mS/cm",25.8642,-80.1291,NA
"192",9592,"MiamiBeach","71","2020-01-28","Specific_Conductivity",49.298,"mS/cm",25.867,-80.1243,NA
"193",9593,"MiamiBeach","69","2020-01-28","Specific_Conductivity",49.34,"mS/cm",25.8586,-80.1259,NA
"194",9594,"MiamiBeach","63","2020-05-21","Specific_Conductivity",56.24,"mS/cm",25.781,-80.1616,NA
"195",9595,"MiamiBeach","60","2020-04-15","Specific_Conductivity",54.232,"mS/cm",25.7933,-80.1453,NA
"196",9596,"MiamiBeach","78","2020-05-25","Specific_Conductivity",5.426,"mS/cm",25.8499,-80.1367,NA
"197",9597,"MiamiBeach","37","2020-10-27","Specific_Conductivity",48.11,"mS/cm",25.7776,-80.1565,NA
"198",9598,"MiamiBeach","23","2020-08-16","Specific_Conductivity",48.124,"mS/cm",25.7954,-80.1592,NA
"199",9599,"MiamiBeach","56","2020-01-29","Specific_Conductivity",51.664,"mS/cm",25.7917,-80.1451,NA
"200",9600,"MiamiBeach","69","2020-05-26","Specific_Conductivity",21.901,"mS/cm",25.8586,-80.1259,NA
"201",9601,"MiamiBeach","47","2020-05-27","Specific_Conductivity",39.274,"mS/cm",25.7741,-80.1418,NA
"202",9602,"MiamiBeach","22","2020-12-19","Specific_Conductivity",48.18,"mS/cm",25.7942,-80.1628,NA
"203",9603,"MiamiBeach","17","2020-08-04","Specific_Conductivity",48.199,"mS/cm",25.8052,-80.1268,NA
"204",9604,"MiamiBeach","61","2020-11-26","Specific_Conductivity",48.295,"mS/cm",25.8262,-80.134,NA
"205",9605,"MiamiBeach","60","2020-09-20","Specific_Conductivity",48.3,"mS/cm",25.7933,-80.1453,NA
"206",9606,"MiamiBeach","33","2020-11-09","Specific_Conductivity",48.32,"mS/cm",25.7852,-80.1653,NA
"207",9607,"MiamiBeach","21","2020-11-09","Specific_Conductivity",48.33,"mS/cm",25.7933,-80.1629,NA
"208",9608,"MiamiBeach","24","2020-12-19","Specific_Conductivity",48.34,"mS/cm",25.796,-80.159,NA
"209",9609,"MiamiBeach","22","2020-12-14","Specific_Conductivity",48.378,"mS/cm",25.7942,-80.1628,NA
"210",9610,"MiamiBeach","4","2020-03-29","Specific_Conductivity",51.422,"mS/cm",25.8463,-80.1282,NA
"211",9611,"MiamiBeach","66","2020-07-14","Specific_Conductivity",40.12,"mS/cm",25.8234,-80.1232,NA
"212",9612,"MiamiBeach","28","2020-01-11","Specific_Conductivity",48.781,"mS/cm",25.7874,-80.155,NA
"213",9613,"MiamiBeach","46","2020-09-20","Specific_Conductivity",49.354,"mS/cm",25.767,-80.1371,NA
"214",9614,"MiamiBeach","71","2020-03-29","Specific_Conductivity",52.307,"mS/cm",25.867,-80.1243,NA
"215",9615,"MiamiBeach","66","2020-03-29","Specific_Conductivity",50.323,"mS/cm",25.8234,-80.1232,NA
"216",9616,"MiamiBeach","63","2020-01-11","Specific_Conductivity",49.471,"mS/cm",25.781,-80.1616,NA
"217",9617,"MiamiBeach","60","2020-12-14","Specific_Conductivity",49.556,"mS/cm",25.7933,-80.1453,NA
"218",9618,"MiamiBeach","2","2020-09-23","Specific_Conductivity",49.7,"mS/cm",25.8167,-80.139,NA
"219",9619,"MiamiBeach","24","2020-09-23","Specific_Conductivity",50.3,"mS/cm",25.796,-80.159,NA
"220",9620,"MiamiBeach","47","2020-07-28","Specific_Conductivity",50.3,"mS/cm",25.7741,-80.1418,NA
"221",9621,"MiamiBeach","40","2020-12-13","Specific_Conductivity",50.41,"mS/cm",25.7813,-80.1552,NA
"222",9622,"MiamiBeach","38","2020-11-09","Specific_Conductivity",50.47,"mS/cm",25.7775,-80.1562,NA
"223",9623,"MiamiBeach","30","2020-11-09","Specific_Conductivity",50.48,"mS/cm",25.7876,-80.1576,NA
"224",9624,"MiamiBeach","22","2020-09-23","Specific_Conductivity",50.5,"mS/cm",25.7942,-80.1628,NA
"225",9625,"MiamiBeach","45","2020-03-16","Specific_Conductivity",50.5,"mS/cm",25.767,-80.137,NA
"226",9626,"MiamiBeach","46","2020-03-16","Specific_Conductivity",50.5,"mS/cm",25.767,-80.1371,NA
"227",9627,"MiamiBeach","27","2020-12-19","Specific_Conductivity",50.53,"mS/cm",25.7878,-80.155,NA
"228",9628,"MiamiBeach","37","2020-12-19","Specific_Conductivity",50.66,"mS/cm",25.7776,-80.1565,NA
"229",9629,"MiamiBeach","33","2020-09-23","Specific_Conductivity",51,"mS/cm",25.7852,-80.1653,NA
"230",9630,"MiamiBeach","42","2020-03-15","Specific_Conductivity",51,"mS/cm",25.8015,-80.1401,NA
"231",9631,"MiamiBeach","38","2020-03-08","Specific_Conductivity",53.956,"mS/cm",25.7775,-80.1562,NA
"232",9632,"MiamiBeach","2","2020-06-21","Specific_Conductivity",51.002,"mS/cm",25.8167,-80.139,NA
"233",9633,"MiamiBeach","46","2020-01-11","Specific_Conductivity",51.175,"mS/cm",25.767,-80.1371,NA
"234",9634,"MiamiBeach","27","2020-09-23","Specific_Conductivity",51.6,"mS/cm",25.7878,-80.155,NA
"235",9635,"MiamiBeach","27","2020-03-16","Specific_Conductivity",51.6,"mS/cm",25.7878,-80.155,NA
"236",9636,"MiamiBeach","37","2020-02-23","Specific_Conductivity",51.634,"mS/cm",25.7776,-80.1565,NA
"237",9637,"MiamiBeach","30","2020-01-17","Specific_Conductivity",51.65,"mS/cm",25.7876,-80.1576,NA
"238",9638,"MiamiBeach","45","2020-01-17","Specific_Conductivity",51.836,"mS/cm",25.767,-80.137,NA
"239",9639,"MiamiBeach","45","2020-02-23","Specific_Conductivity",51.841,"mS/cm",25.767,-80.137,NA
"240",9640,"MiamiBeach","37","2020-11-27","Specific_Conductivity",51.915,"mS/cm",25.7776,-80.1565,NA
"241",9641,"MiamiBeach","38","2020-05-27","Specific_Conductivity",44.731,"mS/cm",25.7775,-80.1562,NA
"242",9642,"MiamiBeach","17","2020-06-21","Specific_Conductivity",51.941,"mS/cm",25.8052,-80.1268,NA
"243",9643,"MiamiBeach","54","2020-07-14","Specific_Conductivity",45.27,"mS/cm",25.7965,-80.1425,NA
"244",9644,"MiamiBeach","29","2020-06-18","Specific_Conductivity",49.334,"mS/cm",25.7876,-80.1577,NA
"245",9645,"MiamiBeach","42","2020-05-25","Specific_Conductivity",55.765,"mS/cm",25.8015,-80.1401,NA
"246",9646,"MiamiBeach","63","2020-07-15","Specific_Conductivity",444.7,"mS/cm",25.781,-80.1616,NA
"247",9647,"MiamiBeach","60","2020-06-18","Specific_Conductivity",52.163,"mS/cm",25.7933,-80.1453,NA
"248",9648,"MiamiBeach","54","2020-05-27","Specific_Conductivity",43.52,"mS/cm",25.7965,-80.1425,NA
"249",9649,"MiamiBeach","19","2020-06-19","Specific_Conductivity",45.953,"mS/cm",25.8134,-80.1246,NA
"250",9650,"MiamiBeach","27","2020-09-21","Specific_Conductivity",52.06,"mS/cm",25.7878,-80.155,NA
"251",9651,"MiamiBeach","40","2020-09-23","Specific_Conductivity",52.1,"mS/cm",25.7813,-80.1552,NA
"252",9652,"MiamiBeach","26","2020-06-22","Specific_Conductivity",52.103,"mS/cm",25.7949,-80.1553,NA
"253",9653,"MiamiBeach","69","2020-06-16","Specific_Conductivity",40.968,"mS/cm",25.8586,-80.1259,NA
"254",9654,"MiamiBeach","61","2020-07-18","Specific_Conductivity",46.012,"mS/cm",25.8262,-80.134,NA
"255",9655,"MiamiBeach","4","2020-06-23","Specific_Conductivity",41.114,"mS/cm",25.8463,-80.1282,NA
"256",9656,"MiamiBeach","47","2020-01-17","Specific_Conductivity",52.219,"mS/cm",25.7741,-80.1418,NA
"257",9657,"MiamiBeach","59","2020-05-16","Specific_Conductivity",52.786,"mS/cm",25.7933,-80.1451,NA
"258",9658,"MiamiBeach","19","2020-11-15","Specific_Conductivity",53.1,"mS/cm",25.8134,-80.1246,NA
"259",9659,"MiamiBeach","40","2020-08-15","Specific_Conductivity",53.449,"mS/cm",25.7813,-80.1552,NA
"260",9660,"MiamiBeach","71","2020-06-23","Specific_Conductivity",41.178,"mS/cm",25.867,-80.1243,NA
"261",9661,"MiamiBeach","19","2020-06-16","Specific_Conductivity",49.983,"mS/cm",25.8134,-80.1246,NA
"262",9662,"MiamiBeach","17","2020-06-23","Specific_Conductivity",44.654,"mS/cm",25.8052,-80.1268,NA
"263",9663,"MiamiBeach","38","2020-06-29","Specific_Conductivity",48.888,"mS/cm",25.7775,-80.1562,NA
"264",9664,"MiamiBeach","17","2020-08-16","Specific_Conductivity",44.918,"mS/cm",25.8052,-80.1268,NA
"265",9665,"MiamiBeach","82","2020-06-17","Specific_Conductivity",51.128,"mS/cm",25.840485,-80.132921,NA
"266",9666,"MiamiBeach","42","2020-07-18","Specific_Conductivity",48.641,"mS/cm",25.8015,-80.1401,NA
"267",9667,"MiamiBeach","22","2020-08-17","Specific_Conductivity",43.67,"mS/cm",25.7942,-80.1628,NA
"268",9668,"MiamiBeach","66","2020-07-29","Specific_Conductivity",43.918,"mS/cm",25.8234,-80.1232,NA
"269",9669,"MiamiBeach","9","2020-08-17","Specific_Conductivity",44.184,"mS/cm",25.8002,-80.1278,NA
"270",9670,"MiamiBeach","38","2020-06-17","Specific_Conductivity",53.191,"mS/cm",25.7775,-80.1562,NA
"271",9671,"MiamiBeach","46","2020-06-17","Specific_Conductivity",52.941,"mS/cm",25.767,-80.1371,NA
"272",9672,"MiamiBeach","47","2020-08-13","Specific_Conductivity",47.517,"mS/cm",25.7741,-80.1418,NA
"273",9673,"MiamiBeach","34","2020-09-21","Specific_Conductivity",48.533,"mS/cm",25.7858,-80.1656,NA
"274",9674,"MiamiBeach","47","2020-09-21","Specific_Conductivity",52.942,"mS/cm",25.7741,-80.1418,NA
"275",9675,"MiamiBeach","69","2020-07-14","Specific_Conductivity",40.39,"mS/cm",25.8586,-80.1259,NA
"276",9676,"MiamiBeach","27","2020-08-16","Specific_Conductivity",0.391,"mS/cm",25.7878,-80.155,NA
"277",9677,"MiamiBeach","28","2020-10-30","Specific_Conductivity",5.102,"mS/cm",25.7874,-80.155,NA
"278",9678,"MiamiBeach","32","2020-11-14","Specific_Conductivity",23.7,"mS/cm",25.7876,-80.1626,NA
"279",9679,"MiamiBeach","25","2020-11-14","Specific_Conductivity",23.8,"mS/cm",25.7943,-80.1553,NA
"280",9680,"MiamiBeach","79","2020-08-13","Specific_Conductivity",1.101,"mS/cm",25.8531,-80.1295,NA
"281",9681,"MiamiBeach","81","2020-07-14","Specific_Conductivity",38.7,"mS/cm",25.802142,-80.126487,NA
"282",9682,"MiamiBeach","47","2020-12-19","Specific_Conductivity",53.95,"mS/cm",25.7741,-80.1418,NA
"283",9683,"MiamiBeach","26","2020-02-09","Specific_Conductivity",54.081,"mS/cm",25.7949,-80.1553,NA
"284",9684,"MiamiBeach","46","2020-03-08","Specific_Conductivity",54.458,"mS/cm",25.767,-80.1371,NA
"285",9685,"MiamiBeach","42","2020-07-14","Specific_Conductivity",45.45,"mS/cm",25.8015,-80.1401,NA
"286",9686,"MiamiBeach","60","2020-07-14","Specific_Conductivity",46.58,"mS/cm",25.7933,-80.1453,NA
"287",9687,"MiamiBeach","82","2020-09-22","Specific_Conductivity",44.94,"mS/cm",25.840485,-80.132921,NA
"288",9688,"MiamiBeach","54","2020-08-14","Specific_Conductivity",46.061,"mS/cm",25.7965,-80.1425,NA
"289",9689,"MiamiBeach","71","2020-09-22","Specific_Conductivity",45.992,"mS/cm",25.867,-80.1243,NA
"290",9690,"MiamiBeach","66","2020-09-22","Specific_Conductivity",45.823,"mS/cm",25.8234,-80.1232,NA
"291",9691,"MiamiBeach","36","2020-07-19","Specific_Conductivity",48.322,"mS/cm",25.7825,-80.1682,NA
"292",9692,"MiamiBeach","38","2020-09-23","Specific_Conductivity",48.426,"mS/cm",25.7775,-80.1562,NA
"293",9693,"MiamiBeach","84","2020-07-15","Specific_Conductivity",25.02,"mS/cm",25.840485,-80.132921,NA
"294",9694,"MiamiBeach","56","2020-06-18","Specific_Conductivity",53.171,"mS/cm",25.7917,-80.1451,NA
"295",9695,"MiamiBeach","63","2020-10-22","Specific_Conductivity",48.286,"mS/cm",25.781,-80.1616,NA
"296",9696,"MiamiBeach","42","2020-10-28","Specific_Conductivity",46.377,"mS/cm",25.8015,-80.1401,NA
"297",9697,"MiamiBeach","66","2020-08-16","Specific_Conductivity",45.512,"mS/cm",25.8234,-80.1232,NA
"298",9698,"MiamiBeach","52","2020-09-21","Specific_Conductivity",54.84,"mS/cm",25.7804,-80.1432,NA
"299",9699,"MiamiBeach","19","2020-10-13","Specific_Conductivity",42.218,"mS/cm",25.8134,-80.1246,NA
"300",9700,"MiamiBeach","54","2020-10-28","Specific_Conductivity",47.61,"mS/cm",25.7965,-80.1425,NA
"301",9701,"MiamiBeach","84","2020-10-28","Specific_Conductivity",13.964,"mS/cm",25.840485,-80.132921,NA
"302",9702,"MiamiBeach","34","2020-11-14","Specific_Conductivity",24.1,"mS/cm",25.7858,-80.1656,NA
"303",9703,"MiamiBeach","38","2020-11-14","Specific_Conductivity",24.3,"mS/cm",25.7775,-80.1562,NA
"304",9704,"MiamiBeach","29","2020-09-12","Specific_Conductivity",25.7,"mS/cm",25.7876,-80.1577,NA
"305",9705,"MiamiBeach","22","2020-05-29","Specific_Conductivity",41.465,"mS/cm",25.7942,-80.1628,NA
"306",9706,"MiamiBeach","62","2020-05-29","Specific_Conductivity",41.99,"mS/cm",25.7808,-80.1617,NA
"307",9707,"MiamiBeach","32","2020-05-29","Specific_Conductivity",42.267,"mS/cm",25.7876,-80.1626,NA
"308",9708,"MiamiBeach","16","2020-11-08","Specific_Conductivity",42.33,"mS/cm",25.8051,-80.1269,NA
"309",9709,"MiamiBeach","17","2020-10-04","Specific_Conductivity",43,"mS/cm",25.8052,-80.1268,NA
"310",9710,"MiamiBeach","9","2020-11-09","Specific_Conductivity",43.36,"mS/cm",25.8002,-80.1278,NA
"311",9711,"MiamiBeach","24","2020-08-16","Specific_Conductivity",44.81,"mS/cm",25.796,-80.159,NA
"312",9712,"MiamiBeach","54","2020-08-16","Specific_Conductivity",46.011,"mS/cm",25.7965,-80.1425,NA
"313",9713,"MiamiBeach","46","2020-07-19","Specific_Conductivity",49.662,"mS/cm",25.767,-80.1371,NA
"314",9714,"MiamiBeach","70","2020-11-18","Specific_Conductivity",38.56,"mS/cm",25.8642,-80.1291,NA
"315",9715,"MiamiBeach","4","2020-01-10","Specific_Conductivity",45.35,"mS/cm",25.8463,-80.1282,NA
"316",9716,"MiamiBeach","19","2020-11-15","Specific_Conductivity",46.217,"mS/cm",25.8134,-80.1246,NA
"317",9717,"MiamiBeach","2","2020-11-08","Specific_Conductivity",45.99,"mS/cm",25.8167,-80.139,NA
"318",9718,"MiamiBeach","61","2020-10-24","Specific_Conductivity",46.07,"mS/cm",25.8262,-80.134,NA
"319",9719,"MiamiBeach","54","2020-04-30","Specific_Conductivity",51.201,"mS/cm",25.7965,-80.1425,NA
"320",9720,"MiamiBeach","67","2020-11-18","Specific_Conductivity",36.053,"mS/cm",25.8388,-80.1225,NA
"321",9721,"MiamiBeach","22","2020-11-16","Specific_Conductivity",49.941,"mS/cm",25.7942,-80.1628,NA
"322",9722,"MiamiBeach","38","2020-11-16","Specific_Conductivity",50.043,"mS/cm",25.7775,-80.1562,NA
"323",9723,"MiamiBeach","52","2020-05-04","Specific_Conductivity",51.355,"mS/cm",25.7804,-80.1432,NA
"324",9724,"MiamiBeach","52","2020-08-17","Specific_Conductivity",46.051,"mS/cm",25.7804,-80.1432,NA
"325",9725,"MiamiBeach","46","2020-08-17","Specific_Conductivity",46.641,"mS/cm",25.767,-80.1371,NA
"326",9726,"MiamiBeach","26","2020-09-20","Specific_Conductivity",46.318,"mS/cm",25.7949,-80.1553,NA
"327",9727,"MiamiBeach","2","2020-01-10","Specific_Conductivity",46.395,"mS/cm",25.8167,-80.139,NA
"328",9728,"MiamiBeach","56","2020-09-20","Specific_Conductivity",47.09,"mS/cm",25.7917,-80.1451,NA
"329",9729,"MiamiBeach","24","2020-09-21","Specific_Conductivity",47.33,"mS/cm",25.796,-80.159,NA
"330",9730,"MiamiBeach","2","2020-10-31","Specific_Conductivity",47.342,"mS/cm",25.8167,-80.139,NA
"331",9731,"MiamiBeach","38","2020-09-20","Specific_Conductivity",47.504,"mS/cm",25.7775,-80.1562,NA
"332",9732,"MiamiBeach","16","2020-08-11","Specific_Conductivity",47.553,"mS/cm",25.8051,-80.1269,NA
"333",9733,"MiamiBeach","35","2020-12-13","Specific_Conductivity",47.58,"mS/cm",25.7823,-80.168,NA
"334",9734,"MiamiBeach","9","2020-10-31","Specific_Conductivity",47.637,"mS/cm",25.8002,-80.1278,NA
"335",9735,"MiamiBeach","54","2020-11-08","Specific_Conductivity",47.64,"mS/cm",25.7965,-80.1425,NA
"336",9736,"MiamiBeach","25","2020-01-11","Specific_Conductivity",48.069,"mS/cm",25.7943,-80.1553,NA
"337",9737,"MiamiBeach","18","2020-08-04","Specific_Conductivity",48.077,"mS/cm",25.8075,-80.1251,NA
"338",9738,"MiamiBeach","60","2020-11-18","Specific_Conductivity",43.371,"mS/cm",25.7933,-80.1453,NA
"339",9739,"MiamiBeach","19","2020-12-21","Specific_Conductivity",40.121,"mS/cm",25.8134,-80.1246,NA
"340",9740,"MiamiBeach","42","2020-12-21","Specific_Conductivity",42.971,"mS/cm",25.8015,-80.1401,NA
"341",9741,"MiamiBeach","47","2020-12-22","Specific_Conductivity",44.239,"mS/cm",25.7741,-80.1418,NA
"342",9742,"MiamiBeach","9","2020-11-16","Specific_Conductivity",46.69,"mS/cm",25.8002,-80.1278,NA
"343",9743,"MiamiBeach","34","2020-12-22","Specific_Conductivity",44.871,"mS/cm",25.7858,-80.1656,NA
"344",9744,"MiamiBeach","63","2020-12-20","Specific_Conductivity",45.589,"mS/cm",25.781,-80.1616,NA
"345",9745,"MiamiBeach","17","2020-04-14","Specific_Conductivity",52.74,"mS/cm",25.8052,-80.1268,NA
"346",9746,"MiamiBeach","47","2020-04-15","Specific_Conductivity",54.604,"mS/cm",25.7741,-80.1418,NA
"347",9747,"MiamiBeach","28","2020-04-18","Specific_Conductivity",55.505,"mS/cm",25.7874,-80.155,NA
"348",9748,"MiamiBeach","78","2020-09-22","Specific_Conductivity",0.284,"mS/cm",25.8499,-80.1367,NA
"349",9749,"MiamiBeach","56","2020-12-20","Specific_Conductivity",49.831,"mS/cm",25.7917,-80.1451,NA
"350",9750,"MiamiBeach","18","2020-05-12","Specific_Conductivity",56.125,"mS/cm",25.8075,-80.1251,NA
"351",9751,"MiamiBeach","48","2020-06-22","Specific_Conductivity",56.225,"mS/cm",25.7741,-80.1419,NA
"352",9752,"MiamiBeach","62","2020-07-19","Specific_Conductivity",47.986,"mS/cm",25.7808,-80.1617,NA
"353",9753,"MiamiBeach","54","2020-04-19","Specific_Conductivity",55.119,"mS/cm",25.7965,-80.1425,NA
"354",9754,"MiamiBeach","71","2020-09-22","Specific_Conductivity",45.286,"mS/cm",25.867,-80.1243,NA
"355",9755,"MiamiBeach","66","2020-09-22","Specific_Conductivity",44.531,"mS/cm",25.8234,-80.1232,NA
"356",9756,"MiamiBeach","69","2020-12-22","Specific_Conductivity",48.65,"mS/cm",25.8586,-80.1259,NA
"357",9757,"MiamiBeach","28","2020-07-19","Specific_Conductivity",48.475,"mS/cm",25.7874,-80.155,NA
"358",9758,"MiamiBeach","25","2020-07-19","Specific_Conductivity",48.361,"mS/cm",25.7943,-80.1553,NA
"359",9759,"MiamiBeach","67","2020-05-26","Specific_Conductivity",33.818,"mS/cm",25.8388,-80.1225,NA
"360",9760,"MiamiBeach","47","2020-01-29","Specific_Conductivity",54.353,"mS/cm",25.7741,-80.1418,NA
"361",9761,"MiamiBeach","74","2020-01-29","Specific_Conductivity",40.411,"mS/cm",25.7806,-80.1618,NA
"362",9762,"MiamiBeach","60","2020-09-18","Specific_Conductivity",48.113,"mS/cm",25.7933,-80.1453,NA
"363",9763,"MiamiBeach","82","2020-03-29","Specific_Conductivity",51.34,"mS/cm",25.840485,-80.132921,NA
"364",9764,"MiamiBeach","46","2020-05-27","Specific_Conductivity",41.709,"mS/cm",25.767,-80.1371,NA
"365",9765,"MiamiBeach","33","2020-09-21","Specific_Conductivity",48.22,"mS/cm",25.7852,-80.1653,NA
"366",9766,"MiamiBeach","24","2020-12-14","Specific_Conductivity",48.247,"mS/cm",25.796,-80.159,NA
"367",9767,"MiamiBeach","23","2020-12-19","Specific_Conductivity",48.29,"mS/cm",25.7954,-80.1592,NA
"368",9768,"MiamiBeach","42","2020-10-31","Specific_Conductivity",48.327,"mS/cm",25.8015,-80.1401,NA
"369",9769,"MiamiBeach","54","2020-08-15","Specific_Conductivity",48.34,"mS/cm",25.7965,-80.1425,NA
"370",9770,"MiamiBeach","52","2020-01-11","Specific_Conductivity",48.469,"mS/cm",25.7804,-80.1432,NA
"371",9771,"MiamiBeach","70","2020-03-29","Specific_Conductivity",52.122,"mS/cm",25.8642,-80.1291,NA
"372",9772,"MiamiBeach","4","2020-05-20","Specific_Conductivity",55.215,"mS/cm",25.8463,-80.1282,NA
"373",9773,"MiamiBeach","56","2020-11-08","Specific_Conductivity",49.48,"mS/cm",25.7917,-80.1451,NA
"374",9774,"MiamiBeach","21","2020-09-23","Specific_Conductivity",49.7,"mS/cm",25.7933,-80.1629,NA
"375",9775,"MiamiBeach","29","2020-02-23","Specific_Conductivity",50.128,"mS/cm",25.7876,-80.1577,NA
"376",9776,"MiamiBeach","4","2020-12-23","Specific_Conductivity",13.383,"mS/cm",25.8463,-80.1282,NA
"377",9777,"MiamiBeach","28","2020-12-13","Specific_Conductivity",50.13,"mS/cm",25.7874,-80.155,NA
"378",9778,"MiamiBeach","4","2020-02-21","Specific_Conductivity",50.337,"mS/cm",25.8463,-80.1282,NA
"379",9779,"MiamiBeach","38","2020-12-19","Specific_Conductivity",50.41,"mS/cm",25.7775,-80.1562,NA
"380",9780,"MiamiBeach","38","2020-10-30","Specific_Conductivity",50.493,"mS/cm",25.7775,-80.1562,NA
"381",9781,"MiamiBeach","29","2020-11-09","Specific_Conductivity",50.55,"mS/cm",25.7876,-80.1577,NA
"382",9782,"MiamiBeach","39","2020-09-21","Specific_Conductivity",50.61,"mS/cm",25.7813,-80.1556,NA
"383",9783,"MiamiBeach","32","2020-02-23","Specific_Conductivity",50.633,"mS/cm",25.7876,-80.1626,NA
"384",9784,"MiamiBeach","18","2020-04-18","Specific_Conductivity",50.671,"mS/cm",25.8075,-80.1251,NA
"385",9785,"MiamiBeach","30","2020-11-27","Specific_Conductivity",50.939,"mS/cm",25.7876,-80.1576,NA
"386",9786,"MiamiBeach","56","2020-11-26","Specific_Conductivity",50.994,"mS/cm",25.7917,-80.1451,NA
"387",9787,"MiamiBeach","38","2020-02-23","Specific_Conductivity",51.113,"mS/cm",25.7775,-80.1562,NA
"388",9788,"MiamiBeach","52","2020-11-27","Specific_Conductivity",51.222,"mS/cm",25.7804,-80.1432,NA
"389",9789,"MiamiBeach","22","2020-01-17","Specific_Conductivity",51.234,"mS/cm",25.7942,-80.1628,NA
"390",9790,"MiamiBeach","9","2020-06-22","Specific_Conductivity",51.571,"mS/cm",25.8002,-80.1278,NA
"391",9791,"MiamiBeach","46","2020-02-23","Specific_Conductivity",51.807,"mS/cm",25.767,-80.1371,NA
"392",9792,"MiamiBeach","54","2020-02-21","Specific_Conductivity",51.825,"mS/cm",25.7965,-80.1425,NA
"393",9793,"MiamiBeach","16","2020-06-21","Specific_Conductivity",51.875,"mS/cm",25.8051,-80.1269,NA
"394",9794,"MiamiBeach","17","2020-12-23","Specific_Conductivity",17.02,"mS/cm",25.8052,-80.1268,NA
"395",9795,"MiamiBeach","68","2020-05-25","Specific_Conductivity",54.763,"mS/cm",25.8549,-80.1374,NA
"396",9796,"MiamiBeach","82","2020-10-28","Specific_Conductivity",44.583,"mS/cm",25.840485,-80.132921,NA
"397",9797,"MiamiBeach","22","2020-05-27","Specific_Conductivity",42.91,"mS/cm",25.7942,-80.1628,NA
"398",9798,"MiamiBeach","60","2020-05-27","Specific_Conductivity",44.405,"mS/cm",25.7933,-80.1453,NA
"399",9799,"MiamiBeach","47","2020-12-24","Specific_Conductivity",32.875,"mS/cm",25.7741,-80.1418,NA
"400",9800,"MiamiBeach","9","2020-05-27","Specific_Conductivity",36.149,"mS/cm",25.8002,-80.1278,NA
"401",9801,"MiamiBeach","74","2020-06-29","Specific_Conductivity",18.538,"mS/cm",25.7806,-80.1618,NA
"402",9802,"MiamiBeach","60","2020-05-12","Specific_Conductivity",58.413,"mS/cm",25.7933,-80.1453,NA
"403",9803,"MiamiBeach","59","2020-05-12","Specific_Conductivity",58.6,"mS/cm",25.7933,-80.1451,NA
"404",9804,"MiamiBeach","70","2020-07-29","Specific_Conductivity",41.048,"mS/cm",25.8642,-80.1291,NA
"405",9805,"MiamiBeach","66","2020-05-25","Specific_Conductivity",53.752,"mS/cm",25.8234,-80.1232,NA
"406",9806,"MiamiBeach","68","2020-04-14","Specific_Conductivity",54.723,"mS/cm",25.8549,-80.1374,NA
"407",9807,"MiamiBeach","56","2020-05-25","Specific_Conductivity",55.782,"mS/cm",25.7917,-80.1451,NA
"408",9808,"MiamiBeach","71","2020-04-14","Specific_Conductivity",54.691,"mS/cm",25.867,-80.1243,NA
"409",9809,"MiamiBeach","66","2020-04-14","Specific_Conductivity",53.052,"mS/cm",25.8234,-80.1232,NA
"410",9810,"MiamiBeach","22","2020-04-15","Specific_Conductivity",54.136,"mS/cm",25.7942,-80.1628,NA
"411",9811,"MiamiBeach","9","2020-04-15","Specific_Conductivity",50.6,"mS/cm",25.8002,-80.1278,NA
"412",9812,"MiamiBeach","78","2020-11-15","Specific_Conductivity",2.831,"mS/cm",25.8499,-80.1367,NA
"413",9813,"MiamiBeach","17","2020-11-15","Specific_Conductivity",46.273,"mS/cm",25.8052,-80.1268,NA
"414",9814,"MiamiBeach","74","2020-11-16","Specific_Conductivity",49.126,"mS/cm",25.7806,-80.1618,NA
"415",9815,"MiamiBeach","17","2020-07-29","Specific_Conductivity",43.261,"mS/cm",25.8052,-80.1268,NA
"416",9816,"MiamiBeach","52","2020-11-16","Specific_Conductivity",52.575,"mS/cm",25.7804,-80.1432,NA
"417",9817,"MiamiBeach","9","2020-07-30","Specific_Conductivity",44.261,"mS/cm",25.8002,-80.1278,NA
"418",9818,"MiamiBeach","79","2020-07-30","Specific_Conductivity",1.305,"mS/cm",25.8531,-80.1295,NA
"419",9819,"MiamiBeach","9","2020-02-12","Specific_Conductivity",51.956,"mS/cm",25.8002,-80.1278,NA
"420",9820,"MiamiBeach","52","2020-05-27","Specific_Conductivity",41.008,"mS/cm",25.7804,-80.1432,NA
"421",9821,"MiamiBeach","38","2020-08-13","Specific_Conductivity",46.884,"mS/cm",25.7775,-80.1562,NA
"422",9822,"MiamiBeach","18","2020-03-07","Specific_Conductivity",52.032,"mS/cm",25.8075,-80.1251,NA
"423",9823,"MiamiBeach","27","2020-01-17","Specific_Conductivity",52.103,"mS/cm",25.7878,-80.155,NA
"424",9824,"MiamiBeach","78","2020-06-16","Specific_Conductivity",1.615,"mS/cm",25.8499,-80.1367,NA
"425",9825,"MiamiBeach","4","2020-08-18","Specific_Conductivity",52.815,"mS/cm",25.8463,-80.1282,NA
"426",9826,"MiamiBeach","18","2020-04-19","Specific_Conductivity",52.828,"mS/cm",25.8075,-80.1251,NA
"427",9827,"MiamiBeach","18","2020-11-15","Specific_Conductivity",52.9,"mS/cm",25.8075,-80.1251,NA
"428",9828,"MiamiBeach","56","2020-05-16","Specific_Conductivity",52.958,"mS/cm",25.7917,-80.1451,NA
"429",9829,"MiamiBeach","46","2020-11-09","Specific_Conductivity",52.99,"mS/cm",25.767,-80.1371,NA
"430",9830,"MiamiBeach","16","2020-04-18","Specific_Conductivity",53.307,"mS/cm",25.8051,-80.1269,NA
"431",9831,"MiamiBeach","52","2020-02-09","Specific_Conductivity",53.37,"mS/cm",25.7804,-80.1432,NA
"432",9832,"MiamiBeach","19","2020-04-19","Specific_Conductivity",53.489,"mS/cm",25.8134,-80.1246,NA
"433",9833,"MiamiBeach","18","2020-08-17","Specific_Conductivity",2.051,"mS/cm",25.8075,-80.1251,NA
"434",9834,"MiamiBeach","27","2020-11-14","Specific_Conductivity",22.6,"mS/cm",25.7878,-80.155,NA
"435",9835,"MiamiBeach","4","2020-01-18","Specific_Conductivity",22.7,"mS/cm",25.8463,-80.1282,NA
"436",9836,"MiamiBeach","21","2020-11-14","Specific_Conductivity",22.8,"mS/cm",25.7933,-80.1629,NA
"437",9837,"MiamiBeach","28","2020-11-14","Specific_Conductivity",23,"mS/cm",25.7874,-80.155,NA
"438",9838,"MiamiBeach","40","2020-09-12","Specific_Conductivity",23.6,"mS/cm",25.7813,-80.1552,NA
"439",9839,"MiamiBeach","78","2020-03-17","Specific_Conductivity",14.135,"mS/cm",25.8499,-80.1367,NA
"440",9840,"MiamiBeach","83","2020-06-17","Specific_Conductivity",45.974,"mS/cm",25.840485,-80.132921,NA
"441",9841,"MiamiBeach","42","2020-06-17","Specific_Conductivity",52.282,"mS/cm",25.8015,-80.1401,NA
"442",9842,"MiamiBeach","48","2020-06-18","Specific_Conductivity",48.846,"mS/cm",25.7741,-80.1419,NA
"443",9843,"MiamiBeach","69","2020-03-17","Specific_Conductivity",54.6,"mS/cm",25.8586,-80.1259,NA
"444",9844,"MiamiBeach","66","2020-03-17","Specific_Conductivity",52.655,"mS/cm",25.8234,-80.1232,NA
"445",9845,"MiamiBeach","19","2020-09-22","Specific_Conductivity",45.711,"mS/cm",25.8134,-80.1246,NA
"446",9846,"MiamiBeach","34","2020-12-20","Specific_Conductivity",49.501,"mS/cm",25.7858,-80.1656,NA
"447",9847,"MiamiBeach","52","2020-12-20","Specific_Conductivity",52.576,"mS/cm",25.7804,-80.1432,NA
"448",9848,"MiamiBeach","47","2020-09-23","Specific_Conductivity",48.782,"mS/cm",25.7741,-80.1418,NA
"449",9849,"MiamiBeach","74","2020-09-23","Specific_Conductivity",18.264,"mS/cm",25.7806,-80.1618,NA
"450",9850,"MiamiBeach","42","2020-09-23","Specific_Conductivity",47.967,"mS/cm",25.8015,-80.1401,NA
"451",9851,"MiamiBeach","9","2020-09-23","Specific_Conductivity",47.772,"mS/cm",25.8002,-80.1278,NA
"452",9852,"MiamiBeach","4","2020-05-12","Specific_Conductivity",56.025,"mS/cm",25.8463,-80.1282,NA
"453",9853,"MiamiBeach","36","2020-01-11","Specific_Conductivity",47.345,"mS/cm",25.7825,-80.1682,NA
"454",9854,"MiamiBeach","34","2020-01-11","Specific_Conductivity",477.373,"mS/cm",25.7858,-80.1656,NA
"455",9855,"MiamiBeach","30","2020-01-11","Specific_Conductivity",43.973,"mS/cm",25.7876,-80.1576,NA
"456",9856,"MiamiBeach","26","2020-01-11","Specific_Conductivity",47.937,"mS/cm",25.7949,-80.1553,NA
"457",9857,"MiamiBeach","42","2020-05-27","Specific_Conductivity",42.605,"mS/cm",25.8015,-80.1401,NA
"458",9858,"MiamiBeach","34","2020-02-13","Specific_Conductivity",43.774,"mS/cm",25.7858,-80.1656,NA
"459",9859,"MiamiBeach","33","2020-02-13","Specific_Conductivity",46.773,"mS/cm",25.7852,-80.1653,NA
"460",9860,"MiamiBeach","66","2020-10-13","Specific_Conductivity",41.687,"mS/cm",25.8234,-80.1232,NA
"461",9861,"MiamiBeach","36","2020-10-03","Specific_Conductivity",16.27,"mS/cm",25.7825,-80.1682,NA
"462",9862,"MiamiBeach","25","2020-10-03","Specific_Conductivity",16.58,"mS/cm",25.7943,-80.1553,NA
"463",9863,"MiamiBeach","54","2020-10-13","Specific_Conductivity",42.632,"mS/cm",25.7965,-80.1425,NA
"464",9864,"MiamiBeach","31","2020-11-14","Specific_Conductivity",24,"mS/cm",25.788,-80.1627,NA
"465",9865,"MiamiBeach","56","2020-12-14","Specific_Conductivity",27.146,"mS/cm",25.7917,-80.1451,NA
"466",9866,"MiamiBeach","2","2020-11-15","Specific_Conductivity",41.3,"mS/cm",25.8167,-80.139,NA
"467",9867,"MiamiBeach","22","2020-10-15","Specific_Conductivity",45.243,"mS/cm",25.7942,-80.1628,NA
"468",9868,"MiamiBeach","9","2020-10-15","Specific_Conductivity",43.103,"mS/cm",25.8002,-80.1278,NA
"469",9869,"MiamiBeach","29","2020-05-29","Specific_Conductivity",42.451,"mS/cm",25.7876,-80.1577,NA
"470",9870,"MiamiBeach","38","2020-05-29","Specific_Conductivity",42.875,"mS/cm",25.7775,-80.1562,NA
"471",9871,"MiamiBeach","9","2020-08-26","Specific_Conductivity",43.008,"mS/cm",25.8002,-80.1278,NA
"472",9872,"MiamiBeach","2","2020-12-14","Specific_Conductivity",44.805,"mS/cm",25.8167,-80.139,NA
"473",9873,"MiamiBeach","67","2020-12-22","Specific_Conductivity",49.542,"mS/cm",25.8388,-80.1225,NA
"474",9874,"MiamiBeach","68","2020-11-18","Specific_Conductivity",37.763,"mS/cm",25.8549,-80.1374,NA
"475",9875,"MiamiBeach","19","2020-06-23","Specific_Conductivity",45.06,"mS/cm",25.8134,-80.1246,NA
"476",9876,"MiamiBeach","59","2020-10-24","Specific_Conductivity",45.41,"mS/cm",25.7933,-80.1451,NA
"477",9877,"MiamiBeach","16","2020-01-10","Specific_Conductivity",45.983,"mS/cm",25.8051,-80.1269,NA
"478",9878,"MiamiBeach","4","2020-11-08","Specific_Conductivity",45.99,"mS/cm",25.8463,-80.1282,NA
"479",9879,"MiamiBeach","54","2020-09-20","Specific_Conductivity",46.07,"mS/cm",25.7965,-80.1425,NA
"480",9880,"MiamiBeach","4","2020-09-18","Specific_Conductivity",46.096,"mS/cm",25.8463,-80.1282,NA
"481",9881,"MiamiBeach","33","2020-12-13","Specific_Conductivity",46.13,"mS/cm",25.7852,-80.1653,NA
"482",9882,"MiamiBeach","66","2020-11-18","Specific_Conductivity",38.806,"mS/cm",25.8234,-80.1232,NA
"483",9883,"MiamiBeach","19","2020-12-14","Specific_Conductivity",46.228,"mS/cm",25.8134,-80.1246,NA
"484",9884,"MiamiBeach","63","2020-10-27","Specific_Conductivity",47.12,"mS/cm",25.781,-80.1616,NA
"485",9885,"MiamiBeach","17","2020-11-18","Specific_Conductivity",37.008,"mS/cm",25.8052,-80.1268,NA
"486",9886,"MiamiBeach","38","2020-09-12","Specific_Conductivity",47.3,"mS/cm",25.7775,-80.1562,NA
"487",9887,"MiamiBeach","4","2020-10-04","Specific_Conductivity",47.3,"mS/cm",25.8463,-80.1282,NA
"488",9888,"MiamiBeach","38","2020-07-28","Specific_Conductivity",47.6,"mS/cm",25.7775,-80.1562,NA
"489",9889,"MiamiBeach","26","2020-09-21","Specific_Conductivity",47.66,"mS/cm",25.7949,-80.1553,NA
"490",9890,"MiamiBeach","34","2020-05-04","Specific_Conductivity",34.554,"mS/cm",25.7858,-80.1656,NA
"491",9891,"MiamiBeach","9","2020-05-04","Specific_Conductivity",47.377,"mS/cm",25.8002,-80.1278,NA
"492",9892,"MiamiBeach","71","2020-12-21","Specific_Conductivity",42.437,"mS/cm",25.867,-80.1243,NA
"493",9893,"MiamiBeach","56","2020-06-23","Specific_Conductivity",47.591,"mS/cm",25.7917,-80.1451,NA
"494",9894,"MiamiBeach","63","2020-06-29","Specific_Conductivity",48.215,"mS/cm",25.781,-80.1616,NA
"495",9895,"MiamiBeach","16","2020-02-14","Specific_Conductivity",44.372,"mS/cm",25.8051,-80.1269,NA
"496",9896,"MiamiBeach","69","2020-05-20","Specific_Conductivity",57.304,"mS/cm",25.8586,-80.1259,NA
"497",9897,"MiamiBeach","67","2020-05-20","Specific_Conductivity",56.337,"mS/cm",25.8388,-80.1225,NA
"498",9898,"MiamiBeach","4","2020-07-29","Specific_Conductivity",38.891,"mS/cm",25.8463,-80.1282,NA
"499",9899,"MiamiBeach","68","2020-07-29","Specific_Conductivity",38.208,"mS/cm",25.8549,-80.1374,NA
"500",9900,"MiamiBeach","46","2020-12-22","Specific_Conductivity",44.885,"mS/cm",25.767,-80.1371,NA
"501",9901,"MiamiBeach","21","2020-10-03","Specific_Conductivity",16.9,"mS/cm",25.7933,-80.1629,NA
"502",9902,"MiamiBeach","16","2020-01-18","Specific_Conductivity",22,"mS/cm",25.8051,-80.1269,NA
"503",9903,"MiamiBeach","35","2020-08-16","Specific_Conductivity",38.612,"mS/cm",25.7823,-80.168,NA
"504",9904,"MiamiBeach","9","2020-10-04","Specific_Conductivity",40.1,"mS/cm",25.8002,-80.1278,NA
"505",9905,"MiamiBeach","28","2020-08-16","Specific_Conductivity",43.723,"mS/cm",25.7874,-80.155,NA
"506",9906,"MiamiBeach","16","2020-08-26","Specific_Conductivity",44.194,"mS/cm",25.8051,-80.1269,NA
"507",9907,"MiamiBeach","46","2020-05-29","Specific_Conductivity",45.425,"mS/cm",25.767,-80.1371,NA
"508",9908,"MiamiBeach","23","2020-09-20","Specific_Conductivity",45.484,"mS/cm",25.7954,-80.1592,NA
"509",9909,"MiamiBeach","17","2020-10-31","Specific_Conductivity",45.509,"mS/cm",25.8052,-80.1268,NA
"510",9910,"MiamiBeach","21","2020-09-20","Specific_Conductivity",45.551,"mS/cm",25.7933,-80.1629,NA
"511",9911,"MiamiBeach","79","2020-12-22","Specific_Conductivity",1.014,"mS/cm",25.8531,-80.1295,NA
"512",9912,"MiamiBeach","18","2020-12-20","Specific_Conductivity",45.71,"mS/cm",25.8075,-80.1251,NA
"513",9913,"MiamiBeach","30","2020-09-12","Specific_Conductivity",46.7,"mS/cm",25.7876,-80.1576,NA
"514",9914,"MiamiBeach","31","2020-09-20","Specific_Conductivity",46.84,"mS/cm",25.788,-80.1627,NA
"515",9915,"MiamiBeach","78","2020-01-28","Specific_Conductivity",7.355,"mS/cm",25.8499,-80.1367,NA
"516",9916,"MiamiBeach","9","2020-11-27","Specific_Conductivity",46.858,"mS/cm",25.8002,-80.1278,NA
"517",9917,"MiamiBeach","25","2020-09-21","Specific_Conductivity",47.73,"mS/cm",25.7943,-80.1553,NA
"518",9918,"MiamiBeach","46","2020-07-28","Specific_Conductivity",47.8,"mS/cm",25.767,-80.1371,NA
"519",9919,"MiamiBeach","47","2020-05-21","Specific_Conductivity",56.964,"mS/cm",25.7741,-80.1418,NA
"520",9920,"MiamiBeach","42","2020-01-28","Specific_Conductivity",49.402,"mS/cm",25.8015,-80.1401,NA
"521",9921,"MiamiBeach","25","2020-03-16","Specific_Conductivity",48.1,"mS/cm",25.7943,-80.1553,NA
"522",9922,"MiamiBeach","69","2020-12-23","Specific_Conductivity",15.542,"mS/cm",25.8586,-80.1259,NA
"523",9923,"MiamiBeach","47","2020-08-16","Specific_Conductivity",48.45,"mS/cm",25.7741,-80.1418,NA
"524",9924,"MiamiBeach","19","2020-08-04","Specific_Conductivity",48.779,"mS/cm",25.8134,-80.1246,NA
"525",9925,"MiamiBeach","19","2020-12-23","Specific_Conductivity",22.285,"mS/cm",25.8134,-80.1246,NA
"526",9926,"MiamiBeach","32","2020-09-21","Specific_Conductivity",48.82,"mS/cm",25.7876,-80.1626,NA
"527",9927,"MiamiBeach","54","2020-12-14","Specific_Conductivity",48.933,"mS/cm",25.7965,-80.1425,NA
"528",9928,"MiamiBeach","23","2020-03-16","Specific_Conductivity",49,"mS/cm",25.7954,-80.1592,NA
"529",9929,"MiamiBeach","29","2020-12-19","Specific_Conductivity",49.31,"mS/cm",25.7876,-80.1577,NA
"530",9930,"MiamiBeach","52","2020-08-16","Specific_Conductivity",49.343,"mS/cm",25.7804,-80.1432,NA
"531",9931,"MiamiBeach","37","2020-09-20","Specific_Conductivity",47.89,"mS/cm",25.7776,-80.1565,NA
"532",9932,"MiamiBeach","26","2020-09-23","Specific_Conductivity",48.5,"mS/cm",25.7949,-80.1553,NA
"533",9933,"MiamiBeach","2","2020-12-20","Specific_Conductivity",48.59,"mS/cm",25.8167,-80.139,NA
"534",9934,"MiamiBeach","26","2020-11-09","Specific_Conductivity",49.49,"mS/cm",25.7949,-80.1553,NA
"535",9935,"MiamiBeach","60","2020-12-19","Specific_Conductivity",49.51,"mS/cm",25.7933,-80.1453,NA
"536",9936,"MiamiBeach","39","2020-12-13","Specific_Conductivity",49.542,"mS/cm",25.7813,-80.1556,NA
"537",9937,"MiamiBeach","19","2020-08-11","Specific_Conductivity",49.564,"mS/cm",25.8134,-80.1246,NA
"538",9938,"MiamiBeach","56","2020-07-27","Specific_Conductivity",49.6,"mS/cm",25.7917,-80.1451,NA
"539",9939,"MiamiBeach","48","2020-01-11","Specific_Conductivity",49.67,"mS/cm",25.7741,-80.1419,NA
"540",9940,"MiamiBeach","24","2020-02-23","Specific_Conductivity",50.119,"mS/cm",25.796,-80.159,NA
"541",9941,"MiamiBeach","30","2020-10-30","Specific_Conductivity",50.17,"mS/cm",25.7876,-80.1576,NA
"542",9942,"MiamiBeach","42","2020-10-04","Specific_Conductivity",50.2,"mS/cm",25.8015,-80.1401,NA
"543",9943,"MiamiBeach","46","2020-07-30","Specific_Conductivity",50.343,"mS/cm",25.767,-80.1371,NA
"544",9944,"MiamiBeach","17","2020-03-29","Specific_Conductivity",49.948,"mS/cm",25.8052,-80.1268,NA
"545",9945,"MiamiBeach","47","2020-01-11","Specific_Conductivity",50.407,"mS/cm",25.7741,-80.1418,NA
"546",9946,"MiamiBeach","47","2020-10-30","Specific_Conductivity",50.432,"mS/cm",25.7741,-80.1418,NA
"547",9947,"MiamiBeach","56","2020-10-31","Specific_Conductivity",50.477,"mS/cm",25.7917,-80.1451,NA
"548",9948,"MiamiBeach","62","2020-05-18","Specific_Conductivity",50.52,"mS/cm",25.7808,-80.1617,NA
"549",9949,"MiamiBeach","46","2020-10-27","Specific_Conductivity",50.61,"mS/cm",25.767,-80.1371,NA
"550",9950,"MiamiBeach","9","2020-12-23","Specific_Conductivity",20.243,"mS/cm",25.8002,-80.1278,NA
"551",9951,"MiamiBeach","46","2020-12-24","Specific_Conductivity",33.165,"mS/cm",25.767,-80.1371,NA
"552",9952,"MiamiBeach","33","2020-01-11","Specific_Conductivity",48.733,"mS/cm",25.7852,-80.1653,NA
"553",9953,"MiamiBeach","29","2020-12-13","Specific_Conductivity",49.185,"mS/cm",25.7876,-80.1577,NA
"554",9954,"MiamiBeach","42","2020-11-26","Specific_Conductivity",49.19,"mS/cm",25.8015,-80.1401,NA
"555",9955,"MiamiBeach","63","2020-10-30","Specific_Conductivity",49.23,"mS/cm",25.781,-80.1616,NA
"556",9956,"MiamiBeach","24","2020-11-27","Specific_Conductivity",49.821,"mS/cm",25.796,-80.159,NA
"557",9957,"MiamiBeach","22","2020-11-27","Specific_Conductivity",49.955,"mS/cm",25.7942,-80.1628,NA
"558",9958,"MiamiBeach","34","2020-02-23","Specific_Conductivity",50.027,"mS/cm",25.7858,-80.1656,NA
"559",9959,"MiamiBeach","60","2020-10-31","Specific_Conductivity",50.028,"mS/cm",25.7933,-80.1453,NA
"560",9960,"MiamiBeach","9","2020-02-23","Specific_Conductivity",50.1,"mS/cm",25.8002,-80.1278,NA
"561",9961,"MiamiBeach","39","2020-11-27","Specific_Conductivity",50.686,"mS/cm",25.7813,-80.1556,NA
"562",9962,"MiamiBeach","29","2020-11-27","Specific_Conductivity",50.729,"mS/cm",25.7876,-80.1577,NA
"563",9963,"MiamiBeach","45","2020-10-04","Specific_Conductivity",51,"mS/cm",25.767,-80.137,NA
"564",9964,"MiamiBeach","45","2020-11-09","Specific_Conductivity",51.05,"mS/cm",25.767,-80.137,NA
"565",9965,"MiamiBeach","36","2020-01-17","Specific_Conductivity",51.064,"mS/cm",25.7825,-80.1682,NA
"566",9966,"MiamiBeach","26","2020-01-17","Specific_Conductivity",51.578,"mS/cm",25.7949,-80.1553,NA
"567",9967,"MiamiBeach","40","2020-01-17","Specific_Conductivity",51.605,"mS/cm",25.7813,-80.1552,NA
"568",9968,"MiamiBeach","35","2020-09-23","Specific_Conductivity",51.8,"mS/cm",25.7823,-80.168,NA
"569",9969,"MiamiBeach","78","2020-07-14","Specific_Conductivity",40.23,"mS/cm",25.8499,-80.1367,NA
"570",9970,"MiamiBeach","68","2020-07-14","Specific_Conductivity",36.35,"mS/cm",25.8549,-80.1374,NA
"571",9971,"MiamiBeach","39","2020-12-19","Specific_Conductivity",50.78,"mS/cm",25.7813,-80.1556,NA
"572",9972,"MiamiBeach","40","2020-02-23","Specific_Conductivity",50.799,"mS/cm",25.7813,-80.1552,NA
"573",9973,"MiamiBeach","60","2020-11-26","Specific_Conductivity",50.804,"mS/cm",25.7933,-80.1453,NA
"574",9974,"MiamiBeach","22","2020-06-22","Specific_Conductivity",50.841,"mS/cm",25.7942,-80.1628,NA
"575",9975,"MiamiBeach","62","2020-06-22","Specific_Conductivity",51.26,"mS/cm",25.7808,-80.1617,NA
"576",9976,"MiamiBeach","31","2020-01-17","Specific_Conductivity",51.411,"mS/cm",25.788,-80.1627,NA
"577",9977,"MiamiBeach","47","2020-10-27","Specific_Conductivity",51.43,"mS/cm",25.7741,-80.1418,NA
"578",9978,"MiamiBeach","25","2020-06-22","Specific_Conductivity",52.324,"mS/cm",25.7943,-80.1553,NA
"579",9979,"MiamiBeach","47","2020-12-13","Specific_Conductivity",52.509,"mS/cm",25.7741,-80.1418,NA
"580",9980,"MiamiBeach","28","2020-08-15","Specific_Conductivity",52.546,"mS/cm",25.7874,-80.155,NA
"581",9981,"MiamiBeach","46","2020-12-13","Specific_Conductivity",52.619,"mS/cm",25.767,-80.1371,NA
"582",9982,"MiamiBeach","47","2020-10-04","Specific_Conductivity",52.7,"mS/cm",25.7741,-80.1418,NA
"583",9983,"MiamiBeach","62","2020-03-08","Specific_Conductivity",53.553,"mS/cm",25.7808,-80.1617,NA
"584",9984,"MiamiBeach","23","2020-03-08","Specific_Conductivity",53.606,"mS/cm",25.7954,-80.1592,NA
"585",9985,"MiamiBeach","34","2020-02-09","Specific_Conductivity",53.788,"mS/cm",25.7858,-80.1656,NA
"586",9986,"MiamiBeach","39","2020-03-08","Specific_Conductivity",53.828,"mS/cm",25.7813,-80.1556,NA
"587",9987,"MiamiBeach","36","2020-03-27","Specific_Conductivity",49.356,"mS/cm",25.7825,-80.1682,NA
"588",9988,"MiamiBeach","40","2020-03-27","Specific_Conductivity",47.762,"mS/cm",25.7813,-80.1552,NA
"589",9989,"MiamiBeach","29","2020-03-27","Specific_Conductivity",48.732,"mS/cm",25.7876,-80.1577,NA
"590",9990,"MiamiBeach","19","2020-08-17","Specific_Conductivity",4.327,"mS/cm",25.8134,-80.1246,NA
"591",9991,"MiamiBeach","71","2020-08-14","Specific_Conductivity",48.802,"mS/cm",25.867,-80.1243,NA
"592",9992,"MiamiBeach","45","2020-06-22","Specific_Conductivity",57.788,"mS/cm",25.767,-80.137,NA
"593",9993,"MiamiBeach","42","2020-08-14","Specific_Conductivity",46.703,"mS/cm",25.8015,-80.1401,NA
"594",9994,"MiamiBeach","32","2020-05-18","Specific_Conductivity",59.58,"mS/cm",25.7876,-80.1626,NA
"595",9995,"MiamiBeach","71","2020-05-25","Specific_Conductivity",55.494,"mS/cm",25.867,-80.1243,NA
"596",9996,"MiamiBeach","63","2020-09-23","Specific_Conductivity",48.195,"mS/cm",25.781,-80.1616,NA
"597",9997,"MiamiBeach","17","2020-05-16","Specific_Conductivity",44.874,"mS/cm",25.8052,-80.1268,NA
"598",9998,"MiamiBeach","78","2020-10-13","Specific_Conductivity",0.361,"mS/cm",25.8499,-80.1367,NA
"599",9999,"MiamiBeach","71","2020-10-13","Specific_Conductivity",38.132,"mS/cm",25.867,-80.1243,NA
"600",10000,"MiamiBeach","47","2020-03-30","Specific_Conductivity",54.357,"mS/cm",25.7741,-80.1418,NA
"601",10001,"MiamiBeach","23","2020-04-18","Specific_Conductivity",55.096,"mS/cm",25.7954,-80.1592,NA
"602",10002,"MiamiBeach","37","2020-07-19","Specific_Conductivity",44.388,"mS/cm",25.7776,-80.1565,NA
"603",10003,"MiamiBeach","31","2020-04-18","Specific_Conductivity",55.261,"mS/cm",25.788,-80.1627,NA
"604",10004,"MiamiBeach","63","2020-08-15","Specific_Conductivity",55.411,"mS/cm",25.781,-80.1616,NA
"605",10005,"MiamiBeach","59","2020-04-18","Specific_Conductivity",55.78,"mS/cm",25.7933,-80.1451,NA
"606",10006,"MiamiBeach","79","2020-05-27","Specific_Conductivity",1.347,"mS/cm",25.8531,-80.1295,NA
"607",10007,"MiamiBeach","29","2020-05-30","Specific_Conductivity",56.47,"mS/cm",25.7876,-80.1577,NA
"608",10008,"MiamiBeach","9","2020-03-30","Specific_Conductivity",51.732,"mS/cm",25.8002,-80.1278,NA
"609",10009,"MiamiBeach","2","2020-05-12","Specific_Conductivity",57.448,"mS/cm",25.8167,-80.139,NA
"610",10010,"MiamiBeach","71","2020-04-30","Specific_Conductivity",51.577,"mS/cm",25.867,-80.1243,NA
"611",10011,"MiamiBeach","42","2020-06-21","Specific_Conductivity",51.994,"mS/cm",25.8015,-80.1401,NA
"612",10012,"MiamiBeach","28","2020-11-27","Specific_Conductivity",52.039,"mS/cm",25.7874,-80.155,NA
"613",10013,"MiamiBeach","46","2020-10-15","Specific_Conductivity",52.007,"mS/cm",25.767,-80.1371,NA
"614",10014,"MiamiBeach","39","2020-11-14","Specific_Conductivity",25.1,"mS/cm",25.7813,-80.1556,NA
"615",10015,"MiamiBeach","23","2020-05-29","Specific_Conductivity",41.587,"mS/cm",25.7954,-80.1592,NA
"616",10016,"MiamiBeach","18","2020-09-01","Specific_Conductivity",41.619,"mS/cm",25.8075,-80.1251,NA
"617",10017,"MiamiBeach","36","2020-05-29","Specific_Conductivity",41.978,"mS/cm",25.7825,-80.1682,NA
"618",10018,"MiamiBeach","67","2020-04-30","Specific_Conductivity",48.832,"mS/cm",25.8388,-80.1225,NA
"619",10019,"MiamiBeach","19","2020-04-30","Specific_Conductivity",48.717,"mS/cm",25.8134,-80.1246,NA
"620",10020,"MiamiBeach","40","2020-05-18","Specific_Conductivity",59.636,"mS/cm",25.7813,-80.1552,NA
"621",10021,"MiamiBeach","22","2020-05-18","Specific_Conductivity",59.714,"mS/cm",25.7942,-80.1628,NA
"622",10022,"MiamiBeach","48","2020-12-19","Specific_Conductivity",52.16,"mS/cm",25.7741,-80.1419,NA
"623",10023,"MiamiBeach","60","2020-05-16","Specific_Conductivity",52.854,"mS/cm",25.7933,-80.1453,NA
"624",10024,"MiamiBeach","46","2020-01-17","Specific_Conductivity",52.899,"mS/cm",25.767,-80.1371,NA
"625",10025,"MiamiBeach","48","2020-11-09","Specific_Conductivity",53.15,"mS/cm",25.7741,-80.1419,NA
"626",10026,"MiamiBeach","21","2020-08-15","Specific_Conductivity",53.321,"mS/cm",25.7933,-80.1629,NA
"627",10027,"MiamiBeach","59","2020-11-17","Specific_Conductivity",59.1,"mS/cm",25.7933,-80.1451,NA
"628",10028,"MiamiBeach","2","2020-08-18","Specific_Conductivity",54.116,"mS/cm",25.8167,-80.139,NA
"629",10029,"MiamiBeach","46","2020-02-09","Specific_Conductivity",54.506,"mS/cm",25.767,-80.1371,NA
"630",10030,"MiamiBeach","22","2020-06-13","Specific_Conductivity",44.736,"mS/cm",25.7942,-80.1628,NA
"631",10031,"MiamiBeach","79","2020-07-15","Specific_Conductivity",13.75,"mS/cm",25.8531,-80.1295,NA
"632",10032,"MiamiBeach","33","2020-05-18","Specific_Conductivity",59.834,"mS/cm",25.7852,-80.1653,NA
"633",10033,"MiamiBeach","24","2020-03-08","Specific_Conductivity",53.404,"mS/cm",25.796,-80.159,NA
"634",10034,"MiamiBeach","52","2020-12-19","Specific_Conductivity",53.42,"mS/cm",25.7804,-80.1432,NA
"635",10035,"MiamiBeach","32","2020-06-18","Specific_Conductivity",49.289,"mS/cm",25.7876,-80.1626,NA
"636",10036,"MiamiBeach","34","2020-05-29","Specific_Conductivity",42.337,"mS/cm",25.7858,-80.1656,NA
"637",10037,"MiamiBeach","17","2020-11-08","Specific_Conductivity",42.41,"mS/cm",25.8052,-80.1268,NA
"638",10038,"MiamiBeach","9","2020-09-21","Specific_Conductivity",43.05,"mS/cm",25.8002,-80.1278,NA
"639",10039,"MiamiBeach","19","2020-09-20","Specific_Conductivity",43.21,"mS/cm",25.8134,-80.1246,NA
"640",10040,"MiamiBeach","30","2020-08-16","Specific_Conductivity",44.761,"mS/cm",25.7876,-80.1576,NA
"641",10041,"MiamiBeach","46","2020-05-18","Specific_Conductivity",60.37,"mS/cm",25.767,-80.1371,NA
"642",10042,"MiamiBeach","38","2020-06-20","Specific_Conductivity",42.736,"mS/cm",25.7775,-80.1562,NA
"643",10043,"MiamiBeach","38","2020-03-18","Specific_Conductivity",54.66,"mS/cm",25.7775,-80.1562,NA
"644",10044,"MiamiBeach","9","2020-08-04","Specific_Conductivity",44.995,"mS/cm",25.8002,-80.1278,NA
"645",10045,"MiamiBeach","31","2020-07-28","Specific_Conductivity",45.9,"mS/cm",25.788,-80.1627,NA
"646",10046,"MiamiBeach","32","2020-09-12","Specific_Conductivity",46.1,"mS/cm",25.7876,-80.1626,NA
"647",10047,"MiamiBeach","42","2020-04-30","Specific_Conductivity",50.866,"mS/cm",25.8015,-80.1401,NA
"648",10048,"MiamiBeach","47","2020-05-04","Specific_Conductivity",51.592,"mS/cm",25.7741,-80.1418,NA
"649",10049,"MiamiBeach","19","2020-11-18","Specific_Conductivity",36.501,"mS/cm",25.8134,-80.1246,NA
"650",10050,"MiamiBeach","29","2020-09-20","Specific_Conductivity",46.294,"mS/cm",25.7876,-80.1577,NA
"651",10051,"MiamiBeach","24","2020-09-20","Specific_Conductivity",46.362,"mS/cm",25.796,-80.159,NA
"652",10052,"MiamiBeach","4","2020-12-21","Specific_Conductivity",40.412,"mS/cm",25.8463,-80.1282,NA
"653",10053,"MiamiBeach","54","2020-12-21","Specific_Conductivity",44.078,"mS/cm",25.7965,-80.1425,NA
"654",10054,"MiamiBeach","52","2020-12-22","Specific_Conductivity",43.829,"mS/cm",25.7804,-80.1432,NA
"655",10055,"MiamiBeach","60","2020-06-17","Specific_Conductivity",52.289,"mS/cm",25.7933,-80.1453,NA
"656",10056,"MiamiBeach","22","2020-12-22","Specific_Conductivity",44.486,"mS/cm",25.7942,-80.1628,NA
"657",10057,"MiamiBeach","66","2020-01-28","Specific_Conductivity",48.976,"mS/cm",25.8234,-80.1232,NA
"658",10058,"MiamiBeach","38","2020-05-21","Specific_Conductivity",56.466,"mS/cm",25.7775,-80.1562,NA
"659",10059,"MiamiBeach","74","2020-03-18","Specific_Conductivity",54.82,"mS/cm",25.7806,-80.1618,NA
"660",10060,"MiamiBeach","34","2020-03-18","Specific_Conductivity",54.335,"mS/cm",25.7858,-80.1656,NA
"661",10061,"MiamiBeach","22","2020-03-18","Specific_Conductivity",54.506,"mS/cm",25.7942,-80.1628,NA
"662",10062,"MiamiBeach","24","2020-07-18","Specific_Conductivity",41.879,"mS/cm",25.796,-80.159,NA
"663",10063,"MiamiBeach","18","2020-06-19","Specific_Conductivity",45.774,"mS/cm",25.8075,-80.1251,NA
"664",10064,"MiamiBeach","54","2020-06-19","Specific_Conductivity",49.671,"mS/cm",25.7965,-80.1425,NA
"665",10065,"MiamiBeach","22","2020-06-17","Specific_Conductivity",52.801,"mS/cm",25.7942,-80.1628,NA
"666",10066,"MiamiBeach","46","2020-05-21","Specific_Conductivity",56.893,"mS/cm",25.767,-80.1371,NA
"667",10067,"MiamiBeach","82","2020-05-25","Specific_Conductivity",52.239,"mS/cm",25.840485,-80.132921,NA
"668",10068,"MiamiBeach","16","2020-09-14","Specific_Conductivity",48.1,"mS/cm",25.8051,-80.1269,NA
"669",10069,"MiamiBeach","23","2020-09-23","Specific_Conductivity",48.1,"mS/cm",25.7954,-80.1592,NA
"670",10070,"MiamiBeach","60","2020-07-27","Specific_Conductivity",48.1,"mS/cm",25.7933,-80.1453,NA
"671",10071,"MiamiBeach","33","2020-01-11","Specific_Conductivity",48.362,"mS/cm",25.7852,-80.1653,NA
"672",10072,"MiamiBeach","9","2020-01-29","Specific_Conductivity",48.523,"mS/cm",25.8002,-80.1278,NA
"673",10073,"MiamiBeach","45","2020-10-27","Specific_Conductivity",48.13,"mS/cm",25.767,-80.137,NA
"674",10074,"MiamiBeach","48","2020-08-16","Specific_Conductivity",48.151,"mS/cm",25.7741,-80.1419,NA
"675",10075,"MiamiBeach","22","2020-09-21","Specific_Conductivity",48.24,"mS/cm",25.7942,-80.1628,NA
"676",10076,"MiamiBeach","42","2020-08-15","Specific_Conductivity",48.265,"mS/cm",25.8015,-80.1401,NA
"677",10077,"MiamiBeach","48","2020-09-20","Specific_Conductivity",48.293,"mS/cm",25.7741,-80.1419,NA
"678",10078,"MiamiBeach","61","2020-12-20","Specific_Conductivity",48.35,"mS/cm",25.8262,-80.134,NA
"679",10079,"MiamiBeach","19","2020-08-16","Specific_Conductivity",45.57,"mS/cm",25.8134,-80.1246,NA
"680",10080,"MiamiBeach","42","2020-08-18","Specific_Conductivity",54.91,"mS/cm",25.8015,-80.1401,NA
"681",10081,"MiamiBeach","19","2020-09-14","Specific_Conductivity",48.4,"mS/cm",25.8134,-80.1246,NA
"682",10082,"MiamiBeach","59","2020-09-20","Specific_Conductivity",48.4,"mS/cm",25.7933,-80.1451,NA
"683",10083,"MiamiBeach","37","2020-12-13","Specific_Conductivity",48.446,"mS/cm",25.7776,-80.1565,NA
"684",10084,"MiamiBeach","60","2020-01-10","Specific_Conductivity",48.784,"mS/cm",25.7933,-80.1453,NA
"685",10085,"MiamiBeach","27","2020-08-16","Specific_Conductivity",48.819,"mS/cm",25.7878,-80.155,NA
"686",10086,"MiamiBeach","63","2020-08-16","Specific_Conductivity",48.854,"mS/cm",25.781,-80.1616,NA
"687",10087,"MiamiBeach","35","2020-12-19","Specific_Conductivity",48.89,"mS/cm",25.7823,-80.168,NA
"688",10088,"MiamiBeach","62","2020-01-11","Specific_Conductivity",48.987,"mS/cm",25.7808,-80.1617,NA
"689",10089,"MiamiBeach","67","2020-03-29","Specific_Conductivity",51.203,"mS/cm",25.8388,-80.1225,NA
"690",10090,"MiamiBeach","4","2020-03-15","Specific_Conductivity",49.6,"mS/cm",25.8463,-80.1282,NA
"691",10091,"MiamiBeach","47","2020-03-16","Specific_Conductivity",50.2,"mS/cm",25.7741,-80.1418,NA
"692",10092,"MiamiBeach","9","2020-08-18","Specific_Conductivity",50.245,"mS/cm",25.8002,-80.1278,NA
"693",10093,"MiamiBeach","31","2020-11-27","Specific_Conductivity",50.291,"mS/cm",25.788,-80.1627,NA
"694",10094,"MiamiBeach","4","2020-06-21","Specific_Conductivity",50.295,"mS/cm",25.8463,-80.1282,NA
"695",10095,"MiamiBeach","56","2020-02-23","Specific_Conductivity",50.5,"mS/cm",25.7917,-80.1451,NA
"696",10096,"MiamiBeach","54","2020-07-18","Specific_Conductivity",49.026,"mS/cm",25.7965,-80.1425,NA
"697",10097,"MiamiBeach","32","2020-01-11","Specific_Conductivity",99.175,"mS/cm",25.7876,-80.1626,NA
"698",10098,"MiamiBeach","19","2020-01-20","Specific_Conductivity",44.754,"mS/cm",25.8134,-80.1246,NA
"699",10099,"MiamiBeach","18","2020-01-20","Specific_Conductivity",46.145,"mS/cm",25.8075,-80.1251,NA
"700",10100,"MiamiBeach","52","2020-02-23","Specific_Conductivity",51.053,"mS/cm",25.7804,-80.1432,NA
"701",10101,"MiamiBeach","52","2020-10-27","Specific_Conductivity",51.13,"mS/cm",25.7804,-80.1432,NA
"702",10102,"MiamiBeach","48","2020-11-27","Specific_Conductivity",51.558,"mS/cm",25.7741,-80.1419,NA
"703",10103,"MiamiBeach","2","2020-02-21","Specific_Conductivity",51.583,"mS/cm",25.8167,-80.139,NA
"704",10104,"MiamiBeach","48","2020-02-23","Specific_Conductivity",51.705,"mS/cm",25.7741,-80.1419,NA
"705",10105,"MiamiBeach","46","2020-11-27","Specific_Conductivity",51.721,"mS/cm",25.767,-80.1371,NA
"706",10106,"MiamiBeach","34","2020-07-31","Specific_Conductivity",48.262,"mS/cm",25.7858,-80.1656,NA
"707",10107,"MiamiBeach","27","2020-07-31","Specific_Conductivity",44.367,"mS/cm",25.7878,-80.155,NA
"708",10108,"MiamiBeach","36","2020-04-18","Specific_Conductivity",55,"mS/cm",25.7825,-80.1682,NA
"709",10109,"MiamiBeach","25","2020-02-09","Specific_Conductivity",53.976,"mS/cm",25.7943,-80.1553,NA
"710",10110,"MiamiBeach","45","2020-08-15","Specific_Conductivity",54.051,"mS/cm",25.767,-80.137,NA
"711",10111,"MiamiBeach","27","2020-02-09","Specific_Conductivity",54.196,"mS/cm",25.7878,-80.155,NA
"712",10112,"MiamiBeach","46","2020-09-21","Specific_Conductivity",54.37,"mS/cm",25.767,-80.1371,NA
"713",10113,"MiamiBeach","47","2020-08-17","Specific_Conductivity",46.227,"mS/cm",25.7741,-80.1418,NA
"714",10114,"MiamiBeach","34","2020-06-18","Specific_Conductivity",48.343,"mS/cm",25.7858,-80.1656,NA
"715",10115,"MiamiBeach","22","2020-07-15","Specific_Conductivity",45.28,"mS/cm",25.7942,-80.1628,NA
"716",10116,"MiamiBeach","56","2020-09-21","Specific_Conductivity",50.25,"mS/cm",25.7917,-80.1451,NA
"717",10117,"MiamiBeach","34","2020-07-15","Specific_Conductivity",44.83,"mS/cm",25.7858,-80.1656,NA
"718",10118,"MiamiBeach","27","2020-06-18","Specific_Conductivity",50.351,"mS/cm",25.7878,-80.155,NA
"719",10119,"MiamiBeach","38","2020-03-30","Specific_Conductivity",54.096,"mS/cm",25.7775,-80.1562,NA
"720",10120,"MiamiBeach","4","2020-04-30","Specific_Conductivity",49.24,"mS/cm",25.8463,-80.1282,NA
"721",10121,"MiamiBeach","68","2020-04-30","Specific_Conductivity",49.721,"mS/cm",25.8549,-80.1374,NA
"722",10122,"MiamiBeach","29","2020-06-22","Specific_Conductivity",52.134,"mS/cm",25.7876,-80.1577,NA
"723",10123,"MiamiBeach","68","2020-06-16","Specific_Conductivity",40.31,"mS/cm",25.8549,-80.1374,NA
"724",10124,"MiamiBeach","16","2020-05-12","Specific_Conductivity",54.706,"mS/cm",25.8051,-80.1269,NA
"725",10125,"MiamiBeach","2","2020-07-18","Specific_Conductivity",47.604,"mS/cm",25.8167,-80.139,NA
"726",10126,"MiamiBeach","84","2020-09-22","Specific_Conductivity",44.973,"mS/cm",25.840485,-80.132921,NA
"727",10127,"MiamiBeach","48","2020-01-17","Specific_Conductivity",52.162,"mS/cm",25.7741,-80.1419,NA
"728",10128,"MiamiBeach","29","2020-08-15","Specific_Conductivity",52.839,"mS/cm",25.7876,-80.1577,NA
"729",10129,"MiamiBeach","27","2020-11-09","Specific_Conductivity",52.98,"mS/cm",25.7878,-80.155,NA
"730",10130,"MiamiBeach","47","2020-11-09","Specific_Conductivity",53.05,"mS/cm",25.7741,-80.1418,NA
"731",10131,"MiamiBeach","38","2020-06-22","Specific_Conductivity",53.199,"mS/cm",25.7775,-80.1562,NA
"732",10132,"MiamiBeach","61","2020-08-18","Specific_Conductivity",53.35,"mS/cm",25.8262,-80.134,NA
"733",10133,"MiamiBeach","2","2020-03-07","Specific_Conductivity",53.362,"mS/cm",25.8167,-80.139,NA
"734",10134,"MiamiBeach","4","2020-09-22","Specific_Conductivity",44.827,"mS/cm",25.8463,-80.1282,NA
"735",10135,"MiamiBeach","40","2020-07-19","Specific_Conductivity",48.888,"mS/cm",25.7813,-80.1552,NA
"736",10136,"MiamiBeach","62","2020-04-18","Specific_Conductivity",55.109,"mS/cm",25.7808,-80.1617,NA
"737",10137,"MiamiBeach","33","2020-02-09","Specific_Conductivity",53.387,"mS/cm",25.7852,-80.1653,NA
"738",10138,"MiamiBeach","22","2020-08-15","Specific_Conductivity",53.483,"mS/cm",25.7942,-80.1628,NA
"739",10139,"MiamiBeach","67","2020-06-16","Specific_Conductivity",41.718,"mS/cm",25.8388,-80.1225,NA
"740",10140,"MiamiBeach","56","2020-06-17","Specific_Conductivity",52.024,"mS/cm",25.7917,-80.1451,NA
"741",10141,"MiamiBeach","22","2020-11-19","Specific_Conductivity",38.472,"mS/cm",25.7942,-80.1628,NA
"742",10142,"MiamiBeach","40","2020-04-18","Specific_Conductivity",55.192,"mS/cm",25.7813,-80.1552,NA
"743",10143,"MiamiBeach","81","2020-09-22","Specific_Conductivity",40.573,"mS/cm",25.802142,-80.126487,NA
"744",10144,"MiamiBeach","17","2020-02-14","Specific_Conductivity",47.343,"mS/cm",25.8052,-80.1268,NA
"745",10145,"MiamiBeach","42","2020-08-16","Specific_Conductivity",46.252,"mS/cm",25.8015,-80.1401,NA
"746",10146,"MiamiBeach","59","2020-07-18","Specific_Conductivity",49.206,"mS/cm",25.7933,-80.1451,NA
"747",10147,"MiamiBeach","35","2020-09-12","Specific_Conductivity",35.9,"mS/cm",25.7823,-80.168,NA
"748",10148,"MiamiBeach","19","2020-10-04","Specific_Conductivity",37.81,"mS/cm",25.8134,-80.1246,NA
"749",10149,"MiamiBeach","9","2020-10-12","Specific_Conductivity",40.17,"mS/cm",25.8002,-80.1278,NA
"750",10150,"MiamiBeach","38","2020-10-22","Specific_Conductivity",50.138,"mS/cm",25.7775,-80.1562,NA
"751",10151,"MiamiBeach","29","2020-04-18","Specific_Conductivity",55.308,"mS/cm",25.7876,-80.1577,NA
"752",10152,"MiamiBeach","38","2020-08-16","Specific_Conductivity",43.861,"mS/cm",25.7775,-80.1562,NA
"753",10153,"MiamiBeach","19","2020-09-18","Specific_Conductivity",44.675,"mS/cm",25.8134,-80.1246,NA
"754",10154,"MiamiBeach","16","2020-10-31","Specific_Conductivity",45.447,"mS/cm",25.8051,-80.1269,NA
"755",10155,"MiamiBeach","32","2020-10-27","Specific_Conductivity",45.69,"mS/cm",25.7876,-80.1626,NA
"756",10156,"MiamiBeach","9","2020-03-14","Specific_Conductivity",44.532,"mS/cm",25.8002,-80.1278,NA
"757",10157,"MiamiBeach","21","2020-03-14","Specific_Conductivity",46.732,"mS/cm",25.7933,-80.1629,NA
"758",10158,"MiamiBeach","18","2020-12-14","Specific_Conductivity",45.855,"mS/cm",25.8075,-80.1251,NA
"759",10159,"MiamiBeach","18","2020-02-21","Specific_Conductivity",46.549,"mS/cm",25.8075,-80.1251,NA
"760",10160,"MiamiBeach","62","2020-09-21","Specific_Conductivity",47.76,"mS/cm",25.7808,-80.1617,NA
"761",10161,"MiamiBeach","60","2020-07-18","Specific_Conductivity",49.612,"mS/cm",25.7933,-80.1453,NA
"762",10162,"MiamiBeach","47","2020-09-21","Specific_Conductivity",55.07,"mS/cm",25.7741,-80.1418,NA
"763",10163,"MiamiBeach","84","2020-08-17","Specific_Conductivity",6.238,"mS/cm",25.840485,-80.132921,NA
"764",10164,"MiamiBeach","79","2020-08-17","Specific_Conductivity",0.836,"mS/cm",25.8531,-80.1295,NA
"765",10165,"MiamiBeach","63","2020-09-21","Specific_Conductivity",49.345,"mS/cm",25.781,-80.1616,NA
"766",10166,"MiamiBeach","54","2020-01-22","Specific_Conductivity",52.914,"mS/cm",25.7965,-80.1425,NA
"767",10167,"MiamiBeach","45","2020-01-23","Specific_Conductivity",54.384,"mS/cm",25.767,-80.137,NA
"768",10168,"MiamiBeach","9","2020-09-21","Specific_Conductivity",45.92,"mS/cm",25.8002,-80.1278,NA
"769",10169,"MiamiBeach","83","2020-10-28","Specific_Conductivity",44.075,"mS/cm",25.840485,-80.132921,NA
"770",10170,"MiamiBeach","42","2020-04-19","Specific_Conductivity",55.089,"mS/cm",25.8015,-80.1401,NA
"771",10171,"MiamiBeach","52","2020-07-19","Specific_Conductivity",44.122,"mS/cm",25.7804,-80.1432,NA
"772",10172,"MiamiBeach","68","2020-10-28","Specific_Conductivity",45.296,"mS/cm",25.8549,-80.1374,NA
"773",10173,"MiamiBeach","67","2020-10-28","Specific_Conductivity",45.224,"mS/cm",25.8388,-80.1225,NA
"774",10174,"MiamiBeach","68","2020-09-22","Specific_Conductivity",43.971,"mS/cm",25.8549,-80.1374,NA
"775",10175,"MiamiBeach","23","2020-10-30","Specific_Conductivity",47.834,"mS/cm",25.7954,-80.1592,NA
"776",10176,"MiamiBeach","42","2020-09-14","Specific_Conductivity",48,"mS/cm",25.8015,-80.1401,NA
"777",10177,"MiamiBeach","31","2020-10-30","Specific_Conductivity",48.507,"mS/cm",25.788,-80.1627,NA
"778",10178,"MiamiBeach","18","2020-05-16","Specific_Conductivity",48.583,"mS/cm",25.8075,-80.1251,NA
"779",10179,"MiamiBeach","34","2020-12-13","Specific_Conductivity",48.592,"mS/cm",25.7858,-80.1656,NA
"780",10180,"MiamiBeach","40","2020-07-28","Specific_Conductivity",48.6,"mS/cm",25.7813,-80.1552,NA
"781",10181,"MiamiBeach","29","2020-03-16","Specific_Conductivity",49.1,"mS/cm",25.7876,-80.1577,NA
"782",10182,"MiamiBeach","35","2020-02-23","Specific_Conductivity",49.127,"mS/cm",25.7823,-80.168,NA
"783",10183,"MiamiBeach","9","2020-02-09","Specific_Conductivity",49.222,"mS/cm",25.8002,-80.1278,NA
"784",10184,"MiamiBeach","34","2020-03-16","Specific_Conductivity",50,"mS/cm",25.7858,-80.1656,NA
"785",10185,"MiamiBeach","31","2020-03-16","Specific_Conductivity",50,"mS/cm",25.788,-80.1627,NA
"786",10186,"MiamiBeach","60","2020-11-08","Specific_Conductivity",50.88,"mS/cm",25.7933,-80.1453,NA
"787",10187,"MiamiBeach","27","2020-12-13","Specific_Conductivity",50.915,"mS/cm",25.7878,-80.155,NA
"788",10188,"MiamiBeach","27","2020-02-23","Specific_Conductivity",50.938,"mS/cm",25.7878,-80.155,NA
"789",10189,"MiamiBeach","63","2020-06-22","Specific_Conductivity",51.476,"mS/cm",25.781,-80.1616,NA
"790",10190,"MiamiBeach","28","2020-09-23","Specific_Conductivity",51.5,"mS/cm",25.7874,-80.155,NA
"791",10191,"MiamiBeach","26","2020-08-15","Specific_Conductivity",52.372,"mS/cm",25.7949,-80.1553,NA
"792",10192,"MiamiBeach","52","2020-08-15","Specific_Conductivity",53.544,"mS/cm",25.7804,-80.1432,NA
"793",10193,"MiamiBeach","35","2020-02-09","Specific_Conductivity",53.583,"mS/cm",25.7823,-80.168,NA
"794",10194,"MiamiBeach","32","2020-02-09","Specific_Conductivity",53.592,"mS/cm",25.7876,-80.1626,NA
"795",10195,"MiamiBeach","21","2020-02-09","Specific_Conductivity",53.746,"mS/cm",25.7933,-80.1629,NA
"796",10196,"MiamiBeach","37","2020-03-27","Specific_Conductivity",48.346,"mS/cm",25.7776,-80.1565,NA
"797",10197,"MiamiBeach","31","2020-03-27","Specific_Conductivity",41.317,"mS/cm",25.788,-80.1627,NA
"798",10198,"MiamiBeach","32","2020-03-27","Specific_Conductivity",48.826,"mS/cm",25.7876,-80.1626,NA
"799",10199,"MiamiBeach","28","2020-03-27","Specific_Conductivity",47.394,"mS/cm",25.7874,-80.155,NA
"800",10200,"MiamiBeach","27","2020-03-27","Specific_Conductivity",47.736,"mS/cm",25.7878,-80.155,NA
"801",10201,"MiamiBeach","67","2020-09-22","Specific_Conductivity",40.196,"mS/cm",25.8388,-80.1225,NA
"802",10202,"MiamiBeach","34","2020-10-22","Specific_Conductivity",48.197,"mS/cm",25.7858,-80.1656,NA
"803",10203,"MiamiBeach","36","2020-09-19","Specific_Conductivity",48.203,"mS/cm",25.7825,-80.1682,NA
"804",10204,"MiamiBeach","40","2020-09-19","Specific_Conductivity",48.322,"mS/cm",25.7813,-80.1552,NA
"805",10205,"MiamiBeach","34","2020-09-19","Specific_Conductivity",47.148,"mS/cm",25.7858,-80.1656,NA
"806",10206,"MiamiBeach","74","2020-06-17","Specific_Conductivity",11.213,"mS/cm",25.7806,-80.1618,NA
"807",10207,"MiamiBeach","60","2020-08-18","Specific_Conductivity",55.261,"mS/cm",25.7933,-80.1453,NA
"808",10208,"MiamiBeach","84","2020-06-17","Specific_Conductivity",8.974,"mS/cm",25.840485,-80.132921,NA
"809",10209,"MiamiBeach","26","2020-04-18","Specific_Conductivity",55.352,"mS/cm",25.7949,-80.1553,NA
"810",10210,"MiamiBeach","28","2020-01-23","Specific_Conductivity",54.331,"mS/cm",25.7874,-80.155,NA
"811",10211,"MiamiBeach","60","2020-10-22","Specific_Conductivity",50.611,"mS/cm",25.7933,-80.1453,NA
"812",10212,"MiamiBeach","70","2020-11-15","Specific_Conductivity",22.781,"mS/cm",25.8642,-80.1291,NA
"813",10213,"MiamiBeach","71","2020-11-15","Specific_Conductivity",44.286,"mS/cm",25.867,-80.1243,NA
"814",10214,"MiamiBeach","81","2020-11-15","Specific_Conductivity",45.467,"mS/cm",25.802142,-80.126487,NA
"815",10215,"MiamiBeach","42","2020-11-15","Specific_Conductivity",46.941,"mS/cm",25.8015,-80.1401,NA
"816",10216,"MiamiBeach","4","2020-10-28","Specific_Conductivity",44.762,"mS/cm",25.8463,-80.1282,NA
"817",10217,"MiamiBeach","69","2020-10-28","Specific_Conductivity",44.383,"mS/cm",25.8586,-80.1259,NA
"818",10218,"MiamiBeach","81","2020-10-28","Specific_Conductivity",45.047,"mS/cm",25.802142,-80.126487,NA
"819",10219,"MiamiBeach","24","2020-06-18","Specific_Conductivity",48.679,"mS/cm",25.796,-80.159,NA
"820",10220,"MiamiBeach","61","2020-06-19","Specific_Conductivity",47.276,"mS/cm",25.8262,-80.134,NA
"821",10221,"MiamiBeach","36","2020-12-20","Specific_Conductivity",4.931,"mS/cm",25.7825,-80.1682,NA
"822",10222,"MiamiBeach","38","2020-12-20","Specific_Conductivity",5.084,"mS/cm",25.7775,-80.1562,NA
"823",10223,"MiamiBeach","27","2020-12-20","Specific_Conductivity",4.716,"mS/cm",25.7878,-80.155,NA
"824",10224,"MiamiBeach","21","2020-05-16","Specific_Conductivity",47.732,"mS/cm",25.7933,-80.1629,NA
"825",10225,"MiamiBeach","33","2020-08-15","Specific_Conductivity",53.883,"mS/cm",25.7852,-80.1653,NA
"826",10226,"MiamiBeach","4","2020-11-15","Specific_Conductivity",45.867,"mS/cm",25.8463,-80.1282,NA
"827",10227,"MiamiBeach","34","2020-11-16","Specific_Conductivity",49.982,"mS/cm",25.7858,-80.1656,NA
"828",10228,"MiamiBeach","46","2020-11-16","Specific_Conductivity",54.238,"mS/cm",25.767,-80.1371,NA
"829",10229,"MiamiBeach","19","2020-04-14","Specific_Conductivity",52.61,"mS/cm",25.8134,-80.1246,NA
"830",10230,"MiamiBeach","38","2020-04-15","Specific_Conductivity",54.003,"mS/cm",25.7775,-80.1562,NA
"831",10231,"MiamiBeach","66","2020-01-18","Specific_Conductivity",48.382,"mS/cm",25.8234,-80.1232,NA
"832",10232,"MiamiBeach","19","2020-01-18","Specific_Conductivity",48.092,"mS/cm",25.8134,-80.1246,NA
"833",10233,"MiamiBeach","21","2020-05-19","Specific_Conductivity",48.938,"mS/cm",25.7933,-80.1629,NA
"834",10234,"MiamiBeach","16","2020-05-19","Specific_Conductivity",46.689,"mS/cm",25.8051,-80.1269,NA
"835",10235,"MiamiBeach","29","2020-02-09","Specific_Conductivity",53.921,"mS/cm",25.7876,-80.1577,NA
"836",10236,"MiamiBeach","45","2020-09-21","Specific_Conductivity",54.09,"mS/cm",25.767,-80.137,NA
"837",10237,"MiamiBeach","48","2020-08-15","Specific_Conductivity",54.128,"mS/cm",25.7741,-80.1419,NA
"838",10238,"MiamiBeach","28","2020-02-09","Specific_Conductivity",54.196,"mS/cm",25.7874,-80.155,NA
"839",10239,"MiamiBeach","45","2020-02-09","Specific_Conductivity",54.455,"mS/cm",25.767,-80.137,NA
"840",10240,"MiamiBeach","42","2020-11-15","Specific_Conductivity",54.6,"mS/cm",25.8015,-80.1401,NA
"841",10241,"MiamiBeach","45","2020-07-19","Specific_Conductivity",49.693,"mS/cm",25.767,-80.137,NA
"842",10242,"MiamiBeach","39","2020-07-19","Specific_Conductivity",44.79,"mS/cm",25.7813,-80.1556,NA
"843",10243,"MiamiBeach","48","2020-09-21","Specific_Conductivity",55.17,"mS/cm",25.7741,-80.1419,NA
"844",10244,"MiamiBeach","79","2020-11-16","Specific_Conductivity",2.639,"mS/cm",25.8531,-80.1295,NA
"845",10245,"MiamiBeach","37","2020-04-18","Specific_Conductivity",55.422,"mS/cm",25.7776,-80.1565,NA
"846",10246,"MiamiBeach","38","2020-04-18","Specific_Conductivity",55.428,"mS/cm",25.7775,-80.1562,NA
"847",10247,"MiamiBeach","9","2020-07-15","Specific_Conductivity",39.62,"mS/cm",25.8002,-80.1278,NA
"848",10248,"MiamiBeach","54","2020-01-18","Specific_Conductivity",49.044,"mS/cm",25.7965,-80.1425,NA
"849",10249,"MiamiBeach","38","2020-01-19","Specific_Conductivity",51.158,"mS/cm",25.7775,-80.1562,NA
"850",10250,"MiamiBeach","9","2020-01-19","Specific_Conductivity",47.916,"mS/cm",25.8002,-80.1278,NA
"851",10251,"MiamiBeach","37","2020-05-30","Specific_Conductivity",55.121,"mS/cm",25.7776,-80.1565,NA
"852",10252,"MiamiBeach","32","2020-05-30","Specific_Conductivity",56.402,"mS/cm",25.7876,-80.1626,NA
"853",10253,"MiamiBeach","28","2020-05-30","Specific_Conductivity",55.931,"mS/cm",25.7874,-80.155,NA
"854",10254,"MiamiBeach","27","2020-05-30","Specific_Conductivity",55.497,"mS/cm",25.7878,-80.155,NA
"855",10255,"MiamiBeach","62","2020-03-21","Specific_Conductivity",0.0999,"mS/cm",25.7808,-80.1617,NA
"856",10256,"MiamiBeach","82","2020-02-25","Specific_Conductivity",50.506,"mS/cm",25.840485,-80.132921,NA
"857",10257,"MiamiBeach","74","2020-07-15","Specific_Conductivity",34.2,"mS/cm",25.7806,-80.1618,NA
"858",10258,"MiamiBeach","39","2020-05-18","Specific_Conductivity",59.762,"mS/cm",25.7813,-80.1556,NA
"859",10259,"MiamiBeach","37","2020-05-18","Specific_Conductivity",59.762,"mS/cm",25.7776,-80.1565,NA
"860",10260,"MiamiBeach","71","2020-12-22","Specific_Conductivity",48.204,"mS/cm",25.867,-80.1243,NA
"861",10261,"MiamiBeach","17","2020-06-13","Specific_Conductivity",44.378,"mS/cm",25.8052,-80.1268,NA
"862",10262,"MiamiBeach","17","2020-12-22","Specific_Conductivity",48.34,"mS/cm",25.8052,-80.1268,NA
"863",10263,"MiamiBeach","59","2020-06-18","Specific_Conductivity",51.187,"mS/cm",25.7933,-80.1451,NA
"864",10264,"MiamiBeach","68","2020-05-20","Specific_Conductivity",55.854,"mS/cm",25.8549,-80.1374,NA
"865",10265,"MiamiBeach","29","2020-03-21","Specific_Conductivity",0.1023,"mS/cm",25.7876,-80.1577,NA
"866",10266,"MiamiBeach","30","2020-03-21","Specific_Conductivity",0.1071,"mS/cm",25.7876,-80.1576,NA
"867",10267,"MiamiBeach","78","2020-05-26","Specific_Conductivity",2.41,"mS/cm",25.8499,-80.1367,NA
"868",10268,"MiamiBeach","68","2020-05-26","Specific_Conductivity",25.437,"mS/cm",25.8549,-80.1374,NA
"869",10269,"MiamiBeach","42","2020-06-19","Specific_Conductivity",48.767,"mS/cm",25.8015,-80.1401,NA
"870",10270,"MiamiBeach","67","2020-08-16","Specific_Conductivity",45.835,"mS/cm",25.8388,-80.1225,NA
"871",10271,"MiamiBeach","4","2020-03-28","Specific_Conductivity",50.376,"mS/cm",25.8463,-80.1282,NA
"872",10272,"MiamiBeach","78","2020-12-23","Specific_Conductivity",0.452,"mS/cm",25.8499,-80.1367,NA
"873",10273,"MiamiBeach","67","2020-03-28","Specific_Conductivity",26.797,"mS/cm",25.8388,-80.1225,NA
"874",10274,"MiamiBeach","35","2020-04-18","Specific_Conductivity",54.987,"mS/cm",25.7823,-80.168,NA
"875",10275,"MiamiBeach","71","2020-12-23","Specific_Conductivity",13.879,"mS/cm",25.867,-80.1243,NA
"876",10276,"MiamiBeach","35","2020-06-20","Specific_Conductivity",46.324,"mS/cm",25.7823,-80.168,NA
"877",10277,"MiamiBeach","39","2020-06-20","Specific_Conductivity",46.362,"mS/cm",25.7813,-80.1556,NA
"878",10278,"MiamiBeach","32","2020-06-20","Specific_Conductivity",41.832,"mS/cm",25.7876,-80.1626,NA
"879",10279,"MiamiBeach","63","2020-08-17","Specific_Conductivity",45.138,"mS/cm",25.781,-80.1616,NA
"880",10280,"MiamiBeach","4","2020-03-30","Specific_Conductivity",51.086,"mS/cm",25.8463,-80.1282,NA
"881",10281,"MiamiBeach","66","2020-03-30","Specific_Conductivity",50.06,"mS/cm",25.8234,-80.1232,NA
"882",10282,"MiamiBeach","46","2020-09-21","Specific_Conductivity",52.638,"mS/cm",25.767,-80.1371,NA
"883",10283,"MiamiBeach","47","2020-07-19","Specific_Conductivity",49.481,"mS/cm",25.7741,-80.1418,NA
"884",10284,"MiamiBeach","82","2020-04-25","Specific_Conductivity",50.563,"mS/cm",25.840485,-80.132921,NA
"885",10285,"MiamiBeach","66","2020-04-17","Specific_Conductivity",52.063,"mS/cm",25.8234,-80.1232,NA
"886",10286,"MiamiBeach","63","2020-07-19","Specific_Conductivity",48.23,"mS/cm",25.781,-80.1616,NA
"887",10287,"MiamiBeach","23","2020-07-18","Specific_Conductivity",46.732,"mS/cm",25.7954,-80.1592,NA
"888",10288,"MiamiBeach","16","2020-07-18","Specific_Conductivity",47.746,"mS/cm",25.8051,-80.1269,NA
"889",10289,"MiamiBeach","69","2020-09-22","Specific_Conductivity",43.811,"mS/cm",25.8586,-80.1259,NA
"890",10290,"MiamiBeach","46","2020-06-22","Specific_Conductivity",57.75,"mS/cm",25.767,-80.1371,NA
"891",10291,"MiamiBeach","47","2020-02-09","Specific_Conductivity",59.078,"mS/cm",25.7741,-80.1418,NA
"892",10292,"MiamiBeach","52","2020-02-12","Specific_Conductivity",45.724,"mS/cm",25.7804,-80.1432,NA
"893",10293,"MiamiBeach","59","2020-04-18","Specific_Conductivity",55.282,"mS/cm",25.7933,-80.1451,NA
"894",10294,"MiamiBeach","40","2020-07-31","Specific_Conductivity",47.362,"mS/cm",25.7813,-80.1552,NA
"895",10295,"MiamiBeach","28","2020-07-31","Specific_Conductivity",45.563,"mS/cm",25.7874,-80.155,NA
"896",10296,"MiamiBeach","47","2020-11-15","Specific_Conductivity",57.1,"mS/cm",25.7741,-80.1418,NA
"897",10297,"MiamiBeach","38","2020-12-24","Specific_Conductivity",30.12,"mS/cm",25.7775,-80.1562,NA
"898",10298,"MiamiBeach","47","2020-10-22","Specific_Conductivity",53.221,"mS/cm",25.7741,-80.1418,NA
"899",10299,"MiamiBeach","19","2020-04-25","Specific_Conductivity",50.162,"mS/cm",25.8134,-80.1246,NA
"900",10300,"MiamiBeach","84","2020-04-25","Specific_Conductivity",50.222,"mS/cm",25.840485,-80.132921,NA
"901",10301,"MiamiBeach","47","2020-05-17","Specific_Conductivity",60.291,"mS/cm",25.7741,-80.1418,NA
"902",10302,"MiamiBeach","66","2020-06-23","Specific_Conductivity",45.164,"mS/cm",25.8234,-80.1232,NA
"903",10303,"MiamiBeach","60","2020-06-23","Specific_Conductivity",48.077,"mS/cm",25.7933,-80.1453,NA
"904",10304,"MiamiBeach","34","2020-04-27","Specific_Conductivity",52.262,"mS/cm",25.7858,-80.1656,NA
"905",10305,"MiamiBeach","66","2020-05-17","Specific_Conductivity",52.488,"mS/cm",25.8234,-80.1232,NA
"906",10306,"MiamiBeach","22","2020-12-24","Specific_Conductivity",29.821,"mS/cm",25.7942,-80.1628,NA
"907",10307,"MiamiBeach","9","2020-11-19","Specific_Conductivity",41.976,"mS/cm",25.8002,-80.1278,NA
"908",10308,"MiamiBeach","18","2020-01-22","Specific_Conductivity",49.271,"mS/cm",25.8075,-80.1251,NA
"909",10309,"MiamiBeach","17","2020-01-22","Specific_Conductivity",49.576,"mS/cm",25.8052,-80.1268,NA
"910",10310,"MiamiBeach","56","2020-07-29","Specific_Conductivity",46.204,"mS/cm",25.7917,-80.1451,NA
"911",10311,"MiamiBeach","52","2020-07-30","Specific_Conductivity",48.902,"mS/cm",25.7804,-80.1432,NA
"912",10312,"MiamiBeach","35","2020-05-18","Specific_Conductivity",59.605,"mS/cm",25.7823,-80.168,NA
"913",10313,"MiamiBeach","21","2020-05-18","Specific_Conductivity",59.703,"mS/cm",25.7933,-80.1629,NA
"914",10314,"MiamiBeach","19","2020-08-24","Specific_Conductivity",44.122,"mS/cm",25.8134,-80.1246,NA
"915",10315,"MiamiBeach","63","2020-02-12","Specific_Conductivity",45.753,"mS/cm",25.781,-80.1616,NA
"916",10316,"MiamiBeach","26","2020-08-16","Specific_Conductivity",6.253,"mS/cm",25.7949,-80.1553,NA
"917",10317,"MiamiBeach","59","2020-01-18","Specific_Conductivity",22.7,"mS/cm",25.7933,-80.1451,NA
"918",10318,"MiamiBeach","26","2020-11-14","Specific_Conductivity",23.5,"mS/cm",25.7949,-80.1553,NA
"919",10319,"MiamiBeach","38","2020-05-18","Specific_Conductivity",59.81,"mS/cm",25.7775,-80.1562,NA
"920",10320,"MiamiBeach","78","2020-08-14","Specific_Conductivity",3.257,"mS/cm",25.8499,-80.1367,NA
"921",10321,"MiamiBeach","71","2020-03-17","Specific_Conductivity",54.759,"mS/cm",25.867,-80.1243,NA
"922",10322,"MiamiBeach","83","2020-11-15","Specific_Conductivity",45.781,"mS/cm",25.840485,-80.132921,NA
"923",10323,"MiamiBeach","4","2020-09-22","Specific_Conductivity",44.709,"mS/cm",25.8463,-80.1282,NA
"924",10324,"MiamiBeach","42","2020-05-17","Specific_Conductivity",55.748,"mS/cm",25.8015,-80.1401,NA
"925",10325,"MiamiBeach","39","2020-08-25","Specific_Conductivity",46.22,"mS/cm",25.7813,-80.1556,NA
"926",10326,"MiamiBeach","42","2020-01-22","Specific_Conductivity",52.355,"mS/cm",25.8015,-80.1401,NA
"927",10327,"MiamiBeach","17","2020-09-22","Specific_Conductivity",45.865,"mS/cm",25.8052,-80.1268,NA
"928",10328,"MiamiBeach","56","2020-09-23","Specific_Conductivity",47.165,"mS/cm",25.7917,-80.1451,NA
"929",10329,"MiamiBeach","60","2020-01-22","Specific_Conductivity",53.736,"mS/cm",25.7933,-80.1453,NA
"930",10330,"MiamiBeach","37","2020-08-25","Specific_Conductivity",45.558,"mS/cm",25.7776,-80.1565,NA
"931",10331,"MiamiBeach","32","2020-08-25","Specific_Conductivity",45.035,"mS/cm",25.7876,-80.1626,NA
"932",10332,"MiamiBeach","30","2020-08-25","Specific_Conductivity",44.805,"mS/cm",25.7876,-80.1576,NA
"933",10333,"MiamiBeach","28","2020-08-25","Specific_Conductivity",41.362,"mS/cm",25.7874,-80.155,NA
"934",10334,"MiamiBeach","31","2020-09-19","Specific_Conductivity",48.008,"mS/cm",25.788,-80.1627,NA
"935",10335,"MiamiBeach","28","2020-09-19","Specific_Conductivity",46.127,"mS/cm",25.7874,-80.155,NA
"936",10336,"MiamiBeach","47","2020-04-27","Specific_Conductivity",53.457,"mS/cm",25.7741,-80.1418,NA
"937",10337,"MiamiBeach","63","2020-06-26","Specific_Conductivity",0.05274,"mS/cm",25.781,-80.1616,NA
"938",10338,"MiamiBeach","63","2020-01-23","Specific_Conductivity",53.304,"mS/cm",25.781,-80.1616,NA
"939",10339,"MiamiBeach","36","2020-01-23","Specific_Conductivity",53.283,"mS/cm",25.7825,-80.1682,NA
"940",10340,"MiamiBeach","33","2020-01-23","Specific_Conductivity",53.197,"mS/cm",25.7852,-80.1653,NA
"941",10341,"MiamiBeach","19","2020-07-29","Specific_Conductivity",45.354,"mS/cm",25.8134,-80.1246,NA
"942",10342,"MiamiBeach","69","2020-07-29","Specific_Conductivity",39.339,"mS/cm",25.8586,-80.1259,NA
"943",10343,"MiamiBeach","54","2020-11-15","Specific_Conductivity",47.066,"mS/cm",25.7965,-80.1425,NA
"944",10344,"MiamiBeach","74","2020-02-12","Specific_Conductivity",45.382,"mS/cm",25.7806,-80.1618,NA
"945",10345,"MiamiBeach","34","2020-02-12","Specific_Conductivity",54.646,"mS/cm",25.7858,-80.1656,NA
"946",10346,"MiamiBeach","46","2020-07-31","Specific_Conductivity",52.738,"mS/cm",25.767,-80.1371,NA
"947",10347,"MiamiBeach","52","2020-07-31","Specific_Conductivity",52.489,"mS/cm",25.7804,-80.1432,NA
"948",10348,"MiamiBeach","38","2020-07-31","Specific_Conductivity",50.721,"mS/cm",25.7775,-80.1562,NA
"949",10349,"MiamiBeach","30","2020-04-18","Specific_Conductivity",55.394,"mS/cm",25.7876,-80.1576,NA
"950",10350,"MiamiBeach","29","2020-01-23","Specific_Conductivity",54.083,"mS/cm",25.7876,-80.1577,NA
"951",10351,"MiamiBeach","21","2020-09-21","Specific_Conductivity",44.048,"mS/cm",25.7933,-80.1629,NA
"952",10352,"MiamiBeach","16","2020-09-21","Specific_Conductivity",43.223,"mS/cm",25.8051,-80.1269,NA
"953",10353,"MiamiBeach","79","2020-03-18","Specific_Conductivity",1.734,"mS/cm",25.8531,-80.1295,NA
"954",10354,"MiamiBeach","30","2020-05-18","Specific_Conductivity",59.84,"mS/cm",25.7876,-80.1576,NA
"955",10355,"MiamiBeach","56","2020-02-12","Specific_Conductivity",39.202,"mS/cm",25.7917,-80.1451,NA
"956",10356,"MiamiBeach","46","2020-08-12","Specific_Conductivity",49.327,"mS/cm",25.767,-80.1371,NA
"957",10357,"MiamiBeach","4","2020-03-17","Specific_Conductivity",52.619,"mS/cm",25.8463,-80.1282,NA
"958",10358,"MiamiBeach","74","2020-12-20","Specific_Conductivity",44.576,"mS/cm",25.7806,-80.1618,NA
"959",10359,"MiamiBeach","40","2020-01-11","Specific_Conductivity",47.348,"mS/cm",25.7813,-80.1552,NA
"960",10360,"MiamiBeach","39","2020-01-11","Specific_Conductivity",46.738,"mS/cm",25.7813,-80.1556,NA
"961",10361,"MiamiBeach","27","2020-05-18","Specific_Conductivity",59.91,"mS/cm",25.7878,-80.155,NA
"962",10362,"MiamiBeach","36","2020-10-19","Specific_Conductivity",51.42,"mS/cm",25.7825,-80.1682,NA
"963",10363,"MiamiBeach","40","2020-10-19","Specific_Conductivity",50.277,"mS/cm",25.7813,-80.1552,NA
"964",10364,"MiamiBeach","38","2020-08-12","Specific_Conductivity",47.66,"mS/cm",25.7775,-80.1562,NA
"965",10365,"MiamiBeach","22","2020-08-12","Specific_Conductivity",46.044,"mS/cm",25.7942,-80.1628,NA
"966",10366,"MiamiBeach","60","2020-12-20","Specific_Conductivity",49.801,"mS/cm",25.7933,-80.1453,NA
"967",10367,"MiamiBeach","9","2020-12-20","Specific_Conductivity",48.668,"mS/cm",25.8002,-80.1278,NA
"968",10368,"MiamiBeach","4","2020-01-20","Specific_Conductivity",49.253,"mS/cm",25.8463,-80.1282,NA
"969",10369,"MiamiBeach","3A","2020-01-20","Specific_Conductivity",47.451,"mS/cm",25.840614,-80.132824,NA
"970",10370,"MiamiBeach","37","2020-02-13","Specific_Conductivity",48.322,"mS/cm",25.7776,-80.1565,NA
"971",10371,"MiamiBeach","29","2020-02-13","Specific_Conductivity",43.637,"mS/cm",25.7876,-80.1577,NA
"972",10372,"MiamiBeach","27","2020-02-13","Specific_Conductivity",48.776,"mS/cm",25.7878,-80.155,NA
"973",10373,"MiamiBeach","67","2020-03-17","Specific_Conductivity",52.676,"mS/cm",25.8388,-80.1225,NA
"974",10374,"MiamiBeach","34","2020-10-19","Specific_Conductivity",48.388,"mS/cm",25.7858,-80.1656,NA
"975",10375,"MiamiBeach","33","2020-10-19","Specific_Conductivity",47.178,"mS/cm",25.7852,-80.1653,NA
"976",10376,"MiamiBeach","4","2020-02-20","Specific_Conductivity",83.4,"mS/cm",25.8463,-80.1282,NA
"977",10377,"MiamiBeach","19","2020-05-12","Specific_Conductivity",56.113,"mS/cm",25.8134,-80.1246,NA
"978",10378,"MiamiBeach","42","2020-03-17","Specific_Conductivity",54.607,"mS/cm",25.8015,-80.1401,NA
"979",10379,"MiamiBeach","47","2020-03-18","Specific_Conductivity",56.15,"mS/cm",25.7741,-80.1418,NA
"980",10380,"MiamiBeach","52","2020-03-18","Specific_Conductivity",55.636,"mS/cm",25.7804,-80.1432,NA
"981",10381,"MiamiBeach","68","2020-08-13","Specific_Conductivity",37.745,"mS/cm",25.8549,-80.1374,NA
"982",10382,"MiamiBeach","67","2020-08-13","Specific_Conductivity",39.572,"mS/cm",25.8388,-80.1225,NA
"983",10383,"MiamiBeach","19","2020-12-22","Specific_Conductivity",47.465,"mS/cm",25.8134,-80.1246,NA
"984",10384,"MiamiBeach","21","2020-11-22","Specific_Conductivity",42.214,"mS/cm",25.7933,-80.1629,NA
"985",10385,"MiamiBeach","9","2020-11-22","Specific_Conductivity",31.479,"mS/cm",25.8002,-80.1278,NA
"986",10386,"MiamiBeach","56","2020-02-20","Specific_Conductivity",96.7,"mS/cm",25.7917,-80.1451,NA
"987",10387,"MiamiBeach","23","2020-01-11","Specific_Conductivity",47.674,"mS/cm",25.7954,-80.1592,NA
"988",10388,"MiamiBeach","42","2020-10-13","Specific_Conductivity",42.54,"mS/cm",25.8015,-80.1401,NA
"989",10389,"MiamiBeach","48","2020-05-18","Specific_Conductivity",60.089,"mS/cm",25.7741,-80.1419,NA
"990",10390,"MiamiBeach","32","2020-12-20","Specific_Conductivity",0.4963,"mS/cm",25.7876,-80.1626,NA
"991",10391,"MiamiBeach","30","2020-12-20","Specific_Conductivity",4.755,"mS/cm",25.7876,-80.1576,NA
"992",10392,"MiamiBeach","47","2020-10-15","Specific_Conductivity",51.919,"mS/cm",25.7741,-80.1418,NA
"993",10393,"MiamiBeach","22","2020-11-14","Specific_Conductivity",24.1,"mS/cm",25.7942,-80.1628,NA
"994",10394,"MiamiBeach","35","2020-11-14","Specific_Conductivity",24.2,"mS/cm",25.7823,-80.168,NA
"995",10395,"MiamiBeach","17","2020-09-01","Specific_Conductivity",41.181,"mS/cm",25.8052,-80.1268,NA
"996",10396,"MiamiBeach","39","2020-01-11","Specific_Conductivity",505.15,"mS/cm",25.7813,-80.1556,NA
"997",10397,"MiamiBeach","4","2020-11-18","Specific_Conductivity",36.935,"mS/cm",25.8463,-80.1282,NA
"998",10398,"MiamiBeach","18","2020-09-20","Specific_Conductivity",42.42,"mS/cm",25.8075,-80.1251,NA
"999",10399,"MiamiBeach","22","2020-07-19","Specific_Conductivity",48.093,"mS/cm",25.7942,-80.1628,NA
"1000",10400,"MiamiBeach","21","2020-01-25","Specific_Conductivity",44.734,"mS/cm",25.7933,-80.1629,NA
"1001",10401,"MiamiBeach","36","2020-02-13","Specific_Conductivity",44.453,"mS/cm",25.7825,-80.1682,NA
"1002",10402,"MiamiBeach","40","2020-02-13","Specific_Conductivity",47.773,"mS/cm",25.7813,-80.1552,NA
"1003",10403,"MiamiBeach","67","2020-12-23","Specific_Conductivity",19.696,"mS/cm",25.8388,-80.1225,NA
"1004",10404,"MiamiBeach","32","2020-12-13","Specific_Conductivity",42.723,"mS/cm",25.7876,-80.1626,NA
"1005",10405,"MiamiBeach","39","2020-05-29","Specific_Conductivity",42.968,"mS/cm",25.7813,-80.1556,NA
"1006",10406,"MiamiBeach","28","2020-05-29","Specific_Conductivity",43.056,"mS/cm",25.7874,-80.155,NA
"1007",10407,"MiamiBeach","39","2020-03-16","Specific_Conductivity",44.7,"mS/cm",25.7813,-80.1556,NA
"1008",10408,"MiamiBeach","9","2020-07-19","Specific_Conductivity",46.515,"mS/cm",25.8002,-80.1278,NA
"1009",10409,"MiamiBeach","9","2020-12-20","Specific_Conductivity",45.24,"mS/cm",25.8002,-80.1278,NA
"1010",10410,"MiamiBeach","19","2020-05-16","Specific_Conductivity",45.266,"mS/cm",25.8134,-80.1246,NA
"1011",10411,"MiamiBeach","17","2020-08-15","Specific_Conductivity",45.983,"mS/cm",25.8052,-80.1268,NA
"1012",10412,"MiamiBeach","18","2020-08-15","Specific_Conductivity",46.137,"mS/cm",25.8075,-80.1251,NA
"1013",10413,"MiamiBeach","4","2020-09-14","Specific_Conductivity",46.2,"mS/cm",25.8463,-80.1282,NA
"1014",10414,"MiamiBeach","38","2020-10-03","Specific_Conductivity",16.44,"mS/cm",25.7775,-80.1562,NA
"1015",10415,"MiamiBeach","37","2020-10-03","Specific_Conductivity",16.56,"mS/cm",25.7776,-80.1565,NA
"1016",10416,"MiamiBeach","46","2020-04-27","Specific_Conductivity",53.645,"mS/cm",25.767,-80.1371,NA
"1017",10417,"MiamiBeach","61","2020-08-15","Specific_Conductivity",46.306,"mS/cm",25.8262,-80.134,NA
"1018",10418,"MiamiBeach","19","2020-08-15","Specific_Conductivity",46.335,"mS/cm",25.8134,-80.1246,NA
"1019",10419,"MiamiBeach","39","2020-07-28","Specific_Conductivity",46.9,"mS/cm",25.7813,-80.1556,NA
"1020",10420,"MiamiBeach","16","2020-02-21","Specific_Conductivity",47.067,"mS/cm",25.8051,-80.1269,NA
"1021",10421,"MiamiBeach","56","2020-11-18","Specific_Conductivity",41.763,"mS/cm",25.7917,-80.1451,NA
"1022",10422,"MiamiBeach","59","2020-07-27","Specific_Conductivity",47.2,"mS/cm",25.7933,-80.1451,NA
"1023",10423,"MiamiBeach","62","2020-07-28","Specific_Conductivity",47.3,"mS/cm",25.7808,-80.1617,NA
"1024",10424,"MiamiBeach","9","2020-03-16","Specific_Conductivity",47.4,"mS/cm",25.8002,-80.1278,NA
"1025",10425,"MiamiBeach","27","2020-07-28","Specific_Conductivity",47.6,"mS/cm",25.7878,-80.155,NA
"1026",10426,"MiamiBeach","38","2020-10-27","Specific_Conductivity",47.63,"mS/cm",25.7775,-80.1562,NA
"1027",10427,"MiamiBeach","22","2020-05-04","Specific_Conductivity",51.13,"mS/cm",25.7942,-80.1628,NA
"1028",10428,"MiamiBeach","60","2020-05-04","Specific_Conductivity",51.117,"mS/cm",25.7933,-80.1453,NA
"1029",10429,"MiamiBeach","66","2020-12-21","Specific_Conductivity",40.08,"mS/cm",25.8234,-80.1232,NA
"1030",10430,"MiamiBeach","78","2020-01-18","Specific_Conductivity",4.048,"mS/cm",25.8499,-80.1367,NA
"1031",10431,"MiamiBeach","37","2020-08-16","Specific_Conductivity",1.615,"mS/cm",25.7776,-80.1565,NA
"1032",10432,"MiamiBeach","9","2020-05-19","Specific_Conductivity",55.931,"mS/cm",25.8002,-80.1278,NA
"1033",10433,"MiamiBeach","79","2020-01-19","Specific_Conductivity",1.145,"mS/cm",25.8531,-80.1295,NA
"1034",10434,"MiamiBeach","24","2020-05-18","Specific_Conductivity",58.61,"mS/cm",25.796,-80.159,NA
"1035",10435,"MiamiBeach","63","2020-02-24","Specific_Conductivity",50.139,"mS/cm",25.781,-80.1616,NA
"1036",10436,"MiamiBeach","74","2020-12-24","Specific_Conductivity",15.481,"mS/cm",25.7806,-80.1618,NA
"1037",10437,"MiamiBeach","34","2020-12-24","Specific_Conductivity",26.25,"mS/cm",25.7858,-80.1656,NA
"1038",10438,"MiamiBeach","19","2020-01-28","Specific_Conductivity",48.579,"mS/cm",25.8134,-80.1246,NA
"1039",10439,"MiamiBeach","24","2020-02-14","Specific_Conductivity",49.137,"mS/cm",25.796,-80.159,NA
"1040",10440,"MiamiBeach","22","2020-02-14","Specific_Conductivity",48.773,"mS/cm",25.7942,-80.1628,NA
"1041",10441,"MiamiBeach","18","2020-02-14","Specific_Conductivity",43.321,"mS/cm",25.8075,-80.1251,NA
"1042",10442,"MiamiBeach","54","2020-01-28","Specific_Conductivity",49.547,"mS/cm",25.7965,-80.1425,NA
"1043",10443,"MiamiBeach","38","2020-01-29","Specific_Conductivity",51.459,"mS/cm",25.7775,-80.1562,NA
"1044",10444,"MiamiBeach","4","2020-05-25","Specific_Conductivity",54.413,"mS/cm",25.8463,-80.1282,NA
"1045",10445,"MiamiBeach","63","2020-01-29","Specific_Conductivity",50.697,"mS/cm",25.781,-80.1616,NA
"1046",10446,"MiamiBeach","34","2020-01-29","Specific_Conductivity",50.676,"mS/cm",25.7858,-80.1656,NA
"1047",10447,"MiamiBeach","22","2020-01-29","Specific_Conductivity",50.275,"mS/cm",25.7942,-80.1628,NA
"1048",10448,"MiamiBeach","23","2020-05-18","Specific_Conductivity",29.69,"mS/cm",25.7954,-80.1592,NA
"1049",10449,"MiamiBeach","33","2020-09-12","Specific_Conductivity",36.8,"mS/cm",25.7852,-80.1653,NA
"1050",10450,"MiamiBeach","9","2020-09-01","Specific_Conductivity",40.666,"mS/cm",25.8002,-80.1278,NA
"1051",10451,"MiamiBeach","17","2020-07-27","Specific_Conductivity",43.7,"mS/cm",25.8052,-80.1268,NA
"1052",10452,"MiamiBeach","56","2020-05-12","Specific_Conductivity",58.723,"mS/cm",25.7917,-80.1451,NA
"1053",10453,"MiamiBeach","61","2020-09-20","Specific_Conductivity",44.5,"mS/cm",25.8262,-80.134,NA
"1054",10454,"MiamiBeach","29","2020-10-27","Specific_Conductivity",45.43,"mS/cm",25.7876,-80.1577,NA
"1055",10455,"MiamiBeach","54","2020-10-24","Specific_Conductivity",45.5,"mS/cm",25.7965,-80.1425,NA
"1056",10456,"MiamiBeach","71","2020-08-13","Specific_Conductivity",37.402,"mS/cm",25.867,-80.1243,NA
"1057",10457,"MiamiBeach","34","2020-08-16","Specific_Conductivity",48.119,"mS/cm",25.7858,-80.1656,NA
"1058",10458,"MiamiBeach","21","2020-12-19","Specific_Conductivity",48.17,"mS/cm",25.7933,-80.1629,NA
"1059",10459,"MiamiBeach","25","2020-09-23","Specific_Conductivity",48.2,"mS/cm",25.7943,-80.1553,NA
"1060",10460,"MiamiBeach","4","2020-10-31","Specific_Conductivity",48.251,"mS/cm",25.8463,-80.1282,NA
"1061",10461,"MiamiBeach","33","2020-10-30","Specific_Conductivity",48.354,"mS/cm",25.7852,-80.1653,NA
"1062",10462,"MiamiBeach","36","2020-12-13","Specific_Conductivity",48.433,"mS/cm",25.7825,-80.1682,NA
"1063",10463,"MiamiBeach","78","2020-03-29","Specific_Conductivity",5.159,"mS/cm",25.8499,-80.1367,NA
"1064",10464,"MiamiBeach","68","2020-03-29","Specific_Conductivity",51.361,"mS/cm",25.8549,-80.1374,NA
"1065",10465,"MiamiBeach","30","2020-01-11","Specific_Conductivity",48.806,"mS/cm",25.7876,-80.1576,NA
"1066",10466,"MiamiBeach","32","2020-12-19","Specific_Conductivity",48.82,"mS/cm",25.7876,-80.1626,NA
"1067",10467,"MiamiBeach","42","2020-12-20","Specific_Conductivity",48.85,"mS/cm",25.8015,-80.1401,NA
"1068",10468,"MiamiBeach","22","2020-08-16","Specific_Conductivity",48.939,"mS/cm",25.7942,-80.1628,NA
"1069",10469,"MiamiBeach","45","2020-09-20","Specific_Conductivity",49.341,"mS/cm",25.767,-80.137,NA
"1070",10470,"MiamiBeach","34","2020-01-11","Specific_Conductivity",49.351,"mS/cm",25.7858,-80.1656,NA
"1071",10471,"MiamiBeach","37","2020-08-16","Specific_Conductivity",49.4,"mS/cm",25.7776,-80.1565,NA
"1072",10472,"MiamiBeach","69","2020-09-25","Specific_Conductivity",48.284,"mS/cm",25.8586,-80.1259,NA
"1073",10473,"MiamiBeach","48","2020-03-21","Specific_Conductivity",0.1196,"mS/cm",25.7741,-80.1419,NA
"1074",10474,"MiamiBeach","31","2020-10-27","Specific_Conductivity",45.63,"mS/cm",25.788,-80.1627,NA
"1075",10475,"MiamiBeach","69","2020-03-29","Specific_Conductivity",51.203,"mS/cm",25.8586,-80.1259,NA
"1076",10476,"MiamiBeach","54","2020-11-26","Specific_Conductivity",49.486,"mS/cm",25.7965,-80.1425,NA
"1077",10477,"MiamiBeach","4","2020-12-20","Specific_Conductivity",49.53,"mS/cm",25.8463,-80.1282,NA
"1078",10478,"MiamiBeach","60","2020-02-24","Specific_Conductivity",50.863,"mS/cm",25.7933,-80.1453,NA
"1079",10479,"MiamiBeach","84","2020-02-24","Specific_Conductivity",1.049,"mS/cm",25.840485,-80.132921,NA
"1080",10480,"MiamiBeach","22","2020-03-14","Specific_Conductivity",47.847,"mS/cm",25.7942,-80.1628,NA
"1081",10481,"MiamiBeach","16","2020-03-15","Specific_Conductivity",46.7,"mS/cm",25.8051,-80.1269,NA
"1082",10482,"MiamiBeach","36","2020-09-20","Specific_Conductivity",46.795,"mS/cm",25.7825,-80.1682,NA
"1083",10483,"MiamiBeach","32","2020-11-09","Specific_Conductivity",49.59,"mS/cm",25.7876,-80.1626,NA
"1084",10484,"MiamiBeach","22","2020-03-16","Specific_Conductivity",50.1,"mS/cm",25.7942,-80.1628,NA
"1085",10485,"MiamiBeach","37","2020-11-09","Specific_Conductivity",50.23,"mS/cm",25.7776,-80.1565,NA
"1086",10486,"MiamiBeach","26","2020-11-27","Specific_Conductivity",50.259,"mS/cm",25.7949,-80.1553,NA
"1087",10487,"MiamiBeach","63","2020-09-21","Specific_Conductivity",47.71,"mS/cm",25.781,-80.1616,NA
"1088",10488,"MiamiBeach","34","2020-05-20","Specific_Conductivity",55.381,"mS/cm",25.7858,-80.1656,NA
"1089",10489,"MiamiBeach","78","2020-02-25","Specific_Conductivity",4.886,"mS/cm",25.8499,-80.1367,NA
"1090",10490,"MiamiBeach","3A","2020-07-18","Specific_Conductivity",38.685,"mS/cm",25.840614,-80.132824,NA
"1091",10491,"MiamiBeach","81","2020-03-29","Specific_Conductivity",51.611,"mS/cm",25.802142,-80.126487,NA
"1092",10492,"MiamiBeach","26","2020-02-23","Specific_Conductivity",50.352,"mS/cm",25.7949,-80.1553,NA
"1093",10493,"MiamiBeach","40","2020-11-27","Specific_Conductivity",50.384,"mS/cm",25.7813,-80.1552,NA
"1094",10494,"MiamiBeach","21","2020-03-16","Specific_Conductivity",50.5,"mS/cm",25.7933,-80.1629,NA
"1095",10495,"MiamiBeach","63","2020-11-27","Specific_Conductivity",50.67,"mS/cm",25.781,-80.1616,NA
"1096",10496,"MiamiBeach","35","2020-01-17","Specific_Conductivity",50.969,"mS/cm",25.7823,-80.168,NA
"1097",10497,"MiamiBeach","34","2020-01-17","Specific_Conductivity",51.018,"mS/cm",25.7858,-80.1656,NA
"1098",10498,"MiamiBeach","39","2020-09-23","Specific_Conductivity",51.1,"mS/cm",25.7813,-80.1556,NA
"1099",10499,"MiamiBeach","36","2020-03-16","Specific_Conductivity",51.1,"mS/cm",25.7825,-80.1682,NA
"1100",10500,"MiamiBeach","25","2020-07-28","Specific_Conductivity",51.2,"mS/cm",25.7943,-80.1553,NA
"1101",10501,"MiamiBeach","22","2020-02-12","Specific_Conductivity",44.269,"mS/cm",25.7942,-80.1628,NA
"1102",10502,"MiamiBeach","38","2020-09-23","Specific_Conductivity",51.7,"mS/cm",25.7775,-80.1562,NA
"1103",10503,"MiamiBeach","56","2020-03-15","Specific_Conductivity",51.9,"mS/cm",25.7917,-80.1451,NA
"1104",10504,"MiamiBeach","42","2020-05-16","Specific_Conductivity",51.971,"mS/cm",25.8015,-80.1401,NA
"1105",10505,"MiamiBeach","26","2020-05-18","Specific_Conductivity",59.818,"mS/cm",25.7949,-80.1553,NA
"1106",10506,"MiamiBeach","63","2020-03-21","Specific_Conductivity",0.0975,"mS/cm",25.781,-80.1616,NA
"1107",10507,"MiamiBeach","36","2020-03-21","Specific_Conductivity",0.0937,"mS/cm",25.7825,-80.1682,NA
"1108",10508,"MiamiBeach","33","2020-03-21","Specific_Conductivity",0.0965,"mS/cm",25.7852,-80.1653,NA
"1109",10509,"MiamiBeach","70","2020-05-25","Specific_Conductivity",56.547,"mS/cm",25.8642,-80.1291,NA
"1110",10510,"MiamiBeach","23","2020-02-14","Specific_Conductivity",48.773,"mS/cm",25.7954,-80.1592,NA
"1111",10511,"MiamiBeach","2","2020-02-14","Specific_Conductivity",47.372,"mS/cm",25.8167,-80.139,NA
"1112",10512,"MiamiBeach","68","2020-03-17","Specific_Conductivity",54.019,"mS/cm",25.8549,-80.1374,NA
"1113",10513,"MiamiBeach","52","2020-10-03","Specific_Conductivity",16.6,"mS/cm",25.7804,-80.1432,NA
"1114",10514,"MiamiBeach","37","2020-09-12","Specific_Conductivity",30.7,"mS/cm",25.7776,-80.1565,NA
"1115",10515,"MiamiBeach","19","2020-05-25","Specific_Conductivity",53.343,"mS/cm",25.8134,-80.1246,NA
"1116",10516,"MiamiBeach","17","2020-05-25","Specific_Conductivity",53.287,"mS/cm",25.8052,-80.1268,NA
"1117",10517,"MiamiBeach","81","2020-05-25","Specific_Conductivity",53.565,"mS/cm",25.802142,-80.126487,NA
"1118",10518,"MiamiBeach","56","2020-03-30","Specific_Conductivity",53.021,"mS/cm",25.7917,-80.1451,NA
"1119",10519,"MiamiBeach","19","2020-02-25","Specific_Conductivity",48.745,"mS/cm",25.8134,-80.1246,NA
"1120",10520,"MiamiBeach","42","2020-02-25","Specific_Conductivity",51.13,"mS/cm",25.8015,-80.1401,NA
"1121",10521,"MiamiBeach","69","2020-03-30","Specific_Conductivity",51.077,"mS/cm",25.8586,-80.1259,NA
"1122",10522,"MiamiBeach","19","2020-03-17","Specific_Conductivity",51.536,"mS/cm",25.8134,-80.1246,NA
"1123",10523,"MiamiBeach","54","2020-03-17","Specific_Conductivity",54.765,"mS/cm",25.7965,-80.1425,NA
"1124",10524,"MiamiBeach","31","2020-01-11","Specific_Conductivity",43.477,"mS/cm",25.788,-80.1627,NA
"1125",10525,"MiamiBeach","28","2020-01-11","Specific_Conductivity",48.743,"mS/cm",25.7874,-80.155,NA
"1126",10526,"MiamiBeach","25","2020-01-11","Specific_Conductivity",47.989,"mS/cm",25.7943,-80.1553,NA
"1127",10527,"MiamiBeach","52","2020-05-18","Specific_Conductivity",60.439,"mS/cm",25.7804,-80.1432,NA
"1128",10528,"MiamiBeach","26","2020-07-19","Specific_Conductivity",48.31,"mS/cm",25.7949,-80.1553,NA
"1129",10529,"MiamiBeach","9","2020-01-20","Specific_Conductivity",46.812,"mS/cm",25.8002,-80.1278,NA
"1130",10530,"MiamiBeach","22","2020-01-25","Specific_Conductivity",44.375,"mS/cm",25.7942,-80.1628,NA
"1131",10531,"MiamiBeach","38","2020-02-13","Specific_Conductivity",41.873,"mS/cm",25.7775,-80.1562,NA
"1132",10532,"MiamiBeach","31","2020-02-13","Specific_Conductivity",46.673,"mS/cm",25.788,-80.1627,NA
"1133",10533,"MiamiBeach","32","2020-02-13","Specific_Conductivity",488.736,"mS/cm",25.7876,-80.1626,NA
"1134",10534,"MiamiBeach","28","2020-02-13","Specific_Conductivity",47.732,"mS/cm",25.7874,-80.155,NA
"1135",10535,"MiamiBeach","33","2020-08-16","Specific_Conductivity",8.567,"mS/cm",25.7852,-80.1653,NA
"1136",10536,"MiamiBeach","26","2020-10-03","Specific_Conductivity",16.16,"mS/cm",25.7949,-80.1553,NA
"1137",10537,"MiamiBeach","30","2020-10-03","Specific_Conductivity",16.19,"mS/cm",25.7876,-80.1576,NA
"1138",10538,"MiamiBeach","33","2020-10-03","Specific_Conductivity",16.4,"mS/cm",25.7852,-80.1653,NA
"1139",10539,"MiamiBeach","3A","2020-02-14","Specific_Conductivity",43.432,"mS/cm",25.840614,-80.132824,NA
"1140",10540,"MiamiBeach","4","2020-02-14","Specific_Conductivity",42.243,"mS/cm",25.8463,-80.1282,NA
"1141",10541,"MiamiBeach","17","2020-01-18","Specific_Conductivity",22.1,"mS/cm",25.8052,-80.1268,NA
"1142",10542,"MiamiBeach","18","2020-10-04","Specific_Conductivity",31.6,"mS/cm",25.8075,-80.1251,NA
"1143",10543,"MiamiBeach","16","2020-09-01","Specific_Conductivity",40.529,"mS/cm",25.8051,-80.1269,NA
"1144",10544,"MiamiBeach","70","2020-04-30","Specific_Conductivity",50.852,"mS/cm",25.8642,-80.1291,NA
"1145",10545,"MiamiBeach","33","2020-07-28","Specific_Conductivity",44,"mS/cm",25.7852,-80.1653,NA
"1146",10546,"MiamiBeach","22","2020-08-16","Specific_Conductivity",44.248,"mS/cm",25.7942,-80.1628,NA
"1147",10547,"MiamiBeach","16","2020-05-16","Specific_Conductivity",44.477,"mS/cm",25.8051,-80.1269,NA
"1148",10548,"MiamiBeach","18","2020-01-10","Specific_Conductivity",44.694,"mS/cm",25.8075,-80.1251,NA
"1149",10549,"MiamiBeach","18","2020-03-15","Specific_Conductivity",47.9,"mS/cm",25.8075,-80.1251,NA
"1150",10550,"MiamiBeach","25","2020-02-23","Specific_Conductivity",47.96,"mS/cm",25.7943,-80.1553,NA
"1151",10551,"MiamiBeach","36","2020-09-21","Specific_Conductivity",47.96,"mS/cm",25.7825,-80.1682,NA
"1152",10552,"MiamiBeach","24","2020-01-11","Specific_Conductivity",48.49,"mS/cm",25.796,-80.159,NA
"1153",10553,"MiamiBeach","21","2020-05-29","Specific_Conductivity",38.521,"mS/cm",25.7933,-80.1629,NA
"1154",10554,"MiamiBeach","19","2020-09-25","Specific_Conductivity",36.732,"mS/cm",25.8134,-80.1246,NA
"1155",10555,"MiamiBeach","25","2020-10-27","Specific_Conductivity",44.26,"mS/cm",25.7943,-80.1553,NA
"1156",10556,"MiamiBeach","18","2020-09-18","Specific_Conductivity",44.288,"mS/cm",25.8075,-80.1251,NA
"1157",10557,"MiamiBeach","24","2020-09-12","Specific_Conductivity",44.5,"mS/cm",25.796,-80.159,NA
"1158",10558,"MiamiBeach","26","2020-10-27","Specific_Conductivity",44.54,"mS/cm",25.7949,-80.1553,NA
"1159",10559,"MiamiBeach","17","2020-08-26","Specific_Conductivity",45.496,"mS/cm",25.8052,-80.1268,NA
"1160",10560,"MiamiBeach","33","2020-02-23","Specific_Conductivity",45.609,"mS/cm",25.7852,-80.1653,NA
"1161",10561,"MiamiBeach","28","2020-07-28","Specific_Conductivity",49,"mS/cm",25.7874,-80.155,NA
"1162",10562,"MiamiBeach","39","2020-10-30","Specific_Conductivity",49.098,"mS/cm",25.7813,-80.1556,NA
"1163",10563,"MiamiBeach","30","2020-08-16","Specific_Conductivity",49.179,"mS/cm",25.7876,-80.1576,NA
"1164",10564,"MiamiBeach","31","2020-01-11","Specific_Conductivity",49.222,"mS/cm",25.788,-80.1627,NA
"1165",10565,"MiamiBeach","39","2020-11-09","Specific_Conductivity",49.23,"mS/cm",25.7813,-80.1556,NA
"1166",10566,"MiamiBeach","31","2020-11-09","Specific_Conductivity",49.23,"mS/cm",25.788,-80.1627,NA
"1167",10567,"MiamiBeach","52","2020-10-30","Specific_Conductivity",49.707,"mS/cm",25.7804,-80.1432,NA
"1168",10568,"MiamiBeach","59","2020-12-19","Specific_Conductivity",49.86,"mS/cm",25.7933,-80.1451,NA
"1169",10569,"MiamiBeach","30","2020-09-21","Specific_Conductivity",49.95,"mS/cm",25.7876,-80.1576,NA
"1170",10570,"MiamiBeach","28","2020-01-17","Specific_Conductivity",52.103,"mS/cm",25.7874,-80.155,NA
"1171",10571,"MiamiBeach","37","2020-09-21","Specific_Conductivity",49.97,"mS/cm",25.7776,-80.1565,NA
"1172",10572,"MiamiBeach","34","2020-11-27","Specific_Conductivity",50.098,"mS/cm",25.7858,-80.1656,NA
"1173",10573,"MiamiBeach","37","2020-03-16","Specific_Conductivity",50.7,"mS/cm",25.7776,-80.1565,NA
"1174",10574,"MiamiBeach","24","2020-01-17","Specific_Conductivity",51.258,"mS/cm",25.796,-80.159,NA
"1175",10575,"MiamiBeach","28","2020-02-23","Specific_Conductivity",51.3,"mS/cm",25.7874,-80.155,NA
"1176",10576,"MiamiBeach","21","2020-01-17","Specific_Conductivity",51.343,"mS/cm",25.7933,-80.1629,NA
"1177",10577,"MiamiBeach","23","2020-01-17","Specific_Conductivity",51.39,"mS/cm",25.7954,-80.1592,NA
"1178",10578,"MiamiBeach","60","2020-03-15","Specific_Conductivity",51.4,"mS/cm",25.7933,-80.1453,NA
"1179",10579,"MiamiBeach","27","2020-06-22","Specific_Conductivity",52.261,"mS/cm",25.7878,-80.155,NA
"1180",10580,"MiamiBeach","56","2020-06-21","Specific_Conductivity",52.308,"mS/cm",25.7917,-80.1451,NA
"1181",10581,"MiamiBeach","24","2020-08-15","Specific_Conductivity",52.415,"mS/cm",25.796,-80.159,NA
"1182",10582,"MiamiBeach","28","2020-06-22","Specific_Conductivity",52.454,"mS/cm",25.7874,-80.155,NA
"1183",10583,"MiamiBeach","22","2020-03-08","Specific_Conductivity",53.58,"mS/cm",25.7942,-80.1628,NA
"1184",10584,"MiamiBeach","30","2020-03-08","Specific_Conductivity",53.608,"mS/cm",25.7876,-80.1576,NA
"1185",10585,"MiamiBeach","40","2020-02-09","Specific_Conductivity",53.707,"mS/cm",25.7813,-80.1552,NA
"1186",10586,"MiamiBeach","2","2020-03-14","Specific_Conductivity",47.372,"mS/cm",25.8167,-80.139,NA
"1187",10587,"MiamiBeach","19","2020-03-14","Specific_Conductivity",48.457,"mS/cm",25.8134,-80.1246,NA
"1188",10588,"MiamiBeach","17","2020-11-26","Specific_Conductivity",46.711,"mS/cm",25.8052,-80.1268,NA
"1189",10589,"MiamiBeach","36","2020-10-27","Specific_Conductivity",46.88,"mS/cm",25.7825,-80.1682,NA
"1190",10590,"MiamiBeach","30","2020-07-28","Specific_Conductivity",47.7,"mS/cm",25.7876,-80.1576,NA
"1191",10591,"MiamiBeach","9","2020-08-16","Specific_Conductivity",47.77,"mS/cm",25.8002,-80.1278,NA
"1192",10592,"MiamiBeach","61","2020-09-18","Specific_Conductivity",45.705,"mS/cm",25.8262,-80.134,NA
"1193",10593,"MiamiBeach","56","2020-10-24","Specific_Conductivity",45.73,"mS/cm",25.7917,-80.1451,NA
"1194",10594,"MiamiBeach","35","2020-09-20","Specific_Conductivity",46.748,"mS/cm",25.7823,-80.168,NA
"1195",10595,"MiamiBeach","61","2020-10-31","Specific_Conductivity",46.848,"mS/cm",25.8262,-80.134,NA
"1196",10596,"MiamiBeach","63","2020-09-26","Specific_Conductivity",44.544,"mS/cm",25.781,-80.1616,NA
"1197",10597,"MiamiBeach","47","2020-09-26","Specific_Conductivity",47.289,"mS/cm",25.7741,-80.1418,NA
"1198",10598,"MiamiBeach","52","2020-11-09","Specific_Conductivity",52.77,"mS/cm",25.7804,-80.1432,NA
"1199",10599,"MiamiBeach","2","2020-05-16","Specific_Conductivity",52.943,"mS/cm",25.8167,-80.139,NA
"1200",10600,"MiamiBeach","56","2020-08-15","Specific_Conductivity",53.103,"mS/cm",25.7917,-80.1451,NA
"1201",10601,"MiamiBeach","47","2020-04-16","Specific_Conductivity",56.033,"mS/cm",25.7741,-80.1418,NA
"1202",10602,"MiamiBeach","38","2020-04-16","Specific_Conductivity",55.004,"mS/cm",25.7775,-80.1562,NA
"1203",10603,"MiamiBeach","26","2020-03-27","Specific_Conductivity",48.932,"mS/cm",25.7949,-80.1553,NA
"1204",10604,"MiamiBeach","52","2020-03-08","Specific_Conductivity",53.2,"mS/cm",25.7804,-80.1432,NA
"1205",10605,"MiamiBeach","81","2020-04-30","Specific_Conductivity",48.702,"mS/cm",25.802142,-80.126487,NA
"1206",10606,"MiamiBeach","60","2020-03-31","Specific_Conductivity",52.156,"mS/cm",25.7933,-80.1453,NA
"1207",10607,"MiamiBeach","79","2020-03-31","Specific_Conductivity",1.202,"mS/cm",25.8531,-80.1295,NA
"1208",10608,"MiamiBeach","71","2020-10-16","Specific_Conductivity",36.87,"mS/cm",25.867,-80.1243,NA
"1209",10609,"MiamiBeach","40","2020-06-18","Specific_Conductivity",49.408,"mS/cm",25.7813,-80.1552,NA
"1210",10610,"MiamiBeach","19","2020-10-16","Specific_Conductivity",39.755,"mS/cm",25.8134,-80.1246,NA
"1211",10611,"MiamiBeach","45","2020-08-16","Specific_Conductivity",47.925,"mS/cm",25.767,-80.137,NA
"1212",10612,"MiamiBeach","35","2020-09-21","Specific_Conductivity",47.96,"mS/cm",25.7823,-80.168,NA
"1213",10613,"MiamiBeach","22","2020-11-09","Specific_Conductivity",48.48,"mS/cm",25.7942,-80.1628,NA
"1214",10614,"MiamiBeach","16","2020-08-04","Specific_Conductivity",48.485,"mS/cm",25.8051,-80.1269,NA
"1215",10615,"MiamiBeach","36","2020-11-09","Specific_Conductivity",48.55,"mS/cm",25.7825,-80.1682,NA
"1216",10616,"MiamiBeach","32","2020-08-16","Specific_Conductivity",48.637,"mS/cm",25.7876,-80.1626,NA
"1217",10617,"MiamiBeach","25","2020-08-16","Specific_Conductivity",48.723,"mS/cm",25.7943,-80.1553,NA
"1218",10618,"MiamiBeach","30","2020-12-19","Specific_Conductivity",49.09,"mS/cm",25.7876,-80.1576,NA
"1219",10619,"MiamiBeach","63","2020-02-09","Specific_Conductivity",53.463,"mS/cm",25.781,-80.1616,NA
"1220",10620,"MiamiBeach","17","2020-04-18","Specific_Conductivity",53.517,"mS/cm",25.8052,-80.1268,NA
"1221",10621,"MiamiBeach","35","2020-01-11","Specific_Conductivity",49.138,"mS/cm",25.7823,-80.168,NA
"1222",10622,"MiamiBeach","26","2020-12-19","Specific_Conductivity",49.22,"mS/cm",25.7949,-80.1553,NA
"1223",10623,"MiamiBeach","34","2020-10-30","Specific_Conductivity",49.228,"mS/cm",25.7858,-80.1656,NA
"1224",10624,"MiamiBeach","45","2020-07-28","Specific_Conductivity",49.7,"mS/cm",25.767,-80.137,NA
"1225",10625,"MiamiBeach","52","2020-03-16","Specific_Conductivity",49.7,"mS/cm",25.7804,-80.1432,NA
"1226",10626,"MiamiBeach","18","2020-08-11","Specific_Conductivity",49.718,"mS/cm",25.8075,-80.1251,NA
"1227",10627,"MiamiBeach","2","2020-10-04","Specific_Conductivity",49.8,"mS/cm",25.8167,-80.139,NA
"1228",10628,"MiamiBeach","36","2020-02-23","Specific_Conductivity",50.02,"mS/cm",25.7825,-80.1682,NA
"1229",10629,"MiamiBeach","33","2020-11-27","Specific_Conductivity",50.085,"mS/cm",25.7852,-80.1653,NA
"1230",10630,"MiamiBeach","36","2020-06-22","Specific_Conductivity",50.732,"mS/cm",25.7825,-80.1682,NA
"1231",10631,"MiamiBeach","2","2020-03-15","Specific_Conductivity",47.9,"mS/cm",25.8167,-80.139,NA
"1232",10632,"MiamiBeach","4","2020-12-14","Specific_Conductivity",47.907,"mS/cm",25.8463,-80.1282,NA
"1233",10633,"MiamiBeach","46","2020-08-16","Specific_Conductivity",47.936,"mS/cm",25.767,-80.1371,NA
"1234",10634,"MiamiBeach","23","2020-01-11","Specific_Conductivity",48.497,"mS/cm",25.7954,-80.1592,NA
"1235",10635,"MiamiBeach","42","2020-12-14","Specific_Conductivity",48.616,"mS/cm",25.8015,-80.1401,NA
"1236",10636,"MiamiBeach","33","2020-12-19","Specific_Conductivity",48.62,"mS/cm",25.7852,-80.1653,NA
"1237",10637,"MiamiBeach","25","2020-11-09","Specific_Conductivity",49.07,"mS/cm",25.7943,-80.1553,NA
"1238",10638,"MiamiBeach","33","2020-03-16","Specific_Conductivity",49.1,"mS/cm",25.7852,-80.1653,NA
"1239",10639,"MiamiBeach","40","2020-10-30","Specific_Conductivity",49.178,"mS/cm",25.7813,-80.1552,NA
"1240",10640,"MiamiBeach","31","2020-09-21","Specific_Conductivity",49.94,"mS/cm",25.788,-80.1627,NA
"1241",10641,"MiamiBeach","21","2020-11-27","Specific_Conductivity",49.945,"mS/cm",25.7933,-80.1629,NA
"1242",10642,"MiamiBeach","35","2020-11-27","Specific_Conductivity",49.945,"mS/cm",25.7823,-80.168,NA
"1243",10643,"MiamiBeach","46","2020-10-30","Specific_Conductivity",50.861,"mS/cm",25.767,-80.1371,NA
"1244",10644,"MiamiBeach","59","2020-11-08","Specific_Conductivity",50.92,"mS/cm",25.7933,-80.1451,NA
"1245",10645,"MiamiBeach","19","2020-06-21","Specific_Conductivity",51.277,"mS/cm",25.8134,-80.1246,NA
"1246",10646,"MiamiBeach","31","2020-09-23","Specific_Conductivity",51.4,"mS/cm",25.788,-80.1627,NA
"1247",10647,"MiamiBeach","39","2020-06-22","Specific_Conductivity",52.465,"mS/cm",25.7813,-80.1556,NA
"1248",10648,"MiamiBeach","19","2020-08-18","Specific_Conductivity",52.598,"mS/cm",25.8134,-80.1246,NA
"1249",10649,"MiamiBeach","19","2020-03-07","Specific_Conductivity",52.608,"mS/cm",25.8134,-80.1246,NA
"1250",10650,"MiamiBeach","28","2020-11-09","Specific_Conductivity",52.7,"mS/cm",25.7874,-80.155,NA
"1251",10651,"MiamiBeach","36","2020-03-08","Specific_Conductivity",53.555,"mS/cm",25.7825,-80.1682,NA
"1252",10652,"MiamiBeach","16","2020-06-19","Specific_Conductivity",37.743,"mS/cm",25.8051,-80.1269,NA
"1253",10653,"MiamiBeach","54","2020-11-18","Specific_Conductivity",35.587,"mS/cm",25.7965,-80.1425,NA
"1254",10654,"MiamiBeach","66","2020-06-16","Specific_Conductivity",46.296,"mS/cm",25.8234,-80.1232,NA
"1255",10655,"MiamiBeach","59","2020-02-23","Specific_Conductivity",50.866,"mS/cm",25.7933,-80.1451,NA
"1256",10656,"MiamiBeach","31","2020-06-22","Specific_Conductivity",51.33,"mS/cm",25.788,-80.1627,NA
"1257",10657,"MiamiBeach","28","2020-09-21","Specific_Conductivity",51.36,"mS/cm",25.7874,-80.155,NA
"1258",10658,"MiamiBeach","54","2020-03-15","Specific_Conductivity",51.4,"mS/cm",25.7965,-80.1425,NA
"1259",10659,"MiamiBeach","32","2020-06-22","Specific_Conductivity",51.47,"mS/cm",25.7876,-80.1626,NA
"1260",10660,"MiamiBeach","61","2020-05-16","Specific_Conductivity",52.35,"mS/cm",25.8262,-80.134,NA
"1261",10661,"MiamiBeach","37","2020-06-22","Specific_Conductivity",52.488,"mS/cm",25.7776,-80.1565,NA
"1262",10662,"MiamiBeach","27","2020-08-15","Specific_Conductivity",52.521,"mS/cm",25.7878,-80.155,NA
"1263",10663,"MiamiBeach","60","2020-08-15","Specific_Conductivity",52.544,"mS/cm",25.7933,-80.1453,NA
"1264",10664,"MiamiBeach","27","2020-03-08","Specific_Conductivity",53.583,"mS/cm",25.7878,-80.155,NA
"1265",10665,"MiamiBeach","28","2020-03-08","Specific_Conductivity",53.61,"mS/cm",25.7874,-80.155,NA
"1266",10666,"MiamiBeach","29","2020-03-08","Specific_Conductivity",53.639,"mS/cm",25.7876,-80.1577,NA
"1267",10667,"MiamiBeach","32","2020-03-08","Specific_Conductivity",53.81,"mS/cm",25.7876,-80.1626,NA
"1268",10668,"MiamiBeach","37","2020-02-09","Specific_Conductivity",53.833,"mS/cm",25.7776,-80.1565,NA
"1269",10669,"MiamiBeach","45","2020-06-18","Specific_Conductivity",49.057,"mS/cm",25.767,-80.137,NA
"1270",10670,"MiamiBeach","25","2020-03-27","Specific_Conductivity",45.602,"mS/cm",25.7943,-80.1553,NA
"1271",10671,"MiamiBeach","34","2020-03-27","Specific_Conductivity",48.893,"mS/cm",25.7858,-80.1656,NA
"1272",10672,"MiamiBeach","39","2020-06-18","Specific_Conductivity",49.249,"mS/cm",25.7813,-80.1556,NA
"1273",10673,"MiamiBeach","35","2020-03-27","Specific_Conductivity",49.361,"mS/cm",25.7823,-80.168,NA
"1274",10674,"MiamiBeach","30","2020-03-27","Specific_Conductivity",48.813,"mS/cm",25.7876,-80.1576,NA
"1275",10675,"MiamiBeach","35","2020-06-18","Specific_Conductivity",48.726,"mS/cm",25.7823,-80.168,NA
"1276",10676,"MiamiBeach","34","2020-04-18","Specific_Conductivity",54.863,"mS/cm",25.7858,-80.1656,NA
"1277",10677,"MiamiBeach","37","2020-06-18","Specific_Conductivity",50.421,"mS/cm",25.7776,-80.1565,NA
"1278",10678,"MiamiBeach","36","2020-06-18","Specific_Conductivity",48.705,"mS/cm",25.7825,-80.1682,NA
"1279",10679,"MiamiBeach","16","2020-05-16","Specific_Conductivity",45.673,"mS/cm",25.8051,-80.1269,NA
"1280",10680,"MiamiBeach","4","2020-05-16","Specific_Conductivity",46.432,"mS/cm",25.8463,-80.1282,NA
"1281",10681,"MiamiBeach","3A","2020-05-16","Specific_Conductivity",48.836,"mS/cm",25.840614,-80.132824,NA
"1282",10682,"MiamiBeach","47","2020-01-14","Specific_Conductivity",32.54,"mS/cm",25.7741,-80.1418,NA
"1283",10683,"MiamiBeach","22","2020-01-14","Specific_Conductivity",31.254,"mS/cm",25.7942,-80.1628,NA
"1284",10684,"MiamiBeach","21","2020-06-18","Specific_Conductivity",48.366,"mS/cm",25.7933,-80.1629,NA
"1285",10685,"MiamiBeach","66","2020-04-25","Specific_Conductivity",51.462,"mS/cm",25.8234,-80.1232,NA
"1286",10686,"MiamiBeach","54","2020-04-25","Specific_Conductivity",52.932,"mS/cm",25.7965,-80.1425,NA
"1287",10687,"MiamiBeach","22","2020-04-27","Specific_Conductivity",52.223,"mS/cm",25.7942,-80.1628,NA
"1288",10688,"MiamiBeach","17","2020-05-12","Specific_Conductivity",54.668,"mS/cm",25.8052,-80.1268,NA
"1289",10689,"MiamiBeach","18","2020-07-18","Specific_Conductivity",47.226,"mS/cm",25.8075,-80.1251,NA
"1290",10690,"MiamiBeach","23","2020-05-16","Specific_Conductivity",46.672,"mS/cm",25.7954,-80.1592,NA
"1291",10691,"MiamiBeach","9","2020-05-16","Specific_Conductivity",45.678,"mS/cm",25.8002,-80.1278,NA
"1292",10692,"MiamiBeach","18","2020-05-19","Specific_Conductivity",45.511,"mS/cm",25.8075,-80.1251,NA
"1293",10693,"MiamiBeach","17","2020-05-19","Specific_Conductivity",46.989,"mS/cm",25.8052,-80.1268,NA
"1294",10694,"MiamiBeach","2","2020-05-19","Specific_Conductivity",46.35,"mS/cm",25.8167,-80.139,NA
"1295",10695,"MiamiBeach","39","2020-04-18","Specific_Conductivity",55.058,"mS/cm",25.7813,-80.1556,NA
"1296",10696,"MiamiBeach","63","2020-04-18","Specific_Conductivity",55.066,"mS/cm",25.781,-80.1616,NA
"1297",10697,"MiamiBeach","38","2020-07-19","Specific_Conductivity",49.024,"mS/cm",25.7775,-80.1562,NA
"1298",10698,"MiamiBeach","54","2020-11-15","Specific_Conductivity",55.1,"mS/cm",25.7965,-80.1425,NA
"1299",10699,"MiamiBeach","52","2020-04-27","Specific_Conductivity",53.288,"mS/cm",25.7804,-80.1432,NA
"1300",10700,"MiamiBeach","9","2020-06-26","Specific_Conductivity",0.04546,"mS/cm",25.8002,-80.1278,NA
"1301",10701,"MiamiBeach","47","2020-04-18","Specific_Conductivity",55.332,"mS/cm",25.7741,-80.1418,NA
"1302",10702,"MiamiBeach","71","2020-01-15","Specific_Conductivity",27.35,"mS/cm",25.867,-80.1243,NA
"1303",10703,"MiamiBeach","66","2020-01-15","Specific_Conductivity",26.901,"mS/cm",25.8234,-80.1232,NA
"1304",10704,"MiamiBeach","4","2020-06-27","Specific_Conductivity",0.04753,"mS/cm",25.8463,-80.1282,NA
"1305",10705,"MiamiBeach","68","2020-06-27","Specific_Conductivity",0.04177,"mS/cm",25.8549,-80.1374,NA
"1306",10706,"MiamiBeach","70","2020-06-27","Specific_Conductivity",0.04128,"mS/cm",25.8642,-80.1291,NA
"1307",10707,"MiamiBeach","71","2020-06-27","Specific_Conductivity",0.04558,"mS/cm",25.867,-80.1243,NA
"1308",10708,"MiamiBeach","66","2020-06-27","Specific_Conductivity",0.04784,"mS/cm",25.8234,-80.1232,NA
"1309",10709,"MiamiBeach","17","2020-07-29","Specific_Conductivity",42.419,"mS/cm",25.8052,-80.1268,NA
"1310",10710,"MiamiBeach","9","2020-07-31","Specific_Conductivity",46.531,"mS/cm",25.8002,-80.1278,NA
"1311",10711,"MiamiBeach","74","2020-08-12","Specific_Conductivity",15.629,"mS/cm",25.7806,-80.1618,NA
"1312",10712,"MiamiBeach","45","2020-11-15","Specific_Conductivity",55.1,"mS/cm",25.767,-80.137,NA
"1313",10713,"MiamiBeach","31","2020-07-19","Specific_Conductivity",47.539,"mS/cm",25.788,-80.1627,NA
"1314",10714,"MiamiBeach","47","2020-08-12","Specific_Conductivity",47.751,"mS/cm",25.7741,-80.1418,NA
"1315",10715,"MiamiBeach","40","2020-05-30","Specific_Conductivity",58.634,"mS/cm",25.7813,-80.1552,NA
"1316",10716,"MiamiBeach","31","2020-05-30","Specific_Conductivity",56.981,"mS/cm",25.788,-80.1627,NA
"1317",10717,"MiamiBeach","26","2020-05-30","Specific_Conductivity",53.778,"mS/cm",25.7949,-80.1553,NA
"1318",10718,"MiamiBeach","19","2020-07-18","Specific_Conductivity",47.527,"mS/cm",25.8134,-80.1246,NA
"1319",10719,"MiamiBeach","34","2020-06-17","Specific_Conductivity",53.281,"mS/cm",25.7858,-80.1656,NA
"1320",10720,"MiamiBeach","31","2020-05-18","Specific_Conductivity",59.73,"mS/cm",25.788,-80.1627,NA
"1321",10721,"MiamiBeach","52","2020-06-17","Specific_Conductivity",53.276,"mS/cm",25.7804,-80.1432,NA
"1322",10722,"MiamiBeach","47","2020-06-17","Specific_Conductivity",52.589,"mS/cm",25.7741,-80.1418,NA
"1323",10723,"MiamiBeach","30","2020-05-30","Specific_Conductivity",55.34,"mS/cm",25.7876,-80.1576,NA
"1324",10724,"MiamiBeach","52","2020-11-15","Specific_Conductivity",57.4,"mS/cm",25.7804,-80.1432,NA
"1325",10725,"MiamiBeach","42","2020-05-12","Specific_Conductivity",58.056,"mS/cm",25.8015,-80.1401,NA
"1326",10726,"MiamiBeach","9","2020-06-17","Specific_Conductivity",50.793,"mS/cm",25.8002,-80.1278,NA
"1327",10727,"MiamiBeach","4","2020-05-19","Specific_Conductivity",47.8,"mS/cm",25.8463,-80.1282,NA
"1328",10728,"MiamiBeach","21","2020-04-18","Specific_Conductivity",54.963,"mS/cm",25.7933,-80.1629,NA
"1329",10729,"MiamiBeach","24","2020-04-18","Specific_Conductivity",55.062,"mS/cm",25.796,-80.159,NA
"1330",10730,"MiamiBeach","2","2020-04-19","Specific_Conductivity",55.165,"mS/cm",25.8167,-80.139,NA
"1331",10731,"MiamiBeach","52","2020-04-18","Specific_Conductivity",55.267,"mS/cm",25.7804,-80.1432,NA
"1332",10732,"MiamiBeach","56","2020-04-18","Specific_Conductivity",55.271,"mS/cm",25.7917,-80.1451,NA
"1333",10733,"MiamiBeach","24","2020-06-13","Specific_Conductivity",44.356,"mS/cm",25.796,-80.159,NA
"1334",10734,"MiamiBeach","21","2020-06-13","Specific_Conductivity",45.632,"mS/cm",25.7933,-80.1629,NA
"1335",10735,"MiamiBeach","48","2020-11-15","Specific_Conductivity",56.3,"mS/cm",25.7741,-80.1419,NA
"1336",10736,"MiamiBeach","71","2020-07-14","Specific_Conductivity",40.51,"mS/cm",25.867,-80.1243,NA
"1337",10737,"MiamiBeach","35","2020-05-30","Specific_Conductivity",53.119,"mS/cm",25.7823,-80.168,NA
"1338",10738,"MiamiBeach","34","2020-05-30","Specific_Conductivity",56.93,"mS/cm",25.7858,-80.1656,NA
"1339",10739,"MiamiBeach","52","2020-06-22","Specific_Conductivity",57.425,"mS/cm",25.7804,-80.1432,NA
"1340",10740,"MiamiBeach","16","2020-06-13","Specific_Conductivity",44.736,"mS/cm",25.8051,-80.1269,NA
"1341",10741,"MiamiBeach","78","2020-08-13","Specific_Conductivity",1.229,"mS/cm",25.8499,-80.1367,NA
"1342",10742,"MiamiBeach","19","2020-06-13","Specific_Conductivity",48.763,"mS/cm",25.8134,-80.1246,NA
"1343",10743,"MiamiBeach","37","2020-06-20","Specific_Conductivity",44.637,"mS/cm",25.7776,-80.1565,NA
"1344",10744,"MiamiBeach","26","2020-06-20","Specific_Conductivity",44.176,"mS/cm",25.7949,-80.1553,NA
"1345",10745,"MiamiBeach","30","2020-12-13","Specific_Conductivity",75.405,"mS/cm",25.7876,-80.1576,NA
"1346",10746,"MiamiBeach","47","2020-03-08","Specific_Conductivity",53.878,"mS/cm",25.7741,-80.1418,NA
"1347",10747,"MiamiBeach","48","2020-02-09","Specific_Conductivity",54.148,"mS/cm",25.7741,-80.1419,NA
"1348",10748,"MiamiBeach","34","2020-08-15","Specific_Conductivity",54.395,"mS/cm",25.7858,-80.1656,NA
"1349",10749,"MiamiBeach","18","2020-07-18","Specific_Conductivity",43.321,"mS/cm",25.8075,-80.1251,NA
"1350",10750,"MiamiBeach","17","2020-07-18","Specific_Conductivity",45.513,"mS/cm",25.8052,-80.1268,NA
"1351",10751,"MiamiBeach","2","2020-07-18","Specific_Conductivity",47.643,"mS/cm",25.8167,-80.139,NA
"1352",10752,"MiamiBeach","2","2020-04-18","Specific_Conductivity",54.545,"mS/cm",25.8167,-80.139,NA
"1353",10753,"MiamiBeach","25","2020-06-20","Specific_Conductivity",44.683,"mS/cm",25.7943,-80.1553,NA
"1354",10754,"MiamiBeach","4","2020-07-18","Specific_Conductivity",44.503,"mS/cm",25.8463,-80.1282,NA
"1355",10755,"MiamiBeach","4","2020-05-19","Specific_Conductivity",55.188,"mS/cm",25.8463,-80.1282,NA
"1356",10756,"MiamiBeach","31","2020-07-31","Specific_Conductivity",44.187,"mS/cm",25.788,-80.1627,NA
"1357",10757,"MiamiBeach","3A","2020-07-31","Specific_Conductivity",46.632,"mS/cm",25.840614,-80.132824,NA
"1358",10758,"MiamiBeach","26","2020-07-31","Specific_Conductivity",44.622,"mS/cm",25.7949,-80.1553,NA
"1359",10759,"MiamiBeach","31","2020-06-18","Specific_Conductivity",48.874,"mS/cm",25.788,-80.1627,NA
"1360",10760,"MiamiBeach","36","2020-07-31","Specific_Conductivity",45.543,"mS/cm",25.7825,-80.1682,NA
"1361",10761,"MiamiBeach","38","2020-07-31","Specific_Conductivity",44.136,"mS/cm",25.7775,-80.1562,NA
"1362",10762,"MiamiBeach","28","2020-06-18","Specific_Conductivity",50.849,"mS/cm",25.7874,-80.155,NA
"1363",10763,"MiamiBeach","38","2020-07-15","Specific_Conductivity",45.65,"mS/cm",25.7775,-80.1562,NA
"1364",10764,"MiamiBeach","52","2020-07-15","Specific_Conductivity",47.08,"mS/cm",25.7804,-80.1432,NA
"1365",10765,"MiamiBeach","82","2020-08-16","Specific_Conductivity",46.136,"mS/cm",25.840485,-80.132921,NA
"1366",10766,"MiamiBeach","70","2020-08-13","Specific_Conductivity",37.235,"mS/cm",25.8642,-80.1291,NA
"1367",10767,"MiamiBeach","71","2020-08-16","Specific_Conductivity",47.059,"mS/cm",25.867,-80.1243,NA
"1368",10768,"MiamiBeach","4","2020-08-16","Specific_Conductivity",45.71,"mS/cm",25.8463,-80.1282,NA
"1369",10769,"MiamiBeach","36","2020-08-15","Specific_Conductivity",54.608,"mS/cm",25.7825,-80.1682,NA
"1370",10770,"MiamiBeach","9","2020-05-18","Specific_Conductivity",54.847,"mS/cm",25.8002,-80.1278,NA
"1371",10771,"MiamiBeach","56","2020-08-16","Specific_Conductivity",46.127,"mS/cm",25.7917,-80.1451,NA
"1372",10772,"MiamiBeach","63","2020-11-19","Specific_Conductivity",40.764,"mS/cm",25.781,-80.1616,NA
"1373",10773,"MiamiBeach","22","2020-07-18","Specific_Conductivity",45.562,"mS/cm",25.7942,-80.1628,NA
"1374",10774,"MiamiBeach","25","2020-07-18","Specific_Conductivity",43.727,"mS/cm",25.7943,-80.1553,NA
"1375",10775,"MiamiBeach","38","2020-08-17","Specific_Conductivity",45.575,"mS/cm",25.7775,-80.1562,NA
"1376",10776,"MiamiBeach","79","2020-11-19","Specific_Conductivity",1.066,"mS/cm",25.8531,-80.1295,NA
"1377",10777,"MiamiBeach","38","2020-09-21","Specific_Conductivity",50.609,"mS/cm",25.7775,-80.1562,NA
"1378",10778,"MiamiBeach","9","2020-08-24","Specific_Conductivity",47.154,"mS/cm",25.8002,-80.1278,NA
"1379",10779,"MiamiBeach","33","2020-07-31","Specific_Conductivity",45.683,"mS/cm",25.7852,-80.1653,NA
"1380",10780,"MiamiBeach","35","2020-07-31","Specific_Conductivity",44.623,"mS/cm",25.7823,-80.168,NA
"1381",10781,"MiamiBeach","29","2020-07-31","Specific_Conductivity",44.839,"mS/cm",25.7876,-80.1577,NA
"1382",10782,"MiamiBeach","47","2020-11-19","Specific_Conductivity",46.841,"mS/cm",25.7741,-80.1418,NA
"1383",10783,"MiamiBeach","46","2020-10-15","Specific_Conductivity",45.623,"mS/cm",25.767,-80.1371,NA
"1384",10784,"MiamiBeach","63","2020-10-15","Specific_Conductivity",43.786,"mS/cm",25.781,-80.1616,NA
"1385",10785,"MiamiBeach","60","2020-04-18","Specific_Conductivity",55.14,"mS/cm",25.7933,-80.1453,NA
"1386",10786,"MiamiBeach","33","2020-07-19","Specific_Conductivity",48.192,"mS/cm",25.7852,-80.1653,NA
"1387",10787,"MiamiBeach","62","2020-08-15","Specific_Conductivity",55.141,"mS/cm",25.7808,-80.1617,NA
"1388",10788,"MiamiBeach","34","2020-07-19","Specific_Conductivity",48.297,"mS/cm",25.7858,-80.1656,NA
"1389",10789,"MiamiBeach","22","2020-10-22","Specific_Conductivity",48.426,"mS/cm",25.7942,-80.1628,NA
"1390",10790,"MiamiBeach","22","2020-08-24","Specific_Conductivity",46.713,"mS/cm",25.7942,-80.1628,NA
"1391",10791,"MiamiBeach","54","2020-04-18","Specific_Conductivity",55.294,"mS/cm",25.7965,-80.1425,NA
"1392",10792,"MiamiBeach","32","2020-04-18","Specific_Conductivity",55.31,"mS/cm",25.7876,-80.1626,NA
"1393",10793,"MiamiBeach","42","2020-12-21","Specific_Conductivity",49.514,"mS/cm",25.8015,-80.1401,NA
"1394",10794,"MiamiBeach","4","2020-10-16","Specific_Conductivity",39.544,"mS/cm",25.8463,-80.1282,NA
"1395",10795,"MiamiBeach","26","2020-08-25","Specific_Conductivity",44.334,"mS/cm",25.7949,-80.1553,NA
"1396",10796,"MiamiBeach","38","2020-08-25","Specific_Conductivity",45.871,"mS/cm",25.7775,-80.1562,NA
"1397",10797,"MiamiBeach","52","2020-01-23","Specific_Conductivity",54.066,"mS/cm",25.7804,-80.1432,NA
"1398",10798,"MiamiBeach","39","2020-01-23","Specific_Conductivity",54.137,"mS/cm",25.7813,-80.1556,NA
"1399",10799,"MiamiBeach","70","2020-10-28","Specific_Conductivity",45.381,"mS/cm",25.8642,-80.1291,NA
"1400",10800,"MiamiBeach","36","2020-08-25","Specific_Conductivity",44.531,"mS/cm",25.7825,-80.1682,NA
"1401",10801,"MiamiBeach","31","2020-08-25","Specific_Conductivity",45.007,"mS/cm",25.788,-80.1627,NA
"1402",10802,"MiamiBeach","37","2020-09-19","Specific_Conductivity",50.137,"mS/cm",25.7776,-80.1565,NA
"1403",10803,"MiamiBeach","27","2020-09-19","Specific_Conductivity",45.632,"mS/cm",25.7878,-80.155,NA
"1404",10804,"MiamiBeach","26","2020-09-19","Specific_Conductivity",44.913,"mS/cm",25.7949,-80.1553,NA
"1405",10805,"MiamiBeach","4","2020-08-24","Specific_Conductivity",44.909,"mS/cm",25.8463,-80.1282,NA
"1406",10806,"MiamiBeach","2","2020-08-24","Specific_Conductivity",44.21,"mS/cm",25.8167,-80.139,NA
"1407",10807,"MiamiBeach","38","2020-11-19","Specific_Conductivity",41.265,"mS/cm",25.7775,-80.1562,NA
"1408",10808,"MiamiBeach","34","2020-11-19","Specific_Conductivity",39.933,"mS/cm",25.7858,-80.1656,NA
"1409",10809,"MiamiBeach","78","2020-10-28","Specific_Conductivity",21.013,"mS/cm",25.8499,-80.1367,NA
"1410",10810,"MiamiBeach","31","2020-01-23","Specific_Conductivity",53.859,"mS/cm",25.788,-80.1627,NA
"1411",10811,"MiamiBeach","19","2020-09-21","Specific_Conductivity",42.21,"mS/cm",25.8134,-80.1246,NA
"1412",10812,"MiamiBeach","68","2020-11-19","Specific_Conductivity",27.832,"mS/cm",25.8549,-80.1374,NA
"1413",10813,"MiamiBeach","70","2020-11-19","Specific_Conductivity",32.855,"mS/cm",25.8642,-80.1291,NA
"1414",10814,"MiamiBeach","56","2020-01-22","Specific_Conductivity",54.089,"mS/cm",25.7917,-80.1451,NA
"1415",10815,"MiamiBeach","67","2020-11-19","Specific_Conductivity",33.848,"mS/cm",25.8388,-80.1225,NA
"1416",10816,"MiamiBeach","68","2020-11-15","Specific_Conductivity",44.884,"mS/cm",25.8549,-80.1374,NA
"1417",10817,"MiamiBeach","67","2020-11-15","Specific_Conductivity",45.79,"mS/cm",25.8388,-80.1225,NA
"1418",10818,"MiamiBeach","56","2020-11-15","Specific_Conductivity",45.669,"mS/cm",25.7917,-80.1451,NA
"1419",10819,"MiamiBeach","63","2020-11-16","Specific_Conductivity",49.559,"mS/cm",25.781,-80.1616,NA
"1420",10820,"MiamiBeach","35","2020-08-25","Specific_Conductivity",44.705,"mS/cm",25.7823,-80.168,NA
"1421",10821,"MiamiBeach","30","2020-09-19","Specific_Conductivity",46.238,"mS/cm",25.7876,-80.1576,NA
"1422",10822,"MiamiBeach","32","2020-09-19","Specific_Conductivity",47.547,"mS/cm",25.7876,-80.1626,NA
"1423",10823,"MiamiBeach","35","2020-01-23","Specific_Conductivity",53.212,"mS/cm",25.7823,-80.168,NA
"1424",10824,"MiamiBeach","25","2020-01-23","Specific_Conductivity",53.724,"mS/cm",25.7943,-80.1553,NA
"1425",10825,"MiamiBeach","26","2020-01-23","Specific_Conductivity",53.729,"mS/cm",25.7949,-80.1553,NA
"1426",10826,"MiamiBeach","56","2020-04-18","Specific_Conductivity",55.428,"mS/cm",25.7917,-80.1451,NA
"1427",10827,"MiamiBeach","17","2020-01-15","Specific_Conductivity",18.91,"mS/cm",25.8052,-80.1268,NA
"1428",10828,"MiamiBeach","4","2020-02-03","Specific_Conductivity",38.625,"mS/cm",25.8463,-80.1282,NA
"1429",10829,"MiamiBeach","38","2020-12-20","Specific_Conductivity",50.747,"mS/cm",25.7775,-80.1562,NA
"1430",10830,"MiamiBeach","24","2020-08-24","Specific_Conductivity",46.797,"mS/cm",25.796,-80.159,NA
"1431",10831,"MiamiBeach","21","2020-08-24","Specific_Conductivity",46.157,"mS/cm",25.7933,-80.1629,NA
"1432",10832,"MiamiBeach","18","2020-08-24","Specific_Conductivity",43.512,"mS/cm",25.8075,-80.1251,NA
"1433",10833,"MiamiBeach","17","2020-08-24","Specific_Conductivity",44.348,"mS/cm",25.8052,-80.1268,NA
"1434",10834,"MiamiBeach","2","2020-11-22","Specific_Conductivity",41.979,"mS/cm",25.8167,-80.139,NA
"1435",10835,"MiamiBeach","62","2020-01-23","Specific_Conductivity",52.576,"mS/cm",25.7808,-80.1617,NA
"1436",10836,"MiamiBeach","61","2020-05-12","Specific_Conductivity",55.613,"mS/cm",25.8262,-80.134,NA
"1437",10837,"MiamiBeach","46","2020-12-20","Specific_Conductivity",52.05,"mS/cm",25.767,-80.1371,NA
"1438",10838,"MiamiBeach","31","2020-12-20","Specific_Conductivity",4.809,"mS/cm",25.788,-80.1627,NA
"1439",10839,"MiamiBeach","33","2020-08-25","Specific_Conductivity",44.211,"mS/cm",25.7852,-80.1653,NA
"1440",10840,"MiamiBeach","29","2020-09-19","Specific_Conductivity",48.319,"mS/cm",25.7876,-80.1577,NA
"1441",10841,"MiamiBeach","46","2020-11-15","Specific_Conductivity",56.1,"mS/cm",25.767,-80.1371,NA
"1442",10842,"MiamiBeach","66","2020-02-03","Specific_Conductivity",46.017,"mS/cm",25.8234,-80.1232,NA
"1443",10843,"MiamiBeach","17","2020-02-03","Specific_Conductivity",40.705,"mS/cm",25.8052,-80.1268,NA
"1444",10844,"MiamiBeach","23","2020-01-23","Specific_Conductivity",52.971,"mS/cm",25.7954,-80.1592,NA
"1445",10845,"MiamiBeach","22","2020-01-23","Specific_Conductivity",52.94,"mS/cm",25.7942,-80.1628,NA
"1446",10846,"MiamiBeach","79","2020-12-20","Specific_Conductivity",0.534,"mS/cm",25.8531,-80.1295,NA
"1447",10847,"MiamiBeach","78","2020-12-22","Specific_Conductivity",2.689,"mS/cm",25.8499,-80.1367,NA
"1448",10848,"MiamiBeach","29","2020-10-19","Specific_Conductivity",46.193,"mS/cm",25.7876,-80.1577,NA
"1449",10849,"MiamiBeach","27","2020-10-19","Specific_Conductivity",44.798,"mS/cm",25.7878,-80.155,NA
"1450",10850,"MiamiBeach","22","2020-10-19","Specific_Conductivity",44.804,"mS/cm",25.7942,-80.1628,NA
"1451",10851,"MiamiBeach","30","2020-01-23","Specific_Conductivity",54.077,"mS/cm",25.7876,-80.1576,NA
"1452",10852,"MiamiBeach","4","2020-09-21","Specific_Conductivity",42.753,"mS/cm",25.8463,-80.1282,NA
"1453",10853,"MiamiBeach","3A","2020-09-21","Specific_Conductivity",7.769,"mS/cm",25.840614,-80.132824,NA
"1454",10854,"MiamiBeach","66","2020-12-22","Specific_Conductivity",49.36,"mS/cm",25.8234,-80.1232,NA
"1455",10855,"MiamiBeach","18","2020-02-20","Specific_Conductivity",69.5,"mS/cm",25.8075,-80.1251,NA
"1456",10856,"MiamiBeach","64","2020-02-20","Specific_Conductivity",69.2,"mS/cm",25.8078,-80.1253,NA
"1457",10857,"MiamiBeach","17","2020-02-20","Specific_Conductivity",95,"mS/cm",25.8052,-80.1268,NA
"1458",10858,"MiamiBeach","4","2020-11-22","Specific_Conductivity",40.362,"mS/cm",25.8463,-80.1282,NA
"1459",10859,"MiamiBeach","60","2020-02-20","Specific_Conductivity",101,"mS/cm",25.7933,-80.1453,NA
"1460",10860,"MiamiBeach","39","2020-12-20","Specific_Conductivity",5.104,"mS/cm",25.7813,-80.1556,NA
"1461",10861,"MiamiBeach","25","2020-12-20","Specific_Conductivity",4.785,"mS/cm",25.7943,-80.1553,NA
"1462",10862,"MiamiBeach","29","2020-12-20","Specific_Conductivity",4.91,"mS/cm",25.7876,-80.1577,NA
"1463",10863,"MiamiBeach","71","2020-05-20","Specific_Conductivity",58.32,"mS/cm",25.867,-80.1243,NA
"1464",10864,"MiamiBeach","26","2020-12-20","Specific_Conductivity",4.636,"mS/cm",25.7949,-80.1553,NA
"1465",10865,"MiamiBeach","37","2020-10-19","Specific_Conductivity",52.248,"mS/cm",25.7776,-80.1565,NA
"1466",10866,"MiamiBeach","21","2020-01-23","Specific_Conductivity",52.963,"mS/cm",25.7933,-80.1629,NA
"1467",10867,"MiamiBeach","45","2020-03-21","Specific_Conductivity",0.1008,"mS/cm",25.767,-80.137,NA
"1468",10868,"MiamiBeach","63","2020-12-24","Specific_Conductivity",30.156,"mS/cm",25.781,-80.1616,NA
"1469",10869,"MiamiBeach","68","2020-01-18","Specific_Conductivity",48.343,"mS/cm",25.8549,-80.1374,NA
"1470",10870,"MiamiBeach","31","2020-10-19","Specific_Conductivity",47.929,"mS/cm",25.788,-80.1627,NA
"1471",10871,"MiamiBeach","32","2020-10-19","Specific_Conductivity",45.279,"mS/cm",25.7876,-80.1626,NA
"1472",10872,"MiamiBeach","28","2020-10-19","Specific_Conductivity",45.42,"mS/cm",25.7874,-80.155,NA
"1473",10873,"MiamiBeach","23","2020-10-19","Specific_Conductivity",46.926,"mS/cm",25.7954,-80.1592,NA
"1474",10874,"MiamiBeach","61","2020-02-20","Specific_Conductivity",83.5,"mS/cm",25.8262,-80.134,NA
"1475",10875,"MiamiBeach","42","2020-01-18","Specific_Conductivity",49.074,"mS/cm",25.8015,-80.1401,NA
"1476",10876,"MiamiBeach","60","2020-01-19","Specific_Conductivity",52.25,"mS/cm",25.7933,-80.1453,NA
"1477",10877,"MiamiBeach","34","2020-01-19","Specific_Conductivity",55.07,"mS/cm",25.7858,-80.1656,NA
"1478",10878,"MiamiBeach","18","2020-11-22","Specific_Conductivity",42.716,"mS/cm",25.8075,-80.1251,NA
"1479",10879,"MiamiBeach","17","2020-11-22","Specific_Conductivity",41.577,"mS/cm",25.8052,-80.1268,NA
"1480",10880,"MiamiBeach","56","2020-12-24","Specific_Conductivity",30.485,"mS/cm",25.7917,-80.1451,NA
"1481",10881,"MiamiBeach","52","2020-01-19","Specific_Conductivity",52.82,"mS/cm",25.7804,-80.1432,NA
"1482",10882,"MiamiBeach","23","2020-12-20","Specific_Conductivity",4.767,"mS/cm",25.7954,-80.1592,NA
"1483",10883,"MiamiBeach","47","2020-02-12","Specific_Conductivity",60.43,"mS/cm",25.7741,-80.1418,NA
"1484",10884,"MiamiBeach","70","2020-01-18","Specific_Conductivity",48.364,"mS/cm",25.8642,-80.1291,NA
"1485",10885,"MiamiBeach","71","2020-01-18","Specific_Conductivity",48.651,"mS/cm",25.867,-80.1243,NA
"1486",10886,"MiamiBeach","46","2020-01-19","Specific_Conductivity",53.719,"mS/cm",25.767,-80.1371,NA
"1487",10887,"MiamiBeach","46","2020-03-21","Specific_Conductivity",0.1069,"mS/cm",25.767,-80.1371,NA
"1488",10888,"MiamiBeach","52","2020-03-21","Specific_Conductivity",0.1071,"mS/cm",25.7804,-80.1432,NA
"1489",10889,"MiamiBeach","39","2020-03-21","Specific_Conductivity",0.1067,"mS/cm",25.7813,-80.1556,NA
"1490",10890,"MiamiBeach","37","2020-03-21","Specific_Conductivity",0.1091,"mS/cm",25.7776,-80.1565,NA
"1491",10891,"MiamiBeach","79","2020-02-24","Specific_Conductivity",1.075,"mS/cm",25.8531,-80.1295,NA
"1492",10892,"MiamiBeach","83","2020-02-25","Specific_Conductivity",50.359,"mS/cm",25.840485,-80.132921,NA
"1493",10893,"MiamiBeach","22","2020-01-19","Specific_Conductivity",50.505,"mS/cm",25.7942,-80.1628,NA
"1494",10894,"MiamiBeach","63","2020-01-19","Specific_Conductivity",51.287,"mS/cm",25.781,-80.1616,NA
"1495",10895,"MiamiBeach","47","2020-01-19","Specific_Conductivity",53.317,"mS/cm",25.7741,-80.1418,NA
"1496",10896,"MiamiBeach","40","2020-03-21","Specific_Conductivity",0.104,"mS/cm",25.7813,-80.1552,NA
"1497",10897,"MiamiBeach","4","2020-02-25","Specific_Conductivity",50.216,"mS/cm",25.8463,-80.1282,NA
"1498",10898,"MiamiBeach","70","2020-03-17","Specific_Conductivity",54.71,"mS/cm",25.8642,-80.1291,NA
"1499",10899,"MiamiBeach","35","2020-03-21","Specific_Conductivity",0.0987,"mS/cm",25.7823,-80.168,NA
"1500",10900,"MiamiBeach","26","2020-03-21","Specific_Conductivity",0.00995,"mS/cm",25.7949,-80.1553,NA
"1501",10901,"MiamiBeach","23","2020-03-21","Specific_Conductivity",0.1041,"mS/cm",25.7954,-80.1592,NA
"1502",10902,"MiamiBeach","24","2020-03-21","Specific_Conductivity",0.1044,"mS/cm",25.796,-80.159,NA
"1503",10903,"MiamiBeach","17","2020-02-25","Specific_Conductivity",48.527,"mS/cm",25.8052,-80.1268,NA
"1504",10904,"MiamiBeach","81","2020-02-25","Specific_Conductivity",48.598,"mS/cm",25.802142,-80.126487,NA
"1505",10905,"MiamiBeach","54","2020-02-25","Specific_Conductivity",51.125,"mS/cm",25.7965,-80.1425,NA
"1506",10906,"MiamiBeach","52","2020-02-24","Specific_Conductivity",51.409,"mS/cm",25.7804,-80.1432,NA
"1507",10907,"MiamiBeach","47","2020-02-24","Specific_Conductivity",51.756,"mS/cm",25.7741,-80.1418,NA
"1508",10908,"MiamiBeach","69","2020-02-25","Specific_Conductivity",51.157,"mS/cm",25.8586,-80.1259,NA
"1509",10909,"MiamiBeach","27","2020-03-21","Specific_Conductivity",0.1053,"mS/cm",25.7878,-80.155,NA
"1510",10910,"MiamiBeach","28","2020-03-21","Specific_Conductivity",0.1021,"mS/cm",25.7874,-80.155,NA
"1511",10911,"MiamiBeach","70","2020-03-28","Specific_Conductivity",52.075,"mS/cm",25.8642,-80.1291,NA
"1512",10912,"MiamiBeach","42","2020-03-28","Specific_Conductivity",50.632,"mS/cm",25.8015,-80.1401,NA
"1513",10913,"MiamiBeach","68","2020-03-28","Specific_Conductivity",50.76,"mS/cm",25.8549,-80.1374,NA
"1514",10914,"MiamiBeach","70","2020-02-25","Specific_Conductivity",51.601,"mS/cm",25.8642,-80.1291,NA
"1515",10915,"MiamiBeach","34","2020-03-21","Specific_Conductivity",0.1154,"mS/cm",25.7858,-80.1656,NA
"1516",10916,"MiamiBeach","31","2020-03-21","Specific_Conductivity",0.0978,"mS/cm",25.788,-80.1627,NA
"1517",10917,"MiamiBeach","71","2020-03-30","Specific_Conductivity",51.625,"mS/cm",25.867,-80.1243,NA
"1518",10918,"MiamiBeach","67","2020-03-30","Specific_Conductivity",50.664,"mS/cm",25.8388,-80.1225,NA
"1519",10919,"MiamiBeach","24","2020-01-11","Specific_Conductivity",46.743,"mS/cm",25.796,-80.159,NA
"1520",10920,"MiamiBeach","81","2020-03-30","Specific_Conductivity",49.93,"mS/cm",25.802142,-80.126487,NA
"1521",10921,"MiamiBeach","45","2020-12-13","Specific_Conductivity",95.539,"mS/cm",25.767,-80.137,NA
"1522",10922,"MiamiBeach","17","2020-01-20","Specific_Conductivity",46.145,"mS/cm",25.8052,-80.1268,NA
"1523",10923,"MiamiBeach","78","2020-03-28","Specific_Conductivity",50.89,"mS/cm",25.8499,-80.1367,NA
"1524",10924,"MiamiBeach","69","2020-03-28","Specific_Conductivity",29.107,"mS/cm",25.8586,-80.1259,NA
"1525",10925,"MiamiBeach","54","2020-03-28","Specific_Conductivity",51.954,"mS/cm",25.7965,-80.1425,NA
"1526",10926,"MiamiBeach","78","2020-03-30","Specific_Conductivity",15.72,"mS/cm",25.8499,-80.1367,NA
"1527",10927,"MiamiBeach","35","2020-02-13","Specific_Conductivity",45.537,"mS/cm",25.7823,-80.168,NA
"1528",10928,"MiamiBeach","74","2020-04-16","Specific_Conductivity",53.446,"mS/cm",25.7806,-80.1618,NA
"1529",10929,"MiamiBeach","54","2020-03-30","Specific_Conductivity",51.624,"mS/cm",25.7965,-80.1425,NA
"1530",10930,"MiamiBeach","9","2020-03-31","Specific_Conductivity",50.24,"mS/cm",25.8002,-80.1278,NA
"1531",10931,"MiamiBeach","4","2020-04-25","Specific_Conductivity",51.913,"mS/cm",25.8463,-80.1282,NA
"1532",10932,"MiamiBeach","46","2020-04-16","Specific_Conductivity",66.99,"mS/cm",25.767,-80.1371,NA
"1533",10933,"MiamiBeach","34","2020-03-31","Specific_Conductivity",51.404,"mS/cm",25.7858,-80.1656,NA
"1534",10934,"MiamiBeach","84","2020-03-31","Specific_Conductivity",0.613,"mS/cm",25.840485,-80.132921,NA
"1535",10935,"MiamiBeach","42","2020-04-16","Specific_Conductivity",52.091,"mS/cm",25.8015,-80.1401,NA
"1536",10936,"MiamiBeach","69","2020-04-17","Specific_Conductivity",51.835,"mS/cm",25.8586,-80.1259,NA
"1537",10937,"MiamiBeach","78","2020-04-17","Specific_Conductivity",52.147,"mS/cm",25.8499,-80.1367,NA
"1538",10938,"MiamiBeach","67","2020-04-17","Specific_Conductivity",52.131,"mS/cm",25.8388,-80.1225,NA
"1539",10939,"MiamiBeach","69","2020-04-25","Specific_Conductivity",53.469,"mS/cm",25.8586,-80.1259,NA
"1540",10940,"MiamiBeach","9","2020-02-14","Specific_Conductivity",47.736,"mS/cm",25.8002,-80.1278,NA
"1541",10941,"MiamiBeach","21","2020-02-14","Specific_Conductivity",43.372,"mS/cm",25.7933,-80.1629,NA
"1542",10942,"MiamiBeach","22","2020-10-03","Specific_Conductivity",16.68,"mS/cm",25.7942,-80.1628,NA
"1543",10943,"MiamiBeach","19","2020-01-18","Specific_Conductivity",22.2,"mS/cm",25.8134,-80.1246,NA
"1544",10944,"MiamiBeach","61","2020-01-10","Specific_Conductivity",33.409,"mS/cm",25.8262,-80.134,NA
"1545",10945,"MiamiBeach","27","2020-09-12","Specific_Conductivity",36,"mS/cm",25.7878,-80.155,NA
"1546",10946,"MiamiBeach","18","2020-08-26","Specific_Conductivity",40.394,"mS/cm",25.8075,-80.1251,NA
"1547",10947,"MiamiBeach","64","2020-09-18","Specific_Conductivity",44.354,"mS/cm",25.8078,-80.1253,NA
"1548",10948,"MiamiBeach","21","2020-07-28","Specific_Conductivity",45.6,"mS/cm",25.7933,-80.1629,NA
"1549",10949,"MiamiBeach","17","2020-03-14","Specific_Conductivity",48.875,"mS/cm",25.8052,-80.1268,NA
"1550",10950,"MiamiBeach","18","2020-03-14","Specific_Conductivity",46.643,"mS/cm",25.8075,-80.1251,NA
"1551",10951,"MiamiBeach","30","2020-10-27","Specific_Conductivity",45.87,"mS/cm",25.7876,-80.1576,NA
"1552",10952,"MiamiBeach","27","2020-09-20","Specific_Conductivity",46.81,"mS/cm",25.7878,-80.155,NA
"1553",10953,"MiamiBeach","17","2020-12-14","Specific_Conductivity",47.689,"mS/cm",25.8052,-80.1268,NA
"1554",10954,"MiamiBeach","19","2020-11-26","Specific_Conductivity",47.765,"mS/cm",25.8134,-80.1246,NA
"1555",10955,"MiamiBeach","70","2020-04-17","Specific_Conductivity",52.373,"mS/cm",25.8642,-80.1291,NA
"1556",10956,"MiamiBeach","71","2020-04-25","Specific_Conductivity",53.244,"mS/cm",25.867,-80.1243,NA
"1557",10957,"MiamiBeach","52","2020-05-17","Specific_Conductivity",56.207,"mS/cm",25.7804,-80.1432,NA
"1558",10958,"MiamiBeach","46","2020-05-17","Specific_Conductivity",60.02,"mS/cm",25.767,-80.1371,NA
"1559",10959,"MiamiBeach","63","2020-05-17","Specific_Conductivity",55.618,"mS/cm",25.781,-80.1616,NA
"1560",10960,"MiamiBeach","17","2020-09-14","Specific_Conductivity",48,"mS/cm",25.8052,-80.1268,NA
"1561",10961,"MiamiBeach","31","2020-08-16","Specific_Conductivity",48.482,"mS/cm",25.788,-80.1627,NA
"1562",10962,"MiamiBeach","19","2020-05-17","Specific_Conductivity",49.452,"mS/cm",25.8134,-80.1246,NA
"1563",10963,"MiamiBeach","17","2020-05-17","Specific_Conductivity",30.82,"mS/cm",25.8052,-80.1268,NA
"1564",10964,"MiamiBeach","56","2020-05-17","Specific_Conductivity",55.773,"mS/cm",25.7917,-80.1451,NA
"1565",10965,"MiamiBeach","74","2020-04-27","Specific_Conductivity",57.07,"mS/cm",25.7806,-80.1618,NA
"1566",10966,"MiamiBeach","46","2020-06-26","Specific_Conductivity",0.05343,"mS/cm",25.767,-80.1371,NA
"1567",10967,"MiamiBeach","63","2020-04-16","Specific_Conductivity",54.187,"mS/cm",25.781,-80.1616,NA
"1568",10968,"MiamiBeach","30","2020-03-16","Specific_Conductivity",49.1,"mS/cm",25.7876,-80.1576,NA
"1569",10969,"MiamiBeach","22","2020-01-11","Specific_Conductivity",49.229,"mS/cm",25.7942,-80.1628,NA
"1570",10970,"MiamiBeach","9","2020-08-11","Specific_Conductivity",49.745,"mS/cm",25.8002,-80.1278,NA
"1571",10971,"MiamiBeach","59","2020-10-31","Specific_Conductivity",49.919,"mS/cm",25.7933,-80.1451,NA
"1572",10972,"MiamiBeach","38","2020-01-11","Specific_Conductivity",49.999,"mS/cm",25.7775,-80.1562,NA
"1573",10973,"MiamiBeach","35","2020-03-16","Specific_Conductivity",50,"mS/cm",25.7823,-80.168,NA
"1574",10974,"MiamiBeach","25","2020-11-27","Specific_Conductivity",50.018,"mS/cm",25.7943,-80.1553,NA
"1575",10975,"MiamiBeach","56","2020-03-31","Specific_Conductivity",52.576,"mS/cm",25.7917,-80.1451,NA
"1576",10976,"MiamiBeach","63","2020-03-31","Specific_Conductivity",52.193,"mS/cm",25.781,-80.1616,NA
"1577",10977,"MiamiBeach","45","2020-10-30","Specific_Conductivity",50.766,"mS/cm",25.767,-80.137,NA
"1578",10978,"MiamiBeach","16","2020-04-19","Specific_Conductivity",50.819,"mS/cm",25.8051,-80.1269,NA
"1579",10979,"MiamiBeach","39","2020-02-23","Specific_Conductivity",50.93,"mS/cm",25.7813,-80.1556,NA
"1580",10980,"MiamiBeach","25","2020-08-15","Specific_Conductivity",51.343,"mS/cm",25.7943,-80.1553,NA
"1581",10981,"MiamiBeach","23","2020-08-15","Specific_Conductivity",52.527,"mS/cm",25.7954,-80.1592,NA
"1582",10982,"MiamiBeach","61","2020-03-07","Specific_Conductivity",52.701,"mS/cm",25.8262,-80.134,NA
"1583",10983,"MiamiBeach","67","2020-06-27","Specific_Conductivity",0.04761,"mS/cm",25.8388,-80.1225,NA
"1584",10984,"MiamiBeach","78","2020-07-29","Specific_Conductivity",2.522,"mS/cm",25.8499,-80.1367,NA
"1585",10985,"MiamiBeach","71","2020-07-29","Specific_Conductivity",40.191,"mS/cm",25.867,-80.1243,NA
"1586",10986,"MiamiBeach","74","2020-07-31","Specific_Conductivity",48.705,"mS/cm",25.7806,-80.1618,NA
"1587",10987,"MiamiBeach","34","2020-03-08","Specific_Conductivity",53.599,"mS/cm",25.7858,-80.1656,NA
"1588",10988,"MiamiBeach","39","2020-08-15","Specific_Conductivity",53.608,"mS/cm",25.7813,-80.1556,NA
"1589",10989,"MiamiBeach","33","2020-03-08","Specific_Conductivity",53.619,"mS/cm",25.7852,-80.1653,NA
"1590",10990,"MiamiBeach","31","2020-03-08","Specific_Conductivity",53.675,"mS/cm",25.788,-80.1627,NA
"1591",10991,"MiamiBeach","42","2020-03-07","Specific_Conductivity",53.679,"mS/cm",25.8015,-80.1401,NA
"1592",10992,"MiamiBeach","22","2020-02-09","Specific_Conductivity",53.731,"mS/cm",25.7942,-80.1628,NA
"1593",10993,"MiamiBeach","54","2020-03-07","Specific_Conductivity",53.801,"mS/cm",25.7965,-80.1425,NA
"1594",10994,"MiamiBeach","71","2020-04-17","Specific_Conductivity",53.39,"mS/cm",25.867,-80.1243,NA
"1595",10995,"MiamiBeach","68","2020-04-17","Specific_Conductivity",51.993,"mS/cm",25.8549,-80.1374,NA
"1596",10996,"MiamiBeach","39","2020-03-27","Specific_Conductivity",45.362,"mS/cm",25.7813,-80.1556,NA
"1597",10997,"MiamiBeach","52","2020-08-12","Specific_Conductivity",47.185,"mS/cm",25.7804,-80.1432,NA
"1598",10998,"MiamiBeach","56","2020-08-12","Specific_Conductivity",44.748,"mS/cm",25.7917,-80.1451,NA
"1599",10999,"MiamiBeach","38","2020-04-27","Specific_Conductivity",52.275,"mS/cm",25.7775,-80.1562,NA
"1600",11000,"MiamiBeach","52","2020-06-26","Specific_Conductivity",0.05151,"mS/cm",25.7804,-80.1432,NA
"1601",11001,"MiamiBeach","54","2020-06-26","Specific_Conductivity",0.04945,"mS/cm",25.7965,-80.1425,NA
"1602",11002,"MiamiBeach","68","2020-07-29","Specific_Conductivity",41.714,"mS/cm",25.8549,-80.1374,NA
"1603",11003,"MiamiBeach","34","2020-07-31","Specific_Conductivity",48.318,"mS/cm",25.7858,-80.1656,NA
"1604",11004,"MiamiBeach","54","2020-07-31","Specific_Conductivity",48.785,"mS/cm",25.7965,-80.1425,NA
"1605",11005,"MiamiBeach","63","2020-08-12","Specific_Conductivity",46.902,"mS/cm",25.781,-80.1616,NA
"1606",11006,"MiamiBeach","22","2020-06-18","Specific_Conductivity",48.316,"mS/cm",25.7942,-80.1628,NA
"1607",11007,"MiamiBeach","4","2020-07-18","Specific_Conductivity",44.24,"mS/cm",25.8463,-80.1282,NA
"1608",11008,"MiamiBeach","33","2020-04-18","Specific_Conductivity",54.863,"mS/cm",25.7852,-80.1653,NA
"1609",11009,"MiamiBeach","17","2020-07-18","Specific_Conductivity",46.954,"mS/cm",25.8052,-80.1268,NA
"1610",11010,"MiamiBeach","4","2020-08-13","Specific_Conductivity",39.425,"mS/cm",25.8463,-80.1282,NA
"1611",11011,"MiamiBeach","24","2020-05-16","Specific_Conductivity",47.732,"mS/cm",25.796,-80.159,NA
"1612",11012,"MiamiBeach","19","2020-05-16","Specific_Conductivity",46.732,"mS/cm",25.8134,-80.1246,NA
"1613",11013,"MiamiBeach","22","2020-05-19","Specific_Conductivity",49.696,"mS/cm",25.7942,-80.1628,NA
"1614",11014,"MiamiBeach","37","2020-08-15","Specific_Conductivity",54.919,"mS/cm",25.7776,-80.1565,NA
"1615",11015,"MiamiBeach","32","2020-07-19","Specific_Conductivity",48.196,"mS/cm",25.7876,-80.1626,NA
"1616",11016,"MiamiBeach","46","2020-04-18","Specific_Conductivity",55.341,"mS/cm",25.767,-80.1371,NA
"1617",11017,"MiamiBeach","39","2020-05-30","Specific_Conductivity",57.3,"mS/cm",25.7813,-80.1556,NA
"1618",11018,"MiamiBeach","60","2020-05-17","Specific_Conductivity",56.036,"mS/cm",25.7933,-80.1453,NA
"1619",11019,"MiamiBeach","78","2020-06-27","Specific_Conductivity",0.00444,"mS/cm",25.8499,-80.1367,NA
"1620",11020,"MiamiBeach","4","2020-07-29","Specific_Conductivity",45.969,"mS/cm",25.8463,-80.1282,NA
"1621",11021,"MiamiBeach","70","2020-07-29","Specific_Conductivity",42.227,"mS/cm",25.8642,-80.1291,NA
"1622",11022,"MiamiBeach","47","2020-07-31","Specific_Conductivity",52.893,"mS/cm",25.7741,-80.1418,NA
"1623",11023,"MiamiBeach","22","2020-07-31","Specific_Conductivity",48.468,"mS/cm",25.7942,-80.1628,NA
"1624",11024,"MiamiBeach","28","2020-05-18","Specific_Conductivity",60.01,"mS/cm",25.7874,-80.155,NA
"1625",11025,"MiamiBeach","34","2020-05-18","Specific_Conductivity",60.054,"mS/cm",25.7858,-80.1656,NA
"1626",11026,"MiamiBeach","16","2020-05-19","Specific_Conductivity",53.162,"mS/cm",25.8051,-80.1269,NA
"1627",11027,"MiamiBeach","23","2020-06-13","Specific_Conductivity",44.536,"mS/cm",25.7954,-80.1592,NA
"1628",11028,"MiamiBeach","9","2020-06-13","Specific_Conductivity",44.632,"mS/cm",25.8002,-80.1278,NA
"1629",11029,"MiamiBeach","9","2020-08-12","Specific_Conductivity",41.585,"mS/cm",25.8002,-80.1278,NA
"1630",11030,"MiamiBeach","66","2020-08-13","Specific_Conductivity",40.922,"mS/cm",25.8234,-80.1232,NA
"1631",11031,"MiamiBeach","27","2020-05-20","Specific_Conductivity",54.741,"mS/cm",25.7878,-80.155,NA
"1632",11032,"MiamiBeach","33","2020-05-20","Specific_Conductivity",55.336,"mS/cm",25.7852,-80.1653,NA
"1633",11033,"MiamiBeach","29","2020-05-20","Specific_Conductivity",55.003,"mS/cm",25.7876,-80.1577,NA
"1634",11034,"MiamiBeach","28","2020-05-20","Specific_Conductivity",54.843,"mS/cm",25.7874,-80.155,NA
"1635",11035,"MiamiBeach","17","2020-07-18","Specific_Conductivity",42.533,"mS/cm",25.8052,-80.1268,NA
"1636",11036,"MiamiBeach","2","2020-07-18","Specific_Conductivity",45.121,"mS/cm",25.8167,-80.139,NA
"1637",11037,"MiamiBeach","16","2020-07-18","Specific_Conductivity",44.716,"mS/cm",25.8051,-80.1269,NA
"1638",11038,"MiamiBeach","19","2020-07-18","Specific_Conductivity",42.651,"mS/cm",25.8134,-80.1246,NA
"1639",11039,"MiamiBeach","30","2020-06-20","Specific_Conductivity",46.738,"mS/cm",25.7876,-80.1576,NA
"1640",11040,"MiamiBeach","29","2020-06-20","Specific_Conductivity",48.832,"mS/cm",25.7876,-80.1577,NA
"1641",11041,"MiamiBeach","17","2020-09-25","Specific_Conductivity",42.609,"mS/cm",25.8052,-80.1268,NA
"1642",11042,"MiamiBeach","24","2020-07-19","Specific_Conductivity",48.192,"mS/cm",25.796,-80.159,NA
"1643",11043,"MiamiBeach","66","2020-09-25","Specific_Conductivity",44.43,"mS/cm",25.8234,-80.1232,NA
"1644",11044,"MiamiBeach","34","2020-09-26","Specific_Conductivity",44.193,"mS/cm",25.7858,-80.1656,NA
"1645",11045,"MiamiBeach","38","2020-09-26","Specific_Conductivity",46.1,"mS/cm",25.7775,-80.1562,NA
"1646",11046,"MiamiBeach","52","2020-09-26","Specific_Conductivity",46.417,"mS/cm",25.7804,-80.1432,NA
"1647",11047,"MiamiBeach","9","2020-09-26","Specific_Conductivity",41.516,"mS/cm",25.8002,-80.1278,NA
"1648",11048,"MiamiBeach","38","2020-10-15","Specific_Conductivity",43.894,"mS/cm",25.7775,-80.1562,NA
"1649",11049,"MiamiBeach","74","2020-09-26","Specific_Conductivity",44.06,"mS/cm",25.7806,-80.1618,NA
"1650",11050,"MiamiBeach","56","2020-09-26","Specific_Conductivity",44.87,"mS/cm",25.7917,-80.1451,NA
"1651",11051,"MiamiBeach","42","2020-09-26","Specific_Conductivity",44.033,"mS/cm",25.8015,-80.1401,NA
"1652",11052,"MiamiBeach","21","2020-07-19","Specific_Conductivity",47.789,"mS/cm",25.7933,-80.1629,NA
"1653",11053,"MiamiBeach","22","2020-10-15","Specific_Conductivity",42.748,"mS/cm",25.7942,-80.1628,NA
"1654",11054,"MiamiBeach","54","2020-10-15","Specific_Conductivity",43.457,"mS/cm",25.7965,-80.1425,NA
"1655",11055,"MiamiBeach","70","2020-09-25","Specific_Conductivity",29.07,"mS/cm",25.8642,-80.1291,NA
"1656",11056,"MiamiBeach","70","2020-10-16","Specific_Conductivity",36.255,"mS/cm",25.8642,-80.1291,NA
"1657",11057,"MiamiBeach","24","2020-05-20","Specific_Conductivity",54.666,"mS/cm",25.796,-80.159,NA
"1658",11058,"MiamiBeach","52","2020-11-18","Specific_Conductivity",39.442,"mS/cm",25.7804,-80.1432,NA
"1659",11059,"MiamiBeach","56","2020-11-18","Specific_Conductivity",36.373,"mS/cm",25.7917,-80.1451,NA
"1660",11060,"MiamiBeach","46","2020-09-26","Specific_Conductivity",47.556,"mS/cm",25.767,-80.1371,NA
"1661",11061,"MiamiBeach","22","2020-09-26","Specific_Conductivity",42.25,"mS/cm",25.7942,-80.1628,NA
"1662",11062,"MiamiBeach","60","2020-10-15","Specific_Conductivity",43.922,"mS/cm",25.7933,-80.1453,NA
"1663",11063,"MiamiBeach","22","2020-11-18","Specific_Conductivity",36.7,"mS/cm",25.7942,-80.1628,NA
"1664",11064,"MiamiBeach","68","2020-10-16","Specific_Conductivity",36.401,"mS/cm",25.8549,-80.1374,NA
"1665",11065,"MiamiBeach","56","2020-01-14","Specific_Conductivity",32.798,"mS/cm",25.7917,-80.1451,NA
"1666",11066,"MiamiBeach","74","2020-11-19","Specific_Conductivity",27.29,"mS/cm",25.7806,-80.1618,NA
"1667",11067,"MiamiBeach","69","2020-10-16","Specific_Conductivity",40.327,"mS/cm",25.8586,-80.1259,NA
"1668",11068,"MiamiBeach","67","2020-10-16","Specific_Conductivity",40.763,"mS/cm",25.8388,-80.1225,NA
"1669",11069,"MiamiBeach","70","2020-01-15","Specific_Conductivity",24.93,"mS/cm",25.8642,-80.1291,NA
"1670",11070,"MiamiBeach","69","2020-01-15","Specific_Conductivity",27.936,"mS/cm",25.8586,-80.1259,NA
"1671",11071,"MiamiBeach","83","2020-12-21","Specific_Conductivity",49.29,"mS/cm",25.840485,-80.132921,NA
"1672",11072,"MiamiBeach","19","2020-01-22","Specific_Conductivity",49.387,"mS/cm",25.8134,-80.1246,NA
"1673",11073,"MiamiBeach","66","2020-11-19","Specific_Conductivity",36.794,"mS/cm",25.8234,-80.1232,NA
"1674",11074,"MiamiBeach","74","2020-11-18","Specific_Conductivity",35.432,"mS/cm",25.7806,-80.1618,NA
"1675",11075,"MiamiBeach","34","2020-11-18","Specific_Conductivity",37.244,"mS/cm",25.7858,-80.1656,NA
"1676",11076,"MiamiBeach","19","2020-01-15","Specific_Conductivity",26.134,"mS/cm",25.8134,-80.1246,NA
"1677",11077,"MiamiBeach","54","2020-01-15","Specific_Conductivity",28.467,"mS/cm",25.7965,-80.1425,NA
"1678",11078,"MiamiBeach","38","2020-01-14","Specific_Conductivity",19.329,"mS/cm",25.7775,-80.1562,NA
"1679",11079,"MiamiBeach","78","2020-11-19","Specific_Conductivity",2.14,"mS/cm",25.8499,-80.1367,NA
"1680",11080,"MiamiBeach","71","2020-11-19","Specific_Conductivity",33.842,"mS/cm",25.867,-80.1243,NA
"1681",11081,"MiamiBeach","47","2020-01-23","Specific_Conductivity",54.447,"mS/cm",25.7741,-80.1418,NA
"1682",11082,"MiamiBeach","63","2020-01-14","Specific_Conductivity",32.37,"mS/cm",25.781,-80.1616,NA
"1683",11083,"MiamiBeach","60","2020-01-14","Specific_Conductivity",33.491,"mS/cm",25.7933,-80.1453,NA
"1684",11084,"MiamiBeach","38","2020-01-23","Specific_Conductivity",54.063,"mS/cm",25.7775,-80.1562,NA
"1685",11085,"MiamiBeach","27","2020-08-25","Specific_Conductivity",42.192,"mS/cm",25.7878,-80.155,NA
"1686",11086,"MiamiBeach","33","2020-09-19","Specific_Conductivity",47.936,"mS/cm",25.7852,-80.1653,NA
"1687",11087,"MiamiBeach","32","2020-01-23","Specific_Conductivity",53.892,"mS/cm",25.7876,-80.1626,NA
"1688",11088,"MiamiBeach","67","2020-02-03","Specific_Conductivity",46.474,"mS/cm",25.8388,-80.1225,NA
"1689",11089,"MiamiBeach","67","2020-01-15","Specific_Conductivity",27.225,"mS/cm",25.8388,-80.1225,NA
"1690",11090,"MiamiBeach","17","2020-09-21","Specific_Conductivity",42.379,"mS/cm",25.8052,-80.1268,NA
"1691",11091,"MiamiBeach","9","2020-09-21","Specific_Conductivity",40.127,"mS/cm",25.8002,-80.1278,NA
"1692",11092,"MiamiBeach","70","2020-02-03","Specific_Conductivity",54.422,"mS/cm",25.8642,-80.1291,NA
"1693",11093,"MiamiBeach","71","2020-02-03","Specific_Conductivity",48.44,"mS/cm",25.867,-80.1243,NA
"1694",11094,"MiamiBeach","24","2020-01-23","Specific_Conductivity",52.921,"mS/cm",25.796,-80.159,NA
"1695",11095,"MiamiBeach","9","2020-01-23","Specific_Conductivity",51.375,"mS/cm",25.8002,-80.1278,NA
"1696",11096,"MiamiBeach","35","2020-12-20","Specific_Conductivity",4.816,"mS/cm",25.7823,-80.168,NA
"1697",11097,"MiamiBeach","69","2020-02-03","Specific_Conductivity",44.06,"mS/cm",25.8586,-80.1259,NA
"1698",11098,"MiamiBeach","4","2020-01-18","Specific_Conductivity",48.09,"mS/cm",25.8463,-80.1282,NA
"1699",11099,"MiamiBeach","56","2020-01-19","Specific_Conductivity",52.264,"mS/cm",25.7917,-80.1451,NA
"1700",11100,"MiamiBeach","84","2020-01-19","Specific_Conductivity",1.588,"mS/cm",25.840485,-80.132921,NA
"1701",11101,"MiamiBeach","34","2020-02-24","Specific_Conductivity",50.071,"mS/cm",25.7858,-80.1656,NA
"1702",11102,"MiamiBeach","47","2020-03-21","Specific_Conductivity",0.1095,"mS/cm",25.7741,-80.1418,NA
"1703",11103,"MiamiBeach","68","2020-02-25","Specific_Conductivity",50.854,"mS/cm",25.8549,-80.1374,NA
"1704",11104,"MiamiBeach","32","2020-03-21","Specific_Conductivity",0.0991,"mS/cm",25.7876,-80.1626,NA
"1705",11105,"MiamiBeach","25","2020-03-21","Specific_Conductivity",0.116,"mS/cm",25.7943,-80.1553,NA
"1706",11106,"MiamiBeach","60","2020-04-16","Specific_Conductivity",55.205,"mS/cm",25.7933,-80.1453,NA
"1707",11107,"MiamiBeach","34","2020-04-16","Specific_Conductivity",54.51,"mS/cm",25.7858,-80.1656,NA
"1708",11108,"MiamiBeach","22","2020-04-16","Specific_Conductivity",54.035,"mS/cm",25.7942,-80.1628,NA
"1709",11109,"MiamiBeach","42","2020-03-30","Specific_Conductivity",51.699,"mS/cm",25.8015,-80.1401,NA
"1710",11110,"MiamiBeach","47","2020-03-31","Specific_Conductivity",53.68,"mS/cm",25.7741,-80.1418,NA
"1711",11111,"MiamiBeach","68","2020-04-25","Specific_Conductivity",51.638,"mS/cm",25.8549,-80.1374,NA
"1712",11112,"MiamiBeach","38","2020-05-17","Specific_Conductivity",57.266,"mS/cm",25.7775,-80.1562,NA
"1713",11113,"MiamiBeach","34","2020-05-17","Specific_Conductivity",55.813,"mS/cm",25.7858,-80.1656,NA
"1714",11114,"MiamiBeach","22","2020-05-17","Specific_Conductivity",55.607,"mS/cm",25.7942,-80.1628,NA
"1715",11115,"MiamiBeach","63","2020-04-27","Specific_Conductivity",52.268,"mS/cm",25.781,-80.1616,NA
"1716",11116,"MiamiBeach","47","2020-06-26","Specific_Conductivity",0.05242,"mS/cm",25.7741,-80.1418,NA
"1717",11117,"MiamiBeach","34","2020-06-26","Specific_Conductivity",0.0516,"mS/cm",25.7858,-80.1656,NA
"1718",11118,"MiamiBeach","22","2020-06-26","Specific_Conductivity",0.04967,"mS/cm",25.7942,-80.1628,NA
"1719",11119,"MiamiBeach","42","2020-06-26","Specific_Conductivity",0.04841,"mS/cm",25.8015,-80.1401,NA
"1720",11120,"MiamiBeach","69","2020-06-27","Specific_Conductivity",0.04215,"mS/cm",25.8586,-80.1259,NA
"1721",11121,"MiamiBeach","63","2020-07-31","Specific_Conductivity",48.919,"mS/cm",25.781,-80.1616,NA
"1722",11122,"MiamiBeach","42","2020-07-31","Specific_Conductivity",48.521,"mS/cm",25.8015,-80.1401,NA
"1723",11123,"MiamiBeach","34","2020-08-12","Specific_Conductivity",46.3,"mS/cm",25.7858,-80.1656,NA
"1724",11124,"MiamiBeach","17","2020-08-13","Specific_Conductivity",41.617,"mS/cm",25.8052,-80.1268,NA
"1725",11125,"MiamiBeach","60","2020-04-27","Specific_Conductivity",52.63,"mS/cm",25.7933,-80.1453,NA
"1726",11126,"MiamiBeach","9","2020-04-27","Specific_Conductivity",51.011,"mS/cm",25.8002,-80.1278,NA
"1727",11127,"MiamiBeach","68","2020-09-25","Specific_Conductivity",48.374,"mS/cm",25.8549,-80.1374,NA
"1728",11128,"MiamiBeach","71","2020-09-25","Specific_Conductivity",47.843,"mS/cm",25.867,-80.1243,NA
"1729",11129,"MiamiBeach","4","2020-09-25","Specific_Conductivity",45.869,"mS/cm",25.8463,-80.1282,NA
"1730",11130,"MiamiBeach","37","2020-05-20","Specific_Conductivity",55.315,"mS/cm",25.7776,-80.1565,NA
"1731",11131,"MiamiBeach","4","2020-07-18","Specific_Conductivity",45.32,"mS/cm",25.8463,-80.1282,NA
"1732",11132,"MiamiBeach","9","2020-07-18","Specific_Conductivity",47.517,"mS/cm",25.8002,-80.1278,NA
"1733",11133,"MiamiBeach","18","2020-07-18","Specific_Conductivity",44.76,"mS/cm",25.8075,-80.1251,NA
"1734",11134,"MiamiBeach","54","2020-09-26","Specific_Conductivity",44.868,"mS/cm",25.7965,-80.1425,NA
"1735",11135,"MiamiBeach","47","2020-10-15","Specific_Conductivity",46.353,"mS/cm",25.7741,-80.1418,NA
"1736",11136,"MiamiBeach","42","2020-10-15","Specific_Conductivity",42.909,"mS/cm",25.8015,-80.1401,NA
"1737",11137,"MiamiBeach","17","2020-10-16","Specific_Conductivity",39.337,"mS/cm",25.8052,-80.1268,NA
"1738",11138,"MiamiBeach","47","2020-11-18","Specific_Conductivity",39.481,"mS/cm",25.7741,-80.1418,NA
"1739",11139,"MiamiBeach","63","2020-11-18","Specific_Conductivity",37.56,"mS/cm",25.781,-80.1616,NA
"1740",11140,"MiamiBeach","4","2020-11-19","Specific_Conductivity",34.409,"mS/cm",25.8463,-80.1282,NA
"1741",11141,"MiamiBeach","17","2020-11-19","Specific_Conductivity",30.233,"mS/cm",25.8052,-80.1268,NA
"1742",11142,"MiamiBeach","74","2020-01-14","Specific_Conductivity",10.173,"mS/cm",25.7806,-80.1618,NA
"1743",11143,"MiamiBeach","9","2020-01-14","Specific_Conductivity",28.735,"mS/cm",25.8002,-80.1278,NA
"1744",11144,"MiamiBeach","4","2020-01-15","Specific_Conductivity",26.197,"mS/cm",25.8463,-80.1282,NA
"1745",11145,"MiamiBeach","42","2020-01-15","Specific_Conductivity",28.777,"mS/cm",25.8015,-80.1401,NA
"1746",11146,"MiamiBeach","68","2020-02-03","Specific_Conductivity",40.992,"mS/cm",25.8549,-80.1374,NA
"1747",11147,"MiamiBeach","74","2020-04-15","Specific_Conductivity",54.868,"mS/cm",25.7806,-80.1618,NA
"1748",11148,"MiamiBeach","34","2020-04-15","Specific_Conductivity",53.696,"mS/cm",25.7858,-80.1656,NA
"1749",11149,"MiamiBeach","4","2020-05-26","Specific_Conductivity",29.63,"mS/cm",25.8463,-80.1282,NA
"1750",11150,"MiamiBeach","74","2020-05-27","Specific_Conductivity",1.912,"mS/cm",25.7806,-80.1618,NA
"1751",11151,"MiamiBeach","34","2020-05-27","Specific_Conductivity",43.835,"mS/cm",25.7858,-80.1656,NA
"1752",11152,"MiamiBeach","69","2020-06-23","Specific_Conductivity",39.714,"mS/cm",25.8586,-80.1259,NA
"1753",11153,"MiamiBeach","34","2020-06-29","Specific_Conductivity",48.672,"mS/cm",25.7858,-80.1656,NA
"1754",11154,"MiamiBeach","63","2020-07-30","Specific_Conductivity",46.887,"mS/cm",25.781,-80.1616,NA
"1755",11155,"MiamiBeach","22","2020-07-30","Specific_Conductivity",45.834,"mS/cm",25.7942,-80.1628,NA
"1756",11156,"MiamiBeach","52","2020-08-13","Specific_Conductivity",46.395,"mS/cm",25.7804,-80.1432,NA
"1757",11157,"MiamiBeach","60","2020-08-13","Specific_Conductivity",45.995,"mS/cm",25.7933,-80.1453,NA
"1758",11158,"MiamiBeach","23","2020-08-16","Specific_Conductivity",6.253,"mS/cm",25.7954,-80.1592,NA
"1759",11159,"MiamiBeach","52","2020-01-18","Specific_Conductivity",23.2,"mS/cm",25.7804,-80.1432,NA
"1760",11160,"MiamiBeach","4","2020-08-14","Specific_Conductivity",45.955,"mS/cm",25.8463,-80.1282,NA
"1761",11161,"MiamiBeach","36","2020-11-14","Specific_Conductivity",23.9,"mS/cm",25.7825,-80.1682,NA
"1762",11162,"MiamiBeach","19","2020-08-14","Specific_Conductivity",45.296,"mS/cm",25.8134,-80.1246,NA
"1763",11163,"MiamiBeach","60","2020-09-23","Specific_Conductivity",47.366,"mS/cm",25.7933,-80.1453,NA
"1764",11164,"MiamiBeach","34","2020-09-23","Specific_Conductivity",47.917,"mS/cm",25.7858,-80.1656,NA
"1765",11165,"MiamiBeach","79","2020-09-23","Specific_Conductivity",1.087,"mS/cm",25.8531,-80.1295,NA
"1766",11166,"MiamiBeach","4","2020-10-13","Specific_Conductivity",41.092,"mS/cm",25.8463,-80.1282,NA
"1767",11167,"MiamiBeach","67","2020-10-13","Specific_Conductivity",41.049,"mS/cm",25.8388,-80.1225,NA
"1768",11168,"MiamiBeach","17","2020-10-13","Specific_Conductivity",41.997,"mS/cm",25.8052,-80.1268,NA
"1769",11169,"MiamiBeach","56","2020-10-15","Specific_Conductivity",48.536,"mS/cm",25.7917,-80.1451,NA
"1770",11170,"MiamiBeach","52","2020-10-15","Specific_Conductivity",51.793,"mS/cm",25.7804,-80.1432,NA
"1771",11171,"MiamiBeach","38","2020-10-15","Specific_Conductivity",44.974,"mS/cm",25.7775,-80.1562,NA
"1772",11172,"MiamiBeach","33","2020-11-14","Specific_Conductivity",24.2,"mS/cm",25.7852,-80.1653,NA
"1773",11173,"MiamiBeach","26","2020-12-14","Specific_Conductivity",25.599,"mS/cm",25.7949,-80.1553,NA
"1774",11174,"MiamiBeach","24","2020-05-29","Specific_Conductivity",41.457,"mS/cm",25.796,-80.159,NA
"1775",11175,"MiamiBeach","33","2020-05-29","Specific_Conductivity",42.387,"mS/cm",25.7852,-80.1653,NA
"1776",11176,"MiamiBeach","19","2020-01-10","Specific_Conductivity",42.938,"mS/cm",25.8134,-80.1246,NA
"1777",11177,"MiamiBeach","21","2020-10-27","Specific_Conductivity",43.47,"mS/cm",25.7933,-80.1629,NA
"1778",11178,"MiamiBeach","52","2020-05-29","Specific_Conductivity",43.619,"mS/cm",25.7804,-80.1432,NA
"1779",11179,"MiamiBeach","78","2020-11-18","Specific_Conductivity",2.564,"mS/cm",25.8499,-80.1367,NA
"1780",11180,"MiamiBeach","61","2020-11-08","Specific_Conductivity",44.92,"mS/cm",25.8262,-80.134,NA
"1781",11181,"MiamiBeach","27","2020-10-27","Specific_Conductivity",45.93,"mS/cm",25.7878,-80.155,NA
"1782",11182,"MiamiBeach","42","2020-10-24","Specific_Conductivity",45.96,"mS/cm",25.8015,-80.1401,NA
"1783",11183,"MiamiBeach","17","2020-01-10","Specific_Conductivity",45.961,"mS/cm",25.8052,-80.1268,NA
"1784",11184,"MiamiBeach","2","2020-09-20","Specific_Conductivity",45.98,"mS/cm",25.8167,-80.139,NA
"1785",11185,"MiamiBeach","42","2020-09-20","Specific_Conductivity",46.17,"mS/cm",25.8015,-80.1401,NA
"1786",11186,"MiamiBeach","74","2020-05-04","Specific_Conductivity",17.849,"mS/cm",25.7806,-80.1618,NA
"1787",11187,"MiamiBeach","34","2020-09-20","Specific_Conductivity",46.216,"mS/cm",25.7858,-80.1656,NA
"1788",11188,"MiamiBeach","2","2020-09-18","Specific_Conductivity",46.25,"mS/cm",25.8167,-80.139,NA
"1789",11189,"MiamiBeach","33","2020-10-27","Specific_Conductivity",46.33,"mS/cm",25.7852,-80.1653,NA
"1790",11190,"MiamiBeach","4","2020-08-15","Specific_Conductivity",46.332,"mS/cm",25.8463,-80.1282,NA
"1791",11191,"MiamiBeach","32","2020-09-20","Specific_Conductivity",46.37,"mS/cm",25.7876,-80.1626,NA
"1792",11192,"MiamiBeach","16","2020-12-20","Specific_Conductivity",46.48,"mS/cm",25.8051,-80.1269,NA
"1793",11193,"MiamiBeach","29","2020-07-28","Specific_Conductivity",46.9,"mS/cm",25.7876,-80.1577,NA
"1794",11194,"MiamiBeach","19","2020-12-20","Specific_Conductivity",46.9,"mS/cm",25.8134,-80.1246,NA
"1795",11195,"MiamiBeach","42","2020-11-08","Specific_Conductivity",46.95,"mS/cm",25.8015,-80.1401,NA
"1796",11196,"MiamiBeach","28","2020-09-20","Specific_Conductivity",47.038,"mS/cm",25.7874,-80.155,NA
"1797",11197,"MiamiBeach","33","2020-08-16","Specific_Conductivity",47.055,"mS/cm",25.7852,-80.1653,NA
"1798",11198,"MiamiBeach","2","2020-08-15","Specific_Conductivity",47.277,"mS/cm",25.8167,-80.139,NA
"1799",11199,"MiamiBeach","36","2020-07-28","Specific_Conductivity",47.3,"mS/cm",25.7825,-80.1682,NA
"1800",11200,"MiamiBeach","34","2020-09-21","Specific_Conductivity",48.01,"mS/cm",25.7858,-80.1656,NA
"1801",11201,"MiamiBeach","24","2020-08-16","Specific_Conductivity",48.08,"mS/cm",25.796,-80.159,NA
"1802",11202,"MiamiBeach","69","2020-12-21","Specific_Conductivity",44.107,"mS/cm",25.8586,-80.1259,NA
"1803",11203,"MiamiBeach","38","2020-12-22","Specific_Conductivity",44.985,"mS/cm",25.7775,-80.1562,NA
"1804",11204,"MiamiBeach","79","2020-05-04","Specific_Conductivity",1.185,"mS/cm",25.8531,-80.1295,NA
"1805",11205,"MiamiBeach","34","2020-05-21","Specific_Conductivity",56.174,"mS/cm",25.7858,-80.1656,NA
"1806",11206,"MiamiBeach","81","2020-01-28","Specific_Conductivity",48.524,"mS/cm",25.802142,-80.126487,NA
"1807",11207,"MiamiBeach","60","2020-01-28","Specific_Conductivity",49.83,"mS/cm",25.7933,-80.1453,NA
"1808",11208,"MiamiBeach","79","2020-01-29","Specific_Conductivity",1.221,"mS/cm",25.8531,-80.1295,NA
"1809",11209,"MiamiBeach","26","2020-01-11","Specific_Conductivity",48.142,"mS/cm",25.7949,-80.1553,NA
"1810",11210,"MiamiBeach","23","2020-11-09","Specific_Conductivity",48.45,"mS/cm",25.7954,-80.1592,NA
"1811",11211,"MiamiBeach","54","2020-10-31","Specific_Conductivity",48.802,"mS/cm",25.7965,-80.1425,NA
"1812",11212,"MiamiBeach","29","2020-10-30","Specific_Conductivity",48.813,"mS/cm",25.7876,-80.1577,NA
"1813",11213,"MiamiBeach","26","2020-08-16","Specific_Conductivity",48.873,"mS/cm",25.7949,-80.1553,NA
"1814",11214,"MiamiBeach","2","2020-11-26","Specific_Conductivity",48.873,"mS/cm",25.8167,-80.139,NA
"1815",11215,"MiamiBeach","62","2020-08-16","Specific_Conductivity",48.91,"mS/cm",25.7808,-80.1617,NA
"1816",11216,"MiamiBeach","21","2020-01-11","Specific_Conductivity",48.913,"mS/cm",25.7933,-80.1629,NA
"1817",11217,"MiamiBeach","36","2020-01-11","Specific_Conductivity",49.402,"mS/cm",25.7825,-80.1682,NA
"1818",11218,"MiamiBeach","19","2020-03-15","Specific_Conductivity",49.5,"mS/cm",25.8134,-80.1246,NA
"1819",11219,"MiamiBeach","23","2020-11-27","Specific_Conductivity",49.648,"mS/cm",25.7954,-80.1592,NA
"1820",11220,"MiamiBeach","23","2020-02-23","Specific_Conductivity",50.158,"mS/cm",25.7954,-80.1592,NA
"1821",11221,"MiamiBeach","22","2020-02-23","Specific_Conductivity",50.25,"mS/cm",25.7942,-80.1628,NA
"1822",11222,"MiamiBeach","60","2020-03-30","Specific_Conductivity",53.01,"mS/cm",25.7933,-80.1453,NA
"1823",11223,"MiamiBeach","40","2020-03-16","Specific_Conductivity",50.4,"mS/cm",25.7813,-80.1552,NA
"1824",11224,"MiamiBeach","4","2020-05-16","Specific_Conductivity",50.597,"mS/cm",25.8463,-80.1282,NA
"1825",11225,"MiamiBeach","37","2020-10-30","Specific_Conductivity",50.625,"mS/cm",25.7776,-80.1565,NA
"1826",11226,"MiamiBeach","17","2020-04-19","Specific_Conductivity",50.654,"mS/cm",25.8052,-80.1268,NA
"1827",11227,"MiamiBeach","17","2020-08-18","Specific_Conductivity",51.011,"mS/cm",25.8052,-80.1268,NA
"1828",11228,"MiamiBeach","32","2020-09-23","Specific_Conductivity",51.1,"mS/cm",25.7876,-80.1626,NA
"1829",11229,"MiamiBeach","60","2020-02-23","Specific_Conductivity",51.157,"mS/cm",25.7933,-80.1453,NA
"1830",11230,"MiamiBeach","38","2020-11-27","Specific_Conductivity",51.677,"mS/cm",25.7775,-80.1562,NA
"1831",11231,"MiamiBeach","47","2020-02-23","Specific_Conductivity",51.917,"mS/cm",25.7741,-80.1418,NA
"1832",11232,"MiamiBeach","45","2020-11-27","Specific_Conductivity",51.968,"mS/cm",25.767,-80.137,NA
"1833",11233,"MiamiBeach","54","2020-05-25","Specific_Conductivity",55.812,"mS/cm",25.7965,-80.1425,NA
"1834",11234,"MiamiBeach","60","2020-05-25","Specific_Conductivity",55.889,"mS/cm",25.7933,-80.1453,NA
"1835",11235,"MiamiBeach","9","2020-05-27","Specific_Conductivity",55.697,"mS/cm",25.8002,-80.1278,NA
"1836",11236,"MiamiBeach","79","2020-03-30","Specific_Conductivity",1.132,"mS/cm",25.8531,-80.1295,NA
"1837",11237,"MiamiBeach","36","2020-09-23","Specific_Conductivity",52,"mS/cm",25.7825,-80.1682,NA
"1838",11238,"MiamiBeach","30","2020-06-22","Specific_Conductivity",52.093,"mS/cm",25.7876,-80.1576,NA
"1839",11239,"MiamiBeach","9","2020-04-18","Specific_Conductivity",52.245,"mS/cm",25.8002,-80.1278,NA
"1840",11240,"MiamiBeach","54","2020-05-16","Specific_Conductivity",52.768,"mS/cm",25.7965,-80.1425,NA
"1841",11241,"MiamiBeach","32","2020-08-15","Specific_Conductivity",53.276,"mS/cm",25.7876,-80.1626,NA
"1842",11242,"MiamiBeach","17","2020-06-16","Specific_Conductivity",43.55,"mS/cm",25.8052,-80.1268,NA
"1843",11243,"MiamiBeach","54","2020-06-17","Specific_Conductivity",51.898,"mS/cm",25.7965,-80.1425,NA
"1844",11244,"MiamiBeach","63","2020-06-17","Specific_Conductivity",53.27,"mS/cm",25.781,-80.1616,NA
"1845",11245,"MiamiBeach","79","2020-06-17","Specific_Conductivity",0.602,"mS/cm",25.8531,-80.1295,NA
"1846",11246,"MiamiBeach","83","2020-07-14","Specific_Conductivity",40.83,"mS/cm",25.840485,-80.132921,NA
"1847",11247,"MiamiBeach","70","2020-07-14","Specific_Conductivity",41.22,"mS/cm",25.8642,-80.1291,NA
"1848",11248,"MiamiBeach","67","2020-07-14","Specific_Conductivity",38.91,"mS/cm",25.8388,-80.1225,NA
"1849",11249,"MiamiBeach","17","2020-07-14","Specific_Conductivity",39.35,"mS/cm",25.8052,-80.1268,NA
"1850",11250,"MiamiBeach","52","2020-06-18","Specific_Conductivity",49.006,"mS/cm",25.7804,-80.1432,NA
"1851",11251,"MiamiBeach","30","2020-02-09","Specific_Conductivity",53.861,"mS/cm",25.7876,-80.1576,NA
"1852",11252,"MiamiBeach","48","2020-03-08","Specific_Conductivity",53.969,"mS/cm",25.7741,-80.1419,NA
"1853",11253,"MiamiBeach","59","2020-03-07","Specific_Conductivity",54.195,"mS/cm",25.7933,-80.1451,NA
"1854",11254,"MiamiBeach","61","2020-04-19","Specific_Conductivity",54.226,"mS/cm",25.8262,-80.134,NA
"1855",11255,"MiamiBeach","56","2020-03-07","Specific_Conductivity",54.331,"mS/cm",25.7917,-80.1451,NA
"1856",11256,"MiamiBeach","30","2020-06-18","Specific_Conductivity",49.414,"mS/cm",25.7876,-80.1576,NA
"1857",11257,"MiamiBeach","26","2020-06-18","Specific_Conductivity",49.553,"mS/cm",25.7949,-80.1553,NA
"1858",11258,"MiamiBeach","47","2020-07-15","Specific_Conductivity",50.34,"mS/cm",25.7741,-80.1418,NA
"1859",11259,"MiamiBeach","78","2020-08-16","Specific_Conductivity",4.393,"mS/cm",25.8499,-80.1367,NA
"1860",11260,"MiamiBeach","70","2020-08-16","Specific_Conductivity",46.006,"mS/cm",25.8642,-80.1291,NA
"1861",11261,"MiamiBeach","69","2020-08-16","Specific_Conductivity",45.122,"mS/cm",25.8586,-80.1259,NA
"1862",11262,"MiamiBeach","16","2020-11-15","Specific_Conductivity",55,"mS/cm",25.8051,-80.1269,NA
"1863",11263,"MiamiBeach","22","2020-09-21","Specific_Conductivity",48.526,"mS/cm",25.7942,-80.1628,NA
"1864",11264,"MiamiBeach","74","2020-09-21","Specific_Conductivity",41.992,"mS/cm",25.7806,-80.1618,NA
"1865",11265,"MiamiBeach","42","2020-09-21","Specific_Conductivity",48.036,"mS/cm",25.8015,-80.1401,NA
"1866",11266,"MiamiBeach","60","2020-09-21","Specific_Conductivity",50.121,"mS/cm",25.7933,-80.1453,NA
"1867",11267,"MiamiBeach","38","2020-08-15","Specific_Conductivity",55.074,"mS/cm",25.7775,-80.1562,NA
"1868",11268,"MiamiBeach","35","2020-07-19","Specific_Conductivity",48.37,"mS/cm",25.7823,-80.168,NA
"1869",11269,"MiamiBeach","19","2020-09-22","Specific_Conductivity",43.245,"mS/cm",25.8134,-80.1246,NA
"1870",11270,"MiamiBeach","27","2020-07-19","Specific_Conductivity",48.951,"mS/cm",25.7878,-80.155,NA
"1871",11271,"MiamiBeach","42","2020-04-18","Specific_Conductivity",55.235,"mS/cm",25.8015,-80.1401,NA
"1872",11272,"MiamiBeach","74","2020-10-22","Specific_Conductivity",32.872,"mS/cm",25.7806,-80.1618,NA
"1873",11273,"MiamiBeach","71","2020-10-28","Specific_Conductivity",45.579,"mS/cm",25.867,-80.1243,NA
"1874",11274,"MiamiBeach","19","2020-10-28","Specific_Conductivity",45.666,"mS/cm",25.8134,-80.1246,NA
"1875",11275,"MiamiBeach","9","2020-10-28","Specific_Conductivity",46.113,"mS/cm",25.8002,-80.1278,NA
"1876",11276,"MiamiBeach","79","2020-10-28","Specific_Conductivity",1.384,"mS/cm",25.8531,-80.1295,NA
"1877",11277,"MiamiBeach","69","2020-11-15","Specific_Conductivity",45.049,"mS/cm",25.8586,-80.1259,NA
"1878",11278,"MiamiBeach","60","2020-11-15","Specific_Conductivity",45.763,"mS/cm",25.7933,-80.1453,NA
"1879",11279,"MiamiBeach","4","2020-12-22","Specific_Conductivity",49.222,"mS/cm",25.8463,-80.1282,NA
"1880",11280,"MiamiBeach","81","2020-12-22","Specific_Conductivity",48.508,"mS/cm",25.802142,-80.126487,NA
"1881",11281,"MiamiBeach","70","2020-05-20","Specific_Conductivity",56.519,"mS/cm",25.8642,-80.1291,NA
"1882",11282,"MiamiBeach","66","2020-12-23","Specific_Conductivity",23.972,"mS/cm",25.8234,-80.1232,NA
"1883",11283,"MiamiBeach","42","2020-12-23","Specific_Conductivity",32.707,"mS/cm",25.8015,-80.1401,NA
"1884",11284,"MiamiBeach","52","2020-12-24","Specific_Conductivity",33.557,"mS/cm",25.7804,-80.1432,NA
"1885",11285,"MiamiBeach","46","2020-02-12","Specific_Conductivity",41.763,"mS/cm",25.767,-80.1371,NA
"1886",11286,"MiamiBeach","38","2020-02-12","Specific_Conductivity",46.557,"mS/cm",25.7775,-80.1562,NA
"1887",11287,"MiamiBeach","25","2020-05-18","Specific_Conductivity",59.79,"mS/cm",25.7943,-80.1553,NA
"1888",11288,"MiamiBeach","60","2020-03-18","Specific_Conductivity",54.86,"mS/cm",25.7933,-80.1453,NA
"1889",11289,"MiamiBeach","9","2020-03-18","Specific_Conductivity",51.633,"mS/cm",25.8002,-80.1278,NA
"1890",11290,"MiamiBeach","37","2020-01-11","Specific_Conductivity",45.463,"mS/cm",25.7776,-80.1565,NA
"1891",11291,"MiamiBeach","32","2020-01-11","Specific_Conductivity",77.449,"mS/cm",25.7876,-80.1626,NA
"1892",11292,"MiamiBeach","29","2020-01-11","Specific_Conductivity",46.332,"mS/cm",25.7876,-80.1577,NA
"1893",11293,"MiamiBeach","60","2020-11-15","Specific_Conductivity",60.2,"mS/cm",25.7933,-80.1453,NA
"1894",11294,"MiamiBeach","26","2020-02-13","Specific_Conductivity",48.724,"mS/cm",25.7949,-80.1553,NA
"1895",11295,"MiamiBeach","25","2020-02-13","Specific_Conductivity",47.362,"mS/cm",25.7943,-80.1553,NA
"1896",11296,"MiamiBeach","25","2020-08-16","Specific_Conductivity",6.732,"mS/cm",25.7943,-80.1553,NA
"1897",11297,"MiamiBeach","32","2020-10-03","Specific_Conductivity",16.27,"mS/cm",25.7876,-80.1626,NA
"1898",11298,"MiamiBeach","40","2020-10-03","Specific_Conductivity",16.41,"mS/cm",25.7813,-80.1552,NA
"1899",11299,"MiamiBeach","39","2020-10-03","Specific_Conductivity",16.52,"mS/cm",25.7813,-80.1556,NA
"1900",11300,"MiamiBeach","31","2020-10-03","Specific_Conductivity",16.59,"mS/cm",25.788,-80.1627,NA
"1901",11301,"MiamiBeach","35","2020-10-03","Specific_Conductivity",16.61,"mS/cm",25.7823,-80.168,NA
"1902",11302,"MiamiBeach","23","2020-10-03","Specific_Conductivity",16.66,"mS/cm",25.7954,-80.1592,NA
"1903",11303,"MiamiBeach","29","2020-10-03","Specific_Conductivity",16.9,"mS/cm",25.7876,-80.1577,NA
"1904",11304,"MiamiBeach","29","2020-08-16","Specific_Conductivity",21.862,"mS/cm",25.7876,-80.1577,NA
"1905",11305,"MiamiBeach","2","2020-01-18","Specific_Conductivity",22.1,"mS/cm",25.8167,-80.139,NA
"1906",11306,"MiamiBeach","16","2020-10-04","Specific_Conductivity",38.1,"mS/cm",25.8051,-80.1269,NA
"1907",11307,"MiamiBeach","27","2020-05-29","Specific_Conductivity",43.709,"mS/cm",25.7878,-80.155,NA
"1908",11308,"MiamiBeach","4","2020-09-20","Specific_Conductivity",43.75,"mS/cm",25.8463,-80.1282,NA
"1909",11309,"MiamiBeach","40","2020-05-29","Specific_Conductivity",43.867,"mS/cm",25.7813,-80.1552,NA
"1910",11310,"MiamiBeach","21","2020-08-16","Specific_Conductivity",44.439,"mS/cm",25.7933,-80.1629,NA
"1911",11311,"MiamiBeach","21","2020-09-12","Specific_Conductivity",44.7,"mS/cm",25.7933,-80.1629,NA
"1912",11312,"MiamiBeach","17","2020-05-16","Specific_Conductivity",45.591,"mS/cm",25.8052,-80.1268,NA
"1913",11313,"MiamiBeach","19","2020-10-31","Specific_Conductivity",45.75,"mS/cm",25.8134,-80.1246,NA
"1914",11314,"MiamiBeach","23","2020-07-28","Specific_Conductivity",46.6,"mS/cm",25.7954,-80.1592,NA
"1915",11315,"MiamiBeach","28","2020-10-27","Specific_Conductivity",46.63,"mS/cm",25.7874,-80.155,NA
"1916",11316,"MiamiBeach","33","2020-09-20","Specific_Conductivity",46.662,"mS/cm",25.7852,-80.1653,NA
"1917",11317,"MiamiBeach","42","2020-09-18","Specific_Conductivity",46.715,"mS/cm",25.8015,-80.1401,NA
"1918",11318,"MiamiBeach","64","2020-11-26","Specific_Conductivity",46.79,"mS/cm",25.8078,-80.1253,NA
"1919",11319,"MiamiBeach","54","2020-09-18","Specific_Conductivity",46.85,"mS/cm",25.7965,-80.1425,NA
"1920",11320,"MiamiBeach","39","2020-09-20","Specific_Conductivity",47.8,"mS/cm",25.7813,-80.1556,NA
"1921",11321,"MiamiBeach","9","2020-12-14","Specific_Conductivity",47.854,"mS/cm",25.8002,-80.1278,NA
"1922",11322,"MiamiBeach","17","2020-02-21","Specific_Conductivity",47.96,"mS/cm",25.8052,-80.1268,NA
"1923",11323,"MiamiBeach","21","2020-08-16","Specific_Conductivity",48,"mS/cm",25.7933,-80.1629,NA
"1924",11324,"MiamiBeach","48","2020-03-16","Specific_Conductivity",48.6,"mS/cm",25.7741,-80.1419,NA
"1925",11325,"MiamiBeach","26","2020-03-16","Specific_Conductivity",48.6,"mS/cm",25.7949,-80.1553,NA
"1926",11326,"MiamiBeach","24","2020-11-09","Specific_Conductivity",48.6,"mS/cm",25.796,-80.159,NA
"1927",11327,"MiamiBeach","34","2020-12-19","Specific_Conductivity",48.65,"mS/cm",25.7858,-80.1656,NA
"1928",11328,"MiamiBeach","19","2020-08-26","Specific_Conductivity",49.036,"mS/cm",25.8134,-80.1246,NA
"1929",11329,"MiamiBeach","54","2020-12-20","Specific_Conductivity",49.04,"mS/cm",25.7965,-80.1425,NA
"1930",11330,"MiamiBeach","56","2020-12-19","Specific_Conductivity",49.27,"mS/cm",25.7917,-80.1451,NA
"1931",11331,"MiamiBeach","32","2020-03-16","Specific_Conductivity",49.8,"mS/cm",25.7876,-80.1626,NA
"1932",11332,"MiamiBeach","40","2020-09-21","Specific_Conductivity",49.85,"mS/cm",25.7813,-80.1552,NA
"1933",11333,"MiamiBeach","48","2020-07-28","Specific_Conductivity",49.9,"mS/cm",25.7741,-80.1419,NA
"1934",11334,"MiamiBeach","36","2020-11-27","Specific_Conductivity",50.031,"mS/cm",25.7825,-80.1682,NA
"1935",11335,"MiamiBeach","59","2020-11-26","Specific_Conductivity",50.832,"mS/cm",25.7933,-80.1451,NA
"1936",11336,"MiamiBeach","21","2020-06-22","Specific_Conductivity",50.836,"mS/cm",25.7933,-80.1629,NA
"1937",11337,"MiamiBeach","34","2020-06-22","Specific_Conductivity",50.865,"mS/cm",25.7858,-80.1656,NA
"1938",11338,"MiamiBeach","46","2020-10-04","Specific_Conductivity",51.4,"mS/cm",25.767,-80.1371,NA
"1939",11339,"MiamiBeach","45","2020-01-11","Specific_Conductivity",51.401,"mS/cm",25.767,-80.137,NA
"1940",11340,"MiamiBeach","39","2020-01-17","Specific_Conductivity",51.407,"mS/cm",25.7813,-80.1556,NA
"1941",11341,"MiamiBeach","54","2020-06-21","Specific_Conductivity",51.449,"mS/cm",25.7965,-80.1425,NA
"1942",11342,"MiamiBeach","31","2020-02-09","Specific_Conductivity",52.385,"mS/cm",25.788,-80.1627,NA
"1943",11343,"MiamiBeach","59","2020-08-15","Specific_Conductivity",52.516,"mS/cm",25.7933,-80.1451,NA
"1944",11344,"MiamiBeach","9","2020-11-17","Specific_Conductivity",52.7,"mS/cm",25.8002,-80.1278,NA
"1945",11345,"MiamiBeach","39","2020-02-09","Specific_Conductivity",53.596,"mS/cm",25.7813,-80.1556,NA
"1946",11346,"MiamiBeach","63","2020-03-08","Specific_Conductivity",53.596,"mS/cm",25.781,-80.1616,NA
"1947",11347,"MiamiBeach","23","2020-02-09","Specific_Conductivity",53.621,"mS/cm",25.7954,-80.1592,NA
"1948",11348,"MiamiBeach","35","2020-08-15","Specific_Conductivity",53.681,"mS/cm",25.7823,-80.168,NA
"1949",11349,"MiamiBeach","40","2020-03-08","Specific_Conductivity",53.82,"mS/cm",25.7813,-80.1552,NA
"1950",11350,"MiamiBeach","33","2020-03-27","Specific_Conductivity",47.164,"mS/cm",25.7852,-80.1653,NA
"1951",11351,"MiamiBeach","24","2020-03-27","Specific_Conductivity",47.372,"mS/cm",25.796,-80.159,NA
"1952",11352,"MiamiBeach","33","2020-06-18","Specific_Conductivity",48.408,"mS/cm",25.7852,-80.1653,NA
"1953",11353,"MiamiBeach","23","2020-06-18","Specific_Conductivity",48.377,"mS/cm",25.7954,-80.1592,NA
"1954",11354,"MiamiBeach","9","2020-06-19","Specific_Conductivity",46.5,"mS/cm",25.8002,-80.1278,NA
"1955",11355,"MiamiBeach","18","2020-05-16","Specific_Conductivity",48.813,"mS/cm",25.8075,-80.1251,NA
"1956",11356,"MiamiBeach","23","2020-05-19","Specific_Conductivity",50.606,"mS/cm",25.7954,-80.1592,NA
"1957",11357,"MiamiBeach","9","2020-05-19","Specific_Conductivity",46.736,"mS/cm",25.8002,-80.1278,NA
"1958",11358,"MiamiBeach","22","2020-04-18","Specific_Conductivity",54.925,"mS/cm",25.7942,-80.1628,NA
"1959",11359,"MiamiBeach","4","2020-04-19","Specific_Conductivity",55.033,"mS/cm",25.8463,-80.1282,NA
"1960",11360,"MiamiBeach","54","2020-08-18","Specific_Conductivity",55.102,"mS/cm",25.7965,-80.1425,NA
"1961",11361,"MiamiBeach","25","2020-05-30","Specific_Conductivity",54.938,"mS/cm",25.7943,-80.1553,NA
"1962",11362,"MiamiBeach","29","2020-07-19","Specific_Conductivity",48.84,"mS/cm",25.7876,-80.1577,NA
"1963",11363,"MiamiBeach","25","2020-04-18","Specific_Conductivity",55.326,"mS/cm",25.7943,-80.1553,NA
"1964",11364,"MiamiBeach","56","2020-08-18","Specific_Conductivity",55.337,"mS/cm",25.7917,-80.1451,NA
"1965",11365,"MiamiBeach","60","2020-04-18","Specific_Conductivity",55.444,"mS/cm",25.7933,-80.1453,NA
"1966",11366,"MiamiBeach","33","2020-05-30","Specific_Conductivity",56.445,"mS/cm",25.7852,-80.1653,NA
"1967",11367,"MiamiBeach","54","2020-05-12","Specific_Conductivity",58.063,"mS/cm",25.7965,-80.1425,NA
"1968",11368,"MiamiBeach","36","2020-05-18","Specific_Conductivity",59.78,"mS/cm",25.7825,-80.1682,NA
"1969",11369,"MiamiBeach","45","2020-05-18","Specific_Conductivity",60.062,"mS/cm",25.767,-80.137,NA
"1970",11370,"MiamiBeach","2","2020-06-13","Specific_Conductivity",44.328,"mS/cm",25.8167,-80.139,NA
"1971",11371,"MiamiBeach","31","2020-06-20","Specific_Conductivity",43.637,"mS/cm",25.788,-80.1627,NA
"1972",11372,"MiamiBeach","40","2020-06-20","Specific_Conductivity",44.763,"mS/cm",25.7813,-80.1552,NA
"1973",11373,"MiamiBeach","34","2020-06-20","Specific_Conductivity",45.632,"mS/cm",25.7858,-80.1656,NA
"1974",11374,"MiamiBeach","33","2020-06-20","Specific_Conductivity",44.592,"mS/cm",25.7852,-80.1653,NA
"1975",11375,"MiamiBeach","27","2020-06-20","Specific_Conductivity",44.832,"mS/cm",25.7878,-80.155,NA
"1976",11376,"MiamiBeach","9","2020-07-18","Specific_Conductivity",44.762,"mS/cm",25.8002,-80.1278,NA
"1977",11377,"MiamiBeach","39","2020-07-31","Specific_Conductivity",45.336,"mS/cm",25.7813,-80.1556,NA
"1978",11378,"MiamiBeach","32","2020-07-31","Specific_Conductivity",44.637,"mS/cm",25.7876,-80.1626,NA
"1979",11379,"MiamiBeach","37","2020-07-31","Specific_Conductivity",45.432,"mS/cm",25.7776,-80.1565,NA
"1980",11380,"MiamiBeach","54","2020-12-21","Specific_Conductivity",50.018,"mS/cm",25.7965,-80.1425,NA
"1981",11381,"MiamiBeach","64","2020-01-22","Specific_Conductivity",49.793,"mS/cm",25.8078,-80.1253,NA
"1982",11382,"MiamiBeach","59","2020-01-22","Specific_Conductivity",53.635,"mS/cm",25.7933,-80.1451,NA
"1983",11383,"MiamiBeach","48","2020-01-23","Specific_Conductivity",54.356,"mS/cm",25.7741,-80.1419,NA
"1984",11384,"MiamiBeach","37","2020-01-23","Specific_Conductivity",54.111,"mS/cm",25.7776,-80.1565,NA
"1985",11385,"MiamiBeach","34","2020-08-25","Specific_Conductivity",45.216,"mS/cm",25.7858,-80.1656,NA
"1986",11386,"MiamiBeach","35","2020-09-19","Specific_Conductivity",48.004,"mS/cm",25.7823,-80.168,NA
"1987",11387,"MiamiBeach","38","2020-09-19","Specific_Conductivity",51.694,"mS/cm",25.7775,-80.1562,NA
"1988",11388,"MiamiBeach","39","2020-09-19","Specific_Conductivity",52.09,"mS/cm",25.7813,-80.1556,NA
"1989",11389,"MiamiBeach","24","2020-09-21","Specific_Conductivity",44.975,"mS/cm",25.796,-80.159,NA
"1990",11390,"MiamiBeach","22","2020-09-21","Specific_Conductivity",43.824,"mS/cm",25.7942,-80.1628,NA
"1991",11391,"MiamiBeach","2","2020-09-21","Specific_Conductivity",42.802,"mS/cm",25.8167,-80.139,NA
"1992",11392,"MiamiBeach","27","2020-01-23","Specific_Conductivity",54.328,"mS/cm",25.7878,-80.155,NA
"1993",11393,"MiamiBeach","35","2020-10-19","Specific_Conductivity",49.73,"mS/cm",25.7823,-80.168,NA
"1994",11394,"MiamiBeach","26","2020-10-19","Specific_Conductivity",44.745,"mS/cm",25.7949,-80.1553,NA
"1995",11395,"MiamiBeach","16","2020-02-20","Specific_Conductivity",0.0891,"mS/cm",25.8051,-80.1269,NA
"1996",11396,"MiamiBeach","2","2020-02-20","Specific_Conductivity",0.0892,"mS/cm",25.8167,-80.139,NA
"1997",11397,"MiamiBeach","16","2020-11-22","Specific_Conductivity",41.55,"mS/cm",25.8051,-80.1269,NA
"1998",11398,"MiamiBeach","3A","2020-11-22","Specific_Conductivity",20.037,"mS/cm",25.840614,-80.132824,NA
"1999",11399,"MiamiBeach","42","2020-02-20","Specific_Conductivity",99.5,"mS/cm",25.8015,-80.1401,NA
"2000",11400,"MiamiBeach","24","2020-12-20","Specific_Conductivity",4.768,"mS/cm",25.796,-80.159,NA
"2001",11401,"MiamiBeach","40","2020-12-20","Specific_Conductivity",0.05156,"mS/cm",25.7813,-80.1552,NA
"2002",11402,"MiamiBeach","69","2020-01-18","Specific_Conductivity",48.41,"mS/cm",25.8586,-80.1259,NA
"2003",11403,"MiamiBeach","67","2020-01-18","Specific_Conductivity",48.687,"mS/cm",25.8388,-80.1225,NA
"2004",11404,"MiamiBeach","71","2020-02-25","Specific_Conductivity",51.92,"mS/cm",25.867,-80.1243,NA
"2005",11405,"MiamiBeach","21","2020-03-21","Specific_Conductivity",0.1003,"mS/cm",25.7933,-80.1629,NA
"2006",11406,"MiamiBeach","19","2020-03-30","Specific_Conductivity",49.255,"mS/cm",25.8134,-80.1246,NA
"2007",11407,"MiamiBeach","52","2020-04-16","Specific_Conductivity",56.267,"mS/cm",25.7804,-80.1432,NA
"2008",11408,"MiamiBeach","22","2020-03-30","Specific_Conductivity",51.932,"mS/cm",25.7942,-80.1628,NA
"2009",11409,"MiamiBeach","38","2020-03-31","Specific_Conductivity",52.304,"mS/cm",25.7775,-80.1562,NA
"2010",11410,"MiamiBeach","46","2020-03-31","Specific_Conductivity",53.691,"mS/cm",25.767,-80.1371,NA
"2011",11411,"MiamiBeach","52","2020-03-31","Specific_Conductivity",53.449,"mS/cm",25.7804,-80.1432,NA
"2012",11412,"MiamiBeach","74","2020-03-31","Specific_Conductivity",35.199,"mS/cm",25.7806,-80.1618,NA
"2013",11413,"MiamiBeach","54","2020-04-16","Specific_Conductivity",30.539,"mS/cm",25.7965,-80.1425,NA
"2014",11414,"MiamiBeach","70","2020-04-25","Specific_Conductivity",380.441,"mS/cm",25.8642,-80.1291,NA
"2015",11415,"MiamiBeach","67","2020-04-25","Specific_Conductivity",52.941,"mS/cm",25.8388,-80.1225,NA
"2016",11416,"MiamiBeach","54","2020-05-17","Specific_Conductivity",55.807,"mS/cm",25.7965,-80.1425,NA
"2017",11417,"MiamiBeach","38","2020-06-26","Specific_Conductivity",0.05301,"mS/cm",25.7775,-80.1562,NA
"2018",11418,"MiamiBeach","60","2020-06-26","Specific_Conductivity",0.0505,"mS/cm",25.7933,-80.1453,NA
"2019",11419,"MiamiBeach","17","2020-06-27","Specific_Conductivity",0.04846,"mS/cm",25.8052,-80.1268,NA
"2020",11420,"MiamiBeach","66","2020-07-29","Specific_Conductivity",46.188,"mS/cm",25.8234,-80.1232,NA
"2021",11421,"MiamiBeach","67","2020-07-29","Specific_Conductivity",46.075,"mS/cm",25.8388,-80.1225,NA
"2022",11422,"MiamiBeach","56","2020-07-31","Specific_Conductivity",50.071,"mS/cm",25.7917,-80.1451,NA
"2023",11423,"MiamiBeach","60","2020-08-12","Specific_Conductivity",45.509,"mS/cm",25.7933,-80.1453,NA
"2024",11424,"MiamiBeach","42","2020-08-12","Specific_Conductivity",44.007,"mS/cm",25.8015,-80.1401,NA
"2025",11425,"MiamiBeach","19","2020-08-13","Specific_Conductivity",40.873,"mS/cm",25.8134,-80.1246,NA
"2026",11426,"MiamiBeach","69","2020-08-13","Specific_Conductivity",39.94,"mS/cm",25.8586,-80.1259,NA
"2027",11427,"MiamiBeach","2","2020-05-19","Specific_Conductivity",55.13,"mS/cm",25.8167,-80.139,NA
"2028",11428,"MiamiBeach","17","2020-05-19","Specific_Conductivity",54.19,"mS/cm",25.8052,-80.1268,NA
"2029",11429,"MiamiBeach","19","2020-05-19","Specific_Conductivity",54.692,"mS/cm",25.8134,-80.1246,NA
"2030",11430,"MiamiBeach","21","2020-05-20","Specific_Conductivity",53.786,"mS/cm",25.7933,-80.1629,NA
"2031",11431,"MiamiBeach","32","2020-05-20","Specific_Conductivity",55.055,"mS/cm",25.7876,-80.1626,NA
"2032",11432,"MiamiBeach","40","2020-05-20","Specific_Conductivity",58.587,"mS/cm",25.7813,-80.1552,NA
"2033",11433,"MiamiBeach","39","2020-05-20","Specific_Conductivity",56.182,"mS/cm",25.7813,-80.1556,NA
"2034",11434,"MiamiBeach","38","2020-05-20","Specific_Conductivity",55.904,"mS/cm",25.7775,-80.1562,NA
"2035",11435,"MiamiBeach","25","2020-05-20","Specific_Conductivity",55.246,"mS/cm",25.7943,-80.1553,NA
"2036",11436,"MiamiBeach","52","2020-10-15","Specific_Conductivity",46.383,"mS/cm",25.7804,-80.1432,NA
"2037",11437,"MiamiBeach","34","2020-10-15","Specific_Conductivity",42.428,"mS/cm",25.7858,-80.1656,NA
"2038",11438,"MiamiBeach","66","2020-10-16","Specific_Conductivity",39.94,"mS/cm",25.8234,-80.1232,NA
"2039",11439,"MiamiBeach","46","2020-11-18","Specific_Conductivity",38.622,"mS/cm",25.767,-80.1371,NA
"2040",11440,"MiamiBeach","38","2020-11-18","Specific_Conductivity",39.377,"mS/cm",25.7775,-80.1562,NA
"2041",11441,"MiamiBeach","42","2020-11-18","Specific_Conductivity",35.636,"mS/cm",25.8015,-80.1401,NA
"2042",11442,"MiamiBeach","19","2020-11-19","Specific_Conductivity",33.515,"mS/cm",25.8134,-80.1246,NA
"2043",11443,"MiamiBeach","46","2020-01-14","Specific_Conductivity",29.936,"mS/cm",25.767,-80.1371,NA
"2044",11444,"MiamiBeach","52","2020-01-14","Specific_Conductivity",32.354,"mS/cm",25.7804,-80.1432,NA
"2045",11445,"MiamiBeach","34","2020-01-14","Specific_Conductivity",28.904,"mS/cm",25.7858,-80.1656,NA
"2046",11446,"MiamiBeach","78","2020-01-15","Specific_Conductivity",7.228,"mS/cm",25.8499,-80.1367,NA
"2047",11447,"MiamiBeach","68","2020-01-15","Specific_Conductivity",16.718,"mS/cm",25.8549,-80.1374,NA
"2048",11448,"MiamiBeach","19","2020-02-03","Specific_Conductivity",48.679,"mS/cm",25.8134,-80.1246,NA
"2049",11449,"MiamiBeach","69","2020-04-14","Specific_Conductivity",54.081,"mS/cm",25.8586,-80.1259,NA
"2050",11450,"MiamiBeach","46","2020-04-15","Specific_Conductivity",55.271,"mS/cm",25.767,-80.1371,NA
"2051",11451,"MiamiBeach","52","2020-04-15","Specific_Conductivity",54.317,"mS/cm",25.7804,-80.1432,NA
"2052",11452,"MiamiBeach","56","2020-04-15","Specific_Conductivity",53.431,"mS/cm",25.7917,-80.1451,NA
"2053",11453,"MiamiBeach","70","2020-05-26","Specific_Conductivity",23.646,"mS/cm",25.8642,-80.1291,NA
"2054",11454,"MiamiBeach","46","2020-06-29","Specific_Conductivity",50.175,"mS/cm",25.767,-80.1371,NA
"2055",11455,"MiamiBeach","52","2020-06-29","Specific_Conductivity",48.625,"mS/cm",25.7804,-80.1432,NA
"2056",11456,"MiamiBeach","71","2020-07-29","Specific_Conductivity",44.626,"mS/cm",25.867,-80.1243,NA
"2057",11457,"MiamiBeach","67","2020-07-29","Specific_Conductivity",43.216,"mS/cm",25.8388,-80.1225,NA
"2058",11458,"MiamiBeach","74","2020-08-13","Specific_Conductivity",12.54,"mS/cm",25.7806,-80.1618,NA
"2059",11459,"MiamiBeach","34","2020-08-13","Specific_Conductivity",46.281,"mS/cm",25.7858,-80.1656,NA
"2060",11460,"MiamiBeach","56","2020-08-13","Specific_Conductivity",46.111,"mS/cm",25.7917,-80.1451,NA
"2061",11461,"MiamiBeach","64","2020-10-31","Specific_Conductivity",4.555,"mS/cm",25.8078,-80.1253,NA
"2062",11462,"MiamiBeach","9","2020-01-18","Specific_Conductivity",22.2,"mS/cm",25.8002,-80.1278,NA
"2063",11463,"MiamiBeach","18","2020-01-18","Specific_Conductivity",22.3,"mS/cm",25.8075,-80.1251,NA
"2064",11464,"MiamiBeach","54","2020-01-18","Specific_Conductivity",23.1,"mS/cm",25.7965,-80.1425,NA
"2065",11465,"MiamiBeach","68","2020-08-14","Specific_Conductivity",45.309,"mS/cm",25.8549,-80.1374,NA
"2066",11466,"MiamiBeach","29","2020-11-14","Specific_Conductivity",23.8,"mS/cm",25.7876,-80.1577,NA
"2067",11467,"MiamiBeach","69","2020-08-14","Specific_Conductivity",47.804,"mS/cm",25.8586,-80.1259,NA
"2068",11468,"MiamiBeach","17","2020-08-14","Specific_Conductivity",45.142,"mS/cm",25.8052,-80.1268,NA
"2069",11469,"MiamiBeach","69","2020-09-22","Specific_Conductivity",45.718,"mS/cm",25.8586,-80.1259,NA
"2070",11470,"MiamiBeach","54","2020-09-23","Specific_Conductivity",47.69,"mS/cm",25.7965,-80.1425,NA
"2071",11471,"MiamiBeach","9","2020-09-20","Specific_Conductivity",41.55,"mS/cm",25.8002,-80.1278,NA
"2072",11472,"MiamiBeach","23","2020-09-12","Specific_Conductivity",41.8,"mS/cm",25.7954,-80.1592,NA
"2073",11473,"MiamiBeach","30","2020-05-29","Specific_Conductivity",41.866,"mS/cm",25.7876,-80.1576,NA
"2074",11474,"MiamiBeach","16","2020-08-17","Specific_Conductivity",41.952,"mS/cm",25.8051,-80.1269,NA
"2075",11475,"MiamiBeach","19","2020-09-01","Specific_Conductivity",42.039,"mS/cm",25.8134,-80.1246,NA
"2076",11476,"MiamiBeach","18","2020-11-08","Specific_Conductivity",42.63,"mS/cm",25.8075,-80.1251,NA
"2077",11477,"MiamiBeach","17","2020-09-20","Specific_Conductivity",42.66,"mS/cm",25.8052,-80.1268,NA
"2078",11478,"MiamiBeach","37","2020-05-29","Specific_Conductivity",43.085,"mS/cm",25.7776,-80.1565,NA
"2079",11479,"MiamiBeach","16","2020-09-18","Specific_Conductivity",43.501,"mS/cm",25.8051,-80.1269,NA
"2080",11480,"MiamiBeach","2","2020-08-17","Specific_Conductivity",45.018,"mS/cm",25.8167,-80.139,NA
"2081",11481,"MiamiBeach","61","2020-07-27","Specific_Conductivity",46.1,"mS/cm",25.8262,-80.134,NA
"2082",11482,"MiamiBeach","17","2020-03-15","Specific_Conductivity",46.2,"mS/cm",25.8052,-80.1268,NA
"2083",11483,"MiamiBeach","38","2020-05-04","Specific_Conductivity",51.065,"mS/cm",25.7775,-80.1562,NA
"2084",11484,"MiamiBeach","35","2020-10-27","Specific_Conductivity",46.49,"mS/cm",25.7823,-80.168,NA
"2085",11485,"MiamiBeach","39","2020-10-27","Specific_Conductivity",46.91,"mS/cm",25.7813,-80.1556,NA
"2086",11486,"MiamiBeach","34","2020-09-12","Specific_Conductivity",47,"mS/cm",25.7858,-80.1656,NA
"2087",11487,"MiamiBeach","42","2020-07-27","Specific_Conductivity",47,"mS/cm",25.8015,-80.1401,NA
"2088",11488,"MiamiBeach","40","2020-09-20","Specific_Conductivity",47.454,"mS/cm",25.7813,-80.1552,NA
"2089",11489,"MiamiBeach","63","2020-07-28","Specific_Conductivity",47.5,"mS/cm",25.781,-80.1616,NA
"2090",11490,"MiamiBeach","24","2020-10-30","Specific_Conductivity",48.064,"mS/cm",25.796,-80.159,NA
"2091",11491,"MiamiBeach","22","2020-05-21","Specific_Conductivity",55.633,"mS/cm",25.7942,-80.1628,NA
"2092",11492,"MiamiBeach","74","2020-12-22","Specific_Conductivity",14.702,"mS/cm",25.7806,-80.1618,NA
"2093",11493,"MiamiBeach","56","2020-12-22","Specific_Conductivity",43.743,"mS/cm",25.7917,-80.1451,NA
"2094",11494,"MiamiBeach","60","2020-12-22","Specific_Conductivity",43.268,"mS/cm",25.7933,-80.1453,NA
"2095",11495,"MiamiBeach","67","2020-01-28","Specific_Conductivity",49.152,"mS/cm",25.8388,-80.1225,NA
"2096",11496,"MiamiBeach","47","2020-09-20","Specific_Conductivity",48.09,"mS/cm",25.7741,-80.1418,NA
"2097",11497,"MiamiBeach","35","2020-08-16","Specific_Conductivity",48.195,"mS/cm",25.7823,-80.168,NA
"2098",11498,"MiamiBeach","21","2020-10-30","Specific_Conductivity",48.385,"mS/cm",25.7933,-80.1629,NA
"2099",11499,"MiamiBeach","36","2020-08-16","Specific_Conductivity",48.393,"mS/cm",25.7825,-80.1682,NA
"2100",11500,"MiamiBeach","62","2020-10-30","Specific_Conductivity",49.286,"mS/cm",25.7808,-80.1617,NA
"2101",11501,"MiamiBeach","25","2020-12-14","Specific_Conductivity",49.378,"mS/cm",25.7943,-80.1553,NA
"2102",11502,"MiamiBeach","19","2020-03-29","Specific_Conductivity",49.986,"mS/cm",25.8134,-80.1246,NA
"2103",11503,"MiamiBeach","40","2020-11-09","Specific_Conductivity",49.5,"mS/cm",25.7813,-80.1552,NA
"2104",11504,"MiamiBeach","21","2020-02-23","Specific_Conductivity",50.243,"mS/cm",25.7933,-80.1629,NA
"2105",11505,"MiamiBeach","30","2020-02-23","Specific_Conductivity",50.35,"mS/cm",25.7876,-80.1576,NA
"2106",11506,"MiamiBeach","38","2020-12-13","Specific_Conductivity",50.365,"mS/cm",25.7775,-80.1562,NA
"2107",11507,"MiamiBeach","29","2020-09-21","Specific_Conductivity",50.42,"mS/cm",25.7876,-80.1577,NA
"2108",11508,"MiamiBeach","16","2020-03-07","Specific_Conductivity",50.481,"mS/cm",25.8051,-80.1269,NA
"2109",11509,"MiamiBeach","9","2020-03-07","Specific_Conductivity",50.514,"mS/cm",25.8002,-80.1278,NA
"2110",11510,"MiamiBeach","33","2020-01-17","Specific_Conductivity",50.54,"mS/cm",25.7852,-80.1653,NA
"2111",11511,"MiamiBeach","48","2020-10-30","Specific_Conductivity",50.572,"mS/cm",25.7741,-80.1419,NA
"2112",11512,"MiamiBeach","62","2020-11-27","Specific_Conductivity",50.601,"mS/cm",25.7808,-80.1617,NA
"2113",11513,"MiamiBeach","31","2020-02-23","Specific_Conductivity",50.966,"mS/cm",25.788,-80.1627,NA
"2114",11514,"MiamiBeach","30","2020-09-23","Specific_Conductivity",51.2,"mS/cm",25.7876,-80.1576,NA
"2115",11515,"MiamiBeach","24","2020-06-22","Specific_Conductivity",51.622,"mS/cm",25.796,-80.159,NA
"2116",11516,"MiamiBeach","25","2020-01-17","Specific_Conductivity",51.654,"mS/cm",25.7943,-80.1553,NA
"2117",11517,"MiamiBeach","29","2020-01-17","Specific_Conductivity",51.898,"mS/cm",25.7876,-80.1577,NA
"2118",11518,"MiamiBeach","27","2020-11-27","Specific_Conductivity",51.969,"mS/cm",25.7878,-80.155,NA
"2119",11519,"MiamiBeach","46","2020-03-30","Specific_Conductivity",54.622,"mS/cm",25.767,-80.1371,NA
"2120",11520,"MiamiBeach","52","2020-03-30","Specific_Conductivity",54.294,"mS/cm",25.7804,-80.1432,NA
"2121",11521,"MiamiBeach","63","2020-03-30","Specific_Conductivity",53.226,"mS/cm",25.781,-80.1616,NA
"2122",11522,"MiamiBeach","22","2020-03-30","Specific_Conductivity",52.513,"mS/cm",25.7942,-80.1628,NA
"2123",11523,"MiamiBeach","82","2020-04-30","Specific_Conductivity",49.382,"mS/cm",25.840485,-80.132921,NA
"2124",11524,"MiamiBeach","9","2020-05-16","Specific_Conductivity",52.054,"mS/cm",25.8002,-80.1278,NA
"2125",11525,"MiamiBeach","71","2020-06-16","Specific_Conductivity",34.261,"mS/cm",25.867,-80.1243,NA
"2126",11526,"MiamiBeach","17","2020-04-30","Specific_Conductivity",48.442,"mS/cm",25.8052,-80.1268,NA
"2127",11527,"MiamiBeach","30","2020-08-15","Specific_Conductivity",52.855,"mS/cm",25.7876,-80.1576,NA
"2128",11528,"MiamiBeach","48","2020-10-04","Specific_Conductivity",53,"mS/cm",25.7741,-80.1419,NA
"2129",11529,"MiamiBeach","4","2020-03-07","Specific_Conductivity",53.352,"mS/cm",25.8463,-80.1282,NA
"2130",11530,"MiamiBeach","59","2020-06-22","Specific_Conductivity",53.415,"mS/cm",25.7933,-80.1451,NA
"2131",11531,"MiamiBeach","45","2020-12-19","Specific_Conductivity",53.84,"mS/cm",25.767,-80.137,NA
"2132",11532,"MiamiBeach","81","2020-06-16","Specific_Conductivity",45.355,"mS/cm",25.802142,-80.126487,NA
"2133",11533,"MiamiBeach","46","2020-06-18","Specific_Conductivity",49.587,"mS/cm",25.767,-80.1371,NA
"2134",11534,"MiamiBeach","47","2020-06-18","Specific_Conductivity",48.897,"mS/cm",25.7741,-80.1418,NA
"2135",11535,"MiamiBeach","82","2020-07-14","Specific_Conductivity",40.99,"mS/cm",25.840485,-80.132921,NA
"2136",11536,"MiamiBeach","4","2020-07-14","Specific_Conductivity",42.42,"mS/cm",25.8463,-80.1282,NA
"2137",11537,"MiamiBeach","19","2020-07-14","Specific_Conductivity",37.65,"mS/cm",25.8134,-80.1246,NA
"2138",11538,"MiamiBeach","62","2020-06-18","Specific_Conductivity",49.112,"mS/cm",25.7808,-80.1617,NA
"2139",11539,"MiamiBeach","36","2020-02-09","Specific_Conductivity",53.864,"mS/cm",25.7825,-80.1682,NA
"2140",11540,"MiamiBeach","37","2020-03-08","Specific_Conductivity",53.911,"mS/cm",25.7776,-80.1565,NA
"2141",11541,"MiamiBeach","47","2020-08-15","Specific_Conductivity",54.068,"mS/cm",25.7741,-80.1418,NA
"2142",11542,"MiamiBeach","60","2020-03-07","Specific_Conductivity",54.393,"mS/cm",25.7933,-80.1453,NA
"2143",11543,"MiamiBeach","45","2020-03-08","Specific_Conductivity",54.411,"mS/cm",25.767,-80.137,NA
"2144",11544,"MiamiBeach","25","2020-06-18","Specific_Conductivity",49.315,"mS/cm",25.7943,-80.1553,NA
"2145",11545,"MiamiBeach","46","2020-07-15","Specific_Conductivity",49.34,"mS/cm",25.767,-80.1371,NA
"2146",11546,"MiamiBeach","68","2020-08-16","Specific_Conductivity",44.799,"mS/cm",25.8549,-80.1374,NA
"2147",11547,"MiamiBeach","2","2020-06-19","Specific_Conductivity",47.849,"mS/cm",25.8167,-80.139,NA
"2148",11548,"MiamiBeach","81","2020-08-16","Specific_Conductivity",43.575,"mS/cm",25.802142,-80.126487,NA
"2149",11549,"MiamiBeach","4","2020-11-15","Specific_Conductivity",55,"mS/cm",25.8463,-80.1282,NA
"2150",11550,"MiamiBeach","56","2020-07-18","Specific_Conductivity",50.388,"mS/cm",25.7917,-80.1451,NA
"2151",11551,"MiamiBeach","60","2020-08-16","Specific_Conductivity",46.093,"mS/cm",25.7933,-80.1453,NA
"2152",11552,"MiamiBeach","34","2020-08-17","Specific_Conductivity",44.907,"mS/cm",25.7858,-80.1656,NA
"2153",11553,"MiamiBeach","74","2020-08-17","Specific_Conductivity",4.982,"mS/cm",25.7806,-80.1618,NA
"2154",11554,"MiamiBeach","52","2020-09-21","Specific_Conductivity",51.62,"mS/cm",25.7804,-80.1432,NA
"2155",11555,"MiamiBeach","54","2020-09-21","Specific_Conductivity",48.988,"mS/cm",25.7965,-80.1425,NA
"2156",11556,"MiamiBeach","84","2020-09-21","Specific_Conductivity",45.583,"mS/cm",25.840485,-80.132921,NA
"2157",11557,"MiamiBeach","79","2020-09-21","Specific_Conductivity",1.306,"mS/cm",25.8531,-80.1295,NA
"2158",11558,"MiamiBeach","48","2020-07-19","Specific_Conductivity",49.519,"mS/cm",25.7741,-80.1419,NA
"2159",11559,"MiamiBeach","59","2020-08-18","Specific_Conductivity",55.128,"mS/cm",25.7933,-80.1451,NA
"2160",11560,"MiamiBeach","30","2020-07-19","Specific_Conductivity",48.593,"mS/cm",25.7876,-80.1576,NA
"2161",11561,"MiamiBeach","46","2020-08-15","Specific_Conductivity",55.217,"mS/cm",25.767,-80.1371,NA
"2162",11562,"MiamiBeach","52","2020-10-22","Specific_Conductivity",57.881,"mS/cm",25.7804,-80.1432,NA
"2163",11563,"MiamiBeach","46","2020-10-22","Specific_Conductivity",53.281,"mS/cm",25.767,-80.1371,NA
"2164",11564,"MiamiBeach","56","2020-10-22","Specific_Conductivity",50.88,"mS/cm",25.7917,-80.1451,NA
"2165",11565,"MiamiBeach","66","2020-10-28","Specific_Conductivity",45.521,"mS/cm",25.8234,-80.1232,NA
"2166",11566,"MiamiBeach","17","2020-10-28","Specific_Conductivity",45.355,"mS/cm",25.8052,-80.1268,NA
"2167",11567,"MiamiBeach","82","2020-11-15","Specific_Conductivity",45.706,"mS/cm",25.840485,-80.132921,NA
"2168",11568,"MiamiBeach","66","2020-11-15","Specific_Conductivity",46.181,"mS/cm",25.8234,-80.1232,NA
"2169",11569,"MiamiBeach","47","2020-11-16","Specific_Conductivity",62.437,"mS/cm",25.7741,-80.1418,NA
"2170",11570,"MiamiBeach","45","2020-04-18","Specific_Conductivity",55.362,"mS/cm",25.767,-80.137,NA
"2171",11571,"MiamiBeach","84","2020-11-16","Specific_Conductivity",29.879,"mS/cm",25.840485,-80.132921,NA
"2172",11572,"MiamiBeach","22","2020-12-20","Specific_Conductivity",47.53,"mS/cm",25.7942,-80.1628,NA
"2173",11573,"MiamiBeach","48","2020-04-18","Specific_Conductivity",55.395,"mS/cm",25.7741,-80.1419,NA
"2174",11574,"MiamiBeach","47","2020-12-20","Specific_Conductivity",53.005,"mS/cm",25.7741,-80.1418,NA
"2175",11575,"MiamiBeach","84","2020-12-20","Specific_Conductivity",45.224,"mS/cm",25.840485,-80.132921,NA
"2176",11576,"MiamiBeach","68","2020-12-22","Specific_Conductivity",48.927,"mS/cm",25.8549,-80.1374,NA
"2177",11577,"MiamiBeach","70","2020-12-22","Specific_Conductivity",49.035,"mS/cm",25.8642,-80.1291,NA
"2178",11578,"MiamiBeach","78","2020-05-20","Specific_Conductivity",9.661,"mS/cm",25.8499,-80.1367,NA
"2179",11579,"MiamiBeach","68","2020-12-23","Specific_Conductivity",9.815,"mS/cm",25.8549,-80.1374,NA
"2180",11580,"MiamiBeach","70","2020-12-23","Specific_Conductivity",17.158,"mS/cm",25.8642,-80.1291,NA
"2181",11581,"MiamiBeach","54","2020-12-23","Specific_Conductivity",33.014,"mS/cm",25.7965,-80.1425,NA
"2182",11582,"MiamiBeach","60","2020-12-23","Specific_Conductivity",33.42,"mS/cm",25.7933,-80.1453,NA
"2183",11583,"MiamiBeach","63","2020-05-18","Specific_Conductivity",59.533,"mS/cm",25.781,-80.1616,NA
"2184",11584,"MiamiBeach","42","2020-02-12","Specific_Conductivity",46.613,"mS/cm",25.8015,-80.1401,NA
"2185",11585,"MiamiBeach","54","2020-02-12","Specific_Conductivity",47.256,"mS/cm",25.7965,-80.1425,NA
"2186",11586,"MiamiBeach","17","2020-03-17","Specific_Conductivity",51.632,"mS/cm",25.8052,-80.1268,NA
"2187",11587,"MiamiBeach","36","2020-03-18","Specific_Conductivity",56.775,"mS/cm",25.7825,-80.1682,NA
"2188",11588,"MiamiBeach","63","2020-03-18","Specific_Conductivity",54.447,"mS/cm",25.781,-80.1616,NA
"2189",11589,"MiamiBeach","56","2020-03-18","Specific_Conductivity",54.85,"mS/cm",25.7917,-80.1451,NA
"2190",11590,"MiamiBeach","29","2020-05-18","Specific_Conductivity",59.89,"mS/cm",25.7876,-80.1577,NA
"2191",11591,"MiamiBeach","38","2020-01-11","Specific_Conductivity",48.734,"mS/cm",25.7775,-80.1562,NA
"2192",11592,"MiamiBeach","35","2020-01-11","Specific_Conductivity",45.732,"mS/cm",25.7823,-80.168,NA
"2193",11593,"MiamiBeach","27","2020-01-11","Specific_Conductivity",75.634,"mS/cm",25.7878,-80.155,NA
"2194",11594,"MiamiBeach","2","2020-01-20","Specific_Conductivity",49.217,"mS/cm",25.8167,-80.139,NA
"2195",11595,"MiamiBeach","16","2020-01-20","Specific_Conductivity",49.744,"mS/cm",25.8051,-80.1269,NA
"2196",11596,"MiamiBeach","39","2020-02-13","Specific_Conductivity",45.712,"mS/cm",25.7813,-80.1556,NA
"2197",11597,"MiamiBeach","30","2020-02-13","Specific_Conductivity",45.954,"mS/cm",25.7876,-80.1576,NA
"2198",11598,"MiamiBeach","27","2020-10-03","Specific_Conductivity",16.3,"mS/cm",25.7878,-80.155,NA
"2199",11599,"MiamiBeach","28","2020-10-03","Specific_Conductivity",16.35,"mS/cm",25.7874,-80.155,NA
"2200",11600,"MiamiBeach","34","2020-10-03","Specific_Conductivity",16.53,"mS/cm",25.7858,-80.1656,NA
"2201",11601,"MiamiBeach","19","2020-02-14","Specific_Conductivity",47.736,"mS/cm",25.8134,-80.1246,NA
"2202",11602,"MiamiBeach","24","2020-10-03","Specific_Conductivity",16.65,"mS/cm",25.796,-80.159,NA
"2203",11603,"MiamiBeach","9","2020-08-17","Specific_Conductivity",30.583,"mS/cm",25.8002,-80.1278,NA
"2204",11604,"MiamiBeach","28","2020-09-12","Specific_Conductivity",31.5,"mS/cm",25.7874,-80.155,NA
"2205",11605,"MiamiBeach","39","2020-09-12","Specific_Conductivity",32.3,"mS/cm",25.7813,-80.1556,NA
"2206",11606,"MiamiBeach","37","2020-09-23","Specific_Conductivity",34.3,"mS/cm",25.7776,-80.1565,NA
"2207",11607,"MiamiBeach","17","2020-10-12","Specific_Conductivity",40.75,"mS/cm",25.8052,-80.1268,NA
"2208",11608,"MiamiBeach","34","2020-08-16","Specific_Conductivity",43.684,"mS/cm",25.7858,-80.1656,NA
"2209",11609,"MiamiBeach","23","2020-10-27","Specific_Conductivity",43.73,"mS/cm",25.7954,-80.1592,NA
"2210",11610,"MiamiBeach","24","2020-10-27","Specific_Conductivity",43.74,"mS/cm",25.796,-80.159,NA
"2211",11611,"MiamiBeach","16","2020-07-27","Specific_Conductivity",43.8,"mS/cm",25.8051,-80.1269,NA
"2212",11612,"MiamiBeach","36","2020-08-16","Specific_Conductivity",44.588,"mS/cm",25.7825,-80.1682,NA
"2213",11613,"MiamiBeach","35","2020-07-28","Specific_Conductivity",45.5,"mS/cm",25.7823,-80.168,NA
"2214",11614,"MiamiBeach","18","2020-10-31","Specific_Conductivity",45.654,"mS/cm",25.8075,-80.1251,NA
"2215",11615,"MiamiBeach","22","2020-09-20","Specific_Conductivity",45.685,"mS/cm",25.7942,-80.1628,NA
"2216",11616,"MiamiBeach","2","2020-07-27","Specific_Conductivity",45.7,"mS/cm",25.8167,-80.139,NA
"2217",11617,"MiamiBeach","4","2020-03-14","Specific_Conductivity",46.732,"mS/cm",25.8463,-80.1282,NA
"2218",11618,"MiamiBeach","3A","2020-03-14","Specific_Conductivity",44.537,"mS/cm",25.840614,-80.132824,NA
"2219",11619,"MiamiBeach","23","2020-03-14","Specific_Conductivity",48.795,"mS/cm",25.7954,-80.1592,NA
"2220",11620,"MiamiBeach","16","2020-03-14","Specific_Conductivity",47.738,"mS/cm",25.8051,-80.1269,NA
"2221",11621,"MiamiBeach","48","2020-05-29","Specific_Conductivity",45.768,"mS/cm",25.7741,-80.1419,NA
"2222",11622,"MiamiBeach","19","2020-07-27","Specific_Conductivity",45.9,"mS/cm",25.8134,-80.1246,NA
"2223",11623,"MiamiBeach","34","2020-07-28","Specific_Conductivity",45.9,"mS/cm",25.7858,-80.1656,NA
"2224",11624,"MiamiBeach","32","2020-07-28","Specific_Conductivity",46.5,"mS/cm",25.7876,-80.1626,NA
"2225",11625,"MiamiBeach","17","2020-12-20","Specific_Conductivity",46.63,"mS/cm",25.8052,-80.1268,NA
"2226",11626,"MiamiBeach","26","2020-07-28","Specific_Conductivity",46.7,"mS/cm",25.7949,-80.1553,NA
"2227",11627,"MiamiBeach","54","2020-01-10","Specific_Conductivity",47.798,"mS/cm",25.7965,-80.1425,NA
"2228",11628,"MiamiBeach","56","2020-09-18","Specific_Conductivity",47.933,"mS/cm",25.7917,-80.1451,NA
"2229",11629,"MiamiBeach","18","2020-09-14","Specific_Conductivity",48,"mS/cm",25.8075,-80.1251,NA
"2230",11630,"MiamiBeach","22","2020-10-30","Specific_Conductivity",48.511,"mS/cm",25.7942,-80.1628,NA
"2231",11631,"MiamiBeach","28","2020-08-16","Specific_Conductivity",48.553,"mS/cm",25.7874,-80.155,NA
"2232",11632,"MiamiBeach","35","2020-11-09","Specific_Conductivity",48.6,"mS/cm",25.7823,-80.168,NA
"2233",11633,"MiamiBeach","23","2020-12-14","Specific_Conductivity",48.61,"mS/cm",25.7954,-80.1592,NA
"2234",11634,"MiamiBeach","62","2020-12-19","Specific_Conductivity",48.63,"mS/cm",25.7808,-80.1617,NA
"2235",11635,"MiamiBeach","26","2020-10-30","Specific_Conductivity",48.638,"mS/cm",25.7949,-80.1553,NA
"2236",11636,"MiamiBeach","31","2020-12-19","Specific_Conductivity",48.74,"mS/cm",25.788,-80.1627,NA
"2237",11637,"MiamiBeach","29","2020-01-11","Specific_Conductivity",49.072,"mS/cm",25.7876,-80.1577,NA
"2238",11638,"MiamiBeach","59","2020-01-10","Specific_Conductivity",49.104,"mS/cm",25.7933,-80.1451,NA
"2239",11639,"MiamiBeach","62","2020-11-09","Specific_Conductivity",49.14,"mS/cm",25.7808,-80.1617,NA
"2240",11640,"MiamiBeach","24","2020-03-16","Specific_Conductivity",49.2,"mS/cm",25.796,-80.159,NA
"2241",11641,"MiamiBeach","25","2020-12-19","Specific_Conductivity",49.23,"mS/cm",25.7943,-80.1553,NA
"2242",11642,"MiamiBeach","40","2020-01-11","Specific_Conductivity",49.707,"mS/cm",25.7813,-80.1552,NA
"2243",11643,"MiamiBeach","38","2020-09-21","Specific_Conductivity",49.87,"mS/cm",25.7775,-80.1562,NA
"2244",11644,"MiamiBeach","37","2020-01-11","Specific_Conductivity",49.905,"mS/cm",25.7776,-80.1565,NA
"2245",11645,"MiamiBeach","27","2020-10-30","Specific_Conductivity",50.747,"mS/cm",25.7878,-80.155,NA
"2246",11646,"MiamiBeach","61","2020-06-21","Specific_Conductivity",50.787,"mS/cm",25.8262,-80.134,NA
"2247",11647,"MiamiBeach","16","2020-08-18","Specific_Conductivity",51.272,"mS/cm",25.8051,-80.1269,NA
"2248",11648,"MiamiBeach","17","2020-03-07","Specific_Conductivity",51.37,"mS/cm",25.8052,-80.1268,NA
"2249",11649,"MiamiBeach","32","2020-01-17","Specific_Conductivity",51.416,"mS/cm",25.7876,-80.1626,NA
"2250",11650,"MiamiBeach","23","2020-06-22","Specific_Conductivity",51.46,"mS/cm",25.7954,-80.1592,NA
"2251",11651,"MiamiBeach","47","2020-11-27","Specific_Conductivity",51.494,"mS/cm",25.7741,-80.1418,NA
"2252",11652,"MiamiBeach","60","2020-06-21","Specific_Conductivity",52.282,"mS/cm",25.7933,-80.1453,NA
"2253",11653,"MiamiBeach","52","2020-12-13","Specific_Conductivity",52.371,"mS/cm",25.7804,-80.1432,NA
"2254",11654,"MiamiBeach","40","2020-06-22","Specific_Conductivity",52.66,"mS/cm",25.7813,-80.1552,NA
"2255",11655,"MiamiBeach","35","2020-03-08","Specific_Conductivity",53.528,"mS/cm",25.7823,-80.168,NA
"2256",11656,"MiamiBeach","24","2020-02-09","Specific_Conductivity",53.714,"mS/cm",25.796,-80.159,NA
"2257",11657,"MiamiBeach","38","2020-02-09","Specific_Conductivity",53.728,"mS/cm",25.7775,-80.1562,NA
"2258",11658,"MiamiBeach","38","2020-03-27","Specific_Conductivity",41.873,"mS/cm",25.7775,-80.1562,NA
"2259",11659,"MiamiBeach","38","2020-06-18","Specific_Conductivity",50.364,"mS/cm",25.7775,-80.1562,NA
"2260",11660,"MiamiBeach","63","2020-06-18","Specific_Conductivity",49.17,"mS/cm",25.781,-80.1616,NA
"2261",11661,"MiamiBeach","4","2020-06-19","Specific_Conductivity",46.935,"mS/cm",25.8463,-80.1282,NA
"2262",11662,"MiamiBeach","17","2020-06-19","Specific_Conductivity",36.994,"mS/cm",25.8052,-80.1268,NA
"2263",11663,"MiamiBeach","22","2020-05-16","Specific_Conductivity",47.663,"mS/cm",25.7942,-80.1628,NA
"2264",11664,"MiamiBeach","2","2020-05-16","Specific_Conductivity",47.322,"mS/cm",25.8167,-80.139,NA
"2265",11665,"MiamiBeach","19","2020-05-19","Specific_Conductivity",46.588,"mS/cm",25.8134,-80.1246,NA
"2266",11666,"MiamiBeach","24","2020-05-19","Specific_Conductivity",50.725,"mS/cm",25.796,-80.159,NA
"2267",11667,"MiamiBeach","16","2020-07-18","Specific_Conductivity",46.88,"mS/cm",25.8051,-80.1269,NA
"2268",11668,"MiamiBeach","27","2020-04-18","Specific_Conductivity",55.437,"mS/cm",25.7878,-80.155,NA
"2269",11669,"MiamiBeach","47","2020-06-22","Specific_Conductivity",56.532,"mS/cm",25.7741,-80.1418,NA
"2270",11670,"MiamiBeach","36","2020-05-30","Specific_Conductivity",56.094,"mS/cm",25.7825,-80.1682,NA
"2271",11671,"MiamiBeach","38","2020-05-30","Specific_Conductivity",57.513,"mS/cm",25.7775,-80.1562,NA
"2272",11672,"MiamiBeach","47","2020-05-18","Specific_Conductivity",59.49,"mS/cm",25.7741,-80.1418,NA
"2273",11673,"MiamiBeach","18","2020-06-13","Specific_Conductivity",44.973,"mS/cm",25.8075,-80.1251,NA
"2274",11674,"MiamiBeach","4","2020-06-13","Specific_Conductivity",46.732,"mS/cm",25.8463,-80.1282,NA
"2275",11675,"MiamiBeach","3A","2020-06-13","Specific_Conductivity",49.435,"mS/cm",25.840614,-80.132824,NA
"2276",11676,"MiamiBeach","36","2020-06-20","Specific_Conductivity",47.737,"mS/cm",25.7825,-80.1682,NA
"2277",11677,"MiamiBeach","28","2020-06-20","Specific_Conductivity",44.176,"mS/cm",25.7874,-80.155,NA
"2278",11678,"MiamiBeach","23","2020-07-19","Specific_Conductivity",47.562,"mS/cm",25.7954,-80.1592,NA
"2279",11679,"MiamiBeach","21","2020-07-18","Specific_Conductivity",45.537,"mS/cm",25.7933,-80.1629,NA
"2280",11680,"MiamiBeach","19","2020-07-18","Specific_Conductivity",44.736,"mS/cm",25.8134,-80.1246,NA
"2281",11681,"MiamiBeach","30","2020-07-31","Specific_Conductivity",44.736,"mS/cm",25.7876,-80.1576,NA
"2282",11682,"MiamiBeach","46","2020-11-19","Specific_Conductivity",42.388,"mS/cm",25.767,-80.1371,NA
"2283",11683,"MiamiBeach","52","2020-11-19","Specific_Conductivity",43.692,"mS/cm",25.7804,-80.1432,NA
"2284",11684,"MiamiBeach","82","2020-12-21","Specific_Conductivity",49.361,"mS/cm",25.840485,-80.132921,NA
"2285",11685,"MiamiBeach","4","2020-01-22","Specific_Conductivity",51.884,"mS/cm",25.8463,-80.1282,NA
"2286",11686,"MiamiBeach","61","2020-01-22","Specific_Conductivity",51.64,"mS/cm",25.8262,-80.134,NA
"2287",11687,"MiamiBeach","25","2020-08-24","Specific_Conductivity",47.966,"mS/cm",25.7943,-80.1553,NA
"2288",11688,"MiamiBeach","23","2020-08-24","Specific_Conductivity",46.902,"mS/cm",25.7954,-80.1592,NA
"2289",11689,"MiamiBeach","16","2020-08-24","Specific_Conductivity",44.687,"mS/cm",25.8051,-80.1269,NA
"2290",11690,"MiamiBeach","40","2020-08-25","Specific_Conductivity",47.021,"mS/cm",25.7813,-80.1552,NA
"2291",11691,"MiamiBeach","16","2020-01-22","Specific_Conductivity",49.46,"mS/cm",25.8051,-80.1269,NA
"2292",11692,"MiamiBeach","2","2020-01-22","Specific_Conductivity",52.438,"mS/cm",25.8167,-80.139,NA
"2293",11693,"MiamiBeach","46","2020-01-23","Specific_Conductivity",54.369,"mS/cm",25.767,-80.1371,NA
"2294",11694,"MiamiBeach","40","2020-01-23","Specific_Conductivity",54.233,"mS/cm",25.7813,-80.1552,NA
"2295",11695,"MiamiBeach","29","2020-08-25","Specific_Conductivity",44.38,"mS/cm",25.7876,-80.1577,NA
"2296",11696,"MiamiBeach","25","2020-09-19","Specific_Conductivity",48.03,"mS/cm",25.7943,-80.1553,NA
"2297",11697,"MiamiBeach","34","2020-01-23","Specific_Conductivity",53.188,"mS/cm",25.7858,-80.1656,NA
"2298",11698,"MiamiBeach","23","2020-09-21","Specific_Conductivity",43.75,"mS/cm",25.7954,-80.1592,NA
"2299",11699,"MiamiBeach","18","2020-09-21","Specific_Conductivity",42.333,"mS/cm",25.8075,-80.1251,NA
"2300",11700,"MiamiBeach","38","2020-10-19","Specific_Conductivity",52.205,"mS/cm",25.7775,-80.1562,NA
"2301",11701,"MiamiBeach","39","2020-10-19","Specific_Conductivity",52.756,"mS/cm",25.7813,-80.1556,NA
"2302",11702,"MiamiBeach","30","2020-10-19","Specific_Conductivity",47.002,"mS/cm",25.7876,-80.1576,NA
"2303",11703,"MiamiBeach","19","2020-02-20","Specific_Conductivity",104.5,"mS/cm",25.8134,-80.1246,NA
"2304",11704,"MiamiBeach","19","2020-11-22","Specific_Conductivity",42.818,"mS/cm",25.8134,-80.1246,NA
"2305",11705,"MiamiBeach","54","2020-02-20","Specific_Conductivity",92.1,"mS/cm",25.7965,-80.1425,NA
"2306",11706,"MiamiBeach","59","2020-02-20","Specific_Conductivity",90.5,"mS/cm",25.7933,-80.1451,NA
"2307",11707,"MiamiBeach","37","2020-12-20","Specific_Conductivity",4.994,"mS/cm",25.7776,-80.1565,NA
"2308",11708,"MiamiBeach","22","2020-12-20","Specific_Conductivity",4.771,"mS/cm",25.7942,-80.1628,NA
"2309",11709,"MiamiBeach","34","2020-12-20","Specific_Conductivity",4.882,"mS/cm",25.7858,-80.1656,NA
"2310",11710,"MiamiBeach","33","2020-12-20","Specific_Conductivity",4.92,"mS/cm",25.7852,-80.1653,NA
"2311",11711,"MiamiBeach","28","2020-12-20","Specific_Conductivity",4.783,"mS/cm",25.7874,-80.155,NA
"2312",11712,"MiamiBeach","82","2020-01-18","Specific_Conductivity",47.855,"mS/cm",25.840485,-80.132921,NA
"2313",11713,"MiamiBeach","83","2020-01-18","Specific_Conductivity",47.889,"mS/cm",25.840485,-80.132921,NA
"2314",11714,"MiamiBeach","17","2020-01-18","Specific_Conductivity",47.637,"mS/cm",25.8052,-80.1268,NA
"2315",11715,"MiamiBeach","81","2020-01-18","Specific_Conductivity",47.834,"mS/cm",25.802142,-80.126487,NA
"2316",11716,"MiamiBeach","74","2020-01-19","Specific_Conductivity",42.416,"mS/cm",25.7806,-80.1618,NA
"2317",11717,"MiamiBeach","22","2020-02-24","Specific_Conductivity",49.927,"mS/cm",25.7942,-80.1628,NA
"2318",11718,"MiamiBeach","74","2020-02-24","Specific_Conductivity",21.749,"mS/cm",25.7806,-80.1618,NA
"2319",11719,"MiamiBeach","38","2020-02-24","Specific_Conductivity",50.13,"mS/cm",25.7775,-80.1562,NA
"2320",11720,"MiamiBeach","46","2020-02-24","Specific_Conductivity",52.121,"mS/cm",25.767,-80.1371,NA
"2321",11721,"MiamiBeach","56","2020-02-24","Specific_Conductivity",50.913,"mS/cm",25.7917,-80.1451,NA
"2322",11722,"MiamiBeach","38","2020-03-21","Specific_Conductivity",0.1003,"mS/cm",25.7775,-80.1562,NA
"2323",11723,"MiamiBeach","9","2020-02-24","Specific_Conductivity",50.292,"mS/cm",25.8002,-80.1278,NA
"2324",11724,"MiamiBeach","67","2020-02-25","Specific_Conductivity",49.864,"mS/cm",25.8388,-80.1225,NA
"2325",11725,"MiamiBeach","66","2020-02-25","Specific_Conductivity",49.171,"mS/cm",25.8234,-80.1232,NA
"2326",11726,"MiamiBeach","82","2020-03-28","Specific_Conductivity",50.614,"mS/cm",25.840485,-80.132921,NA
"2327",11727,"MiamiBeach","71","2020-03-28","Specific_Conductivity",52.003,"mS/cm",25.867,-80.1243,NA
"2328",11728,"MiamiBeach","82","2020-03-30","Specific_Conductivity",50.908,"mS/cm",25.840485,-80.132921,NA
"2329",11729,"MiamiBeach","68","2020-03-30","Specific_Conductivity",50.745,"mS/cm",25.8549,-80.1374,NA
"2330",11730,"MiamiBeach","70","2020-03-30","Specific_Conductivity",51.32,"mS/cm",25.8642,-80.1291,NA
"2331",11731,"MiamiBeach","17","2020-03-30","Specific_Conductivity",49.985,"mS/cm",25.8052,-80.1268,NA
"2332",11732,"MiamiBeach","19","2020-04-17","Specific_Conductivity",51.284,"mS/cm",25.8134,-80.1246,NA
"2333",11733,"MiamiBeach","17","2020-04-17","Specific_Conductivity",51,"mS/cm",25.8052,-80.1268,NA
"2334",11734,"MiamiBeach","4","2020-04-17","Specific_Conductivity",52.362,"mS/cm",25.8463,-80.1282,NA
"2335",11735,"MiamiBeach","9","2020-04-17","Specific_Conductivity",48.45,"mS/cm",25.8002,-80.1278,NA
"2336",11736,"MiamiBeach","78","2020-04-25","Specific_Conductivity",5.463,"mS/cm",25.8499,-80.1367,NA
"2337",11737,"MiamiBeach","17","2020-04-25","Specific_Conductivity",47.92,"mS/cm",25.8052,-80.1268,NA
"2338",11738,"MiamiBeach","42","2020-04-25","Specific_Conductivity",52.977,"mS/cm",25.8015,-80.1401,NA
"2339",11739,"MiamiBeach","74","2020-05-17","Specific_Conductivity",22.875,"mS/cm",25.7806,-80.1618,NA
"2340",11740,"MiamiBeach","74","2020-06-26","Specific_Conductivity",0.0357,"mS/cm",25.7806,-80.1618,NA
"2341",11741,"MiamiBeach","56","2020-06-26","Specific_Conductivity",0.05136,"mS/cm",25.7917,-80.1451,NA
"2342",11742,"MiamiBeach","19","2020-06-27","Specific_Conductivity",0.04865,"mS/cm",25.8134,-80.1246,NA
"2343",11743,"MiamiBeach","60","2020-07-31","Specific_Conductivity",49.591,"mS/cm",25.7933,-80.1453,NA
"2344",11744,"MiamiBeach","54","2020-08-12","Specific_Conductivity",44.4,"mS/cm",25.7965,-80.1425,NA
"2345",11745,"MiamiBeach","56","2020-04-27","Specific_Conductivity",52.753,"mS/cm",25.7917,-80.1451,NA
"2346",11746,"MiamiBeach","18","2020-05-19","Specific_Conductivity",53.611,"mS/cm",25.8075,-80.1251,NA
"2347",11747,"MiamiBeach","22","2020-05-20","Specific_Conductivity",53.011,"mS/cm",25.7942,-80.1628,NA
"2348",11748,"MiamiBeach","67","2020-09-25","Specific_Conductivity",29.97,"mS/cm",25.8388,-80.1225,NA
"2349",11749,"MiamiBeach","23","2020-05-20","Specific_Conductivity",54.519,"mS/cm",25.7954,-80.1592,NA
"2350",11750,"MiamiBeach","26","2020-05-20","Specific_Conductivity",54.726,"mS/cm",25.7949,-80.1553,NA
"2351",11751,"MiamiBeach","30","2020-05-20","Specific_Conductivity",55.153,"mS/cm",25.7876,-80.1576,NA
"2352",11752,"MiamiBeach","31","2020-05-20","Specific_Conductivity",55.605,"mS/cm",25.788,-80.1627,NA
"2353",11753,"MiamiBeach","36","2020-05-20","Specific_Conductivity",55.514,"mS/cm",25.7825,-80.1682,NA
"2354",11754,"MiamiBeach","35","2020-05-20","Specific_Conductivity",55.235,"mS/cm",25.7823,-80.168,NA
"2355",11755,"MiamiBeach","60","2020-09-26","Specific_Conductivity",45.23,"mS/cm",25.7933,-80.1453,NA
"2356",11756,"MiamiBeach","74","2020-10-15","Specific_Conductivity",43.587,"mS/cm",25.7806,-80.1618,NA
"2357",11757,"MiamiBeach","56","2020-10-15","Specific_Conductivity",43.537,"mS/cm",25.7917,-80.1451,NA
"2358",11758,"MiamiBeach","78","2020-10-16","Specific_Conductivity",37.294,"mS/cm",25.8499,-80.1367,NA
"2359",11759,"MiamiBeach","70","2020-11-18","Specific_Conductivity",37.13,"mS/cm",25.8642,-80.1291,NA
"2360",11760,"MiamiBeach","69","2020-11-19","Specific_Conductivity",32.796,"mS/cm",25.8586,-80.1259,NA
"2361",11761,"MiamiBeach","9","2020-11-19","Specific_Conductivity",33.793,"mS/cm",25.8002,-80.1278,NA
"2362",11762,"MiamiBeach","78","2020-02-03","Specific_Conductivity",7.053,"mS/cm",25.8499,-80.1367,NA
"2363",23047,"MiamiBeach","22","2020-01-16","Specific_Conductivity",48525,"umhos/cm",NA,NA,NA
"2364",23059,"MiamiBeach","23","2020-01-16","Specific_Conductivity",49431,"umhos/cm",NA,NA,NA
"2365",23071,"MiamiBeach","24","2020-01-16","Specific_Conductivity",48439,"umhos/cm",NA,NA,NA
"2366",23083,"MiamiBeach","25","2020-01-16","Specific_Conductivity",51143,"umhos/cm",NA,NA,NA
"2367",23095,"MiamiBeach","26","2020-01-16","Specific_Conductivity",35535,"umhos/cm",NA,NA,NA
"2368",23107,"MiamiBeach","27","2020-01-16","Specific_Conductivity",46926,"umhos/cm",NA,NA,NA
"2369",23119,"MiamiBeach","28","2020-01-16","Specific_Conductivity",46643,"umhos/cm",NA,NA,NA
"2370",23131,"MiamiBeach","29","2020-01-16","Specific_Conductivity",41492,"umhos/cm",NA,NA,NA
"2371",23143,"MiamiBeach","30","2020-01-16","Specific_Conductivity",42643,"umhos/cm",NA,NA,NA
"2372",23155,"MiamiBeach","31","2020-01-16","Specific_Conductivity",49446,"umhos/cm",NA,NA,NA
"2373",23167,"MiamiBeach","32","2020-01-16","Specific_Conductivity",46623,"umhos/cm",NA,NA,NA
"2374",23179,"MiamiBeach","33","2020-01-16","Specific_Conductivity",28678,"umhos/cm",NA,NA,NA
"2375",23191,"MiamiBeach","34","2020-01-16","Specific_Conductivity",50688,"umhos/cm",NA,NA,NA
"2376",23203,"MiamiBeach","35","2020-01-16","Specific_Conductivity",50522,"umhos/cm",NA,NA,NA
"2377",23215,"MiamiBeach","36","2020-01-16","Specific_Conductivity",48590,"umhos/cm",NA,NA,NA
"2378",23227,"MiamiBeach","37","2020-01-16","Specific_Conductivity",50148,"umhos/cm",NA,NA,NA
"2379",23239,"MiamiBeach","38","2020-01-16","Specific_Conductivity",51385,"umhos/cm",NA,NA,NA
"2380",23251,"MiamiBeach","39","2020-01-16","Specific_Conductivity",52110,"umhos/cm",NA,NA,NA
"2381",23263,"MiamiBeach","40","2020-01-16","Specific_Conductivity",52650,"umhos/cm",NA,NA,NA
"2382",23275,"MiamiBeach","41","2020-01-16","Specific_Conductivity",52633,"umhos/cm",NA,NA,NA
"2383",23350,"MiamiBeach","1","2020-01-17","Specific_Conductivity",4656,"umhos/cm",NA,NA,NA
"2384",23355,"MiamiBeach","2","2020-01-17","Specific_Conductivity",4741,"umhos/cm",NA,NA,NA
"2385",23360,"MiamiBeach","3b","2020-01-17","Specific_Conductivity",4719,"umhos/cm",NA,NA,NA
"2386",23365,"MiamiBeach","3","2020-01-17","Specific_Conductivity",4632,"umhos/cm",NA,NA,NA
"2387",23370,"MiamiBeach","4","2020-01-17","Specific_Conductivity",4693,"umhos/cm",NA,NA,NA
"2388",23375,"MiamiBeach","5","2020-01-17","Specific_Conductivity",4688,"umhos/cm",NA,NA,NA
"2389",23380,"MiamiBeach","6","2020-01-17","Specific_Conductivity",4687,"umhos/cm",NA,NA,NA
"2390",23385,"MiamiBeach","7","2020-01-17","Specific_Conductivity",4694,"umhos/cm",NA,NA,NA
"2391",23390,"MiamiBeach","8","2020-01-17","Specific_Conductivity",4690,"umhos/cm",NA,NA,NA
"2392",23395,"MiamiBeach","9","2020-01-17","Specific_Conductivity",4677,"umhos/cm",NA,NA,NA
"2393",23400,"MiamiBeach","10","2020-01-17","Specific_Conductivity",4709,"umhos/cm",NA,NA,NA
"2394",23405,"MiamiBeach","11","2020-01-17","Specific_Conductivity",4675,"umhos/cm",NA,NA,NA
"2395",23410,"MiamiBeach","12","2020-01-17","Specific_Conductivity",4604,"umhos/cm",NA,NA,NA
"2396",23415,"MiamiBeach","13","2020-01-17","Specific_Conductivity",4728,"umhos/cm",NA,NA,NA
"2397",23420,"MiamiBeach","14","2020-01-17","Specific_Conductivity",4702,"umhos/cm",NA,NA,NA
"2398",23425,"MiamiBeach","15","2020-01-17","Specific_Conductivity",4714,"umhos/cm",NA,NA,NA
"2399",23430,"MiamiBeach","16","2020-01-17","Specific_Conductivity",4655,"umhos/cm",NA,NA,NA
"2400",23435,"MiamiBeach","17","2020-01-17","Specific_Conductivity",4661,"umhos/cm",NA,NA,NA
"2401",23440,"MiamiBeach","18","2020-01-17","Specific_Conductivity",4694,"umhos/cm",NA,NA,NA
"2402",23445,"MiamiBeach","19","2020-01-17","Specific_Conductivity",4708,"umhos/cm",NA,NA,NA
"2403",23450,"MiamiBeach","20","2020-01-17","Specific_Conductivity",4715,"umhos/cm",NA,NA,NA
"2404",23455,"MiamiBeach","21","2020-01-17","Specific_Conductivity",4819,"umhos/cm",NA,NA,NA
"2405",23583,"MiamiBeach","26","2020-02-13","Specific_Conductivity",2135,"umhos/cm",NA,NA,NA
"2406",23588,"MiamiBeach","27","2020-02-13","Specific_Conductivity",5149,"umhos/cm",NA,NA,NA
"2407",23593,"MiamiBeach","28","2020-02-13","Specific_Conductivity",5156,"umhos/cm",NA,NA,NA
"2408",23598,"MiamiBeach","32","2020-02-13","Specific_Conductivity",5068,"umhos/cm",NA,NA,NA
"2409",23603,"MiamiBeach","33","2020-02-13","Specific_Conductivity",5046,"umhos/cm",NA,NA,NA
"2410",23608,"MiamiBeach","29","2020-02-13","Specific_Conductivity",5787,"umhos/cm",NA,NA,NA
"2411",23613,"MiamiBeach","30","2020-02-13","Specific_Conductivity",5217,"umhos/cm",NA,NA,NA
"2412",23618,"MiamiBeach","31","2020-02-13","Specific_Conductivity",5247,"umhos/cm",NA,NA,NA
"2413",23623,"MiamiBeach","34","2020-02-13","Specific_Conductivity",5218,"umhos/cm",NA,NA,NA
"2414",23628,"MiamiBeach","37","2020-02-13","Specific_Conductivity",5305,"umhos/cm",NA,NA,NA
"2415",23633,"MiamiBeach","36","2020-02-13","Specific_Conductivity",5052,"umhos/cm",NA,NA,NA
"2416",23638,"MiamiBeach","25","2020-02-13","Specific_Conductivity",5245,"umhos/cm",NA,NA,NA
"2417",23781,"MiamiBeach","24","2020-02-16","Specific_Conductivity",5080,"umhos/cm",NA,NA,NA
"2418",23786,"MiamiBeach","23","2020-02-16","Specific_Conductivity",5126,"umhos/cm",NA,NA,NA
"2419",23790,"MiamiBeach","22","2020-02-16","Specific_Conductivity",5055,"umhos/cm",NA,NA,NA
"2420",23795,"MiamiBeach","21","2020-02-16","Specific_Conductivity",5081,"umhos/cm",NA,NA,NA
"2421",23800,"MiamiBeach","20","2020-02-16","Specific_Conductivity",5032,"umhos/cm",NA,NA,NA
"2422",23805,"MiamiBeach","15","2020-02-16","Specific_Conductivity",4809,"umhos/cm",NA,NA,NA
"2423",23810,"MiamiBeach","16","2020-02-16","Specific_Conductivity",4967,"umhos/cm",NA,NA,NA
"2424",23815,"MiamiBeach","17","2020-02-16","Specific_Conductivity",4870,"umhos/cm",NA,NA,NA
"2425",23820,"MiamiBeach","18","2020-02-16","Specific_Conductivity",5000,"umhos/cm",NA,NA,NA
"2426",23825,"MiamiBeach","19","2020-02-16","Specific_Conductivity",4972,"umhos/cm",NA,NA,NA
"2427",23830,"MiamiBeach","14","2020-02-16","Specific_Conductivity",4977,"umhos/cm",NA,NA,NA
"2428",23834,"MiamiBeach","13","2020-02-16","Specific_Conductivity",5088,"umhos/cm",NA,NA,NA
"2429",23839,"MiamiBeach","12","2020-02-16","Specific_Conductivity",5067,"umhos/cm",NA,NA,NA
"2430",23844,"MiamiBeach","11","2020-02-16","Specific_Conductivity",5125,"umhos/cm",NA,NA,NA
"2431",23849,"MiamiBeach","10","2020-02-16","Specific_Conductivity",5290,"umhos/cm",NA,NA,NA
"2432",23854,"MiamiBeach","9","2020-02-16","Specific_Conductivity",5194,"umhos/cm",NA,NA,NA
"2433",23859,"MiamiBeach","8","2020-02-16","Specific_Conductivity",5051,"umhos/cm",NA,NA,NA
"2434",23864,"MiamiBeach","7","2020-02-16","Specific_Conductivity",5067,"umhos/cm",NA,NA,NA
"2435",23869,"MiamiBeach","6","2020-02-16","Specific_Conductivity",5077,"umhos/cm",NA,NA,NA
"2436",23874,"MiamiBeach","5","2020-02-16","Specific_Conductivity",5098,"umhos/cm",NA,NA,NA
"2437",23879,"MiamiBeach","4","2020-02-16","Specific_Conductivity",5081,"umhos/cm",NA,NA,NA
"2438",23884,"MiamiBeach","3B","2020-02-16","Specific_Conductivity",5176,"umhos/cm",NA,NA,NA
"2439",23889,"MiamiBeach","3","2020-02-16","Specific_Conductivity",5093,"umhos/cm",NA,NA,NA
"2440",23894,"MiamiBeach","2","2020-02-16","Specific_Conductivity",5071,"umhos/cm",NA,NA,NA
"2441",23899,"MiamiBeach","1","2020-02-16","Specific_Conductivity",5137,"umhos/cm",NA,NA,NA
"2442",23904,"MiamiBeach","35","2020-02-16","Specific_Conductivity",5187,"umhos/cm",NA,NA,NA
"2443",23909,"MiamiBeach","41","2020-02-16","Specific_Conductivity",5352,"umhos/cm",NA,NA,NA
"2444",23914,"MiamiBeach","40","2020-02-16","Specific_Conductivity",5323,"umhos/cm",NA,NA,NA
"2445",23919,"MiamiBeach","39","2020-02-16","Specific_Conductivity",5325,"umhos/cm",NA,NA,NA
"2446",23924,"MiamiBeach","38","2020-02-16","Specific_Conductivity",5310,"umhos/cm",NA,NA,NA
"2447",24121,"MiamiBeach","1","2020-03-12","Specific_Conductivity",4305,"umhos/cm",NA,NA,NA
"2448",24126,"MiamiBeach","2","2020-03-12","Specific_Conductivity",4850,"umhos/cm",NA,NA,NA
"2449",24131,"MiamiBeach","3B","2020-03-12","Specific_Conductivity",4731,"umhos/cm",NA,NA,NA
"2450",24136,"MiamiBeach","3","2020-03-12","Specific_Conductivity",4841,"umhos/cm",NA,NA,NA
"2451",24141,"MiamiBeach","4","2020-03-12","Specific_Conductivity",4823,"umhos/cm",NA,NA,NA
"2452",24146,"MiamiBeach","5","2020-03-12","Specific_Conductivity",4829,"umhos/cm",NA,NA,NA
"2453",24151,"MiamiBeach","6","2020-03-12","Specific_Conductivity",4848,"umhos/cm",NA,NA,NA
"2454",24156,"MiamiBeach","7","2020-03-12","Specific_Conductivity",4870,"umhos/cm",NA,NA,NA
"2455",24161,"MiamiBeach","8","2020-03-12","Specific_Conductivity",4831,"umhos/cm",NA,NA,NA
"2456",24166,"MiamiBeach","9","2020-03-12","Specific_Conductivity",5051,"umhos/cm",NA,NA,NA
"2457",24171,"MiamiBeach","10","2020-03-12","Specific_Conductivity",4797,"umhos/cm",NA,NA,NA
"2458",24176,"MiamiBeach","11","2020-03-12","Specific_Conductivity",4899,"umhos/cm",NA,NA,NA
"2459",24181,"MiamiBeach","12","2020-03-12","Specific_Conductivity",4859,"umhos/cm",NA,NA,NA
"2460",24186,"MiamiBeach","13","2020-03-12","Specific_Conductivity",4838,"umhos/cm",NA,NA,NA
"2461",24191,"MiamiBeach","14","2020-03-12","Specific_Conductivity",4850,"umhos/cm",NA,NA,NA
"2462",24196,"MiamiBeach","15","2020-03-12","Specific_Conductivity",4860,"umhos/cm",NA,NA,NA
"2463",24201,"MiamiBeach","16","2020-03-12","Specific_Conductivity",4797,"umhos/cm",NA,NA,NA
"2464",24206,"MiamiBeach","17","2020-03-12","Specific_Conductivity",4799,"umhos/cm",NA,NA,NA
"2465",24211,"MiamiBeach","18","2020-03-12","Specific_Conductivity",4783,"umhos/cm",NA,NA,NA
"2466",24216,"MiamiBeach","19","2020-03-12","Specific_Conductivity",4839,"umhos/cm",NA,NA,NA
"2467",24221,"MiamiBeach","20","2020-03-12","Specific_Conductivity",4929,"umhos/cm",NA,NA,NA
"2468",24226,"MiamiBeach","21","2020-03-12","Specific_Conductivity",4968,"umhos/cm",NA,NA,NA
"2469",24231,"MiamiBeach","22","2020-03-12","Specific_Conductivity",5006,"umhos/cm",NA,NA,NA
"2470",24236,"MiamiBeach","23","2020-03-12","Specific_Conductivity",5053,"umhos/cm",NA,NA,NA
"2471",24394,"MiamiBeach","25","2020-03-14","Specific_Conductivity",4870,"umhos/cm",NA,NA,NA
"2472",24399,"MiamiBeach","24","2020-03-14","Specific_Conductivity",5015,"umhos/cm",NA,NA,NA
"2473",24404,"MiamiBeach","26","2020-03-14","Specific_Conductivity",5002,"umhos/cm",NA,NA,NA
"2474",24409,"MiamiBeach","27","2020-03-14","Specific_Conductivity",4267,"umhos/cm",NA,NA,NA
"2475",24414,"MiamiBeach","28","2020-03-14","Specific_Conductivity",5008,"umhos/cm",NA,NA,NA
"2476",24419,"MiamiBeach","32","2020-03-14","Specific_Conductivity",5049,"umhos/cm",NA,NA,NA
"2477",24424,"MiamiBeach","33","2020-03-14","Specific_Conductivity",4911,"umhos/cm",NA,NA,NA
"2478",24429,"MiamiBeach","29","2020-03-14","Specific_Conductivity",5076,"umhos/cm",NA,NA,NA
"2479",24434,"MiamiBeach","30","2020-03-14","Specific_Conductivity",5067,"umhos/cm",NA,NA,NA
"2480",24439,"MiamiBeach","31","2020-03-14","Specific_Conductivity",5090,"umhos/cm",NA,NA,NA
"2481",24444,"MiamiBeach","34","2020-03-14","Specific_Conductivity",5127,"umhos/cm",NA,NA,NA
"2482",24449,"MiamiBeach","41","2020-03-14","Specific_Conductivity",5385,"umhos/cm",NA,NA,NA
"2483",24454,"MiamiBeach","40","2020-03-14","Specific_Conductivity",5387,"umhos/cm",NA,NA,NA
"2484",24459,"MiamiBeach","39","2020-03-14","Specific_Conductivity",5316,"umhos/cm",NA,NA,NA
"2485",24464,"MiamiBeach","38","2020-03-14","Specific_Conductivity",5244,"umhos/cm",NA,NA,NA
"2486",24469,"MiamiBeach","37","2020-03-14","Specific_Conductivity",5274,"umhos/cm",NA,NA,NA
"2487",24474,"MiamiBeach","36","2020-03-14","Specific_Conductivity",5271,"umhos/cm",NA,NA,NA
"2488",24479,"MiamiBeach","35","2020-03-14","Specific_Conductivity",5128,"umhos/cm",NA,NA,NA
"2489",24484,"MiamiBeach","3A","2020-03-14","Specific_Conductivity",4204,"umhos/cm",NA,NA,NA
"2490",24646,"MiamiBeach","25","2020-04-10","Specific_Conductivity",4914,"umhos/cm",NA,NA,NA
"2491",24651,"MiamiBeach","1","2020-04-10","Specific_Conductivity",4833,"umhos/cm",NA,NA,NA
"2492",24656,"MiamiBeach","2","2020-04-10","Specific_Conductivity",4693,"umhos/cm",NA,NA,NA
"2493",24661,"MiamiBeach","3B","2020-04-10","Specific_Conductivity",4710,"umhos/cm",NA,NA,NA
"2494",24666,"MiamiBeach","3","2020-04-10","Specific_Conductivity",4703,"umhos/cm",NA,NA,NA
"2495",24671,"MiamiBeach","3A","2020-04-10","Specific_Conductivity",4001,"umhos/cm",NA,NA,NA
"2496",24676,"MiamiBeach","4","2020-04-10","Specific_Conductivity",4696,"umhos/cm",NA,NA,NA
"2497",24681,"MiamiBeach","5","2020-04-10","Specific_Conductivity",4681,"umhos/cm",NA,NA,NA
"2498",24686,"MiamiBeach","6","2020-04-10","Specific_Conductivity",4714,"umhos/cm",NA,NA,NA
"2499",24691,"MiamiBeach","7","2020-04-10","Specific_Conductivity",4843,"umhos/cm",NA,NA,NA
"2500",24696,"MiamiBeach","8","2020-04-10","Specific_Conductivity",4932,"umhos/cm",NA,NA,NA
"2501",24701,"MiamiBeach","9","2020-04-10","Specific_Conductivity",5048,"umhos/cm",NA,NA,NA
"2502",24706,"MiamiBeach","10","2020-04-10","Specific_Conductivity",5083,"umhos/cm",NA,NA,NA
"2503",24711,"MiamiBeach","11","2020-04-10","Specific_Conductivity",5030,"umhos/cm",NA,NA,NA
"2504",24716,"MiamiBeach","12","2020-04-10","Specific_Conductivity",4837,"umhos/cm",NA,NA,NA
"2505",24721,"MiamiBeach","13","2020-04-10","Specific_Conductivity",4740,"umhos/cm",NA,NA,NA
"2506",24726,"MiamiBeach","14","2020-04-10","Specific_Conductivity",4707,"umhos/cm",NA,NA,NA
"2507",24731,"MiamiBeach","15","2020-04-10","Specific_Conductivity",4713,"umhos/cm",NA,NA,NA
"2508",24736,"MiamiBeach","16","2020-04-10","Specific_Conductivity",4646,"umhos/cm",NA,NA,NA
"2509",24741,"MiamiBeach","17","2020-04-10","Specific_Conductivity",4541,"umhos/cm",NA,NA,NA
"2510",24746,"MiamiBeach","18","2020-04-10","Specific_Conductivity",4665,"umhos/cm",NA,NA,NA
"2511",24751,"MiamiBeach","19","2020-04-10","Specific_Conductivity",4774,"umhos/cm",NA,NA,NA
"2512",24756,"MiamiBeach","20","2020-04-10","Specific_Conductivity",4832,"umhos/cm",NA,NA,NA
"2513",24761,"MiamiBeach","21","2020-04-10","Specific_Conductivity",4833,"umhos/cm",NA,NA,NA
"2514",24766,"MiamiBeach","22","2020-04-10","Specific_Conductivity",4876,"umhos/cm",NA,NA,NA
"2515",24771,"MiamiBeach","23","2020-04-10","Specific_Conductivity",4897,"umhos/cm",NA,NA,NA
"2516",24776,"MiamiBeach","24","2020-04-10","Specific_Conductivity",4925,"umhos/cm",NA,NA,NA
"2517",24937,"MiamiBeach","26","2020-04-11","Specific_Conductivity",4841,"umhos/cm",NA,NA,NA
"2518",24942,"MiamiBeach","27","2020-04-11","Specific_Conductivity",4860,"umhos/cm",NA,NA,NA
"2519",24947,"MiamiBeach","28","2020-04-11","Specific_Conductivity",4796,"umhos/cm",NA,NA,NA
"2520",24952,"MiamiBeach","32","2020-04-11","Specific_Conductivity",4767,"umhos/cm",NA,NA,NA
"2521",24957,"MiamiBeach","33","2020-04-11","Specific_Conductivity",4859,"umhos/cm",NA,NA,NA
"2522",24962,"MiamiBeach","29","2020-04-11","Specific_Conductivity",4862,"umhos/cm",NA,NA,NA
"2523",24967,"MiamiBeach","30","2020-04-11","Specific_Conductivity",4880,"umhos/cm",NA,NA,NA
"2524",24972,"MiamiBeach","31","2020-04-11","Specific_Conductivity",4874,"umhos/cm",NA,NA,NA
"2525",24977,"MiamiBeach","34","2020-04-11","Specific_Conductivity",4889,"umhos/cm",NA,NA,NA
"2526",24982,"MiamiBeach","41","2020-04-11","Specific_Conductivity",5122,"umhos/cm",NA,NA,NA
"2527",24987,"MiamiBeach","40","2020-04-11","Specific_Conductivity",5104,"umhos/cm",NA,NA,NA
"2528",24992,"MiamiBeach","39","2020-04-11","Specific_Conductivity",5036,"umhos/cm",NA,NA,NA
"2529",24997,"MiamiBeach","38","2020-04-11","Specific_Conductivity",5007,"umhos/cm",NA,NA,NA
"2530",25002,"MiamiBeach","37","2020-04-11","Specific_Conductivity",4856,"umhos/cm",NA,NA,NA
"2531",25007,"MiamiBeach","36","2020-04-11","Specific_Conductivity",4971,"umhos/cm",NA,NA,NA
"2532",25012,"MiamiBeach","35","2020-04-11","Specific_Conductivity",4994,"umhos/cm",NA,NA,NA
"2533",25162,"MiamiBeach","1","2020-05-14","Specific_Conductivity",5119,"umhos/cm",NA,NA,NA
"2534",25167,"MiamiBeach","2","2020-05-14","Specific_Conductivity",5117,"umhos/cm",NA,NA,NA
"2535",25172,"MiamiBeach","3B","2020-05-14","Specific_Conductivity",5143,"umhos/cm",NA,NA,NA
"2536",25177,"MiamiBeach","3","2020-05-14","Specific_Conductivity",4882,"umhos/cm",NA,NA,NA
"2537",25182,"MiamiBeach","3A","2020-05-14","Specific_Conductivity",3171,"umhos/cm",NA,NA,NA
"2538",25187,"MiamiBeach","4","2020-05-14","Specific_Conductivity",5124,"umhos/cm",NA,NA,NA
"2539",25192,"MiamiBeach","5","2020-05-14","Specific_Conductivity",5125,"umhos/cm",NA,NA,NA
"2540",25197,"MiamiBeach","6","2020-05-14","Specific_Conductivity",5096,"umhos/cm",NA,NA,NA
"2541",25202,"MiamiBeach","7","2020-05-14","Specific_Conductivity",5159,"umhos/cm",NA,NA,NA
"2542",25207,"MiamiBeach","8","2020-05-14","Specific_Conductivity",5099,"umhos/cm",NA,NA,NA
"2543",25212,"MiamiBeach","9","2020-05-14","Specific_Conductivity",5241,"umhos/cm",NA,NA,NA
"2544",25217,"MiamiBeach","10","2020-05-14","Specific_Conductivity",5275,"umhos/cm",NA,NA,NA
"2545",25222,"MiamiBeach","11","2020-05-14","Specific_Conductivity",5249,"umhos/cm",NA,NA,NA
"2546",25227,"MiamiBeach","12","2020-05-14","Specific_Conductivity",5151,"umhos/cm",NA,NA,NA
"2547",25232,"MiamiBeach","13","2020-05-14","Specific_Conductivity",5092,"umhos/cm",NA,NA,NA
"2548",25237,"MiamiBeach","14","2020-05-14","Specific_Conductivity",5163,"umhos/cm",NA,NA,NA
"2549",25242,"MiamiBeach","15","2020-05-14","Specific_Conductivity",5124,"umhos/cm",NA,NA,NA
"2550",25247,"MiamiBeach","16","2020-05-14","Specific_Conductivity",5079,"umhos/cm",NA,NA,NA
"2551",25252,"MiamiBeach","17","2020-05-14","Specific_Conductivity",5057,"umhos/cm",NA,NA,NA
"2552",25257,"MiamiBeach","18","2020-05-14","Specific_Conductivity",5050,"umhos/cm",NA,NA,NA
"2553",25262,"MiamiBeach","19","2020-05-14","Specific_Conductivity",4957,"umhos/cm",NA,NA,NA
"2554",25267,"MiamiBeach","20","2020-05-14","Specific_Conductivity",5122,"umhos/cm",NA,NA,NA
"2555",25272,"MiamiBeach","21","2020-05-14","Specific_Conductivity",5085,"umhos/cm",NA,NA,NA
"2556",25277,"MiamiBeach","22","2020-05-14","Specific_Conductivity",5134,"umhos/cm",NA,NA,NA
"2557",25282,"MiamiBeach","23","2020-05-14","Specific_Conductivity",5148,"umhos/cm",NA,NA,NA
"2558",25287,"MiamiBeach","24","2020-05-14","Specific_Conductivity",5158,"umhos/cm",NA,NA,NA
"2559",25292,"MiamiBeach","25","2020-05-14","Specific_Conductivity",5189,"umhos/cm",NA,NA,NA
"2560",25453,"MiamiBeach","26","2020-05-16","Specific_Conductivity",5702,"umhos/cm",NA,NA,NA
"2561",25458,"MiamiBeach","27","2020-05-16","Specific_Conductivity",5094,"umhos/cm",NA,NA,NA
"2562",25463,"MiamiBeach","28","2020-05-16","Specific_Conductivity",5090,"umhos/cm",NA,NA,NA
"2563",25468,"MiamiBeach","32","2020-05-16","Specific_Conductivity",5105,"umhos/cm",NA,NA,NA
"2564",25473,"MiamiBeach","33","2020-05-16","Specific_Conductivity",5091,"umhos/cm",NA,NA,NA
"2565",25478,"MiamiBeach","29","2020-05-16","Specific_Conductivity",5093,"umhos/cm",NA,NA,NA
"2566",25483,"MiamiBeach","30","2020-05-16","Specific_Conductivity",5125,"umhos/cm",NA,NA,NA
"2567",25488,"MiamiBeach","31","2020-05-16","Specific_Conductivity",5149,"umhos/cm",NA,NA,NA
"2568",25493,"MiamiBeach","34","2020-05-16","Specific_Conductivity",5156,"umhos/cm",NA,NA,NA
"2569",25498,"MiamiBeach","41","2020-05-16","Specific_Conductivity",5221,"umhos/cm",NA,NA,NA
"2570",25503,"MiamiBeach","40","2020-05-16","Specific_Conductivity",5223,"umhos/cm",NA,NA,NA
"2571",25508,"MiamiBeach","39","2020-05-16","Specific_Conductivity",5173,"umhos/cm",NA,NA,NA
"2572",25513,"MiamiBeach","38","2020-05-16","Specific_Conductivity",5197,"umhos/cm",NA,NA,NA
"2573",25518,"MiamiBeach","37","2020-05-16","Specific_Conductivity",5138,"umhos/cm",NA,NA,NA
"2574",25523,"MiamiBeach","36","2020-05-16","Specific_Conductivity",5159,"umhos/cm",NA,NA,NA
"2575",25528,"MiamiBeach","35","2020-05-16","Specific_Conductivity",5045,"umhos/cm",NA,NA,NA
"2576",25675,"MiamiBeach","1","2020-06-18","Specific_Conductivity",35836,"umhos/cm",NA,NA,NA
"2577",25680,"MiamiBeach","2","2020-06-18","Specific_Conductivity",35044,"umhos/cm",NA,NA,NA
"2578",25685,"MiamiBeach","3B","2020-06-18","Specific_Conductivity",35269,"umhos/cm",NA,NA,NA
"2579",25690,"MiamiBeach","3","2020-06-18","Specific_Conductivity",34563,"umhos/cm",NA,NA,NA
"2580",25695,"MiamiBeach","3A","2020-06-18","Specific_Conductivity",12369,"umhos/cm",NA,NA,NA
"2581",25700,"MiamiBeach","4","2020-06-18","Specific_Conductivity",337.8,"umhos/cm",NA,NA,NA
"2582",25705,"MiamiBeach","5","2020-06-18","Specific_Conductivity",38085,"umhos/cm",NA,NA,NA
"2583",25710,"MiamiBeach","6","2020-06-18","Specific_Conductivity",29284,"umhos/cm",NA,NA,NA
"2584",25715,"MiamiBeach","7","2020-06-18","Specific_Conductivity",31444,"umhos/cm",NA,NA,NA
"2585",25720,"MiamiBeach","8","2020-06-18","Specific_Conductivity",31453,"umhos/cm",NA,NA,NA
"2586",25725,"MiamiBeach","9","2020-06-18","Specific_Conductivity",35075,"umhos/cm",NA,NA,NA
"2587",25730,"MiamiBeach","10","2020-06-18","Specific_Conductivity",37779,"umhos/cm",NA,NA,NA
"2588",25735,"MiamiBeach","11","2020-06-18","Specific_Conductivity",33741,"umhos/cm",NA,NA,NA
"2589",25740,"MiamiBeach","12","2020-06-18","Specific_Conductivity",29849,"umhos/cm",NA,NA,NA
"2590",25745,"MiamiBeach","13","2020-06-18","Specific_Conductivity",30828,"umhos/cm",NA,NA,NA
"2591",25750,"MiamiBeach","14","2020-06-18","Specific_Conductivity",32895,"umhos/cm",NA,NA,NA
"2592",25755,"MiamiBeach","15","2020-06-18","Specific_Conductivity",32433,"umhos/cm",NA,NA,NA
"2593",25760,"MiamiBeach","16","2020-06-18","Specific_Conductivity",33163,"umhos/cm",NA,NA,NA
"2594",25765,"MiamiBeach","17","2020-06-18","Specific_Conductivity",32163,"umhos/cm",NA,NA,NA
"2595",25770,"MiamiBeach","18","2020-06-18","Specific_Conductivity",31973,"umhos/cm",NA,NA,NA
"2596",25775,"MiamiBeach","19","2020-06-18","Specific_Conductivity",32725,"umhos/cm",NA,NA,NA
"2597",25780,"MiamiBeach","20","2020-06-18","Specific_Conductivity",34968,"umhos/cm",NA,NA,NA
"2598",25785,"MiamiBeach","21","2020-06-18","Specific_Conductivity",34794,"umhos/cm",NA,NA,NA
"2599",25790,"MiamiBeach","22","2020-06-18","Specific_Conductivity",36307,"umhos/cm",NA,NA,NA
"2600",25795,"MiamiBeach","23","2020-06-18","Specific_Conductivity",36998,"umhos/cm",NA,NA,NA
"2601",25800,"MiamiBeach","24","2020-06-18","Specific_Conductivity",37498,"umhos/cm",NA,NA,NA
"2602",25957,"MiamiBeach","26","2020-06-20","Specific_Conductivity",3710,"umhos/cm",NA,NA,NA
"2603",25962,"MiamiBeach","27","2020-06-20","Specific_Conductivity",3524,"umhos/cm",NA,NA,NA
"2604",25967,"MiamiBeach","28","2020-06-20","Specific_Conductivity",3538,"umhos/cm",NA,NA,NA
"2605",25972,"MiamiBeach","32","2020-06-20","Specific_Conductivity",3606,"umhos/cm",NA,NA,NA
"2606",25977,"MiamiBeach","33","2020-06-20","Specific_Conductivity",3651,"umhos/cm",NA,NA,NA
"2607",25982,"MiamiBeach","29","2020-06-20","Specific_Conductivity",3724,"umhos/cm",NA,NA,NA
"2608",25987,"MiamiBeach","30","2020-06-20","Specific_Conductivity",3750,"umhos/cm",NA,NA,NA
"2609",25992,"MiamiBeach","34","2020-06-20","Specific_Conductivity",3899,"umhos/cm",NA,NA,NA
"2610",25997,"MiamiBeach","41","2020-06-20","Specific_Conductivity",4379,"umhos/cm",NA,NA,NA
"2611",26002,"MiamiBeach","40","2020-06-20","Specific_Conductivity",4327,"umhos/cm",NA,NA,NA
"2612",26007,"MiamiBeach","39","2020-06-20","Specific_Conductivity",4087,"umhos/cm",NA,NA,NA
"2613",26012,"MiamiBeach","38","2020-06-20","Specific_Conductivity",4070,"umhos/cm",NA,NA,NA
"2614",26017,"MiamiBeach","37","2020-06-20","Specific_Conductivity",3963,"umhos/cm",NA,NA,NA
"2615",26022,"MiamiBeach","36","2020-06-20","Specific_Conductivity",3896,"umhos/cm",NA,NA,NA
"2616",26027,"MiamiBeach","31","2020-06-20","Specific_Conductivity",3804,"umhos/cm",NA,NA,NA
"2617",26032,"MiamiBeach","35","2020-06-20","Specific_Conductivity",3802,"umhos/cm",NA,NA,NA
"2618",26182,"MiamiBeach","1","2020-07-17","Specific_Conductivity",4605,"umhos/cm",NA,NA,NA
"2619",26187,"MiamiBeach","2","2020-07-17","Specific_Conductivity",4597,"umhos/cm",NA,NA,NA
"2620",26192,"MiamiBeach","3B","2020-07-17","Specific_Conductivity",4637,"umhos/cm",NA,NA,NA
"2621",26197,"MiamiBeach","3","2020-07-17","Specific_Conductivity",4591,"umhos/cm",NA,NA,NA
"2622",26202,"MiamiBeach","3A","2020-07-17","Specific_Conductivity",2317,"umhos/cm",NA,NA,NA
"2623",26207,"MiamiBeach","4","2020-07-17","Specific_Conductivity",4547,"umhos/cm",NA,NA,NA
"2624",26212,"MiamiBeach","5","2020-07-17","Specific_Conductivity",4437,"umhos/cm",NA,NA,NA
"2625",26217,"MiamiBeach","6","2020-07-17","Specific_Conductivity",4603,"umhos/cm",NA,NA,NA
"2626",26222,"MiamiBeach","7","2020-07-17","Specific_Conductivity",4657,"umhos/cm",NA,NA,NA
"2627",26227,"MiamiBeach","8","2020-07-17","Specific_Conductivity",4641,"umhos/cm",NA,NA,NA
"2628",26232,"MiamiBeach","9","2020-07-17","Specific_Conductivity",4930,"umhos/cm",NA,NA,NA
"2629",26237,"MiamiBeach","10","2020-07-17","Specific_Conductivity",4960,"umhos/cm",NA,NA,NA
"2630",26242,"MiamiBeach","11","2020-07-17","Specific_Conductivity",4896,"umhos/cm",NA,NA,NA
"2631",26247,"MiamiBeach","12","2020-07-17","Specific_Conductivity",4682,"umhos/cm",NA,NA,NA
"2632",26252,"MiamiBeach","13","2020-07-17","Specific_Conductivity",4626,"umhos/cm",NA,NA,NA
"2633",26257,"MiamiBeach","14","2020-07-17","Specific_Conductivity",4597,"umhos/cm",NA,NA,NA
"2634",26262,"MiamiBeach","15","2020-07-17","Specific_Conductivity",4578,"umhos/cm",NA,NA,NA
"2635",26267,"MiamiBeach","16","2020-07-17","Specific_Conductivity",4506,"umhos/cm",NA,NA,NA
"2636",26272,"MiamiBeach","17","2020-07-17","Specific_Conductivity",4513,"umhos/cm",NA,NA,NA
"2637",26277,"MiamiBeach","18","2020-07-17","Specific_Conductivity",4394,"umhos/cm",NA,NA,NA
"2638",26282,"MiamiBeach","19","2020-07-17","Specific_Conductivity",4436,"umhos/cm",NA,NA,NA
"2639",26287,"MiamiBeach","20","2020-07-17","Specific_Conductivity",4611,"umhos/cm",NA,NA,NA
"2640",26292,"MiamiBeach","21","2020-07-17","Specific_Conductivity",4627,"umhos/cm",NA,NA,NA
"2641",26297,"MiamiBeach","22","2020-07-17","Specific_Conductivity",4628,"umhos/cm",NA,NA,NA
"2642",26302,"MiamiBeach","23","2020-07-17","Specific_Conductivity",4663,"umhos/cm",NA,NA,NA
"2643",26307,"MiamiBeach","24","2020-07-17","Specific_Conductivity",4659,"umhos/cm",NA,NA,NA
"2644",26312,"MiamiBeach","25","2020-07-17","Specific_Conductivity",4664,"umhos/cm",NA,NA,NA
"2645",26473,"MiamiBeach","26","2020-07-18","Specific_Conductivity",4554,"umhos/cm",NA,NA,NA
"2646",26478,"MiamiBeach","27","2020-07-18","Specific_Conductivity",4641,"umhos/cm",NA,NA,NA
"2647",26483,"MiamiBeach","28","2020-07-18","Specific_Conductivity",4479,"umhos/cm",NA,NA,NA
"2648",26488,"MiamiBeach","32","2020-07-18","Specific_Conductivity",4663,"umhos/cm",NA,NA,NA
"2649",26493,"MiamiBeach","33","2020-07-18","Specific_Conductivity",4679,"umhos/cm",NA,NA,NA
"2650",26498,"MiamiBeach","29","2020-07-18","Specific_Conductivity",4636,"umhos/cm",NA,NA,NA
"2651",26503,"MiamiBeach","30","2020-07-18","Specific_Conductivity",4660,"umhos/cm",NA,NA,NA
"2652",26508,"MiamiBeach","31","2020-07-18","Specific_Conductivity",4699,"umhos/cm",NA,NA,NA
"2653",26513,"MiamiBeach","34","2020-07-18","Specific_Conductivity",4696,"umhos/cm",NA,NA,NA
"2654",26518,"MiamiBeach","41","2020-07-18","Specific_Conductivity",4965,"umhos/cm",NA,NA,NA
"2655",26523,"MiamiBeach","40","2020-07-18","Specific_Conductivity",4921,"umhos/cm",NA,NA,NA
"2656",26528,"MiamiBeach","39","2020-07-18","Specific_Conductivity",4832,"umhos/cm",NA,NA,NA
"2657",26533,"MiamiBeach","38","2020-07-18","Specific_Conductivity",4822,"umhos/cm",NA,NA,NA
"2658",26538,"MiamiBeach","37","2020-07-18","Specific_Conductivity",4810,"umhos/cm",NA,NA,NA
"2659",26543,"MiamiBeach","36","2020-07-18","Specific_Conductivity",4572,"umhos/cm",NA,NA,NA
"2660",26548,"MiamiBeach","35","2020-07-18","Specific_Conductivity",4573,"umhos/cm",NA,NA,NA
"2661",26698,"MiamiBeach","1","2020-08-15","Specific_Conductivity",4259,"umhos/cm",NA,NA,NA
"2662",26703,"MiamiBeach","2","2020-08-15","Specific_Conductivity",4234,"umhos/cm",NA,NA,NA
"2663",26708,"MiamiBeach","3B","2020-08-15","Specific_Conductivity",4548,"umhos/cm",NA,NA,NA
"2664",26713,"MiamiBeach","3","2020-08-15","Specific_Conductivity",4510,"umhos/cm",NA,NA,NA
"2665",26718,"MiamiBeach","3A","2020-08-15","Specific_Conductivity",3551,"umhos/cm",NA,NA,NA
"2666",26723,"MiamiBeach","4","2020-08-15","Specific_Conductivity",4547,"umhos/cm",NA,NA,NA
"2667",26728,"MiamiBeach","5","2020-08-15","Specific_Conductivity",4343,"umhos/cm",NA,NA,NA
"2668",26733,"MiamiBeach","6","2020-08-15","Specific_Conductivity",4586,"umhos/cm",NA,NA,NA
"2669",26738,"MiamiBeach","7","2020-08-15","Specific_Conductivity",4428,"umhos/cm",NA,NA,NA
"2670",26743,"MiamiBeach","8","2020-08-15","Specific_Conductivity",4489,"umhos/cm",NA,NA,NA
"2671",26748,"MiamiBeach","9","2020-08-15","Specific_Conductivity",4381,"umhos/cm",NA,NA,NA
"2672",26753,"MiamiBeach","10","2020-08-15","Specific_Conductivity",4441,"umhos/cm",NA,NA,NA
"2673",26758,"MiamiBeach","11","2020-08-15","Specific_Conductivity",4422,"umhos/cm",NA,NA,NA
"2674",26763,"MiamiBeach","12","2020-08-15","Specific_Conductivity",4588,"umhos/cm",NA,NA,NA
"2675",26768,"MiamiBeach","13","2020-08-15","Specific_Conductivity",4602,"umhos/cm",NA,NA,NA
"2676",26773,"MiamiBeach","14","2020-08-15","Specific_Conductivity",4590,"umhos/cm",NA,NA,NA
"2677",26778,"MiamiBeach","15","2020-08-15","Specific_Conductivity",4561,"umhos/cm",NA,NA,NA
"2678",26783,"MiamiBeach","16","2020-08-15","Specific_Conductivity",4514,"umhos/cm",NA,NA,NA
"2679",26788,"MiamiBeach","17","2020-08-15","Specific_Conductivity",4476,"umhos/cm",NA,NA,NA
"2680",26793,"MiamiBeach","18","2020-08-15","Specific_Conductivity",4521,"umhos/cm",NA,NA,NA
"2681",26798,"MiamiBeach","19","2020-08-15","Specific_Conductivity",4488,"umhos/cm",NA,NA,NA
"2682",26803,"MiamiBeach","20","2020-08-15","Specific_Conductivity",4495,"umhos/cm",NA,NA,NA
"2683",26808,"MiamiBeach","21","2020-08-15","Specific_Conductivity",4508,"umhos/cm",NA,NA,NA
"2684",26813,"MiamiBeach","22","2020-08-15","Specific_Conductivity",4597,"umhos/cm",NA,NA,NA
"2685",26818,"MiamiBeach","23","2020-08-15","Specific_Conductivity",4657,"umhos/cm",NA,NA,NA
"2686",26823,"MiamiBeach","24","2020-08-15","Specific_Conductivity",4643,"umhos/cm",NA,NA,NA
"2687",26828,"MiamiBeach","25","2020-08-15","Specific_Conductivity",4696,"umhos/cm",NA,NA,NA
"2688",26989,"MiamiBeach","26","2020-08-16","Specific_Conductivity",4606,"umhos/cm",NA,NA,NA
"2689",26994,"MiamiBeach","27","2020-08-16","Specific_Conductivity",4698,"umhos/cm",NA,NA,NA
"2690",26999,"MiamiBeach","28","2020-08-16","Specific_Conductivity",4688,"umhos/cm",NA,NA,NA
"2691",27004,"MiamiBeach","33","2020-08-16","Specific_Conductivity",4742,"umhos/cm",NA,NA,NA
"2692",27009,"MiamiBeach","32","2020-08-16","Specific_Conductivity",4272,"umhos/cm",NA,NA,NA
"2693",27014,"MiamiBeach","29","2020-08-16","Specific_Conductivity",4721,"umhos/cm",NA,NA,NA
"2694",27019,"MiamiBeach","30","2020-08-16","Specific_Conductivity",4720,"umhos/cm",NA,NA,NA
"2695",27024,"MiamiBeach","31","2020-08-16","Specific_Conductivity",4737,"umhos/cm",NA,NA,NA
"2696",27029,"MiamiBeach","34","2020-08-16","Specific_Conductivity",4774,"umhos/cm",NA,NA,NA
"2697",27034,"MiamiBeach","41","2020-08-16","Specific_Conductivity",5039,"umhos/cm",NA,NA,NA
"2698",27039,"MiamiBeach","40","2020-08-16","Specific_Conductivity",4984,"umhos/cm",NA,NA,NA
"2699",27044,"MiamiBeach","39","2020-08-16","Specific_Conductivity",4872,"umhos/cm",NA,NA,NA
"2700",27049,"MiamiBeach","38","2020-08-16","Specific_Conductivity",4847,"umhos/cm",NA,NA,NA
"2701",27054,"MiamiBeach","37","2020-08-16","Specific_Conductivity",4811,"umhos/cm",NA,NA,NA
"2702",27059,"MiamiBeach","36","2020-08-16","Specific_Conductivity",4360,"umhos/cm",NA,NA,NA
"2703",27064,"MiamiBeach","35","2020-08-16","Specific_Conductivity",4477,"umhos/cm",NA,NA,NA
"2704",27211,"MiamiBeach","1","2020-09-18","Specific_Conductivity",4347,"umhos/cm",NA,NA,NA
"2705",27216,"MiamiBeach","2","2020-09-18","Specific_Conductivity",4232,"umhos/cm",NA,NA,NA
"2706",27221,"MiamiBeach","3","2020-09-18","Specific_Conductivity",4182,"umhos/cm",NA,NA,NA
"2707",27226,"MiamiBeach","3A","2020-09-18","Specific_Conductivity",1689,"umhos/cm",NA,NA,NA
"2708",27231,"MiamiBeach","3B","2020-09-18","Specific_Conductivity",4162,"umhos/cm",NA,NA,NA
"2709",27236,"MiamiBeach","4","2020-09-18","Specific_Conductivity",3956,"umhos/cm",NA,NA,NA
"2710",27241,"MiamiBeach","5","2020-09-18","Specific_Conductivity",4030,"umhos/cm",NA,NA,NA
"2711",27246,"MiamiBeach","6","2020-09-18","Specific_Conductivity",3766,"umhos/cm",NA,NA,NA
"2712",27251,"MiamiBeach","7","2020-09-18","Specific_Conductivity",3859,"umhos/cm",NA,NA,NA
"2713",27256,"MiamiBeach","8","2020-09-18","Specific_Conductivity",3742,"umhos/cm",NA,NA,NA
"2714",27261,"MiamiBeach","9","2020-09-18","Specific_Conductivity",3755,"umhos/cm",NA,NA,NA
"2715",27266,"MiamiBeach","10","2020-09-18","Specific_Conductivity",3752,"umhos/cm",NA,NA,NA
"2716",27271,"MiamiBeach","11","2020-09-18","Specific_Conductivity",3700,"umhos/cm",NA,NA,NA
"2717",27276,"MiamiBeach","13","2020-09-18","Specific_Conductivity",4007,"umhos/cm",NA,NA,NA
"2718",27281,"MiamiBeach","14","2020-09-18","Specific_Conductivity",4079,"umhos/cm",NA,NA,NA
"2719",27286,"MiamiBeach","15","2020-09-18","Specific_Conductivity",4138,"umhos/cm",NA,NA,NA
"2720",27291,"MiamiBeach","16","2020-09-18","Specific_Conductivity",4151,"umhos/cm",NA,NA,NA
"2721",27296,"MiamiBeach","17","2020-09-18","Specific_Conductivity",4060,"umhos/cm",NA,NA,NA
"2722",27301,"MiamiBeach","18","2020-09-18","Specific_Conductivity",4115,"umhos/cm",NA,NA,NA
"2723",27306,"MiamiBeach","19","2020-09-18","Specific_Conductivity",4216,"umhos/cm",NA,NA,NA
"2724",27311,"MiamiBeach","20","2020-09-18","Specific_Conductivity",4304,"umhos/cm",NA,NA,NA
"2725",27316,"MiamiBeach","21","2020-09-18","Specific_Conductivity",4274,"umhos/cm",NA,NA,NA
"2726",27321,"MiamiBeach","22","2020-09-18","Specific_Conductivity",4303,"umhos/cm",NA,NA,NA
"2727",27326,"MiamiBeach","23","2020-09-18","Specific_Conductivity",4431,"umhos/cm",NA,NA,NA
"2728",27331,"MiamiBeach","24","2020-09-18","Specific_Conductivity",4472,"umhos/cm",NA,NA,NA
"2729",27336,"MiamiBeach","25","2020-09-18","Specific_Conductivity",4765,"umhos/cm",NA,NA,NA
"2730",27496,"MiamiBeach","26","2020-09-19","Specific_Conductivity",4657,"umhos/cm",NA,NA,NA
"2731",27501,"MiamiBeach","27","2020-09-19","Specific_Conductivity",4587,"umhos/cm",NA,NA,NA
"2732",27506,"MiamiBeach","28","2020-09-19","Specific_Conductivity",4584,"umhos/cm",NA,NA,NA
"2733",27511,"MiamiBeach","32","2020-09-19","Specific_Conductivity",4582,"umhos/cm",NA,NA,NA
"2734",27516,"MiamiBeach","33","2020-09-19","Specific_Conductivity",4701,"umhos/cm",NA,NA,NA
"2735",27521,"MiamiBeach","29","2020-09-19","Specific_Conductivity",4599,"umhos/cm",NA,NA,NA
"2736",27526,"MiamiBeach","30","2020-09-19","Specific_Conductivity",5067,"umhos/cm",NA,NA,NA
"2737",27531,"MiamiBeach","31","2020-09-19","Specific_Conductivity",4950,"umhos/cm",NA,NA,NA
"2738",27536,"MiamiBeach","34","2020-09-19","Specific_Conductivity",4940,"umhos/cm",NA,NA,NA
"2739",27541,"MiamiBeach","41","2020-09-19","Specific_Conductivity",5282,"umhos/cm",NA,NA,NA
"2740",27546,"MiamiBeach","40","2020-09-19","Specific_Conductivity",5293,"umhos/cm",NA,NA,NA
"2741",27551,"MiamiBeach","39","2020-09-19","Specific_Conductivity",5303,"umhos/cm",NA,NA,NA
"2742",27556,"MiamiBeach","38","2020-09-19","Specific_Conductivity",5269,"umhos/cm",NA,NA,NA
"2743",27561,"MiamiBeach","37","2020-09-19","Specific_Conductivity",5151,"umhos/cm",NA,NA,NA
"2744",27566,"MiamiBeach","36","2020-09-19","Specific_Conductivity",5011,"umhos/cm",NA,NA,NA
"2745",27571,"MiamiBeach","35","2020-09-19","Specific_Conductivity",5251,"umhos/cm",NA,NA,NA
"2746",27576,"MiamiBeach","12","2020-09-19","Specific_Conductivity",4084,"umhos/cm",NA,NA,NA
"2747",27730,"MiamiBeach","1","2020-10-22","Specific_Conductivity",4632,"umhos/cm",NA,NA,NA
"2748",27735,"MiamiBeach","2","2020-10-22","Specific_Conductivity",4547,"umhos/cm",NA,NA,NA
"2749",27740,"MiamiBeach","3B","2020-10-22","Specific_Conductivity",4678,"umhos/cm",NA,NA,NA
"2750",27745,"MiamiBeach","3","2020-10-22","Specific_Conductivity",4685,"umhos/cm",NA,NA,NA
"2751",27750,"MiamiBeach","3A","2020-10-22","Specific_Conductivity",3108,"umhos/cm",NA,NA,NA
"2752",27755,"MiamiBeach","4","2020-10-22","Specific_Conductivity",4726,"umhos/cm",NA,NA,NA
"2753",27760,"MiamiBeach","5","2020-10-22","Specific_Conductivity",4912,"umhos/cm",NA,NA,NA
"2754",27765,"MiamiBeach","6","2020-10-22","Specific_Conductivity",4865,"umhos/cm",NA,NA,NA
"2755",27770,"MiamiBeach","7","2020-10-22","Specific_Conductivity",4898,"umhos/cm",NA,NA,NA
"2756",27775,"MiamiBeach","8","2020-10-22","Specific_Conductivity",4845,"umhos/cm",NA,NA,NA
"2757",27780,"MiamiBeach","9","2020-10-22","Specific_Conductivity",4986,"umhos/cm",NA,NA,NA
"2758",27785,"MiamiBeach","10","2020-10-22","Specific_Conductivity",4989,"umhos/cm",NA,NA,NA
"2759",27790,"MiamiBeach","11","2020-10-22","Specific_Conductivity",4872,"umhos/cm",NA,NA,NA
"2760",27795,"MiamiBeach","12","2020-10-22","Specific_Conductivity",4691,"umhos/cm",NA,NA,NA
"2761",27800,"MiamiBeach","13","2020-10-22","Specific_Conductivity",4788,"umhos/cm",NA,NA,NA
"2762",27805,"MiamiBeach","14","2020-10-22","Specific_Conductivity",4546,"umhos/cm",NA,NA,NA
"2763",27810,"MiamiBeach","15","2020-10-22","Specific_Conductivity",4509,"umhos/cm",NA,NA,NA
"2764",27815,"MiamiBeach","16","2020-10-22","Specific_Conductivity",4407,"umhos/cm",NA,NA,NA
"2765",27820,"MiamiBeach","17","2020-10-22","Specific_Conductivity",4364,"umhos/cm",NA,NA,NA
"2766",27825,"MiamiBeach","18","2020-10-22","Specific_Conductivity",4336,"umhos/cm",NA,NA,NA
"2767",27830,"MiamiBeach","19","2020-10-22","Specific_Conductivity",4431,"umhos/cm",NA,NA,NA
"2768",27835,"MiamiBeach","20","2020-10-22","Specific_Conductivity",4579,"umhos/cm",NA,NA,NA
"2769",27840,"MiamiBeach","21","2020-10-22","Specific_Conductivity",4661,"umhos/cm",NA,NA,NA
"2770",27845,"MiamiBeach","22","2020-10-22","Specific_Conductivity",4673,"umhos/cm",NA,NA,NA
"2771",27850,"MiamiBeach","23","2020-10-22","Specific_Conductivity",4687,"umhos/cm",NA,NA,NA
"2772",27855,"MiamiBeach","24","2020-10-22","Specific_Conductivity",4761,"umhos/cm",NA,NA,NA
"2773",27860,"MiamiBeach","25","2020-10-22","Specific_Conductivity",4968,"umhos/cm",NA,NA,NA
"2774",28021,"MiamiBeach","26","2020-10-23","Specific_Conductivity",4586,"umhos/cm",NA,NA,NA
"2775",28026,"MiamiBeach","27","2020-10-23","Specific_Conductivity",4500,"umhos/cm",NA,NA,NA
"2776",28031,"MiamiBeach","28","2020-10-23","Specific_Conductivity",4480,"umhos/cm",NA,NA,NA
"2777",28036,"MiamiBeach","32","2020-10-23","Specific_Conductivity",4607,"umhos/cm",NA,NA,NA
"2778",28041,"MiamiBeach","33","2020-10-23","Specific_Conductivity",4677,"umhos/cm",NA,NA,NA
"2779",28046,"MiamiBeach","29","2020-10-23","Specific_Conductivity",4591,"umhos/cm",NA,NA,NA
"2780",28051,"MiamiBeach","30","2020-10-23","Specific_Conductivity",4658,"umhos/cm",NA,NA,NA
"2781",28056,"MiamiBeach","31","2020-10-23","Specific_Conductivity",4720,"umhos/cm",NA,NA,NA
"2782",28061,"MiamiBeach","34","2020-10-23","Specific_Conductivity",4676,"umhos/cm",NA,NA,NA
"2783",28066,"MiamiBeach","41","2020-10-23","Specific_Conductivity",4900,"umhos/cm",NA,NA,NA
"2784",28071,"MiamiBeach","40","2020-10-23","Specific_Conductivity",4948,"umhos/cm",NA,NA,NA
"2785",28076,"MiamiBeach","39","2020-10-23","Specific_Conductivity",4940,"umhos/cm",NA,NA,NA
"2786",28081,"MiamiBeach","38","2020-10-23","Specific_Conductivity",4930,"umhos/cm",NA,NA,NA
"2787",28086,"MiamiBeach","37","2020-10-23","Specific_Conductivity",4768,"umhos/cm",NA,NA,NA
"2788",28091,"MiamiBeach","36","2020-10-23","Specific_Conductivity",4763,"umhos/cm",NA,NA,NA
"2789",28096,"MiamiBeach","35","2020-10-23","Specific_Conductivity",4771,"umhos/cm",NA,NA,NA
"2790",28216,"MiamiBeach","26","2020-11-19","Specific_Conductivity",48911,"umhos/cm",NA,NA,NA
"2791",28221,"MiamiBeach","27","2020-11-19","Specific_Conductivity",48648,"umhos/cm",NA,NA,NA
"2792",28226,"MiamiBeach","28","2020-11-19","Specific_Conductivity",48788,"umhos/cm",NA,NA,NA
"2793",28231,"MiamiBeach","32","2020-11-19","Specific_Conductivity",49176,"umhos/cm",NA,NA,NA
"2794",28236,"MiamiBeach","33","2020-11-19","Specific_Conductivity",49794,"umhos/cm",NA,NA,NA
"2795",28241,"MiamiBeach","29","2020-11-19","Specific_Conductivity",48931,"umhos/cm",NA,NA,NA
"2796",28246,"MiamiBeach","30","2020-11-19","Specific_Conductivity",49730,"umhos/cm",NA,NA,NA
"2797",28251,"MiamiBeach","31","2020-11-19","Specific_Conductivity",51179,"umhos/cm",NA,NA,NA
"2798",28256,"MiamiBeach","34","2020-11-19","Specific_Conductivity",51118,"umhos/cm",NA,NA,NA
"2799",28261,"MiamiBeach","41","2020-11-19","Specific_Conductivity",53399,"umhos/cm",NA,NA,NA
"2800",28266,"MiamiBeach","40","2020-11-19","Specific_Conductivity",53103,"umhos/cm",NA,NA,NA
"2801",28271,"MiamiBeach","39","2020-11-19","Specific_Conductivity",53021,"umhos/cm",NA,NA,NA
"2802",28276,"MiamiBeach","38","2020-11-19","Specific_Conductivity",52759,"umhos/cm",NA,NA,NA
"2803",28281,"MiamiBeach","37","2020-11-19","Specific_Conductivity",51099,"umhos/cm",NA,NA,NA
"2804",28286,"MiamiBeach","36","2020-11-19","Specific_Conductivity",52284,"umhos/cm",NA,NA,NA
"2805",28291,"MiamiBeach","35","2020-11-19","Specific_Conductivity",52136,"umhos/cm",NA,NA,NA
"2806",28296,"MiamiBeach","25","2020-11-19","Specific_Conductivity",50787,"umhos/cm",NA,NA,NA
"2807",28441,"MiamiBeach","1","2020-11-20","Specific_Conductivity",50378,"umhos/cm",NA,NA,NA
"2808",28446,"MiamiBeach","2","2020-11-20","Specific_Conductivity",50119,"umhos/cm",NA,NA,NA
"2809",28451,"MiamiBeach","3","2020-11-20","Specific_Conductivity",50598,"umhos/cm",NA,NA,NA
"2810",28456,"MiamiBeach","4","2020-11-20","Specific_Conductivity",50560,"umhos/cm",NA,NA,NA
"2811",28461,"MiamiBeach","5","2020-11-20","Specific_Conductivity",50634,"umhos/cm",NA,NA,NA
"2812",28466,"MiamiBeach","6","2020-11-20","Specific_Conductivity",51534,"umhos/cm",NA,NA,NA
"2813",28471,"MiamiBeach","7","2020-11-20","Specific_Conductivity",48938,"umhos/cm",NA,NA,NA
"2814",28476,"MiamiBeach","8","2020-11-20","Specific_Conductivity",49226,"umhos/cm",NA,NA,NA
"2815",28481,"MiamiBeach","9","2020-11-20","Specific_Conductivity",48454,"umhos/cm",NA,NA,NA
"2816",28486,"MiamiBeach","10","2020-11-20","Specific_Conductivity",49527,"umhos/cm",NA,NA,NA
"2817",28491,"MiamiBeach","11","2020-11-20","Specific_Conductivity",49567,"umhos/cm",NA,NA,NA
"2818",28496,"MiamiBeach","12","2020-11-20","Specific_Conductivity",52141,"umhos/cm",NA,NA,NA
"2819",28501,"MiamiBeach","13","2020-11-20","Specific_Conductivity",50359,"umhos/cm",NA,NA,NA
"2820",28506,"MiamiBeach","14","2020-11-20","Specific_Conductivity",50658,"umhos/cm",NA,NA,NA
"2821",28511,"MiamiBeach","15","2020-11-20","Specific_Conductivity",49772,"umhos/cm",NA,NA,NA
"2822",28516,"MiamiBeach","16","2020-11-20","Specific_Conductivity",49904,"umhos/cm",NA,NA,NA
"2823",28521,"MiamiBeach","17","2020-11-20","Specific_Conductivity",49160,"umhos/cm",NA,NA,NA
"2824",28526,"MiamiBeach","18","2020-11-20","Specific_Conductivity",50101,"umhos/cm",NA,NA,NA
"2825",28531,"MiamiBeach","19","2020-11-20","Specific_Conductivity",50078,"umhos/cm",NA,NA,NA
"2826",28536,"MiamiBeach","20","2020-11-20","Specific_Conductivity",50481,"umhos/cm",NA,NA,NA
"2827",28541,"MiamiBeach","21","2020-11-20","Specific_Conductivity",50620,"umhos/cm",NA,NA,NA
"2828",28546,"MiamiBeach","22","2020-11-20","Specific_Conductivity",51409,"umhos/cm",NA,NA,NA
"2829",28551,"MiamiBeach","23","2020-11-20","Specific_Conductivity",51875,"umhos/cm",NA,NA,NA
"2830",28556,"MiamiBeach","24","2020-11-20","Specific_Conductivity",51858,"umhos/cm",NA,NA,NA
"2831",28735,"MiamiBeach","#1","2020-12-30","Specific_Conductivity",52758,"umhos/cm",NA,NA,NA
"2832",28740,"MiamiBeach","#2","2020-12-30","Specific_Conductivity",52551,"umhos/cm",NA,NA,NA
"2833",28745,"MiamiBeach","#3B","2020-12-30","Specific_Conductivity",53465,"umhos/cm",NA,NA,NA
"2834",28750,"MiamiBeach","#3","2020-12-30","Specific_Conductivity",52927,"umhos/cm",NA,NA,NA
"2835",28755,"MiamiBeach","#3A","2020-12-30","Specific_Conductivity",39068,"umhos/cm",NA,NA,NA
"2836",28760,"MiamiBeach","#4","2020-12-30","Specific_Conductivity",53227,"umhos/cm",NA,NA,NA
"2837",28765,"MiamiBeach","#5","2020-12-30","Specific_Conductivity",50326,"umhos/cm",NA,NA,NA
"2838",28770,"MiamiBeach","#6","2020-12-30","Specific_Conductivity",50032,"umhos/cm",NA,NA,NA
"2839",28775,"MiamiBeach","#7","2020-12-30","Specific_Conductivity",50041,"umhos/cm",NA,NA,NA
"2840",28780,"MiamiBeach","#8","2020-12-30","Specific_Conductivity",48754,"umhos/cm",NA,NA,NA
"2841",28785,"MiamiBeach","#9","2020-12-30","Specific_Conductivity",48210,"umhos/cm",NA,NA,NA
"2842",28790,"MiamiBeach","#10","2020-12-30","Specific_Conductivity",49880,"umhos/cm",NA,NA,NA
"2843",28795,"MiamiBeach","#11","2020-12-30","Specific_Conductivity",51384,"umhos/cm",NA,NA,NA
"2844",28800,"MiamiBeach","#12","2020-12-30","Specific_Conductivity",50680,"umhos/cm",NA,NA,NA
"2845",28805,"MiamiBeach","#13","2020-12-30","Specific_Conductivity",51244,"umhos/cm",NA,NA,NA
"2846",28810,"MiamiBeach","#14","2020-12-30","Specific_Conductivity",52327,"umhos/cm",NA,NA,NA
"2847",28815,"MiamiBeach","#15","2020-12-30","Specific_Conductivity",52278,"umhos/cm",NA,NA,NA
"2848",28820,"MiamiBeach","#16","2020-12-30","Specific_Conductivity",51070,"umhos/cm",NA,NA,NA
"2849",28825,"MiamiBeach","#17","2020-12-30","Specific_Conductivity",50563,"umhos/cm",NA,NA,NA
"2850",28830,"MiamiBeach","#18","2020-12-30","Specific_Conductivity",51846,"umhos/cm",NA,NA,NA
"2851",28835,"MiamiBeach","#19","2020-12-30","Specific_Conductivity",51441,"umhos/cm",NA,NA,NA
"2852",28840,"MiamiBeach","#20","2020-12-30","Specific_Conductivity",52663,"umhos/cm",NA,NA,NA
"2853",28845,"MiamiBeach","#21","2020-12-30","Specific_Conductivity",52585,"umhos/cm",NA,NA,NA
"2854",28850,"MiamiBeach","#22","2020-12-30","Specific_Conductivity",52480,"umhos/cm",NA,NA,NA
"2855",28855,"MiamiBeach","#23","2020-12-30","Specific_Conductivity",52781,"umhos/cm",NA,NA,NA
"2856",28860,"MiamiBeach","#24","2020-12-30","Specific_Conductivity",52770,"umhos/cm",NA,NA,NA
