"","X","source","datetime","site","analyte","value","units","latitude","longitude","sample_depth"
"1","...79316","MiamiBeach","11/14/2016 12:24:00","30","Total_Nitrogen",0.453,"mg/L",25.7876,-80.1576,NA
"2","...79317","MiamiBeach","11/08/2017 11:57:00","16","Total_Nitrogen",0.386,"mg/L",25.8051,-80.1269,NA
"3","...79318","MiamiBeach","09/21/2017 10:05:00","46","Total_Nitrogen",0.427,"mg/L",25.767,-80.1371,NA
"4","...79319","MiamiBeach","01/10/2018 11:20:00","16","Total_Nitrogen",0.54,"mg/L",25.8051,-80.1269,NA
"5","...79320","MiamiBeach","04/18/2018 12:43:00","23","Total_Nitrogen",0.519,"mg/L",25.7954,-80.1592,NA
"6","...79321","MiamiBeach","08/17/2016 11:52:00","4","Total_Nitrogen",0.505,"mg/L",25.8463,-80.1282,NA
"7","...79322","MiamiBeach","06/22/2017 10:16:00","39","Total_Nitrogen",0.489,"mg/L",25.7813,-80.1556,NA
"8","...79323","MiamiBeach","09/20/2017 09:51:00","4","Total_Nitrogen",0.55,"mg/L",25.8463,-80.1282,NA
"9","...79324","MiamiBeach","10/27/2017 12:15:00","62","Total_Nitrogen",0.45,"mg/L",25.7808,-80.1617,NA
"10","...79325","MiamiBeach","09/20/2018 12:07:00","33","Total_Nitrogen",0.435,"mg/L",25.7852,-80.1653,NA
"11","...79326","MiamiBeach","11/08/2017 13:42:00","56","Total_Nitrogen",0.246,"mg/L",25.7917,-80.1451,NA
"12","...79327","MiamiBeach","03/16/2017 09:40:00","48","Total_Nitrogen",0.265,"mg/L",25.7741,-80.1419,NA
"13","...79328","MiamiBeach","12/14/2016 09:18:00","56","Total_Nitrogen",0.351,"mg/L",25.7917,-80.1451,NA
"14","...79329","MiamiBeach","03/16/2017 11:15:00","30","Total_Nitrogen",0.355,"mg/L",25.7876,-80.1576,NA
"15","...79330","MiamiBeach","12/13/2016 10:43:00","36","Total_Nitrogen",0.459,"mg/L",25.7825,-80.1682,NA
"16","...79331","MiamiBeach","01/10/2018 13:33:00","60","Total_Nitrogen",0.463,"mg/L",25.7933,-80.1453,NA
"17","...79332","MiamiBeach","09/12/2016 09:50:00","22","Total_Nitrogen",0.47,"mg/L",25.7942,-80.1628,NA
"18","...79333","MiamiBeach","04/14/2020 12:46:00","54","Total_Nitrogen",0.333,"mg/L",25.7965,-80.1425,NA
"19","...79334","MiamiBeach","03/16/2017 09:35:00","47","Total_Nitrogen",0.295,"mg/L",25.7741,-80.1418,NA
"20","...79335","MiamiBeach","03/15/2017 12:50:00","60","Total_Nitrogen",0.385,"mg/L",25.7933,-80.1453,NA
"21","...79336","MiamiBeach","01/11/2018 12:47:00","22","Total_Nitrogen",0.441,"mg/L",25.7942,-80.1628,NA
"22","...79337","MiamiBeach","10/27/2017 10:22:00","26","Total_Nitrogen",0.408,"mg/L",25.7949,-80.1553,NA
"23","...79338","MiamiBeach","11/17/2016 12:55:00","9","Total_Nitrogen",0.194,"mg/L",25.8002,-80.1278,NA
"24","...79339","MiamiBeach","05/18/2017 10:05:00","39","Total_Nitrogen",0.471,"mg/L",25.7813,-80.1556,NA
"25","...79340","MiamiBeach","09/14/2016 10:50:00","16","Total_Nitrogen",0.58,"mg/L",25.8051,-80.1269,NA
"26","...79341","MiamiBeach","09/14/2016 10:45:00","17","Total_Nitrogen",0.594,"mg/L",25.8052,-80.1268,NA
"27","...79342","MiamiBeach","01/11/2018 10:25:00","45","Total_Nitrogen",0.662,"mg/L",25.767,-80.137,NA
"28","...79343","MiamiBeach","02/09/2018 11:55:00","28","Total_Nitrogen",0.425,"mg/L",25.7874,-80.155,NA
"29","...79344","MiamiBeach","08/16/2018 12:14:00","23","Total_Nitrogen",0.376,"mg/L",25.7954,-80.1592,NA
"30","...79345","MiamiBeach","08/15/2017 11:43:00","29","Total_Nitrogen",0.284,"mg/L",25.7876,-80.1577,NA
"31","...79346","MiamiBeach","07/18/2023 00:00:00","18","Total_Nitrogen",0.418,"mg/L",25.8075,-80.1251,NA
"32","...79347","MiamiBeach","12/20/2023 00:00:00","32","Total_Nitrogen",0.32,"mg/L",25.7876,-80.1626,NA
"33","...79348","MiamiBeach","05/25/2021 09:36:00","78","Total_Nitrogen",0.783,"mg/L",25.8499,-80.1367,NA
"34","...79349","MiamiBeach","06/17/2021 10:04:00","54","Total_Nitrogen",0.417,"mg/L",25.7965,-80.1425,NA
"35","...79350","MiamiBeach","11/26/2018 10:23:00","19","Total_Nitrogen",0.547,"mg/L",25.8134,-80.1246,NA
"36","...79351","MiamiBeach","04/18/2018 10:45:00","37","Total_Nitrogen",0.338,"mg/L",25.7776,-80.1565,NA
"37","...79352","MiamiBeach","12/14/2016 10:09:00","42","Total_Nitrogen",0.476,"mg/L",25.8015,-80.1401,NA
"38","...79353","MiamiBeach","12/19/2017 11:30:00","38","Total_Nitrogen",0.443,"mg/L",25.7775,-80.1562,NA
"39","...79354","MiamiBeach","08/04/2017 13:40:00","19","Total_Nitrogen",0.468,"mg/L",25.8134,-80.1246,NA
"40","...79355","MiamiBeach","10/24/2017 13:20:00","59","Total_Nitrogen",0.47,"mg/L",25.7933,-80.1451,NA
"41","...79356","MiamiBeach","11/27/2018 12:05:00","26","Total_Nitrogen",0.402,"mg/L",25.7949,-80.1553,NA
"42","...79357","MiamiBeach","07/18/2023 00:00:00","9","Total_Nitrogen",0.366,"mg/L",25.8002,-80.1278,NA
"43","...79358","MiamiBeach","06/27/2019 09:55:00","4","Total_Nitrogen",0.335,"mg/L",25.8463,-80.1282,NA
"44","...79359","MiamiBeach","05/29/2018 12:45:00","29","Total_Nitrogen",0.58,"mg/L",25.7876,-80.1577,NA
"45","...79360","MiamiBeach","11/14/2016 12:33:00","28","Total_Nitrogen",0.419,"mg/L",25.7874,-80.155,NA
"46","...79361","MiamiBeach","09/26/2019 10:38:00","74","Total_Nitrogen",0.111,"mg/L",25.7806,-80.1618,NA
"47","...79362","MiamiBeach","02/03/2020 10:48:00","70","Total_Nitrogen",0.33,"mg/L",25.8642,-80.1291,NA
"48","...79363","MiamiBeach","06/17/2021 10:46:00","74","Total_Nitrogen",2.13,"mg/L",25.7806,-80.1618,NA
"49","...79364","MiamiBeach","09/21/2021 11:18:00","60","Total_Nitrogen",0.213,"mg/L",25.7933,-80.1453,NA
"50","...79365","MiamiBeach","10/28/2021 13:23:00","9","Total_Nitrogen",0.511,"mg/L",25.8002,-80.1278,NA
"51","...79366","MiamiBeach","12/20/2021 09:35:00","34","Total_Nitrogen",0.267,"mg/L",25.7858,-80.1656,NA
"52","...79367","MiamiBeach","12/20/2021 12:48:00","9","Total_Nitrogen",0.392,"mg/L",25.8002,-80.1278,NA
"53","...79368","MiamiBeach","02/12/2020 11:24:00","74","Total_Nitrogen",0.274,"mg/L",25.7806,-80.1618,NA
"54","...79369","MiamiBeach","03/14/2023 00:00:00","23","Total_Nitrogen",0.313,"mg/L",25.7954,-80.1592,NA
"55","...79370","MiamiBeach","03/27/2023 00:00:00","34","Total_Nitrogen",0.388,"mg/L",25.7858,-80.1656,NA
"56","...79371","MiamiBeach","05/30/2023 00:00:00","35","Total_Nitrogen",0.412,"mg/L",25.7823,-80.168,NA
"57","...79372","MiamiBeach","12/20/2023 00:00:00","22","Total_Nitrogen",0.303,"mg/L",25.7942,-80.1628,NA
"58","...79373","MiamiBeach","02/24/2022 10:22:00","38","Total_Nitrogen",0.235,"mg/L",25.7775,-80.1562,NA
"59","...79374","MiamiBeach","10/03/2016 10:59:00","29","Total_Nitrogen",0.405,"mg/L",25.7876,-80.1577,NA
"60","...79375","MiamiBeach","11/09/2017 12:28:00","22","Total_Nitrogen",0.394,"mg/L",25.7942,-80.1628,NA
"61","...79376","MiamiBeach","04/18/2018 11:55:00","28","Total_Nitrogen",0.404,"mg/L",25.7874,-80.155,NA
"62","...79377","MiamiBeach","09/21/2017 10:55:00","39","Total_Nitrogen",0.462,"mg/L",25.7813,-80.1556,NA
"63","...79378","MiamiBeach","01/10/2018 13:03:00","54","Total_Nitrogen",0.479,"mg/L",25.7965,-80.1425,NA
"64","...79379","MiamiBeach","07/29/2020 09:03:00","4","Total_Nitrogen",0.293,"mg/L",25.8463,-80.1282,NA
"65","...79380","MiamiBeach","09/23/2020 10:27:00","34","Total_Nitrogen",0.323,"mg/L",25.7858,-80.1656,NA
"66","...79381","MiamiBeach","08/13/2019 11:16:00","17","Total_Nitrogen",0.111,"mg/L",25.8052,-80.1268,NA
"67","...79382","MiamiBeach","10/22/2021 11:34:00","38","Total_Nitrogen",0.101,"mg/L",25.7775,-80.1562,NA
"68","...79383","MiamiBeach","11/15/2021 10:30:00","71","Total_Nitrogen",0.347,"mg/L",25.867,-80.1243,NA
"69","...79384","MiamiBeach","12/22/2021 11:19:00","19","Total_Nitrogen",0.328,"mg/L",25.8134,-80.1246,NA
"70","...79385","MiamiBeach","05/20/2019 11:37:00","67","Total_Nitrogen",0.225,"mg/L",25.8388,-80.1225,NA
"71","...79386","MiamiBeach","05/12/2017 12:10:00","54","Total_Nitrogen",0.456,"mg/L",25.7965,-80.1425,NA
"72","...79387","MiamiBeach","08/11/2017 11:47:00","17","Total_Nitrogen",0.778,"mg/L",25.8052,-80.1268,NA
"73","...79388","MiamiBeach","02/09/2018 11:45:00","29","Total_Nitrogen",0.434,"mg/L",25.7876,-80.1577,NA
"74","...79389","MiamiBeach","06/18/2018 10:49:00","38","Total_Nitrogen",0.426,"mg/L",25.7775,-80.1562,NA
"75","...79390","MiamiBeach","08/15/2018 10:17:00","19","Total_Nitrogen",0.395,"mg/L",25.8134,-80.1246,NA
"76","...79391","MiamiBeach","09/18/2018 14:05:00","59","Total_Nitrogen",0.418,"mg/L",25.7933,-80.1451,NA
"77","...79392","MiamiBeach","01/23/2019 14:50:00","9","Total_Nitrogen",0.422,"mg/L",25.8002,-80.1278,NA
"78","...79393","MiamiBeach","05/17/2019 13:40:00","60","Total_Nitrogen",0.19,"mg/L",25.7933,-80.1453,NA
"79","...79394","MiamiBeach","10/27/2017 13:07:00","48","Total_Nitrogen",0.51,"mg/L",25.7741,-80.1419,NA
"80","...79395","MiamiBeach","04/19/2018 13:10:00","42","Total_Nitrogen",0.45,"mg/L",25.8015,-80.1401,NA
"81","...79396","MiamiBeach","10/03/2016 09:39:00","26","Total_Nitrogen",0.54,"mg/L",25.7949,-80.1553,NA
"82","...79397","MiamiBeach","04/14/2020 10:06:00","69","Total_Nitrogen",0.323,"mg/L",25.8586,-80.1259,NA
"83","...79398","MiamiBeach","10/30/2018 12:23:00","28","Total_Nitrogen",0.285,"mg/L",25.7874,-80.155,NA
"84","...79399","MiamiBeach","11/16/2021 10:30:00","46","Total_Nitrogen",0.265,"mg/L",25.767,-80.1371,NA
"85","...79400","MiamiBeach","10/03/2016 11:22:00","39","Total_Nitrogen",0.513,"mg/L",25.7813,-80.1556,NA
"86","...79401","MiamiBeach","10/03/2016 11:39:00","37","Total_Nitrogen",0.57,"mg/L",25.7776,-80.1565,NA
"87","...79402","MiamiBeach","04/18/2017 12:55:00","60","Total_Nitrogen",0.415,"mg/L",25.7933,-80.1453,NA
"88","...79403","MiamiBeach","01/15/2020 10:08:00","78","Total_Nitrogen",2.133,"mg/L",25.8499,-80.1367,NA
"89","...79404","MiamiBeach","06/13/2023 00:00:00","16","Total_Nitrogen",0.354,"mg/L",25.8051,-80.1269,NA
"90","...79405","MiamiBeach","06/13/2023 00:00:00","17","Total_Nitrogen",0.364,"mg/L",25.8052,-80.1268,NA
"91","...79406","MiamiBeach","03/30/2022 11:21:00","19","Total_Nitrogen",0.31,"mg/L",25.8134,-80.1246,NA
"92","...79407","MiamiBeach","05/29/2018 13:28:00","24","Total_Nitrogen",0.55,"mg/L",25.796,-80.159,NA
"93","...79408","MiamiBeach","05/29/2018 12:08:00","35","Total_Nitrogen",0.59,"mg/L",25.7823,-80.168,NA
"94","...79409","MiamiBeach","06/18/2018 11:55:00","30","Total_Nitrogen",0.395,"mg/L",25.7876,-80.1576,NA
"95","...79410","MiamiBeach","06/19/2018 13:50:00","54","Total_Nitrogen",0.372,"mg/L",25.7965,-80.1425,NA
"96","...79411","MiamiBeach","03/14/2023 00:00:00","22","Total_Nitrogen",0.316,"mg/L",25.7942,-80.1628,NA
"97","...79412","MiamiBeach","03/27/2023 00:00:00","28","Total_Nitrogen",0.391,"mg/L",25.7874,-80.155,NA
"98","...79413","MiamiBeach","11/18/2020 11:26:00","19","Total_Nitrogen",0.4,"mg/L",25.8134,-80.1246,NA
"99","...79414","MiamiBeach","12/22/2020 10:06:00","34","Total_Nitrogen",0.253,"mg/L",25.7858,-80.1656,NA
"100","...79415","MiamiBeach","12/22/2020 12:25:00","9","Total_Nitrogen",0.421,"mg/L",25.8002,-80.1278,NA
"101","...79416","MiamiBeach","01/18/2017 11:57:00","2","Total_Nitrogen",0.451,"mg/L",25.8167,-80.139,NA
"102","...79417","MiamiBeach","01/18/2017 09:47:00","42","Total_Nitrogen",0.446,"mg/L",25.8015,-80.1401,NA
"103","...79418","MiamiBeach","03/08/2018 12:20:00","24","Total_Nitrogen",0.491,"mg/L",25.796,-80.159,NA
"104","...79419","MiamiBeach","08/17/2016 14:27:00","17","Total_Nitrogen",0.495,"mg/L",25.8052,-80.1268,NA
"105","...79420","MiamiBeach","08/11/2017 11:49:00","16","Total_Nitrogen",0.725,"mg/L",25.8051,-80.1269,NA
"106","...79421","MiamiBeach","01/17/2017 11:15:00","22","Total_Nitrogen",0.326,"mg/L",25.7942,-80.1628,NA
"107","...79422","MiamiBeach","03/16/2017 11:20:00","27","Total_Nitrogen",0.335,"mg/L",25.7878,-80.155,NA
"108","...79423","MiamiBeach","01/11/2018 12:12:00","27","Total_Nitrogen",0.521,"mg/L",25.7878,-80.155,NA
"109","...79424","MiamiBeach","10/04/2016 11:15:00","17","Total_Nitrogen",0.494,"mg/L",25.8052,-80.1268,NA
"110","...79425","MiamiBeach","12/13/2016 11:05:00","29","Total_Nitrogen",0.508,"mg/L",25.7876,-80.1577,NA
"111","...79426","MiamiBeach","06/22/2017 11:35:00","25","Total_Nitrogen",0.549,"mg/L",25.7943,-80.1553,NA
"112","...79427","MiamiBeach","06/22/2017 10:09:00","37","Total_Nitrogen",0.508,"mg/L",25.7776,-80.1565,NA
"113","...79428","MiamiBeach","08/16/2016 11:43:00","25","Total_Nitrogen",1.34,"mg/L",25.7943,-80.1553,NA
"114","...79429","MiamiBeach","08/15/2017 12:15:00","24","Total_Nitrogen",0.249,"mg/L",25.796,-80.159,NA
"115","...79430","MiamiBeach","10/03/2016 10:52:00","36","Total_Nitrogen",0.406,"mg/L",25.7825,-80.1682,NA
"116","...79431","MiamiBeach","09/18/2018 11:34:00","18","Total_Nitrogen",0.515,"mg/L",25.8075,-80.1251,NA
"117","...79432","MiamiBeach","02/25/2019 11:16:00","37","Total_Nitrogen",0.332,"mg/L",25.7776,-80.1565,NA
"118","...79433","MiamiBeach","03/21/2019 13:40:00","21","Total_Nitrogen",0.294,"mg/L",25.7933,-80.1629,NA
"119","...79434","MiamiBeach","10/30/2018 12:56:00","25","Total_Nitrogen",0.358,"mg/L",25.7943,-80.1553,NA
"120","...79435","MiamiBeach","11/27/2018 11:27:00","30","Total_Nitrogen",0.365,"mg/L",25.7876,-80.1576,NA
"121","...79436","MiamiBeach","05/04/2021 10:00:00","74","Total_Nitrogen",2.5,"mg/L",25.7806,-80.1618,NA
"122","...79437","MiamiBeach","05/04/2021 10:05:00","63","Total_Nitrogen",0.383,"mg/L",25.781,-80.1616,NA
"123","...79438","MiamiBeach","07/14/2021 13:40:00","60","Total_Nitrogen",0.31,"mg/L",25.7933,-80.1453,NA
"124","...79439","MiamiBeach","09/21/2021 09:45:00","63","Total_Nitrogen",0.235,"mg/L",25.781,-80.1616,NA
"125","...79440","MiamiBeach","10/22/2021 10:55:00","34","Total_Nitrogen",0.365,"mg/L",25.7858,-80.1656,NA
"126","...79441","MiamiBeach","11/15/2021 10:55:00","67","Total_Nitrogen",0.357,"mg/L",25.8388,-80.1225,NA
"127","...79442","MiamiBeach","12/20/2021 09:42:00","63","Total_Nitrogen",0.298,"mg/L",25.781,-80.1616,NA
"128","...79443","MiamiBeach","06/13/2023 00:00:00","23","Total_Nitrogen",0.305,"mg/L",25.7954,-80.1592,NA
"129","...79444","MiamiBeach","07/31/2023 00:00:00","30","Total_Nitrogen",0.313,"mg/L",25.7876,-80.1576,NA
"130","...79445","MiamiBeach","08/24/2023 00:00:00","25","Total_Nitrogen",0.159,"mg/L",25.7943,-80.1553,NA
"131","...79446","MiamiBeach","03/30/2022 10:24:00","71","Total_Nitrogen",0.321,"mg/L",25.867,-80.1243,NA
"132","...79447","MiamiBeach","03/30/2022 10:58:00","67","Total_Nitrogen",0.31,"mg/L",25.8388,-80.1225,NA
"133","...79448","MiamiBeach","03/31/2022 10:28:00","52","Total_Nitrogen",0.225,"mg/L",25.7804,-80.1432,NA
"134","...79449","MiamiBeach","07/19/2018 10:16:00","40","Total_Nitrogen",0.375,"mg/L",25.7813,-80.1552,NA
"135","...79450","MiamiBeach","08/15/2018 10:25:00","18","Total_Nitrogen",0.465,"mg/L",25.8075,-80.1251,NA
"136","...79451","MiamiBeach","01/23/2019 11:27:00","35","Total_Nitrogen",2.225,"mg/L",25.7823,-80.168,NA
"137","...79452","MiamiBeach","02/25/2019 12:30:00","27","Total_Nitrogen",0.396,"mg/L",25.7878,-80.155,NA
"138","...79453","MiamiBeach","04/16/2019 10:55:00","47","Total_Nitrogen",0.285,"mg/L",25.7741,-80.1418,NA
"139","...79454","MiamiBeach","09/12/2016 10:35:00","27","Total_Nitrogen",0.73,"mg/L",25.7878,-80.155,NA
"140","...79455","MiamiBeach","03/16/2017 11:25:00","28","Total_Nitrogen",0.345,"mg/L",25.7874,-80.155,NA
"141","...79456","MiamiBeach","03/16/2017 11:10:00","29","Total_Nitrogen",0.355,"mg/L",25.7876,-80.1577,NA
"142","...79457","MiamiBeach","12/13/2016 10:28:00","40","Total_Nitrogen",0.409,"mg/L",25.7813,-80.1552,NA
"143","...79458","MiamiBeach","10/27/2017 11:04:00","36","Total_Nitrogen",0.427,"mg/L",25.7825,-80.1682,NA
"144","...79459","MiamiBeach","08/16/2016 10:58:00","22","Total_Nitrogen",0.428,"mg/L",25.7942,-80.1628,NA
"145","...79460","MiamiBeach","01/11/2018 11:52:00","31","Total_Nitrogen",0.468,"mg/L",25.788,-80.1627,NA
"146","...79461","MiamiBeach","10/30/2018 10:31:00","52","Total_Nitrogen",0.367,"mg/L",25.7804,-80.1432,NA
"147","...79462","MiamiBeach","11/27/2018 10:12:00","40","Total_Nitrogen",0.355,"mg/L",25.7813,-80.1552,NA
"148","...79463","MiamiBeach","06/22/2017 13:30:00","9","Total_Nitrogen",0.56,"mg/L",25.8002,-80.1278,NA
"149","...79464","MiamiBeach","10/12/2017 09:55:00","16","Total_Nitrogen",0.72,"mg/L",25.8051,-80.1269,NA
"150","...79465","MiamiBeach","11/19/2019 10:59:00","71","Total_Nitrogen",0.213,"mg/L",25.867,-80.1243,NA
"151","...79466","MiamiBeach","06/20/2023 00:00:00","36","Total_Nitrogen",0.258,"mg/L",25.7825,-80.1682,NA
"152","...79467","MiamiBeach","08/24/2023 00:00:00","23","Total_Nitrogen",0.158,"mg/L",25.7954,-80.1592,NA
"153","...79468","MiamiBeach","08/24/2023 00:00:00","18","Total_Nitrogen",0.161,"mg/L",25.8075,-80.1251,NA
"154","...79469","MiamiBeach","09/19/2023 00:00:00","27","Total_Nitrogen",0.278,"mg/L",25.7878,-80.155,NA
"155","...79470","MiamiBeach","12/20/2023 00:00:00","33","Total_Nitrogen",0.287,"mg/L",25.7852,-80.1653,NA
"156","...79471","MiamiBeach","02/24/2022 10:15:00","74","Total_Nitrogen",2.5,"mg/L",25.7806,-80.1618,NA
"157","...79472","MiamiBeach","02/24/2022 14:00:00","84","Total_Nitrogen",0.928,"mg/L",25.840485,-80.132921,NA
"158","...79473","MiamiBeach","03/30/2022 12:50:00","42","Total_Nitrogen",0.271,"mg/L",25.8015,-80.1401,NA
"159","...79474","MiamiBeach","05/04/2021 12:59:00","79","Total_Nitrogen",1.833,"mg/L",25.8531,-80.1295,NA
"160","...79475","MiamiBeach","05/25/2021 10:55:00","69","Total_Nitrogen",0.203,"mg/L",25.8586,-80.1259,NA
"161","...79476","MiamiBeach","07/15/2021 12:21:00","74","Total_Nitrogen",2.04,"mg/L",25.7806,-80.1618,NA
"162","...79477","MiamiBeach","07/15/2021 12:47:00","47","Total_Nitrogen",0.273,"mg/L",25.7741,-80.1418,NA
"163","...79478","MiamiBeach","02/12/2020 11:21:00","63","Total_Nitrogen",0.263,"mg/L",25.781,-80.1616,NA
"164","...79479","MiamiBeach","02/12/2020 12:07:00","42","Total_Nitrogen",0.343,"mg/L",25.8015,-80.1401,NA
"165","...79480","MiamiBeach","01/17/2017 11:00:00","26","Total_Nitrogen",4.116,"mg/L",25.7949,-80.1553,NA
"166","...79481","MiamiBeach","01/20/2023 00:00:00","19","Total_Nitrogen",0.288,"mg/L",25.8134,-80.1246,NA
"167","...79482","MiamiBeach","06/27/2019 10:34:00","70","Total_Nitrogen",0.397,"mg/L",25.8642,-80.1291,NA
"168","...79483","MiamiBeach","07/31/2019 12:36:00","56","Total_Nitrogen",2.025,"mg/L",25.7917,-80.1451,NA
"169","...79484","MiamiBeach","10/15/2020 09:38:00","46","Total_Nitrogen",0.293,"mg/L",25.767,-80.1371,NA
"170","...79485","MiamiBeach","07/27/2017 09:54:00","4","Total_Nitrogen",0.347,"mg/L",25.8463,-80.1282,NA
"171","...79486","MiamiBeach","11/09/2017 10:12:00","45","Total_Nitrogen",0.377,"mg/L",25.767,-80.137,NA
"172","...79487","MiamiBeach","06/21/2017 10:45:00","19","Total_Nitrogen",0.591,"mg/L",25.8134,-80.1246,NA
"173","...79488","MiamiBeach","09/20/2017 12:23:00","54","Total_Nitrogen",0.51,"mg/L",25.7965,-80.1425,NA
"174","...79489","MiamiBeach","10/24/2017 12:23:00","2","Total_Nitrogen",0.423,"mg/L",25.8167,-80.139,NA
"175","...79490","MiamiBeach","08/12/2019 11:32:00","22","Total_Nitrogen",0.111,"mg/L",25.7942,-80.1628,NA
"176","...79491","MiamiBeach","08/12/2019 12:16:00","42","Total_Nitrogen",0.111,"mg/L",25.8015,-80.1401,NA
"177","...79492","MiamiBeach","04/16/2019 11:49:00","22","Total_Nitrogen",0.335,"mg/L",25.7942,-80.1628,NA
"178","...79493","MiamiBeach","04/17/2019 10:50:00","67","Total_Nitrogen",0.111,"mg/L",25.8388,-80.1225,NA
"179","...79494","MiamiBeach","06/26/2019 10:01:00","47","Total_Nitrogen",0.355,"mg/L",25.7741,-80.1418,NA
"180","...79495","MiamiBeach","06/18/2018 13:02:00","26","Total_Nitrogen",1.648,"mg/L",25.7949,-80.1553,NA
"181","...79496","MiamiBeach","07/18/2018 13:28:00","60","Total_Nitrogen",0.435,"mg/L",25.7933,-80.1453,NA
"182","...79497","MiamiBeach","02/25/2022 09:48:00","68","Total_Nitrogen",0.41,"mg/L",25.8549,-80.1374,NA
"183","...79498","MiamiBeach","07/29/2020 11:46:00","19","Total_Nitrogen",0.303,"mg/L",25.8134,-80.1246,NA
"184","...79499","MiamiBeach","07/29/2020 13:45:00","54","Total_Nitrogen",0.263,"mg/L",25.7965,-80.1425,NA
"185","...79500","MiamiBeach","09/22/2020 11:50:00","19","Total_Nitrogen",0.453,"mg/L",25.8134,-80.1246,NA
"186","...79501","MiamiBeach","11/18/2020 11:17:00","66","Total_Nitrogen",0.46,"mg/L",25.8234,-80.1232,NA
"187","...79502","MiamiBeach","12/21/2020 09:45:00","4","Total_Nitrogen",0.323,"mg/L",25.8463,-80.1282,NA
"188","...79503","MiamiBeach","08/15/2017 11:14:00","62","Total_Nitrogen",0.279,"mg/L",25.7808,-80.1617,NA
"189","...79504","MiamiBeach","12/13/2016 10:53:00","31","Total_Nitrogen",0.453,"mg/L",25.788,-80.1627,NA
"190","...79505","MiamiBeach","03/08/2018 10:45:00","39","Total_Nitrogen",0.45,"mg/L",25.7813,-80.1556,NA
"191","...79506","MiamiBeach","03/08/2018 11:44:00","29","Total_Nitrogen",0.496,"mg/L",25.7876,-80.1577,NA
"192","...79507","MiamiBeach","09/21/2017 11:42:00","32","Total_Nitrogen",0.5,"mg/L",25.7876,-80.1626,NA
"193","...79508","MiamiBeach","11/14/2016 12:44:00","40","Total_Nitrogen",0.485,"mg/L",25.7813,-80.1552,NA
"194","...79509","MiamiBeach","08/16/2016 11:38:00","24","Total_Nitrogen",0.479,"mg/L",25.796,-80.159,NA
"195","...79510","MiamiBeach","03/07/2018 09:27:00","4","Total_Nitrogen",0.531,"mg/L",25.8463,-80.1282,NA
"196","...79511","MiamiBeach","09/20/2018 11:40:00","63","Total_Nitrogen",0.4,"mg/L",25.781,-80.1616,NA
"197","...79512","MiamiBeach","11/14/2016 12:06:00","35","Total_Nitrogen",0.68,"mg/L",25.7823,-80.168,NA
"198","...79513","MiamiBeach","01/23/2019 12:40:00","26","Total_Nitrogen",0.365,"mg/L",25.7949,-80.1553,NA
"199","...79514","MiamiBeach","03/15/2017 12:40:00","59","Total_Nitrogen",0.355,"mg/L",25.7933,-80.1451,NA
"200","...79515","MiamiBeach","01/23/2019 10:53:00","40","Total_Nitrogen",0.275,"mg/L",25.7813,-80.1552,NA
"201","...79516","MiamiBeach","03/21/2019 12:37:00","32","Total_Nitrogen",0.16,"mg/L",25.7876,-80.1626,NA
"202","...79517","MiamiBeach","05/17/2019 10:35:00","74","Total_Nitrogen",3.1,"mg/L",25.7806,-80.1618,NA
"203","...79518","MiamiBeach","09/21/2017 11:51:00","29","Total_Nitrogen",0.457,"mg/L",25.7876,-80.1577,NA
"204","...79519","MiamiBeach","08/13/2020 11:59:00","22","Total_Nitrogen",0.173,"mg/L",25.7942,-80.1628,NA
"205","...79520","MiamiBeach","08/14/2020 13:49:00","42","Total_Nitrogen",0.237,"mg/L",25.8015,-80.1401,NA
"206","...79521","MiamiBeach","06/17/2021 08:37:00","60","Total_Nitrogen",0.326,"mg/L",25.7933,-80.1453,NA
"207","...79522","MiamiBeach","10/28/2021 11:21:00","17","Total_Nitrogen",0.143,"mg/L",25.8052,-80.1268,NA
"208","...79523","MiamiBeach","07/28/2017 11:21:00","30","Total_Nitrogen",0.525,"mg/L",25.7876,-80.1576,NA
"209","...79524","MiamiBeach","12/19/2017 10:53:00","45","Total_Nitrogen",0.455,"mg/L",25.767,-80.137,NA
"210","...79525","MiamiBeach","10/15/2019 10:36:00","74","Total_Nitrogen",0.116,"mg/L",25.7806,-80.1618,NA
"211","...79526","MiamiBeach","05/29/2018 10:36:00","45","Total_Nitrogen",0.53,"mg/L",25.767,-80.137,NA
"212","...79527","MiamiBeach","10/19/2023 00:00:00","23","Total_Nitrogen",0.322,"mg/L",25.7954,-80.1592,NA
"213","...79528","MiamiBeach","12/20/2023 00:00:00","25","Total_Nitrogen",0.257,"mg/L",25.7943,-80.1553,NA
"214","...79529","MiamiBeach","01/11/2023 00:00:00","40","Total_Nitrogen",0.242,"mg/L",25.7813,-80.1552,NA
"215","...79530","MiamiBeach","10/30/2018 11:12:00","62","Total_Nitrogen",0.317,"mg/L",25.7808,-80.1617,NA
"216","...79531","MiamiBeach","05/04/2021 10:13:00","34","Total_Nitrogen",0.343,"mg/L",25.7858,-80.1656,NA
"217","...79532","MiamiBeach","05/25/2021 14:17:00","56","Total_Nitrogen",0.293,"mg/L",25.7917,-80.1451,NA
"218","...79533","MiamiBeach","06/13/2023 00:00:00","19","Total_Nitrogen",0.362,"mg/L",25.8134,-80.1246,NA
"219","...79534","MiamiBeach","01/17/2017 10:51:00","28","Total_Nitrogen",0.379,"mg/L",25.7874,-80.155,NA
"220","...79535","MiamiBeach","04/18/2017 13:05:00","59","Total_Nitrogen",0.415,"mg/L",25.7933,-80.1451,NA
"221","...79536","MiamiBeach","06/26/2019 10:22:00","52","Total_Nitrogen",0.345,"mg/L",25.7804,-80.1432,NA
"222","...79537","MiamiBeach","05/18/2017 09:40:00","48","Total_Nitrogen",0.473,"mg/L",25.7741,-80.1419,NA
"223","...79538","MiamiBeach","03/08/2018 10:25:00","52","Total_Nitrogen",0.524,"mg/L",25.7804,-80.1432,NA
"224","...79539","MiamiBeach","03/07/2018 13:55:00","9","Total_Nitrogen",0.567,"mg/L",25.8002,-80.1278,NA
"225","...79540","MiamiBeach","06/21/2017 10:50:00","18","Total_Nitrogen",0.571,"mg/L",25.8075,-80.1251,NA
"226","...79541","MiamiBeach","06/18/2018 12:51:00","24","Total_Nitrogen",0.411,"mg/L",25.796,-80.159,NA
"227","...79542","MiamiBeach","10/03/2016 10:29:00","32","Total_Nitrogen",0.428,"mg/L",25.7876,-80.1626,NA
"228","...79543","MiamiBeach","09/20/2017 11:39:00","2","Total_Nitrogen",0.481,"mg/L",25.8167,-80.139,NA
"229","...79544","MiamiBeach","01/17/2017 10:43:00","30","Total_Nitrogen",0.325,"mg/L",25.7876,-80.1576,NA
"230","...79545","MiamiBeach","08/17/2016 11:00:00","2","Total_Nitrogen",0.479,"mg/L",25.8167,-80.139,NA
"231","...79546","MiamiBeach","10/16/2019 08:48:00","78","Total_Nitrogen",0.219,"mg/L",25.8499,-80.1367,NA
"232","...79547","MiamiBeach","11/08/2017 14:04:00","59","Total_Nitrogen",0.269,"mg/L",25.7933,-80.1451,NA
"233","...79548","MiamiBeach","03/16/2017 11:45:00","23","Total_Nitrogen",0.383,"mg/L",25.7954,-80.1592,NA
"234","...79549","MiamiBeach","01/18/2017 12:17:00","59","Total_Nitrogen",0.431,"mg/L",25.7933,-80.1451,NA
"235","...79550","MiamiBeach","01/11/2018 10:44:00","48","Total_Nitrogen",0.455,"mg/L",25.7741,-80.1419,NA
"236","...79551","MiamiBeach","01/11/2018 12:07:00","30","Total_Nitrogen",0.467,"mg/L",25.7876,-80.1576,NA
"237","...79552","MiamiBeach","06/29/2020 09:32:00","52","Total_Nitrogen",0.213,"mg/L",25.7804,-80.1432,NA
"238","...79553","MiamiBeach","06/29/2020 10:13:00","34","Total_Nitrogen",0.273,"mg/L",25.7858,-80.1656,NA
"239","...79554","MiamiBeach","07/19/2018 11:52:00","22","Total_Nitrogen",0.415,"mg/L",25.7942,-80.1628,NA
"240","...79555","MiamiBeach","10/31/2018 10:54:00","18","Total_Nitrogen",0.471,"mg/L",25.8075,-80.1251,NA
"241","...79556","MiamiBeach","11/27/2018 11:10:00","31","Total_Nitrogen",0.365,"mg/L",25.788,-80.1627,NA
"242","...79557","MiamiBeach","05/25/2021 09:15:00","82","Total_Nitrogen",0.119,"mg/L",25.840485,-80.132921,NA
"243","...79558","MiamiBeach","10/13/2020 09:30:00","78","Total_Nitrogen",0.373,"mg/L",25.8499,-80.1367,NA
"244","...79559","MiamiBeach","07/31/2019 11:15:00","74","Total_Nitrogen",0.195,"mg/L",25.7806,-80.1618,NA
"245","...79560","MiamiBeach","09/20/2018 12:59:00","25","Total_Nitrogen",0.441,"mg/L",25.7943,-80.1553,NA
"246","...79561","MiamiBeach","06/27/2019 11:20:00","67","Total_Nitrogen",0.345,"mg/L",25.8388,-80.1225,NA
"247","...79562","MiamiBeach","07/29/2020 12:10:00","17","Total_Nitrogen",0.293,"mg/L",25.8052,-80.1268,NA
"248","...79563","MiamiBeach","11/18/2020 10:22:00","71","Total_Nitrogen",0.405,"mg/L",25.867,-80.1243,NA
"249","...79564","MiamiBeach","01/17/2017 10:11:00","33","Total_Nitrogen",0.375,"mg/L",25.7852,-80.1653,NA
"250","...79565","MiamiBeach","10/27/2017 11:51:00","39","Total_Nitrogen",0.425,"mg/L",25.7813,-80.1556,NA
"251","...79566","MiamiBeach","11/09/2017 11:53:00","30","Total_Nitrogen",0.434,"mg/L",25.7876,-80.1576,NA
"252","...79567","MiamiBeach","05/20/2022 11:35:00","37","Total_Nitrogen",0.285,"mg/L",25.7776,-80.1565,NA
"253","...79568","MiamiBeach","07/18/2022 11:45:00","18","Total_Nitrogen",0.365,"mg/L",25.8075,-80.1251,NA
"254","...79569","MiamiBeach","03/18/2020 09:48:00","52","Total_Nitrogen",0.253,"mg/L",25.7804,-80.1432,NA
"255","...79570","MiamiBeach","04/30/2021 09:20:00","4","Total_Nitrogen",0.403,"mg/L",25.8463,-80.1282,NA
"256","...79571","MiamiBeach","04/15/2020 09:05:00","46","Total_Nitrogen",0.273,"mg/L",25.767,-80.1371,NA
"257","...79572","MiamiBeach","09/19/2023 00:00:00","25","Total_Nitrogen",0.318,"mg/L",25.7943,-80.1553,NA
"258","...79573","MiamiBeach","11/22/2023 00:00:00","4","Total_Nitrogen",0.244,"mg/L",25.8463,-80.1282,NA
"259","...79574","MiamiBeach","02/25/2022 09:17:00","4","Total_Nitrogen",0.47,"mg/L",25.8463,-80.1282,NA
"260","...79575","MiamiBeach","05/19/2022 11:26:00","17","Total_Nitrogen",0.335,"mg/L",25.8052,-80.1268,NA
"261","...79576","MiamiBeach","07/19/2018 11:23:00","28","Total_Nitrogen",0.405,"mg/L",25.7874,-80.155,NA
"262","...79577","MiamiBeach","10/22/2021 11:19:00","74","Total_Nitrogen",1.71,"mg/L",25.7806,-80.1618,NA
"263","...79578","MiamiBeach","11/15/2021 09:40:00","78","Total_Nitrogen",1.716,"mg/L",25.8499,-80.1367,NA
"264","...79579","MiamiBeach","12/20/2021 10:46:00","56","Total_Nitrogen",0.278,"mg/L",25.7917,-80.1451,NA
"265","...79580","MiamiBeach","05/20/2019 11:03:00","69","Total_Nitrogen",0.235,"mg/L",25.8586,-80.1259,NA
"266","...79581","MiamiBeach","12/23/2019 11:13:00","17","Total_Nitrogen",0.38,"mg/L",25.8052,-80.1268,NA
"267","...79582","MiamiBeach","06/17/2021 10:33:00","34","Total_Nitrogen",0.383,"mg/L",25.7858,-80.1656,NA
"268","...79583","MiamiBeach","07/15/2021 12:16:00","63","Total_Nitrogen",0.333,"mg/L",25.781,-80.1616,NA
"269","...79584","MiamiBeach","10/28/2021 12:34:00","42","Total_Nitrogen",0.245,"mg/L",25.8015,-80.1401,NA
"270","...79585","MiamiBeach","12/20/2021 10:16:00","47","Total_Nitrogen",0.25,"mg/L",25.7741,-80.1418,NA
"271","...79586","MiamiBeach","03/27/2023 00:00:00","38","Total_Nitrogen",0.428,"mg/L",25.7775,-80.1562,NA
"272","...79587","MiamiBeach","05/20/2022 09:19:00","22","Total_Nitrogen",0.306,"mg/L",25.7942,-80.1628,NA
"273","...79588","MiamiBeach","01/15/2020 10:36:00","68","Total_Nitrogen",0.323,"mg/L",25.8549,-80.1374,NA
"274","...79589","MiamiBeach","03/29/2021 13:30:00","42","Total_Nitrogen",0.343,"mg/L",25.8015,-80.1401,NA
"275","...79590","MiamiBeach","09/25/2019 11:26:00","4","Total_Nitrogen",0.111,"mg/L",25.8463,-80.1282,NA
"276","...79591","MiamiBeach","09/20/2018 11:22:00","37","Total_Nitrogen",0.51,"mg/L",25.7776,-80.1565,NA
"277","...79592","MiamiBeach","08/15/2018 10:30:00","64","Total_Nitrogen",0.465,"mg/L",25.8078,-80.1253,NA
"278","...79593","MiamiBeach","09/20/2018 12:43:00","27","Total_Nitrogen",0.45,"mg/L",25.7878,-80.155,NA
"279","...79594","MiamiBeach","11/08/2017 12:39:00","2","Total_Nitrogen",0.317,"mg/L",25.8167,-80.139,NA
"280","...79595","MiamiBeach","07/27/2017 11:53:00","2","Total_Nitrogen",0.396,"mg/L",25.8167,-80.139,NA
"281","...79596","MiamiBeach","03/08/2018 11:31:00","31","Total_Nitrogen",0.458,"mg/L",25.788,-80.1627,NA
"282","...79597","MiamiBeach","10/31/2018 11:43:00","2","Total_Nitrogen",0.38,"mg/L",25.8167,-80.139,NA
"283","...79598","MiamiBeach","02/09/2018 11:53:00","27","Total_Nitrogen",0.408,"mg/L",25.7878,-80.155,NA
"284","...79599","MiamiBeach","07/19/2018 11:13:00","29","Total_Nitrogen",0.505,"mg/L",25.7876,-80.1577,NA
"285","...79600","MiamiBeach","05/18/2017 09:10:00","46","Total_Nitrogen",0.465,"mg/L",25.767,-80.1371,NA
"286","...79601","MiamiBeach","05/12/2017 10:45:00","16","Total_Nitrogen",0.533,"mg/L",25.8051,-80.1269,NA
"287","...79602","MiamiBeach","12/20/2017 10:40:00","17","Total_Nitrogen",0.62,"mg/L",25.8052,-80.1268,NA
"288","...79603","MiamiBeach","09/20/2018 10:10:00","45","Total_Nitrogen",0.563,"mg/L",25.767,-80.137,NA
"289","...79604","MiamiBeach","10/30/2018 13:21:00","21","Total_Nitrogen",0.36,"mg/L",25.7933,-80.1629,NA
"290","...79605","MiamiBeach","11/26/2018 10:37:00","64","Total_Nitrogen",0.613,"mg/L",25.8078,-80.1253,NA
"291","...79606","MiamiBeach","03/21/2019 09:48:00","45","Total_Nitrogen",0.185,"mg/L",25.767,-80.137,NA
"292","...79607","MiamiBeach","03/21/2019 11:45:00","63","Total_Nitrogen",0.308,"mg/L",25.781,-80.1616,NA
"293","...79608","MiamiBeach","01/10/2018 11:15:00","17","Total_Nitrogen",0.52,"mg/L",25.8052,-80.1268,NA
"294","...79609","MiamiBeach","04/18/2018 12:40:00","26","Total_Nitrogen",0.279,"mg/L",25.7949,-80.1553,NA
"295","...79610","MiamiBeach","10/24/2017 13:15:00","56","Total_Nitrogen",0.463,"mg/L",25.7917,-80.1451,NA
"296","...79611","MiamiBeach","06/22/2017 11:25:00","27","Total_Nitrogen",0.488,"mg/L",25.7878,-80.155,NA
"297","...79612","MiamiBeach","12/14/2016 12:55:00","60","Total_Nitrogen",0.43,"mg/L",25.7933,-80.1453,NA
"298","...79613","MiamiBeach","10/03/2016 09:57:00","24","Total_Nitrogen",0.484,"mg/L",25.796,-80.159,NA
"299","...79614","MiamiBeach","12/19/2017 12:40:00","25","Total_Nitrogen",0.508,"mg/L",25.7943,-80.1553,NA
"300","...79615","MiamiBeach","03/07/2018 12:05:00","54","Total_Nitrogen",0.506,"mg/L",25.7965,-80.1425,NA
"301","...79616","MiamiBeach","11/14/2016 12:48:00","37","Total_Nitrogen",0.559,"mg/L",25.7776,-80.1565,NA
"302","...79617","MiamiBeach","07/19/2018 10:09:00","38","Total_Nitrogen",0.385,"mg/L",25.7775,-80.1562,NA
"303","...79618","MiamiBeach","08/15/2017 11:45:00","30","Total_Nitrogen",0.26,"mg/L",25.7876,-80.1576,NA
"304","...79619","MiamiBeach","03/16/2017 10:40:00","39","Total_Nitrogen",0.345,"mg/L",25.7813,-80.1556,NA
"305","...79620","MiamiBeach","01/23/2019 10:08:00","47","Total_Nitrogen",0.325,"mg/L",25.7741,-80.1418,NA
"306","...79621","MiamiBeach","03/21/2019 11:05:00","39","Total_Nitrogen",0.195,"mg/L",25.7813,-80.1556,NA
"307","...79622","MiamiBeach","12/20/2023 00:00:00","30","Total_Nitrogen",0.287,"mg/L",25.7876,-80.1576,NA
"308","...79623","MiamiBeach","07/14/2021 13:16:00","42","Total_Nitrogen",0.296,"mg/L",25.8015,-80.1401,NA
"309","...79624","MiamiBeach","09/20/2018 13:15:00","23","Total_Nitrogen",0.63,"mg/L",25.7954,-80.1592,NA
"310","...79625","MiamiBeach","10/30/2018 11:36:00","33","Total_Nitrogen",0.415,"mg/L",25.7852,-80.1653,NA
"311","...79626","MiamiBeach","03/08/2018 10:05:00","48","Total_Nitrogen",0.441,"mg/L",25.7741,-80.1419,NA
"312","...79627","MiamiBeach","07/31/2023 00:00:00","35","Total_Nitrogen",0.356,"mg/L",25.7823,-80.168,NA
"313","...79628","MiamiBeach","07/29/2019 12:04:00","71","Total_Nitrogen",0.235,"mg/L",25.867,-80.1243,NA
"314","...79629","MiamiBeach","08/16/2018 10:39:00","63","Total_Nitrogen",0.376,"mg/L",25.781,-80.1616,NA
"315","...79630","MiamiBeach","10/15/2019 11:27:00","54","Total_Nitrogen",0.124,"mg/L",25.7965,-80.1425,NA
"316","...79631","MiamiBeach","11/19/2019 10:12:00","78","Total_Nitrogen",0.943,"mg/L",25.8499,-80.1367,NA
"317","...79632","MiamiBeach","01/14/2020 10:59:00","74","Total_Nitrogen",3.12,"mg/L",25.7806,-80.1618,NA
"318","...79633","MiamiBeach","05/25/2021 10:20:00","70","Total_Nitrogen",0.119,"mg/L",25.8642,-80.1291,NA
"319","...79634","MiamiBeach","06/17/2021 11:05:00","52","Total_Nitrogen",0.409,"mg/L",25.7804,-80.1432,NA
"320","...79635","MiamiBeach","07/14/2021 11:32:00","66","Total_Nitrogen",0.375,"mg/L",25.8234,-80.1232,NA
"321","...79636","MiamiBeach","07/14/2021 12:05:00","81","Total_Nitrogen",0.424,"mg/L",25.802142,-80.126487,NA
"322","...79637","MiamiBeach","12/22/2021 11:35:00","17","Total_Nitrogen",0.396,"mg/L",25.8052,-80.1268,NA
"323","...79638","MiamiBeach","10/19/2023 00:00:00","38","Total_Nitrogen",0.257,"mg/L",25.7775,-80.1562,NA
"324","...79639","MiamiBeach","02/24/2022 09:44:00","22","Total_Nitrogen",0.265,"mg/L",25.7942,-80.1628,NA
"325","...79640","MiamiBeach","03/16/2017 10:30:00","37","Total_Nitrogen",0.355,"mg/L",25.7776,-80.1565,NA
"326","...79641","MiamiBeach","02/23/2017 10:00:00","47","Total_Nitrogen",0.406,"mg/L",25.7741,-80.1418,NA
"327","...79642","MiamiBeach","09/12/2016 09:35:00","24","Total_Nitrogen",0.456,"mg/L",25.796,-80.159,NA
"328","...79643","MiamiBeach","05/26/2020 09:40:00","68","Total_Nitrogen",0.61,"mg/L",25.8549,-80.1374,NA
"329","...79644","MiamiBeach","08/13/2019 11:58:00","69","Total_Nitrogen",0.158,"mg/L",25.8586,-80.1259,NA
"330","...79645","MiamiBeach","01/29/2021 11:20:00","56","Total_Nitrogen",0.213,"mg/L",25.7917,-80.1451,NA
"331","...79646","MiamiBeach","07/15/2021 11:54:00","22","Total_Nitrogen",0.313,"mg/L",25.7942,-80.1628,NA
"332","...79647","MiamiBeach","09/21/2021 10:27:00","46","Total_Nitrogen",0.196,"mg/L",25.767,-80.1371,NA
"333","...79648","MiamiBeach","12/20/2021 10:05:00","52","Total_Nitrogen",0.26,"mg/L",25.7804,-80.1432,NA
"334","...79649","MiamiBeach","12/22/2021 10:13:00","71","Total_Nitrogen",0.267,"mg/L",25.867,-80.1243,NA
"335","...79650","MiamiBeach","12/23/2019 09:42:00","68","Total_Nitrogen",0.44,"mg/L",25.8549,-80.1374,NA
"336","...79651","MiamiBeach","03/17/2020 09:35:00","78","Total_Nitrogen",1.633,"mg/L",25.8499,-80.1367,NA
"337","...79652","MiamiBeach","03/18/2020 10:15:00","74","Total_Nitrogen",0.273,"mg/L",25.7806,-80.1618,NA
"338","...79653","MiamiBeach","10/03/2016 10:24:00","31","Total_Nitrogen",0.489,"mg/L",25.788,-80.1627,NA
"339","...79654","MiamiBeach","08/17/2016 14:40:00","19","Total_Nitrogen",0.465,"mg/L",25.8134,-80.1246,NA
"340","...79655","MiamiBeach","12/13/2016 10:57:00","32","Total_Nitrogen",0.518,"mg/L",25.7876,-80.1626,NA
"341","...79656","MiamiBeach","01/18/2017 13:35:00","17","Total_Nitrogen",0.505,"mg/L",25.8052,-80.1268,NA
"342","...79657","MiamiBeach","06/22/2017 10:50:00","33","Total_Nitrogen",0.59,"mg/L",25.7852,-80.1653,NA
"343","...79658","MiamiBeach","08/18/2017 11:08:00","16","Total_Nitrogen",0.3,"mg/L",25.8051,-80.1269,NA
"344","...79659","MiamiBeach","11/15/2016 10:35:00","54","Total_Nitrogen",0.457,"mg/L",25.7965,-80.1425,NA
"345","...79660","MiamiBeach","08/16/2018 11:17:00","34","Total_Nitrogen",0.452,"mg/L",25.7858,-80.1656,NA
"346","...79661","MiamiBeach","12/14/2016 09:33:00","21","Total_Nitrogen",0.527,"mg/L",25.7933,-80.1629,NA
"347","...79662","MiamiBeach","08/04/2017 13:57:00","17","Total_Nitrogen",0.542,"mg/L",25.8052,-80.1268,NA
"348","...79663","MiamiBeach","09/01/2017 08:06:00","9","Total_Nitrogen",0.432,"mg/L",25.8002,-80.1278,NA
"349","...79664","MiamiBeach","11/09/2017 11:10:00","62","Total_Nitrogen",0.419,"mg/L",25.7808,-80.1617,NA
"350","...79665","MiamiBeach","11/14/2016 11:57:00","33","Total_Nitrogen",0.521,"mg/L",25.7852,-80.1653,NA
"351","...79666","MiamiBeach","09/01/2017 08:40:00","18","Total_Nitrogen",0.528,"mg/L",25.8075,-80.1251,NA
"352","...79667","MiamiBeach","02/21/2017 12:09:00","42","Total_Nitrogen",0.561,"mg/L",25.8015,-80.1401,NA
"353","...79668","MiamiBeach","06/18/2018 12:47:00","23","Total_Nitrogen",0.443,"mg/L",25.7954,-80.1592,NA
"354","...79669","MiamiBeach","05/17/2019 09:32:00","46","Total_Nitrogen",0.116,"mg/L",25.767,-80.1371,NA
"355","...79670","MiamiBeach","09/12/2016 11:05:00","37","Total_Nitrogen",0.69,"mg/L",25.7776,-80.1565,NA
"356","...79671","MiamiBeach","01/17/2017 09:19:00","46","Total_Nitrogen",0.347,"mg/L",25.767,-80.1371,NA
"357","...79672","MiamiBeach","09/20/2018 10:25:00","47","Total_Nitrogen",0.464,"mg/L",25.7741,-80.1418,NA
"358","...79673","MiamiBeach","09/20/2018 13:18:00","24","Total_Nitrogen",0.495,"mg/L",25.796,-80.159,NA
"359","...79674","MiamiBeach","10/30/2018 10:48:00","40","Total_Nitrogen",0.345,"mg/L",25.7813,-80.1552,NA
"360","...79675","MiamiBeach","01/23/2019 10:14:00","48","Total_Nitrogen",0.305,"mg/L",25.7741,-80.1419,NA
"361","...79676","MiamiBeach","08/15/2017 11:05:00","39","Total_Nitrogen",0.247,"mg/L",25.7813,-80.1556,NA
"362","...79677","MiamiBeach","03/16/2017 10:45:00","40","Total_Nitrogen",0.375,"mg/L",25.7813,-80.1552,NA
"363","...79678","MiamiBeach","02/23/2017 09:10:00","56","Total_Nitrogen",0.442,"mg/L",25.7917,-80.1451,NA
"364","...79679","MiamiBeach","09/21/2017 11:40:00","31","Total_Nitrogen",0.502,"mg/L",25.788,-80.1627,NA
"365","...79680","MiamiBeach","05/26/2020 10:23:00","69","Total_Nitrogen",0.58,"mg/L",25.8586,-80.1259,NA
"366","...79681","MiamiBeach","07/29/2020 10:40:00","69","Total_Nitrogen",0.303,"mg/L",25.8586,-80.1259,NA
"367","...79682","MiamiBeach","07/29/2020 13:35:00","42","Total_Nitrogen",0.263,"mg/L",25.8015,-80.1401,NA
"368","...79683","MiamiBeach","08/14/2020 09:48:00","78","Total_Nitrogen",3.383,"mg/L",25.8499,-80.1367,NA
"369","...79684","MiamiBeach","04/14/2020 10:55:00","19","Total_Nitrogen",0.343,"mg/L",25.8134,-80.1246,NA
"370","...79685","MiamiBeach","11/14/2016 12:39:00","39","Total_Nitrogen",0.452,"mg/L",25.7813,-80.1556,NA
"371","...79686","MiamiBeach","05/18/2017 12:35:00","9","Total_Nitrogen",0.511,"mg/L",25.8002,-80.1278,NA
"372","...79687","MiamiBeach","02/23/2017 10:35:00","37","Total_Nitrogen",0.504,"mg/L",25.7776,-80.1565,NA
"373","...79688","MiamiBeach","10/24/2017 13:03:00","54","Total_Nitrogen",0.464,"mg/L",25.7965,-80.1425,NA
"374","...79689","MiamiBeach","04/18/2018 11:17:00","33","Total_Nitrogen",0.51,"mg/L",25.7852,-80.1653,NA
"375","...79690","MiamiBeach","02/23/2017 12:35:00","59","Total_Nitrogen",0.584,"mg/L",25.7933,-80.1451,NA
"376","...79691","MiamiBeach","08/16/2018 12:07:00","26","Total_Nitrogen",0.355,"mg/L",25.7949,-80.1553,NA
"377","...79692","MiamiBeach","08/16/2016 14:30:00","33","Total_Nitrogen",1.74,"mg/L",25.7852,-80.1653,NA
"378","...79693","MiamiBeach","07/27/2017 12:41:00","56","Total_Nitrogen",0.255,"mg/L",25.7917,-80.1451,NA
"379","...79694","MiamiBeach","11/09/2017 10:15:00","46","Total_Nitrogen",0.341,"mg/L",25.767,-80.1371,NA
"380","...79695","MiamiBeach","01/22/2019 13:03:00","59","Total_Nitrogen",0.325,"mg/L",25.7933,-80.1451,NA
"381","...79696","MiamiBeach","11/27/2018 12:28:00","21","Total_Nitrogen",0.377,"mg/L",25.7933,-80.1629,NA
"382","...79697","MiamiBeach","09/22/2021 11:50:00","69","Total_Nitrogen",0.335,"mg/L",25.8586,-80.1259,NA
"383","...79698","MiamiBeach","11/15/2021 13:15:00","60","Total_Nitrogen",0.365,"mg/L",25.7933,-80.1453,NA
"384","...79699","MiamiBeach","12/22/2021 11:10:00","66","Total_Nitrogen",0.312,"mg/L",25.8234,-80.1232,NA
"385","...79700","MiamiBeach","08/25/2023 00:00:00","30","Total_Nitrogen",0.157,"mg/L",25.7876,-80.1576,NA
"386","...79701","MiamiBeach","09/21/2017 11:20:00","35","Total_Nitrogen",0.514,"mg/L",25.7823,-80.168,NA
"387","...79702","MiamiBeach","04/18/2017 10:35:00","16","Total_Nitrogen",0.514,"mg/L",25.8051,-80.1269,NA
"388","...79703","MiamiBeach","08/18/2017 10:54:00","19","Total_Nitrogen",0.288,"mg/L",25.8134,-80.1246,NA
"389","...79704","MiamiBeach","01/15/2020 13:20:00","42","Total_Nitrogen",0.273,"mg/L",25.8015,-80.1401,NA
"390","...79705","MiamiBeach","06/20/2023 00:00:00","40","Total_Nitrogen",0.268,"mg/L",25.7813,-80.1552,NA
"391","...79706","MiamiBeach","06/20/2023 00:00:00","37","Total_Nitrogen",0.268,"mg/L",25.7776,-80.1565,NA
"392","...79707","MiamiBeach","09/19/2023 00:00:00","31","Total_Nitrogen",0.317,"mg/L",25.788,-80.1627,NA
"393","...79708","MiamiBeach","09/21/2023 00:00:00","18","Total_Nitrogen",0.434,"mg/L",25.8075,-80.1251,NA
"394","...79709","MiamiBeach","03/30/2022 09:22:00","82","Total_Nitrogen",0.315,"mg/L",25.840485,-80.132921,NA
"395","...79710","MiamiBeach","08/15/2017 11:52:00","27","Total_Nitrogen",0.233,"mg/L",25.7878,-80.155,NA
"396","...79711","MiamiBeach","09/21/2017 12:13:00","28","Total_Nitrogen",0.413,"mg/L",25.7874,-80.155,NA
"397","...79712","MiamiBeach","03/07/2018 09:35:00","61","Total_Nitrogen",0.506,"mg/L",25.8262,-80.134,NA
"398","...79713","MiamiBeach","06/13/2023 00:00:00","22","Total_Nitrogen",0.335,"mg/L",25.7942,-80.1628,NA
"399","...79714","MiamiBeach","07/18/2023 00:00:00","2","Total_Nitrogen",0.376,"mg/L",25.8167,-80.139,NA
"400","...79715","MiamiBeach","06/27/2019 10:45:00","71","Total_Nitrogen",0.355,"mg/L",25.867,-80.1243,NA
"401","...79716","MiamiBeach","06/18/2018 10:57:00","62","Total_Nitrogen",0.9,"mg/L",25.7808,-80.1617,NA
"402","...79717","MiamiBeach","07/18/2018 13:17:00","59","Total_Nitrogen",0.415,"mg/L",25.7933,-80.1451,NA
"403","...79718","MiamiBeach","08/15/2018 10:36:00","17","Total_Nitrogen",0.725,"mg/L",25.8052,-80.1268,NA
"404","...79719","MiamiBeach","09/26/2019 11:00:00","56","Total_Nitrogen",0.111,"mg/L",25.7917,-80.1451,NA
"405","...79720","MiamiBeach","11/18/2019 13:14:00","56","Total_Nitrogen",0.223,"mg/L",25.7917,-80.1451,NA
"406","...79721","MiamiBeach","06/17/2021 11:17:00","47","Total_Nitrogen",0.393,"mg/L",25.7741,-80.1418,NA
"407","...79722","MiamiBeach","10/28/2021 14:00:00","84","Total_Nitrogen",1.229,"mg/L",25.840485,-80.132921,NA
"408","...79723","MiamiBeach","07/29/2019 12:21:00","70","Total_Nitrogen",0.255,"mg/L",25.8642,-80.1291,NA
"409","...79724","MiamiBeach","08/25/2023 00:00:00","28","Total_Nitrogen",0.155,"mg/L",25.7874,-80.155,NA
"410","...79725","MiamiBeach","09/21/2023 00:00:00","9","Total_Nitrogen",0.346,"mg/L",25.8002,-80.1278,NA
"411","...79726","MiamiBeach","10/19/2023 00:00:00","32","Total_Nitrogen",0.253,"mg/L",25.7876,-80.1626,NA
"412","...79727","MiamiBeach","02/25/2022 13:08:00","54","Total_Nitrogen",0.235,"mg/L",25.7965,-80.1425,NA
"413","...79728","MiamiBeach","06/21/2017 12:30:00","54","Total_Nitrogen",0.468,"mg/L",25.7965,-80.1425,NA
"414","...79729","MiamiBeach","05/26/2020 09:09:00","4","Total_Nitrogen",0.5,"mg/L",25.8463,-80.1282,NA
"415","...79730","MiamiBeach","05/29/2018 12:13:00","36","Total_Nitrogen",0.55,"mg/L",25.7825,-80.1682,NA
"416","...79731","MiamiBeach","06/18/2018 10:02:00","47","Total_Nitrogen",0.458,"mg/L",25.7741,-80.1418,NA
"417","...79732","MiamiBeach","06/18/2018 12:06:00","28","Total_Nitrogen",0.413,"mg/L",25.7874,-80.155,NA
"418","...79733","MiamiBeach","09/23/2020 10:15:00","63","Total_Nitrogen",0.333,"mg/L",25.781,-80.1616,NA
"419","...79734","MiamiBeach","10/13/2020 13:05:00","42","Total_Nitrogen",0.253,"mg/L",25.8015,-80.1401,NA
"420","...79735","MiamiBeach","10/15/2020 08:56:00","60","Total_Nitrogen",0.313,"mg/L",25.7933,-80.1453,NA
"421","...79736","MiamiBeach","10/15/2020 10:37:00","34","Total_Nitrogen",0.288,"mg/L",25.7858,-80.1656,NA
"422","...79737","MiamiBeach","10/15/2020 11:53:00","9","Total_Nitrogen",0.363,"mg/L",25.8002,-80.1278,NA
"423","...79738","MiamiBeach","11/18/2020 13:05:00","54","Total_Nitrogen",0.4,"mg/L",25.7965,-80.1425,NA
"424","...79739","MiamiBeach","12/22/2020 09:19:00","52","Total_Nitrogen",0.293,"mg/L",25.7804,-80.1432,NA
"425","...79740","MiamiBeach","01/28/2021 11:50:00","17","Total_Nitrogen",0.416,"mg/L",25.8052,-80.1268,NA
"426","...79741","MiamiBeach","01/29/2021 12:55:00","9","Total_Nitrogen",0.334,"mg/L",25.8002,-80.1278,NA
"427","...79742","MiamiBeach","03/30/2021 09:48:00","74","Total_Nitrogen",1.37,"mg/L",25.7806,-80.1618,NA
"428","...79743","MiamiBeach","07/27/2017 11:00:00","17","Total_Nitrogen",0.336,"mg/L",25.8052,-80.1268,NA
"429","...79744","MiamiBeach","09/12/2016 09:15:00","25","Total_Nitrogen",0.503,"mg/L",25.7943,-80.1553,NA
"430","...79745","MiamiBeach","05/18/2017 11:10:00","29","Total_Nitrogen",0.464,"mg/L",25.7876,-80.1577,NA
"431","...79746","MiamiBeach","07/28/2017 09:42:00","46","Total_Nitrogen",0.495,"mg/L",25.767,-80.1371,NA
"432","...79747","MiamiBeach","04/18/2018 11:10:00","35","Total_Nitrogen",0.498,"mg/L",25.7823,-80.168,NA
"433","...79748","MiamiBeach","03/08/2018 10:02:00","47","Total_Nitrogen",0.447,"mg/L",25.7741,-80.1418,NA
"434","...79749","MiamiBeach","09/20/2017 10:01:00","61","Total_Nitrogen",0.532,"mg/L",25.8262,-80.134,NA
"435","...79750","MiamiBeach","09/21/2017 11:30:00","33","Total_Nitrogen",0.57,"mg/L",25.7852,-80.1653,NA
"436","...79751","MiamiBeach","10/27/2017 11:54:00","40","Total_Nitrogen",0.435,"mg/L",25.7813,-80.1552,NA
"437","...79752","MiamiBeach","05/12/2017 10:30:00","19","Total_Nitrogen",0.455,"mg/L",25.8134,-80.1246,NA
"438","...79753","MiamiBeach","05/18/2017 10:35:00","62","Total_Nitrogen",0.88,"mg/L",25.7808,-80.1617,NA
"439","...79754","MiamiBeach","01/17/2017 10:49:00","27","Total_Nitrogen",0.391,"mg/L",25.7878,-80.155,NA
"440","...79755","MiamiBeach","09/20/2017 12:43:00","59","Total_Nitrogen",0.488,"mg/L",25.7933,-80.1451,NA
"441","...79756","MiamiBeach","03/08/2018 11:50:00","30","Total_Nitrogen",0.442,"mg/L",25.7876,-80.1576,NA
"442","...79757","MiamiBeach","08/16/2018 11:44:00","30","Total_Nitrogen",0.375,"mg/L",25.7876,-80.1576,NA
"443","...79758","MiamiBeach","08/16/2018 09:38:00","47","Total_Nitrogen",0.41,"mg/L",25.7741,-80.1418,NA
"444","...79759","MiamiBeach","12/14/2016 13:43:00","9","Total_Nitrogen",0.507,"mg/L",25.8002,-80.1278,NA
"445","...79760","MiamiBeach","05/18/2017 09:35:00","47","Total_Nitrogen",0.476,"mg/L",25.7741,-80.1418,NA
"446","...79761","MiamiBeach","04/18/2017 12:45:00","56","Total_Nitrogen",0.515,"mg/L",25.7917,-80.1451,NA
"447","...79762","MiamiBeach","05/12/2017 10:35:00","18","Total_Nitrogen",0.584,"mg/L",25.8075,-80.1251,NA
"448","...79763","MiamiBeach","02/21/2017 11:52:00","2","Total_Nitrogen",0.594,"mg/L",25.8167,-80.139,NA
"449","...79764","MiamiBeach","07/28/2017 11:38:00","25","Total_Nitrogen",0.585,"mg/L",25.7943,-80.1553,NA
"450","...79765","MiamiBeach","11/19/2020 09:40:00","52","Total_Nitrogen",0.273,"mg/L",25.7804,-80.1432,NA
"451","...79766","MiamiBeach","08/15/2017 11:37:00","31","Total_Nitrogen",0.233,"mg/L",25.788,-80.1627,NA
"452","...79767","MiamiBeach","08/15/2017 11:00:00","37","Total_Nitrogen",0.22,"mg/L",25.7776,-80.1565,NA
"453","...79768","MiamiBeach","01/11/2018 12:35:00","23","Total_Nitrogen",0.345,"mg/L",25.7954,-80.1592,NA
"454","...79769","MiamiBeach","04/16/2019 11:31:00","34","Total_Nitrogen",0.285,"mg/L",25.7858,-80.1656,NA
"455","...79770","MiamiBeach","10/24/2017 11:07:00","61","Total_Nitrogen",0.55,"mg/L",25.8262,-80.134,NA
"456","...79771","MiamiBeach","08/15/2017 12:25:00","22","Total_Nitrogen",0.214,"mg/L",25.7942,-80.1628,NA
"457","...79772","MiamiBeach","10/04/2016 09:10:00","46","Total_Nitrogen",0.435,"mg/L",25.767,-80.1371,NA
"458","...79773","MiamiBeach","02/23/2017 12:20:00","22","Total_Nitrogen",0.456,"mg/L",25.7942,-80.1628,NA
"459","...79774","MiamiBeach","12/20/2017 11:58:00","42","Total_Nitrogen",0.509,"mg/L",25.8015,-80.1401,NA
"460","...79775","MiamiBeach","05/18/2017 11:00:00","31","Total_Nitrogen",0.488,"mg/L",25.788,-80.1627,NA
"461","...79776","MiamiBeach","09/20/2017 12:38:00","56","Total_Nitrogen",0.493,"mg/L",25.7917,-80.1451,NA
"462","...79777","MiamiBeach","12/14/2016 11:15:00","17","Total_Nitrogen",0.546,"mg/L",25.8052,-80.1268,NA
"463","...79778","MiamiBeach","09/21/2017 12:21:00","25","Total_Nitrogen",0.562,"mg/L",25.7943,-80.1553,NA
"464","...79779","MiamiBeach","06/19/2018 11:39:00","16","Total_Nitrogen",0.951,"mg/L",25.8051,-80.1269,NA
"465","...79780","MiamiBeach","01/22/2019 09:38:00","61","Total_Nitrogen",0.355,"mg/L",25.8262,-80.134,NA
"466","...79781","MiamiBeach","01/23/2019 12:52:00","24","Total_Nitrogen",0.285,"mg/L",25.796,-80.159,NA
"467","...79782","MiamiBeach","03/21/2019 11:21:00","37","Total_Nitrogen",0.185,"mg/L",25.7776,-80.1565,NA
"468","...79783","MiamiBeach","06/20/2023 00:00:00","29","Total_Nitrogen",0.29,"mg/L",25.7876,-80.1577,NA
"469","...79784","MiamiBeach","08/24/2023 00:00:00","4","Total_Nitrogen",0.157,"mg/L",25.8463,-80.1282,NA
"470","...79785","MiamiBeach","11/22/2023 00:00:00","3A","Total_Nitrogen",2.032,"mg/L",25.840614,-80.132824,NA
"471","...79786","MiamiBeach","05/04/2021 10:30:00","22","Total_Nitrogen",0.343,"mg/L",25.7942,-80.1628,NA
"472","...79787","MiamiBeach","09/22/2021 11:55:00","67","Total_Nitrogen",0.332,"mg/L",25.8388,-80.1225,NA
"473","...79788","MiamiBeach","10/22/2021 12:00:00","46","Total_Nitrogen",0.155,"mg/L",25.767,-80.1371,NA
"474","...79789","MiamiBeach","02/12/2020 11:13:00","38","Total_Nitrogen",0.273,"mg/L",25.7775,-80.1562,NA
"475","...79790","MiamiBeach","03/14/2023 00:00:00","4","Total_Nitrogen",0.332,"mg/L",25.8463,-80.1282,NA
"476","...79791","MiamiBeach","08/15/2017 12:01:00","25","Total_Nitrogen",0.228,"mg/L",25.7943,-80.1553,NA
"477","...79792","MiamiBeach","10/27/2017 11:22:00","29","Total_Nitrogen",0.466,"mg/L",25.7876,-80.1577,NA
"478","...79793","MiamiBeach","12/20/2017 09:37:00","4","Total_Nitrogen",0.45,"mg/L",25.8463,-80.1282,NA
"479","...79794","MiamiBeach","05/18/2017 10:55:00","34","Total_Nitrogen",0.477,"mg/L",25.7858,-80.1656,NA
"480","...79795","MiamiBeach","10/03/2016 09:46:00","23","Total_Nitrogen",0.542,"mg/L",25.7954,-80.1592,NA
"481","...79796","MiamiBeach","09/12/2016 10:50:00","39","Total_Nitrogen",0.512,"mg/L",25.7813,-80.1556,NA
"482","...79797","MiamiBeach","11/27/2018 09:31:00","47","Total_Nitrogen",0.365,"mg/L",25.7741,-80.1418,NA
"483","...79798","MiamiBeach","11/27/2018 11:39:00","28","Total_Nitrogen",0.365,"mg/L",25.7874,-80.155,NA
"484","...79799","MiamiBeach","05/04/2021 13:10:00","78","Total_Nitrogen",1.933,"mg/L",25.8499,-80.1367,NA
"485","...79800","MiamiBeach","06/20/2023 00:00:00","34","Total_Nitrogen",0.258,"mg/L",25.7858,-80.1656,NA
"486","...79801","MiamiBeach","02/09/2018 10:15:00","48","Total_Nitrogen",0.365,"mg/L",25.7741,-80.1419,NA
"487","...79802","MiamiBeach","08/16/2018 10:22:00","39","Total_Nitrogen",0.378,"mg/L",25.7813,-80.1556,NA
"488","...79803","MiamiBeach","08/16/2016 13:50:00","23","Total_Nitrogen",2.125,"mg/L",25.7954,-80.1592,NA
"489","...79804","MiamiBeach","01/18/2017 13:28:00","9","Total_Nitrogen",0.434,"mg/L",25.8002,-80.1278,NA
"490","...79805","MiamiBeach","10/16/2019 09:26:00","69","Total_Nitrogen",0.355,"mg/L",25.8586,-80.1259,NA
"491","...79806","MiamiBeach","05/25/2021 11:40:00","66","Total_Nitrogen",0.353,"mg/L",25.8234,-80.1232,NA
"492","...79807","MiamiBeach","05/25/2021 12:31:00","81","Total_Nitrogen",0.313,"mg/L",25.802142,-80.126487,NA
"493","...79808","MiamiBeach","05/27/2021 14:52:00","79","Total_Nitrogen",1.433,"mg/L",25.8531,-80.1295,NA
"494","...79809","MiamiBeach","10/22/2021 12:46:00","60","Total_Nitrogen",0.325,"mg/L",25.7933,-80.1453,NA
"495","...79810","MiamiBeach","01/11/2023 00:00:00","35","Total_Nitrogen",0.243,"mg/L",25.7823,-80.168,NA
"496","...79811","MiamiBeach","03/31/2022 08:54:00","60","Total_Nitrogen",0.286,"mg/L",25.7933,-80.1453,NA
"497","...79812","MiamiBeach","07/18/2022 10:21:00","9","Total_Nitrogen",0.285,"mg/L",25.8002,-80.1278,NA
"498","...79813","MiamiBeach","10/24/2017 12:53:00","42","Total_Nitrogen",0.43,"mg/L",25.8015,-80.1401,NA
"499","...79814","MiamiBeach","03/16/2017 12:00:00","22","Total_Nitrogen",0.375,"mg/L",25.7942,-80.1628,NA
"500","...79815","MiamiBeach","04/19/2018 11:43:00","16","Total_Nitrogen",0.451,"mg/L",25.8051,-80.1269,NA
"501","...79816","MiamiBeach","04/14/2020 11:11:00","17","Total_Nitrogen",0.413,"mg/L",25.8052,-80.1268,NA
"502","...79817","MiamiBeach","05/27/2020 11:41:00","56","Total_Nitrogen",0.333,"mg/L",25.7917,-80.1451,NA
"503","...79818","MiamiBeach","07/30/2020 09:56:00","38","Total_Nitrogen",0.313,"mg/L",25.7775,-80.1562,NA
"504","...79819","MiamiBeach","12/22/2020 09:06:00","47","Total_Nitrogen",0.346,"mg/L",25.7741,-80.1418,NA
"505","...79820","MiamiBeach","01/28/2021 11:35:00","66","Total_Nitrogen",0.363,"mg/L",25.8234,-80.1232,NA
"506","...79821","MiamiBeach","09/21/2021 09:58:00","38","Total_Nitrogen",0.231,"mg/L",25.7775,-80.1562,NA
"507","...79822","MiamiBeach","09/21/2021 13:29:00","84","Total_Nitrogen",1.115,"mg/L",25.840485,-80.132921,NA
"508","...79823","MiamiBeach","05/12/2017 09:45:00","61","Total_Nitrogen",0.482,"mg/L",25.8262,-80.134,NA
"509","...79824","MiamiBeach","08/15/2017 11:30:00","33","Total_Nitrogen",0.491,"mg/L",25.7852,-80.1653,NA
"510","...79825","MiamiBeach","04/18/2018 11:30:00","31","Total_Nitrogen",0.381,"mg/L",25.788,-80.1627,NA
"511","...79826","MiamiBeach","05/18/2017 11:45:00","24","Total_Nitrogen",0.489,"mg/L",25.796,-80.159,NA
"512","...79827","MiamiBeach","02/21/2017 12:44:00","54","Total_Nitrogen",0.637,"mg/L",25.7965,-80.1425,NA
"513","...79828","MiamiBeach","07/28/2017 13:26:00","9","Total_Nitrogen",0.861,"mg/L",25.8002,-80.1278,NA
"514","...79829","MiamiBeach","11/15/2016 11:00:00","42","Total_Nitrogen",0.482,"mg/L",25.8015,-80.1401,NA
"515","...79830","MiamiBeach","08/26/2017 10:10:00","17","Total_Nitrogen",0.61,"mg/L",25.8052,-80.1268,NA
"516","...79831","MiamiBeach","03/07/2018 10:35:00","17","Total_Nitrogen",0.616,"mg/L",25.8052,-80.1268,NA
"517","...79832","MiamiBeach","04/18/2018 14:55:00","9","Total_Nitrogen",0.57,"mg/L",25.8002,-80.1278,NA
"518","...79833","MiamiBeach","01/23/2019 12:02:00","32","Total_Nitrogen",0.275,"mg/L",25.7876,-80.1626,NA
"519","...79834","MiamiBeach","02/25/2019 11:50:00","36","Total_Nitrogen",0.365,"mg/L",25.7825,-80.1682,NA
"520","...79835","MiamiBeach","02/25/2019 14:40:00","9","Total_Nitrogen",0.464,"mg/L",25.8002,-80.1278,NA
"521","...79836","MiamiBeach","06/17/2021 08:30:00","56","Total_Nitrogen",0.347,"mg/L",25.7917,-80.1451,NA
"522","...79837","MiamiBeach","07/15/2021 09:48:00","84","Total_Nitrogen",2.233,"mg/L",25.840485,-80.132921,NA
"523","...79838","MiamiBeach","12/23/2019 10:19:00","69","Total_Nitrogen",0.4,"mg/L",25.8586,-80.1259,NA
"524","...79839","MiamiBeach","12/23/2019 10:57:00","19","Total_Nitrogen",0.39,"mg/L",25.8134,-80.1246,NA
"525","...79840","MiamiBeach","02/25/2022 10:16:00","71","Total_Nitrogen",0.235,"mg/L",25.867,-80.1243,NA
"526","...79841","MiamiBeach","05/29/2018 10:41:00","46","Total_Nitrogen",0.499,"mg/L",25.767,-80.1371,NA
"527","...79842","MiamiBeach","01/23/2019 11:31:00","36","Total_Nitrogen",0.355,"mg/L",25.7825,-80.1682,NA
"528","...79843","MiamiBeach","02/25/2019 10:02:00","47","Total_Nitrogen",0.319,"mg/L",25.7741,-80.1418,NA
"529","...79844","MiamiBeach","04/16/2019 09:55:00","52","Total_Nitrogen",0.235,"mg/L",25.7804,-80.1432,NA
"530","...79845","MiamiBeach","10/03/2016 10:36:00","33","Total_Nitrogen",0.438,"mg/L",25.7852,-80.1653,NA
"531","...79846","MiamiBeach","08/11/2017 12:04:00","18","Total_Nitrogen",0.8,"mg/L",25.8075,-80.1251,NA
"532","...79847","MiamiBeach","12/19/2017 10:55:00","46","Total_Nitrogen",0.415,"mg/L",25.767,-80.1371,NA
"533","...79848","MiamiBeach","11/19/2019 10:32:00","68","Total_Nitrogen",0.233,"mg/L",25.8549,-80.1374,NA
"534","...79849","MiamiBeach","08/25/2023 00:00:00","33","Total_Nitrogen",0.422,"mg/L",25.7852,-80.1653,NA
"535","...79850","MiamiBeach","07/14/2021 11:57:00","17","Total_Nitrogen",0.476,"mg/L",25.8052,-80.1268,NA
"536","...79851","MiamiBeach","09/21/2021 10:58:00","42","Total_Nitrogen",0.234,"mg/L",25.8015,-80.1401,NA
"537","...79852","MiamiBeach","11/15/2021 11:25:00","19","Total_Nitrogen",0.404,"mg/L",25.8134,-80.1246,NA
"538","...79853","MiamiBeach","12/20/2021 13:45:00","84","Total_Nitrogen",1.115,"mg/L",25.840485,-80.132921,NA
"539","...79854","MiamiBeach","12/22/2021 11:40:00","81","Total_Nitrogen",0.374,"mg/L",25.802142,-80.126487,NA
"540","...79855","MiamiBeach","08/16/2016 10:40:00","27","Total_Nitrogen",0.549,"mg/L",25.7878,-80.155,NA
"541","...79856","MiamiBeach","08/16/2018 14:00:00","9","Total_Nitrogen",0.476,"mg/L",25.8002,-80.1278,NA
"542","...79857","MiamiBeach","05/17/2019 09:44:00","47","Total_Nitrogen",0.125,"mg/L",25.7741,-80.1418,NA
"543","...79858","MiamiBeach","06/27/2019 10:02:00","78","Total_Nitrogen",2.625,"mg/L",25.8499,-80.1367,NA
"544","...79859","MiamiBeach","08/13/2019 11:39:00","67","Total_Nitrogen",0.111,"mg/L",25.8388,-80.1225,NA
"545","...79860","MiamiBeach","08/13/2019 12:10:00","71","Total_Nitrogen",0.112,"mg/L",25.867,-80.1243,NA
"546","...79861","MiamiBeach","09/25/2019 10:34:00","68","Total_Nitrogen",0.111,"mg/L",25.8549,-80.1374,NA
"547","...79862","MiamiBeach","01/28/2021 10:32:00","71","Total_Nitrogen",0.343,"mg/L",25.867,-80.1243,NA
"548","...79863","MiamiBeach","01/28/2021 11:21:00","67","Total_Nitrogen",0.343,"mg/L",25.8388,-80.1225,NA
"549","...79864","MiamiBeach","07/19/2018 11:43:00","24","Total_Nitrogen",0.475,"mg/L",25.796,-80.159,NA
"550","...79865","MiamiBeach","10/04/2016 09:00:00","45","Total_Nitrogen",0.43,"mg/L",25.767,-80.137,NA
"551","...79866","MiamiBeach","03/16/2017 09:25:00","46","Total_Nitrogen",0.315,"mg/L",25.767,-80.1371,NA
"552","...79867","MiamiBeach","11/15/2016 09:40:00","46","Total_Nitrogen",0.444,"mg/L",25.767,-80.1371,NA
"553","...79868","MiamiBeach","09/21/2017 12:10:00","27","Total_Nitrogen",0.412,"mg/L",25.7878,-80.155,NA
"554","...79869","MiamiBeach","08/16/2018 11:40:00","29","Total_Nitrogen",0.385,"mg/L",25.7876,-80.1577,NA
"555","...79870","MiamiBeach","01/23/2019 11:00:00","37","Total_Nitrogen",0.325,"mg/L",25.7776,-80.1565,NA
"556","...79871","MiamiBeach","03/21/2019 09:50:00","46","Total_Nitrogen",0.155,"mg/L",25.767,-80.1371,NA
"557","...79872","MiamiBeach","06/27/2019 10:56:00","69","Total_Nitrogen",0.369,"mg/L",25.8586,-80.1259,NA
"558","...79873","MiamiBeach","04/18/2018 10:30:00","52","Total_Nitrogen",0.419,"mg/L",25.7804,-80.1432,NA
"559","...79874","MiamiBeach","01/11/2018 11:35:00","35","Total_Nitrogen",0.457,"mg/L",25.7823,-80.168,NA
"560","...79875","MiamiBeach","03/08/2018 11:12:00","36","Total_Nitrogen",0.446,"mg/L",25.7825,-80.1682,NA
"561","...79876","MiamiBeach","11/14/2016 11:30:00","21","Total_Nitrogen",0.432,"mg/L",25.7933,-80.1629,NA
"562","...79877","MiamiBeach","07/29/2020 09:57:00","70","Total_Nitrogen",0.289,"mg/L",25.8642,-80.1291,NA
"563","...79878","MiamiBeach","09/22/2020 11:39:00","66","Total_Nitrogen",0.443,"mg/L",25.8234,-80.1232,NA
"564","...79879","MiamiBeach","10/31/2018 12:51:00","56","Total_Nitrogen",0.275,"mg/L",25.7917,-80.1451,NA
"565","...79880","MiamiBeach","10/30/2018 10:55:00","37","Total_Nitrogen",0.325,"mg/L",25.7776,-80.1565,NA
"566","...79881","MiamiBeach","11/27/2018 13:13:00","34","Total_Nitrogen",0.375,"mg/L",25.7858,-80.1656,NA
"567","...79882","MiamiBeach","09/12/2016 09:20:00","26","Total_Nitrogen",0.501,"mg/L",25.7949,-80.1553,NA
"568","...79883","MiamiBeach","09/12/2016 10:30:00","30","Total_Nitrogen",0.486,"mg/L",25.7876,-80.1576,NA
"569","...79884","MiamiBeach","03/16/2017 11:30:00","25","Total_Nitrogen",0.385,"mg/L",25.7943,-80.1553,NA
"570","...79885","MiamiBeach","01/15/2020 11:15:00","69","Total_Nitrogen",0.323,"mg/L",25.8586,-80.1259,NA
"571","...79886","MiamiBeach","06/20/2023 00:00:00","35","Total_Nitrogen",0.273,"mg/L",25.7823,-80.168,NA
"572","...79887","MiamiBeach","07/31/2023 00:00:00","28","Total_Nitrogen",0.305,"mg/L",25.7874,-80.155,NA
"573","...79888","MiamiBeach","07/31/2023 00:00:00","3A","Total_Nitrogen",0.738,"mg/L",25.840614,-80.132824,NA
"574","...79889","MiamiBeach","02/24/2022 10:41:00","47","Total_Nitrogen",0.227,"mg/L",25.7741,-80.1418,NA
"575","...79890","MiamiBeach","02/24/2022 11:26:00","60","Total_Nitrogen",0.265,"mg/L",25.7933,-80.1453,NA
"576","...79891","MiamiBeach","09/25/2019 10:59:00","71","Total_Nitrogen",0.111,"mg/L",25.867,-80.1243,NA
"577","...79892","MiamiBeach","04/17/2019 11:43:00","70","Total_Nitrogen",0.111,"mg/L",25.8642,-80.1291,NA
"578","...79893","MiamiBeach","12/20/2017 09:47:00","61","Total_Nitrogen",0.54,"mg/L",25.8262,-80.134,NA
"579","...79894","MiamiBeach","02/23/2017 12:05:00","23","Total_Nitrogen",0.528,"mg/L",25.7954,-80.1592,NA
"580","...79895","MiamiBeach","07/28/2017 10:23:00","39","Total_Nitrogen",0.505,"mg/L",25.7813,-80.1556,NA
"581","...79896","MiamiBeach","07/28/2017 10:41:00","63","Total_Nitrogen",0.505,"mg/L",25.781,-80.1616,NA
"582","...79897","MiamiBeach","02/25/2019 11:10:00","40","Total_Nitrogen",0.37,"mg/L",25.7813,-80.1552,NA
"583","...79898","MiamiBeach","07/19/2018 10:25:00","62","Total_Nitrogen",1.225,"mg/L",25.7808,-80.1617,NA
"584","...79899","MiamiBeach","01/17/2017 09:15:00","45","Total_Nitrogen",0.358,"mg/L",25.767,-80.137,NA
"585","...79900","MiamiBeach","01/14/2020 10:19:00","47","Total_Nitrogen",0.283,"mg/L",25.7741,-80.1418,NA
"586","...79901","MiamiBeach","01/15/2020 11:02:00","71","Total_Nitrogen",0.293,"mg/L",25.867,-80.1243,NA
"587","...79902","MiamiBeach","03/31/2022 09:24:00","63","Total_Nitrogen",0.245,"mg/L",25.781,-80.1616,NA
"588","...79903","MiamiBeach","03/31/2022 14:20:00","79","Total_Nitrogen",1.515,"mg/L",25.8531,-80.1295,NA
"589","...79904","MiamiBeach","06/23/2020 12:58:00","54","Total_Nitrogen",0.383,"mg/L",25.7965,-80.1425,NA
"590","...79905","MiamiBeach","11/14/2016 11:25:00","24","Total_Nitrogen",0.472,"mg/L",25.796,-80.159,NA
"591","...79906","MiamiBeach","03/21/2019 13:20:00","26","Total_Nitrogen",0.273,"mg/L",25.7949,-80.1553,NA
"592","...79907","MiamiBeach","07/29/2019 10:52:00","19","Total_Nitrogen",0.165,"mg/L",25.8134,-80.1246,NA
"593","...79908","MiamiBeach","08/18/2017 12:06:00","42","Total_Nitrogen",0.189,"mg/L",25.8015,-80.1401,NA
"594","...79909","MiamiBeach","09/23/2020 09:47:00","52","Total_Nitrogen",0.35,"mg/L",25.7804,-80.1432,NA
"595","...79910","MiamiBeach","04/30/2021 10:50:00","71","Total_Nitrogen",0.273,"mg/L",25.867,-80.1243,NA
"596","...79911","MiamiBeach","05/30/2023 00:00:00","29","Total_Nitrogen",0.349,"mg/L",25.7876,-80.1577,NA
"597","...79912","MiamiBeach","08/16/2016 13:55:00","31","Total_Nitrogen",0.469,"mg/L",25.788,-80.1627,NA
"598","...79913","MiamiBeach","08/13/2020 13:30:00","79","Total_Nitrogen",3.183,"mg/L",25.8531,-80.1295,NA
"599","...79914","MiamiBeach","09/18/2018 13:31:00","54","Total_Nitrogen",0.413,"mg/L",25.7965,-80.1425,NA
"600","...79915","MiamiBeach","10/30/2018 11:30:00","36","Total_Nitrogen",0.383,"mg/L",25.7825,-80.1682,NA
"601","...79916","MiamiBeach","11/27/2018 12:19:00","24","Total_Nitrogen",0.394,"mg/L",25.796,-80.159,NA
"602","...79917","MiamiBeach","11/27/2018 10:39:00","62","Total_Nitrogen",0.345,"mg/L",25.7808,-80.1617,NA
"603","...79918","MiamiBeach","05/21/2021 11:22:00","63","Total_Nitrogen",0.303,"mg/L",25.781,-80.1616,NA
"604","...79919","MiamiBeach","10/28/2021 09:04:00","83","Total_Nitrogen",0.275,"mg/L",25.840485,-80.132921,NA
"605","...79920","MiamiBeach","02/23/2017 12:10:00","24","Total_Nitrogen",0.454,"mg/L",25.796,-80.159,NA
"606","...79921","MiamiBeach","02/23/2017 12:15:00","21","Total_Nitrogen",0.484,"mg/L",25.7933,-80.1629,NA
"607","...79922","MiamiBeach","10/24/2017 11:42:00","19","Total_Nitrogen",0.496,"mg/L",25.8134,-80.1246,NA
"608","...79923","MiamiBeach","01/17/2017 09:29:00","47","Total_Nitrogen",0.329,"mg/L",25.7741,-80.1418,NA
"609","...79924","MiamiBeach","03/16/2017 11:35:00","26","Total_Nitrogen",0.395,"mg/L",25.7949,-80.1553,NA
"610","...79925","MiamiBeach","10/16/2019 09:01:00","68","Total_Nitrogen",0.278,"mg/L",25.8549,-80.1374,NA
"611","...79926","MiamiBeach","06/18/2018 11:42:00","32","Total_Nitrogen",0.441,"mg/L",25.7876,-80.1626,NA
"612","...79927","MiamiBeach","08/13/2019 09:48:00","78","Total_Nitrogen",0.515,"mg/L",25.8499,-80.1367,NA
"613","...79928","MiamiBeach","08/13/2019 10:52:00","66","Total_Nitrogen",0.165,"mg/L",25.8234,-80.1232,NA
"614","...79929","MiamiBeach","02/12/2020 10:37:00","46","Total_Nitrogen",0.223,"mg/L",25.767,-80.1371,NA
"615","...79930","MiamiBeach","09/23/2020 09:57:00","38","Total_Nitrogen",0.493,"mg/L",25.7775,-80.1562,NA
"616","...79931","MiamiBeach","01/28/2021 09:15:00","4","Total_Nitrogen",0.363,"mg/L",25.8463,-80.1282,NA
"617","...79932","MiamiBeach","03/29/2021 09:48:00","68","Total_Nitrogen",0.423,"mg/L",25.8549,-80.1374,NA
"618","...79933","MiamiBeach","03/30/2021 08:45:00","56","Total_Nitrogen",0.333,"mg/L",25.7917,-80.1451,NA
"619","...79934","MiamiBeach","08/24/2023 00:00:00","21","Total_Nitrogen",0.158,"mg/L",25.7933,-80.1629,NA
"620","...79935","MiamiBeach","05/20/2022 10:49:00","30","Total_Nitrogen",0.255,"mg/L",25.7876,-80.1576,NA
"621","...79936","MiamiBeach","12/24/2019 08:54:00","47","Total_Nitrogen",0.263,"mg/L",25.7741,-80.1418,NA
"622","...79937","MiamiBeach","03/18/2020 10:04:00","63","Total_Nitrogen",0.273,"mg/L",25.781,-80.1616,NA
"623","...79938","MiamiBeach","01/11/2023 00:00:00","28","Total_Nitrogen",0.281,"mg/L",25.7874,-80.155,NA
"624","...79939","MiamiBeach","03/14/2023 00:00:00","21","Total_Nitrogen",0.332,"mg/L",25.7933,-80.1629,NA
"625","...79940","MiamiBeach","03/27/2023 00:00:00","32","Total_Nitrogen",0.339,"mg/L",25.7876,-80.1626,NA
"626","...79941","MiamiBeach","08/15/2017 11:02:00","38","Total_Nitrogen",0.195,"mg/L",25.7775,-80.1562,NA
"627","...79942","MiamiBeach","11/09/2017 12:20:00","24","Total_Nitrogen",0.379,"mg/L",25.796,-80.159,NA
"628","...79943","MiamiBeach","06/21/2017 12:47:00","60","Total_Nitrogen",0.48,"mg/L",25.7933,-80.1453,NA
"629","...79944","MiamiBeach","12/19/2017 12:34:00","28","Total_Nitrogen",0.482,"mg/L",25.7874,-80.155,NA
"630","...79945","MiamiBeach","09/12/2016 09:45:00","21","Total_Nitrogen",0.55,"mg/L",25.7933,-80.1629,NA
"631","...79946","MiamiBeach","11/15/2016 13:30:00","60","Total_Nitrogen",0.488,"mg/L",25.7933,-80.1453,NA
"632","...79947","MiamiBeach","08/15/2017 10:33:00","47","Total_Nitrogen",0.22,"mg/L",25.7741,-80.1418,NA
"633","...79948","MiamiBeach","10/27/2017 11:25:00","30","Total_Nitrogen",0.416,"mg/L",25.7876,-80.1576,NA
"634","...79949","MiamiBeach","07/27/2017 10:43:00","19","Total_Nitrogen",0.385,"mg/L",25.8134,-80.1246,NA
"635","...79950","MiamiBeach","01/11/2018 10:30:00","46","Total_Nitrogen",0.415,"mg/L",25.767,-80.1371,NA
"636","...79951","MiamiBeach","04/18/2018 13:30:00","59","Total_Nitrogen",0.478,"mg/L",25.7933,-80.1451,NA
"637","...79952","MiamiBeach","12/19/2017 12:44:00","26","Total_Nitrogen",0.503,"mg/L",25.7949,-80.1553,NA
"638","...79953","MiamiBeach","10/27/2017 10:35:00","22","Total_Nitrogen",0.472,"mg/L",25.7942,-80.1628,NA
"639","...79954","MiamiBeach","10/12/2017 11:20:00","9","Total_Nitrogen",0.64,"mg/L",25.8002,-80.1278,NA
"640","...79955","MiamiBeach","04/19/2018 11:05:00","18","Total_Nitrogen",0.481,"mg/L",25.8075,-80.1251,NA
"641","...79956","MiamiBeach","03/16/2017 13:30:00","9","Total_Nitrogen",0.539,"mg/L",25.8002,-80.1278,NA
"642","...79957","MiamiBeach","08/16/2016 10:52:00","29","Total_Nitrogen",0.649,"mg/L",25.7876,-80.1577,NA
"643","...79958","MiamiBeach","05/18/2017 11:20:00","27","Total_Nitrogen",0.455,"mg/L",25.7878,-80.155,NA
"644","...79959","MiamiBeach","05/18/2017 11:50:00","21","Total_Nitrogen",0.455,"mg/L",25.7933,-80.1629,NA
"645","...79960","MiamiBeach","10/03/2016 09:28:00","25","Total_Nitrogen",0.548,"mg/L",25.7943,-80.1553,NA
"646","...79961","MiamiBeach","12/14/2016 11:02:00","19","Total_Nitrogen",0.57,"mg/L",25.8134,-80.1246,NA
"647","...79962","MiamiBeach","12/14/2016 11:17:00","16","Total_Nitrogen",0.62,"mg/L",25.8051,-80.1269,NA
"648","...79963","MiamiBeach","05/12/2017 11:20:00","2","Total_Nitrogen",0.598,"mg/L",25.8167,-80.139,NA
"649","...79964","MiamiBeach","09/12/2016 11:20:00","33","Total_Nitrogen",0.947,"mg/L",25.7852,-80.1653,NA
"650","...79965","MiamiBeach","06/18/2018 11:25:00","33","Total_Nitrogen",0.479,"mg/L",25.7852,-80.1653,NA
"651","...79966","MiamiBeach","07/18/2018 11:17:00","18","Total_Nitrogen",0.485,"mg/L",25.8075,-80.1251,NA
"652","...79967","MiamiBeach","01/17/2017 10:02:00","40","Total_Nitrogen",0.367,"mg/L",25.7813,-80.1552,NA
"653","...79968","MiamiBeach","01/23/2019 10:50:00","39","Total_Nitrogen",0.295,"mg/L",25.7813,-80.1556,NA
"654","...79969","MiamiBeach","03/21/2019 13:28:00","23","Total_Nitrogen",0.278,"mg/L",25.7954,-80.1592,NA
"655","...79970","MiamiBeach","11/27/2018 10:56:00","35","Total_Nitrogen",0.422,"mg/L",25.7823,-80.168,NA
"656","...79971","MiamiBeach","09/22/2021 10:05:00","82","Total_Nitrogen",0.285,"mg/L",25.840485,-80.132921,NA
"657","...79972","MiamiBeach","11/16/2021 09:15:00","63","Total_Nitrogen",0.295,"mg/L",25.781,-80.1616,NA
"658","...79973","MiamiBeach","11/16/2021 09:25:00","74","Total_Nitrogen",1.14,"mg/L",25.7806,-80.1618,NA
"659","...79974","MiamiBeach","12/22/2021 09:20:00","78","Total_Nitrogen",0.855,"mg/L",25.8499,-80.1367,NA
"660","...79975","MiamiBeach","03/17/2020 10:07:00","70","Total_Nitrogen",0.273,"mg/L",25.8642,-80.1291,NA
"661","...79976","MiamiBeach","03/17/2020 11:24:00","66","Total_Nitrogen",0.253,"mg/L",25.8234,-80.1232,NA
"662","...79977","MiamiBeach","09/19/2023 00:00:00","36","Total_Nitrogen",0.308,"mg/L",25.7825,-80.1682,NA
"663","...79978","MiamiBeach","03/30/2022 11:12:00","66","Total_Nitrogen",0.265,"mg/L",25.8234,-80.1232,NA
"664","...79979","MiamiBeach","12/14/2016 12:37:00","2","Total_Nitrogen",0.56,"mg/L",25.8167,-80.139,NA
"665","...79980","MiamiBeach","11/15/2016 12:05:00","17","Total_Nitrogen",0.52,"mg/L",25.8052,-80.1268,NA
"666","...79981","MiamiBeach","05/29/2018 10:55:00","48","Total_Nitrogen",0.486,"mg/L",25.7741,-80.1419,NA
"667","...79982","MiamiBeach","02/09/2018 11:48:00","30","Total_Nitrogen",0.433,"mg/L",25.7876,-80.1576,NA
"668","...79983","MiamiBeach","09/20/2018 10:53:00","52","Total_Nitrogen",0.4,"mg/L",25.7804,-80.1432,NA
"669","...79984","MiamiBeach","06/22/2017 10:28:00","62","Total_Nitrogen",0.64,"mg/L",25.7808,-80.1617,NA
"670","...79985","MiamiBeach","11/08/2017 11:48:00","18","Total_Nitrogen",0.345,"mg/L",25.8075,-80.1251,NA
"671","...79986","MiamiBeach","05/26/2020 09:20:00","78","Total_Nitrogen",2.6,"mg/L",25.8499,-80.1367,NA
"672","...79987","MiamiBeach","10/30/2018 11:54:00","31","Total_Nitrogen",0.397,"mg/L",25.788,-80.1627,NA
"673","...79988","MiamiBeach","02/23/2017 11:35:00","29","Total_Nitrogen",0.827,"mg/L",25.7876,-80.1577,NA
"674","...79989","MiamiBeach","06/22/2017 09:40:00","47","Total_Nitrogen",0.365,"mg/L",25.7741,-80.1418,NA
"675","...79990","MiamiBeach","09/26/2019 10:04:00","46","Total_Nitrogen",0.111,"mg/L",25.767,-80.1371,NA
"676","...79991","MiamiBeach","10/16/2019 09:20:00","71","Total_Nitrogen",0.175,"mg/L",25.867,-80.1243,NA
"677","...79992","MiamiBeach","11/18/2019 13:18:00","70","Total_Nitrogen",0.343,"mg/L",25.8642,-80.1291,NA
"678","...79993","MiamiBeach","03/31/2022 08:59:00","56","Total_Nitrogen",0.255,"mg/L",25.7917,-80.1451,NA
"679","...79994","MiamiBeach","05/20/2022 09:55:00","26","Total_Nitrogen",0.275,"mg/L",25.7949,-80.1553,NA
"680","...79995","MiamiBeach","06/17/2021 10:40:00","63","Total_Nitrogen",0.393,"mg/L",25.781,-80.1616,NA
"681","...79996","MiamiBeach","07/15/2021 12:38:00","52","Total_Nitrogen",0.263,"mg/L",25.7804,-80.1432,NA
"682","...79997","MiamiBeach","02/12/2020 11:34:00","34","Total_Nitrogen",0.283,"mg/L",25.7858,-80.1656,NA
"683","...79998","MiamiBeach","03/18/2020 09:38:00","47","Total_Nitrogen",0.233,"mg/L",25.7741,-80.1418,NA
"684","...79999","MiamiBeach","08/11/2017 11:55:00","19","Total_Nitrogen",0.504,"mg/L",25.8134,-80.1246,NA
"685","...80000","MiamiBeach","02/09/2018 11:05:00","62","Total_Nitrogen",0.394,"mg/L",25.7808,-80.1617,NA
"686","...80001","MiamiBeach","04/18/2018 10:35:00","39","Total_Nitrogen",0.442,"mg/L",25.7813,-80.1556,NA
"687","...80002","MiamiBeach","03/14/2023 00:00:00","3A","Total_Nitrogen",0.73,"mg/L",25.840614,-80.132824,NA
"688","...80003","MiamiBeach","03/14/2023 00:00:00","16","Total_Nitrogen",0.333,"mg/L",25.8051,-80.1269,NA
"689","...80004","MiamiBeach","07/30/2020 09:30:00","47","Total_Nitrogen",0.283,"mg/L",25.7741,-80.1418,NA
"690","...80005","MiamiBeach","04/30/2021 12:08:00","17","Total_Nitrogen",0.407,"mg/L",25.8052,-80.1268,NA
"691","...80006","MiamiBeach","11/14/2016 12:10:00","36","Total_Nitrogen",0.453,"mg/L",25.7825,-80.1682,NA
"692","...80007","MiamiBeach","08/18/2017 12:00:00","54","Total_Nitrogen",0.23,"mg/L",25.7965,-80.1425,NA
"693","...80008","MiamiBeach","07/27/2017 10:07:00","61","Total_Nitrogen",0.326,"mg/L",25.8262,-80.134,NA
"694","...80009","MiamiBeach","03/08/2018 12:05:00","25","Total_Nitrogen",0.52,"mg/L",25.7943,-80.1553,NA
"695","...80010","MiamiBeach","07/27/2017 12:28:00","54","Total_Nitrogen",0.324,"mg/L",25.7965,-80.1425,NA
"696","...80011","MiamiBeach","10/27/2017 10:28:00","24","Total_Nitrogen",0.444,"mg/L",25.796,-80.159,NA
"697","...80012","MiamiBeach","11/09/2017 11:35:00","34","Total_Nitrogen",0.437,"mg/L",25.7858,-80.1656,NA
"698","...80013","MiamiBeach","05/18/2017 10:25:00","37","Total_Nitrogen",0.447,"mg/L",25.7776,-80.1565,NA
"699","...80014","MiamiBeach","11/09/2017 11:40:00","32","Total_Nitrogen",0.47,"mg/L",25.7876,-80.1626,NA
"700","...80015","MiamiBeach","12/19/2017 12:29:00","27","Total_Nitrogen",0.538,"mg/L",25.7878,-80.155,NA
"701","...80016","MiamiBeach","05/12/2017 12:30:00","56","Total_Nitrogen",0.432,"mg/L",25.7917,-80.1451,NA
"702","...80017","MiamiBeach","04/18/2018 10:10:00","47","Total_Nitrogen",0.405,"mg/L",25.7741,-80.1418,NA
"703","...80018","MiamiBeach","11/14/2016 12:30:00","27","Total_Nitrogen",0.462,"mg/L",25.7878,-80.155,NA
"704","...80019","MiamiBeach","05/29/2018 13:15:00","26","Total_Nitrogen",0.54,"mg/L",25.7949,-80.1553,NA
"705","...80020","MiamiBeach","05/18/2017 11:05:00","32","Total_Nitrogen",0.481,"mg/L",25.7876,-80.1626,NA
"706","...80021","MiamiBeach","07/28/2017 11:48:00","24","Total_Nitrogen",0.575,"mg/L",25.796,-80.159,NA
"707","...80022","MiamiBeach","08/16/2018 11:29:00","31","Total_Nitrogen",0.448,"mg/L",25.788,-80.1627,NA
"708","...80023","MiamiBeach","09/20/2018 12:48:00","28","Total_Nitrogen",0.403,"mg/L",25.7874,-80.155,NA
"709","...80024","MiamiBeach","02/25/2019 11:34:00","63","Total_Nitrogen",0.403,"mg/L",25.781,-80.1616,NA
"710","...80025","MiamiBeach","02/25/2019 12:05:00","33","Total_Nitrogen",0.411,"mg/L",25.7852,-80.1653,NA
"711","...80026","MiamiBeach","10/27/2017 13:25:00","52","Total_Nitrogen",0.466,"mg/L",25.7804,-80.1432,NA
"712","...80027","MiamiBeach","06/18/2018 13:46:00","60","Total_Nitrogen",0.415,"mg/L",25.7933,-80.1453,NA
"713","...80028","MiamiBeach","11/19/2019 11:47:00","66","Total_Nitrogen",0.218,"mg/L",25.8234,-80.1232,NA
"714","...80029","MiamiBeach","01/15/2020 09:50:00","4","Total_Nitrogen",0.323,"mg/L",25.8463,-80.1282,NA
"715","...80030","MiamiBeach","03/31/2022 10:18:00","47","Total_Nitrogen",0.217,"mg/L",25.7741,-80.1418,NA
"716","...80031","MiamiBeach","05/27/2020 13:25:00","9","Total_Nitrogen",0.55,"mg/L",25.8002,-80.1278,NA
"717","...80032","MiamiBeach","06/23/2020 10:15:00","70","Total_Nitrogen",0.36,"mg/L",25.8642,-80.1291,NA
"718","...80033","MiamiBeach","12/22/2020 09:36:00","38","Total_Nitrogen",0.257,"mg/L",25.7775,-80.1562,NA
"719","...80034","MiamiBeach","01/28/2021 10:12:00","70","Total_Nitrogen",0.393,"mg/L",25.8642,-80.1291,NA
"720","...80035","MiamiBeach","01/29/2021 11:11:00","22","Total_Nitrogen",0.233,"mg/L",25.7942,-80.1628,NA
"721","...80036","MiamiBeach","03/30/2021 09:54:00","63","Total_Nitrogen",0.263,"mg/L",25.781,-80.1616,NA
"722","...80037","MiamiBeach","11/15/2016 12:10:00","16","Total_Nitrogen",0.524,"mg/L",25.8051,-80.1269,NA
"723","...80038","MiamiBeach","07/28/2017 11:00:00","33","Total_Nitrogen",0.616,"mg/L",25.7852,-80.1653,NA
"724","...80039","MiamiBeach","12/13/2016 11:14:00","28","Total_Nitrogen",0.497,"mg/L",25.7874,-80.155,NA
"725","...80040","MiamiBeach","05/18/2017 09:05:00","45","Total_Nitrogen",0.504,"mg/L",25.767,-80.137,NA
"726","...80041","MiamiBeach","05/16/2018 12:20:00","54","Total_Nitrogen",0.417,"mg/L",25.7965,-80.1425,NA
"727","...80042","MiamiBeach","06/18/2018 11:29:00","34","Total_Nitrogen",0.41,"mg/L",25.7858,-80.1656,NA
"728","...80043","MiamiBeach","08/15/2018 12:40:00","59","Total_Nitrogen",0.375,"mg/L",25.7933,-80.1451,NA
"729","...80044","MiamiBeach","03/16/2017 10:55:00","34","Total_Nitrogen",0.345,"mg/L",25.7858,-80.1656,NA
"730","...80045","MiamiBeach","02/25/2019 12:38:00","25","Total_Nitrogen",0.382,"mg/L",25.7943,-80.1553,NA
"731","...80046","MiamiBeach","10/30/2018 10:41:00","39","Total_Nitrogen",0.375,"mg/L",25.7813,-80.1556,NA
"732","...80047","MiamiBeach","05/04/2021 09:30:00","47","Total_Nitrogen",0.413,"mg/L",25.7741,-80.1418,NA
"733","...80048","MiamiBeach","10/28/2021 11:27:00","81","Total_Nitrogen",0.466,"mg/L",25.802142,-80.126487,NA
"734","...80049","MiamiBeach","03/17/2020 10:22:00","71","Total_Nitrogen",0.283,"mg/L",25.867,-80.1243,NA
"735","...80050","MiamiBeach","09/19/2023 00:00:00","30","Total_Nitrogen",0.32,"mg/L",25.7876,-80.1576,NA
"736","...80051","MiamiBeach","09/21/2023 00:00:00","21","Total_Nitrogen",0.447,"mg/L",25.7933,-80.1629,NA
"737","...80052","MiamiBeach","11/22/2023 00:00:00","2","Total_Nitrogen",0.314,"mg/L",25.8167,-80.139,NA
"738","...80053","MiamiBeach","04/16/2019 12:22:00","54","Total_Nitrogen",0.795,"mg/L",25.7965,-80.1425,NA
"739","...80054","MiamiBeach","07/29/2019 09:45:00","78","Total_Nitrogen",1.325,"mg/L",25.8499,-80.1367,NA
"740","...80055","MiamiBeach","05/29/2018 13:01:00","28","Total_Nitrogen",0.53,"mg/L",25.7874,-80.155,NA
"741","...80056","MiamiBeach","05/16/2018 09:32:00","4","Total_Nitrogen",0.349,"mg/L",25.8463,-80.1282,NA
"742","...80057","MiamiBeach","01/23/2019 11:17:00","63","Total_Nitrogen",0.355,"mg/L",25.781,-80.1616,NA
"743","...80058","MiamiBeach","02/25/2019 11:31:00","62","Total_Nitrogen",0.547,"mg/L",25.7808,-80.1617,NA
"744","...80059","MiamiBeach","11/09/2017 11:20:00","35","Total_Nitrogen",0.402,"mg/L",25.7823,-80.168,NA
"745","...80060","MiamiBeach","10/03/2016 12:35:00","52","Total_Nitrogen",0.391,"mg/L",25.7804,-80.1432,NA
"746","...80061","MiamiBeach","10/04/2016 12:45:00","9","Total_Nitrogen",0.49,"mg/L",25.8002,-80.1278,NA
"747","...80062","MiamiBeach","08/16/2016 14:48:00","36","Total_Nitrogen",0.435,"mg/L",25.7825,-80.1682,NA
"748","...80063","MiamiBeach","09/20/2017 12:47:00","60","Total_Nitrogen",0.474,"mg/L",25.7933,-80.1453,NA
"749","...80064","MiamiBeach","05/27/2020 11:49:00","60","Total_Nitrogen",0.317,"mg/L",25.7933,-80.1453,NA
"750","...80065","MiamiBeach","06/29/2020 12:04:00","9","Total_Nitrogen",0.343,"mg/L",25.8002,-80.1278,NA
"751","...80066","MiamiBeach","11/27/2018 11:35:00","27","Total_Nitrogen",0.325,"mg/L",25.7878,-80.155,NA
"752","...80067","MiamiBeach","11/19/2020 10:11:00","38","Total_Nitrogen",0.334,"mg/L",25.7775,-80.1562,NA
"753","...80068","MiamiBeach","01/11/2018 12:25:00","25","Total_Nitrogen",0.521,"mg/L",25.7943,-80.1553,NA
"754","...80069","MiamiBeach","10/16/2019 10:15:00","66","Total_Nitrogen",0.213,"mg/L",25.8234,-80.1232,NA
"755","...80070","MiamiBeach","11/16/2021 12:10:00","9","Total_Nitrogen",0.446,"mg/L",25.8002,-80.1278,NA
"756","...80071","MiamiBeach","06/22/2017 10:44:00","36","Total_Nitrogen",0.535,"mg/L",25.7825,-80.1682,NA
"757","...80072","MiamiBeach","07/28/2017 11:31:00","28","Total_Nitrogen",0.575,"mg/L",25.7874,-80.155,NA
"758","...80073","MiamiBeach","07/19/2018 09:31:00","46","Total_Nitrogen",0.395,"mg/L",25.767,-80.1371,NA
"759","...80074","MiamiBeach","03/27/2023 00:00:00","30","Total_Nitrogen",0.397,"mg/L",25.7876,-80.1576,NA
"760","...80075","MiamiBeach","03/27/2023 00:00:00","37","Total_Nitrogen",0.369,"mg/L",25.7776,-80.1565,NA
"761","...80076","MiamiBeach","05/17/2019 10:42:00","34","Total_Nitrogen",0.221,"mg/L",25.7858,-80.1656,NA
"762","...80077","MiamiBeach","07/30/2020 09:45:00","52","Total_Nitrogen",0.323,"mg/L",25.7804,-80.1432,NA
"763","...80078","MiamiBeach","08/14/2020 10:45:00","70","Total_Nitrogen",0.407,"mg/L",25.8642,-80.1291,NA
"764","...80079","MiamiBeach","08/14/2020 11:15:00","69","Total_Nitrogen",0.287,"mg/L",25.8586,-80.1259,NA
"765","...80080","MiamiBeach","10/15/2020 10:20:00","74","Total_Nitrogen",1.18,"mg/L",25.7806,-80.1618,NA
"766","...80081","MiamiBeach","12/22/2020 08:54:00","46","Total_Nitrogen",0.259,"mg/L",25.767,-80.1371,NA
"767","...80082","MiamiBeach","03/08/2018 12:16:00","23","Total_Nitrogen",0.543,"mg/L",25.7954,-80.1592,NA
"768","...80083","MiamiBeach","12/19/2017 12:10:00","31","Total_Nitrogen",0.44,"mg/L",25.788,-80.1627,NA
"769","...80084","MiamiBeach","01/22/2019 11:00:00","16","Total_Nitrogen",0.475,"mg/L",25.8051,-80.1269,NA
"770","...80085","MiamiBeach","01/23/2019 12:13:00","29","Total_Nitrogen",0.345,"mg/L",25.7876,-80.1577,NA
"771","...80086","MiamiBeach","02/25/2019 12:18:00","32","Total_Nitrogen",0.385,"mg/L",25.7876,-80.1626,NA
"772","...80087","MiamiBeach","03/21/2019 12:22:00","34","Total_Nitrogen",0.253,"mg/L",25.7858,-80.1656,NA
"773","...80088","MiamiBeach","07/29/2019 10:04:00","4","Total_Nitrogen",0.205,"mg/L",25.8463,-80.1282,NA
"774","...80089","MiamiBeach","11/09/2017 10:56:00","40","Total_Nitrogen",0.392,"mg/L",25.7813,-80.1552,NA
"775","...80090","MiamiBeach","10/27/2017 10:17:00","25","Total_Nitrogen",0.498,"mg/L",25.7943,-80.1553,NA
"776","...80091","MiamiBeach","08/16/2016 11:55:00","26","Total_Nitrogen",0.451,"mg/L",25.7949,-80.1553,NA
"777","...80092","MiamiBeach","06/29/2020 09:08:00","46","Total_Nitrogen",0.213,"mg/L",25.767,-80.1371,NA
"778","...80093","MiamiBeach","09/21/2021 09:23:00","22","Total_Nitrogen",0.218,"mg/L",25.7942,-80.1628,NA
"779","...80094","MiamiBeach","09/22/2021 10:25:00","4","Total_Nitrogen",0.31,"mg/L",25.8463,-80.1282,NA
"780","...80095","MiamiBeach","11/15/2021 10:45:00","69","Total_Nitrogen",0.504,"mg/L",25.8586,-80.1259,NA
"781","...80096","MiamiBeach","07/27/2017 11:15:00","16","Total_Nitrogen",0.526,"mg/L",25.8051,-80.1269,NA
"782","...80097","MiamiBeach","03/16/2017 10:20:00","35","Total_Nitrogen",0.335,"mg/L",25.7823,-80.168,NA
"783","...80098","MiamiBeach","05/18/2017 10:40:00","63","Total_Nitrogen",0.415,"mg/L",25.781,-80.1616,NA
"784","...80099","MiamiBeach","11/14/2016 12:01:00","34","Total_Nitrogen",0.399,"mg/L",25.7858,-80.1656,NA
"785","...80100","MiamiBeach","11/18/2019 10:47:00","46","Total_Nitrogen",0.163,"mg/L",25.767,-80.1371,NA
"786","...80101","MiamiBeach","07/31/2019 09:26:00","34","Total_Nitrogen",0.111,"mg/L",25.7858,-80.1656,NA
"787","...80102","MiamiBeach","02/09/2018 10:10:00","47","Total_Nitrogen",0.355,"mg/L",25.7741,-80.1418,NA
"788","...80103","MiamiBeach","05/29/2018 13:22:00","23","Total_Nitrogen",0.57,"mg/L",25.7954,-80.1592,NA
"789","...80104","MiamiBeach","03/30/2022 10:36:00","69","Total_Nitrogen",0.305,"mg/L",25.8586,-80.1259,NA
"790","...80105","MiamiBeach","05/20/2022 11:28:00","39","Total_Nitrogen",0.235,"mg/L",25.7813,-80.1556,NA
"791","...80106","MiamiBeach","12/23/2019 09:58:00","70","Total_Nitrogen",0.59,"mg/L",25.8642,-80.1291,NA
"792","...80107","MiamiBeach","03/17/2020 09:52:00","68","Total_Nitrogen",0.313,"mg/L",25.8549,-80.1374,NA
"793","...80108","MiamiBeach","05/30/2023 00:00:00","31","Total_Nitrogen",0.321,"mg/L",25.788,-80.1627,NA
"794","...80109","MiamiBeach","06/22/2017 09:45:00","48","Total_Nitrogen",0.395,"mg/L",25.7741,-80.1419,NA
"795","...80110","MiamiBeach","04/17/2019 09:57:00","19","Total_Nitrogen",0.111,"mg/L",25.8134,-80.1246,NA
"796","...80111","MiamiBeach","05/16/2018 10:33:00","19","Total_Nitrogen",0.452,"mg/L",25.8134,-80.1246,NA
"797","...80112","MiamiBeach","03/07/2018 11:52:00","42","Total_Nitrogen",0.584,"mg/L",25.8015,-80.1401,NA
"798","...80113","MiamiBeach","12/21/2021 09:12:00","82","Total_Nitrogen",0.275,"mg/L",25.840485,-80.132921,NA
"799","...80114","MiamiBeach","02/09/2018 11:07:00","63","Total_Nitrogen",0.393,"mg/L",25.781,-80.1616,NA
"800","...80115","MiamiBeach","02/09/2018 11:25:00","33","Total_Nitrogen",0.46,"mg/L",25.7852,-80.1653,NA
"801","...80116","MiamiBeach","07/19/2018 10:13:00","39","Total_Nitrogen",0.378,"mg/L",25.7813,-80.1556,NA
"802","...80117","MiamiBeach","09/18/2018 11:24:00","19","Total_Nitrogen",0.415,"mg/L",25.8134,-80.1246,NA
"803","...80118","MiamiBeach","02/23/2017 10:05:00","48","Total_Nitrogen",0.42,"mg/L",25.7741,-80.1419,NA
"804","...80119","MiamiBeach","08/18/2017 12:40:00","2","Total_Nitrogen",0.46,"mg/L",25.8167,-80.139,NA
"805","...80120","MiamiBeach","06/22/2017 11:00:00","31","Total_Nitrogen",0.535,"mg/L",25.788,-80.1627,NA
"806","...80121","MiamiBeach","01/17/2017 11:07:00","24","Total_Nitrogen",0.366,"mg/L",25.796,-80.159,NA
"807","...80122","MiamiBeach","10/04/2016 09:20:00","47","Total_Nitrogen",0.464,"mg/L",25.7741,-80.1418,NA
"808","...80123","MiamiBeach","07/30/2020 10:25:00","34","Total_Nitrogen",0.303,"mg/L",25.7858,-80.1656,NA
"809","...80124","MiamiBeach","11/26/2018 12:05:00","42","Total_Nitrogen",0.496,"mg/L",25.8015,-80.1401,NA
"810","...80125","MiamiBeach","11/26/2018 09:25:00","4","Total_Nitrogen",0.391,"mg/L",25.8463,-80.1282,NA
"811","...80126","MiamiBeach","08/12/2019 10:49:00","46","Total_Nitrogen",0.245,"mg/L",25.767,-80.1371,NA
"812","...80127","MiamiBeach","03/29/2021 11:44:00","66","Total_Nitrogen",0.373,"mg/L",25.8234,-80.1232,NA
"813","...80128","MiamiBeach","03/29/2021 11:54:00","19","Total_Nitrogen",0.383,"mg/L",25.8134,-80.1246,NA
"814","...80129","MiamiBeach","03/30/2021 09:20:00","47","Total_Nitrogen",0.313,"mg/L",25.7741,-80.1418,NA
"815","...80130","MiamiBeach","09/26/2019 08:50:00","63","Total_Nitrogen",0.111,"mg/L",25.781,-80.1616,NA
"816","...80131","MiamiBeach","05/29/2018 12:20:00","33","Total_Nitrogen",0.62,"mg/L",25.7852,-80.1653,NA
"817","...80132","MiamiBeach","05/29/2018 13:42:00","22","Total_Nitrogen",0.55,"mg/L",25.7942,-80.1628,NA
"818","...80133","MiamiBeach","06/18/2018 10:05:00","48","Total_Nitrogen",0.426,"mg/L",25.7741,-80.1419,NA
"819","...80134","MiamiBeach","01/14/2020 12:54:00","9","Total_Nitrogen",0.422,"mg/L",25.8002,-80.1278,NA
"820","...80135","MiamiBeach","02/24/2022 10:53:00","46","Total_Nitrogen",0.236,"mg/L",25.767,-80.1371,NA
"821","...80136","MiamiBeach","03/30/2022 11:29:00","17","Total_Nitrogen",0.368,"mg/L",25.8052,-80.1268,NA
"822","...80137","MiamiBeach","05/20/2022 09:30:00","23","Total_Nitrogen",0.285,"mg/L",25.7954,-80.1592,NA
"823","...80138","MiamiBeach","05/26/2020 11:09:00","19","Total_Nitrogen",0.365,"mg/L",25.8134,-80.1246,NA
"824","...80139","MiamiBeach","05/27/2020 10:38:00","22","Total_Nitrogen",0.321,"mg/L",25.7942,-80.1628,NA
"825","...80140","MiamiBeach","08/13/2020 13:02:00","9","Total_Nitrogen",0.195,"mg/L",25.8002,-80.1278,NA
"826","...80141","MiamiBeach","03/30/2021 08:40:00","60","Total_Nitrogen",0.333,"mg/L",25.7933,-80.1453,NA
"827","...80142","MiamiBeach","04/30/2021 12:14:00","81","Total_Nitrogen",0.38,"mg/L",25.802142,-80.126487,NA
"828","...80143","MiamiBeach","06/22/2017 09:30:00","46","Total_Nitrogen",0.305,"mg/L",25.767,-80.1371,NA
"829","...80144","MiamiBeach","11/08/2017 11:55:00","17","Total_Nitrogen",0.465,"mg/L",25.8052,-80.1268,NA
"830","...80145","MiamiBeach","10/15/2019 09:53:00","46","Total_Nitrogen",0.111,"mg/L",25.767,-80.1371,NA
"831","...80146","MiamiBeach","10/15/2019 10:31:00","63","Total_Nitrogen",0.111,"mg/L",25.781,-80.1616,NA
"832","...80147","MiamiBeach","02/23/2017 10:40:00","38","Total_Nitrogen",0.435,"mg/L",25.7775,-80.1562,NA
"833","...80148","MiamiBeach","06/21/2017 12:43:00","56","Total_Nitrogen",0.471,"mg/L",25.7917,-80.1451,NA
"834","...80149","MiamiBeach","07/28/2017 10:11:00","52","Total_Nitrogen",0.435,"mg/L",25.7804,-80.1432,NA
"835","...80150","MiamiBeach","03/08/2018 11:55:00","27","Total_Nitrogen",0.495,"mg/L",25.7878,-80.155,NA
"836","...80151","MiamiBeach","04/14/2020 09:18:00","68","Total_Nitrogen",0.343,"mg/L",25.8549,-80.1374,NA
"837","...80152","MiamiBeach","04/15/2020 10:00:00","63","Total_Nitrogen",0.353,"mg/L",25.781,-80.1616,NA
"838","...80153","MiamiBeach","04/17/2019 11:43:00","68","Total_Nitrogen",0.111,"mg/L",25.8549,-80.1374,NA
"839","...80154","MiamiBeach","06/23/2020 11:00:00","67","Total_Nitrogen",0.273,"mg/L",25.8388,-80.1225,NA
"840","...80155","MiamiBeach","06/23/2020 11:41:00","17","Total_Nitrogen",0.393,"mg/L",25.8052,-80.1268,NA
"841","...80156","MiamiBeach","09/22/2020 10:25:00","70","Total_Nitrogen",0.403,"mg/L",25.8642,-80.1291,NA
"842","...80157","MiamiBeach","09/23/2020 08:40:00","56","Total_Nitrogen",0.373,"mg/L",25.7917,-80.1451,NA
"843","...80158","MiamiBeach","11/09/2017 11:49:00","29","Total_Nitrogen",0.46,"mg/L",25.7876,-80.1577,NA
"844","...80159","MiamiBeach","08/12/2019 11:07:00","52","Total_Nitrogen",0.114,"mg/L",25.7804,-80.1432,NA
"845","...80160","MiamiBeach","03/17/2020 11:34:00","19","Total_Nitrogen",0.293,"mg/L",25.8134,-80.1246,NA
"846","...80161","MiamiBeach","03/27/2023 00:00:00","25","Total_Nitrogen",0.437,"mg/L",25.7943,-80.1553,NA
"847","...80162","MiamiBeach","05/20/2022 09:05:00","21","Total_Nitrogen",0.305,"mg/L",25.7933,-80.1629,NA
"848","...80163","MiamiBeach","08/15/2018 11:57:00","42","Total_Nitrogen",0.345,"mg/L",25.8015,-80.1401,NA
"849","...80164","MiamiBeach","06/19/2018 11:26:00","18","Total_Nitrogen",0.417,"mg/L",25.8075,-80.1251,NA
"850","...80165","MiamiBeach","09/21/2021 09:50:00","74","Total_Nitrogen",0.72,"mg/L",25.7806,-80.1618,NA
"851","...80166","MiamiBeach","07/14/2021 11:19:00","67","Total_Nitrogen",0.404,"mg/L",25.8388,-80.1225,NA
"852","...80167","MiamiBeach","12/23/2019 09:13:00","4","Total_Nitrogen",0.356,"mg/L",25.8463,-80.1282,NA
"853","...80168","MiamiBeach","02/12/2020 10:56:00","52","Total_Nitrogen",0.383,"mg/L",25.7804,-80.1432,NA
"854","...80169","MiamiBeach","02/25/2022 11:31:00","17","Total_Nitrogen",0.315,"mg/L",25.8052,-80.1268,NA
"855","...80170","MiamiBeach","03/31/2022 09:11:00","38","Total_Nitrogen",0.235,"mg/L",25.7775,-80.1562,NA
"856","...80171","MiamiBeach","03/31/2022 10:10:00","46","Total_Nitrogen",0.216,"mg/L",25.767,-80.1371,NA
"857","...80172","MiamiBeach","07/31/2019 13:30:00","9","Total_Nitrogen",0.332,"mg/L",25.8002,-80.1278,NA
"858","...80173","MiamiBeach","08/12/2019 10:07:00","63","Total_Nitrogen",0.111,"mg/L",25.781,-80.1616,NA
"859","...80174","MiamiBeach","12/21/2020 09:58:00","78","Total_Nitrogen",1.233,"mg/L",25.8499,-80.1367,NA
"860","...80175","MiamiBeach","04/30/2021 11:02:00","69","Total_Nitrogen",0.343,"mg/L",25.8586,-80.1259,NA
"861","...80176","MiamiBeach","10/13/2020 11:20:00","66","Total_Nitrogen",0.316,"mg/L",25.8234,-80.1232,NA
"862","...80177","MiamiBeach","01/29/2021 10:45:00","63","Total_Nitrogen",0.223,"mg/L",25.781,-80.1616,NA
"863","...80178","MiamiBeach","11/14/2016 11:34:00","22","Total_Nitrogen",0.455,"mg/L",25.7942,-80.1628,NA
"864","...80179","MiamiBeach","08/26/2017 10:25:00","18","Total_Nitrogen",0.702,"mg/L",25.8075,-80.1251,NA
"865","...80180","MiamiBeach","11/08/2017 10:57:00","61","Total_Nitrogen",0.348,"mg/L",25.8262,-80.134,NA
"866","...80181","MiamiBeach","09/12/2016 10:55:00","40","Total_Nitrogen",0.479,"mg/L",25.7813,-80.1552,NA
"867","...80182","MiamiBeach","04/18/2018 11:00:00","63","Total_Nitrogen",0.434,"mg/L",25.781,-80.1616,NA
"868","...80183","MiamiBeach","01/18/2017 10:53:00","16","Total_Nitrogen",0.49,"mg/L",25.8051,-80.1269,NA
"869","...80184","MiamiBeach","09/21/2017 12:35:00","23","Total_Nitrogen",0.541,"mg/L",25.7954,-80.1592,NA
"870","...80185","MiamiBeach","11/08/2017 10:47:00","4","Total_Nitrogen",0.384,"mg/L",25.8463,-80.1282,NA
"871","...80186","MiamiBeach","10/03/2016 10:43:00","34","Total_Nitrogen",0.465,"mg/L",25.7858,-80.1656,NA
"872","...80187","MiamiBeach","01/11/2018 12:45:00","21","Total_Nitrogen",0.522,"mg/L",25.7933,-80.1629,NA
"873","...80188","MiamiBeach","06/18/2018 13:33:00","59","Total_Nitrogen",0.382,"mg/L",25.7933,-80.1451,NA
"874","...80189","MiamiBeach","07/19/2018 09:42:00","48","Total_Nitrogen",0.415,"mg/L",25.7741,-80.1419,NA
"875","...80190","MiamiBeach","01/17/2017 10:19:00","35","Total_Nitrogen",0.522,"mg/L",25.7823,-80.168,NA
"876","...80191","MiamiBeach","09/21/2017 14:10:00","9","Total_Nitrogen",0.571,"mg/L",25.8002,-80.1278,NA
"877","...80192","MiamiBeach","02/09/2018 10:45:00","38","Total_Nitrogen",0.414,"mg/L",25.7775,-80.1562,NA
"878","...80193","MiamiBeach","05/16/2018 09:46:00","61","Total_Nitrogen",0.415,"mg/L",25.8262,-80.134,NA
"879","...80194","MiamiBeach","07/18/2018 11:24:00","17","Total_Nitrogen",0.735,"mg/L",25.8052,-80.1268,NA
"880","...80195","MiamiBeach","08/15/2017 10:25:00","46","Total_Nitrogen",0.176,"mg/L",25.767,-80.1371,NA
"881","...80196","MiamiBeach","01/22/2019 10:45:00","64","Total_Nitrogen",0.449,"mg/L",25.8078,-80.1253,NA
"882","...80197","MiamiBeach","01/22/2019 12:28:00","54","Total_Nitrogen",0.335,"mg/L",25.7965,-80.1425,NA
"883","...80198","MiamiBeach","01/22/2019 12:42:00","56","Total_Nitrogen",0.305,"mg/L",25.7917,-80.1451,NA
"884","...80199","MiamiBeach","10/27/2017 11:41:00","27","Total_Nitrogen",0.441,"mg/L",25.7878,-80.155,NA
"885","...80200","MiamiBeach","05/29/2018 12:36:00","32","Total_Nitrogen",0.55,"mg/L",25.7876,-80.1626,NA
"886","...80201","MiamiBeach","06/21/2017 09:55:00","61","Total_Nitrogen",0.466,"mg/L",25.8262,-80.134,NA
"887","...80202","MiamiBeach","02/21/2017 11:00:00","19","Total_Nitrogen",0.546,"mg/L",25.8134,-80.1246,NA
"888","...80203","MiamiBeach","02/21/2017 11:06:00","18","Total_Nitrogen",0.682,"mg/L",25.8075,-80.1251,NA
"889","...80204","MiamiBeach","06/18/2018 09:46:00","45","Total_Nitrogen",0.44,"mg/L",25.767,-80.137,NA
"890","...80205","MiamiBeach","08/18/2017 11:05:00","17","Total_Nitrogen",0.245,"mg/L",25.8052,-80.1268,NA
"891","...80206","MiamiBeach","02/20/2019 11:34:00","19","Total_Nitrogen",0.466,"mg/L",25.8134,-80.1246,NA
"892","...80207","MiamiBeach","02/20/2019 13:50:00","42","Total_Nitrogen",0.422,"mg/L",25.8015,-80.1401,NA
"893","...80208","MiamiBeach","03/21/2019 13:10:00","28","Total_Nitrogen",0.215,"mg/L",25.7874,-80.155,NA
"894","...80209","MiamiBeach","03/15/2017 12:25:00","54","Total_Nitrogen",0.386,"mg/L",25.7965,-80.1425,NA
"895","...80210","MiamiBeach","12/19/2017 11:54:00","35","Total_Nitrogen",0.472,"mg/L",25.7823,-80.168,NA
"896","...80211","MiamiBeach","11/14/2016 11:39:00","31","Total_Nitrogen",0.574,"mg/L",25.788,-80.1627,NA
"897","...80212","MiamiBeach","05/16/2018 12:42:00","60","Total_Nitrogen",0.406,"mg/L",25.7933,-80.1453,NA
"898","...80213","MiamiBeach","06/18/2018 10:43:00","37","Total_Nitrogen",0.429,"mg/L",25.7776,-80.1565,NA
"899","...80214","MiamiBeach","10/27/2017 10:33:00","21","Total_Nitrogen",0.59,"mg/L",25.7933,-80.1629,NA
"900","...80215","MiamiBeach","11/19/2020 10:20:00","74","Total_Nitrogen",1.17,"mg/L",25.7806,-80.1618,NA
"901","...80216","MiamiBeach","11/19/2020 10:26:00","63","Total_Nitrogen",0.309,"mg/L",25.781,-80.1616,NA
"902","...80217","MiamiBeach","02/20/2019 12:08:00","17","Total_Nitrogen",0.451,"mg/L",25.8052,-80.1268,NA
"903","...80218","MiamiBeach","02/25/2019 10:31:00","52","Total_Nitrogen",0.34,"mg/L",25.7804,-80.1432,NA
"904","...80219","MiamiBeach","02/25/2019 12:42:00","26","Total_Nitrogen",0.133,"mg/L",25.7949,-80.1553,NA
"905","...80220","MiamiBeach","11/09/2017 11:25:00","36","Total_Nitrogen",0.395,"mg/L",25.7825,-80.1682,NA
"906","...80221","MiamiBeach","02/23/2017 09:50:00","46","Total_Nitrogen",0.405,"mg/L",25.767,-80.1371,NA
"907","...80222","MiamiBeach","05/27/2020 09:09:00","46","Total_Nitrogen",0.401,"mg/L",25.767,-80.1371,NA
"908","...80223","MiamiBeach","07/30/2020 12:45:00","9","Total_Nitrogen",0.384,"mg/L",25.8002,-80.1278,NA
"909","...80224","MiamiBeach","09/22/2020 09:45:00","78","Total_Nitrogen",0.513,"mg/L",25.8499,-80.1367,NA
"910","...80225","MiamiBeach","09/20/2018 12:20:00","31","Total_Nitrogen",0.525,"mg/L",25.788,-80.1627,NA
"911","...80226","MiamiBeach","11/26/2018 12:35:00","56","Total_Nitrogen",0.47,"mg/L",25.7917,-80.1451,NA
"912","...80227","MiamiBeach","11/27/2018 10:43:00","63","Total_Nitrogen",0.365,"mg/L",25.781,-80.1616,NA
"913","...80228","MiamiBeach","05/04/2021 09:40:00","52","Total_Nitrogen",0.413,"mg/L",25.7804,-80.1432,NA
"914","...80229","MiamiBeach","07/15/2021 09:27:00","79","Total_Nitrogen",1.15,"mg/L",25.8531,-80.1295,NA
"915","...80230","MiamiBeach","10/22/2021 10:40:00","22","Total_Nitrogen",0.175,"mg/L",25.7942,-80.1628,NA
"916","...80231","MiamiBeach","06/20/2023 00:00:00","30","Total_Nitrogen",0.238,"mg/L",25.7876,-80.1576,NA
"917","...80232","MiamiBeach","10/04/2016 11:05:00","18","Total_Nitrogen",2.25,"mg/L",25.8075,-80.1251,NA
"918","...80233","MiamiBeach","01/17/2017 11:27:00","56","Total_Nitrogen",0.328,"mg/L",25.7917,-80.1451,NA
"919","...80234","MiamiBeach","01/17/2017 10:00:00","39","Total_Nitrogen",0.36,"mg/L",25.7813,-80.1556,NA
"920","...80235","MiamiBeach","07/29/2019 12:37:00","68","Total_Nitrogen",0.235,"mg/L",25.8549,-80.1374,NA
"921","...80236","MiamiBeach","07/31/2019 10:42:00","47","Total_Nitrogen",0.125,"mg/L",25.7741,-80.1418,NA
"922","...80237","MiamiBeach","11/08/2017 13:13:00","42","Total_Nitrogen",0.293,"mg/L",25.8015,-80.1401,NA
"923","...80238","MiamiBeach","06/26/2019 10:42:00","38","Total_Nitrogen",0.425,"mg/L",25.7775,-80.1562,NA
"924","...80239","MiamiBeach","12/19/2017 11:05:00","47","Total_Nitrogen",0.425,"mg/L",25.7741,-80.1418,NA
"925","...80240","MiamiBeach","12/19/2017 12:13:00","32","Total_Nitrogen",0.474,"mg/L",25.7876,-80.1626,NA
"926","...80241","MiamiBeach","12/19/2017 12:59:00","22","Total_Nitrogen",0.471,"mg/L",25.7942,-80.1628,NA
"927","...80242","MiamiBeach","04/15/2020 09:45:00","38","Total_Nitrogen",0.313,"mg/L",25.7775,-80.1562,NA
"928","...80243","MiamiBeach","04/15/2020 09:54:00","74","Total_Nitrogen",0.477,"mg/L",25.7806,-80.1618,NA
"929","...80244","MiamiBeach","06/29/2020 09:17:00","47","Total_Nitrogen",0.223,"mg/L",25.7741,-80.1418,NA
"930","...80245","MiamiBeach","08/13/2020 11:42:00","34","Total_Nitrogen",0.59,"mg/L",25.7858,-80.1656,NA
"931","...80246","MiamiBeach","09/20/2018 15:02:00","9","Total_Nitrogen",0.65,"mg/L",25.8002,-80.1278,NA
"932","...80247","MiamiBeach","11/27/2018 11:24:00","29","Total_Nitrogen",0.365,"mg/L",25.7876,-80.1577,NA
"933","...80248","MiamiBeach","11/27/2018 14:58:00","9","Total_Nitrogen",0.496,"mg/L",25.8002,-80.1278,NA
"934","...80249","MiamiBeach","11/27/2018 09:19:00","45","Total_Nitrogen",0.345,"mg/L",25.767,-80.137,NA
"935","...80250","MiamiBeach","07/19/2018 10:43:00","36","Total_Nitrogen",0.445,"mg/L",25.7825,-80.1682,NA
"936","...80251","MiamiBeach","11/22/2023 00:00:00","9","Total_Nitrogen",0.44,"mg/L",25.8002,-80.1278,NA
"937","...80252","MiamiBeach","12/20/2023 00:00:00","23","Total_Nitrogen",0.335,"mg/L",25.7954,-80.1592,NA
"938","...80253","MiamiBeach","07/18/2022 11:38:00","16","Total_Nitrogen",0.365,"mg/L",25.8051,-80.1269,NA
"939","...80254","MiamiBeach","07/18/2022 12:49:00","3A","Total_Nitrogen",0.468,"mg/L",25.840614,-80.132824,NA
"940","...80255","MiamiBeach","11/16/2021 10:00:00","52","Total_Nitrogen",0.255,"mg/L",25.7804,-80.1432,NA
"941","...80256","MiamiBeach","12/24/2019 09:29:00","38","Total_Nitrogen",0.294,"mg/L",25.7775,-80.1562,NA
"942","...80257","MiamiBeach","01/11/2023 00:00:00","37","Total_Nitrogen",0.253,"mg/L",25.7776,-80.1565,NA
"943","...80258","MiamiBeach","09/20/2018 12:24:00","32","Total_Nitrogen",0.438,"mg/L",25.7876,-80.1626,NA
"944","...80259","MiamiBeach","10/30/2018 13:00:00","26","Total_Nitrogen",0.321,"mg/L",25.7949,-80.1553,NA
"945","...80260","MiamiBeach","10/31/2018 10:58:00","64","Total_Nitrogen",0.492,"mg/L",25.8078,-80.1253,NA
"946","...80261","MiamiBeach","11/26/2018 10:49:00","16","Total_Nitrogen",0.63,"mg/L",25.8051,-80.1269,NA
"947","...80262","MiamiBeach","11/27/2018 09:22:00","46","Total_Nitrogen",0.345,"mg/L",25.767,-80.1371,NA
"948","...80263","MiamiBeach","05/04/2021 09:18:00","46","Total_Nitrogen",0.373,"mg/L",25.767,-80.1371,NA
"949","...80264","MiamiBeach","05/25/2021 11:19:00","67","Total_Nitrogen",0.353,"mg/L",25.8388,-80.1225,NA
"950","...80265","MiamiBeach","05/25/2021 12:20:00","17","Total_Nitrogen",0.323,"mg/L",25.8052,-80.1268,NA
"951","...80266","MiamiBeach","12/14/2016 12:57:00","59","Total_Nitrogen",0.536,"mg/L",25.7933,-80.1451,NA
"952","...80267","MiamiBeach","10/15/2019 10:44:00","34","Total_Nitrogen",0.111,"mg/L",25.7858,-80.1656,NA
"953","...80268","MiamiBeach","11/18/2019 10:59:00","47","Total_Nitrogen",0.143,"mg/L",25.7741,-80.1418,NA
"954","...80269","MiamiBeach","01/14/2020 11:41:00","60","Total_Nitrogen",0.233,"mg/L",25.7933,-80.1453,NA
"955","...80270","MiamiBeach","05/04/2021 10:39:00","56","Total_Nitrogen",0.353,"mg/L",25.7917,-80.1451,NA
"956","...80271","MiamiBeach","07/31/2023 00:00:00","29","Total_Nitrogen",0.28,"mg/L",25.7876,-80.1577,NA
"957","...80272","MiamiBeach","08/24/2023 00:00:00","19","Total_Nitrogen",0.716,"mg/L",25.8134,-80.1246,NA
"958","...80273","MiamiBeach","07/28/2017 11:56:00","22","Total_Nitrogen",0.555,"mg/L",25.7942,-80.1628,NA
"959","...80274","MiamiBeach","08/18/2017 11:17:00","9","Total_Nitrogen",0.338,"mg/L",25.8002,-80.1278,NA
"960","...80275","MiamiBeach","05/17/2019 12:01:00","19","Total_Nitrogen",0.362,"mg/L",25.8134,-80.1246,NA
"961","...80276","MiamiBeach","09/12/2016 12:00:00","2","Total_Nitrogen",0.545,"mg/L",25.8167,-80.139,NA
"962","...80277","MiamiBeach","12/21/2021 10:31:00","54","Total_Nitrogen",0.26,"mg/L",25.7965,-80.1425,NA
"963","...80278","MiamiBeach","09/20/2018 11:35:00","62","Total_Nitrogen",0.468,"mg/L",25.7808,-80.1617,NA
"964","...80279","MiamiBeach","02/25/2019 11:21:00","38","Total_Nitrogen",0.395,"mg/L",25.7775,-80.1562,NA
"965","...80280","MiamiBeach","01/22/2019 10:39:00","18","Total_Nitrogen",0.441,"mg/L",25.8075,-80.1251,NA
"966","...80281","MiamiBeach","02/25/2019 09:53:00","46","Total_Nitrogen",0.315,"mg/L",25.767,-80.1371,NA
"967","...80282","MiamiBeach","04/16/2019 11:14:00","63","Total_Nitrogen",0.295,"mg/L",25.781,-80.1616,NA
"968","...80283","MiamiBeach","04/18/2018 10:40:00","40","Total_Nitrogen",0.424,"mg/L",25.7813,-80.1552,NA
"969","...80284","MiamiBeach","01/10/2018 11:11:00","18","Total_Nitrogen",0.464,"mg/L",25.8075,-80.1251,NA
"970","...80285","MiamiBeach","01/17/2017 11:05:00","23","Total_Nitrogen",0.368,"mg/L",25.7954,-80.1592,NA
"971","...80286","MiamiBeach","11/15/2016 09:45:00","47","Total_Nitrogen",0.413,"mg/L",25.7741,-80.1418,NA
"972","...80287","MiamiBeach","09/21/2017 10:45:00","37","Total_Nitrogen",0.483,"mg/L",25.7776,-80.1565,NA
"973","...80288","MiamiBeach","09/20/2017 10:45:00","18","Total_Nitrogen",0.586,"mg/L",25.8075,-80.1251,NA
"974","...80289","MiamiBeach","04/18/2017 10:25:00","17","Total_Nitrogen",0.605,"mg/L",25.8052,-80.1268,NA
"975","...80290","MiamiBeach","08/15/2018 12:11:00","54","Total_Nitrogen",0.369,"mg/L",25.7965,-80.1425,NA
"976","...80291","MiamiBeach","10/30/2018 12:19:00","27","Total_Nitrogen",0.305,"mg/L",25.7878,-80.155,NA
"977","...80292","MiamiBeach","05/18/2017 10:15:00","36","Total_Nitrogen",0.455,"mg/L",25.7825,-80.1682,NA
"978","...80293","MiamiBeach","08/16/2016 14:40:00","34","Total_Nitrogen",0.465,"mg/L",25.7858,-80.1656,NA
"979","...80294","MiamiBeach","01/10/2018 10:25:00","61","Total_Nitrogen",0.68,"mg/L",25.8262,-80.134,NA
"980","...80295","MiamiBeach","06/22/2017 11:48:00","24","Total_Nitrogen",0.73,"mg/L",25.796,-80.159,NA
"981","...80296","MiamiBeach","01/18/2017 11:30:00","61","Total_Nitrogen",0.41,"mg/L",25.8262,-80.134,NA
"982","...80297","MiamiBeach","09/26/2019 11:43:00","54","Total_Nitrogen",0.111,"mg/L",25.7965,-80.1425,NA
"983","...80298","MiamiBeach","12/13/2016 09:58:00","47","Total_Nitrogen",0.421,"mg/L",25.7741,-80.1418,NA
"984","...80299","MiamiBeach","01/18/2017 11:41:00","4","Total_Nitrogen",0.431,"mg/L",25.8463,-80.1282,NA
"985","...80300","MiamiBeach","06/22/2017 10:20:00","40","Total_Nitrogen",0.447,"mg/L",25.7813,-80.1552,NA
"986","...80301","MiamiBeach","06/23/2020 09:36:00","78","Total_Nitrogen",1.633,"mg/L",25.8499,-80.1367,NA
"987","...80302","MiamiBeach","07/29/2020 09:40:00","68","Total_Nitrogen",0.953,"mg/L",25.8549,-80.1374,NA
"988","...80303","MiamiBeach","10/31/2018 11:05:00","16","Total_Nitrogen",0.47,"mg/L",25.8051,-80.1269,NA
"989","...80304","MiamiBeach","11/27/2018 13:07:00","33","Total_Nitrogen",0.39,"mg/L",25.7852,-80.1653,NA
"990","...80305","MiamiBeach","02/09/2018 10:40:00","37","Total_Nitrogen",0.4,"mg/L",25.7776,-80.1565,NA
"991","...80306","MiamiBeach","08/25/2023 00:00:00","39","Total_Nitrogen",0.476,"mg/L",25.7813,-80.1556,NA
"992","...80307","MiamiBeach","09/21/2023 00:00:00","3A","Total_Nitrogen",1.48,"mg/L",25.840614,-80.132824,NA
"993","...80308","MiamiBeach","10/19/2023 00:00:00","27","Total_Nitrogen",0.292,"mg/L",25.7878,-80.155,NA
"994","...80309","MiamiBeach","10/19/2023 00:00:00","33","Total_Nitrogen",0.274,"mg/L",25.7852,-80.1653,NA
"995","...80310","MiamiBeach","10/19/2023 00:00:00","39","Total_Nitrogen",0.246,"mg/L",25.7813,-80.1556,NA
"996","...80311","MiamiBeach","11/22/2023 00:00:00","18","Total_Nitrogen",0.315,"mg/L",25.8075,-80.1251,NA
"997","...80312","MiamiBeach","05/19/2022 09:00:00","2","Total_Nitrogen",0.335,"mg/L",25.8167,-80.139,NA
"998","...80313","MiamiBeach","10/31/2018 13:08:00","59","Total_Nitrogen",0.318,"mg/L",25.7933,-80.1451,NA
"999","...80314","MiamiBeach","11/08/2017 13:27:00","54","Total_Nitrogen",0.295,"mg/L",25.7965,-80.1425,NA
"1000","...80315","MiamiBeach","02/20/2019 10:35:00","61","Total_Nitrogen",0.437,"mg/L",25.8262,-80.134,NA
"1001","...80316","MiamiBeach","03/29/2021 10:50:00","71","Total_Nitrogen",0.323,"mg/L",25.867,-80.1243,NA
"1002","...80317","MiamiBeach","05/21/2021 11:15:00","34","Total_Nitrogen",0.283,"mg/L",25.7858,-80.1656,NA
"1003","...80318","MiamiBeach","09/26/2019 11:08:00","22","Total_Nitrogen",0.111,"mg/L",25.7942,-80.1628,NA
"1004","...80319","MiamiBeach","09/26/2019 11:37:00","42","Total_Nitrogen",0.111,"mg/L",25.8015,-80.1401,NA
"1005","...80320","MiamiBeach","11/19/2019 11:10:00","69","Total_Nitrogen",0.213,"mg/L",25.8586,-80.1259,NA
"1006","...80321","MiamiBeach","04/17/2019 11:10:00","69","Total_Nitrogen",0.111,"mg/L",25.8586,-80.1259,NA
"1007","...80322","MiamiBeach","06/26/2019 11:37:00","54","Total_Nitrogen",0.375,"mg/L",25.7965,-80.1425,NA
"1008","...80323","MiamiBeach","06/26/2019 12:15:00","60","Total_Nitrogen",0.315,"mg/L",25.7933,-80.1453,NA
"1009","...80324","MiamiBeach","07/28/2017 10:29:00","40","Total_Nitrogen",0.475,"mg/L",25.7813,-80.1552,NA
"1010","...80325","MiamiBeach","05/12/2017 10:40:00","17","Total_Nitrogen",0.524,"mg/L",25.8052,-80.1268,NA
"1011","...80326","MiamiBeach","07/19/2018 10:05:00","37","Total_Nitrogen",0.385,"mg/L",25.7776,-80.1565,NA
"1012","...80327","MiamiBeach","02/20/2019 11:50:00","18","Total_Nitrogen",0.49,"mg/L",25.8075,-80.1251,NA
"1013","...80328","MiamiBeach","09/21/2017 10:59:00","40","Total_Nitrogen",0.44,"mg/L",25.7813,-80.1552,NA
"1014","...80329","MiamiBeach","09/21/2017 10:38:00","52","Total_Nitrogen",0.456,"mg/L",25.7804,-80.1432,NA
"1015","...80330","MiamiBeach","01/11/2018 11:25:00","62","Total_Nitrogen",0.499,"mg/L",25.7808,-80.1617,NA
"1016","...80331","MiamiBeach","12/13/2016 09:40:00","45","Total_Nitrogen",0.514,"mg/L",25.767,-80.137,NA
"1017","...80332","MiamiBeach","02/23/2017 11:25:00","31","Total_Nitrogen",0.533,"mg/L",25.788,-80.1627,NA
"1018","...80333","MiamiBeach","01/11/2018 11:40:00","36","Total_Nitrogen",0.411,"mg/L",25.7825,-80.1682,NA
"1019","...80334","MiamiBeach","10/24/2017 11:00:00","4","Total_Nitrogen",0.49,"mg/L",25.8463,-80.1282,NA
"1020","...80335","MiamiBeach","09/18/2018 12:11:00","64","Total_Nitrogen",0.445,"mg/L",25.8078,-80.1253,NA
"1021","...80336","MiamiBeach","10/31/2018 10:02:00","61","Total_Nitrogen",0.423,"mg/L",25.8262,-80.134,NA
"1022","...80337","MiamiBeach","10/30/2018 09:46:00","45","Total_Nitrogen",0.457,"mg/L",25.767,-80.137,NA
"1023","...80338","MiamiBeach","10/13/2020 10:47:00","69","Total_Nitrogen",0.346,"mg/L",25.8586,-80.1259,NA
"1024","...80339","MiamiBeach","12/21/2020 11:15:00","69","Total_Nitrogen",0.346,"mg/L",25.8586,-80.1259,NA
"1025","...80340","MiamiBeach","12/21/2020 12:03:00","19","Total_Nitrogen",0.323,"mg/L",25.8134,-80.1246,NA
"1026","...80341","MiamiBeach","01/28/2021 13:44:00","54","Total_Nitrogen",0.253,"mg/L",25.7965,-80.1425,NA
"1027","...80342","MiamiBeach","03/30/2021 12:19:00","79","Total_Nitrogen",1.833,"mg/L",25.8531,-80.1295,NA
"1028","...80343","MiamiBeach","04/30/2021 09:10:00","82","Total_Nitrogen",0.383,"mg/L",25.840485,-80.132921,NA
"1029","...80344","MiamiBeach","02/23/2017 11:30:00","32","Total_Nitrogen",0.46,"mg/L",25.7876,-80.1626,NA
"1030","...80345","MiamiBeach","04/14/2020 08:55:00","4","Total_Nitrogen",0.333,"mg/L",25.8463,-80.1282,NA
"1031","...80346","MiamiBeach","04/15/2020 10:08:00","34","Total_Nitrogen",0.343,"mg/L",25.7858,-80.1656,NA
"1032","...80347","MiamiBeach","06/26/2019 11:45:00","42","Total_Nitrogen",0.355,"mg/L",25.8015,-80.1401,NA
"1033","...80348","MiamiBeach","07/14/2021 10:46:00","71","Total_Nitrogen",0.336,"mg/L",25.867,-80.1243,NA
"1034","...80349","MiamiBeach","05/27/2020 09:28:00","52","Total_Nitrogen",0.368,"mg/L",25.7804,-80.1432,NA
"1035","...80350","MiamiBeach","09/22/2020 09:35:00","4","Total_Nitrogen",0.413,"mg/L",25.8463,-80.1282,NA
"1036","...80351","MiamiBeach","10/13/2020 10:16:00","70","Total_Nitrogen",0.353,"mg/L",25.8642,-80.1291,NA
"1037","...80352","MiamiBeach","10/15/2020 10:27:00","63","Total_Nitrogen",0.283,"mg/L",25.781,-80.1616,NA
"1038","...80353","MiamiBeach","11/18/2020 09:20:00","4","Total_Nitrogen",0.373,"mg/L",25.8463,-80.1282,NA
"1039","...80354","MiamiBeach","12/21/2020 11:53:00","66","Total_Nitrogen",0.323,"mg/L",25.8234,-80.1232,NA
"1040","...80355","MiamiBeach","07/31/2019 10:12:00","46","Total_Nitrogen",0.111,"mg/L",25.767,-80.1371,NA
"1041","...80356","MiamiBeach","07/18/2018 13:12:00","56","Total_Nitrogen",0.405,"mg/L",25.7917,-80.1451,NA
"1042","...80357","MiamiBeach","10/15/2019 10:24:00","38","Total_Nitrogen",0.111,"mg/L",25.7775,-80.1562,NA
"1043","...80358","MiamiBeach","01/11/2018 10:40:00","47","Total_Nitrogen",0.465,"mg/L",25.7741,-80.1418,NA
"1044","...80359","MiamiBeach","05/17/2019 13:08:00","42","Total_Nitrogen",0.202,"mg/L",25.8015,-80.1401,NA
"1045","...80360","MiamiBeach","12/21/2020 12:25:00","17","Total_Nitrogen",0.4,"mg/L",25.8052,-80.1268,NA
"1046","...80361","MiamiBeach","07/19/2018 11:35:00","26","Total_Nitrogen",0.415,"mg/L",25.7949,-80.1553,NA
"1047","...80362","MiamiBeach","10/30/2018 10:05:00","48","Total_Nitrogen",0.319,"mg/L",25.7741,-80.1419,NA
"1048","...80363","MiamiBeach","10/31/2018 14:14:00","9","Total_Nitrogen",0.425,"mg/L",25.8002,-80.1278,NA
"1049","...80364","MiamiBeach","04/18/2018 10:11:00","48","Total_Nitrogen",0.307,"mg/L",25.7741,-80.1419,NA
"1050","...80365","MiamiBeach","04/18/2018 10:50:00","38","Total_Nitrogen",0.36,"mg/L",25.7775,-80.1562,NA
"1051","...80366","MiamiBeach","12/14/2016 09:25:00","26","Total_Nitrogen",0.43,"mg/L",25.7949,-80.1553,NA
"1052","...80367","MiamiBeach","10/04/2016 10:00:00","2","Total_Nitrogen",0.5,"mg/L",25.8167,-80.139,NA
"1053","...80368","MiamiBeach","09/21/2017 11:08:00","62","Total_Nitrogen",0.522,"mg/L",25.7808,-80.1617,NA
"1054","...80369","MiamiBeach","11/27/2018 10:09:00","39","Total_Nitrogen",0.355,"mg/L",25.7813,-80.1556,NA
"1055","...80370","MiamiBeach","07/29/2019 11:30:00","67","Total_Nitrogen",0.315,"mg/L",25.8388,-80.1225,NA
"1056","...80371","MiamiBeach","06/18/2018 12:31:00","21","Total_Nitrogen",0.46,"mg/L",25.7933,-80.1629,NA
"1057","...80372","MiamiBeach","10/31/2018 12:38:00","54","Total_Nitrogen",0.318,"mg/L",25.7965,-80.1425,NA
"1058","...80373","MiamiBeach","05/18/2017 11:25:00","28","Total_Nitrogen",0.445,"mg/L",25.7874,-80.155,NA
"1059","...80374","MiamiBeach","11/09/2017 11:50:00","27","Total_Nitrogen",0.358,"mg/L",25.7878,-80.155,NA
"1060","...80375","MiamiBeach","10/16/2019 10:19:00","19","Total_Nitrogen",0.12,"mg/L",25.8134,-80.1246,NA
"1061","...80376","MiamiBeach","02/03/2020 11:22:00","69","Total_Nitrogen",0.49,"mg/L",25.8586,-80.1259,NA
"1062","...80377","MiamiBeach","07/15/2021 12:31:00","38","Total_Nitrogen",0.203,"mg/L",25.7775,-80.1562,NA
"1063","...80378","MiamiBeach","03/08/2018 11:00:00","63","Total_Nitrogen",0.464,"mg/L",25.781,-80.1616,NA
"1064","...80379","MiamiBeach","05/20/2022 11:20:00","40","Total_Nitrogen",0.236,"mg/L",25.7813,-80.1552,NA
"1065","...80380","MiamiBeach","12/23/2019 12:44:00","60","Total_Nitrogen",0.388,"mg/L",25.7933,-80.1453,NA
"1066","...80381","MiamiBeach","12/23/2019 13:36:00","9","Total_Nitrogen",0.38,"mg/L",25.8002,-80.1278,NA
"1067","...80382","MiamiBeach","03/17/2020 13:15:00","54","Total_Nitrogen",0.313,"mg/L",25.7965,-80.1425,NA
"1068","...80383","MiamiBeach","05/20/2022 09:37:00","24","Total_Nitrogen",0.275,"mg/L",25.796,-80.159,NA
"1069","...80384","MiamiBeach","12/19/2017 12:25:00","30","Total_Nitrogen",0.476,"mg/L",25.7876,-80.1576,NA
"1070","...80385","MiamiBeach","11/15/2016 10:15:00","52","Total_Nitrogen",0.45,"mg/L",25.7804,-80.1432,NA
"1071","...80386","MiamiBeach","03/29/2021 11:30:00","67","Total_Nitrogen",0.353,"mg/L",25.8388,-80.1225,NA
"1072","...80387","MiamiBeach","03/29/2021 12:03:00","17","Total_Nitrogen",0.363,"mg/L",25.8052,-80.1268,NA
"1073","...80388","MiamiBeach","03/30/2021 09:10:00","46","Total_Nitrogen",0.283,"mg/L",25.767,-80.1371,NA
"1074","...80389","MiamiBeach","03/30/2021 09:40:00","38","Total_Nitrogen",0.293,"mg/L",25.7775,-80.1562,NA
"1075","...80390","MiamiBeach","08/13/2020 11:05:00","52","Total_Nitrogen",0.173,"mg/L",25.7804,-80.1432,NA
"1076","...80391","MiamiBeach","08/14/2020 12:30:00","17","Total_Nitrogen",0.311,"mg/L",25.8052,-80.1268,NA
"1077","...80392","MiamiBeach","07/18/2023 00:00:00","17","Total_Nitrogen",0.414,"mg/L",25.8052,-80.1268,NA
"1078","...80393","MiamiBeach","07/31/2023 00:00:00","34","Total_Nitrogen",0.315,"mg/L",25.7858,-80.1656,NA
"1079","...80394","MiamiBeach","05/19/2022 09:14:00","4","Total_Nitrogen",0.285,"mg/L",25.8463,-80.1282,NA
"1080","...80395","MiamiBeach","05/20/2022 11:42:00","36","Total_Nitrogen",0.285,"mg/L",25.7825,-80.1682,NA
"1081","...80396","MiamiBeach","05/29/2018 13:09:00","25","Total_Nitrogen",0.58,"mg/L",25.7943,-80.1553,NA
"1082","...80397","MiamiBeach","06/18/2018 12:02:00","27","Total_Nitrogen",0.398,"mg/L",25.7878,-80.155,NA
"1083","...80398","MiamiBeach","07/19/2018 09:57:00","52","Total_Nitrogen",0.405,"mg/L",25.7804,-80.1432,NA
"1084","...80399","MiamiBeach","07/14/2021 09:57:00","78","Total_Nitrogen",0.993,"mg/L",25.8499,-80.1367,NA
"1085","...80400","MiamiBeach","09/21/2021 10:07:00","52","Total_Nitrogen",0.26,"mg/L",25.7804,-80.1432,NA
"1086","...80401","MiamiBeach","10/22/2021 11:51:00","47","Total_Nitrogen",0.101,"mg/L",25.7741,-80.1418,NA
"1087","...80402","MiamiBeach","12/23/2019 09:27:00","78","Total_Nitrogen",1.01,"mg/L",25.8499,-80.1367,NA
"1088","...80403","MiamiBeach","07/14/2021 10:17:00","68","Total_Nitrogen",0.386,"mg/L",25.8549,-80.1374,NA
"1089","...80404","MiamiBeach","12/20/2021 11:03:00","60","Total_Nitrogen",0.278,"mg/L",25.7933,-80.1453,NA
"1090","...80405","MiamiBeach","12/20/2023 00:00:00","37","Total_Nitrogen",0.238,"mg/L",25.7776,-80.1565,NA
"1091","...80406","MiamiBeach","02/25/2022 10:04:00","70","Total_Nitrogen",0.275,"mg/L",25.8642,-80.1291,NA
"1092","...80407","MiamiBeach","11/18/2019 12:56:00","42","Total_Nitrogen",0.653,"mg/L",25.8015,-80.1401,NA
"1093","...80408","MiamiBeach","11/19/2019 11:20:00","4","Total_Nitrogen",0.253,"mg/L",25.8463,-80.1282,NA
"1094","...80409","MiamiBeach","01/14/2020 10:31:00","52","Total_Nitrogen",0.333,"mg/L",25.7804,-80.1432,NA
"1095","...80410","MiamiBeach","07/31/2019 12:40:00","60","Total_Nitrogen",0.205,"mg/L",25.7933,-80.1453,NA
"1096","...80411","MiamiBeach","09/25/2019 11:10:00","69","Total_Nitrogen",0.335,"mg/L",25.8586,-80.1259,NA
"1097","...80412","MiamiBeach","10/13/2020 11:28:00","19","Total_Nitrogen",0.293,"mg/L",25.8134,-80.1246,NA
"1098","...80413","MiamiBeach","09/23/2020 09:34:00","47","Total_Nitrogen",0.323,"mg/L",25.7741,-80.1418,NA
"1099","...80414","MiamiBeach","03/30/2021 10:17:00","22","Total_Nitrogen",0.313,"mg/L",25.7942,-80.1628,NA
"1100","...80415","MiamiBeach","04/30/2021 11:22:00","67","Total_Nitrogen",0.403,"mg/L",25.8388,-80.1225,NA
"1101","...80416","MiamiBeach","10/28/2021 10:15:00","71","Total_Nitrogen",0.235,"mg/L",25.867,-80.1243,NA
"1102","...80417","MiamiBeach","05/30/2023 00:00:00","28","Total_Nitrogen",0.336,"mg/L",25.7874,-80.155,NA
"1103","...80418","MiamiBeach","12/13/2016 10:01:00","48","Total_Nitrogen",0.389,"mg/L",25.7741,-80.1419,NA
"1104","...80419","MiamiBeach","10/27/2017 10:51:00","31","Total_Nitrogen",0.5,"mg/L",25.788,-80.1627,NA
"1105","...80420","MiamiBeach","01/11/2018 12:30:00","26","Total_Nitrogen",0.476,"mg/L",25.7949,-80.1553,NA
"1106","...80421","MiamiBeach","03/18/2020 12:52:00","79","Total_Nitrogen",1.742,"mg/L",25.8531,-80.1295,NA
"1107","...80422","MiamiBeach","01/28/2021 13:50:00","60","Total_Nitrogen",0.333,"mg/L",25.7933,-80.1453,NA
"1108","...80423","MiamiBeach","04/30/2021 09:42:00","68","Total_Nitrogen",0.343,"mg/L",25.8549,-80.1374,NA
"1109","...80424","MiamiBeach","06/23/2020 09:25:00","4","Total_Nitrogen",0.323,"mg/L",25.8463,-80.1282,NA
"1110","...80425","MiamiBeach","06/23/2020 10:26:00","71","Total_Nitrogen",0.343,"mg/L",25.867,-80.1243,NA
"1111","...80426","MiamiBeach","06/23/2020 12:50:00","42","Total_Nitrogen",0.283,"mg/L",25.8015,-80.1401,NA
"1112","...80427","MiamiBeach","06/29/2020 10:34:00","22","Total_Nitrogen",0.293,"mg/L",25.7942,-80.1628,NA
"1113","...80428","MiamiBeach","07/18/2023 00:00:00","19","Total_Nitrogen",0.412,"mg/L",25.8134,-80.1246,NA
"1114","...80429","MiamiBeach","08/25/2023 00:00:00","29","Total_Nitrogen",0.157,"mg/L",25.7876,-80.1577,NA
"1115","...80430","MiamiBeach","12/20/2023 00:00:00","31","Total_Nitrogen",0.262,"mg/L",25.788,-80.1627,NA
"1116","...80431","MiamiBeach","07/19/2018 11:21:00","27","Total_Nitrogen",0.465,"mg/L",25.7878,-80.155,NA
"1117","...80432","MiamiBeach","07/14/2021 11:00:00","69","Total_Nitrogen",0.408,"mg/L",25.8586,-80.1259,NA
"1118","...80433","MiamiBeach","09/21/2021 10:18:00","47","Total_Nitrogen",0.182,"mg/L",25.7741,-80.1418,NA
"1119","...80434","MiamiBeach","10/22/2021 11:41:00","52","Total_Nitrogen",0.101,"mg/L",25.7804,-80.1432,NA
"1120","...80435","MiamiBeach","03/27/2023 00:00:00","27","Total_Nitrogen",0.349,"mg/L",25.7878,-80.155,NA
"1121","...80436","MiamiBeach","03/27/2023 00:00:00","33","Total_Nitrogen",0.365,"mg/L",25.7852,-80.1653,NA
"1122","...80437","MiamiBeach","09/21/2023 00:00:00","17","Total_Nitrogen",0.358,"mg/L",25.8052,-80.1268,NA
"1123","...80438","MiamiBeach","02/24/2022 14:23:00","79","Total_Nitrogen",2.715,"mg/L",25.8531,-80.1295,NA
"1124","...80439","MiamiBeach","05/30/2023 00:00:00","30","Total_Nitrogen",0.35,"mg/L",25.7876,-80.1576,NA
"1125","...80440","MiamiBeach","09/23/2020 13:57:00","79","Total_Nitrogen",0.903,"mg/L",25.8531,-80.1295,NA
"1126","...80441","MiamiBeach","11/18/2020 13:17:00","60","Total_Nitrogen",0.398,"mg/L",25.7933,-80.1453,NA
"1127","...80442","MiamiBeach","09/22/2020 10:40:00","71","Total_Nitrogen",0.393,"mg/L",25.867,-80.1243,NA
"1128","...80443","MiamiBeach","09/22/2020 11:24:00","67","Total_Nitrogen",0.403,"mg/L",25.8388,-80.1225,NA
"1129","...80444","MiamiBeach","09/22/2020 12:10:00","17","Total_Nitrogen",0.466,"mg/L",25.8052,-80.1268,NA
"1130","...80445","MiamiBeach","12/22/2020 09:55:00","63","Total_Nitrogen",0.253,"mg/L",25.781,-80.1616,NA
"1131","...80446","MiamiBeach","03/29/2021 09:30:00","78","Total_Nitrogen",1.833,"mg/L",25.8499,-80.1367,NA
"1132","...80447","MiamiBeach","08/16/2018 10:51:00","36","Total_Nitrogen",0.434,"mg/L",25.7825,-80.1682,NA
"1133","...80448","MiamiBeach","03/08/2018 11:35:00","32","Total_Nitrogen",0.424,"mg/L",25.7876,-80.1626,NA
"1134","...80449","MiamiBeach","11/09/2017 12:09:00","25","Total_Nitrogen",0.414,"mg/L",25.7943,-80.1553,NA
"1135","...80450","MiamiBeach","11/09/2017 11:38:00","31","Total_Nitrogen",0.441,"mg/L",25.788,-80.1627,NA
"1136","...80451","MiamiBeach","12/13/2016 11:07:00","30","Total_Nitrogen",0.494,"mg/L",25.7876,-80.1576,NA
"1137","...80452","MiamiBeach","02/09/2018 09:55:00","45","Total_Nitrogen",0.609,"mg/L",25.767,-80.137,NA
"1138","...80453","MiamiBeach","06/18/2018 10:38:00","40","Total_Nitrogen",0.449,"mg/L",25.7813,-80.1552,NA
"1139","...80454","MiamiBeach","06/18/2018 11:15:00","36","Total_Nitrogen",0.415,"mg/L",25.7825,-80.1682,NA
"1140","...80455","MiamiBeach","06/18/2018 12:57:00","25","Total_Nitrogen",0.439,"mg/L",25.7943,-80.1553,NA
"1141","...80456","MiamiBeach","06/19/2018 13:38:00","42","Total_Nitrogen",0.393,"mg/L",25.8015,-80.1401,NA
"1142","...80457","MiamiBeach","09/18/2018 10:13:00","4","Total_Nitrogen",0.431,"mg/L",25.8463,-80.1282,NA
"1143","...80458","MiamiBeach","01/23/2019 11:04:00","38","Total_Nitrogen",0.345,"mg/L",25.7775,-80.1562,NA
"1144","...80459","MiamiBeach","06/27/2019 11:29:00","66","Total_Nitrogen",0.335,"mg/L",25.8234,-80.1232,NA
"1145","...80460","MiamiBeach","07/29/2019 11:05:00","17","Total_Nitrogen",0.317,"mg/L",25.8052,-80.1268,NA
"1146","...80461","MiamiBeach","10/27/2017 12:03:00","38","Total_Nitrogen",0.418,"mg/L",25.7775,-80.1562,NA
"1147","...80462","MiamiBeach","03/15/2017 12:10:00","42","Total_Nitrogen",0.405,"mg/L",25.8015,-80.1401,NA
"1148","...80463","MiamiBeach","11/15/2016 09:30:00","45","Total_Nitrogen",0.429,"mg/L",25.767,-80.137,NA
"1149","...80464","MiamiBeach","04/14/2020 10:45:00","66","Total_Nitrogen",0.323,"mg/L",25.8234,-80.1232,NA
"1150","...80465","MiamiBeach","07/29/2020 13:58:00","56","Total_Nitrogen",0.273,"mg/L",25.7917,-80.1451,NA
"1151","...80466","MiamiBeach","09/23/2020 09:22:00","46","Total_Nitrogen",0.343,"mg/L",25.767,-80.1371,NA
"1152","...80467","MiamiBeach","05/25/2021 09:24:00","4","Total_Nitrogen",0.173,"mg/L",25.8463,-80.1282,NA
"1153","...80468","MiamiBeach","05/25/2021 13:57:00","42","Total_Nitrogen",0.283,"mg/L",25.8015,-80.1401,NA
"1154","...80469","MiamiBeach","07/14/2021 13:24:00","54","Total_Nitrogen",0.369,"mg/L",25.7965,-80.1425,NA
"1155","...80470","MiamiBeach","10/28/2021 12:42:00","54","Total_Nitrogen",0.235,"mg/L",25.7965,-80.1425,NA
"1156","...80471","MiamiBeach","11/15/2021 12:55:00","54","Total_Nitrogen",0.325,"mg/L",25.7965,-80.1425,NA
"1157","...80472","MiamiBeach","12/22/2021 10:00:00","70","Total_Nitrogen",0.288,"mg/L",25.8642,-80.1291,NA
"1158","...80473","MiamiBeach","03/08/2018 12:27:00","21","Total_Nitrogen",0.505,"mg/L",25.7933,-80.1629,NA
"1159","...80474","MiamiBeach","11/18/2019 11:49:00","63","Total_Nitrogen",0.201,"mg/L",25.781,-80.1616,NA
"1160","...80475","MiamiBeach","11/18/2019 12:07:00","34","Total_Nitrogen",0.143,"mg/L",25.7858,-80.1656,NA
"1161","...80476","MiamiBeach","11/18/2019 13:05:00","54","Total_Nitrogen",0.273,"mg/L",25.7965,-80.1425,NA
"1162","...80477","MiamiBeach","01/15/2020 10:50:00","70","Total_Nitrogen",0.363,"mg/L",25.8642,-80.1291,NA
"1163","...80478","MiamiBeach","07/18/2023 00:00:00","4","Total_Nitrogen",0.41,"mg/L",25.8463,-80.1282,NA
"1164","...80479","MiamiBeach","08/25/2023 00:00:00","37","Total_Nitrogen",0.157,"mg/L",25.7776,-80.1565,NA
"1165","...80480","MiamiBeach","10/19/2023 00:00:00","29","Total_Nitrogen",0.314,"mg/L",25.7876,-80.1577,NA
"1166","...80481","MiamiBeach","03/30/2022 09:54:00","68","Total_Nitrogen",0.315,"mg/L",25.8549,-80.1374,NA
"1167","...80482","MiamiBeach","05/29/2018 11:55:00","63","Total_Nitrogen",0.58,"mg/L",25.781,-80.1616,NA
"1168","...80483","MiamiBeach","05/20/2022 11:48:00","35","Total_Nitrogen",0.245,"mg/L",25.7823,-80.168,NA
"1169","...80484","MiamiBeach","03/18/2020 10:25:00","34","Total_Nitrogen",0.273,"mg/L",25.7858,-80.1656,NA
"1170","...80485","MiamiBeach","03/14/2023 00:00:00","18","Total_Nitrogen",0.345,"mg/L",25.8075,-80.1251,NA
"1171","...80486","MiamiBeach","11/18/2020 11:46:00","17","Total_Nitrogen",0.4,"mg/L",25.8052,-80.1268,NA
"1172","...80487","MiamiBeach","08/16/2018 12:32:00","22","Total_Nitrogen",0.392,"mg/L",25.7942,-80.1628,NA
"1173","...80488","MiamiBeach","08/15/2017 12:04:00","26","Total_Nitrogen",0.318,"mg/L",25.7949,-80.1553,NA
"1174","...80489","MiamiBeach","10/27/2017 11:10:00","33","Total_Nitrogen",0.409,"mg/L",25.7852,-80.1653,NA
"1175","...80490","MiamiBeach","03/15/2017 12:35:00","56","Total_Nitrogen",0.385,"mg/L",25.7917,-80.1451,NA
"1176","...80491","MiamiBeach","01/10/2018 13:23:00","59","Total_Nitrogen",0.439,"mg/L",25.7933,-80.1451,NA
"1177","...80492","MiamiBeach","03/07/2018 12:30:00","60","Total_Nitrogen",0.425,"mg/L",25.7933,-80.1453,NA
"1178","...80493","MiamiBeach","12/20/2017 10:28:00","19","Total_Nitrogen",0.6,"mg/L",25.8134,-80.1246,NA
"1179","...80494","MiamiBeach","03/15/2017 10:40:00","17","Total_Nitrogen",0.591,"mg/L",25.8052,-80.1268,NA
"1180","...80495","MiamiBeach","05/29/2018 11:50:00","62","Total_Nitrogen",0.6,"mg/L",25.7808,-80.1617,NA
"1181","...80496","MiamiBeach","03/16/2017 09:20:00","45","Total_Nitrogen",0.275,"mg/L",25.767,-80.137,NA
"1182","...80497","MiamiBeach","10/27/2017 12:00:00","37","Total_Nitrogen",0.416,"mg/L",25.7776,-80.1565,NA
"1183","...80498","MiamiBeach","03/08/2018 11:24:00","34","Total_Nitrogen",0.425,"mg/L",25.7858,-80.1656,NA
"1184","...80499","MiamiBeach","10/03/2016 11:17:00","28","Total_Nitrogen",0.456,"mg/L",25.7874,-80.155,NA
"1185","...80500","MiamiBeach","12/19/2017 11:38:00","40","Total_Nitrogen",0.477,"mg/L",25.7813,-80.1552,NA
"1186","...80501","MiamiBeach","08/16/2016 13:38:00","21","Total_Nitrogen",0.465,"mg/L",25.7933,-80.1629,NA
"1187","...80502","MiamiBeach","05/18/2017 11:30:00","25","Total_Nitrogen",0.472,"mg/L",25.7943,-80.1553,NA
"1188","...80503","MiamiBeach","06/21/2017 11:45:00","2","Total_Nitrogen",0.465,"mg/L",25.8167,-80.139,NA
"1189","...80504","MiamiBeach","08/15/2017 10:23:00","45","Total_Nitrogen",0.299,"mg/L",25.767,-80.137,NA
"1190","...80505","MiamiBeach","01/10/2018 12:52:00","42","Total_Nitrogen",0.487,"mg/L",25.8015,-80.1401,NA
"1191","...80506","MiamiBeach","05/16/2018 12:04:00","42","Total_Nitrogen",0.427,"mg/L",25.8015,-80.1401,NA
"1192","...80507","MiamiBeach","06/18/2018 11:11:00","35","Total_Nitrogen",0.484,"mg/L",25.7823,-80.168,NA
"1193","...80508","MiamiBeach","06/19/2018 09:50:00","61","Total_Nitrogen",0.381,"mg/L",25.8262,-80.134,NA
"1194","...80509","MiamiBeach","08/16/2018 12:20:00","24","Total_Nitrogen",0.395,"mg/L",25.796,-80.159,NA
"1195","...80510","MiamiBeach","03/15/2017 11:40:00","2","Total_Nitrogen",0.505,"mg/L",25.8167,-80.139,NA
"1196","...80511","MiamiBeach","08/26/2017 09:55:00","9","Total_Nitrogen",0.672,"mg/L",25.8002,-80.1278,NA
"1197","...80512","MiamiBeach","10/04/2016 11:20:00","16","Total_Nitrogen",0.71,"mg/L",25.8051,-80.1269,NA
"1198","...80513","MiamiBeach","07/28/2017 11:54:00","21","Total_Nitrogen",0.932,"mg/L",25.7933,-80.1629,NA
"1199","...80514","MiamiBeach","09/20/2018 13:06:00","26","Total_Nitrogen",0.456,"mg/L",25.7949,-80.1553,NA
"1200","...80515","MiamiBeach","09/20/2018 11:59:00","36","Total_Nitrogen",0.422,"mg/L",25.7825,-80.1682,NA
"1201","...80516","MiamiBeach","02/25/2019 11:05:00","39","Total_Nitrogen",0.399,"mg/L",25.7813,-80.1556,NA
"1202","...80517","MiamiBeach","02/25/2019 11:45:00","35","Total_Nitrogen",0.405,"mg/L",25.7823,-80.168,NA
"1203","...80518","MiamiBeach","04/18/2018 11:50:00","30","Total_Nitrogen",0.393,"mg/L",25.7876,-80.1576,NA
"1204","...80519","MiamiBeach","04/19/2018 10:58:00","19","Total_Nitrogen",0.435,"mg/L",25.8134,-80.1246,NA
"1205","...80520","MiamiBeach","04/15/2020 09:15:00","47","Total_Nitrogen",0.323,"mg/L",25.7741,-80.1418,NA
"1206","...80521","MiamiBeach","12/14/2016 09:30:00","24","Total_Nitrogen",0.466,"mg/L",25.796,-80.159,NA
"1207","...80522","MiamiBeach","09/12/2016 10:10:00","31","Total_Nitrogen",0.478,"mg/L",25.788,-80.1627,NA
"1208","...80523","MiamiBeach","06/22/2017 10:54:00","34","Total_Nitrogen",0.477,"mg/L",25.7858,-80.1656,NA
"1209","...80524","MiamiBeach","06/22/2017 11:20:00","30","Total_Nitrogen",0.555,"mg/L",25.7876,-80.1576,NA
"1210","...80525","MiamiBeach","10/03/2016 11:28:00","40","Total_Nitrogen",0.451,"mg/L",25.7813,-80.1552,NA
"1211","...80526","MiamiBeach","02/23/2017 10:25:00","52","Total_Nitrogen",0.432,"mg/L",25.7804,-80.1432,NA
"1212","...80527","MiamiBeach","09/21/2017 10:00:00","45","Total_Nitrogen",0.508,"mg/L",25.767,-80.137,NA
"1213","...80528","MiamiBeach","10/03/2016 11:44:00","38","Total_Nitrogen",0.469,"mg/L",25.7775,-80.1562,NA
"1214","...80529","MiamiBeach","02/23/2017 11:15:00","36","Total_Nitrogen",0.481,"mg/L",25.7825,-80.1682,NA
"1215","...80530","MiamiBeach","04/18/2017 09:20:00","4","Total_Nitrogen",0.455,"mg/L",25.8463,-80.1282,NA
"1216","...80531","MiamiBeach","05/18/2017 10:10:00","40","Total_Nitrogen",0.501,"mg/L",25.7813,-80.1552,NA
"1217","...80532","MiamiBeach","02/09/2018 11:17:00","35","Total_Nitrogen",0.44,"mg/L",25.7823,-80.168,NA
"1218","...80533","MiamiBeach","01/23/2019 09:56:00","46","Total_Nitrogen",0.325,"mg/L",25.767,-80.1371,NA
"1219","...80534","MiamiBeach","03/21/2019 13:14:00","25","Total_Nitrogen",0.275,"mg/L",25.7943,-80.1553,NA
"1220","...80535","MiamiBeach","07/31/2023 00:00:00","39","Total_Nitrogen",0.266,"mg/L",25.7813,-80.1556,NA
"1221","...80536","MiamiBeach","03/15/2017 10:25:00","19","Total_Nitrogen",0.438,"mg/L",25.8134,-80.1246,NA
"1222","...80537","MiamiBeach","05/18/2017 11:40:00","23","Total_Nitrogen",0.455,"mg/L",25.7954,-80.1592,NA
"1223","...80538","MiamiBeach","08/04/2017 15:00:00","9","Total_Nitrogen",0.592,"mg/L",25.8002,-80.1278,NA
"1224","...80539","MiamiBeach","07/28/2017 11:18:00","29","Total_Nitrogen",0.575,"mg/L",25.7876,-80.1577,NA
"1225","...80540","MiamiBeach","02/23/2017 13:20:00","9","Total_Nitrogen",0.548,"mg/L",25.8002,-80.1278,NA
"1226","...80541","MiamiBeach","07/19/2018 11:06:00","32","Total_Nitrogen",0.435,"mg/L",25.7876,-80.1626,NA
"1227","...80542","MiamiBeach","12/13/2016 10:36:00","38","Total_Nitrogen",0.413,"mg/L",25.7775,-80.1562,NA
"1228","...80543","MiamiBeach","04/18/2018 11:53:00","27","Total_Nitrogen",0.41,"mg/L",25.7878,-80.155,NA
"1229","...80544","MiamiBeach","09/20/2018 11:14:00","40","Total_Nitrogen",0.469,"mg/L",25.7813,-80.1552,NA
"1230","...80545","MiamiBeach","11/19/2020 10:36:00","34","Total_Nitrogen",0.341,"mg/L",25.7858,-80.1656,NA
"1231","...80546","MiamiBeach","11/19/2020 10:55:00","22","Total_Nitrogen",0.355,"mg/L",25.7942,-80.1628,NA
"1232","...80547","MiamiBeach","01/22/2019 11:34:00","2","Total_Nitrogen",0.365,"mg/L",25.8167,-80.139,NA
"1233","...80548","MiamiBeach","03/21/2019 12:42:00","29","Total_Nitrogen",0.237,"mg/L",25.7876,-80.1577,NA
"1234","...80549","MiamiBeach","11/26/2018 09:37:00","61","Total_Nitrogen",0.388,"mg/L",25.8262,-80.134,NA
"1235","...80550","MiamiBeach","10/28/2021 10:43:00","67","Total_Nitrogen",0.515,"mg/L",25.8388,-80.1225,NA
"1236","...80551","MiamiBeach","06/13/2023 00:00:00","9","Total_Nitrogen",0.315,"mg/L",25.8002,-80.1278,NA
"1237","...80552","MiamiBeach","08/24/2023 00:00:00","24","Total_Nitrogen",0.158,"mg/L",25.796,-80.159,NA
"1238","...80553","MiamiBeach","08/24/2023 00:00:00","16","Total_Nitrogen",0.155,"mg/L",25.8051,-80.1269,NA
"1239","...80554","MiamiBeach","09/19/2023 00:00:00","38","Total_Nitrogen",0.296,"mg/L",25.7775,-80.1562,NA
"1240","...80555","MiamiBeach","02/25/2022 11:06:00","19","Total_Nitrogen",0.255,"mg/L",25.8134,-80.1246,NA
"1241","...80556","MiamiBeach","04/16/2019 12:34:00","42","Total_Nitrogen",0.245,"mg/L",25.8015,-80.1401,NA
"1242","...80557","MiamiBeach","07/14/2021 09:43:00","4","Total_Nitrogen",0.333,"mg/L",25.8463,-80.1282,NA
"1243","...80558","MiamiBeach","11/15/2016 09:50:00","48","Total_Nitrogen",0.403,"mg/L",25.7741,-80.1419,NA
"1244","...80559","MiamiBeach","08/15/2017 10:35:00","48","Total_Nitrogen",0.296,"mg/L",25.7741,-80.1419,NA
"1245","...80560","MiamiBeach","05/29/2018 12:31:00","31","Total_Nitrogen",0.6,"mg/L",25.788,-80.1627,NA
"1246","...80561","MiamiBeach","08/15/2018 12:32:00","60","Total_Nitrogen",0.365,"mg/L",25.7933,-80.1453,NA
"1247","...80562","MiamiBeach","08/16/2018 11:55:00","28","Total_Nitrogen",0.411,"mg/L",25.7874,-80.155,NA
"1248","...80563","MiamiBeach","01/22/2019 09:29:00","4","Total_Nitrogen",0.375,"mg/L",25.8463,-80.1282,NA
"1249","...80564","MiamiBeach","02/20/2019 14:25:00","60","Total_Nitrogen",0.413,"mg/L",25.7933,-80.1453,NA
"1250","...80565","MiamiBeach","02/25/2019 12:11:00","34","Total_Nitrogen",0.417,"mg/L",25.7858,-80.1656,NA
"1251","...80566","MiamiBeach","03/21/2019 10:59:00","52","Total_Nitrogen",0.195,"mg/L",25.7804,-80.1432,NA
"1252","...80567","MiamiBeach","05/27/2020 11:28:00","54","Total_Nitrogen",0.453,"mg/L",25.7965,-80.1425,NA
"1253","...80568","MiamiBeach","11/27/2018 11:13:00","32","Total_Nitrogen",0.355,"mg/L",25.7876,-80.1626,NA
"1254","...80569","MiamiBeach","08/16/2016 13:28:00","28","Total_Nitrogen",0.517,"mg/L",25.7874,-80.155,NA
"1255","...80570","MiamiBeach","03/15/2017 09:30:00","4","Total_Nitrogen",0.502,"mg/L",25.8463,-80.1282,NA
"1256","...80571","MiamiBeach","09/12/2016 11:30:00","35","Total_Nitrogen",2.17,"mg/L",25.7823,-80.168,NA
"1257","...80572","MiamiBeach","04/18/2017 10:10:00","19","Total_Nitrogen",0.435,"mg/L",25.8134,-80.1246,NA
"1258","...80573","MiamiBeach","09/26/2019 10:55:00","60","Total_Nitrogen",0.111,"mg/L",25.7933,-80.1453,NA
"1259","...80574","MiamiBeach","10/15/2019 11:16:00","56","Total_Nitrogen",0.111,"mg/L",25.7917,-80.1451,NA
"1260","...80575","MiamiBeach","01/14/2020 10:51:00","63","Total_Nitrogen",0.283,"mg/L",25.781,-80.1616,NA
"1261","...80576","MiamiBeach","06/20/2023 00:00:00","32","Total_Nitrogen",0.279,"mg/L",25.7876,-80.1626,NA
"1262","...80577","MiamiBeach","10/19/2023 00:00:00","26","Total_Nitrogen",0.262,"mg/L",25.7949,-80.1553,NA
"1263","...80578","MiamiBeach","09/21/2021 11:14:00","56","Total_Nitrogen",0.194,"mg/L",25.7917,-80.1451,NA
"1264","...80579","MiamiBeach","12/20/2021 09:45:00","74","Total_Nitrogen",0.97,"mg/L",25.7806,-80.1618,NA
"1265","...80580","MiamiBeach","03/17/2020 13:07:00","42","Total_Nitrogen",0.263,"mg/L",25.8015,-80.1401,NA
"1266","...80581","MiamiBeach","11/09/2017 14:44:00","9","Total_Nitrogen",0.526,"mg/L",25.8002,-80.1278,NA
"1267","...80582","MiamiBeach","02/09/2018 12:15:00","26","Total_Nitrogen",0.427,"mg/L",25.7949,-80.1553,NA
"1268","...80583","MiamiBeach","02/09/2018 12:13:00","25","Total_Nitrogen",0.44,"mg/L",25.7943,-80.1553,NA
"1269","...80584","MiamiBeach","04/17/2019 12:30:00","4","Total_Nitrogen",0.111,"mg/L",25.8463,-80.1282,NA
"1270","...80585","MiamiBeach","08/15/2018 09:32:00","61","Total_Nitrogen",0.385,"mg/L",25.8262,-80.134,NA
"1271","...80586","MiamiBeach","08/15/2018 12:26:00","56","Total_Nitrogen",0.485,"mg/L",25.7917,-80.1451,NA
"1272","...80587","MiamiBeach","02/03/2020 11:08:00","71","Total_Nitrogen",0.301,"mg/L",25.867,-80.1243,NA
"1273","...80588","MiamiBeach","02/03/2020 11:44:00","67","Total_Nitrogen",0.283,"mg/L",25.8388,-80.1225,NA
"1274","...80589","MiamiBeach","07/18/2022 09:34:00","4","Total_Nitrogen",0.335,"mg/L",25.8463,-80.1282,NA
"1275","...80590","MiamiBeach","12/21/2020 13:50:00","54","Total_Nitrogen",0.323,"mg/L",25.7965,-80.1425,NA
"1276","...80591","MiamiBeach","01/28/2021 11:45:00","19","Total_Nitrogen",0.363,"mg/L",25.8134,-80.1246,NA
"1277","...80592","MiamiBeach","08/16/2018 10:26:00","40","Total_Nitrogen",0.355,"mg/L",25.7813,-80.1552,NA
"1278","...80593","MiamiBeach","10/30/2018 13:12:00","24","Total_Nitrogen",0.38,"mg/L",25.796,-80.159,NA
"1279","...80594","MiamiBeach","06/22/2017 10:05:00","52","Total_Nitrogen",0.4,"mg/L",25.7804,-80.1432,NA
"1280","...80595","MiamiBeach","11/15/2016 11:55:00","18","Total_Nitrogen",0.528,"mg/L",25.8075,-80.1251,NA
"1281","...80596","MiamiBeach","08/15/2017 12:13:00","23","Total_Nitrogen",0.399,"mg/L",25.7954,-80.1592,NA
"1282","...80597","MiamiBeach","06/21/2017 11:00:00","17","Total_Nitrogen",0.592,"mg/L",25.8052,-80.1268,NA
"1283","...80598","MiamiBeach","01/10/2018 11:05:00","19","Total_Nitrogen",0.476,"mg/L",25.8134,-80.1246,NA
"1284","...80599","MiamiBeach","08/18/2017 12:47:00","59","Total_Nitrogen",0.193,"mg/L",25.7933,-80.1451,NA
"1285","...80600","MiamiBeach","06/22/2017 08:50:00","59","Total_Nitrogen",0.473,"mg/L",25.7933,-80.1451,NA
"1286","...80601","MiamiBeach","09/21/2017 12:37:00","24","Total_Nitrogen",0.489,"mg/L",25.796,-80.159,NA
"1287","...80602","MiamiBeach","03/08/2018 10:40:00","38","Total_Nitrogen",0.411,"mg/L",25.7775,-80.1562,NA
"1288","...80603","MiamiBeach","11/27/2018 12:01:00","25","Total_Nitrogen",0.384,"mg/L",25.7943,-80.1553,NA
"1289","...80604","MiamiBeach","07/31/2023 00:00:00","33","Total_Nitrogen",0.378,"mg/L",25.7852,-80.1653,NA
"1290","...80605","MiamiBeach","08/24/2023 00:00:00","9","Total_Nitrogen",0.155,"mg/L",25.8002,-80.1278,NA
"1291","...80606","MiamiBeach","08/24/2023 00:00:00","17","Total_Nitrogen",0.155,"mg/L",25.8052,-80.1268,NA
"1292","...80607","MiamiBeach","05/16/2018 10:48:00","17","Total_Nitrogen",0.448,"mg/L",25.8052,-80.1268,NA
"1293","...80608","MiamiBeach","05/29/2018 10:50:00","47","Total_Nitrogen",0.508,"mg/L",25.7741,-80.1418,NA
"1294","...80609","MiamiBeach","06/18/2018 10:26:00","52","Total_Nitrogen",0.441,"mg/L",25.7804,-80.1432,NA
"1295","...80610","MiamiBeach","03/16/2017 11:05:00","32","Total_Nitrogen",0.395,"mg/L",25.7876,-80.1626,NA
"1296","...80611","MiamiBeach","09/26/2019 10:13:00","47","Total_Nitrogen",0.111,"mg/L",25.7741,-80.1418,NA
"1297","...80612","MiamiBeach","02/03/2020 10:08:00","78","Total_Nitrogen",1.533,"mg/L",25.8499,-80.1367,NA
"1298","...80613","MiamiBeach","02/03/2020 12:00:00","66","Total_Nitrogen",0.263,"mg/L",25.8234,-80.1232,NA
"1299","...80614","MiamiBeach","11/15/2021 11:40:00","17","Total_Nitrogen",0.418,"mg/L",25.8052,-80.1268,NA
"1300","...80615","MiamiBeach","12/23/2019 12:23:00","42","Total_Nitrogen",0.33,"mg/L",25.8015,-80.1401,NA
"1301","...80616","MiamiBeach","03/18/2020 09:26:00","36","Total_Nitrogen",0.203,"mg/L",25.7825,-80.1682,NA
"1302","...80617","MiamiBeach","02/24/2022 10:09:00","63","Total_Nitrogen",0.245,"mg/L",25.781,-80.1616,NA
"1303","...80618","MiamiBeach","01/10/2018 12:00:00","2","Total_Nitrogen",0.473,"mg/L",25.8167,-80.139,NA
"1304","...80619","MiamiBeach","10/03/2016 10:18:00","22","Total_Nitrogen",0.489,"mg/L",25.7942,-80.1628,NA
"1305","...80620","MiamiBeach","04/14/2020 12:38:00","42","Total_Nitrogen",0.54,"mg/L",25.8015,-80.1401,NA
"1306","...80621","MiamiBeach","08/14/2020 11:00:00","71","Total_Nitrogen",0.253,"mg/L",25.867,-80.1243,NA
"1307","...80622","MiamiBeach","08/14/2020 11:50:00","67","Total_Nitrogen",0.427,"mg/L",25.8388,-80.1225,NA
"1308","...80623","MiamiBeach","01/28/2021 10:48:00","69","Total_Nitrogen",0.403,"mg/L",25.8586,-80.1259,NA
"1309","...80624","MiamiBeach","08/13/2019 09:33:00","68","Total_Nitrogen",0.248,"mg/L",25.8549,-80.1374,NA
"1310","...80625","MiamiBeach","08/13/2019 11:02:00","19","Total_Nitrogen",0.111,"mg/L",25.8134,-80.1246,NA
"1311","...80626","MiamiBeach","09/25/2019 11:47:00","66","Total_Nitrogen",0.111,"mg/L",25.8234,-80.1232,NA
"1312","...80627","MiamiBeach","04/17/2019 09:38:00","66","Total_Nitrogen",0.111,"mg/L",25.8234,-80.1232,NA
"1313","...80628","MiamiBeach","06/26/2019 12:11:00","56","Total_Nitrogen",0.375,"mg/L",25.7917,-80.1451,NA
"1314","...80629","MiamiBeach","07/31/2019 11:17:00","63","Total_Nitrogen",0.155,"mg/L",25.781,-80.1616,NA
"1315","...80630","MiamiBeach","07/18/2018 10:20:00","61","Total_Nitrogen",0.415,"mg/L",25.8262,-80.134,NA
"1316","...80631","MiamiBeach","11/09/2017 12:00:00","28","Total_Nitrogen",0.365,"mg/L",25.7874,-80.155,NA
"1317","...80632","MiamiBeach","01/15/2020 13:27:00","54","Total_Nitrogen",0.293,"mg/L",25.7965,-80.1425,NA
"1318","...80633","MiamiBeach","02/03/2020 12:09:00","19","Total_Nitrogen",0.294,"mg/L",25.8134,-80.1246,NA
"1319","...80634","MiamiBeach","05/20/2022 10:27:00","32","Total_Nitrogen",0.265,"mg/L",25.7876,-80.1626,NA
"1320","...80635","MiamiBeach","06/29/2020 09:54:00","74","Total_Nitrogen",2.2,"mg/L",25.7806,-80.1618,NA
"1321","...80636","MiamiBeach","07/29/2020 10:14:00","71","Total_Nitrogen",0.283,"mg/L",25.867,-80.1243,NA
"1322","...80637","MiamiBeach","08/13/2020 11:15:00","38","Total_Nitrogen",0.173,"mg/L",25.7775,-80.1562,NA
"1323","...80638","MiamiBeach","01/28/2021 13:35:00","42","Total_Nitrogen",0.193,"mg/L",25.8015,-80.1401,NA
"1324","...80639","MiamiBeach","10/28/2021 09:14:00","4","Total_Nitrogen",0.295,"mg/L",25.8463,-80.1282,NA
"1325","...80640","MiamiBeach","11/15/2021 12:45:00","42","Total_Nitrogen",0.335,"mg/L",25.8015,-80.1401,NA
"1326","...80641","MiamiBeach","03/27/2023 00:00:00","39","Total_Nitrogen",0.338,"mg/L",25.7813,-80.1556,NA
"1327","...80642","MiamiBeach","07/27/2017 12:46:00","60","Total_Nitrogen",0.306,"mg/L",25.7933,-80.1453,NA
"1328","...80643","MiamiBeach","12/13/2016 09:42:00","46","Total_Nitrogen",0.416,"mg/L",25.767,-80.1371,NA
"1329","...80644","MiamiBeach","03/08/2018 11:08:00","35","Total_Nitrogen",0.453,"mg/L",25.7823,-80.168,NA
"1330","...80645","MiamiBeach","04/19/2018 13:25:00","54","Total_Nitrogen",0.479,"mg/L",25.7965,-80.1425,NA
"1331","...80646","MiamiBeach","05/12/2017 09:30:00","4","Total_Nitrogen",0.524,"mg/L",25.8463,-80.1282,NA
"1332","...80647","MiamiBeach","11/09/2017 12:25:00","21","Total_Nitrogen",0.418,"mg/L",25.7933,-80.1629,NA
"1333","...80648","MiamiBeach","02/23/2017 11:40:00","28","Total_Nitrogen",0.496,"mg/L",25.7874,-80.155,NA
"1334","...80649","MiamiBeach","03/08/2018 12:08:00","26","Total_Nitrogen",0.546,"mg/L",25.7949,-80.1553,NA
"1335","...80650","MiamiBeach","02/09/2018 12:33:00","22","Total_Nitrogen",0.415,"mg/L",25.7942,-80.1628,NA
"1336","...80651","MiamiBeach","05/16/2018 12:35:00","56","Total_Nitrogen",0.39,"mg/L",25.7917,-80.1451,NA
"1337","...80652","MiamiBeach","07/18/2018 12:44:00","42","Total_Nitrogen",0.465,"mg/L",25.8015,-80.1401,NA
"1338","...80653","MiamiBeach","08/18/2017 10:13:00","4","Total_Nitrogen",0.271,"mg/L",25.8463,-80.1282,NA
"1339","...80654","MiamiBeach","11/08/2017 13:47:00","60","Total_Nitrogen",0.277,"mg/L",25.7933,-80.1453,NA
"1340","...80655","MiamiBeach","01/17/2017 11:11:00","21","Total_Nitrogen",0.353,"mg/L",25.7933,-80.1629,NA
"1341","...80656","MiamiBeach","05/27/2020 10:19:00","34","Total_Nitrogen",0.309,"mg/L",25.7858,-80.1656,NA
"1342","...80657","MiamiBeach","09/22/2021 12:26:00","19","Total_Nitrogen",0.352,"mg/L",25.8134,-80.1246,NA
"1343","...80658","MiamiBeach","07/28/2017 10:16:00","37","Total_Nitrogen",0.555,"mg/L",25.7776,-80.1565,NA
"1344","...80659","MiamiBeach","04/19/2018 09:50:00","61","Total_Nitrogen",0.445,"mg/L",25.8262,-80.134,NA
"1345","...80660","MiamiBeach","08/25/2023 00:00:00","40","Total_Nitrogen",0.157,"mg/L",25.7813,-80.1552,NA
"1346","...80661","MiamiBeach","09/19/2023 00:00:00","39","Total_Nitrogen",0.257,"mg/L",25.7813,-80.1556,NA
"1347","...80662","MiamiBeach","10/19/2023 00:00:00","40","Total_Nitrogen",0.234,"mg/L",25.7813,-80.1552,NA
"1348","...80663","MiamiBeach","12/20/2023 00:00:00","39","Total_Nitrogen",0.227,"mg/L",25.7813,-80.1556,NA
"1349","...80664","MiamiBeach","05/19/2022 10:00:00","9","Total_Nitrogen",0.275,"mg/L",25.8002,-80.1278,NA
"1350","...80665","MiamiBeach","05/20/2022 10:08:00","28","Total_Nitrogen",0.285,"mg/L",25.7874,-80.155,NA
"1351","...80666","MiamiBeach","01/11/2023 00:00:00","33","Total_Nitrogen",0.273,"mg/L",25.7852,-80.1653,NA
"1352","...80667","MiamiBeach","03/29/2021 09:15:00","4","Total_Nitrogen",0.383,"mg/L",25.8463,-80.1282,NA
"1353","...80668","MiamiBeach","12/19/2017 13:13:00","56","Total_Nitrogen",0.505,"mg/L",25.7917,-80.1451,NA
"1354","...80669","MiamiBeach","09/21/2017 12:28:00","26","Total_Nitrogen",0.482,"mg/L",25.7949,-80.1553,NA
"1355","...80670","MiamiBeach","09/12/2016 09:30:00","23","Total_Nitrogen",0.94,"mg/L",25.7954,-80.1592,NA
"1356","...80671","MiamiBeach","08/17/2016 14:57:00","18","Total_Nitrogen",2.125,"mg/L",25.8075,-80.1251,NA
"1357","...80672","MiamiBeach","10/03/2016 11:06:00","30","Total_Nitrogen",0.409,"mg/L",25.7876,-80.1576,NA
"1358","...80673","MiamiBeach","06/19/2018 09:38:00","4","Total_Nitrogen",0.383,"mg/L",25.8463,-80.1282,NA
"1359","...80674","MiamiBeach","08/17/2016 10:40:00","42","Total_Nitrogen",0.464,"mg/L",25.8015,-80.1401,NA
"1360","...80675","MiamiBeach","09/20/2017 10:38:00","19","Total_Nitrogen",0.598,"mg/L",25.8134,-80.1246,NA
"1361","...80676","MiamiBeach","06/21/2017 12:18:00","42","Total_Nitrogen",0.479,"mg/L",25.8015,-80.1401,NA
"1362","...80677","MiamiBeach","08/17/2016 14:20:00","16","Total_Nitrogen",0.511,"mg/L",25.8051,-80.1269,NA
"1363","...80678","MiamiBeach","05/29/2018 12:24:00","34","Total_Nitrogen",0.56,"mg/L",25.7858,-80.1656,NA
"1364","...80679","MiamiBeach","03/15/2017 10:45:00","16","Total_Nitrogen",0.493,"mg/L",25.8051,-80.1269,NA
"1365","...80680","MiamiBeach","07/28/2017 11:12:00","32","Total_Nitrogen",0.505,"mg/L",25.7876,-80.1626,NA
"1366","...80681","MiamiBeach","02/21/2017 11:10:00","17","Total_Nitrogen",0.649,"mg/L",25.8052,-80.1268,NA
"1367","...80682","MiamiBeach","01/23/2019 12:28:00","28","Total_Nitrogen",0.345,"mg/L",25.7874,-80.155,NA
"1368","...80683","MiamiBeach","03/21/2019 11:34:00","62","Total_Nitrogen",0.241,"mg/L",25.7808,-80.1617,NA
"1369","...80684","MiamiBeach","03/21/2019 11:54:00","35","Total_Nitrogen",0.303,"mg/L",25.7823,-80.168,NA
"1370","...80685","MiamiBeach","02/20/2019 12:15:00","16","Total_Nitrogen",0.501,"mg/L",25.8051,-80.1269,NA
"1371","...80686","MiamiBeach","03/16/2017 11:00:00","31","Total_Nitrogen",0.355,"mg/L",25.788,-80.1627,NA
"1372","...80687","MiamiBeach","05/27/2020 09:20:00","47","Total_Nitrogen",0.41,"mg/L",25.7741,-80.1418,NA
"1373","...80688","MiamiBeach","05/21/2021 11:46:00","52","Total_Nitrogen",0.263,"mg/L",25.7804,-80.1432,NA
"1374","...80689","MiamiBeach","05/25/2021 10:00:00","68","Total_Nitrogen",0.143,"mg/L",25.8549,-80.1374,NA
"1375","...80690","MiamiBeach","05/27/2021 14:23:00","9","Total_Nitrogen",0.293,"mg/L",25.8002,-80.1278,NA
"1376","...80691","MiamiBeach","06/17/2021 13:49:00","9","Total_Nitrogen",0.463,"mg/L",25.8002,-80.1278,NA
"1377","...80692","MiamiBeach","09/22/2021 10:30:00","78","Total_Nitrogen",0.146,"mg/L",25.8499,-80.1367,NA
"1378","...80693","MiamiBeach","10/28/2021 10:29:00","69","Total_Nitrogen",0.367,"mg/L",25.8586,-80.1259,NA
"1379","...80694","MiamiBeach","08/26/2017 10:16:00","16","Total_Nitrogen",0.64,"mg/L",25.8051,-80.1269,NA
"1380","...80695","MiamiBeach","11/18/2019 11:42:00","38","Total_Nitrogen",0.119,"mg/L",25.7775,-80.1562,NA
"1381","...80696","MiamiBeach","01/15/2020 11:55:00","19","Total_Nitrogen",0.357,"mg/L",25.8134,-80.1246,NA
"1382","...80697","MiamiBeach","09/20/2018 11:25:00","38","Total_Nitrogen",0.418,"mg/L",25.7775,-80.1562,NA
"1383","...80698","MiamiBeach","10/30/2018 10:02:00","47","Total_Nitrogen",0.315,"mg/L",25.7741,-80.1418,NA
"1384","...80699","MiamiBeach","04/18/2018 11:40:00","29","Total_Nitrogen",0.422,"mg/L",25.7876,-80.1577,NA
"1385","...80700","MiamiBeach","09/14/2016 10:30:00","19","Total_Nitrogen",0.509,"mg/L",25.8134,-80.1246,NA
"1386","...80701","MiamiBeach","02/23/2017 12:30:00","60","Total_Nitrogen",0.531,"mg/L",25.7933,-80.1453,NA
"1387","...80702","MiamiBeach","03/08/2018 10:50:00","40","Total_Nitrogen",0.441,"mg/L",25.7813,-80.1552,NA
"1388","...80703","MiamiBeach","10/27/2017 10:25:00","23","Total_Nitrogen",0.61,"mg/L",25.7954,-80.1592,NA
"1389","...80704","MiamiBeach","03/07/2018 10:18:00","19","Total_Nitrogen",0.574,"mg/L",25.8134,-80.1246,NA
"1390","...80705","MiamiBeach","12/13/2016 10:47:00","33","Total_Nitrogen",0.58,"mg/L",25.7852,-80.1653,NA
"1391","...80706","MiamiBeach","05/18/2017 11:15:00","30","Total_Nitrogen",0.475,"mg/L",25.7876,-80.1576,NA
"1392","...80707","MiamiBeach","07/28/2017 11:26:00","27","Total_Nitrogen",0.595,"mg/L",25.7878,-80.155,NA
"1393","...80708","MiamiBeach","07/28/2017 10:37:00","62","Total_Nitrogen",0.621,"mg/L",25.7808,-80.1617,NA
"1394","...80709","MiamiBeach","03/16/2017 10:50:00","33","Total_Nitrogen",0.95,"mg/L",25.7852,-80.1653,NA
"1395","...80710","MiamiBeach","06/18/2018 10:35:00","39","Total_Nitrogen",0.45,"mg/L",25.7813,-80.1556,NA
"1396","...80711","MiamiBeach","02/20/2019 12:57:00","2","Total_Nitrogen",0.456,"mg/L",25.8167,-80.139,NA
"1397","...80712","MiamiBeach","03/21/2019 12:28:00","31","Total_Nitrogen",0.208,"mg/L",25.788,-80.1627,NA
"1398","...80713","MiamiBeach","08/15/2017 11:32:00","34","Total_Nitrogen",0.223,"mg/L",25.7858,-80.1656,NA
"1399","...80714","MiamiBeach","10/31/2018 13:01:00","60","Total_Nitrogen",0.302,"mg/L",25.7933,-80.1453,NA
"1400","...80715","MiamiBeach","11/27/2018 12:15:00","23","Total_Nitrogen",0.387,"mg/L",25.7954,-80.1592,NA
"1401","...80716","MiamiBeach","05/25/2021 11:52:00","19","Total_Nitrogen",0.343,"mg/L",25.8134,-80.1246,NA
"1402","...80717","MiamiBeach","09/22/2021 10:10:00","84","Total_Nitrogen",0.331,"mg/L",25.840485,-80.132921,NA
"1403","...80718","MiamiBeach","09/22/2021 10:50:00","68","Total_Nitrogen",0.335,"mg/L",25.8549,-80.1374,NA
"1404","...80719","MiamiBeach","12/20/2021 13:20:00","79","Total_Nitrogen",0.905,"mg/L",25.8531,-80.1295,NA
"1405","...80720","MiamiBeach","12/22/2021 09:44:00","68","Total_Nitrogen",0.308,"mg/L",25.8549,-80.1374,NA
"1406","...80721","MiamiBeach","12/24/2019 09:35:00","63","Total_Nitrogen",0.266,"mg/L",25.781,-80.1616,NA
"1407","...80722","MiamiBeach","07/31/2023 00:00:00","32","Total_Nitrogen",0.288,"mg/L",25.7876,-80.1626,NA
"1408","...80723","MiamiBeach","08/24/2023 00:00:00","2","Total_Nitrogen",0.156,"mg/L",25.8167,-80.139,NA
"1409","...80724","MiamiBeach","03/30/2022 10:09:00","70","Total_Nitrogen",0.29,"mg/L",25.8642,-80.1291,NA
"1410","...80725","MiamiBeach","08/25/2023 00:00:00","36","Total_Nitrogen",0.156,"mg/L",25.7825,-80.1682,NA
"1411","...80726","MiamiBeach","03/30/2022 10:47:00","4","Total_Nitrogen",0.3,"mg/L",25.8463,-80.1282,NA
"1412","...80727","MiamiBeach","05/20/2022 10:54:00","31","Total_Nitrogen",0.235,"mg/L",25.788,-80.1627,NA
"1413","...80728","MiamiBeach","05/20/2022 11:00:00","34","Total_Nitrogen",0.235,"mg/L",25.7858,-80.1656,NA
"1414","...80729","MiamiBeach","11/16/2021 08:50:00","22","Total_Nitrogen",0.295,"mg/L",25.7942,-80.1628,NA
"1415","...80730","MiamiBeach","12/20/2021 09:55:00","38","Total_Nitrogen",0.279,"mg/L",25.7775,-80.1562,NA
"1416","...80731","MiamiBeach","05/20/2019 10:13:00","68","Total_Nitrogen",0.185,"mg/L",25.8549,-80.1374,NA
"1417","...80732","MiamiBeach","12/23/2019 10:49:00","66","Total_Nitrogen",0.342,"mg/L",25.8234,-80.1232,NA
"1418","...80733","MiamiBeach","12/24/2019 09:47:00","34","Total_Nitrogen",0.281,"mg/L",25.7858,-80.1656,NA
"1419","...80734","MiamiBeach","12/24/2019 10:00:00","22","Total_Nitrogen",0.268,"mg/L",25.7942,-80.1628,NA
"1420","...80735","MiamiBeach","10/30/2018 11:25:00","35","Total_Nitrogen",0.356,"mg/L",25.7823,-80.168,NA
"1421","...80736","MiamiBeach","04/30/2021 13:40:00","54","Total_Nitrogen",0.343,"mg/L",25.7965,-80.1425,NA
"1422","...80737","MiamiBeach","06/26/2019 10:52:00","74","Total_Nitrogen",3.21,"mg/L",25.7806,-80.1618,NA
"1423","...80738","MiamiBeach","06/26/2019 10:57:00","63","Total_Nitrogen",0.446,"mg/L",25.781,-80.1616,NA
"1424","...80739","MiamiBeach","06/13/2023 00:00:00","18","Total_Nitrogen",0.35,"mg/L",25.8075,-80.1251,NA
"1425","...80740","MiamiBeach","11/19/2019 11:36:00","67","Total_Nitrogen",0.238,"mg/L",25.8388,-80.1225,NA
"1426","...80741","MiamiBeach","01/17/2017 10:21:00","36","Total_Nitrogen",0.448,"mg/L",25.7825,-80.1682,NA
"1427","...80742","MiamiBeach","08/15/2018 10:39:00","16","Total_Nitrogen",0.625,"mg/L",25.8051,-80.1269,NA
"1428","...80743","MiamiBeach","09/18/2018 12:42:00","2","Total_Nitrogen",0.445,"mg/L",25.8167,-80.139,NA
"1429","...80744","MiamiBeach","01/23/2019 13:03:00","22","Total_Nitrogen",0.335,"mg/L",25.7942,-80.1628,NA
"1430","...80745","MiamiBeach","03/21/2019 11:29:00","38","Total_Nitrogen",0.342,"mg/L",25.7775,-80.1562,NA
"1431","...80746","MiamiBeach","12/14/2016 12:06:00","4","Total_Nitrogen",0.512,"mg/L",25.8463,-80.1282,NA
"1432","...80747","MiamiBeach","06/22/2017 10:40:00","35","Total_Nitrogen",0.67,"mg/L",25.7823,-80.168,NA
"1433","...80748","MiamiBeach","02/09/2018 14:14:00","9","Total_Nitrogen",0.57,"mg/L",25.8002,-80.1278,NA
"1434","...80749","MiamiBeach","06/18/2018 11:00:00","63","Total_Nitrogen",0.398,"mg/L",25.781,-80.1616,NA
"1435","...80750","MiamiBeach","02/25/2019 12:50:00","24","Total_Nitrogen",0.401,"mg/L",25.796,-80.159,NA
"1436","...80751","MiamiBeach","02/23/2017 09:45:00","45","Total_Nitrogen",0.409,"mg/L",25.767,-80.137,NA
"1437","...80752","MiamiBeach","02/23/2017 11:05:00","34","Total_Nitrogen",0.439,"mg/L",25.7858,-80.1656,NA
"1438","...80753","MiamiBeach","03/08/2018 12:30:00","22","Total_Nitrogen",0.476,"mg/L",25.7942,-80.1628,NA
"1439","...80754","MiamiBeach","11/27/2018 10:27:00","38","Total_Nitrogen",0.335,"mg/L",25.7775,-80.1562,NA
"1440","...80755","MiamiBeach","12/19/2017 13:25:00","59","Total_Nitrogen",0.482,"mg/L",25.7933,-80.1451,NA
"1441","...80756","MiamiBeach","12/20/2017 12:13:00","54","Total_Nitrogen",0.515,"mg/L",25.7965,-80.1425,NA
"1442","...80757","MiamiBeach","11/15/2016 11:40:00","19","Total_Nitrogen",0.487,"mg/L",25.8134,-80.1246,NA
"1443","...80758","MiamiBeach","10/24/2017 11:53:00","18","Total_Nitrogen",0.539,"mg/L",25.8075,-80.1251,NA
"1444","...80759","MiamiBeach","02/21/2017 11:16:00","16","Total_Nitrogen",0.76,"mg/L",25.8051,-80.1269,NA
"1445","...80760","MiamiBeach","10/16/2019 09:44:00","4","Total_Nitrogen",0.155,"mg/L",25.8463,-80.1282,NA
"1446","...80761","MiamiBeach","02/03/2020 10:30:00","68","Total_Nitrogen",0.284,"mg/L",25.8549,-80.1374,NA
"1447","...80762","MiamiBeach","09/21/2023 00:00:00","24","Total_Nitrogen",0.519,"mg/L",25.796,-80.159,NA
"1448","...80763","MiamiBeach","02/24/2022 10:00:00","34","Total_Nitrogen",0.275,"mg/L",25.7858,-80.1656,NA
"1449","...80764","MiamiBeach","02/24/2022 10:31:00","52","Total_Nitrogen",0.225,"mg/L",25.7804,-80.1432,NA
"1450","...80765","MiamiBeach","03/30/2022 13:06:00","22","Total_Nitrogen",0.255,"mg/L",25.7942,-80.1628,NA
"1451","...80766","MiamiBeach","06/17/2021 10:57:00","38","Total_Nitrogen",0.393,"mg/L",25.7775,-80.1562,NA
"1452","...80767","MiamiBeach","07/14/2021 11:39:00","19","Total_Nitrogen",0.37,"mg/L",25.8134,-80.1246,NA
"1453","...80768","MiamiBeach","10/28/2021 14:24:00","78","Total_Nitrogen",1.415,"mg/L",25.8499,-80.1367,NA
"1454","...80769","MiamiBeach","11/16/2021 13:00:00","79","Total_Nitrogen",1.53,"mg/L",25.8531,-80.1295,NA
"1455","...80770","MiamiBeach","12/23/2019 12:29:00","54","Total_Nitrogen",0.293,"mg/L",25.7965,-80.1425,NA
"1456","...80771","MiamiBeach","04/18/2018 11:22:00","34","Total_Nitrogen",0.509,"mg/L",25.7858,-80.1656,NA
"1457","...80772","MiamiBeach","06/22/2017 11:45:00","23","Total_Nitrogen",0.553,"mg/L",25.7954,-80.1592,NA
"1458","...80773","MiamiBeach","09/20/2017 10:51:00","17","Total_Nitrogen",0.576,"mg/L",25.8052,-80.1268,NA
"1459","...80774","MiamiBeach","04/18/2017 12:10:00","42","Total_Nitrogen",0.575,"mg/L",25.8015,-80.1401,NA
"1460","...80775","MiamiBeach","08/16/2018 09:28:00","46","Total_Nitrogen",0.378,"mg/L",25.767,-80.1371,NA
"1461","...80776","MiamiBeach","01/11/2023 00:00:00","38","Total_Nitrogen",0.271,"mg/L",25.7775,-80.1562,NA
"1462","...80777","MiamiBeach","03/27/2023 00:00:00","24","Total_Nitrogen",0.36,"mg/L",25.796,-80.159,NA
"1463","...80778","MiamiBeach","07/29/2019 11:51:00","69","Total_Nitrogen",0.314,"mg/L",25.8586,-80.1259,NA
"1464","...80779","MiamiBeach","01/17/2017 10:41:00","29","Total_Nitrogen",0.358,"mg/L",25.7876,-80.1577,NA
"1465","...80780","MiamiBeach","10/15/2019 11:11:00","60","Total_Nitrogen",0.111,"mg/L",25.7933,-80.1453,NA
"1466","...80781","MiamiBeach","12/14/2016 09:28:00","23","Total_Nitrogen",0.46,"mg/L",25.7954,-80.1592,NA
"1467","...80782","MiamiBeach","04/19/2018 09:40:00","4","Total_Nitrogen",0.462,"mg/L",25.8463,-80.1282,NA
"1468","...80783","MiamiBeach","07/29/2020 14:04:00","60","Total_Nitrogen",0.283,"mg/L",25.7933,-80.1453,NA
"1469","...80784","MiamiBeach","11/26/2018 12:41:00","60","Total_Nitrogen",0.388,"mg/L",25.7933,-80.1453,NA
"1470","...80785","MiamiBeach","11/27/2018 09:57:00","52","Total_Nitrogen",0.335,"mg/L",25.7804,-80.1432,NA
"1471","...80786","MiamiBeach","12/22/2020 10:33:00","56","Total_Nitrogen",0.316,"mg/L",25.7917,-80.1451,NA
"1472","...80787","MiamiBeach","01/29/2021 09:44:00","46","Total_Nitrogen",0.243,"mg/L",25.767,-80.1371,NA
"1473","...80788","MiamiBeach","07/29/2020 09:17:00","78","Total_Nitrogen",0.303,"mg/L",25.8499,-80.1367,NA
"1474","...80789","MiamiBeach","07/30/2020 10:08:00","74","Total_Nitrogen",2.25,"mg/L",25.7806,-80.1618,NA
"1475","...80790","MiamiBeach","09/23/2020 10:45:00","22","Total_Nitrogen",0.413,"mg/L",25.7942,-80.1628,NA
"1476","...80791","MiamiBeach","09/23/2020 11:08:00","42","Total_Nitrogen",0.373,"mg/L",25.8015,-80.1401,NA
"1477","...80792","MiamiBeach","08/16/2018 11:13:00","33","Total_Nitrogen",0.504,"mg/L",25.7852,-80.1653,NA
"1478","...80793","MiamiBeach","09/18/2018 13:52:00","60","Total_Nitrogen",0.469,"mg/L",25.7933,-80.1453,NA
"1479","...80794","MiamiBeach","09/21/2017 10:15:00","47","Total_Nitrogen",0.453,"mg/L",25.7741,-80.1418,NA
"1480","...80795","MiamiBeach","01/17/2017 09:52:00","37","Total_Nitrogen",0.334,"mg/L",25.7776,-80.1565,NA
"1481","...80796","MiamiBeach","08/18/2017 10:20:00","61","Total_Nitrogen",0.239,"mg/L",25.8262,-80.134,NA
"1482","...80797","MiamiBeach","10/15/2019 11:02:00","22","Total_Nitrogen",0.111,"mg/L",25.7942,-80.1628,NA
"1483","...80798","MiamiBeach","03/08/2018 10:55:00","62","Total_Nitrogen",0.455,"mg/L",25.7808,-80.1617,NA
"1484","...80799","MiamiBeach","04/15/2020 09:25:00","52","Total_Nitrogen",0.323,"mg/L",25.7804,-80.1432,NA
"1485","...80800","MiamiBeach","05/17/2019 11:50:00","66","Total_Nitrogen",0.253,"mg/L",25.8234,-80.1232,NA
"1486","...80801","MiamiBeach","06/27/2019 11:56:00","17","Total_Nitrogen",0.405,"mg/L",25.8052,-80.1268,NA
"1487","...80802","MiamiBeach","07/30/2020 13:12:00","79","Total_Nitrogen",1.633,"mg/L",25.8531,-80.1295,NA
"1488","...80803","MiamiBeach","08/13/2020 11:33:00","63","Total_Nitrogen",0.173,"mg/L",25.781,-80.1616,NA
"1489","...80804","MiamiBeach","08/13/2020 12:20:00","56","Total_Nitrogen",0.173,"mg/L",25.7917,-80.1451,NA
"1490","...80805","MiamiBeach","08/14/2020 13:55:00","54","Total_Nitrogen",0.173,"mg/L",25.7965,-80.1425,NA
"1491","...80806","MiamiBeach","11/18/2020 09:33:00","78","Total_Nitrogen",1.233,"mg/L",25.8499,-80.1367,NA
"1492","...80807","MiamiBeach","12/21/2020 11:38:00","67","Total_Nitrogen",0.323,"mg/L",25.8388,-80.1225,NA
"1493","...80808","MiamiBeach","12/22/2020 10:41:00","60","Total_Nitrogen",0.314,"mg/L",25.7933,-80.1453,NA
"1494","...80809","MiamiBeach","05/17/2019 12:15:00","17","Total_Nitrogen",0.42,"mg/L",25.8052,-80.1268,NA
"1495","...80810","MiamiBeach","05/17/2019 13:33:00","56","Total_Nitrogen",0.19,"mg/L",25.7917,-80.1451,NA
"1496","...80811","MiamiBeach","07/31/2019 12:20:00","54","Total_Nitrogen",0.205,"mg/L",25.7965,-80.1425,NA
"1497","...80812","MiamiBeach","01/17/2017 10:32:00","31","Total_Nitrogen",0.375,"mg/L",25.788,-80.1627,NA
"1498","...80813","MiamiBeach","11/18/2019 12:26:00","22","Total_Nitrogen",0.233,"mg/L",25.7942,-80.1628,NA
"1499","...80814","MiamiBeach","02/25/2022 09:04:00","83","Total_Nitrogen",0.67,"mg/L",25.840485,-80.132921,NA
"1500","...80815","MiamiBeach","05/20/2022 11:54:00","25","Total_Nitrogen",0.265,"mg/L",25.7943,-80.1553,NA
"1501","...80816","MiamiBeach","03/29/2021 09:05:00","82","Total_Nitrogen",0.403,"mg/L",25.840485,-80.132921,NA
"1502","...80817","MiamiBeach","10/27/2017 11:45:00","28","Total_Nitrogen",0.442,"mg/L",25.7874,-80.155,NA
"1503","...80818","MiamiBeach","06/21/2017 09:45:00","4","Total_Nitrogen",0.407,"mg/L",25.8463,-80.1282,NA
"1504","...80819","MiamiBeach","11/14/2016 12:51:00","38","Total_Nitrogen",0.427,"mg/L",25.7775,-80.1562,NA
"1505","...80820","MiamiBeach","05/12/2017 12:40:00","60","Total_Nitrogen",0.44,"mg/L",25.7933,-80.1453,NA
"1506","...80821","MiamiBeach","01/20/2023 00:00:00","16","Total_Nitrogen",0.296,"mg/L",25.8051,-80.1269,NA
"1507","...80822","MiamiBeach","01/20/2023 00:00:00","18","Total_Nitrogen",0.292,"mg/L",25.8075,-80.1251,NA
"1508","...80823","MiamiBeach","04/14/2020 13:44:00","78","Total_Nitrogen",1.733,"mg/L",25.8499,-80.1367,NA
"1509","...80824","MiamiBeach","11/22/2023 00:00:00","21","Total_Nitrogen",0.302,"mg/L",25.7933,-80.1629,NA
"1510","...80825","MiamiBeach","02/24/2022 11:20:00","56","Total_Nitrogen",0.245,"mg/L",25.7917,-80.1451,NA
"1511","...80826","MiamiBeach","05/20/2022 10:03:00","27","Total_Nitrogen",0.275,"mg/L",25.7878,-80.155,NA
"1512","...80827","MiamiBeach","06/18/2018 13:21:00","56","Total_Nitrogen",0.379,"mg/L",25.7917,-80.1451,NA
"1513","...80828","MiamiBeach","07/18/2018 11:08:00","19","Total_Nitrogen",0.475,"mg/L",25.8134,-80.1246,NA
"1514","...80829","MiamiBeach","07/14/2021 10:33:00","70","Total_Nitrogen",0.395,"mg/L",25.8642,-80.1291,NA
"1515","...80830","MiamiBeach","11/15/2021 09:20:00","83","Total_Nitrogen",0.375,"mg/L",25.840485,-80.132921,NA
"1516","...80831","MiamiBeach","01/11/2023 00:00:00","25","Total_Nitrogen",0.304,"mg/L",25.7943,-80.1553,NA
"1517","...80832","MiamiBeach","09/22/2021 12:40:00","17","Total_Nitrogen",0.448,"mg/L",25.8052,-80.1268,NA
"1518","...80833","MiamiBeach","10/22/2021 11:15:00","63","Total_Nitrogen",0.305,"mg/L",25.781,-80.1616,NA
"1519","...80834","MiamiBeach","05/20/2019 10:45:00","71","Total_Nitrogen",0.205,"mg/L",25.867,-80.1243,NA
"1520","...80835","MiamiBeach","02/12/2020 13:23:00","9","Total_Nitrogen",0.344,"mg/L",25.8002,-80.1278,NA
"1521","...80836","MiamiBeach","03/18/2020 09:56:00","38","Total_Nitrogen",0.313,"mg/L",25.7775,-80.1562,NA
"1522","...80837","MiamiBeach","03/18/2020 10:55:00","60","Total_Nitrogen",0.263,"mg/L",25.7933,-80.1453,NA
"1523","...80838","MiamiBeach","02/14/2023 00:00:00","3A","Total_Nitrogen",0.609,"mg/L",25.840614,-80.132824,NA
"1524","...80839","MiamiBeach","09/19/2023 00:00:00","40","Total_Nitrogen",0.303,"mg/L",25.7813,-80.1552,NA
"1525","...80840","MiamiBeach","12/20/2023 00:00:00","38","Total_Nitrogen",0.302,"mg/L",25.7775,-80.1562,NA
"1526","...80841","MiamiBeach","02/25/2022 09:06:00","82","Total_Nitrogen",0.45,"mg/L",25.840485,-80.132921,NA
"1527","...80842","MiamiBeach","03/31/2022 09:31:00","34","Total_Nitrogen",0.285,"mg/L",25.7858,-80.1656,NA
"1528","...80843","MiamiBeach","10/16/2019 10:30:00","17","Total_Nitrogen",0.314,"mg/L",25.8052,-80.1268,NA
"1529","...80844","MiamiBeach","09/26/2019 08:40:00","34","Total_Nitrogen",0.111,"mg/L",25.7858,-80.1656,NA
"1530","...80845","MiamiBeach","10/15/2020 10:54:00","22","Total_Nitrogen",0.323,"mg/L",25.7942,-80.1628,NA
"1531","...80846","MiamiBeach","02/03/2020 12:33:00","17","Total_Nitrogen",0.331,"mg/L",25.8052,-80.1268,NA
"1532","...80847","MiamiBeach","08/12/2019 09:50:00","34","Total_Nitrogen",0.114,"mg/L",25.7858,-80.1656,NA
"1533","...80848","MiamiBeach","09/26/2019 09:03:00","38","Total_Nitrogen",0.111,"mg/L",25.7775,-80.1562,NA
"1534","...80849","MiamiBeach","09/23/2020 10:09:00","74","Total_Nitrogen",1.95,"mg/L",25.7806,-80.1618,NA
"1535","...80850","MiamiBeach","08/15/2018 09:22:00","4","Total_Nitrogen",0.415,"mg/L",25.8463,-80.1282,NA
"1536","...80851","MiamiBeach","09/20/2018 13:32:00","22","Total_Nitrogen",0.328,"mg/L",25.7942,-80.1628,NA
"1537","...80852","MiamiBeach","09/18/2018 11:58:00","16","Total_Nitrogen",0.506,"mg/L",25.8051,-80.1269,NA
"1538","...80853","MiamiBeach","07/27/2017 12:45:00","59","Total_Nitrogen",0.304,"mg/L",25.7933,-80.1451,NA
"1539","...80854","MiamiBeach","01/11/2018 11:47:00","34","Total_Nitrogen",0.44,"mg/L",25.7858,-80.1656,NA
"1540","...80855","MiamiBeach","01/11/2018 11:15:00","38","Total_Nitrogen",0.424,"mg/L",25.7775,-80.1562,NA
"1541","...80856","MiamiBeach","10/24/2017 13:28:00","60","Total_Nitrogen",0.53,"mg/L",25.7933,-80.1453,NA
"1542","...80857","MiamiBeach","07/18/2018 12:57:00","54","Total_Nitrogen",0.425,"mg/L",25.7965,-80.1425,NA
"1543","...80858","MiamiBeach","03/07/2018 11:18:00","2","Total_Nitrogen",0.54,"mg/L",25.8167,-80.139,NA
"1544","...80859","MiamiBeach","02/21/2017 10:05:00","4","Total_Nitrogen",0.547,"mg/L",25.8463,-80.1282,NA
"1545","...80860","MiamiBeach","09/20/2018 12:36:00","30","Total_Nitrogen",0.437,"mg/L",25.7876,-80.1576,NA
"1546","...80861","MiamiBeach","08/18/2017 11:00:00","18","Total_Nitrogen",0.247,"mg/L",25.8075,-80.1251,NA
"1547","...80862","MiamiBeach","01/22/2019 12:14:00","42","Total_Nitrogen",0.345,"mg/L",25.8015,-80.1401,NA
"1548","...80863","MiamiBeach","02/20/2019 14:23:00","56","Total_Nitrogen",0.427,"mg/L",25.7917,-80.1451,NA
"1549","...80864","MiamiBeach","02/25/2019 10:09:00","48","Total_Nitrogen",0.355,"mg/L",25.7741,-80.1419,NA
"1550","...80865","MiamiBeach","02/25/2019 12:46:00","23","Total_Nitrogen",0.384,"mg/L",25.7954,-80.1592,NA
"1551","...80866","MiamiBeach","04/16/2019 11:18:00","74","Total_Nitrogen",3.36,"mg/L",25.7806,-80.1618,NA
"1552","...80867","MiamiBeach","02/25/2019 12:23:00","29","Total_Nitrogen",0.398,"mg/L",25.7876,-80.1577,NA
"1553","...80868","MiamiBeach","03/16/2017 11:50:00","24","Total_Nitrogen",0.375,"mg/L",25.796,-80.159,NA
"1554","...80869","MiamiBeach","09/01/2017 08:25:00","16","Total_Nitrogen",0.425,"mg/L",25.8051,-80.1269,NA
"1555","...80870","MiamiBeach","12/14/2016 09:36:00","22","Total_Nitrogen",0.486,"mg/L",25.7942,-80.1628,NA
"1556","...80871","MiamiBeach","09/20/2017 12:10:00","42","Total_Nitrogen",0.478,"mg/L",25.8015,-80.1401,NA
"1557","...80872","MiamiBeach","04/15/2020 10:22:00","22","Total_Nitrogen",0.343,"mg/L",25.7942,-80.1628,NA
"1558","...80873","MiamiBeach","06/23/2020 11:25:00","19","Total_Nitrogen",0.333,"mg/L",25.8134,-80.1246,NA
"1559","...80874","MiamiBeach","06/23/2020 13:09:00","56","Total_Nitrogen",0.263,"mg/L",25.7917,-80.1451,NA
"1560","...80875","MiamiBeach","07/19/2018 13:00:00","9","Total_Nitrogen",0.454,"mg/L",25.8002,-80.1278,NA
"1561","...80876","MiamiBeach","05/04/2021 09:50:00","38","Total_Nitrogen",0.373,"mg/L",25.7775,-80.1562,NA
"1562","...80877","MiamiBeach","06/17/2021 08:54:00","83","Total_Nitrogen",0.443,"mg/L",25.840485,-80.132921,NA
"1563","...80878","MiamiBeach","09/21/2021 13:56:00","79","Total_Nitrogen",1.223,"mg/L",25.8531,-80.1295,NA
"1564","...80879","MiamiBeach","10/28/2021 11:10:00","19","Total_Nitrogen",0.275,"mg/L",25.8134,-80.1246,NA
"1565","...80880","MiamiBeach","06/20/2023 00:00:00","33","Total_Nitrogen",0.268,"mg/L",25.7852,-80.1653,NA
"1566","...80881","MiamiBeach","11/19/2019 14:51:00","9","Total_Nitrogen",0.3,"mg/L",25.8002,-80.1278,NA
"1567","...80882","MiamiBeach","05/29/2018 12:56:00","27","Total_Nitrogen",0.55,"mg/L",25.7878,-80.155,NA
"1568","...80883","MiamiBeach","05/29/2018 11:30:00","40","Total_Nitrogen",0.54,"mg/L",25.7813,-80.1552,NA
"1569","...80884","MiamiBeach","08/25/2023 00:00:00","35","Total_Nitrogen",0.157,"mg/L",25.7823,-80.168,NA
"1570","...80885","MiamiBeach","12/20/2023 00:00:00","34","Total_Nitrogen",0.316,"mg/L",25.7858,-80.1656,NA
"1571","...80886","MiamiBeach","02/25/2022 10:59:00","66","Total_Nitrogen",0.36,"mg/L",25.8234,-80.1232,NA
"1572","...80887","MiamiBeach","05/20/2022 11:31:00","38","Total_Nitrogen",0.265,"mg/L",25.7775,-80.1562,NA
"1573","...80888","MiamiBeach","07/18/2022 11:42:00","17","Total_Nitrogen",0.384,"mg/L",25.8052,-80.1268,NA
"1574","...80889","MiamiBeach","12/20/2021 09:10:00","22","Total_Nitrogen",0.268,"mg/L",25.7942,-80.1628,NA
"1575","...80890","MiamiBeach","12/22/2021 09:08:00","4","Total_Nitrogen",0.285,"mg/L",25.8463,-80.1282,NA
"1576","...80891","MiamiBeach","03/17/2020 11:10:00","67","Total_Nitrogen",0.243,"mg/L",25.8388,-80.1225,NA
"1577","...80892","MiamiBeach","03/18/2020 12:25:00","9","Total_Nitrogen",0.333,"mg/L",25.8002,-80.1278,NA
"1578","...80893","MiamiBeach","09/20/2018 12:13:00","34","Total_Nitrogen",0.447,"mg/L",25.7858,-80.1656,NA
"1579","...80894","MiamiBeach","08/24/2023 00:00:00","22","Total_Nitrogen",0.162,"mg/L",25.7942,-80.1628,NA
"1580","...80895","MiamiBeach","08/25/2023 00:00:00","38","Total_Nitrogen",0.37,"mg/L",25.7775,-80.1562,NA
"1581","...80896","MiamiBeach","07/28/2017 11:47:00","23","Total_Nitrogen",0.735,"mg/L",25.7954,-80.1592,NA
"1582","...80897","MiamiBeach","11/19/2019 11:53:00","19","Total_Nitrogen",0.176,"mg/L",25.8134,-80.1246,NA
"1583","...80898","MiamiBeach","01/14/2020 10:09:00","46","Total_Nitrogen",0.243,"mg/L",25.767,-80.1371,NA
"1584","...80899","MiamiBeach","08/16/2018 09:42:00","48","Total_Nitrogen",0.388,"mg/L",25.7741,-80.1419,NA
"1585","...80900","MiamiBeach","03/21/2019 12:00:00","36","Total_Nitrogen",0.294,"mg/L",25.7825,-80.1682,NA
"1586","...80901","MiamiBeach","03/08/2018 09:43:00","45","Total_Nitrogen",0.409,"mg/L",25.767,-80.137,NA
"1587","...80902","MiamiBeach","01/18/2017 09:36:00","54","Total_Nitrogen",0.42,"mg/L",25.7965,-80.1425,NA
"1588","...80903","MiamiBeach","01/10/2018 13:18:00","56","Total_Nitrogen",0.449,"mg/L",25.7917,-80.1451,NA
"1589","...80904","MiamiBeach","12/19/2017 12:52:00","24","Total_Nitrogen",0.489,"mg/L",25.796,-80.159,NA
"1590","...80905","MiamiBeach","12/13/2016 10:50:00","34","Total_Nitrogen",0.517,"mg/L",25.7858,-80.1656,NA
"1591","...80906","MiamiBeach","09/21/2017 11:23:00","36","Total_Nitrogen",0.546,"mg/L",25.7825,-80.1682,NA
"1592","...80907","MiamiBeach","08/16/2016 14:50:00","35","Total_Nitrogen",0.78,"mg/L",25.7823,-80.168,NA
"1593","...80908","MiamiBeach","12/19/2017 11:22:00","52","Total_Nitrogen",0.375,"mg/L",25.7804,-80.1432,NA
"1594","...80909","MiamiBeach","09/12/2016 10:25:00","29","Total_Nitrogen",0.484,"mg/L",25.7876,-80.1577,NA
"1595","...80910","MiamiBeach","08/13/2020 12:25:00","60","Total_Nitrogen",0.173,"mg/L",25.7933,-80.1453,NA
"1596","...80911","MiamiBeach","09/18/2018 13:45:00","56","Total_Nitrogen",0.413,"mg/L",25.7917,-80.1451,NA
"1597","...80912","MiamiBeach","10/30/2018 12:07:00","29","Total_Nitrogen",0.335,"mg/L",25.7876,-80.1577,NA
"1598","...80913","MiamiBeach","10/30/2018 11:15:00","63","Total_Nitrogen",0.358,"mg/L",25.781,-80.1616,NA
"1599","...80914","MiamiBeach","11/19/2020 09:28:00","47","Total_Nitrogen",0.302,"mg/L",25.7741,-80.1418,NA
"1600","...80915","MiamiBeach","04/30/2021 13:32:00","42","Total_Nitrogen",0.363,"mg/L",25.8015,-80.1401,NA
"1601","...80916","MiamiBeach","05/25/2021 14:22:00","60","Total_Nitrogen",0.273,"mg/L",25.7933,-80.1453,NA
"1602","...80917","MiamiBeach","08/12/2019 11:00:00","47","Total_Nitrogen",0.114,"mg/L",25.7741,-80.1418,NA
"1603","...80918","MiamiBeach","09/23/2020 08:45:00","60","Total_Nitrogen",0.343,"mg/L",25.7933,-80.1453,NA
"1604","...80919","MiamiBeach","10/15/2020 09:48:00","47","Total_Nitrogen",0.283,"mg/L",25.7741,-80.1418,NA
"1605","...80920","MiamiBeach","07/19/2018 10:54:00","34","Total_Nitrogen",0.435,"mg/L",25.7858,-80.1656,NA
"1606","...80921","MiamiBeach","11/18/2019 11:17:00","52","Total_Nitrogen",0.293,"mg/L",25.7804,-80.1432,NA
"1607","...80922","MiamiBeach","01/14/2020 12:08:00","38","Total_Nitrogen",1.033,"mg/L",25.7775,-80.1562,NA
"1608","...80923","MiamiBeach","01/15/2020 11:32:00","67","Total_Nitrogen",0.313,"mg/L",25.8388,-80.1225,NA
"1609","...80924","MiamiBeach","01/15/2020 12:09:00","17","Total_Nitrogen",0.518,"mg/L",25.8052,-80.1268,NA
"1610","...80925","MiamiBeach","08/16/2018 12:28:00","21","Total_Nitrogen",0.417,"mg/L",25.7933,-80.1629,NA
"1611","...80926","MiamiBeach","10/31/2018 11:08:00","17","Total_Nitrogen",0.527,"mg/L",25.8052,-80.1268,NA
"1612","...80927","MiamiBeach","08/16/2016 11:20:00","32","Total_Nitrogen",0.41,"mg/L",25.7876,-80.1626,NA
"1613","...80928","MiamiBeach","10/27/2017 12:45:00","45","Total_Nitrogen",0.453,"mg/L",25.767,-80.137,NA
"1614","...80929","MiamiBeach","10/13/2020 09:55:00","68","Total_Nitrogen",0.34,"mg/L",25.8549,-80.1374,NA
"1615","...80930","MiamiBeach","08/16/2018 09:22:00","45","Total_Nitrogen",0.505,"mg/L",25.767,-80.137,NA
"1616","...80931","MiamiBeach","12/19/2017 11:26:00","37","Total_Nitrogen",0.432,"mg/L",25.7776,-80.1565,NA
"1617","...80932","MiamiBeach","01/29/2021 10:05:00","52","Total_Nitrogen",0.243,"mg/L",25.7804,-80.1432,NA
"1618","...80933","MiamiBeach","03/29/2021 12:09:00","81","Total_Nitrogen",0.423,"mg/L",25.802142,-80.126487,NA
"1619","...80934","MiamiBeach","03/29/2021 13:38:00","54","Total_Nitrogen",0.353,"mg/L",25.7965,-80.1425,NA
"1620","...80935","MiamiBeach","03/30/2021 11:52:00","9","Total_Nitrogen",0.343,"mg/L",25.8002,-80.1278,NA
"1621","...80936","MiamiBeach","06/29/2020 09:44:00","38","Total_Nitrogen",0.283,"mg/L",25.7775,-80.1562,NA
"1622","...80937","MiamiBeach","06/29/2020 10:03:00","63","Total_Nitrogen",0.263,"mg/L",25.781,-80.1616,NA
"1623","...80938","MiamiBeach","07/30/2020 10:48:00","22","Total_Nitrogen",0.333,"mg/L",25.7942,-80.1628,NA
"1624","...80939","MiamiBeach","08/13/2020 10:52:00","47","Total_Nitrogen",0.173,"mg/L",25.7741,-80.1418,NA
"1625","...80940","MiamiBeach","06/20/2023 00:00:00","28","Total_Nitrogen",0.281,"mg/L",25.7874,-80.155,NA
"1626","...80941","MiamiBeach","08/25/2023 00:00:00","32","Total_Nitrogen",0.4,"mg/L",25.7876,-80.1626,NA
"1627","...80942","MiamiBeach","09/21/2023 00:00:00","4","Total_Nitrogen",0.365,"mg/L",25.8463,-80.1282,NA
"1628","...80943","MiamiBeach","11/22/2023 00:00:00","19","Total_Nitrogen",0.282,"mg/L",25.8134,-80.1246,NA
"1629","...80944","MiamiBeach","12/20/2023 00:00:00","29","Total_Nitrogen",0.311,"mg/L",25.7876,-80.1577,NA
"1630","...80945","MiamiBeach","07/18/2022 09:19:00","2","Total_Nitrogen",0.285,"mg/L",25.8167,-80.139,NA
"1631","...80946","MiamiBeach","05/29/2018 11:16:00","52","Total_Nitrogen",0.52,"mg/L",25.7804,-80.1432,NA
"1632","...80947","MiamiBeach","06/18/2018 11:38:00","31","Total_Nitrogen",0.463,"mg/L",25.788,-80.1627,NA
"1633","...80948","MiamiBeach","07/19/2018 11:28:00","25","Total_Nitrogen",0.532,"mg/L",25.7943,-80.1553,NA
"1634","...80949","MiamiBeach","09/22/2021 12:45:00","81","Total_Nitrogen",0.375,"mg/L",25.802142,-80.126487,NA
"1635","...80950","MiamiBeach","01/11/2023 00:00:00","27","Total_Nitrogen",0.274,"mg/L",25.7878,-80.155,NA
"1636","...80951","MiamiBeach","03/27/2023 00:00:00","26","Total_Nitrogen",0.428,"mg/L",25.7949,-80.1553,NA
"1637","...80952","MiamiBeach","12/22/2021 10:56:00","67","Total_Nitrogen",0.288,"mg/L",25.8388,-80.1225,NA
"1638","...80953","MiamiBeach","02/14/2023 00:00:00","21","Total_Nitrogen",0.346,"mg/L",25.7933,-80.1629,NA
"1639","...80954","MiamiBeach","10/19/2023 00:00:00","34","Total_Nitrogen",0.302,"mg/L",25.7858,-80.1656,NA
"1640","...80955","MiamiBeach","03/31/2022 13:54:00","84","Total_Nitrogen",0.73,"mg/L",25.840485,-80.132921,NA
"1641","...80956","MiamiBeach","05/19/2022 11:32:00","18","Total_Nitrogen",0.353,"mg/L",25.8075,-80.1251,NA
"1642","...80957","MiamiBeach","05/30/2023 00:00:00","33","Total_Nitrogen",0.327,"mg/L",25.7852,-80.1653,NA
"1643","...80958","MiamiBeach","09/25/2019 10:47:00","70","Total_Nitrogen",0.111,"mg/L",25.8642,-80.1291,NA
"1644","...80959","MiamiBeach","04/30/2021 10:14:00","70","Total_Nitrogen",0.323,"mg/L",25.8642,-80.1291,NA
"1645","...80960","MiamiBeach","08/12/2019 11:46:00","60","Total_Nitrogen",0.114,"mg/L",25.7933,-80.1453,NA
"1646","...80961","MiamiBeach","11/18/2020 13:13:00","56","Total_Nitrogen",0.322,"mg/L",25.7917,-80.1451,NA
"1647","...80962","MiamiBeach","01/28/2021 09:26:00","78","Total_Nitrogen",1.733,"mg/L",25.8499,-80.1367,NA
"1648","...80963","MiamiBeach","08/16/2018 10:34:00","62","Total_Nitrogen",0.418,"mg/L",25.7808,-80.1617,NA
"1649","...80964","MiamiBeach","08/16/2018 10:46:00","35","Total_Nitrogen",0.476,"mg/L",25.7823,-80.168,NA
"1650","...80965","MiamiBeach","09/21/2017 10:18:00","48","Total_Nitrogen",0.521,"mg/L",25.7741,-80.1419,NA
"1651","...80966","MiamiBeach","12/20/2017 11:22:00","2","Total_Nitrogen",0.481,"mg/L",25.8167,-80.139,NA
"1652","...80967","MiamiBeach","12/19/2017 12:55:00","21","Total_Nitrogen",0.484,"mg/L",25.7933,-80.1629,NA
"1653","...80968","MiamiBeach","03/07/2018 10:40:00","16","Total_Nitrogen",0.616,"mg/L",25.8051,-80.1269,NA
"1654","...80969","MiamiBeach","06/18/2018 12:38:00","22","Total_Nitrogen",0.465,"mg/L",25.7942,-80.1628,NA
"1655","...80970","MiamiBeach","10/30/2018 11:02:00","38","Total_Nitrogen",0.296,"mg/L",25.7775,-80.1562,NA
"1656","...80971","MiamiBeach","10/30/2018 13:27:00","22","Total_Nitrogen",0.42,"mg/L",25.7942,-80.1628,NA
"1657","...80972","MiamiBeach","11/27/2018 10:23:00","37","Total_Nitrogen",0.345,"mg/L",25.7776,-80.1565,NA
"1658","...80973","MiamiBeach","11/19/2020 12:32:00","9","Total_Nitrogen",0.333,"mg/L",25.8002,-80.1278,NA
"1659","...80974","MiamiBeach","01/23/2019 11:40:00","33","Total_Nitrogen",0.295,"mg/L",25.7852,-80.1653,NA
"1660","...80975","MiamiBeach","01/23/2019 13:00:00","21","Total_Nitrogen",0.305,"mg/L",25.7933,-80.1629,NA
"1661","...80976","MiamiBeach","11/09/2017 12:16:00","23","Total_Nitrogen",0.38,"mg/L",25.7954,-80.1592,NA
"1662","...80977","MiamiBeach","04/18/2018 11:32:00","32","Total_Nitrogen",0.365,"mg/L",25.7876,-80.1626,NA
"1663","...80978","MiamiBeach","04/18/2018 12:55:00","22","Total_Nitrogen",0.466,"mg/L",25.7942,-80.1628,NA
"1664","...80979","MiamiBeach","08/15/2017 11:39:00","32","Total_Nitrogen",0.189,"mg/L",25.7876,-80.1626,NA
"1665","...80980","MiamiBeach","10/03/2016 10:48:00","35","Total_Nitrogen",0.41,"mg/L",25.7823,-80.168,NA
"1666","...80981","MiamiBeach","04/18/2018 11:11:00","36","Total_Nitrogen",0.406,"mg/L",25.7825,-80.1682,NA
"1667","...80982","MiamiBeach","12/19/2017 12:06:00","34","Total_Nitrogen",0.452,"mg/L",25.7858,-80.1656,NA
"1668","...80983","MiamiBeach","01/11/2018 11:20:00","40","Total_Nitrogen",0.447,"mg/L",25.7813,-80.1552,NA
"1669","...80984","MiamiBeach","07/28/2017 09:40:00","45","Total_Nitrogen",0.715,"mg/L",25.767,-80.137,NA
"1670","...80985","MiamiBeach","12/20/2017 10:46:00","16","Total_Nitrogen",0.61,"mg/L",25.8051,-80.1269,NA
"1671","...80986","MiamiBeach","08/25/2023 00:00:00","31","Total_Nitrogen",0.165,"mg/L",25.788,-80.1627,NA
"1672","...80987","MiamiBeach","05/18/2017 11:35:00","26","Total_Nitrogen",0.453,"mg/L",25.7949,-80.1553,NA
"1673","...80988","MiamiBeach","04/16/2019 11:09:00","38","Total_Nitrogen",0.235,"mg/L",25.7775,-80.1562,NA
"1674","...80989","MiamiBeach","09/20/2018 11:54:00","35","Total_Nitrogen",0.972,"mg/L",25.7823,-80.168,NA
"1675","...80990","MiamiBeach","08/15/2017 11:15:00","63","Total_Nitrogen",0.219,"mg/L",25.781,-80.1616,NA
"1676","...80991","MiamiBeach","01/11/2018 11:55:00","32","Total_Nitrogen",0.43,"mg/L",25.7876,-80.1626,NA
"1677","...80992","MiamiBeach","08/16/2016 15:02:00","38","Total_Nitrogen",0.415,"mg/L",25.7775,-80.1562,NA
"1678","...80993","MiamiBeach","12/13/2016 10:33:00","37","Total_Nitrogen",0.476,"mg/L",25.7776,-80.1565,NA
"1679","...80994","MiamiBeach","01/18/2017 10:46:00","18","Total_Nitrogen",0.44,"mg/L",25.8075,-80.1251,NA
"1680","...80995","MiamiBeach","09/12/2016 11:35:00","36","Total_Nitrogen",0.483,"mg/L",25.7825,-80.1682,NA
"1681","...80996","MiamiBeach","11/09/2017 10:53:00","39","Total_Nitrogen",0.439,"mg/L",25.7813,-80.1556,NA
"1682","...80997","MiamiBeach","06/22/2017 10:32:00","63","Total_Nitrogen",0.481,"mg/L",25.781,-80.1616,NA
"1683","...80998","MiamiBeach","05/04/2021 12:27:00","9","Total_Nitrogen",0.443,"mg/L",25.8002,-80.1278,NA
"1684","...80999","MiamiBeach","04/17/2019 12:21:00","78","Total_Nitrogen",0.116,"mg/L",25.8499,-80.1367,NA
"1685","...81000","MiamiBeach","04/17/2019 13:25:00","9","Total_Nitrogen",0.128,"mg/L",25.8002,-80.1278,NA
"1686","...81001","MiamiBeach","05/17/2019 10:30:00","63","Total_Nitrogen",0.172,"mg/L",25.781,-80.1616,NA
"1687","...81002","MiamiBeach","06/27/2019 10:17:00","68","Total_Nitrogen",0.357,"mg/L",25.8549,-80.1374,NA
"1688","...81003","MiamiBeach","05/29/2018 11:37:00","37","Total_Nitrogen",0.5,"mg/L",25.7776,-80.1565,NA
"1689","...81004","MiamiBeach","03/16/2017 10:25:00","36","Total_Nitrogen",0.335,"mg/L",25.7825,-80.1682,NA
"1690","...81005","MiamiBeach","06/22/2017 09:25:00","45","Total_Nitrogen",0.325,"mg/L",25.767,-80.137,NA
"1691","...81006","MiamiBeach","12/19/2017 11:07:00","48","Total_Nitrogen",0.385,"mg/L",25.7741,-80.1419,NA
"1692","...81007","MiamiBeach","01/14/2020 11:26:00","22","Total_Nitrogen",0.263,"mg/L",25.7942,-80.1628,NA
"1693","...81008","MiamiBeach","09/21/2021 11:06:00","54","Total_Nitrogen",0.3,"mg/L",25.7965,-80.1425,NA
"1694","...81009","MiamiBeach","10/28/2021 14:30:00","79","Total_Nitrogen",3.04,"mg/L",25.8531,-80.1295,NA
"1695","...81010","MiamiBeach","05/20/2019 09:55:00","78","Total_Nitrogen",1.425,"mg/L",25.8499,-80.1367,NA
"1696","...81011","MiamiBeach","02/12/2020 12:14:00","54","Total_Nitrogen",0.273,"mg/L",25.7965,-80.1425,NA
"1697","...81012","MiamiBeach","01/20/2023 00:00:00","17","Total_Nitrogen",0.304,"mg/L",25.8052,-80.1268,NA
"1698","...81013","MiamiBeach","09/19/2023 00:00:00","37","Total_Nitrogen",0.261,"mg/L",25.7776,-80.1565,NA
"1699","...81014","MiamiBeach","11/22/2023 00:00:00","17","Total_Nitrogen",0.335,"mg/L",25.8052,-80.1268,NA
"1700","...81015","MiamiBeach","12/20/2023 00:00:00","28","Total_Nitrogen",0.255,"mg/L",25.7874,-80.155,NA
"1701","...81016","MiamiBeach","12/20/2023 00:00:00","35","Total_Nitrogen",0.313,"mg/L",25.7823,-80.168,NA
"1702","...81017","MiamiBeach","03/30/2022 12:57:00","54","Total_Nitrogen",0.265,"mg/L",25.7965,-80.1425,NA
"1703","...81018","MiamiBeach","12/13/2016 10:40:00","35","Total_Nitrogen",0.68,"mg/L",25.7823,-80.168,NA
"1704","...81019","MiamiBeach","04/18/2018 12:25:00","25","Total_Nitrogen",0.465,"mg/L",25.7943,-80.1553,NA
"1705","...81020","MiamiBeach","05/27/2020 11:17:00","42","Total_Nitrogen",0.371,"mg/L",25.8015,-80.1401,NA
"1706","...81021","MiamiBeach","07/30/2020 10:15:00","63","Total_Nitrogen",0.333,"mg/L",25.781,-80.1616,NA
"1707","...81022","MiamiBeach","08/14/2020 10:26:00","68","Total_Nitrogen",0.734,"mg/L",25.8549,-80.1374,NA
"1708","...81023","MiamiBeach","08/14/2020 12:14:00","19","Total_Nitrogen",0.28,"mg/L",25.8134,-80.1246,NA
"1709","...81024","MiamiBeach","08/13/2019 12:22:00","70","Total_Nitrogen",0.154,"mg/L",25.8642,-80.1291,NA
"1710","...81025","MiamiBeach","11/15/2021 09:30:00","4","Total_Nitrogen",0.55,"mg/L",25.8463,-80.1282,NA
"1711","...81026","MiamiBeach","12/24/2019 08:45:00","46","Total_Nitrogen",0.203,"mg/L",25.767,-80.1371,NA
"1712","...81027","MiamiBeach","09/01/2017 08:35:00","19","Total_Nitrogen",0.355,"mg/L",25.8134,-80.1246,NA
"1713","...81028","MiamiBeach","12/19/2017 11:35:00","39","Total_Nitrogen",0.427,"mg/L",25.7813,-80.1556,NA
"1714","...81029","MiamiBeach","01/11/2018 11:45:00","33","Total_Nitrogen",0.645,"mg/L",25.7852,-80.1653,NA
"1715","...81030","MiamiBeach","03/07/2018 10:28:00","18","Total_Nitrogen",0.67,"mg/L",25.8075,-80.1251,NA
"1716","...81031","MiamiBeach","02/09/2018 11:33:00","31","Total_Nitrogen",0.421,"mg/L",25.788,-80.1627,NA
"1717","...81032","MiamiBeach","08/15/2018 11:15:00","2","Total_Nitrogen",0.345,"mg/L",25.8167,-80.139,NA
"1718","...81033","MiamiBeach","11/19/2020 12:53:00","79","Total_Nitrogen",1.533,"mg/L",25.8531,-80.1295,NA
"1719","...81034","MiamiBeach","01/23/2019 11:13:00","62","Total_Nitrogen",0.483,"mg/L",25.7808,-80.1617,NA
"1720","...81035","MiamiBeach","08/18/2017 11:47:00","56","Total_Nitrogen",0.185,"mg/L",25.7917,-80.1451,NA
"1721","...81036","MiamiBeach","11/09/2017 11:04:00","38","Total_Nitrogen",0.438,"mg/L",25.7775,-80.1562,NA
"1722","...81037","MiamiBeach","01/11/2018 12:37:00","24","Total_Nitrogen",0.472,"mg/L",25.796,-80.159,NA
"1723","...81038","MiamiBeach","05/27/2020 10:06:00","74","Total_Nitrogen",4.9,"mg/L",25.7806,-80.1618,NA
"1724","...81039","MiamiBeach","07/29/2020 11:35:00","66","Total_Nitrogen",0.273,"mg/L",25.8234,-80.1232,NA
"1725","...81040","MiamiBeach","06/17/2021 09:56:00","42","Total_Nitrogen",0.446,"mg/L",25.8015,-80.1401,NA
"1726","...81041","MiamiBeach","06/17/2021 10:17:00","22","Total_Nitrogen",0.413,"mg/L",25.7942,-80.1628,NA
"1727","...81042","MiamiBeach","07/15/2021 12:08:00","34","Total_Nitrogen",0.313,"mg/L",25.7858,-80.1656,NA
"1728","...81043","MiamiBeach","10/28/2021 10:03:00","70","Total_Nitrogen",0.227,"mg/L",25.8642,-80.1291,NA
"1729","...81044","MiamiBeach","12/22/2021 10:26:00","69","Total_Nitrogen",0.318,"mg/L",25.8586,-80.1259,NA
"1730","...81045","MiamiBeach","05/20/2019 10:28:00","70","Total_Nitrogen",0.255,"mg/L",25.8642,-80.1291,NA
"1731","...81046","MiamiBeach","07/28/2017 09:30:00","48","Total_Nitrogen",0.445,"mg/L",25.7741,-80.1419,NA
"1732","...81047","MiamiBeach","01/11/2018 11:11:00","37","Total_Nitrogen",0.484,"mg/L",25.7776,-80.1565,NA
"1733","...81048","MiamiBeach","09/21/2017 12:45:00","22","Total_Nitrogen",0.503,"mg/L",25.7942,-80.1628,NA
"1734","...81049","MiamiBeach","01/11/2018 10:57:00","52","Total_Nitrogen",0.75,"mg/L",25.7804,-80.1432,NA
"1735","...81050","MiamiBeach","01/17/2017 09:30:00","48","Total_Nitrogen",0.359,"mg/L",25.7741,-80.1419,NA
"1736","...81051","MiamiBeach","02/03/2020 09:57:00","4","Total_Nitrogen",0.293,"mg/L",25.8463,-80.1282,NA
"1737","...81052","MiamiBeach","12/20/2023 00:00:00","24","Total_Nitrogen",0.278,"mg/L",25.796,-80.159,NA
"1738","...81053","MiamiBeach","03/30/2022 11:37:00","81","Total_Nitrogen",0.347,"mg/L",25.802142,-80.126487,NA
"1739","...81054","MiamiBeach","02/09/2018 10:00:00","46","Total_Nitrogen",0.338,"mg/L",25.767,-80.1371,NA
"1740","...81055","MiamiBeach","06/19/2018 12:51:00","2","Total_Nitrogen",0.442,"mg/L",25.8167,-80.139,NA
"1741","...81056","MiamiBeach","08/12/2019 13:15:00","9","Total_Nitrogen",0.303,"mg/L",25.8002,-80.1278,NA
"1742","...81057","MiamiBeach","05/20/2022 10:34:00","33","Total_Nitrogen",0.245,"mg/L",25.7852,-80.1653,NA
"1743","...81058","MiamiBeach","12/24/2019 09:07:00","52","Total_Nitrogen",0.243,"mg/L",25.7804,-80.1432,NA
"1744","...81059","MiamiBeach","11/18/2020 11:04:00","67","Total_Nitrogen",0.39,"mg/L",25.8388,-80.1225,NA
"1745","...81060","MiamiBeach","03/30/2021 10:02:00","34","Total_Nitrogen",0.323,"mg/L",25.7858,-80.1656,NA
"1746","...81061","MiamiBeach","08/15/2017 12:22:00","21","Total_Nitrogen",0.352,"mg/L",25.7933,-80.1629,NA
"1747","...81062","MiamiBeach","12/19/2017 12:02:00","33","Total_Nitrogen",0.467,"mg/L",25.7852,-80.1653,NA
"1748","...81063","MiamiBeach","03/15/2017 10:35:00","18","Total_Nitrogen",0.47,"mg/L",25.8075,-80.1251,NA
"1749","...81064","MiamiBeach","03/16/2017 11:55:00","21","Total_Nitrogen",0.355,"mg/L",25.7933,-80.1629,NA
"1750","...81065","MiamiBeach","04/18/2017 11:25:00","2","Total_Nitrogen",0.465,"mg/L",25.8167,-80.139,NA
"1751","...81066","MiamiBeach","02/23/2017 10:50:00","39","Total_Nitrogen",0.458,"mg/L",25.7813,-80.1556,NA
"1752","...81067","MiamiBeach","04/19/2018 12:19:00","2","Total_Nitrogen",0.484,"mg/L",25.8167,-80.139,NA
"1753","...81068","MiamiBeach","09/12/2016 10:15:00","32","Total_Nitrogen",0.438,"mg/L",25.7876,-80.1626,NA
"1754","...81069","MiamiBeach","05/29/2018 11:40:00","38","Total_Nitrogen",0.52,"mg/L",25.7775,-80.1562,NA
"1755","...81070","MiamiBeach","05/16/2018 14:22:00","9","Total_Nitrogen",0.492,"mg/L",25.8002,-80.1278,NA
"1756","...81071","MiamiBeach","02/09/2018 12:30:00","21","Total_Nitrogen",0.45,"mg/L",25.7933,-80.1629,NA
"1757","...81072","MiamiBeach","06/22/2017 10:12:00","38","Total_Nitrogen",0.456,"mg/L",25.7775,-80.1562,NA
"1758","...81073","MiamiBeach","08/15/2017 11:23:00","35","Total_Nitrogen",4.248,"mg/L",25.7823,-80.168,NA
"1759","...81074","MiamiBeach","11/15/2016 13:20:00","2","Total_Nitrogen",0.53,"mg/L",25.8167,-80.139,NA
"1760","...81075","MiamiBeach","06/21/2017 11:04:00","16","Total_Nitrogen",0.614,"mg/L",25.8051,-80.1269,NA
"1761","...81076","MiamiBeach","07/28/2017 10:55:00","36","Total_Nitrogen",0.565,"mg/L",25.7825,-80.1682,NA
"1762","...81077","MiamiBeach","08/16/2018 10:02:00","52","Total_Nitrogen",0.388,"mg/L",25.7804,-80.1432,NA
"1763","...81078","MiamiBeach","01/17/2017 10:35:00","32","Total_Nitrogen",0.337,"mg/L",25.7876,-80.1626,NA
"1764","...81079","MiamiBeach","03/21/2019 12:09:00","33","Total_Nitrogen",0.231,"mg/L",25.7852,-80.1653,NA
"1765","...81080","MiamiBeach","10/31/2018 09:50:00","4","Total_Nitrogen",0.392,"mg/L",25.8463,-80.1282,NA
"1766","...81081","MiamiBeach","05/21/2021 12:05:00","46","Total_Nitrogen",0.283,"mg/L",25.767,-80.1371,NA
"1767","...81082","MiamiBeach","07/14/2021 09:28:00","82","Total_Nitrogen",0.283,"mg/L",25.840485,-80.132921,NA
"1768","...81083","MiamiBeach","09/21/2021 09:38:00","34","Total_Nitrogen",0.251,"mg/L",25.7858,-80.1656,NA
"1769","...81084","MiamiBeach","09/22/2021 11:15:00","71","Total_Nitrogen",0.303,"mg/L",25.867,-80.1243,NA
"1770","...81085","MiamiBeach","10/28/2021 11:00:00","66","Total_Nitrogen",0.475,"mg/L",25.8234,-80.1232,NA
"1771","...81086","MiamiBeach","12/24/2019 10:10:00","56","Total_Nitrogen",0.291,"mg/L",25.7917,-80.1451,NA
"1772","...81087","MiamiBeach","08/25/2023 00:00:00","26","Total_Nitrogen",0.155,"mg/L",25.7949,-80.1553,NA
"1773","...81088","MiamiBeach","05/17/2019 11:03:00","22","Total_Nitrogen",0.223,"mg/L",25.7942,-80.1628,NA
"1774","...81089","MiamiBeach","02/09/2018 10:55:00","40","Total_Nitrogen",0.368,"mg/L",25.7813,-80.1552,NA
"1775","...81090","MiamiBeach","02/09/2018 12:22:00","24","Total_Nitrogen",0.427,"mg/L",25.796,-80.159,NA
"1776","...81091","MiamiBeach","01/22/2019 12:47:00","60","Total_Nitrogen",0.335,"mg/L",25.7933,-80.1453,NA
"1777","...81092","MiamiBeach","02/20/2019 10:19:00","4","Total_Nitrogen",0.419,"mg/L",25.8463,-80.1282,NA
"1778","...81093","MiamiBeach","03/21/2019 11:12:00","40","Total_Nitrogen",0.175,"mg/L",25.7813,-80.1552,NA
"1779","...81094","MiamiBeach","03/07/2018 12:45:00","59","Total_Nitrogen",0.455,"mg/L",25.7933,-80.1451,NA
"1780","...81095","MiamiBeach","04/15/2020 12:18:00","79","Total_Nitrogen",1.733,"mg/L",25.8531,-80.1295,NA
"1781","...81096","MiamiBeach","05/26/2020 09:55:00","70","Total_Nitrogen",0.51,"mg/L",25.8642,-80.1291,NA
"1782","...81097","MiamiBeach","12/13/2016 11:11:00","27","Total_Nitrogen",0.66,"mg/L",25.7878,-80.155,NA
"1783","...81098","MiamiBeach","11/17/2016 13:30:00","59","Total_Nitrogen",0.408,"mg/L",25.7933,-80.1451,NA
"1784","...81099","MiamiBeach","01/18/2017 12:11:00","60","Total_Nitrogen",0.399,"mg/L",25.7933,-80.1453,NA
"1785","...81100","MiamiBeach","01/14/2020 11:07:00","34","Total_Nitrogen",0.263,"mg/L",25.7858,-80.1656,NA
"1786","...81101","MiamiBeach","07/31/2023 00:00:00","38","Total_Nitrogen",0.319,"mg/L",25.7775,-80.1562,NA
"1787","...81102","MiamiBeach","09/19/2023 00:00:00","35","Total_Nitrogen",0.288,"mg/L",25.7823,-80.168,NA
"1788","...81103","MiamiBeach","10/22/2021 12:43:00","56","Total_Nitrogen",0.174,"mg/L",25.7917,-80.1451,NA
"1789","...81104","MiamiBeach","11/15/2021 11:50:00","81","Total_Nitrogen",0.48,"mg/L",25.802142,-80.126487,NA
"1790","...81105","MiamiBeach","06/22/2017 11:57:00","22","Total_Nitrogen",0.551,"mg/L",25.7942,-80.1628,NA
"1791","...81106","MiamiBeach","12/20/2017 10:35:00","18","Total_Nitrogen",0.7,"mg/L",25.8075,-80.1251,NA
"1792","...81107","MiamiBeach","12/14/2016 09:58:00","54","Total_Nitrogen",0.652,"mg/L",25.7965,-80.1425,NA
"1793","...81108","MiamiBeach","10/13/2020 13:12:00","54","Total_Nitrogen",0.273,"mg/L",25.7965,-80.1425,NA
"1794","...81109","MiamiBeach","08/16/2018 12:03:00","25","Total_Nitrogen",0.385,"mg/L",25.7943,-80.1553,NA
"1795","...81110","MiamiBeach","07/27/2017 11:02:00","18","Total_Nitrogen",0.365,"mg/L",25.8075,-80.1251,NA
"1796","...81111","MiamiBeach","06/27/2019 11:37:00","19","Total_Nitrogen",0.325,"mg/L",25.8134,-80.1246,NA
"1797","...81112","MiamiBeach","10/15/2019 11:41:00","42","Total_Nitrogen",0.111,"mg/L",25.8015,-80.1401,NA
"1798","...81113","MiamiBeach","03/30/2022 09:30:00","78","Total_Nitrogen",1.715,"mg/L",25.8499,-80.1367,NA
"1799","...81114","MiamiBeach","05/19/2022 11:39:00","19","Total_Nitrogen",0.306,"mg/L",25.8134,-80.1246,NA
"1800","...81115","MiamiBeach","05/27/2020 09:54:00","38","Total_Nitrogen",0.343,"mg/L",25.7775,-80.1562,NA
"1801","...81116","MiamiBeach","10/15/2020 10:12:00","38","Total_Nitrogen",0.273,"mg/L",25.7775,-80.1562,NA
"1802","...81117","MiamiBeach","12/22/2020 10:23:00","22","Total_Nitrogen",0.263,"mg/L",25.7942,-80.1628,NA
"1803","...81118","MiamiBeach","01/29/2021 10:25:00","38","Total_Nitrogen",0.213,"mg/L",25.7775,-80.1562,NA
"1804","...81119","MiamiBeach","03/29/2021 10:20:00","70","Total_Nitrogen",0.353,"mg/L",25.8642,-80.1291,NA
"1805","...81120","MiamiBeach","04/30/2021 11:48:00","19","Total_Nitrogen",0.403,"mg/L",25.8134,-80.1246,NA
"1806","...81121","MiamiBeach","08/16/2016 13:35:00","30","Total_Nitrogen",0.471,"mg/L",25.7876,-80.1576,NA
"1807","...81122","MiamiBeach","04/18/2018 10:55:00","62","Total_Nitrogen",0.497,"mg/L",25.7808,-80.1617,NA
"1808","...81123","MiamiBeach","10/27/2017 10:54:00","32","Total_Nitrogen",0.442,"mg/L",25.7876,-80.1626,NA
"1809","...81124","MiamiBeach","05/16/2018 10:40:00","18","Total_Nitrogen",0.452,"mg/L",25.8075,-80.1251,NA
"1810","...81125","MiamiBeach","05/29/2018 13:35:00","21","Total_Nitrogen",0.6,"mg/L",25.7933,-80.1629,NA
"1811","...81126","MiamiBeach","02/09/2018 11:27:00","34","Total_Nitrogen",0.421,"mg/L",25.7858,-80.1656,NA
"1812","...81127","MiamiBeach","02/09/2018 11:35:00","32","Total_Nitrogen",0.434,"mg/L",25.7876,-80.1626,NA
"1813","...81128","MiamiBeach","10/27/2017 11:12:00","34","Total_Nitrogen",0.385,"mg/L",25.7858,-80.1656,NA
"1814","...81129","MiamiBeach","01/22/2019 10:31:00","19","Total_Nitrogen",0.436,"mg/L",25.8134,-80.1246,NA
"1815","...81130","MiamiBeach","01/23/2019 12:37:00","25","Total_Nitrogen",0.325,"mg/L",25.7943,-80.1553,NA
"1816","...81131","MiamiBeach","02/20/2019 12:00:00","64","Total_Nitrogen",0.476,"mg/L",25.8078,-80.1253,NA
"1817","...81132","MiamiBeach","03/21/2019 12:50:00","27","Total_Nitrogen",0.205,"mg/L",25.7878,-80.155,NA
"1818","...81133","MiamiBeach","08/15/2017 11:55:00","28","Total_Nitrogen",0.283,"mg/L",25.7874,-80.155,NA
"1819","...81134","MiamiBeach","11/08/2017 11:40:00","19","Total_Nitrogen",0.335,"mg/L",25.8134,-80.1246,NA
"1820","...81135","MiamiBeach","01/22/2019 10:52:00","17","Total_Nitrogen",0.502,"mg/L",25.8052,-80.1268,NA
"1821","...81136","MiamiBeach","02/25/2019 09:51:00","45","Total_Nitrogen",0.343,"mg/L",25.767,-80.137,NA
"1822","...81137","MiamiBeach","01/18/2017 10:39:00","19","Total_Nitrogen",0.42,"mg/L",25.8134,-80.1246,NA
"1823","...81138","MiamiBeach","09/22/2020 10:10:00","68","Total_Nitrogen",0.533,"mg/L",25.8549,-80.1374,NA
"1824","...81139","MiamiBeach","11/26/2018 12:50:00","59","Total_Nitrogen",0.44,"mg/L",25.7933,-80.1451,NA
"1825","...81140","MiamiBeach","05/21/2021 11:56:00","47","Total_Nitrogen",0.263,"mg/L",25.7741,-80.1418,NA
"1826","...81141","MiamiBeach","06/17/2021 14:15:00","84","Total_Nitrogen",1.533,"mg/L",25.840485,-80.132921,NA
"1827","...81142","MiamiBeach","07/15/2021 09:05:00","9","Total_Nitrogen",0.41,"mg/L",25.8002,-80.1278,NA
"1828","...81143","MiamiBeach","07/31/2023 00:00:00","37","Total_Nitrogen",0.29,"mg/L",25.7776,-80.1565,NA
"1829","...81144","MiamiBeach","01/17/2017 10:58:00","25","Total_Nitrogen",0.378,"mg/L",25.7943,-80.1553,NA
"1830","...81145","MiamiBeach","09/26/2019 12:30:00","9","Total_Nitrogen",0.155,"mg/L",25.8002,-80.1278,NA
"1831","...81146","MiamiBeach","10/15/2019 10:02:00","47","Total_Nitrogen",0.111,"mg/L",25.7741,-80.1418,NA
"1832","...81147","MiamiBeach","11/16/2021 09:00:00","34","Total_Nitrogen",0.297,"mg/L",25.7858,-80.1656,NA
"1833","...81148","MiamiBeach","11/16/2021 09:40:00","38","Total_Nitrogen",0.285,"mg/L",25.7775,-80.1562,NA
"1834","...81149","MiamiBeach","12/23/2019 10:38:00","67","Total_Nitrogen",0.41,"mg/L",25.8388,-80.1225,NA
"1835","...81150","MiamiBeach","03/27/2023 00:00:00","29","Total_Nitrogen",0.378,"mg/L",25.7876,-80.1577,NA
"1836","...81151","MiamiBeach","11/19/2020 09:20:00","46","Total_Nitrogen",0.321,"mg/L",25.767,-80.1371,NA
"1837","...81152","MiamiBeach","09/19/2023 00:00:00","34","Total_Nitrogen",0.322,"mg/L",25.7858,-80.1656,NA
"1838","...81153","MiamiBeach","05/18/2017 10:50:00","33","Total_Nitrogen",0.54,"mg/L",25.7852,-80.1653,NA
"1839","...81154","MiamiBeach","01/17/2017 10:14:00","34","Total_Nitrogen",0.359,"mg/L",25.7858,-80.1656,NA
"1840","...81155","MiamiBeach","10/16/2019 09:14:00","70","Total_Nitrogen",0.111,"mg/L",25.8642,-80.1291,NA
"1841","...81156","MiamiBeach","11/19/2019 12:10:00","17","Total_Nitrogen",0.319,"mg/L",25.8052,-80.1268,NA
"1842","...81157","MiamiBeach","04/17/2019 10:16:00","17","Total_Nitrogen",0.111,"mg/L",25.8052,-80.1268,NA
"1843","...81158","MiamiBeach","05/17/2019 13:21:00","54","Total_Nitrogen",0.286,"mg/L",25.7965,-80.1425,NA
"1844","...81159","MiamiBeach","04/18/2017 12:25:00","54","Total_Nitrogen",0.565,"mg/L",25.7965,-80.1425,NA
"1845","...81160","MiamiBeach","05/16/2018 12:50:00","59","Total_Nitrogen",0.405,"mg/L",25.7933,-80.1451,NA
"1846","...81161","MiamiBeach","07/19/2018 09:27:00","45","Total_Nitrogen",0.693,"mg/L",25.767,-80.137,NA
"1847","...81162","MiamiBeach","01/23/2019 11:46:00","34","Total_Nitrogen",0.295,"mg/L",25.7858,-80.1656,NA
"1848","...81163","MiamiBeach","02/25/2019 12:15:00","31","Total_Nitrogen",0.363,"mg/L",25.788,-80.1627,NA
"1849","...81164","MiamiBeach","06/22/2017 11:30:00","28","Total_Nitrogen",0.493,"mg/L",25.7874,-80.155,NA
"1850","...81165","MiamiBeach","08/04/2017 14:03:00","16","Total_Nitrogen",0.55,"mg/L",25.8051,-80.1269,NA
"1851","...81166","MiamiBeach","06/22/2017 11:05:00","32","Total_Nitrogen",0.5,"mg/L",25.7876,-80.1626,NA
"1852","...81167","MiamiBeach","12/14/2016 11:08:00","18","Total_Nitrogen",0.56,"mg/L",25.8075,-80.1251,NA
"1853","...81168","MiamiBeach","09/14/2016 10:40:00","18","Total_Nitrogen",0.545,"mg/L",25.8075,-80.1251,NA
"1854","...81169","MiamiBeach","04/18/2018 09:55:00","46","Total_Nitrogen",0.359,"mg/L",25.767,-80.1371,NA
"1855","...81170","MiamiBeach","04/18/2018 09:50:00","45","Total_Nitrogen",0.386,"mg/L",25.767,-80.137,NA
"1856","...81171","MiamiBeach","05/27/2020 10:11:00","63","Total_Nitrogen",0.306,"mg/L",25.781,-80.1616,NA
"1857","...81172","MiamiBeach","11/27/2018 11:01:00","36","Total_Nitrogen",0.379,"mg/L",25.7825,-80.1682,NA
"1858","...81173","MiamiBeach","11/27/2018 12:32:00","22","Total_Nitrogen",0.36,"mg/L",25.7942,-80.1628,NA
"1859","...81174","MiamiBeach","11/26/2018 10:33:00","18","Total_Nitrogen",0.517,"mg/L",25.8075,-80.1251,NA
"1860","...81175","MiamiBeach","10/13/2020 09:18:00","4","Total_Nitrogen",0.348,"mg/L",25.8463,-80.1282,NA
"1861","...81176","MiamiBeach","10/13/2020 10:32:00","71","Total_Nitrogen",0.269,"mg/L",25.867,-80.1243,NA
"1862","...81177","MiamiBeach","11/18/2020 09:52:00","68","Total_Nitrogen",0.35,"mg/L",25.8549,-80.1374,NA
"1863","...81178","MiamiBeach","01/29/2021 09:54:00","47","Total_Nitrogen",0.203,"mg/L",25.7741,-80.1418,NA
"1864","...81179","MiamiBeach","09/20/2018 11:10:00","39","Total_Nitrogen",0.446,"mg/L",25.7813,-80.1556,NA
"1865","...81180","MiamiBeach","11/09/2017 11:00:00","37","Total_Nitrogen",0.424,"mg/L",25.7776,-80.1565,NA
"1866","...81181","MiamiBeach","01/18/2017 09:19:00","52","Total_Nitrogen",0.431,"mg/L",25.7804,-80.1432,NA
"1867","...81182","MiamiBeach","01/11/2018 12:15:00","28","Total_Nitrogen",0.476,"mg/L",25.7874,-80.155,NA
"1868","...81183","MiamiBeach","06/23/2020 10:38:00","69","Total_Nitrogen",0.323,"mg/L",25.8586,-80.1259,NA
"1869","...81184","MiamiBeach","06/23/2020 13:14:00","60","Total_Nitrogen",0.243,"mg/L",25.7933,-80.1453,NA
"1870","...81185","MiamiBeach","07/31/2019 11:06:00","38","Total_Nitrogen",0.155,"mg/L",25.7775,-80.1562,NA
"1871","...81186","MiamiBeach","03/14/2023 00:00:00","19","Total_Nitrogen",0.426,"mg/L",25.8134,-80.1246,NA
"1872","...81187","MiamiBeach","03/29/2021 11:05:00","69","Total_Nitrogen",0.393,"mg/L",25.8586,-80.1259,NA
"1873","...81188","MiamiBeach","03/30/2021 09:32:00","52","Total_Nitrogen",0.303,"mg/L",25.7804,-80.1432,NA
"1874","...81189","MiamiBeach","04/15/2020 10:37:00","60","Total_Nitrogen",0.323,"mg/L",25.7933,-80.1453,NA
"1875","...81190","MiamiBeach","06/23/2020 09:58:00","68","Total_Nitrogen",0.325,"mg/L",25.8549,-80.1374,NA
"1876","...81191","MiamiBeach","07/31/2023 00:00:00","40","Total_Nitrogen",0.276,"mg/L",25.7813,-80.1552,NA
"1877","...81192","MiamiBeach","05/20/2022 10:42:00","29","Total_Nitrogen",0.265,"mg/L",25.7876,-80.1577,NA
"1878","...81193","MiamiBeach","11/15/2021 10:00:00","70","Total_Nitrogen",0.384,"mg/L",25.8642,-80.1291,NA
"1879","...81194","MiamiBeach","03/17/2020 09:25:00","4","Total_Nitrogen",0.243,"mg/L",25.8463,-80.1282,NA
"1880","...81195","MiamiBeach","08/16/2018 10:11:00","37","Total_Nitrogen",0.349,"mg/L",25.7776,-80.1565,NA
"1881","...81196","MiamiBeach","10/28/2021 09:46:00","68","Total_Nitrogen",0.247,"mg/L",25.8549,-80.1374,NA
"1882","...81197","MiamiBeach","11/15/2021 09:50:00","68","Total_Nitrogen",0.37,"mg/L",25.8549,-80.1374,NA
"1883","...81198","MiamiBeach","10/19/2023 00:00:00","30","Total_Nitrogen",0.313,"mg/L",25.7876,-80.1576,NA
"1884","...81199","MiamiBeach","08/12/2019 11:41:00","56","Total_Nitrogen",0.112,"mg/L",25.7917,-80.1451,NA
"1885","...81200","MiamiBeach","08/12/2019 12:22:00","54","Total_Nitrogen",0.125,"mg/L",25.7965,-80.1425,NA
"1886","...81201","MiamiBeach","09/25/2019 11:33:00","67","Total_Nitrogen",0.111,"mg/L",25.8388,-80.1225,NA
"1887","...81202","MiamiBeach","10/15/2020 10:03:00","52","Total_Nitrogen",0.273,"mg/L",25.7804,-80.1432,NA
"1888","...81203","MiamiBeach","01/28/2021 12:04:00","81","Total_Nitrogen",0.303,"mg/L",25.802142,-80.126487,NA
"1889","...81204","MiamiBeach","01/29/2021 10:55:00","34","Total_Nitrogen",0.253,"mg/L",25.7858,-80.1656,NA
"1890","...81205","MiamiBeach","08/16/2018 11:32:00","32","Total_Nitrogen",0.409,"mg/L",25.7876,-80.1626,NA
"1891","...81206","MiamiBeach","09/18/2018 13:20:00","42","Total_Nitrogen",0.405,"mg/L",25.8015,-80.1401,NA
"1892","...81207","MiamiBeach","09/20/2018 13:29:00","21","Total_Nitrogen",0.587,"mg/L",25.7933,-80.1629,NA
"1893","...81208","MiamiBeach","08/18/2017 12:50:00","60","Total_Nitrogen",0.21,"mg/L",25.7933,-80.1453,NA
"1894","...81209","MiamiBeach","03/16/2017 10:10:00","52","Total_Nitrogen",0.305,"mg/L",25.7804,-80.1432,NA
"1895","...81210","MiamiBeach","09/21/2017 11:34:00","34","Total_Nitrogen",0.484,"mg/L",25.7858,-80.1656,NA
"1896","...81211","MiamiBeach","10/04/2016 09:50:00","42","Total_Nitrogen",0.618,"mg/L",25.8015,-80.1401,NA
"1897","...81212","MiamiBeach","02/23/2017 11:45:00","27","Total_Nitrogen",0.485,"mg/L",25.7878,-80.155,NA
"1898","...81213","MiamiBeach","05/12/2017 12:50:00","59","Total_Nitrogen",0.438,"mg/L",25.7933,-80.1451,NA
"1899","...81214","MiamiBeach","02/09/2018 11:20:00","36","Total_Nitrogen",0.391,"mg/L",25.7825,-80.1682,NA
"1900","...81215","MiamiBeach","06/19/2018 15:13:00","9","Total_Nitrogen",0.508,"mg/L",25.8002,-80.1278,NA
"1901","...81216","MiamiBeach","07/19/2018 11:02:00","31","Total_Nitrogen",0.465,"mg/L",25.788,-80.1627,NA
"1902","...81217","MiamiBeach","10/12/2017 10:00:00","17","Total_Nitrogen",0.73,"mg/L",25.8052,-80.1268,NA
"1903","...81218","MiamiBeach","09/18/2018 10:23:00","61","Total_Nitrogen",0.427,"mg/L",25.8262,-80.134,NA
"1904","...81219","MiamiBeach","10/30/2018 12:12:00","30","Total_Nitrogen",0.325,"mg/L",25.7876,-80.1576,NA
"1905","...81220","MiamiBeach","10/30/2018 11:45:00","34","Total_Nitrogen",0.351,"mg/L",25.7858,-80.1656,NA
"1906","...81221","MiamiBeach","01/23/2019 11:57:00","31","Total_Nitrogen",0.295,"mg/L",25.788,-80.1627,NA
"1907","...81222","MiamiBeach","03/08/2018 09:46:00","46","Total_Nitrogen",0.377,"mg/L",25.767,-80.1371,NA
"1908","...81223","MiamiBeach","01/11/2018 11:17:00","39","Total_Nitrogen",0.466,"mg/L",25.7813,-80.1556,NA
"1909","...81224","MiamiBeach","09/12/2016 10:40:00","28","Total_Nitrogen",0.47,"mg/L",25.7874,-80.155,NA
"1910","...81225","MiamiBeach","04/14/2020 09:48:00","71","Total_Nitrogen",0.263,"mg/L",25.867,-80.1243,NA
"1911","...81226","MiamiBeach","04/15/2020 10:33:00","56","Total_Nitrogen",0.353,"mg/L",25.7917,-80.1451,NA
"1912","...81227","MiamiBeach","05/26/2020 10:10:00","71","Total_Nitrogen",0.51,"mg/L",25.867,-80.1243,NA
"1913","...81228","MiamiBeach","01/10/2018 10:15:00","4","Total_Nitrogen",0.45,"mg/L",25.8463,-80.1282,NA
"1914","...81229","MiamiBeach","12/19/2017 11:58:00","36","Total_Nitrogen",0.432,"mg/L",25.7825,-80.1682,NA
"1915","...81230","MiamiBeach","12/19/2017 12:22:00","29","Total_Nitrogen",0.748,"mg/L",25.7876,-80.1577,NA
"1916","...81231","MiamiBeach","01/11/2018 13:55:00","9","Total_Nitrogen",0.571,"mg/L",25.8002,-80.1278,NA
"1917","...81232","MiamiBeach","08/26/2017 10:20:00","19","Total_Nitrogen",0.544,"mg/L",25.8134,-80.1246,NA
"1918","...81233","MiamiBeach","07/18/2018 11:28:00","16","Total_Nitrogen",0.475,"mg/L",25.8051,-80.1269,NA
"1919","...81234","MiamiBeach","01/23/2019 09:52:00","45","Total_Nitrogen",0.275,"mg/L",25.767,-80.137,NA
"1920","...81235","MiamiBeach","01/23/2019 12:48:00","23","Total_Nitrogen",0.325,"mg/L",25.7954,-80.1592,NA
"1921","...81236","MiamiBeach","02/20/2019 14:30:00","59","Total_Nitrogen",0.412,"mg/L",25.7933,-80.1451,NA
"1922","...81237","MiamiBeach","06/13/2023 00:00:00","24","Total_Nitrogen",0.375,"mg/L",25.796,-80.159,NA
"1923","...81238","MiamiBeach","05/25/2021 14:06:00","54","Total_Nitrogen",0.293,"mg/L",25.7965,-80.1425,NA
"1924","...81239","MiamiBeach","06/17/2021 11:28:00","46","Total_Nitrogen",0.383,"mg/L",25.767,-80.1371,NA
"1925","...81240","MiamiBeach","04/16/2019 09:45:00","60","Total_Nitrogen",0.305,"mg/L",25.7933,-80.1453,NA
"1926","...81241","MiamiBeach","04/16/2019 10:42:00","46","Total_Nitrogen",0.195,"mg/L",25.767,-80.1371,NA
"1927","...81242","MiamiBeach","11/27/2018 09:35:00","48","Total_Nitrogen",0.335,"mg/L",25.7741,-80.1419,NA
"1928","...81243","MiamiBeach","10/04/2016 10:15:00","4","Total_Nitrogen",0.52,"mg/L",25.8463,-80.1282,NA
"1929","...81244","MiamiBeach","03/07/2018 12:21:00","56","Total_Nitrogen",0.469,"mg/L",25.7917,-80.1451,NA
"1930","...81245","MiamiBeach","04/18/2018 12:50:00","21","Total_Nitrogen",0.498,"mg/L",25.7933,-80.1629,NA
"1931","...81246","MiamiBeach","12/20/2017 13:02:00","9","Total_Nitrogen",0.63,"mg/L",25.8002,-80.1278,NA
"1932","...81247","MiamiBeach","11/26/2018 12:18:00","54","Total_Nitrogen",0.486,"mg/L",25.7965,-80.1425,NA
"1933","...81248","MiamiBeach","11/26/2018 11:25:00","2","Total_Nitrogen",0.532,"mg/L",25.8167,-80.139,NA
"1934","...81249","MiamiBeach","06/20/2023 00:00:00","31","Total_Nitrogen",0.261,"mg/L",25.788,-80.1627,NA
"1935","...81250","MiamiBeach","10/16/2019 09:56:00","67","Total_Nitrogen",0.155,"mg/L",25.8388,-80.1225,NA
"1936","...81251","MiamiBeach","11/19/2019 10:49:00","70","Total_Nitrogen",0.213,"mg/L",25.8642,-80.1291,NA
"1937","...81252","MiamiBeach","07/15/2021 12:56:00","46","Total_Nitrogen",0.246,"mg/L",25.767,-80.1371,NA
"1938","...81253","MiamiBeach","11/15/2021 11:10:00","66","Total_Nitrogen",0.336,"mg/L",25.8234,-80.1232,NA
"1939","...81254","MiamiBeach","05/20/2019 09:30:00","4","Total_Nitrogen",0.325,"mg/L",25.8463,-80.1282,NA
"1940","...81255","MiamiBeach","02/12/2020 11:50:00","22","Total_Nitrogen",0.283,"mg/L",25.7942,-80.1628,NA
"1941","...81256","MiamiBeach","03/14/2023 00:00:00","2","Total_Nitrogen",0.28,"mg/L",25.8167,-80.139,NA
"1942","...81257","MiamiBeach","08/25/2023 00:00:00","34","Total_Nitrogen",0.157,"mg/L",25.7858,-80.1656,NA
"1943","...81258","MiamiBeach","09/19/2023 00:00:00","33","Total_Nitrogen",0.231,"mg/L",25.7852,-80.1653,NA
"1944","...81259","MiamiBeach","02/24/2022 13:35:00","9","Total_Nitrogen",0.339,"mg/L",25.8002,-80.1278,NA
"1945","...81260","MiamiBeach","05/19/2022 11:19:00","16","Total_Nitrogen",0.298,"mg/L",25.8051,-80.1269,NA
"1946","...81261","MiamiBeach","09/01/2017 08:30:00","17","Total_Nitrogen",0.426,"mg/L",25.8052,-80.1268,NA
"1947","...81262","MiamiBeach","11/09/2017 10:33:00","48","Total_Nitrogen",0.405,"mg/L",25.7741,-80.1419,NA
"1948","...81263","MiamiBeach","04/15/2020 11:46:00","9","Total_Nitrogen",0.533,"mg/L",25.8002,-80.1278,NA
"1949","...81264","MiamiBeach","08/13/2020 11:25:00","74","Total_Nitrogen",2.57,"mg/L",25.7806,-80.1618,NA
"1950","...81265","MiamiBeach","09/23/2020 10:59:00","54","Total_Nitrogen",0.389,"mg/L",25.7965,-80.1425,NA
"1951","...81266","MiamiBeach","12/21/2020 13:41:00","42","Total_Nitrogen",0.363,"mg/L",25.8015,-80.1401,NA
"1952","...81267","MiamiBeach","02/12/2020 10:45:00","47","Total_Nitrogen",0.263,"mg/L",25.7741,-80.1418,NA
"1953","...81268","MiamiBeach","03/17/2020 11:51:00","17","Total_Nitrogen",0.353,"mg/L",25.8052,-80.1268,NA
"1954","...81269","MiamiBeach","03/18/2020 10:41:00","22","Total_Nitrogen",0.253,"mg/L",25.7942,-80.1628,NA
"1955","...81270","MiamiBeach","10/04/2016 10:55:00","19","Total_Nitrogen",0.426,"mg/L",25.8134,-80.1246,NA
"1956","...81271","MiamiBeach","10/04/2016 09:25:00","48","Total_Nitrogen",0.446,"mg/L",25.7741,-80.1419,NA
"1957","...81272","MiamiBeach","09/21/2017 10:48:00","38","Total_Nitrogen",0.488,"mg/L",25.7775,-80.1562,NA
"1958","...81273","MiamiBeach","02/23/2017 11:40:00","30","Total_Nitrogen",0.475,"mg/L",25.7876,-80.1576,NA
"1959","...81274","MiamiBeach","02/23/2017 11:55:00","25","Total_Nitrogen",0.575,"mg/L",25.7943,-80.1553,NA
"1960","...81275","MiamiBeach","02/23/2017 11:00:00","33","Total_Nitrogen",0.675,"mg/L",25.7852,-80.1653,NA
"1961","...81276","MiamiBeach","05/18/2017 10:45:00","35","Total_Nitrogen",1.31,"mg/L",25.7823,-80.168,NA
"1962","...81277","MiamiBeach","07/18/2018 10:11:00","4","Total_Nitrogen",0.425,"mg/L",25.8463,-80.1282,NA
"1963","...81278","MiamiBeach","08/16/2018 10:16:00","38","Total_Nitrogen",0.335,"mg/L",25.7775,-80.1562,NA
"1964","...81279","MiamiBeach","12/21/2021 10:25:00","42","Total_Nitrogen",0.268,"mg/L",25.8015,-80.1401,NA
"1965","...81280","MiamiBeach","03/21/2019 10:30:00","48","Total_Nitrogen",0.205,"mg/L",25.7741,-80.1419,NA
"1966","...81281","MiamiBeach","08/15/2017 11:07:00","40","Total_Nitrogen",0.236,"mg/L",25.7813,-80.1552,NA
"1967","...81282","MiamiBeach","10/03/2016 11:12:00","27","Total_Nitrogen",0.398,"mg/L",25.7878,-80.155,NA
"1968","...81283","MiamiBeach","11/14/2016 11:43:00","32","Total_Nitrogen",0.38,"mg/L",25.7876,-80.1626,NA
"1969","...81284","MiamiBeach","11/09/2017 10:47:00","52","Total_Nitrogen",0.398,"mg/L",25.7804,-80.1432,NA
"1970","...81285","MiamiBeach","04/18/2018 13:23:00","60","Total_Nitrogen",0.452,"mg/L",25.7933,-80.1453,NA
"1971","...81286","MiamiBeach","09/14/2016 09:15:00","42","Total_Nitrogen",0.503,"mg/L",25.8015,-80.1401,NA
"1972","...81287","MiamiBeach","05/26/2020 10:56:00","66","Total_Nitrogen",0.39,"mg/L",25.8234,-80.1232,NA
"1973","...81288","MiamiBeach","10/30/2018 11:58:00","32","Total_Nitrogen",0.345,"mg/L",25.7876,-80.1626,NA
"1974","...81289","MiamiBeach","11/26/2018 10:45:00","17","Total_Nitrogen",0.597,"mg/L",25.8052,-80.1268,NA
"1975","...81290","MiamiBeach","05/21/2021 11:00:00","22","Total_Nitrogen",0.303,"mg/L",25.7942,-80.1628,NA
"1976","...81291","MiamiBeach","05/21/2021 11:38:00","38","Total_Nitrogen",0.273,"mg/L",25.7775,-80.1562,NA
"1977","...81292","MiamiBeach","09/21/2021 13:07:00","9","Total_Nitrogen",0.25,"mg/L",25.8002,-80.1278,NA
"1978","...81293","MiamiBeach","09/22/2021 12:10:00","66","Total_Nitrogen",0.274,"mg/L",25.8234,-80.1232,NA
"1979","...81294","MiamiBeach","10/28/2021 09:21:00","82","Total_Nitrogen",0.255,"mg/L",25.840485,-80.132921,NA
"1980","...81295","MiamiBeach","12/20/2021 10:25:00","46","Total_Nitrogen",0.27,"mg/L",25.767,-80.1371,NA
"1981","...81296","MiamiBeach","09/21/2017 12:43:00","21","Total_Nitrogen",0.5,"mg/L",25.7933,-80.1629,NA
"1982","...81297","MiamiBeach","12/19/2017 13:16:00","60","Total_Nitrogen",0.537,"mg/L",25.7933,-80.1453,NA
"1983","...81298","MiamiBeach","06/22/2017 11:15:00","29","Total_Nitrogen",0.564,"mg/L",25.7876,-80.1577,NA
"1984","...81299","MiamiBeach","07/31/2023 00:00:00","27","Total_Nitrogen",0.298,"mg/L",25.7878,-80.155,NA
"1985","...81300","MiamiBeach","05/16/2018 11:25:00","2","Total_Nitrogen",0.46,"mg/L",25.8167,-80.139,NA
"1986","...81301","MiamiBeach","01/11/2023 00:00:00","24","Total_Nitrogen",0.273,"mg/L",25.796,-80.159,NA
"1987","...81302","MiamiBeach","12/22/2020 09:45:00","74","Total_Nitrogen",2.32,"mg/L",25.7806,-80.1618,NA
"1988","...81303","MiamiBeach","01/28/2021 09:52:00","68","Total_Nitrogen",0.363,"mg/L",25.8549,-80.1374,NA
"1989","...81304","MiamiBeach","01/29/2021 13:22:00","79","Total_Nitrogen",1.533,"mg/L",25.8531,-80.1295,NA
"1990","...81305","MiamiBeach","08/15/2017 11:25:00","36","Total_Nitrogen",0.189,"mg/L",25.7825,-80.1682,NA
"1991","...81306","MiamiBeach","08/15/2017 10:57:00","52","Total_Nitrogen",0.196,"mg/L",25.7804,-80.1432,NA
"1992","...81307","MiamiBeach","10/27/2017 13:05:00","47","Total_Nitrogen",0.377,"mg/L",25.7741,-80.1418,NA
"1993","...81308","MiamiBeach","10/27/2017 12:53:00","46","Total_Nitrogen",0.407,"mg/L",25.767,-80.1371,NA
"1994","...81309","MiamiBeach","07/28/2017 09:25:00","47","Total_Nitrogen",0.415,"mg/L",25.7741,-80.1418,NA
"1995","...81310","MiamiBeach","01/11/2018 11:30:00","63","Total_Nitrogen",0.449,"mg/L",25.781,-80.1616,NA
"1996","...81311","MiamiBeach","07/28/2017 11:02:00","34","Total_Nitrogen",0.545,"mg/L",25.7858,-80.1656,NA
"1997","...81312","MiamiBeach","10/27/2017 12:17:00","63","Total_Nitrogen",0.441,"mg/L",25.781,-80.1616,NA
"1998","...81313","MiamiBeach","10/27/2017 11:02:00","35","Total_Nitrogen",0.454,"mg/L",25.7823,-80.168,NA
"1999","...81314","MiamiBeach","05/29/2018 12:50:00","30","Total_Nitrogen",0.62,"mg/L",25.7876,-80.1576,NA
"2000","...81315","MiamiBeach","02/09/2018 10:48:00","39","Total_Nitrogen",0.438,"mg/L",25.7813,-80.1556,NA
"2001","...81316","MiamiBeach","09/14/2016 09:35:00","4","Total_Nitrogen",0.475,"mg/L",25.8463,-80.1282,NA
"2002","...81317","MiamiBeach","09/12/2016 11:10:00","38","Total_Nitrogen",0.469,"mg/L",25.7775,-80.1562,NA
"2003","...81318","MiamiBeach","09/20/2017 10:54:00","16","Total_Nitrogen",0.583,"mg/L",25.8051,-80.1269,NA
"2004","...81319","MiamiBeach","07/28/2017 11:41:00","26","Total_Nitrogen",0.595,"mg/L",25.7949,-80.1553,NA
"2005","...81320","MiamiBeach","08/16/2016 14:55:00","37","Total_Nitrogen",1.29,"mg/L",25.7776,-80.1565,NA
"2006","...81321","MiamiBeach","05/18/2017 11:55:00","22","Total_Nitrogen",0.485,"mg/L",25.7942,-80.1628,NA
"2007","...81322","MiamiBeach","11/09/2017 10:30:00","47","Total_Nitrogen",0.345,"mg/L",25.7741,-80.1418,NA
"2008","...81323","MiamiBeach","12/13/2016 10:22:00","52","Total_Nitrogen",0.392,"mg/L",25.7804,-80.1432,NA
"2009","...81324","MiamiBeach","04/18/2018 13:15:00","56","Total_Nitrogen",0.427,"mg/L",25.7917,-80.1451,NA
"2010","...81325","MiamiBeach","01/23/2019 12:18:00","30","Total_Nitrogen",0.335,"mg/L",25.7876,-80.1576,NA
"2011","...81326","MiamiBeach","09/18/2018 11:52:00","17","Total_Nitrogen",0.558,"mg/L",25.8052,-80.1268,NA
"2012","...81327","MiamiBeach","10/30/2018 13:08:00","23","Total_Nitrogen",0.396,"mg/L",25.7954,-80.1592,NA
"2013","...81328","MiamiBeach","05/25/2021 10:35:00","71","Total_Nitrogen",0.119,"mg/L",25.867,-80.1243,NA
"2014","...81329","MiamiBeach","06/17/2021 09:00:00","82","Total_Nitrogen",0.413,"mg/L",25.840485,-80.132921,NA
"2015","...81330","MiamiBeach","06/17/2021 14:37:00","79","Total_Nitrogen",0.663,"mg/L",25.8531,-80.1295,NA
"2016","...81331","MiamiBeach","11/16/2021 12:40:00","84","Total_Nitrogen",0.947,"mg/L",25.840485,-80.132921,NA
"2017","...81332","MiamiBeach","12/23/2019 10:09:00","71","Total_Nitrogen",0.33,"mg/L",25.867,-80.1243,NA
"2018","...81333","MiamiBeach","12/24/2019 09:37:00","74","Total_Nitrogen",2.3,"mg/L",25.7806,-80.1618,NA
"2019","...81334","MiamiBeach","06/13/2023 00:00:00","21","Total_Nitrogen",0.326,"mg/L",25.7933,-80.1629,NA
"2020","...81335","MiamiBeach","02/25/2022 10:28:00","69","Total_Nitrogen",0.265,"mg/L",25.8586,-80.1259,NA
"2021","...81336","MiamiBeach","03/31/2022 12:24:00","74","Total_Nitrogen",1.77,"mg/L",25.7806,-80.1618,NA
"2022","...81337","MiamiBeach","05/17/2019 10:21:00","38","Total_Nitrogen",0.155,"mg/L",25.7775,-80.1562,NA
"2023","...81338","MiamiBeach","06/19/2018 11:36:00","17","Total_Nitrogen",0.628,"mg/L",25.8052,-80.1268,NA
"2024","...81339","MiamiBeach","07/27/2017 12:48:00","42","Total_Nitrogen",0.406,"mg/L",25.8015,-80.1401,NA
"2025","...81340","MiamiBeach","11/09/2017 12:12:00","26","Total_Nitrogen",0.422,"mg/L",25.7949,-80.1553,NA
"2026","...81341","MiamiBeach","09/21/2017 11:58:00","30","Total_Nitrogen",0.461,"mg/L",25.7876,-80.1576,NA
"2027","...81342","MiamiBeach","12/19/2017 11:43:00","62","Total_Nitrogen",0.468,"mg/L",25.7808,-80.1617,NA
"2028","...81343","MiamiBeach","10/31/2018 12:25:00","42","Total_Nitrogen",0.302,"mg/L",25.8015,-80.1401,NA
"2029","...81344","MiamiBeach","09/21/2017 11:11:00","63","Total_Nitrogen",0.475,"mg/L",25.781,-80.1616,NA
"2030","...81345","MiamiBeach","10/03/2016 10:09:00","21","Total_Nitrogen",0.539,"mg/L",25.7933,-80.1629,NA
"2031","...81346","MiamiBeach","04/18/2017 10:20:00","18","Total_Nitrogen",0.483,"mg/L",25.8075,-80.1251,NA
"2032","...81347","MiamiBeach","08/04/2017 13:50:00","18","Total_Nitrogen",0.61,"mg/L",25.8075,-80.1251,NA
"2033","...81348","MiamiBeach","07/28/2017 10:18:00","38","Total_Nitrogen",0.525,"mg/L",25.7775,-80.1562,NA
"2034","...81349","MiamiBeach","09/26/2019 10:22:00","52","Total_Nitrogen",0.111,"mg/L",25.7804,-80.1432,NA
"2035","...81350","MiamiBeach","01/14/2020 11:35:00","56","Total_Nitrogen",0.243,"mg/L",25.7917,-80.1451,NA
"2036","...81351","MiamiBeach","06/13/2023 00:00:00","2","Total_Nitrogen",0.29,"mg/L",25.8167,-80.139,NA
"2037","...81352","MiamiBeach","07/31/2023 00:00:00","31","Total_Nitrogen",0.311,"mg/L",25.788,-80.1627,NA
"2038","...81353","MiamiBeach","08/25/2023 00:00:00","27","Total_Nitrogen",0.156,"mg/L",25.7878,-80.155,NA
"2039","...81354","MiamiBeach","02/25/2022 13:01:00","42","Total_Nitrogen",0.245,"mg/L",25.8015,-80.1401,NA
"2040","...81355","MiamiBeach","02/12/2020 12:23:00","56","Total_Nitrogen",0.253,"mg/L",25.7917,-80.1451,NA
"2041","...81356","MiamiBeach","02/23/2017 10:55:00","40","Total_Nitrogen",0.471,"mg/L",25.7813,-80.1552,NA
"2042","...81357","MiamiBeach","12/19/2017 12:48:00","23","Total_Nitrogen",0.526,"mg/L",25.7954,-80.1592,NA
"2043","...81358","MiamiBeach","01/11/2018 12:05:00","29","Total_Nitrogen",0.513,"mg/L",25.7876,-80.1577,NA
"2044","...81359","MiamiBeach","04/19/2018 11:11:00","17","Total_Nitrogen",0.506,"mg/L",25.8052,-80.1268,NA
"2045","...81360","MiamiBeach","02/23/2017 11:10:00","35","Total_Nitrogen",1.31,"mg/L",25.7823,-80.168,NA
"2046","...81361","MiamiBeach","02/09/2018 10:35:00","52","Total_Nitrogen",0.408,"mg/L",25.7804,-80.1432,NA
"2047","...81362","MiamiBeach","04/17/2019 11:25:00","71","Total_Nitrogen",0.111,"mg/L",25.867,-80.1243,NA
"2048","...81363","MiamiBeach","06/26/2019 13:15:00","9","Total_Nitrogen",0.444,"mg/L",25.8002,-80.1278,NA
"2049","...81364","MiamiBeach","08/14/2020 12:04:00","66","Total_Nitrogen",0.176,"mg/L",25.8234,-80.1232,NA
"2050","...81365","MiamiBeach","11/18/2020 12:57:00","42","Total_Nitrogen",0.341,"mg/L",25.8015,-80.1401,NA
"2051","...81366","MiamiBeach","11/15/2016 13:05:00","4","Total_Nitrogen",0.489,"mg/L",25.8463,-80.1282,NA
"2052","...81367","MiamiBeach","03/08/2018 10:37:00","37","Total_Nitrogen",0.418,"mg/L",25.7776,-80.1565,NA
"2053","...81368","MiamiBeach","03/08/2018 11:58:00","28","Total_Nitrogen",0.521,"mg/L",25.7874,-80.155,NA
"2054","...81369","MiamiBeach","08/12/2019 10:11:00","74","Total_Nitrogen",2.36,"mg/L",25.7806,-80.1618,NA
"2055","...81370","MiamiBeach","07/29/2019 10:42:00","66","Total_Nitrogen",0.335,"mg/L",25.8234,-80.1232,NA
"2056","...81371","MiamiBeach","05/16/2018 10:49:00","16","Total_Nitrogen",0.457,"mg/L",25.8051,-80.1269,NA
"2057","...81372","MiamiBeach","06/18/2018 11:52:00","29","Total_Nitrogen",0.469,"mg/L",25.7876,-80.1577,NA
"2058","...81373","MiamiBeach","07/19/2018 09:40:00","47","Total_Nitrogen",0.415,"mg/L",25.7741,-80.1418,NA
"2059","...81374","MiamiBeach","07/19/2018 10:37:00","35","Total_Nitrogen",0.545,"mg/L",25.7823,-80.168,NA
"2060","...81375","MiamiBeach","02/25/2022 11:37:00","81","Total_Nitrogen",0.291,"mg/L",25.802142,-80.126487,NA
"2061","...81376","MiamiBeach","07/30/2020 09:18:00","46","Total_Nitrogen",0.273,"mg/L",25.767,-80.1371,NA
"2062","...81377","MiamiBeach","08/13/2020 10:40:00","46","Total_Nitrogen",0.173,"mg/L",25.767,-80.1371,NA
"2063","...81378","MiamiBeach","12/22/2020 12:53:00","79","Total_Nitrogen",1.533,"mg/L",25.8531,-80.1295,NA
"2064","...81379","MiamiBeach","05/18/2017 10:00:00","52","Total_Nitrogen",0.482,"mg/L",25.7804,-80.1432,NA
"2065","...81380","MiamiBeach","03/08/2018 11:20:00","33","Total_Nitrogen",0.417,"mg/L",25.7852,-80.1653,NA
"2066","...81381","MiamiBeach","05/18/2017 10:30:00","38","Total_Nitrogen",0.442,"mg/L",25.7775,-80.1562,NA
"2067","...81382","MiamiBeach","11/14/2016 11:21:00","23","Total_Nitrogen",0.458,"mg/L",25.7954,-80.1592,NA
"2068","...81383","MiamiBeach","12/19/2017 11:45:00","63","Total_Nitrogen",0.532,"mg/L",25.781,-80.1616,NA
"2069","...81384","MiamiBeach","12/14/2016 09:21:00","25","Total_Nitrogen",0.434,"mg/L",25.7943,-80.1553,NA
"2070","...81385","MiamiBeach","06/19/2018 11:17:00","19","Total_Nitrogen",0.405,"mg/L",25.8134,-80.1246,NA
"2071","...81386","MiamiBeach","07/19/2018 10:28:00","63","Total_Nitrogen",0.415,"mg/L",25.781,-80.1616,NA
"2072","...81387","MiamiBeach","02/23/2017 12:00:00","26","Total_Nitrogen",0.473,"mg/L",25.7949,-80.1553,NA
"2073","...81388","MiamiBeach","07/19/2018 11:17:00","30","Total_Nitrogen",0.435,"mg/L",25.7876,-80.1576,NA
"2074","...81389","MiamiBeach","12/21/2021 09:16:00","83","Total_Nitrogen",0.275,"mg/L",25.840485,-80.132921,NA
"2075","...81390","MiamiBeach","02/20/2019 14:02:00","54","Total_Nitrogen",0.419,"mg/L",25.7965,-80.1425,NA
"2076","...81391","MiamiBeach","02/25/2019 12:33:00","28","Total_Nitrogen",0.355,"mg/L",25.7874,-80.155,NA
"2077","...81392","MiamiBeach","03/21/2019 12:47:00","30","Total_Nitrogen",0.29,"mg/L",25.7876,-80.1576,NA
"2078","...81393","MiamiBeach","11/14/2016 11:17:00","26","Total_Nitrogen",0.422,"mg/L",25.7949,-80.1553,NA
"2079","...81394","MiamiBeach","01/23/2019 10:40:00","52","Total_Nitrogen",0.315,"mg/L",25.7804,-80.1432,NA
"2080","...81395","MiamiBeach","01/23/2019 12:25:00","27","Total_Nitrogen",0.365,"mg/L",25.7878,-80.155,NA
"2081","...81396","MiamiBeach","03/21/2019 13:35:00","24","Total_Nitrogen",0.322,"mg/L",25.796,-80.159,NA
"2082","...81397","MiamiBeach","05/17/2019 10:05:00","52","Total_Nitrogen",0.145,"mg/L",25.7804,-80.1432,NA
"2083","...81398","MiamiBeach","06/26/2019 11:10:00","34","Total_Nitrogen",0.355,"mg/L",25.7858,-80.1656,NA
"2084","...81399","MiamiBeach","06/26/2019 11:23:00","22","Total_Nitrogen",0.325,"mg/L",25.7942,-80.1628,NA
"2085","...81400","MiamiBeach","11/14/2016 11:10:00","25","Total_Nitrogen",0.438,"mg/L",25.7943,-80.1553,NA
"2086","...81401","MiamiBeach","08/11/2017 11:35:00","9","Total_Nitrogen",0.463,"mg/L",25.8002,-80.1278,NA
"2087","...81402","MiamiBeach","04/14/2020 09:33:00","70","Total_Nitrogen",0.303,"mg/L",25.8642,-80.1291,NA
"2088","...81403","MiamiBeach","06/23/2020 11:14:00","66","Total_Nitrogen",0.313,"mg/L",25.8234,-80.1232,NA
"2089","...81404","MiamiBeach","07/14/2021 09:33:00","83","Total_Nitrogen",0.323,"mg/L",25.840485,-80.132921,NA
"2090","...81405","MiamiBeach","07/31/2023 00:00:00","36","Total_Nitrogen",0.351,"mg/L",25.7825,-80.1682,NA
"2091","...81406","MiamiBeach","09/20/2018 10:15:00","46","Total_Nitrogen",0.416,"mg/L",25.767,-80.1371,NA
"2092","...81407","MiamiBeach","02/09/2018 12:20:00","23","Total_Nitrogen",0.54,"mg/L",25.7954,-80.1592,NA
"2093","...81408","MiamiBeach","11/22/2023 00:00:00","16","Total_Nitrogen",0.356,"mg/L",25.8051,-80.1269,NA
"2094","...81409","MiamiBeach","02/25/2022 10:47:00","67","Total_Nitrogen",0.39,"mg/L",25.8388,-80.1225,NA
"2095","...81410","MiamiBeach","03/17/2020 10:36:00","69","Total_Nitrogen",0.363,"mg/L",25.8586,-80.1259,NA
"2096","...81411","MiamiBeach","01/11/2023 00:00:00","23","Total_Nitrogen",0.293,"mg/L",25.7954,-80.1592,NA
"2097","...81412","MiamiBeach","03/27/2023 00:00:00","31","Total_Nitrogen",0.328,"mg/L",25.788,-80.1627,NA
"2098","...81413","MiamiBeach","10/31/2018 10:49:00","19","Total_Nitrogen",0.477,"mg/L",25.8134,-80.1246,NA
"2099","...81414","MiamiBeach","05/21/2021 11:26:00","74","Total_Nitrogen",1,"mg/L",25.7806,-80.1618,NA
"2100","...81415","MiamiBeach","07/31/2023 00:00:00","26","Total_Nitrogen",0.357,"mg/L",25.7949,-80.1553,NA
"2101","...81416","MiamiBeach","10/15/2019 10:14:00","52","Total_Nitrogen",0.111,"mg/L",25.7804,-80.1432,NA
"2102","...81417","MiamiBeach","06/26/2019 09:50:00","46","Total_Nitrogen",0.445,"mg/L",25.767,-80.1371,NA
"2103","...81418","MiamiBeach","07/28/2017 11:10:00","31","Total_Nitrogen",0.585,"mg/L",25.788,-80.1627,NA
"2104","...81419","MiamiBeach","02/25/2019 12:25:00","30","Total_Nitrogen",0.36,"mg/L",25.7876,-80.1576,NA
"2105","...81420","MiamiBeach","03/21/2019 10:00:00","47","Total_Nitrogen",0.165,"mg/L",25.7741,-80.1418,NA
"2106","...81421","MiamiBeach","06/22/2017 11:53:00","21","Total_Nitrogen",0.58,"mg/L",25.7933,-80.1629,NA
"2107","...81422","MiamiBeach","07/28/2017 10:51:00","35","Total_Nitrogen",1.699,"mg/L",25.7823,-80.168,NA
"2108","...81423","MiamiBeach","08/17/2016 14:10:00","9","Total_Nitrogen",1,"mg/L",25.8002,-80.1278,NA
"2109","...81424","MiamiBeach","11/09/2017 11:33:00","33","Total_Nitrogen",0.384,"mg/L",25.7852,-80.1653,NA
"2110","...81425","MiamiBeach","11/14/2016 11:04:00","56","Total_Nitrogen",0.414,"mg/L",25.7917,-80.1451,NA
"2111","...81426","MiamiBeach","06/22/2017 11:40:00","26","Total_Nitrogen",0.447,"mg/L",25.7949,-80.1553,NA
"2112","...81427","MiamiBeach","09/12/2016 11:25:00","34","Total_Nitrogen",0.461,"mg/L",25.7858,-80.1656,NA
"2113","...81428","MiamiBeach","04/18/2018 12:46:00","24","Total_Nitrogen",0.468,"mg/L",25.796,-80.159,NA
"2114","...81429","MiamiBeach","04/14/2020 10:31:00","67","Total_Nitrogen",0.333,"mg/L",25.8388,-80.1225,NA
"2115","...81430","MiamiBeach","05/26/2020 10:42:00","67","Total_Nitrogen",0.53,"mg/L",25.8388,-80.1225,NA
"2116","...81431","MiamiBeach","07/29/2020 11:19:00","67","Total_Nitrogen",0.283,"mg/L",25.8388,-80.1225,NA
"2117","...81432","MiamiBeach","08/14/2020 09:37:00","4","Total_Nitrogen",0.173,"mg/L",25.8463,-80.1282,NA
"2118","...81433","MiamiBeach","07/19/2018 11:39:00","23","Total_Nitrogen",0.865,"mg/L",25.7954,-80.1592,NA
"2119","...81434","MiamiBeach","05/04/2021 10:44:00","60","Total_Nitrogen",0.373,"mg/L",25.7933,-80.1453,NA
"2120","...81435","MiamiBeach","09/25/2019 11:55:00","19","Total_Nitrogen",0.111,"mg/L",25.8134,-80.1246,NA
"2121","...81436","MiamiBeach","11/18/2020 10:07:00","70","Total_Nitrogen",0.373,"mg/L",25.8642,-80.1291,NA
"2122","...81437","MiamiBeach","12/21/2020 10:57:00","71","Total_Nitrogen",0.303,"mg/L",25.867,-80.1243,NA
"2123","...81438","MiamiBeach","07/31/2019 10:57:00","52","Total_Nitrogen",0.111,"mg/L",25.7804,-80.1432,NA
"2124","...81439","MiamiBeach","07/31/2019 11:37:00","22","Total_Nitrogen",0.355,"mg/L",25.7942,-80.1628,NA
"2125","...81440","MiamiBeach","07/31/2019 12:09:00","42","Total_Nitrogen",0.111,"mg/L",25.8015,-80.1401,NA
"2126","...81441","MiamiBeach","07/19/2018 10:50:00","33","Total_Nitrogen",0.412,"mg/L",25.7852,-80.1653,NA
"2127","...81442","MiamiBeach","01/15/2020 11:47:00","66","Total_Nitrogen",0.343,"mg/L",25.8234,-80.1232,NA
"2128","...81443","MiamiBeach","09/20/2018 10:29:00","48","Total_Nitrogen",0.409,"mg/L",25.7741,-80.1419,NA
"2129","...81444","MiamiBeach","01/17/2017 09:55:00","38","Total_Nitrogen",0.348,"mg/L",25.7775,-80.1562,NA
"2130","...81445","MiamiBeach","12/13/2016 10:26:00","39","Total_Nitrogen",0.42,"mg/L",25.7813,-80.1556,NA
"2131","...81446","MiamiBeach","03/16/2017 10:35:00","38","Total_Nitrogen",0.405,"mg/L",25.7775,-80.1562,NA
"2132","...81447","MiamiBeach","11/14/2016 12:19:00","29","Total_Nitrogen",0.444,"mg/L",25.7876,-80.1577,NA
"2133","...81448","MiamiBeach","05/12/2017 12:00:00","42","Total_Nitrogen",0.444,"mg/L",25.8015,-80.1401,NA
"2134","...81449","MiamiBeach","09/25/2019 12:11:00","17","Total_Nitrogen",0.375,"mg/L",25.8052,-80.1268,NA
"2135","...81450","MiamiBeach","07/18/2022 11:49:00","19","Total_Nitrogen",0.413,"mg/L",25.8134,-80.1246,NA
"2136","...81451","MiamiBeach","05/30/2023 00:00:00","27","Total_Nitrogen",0.364,"mg/L",25.7878,-80.155,NA
"2137","...81452","MiamiBeach","09/22/2020 10:55:00","69","Total_Nitrogen",0.423,"mg/L",25.8586,-80.1259,NA
"2138","...81453","MiamiBeach","06/13/2023 00:00:00","4","Total_Nitrogen",0.238,"mg/L",25.8463,-80.1282,NA
"2139","...81454","MiamiBeach","05/29/2018 11:24:00","39","Total_Nitrogen",0.6,"mg/L",25.7813,-80.1556,NA
"2140","...81455","MiamiBeach","06/18/2018 09:51:00","46","Total_Nitrogen",0.438,"mg/L",25.767,-80.1371,NA
"2141","...81456","MiamiBeach","07/18/2018 12:02:00","2","Total_Nitrogen",0.545,"mg/L",25.8167,-80.139,NA
"2142","...81457","MiamiBeach","03/18/2020 10:50:00","56","Total_Nitrogen",0.263,"mg/L",25.7917,-80.1451,NA
"2143","...81458","MiamiBeach","03/14/2023 00:00:00","17","Total_Nitrogen",0.34,"mg/L",25.8052,-80.1268,NA
"2144","...81459","MiamiBeach","11/15/2021 09:15:00","82","Total_Nitrogen",0.395,"mg/L",25.840485,-80.132921,NA
"2145","...81460","MiamiBeach","11/15/2021 13:10:00","56","Total_Nitrogen",0.343,"mg/L",25.7917,-80.1451,NA
"2146","...81461","MiamiBeach","11/16/2021 10:20:00","47","Total_Nitrogen",0.295,"mg/L",25.7741,-80.1418,NA
"2147","...81462","MiamiBeach","03/27/2023 00:00:00","40","Total_Nitrogen",0.458,"mg/L",25.7813,-80.1552,NA
"2148","...81463","MiamiBeach","02/25/2022 09:30:00","78","Total_Nitrogen",1.415,"mg/L",25.8499,-80.1367,NA
"2149","...81464","MiamiBeach","03/31/2022 13:15:00","9","Total_Nitrogen",0.328,"mg/L",25.8002,-80.1278,NA
"2150","...81465","MiamiBeach","11/18/2019 11:56:00","74","Total_Nitrogen",0.77,"mg/L",25.7806,-80.1618,NA
"2151","...81466","MiamiBeach","08/12/2019 11:21:00","38","Total_Nitrogen",0.112,"mg/L",25.7775,-80.1562,NA
"2152","...81467","MiamiBeach","10/13/2020 11:08:00","67","Total_Nitrogen",0.275,"mg/L",25.8388,-80.1225,NA
"2153","...81468","MiamiBeach","10/13/2020 11:46:00","17","Total_Nitrogen",0.283,"mg/L",25.8052,-80.1268,NA
"2154","...81469","MiamiBeach","10/15/2020 09:01:00","56","Total_Nitrogen",0.463,"mg/L",25.7917,-80.1451,NA
"2155","...81470","MiamiBeach","10/15/2020 12:15:00","79","Total_Nitrogen",0.923,"mg/L",25.8531,-80.1295,NA
"2156","...81471","MiamiBeach","12/21/2020 10:40:00","70","Total_Nitrogen",0.313,"mg/L",25.8642,-80.1291,NA
"2157","...81472","MiamiBeach","01/29/2021 10:40:00","74","Total_Nitrogen",1.12,"mg/L",25.7806,-80.1618,NA
"2158","...81473","MiamiBeach","04/30/2021 11:39:00","66","Total_Nitrogen",0.373,"mg/L",25.8234,-80.1232,NA
"2159","...81474","MiamiBeach","08/13/2019 10:04:00","4","Total_Nitrogen",0.145,"mg/L",25.8463,-80.1282,NA
"2160","...81475","MiamiBeach","09/23/2020 13:25:00","9","Total_Nitrogen",0.293,"mg/L",25.8002,-80.1278,NA
"2161","...81476","MiamiBeach","11/18/2020 10:37:00","69","Total_Nitrogen",0.375,"mg/L",25.8586,-80.1259,NA
"2162","...81477","MiamiBeach","12/21/2020 10:13:00","68","Total_Nitrogen",0.323,"mg/L",25.8549,-80.1374,NA
"2163","...81478","MiamiBeach","10/30/2018 09:51:00","46","Total_Nitrogen",0.325,"mg/L",25.767,-80.1371,NA
"2164","...81479","MiamiBeach","08/16/2018 11:51:00","27","Total_Nitrogen",0.393,"mg/L",25.7878,-80.155,NA
"2165","...81480","MiamiBeach","09/20/2018 12:32:00","29","Total_Nitrogen",0.59,"mg/L",25.7876,-80.1577,NA
"2166","...81481","MiamiBeach","07/19/2018 11:48:00","21","Total_Nitrogen",0.483,"mg/L",25.7933,-80.1629,NA
"2167","...281751","DERM_BBWQ","07/11/2024 12:00:00","CG03","Total_Nitrogen",0.69,"mg/L",25.738545,-80.286792,0.5
"2168","...281758","DERM_BBWQ","08/08/2024 10:10:00","SP08","Total_Nitrogen",0.89,"mg/L",25.7154804,-80.3829744,0.5
"2169","...281793","DERM_BBWQ","09/09/2024 09:05:00","BB17","Total_Nitrogen",0.51,"mg/L",25.802675,-80.1659703,0.5
"2170","...281794","DERM_BBWQ","08/05/2024 09:15:00","OSC2","Total_Nitrogen",2.25,"mg/L",25.890008,-80.243468,0.5
"2171","...281865","DERM_BBWQ","09/12/2024 10:00:00","SP08","Total_Nitrogen",0.94,"mg/L",25.7154804,-80.3829744,0.5
"2172","...281867","DERM_BBWQ","08/06/2024 11:30:00","MR06","Total_Nitrogen",0.79,"mg/L",25.7954165,-80.2443892,0.5
"2173","...281902","DERM_BBWQ","07/08/2024 10:40:00","OL03","Total_Nitrogen",0.81,"mg/L",25.9637064,-80.1502022,0.5
"2174","...281904","DERM_BBWQ","07/10/2024 09:30:00","MI02","Total_Nitrogen",0.46,"mg/L",25.4893605,-80.3473436,0.5
"2175","...281908","DERM_BBWQ","08/07/2024 10:35:00","BISC101","Total_Nitrogen",0.24,"mg/L",25.4783316,-80.320831,0.5
"2176","...281917","DERM_BBWQ","08/05/2024 11:10:00","BB04","Total_Nitrogen",0.24,"mg/L",25.917671,-80.1257684,0.5
"2177","...281944","DERM_BBWQ","09/11/2024 10:30:00","GL02","Total_Nitrogen",2.41,"mg/L",25.5372206,-80.3330313,0.5
"2178","...281947","DERM_BBWQ","07/08/2024 11:05:00","BB02","Total_Nitrogen",0.48,"mg/L",25.9448704,-80.1277678,0.5
"2179","...282007","DERM_BBWQ","09/11/2024 08:50:00","BISC121","Total_Nitrogen",0.24,"mg/L",25.3549983,-80.291665,0.5
"2180","...282017","DERM_BBWQ","09/09/2024 08:30:00","BS04","Total_Nitrogen",1.05,"mg/L",25.8740728,-80.1814691,0.5
"2181","...282025","DERM_BBWQ","07/11/2024 09:00:00","CD05","Total_Nitrogen",0.2,"mg/L",25.6238368,-80.3436253,0.5
"2182","...282035","DERM_BBWQ","09/11/2024 09:55:00","PR04A","Total_Nitrogen",4.14,"mg/L",25.536972,-80.3895984,0.5
"2183","...282049","DERM_BBWQ","09/12/2024 10:30:00","BBY4","Total_Nitrogen",0.55,"mg/L",25.599304,-80.275107,0.5
"2184","...282822","DERM_BBWQ","09/10/2024 09:45:00","BBMB1","Total_Nitrogen",0.24,"mg/L",25.4659,-80.38429,0.5
"2185","...282827","DERM_BBWQ","09/11/2024 08:30:00","BB38","Total_Nitrogen",0.24,"mg/L",25.5196864,-80.2393748,0.5
"2186","...282838","DERM_BBWQ","09/11/2024 09:15:00","MW13","Total_Nitrogen",0.7,"mg/L",25.5174877,-80.5425794,0.5
"2187","...282848","DERM_BBWQ","07/11/2024 09:25:00","BISC127","Total_Nitrogen",0.24,"mg/L",25.6299983,-80.25,0.5
"2188","...282856","DERM_BBWQ","08/08/2024 09:25:00","SP04","Total_Nitrogen",0.79,"mg/L",25.6740799,-80.2840729,0.5
"2189","...282864","DERM_BBWQ","09/09/2024 10:50:00","AC01","Total_Nitrogen",0.3,"mg/L",25.9006722,-80.1443668,0.5
"2190","...282874","DERM_BBWQ","09/10/2024 11:10:00","MR05","Total_Nitrogen",0.94,"mg/L",25.7857488,-80.2266574,0.5
"2191","...282881","DERM_BBWQ","07/10/2024 09:40:00","BB50","Total_Nitrogen",0.54,"mg/L",25.2298977,-80.3767774,0.5
"2192","...282903","DERM_BBWQ","08/07/2024 10:40:00","BL04","Total_Nitrogen",1.58,"mg/L",25.568404,-80.363504,0.5
"2193","...283777","DERM_BBWQ","02/01/2021 10:50:00","BS11","Total_Nitrogen",1.382,"mg/L",25.927833,-80.35815,0.5
"2194","...283785","DERM_BBWQ","05/08/2024 11:00:00","BL02","Total_Nitrogen",0.75,"mg/L",25.5411866,-80.3284753,0.5
"2195","...283808","DERM_BBWQ","05/07/2024 08:30:00","TM05","Total_Nitrogen",1.06,"mg/L",25.7625448,-80.3202984,0.5
"2196","...283810","DERM_BBWQ","05/06/2024 08:40:00","LR07","Total_Nitrogen",0.88,"mg/L",25.87107,-80.25103,0.5
"2197","...283819","DERM_BBWQ","02/02/2021 09:05:00","BB24","Total_Nitrogen",0.26,"mg/L",25.7665764,-80.1405694,0.5
"2198","...283842","DERM_BBWQ","01/05/2021 08:35:00","BB26","Total_Nitrogen",0.286,"mg/L",25.747777,-80.1850708,0.5
"2199","...283844","DERM_BBWQ","01/07/2021 08:30:00","CG07","Total_Nitrogen",0.586,"mg/L",25.7410796,-80.3106721,0.5
"2200","...283868","DERM_BBWQ","06/05/2024 11:30:00","BL06","Total_Nitrogen",0.86,"mg/L",25.53604325,-80.32527118,0.5
"2201","...283879","DERM_BBWQ","03/01/2021 10:20:00","BB09","Total_Nitrogen",0.35,"mg/L",25.871374,-80.1550667,0.5
"2202","...283880","DERM_BBWQ","03/03/2021 10:15:00","BB51","Total_Nitrogen",0.55,"mg/L",25.251496,-80.4140785,0.5
"2203","...283901","DERM_BBWQ","02/02/2021 09:55:00","MR15","Total_Nitrogen",0.579,"mg/L",25.8959808,-80.379429,0.5
"2204","...283906","DERM_BBWQ","02/03/2021 11:25:00","MW05","Total_Nitrogen",4.757,"mg/L",25.521443,-80.4435492,0.5
"2205","...283911","DERM_BBWQ","02/03/2021 10:40:00","BISC122","Total_Nitrogen",0.341,"mg/L",25.4133316,-80.295,0.5
"2206","...283940","DERM_BBWQ","05/08/2024 09:40:00","MI02","Total_Nitrogen",0.49,"mg/L",25.4893605,-80.3473436,0.5
"2207","...283954","DERM_BBWQ","05/08/2024 08:30:00","AR03","Total_Nitrogen",0.42,"mg/L",25.2890129,-80.4430649,0.5
"2208","...283971","DERM_BBWQ","05/06/2024 08:30:00","BS04","Total_Nitrogen",0.49,"mg/L",25.8740728,-80.1814691,0.5
"2209","...283983","DERM_BBWQ","06/03/2024 11:35:00","BB02","Total_Nitrogen",0.17,"mg/L",25.9448704,-80.1277678,0.5
"2210","...283994","DERM_BBWQ","02/03/2021 09:40:00","MI03","Total_Nitrogen",1.007,"mg/L",25.4894593,-80.3635494,0.5
"2211","...284004","DERM_BBWQ","01/07/2021 11:15:00","BBKB1","Total_Nitrogen",0.226,"mg/L",25.69801,-80.17428,0.5
"2212","...284005","DERM_BBWQ","01/05/2021 09:20:00","TM08","Total_Nitrogen",0.83,"mg/L",25.761778,-80.4810792,0.5
"2213","...284037","DERM_BBWQ","06/04/2024 11:50:00","DDC1","Total_Nitrogen",0.62,"mg/L",25.826103,-80.385617,0.5
"2214","...284040","DERM_BBWQ","06/06/2024 09:45:00","BBY4","Total_Nitrogen",0.14,"mg/L",25.599304,-80.275107,0.5
"2215","...284050","DERM_BBWQ","06/03/2024 09:10:00","AC06","Total_Nitrogen",0.88,"mg/L",25.9083837,-80.1636707,0.5
"2216","...284053","DERM_BBWQ","03/02/2021 11:05:00","CM02","Total_Nitrogen",0.428,"mg/L",25.78348,-80.23984,0.5
"2217","...284070","DERM_BBWQ","03/03/2021 10:05:00","MW13","Total_Nitrogen",0.701,"mg/L",25.5174877,-80.5425794,0.5
"2218","...284071","DERM_BBWQ","03/03/2021 11:35:00","NO07A","Total_Nitrogen",1.618,"mg/L",25.4628912,-80.4038901,0.5
"2219","...284131","DERM_BBWQ","03/02/2021 08:30:00","BB26","Total_Nitrogen",0.341,"mg/L",25.747777,-80.1850708,0.5
"2220","...284168","DERM_BBWQ","06/05/2024 09:35:00","BB48","Total_Nitrogen",0.22,"mg/L",25.308595,-80.3488753,0.5
"2221","...284173","DERM_BBWQ","02/03/2021 09:35:00","BB48","Total_Nitrogen",0.44,"mg/L",25.308595,-80.3488753,0.5
"2222","...284179","DERM_BBWQ","06/05/2024 10:25:00","MI03","Total_Nitrogen",0.49,"mg/L",25.4894593,-80.3635494,0.5
"2223","...284185","DERM_BBWQ","05/07/2024 09:05:00","CM04","Total_Nitrogen",0.78,"mg/L",25.78272272,-80.26952901,0.5
"2224","...284192","DERM_BBWQ","01/05/2021 09:20:00","BBMB1","Total_Nitrogen",0.292,"mg/L",25.4659,-80.38429,0.5
"2225","...284193","DERM_BBWQ","01/07/2021 09:55:00","BBMB4","Total_Nitrogen",0.282,"mg/L",25.846566,-80.127483,0.5
"2226","...284195","DERM_BBWQ","05/07/2024 11:20:00","MR06","Total_Nitrogen",0.57,"mg/L",25.7954165,-80.2443892,0.5
"2227","...284200","DERM_BBWQ","01/05/2021 10:55:00","TM03A","Total_Nitrogen",0.676,"mg/L",25.7937979,-80.2625108,0.5
"2228","...284215","DERM_BBWQ","03/03/2021 08:55:00","BISC121","Total_Nitrogen",0.31,"mg/L",25.3549983,-80.291665,0.5
"2229","...284224","DERM_BBWQ","06/04/2024 10:45:00","CM04","Total_Nitrogen",0.8,"mg/L",25.78272272,-80.26952901,0.62
"2230","...284271","DERM_BBWQ","02/01/2021 12:05:00","SK01","Total_Nitrogen",0.194,"mg/L",25.9294714,-80.1503688,0.5
"2231","...284307","DERM_BBWQ","01/06/2021 09:30:00","BB48","Total_Nitrogen",0.273,"mg/L",25.308595,-80.3488753,0.5
"2232","...284323","DERM_BBWQ","02/01/2021 11:15:00","BB04","Total_Nitrogen",0.152,"mg/L",25.917671,-80.1257684,0.5
"2233","...284346","DERM_BBWQ","05/06/2024 12:20:00","BBMB2","Total_Nitrogen",0.06,"mg/L",25.80345,-80.145149,0.5
"2234","...284392","DERM_BBWQ","05/09/2024 07:45:00","CD04A","Total_Nitrogen",0.28,"mg/L",25.594937,-80.341127,0.5
"2235","...284400","DERM_BBWQ","02/02/2021 10:30:00","CM02","Total_Nitrogen",0.56,"mg/L",25.78348,-80.23984,0.5
"2236","...284412","DERM_BBWQ","02/04/2021 10:05:00","BB37","Total_Nitrogen",0.26,"mg/L",25.570684,-80.19177,0.5
"2237","...284448","DERM_BBWQ","06/05/2024 11:50:00","GL02","Total_Nitrogen",0.6,"mg/L",25.5372206,-80.3330313,0.5
"2238","...284453","DERM_BBWQ","06/04/2024 08:35:00","BB28","Total_Nitrogen",0.06,"mg/L",25.7291777,-80.1602691,0.5
"2239","...284461","DERM_BBWQ","03/04/2021 09:10:00","CD09","Total_Nitrogen",0.322,"mg/L",25.6658803,-80.4086772,0.5
"2240","...284466","DERM_BBWQ","01/04/2021 11:15:00","BB04","Total_Nitrogen",0.18,"mg/L",25.917671,-80.1257684,0.5
"2241","...284479","DERM_BBWQ","03/01/2021 11:10:00","BS11","Total_Nitrogen",1.677,"mg/L",25.927833,-80.35815,0.5
"2242","...284493","DERM_BBWQ","05/06/2024 11:45:00","BBMB4","Total_Nitrogen",0.06,"mg/L",25.846566,-80.127483,0.5
"2243","...284528","DERM_BBWQ","02/03/2021 09:25:00","MW04","Total_Nitrogen",2.04,"mg/L",25.4712872,-80.3792762,0.5
"2244","...284558","DERM_BBWQ","06/05/2024 11:35:00","BL01","Total_Nitrogen",0.64,"mg/L",25.5360433,-80.3252712,0.5
"2245","...284566","DERM_BBWQ","06/04/2024 09:30:00","TM08","Total_Nitrogen",0.92,"mg/L",25.761778,-80.4810792,0.5
"2246","...285688","DERM_BBWQ","05/07/2024 09:15:00","BB24","Total_Nitrogen",0.06,"mg/L",25.7665764,-80.1405694,0.5
"2247","...285706","DERM_BBWQ","05/08/2024 09:05:00","BB47","Total_Nitrogen",0.06,"mg/L",25.3367944,-80.3200766,0.5
"2248","...285733","DERM_BBWQ","03/03/2021 09:55:00","L31E1","Total_Nitrogen",0.498,"mg/L",25.4926466,-80.346775,0.5
"2249","...285745","DERM_BBWQ","06/04/2024 11:30:00","MR07","Total_Nitrogen",0.57,"mg/L",25.8072788,-80.2601771,0.5
"2250","...285787","DERM_BBWQ","01/06/2021 12:25:00","FC03","Total_Nitrogen",0.743,"mg/L",25.4480526,-80.3673826,0.5
"2251","...285790","DERM_BBWQ","03/01/2021 11:00:00","BB05A","Total_Nitrogen",0.25,"mg/L",25.9017218,-80.1422694,0.5
"2252","...285823","DERM_BBWQ","05/09/2024 08:40:00","SP01","Total_Nitrogen",0.32,"mg/L",25.6583676,-80.2659342,0.5
"2253","...285844","DERM_BBWQ","01/06/2021 09:50:00","BB50","Total_Nitrogen",0.344,"mg/L",25.2298977,-80.3767774,0.5
"2254","...285845","DERM_BBWQ","01/06/2021 09:05:00","MW04","Total_Nitrogen",2.45,"mg/L",25.4712872,-80.3792762,0.5
"2255","...285858","DERM_BBWQ","02/02/2021 10:55:00","MR05","Total_Nitrogen",0.588,"mg/L",25.7857488,-80.2266574,0.5
"2256","...285884","DERM_BBWQ","02/01/2021 10:10:00","BB09","Total_Nitrogen",0.222,"mg/L",25.871374,-80.1550667,0.5
"2257","...285889","DERM_BBWQ","06/03/2024 08:55:00","BB08","Total_Nitrogen",0.6,"mg/L",25.86423333,-80.17096667,0.5
"2258","...285896","DERM_BBWQ","01/04/2021 08:25:00","BS04","Total_Nitrogen",0.734,"mg/L",25.8740728,-80.1814691,0.5
"2259","...285906","DERM_BBWQ","03/03/2021 12:00:00","FC03","Total_Nitrogen",0.757,"mg/L",25.4480526,-80.3673826,0.5
"2260","...285917","DERM_BBWQ","06/05/2024 11:05:00","BL05","Total_Nitrogen",0.42,"mg/L",25.576314,-80.360246,0.5
"2261","...285929","DERM_BBWQ","06/03/2024 09:10:00","BS01","Total_Nitrogen",0.26,"mg/L",25.8720738,-80.1647689,0.5
"2262","...285946","DERM_BBWQ","02/01/2021 09:45:00","AC06","Total_Nitrogen",0.618,"mg/L",25.9083837,-80.1636707,0.5
"2263","...285956","DERM_BBWQ","05/06/2024 10:40:00","SK05","Total_Nitrogen",0.64,"mg/L",25.9596526,-80.2054001,0.5
"2264","...285958","DERM_BBWQ","05/08/2024 09:05:00","MW04","Total_Nitrogen",1.98,"mg/L",25.4712872,-80.3792762,0.5
"2265","...285974","DERM_BBWQ","06/03/2024 09:25:00","BB09","Total_Nitrogen",0.2,"mg/L",25.871374,-80.1550667,0.5
"2266","...285979","DERM_BBWQ","06/04/2024 08:40:00","TM06","Total_Nitrogen",1.17,"mg/L",25.762007,-80.348379,0.5
"2267","...285986","DERM_BBWQ","02/04/2021 09:10:00","SP08","Total_Nitrogen",1.042,"mg/L",25.7154804,-80.3829744,0.5
"2268","...285992","DERM_BBWQ","06/04/2024 11:15:00","MR06","Total_Nitrogen",0.59,"mg/L",25.7954165,-80.2443892,0.5
"2269","...286007","DERM_BBWQ","05/06/2024 10:30:00","AC02","Total_Nitrogen",0.06,"mg/L",25.8939883,-80.1540054,0.5
"2270","...286012","DERM_BBWQ","06/05/2024 10:55:00","PR03","Total_Nitrogen",4.06,"mg/L",25.5195182,-80.364046,0.5
"2271","...286032","DERM_BBWQ","02/04/2021 09:30:00","BB15A","Total_Nitrogen",0.312,"mg/L",25.81507571,-80.1752699,0.5
"2272","...286062","DERM_BBWQ","05/08/2024 10:00:00","MI03","Total_Nitrogen",0.54,"mg/L",25.4894593,-80.3635494,0.5
"2273","...286066","DERM_BBWQ","01/06/2021 10:40:00","BISC122","Total_Nitrogen",0.339,"mg/L",25.4133316,-80.295,0.5
"2274","...286115","DERM_BBWQ","06/06/2024 10:35:00","SP08","Total_Nitrogen",0.92,"mg/L",25.7154804,-80.3829744,0.5
"2275","...286117","DERM_BBWQ","06/05/2024 10:00:00","MI02","Total_Nitrogen",0.59,"mg/L",25.4893605,-80.3473436,0.5
"2276","...286125","DERM_BBWQ","02/04/2021 09:30:00","CD01A","Total_Nitrogen",0.391,"mg/L",25.95683333,-80.43063333,0.5
"2277","...286151","DERM_BBWQ","05/08/2024 09:30:00","MW05","Total_Nitrogen",3.63,"mg/L",25.521443,-80.4435492,0.5
"2278","...286153","DERM_BBWQ","05/09/2024 09:55:00","BB32","Total_Nitrogen",0.43,"mg/L",25.68568,-80.1835687,0.5
"2279","...286171","DERM_BBWQ","08/05/2024 10:05:00","BB13A","Total_Nitrogen",0.47,"mg/L",25.84363213,-80.16884056,0.5
"2280","...286190","DERM_BBWQ","09/12/2024 10:35:00","CG03","Total_Nitrogen",1.17,"mg/L",25.738545,-80.286792,0.5
"2281","...286213","DERM_BBWQ","08/07/2024 09:40:00","MI02","Total_Nitrogen",0.67,"mg/L",25.4893605,-80.3473436,0.5
"2282","...286236","DERM_BBWQ","07/11/2024 09:50:00","SP03","Total_Nitrogen",0.92,"mg/L",25.6890693,-80.2849226,0.5
"2283","...286262","DERM_BBWQ","08/07/2024 10:20:00","PR03","Total_Nitrogen",4.22,"mg/L",25.5195182,-80.364046,0.5
"2284","...286264","DERM_BBWQ","09/09/2024 09:00:00","LR08","Total_Nitrogen",1.1,"mg/L",25.8703617,-80.2907737,0.5
"2285","...286269","DERM_BBWQ","09/09/2024 11:50:00","BS07","Total_Nitrogen",0.82,"mg/L",25.9166356,-80.2114643,0.5
"2286","...293657","DERM_BBWQ","12/02/2024 08:55:00","LR08","Total_Nitrogen",1.36,"mg/L",25.8703617,-80.2907737,0.5
"2287","...293673","DERM_BBWQ","10/08/2024 10:50:00","CM02","Total_Nitrogen",0.61,"mg/L",25.78348,-80.23984,0.5
"2288","...293726","DERM_BBWQ","12/02/2024 11:35:00","SK09","Total_Nitrogen",0.81,"mg/L",25.964234,-80.3110905,0.5
"2289","...293730","DERM_BBWQ","12/03/2024 09:30:00","TM02","Total_Nitrogen",0.85,"mg/L",25.7855632,-80.2559449,0.5
"2290","...293753","DERM_BBWQ","12/02/2024 10:05:00","LR01","Total_Nitrogen",0.69,"mg/L",25.8451746,-80.1733678,0.5
"2291","...293757","DERM_BBWQ","12/02/2024 09:20:00","LR10","Total_Nitrogen",3.03,"mg/L",25.8695563,-80.3387186,0.5
"2292","...293777","DERM_BBWQ","11/04/2024 10:50:00","OC01","Total_Nitrogen",0.64,"mg/L",25.89776829,-80.24577639,0.5
"2293","...293783","DERM_BBWQ","11/04/2024 09:00:00","LR08","Total_Nitrogen",1.27,"mg/L",25.8703617,-80.2907737,0.5
"2294","...293793","DERM_BBWQ","11/07/2024 09:45:00","SP03","Total_Nitrogen",0.93,"mg/L",25.6890693,-80.2849226,0.5
"2295","...293795","DERM_BBWQ","12/02/2024 09:05:00","BB08","Total_Nitrogen",0.27,"mg/L",25.86423333,-80.17096667,0.5
"2296","...293799","DERM_BBWQ","11/05/2024 08:45:00","BB26","Total_Nitrogen",0.56,"mg/L",25.747777,-80.1850708,0.5
"2297","...293809","DERM_BBWQ","11/06/2024 08:35:00","AR03","Total_Nitrogen",0.57,"mg/L",25.2890129,-80.4430649,0.5
"2298","...293812","DERM_BBWQ","10/07/2024 12:10:00","SK09","Total_Nitrogen",0.88,"mg/L",25.964234,-80.3110905,0.5
"2299","...293834","DERM_BBWQ","12/05/2024 10:35:00","CG02A","Total_Nitrogen",0.52,"mg/L",25.714687,-80.280868,0.5
"2300","...293861","DERM_BBWQ","10/17/2024 09:20:00","CD03A","Total_Nitrogen",0.56,"mg/L",25.614657,-80.317532,0.5
"2301","...293867","DERM_BBWQ","10/07/2024 10:25:00","AC02","Total_Nitrogen",0.49,"mg/L",25.8939883,-80.1540054,0.5
"2302","...293875","DERM_BBWQ","11/04/2024 11:40:00","BS08","Total_Nitrogen",1.12,"mg/L",25.916139,-80.222213,0.5
"2303","...293883","DERM_BBWQ","11/07/2024 08:30:00","CG02","Total_Nitrogen",0.74,"mg/L",25.706066,-80.26086,0.5
"2304","...293911","DERM_BBWQ","10/07/2024 10:40:00","SK10","Total_Nitrogen",0.93,"mg/L",25.956833,-80.430633,0.5
"2305","...293913","DERM_BBWQ","11/12/2024 10:10:00","BB11","Total_Nitrogen",0.5,"mg/L",25.8464751,-80.1669677,0.5
"2306","...293930","DERM_BBWQ","12/02/2024 09:45:00","OL01","Total_Nitrogen",0.24,"mg/L",25.938348,-80.149601,0.5
"2307","...293945","DERM_BBWQ","12/03/2024 10:40:00","MR03","Total_Nitrogen",0.82,"mg/L",25.778711,-80.2072338,0.5
"2308","...293959","DERM_BBWQ","10/17/2024 08:30:00","CG02","Total_Nitrogen",0.77,"mg/L",25.706066,-80.26086,0.5
"2309","...293965","DERM_BBWQ","10/07/2024 09:05:00","AC03","Total_Nitrogen",0.96,"mg/L",25.8998739,-80.1622067,0.5
"2310","...293979","DERM_BBWQ","11/05/2024 11:25:00","MR05","Total_Nitrogen",0.92,"mg/L",25.7857488,-80.2266574,0.5
"2311","...293986","DERM_BBWQ","10/08/2024 09:40:00","TM08","Total_Nitrogen",0.98,"mg/L",25.761778,-80.4810792,0.5
"2312","...293991","DERM_BBWQ","10/08/2024 08:30:00","WC02","Total_Nitrogen",0.46,"mg/L",25.7843109,-80.2104451,0.5
"2313","...293999","DERM_BBWQ","11/06/2024 09:10:00","BB47","Total_Nitrogen",0.24,"mg/L",25.3367944,-80.3200766,0.5
"2314","...294006","DERM_BBWQ","11/04/2024 10:50:00","BB05A","Total_Nitrogen",0.24,"mg/L",25.9017218,-80.1422694,0.5
"2315","...294011","DERM_BBWQ","11/12/2024 10:55:00","BBMB4","Total_Nitrogen",0.24,"mg/L",25.846566,-80.127483,0.5
"2316","...294017","DERM_BBWQ","10/08/2024 08:40:00","TM05","Total_Nitrogen",0.94,"mg/L",25.7625448,-80.3202984,0.5
"2317","...294027","DERM_BBWQ","12/04/2024 11:35:00","PR01","Total_Nitrogen",2.79,"mg/L",25.5195874,-80.3319765,0.5
"2318","...294031","DERM_BBWQ","12/04/2024 08:55:00","BISC121","Total_Nitrogen",0.43,"mg/L",25.3549983,-80.291665,0.5
"2319","...294041","DERM_BBWQ","12/04/2024 09:55:00","BB50","Total_Nitrogen",0.24,"mg/L",25.2298977,-80.3767774,0.5
"2320","...294060","DERM_BBWQ","10/07/2024 08:40:00","LR06","Total_Nitrogen",1.28,"mg/L",25.8539749,-80.1927698,0.5
"2321","...294090","DERM_BBWQ","11/04/2024 10:45:00","SK05","Total_Nitrogen",0.96,"mg/L",25.9596526,-80.2054001,0.5
"2322","...294093","DERM_BBWQ","12/02/2024 09:50:00","BB09","Total_Nitrogen",0.28,"mg/L",25.871374,-80.1550667,0.5
"2323","...294103","DERM_BBWQ","11/07/2024 09:50:00","BISC127","Total_Nitrogen",0.24,"mg/L",25.6299983,-80.25,0.5
"2324","...294151","DERM_BBWQ","12/02/2024 11:05:00","BS10","Total_Nitrogen",1.33,"mg/L",25.9187361,-80.3244952,0.5
"2325","...294209","DERM_BBWQ","11/06/2024 10:55:00","BL04","Total_Nitrogen",0.87,"mg/L",25.568404,-80.363504,0.5
"2326","...294242","DERM_BBWQ","12/04/2024 10:20:00","MI02","Total_Nitrogen",0.61,"mg/L",25.4893605,-80.3473436,0.5
"2327","...294293","DERM_BBWQ","11/07/2024 09:10:00","CD03A","Total_Nitrogen",0.5,"mg/L",25.614657,-80.317532,0.5
"2328","...294302","DERM_BBWQ","12/02/2024 11:25:00","BB04","Total_Nitrogen",0.24,"mg/L",25.917671,-80.1257684,0.5
"2329","...294324","DERM_BBWQ","11/06/2024 11:25:00","BL06","Total_Nitrogen",1.09,"mg/L",25.53604325,-80.32527118,0.5
"2330","...294331","DERM_BBWQ","10/08/2024 09:00:00","TM06","Total_Nitrogen",0.87,"mg/L",25.762007,-80.348379,0.5
"2331","...294339","DERM_BBWQ","12/03/2024 08:40:00","WC03","Total_Nitrogen",0.56,"mg/L",25.7876538,-80.2150483,0.5
"2332","...294348","DERM_BBWQ","12/04/2024 12:15:00","BL02","Total_Nitrogen",0.62,"mg/L",25.5411866,-80.3284753,0.5
"2333","...294370","DERM_BBWQ","10/07/2024 09:55:00","BBMB3","Total_Nitrogen",0.24,"mg/L",25.825666,-80.13375,0.5
"2334","...294389","DERM_BBWQ","11/05/2024 09:30:00","TM08","Total_Nitrogen",0.89,"mg/L",25.761778,-80.4810792,0.5
"2335","...294431","DERM_BBWQ","10/17/2024 10:00:00","SP08","Total_Nitrogen",1,"mg/L",25.7154804,-80.3829744,0.5
"2336","...294434","DERM_BBWQ","11/12/2024 09:35:00","BB15A","Total_Nitrogen",0.44,"mg/L",25.81507571,-80.1752699,0.5
"2337","...294439","DERM_BBWQ","12/03/2024 10:05:00","TM03A","Total_Nitrogen",1.02,"mg/L",25.7937979,-80.2625108,0.5
"2338","...294474","DERM_BBWQ","10/17/2024 10:10:00","CD01A","Total_Nitrogen",0.6,"mg/L",25.95683333,-80.43063333,0.5
"2339","...294489","DERM_BBWQ","11/05/2024 09:20:00","TM02","Total_Nitrogen",0.93,"mg/L",25.7855632,-80.2559449,0.5
"2340","...294497","DERM_BBWQ","11/06/2024 10:00:00","MI03","Total_Nitrogen",0.54,"mg/L",25.4894593,-80.3635494,0.5
"2341","...294520","DERM_BBWQ","10/07/2024 09:40:00","SK02","Total_Nitrogen",0.97,"mg/L",25.9319891,-80.1523133,0.5
"2342","...294565","DERM_BBWQ","12/05/2024 10:05:00","BBY4","Total_Nitrogen",0.25,"mg/L",25.599304,-80.275107,0.5
"2343","...294588","DERM_BBWQ","11/04/2024 11:15:00","BS10","Total_Nitrogen",1.59,"mg/L",25.9187361,-80.3244952,0.5
"2344","...294598","DERM_BBWQ","11/04/2024 10:15:00","SK10","Total_Nitrogen",0.95,"mg/L",25.956833,-80.430633,0.5
"2345","...294642","DERM_BBWQ","12/05/2024 09:35:00","BISC127","Total_Nitrogen",0.24,"mg/L",25.6299983,-80.25,0.5
"2346","...294716","DERM_BBWQ","11/06/2024 12:15:00","BL12","Total_Nitrogen",0.96,"mg/L",25.6610226,-80.4306146,0.5
"2347","...294720","DERM_BBWQ","11/06/2024 09:50:00","BB48","Total_Nitrogen",0.64,"mg/L",25.308595,-80.3488753,0.5
"2348","...294730","DERM_BBWQ","11/06/2024 09:20:00","BBOR1","Total_Nitrogen",0.52,"mg/L",25.3237,-80.3072,0.5
"2349","...294744","DERM_BBWQ","12/04/2024 09:15:00","NO07A","Total_Nitrogen",1.97,"mg/L",25.4628912,-80.4038901,0.5
"2350","...294746","DERM_BBWQ","12/02/2024 10:15:00","OL03","Total_Nitrogen",1.17,"mg/L",25.9637064,-80.1502022,0.5
"2351","...294792","DERM_BBWQ","10/08/2024 10:25:00","MR01","Total_Nitrogen",0.62,"mg/L",25.770035,-80.1915094,0.5
"2352","...294810","DERM_BBWQ","12/02/2024 08:45:00","AC03","Total_Nitrogen",0.57,"mg/L",25.8998739,-80.1622067,0.5
"2353","...294823","DERM_BBWQ","11/06/2024 09:20:00","MW01","Total_Nitrogen",0.86,"mg/L",25.4707887,-80.3740089,0.5
"2354","...294828","DERM_BBWQ","11/07/2024 11:10:00","BB32","Total_Nitrogen",0.12,"mg/L",25.68568,-80.1835687,0.5
"2355","...294835","DERM_BBWQ","10/16/2024 11:30:00","PR03","Total_Nitrogen",4.65,"mg/L",25.5195182,-80.364046,0.5
"2356","...294847","DERM_BBWQ","10/16/2024 09:30:00","MW04","Total_Nitrogen",3.68,"mg/L",25.4712872,-80.3792762,0.5
"2357","...294854","DERM_BBWQ","10/16/2024 09:10:00","NO07A","Total_Nitrogen",1.34,"mg/L",25.4628912,-80.4038901,0.5
"2358","...294861","DERM_BBWQ","12/05/2024 10:05:00","SP08","Total_Nitrogen",1.25,"mg/L",25.7154804,-80.3829744,0.5
"2359","...294865","DERM_BBWQ","12/02/2024 12:35:00","SK01","Total_Nitrogen",0.46,"mg/L",25.9294714,-80.1503688,0.5
"2360","...294874","DERM_BBWQ","12/03/2024 10:50:00","MR11","Total_Nitrogen",1.28,"mg/L",25.841603,-80.306345,0.5
"2361","...294929","DERM_BBWQ","11/06/2024 09:00:00","BISC121","Total_Nitrogen",0.24,"mg/L",25.3549983,-80.291665,0.5
"2362","...294946","DERM_BBWQ","10/16/2024 09:25:00","MW05","Total_Nitrogen",4.86,"mg/L",25.521443,-80.4435492,0.5
"2363","...294956","DERM_BBWQ","12/03/2024 08:35:00","TM06","Total_Nitrogen",1.2,"mg/L",25.762007,-80.348379,0.5
"2364","...294965","DERM_BBWQ","12/05/2024 10:50:00","BB32","Total_Nitrogen",0.24,"mg/L",25.68568,-80.1835687,0.5
"2365","...294984","DERM_BBWQ","10/17/2024 09:10:00","CD02","Total_Nitrogen",0.62,"mg/L",25.6111839,-80.3098744,0.5
"2366","...294988","DERM_BBWQ","10/08/2024 10:40:00","MR02","Total_Nitrogen",1.08,"mg/L",25.7689853,-80.1978204,0.5
"2367","...295000","DERM_BBWQ","11/05/2024 08:30:00","TM05","Total_Nitrogen",0.9,"mg/L",25.7625448,-80.3202984,0.5
"2368","...295007","DERM_BBWQ","11/05/2024 08:30:00","WC02","Total_Nitrogen",0.52,"mg/L",25.7843109,-80.2104451,0.5
"2369","...295023","DERM_BBWQ","11/05/2024 11:40:00","DDC2","Total_Nitrogen",0.71,"mg/L",25.812261,-80.321703,0.5
"2370","...295079","DERM_BBWQ","12/04/2024 08:30:00","BB38","Total_Nitrogen",0.31,"mg/L",25.5196864,-80.2393748,0.5
"2371","...295090","DERM_BBWQ","12/02/2024 11:40:00","BBMB2","Total_Nitrogen",0.24,"mg/L",25.80345,-80.145149,0.5
"2372","...295091","DERM_BBWQ","12/03/2024 09:45:00","BB18","Total_Nitrogen",0.24,"mg/L",25.7868761,-80.1633701,0.5
"2373","...295095","DERM_BBWQ","12/04/2024 09:20:00","BBOR1","Total_Nitrogen",0.24,"mg/L",25.3237,-80.3072,0.5
"2374","...295100","DERM_BBWQ","10/07/2024 09:55:00","LR10","Total_Nitrogen",3.13,"mg/L",25.8695563,-80.3387186,0.5
"2375","...295108","DERM_BBWQ","10/17/2024 10:25:00","BBY4","Total_Nitrogen",0.24,"mg/L",25.599304,-80.275107,0.5
"2376","...295113","DERM_BBWQ","10/17/2024 10:50:00","CG07","Total_Nitrogen",1.04,"mg/L",25.7410796,-80.3106721,0.5
"2377","...295116","DERM_BBWQ","12/02/2024 10:40:00","BB14","Total_Nitrogen",0.24,"mg/L",25.8300761,-80.1585673,0.5
"2378","...295124","DERM_BBWQ","11/06/2024 10:15:00","PR04A","Total_Nitrogen",4.32,"mg/L",25.536972,-80.3895984,0.5
"2379","...295135","DERM_BBWQ","11/05/2024 09:50:00","MR08","Total_Nitrogen",0.89,"mg/L",25.8103755,-80.2642734,0.5
"2380","...295147","DERM_BBWQ","10/07/2024 09:45:00","OSC2","Total_Nitrogen",2,"mg/L",25.890008,-80.243468,0.5
"2381","...295154","DERM_BBWQ","11/04/2024 11:25:00","BB02","Total_Nitrogen",0.46,"mg/L",25.9448704,-80.1277678,0.5
"2382","...295160","DERM_BBWQ","10/08/2024 09:45:00","TM03A","Total_Nitrogen",0.7,"mg/L",25.7937979,-80.2625108,0.5
"2383","...295170","DERM_BBWQ","11/05/2024 09:55:00","BB18","Total_Nitrogen",0.24,"mg/L",25.7868761,-80.1633701,0.5
"2384","...295185","DERM_BBWQ","12/04/2024 11:30:00","BL01","Total_Nitrogen",0.24,"mg/L",25.5360433,-80.3252712,0.5
"2385","...295188","DERM_BBWQ","12/04/2024 10:45:00","BL03","Total_Nitrogen",1.16,"mg/L",25.5490482,-80.3481369,0.5
"2386","...295190","DERM_BBWQ","12/04/2024 12:55:00","BL12","Total_Nitrogen",0.76,"mg/L",25.6610226,-80.4306146,0.5
"2387","...295223","DERM_BBWQ","11/05/2024 08:45:00","WC03","Total_Nitrogen",0.53,"mg/L",25.7876538,-80.2150483,0.5
"2388","...295226","DERM_BBWQ","11/04/2024 10:50:00","BS11","Total_Nitrogen",1.57,"mg/L",25.927833,-80.35815,0.5
"2389","...295232","DERM_BBWQ","12/02/2024 11:50:00","BB02","Total_Nitrogen",0.27,"mg/L",25.9448704,-80.1277678,0.5
"2390","...295233","DERM_BBWQ","11/07/2024 09:30:00","SP01","Total_Nitrogen",0.87,"mg/L",25.6583676,-80.2659342,0.5
"2391","...295239","DERM_BBWQ","11/05/2024 08:55:00","BB22","Total_Nitrogen",0.24,"mg/L",25.7562781,-80.1742698,0.5
"2392","...295251","DERM_BBWQ","10/16/2024 11:25:00","PR08","Total_Nitrogen",0.95,"mg/L",25.5870676,-80.5112166,0.5
"2393","...295261","DERM_BBWQ","11/12/2024 09:20:00","BB15","Total_Nitrogen",0.24,"mg/L",25.8150757,-80.1752699,0.5
"2394","...295273","DERM_BBWQ","12/03/2024 08:50:00","TM07A","Total_Nitrogen",1.22,"mg/L",25.761291,-80.392942,0.5
"2395","...295287","DERM_BBWQ","12/02/2024 09:35:00","BS01","Total_Nitrogen",0.24,"mg/L",25.8720738,-80.1647689,0.5
"2396","...295820","DERM_BBWQ","10/16/2024 09:10:00","BBOR2","Total_Nitrogen",0.36,"mg/L",25.2963,-80.3255,0.5
"2397","...295858","DERM_BBWQ","10/07/2024 09:25:00","OSC3","Total_Nitrogen",1.23,"mg/L",25.879678,-80.236215,0.5
"2398","...295862","DERM_BBWQ","11/06/2024 10:10:00","BB50","Total_Nitrogen",0.38,"mg/L",25.2298977,-80.3767774,0.5
"2399","...295893","DERM_BBWQ","12/04/2024 09:25:00","MW13","Total_Nitrogen",0.85,"mg/L",25.5174877,-80.5425794,0.5
"2400","...295907","DERM_BBWQ","12/05/2024 08:30:00","CG02","Total_Nitrogen",0.38,"mg/L",25.706066,-80.26086,0.5
"2401","...295911","DERM_BBWQ","10/07/2024 09:00:00","BB08","Total_Nitrogen",0.4,"mg/L",25.86423333,-80.17096667,0.5
"2402","...296470","DERM_BBWQ","02/03/2021 09:55:00","MI02","Total_Nitrogen",1.173,"mg/L",25.4893605,-80.3473436,0.5
"2403","...296473","DERM_BBWQ","02/01/2021 10:20:00","BB10","Total_Nitrogen",0.181,"mg/L",25.8695722,-80.1438671,0.5
"2404","...296478","DERM_BBWQ","02/04/2021 09:20:00","SP01","Total_Nitrogen",0.405,"mg/L",25.6583676,-80.2659342,0.5
"2405","...296505","DERM_BBWQ","05/09/2024 09:00:00","CD09","Total_Nitrogen",0.3,"mg/L",25.6658803,-80.4086772,0.5
"2406","...296515","DERM_BBWQ","05/06/2024 08:55:00","BB17","Total_Nitrogen",0.06,"mg/L",25.802675,-80.1659703,0.5
"2407","...296528","DERM_BBWQ","05/06/2024 09:30:00","BB09","Total_Nitrogen",0.3,"mg/L",25.871374,-80.1550667,0.5
"2408","...296562","DERM_BBWQ","06/03/2024 09:35:00","BB10","Total_Nitrogen",0.16,"mg/L",25.8695722,-80.1438671,0.5
"2409","...296568","DERM_BBWQ","06/04/2024 12:30:00","DDC2","Total_Nitrogen",0.52,"mg/L",25.812261,-80.321703,0.5
"2410","...296582","DERM_BBWQ","06/05/2024 08:50:00","BISC121","Total_Nitrogen",0.22,"mg/L",25.3549983,-80.291665,0.5
"2411","...296590","DERM_BBWQ","06/05/2024 08:30:00","AR03","Total_Nitrogen",0.46,"mg/L",25.2890129,-80.4430649,0.5
"2412","...296599","DERM_BBWQ","06/04/2024 11:00:00","MR05","Total_Nitrogen",0.49,"mg/L",25.7857488,-80.2266574,0.5
"2413","...296611","DERM_BBWQ","03/03/2021 10:40:00","MW05","Total_Nitrogen",4.269,"mg/L",25.521443,-80.4435492,0.5
"2414","...296612","DERM_BBWQ","03/01/2021 10:30:00","OL03","Total_Nitrogen",0.577,"mg/L",25.9637064,-80.1502022,0.5
"2415","...296613","DERM_BBWQ","03/03/2021 09:35:00","PR08","Total_Nitrogen",0.64,"mg/L",25.5870676,-80.5112166,0.5
"2416","...296614","DERM_BBWQ","03/01/2021 12:15:00","SK09","Total_Nitrogen",0.669,"mg/L",25.964234,-80.3110905,0.5
"2417","...296615","DERM_BBWQ","03/04/2021 09:05:00","SP01","Total_Nitrogen",0.387,"mg/L",25.6583676,-80.2659342,0.5
"2418","...296616","DERM_BBWQ","03/04/2021 09:50:00","SP04","Total_Nitrogen",0.944,"mg/L",25.6740799,-80.2840729,0.5
"2419","...296617","DERM_BBWQ","03/02/2021 08:40:00","WC03","Total_Nitrogen",0.587,"mg/L",25.7876538,-80.2150483,0.5
"2420","...296668","DERM_BBWQ","02/01/2021 09:25:00","BB11","Total_Nitrogen",0.328,"mg/L",25.8464751,-80.1669677,0.5
"2421","...296672","DERM_BBWQ","02/04/2021 10:10:00","SP04","Total_Nitrogen",0.984,"mg/L",25.6740799,-80.2840729,0.5
"2422","...296691","DERM_BBWQ","05/06/2024 09:55:00","IC02","Total_Nitrogen",0.06,"mg/L",25.880033,-80.129597,0.5
"2423","...296692","DERM_BBWQ","05/07/2024 09:20:00","TM08","Total_Nitrogen",0.9,"mg/L",25.761778,-80.4810792,0.5
"2424","...296712","DERM_BBWQ","05/09/2024 09:10:00","CD01A","Total_Nitrogen",0.27,"mg/L",25.95683333,-80.43063333,0.5
"2425","...296759","DERM_BBWQ","06/05/2024 11:40:00","GL03","Total_Nitrogen",0.63,"mg/L",25.5373021,-80.3437635,0.5
"2426","...296774","DERM_BBWQ","06/03/2024 10:55:00","BB14","Total_Nitrogen",0.34,"mg/L",25.8300761,-80.1585673,0.5
"2427","...296784","DERM_BBWQ","06/04/2024 09:25:00","BB24","Total_Nitrogen",0.06,"mg/L",25.7665764,-80.1405694,0.5
"2428","...296817","DERM_BBWQ","03/02/2021 08:55:00","WC04","Total_Nitrogen",0.516,"mg/L",25.7944234,-80.2214498,0.5
"2429","...296881","DERM_BBWQ","02/04/2021 10:40:00","BBKB1","Total_Nitrogen",0.25,"mg/L",25.69801,-80.17428,0.5
"2430","...296897","DERM_BBWQ","05/08/2024 08:30:00","BB38","Total_Nitrogen",0.06,"mg/L",25.5196864,-80.2393748,0.5
"2431","...296905","DERM_BBWQ","05/06/2024 11:55:00","BBMB3","Total_Nitrogen",0.06,"mg/L",25.825666,-80.13375,0.5
"2432","...296911","DERM_BBWQ","05/09/2024 09:20:00","BBY4","Total_Nitrogen",0.06,"mg/L",25.599304,-80.275107,0.5
"2433","...296916","DERM_BBWQ","05/06/2024 08:55:00","LR05","Total_Nitrogen",0.98,"mg/L",25.8714828,-80.2341987,0.5
"2434","...296932","DERM_BBWQ","05/06/2024 09:35:00","LR10","Total_Nitrogen",3.17,"mg/L",25.8695563,-80.3387186,0.5
"2435","...296956","DERM_BBWQ","06/05/2024 09:50:00","BB50","Total_Nitrogen",0.38,"mg/L",25.2298977,-80.3767774,0.5
"2436","...296967","DERM_BBWQ","06/05/2024 09:25:00","BBOR2","Total_Nitrogen",0.27,"mg/L",25.2963,-80.3255,0.5
"2437","...296994","DERM_BBWQ","06/03/2024 10:10:00","IC01","Total_Nitrogen",0.06,"mg/L",25.893724,-80.130186,0.5
"2438","...296998","DERM_BBWQ","06/06/2024 10:05:00","CD09","Total_Nitrogen",0.62,"mg/L",25.6658803,-80.4086772,0.5
"2439","...297045","DERM_BBWQ","02/03/2021 09:30:00","BL12","Total_Nitrogen",0.734,"mg/L",25.6610226,-80.4306146,0.5
"2440","...297065","DERM_BBWQ","02/03/2021 10:25:00","PR03","Total_Nitrogen",5.318,"mg/L",25.5195182,-80.364046,0.5
"2441","...297080","DERM_BBWQ","02/02/2021 09:15:00","BBMB1","Total_Nitrogen",0.293,"mg/L",25.4659,-80.38429,0.5
"2442","...297086","DERM_BBWQ","05/08/2024 10:35:00","BL04","Total_Nitrogen",0.63,"mg/L",25.568404,-80.363504,0.5
"2443","...297119","DERM_BBWQ","05/06/2024 09:05:00","AC06","Total_Nitrogen",0.35,"mg/L",25.9083837,-80.1636707,0.5
"2444","...297141","DERM_BBWQ","06/06/2024 09:05:00","BB34","Total_Nitrogen",0.31,"mg/L",25.6514821,-80.2590735,0.5
"2445","...297146","DERM_BBWQ","06/03/2024 11:10:00","BB04","Total_Nitrogen",0.3,"mg/L",25.917671,-80.1257684,0.5
"2446","...297173","DERM_BBWQ","06/04/2024 08:30:00","TM05","Total_Nitrogen",1.05,"mg/L",25.7625448,-80.3202984,0.5
"2447","...297204","DERM_BBWQ","06/04/2024 09:25:00","TM02","Total_Nitrogen",0.73,"mg/L",25.7855632,-80.2559449,0.5
"2448","...297207","DERM_BBWQ","01/06/2021 08:30:00","AR03","Total_Nitrogen",0.537,"mg/L",25.2890129,-80.4430649,0.5
"2449","...297208","DERM_BBWQ","01/04/2021 11:35:00","BB02","Total_Nitrogen",0.19,"mg/L",25.9448704,-80.1277678,0.5
"2450","...297209","DERM_BBWQ","01/04/2021 10:50:00","BB05A","Total_Nitrogen",0.267,"mg/L",25.9017218,-80.1422694,0.5
"2451","...297210","DERM_BBWQ","01/07/2021 10:05:00","BBMB3","Total_Nitrogen",0.279,"mg/L",25.825666,-80.13375,0.5
"2452","...297265","DERM_BBWQ","02/01/2021 10:00:00","BS01","Total_Nitrogen",0.275,"mg/L",25.8720738,-80.1647689,0.5
"2453","...297271","DERM_BBWQ","02/04/2021 08:35:00","CG07","Total_Nitrogen",0.789,"mg/L",25.7410796,-80.3106721,0.5
"2454","...297294","DERM_BBWQ","02/04/2021 12:25:00","BBMB2","Total_Nitrogen",0.283,"mg/L",25.80345,-80.145149,0.5
"2455","...297311","DERM_BBWQ","05/08/2024 09:10:00","BBOR1","Total_Nitrogen",0.06,"mg/L",25.3237,-80.3072,0.5
"2456","...297349","DERM_BBWQ","06/06/2024 10:40:00","CG02","Total_Nitrogen",0.35,"mg/L",25.706066,-80.26086,0.5
"2457","...297365","DERM_BBWQ","06/03/2024 09:55:00","BBY1","Total_Nitrogen",0.22,"mg/L",25.837703,-80.171883,0.5
"2458","...297368","DERM_BBWQ","06/03/2024 11:30:00","BS11","Total_Nitrogen",1.57,"mg/L",25.927833,-80.35815,0.5
"2459","...297373","DERM_BBWQ","06/04/2024 10:20:00","MR02","Total_Nitrogen",0.37,"mg/L",25.7689853,-80.1978204,0.5
"2460","...297377","DERM_BBWQ","06/04/2024 09:05:00","TM07A","Total_Nitrogen",1.08,"mg/L",25.761291,-80.392942,0.5
"2461","...297392","DERM_BBWQ","06/03/2024 09:50:00","IC02","Total_Nitrogen",0.18,"mg/L",25.880033,-80.129597,0.5
"2462","...297396","DERM_BBWQ","05/09/2024 10:50:00","CG03","Total_Nitrogen",0.34,"mg/L",25.738545,-80.286792,0.5
"2463","...297407","DERM_BBWQ","01/06/2021 12:10:00","NO07A","Total_Nitrogen",1.55,"mg/L",25.4628912,-80.4038901,0.5
"2464","...297408","DERM_BBWQ","01/06/2021 10:10:00","PR08","Total_Nitrogen",0.781,"mg/L",25.5870676,-80.5112166,0.5
"2465","...297477","DERM_BBWQ","02/03/2021 12:50:00","FC15","Total_Nitrogen",1.416,"mg/L",25.4481037,-80.460903,0.5
"2466","...297493","DERM_BBWQ","02/03/2021 11:20:00","BB39A","Total_Nitrogen",0.463,"mg/L",25.5264328,-80.3070577,0.5
"2467","...297504","DERM_BBWQ","02/04/2021 12:00:00","BBMB3","Total_Nitrogen",0.379,"mg/L",25.825666,-80.13375,0.5
"2468","...297511","DERM_BBWQ","05/08/2024 10:50:00","GL02","Total_Nitrogen",1.46,"mg/L",25.5372206,-80.3330313,0.5
"2469","...297514","DERM_BBWQ","05/09/2024 09:40:00","BB37","Total_Nitrogen",0.06,"mg/L",25.570684,-80.19177,0.5
"2470","...297559","DERM_BBWQ","06/03/2024 10:55:00","BB05A","Total_Nitrogen",0.19,"mg/L",25.9017218,-80.1422694,0.5
"2471","...297562","DERM_BBWQ","06/06/2024 10:30:00","CG02A","Total_Nitrogen",0.82,"mg/L",25.714687,-80.280868,0.5
"2472","...297573","DERM_BBWQ","06/03/2024 11:20:00","BBMB4","Total_Nitrogen",0.34,"mg/L",25.846566,-80.127483,0.5
"2473","...297588","DERM_BBWQ","06/05/2024 09:40:00","MW01","Total_Nitrogen",0.56,"mg/L",25.4707887,-80.3740089,0.5
"2474","...297654","DERM_BBWQ","03/01/2021 09:25:00","AC03","Total_Nitrogen",0.818,"mg/L",25.8998739,-80.1622067,0.5
"2475","...297655","DERM_BBWQ","03/04/2021 09:20:00","BB15A","Total_Nitrogen",0.372,"mg/L",25.81507571,-80.1752699,0.5
"2476","...297656","DERM_BBWQ","03/02/2021 09:25:00","BB18","Total_Nitrogen",0.345,"mg/L",25.7868761,-80.1633701,0.5
"2477","...297682","DERM_BBWQ","02/02/2021 10:10:00","MR01","Total_Nitrogen",0.304,"mg/L",25.770035,-80.1915094,0.5
"2478","...297690","DERM_BBWQ","02/02/2021 09:45:00","BB17","Total_Nitrogen",0.293,"mg/L",25.802675,-80.1659703,0.5
"2479","...297696","DERM_BBWQ","02/02/2021 09:35:00","TM02","Total_Nitrogen",0.666,"mg/L",25.7855632,-80.2559449,0.5
"2480","...297704","DERM_BBWQ","05/07/2024 09:00:00","TM07A","Total_Nitrogen",0.98,"mg/L",25.761291,-80.392942,0.5
"2481","...297710","DERM_BBWQ","05/06/2024 10:10:00","IC01","Total_Nitrogen",0.06,"mg/L",25.893724,-80.130186,0.5
"2482","...297813","DERM_BBWQ","03/04/2021 10:25:00","BB32","Total_Nitrogen",0.391,"mg/L",25.68568,-80.1835687,0.5
"2483","...297814","DERM_BBWQ","03/03/2021 10:05:00","BB50","Total_Nitrogen",0.428,"mg/L",25.2298977,-80.3767774,0.5
"2484","...297841","DERM_BBWQ","02/02/2021 11:20:00","MR07","Total_Nitrogen",0.595,"mg/L",25.8072788,-80.2601771,0.5
"2485","...297846","DERM_BBWQ","02/02/2021 08:40:00","BB22","Total_Nitrogen",0.163,"mg/L",25.7562781,-80.1742698,0.5
"2486","...297860","DERM_BBWQ","05/07/2024 09:05:00","BB25","Total_Nitrogen",0.06,"mg/L",25.7592763,-80.1450669,0.5
"2487","...297878","DERM_BBWQ","05/08/2024 10:15:00","PR03","Total_Nitrogen",5.25,"mg/L",25.5195182,-80.364046,0.5
"2488","...297924","DERM_BBWQ","06/06/2024 08:30:00","BB31","Total_Nitrogen",0.06,"mg/L",25.6937801,-80.2075693,0.5
"2489","...297927","DERM_BBWQ","06/04/2024 11:10:00","MR11","Total_Nitrogen",0.67,"mg/L",25.841603,-80.306345,0.5
"2490","...297982","DERM_BBWQ","02/03/2021 11:45:00","PR04A","Total_Nitrogen",3.921,"mg/L",25.536972,-80.3895984,0.5
"2491","...298026","DERM_BBWQ","06/03/2024 11:50:00","BB01A","Total_Nitrogen",0.15,"mg/L",25.960526,-80.124254,0.5
"2492","...298027","DERM_BBWQ","06/05/2024 08:30:00","BB38","Total_Nitrogen",0.06,"mg/L",25.5196864,-80.2393748,0.5
"2493","...298031","DERM_BBWQ","06/05/2024 12:05:00","BL02","Total_Nitrogen",0.34,"mg/L",25.5411866,-80.3284753,0.5
"2494","...298040","DERM_BBWQ","06/03/2024 10:20:00","BB13A","Total_Nitrogen",0.55,"mg/L",25.84363213,-80.16884056,0.5
"2495","...298052","DERM_BBWQ","06/06/2024 09:55:00","BISC127","Total_Nitrogen",0.39,"mg/L",25.6299983,-80.25,0.5
"2496","...298053","DERM_BBWQ","06/06/2024 09:35:00","CD01A","Total_Nitrogen",0.46,"mg/L",25.95683333,-80.43063333,0.5
"2497","...298091","DERM_BBWQ","02/01/2021 09:35:00","LR01","Total_Nitrogen",0.835,"mg/L",25.8451746,-80.1733678,0.5
"2498","...298117","DERM_BBWQ","05/07/2024 11:00:00","DDC2","Total_Nitrogen",0.58,"mg/L",25.812261,-80.321703,0.5
"2499","...298120","DERM_BBWQ","05/07/2024 11:00:00","MR05","Total_Nitrogen",0.49,"mg/L",25.7857488,-80.2266574,0.5
"2500","...298125","DERM_BBWQ","05/09/2024 07:50:00","BB31","Total_Nitrogen",0.06,"mg/L",25.6937801,-80.2075693,0.5
"2501","...298136","DERM_BBWQ","05/08/2024 11:15:00","BL06","Total_Nitrogen",1.17,"mg/L",25.53604325,-80.32527118,0.5
"2502","...298246","DERM_BBWQ","05/08/2024 08:50:00","BISC121","Total_Nitrogen",0.06,"mg/L",25.3549983,-80.291665,0.5
"2503","...298250","DERM_BBWQ","05/09/2024 08:15:00","CD05","Total_Nitrogen",0.26,"mg/L",25.6238368,-80.3436253,0.5
"2504","...298260","DERM_BBWQ","05/08/2024 11:20:00","BB39A","Total_Nitrogen",0.06,"mg/L",25.5264328,-80.3070577,0.5
"2505","...298284","DERM_BBWQ","03/04/2021 10:55:00","BBMB3","Total_Nitrogen",0.476,"mg/L",25.825666,-80.13375,0.5
"2506","...298285","DERM_BBWQ","03/03/2021 09:15:00","BBOR1","Total_Nitrogen",0.29,"mg/L",25.3237,-80.3072,0.5
"2507","...298286","DERM_BBWQ","03/03/2021 11:15:00","BISC101","Total_Nitrogen",0.392,"mg/L",25.4783316,-80.320831,0.5
"2508","...298287","DERM_BBWQ","03/04/2021 09:45:00","BISC127","Total_Nitrogen",0.37,"mg/L",25.6299983,-80.25,0.5
"2509","...298288","DERM_BBWQ","03/03/2021 10:55:00","BL03","Total_Nitrogen",1.075,"mg/L",25.5490482,-80.3481369,0.5
"2510","...298289","DERM_BBWQ","03/03/2021 09:05:00","BL06","Total_Nitrogen",0.825,"mg/L",25.53604325,-80.32527118,0.5
"2511","...298290","DERM_BBWQ","03/03/2021 08:30:00","BL12","Total_Nitrogen",0.911,"mg/L",25.6610226,-80.4306146,0.5
"2512","...298339","DERM_BBWQ","02/04/2021 10:00:00","BB08","Total_Nitrogen",0.264,"mg/L",25.86423333,-80.17096667,0.5
"2513","...298351","DERM_BBWQ","02/03/2021 09:00:00","BB47","Total_Nitrogen",0.32,"mg/L",25.3367944,-80.3200766,0.5
"2514","...298365","DERM_BBWQ","05/06/2024 09:40:00","OSC1","Total_Nitrogen",0.52,"mg/L",25.893635,-80.242845,0.5
"2515","...298369","DERM_BBWQ","05/06/2024 10:10:00","OL03","Total_Nitrogen",0.59,"mg/L",25.9637064,-80.1502022,0.5
"2516","...298372","DERM_BBWQ","05/08/2024 09:00:00","NO07A","Total_Nitrogen",1.42,"mg/L",25.4628912,-80.4038901,0.5
"2517","...298375","DERM_BBWQ","05/09/2024 07:35:00","CD03A","Total_Nitrogen",0.25,"mg/L",25.614657,-80.317532,0.5
"2518","...298377","DERM_BBWQ","05/06/2024 11:40:00","BB02","Total_Nitrogen",0.06,"mg/L",25.9448704,-80.1277678,0.5
"2519","...298383","DERM_BBWQ","05/06/2024 12:20:00","SK01","Total_Nitrogen",0.06,"mg/L",25.9294714,-80.1503688,0.5
"2520","...298388","DERM_BBWQ","05/07/2024 08:45:00","TM06","Total_Nitrogen",1.02,"mg/L",25.762007,-80.348379,0.5
"2521","...298406","DERM_BBWQ","03/04/2021 10:10:00","CD02","Total_Nitrogen",0.529,"mg/L",25.6111839,-80.3098744,0.5
"2522","...298407","DERM_BBWQ","03/04/2021 08:25:00","CG07","Total_Nitrogen",0.495,"mg/L",25.7410796,-80.3106721,0.5
"2523","...298408","DERM_BBWQ","03/03/2021 11:10:00","GL02","Total_Nitrogen",1.274,"mg/L",25.5372206,-80.3330313,0.5
"2524","...298409","DERM_BBWQ","03/01/2021 08:35:00","LR05","Total_Nitrogen",0.962,"mg/L",25.8714828,-80.2341987,0.5
"2525","...298447","DERM_BBWQ","02/04/2021 11:00:00","CD05","Total_Nitrogen",0.353,"mg/L",25.6238368,-80.3436253,0.5
"2526","...298471","DERM_BBWQ","02/03/2021 09:10:00","BBOR1","Total_Nitrogen",0.35,"mg/L",25.3237,-80.3072,0.5
"2527","...298499","DERM_BBWQ","05/07/2024 08:50:00","BB22","Total_Nitrogen",0.06,"mg/L",25.7562781,-80.1742698,0.5
"2528","...298501","DERM_BBWQ","06/04/2024 11:05:00","CM02","Total_Nitrogen",0.44,"mg/L",25.78348,-80.23984,0.5
"2529","...298504","DERM_BBWQ","06/03/2024 09:40:00","BB15A","Total_Nitrogen",0.24,"mg/L",25.81507571,-80.1752699,0.5
"2530","...298509","DERM_BBWQ","06/04/2024 08:55:00","BB22","Total_Nitrogen",0.23,"mg/L",25.7562781,-80.1742698,0.5
"2531","...298557","DERM_BBWQ","02/03/2021 11:05:00","BL03","Total_Nitrogen",1.584,"mg/L",25.5490482,-80.3481369,0.5
"2532","...298576","DERM_BBWQ","02/02/2021 08:30:00","BB26","Total_Nitrogen",0.213,"mg/L",25.747777,-80.1850708,0.5
"2533","...298580","DERM_BBWQ","02/02/2021 09:25:00","TM08","Total_Nitrogen",0.828,"mg/L",25.761778,-80.4810792,0.5
"2534","...298585","DERM_BBWQ","02/02/2021 08:50:00","WC02","Total_Nitrogen",0.442,"mg/L",25.7843109,-80.2104451,0.5
"2535","...298587","DERM_BBWQ","02/03/2021 09:25:00","BBOR2","Total_Nitrogen",0.371,"mg/L",25.2963,-80.3255,0.5
"2536","...298598","DERM_BBWQ","05/07/2024 11:40:00","MR07","Total_Nitrogen",0.76,"mg/L",25.8072788,-80.2601771,0.5
"2537","...298602","DERM_BBWQ","05/06/2024 11:00:00","BB05A","Total_Nitrogen",0.06,"mg/L",25.9017218,-80.1422694,0.5
"2538","...298614","DERM_BBWQ","05/07/2024 10:10:00","MR11","Total_Nitrogen",0.72,"mg/L",25.841603,-80.306345,0.5
"2539","...298616","DERM_BBWQ","05/07/2024 08:55:00","WC03","Total_Nitrogen",0.45,"mg/L",25.7876538,-80.2150483,0.5
"2540","...298623","DERM_BBWQ","06/03/2024 12:00:00","BS07","Total_Nitrogen",0.62,"mg/L",25.9166356,-80.2114643,0.5
"2541","...298638","DERM_BBWQ","06/03/2024 10:15:00","LR10","Total_Nitrogen",1.27,"mg/L",25.8695563,-80.3387186,0.5
"2542","...298640","DERM_BBWQ","06/03/2024 10:45:00","OC01","Total_Nitrogen",0.65,"mg/L",25.89776829,-80.24577639,0.5
"2543","...298649","DERM_BBWQ","01/04/2021 10:15:00","BB09","Total_Nitrogen",0.236,"mg/L",25.871374,-80.1550667,0.5
"2544","...298650","DERM_BBWQ","01/07/2021 09:00:00","BB15A","Total_Nitrogen",0.346,"mg/L",25.81507571,-80.1752699,0.5
"2545","...298657","DERM_BBWQ","01/04/2021 10:05:00","BS01","Total_Nitrogen",0.254,"mg/L",25.8720738,-80.1647689,0.5
"2546","...298658","DERM_BBWQ","01/04/2021 10:55:00","BS11","Total_Nitrogen",1.379,"mg/L",25.927833,-80.35815,0.5
"2547","...298659","DERM_BBWQ","01/04/2021 10:50:00","SK02","Total_Nitrogen",0.981,"mg/L",25.9319891,-80.1523133,0.5
"2548","...298660","DERM_BBWQ","01/04/2021 10:20:00","SK05","Total_Nitrogen",1.124,"mg/L",25.9596526,-80.2054001,0.5
"2549","...298661","DERM_BBWQ","01/04/2021 10:25:00","SK10","Total_Nitrogen",0.67,"mg/L",25.956833,-80.430633,0.5
"2550","...298662","DERM_BBWQ","01/07/2021 10:10:00","SP04","Total_Nitrogen",0.667,"mg/L",25.6740799,-80.2840729,0.5
"2551","...298663","DERM_BBWQ","01/07/2021 09:10:00","SP08","Total_Nitrogen",0.842,"mg/L",25.7154804,-80.3829744,0.5
"2552","...298664","DERM_BBWQ","01/05/2021 09:55:00","WC04","Total_Nitrogen",0.626,"mg/L",25.7944234,-80.2214498,0.5
"2553","...298717","DERM_BBWQ","02/04/2021 11:30:00","CG02A","Total_Nitrogen",0.914,"mg/L",25.714687,-80.280868,0.5
"2554","...298727","DERM_BBWQ","02/01/2021 09:15:00","AC03","Total_Nitrogen",0.549,"mg/L",25.8998739,-80.1622067,0.5
"2555","...298739","DERM_BBWQ","02/04/2021 09:00:00","BB34","Total_Nitrogen",0.322,"mg/L",25.6514821,-80.2590735,0.5
"2556","...298745","DERM_BBWQ","02/02/2021 09:10:00","WC04","Total_Nitrogen",0.491,"mg/L",25.7944234,-80.2214498,0.5
"2557","...298762","DERM_BBWQ","05/07/2024 09:30:00","BBMB1","Total_Nitrogen",0.06,"mg/L",25.4659,-80.38429,0.5
"2558","...298769","DERM_BBWQ","05/08/2024 09:35:00","BB48","Total_Nitrogen",0.06,"mg/L",25.308595,-80.3488753,0.5
"2559","...298772","DERM_BBWQ","05/08/2024 10:10:00","BB51","Total_Nitrogen",0.32,"mg/L",25.251496,-80.4140785,0.5
"2560","...298774","DERM_BBWQ","05/06/2024 08:50:00","AC03","Total_Nitrogen",0.35,"mg/L",25.8998739,-80.1622067,0.562
"2561","...298779","DERM_BBWQ","05/06/2024 09:15:00","BS01","Total_Nitrogen",0.25,"mg/L",25.8720738,-80.1647689,0.5
"2562","...298810","DERM_BBWQ","01/07/2021 10:35:00","CD02","Total_Nitrogen",0.221,"mg/L",25.6111839,-80.3098744,0.5
"2563","...298811","DERM_BBWQ","01/07/2021 09:35:00","CD09","Total_Nitrogen",0.312,"mg/L",25.6658803,-80.4086772,0.5
"2564","...298812","DERM_BBWQ","01/07/2021 11:25:00","CG02A","Total_Nitrogen",0.872,"mg/L",25.714687,-80.280868,0.5
"2565","...298813","DERM_BBWQ","01/05/2021 10:30:00","CM02","Total_Nitrogen",0.34,"mg/L",25.78348,-80.23984,0.5
"2566","...298814","DERM_BBWQ","01/06/2021 11:20:00","GL02","Total_Nitrogen",1.243,"mg/L",25.5372206,-80.3330313,0.5
"2567","...298815","DERM_BBWQ","01/04/2021 08:00:00","LR06","Total_Nitrogen",1.297,"mg/L",25.8539749,-80.1927698,0.5
"2568","...298816","DERM_BBWQ","01/04/2021 09:35:00","LR08","Total_Nitrogen",1.148,"mg/L",25.8703617,-80.2907737,0.5
"2569","...298912","DERM_BBWQ","02/01/2021 09:45:00","LR10","Total_Nitrogen",2.803,"mg/L",25.8695563,-80.3387186,0.5
"2570","...298935","DERM_BBWQ","05/08/2024 10:50:00","BL05","Total_Nitrogen",0.69,"mg/L",25.576314,-80.360246,0.5
"2571","...298940","DERM_BBWQ","05/09/2024 07:15:00","CD02","Total_Nitrogen",0.23,"mg/L",25.6111839,-80.3098744,0.5
"2572","...298952","DERM_BBWQ","05/08/2024 10:15:00","BL03","Total_Nitrogen",0.62,"mg/L",25.5490482,-80.3481369,0.5
"2573","...298966","DERM_BBWQ","06/05/2024 09:15:00","MW13","Total_Nitrogen",0.97,"mg/L",25.5174877,-80.5425794,0.5
"2574","...298970","DERM_BBWQ","06/05/2024 09:00:00","NO07A","Total_Nitrogen",0.78,"mg/L",25.4628912,-80.4038901,0.5
"2575","...298977","DERM_BBWQ","06/03/2024 09:45:00","OL01","Total_Nitrogen",0.33,"mg/L",25.938348,-80.149601,0.5
"2576","...298985","DERM_BBWQ","01/07/2021 08:40:00","BB31","Total_Nitrogen",0.206,"mg/L",25.6937801,-80.2075693,0.5
"2577","...298986","DERM_BBWQ","01/07/2021 09:15:00","BB34","Total_Nitrogen",0.248,"mg/L",25.6514821,-80.2590735,0.5
"2578","...298987","DERM_BBWQ","01/06/2021 08:10:00","BB38","Total_Nitrogen",0.261,"mg/L",25.5196864,-80.2393748,0.5
"2579","...298988","DERM_BBWQ","01/06/2021 10:00:00","BB51","Total_Nitrogen",0.494,"mg/L",25.251496,-80.4140785,0.5
"2580","...298989","DERM_BBWQ","01/07/2021 10:30:00","BBMB2","Total_Nitrogen",0.263,"mg/L",25.80345,-80.145149,0.5
"2581","...298990","DERM_BBWQ","01/04/2021 10:00:00","LR10","Total_Nitrogen",3.236,"mg/L",25.8695563,-80.3387186,0.5
"2582","...298991","DERM_BBWQ","01/05/2021 11:05:00","MR05","Total_Nitrogen",0.89,"mg/L",25.7857488,-80.2266574,0.5
"2583","...299059","DERM_BBWQ","03/02/2021 11:00:00","MR05","Total_Nitrogen",0.452,"mg/L",25.7857488,-80.2266574,0.5
"2584","...299060","DERM_BBWQ","03/02/2021 10:10:00","MR08","Total_Nitrogen",0.562,"mg/L",25.8103755,-80.2642734,0.5
"2585","...299096","DERM_BBWQ","01/04/2021 09:10:00","BB14","Total_Nitrogen",0.344,"mg/L",25.8300761,-80.1585673,0.5
"2586","...299099","DERM_BBWQ","01/06/2021 09:15:00","BBOR2","Total_Nitrogen",0.261,"mg/L",25.2963,-80.3255,0.5
"2587","...299100","DERM_BBWQ","01/06/2021 09:45:00","MI02","Total_Nitrogen",0.363,"mg/L",25.4893605,-80.3473436,0.5
"2588","...299126","DERM_BBWQ","03/04/2021 10:00:00","BB37","Total_Nitrogen",0.31,"mg/L",25.570684,-80.19177,0.5
"2589","...299127","DERM_BBWQ","03/02/2021 09:10:00","BBMB1","Total_Nitrogen",0.374,"mg/L",25.4659,-80.38429,0.5
"2590","...299147","DERM_BBWQ","01/04/2021 09:15:00","AC06","Total_Nitrogen",1.065,"mg/L",25.9083837,-80.1636707,0.5
"2591","...299148","DERM_BBWQ","01/04/2021 10:25:00","BB10","Total_Nitrogen",0.386,"mg/L",25.8695722,-80.1438671,0.5
"2592","...299188","DERM_BBWQ","05/07/2024 08:30:00","BB28","Total_Nitrogen",0.06,"mg/L",25.7291777,-80.1602691,0.5
"2593","...299193","DERM_BBWQ","03/01/2021 10:05:00","BS01","Total_Nitrogen",0.449,"mg/L",25.8720738,-80.1647689,0.5
"2594","...299214","DERM_BBWQ","06/06/2024 10:10:00","SP05","Total_Nitrogen",0.75,"mg/L",25.691593,-80.30675,0.5
"2595","...299228","DERM_BBWQ","02/03/2021 12:10:00","NO07A","Total_Nitrogen",1.514,"mg/L",25.4628912,-80.4038901,0.5
"2596","...299282","DERM_BBWQ","05/06/2024 08:30:00","LR06","Total_Nitrogen",0.84,"mg/L",25.8539749,-80.1927698,0.5
"2597","...299299","DERM_BBWQ","06/04/2024 08:55:00","WC04","Total_Nitrogen",0.97,"mg/L",25.7944234,-80.2214498,0.56
"2598","...299313","DERM_BBWQ","01/06/2021 10:25:00","PR03","Total_Nitrogen",2.1,"mg/L",25.5195182,-80.364046,0.5
"2599","...299317","DERM_BBWQ","06/03/2024 10:10:00","LR01","Total_Nitrogen",0.35,"mg/L",25.8451746,-80.1733678,0.5
"2600","...299319","DERM_BBWQ","06/06/2024 08:55:00","CD04A","Total_Nitrogen",0.25,"mg/L",25.594937,-80.341127,0.5
"2601","...299335","DERM_BBWQ","02/01/2021 10:50:00","BB05A","Total_Nitrogen",0.132,"mg/L",25.9017218,-80.1422694,0.5
"2602","...299361","DERM_BBWQ","05/08/2024 08:30:00","FC15","Total_Nitrogen",0.38,"mg/L",25.4481037,-80.460903,0.5
"2603","...299363","DERM_BBWQ","05/06/2024 10:50:00","AC01","Total_Nitrogen",0.06,"mg/L",25.9006722,-80.1443668,0.5
"2604","...299369","DERM_BBWQ","06/03/2024 09:00:00","LR05","Total_Nitrogen",0.92,"mg/L",25.8714828,-80.2341987,0.5
"2605","...299370","DERM_BBWQ","01/05/2021 10:25:00","MR01","Total_Nitrogen",0.35,"mg/L",25.770035,-80.1915094,0.5
"2606","...299380","DERM_BBWQ","02/01/2021 11:10:00","BS10","Total_Nitrogen",0.938,"mg/L",25.9187361,-80.3244952,0.5
"2607","...299393","DERM_BBWQ","03/02/2021 10:45:00","MR03","Total_Nitrogen",0.443,"mg/L",25.778711,-80.2072338,0.5
"2608","...299424","DERM_BBWQ","02/01/2021 10:15:00","SK10","Total_Nitrogen",0.756,"mg/L",25.956833,-80.430633,0.5
"2609","...299445","DERM_BBWQ","03/02/2021 08:55:00","TM08","Total_Nitrogen",0.825,"mg/L",25.761778,-80.4810792,0.5
"2610","...299457","DERM_BBWQ","06/05/2024 10:30:00","BISC122","Total_Nitrogen",0.06,"mg/L",25.4133316,-80.295,0.5
"2611","...299472","DERM_BBWQ","06/03/2024 10:00:00","OSC2","Total_Nitrogen",1.05,"mg/L",25.890008,-80.243468,0.5
"2612","...299518","DERM_BBWQ","03/03/2021 09:40:00","BB48","Total_Nitrogen",0.35,"mg/L",25.308595,-80.3488753,0.5
"2613","...299527","DERM_BBWQ","03/03/2021 09:25:00","MI03","Total_Nitrogen",0.283,"mg/L",25.4894593,-80.3635494,0.5
"2614","...299528","DERM_BBWQ","03/03/2021 09:10:00","MW04","Total_Nitrogen",1.859,"mg/L",25.4712872,-80.3792762,0.5
"2615","...299529","DERM_BBWQ","03/03/2021 10:15:00","PR03","Total_Nitrogen",5.216,"mg/L",25.5195182,-80.364046,0.5
"2616","...299540","DERM_BBWQ","05/06/2024 09:50:00","OC01","Total_Nitrogen",0.65,"mg/L",25.89776829,-80.24577639,0.5
"2617","...299548","DERM_BBWQ","06/03/2024 11:30:00","BS08","Total_Nitrogen",0.61,"mg/L",25.916139,-80.222213,0.5
"2618","...299549","DERM_BBWQ","06/04/2024 09:45:00","BB18","Total_Nitrogen",0.06,"mg/L",25.7868761,-80.1633701,0.5
"2619","...299565","DERM_BBWQ","03/01/2021 10:30:00","BB10","Total_Nitrogen",0.33,"mg/L",25.8695722,-80.1438671,0.5
"2620","...299576","DERM_BBWQ","05/07/2024 10:20:00","MR02","Total_Nitrogen",0.5,"mg/L",25.7689853,-80.1978204,0.5
"2621","...299579","DERM_BBWQ","06/03/2024 10:55:00","SK10","Total_Nitrogen",0.98,"mg/L",25.956833,-80.430633,0.5
"2622","...299580","DERM_BBWQ","01/07/2021 09:20:00","BB08","Total_Nitrogen",0.288,"mg/L",25.86423333,-80.17096667,0.5
"2623","...299581","DERM_BBWQ","01/06/2021 11:20:00","BB39A","Total_Nitrogen",0.462,"mg/L",25.5264328,-80.3070577,0.5
"2624","...299648","DERM_BBWQ","05/09/2024 08:20:00","SP03","Total_Nitrogen",0.87,"mg/L",25.6890693,-80.2849226,0.5
"2625","...299669","DERM_BBWQ","06/06/2024 09:10:00","CD03A","Total_Nitrogen",0.21,"mg/L",25.614657,-80.317532,0.5
"2626","...299690","DERM_BBWQ","06/04/2024 10:35:00","MR03","Total_Nitrogen",0.46,"mg/L",25.778711,-80.2072338,0.5
"2627","...299697","DERM_BBWQ","06/05/2024 10:05:00","PR04A","Total_Nitrogen",3.61,"mg/L",25.536972,-80.3895984,0.5
"2628","...299773","DERM_BBWQ","05/06/2024 10:00:00","BBY1","Total_Nitrogen",0.06,"mg/L",25.837703,-80.171883,0.5
"2629","...299776","DERM_BBWQ","03/01/2021 11:45:00","BS10","Total_Nitrogen",0.779,"mg/L",25.9187361,-80.3244952,0.5
"2630","...299777","DERM_BBWQ","03/04/2021 09:25:00","CD01A","Total_Nitrogen",0.486,"mg/L",25.95683333,-80.43063333,0.5
"2631","...299780","DERM_BBWQ","02/01/2021 11:40:00","BB02","Total_Nitrogen",0.201,"mg/L",25.9448704,-80.1277678,0.5
"2632","...299812","DERM_BBWQ","06/03/2024 10:30:00","BB11","Total_Nitrogen",0.24,"mg/L",25.8464751,-80.1669677,0.5
"2633","...299838","DERM_BBWQ","05/07/2024 10:35:00","MR03","Total_Nitrogen",0.46,"mg/L",25.778711,-80.2072338,0.5
"2634","...299842","DERM_BBWQ","03/01/2021 09:40:00","LR01","Total_Nitrogen",0.698,"mg/L",25.8451746,-80.1733678,0.5
"2635","...299850","DERM_BBWQ","06/05/2024 11:10:00","BB39A","Total_Nitrogen",0.37,"mg/L",25.5264328,-80.3070577,0.5
"2636","...299857","DERM_BBWQ","01/04/2021 08:50:00","AC03","Total_Nitrogen",1.531,"mg/L",25.8998739,-80.1622067,0.5
"2637","...299858","DERM_BBWQ","01/05/2021 09:05:00","BB24","Total_Nitrogen",0.292,"mg/L",25.7665764,-80.1405694,0.5
"2638","...299898","DERM_BBWQ","01/06/2021 11:10:00","BISC101","Total_Nitrogen",0.451,"mg/L",25.4783316,-80.320831,0.5
"2639","...299920","DERM_BBWQ","01/07/2021 10:55:00","CD05","Total_Nitrogen",0.211,"mg/L",25.6238368,-80.3436253,0.5
"2640","...299964","DERM_BBWQ","06/03/2024 08:55:00","AC03","Total_Nitrogen",0.56,"mg/L",25.8998739,-80.1622067,0.562
"2641","...299981","DERM_BBWQ","05/06/2024 11:10:00","BS10","Total_Nitrogen",0.69,"mg/L",25.9187361,-80.3244952,0.5
"2642","...299992","DERM_BBWQ","06/03/2024 09:00:00","LR07","Total_Nitrogen",1.02,"mg/L",25.87107,-80.25103,0.5
"2643","...299993","DERM_BBWQ","01/06/2021 11:05:00","BL03","Total_Nitrogen",0.959,"mg/L",25.5490482,-80.3481369,0.5
"2644","...299994","DERM_BBWQ","01/07/2021 09:30:00","SP01","Total_Nitrogen",0.71,"mg/L",25.6583676,-80.2659342,0.5
"2645","...300004","DERM_BBWQ","02/03/2021 08:50:00","BISC121","Total_Nitrogen",0.31,"mg/L",25.3549983,-80.291665,0.5
"2646","...300026","DERM_BBWQ","06/06/2024 09:40:00","SP04","Total_Nitrogen",0.66,"mg/L",25.6740799,-80.2840729,0.5
"2647","...300039","DERM_BBWQ","06/04/2024 08:50:00","BB26","Total_Nitrogen",0.14,"mg/L",25.747777,-80.1850708,0.5
"2648","...300051","DERM_BBWQ","02/03/2021 10:55:00","BB41","Total_Nitrogen",0.263,"mg/L",25.4726881,-80.2844755,0.5
"2649","...300056","DERM_BBWQ","06/03/2024 09:40:00","LR08","Total_Nitrogen",0.94,"mg/L",25.8703617,-80.2907737,0.5
"2650","...300084","DERM_BBWQ","06/05/2024 08:30:00","FC15","Total_Nitrogen",0.45,"mg/L",25.4481037,-80.460903,0.5
"2651","...300122","DERM_BBWQ","01/07/2021 10:20:00","BISC127","Total_Nitrogen",0.266,"mg/L",25.6299983,-80.25,0.5
"2652","...300129","DERM_BBWQ","01/05/2021 10:20:00","TM02","Total_Nitrogen",0.765,"mg/L",25.7855632,-80.2559449,0.5
"2653","...300147","DERM_BBWQ","01/05/2021 09:50:00","MR15","Total_Nitrogen",0.698,"mg/L",25.8959808,-80.379429,0.5
"2654","...300148","DERM_BBWQ","01/06/2021 10:30:00","MW13","Total_Nitrogen",0.74,"mg/L",25.5174877,-80.5425794,0.5
"2655","...300213","DERM_BBWQ","03/01/2021 11:50:00","BB02","Total_Nitrogen",0.3,"mg/L",25.9448704,-80.1277678,0.5
"2656","...300234","DERM_BBWQ","02/01/2021 11:00:00","SK05","Total_Nitrogen",0.585,"mg/L",25.9596526,-80.2054001,0.5
"2657","...300238","DERM_BBWQ","05/06/2024 09:40:00","BB10","Total_Nitrogen",0.06,"mg/L",25.8695722,-80.1438671,0.5
"2658","...300251","DERM_BBWQ","03/01/2021 10:50:00","AC01","Total_Nitrogen",0.347,"mg/L",25.9006722,-80.1443668,0.5
"2659","...300271","DERM_BBWQ","12/03/2024 08:30:00","TM05","Total_Nitrogen",1.06,"mg/L",25.7625448,-80.3202984,0.5
"2660","...300289","DERM_BBWQ","10/17/2024 09:05:00","CD04A","Total_Nitrogen",0.43,"mg/L",25.594937,-80.341127,0.5
"2661","...300299","DERM_BBWQ","10/07/2024 10:40:00","BS09","Total_Nitrogen",1.12,"mg/L",25.9137136,-80.292988,0.5
"2662","...300303","DERM_BBWQ","10/07/2024 09:00:00","BB15","Total_Nitrogen",0.3,"mg/L",25.8150757,-80.1752699,0.5
"2663","...300339","DERM_BBWQ","11/12/2024 10:20:00","BB13A","Total_Nitrogen",0.24,"mg/L",25.84363213,-80.16884056,0.5
"2664","...300348","DERM_BBWQ","10/16/2024 08:30:00","BB38","Total_Nitrogen",0.24,"mg/L",25.5196864,-80.2393748,0.5
"2665","...300363","DERM_BBWQ","10/16/2024 09:20:00","BB48","Total_Nitrogen",0.32,"mg/L",25.308595,-80.3488753,0.5
"2666","...300373","DERM_BBWQ","10/07/2024 09:40:00","BB14","Total_Nitrogen",0.24,"mg/L",25.8300761,-80.1585673,0.5
"2667","...300432","DERM_BBWQ","11/05/2024 10:50:00","MR11","Total_Nitrogen",1.1,"mg/L",25.841603,-80.306345,0.5
"2668","...300448","DERM_BBWQ","10/07/2024 11:20:00","BS07","Total_Nitrogen",0.99,"mg/L",25.9166356,-80.2114643,0.5
"2669","...300463","DERM_BBWQ","12/03/2024 08:55:00","BB22","Total_Nitrogen",0.24,"mg/L",25.7562781,-80.1742698,0.5
"2670","...300499","DERM_BBWQ","11/12/2024 10:30:00","BB14","Total_Nitrogen",0.24,"mg/L",25.8300761,-80.1585673,0.5
"2671","...300506","DERM_BBWQ","12/03/2024 10:50:00","CM04","Total_Nitrogen",1.01,"mg/L",25.78272272,-80.26952901,0.5
"2672","...300514","DERM_BBWQ","12/03/2024 09:35:00","BBMB1","Total_Nitrogen",0.24,"mg/L",25.4659,-80.38429,0.5
"2673","...300521","DERM_BBWQ","12/03/2024 10:10:00","MR01","Total_Nitrogen",0.24,"mg/L",25.770035,-80.1915094,0.5
"2674","...300530","DERM_BBWQ","12/04/2024 11:25:00","BL05","Total_Nitrogen",0.85,"mg/L",25.576314,-80.360246,0.5
"2675","...300535","DERM_BBWQ","12/02/2024 10:25:00","IC01","Total_Nitrogen",0.6,"mg/L",25.893724,-80.130186,0.5
"2676","...300562","DERM_BBWQ","10/07/2024 09:50:00","OL01","Total_Nitrogen",0.72,"mg/L",25.938348,-80.149601,0.5
"2677","...300576","DERM_BBWQ","12/05/2024 09:45:00","SP03","Total_Nitrogen",1.05,"mg/L",25.6890693,-80.2849226,0.5
"2678","...300585","DERM_BBWQ","10/08/2024 11:35:00","MR07","Total_Nitrogen",1.43,"mg/L",25.8072788,-80.2601771,0.5
"2679","...300616","DERM_BBWQ","10/16/2024 09:40:00","PR04A","Total_Nitrogen",3.66,"mg/L",25.536972,-80.3895984,0.5
"2680","...300625","DERM_BBWQ","12/04/2024 09:35:00","MW04","Total_Nitrogen",2.04,"mg/L",25.4712872,-80.3792762,0.5
"2681","...300641","DERM_BBWQ","10/08/2024 09:30:00","BB25","Total_Nitrogen",0.24,"mg/L",25.7592763,-80.1450669,0.5
"2682","...300652","DERM_BBWQ","10/16/2024 10:50:00","BB39A","Total_Nitrogen",0.68,"mg/L",25.5264328,-80.3070577,0.5
"2683","...300659","DERM_BBWQ","10/07/2024 09:15:00","BS01","Total_Nitrogen",0.85,"mg/L",25.8720738,-80.1647689,0.5
"2684","...300671","DERM_BBWQ","10/08/2024 11:00:00","MR04","Total_Nitrogen",1.08,"mg/L",25.7827799,-80.2147826,0.5
"2685","...300709","DERM_BBWQ","10/07/2024 09:25:00","AC06","Total_Nitrogen",1.2,"mg/L",25.9083837,-80.1636707,0.5
"2686","...300713","DERM_BBWQ","10/07/2024 10:40:00","AC01","Total_Nitrogen",0.5,"mg/L",25.9006722,-80.1443668,0.5
"2687","...300718","DERM_BBWQ","12/02/2024 10:00:00","OSC1","Total_Nitrogen",0.96,"mg/L",25.893635,-80.242845,0.464
"2688","...300722","DERM_BBWQ","11/04/2024 09:45:00","IC02","Total_Nitrogen",0.24,"mg/L",25.880033,-80.129597,0.5
"2689","...300728","DERM_BBWQ","12/02/2024 08:30:00","LR07","Total_Nitrogen",1.31,"mg/L",25.87107,-80.25103,0.5
"2690","...300739","DERM_BBWQ","11/07/2024 10:00:00","SP05","Total_Nitrogen",1,"mg/L",25.691593,-80.30675,0.5
"2691","...300747","DERM_BBWQ","11/07/2024 11:20:00","BBKB1","Total_Nitrogen",0.24,"mg/L",25.69801,-80.17428,0.5
"2692","...300762","DERM_BBWQ","10/08/2024 10:55:00","MR11","Total_Nitrogen",1.21,"mg/L",25.841603,-80.306345,0.5
"2693","...300767","DERM_BBWQ","12/02/2024 08:45:00","LR06","Total_Nitrogen",1.25,"mg/L",25.8539749,-80.1927698,0.5
"2694","...300776","DERM_BBWQ","10/16/2024 09:35:00","BB50","Total_Nitrogen",0.64,"mg/L",25.2298977,-80.3767774,0.5
"2695","...300792","DERM_BBWQ","10/07/2024 11:45:00","BS10","Total_Nitrogen",1.54,"mg/L",25.9187361,-80.3244952,0.5
"2696","...300807","DERM_BBWQ","12/03/2024 09:25:00","BB24","Total_Nitrogen",0.24,"mg/L",25.7665764,-80.1405694,0.5
"2697","...300811","DERM_BBWQ","10/08/2024 10:50:00","MR03","Total_Nitrogen",1.07,"mg/L",25.778711,-80.2072338,0.5
"2698","...300820","DERM_BBWQ","11/06/2024 08:50:00","NO07A","Total_Nitrogen",1.44,"mg/L",25.4628912,-80.4038901,0.5
"2699","...300843","DERM_BBWQ","11/06/2024 11:50:00","PR08","Total_Nitrogen",0.48,"mg/L",25.5870676,-80.5112166,0.5
"2700","...300857","DERM_BBWQ","10/07/2024 09:15:00","BBY1","Total_Nitrogen",0.24,"mg/L",25.837703,-80.171883,0.5
"2701","...300908","DERM_BBWQ","12/03/2024 11:25:00","DDC1","Total_Nitrogen",0.81,"mg/L",25.826103,-80.385617,0.5
"2702","...300918","DERM_BBWQ","12/03/2024 08:55:00","WC04","Total_Nitrogen",0.84,"mg/L",25.7944234,-80.2214498,0.5
"2703","...300924","DERM_BBWQ","10/07/2024 10:05:00","BBMB2","Total_Nitrogen",0.24,"mg/L",25.80345,-80.145149,0.5
"2704","...300939","DERM_BBWQ","12/03/2024 11:35:00","MR07","Total_Nitrogen",1.08,"mg/L",25.8072788,-80.2601771,0.5
"2705","...300953","DERM_BBWQ","12/05/2024 11:00:00","CG03","Total_Nitrogen",0.48,"mg/L",25.738545,-80.286792,0.5
"2706","...300963","DERM_BBWQ","12/04/2024 11:55:00","BL06","Total_Nitrogen",1.18,"mg/L",25.53604325,-80.32527118,0.5
"2707","...300978","DERM_BBWQ","12/02/2024 12:05:00","BB01A","Total_Nitrogen",0.47,"mg/L",25.960526,-80.124254,0.5
"2708","...300979","DERM_BBWQ","11/07/2024 10:20:00","BBY4","Total_Nitrogen",0.24,"mg/L",25.599304,-80.275107,0.5
"2709","...300985","DERM_BBWQ","12/03/2024 09:20:00","TM08","Total_Nitrogen",1.03,"mg/L",25.761778,-80.4810792,0.5
"2710","...300991","DERM_BBWQ","10/07/2024 09:20:00","LR08","Total_Nitrogen",1.11,"mg/L",25.8703617,-80.2907737,0.5
"2711","...300996","DERM_BBWQ","11/06/2024 09:50:00","MW05","Total_Nitrogen",4.15,"mg/L",25.521443,-80.4435492,0.5
"2712","...301001","DERM_BBWQ","11/04/2024 10:25:00","OL03","Total_Nitrogen",0.78,"mg/L",25.9637064,-80.1502022,0.5
"2713","...301024","DERM_BBWQ","10/17/2024 08:55:00","CG01","Total_Nitrogen",0.49,"mg/L",25.7036788,-80.2472057,0.5
"2714","...301030","DERM_BBWQ","12/05/2024 09:40:00","SP04","Total_Nitrogen",0.9,"mg/L",25.6740799,-80.2840729,0.5
"2715","...301034","DERM_BBWQ","10/08/2024 08:45:00","WC03","Total_Nitrogen",0.39,"mg/L",25.7876538,-80.2150483,0.5
"2716","...301057","DERM_BBWQ","12/02/2024 09:55:00","OL02","Total_Nitrogen",0.67,"mg/L",25.9478705,-80.1551539,0.5
"2717","...301081","DERM_BBWQ","10/17/2024 11:15:00","BBKB1","Total_Nitrogen",0.24,"mg/L",25.69801,-80.17428,0.5
"2718","...301094","DERM_BBWQ","10/08/2024 09:40:00","BB24","Total_Nitrogen",0.24,"mg/L",25.7665764,-80.1405694,0.5
"2719","...301140","DERM_BBWQ","11/04/2024 11:10:00","BB04","Total_Nitrogen",0.36,"mg/L",25.917671,-80.1257684,0.5
"2720","...301155","DERM_BBWQ","11/04/2024 10:35:00","OSC1","Total_Nitrogen",0.7,"mg/L",25.893635,-80.242845,0.5
"2721","...301165","DERM_BBWQ","11/05/2024 11:30:00","MR06","Total_Nitrogen",0.98,"mg/L",25.7954165,-80.2443892,0.5
"2722","...301201","DERM_BBWQ","12/04/2024 11:10:00","BL04","Total_Nitrogen",0.92,"mg/L",25.568404,-80.363504,0.5
"2723","...301220","DERM_BBWQ","10/08/2024 09:05:00","BB26","Total_Nitrogen",0.24,"mg/L",25.747777,-80.1850708,0.5
"2724","...301225","DERM_BBWQ","11/06/2024 10:50:00","GL03","Total_Nitrogen",2.17,"mg/L",25.5373021,-80.3437635,0.5
"2725","...301235","DERM_BBWQ","10/08/2024 09:15:00","TM07A","Total_Nitrogen",0.96,"mg/L",25.761291,-80.392942,0.5
"2726","...301259","DERM_BBWQ","11/12/2024 09:10:00","BB17","Total_Nitrogen",0.28,"mg/L",25.802675,-80.1659703,0.5
"2727","...301271","DERM_BBWQ","11/05/2024 09:30:00","BB24","Total_Nitrogen",0.24,"mg/L",25.7665764,-80.1405694,0.5
"2728","...301272","DERM_BBWQ","12/02/2024 10:40:00","SK05","Total_Nitrogen",0.9,"mg/L",25.9596526,-80.2054001,0.5
"2729","...301277","DERM_BBWQ","12/03/2024 11:05:00","MR05","Total_Nitrogen",0.89,"mg/L",25.7857488,-80.2266574,0.5
"2730","...301280","DERM_BBWQ","12/03/2024 10:50:00","MR04","Total_Nitrogen",0.89,"mg/L",25.7827799,-80.2147826,0.5
"2731","...301332","DERM_BBWQ","10/07/2024 10:05:00","OL02","Total_Nitrogen",0.65,"mg/L",25.9478705,-80.1551539,0.5
"2732","...301365","DERM_BBWQ","10/16/2024 09:00:00","MW13","Total_Nitrogen",1.22,"mg/L",25.5174877,-80.5425794,0.5
"2733","...301369","DERM_BBWQ","12/05/2024 08:45:00","CG01","Total_Nitrogen",0.24,"mg/L",25.7036788,-80.2472057,0.5
"2734","...301373","DERM_BBWQ","12/05/2024 10:25:00","BB37","Total_Nitrogen",0.24,"mg/L",25.570684,-80.19177,0.5
"2735","...301384","DERM_BBWQ","12/02/2024 11:15:00","BS07","Total_Nitrogen",1.02,"mg/L",25.9166356,-80.2114643,0.5
"2736","...301419","DERM_BBWQ","11/05/2024 10:15:00","MR01","Total_Nitrogen",0.38,"mg/L",25.770035,-80.1915094,0.5
"2737","...301427","DERM_BBWQ","11/06/2024 09:50:00","L31E1","Total_Nitrogen",0.7,"mg/L",25.4926466,-80.346775,0.5
"2738","...301440","DERM_BBWQ","12/04/2024 11:10:00","BB39A","Total_Nitrogen",0.24,"mg/L",25.5264328,-80.3070577,0.5
"2739","...301471","DERM_BBWQ","10/07/2024 10:20:00","OC01","Total_Nitrogen",1.67,"mg/L",25.89776829,-80.24577639,0.5
"2740","...301484","DERM_BBWQ","12/04/2024 10:30:00","L31E1","Total_Nitrogen",0.99,"mg/L",25.4926466,-80.346775,0.5
"2741","...301493","DERM_BBWQ","10/07/2024 09:50:00","IC02","Total_Nitrogen",0.24,"mg/L",25.880033,-80.129597,0.5
"2742","...301497","DERM_BBWQ","10/08/2024 09:15:00","BB22","Total_Nitrogen",0.31,"mg/L",25.7562781,-80.1742698,0.5
"2743","...301525","DERM_BBWQ","10/17/2024 09:30:00","CD05","Total_Nitrogen",0.53,"mg/L",25.6238368,-80.3436253,0.5
"2744","...301567","DERM_BBWQ","10/16/2024 11:05:00","MI03","Total_Nitrogen",0.64,"mg/L",25.4894593,-80.3635494,0.5
"2745","...301604","DERM_BBWQ","12/03/2024 08:30:00","BB28","Total_Nitrogen",0.61,"mg/L",25.7291777,-80.1602691,0.5
"2746","...301613","DERM_BBWQ","11/04/2024 09:00:00","BB08","Total_Nitrogen",0.24,"mg/L",25.86423333,-80.17096667,0.5
"2747","...301619","DERM_BBWQ","12/05/2024 08:35:00","CD04A","Total_Nitrogen",0.49,"mg/L",25.594937,-80.341127,0.5
"2748","...301626","DERM_BBWQ","12/02/2024 10:40:00","AC02","Total_Nitrogen",0.34,"mg/L",25.8939883,-80.1540054,0.5
"2749","...301630","DERM_BBWQ","11/05/2024 10:20:00","CM02","Total_Nitrogen",0.49,"mg/L",25.78348,-80.23984,0.5
"2750","...301647","DERM_BBWQ","11/04/2024 11:15:00","BS09","Total_Nitrogen",1.09,"mg/L",25.9137136,-80.292988,0.5
"2751","...301651","DERM_BBWQ","11/04/2024 11:40:00","SK09","Total_Nitrogen",0.76,"mg/L",25.964234,-80.3110905,0.5
"2752","...301677","DERM_BBWQ","12/04/2024 09:05:00","BB47","Total_Nitrogen",0.24,"mg/L",25.3367944,-80.3200766,0.5
"2753","...301698","DERM_BBWQ","10/16/2024 08:50:00","FC03","Total_Nitrogen",0.71,"mg/L",25.4480526,-80.3673826,0.5
"2754","...301711","DERM_BBWQ","10/08/2024 11:10:00","MR05","Total_Nitrogen",1.03,"mg/L",25.7857488,-80.2266574,0.5
"2755","...301714","DERM_BBWQ","10/07/2024 09:05:00","LR05","Total_Nitrogen",1.41,"mg/L",25.8714828,-80.2341987,0.5
"2756","...366717","DERM_BBWQ","03/03/2021 09:40:00","MI02","Total_Nitrogen",0.802,"mg/L",25.4893605,-80.3473436,0.5
"2757","...366732","DERM_BBWQ","05/07/2024 09:50:00","MR15","Total_Nitrogen",0.74,"mg/L",25.8959808,-80.379429,0.5
"2758","...366767","DERM_BBWQ","02/02/2021 08:30:00","WC03","Total_Nitrogen",0.462,"mg/L",25.7876538,-80.2150483,0.5
"2759","...366802","DERM_BBWQ","05/07/2024 10:40:00","DDC1","Total_Nitrogen",0.52,"mg/L",25.826103,-80.385617,0.5
"2760","...366809","DERM_BBWQ","03/03/2021 09:30:00","BBOR2","Total_Nitrogen",0.442,"mg/L",25.2963,-80.3255,0.5
"2761","...366818","DERM_BBWQ","01/06/2021 09:05:00","BBOR1","Total_Nitrogen",0.223,"mg/L",25.3237,-80.3072,0.5
"2762","...366819","DERM_BBWQ","01/04/2021 09:40:00","LR01","Total_Nitrogen",0.611,"mg/L",25.8451746,-80.1733678,0.5
"2763","...366861","DERM_BBWQ","05/09/2024 10:05:00","BBKB1","Total_Nitrogen",0.06,"mg/L",25.69801,-80.17428,0.5
"2764","...366904","DERM_BBWQ","05/06/2024 09:20:00","SK02","Total_Nitrogen",0.54,"mg/L",25.9319891,-80.1523133,0.5
"2765","...366917","DERM_BBWQ","06/04/2024 10:05:00","MR01","Total_Nitrogen",0.38,"mg/L",25.770035,-80.1915094,0.5
"2766","...366920","DERM_BBWQ","01/06/2021 08:40:00","BISC121","Total_Nitrogen",0.248,"mg/L",25.3549983,-80.291665,0.5
"2767","...366934","DERM_BBWQ","02/03/2021 10:05:00","BB51","Total_Nitrogen",0.536,"mg/L",25.251496,-80.4140785,0.5
"2768","...366939","DERM_BBWQ","05/06/2024 10:25:00","LR01","Total_Nitrogen",0.44,"mg/L",25.8451746,-80.1733678,0.5
"2769","...366968","DERM_BBWQ","06/05/2024 11:00:00","BISC101","Total_Nitrogen",0.36,"mg/L",25.4783316,-80.320831,0.5
"2770","...366998","DERM_BBWQ","06/04/2024 10:25:00","MR08","Total_Nitrogen",0.64,"mg/L",25.8103755,-80.2642734,0.5
"2771","...367002","DERM_BBWQ","06/04/2024 10:30:00","MR15","Total_Nitrogen",0.68,"mg/L",25.8959808,-80.379429,0.5
"2772","...367029","DERM_BBWQ","05/09/2024 08:40:00","SP05","Total_Nitrogen",0.88,"mg/L",25.691593,-80.30675,0.5
"2773","...367031","DERM_BBWQ","05/07/2024 09:40:00","TM02","Total_Nitrogen",0.68,"mg/L",25.7855632,-80.2559449,0.5
"2774","...367038","DERM_BBWQ","01/06/2021 10:55:00","MW05","Total_Nitrogen",4.6,"mg/L",25.521443,-80.4435492,0.5
"2775","...367091","DERM_BBWQ","02/01/2021 08:55:00","LR05","Total_Nitrogen",0.863,"mg/L",25.8714828,-80.2341987,0.5
"2776","...367101","DERM_BBWQ","02/01/2021 11:35:00","SK02","Total_Nitrogen",0.662,"mg/L",25.9319891,-80.1523133,0.5
"2777","...367125","DERM_BBWQ","05/07/2024 10:05:00","MR01","Total_Nitrogen",0.24,"mg/L",25.770035,-80.1915094,0.5
"2778","...367129","DERM_BBWQ","05/08/2024 11:45:00","BL01","Total_Nitrogen",0.83,"mg/L",25.5360433,-80.3252712,0.5
"2779","...367169","DERM_BBWQ","06/04/2024 08:35:00","WC03","Total_Nitrogen",0.52,"mg/L",25.7876538,-80.2150483,0.5
"2780","...367177","DERM_BBWQ","06/03/2024 09:35:00","SK02","Total_Nitrogen",0.57,"mg/L",25.9319891,-80.1523133,0.5
"2781","...367227","DERM_BBWQ","02/03/2021 11:20:00","GL02","Total_Nitrogen",0.968,"mg/L",25.5372206,-80.3330313,0.5
"2782","...367248","DERM_BBWQ","02/03/2021 08:20:00","BB38","Total_Nitrogen",0.323,"mg/L",25.5196864,-80.2393748,0.5
"2783","...367261","DERM_BBWQ","05/06/2024 10:15:00","SK10","Total_Nitrogen",0.8,"mg/L",25.956833,-80.430633,0.5
"2784","...367273","DERM_BBWQ","05/09/2024 09:00:00","BISC127","Total_Nitrogen",0.06,"mg/L",25.6299983,-80.25,0.5
"2785","...367279","DERM_BBWQ","06/04/2024 09:10:00","BB25","Total_Nitrogen",0.06,"mg/L",25.7592763,-80.1450669,0.5
"2786","...367304","DERM_BBWQ","03/04/2021 11:20:00","BBMB2","Total_Nitrogen",0.393,"mg/L",25.80345,-80.145149,0.5
"2787","...367314","DERM_BBWQ","06/03/2024 11:10:00","SK05","Total_Nitrogen",0.69,"mg/L",25.9596526,-80.2054001,0.5
"2788","...367326","DERM_BBWQ","02/01/2021 09:20:00","LR08","Total_Nitrogen",0.964,"mg/L",25.8703617,-80.2907737,0.5
"2789","...367340","DERM_BBWQ","03/01/2021 11:20:00","BB04","Total_Nitrogen",0.25,"mg/L",25.917671,-80.1257684,0.5
"2790","...367361","DERM_BBWQ","01/04/2021 10:40:00","AC01","Total_Nitrogen",0.278,"mg/L",25.9006722,-80.1443668,0.5
"2791","...367405","DERM_BBWQ","01/06/2021 11:45:00","PR04A","Total_Nitrogen",4.2,"mg/L",25.536972,-80.3895984,0.5
"2792","...367414","DERM_BBWQ","06/03/2024 09:25:00","BB15","Total_Nitrogen",0.24,"mg/L",25.8150757,-80.1752699,0.5
"2793","...367429","DERM_BBWQ","03/02/2021 09:00:00","BB24","Total_Nitrogen",0.29,"mg/L",25.7665764,-80.1405694,0.5
"2794","...367430","DERM_BBWQ","06/06/2024 09:15:00","SP01","Total_Nitrogen",0.28,"mg/L",25.6583676,-80.2659342,0.5
"2795","...367448","DERM_BBWQ","06/06/2024 09:20:00","CD05","Total_Nitrogen",0.27,"mg/L",25.6238368,-80.3436253,0.5
"2796","...367457","DERM_BBWQ","05/07/2024 08:30:00","WC02","Total_Nitrogen",0.29,"mg/L",25.7843109,-80.2104451,0.5
"2797","...367469","DERM_BBWQ","05/09/2024 08:05:00","SP04","Total_Nitrogen",0.79,"mg/L",25.6740799,-80.2840729,0.5
"2798","...367511","DERM_BBWQ","06/03/2024 10:45:00","AC01","Total_Nitrogen",0.22,"mg/L",25.9006722,-80.1443668,0.5
"2799","...367519","DERM_BBWQ","06/03/2024 08:50:00","BB17","Total_Nitrogen",0.18,"mg/L",25.802675,-80.1659703,0.5
"2800","...367548","DERM_BBWQ","02/01/2021 08:55:00","BB14","Total_Nitrogen",0.28,"mg/L",25.8300761,-80.1585673,0.5
"2801","...367572","DERM_BBWQ","03/04/2021 08:45:00","BB34","Total_Nitrogen",0.39,"mg/L",25.6514821,-80.2590735,0.5
"2802","...367597","DERM_BBWQ","05/06/2024 10:50:00","BS07","Total_Nitrogen",0.56,"mg/L",25.9166356,-80.2114643,0.5
"2803","...367602","DERM_BBWQ","06/06/2024 09:50:00","SP03","Total_Nitrogen",0.69,"mg/L",25.6890693,-80.2849226,0.5
"2804","...367629","DERM_BBWQ","06/06/2024 08:45:00","CG01","Total_Nitrogen",0.3,"mg/L",25.7036788,-80.2472057,0.5
"2805","...367691","DERM_BBWQ","06/03/2024 11:10:00","BS09","Total_Nitrogen",0.98,"mg/L",25.9137136,-80.292988,0.5
"2806","...367700","DERM_BBWQ","03/01/2021 10:50:00","SK05","Total_Nitrogen",0.713,"mg/L",25.9596526,-80.2054001,0.5
"2807","...367701","DERM_BBWQ","03/04/2021 08:50:00","SP08","Total_Nitrogen",1.376,"mg/L",25.7154804,-80.3829744,0.5
"2808","...367705","DERM_BBWQ","06/05/2024 10:10:00","L31E1","Total_Nitrogen",0.59,"mg/L",25.4926466,-80.346775,0.5
"2809","...367721","DERM_BBWQ","01/06/2021 09:40:00","BL06","Total_Nitrogen",1.02,"mg/L",25.53604325,-80.32527118,0.5
"2810","...367727","DERM_BBWQ","06/04/2024 09:35:00","BBMB1","Total_Nitrogen",0.06,"mg/L",25.4659,-80.38429,0.5
"2811","...367736","DERM_BBWQ","02/03/2021 09:55:00","BB50","Total_Nitrogen",0.428,"mg/L",25.2298977,-80.3767774,0.5
"2812","...367750","DERM_BBWQ","05/06/2024 10:05:00","BS09","Total_Nitrogen",0.61,"mg/L",25.9137136,-80.292988,0.5
"2813","...367755","DERM_BBWQ","06/04/2024 09:40:00","TM03A","Total_Nitrogen",0.69,"mg/L",25.7937979,-80.2625108,0.5
"2814","...367759","DERM_BBWQ","05/06/2024 09:05:00","LR08","Total_Nitrogen",0.89,"mg/L",25.8703617,-80.2907737,0.5
"2815","...367762","DERM_BBWQ","05/06/2024 11:15:00","BB04","Total_Nitrogen",0.06,"mg/L",25.917671,-80.1257684,0.5
"2816","...367804","DERM_BBWQ","06/04/2024 08:15:00","WC02","Total_Nitrogen",0.43,"mg/L",25.7843109,-80.2104451,0.5
"2817","...367809","DERM_BBWQ","03/03/2021 10:50:00","BISC122","Total_Nitrogen",0.251,"mg/L",25.4133316,-80.295,0.5
"2818","...367812","DERM_BBWQ","01/07/2021 11:00:00","BB32","Total_Nitrogen",0.237,"mg/L",25.68568,-80.1835687,0.5
"2819","...367831","DERM_BBWQ","03/03/2021 08:30:00","AR03","Total_Nitrogen",0.573,"mg/L",25.2890129,-80.4430649,0.5
"2820","...367863","DERM_BBWQ","05/06/2024 09:00:00","BB08","Total_Nitrogen",0.41,"mg/L",25.86423333,-80.17096667,0.5
"2821","...367885","DERM_BBWQ","06/05/2024 10:05:00","BB51","Total_Nitrogen",0.43,"mg/L",25.251496,-80.4140785,0.5
"2822","...367888","DERM_BBWQ","06/03/2024 10:40:00","OL03","Total_Nitrogen",0.69,"mg/L",25.9637064,-80.1502022,0.5
"2823","...367902","DERM_BBWQ","06/03/2024 10:30:00","AC02","Total_Nitrogen",0.18,"mg/L",25.8939883,-80.1540054,0.5
"2824","...367903","DERM_BBWQ","01/05/2021 11:35:00","MR07","Total_Nitrogen",1.033,"mg/L",25.8072788,-80.2601771,0.5
"2825","...367904","DERM_BBWQ","01/05/2021 08:30:00","WC03","Total_Nitrogen",0.542,"mg/L",25.7876538,-80.2150483,0.5
"2826","...367912","DERM_BBWQ","01/07/2021 10:40:00","BB37","Total_Nitrogen",0.18,"mg/L",25.570684,-80.19177,0.5
"2827","...367945","DERM_BBWQ","02/01/2021 08:30:00","LR06","Total_Nitrogen",0.994,"mg/L",25.8539749,-80.1927698,0.5
"2828","...367967","DERM_BBWQ","02/03/2021 12:30:00","FC03","Total_Nitrogen",0.842,"mg/L",25.4480526,-80.3673826,0.5
"2829","...367985","DERM_BBWQ","03/04/2021 09:50:00","BB08","Total_Nitrogen",0.438,"mg/L",25.86423333,-80.17096667,0.5
"2830","...367987","DERM_BBWQ","03/02/2021 10:15:00","MR15","Total_Nitrogen",0.862,"mg/L",25.8959808,-80.379429,0.5
"2831","...367988","DERM_BBWQ","03/02/2021 08:30:00","TM05","Total_Nitrogen",0.869,"mg/L",25.7625448,-80.3202984,0.5
"2832","...367991","DERM_BBWQ","06/06/2024 11:55:00","CG03","Total_Nitrogen",0.42,"mg/L",25.738545,-80.286792,0.5
"2833","...368019","DERM_BBWQ","03/03/2021 09:05:00","BB47","Total_Nitrogen",0.28,"mg/L",25.3367944,-80.3200766,0.5
"2834","...368027","DERM_BBWQ","02/02/2021 10:35:00","MR03","Total_Nitrogen",0.538,"mg/L",25.778711,-80.2072338,0.5
"2835","...368052","DERM_BBWQ","06/03/2024 12:00:00","BBMB2","Total_Nitrogen",0.28,"mg/L",25.80345,-80.145149,0.5
"2836","...368070","DERM_BBWQ","05/08/2024 08:40:00","FC03","Total_Nitrogen",0.86,"mg/L",25.4480526,-80.3673826,0.5
"2837","...368074","DERM_BBWQ","05/07/2024 08:40:00","BB26","Total_Nitrogen",0.06,"mg/L",25.747777,-80.1850708,0.5
"2838","...368076","DERM_BBWQ","05/06/2024 09:30:00","OL01","Total_Nitrogen",0.06,"mg/L",25.938348,-80.149601,0.5
"2839","...368117","DERM_BBWQ","05/08/2024 10:55:00","BB41","Total_Nitrogen",0.06,"mg/L",25.4726881,-80.2844755,0.5
"2840","...368128","DERM_BBWQ","01/06/2021 10:51:00","BB41","Total_Nitrogen",0.3,"mg/L",25.4726881,-80.2844755,0.5
"2841","...368135","DERM_BBWQ","05/07/2024 11:15:00","CM02","Total_Nitrogen",0.35,"mg/L",25.78348,-80.23984,0.5
"2842","...368180","DERM_BBWQ","05/08/2024 11:40:00","PR08","Total_Nitrogen",0.87,"mg/L",25.5870676,-80.5112166,0.5
"2843","...368188","DERM_BBWQ","05/06/2024 11:15:00","BB14","Total_Nitrogen",0.06,"mg/L",25.8300761,-80.1585673,0.5
"2844","...368198","DERM_BBWQ","06/03/2024 11:55:00","BS10","Total_Nitrogen",0.73,"mg/L",25.9187361,-80.3244952,0.5
"2845","...368215","DERM_BBWQ","01/04/2021 11:35:00","SK09","Total_Nitrogen",0.716,"mg/L",25.964234,-80.3110905,0.5
"2846","...368229","DERM_BBWQ","03/02/2021 09:45:00","BB17","Total_Nitrogen",0.322,"mg/L",25.802675,-80.1659703,0.5
"2847","...368253","DERM_BBWQ","02/01/2021 10:30:00","OL03","Total_Nitrogen",0.57,"mg/L",25.9637064,-80.1502022,0.5
"2848","...368263","DERM_BBWQ","06/05/2024 10:30:00","BL03","Total_Nitrogen",0.35,"mg/L",25.5490482,-80.3481369,0.5
"2849","...368274","DERM_BBWQ","01/05/2021 10:45:00","MR03","Total_Nitrogen",0.849,"mg/L",25.778711,-80.2072338,0.5
"2850","...368290","DERM_BBWQ","03/02/2021 09:35:00","TM03A","Total_Nitrogen",0.876,"mg/L",25.7937979,-80.2625108,0.5
"2851","...368297","DERM_BBWQ","02/02/2021 10:05:00","TM03A","Total_Nitrogen",0.734,"mg/L",25.7937979,-80.2625108,0.5
"2852","...368306","DERM_BBWQ","02/04/2021 09:40:00","CD09","Total_Nitrogen",0.362,"mg/L",25.6658803,-80.4086772,0.5
"2853","...368312","DERM_BBWQ","02/03/2021 11:00:00","MW13","Total_Nitrogen",0.557,"mg/L",25.5174877,-80.5425794,0.5
"2854","...368319","DERM_BBWQ","02/04/2021 08:25:00","BB31","Total_Nitrogen",0.312,"mg/L",25.6937801,-80.2075693,0.5
"2855","...368322","DERM_BBWQ","05/08/2024 10:30:00","PR01","Total_Nitrogen",5.04,"mg/L",25.5195874,-80.3319765,0.5
"2856","...368327","DERM_BBWQ","05/08/2024 11:10:00","BISC101","Total_Nitrogen",0.06,"mg/L",25.4783316,-80.320831,0.5
"2857","...368332","DERM_BBWQ","05/06/2024 10:45:00","BB11","Total_Nitrogen",0.06,"mg/L",25.8464751,-80.1669677,0.5
"2858","...368343","DERM_BBWQ","05/06/2024 10:35:00","BB13A","Total_Nitrogen",0.34,"mg/L",25.84363213,-80.16884056,0.5
"2859","...368365","DERM_BBWQ","01/07/2021 10:00:00","CD01A","Total_Nitrogen",0.327,"mg/L",25.95683333,-80.43063333,0.5
"2860","...368381","DERM_BBWQ","05/09/2024 08:30:00","BB34","Total_Nitrogen",0.06,"mg/L",25.6514821,-80.2590735,0.5
"2861","...368392","DERM_BBWQ","03/01/2021 08:35:00","LR06","Total_Nitrogen",0.876,"mg/L",25.8539749,-80.1927698,0.5
"2862","...368397","DERM_BBWQ","02/01/2021 08:45:00","BS04","Total_Nitrogen",0.485,"mg/L",25.8740728,-80.1814691,0.5
"2863","...368439","DERM_BBWQ","03/01/2021 09:45:00","AC06","Total_Nitrogen",1.56,"mg/L",25.9083837,-80.1636707,0.5
"2864","...368449","DERM_BBWQ","01/06/2021 09:10:00","BL12","Total_Nitrogen",0.943,"mg/L",25.6610226,-80.4306146,0.5
"2865","...368450","DERM_BBWQ","01/06/2021 09:20:00","MI03","Total_Nitrogen",0.358,"mg/L",25.4894593,-80.3635494,0.5
"2866","...368460","DERM_BBWQ","05/09/2024 09:50:00","CG02A","Total_Nitrogen",0.35,"mg/L",25.714687,-80.280868,0.5
"2867","...368510","DERM_BBWQ","06/05/2024 11:15:00","PR01","Total_Nitrogen",3.69,"mg/L",25.5195874,-80.3319765,0.5
"2868","...368537","DERM_BBWQ","02/02/2021 10:30:00","MR08","Total_Nitrogen",0.723,"mg/L",25.8103755,-80.2642734,0.5
"2869","...368552","DERM_BBWQ","05/06/2024 09:45:00","OL02","Total_Nitrogen",0.62,"mg/L",25.9478705,-80.1551539,0.5
"2870","...368555","DERM_BBWQ","05/07/2024 09:20:00","WC04","Total_Nitrogen",0.69,"mg/L",25.7944234,-80.2214498,0.5
"2871","...368564","DERM_BBWQ","05/09/2024 08:10:00","CG01","Total_Nitrogen",0.41,"mg/L",25.7036788,-80.2472057,0.5
"2872","...368566","DERM_BBWQ","05/08/2024 09:50:00","PR04A","Total_Nitrogen",4.18,"mg/L",25.536972,-80.3895984,0.5
"2873","...368589","DERM_BBWQ","05/08/2024 09:05:00","MW13","Total_Nitrogen",0.52,"mg/L",25.5174877,-80.5425794,0.5
"2874","...368615","DERM_BBWQ","05/06/2024 09:40:00","BB15A","Total_Nitrogen",0.06,"mg/L",25.81507571,-80.1752699,0.5
"2875","...368621","DERM_BBWQ","01/04/2021 09:05:00","LR05","Total_Nitrogen",0.993,"mg/L",25.8714828,-80.2341987,0.5
"2876","...368640","DERM_BBWQ","02/03/2021 10:30:00","PR08","Total_Nitrogen",0.764,"mg/L",25.5870676,-80.5112166,0.5
"2877","...368662","DERM_BBWQ","03/02/2021 08:30:00","WC02","Total_Nitrogen",0.564,"mg/L",25.7843109,-80.2104451,0.5
"2878","...368669","DERM_BBWQ","06/05/2024 12:20:00","BL12","Total_Nitrogen",0.81,"mg/L",25.6610226,-80.4306146,0.5
"2879","...368671","DERM_BBWQ","06/06/2024 10:15:00","BB37","Total_Nitrogen",0.06,"mg/L",25.570684,-80.19177,0.5
"2880","...368688","DERM_BBWQ","06/06/2024 11:30:00","CG07","Total_Nitrogen",0.5,"mg/L",25.7410796,-80.3106721,0.5
"2881","...368689","DERM_BBWQ","01/05/2021 09:45:00","BB18","Total_Nitrogen",0.345,"mg/L",25.7868761,-80.1633701,0.5
"2882","...368710","DERM_BBWQ","03/01/2021 09:25:00","BB11","Total_Nitrogen",0.42,"mg/L",25.8464751,-80.1669677,0.5
"2883","...368757","DERM_BBWQ","05/09/2024 09:20:00","CG02","Total_Nitrogen",0.5,"mg/L",25.706066,-80.26086,0.5
"2884","...368770","DERM_BBWQ","05/07/2024 09:40:00","BB18","Total_Nitrogen",0.06,"mg/L",25.7868761,-80.1633701,0.5
"2885","...368798","DERM_BBWQ","06/04/2024 10:50:00","MR04","Total_Nitrogen",0.44,"mg/L",25.7827799,-80.2147826,0.5
"2886","...368808","DERM_BBWQ","06/03/2024 09:30:00","OSC3","Total_Nitrogen",0.94,"mg/L",25.879678,-80.236215,0.5
"2887","...368814","DERM_BBWQ","05/09/2024 10:30:00","CG07","Total_Nitrogen",0.42,"mg/L",25.7410796,-80.3106721,0.5
"2888","...368823","DERM_BBWQ","06/06/2024 08:55:00","CD02","Total_Nitrogen",0.19,"mg/L",25.6111839,-80.3098744,0.5
"2889","...368833","DERM_BBWQ","02/02/2021 09:00:00","TM05","Total_Nitrogen",0.926,"mg/L",25.7625448,-80.3202984,0.5
"2890","...368843","DERM_BBWQ","06/05/2024 09:45:00","MW05","Total_Nitrogen",2.5,"mg/L",25.521443,-80.4435492,0.5
"2891","...368846","DERM_BBWQ","01/04/2021 09:40:00","OL03","Total_Nitrogen",0.901,"mg/L",25.9637064,-80.1502022,0.5
"2892","...368852","DERM_BBWQ","03/03/2021 11:30:00","BB39A","Total_Nitrogen",0.536,"mg/L",25.5264328,-80.3070577,0.5
"2893","...368856","DERM_BBWQ","05/06/2024 09:10:00","OSC3","Total_Nitrogen",0.79,"mg/L",25.879678,-80.236215,0.5
"2894","...368870","DERM_BBWQ","02/01/2021 10:40:00","AC01","Total_Nitrogen",0.206,"mg/L",25.9006722,-80.1443668,0.5
"2895","...368871","DERM_BBWQ","06/03/2024 11:35:00","BBMB3","Total_Nitrogen",0.24,"mg/L",25.825666,-80.13375,0.5
"2896","...368874","DERM_BBWQ","01/06/2021 08:50:00","BB47","Total_Nitrogen",0.277,"mg/L",25.3367944,-80.3200766,0.5
"2897","...368891","DERM_BBWQ","01/04/2021 12:00:00","SK01","Total_Nitrogen",0.398,"mg/L",25.9294714,-80.1503688,0.5
"2898","...368939","DERM_BBWQ","03/04/2021 08:30:00","CG01","Total_Nitrogen",0.533,"mg/L",25.7036788,-80.2472057,0.5
"2899","...368947","DERM_BBWQ","05/06/2024 09:20:00","OSC2","Total_Nitrogen",1.33,"mg/L",25.890008,-80.243468,0.5
"2900","...368971","DERM_BBWQ","02/01/2021 11:35:00","SK09","Total_Nitrogen",0.652,"mg/L",25.964234,-80.3110905,0.5
"2901","...368987","DERM_BBWQ","06/05/2024 09:15:00","BBOR1","Total_Nitrogen",0.17,"mg/L",25.3237,-80.3072,0.5
"2902","...368995","DERM_BBWQ","05/06/2024 11:50:00","BB01A","Total_Nitrogen",0.06,"mg/L",25.960526,-80.124254,0.5
"2903","...369011","DERM_BBWQ","06/05/2024 09:15:00","MW04","Total_Nitrogen",1.41,"mg/L",25.4712872,-80.3792762,0.5
"2904","...369041","DERM_BBWQ","01/06/2021 10:00:00","L31E1","Total_Nitrogen",0.595,"mg/L",25.4926466,-80.346775,0.5
"2905","...369042","DERM_BBWQ","01/05/2021 11:20:00","MR08","Total_Nitrogen",0.872,"mg/L",25.8103755,-80.2642734,0.5
"2906","...369086","DERM_BBWQ","05/06/2024 10:50:00","BS11","Total_Nitrogen",1.15,"mg/L",25.927833,-80.35815,0.5
"2907","...369106","DERM_BBWQ","06/05/2024 10:45:00","BB41","Total_Nitrogen",0.23,"mg/L",25.4726881,-80.2844755,0.5
"2908","...369109","DERM_BBWQ","06/05/2024 09:00:00","BB47","Total_Nitrogen",0.19,"mg/L",25.3367944,-80.3200766,0.5
"2909","...369113","DERM_BBWQ","03/01/2021 10:30:00","SK10","Total_Nitrogen",0.866,"mg/L",25.956833,-80.430633,0.5
"2910","...369151","DERM_BBWQ","05/08/2024 09:45:00","L31E1","Total_Nitrogen",0.52,"mg/L",25.4926466,-80.346775,0.5
"2911","...369203","DERM_BBWQ","03/04/2021 10:30:00","BBMB4","Total_Nitrogen",0.382,"mg/L",25.846566,-80.127483,0.5
"2912","...369204","DERM_BBWQ","03/03/2021 12:20:00","FC15","Total_Nitrogen",0.554,"mg/L",25.4481037,-80.460903,0.5
"2913","...369232","DERM_BBWQ","06/03/2024 10:30:00","OSC1","Total_Nitrogen",0.7,"mg/L",25.893635,-80.242845,0.285
"2914","...369241","DERM_BBWQ","03/01/2021 09:05:00","BB14","Total_Nitrogen",0.37,"mg/L",25.8300761,-80.1585673,0.5
"2915","...369242","DERM_BBWQ","03/04/2021 10:35:00","BBKB1","Total_Nitrogen",0.411,"mg/L",25.69801,-80.17428,0.5
"2916","...369247","DERM_BBWQ","03/04/2021 11:15:00","CG02A","Total_Nitrogen",1.015,"mg/L",25.714687,-80.280868,0.5
"2917","...369266","DERM_BBWQ","01/05/2021 10:00:00","BB17","Total_Nitrogen",0.377,"mg/L",25.802675,-80.1659703,0.5
"2918","...369277","DERM_BBWQ","02/03/2021 11:05:00","BISC101","Total_Nitrogen",0.337,"mg/L",25.4783316,-80.320831,0.5
"2919","...369279","DERM_BBWQ","01/07/2021 08:55:00","CG01","Total_Nitrogen",0.447,"mg/L",25.7036788,-80.2472057,0.5
"2920","...369288","DERM_BBWQ","02/04/2021 08:40:00","CG01","Total_Nitrogen",0.425,"mg/L",25.7036788,-80.2472057,0.5
"2921","...369301","DERM_BBWQ","05/08/2024 09:20:00","MW01","Total_Nitrogen",1.01,"mg/L",25.4707887,-80.3740089,0.5
"2922","...369313","DERM_BBWQ","05/08/2024 09:50:00","BB50","Total_Nitrogen",0.06,"mg/L",25.2298977,-80.3767774,0.5
"2923","...369327","DERM_BBWQ","05/07/2024 10:45:00","MR04","Total_Nitrogen",0.46,"mg/L",25.7827799,-80.2147826,0.5
"2924","...369332","DERM_BBWQ","05/08/2024 09:25:00","BBOR2","Total_Nitrogen",0.24,"mg/L",25.2963,-80.3255,0.5
"2925","...369353","DERM_BBWQ","06/05/2024 10:50:00","BL04","Total_Nitrogen",0.45,"mg/L",25.568404,-80.363504,0.5
"2926","...369357","DERM_BBWQ","03/01/2021 08:55:00","BS04","Total_Nitrogen",0.53,"mg/L",25.8740728,-80.1814691,0.5
"2927","...369359","DERM_BBWQ","03/02/2021 10:20:00","MR01","Total_Nitrogen",0.331,"mg/L",25.770035,-80.1915094,0.5
"2928","...369386","DERM_BBWQ","06/06/2024 10:40:00","BBKB1","Total_Nitrogen",0.06,"mg/L",25.69801,-80.17428,0.5
"2929","...369400","DERM_BBWQ","02/04/2021 11:45:00","BBMB4","Total_Nitrogen",0.433,"mg/L",25.846566,-80.127483,0.5
"2930","...369414","DERM_BBWQ","06/03/2024 12:20:00","SK01","Total_Nitrogen",0.14,"mg/L",25.9294714,-80.1503688,0.5
"2931","...369420","DERM_BBWQ","01/06/2021 12:50:00","FC15","Total_Nitrogen",2.99,"mg/L",25.4481037,-80.460903,0.5
"2932","...369439","DERM_BBWQ","02/04/2021 10:30:00","BB32","Total_Nitrogen",0.255,"mg/L",25.68568,-80.1835687,0.5
"2933","...369446","DERM_BBWQ","05/08/2024 10:45:00","GL03","Total_Nitrogen",1.4,"mg/L",25.5373021,-80.3437635,0.5
"2934","...369464","DERM_BBWQ","06/03/2024 08:30:00","BS04","Total_Nitrogen",0.6,"mg/L",25.8740728,-80.1814691,0.5
"2935","...369509","DERM_BBWQ","06/03/2024 10:10:00","OL02","Total_Nitrogen",0.72,"mg/L",25.9478705,-80.1551539,0.5
"2936","...369521","DERM_BBWQ","03/04/2021 10:40:00","CD05","Total_Nitrogen",0.257,"mg/L",25.6238368,-80.3436253,0.5
"2937","...369558","DERM_BBWQ","03/03/2021 08:20:00","BB38","Total_Nitrogen",0.32,"mg/L",25.5196864,-80.2393748,0.5
"2938","...369560","DERM_BBWQ","03/03/2021 11:00:00","BB41","Total_Nitrogen",0.416,"mg/L",25.4726881,-80.2844755,0.5
"2939","...369576","DERM_BBWQ","02/03/2021 10:00:00","BL06","Total_Nitrogen",0.974,"mg/L",25.53604325,-80.32527118,0.5
"2940","...369586","DERM_BBWQ","02/04/2021 10:40:00","CD02","Total_Nitrogen",0.629,"mg/L",25.6111839,-80.3098744,0.5
"2941","...369660","DERM_BBWQ","05/08/2024 12:05:00","BL12","Total_Nitrogen",1,"mg/L",25.6610226,-80.4306146,0.5
"2942","...369666","DERM_BBWQ","06/05/2024 08:40:00","FC03","Total_Nitrogen",0.64,"mg/L",25.4480526,-80.3673826,0.5
"2943","...369715","DERM_BBWQ","02/03/2021 10:05:00","L31E1","Total_Nitrogen",1.828,"mg/L",25.4926466,-80.346775,0.5
"2944","...369735","DERM_BBWQ","05/08/2024 10:40:00","BISC122","Total_Nitrogen",0.06,"mg/L",25.4133316,-80.295,0.5
"2945","...369756","DERM_BBWQ","06/03/2024 12:30:00","SK09","Total_Nitrogen",0.77,"mg/L",25.964234,-80.3110905,0.5
"2946","...369762","DERM_BBWQ","06/03/2024 08:30:00","LR06","Total_Nitrogen",0.9,"mg/L",25.8539749,-80.1927698,0.5
"2947","...369773","DERM_BBWQ","03/02/2021 11:25:00","MR07","Total_Nitrogen",0.591,"mg/L",25.8072788,-80.2601771,0.5
"2948","...369776","DERM_BBWQ","01/05/2021 08:55:00","TM05","Total_Nitrogen",0.92,"mg/L",25.7625448,-80.3202984,0.5
"2949","...369777","DERM_BBWQ","03/03/2021 11:05:00","PR04A","Total_Nitrogen",3.992,"mg/L",25.536972,-80.3895984,0.5
"2950","...369787","DERM_BBWQ","03/04/2021 08:20:00","BB31","Total_Nitrogen",0.392,"mg/L",25.6937801,-80.2075693,0.5
"2951","...369845","DERM_BBWQ","05/09/2024 09:45:00","SP08","Total_Nitrogen",0.9,"mg/L",25.7154804,-80.3829744,0.5
"2952","...369851","DERM_BBWQ","05/06/2024 09:15:00","BB15","Total_Nitrogen",0.24,"mg/L",25.8150757,-80.1752699,0.5
"2953","...369872","DERM_BBWQ","03/01/2021 12:15:00","SK01","Total_Nitrogen",0.322,"mg/L",25.9294714,-80.1503688,0.5
"2954","...369879","DERM_BBWQ","05/06/2024 10:30:00","BS08","Total_Nitrogen",0.61,"mg/L",25.916139,-80.222213,0.5
"2955","...369912","DERM_BBWQ","01/05/2021 08:45:00","BB22","Total_Nitrogen",0.288,"mg/L",25.7562781,-80.1742698,0.5
"2956","...369913","DERM_BBWQ","01/04/2021 11:15:00","BS10","Total_Nitrogen",1.058,"mg/L",25.9187361,-80.3244952,0.5
"2957","...369932","DERM_BBWQ","03/01/2021 09:10:00","LR08","Total_Nitrogen",0.932,"mg/L",25.8703617,-80.2907737,0.5
"2958","...369938","DERM_BBWQ","01/05/2021 09:30:00","WC02","Total_Nitrogen",0.508,"mg/L",25.7843109,-80.2104451,0.5
"2959","...369946","DERM_BBWQ","03/01/2021 11:25:00","SK02","Total_Nitrogen",0.674,"mg/L",25.9319891,-80.1523133,0.5
"2960","...369989","DERM_BBWQ","02/04/2021 09:50:00","BISC127","Total_Nitrogen",0.24,"mg/L",25.6299983,-80.25,0.5
"2961","...369991","DERM_BBWQ","03/02/2021 08:40:00","BB22","Total_Nitrogen",0.373,"mg/L",25.7562781,-80.1742698,0.5
"2962","...369994","DERM_BBWQ","03/01/2021 09:45:00","LR10","Total_Nitrogen",3.557,"mg/L",25.8695563,-80.3387186,0.5
"2963","...370012","DERM_BBWQ","03/02/2021 09:20:00","TM02","Total_Nitrogen",0.677,"mg/L",25.7855632,-80.2559449,0.5
"2964","...370019","DERM_BBWQ","02/03/2021 08:40:00","AR03","Total_Nitrogen",0.512,"mg/L",25.2890129,-80.4430649,0.5
"2965","...370024","DERM_BBWQ","05/07/2024 10:45:00","MR08","Total_Nitrogen",0.77,"mg/L",25.8103755,-80.2642734,0.5
"2966","...370030","DERM_BBWQ","06/06/2024 10:30:00","BB32","Total_Nitrogen",0.06,"mg/L",25.68568,-80.1835687,0.5
"2967","...370058","DERM_BBWQ","02/02/2021 09:25:00","BB18","Total_Nitrogen",0.314,"mg/L",25.7868761,-80.1633701,0.5
"2968","...370069","DERM_BBWQ","06/05/2024 11:55:00","PR08","Total_Nitrogen",0.94,"mg/L",25.5870676,-80.5112166,0.5
"2969","...370107","DERM_BBWQ","05/06/2024 11:55:00","SK09","Total_Nitrogen",0.79,"mg/L",25.964234,-80.3110905,0.5
"2970","...370126","DERM_BBWQ","05/07/2024 10:15:00","TM03A","Total_Nitrogen",0.8,"mg/L",25.7937979,-80.2625108,0.5
"2971","...370139","DERM_BBWQ","01/04/2021 09:25:00","BB11","Total_Nitrogen",0.266,"mg/L",25.8464751,-80.1669677,0.5
"2972","...370150","DERM_BBWQ","08/06/2024 09:20:00","TM02","Total_Nitrogen",0.77,"mg/L",25.7855632,-80.2559449,0.5
"2973","...370152","DERM_BBWQ","08/07/2024 10:15:00","BISC122","Total_Nitrogen",0.24,"mg/L",25.4133316,-80.295,0.5
"2974","...370153","DERM_BBWQ","09/09/2024 09:30:00","BB09","Total_Nitrogen",0.48,"mg/L",25.871374,-80.1550667,0.5
"2975","...370159","DERM_BBWQ","08/06/2024 08:45:00","WC03","Total_Nitrogen",0.68,"mg/L",25.7876538,-80.2150483,0.5
"2976","...370185","DERM_BBWQ","08/07/2024 11:00:00","BL05","Total_Nitrogen",1.6,"mg/L",25.576314,-80.360246,0.5
"2977","...370199","DERM_BBWQ","09/09/2024 09:45:00","OL03","Total_Nitrogen",0.63,"mg/L",25.9637064,-80.1502022,0.5
"2978","...370231","DERM_BBWQ","09/10/2024 09:45:00","TM08","Total_Nitrogen",1.07,"mg/L",25.761778,-80.4810792,0.5
"2979","...370242","DERM_BBWQ","07/09/2024 08:45:00","WC03","Total_Nitrogen",0.64,"mg/L",25.7876538,-80.2150483,0.5
"2980","...370256","DERM_BBWQ","07/10/2024 09:55:00","BB51","Total_Nitrogen",0.64,"mg/L",25.251496,-80.4140785,0.5
"2981","...370292","DERM_BBWQ","08/07/2024 09:35:00","BB50","Total_Nitrogen",0.57,"mg/L",25.2298977,-80.3767774,0.5
"2982","...370302","DERM_BBWQ","08/07/2024 09:50:00","L31E1","Total_Nitrogen",0.62,"mg/L",25.4926466,-80.346775,0.5
"2983","...370316","DERM_BBWQ","08/06/2024 11:20:00","DDC2","Total_Nitrogen",0.71,"mg/L",25.812261,-80.321703,0.5
"2984","...370328","DERM_BBWQ","09/12/2024 09:35:00","CD09","Total_Nitrogen",0.77,"mg/L",25.6658803,-80.4086772,0.5
"2985","...370331","DERM_BBWQ","09/10/2024 09:20:00","TM02","Total_Nitrogen",0.91,"mg/L",25.7855632,-80.2559449,0.5
"2986","...370332","DERM_BBWQ","09/10/2024 09:10:00","TM02","Total_Nitrogen",0.83,"mg/L",25.7855632,-80.2559449,0.5
"2987","...370336","DERM_BBWQ","09/11/2024 09:50:00","MI03","Total_Nitrogen",0.59,"mg/L",25.4894593,-80.3635494,0.5
"2988","...370352","DERM_BBWQ","09/10/2024 11:25:00","DDC1","Total_Nitrogen",0.64,"mg/L",25.826103,-80.385617,0.5
"2989","...370388","DERM_BBWQ","07/09/2024 10:40:00","CM02","Total_Nitrogen",0.54,"mg/L",25.78348,-80.23984,0.5
"2990","...370401","DERM_BBWQ","07/09/2024 09:10:00","BB22","Total_Nitrogen",0.24,"mg/L",25.7562781,-80.1742698,0.5
"2991","...370408","DERM_BBWQ","09/09/2024 09:45:00","BB10","Total_Nitrogen",0.44,"mg/L",25.8695722,-80.1438671,0.5
"2992","...370423","DERM_BBWQ","09/11/2024 09:10:00","BBOR1","Total_Nitrogen",0.5,"mg/L",25.3237,-80.3072,0.5
"2993","...370441","DERM_BBWQ","08/08/2024 09:35:00","CD09","Total_Nitrogen",0.38,"mg/L",25.6658803,-80.4086772,0.5
"2994","...370450","DERM_BBWQ","08/05/2024 10:30:00","BS07","Total_Nitrogen",0.71,"mg/L",25.9166356,-80.2114643,0.5
"2995","...370502","DERM_BBWQ","09/09/2024 10:20:00","IC01","Total_Nitrogen",0.24,"mg/L",25.893724,-80.130186,0.5
"2996","...370509","DERM_BBWQ","07/09/2024 09:00:00","WC04","Total_Nitrogen",0.7,"mg/L",25.7944234,-80.2214498,0.5
"2997","...370533","DERM_BBWQ","07/09/2024 10:20:00","CM04","Total_Nitrogen",0.46,"mg/L",25.78272272,-80.26952901,0.528
"2998","...370542","DERM_BBWQ","07/10/2024 10:50:00","BL04","Total_Nitrogen",1.38,"mg/L",25.568404,-80.363504,0.5
"2999","...370558","DERM_BBWQ","09/11/2024 09:40:00","BB50","Total_Nitrogen",0.49,"mg/L",25.2298977,-80.3767774,0.5
"3000","...370566","DERM_BBWQ","08/05/2024 10:20:00","OL03","Total_Nitrogen",0.66,"mg/L",25.9637064,-80.1502022,0.5
"3001","...370606","DERM_BBWQ","09/09/2024 11:00:00","BS10","Total_Nitrogen",1.2,"mg/L",25.9187361,-80.3244952,0.5
"3002","...370609","DERM_BBWQ","09/09/2024 10:45:00","OC01","Total_Nitrogen",0.61,"mg/L",25.89776829,-80.24577639,0.5
"3003","...370613","DERM_BBWQ","09/12/2024 10:45:00","CG02","Total_Nitrogen",0.9,"mg/L",25.706066,-80.26086,0.5
"3004","...370625","DERM_BBWQ","09/10/2024 10:50:00","MR03","Total_Nitrogen",0.91,"mg/L",25.778711,-80.2072338,0.5
"3005","...370665","DERM_BBWQ","07/08/2024 09:30:00","AC06","Total_Nitrogen",1.6,"mg/L",25.9083837,-80.1636707,0.5
"3006","...370682","DERM_BBWQ","07/08/2024 10:40:00","BS08","Total_Nitrogen",0.78,"mg/L",25.916139,-80.222213,0.5
"3007","...370693","DERM_BBWQ","08/08/2024 08:50:00","CG01","Total_Nitrogen",0.76,"mg/L",25.7036788,-80.2472057,0.5
"3008","...370694","DERM_BBWQ","08/08/2024 08:30:00","CG02","Total_Nitrogen",0.71,"mg/L",25.706066,-80.26086,0.5
"3009","...370699","DERM_BBWQ","08/05/2024 09:20:00","BB09","Total_Nitrogen",0.24,"mg/L",25.871374,-80.1550667,0.5
"3010","...370723","DERM_BBWQ","08/06/2024 10:30:00","CM02","Total_Nitrogen",0.43,"mg/L",25.78348,-80.23984,0.5
"3011","...370728","DERM_BBWQ","08/07/2024 11:25:00","BL06","Total_Nitrogen",1.67,"mg/L",25.53604325,-80.32527118,0.5
"3012","...370730","DERM_BBWQ","08/05/2024 10:10:00","BS08","Total_Nitrogen",0.86,"mg/L",25.916139,-80.222213,0.5
"3013","...370738","DERM_BBWQ","09/11/2024 09:35:00","L31E1","Total_Nitrogen",0.61,"mg/L",25.4926466,-80.346775,0.5
"3014","...370750","DERM_BBWQ","09/10/2024 08:40:00","TM06","Total_Nitrogen",1.05,"mg/L",25.762007,-80.348379,0.5
"3015","...370756","DERM_BBWQ","09/10/2024 11:00:00","MR04","Total_Nitrogen",0.95,"mg/L",25.7827799,-80.2147826,0.5
"3016","...370802","DERM_BBWQ","07/09/2024 09:35:00","BB24","Total_Nitrogen",0.24,"mg/L",25.7665764,-80.1405694,0.5
"3017","...370809","DERM_BBWQ","09/09/2024 09:20:00","BB15","Total_Nitrogen",0.69,"mg/L",25.8150757,-80.1752699,0.5
"3018","...370812","DERM_BBWQ","08/05/2024 10:30:00","BB14","Total_Nitrogen",0.24,"mg/L",25.8300761,-80.1585673,0.5
"3019","...370822","DERM_BBWQ","09/11/2024 10:10:00","BL03","Total_Nitrogen",1.69,"mg/L",25.5490482,-80.3481369,0.5
"3020","...370838","DERM_BBWQ","08/07/2024 08:30:00","FC15","Total_Nitrogen",0.71,"mg/L",25.4481037,-80.460903,0.5
"3021","...370852","DERM_BBWQ","09/11/2024 10:00:00","PR03","Total_Nitrogen",4.18,"mg/L",25.5195182,-80.364046,0.5
"3022","...370860","DERM_BBWQ","09/09/2024 12:15:00","SK01","Total_Nitrogen",1.23,"mg/L",25.9294714,-80.1503688,0.5
"3023","...370880","DERM_BBWQ","07/08/2024 08:55:00","LR08","Total_Nitrogen",1.15,"mg/L",25.8703617,-80.2907737,0.5
"3024","...370886","DERM_BBWQ","07/08/2024 09:00:00","OSC3","Total_Nitrogen",1.36,"mg/L",25.879678,-80.236215,0.5
"3025","...370891","DERM_BBWQ","07/10/2024 10:20:00","PR04A","Total_Nitrogen",4.23,"mg/L",25.536972,-80.3895984,0.5
"3026","...370892","DERM_BBWQ","07/08/2024 10:10:00","AC02","Total_Nitrogen",0.34,"mg/L",25.8939883,-80.1540054,0.5
"3027","...370906","DERM_BBWQ","07/10/2024 10:50:00","BISC101","Total_Nitrogen",0.32,"mg/L",25.4783316,-80.320831,0.5
"3028","...370921","DERM_BBWQ","08/07/2024 11:05:00","BL01","Total_Nitrogen",0.5,"mg/L",25.5360433,-80.3252712,0.5
"3029","...370931","DERM_BBWQ","09/10/2024 08:45:00","BB28","Total_Nitrogen",0.24,"mg/L",25.7291777,-80.1602691,0.5
"3030","...370937","DERM_BBWQ","08/08/2024 09:10:00","SP01","Total_Nitrogen",0.65,"mg/L",25.6583676,-80.2659342,0.5
"3031","...370941","DERM_BBWQ","08/08/2024 09:05:00","CD03A","Total_Nitrogen",0.32,"mg/L",25.614657,-80.317532,0.5
"3032","...370965","DERM_BBWQ","09/09/2024 10:05:00","SK10","Total_Nitrogen",0.87,"mg/L",25.956833,-80.430633,0.5
"3033","...370966","DERM_BBWQ","09/12/2024 08:35:00","CD04A","Total_Nitrogen",0.4,"mg/L",25.594937,-80.341127,0.5
"3034","...370983","DERM_BBWQ","09/09/2024 11:30:00","BS08","Total_Nitrogen",0.9,"mg/L",25.916139,-80.222213,0.5
"3035","...371009","DERM_BBWQ","07/11/2024 08:50:00","CD02","Total_Nitrogen",0.33,"mg/L",25.6111839,-80.3098744,0.5
"3036","...371027","DERM_BBWQ","09/09/2024 09:30:00","BB15A","Total_Nitrogen",0.54,"mg/L",25.81507571,-80.1752699,0.5
"3037","...371103","DERM_BBWQ","07/11/2024 09:10:00","SP01","Total_Nitrogen",0.73,"mg/L",25.6583676,-80.2659342,0.5
"3038","...371108","DERM_BBWQ","07/10/2024 12:00:00","PR08","Total_Nitrogen",0.45,"mg/L",25.5870676,-80.5112166,0.5
"3039","...371109","DERM_BBWQ","07/08/2024 10:50:00","BB04","Total_Nitrogen",0.28,"mg/L",25.917671,-80.1257684,0.5
"3040","...371139","DERM_BBWQ","08/07/2024 09:00:00","BBOR1","Total_Nitrogen",0.33,"mg/L",25.3237,-80.3072,0.5
"3041","...371142","DERM_BBWQ","09/11/2024 09:50:00","BB51","Total_Nitrogen",0.54,"mg/L",25.251496,-80.4140785,0.5
"3042","...371166","DERM_BBWQ","08/05/2024 08:50:00","LR05","Total_Nitrogen",1.03,"mg/L",25.8714828,-80.2341987,0.5
"3043","...371212","DERM_BBWQ","07/08/2024 09:25:00","LR10","Total_Nitrogen",1.14,"mg/L",25.8695563,-80.3387186,0.5
"3044","...371233","DERM_BBWQ","07/10/2024 11:05:00","BL05","Total_Nitrogen",1.5,"mg/L",25.576314,-80.360246,0.5
"3045","...371239","DERM_BBWQ","08/05/2024 09:45:00","BBY1","Total_Nitrogen",0.24,"mg/L",25.837703,-80.171883,0.5
"3046","...371250","DERM_BBWQ","08/05/2024 10:30:00","AC02","Total_Nitrogen",0.24,"mg/L",25.8939883,-80.1540054,0.5
"3047","...371255","DERM_BBWQ","09/11/2024 09:20:00","BBOR2","Total_Nitrogen",0.46,"mg/L",25.2963,-80.3255,0.5
"3048","...371259","DERM_BBWQ","08/08/2024 10:00:00","BB37","Total_Nitrogen",0.24,"mg/L",25.570684,-80.19177,0.5
"3049","...371260","DERM_BBWQ","08/05/2024 11:00:00","SK05","Total_Nitrogen",1.07,"mg/L",25.9596526,-80.2054001,0.5
"3050","...371263","DERM_BBWQ","08/07/2024 08:55:00","NO07A","Total_Nitrogen",1.89,"mg/L",25.4628912,-80.4038901,0.5
"3051","...371278","DERM_BBWQ","08/06/2024 10:10:00","CM04","Total_Nitrogen",0.41,"mg/L",25.78272272,-80.26952901,0.5
"3052","...371314","DERM_BBWQ","08/07/2024 08:30:00","AR03","Total_Nitrogen",0.42,"mg/L",25.2890129,-80.4430649,0.5
"3053","...371326","DERM_BBWQ","07/08/2024 10:05:00","OL01","Total_Nitrogen",0.62,"mg/L",25.938348,-80.149601,0.5
"3054","...371346","DERM_BBWQ","09/09/2024 09:05:00","BB08","Total_Nitrogen",0.36,"mg/L",25.86423333,-80.17096667,0.5
"3055","...371350","DERM_BBWQ","08/05/2024 09:40:00","OC01","Total_Nitrogen",0.81,"mg/L",25.89776829,-80.24577639,0.5
"3056","...371355","DERM_BBWQ","08/05/2024 09:30:00","OSC1","Total_Nitrogen",1.63,"mg/L",25.893635,-80.242845,0.315
"3057","...371421","DERM_BBWQ","07/09/2024 09:20:00","BBY1","Total_Nitrogen",0.59,"mg/L",25.837703,-80.171883,0.5
"3058","...371424","DERM_BBWQ","07/09/2024 12:25:00","DDC2","Total_Nitrogen",0.56,"mg/L",25.812261,-80.321703,0.5
"3059","...371428","DERM_BBWQ","07/11/2024 09:00:00","BB34","Total_Nitrogen",0.24,"mg/L",25.6514821,-80.2590735,0.5
"3060","...371430","DERM_BBWQ","07/10/2024 08:30:00","AR03","Total_Nitrogen",0.73,"mg/L",25.2890129,-80.4430649,0.5
"3061","...371433","DERM_BBWQ","07/10/2024 08:50:00","BISC121","Total_Nitrogen",0.7,"mg/L",25.3549983,-80.291665,0.5
"3062","...371434","DERM_BBWQ","07/11/2024 09:05:00","CD03A","Total_Nitrogen",0.4,"mg/L",25.614657,-80.317532,0.5
"3063","...371455","DERM_BBWQ","08/05/2024 11:30:00","BB02","Total_Nitrogen",0.24,"mg/L",25.9448704,-80.1277678,0.5
"3064","...371459","DERM_BBWQ","08/06/2024 10:15:00","MR01","Total_Nitrogen",0.54,"mg/L",25.770035,-80.1915094,0.5
"3065","...371460","DERM_BBWQ","08/05/2024 09:15:00","BB15","Total_Nitrogen",0.8,"mg/L",25.8150757,-80.1752699,0.5
"3066","...371464","DERM_BBWQ","09/11/2024 08:30:00","AR03","Total_Nitrogen",0.69,"mg/L",25.2890129,-80.4430649,0.5
"3067","...371510","DERM_BBWQ","07/10/2024 10:00:00","MI03","Total_Nitrogen",0.4,"mg/L",25.4894593,-80.3635494,0.5
"3068","...371520","DERM_BBWQ","07/11/2024 11:35:00","CG07","Total_Nitrogen",0.95,"mg/L",25.7410796,-80.3106721,0.5
"3069","...371522","DERM_BBWQ","07/10/2024 11:05:00","BB39A","Total_Nitrogen",0.32,"mg/L",25.5264328,-80.3070577,0.5
"3070","...371548","DERM_BBWQ","08/06/2024 08:30:00","WC02","Total_Nitrogen",0.75,"mg/L",25.7843109,-80.2104451,0.5
"3071","...371624","DERM_BBWQ","07/08/2024 10:40:00","BS11","Total_Nitrogen",0.99,"mg/L",25.927833,-80.35815,0.5
"3072","...371656","DERM_BBWQ","09/10/2024 09:30:00","BB24","Total_Nitrogen",0.24,"mg/L",25.7665764,-80.1405694,0.5
"3073","...371659","DERM_BBWQ","09/12/2024 11:05:00","BB32","Total_Nitrogen",0.24,"mg/L",25.68568,-80.1835687,0.5
"3074","...371665","DERM_BBWQ","08/08/2024 09:00:00","CD05","Total_Nitrogen",0.22,"mg/L",25.6238368,-80.3436253,0.5
"3075","...371684","DERM_BBWQ","08/07/2024 09:45:00","MW05","Total_Nitrogen",4.5,"mg/L",25.521443,-80.4435492,0.5
"3076","...371689","DERM_BBWQ","08/07/2024 09:15:00","MW13","Total_Nitrogen",0.51,"mg/L",25.5174877,-80.5425794,0.5
"3077","...371690","DERM_BBWQ","09/11/2024 08:55:00","NO07A","Total_Nitrogen",2.2,"mg/L",25.4628912,-80.4038901,0.5
"3078","...371699","DERM_BBWQ","07/10/2024 09:25:00","MW13","Total_Nitrogen",0.49,"mg/L",25.5174877,-80.5425794,0.5
"3079","...371741","DERM_BBWQ","09/09/2024 10:35:00","BBMB3","Total_Nitrogen",0.24,"mg/L",25.825666,-80.13375,0.5
"3080","...371744","DERM_BBWQ","08/05/2024 10:55:00","BB05A","Total_Nitrogen",0.24,"mg/L",25.9017218,-80.1422694,0.5
"3081","...371745","DERM_BBWQ","09/09/2024 09:40:00","BBY1","Total_Nitrogen",0.29,"mg/L",25.837703,-80.171883,0.5
"3082","...371752","DERM_BBWQ","08/07/2024 08:30:00","BB38","Total_Nitrogen",0.24,"mg/L",25.5196864,-80.2393748,0.5
"3083","...371774","DERM_BBWQ","08/07/2024 10:50:00","GL03","Total_Nitrogen",1.13,"mg/L",25.5373021,-80.3437635,0.5
"3084","...371784","DERM_BBWQ","09/12/2024 09:45:00","SP01","Total_Nitrogen",0.76,"mg/L",25.6583676,-80.2659342,0.5
"3085","...371798","DERM_BBWQ","07/09/2024 10:35:00","MR03","Total_Nitrogen",1.21,"mg/L",25.778711,-80.2072338,0.5
"3086","...371807","DERM_BBWQ","07/08/2024 11:00:00","SK05","Total_Nitrogen",0.93,"mg/L",25.9596526,-80.2054001,0.5
"3087","...371827","DERM_BBWQ","07/08/2024 10:20:00","AC01","Total_Nitrogen",0.4,"mg/L",25.9006722,-80.1443668,0.5
"3088","...371829","DERM_BBWQ","08/08/2024 09:45:00","BBY4","Total_Nitrogen",0.24,"mg/L",25.599304,-80.275107,0.5
"3089","...371837","DERM_BBWQ","08/05/2024 08:55:00","BB08","Total_Nitrogen",0.55,"mg/L",25.86423333,-80.17096667,0.5
"3090","...371881","DERM_BBWQ","07/08/2024 09:50:00","OC01","Total_Nitrogen",0.58,"mg/L",25.89776829,-80.24577639,0.5
"3091","...371889","DERM_BBWQ","07/09/2024 11:00:00","MR05","Total_Nitrogen",1,"mg/L",25.7857488,-80.2266574,0.5
"3092","...371898","DERM_BBWQ","07/09/2024 09:20:00","TM02","Total_Nitrogen",0.85,"mg/L",25.7855632,-80.2559449,0.5
"3093","...371925","DERM_BBWQ","07/08/2024 10:20:00","BS09","Total_Nitrogen",0.95,"mg/L",25.9137136,-80.292988,0.5
"3094","...371926","DERM_BBWQ","07/09/2024 09:20:00","BB25","Total_Nitrogen",0.24,"mg/L",25.7592763,-80.1450669,0.5
"3095","...371967","DERM_BBWQ","07/10/2024 10:40:00","BL03","Total_Nitrogen",1.33,"mg/L",25.5490482,-80.3481369,0.5
"3096","...371972","DERM_BBWQ","09/09/2024 10:45:00","BBMB2","Total_Nitrogen",0.31,"mg/L",25.80345,-80.145149,0.5
"3097","...371984","DERM_BBWQ","07/10/2024 08:40:00","FC03","Total_Nitrogen",0.58,"mg/L",25.4480526,-80.3673826,0.5
"3098","...371986","DERM_BBWQ","07/09/2024 09:50:00","BB18","Total_Nitrogen",0.24,"mg/L",25.7868761,-80.1633701,0.5
"3099","...371993","DERM_BBWQ","09/11/2024 10:35:00","BL02","Total_Nitrogen",1.06,"mg/L",25.5411866,-80.3284753,0.5
"3100","...372003","DERM_BBWQ","07/10/2024 09:40:00","L31E1","Total_Nitrogen",0.56,"mg/L",25.4926466,-80.346775,0.5
"3101","...372012","DERM_BBWQ","08/08/2024 10:00:00","SP05","Total_Nitrogen",0.82,"mg/L",25.691593,-80.30675,0.5
"3102","...372013","DERM_BBWQ","08/07/2024 08:45:00","BISC121","Total_Nitrogen",0.5,"mg/L",25.3549983,-80.291665,0.5
"3103","...372027","DERM_BBWQ","07/09/2024 11:05:00","MR11","Total_Nitrogen",1,"mg/L",25.841603,-80.306345,0.5
"3104","...372033","DERM_BBWQ","07/10/2024 08:30:00","FC15","Total_Nitrogen",0.58,"mg/L",25.4481037,-80.460903,0.5
"3105","...372057","DERM_BBWQ","08/06/2024 09:10:00","BB25","Total_Nitrogen",0.29,"mg/L",25.7592763,-80.1450669,0.5
"3106","...372069","DERM_BBWQ","08/05/2024 09:30:00","BB10","Total_Nitrogen",0.24,"mg/L",25.8695722,-80.1438671,0.5
"3107","...372079","DERM_BBWQ","08/06/2024 10:05:00","MR15","Total_Nitrogen",1.13,"mg/L",25.8959808,-80.379429,0.5
"3108","...372090","DERM_BBWQ","08/08/2024 08:30:00","CD04A","Total_Nitrogen",0.31,"mg/L",25.594937,-80.341127,0.5
"3109","...372094","DERM_BBWQ","08/05/2024 08:30:00","LR06","Total_Nitrogen",1.04,"mg/L",25.8539749,-80.1927698,0.5
"3110","...372098","DERM_BBWQ","09/10/2024 09:15:00","TM02","Total_Nitrogen",0.93,"mg/L",25.7855632,-80.2559449,0.5
"3111","...372105","DERM_BBWQ","09/10/2024 10:05:00","CM04","Total_Nitrogen",0.69,"mg/L",25.78272272,-80.26952901,0.576
"3112","...372125","DERM_BBWQ","07/09/2024 09:25:00","TM07A","Total_Nitrogen",1.08,"mg/L",25.761291,-80.392942,0.5
"3113","...372155","DERM_BBWQ","09/10/2024 08:30:00","TM05","Total_Nitrogen",1,"mg/L",25.7625448,-80.3202984,0.5
"3114","...372161","DERM_BBWQ","07/10/2024 10:30:00","PR01","Total_Nitrogen",3.57,"mg/L",25.5195874,-80.3319765,0.5
"3115","...372167","DERM_BBWQ","07/09/2024 09:50:00","BB11","Total_Nitrogen",0.68,"mg/L",25.8464751,-80.1669677,0.5
"3116","...372175","DERM_BBWQ","09/12/2024 10:20:00","CD01A","Total_Nitrogen",0.47,"mg/L",25.95683333,-80.43063333,0.5
"3117","...372193","DERM_BBWQ","08/07/2024 12:25:00","BL12","Total_Nitrogen",0.99,"mg/L",25.6610226,-80.4306146,0.5
"3118","...372208","DERM_BBWQ","09/09/2024 11:00:00","BB05A","Total_Nitrogen",0.61,"mg/L",25.9017218,-80.1422694,0.5
"3119","...372212","DERM_BBWQ","09/12/2024 11:20:00","BBKB1","Total_Nitrogen",0.24,"mg/L",25.69801,-80.17428,0.5
"3120","...372214","DERM_BBWQ","08/05/2024 10:10:00","BB11","Total_Nitrogen",0.24,"mg/L",25.8464751,-80.1669677,0.5
"3121","...372235","DERM_BBWQ","09/09/2024 09:55:00","BB13A","Total_Nitrogen",0.41,"mg/L",25.84363213,-80.16884056,0.5
"3122","...372245","DERM_BBWQ","09/09/2024 10:35:00","BS11","Total_Nitrogen",2.92,"mg/L",25.927833,-80.35815,0.514
"3123","...372275","DERM_BBWQ","07/08/2024 08:50:00","BS04","Total_Nitrogen",0.84,"mg/L",25.8740728,-80.1814691,0.5
"3124","...372303","DERM_BBWQ","08/07/2024 11:00:00","GL02","Total_Nitrogen",1.15,"mg/L",25.5372206,-80.3330313,0.5
"3125","...372318","DERM_BBWQ","08/08/2024 08:50:00","CD02","Total_Nitrogen",0.33,"mg/L",25.6111839,-80.3098744,0.5
"3126","...372322","DERM_BBWQ","07/09/2024 10:35:00","BBMB2","Total_Nitrogen",0.81,"mg/L",25.80345,-80.145149,0.5
"3127","...372323","DERM_BBWQ","07/08/2024 09:15:00","AC03","Total_Nitrogen",1.64,"mg/L",25.8998739,-80.1622067,0.534
"3128","...372339","DERM_BBWQ","08/07/2024 09:10:00","BBOR2","Total_Nitrogen",0.31,"mg/L",25.2963,-80.3255,0.5
"3129","...372341","DERM_BBWQ","08/08/2024 09:35:00","CD01A","Total_Nitrogen",0.44,"mg/L",25.95683333,-80.43063333,0.5
"3130","...372344","DERM_BBWQ","08/08/2024 11:10:00","CG03","Total_Nitrogen",0.86,"mg/L",25.738545,-80.286792,0.5
"3131","...372391","DERM_BBWQ","08/07/2024 09:05:00","MW04","Total_Nitrogen",3.18,"mg/L",25.4712872,-80.3792762,0.5
"3132","...372393","DERM_BBWQ","07/08/2024 08:30:00","LR06","Total_Nitrogen",1.12,"mg/L",25.8539749,-80.1927698,0.5
"3133","...372397","DERM_BBWQ","07/11/2024 10:50:00","SP08","Total_Nitrogen",1.08,"mg/L",25.7154804,-80.3829744,0.5
"3134","...372408","DERM_BBWQ","07/09/2024 10:15:00","BBMB4","Total_Nitrogen",0.24,"mg/L",25.846566,-80.127483,0.5
"3135","...372464","DERM_BBWQ","07/10/2024 11:00:00","GL02","Total_Nitrogen",1.12,"mg/L",25.5372206,-80.3330313,0.5
"3136","...372488","DERM_BBWQ","07/08/2024 09:20:00","OSC2","Total_Nitrogen",2.11,"mg/L",25.890008,-80.243468,0.5
"3137","...372492","DERM_BBWQ","07/09/2024 10:05:00","BB14","Total_Nitrogen",0.58,"mg/L",25.8300761,-80.1585673,0.5
"3138","...372501","DERM_BBWQ","08/05/2024 10:45:00","BBMB4","Total_Nitrogen",0.3,"mg/L",25.846566,-80.127483,0.5
"3139","...372506","DERM_BBWQ","09/11/2024 09:45:00","FC03","Total_Nitrogen",0.65,"mg/L",25.4480526,-80.3673826,0.5
"3140","...372540","DERM_BBWQ","08/05/2024 09:00:00","OSC3","Total_Nitrogen",1.07,"mg/L",25.879678,-80.236215,0.5
"3141","...372552","DERM_BBWQ","09/12/2024 10:45:00","BB37","Total_Nitrogen",0.24,"mg/L",25.570684,-80.19177,0.5
"3142","...372564","DERM_BBWQ","08/06/2024 10:55:00","DDC1","Total_Nitrogen",0.71,"mg/L",25.826103,-80.385617,0.5
"3143","...372577","DERM_BBWQ","08/06/2024 08:45:00","BB26","Total_Nitrogen",0.24,"mg/L",25.747777,-80.1850708,0.5
"3144","...372581","DERM_BBWQ","09/12/2024 08:45:00","BB31","Total_Nitrogen",0.24,"mg/L",25.6937801,-80.2075693,0.5
"3145","...372582","DERM_BBWQ","08/07/2024 09:45:00","BB51","Total_Nitrogen",0.89,"mg/L",25.251496,-80.4140785,0.5
"3146","...372603","DERM_BBWQ","07/09/2024 10:10:00","MR01","Total_Nitrogen",0.57,"mg/L",25.770035,-80.1915094,0.5
"3147","...372626","DERM_BBWQ","08/05/2024 09:30:00","BB15A","Total_Nitrogen",0.71,"mg/L",25.81507571,-80.1752699,0.5
"3148","...372631","DERM_BBWQ","07/11/2024 08:45:00","CG01","Total_Nitrogen",0.28,"mg/L",25.7036788,-80.2472057,0.5
"3149","...372637","DERM_BBWQ","09/09/2024 08:55:00","AC06","Total_Nitrogen",1.55,"mg/L",25.9083837,-80.1636707,0.5
"3150","...372654","DERM_BBWQ","08/06/2024 09:00:00","WC04","Total_Nitrogen",0.52,"mg/L",25.7944234,-80.2214498,0.5
"3151","...372670","DERM_BBWQ","08/07/2024 08:55:00","BB47","Total_Nitrogen",0.24,"mg/L",25.3367944,-80.3200766,0.5
"3152","...372673","DERM_BBWQ","08/06/2024 10:35:00","MR02","Total_Nitrogen",0.93,"mg/L",25.7689853,-80.1978204,0.5
"3153","...372691","DERM_BBWQ","07/09/2024 08:30:00","WC02","Total_Nitrogen",0.67,"mg/L",25.7843109,-80.2104451,0.5
"3154","...372697","DERM_BBWQ","07/08/2024 08:30:00","LR07","Total_Nitrogen",1.3,"mg/L",25.87107,-80.25103,0.5
"3155","...372707","DERM_BBWQ","09/10/2024 09:35:00","TM08","Total_Nitrogen",1.22,"mg/L",25.761778,-80.4810792,0.5
"3156","...372742","DERM_BBWQ","07/09/2024 11:20:00","MR06","Total_Nitrogen",0.86,"mg/L",25.7954165,-80.2443892,0.5
"3157","...372756","DERM_BBWQ","07/08/2024 10:05:00","SK10","Total_Nitrogen",1.06,"mg/L",25.956833,-80.430633,0.5
"3158","...372771","DERM_BBWQ","07/10/2024 09:00:00","BB47","Total_Nitrogen",0.42,"mg/L",25.3367944,-80.3200766,0.5
"3159","...372790","DERM_BBWQ","09/11/2024 09:25:00","BB48","Total_Nitrogen",0.35,"mg/L",25.308595,-80.3488753,0.5
"3160","...372807","DERM_BBWQ","09/11/2024 11:10:00","BL01","Total_Nitrogen",1.12,"mg/L",25.5360433,-80.3252712,0.5
"3161","...372816","DERM_BBWQ","09/12/2024 10:05:00","BISC127","Total_Nitrogen",0.34,"mg/L",25.6299983,-80.25,0.5
"3162","...372819","DERM_BBWQ","09/12/2024 09:30:00","BB34","Total_Nitrogen",0.35,"mg/L",25.6514821,-80.2590735,0.5
"3163","...372834","DERM_BBWQ","09/12/2024 09:00:00","CD05","Total_Nitrogen",0.3,"mg/L",25.6238368,-80.3436253,0.5
"3164","...372841","DERM_BBWQ","09/12/2024 08:55:00","CD03A","Total_Nitrogen",0.66,"mg/L",25.614657,-80.317532,0.5
"3165","...372845","DERM_BBWQ","09/11/2024 09:30:00","MI02","Total_Nitrogen",0.5,"mg/L",25.4893605,-80.3473436,0.5
"3166","...372877","DERM_BBWQ","07/09/2024 09:50:00","TM08","Total_Nitrogen",1,"mg/L",25.761778,-80.4810792,0.5
"3167","...372897","DERM_BBWQ","08/05/2024 09:10:00","AC06","Total_Nitrogen",0.68,"mg/L",25.9083837,-80.1636707,0.5
"3168","...372913","DERM_BBWQ","07/10/2024 09:25:00","BB48","Total_Nitrogen",0.42,"mg/L",25.308595,-80.3488753,0.5
"3169","...372932","DERM_BBWQ","07/11/2024 08:30:00","CG02","Total_Nitrogen",0.82,"mg/L",25.706066,-80.26086,0.5
"3170","...372942","DERM_BBWQ","09/11/2024 10:40:00","BISC101","Total_Nitrogen",0.56,"mg/L",25.4783316,-80.320831,0.5
"3171","...372970","DERM_BBWQ","09/09/2024 09:10:00","BB17","Total_Nitrogen",0.49,"mg/L",25.802675,-80.1659703,0.5
"3172","...372972","DERM_BBWQ","08/07/2024 10:25:00","BB41","Total_Nitrogen",0.59,"mg/L",25.4726881,-80.2844755,0.5
"3173","...373003","DERM_BBWQ","07/08/2024 11:10:00","BS10","Total_Nitrogen",1.12,"mg/L",25.9187361,-80.3244952,0.5
"3174","...373017","DERM_BBWQ","08/05/2024 09:45:00","IC02","Total_Nitrogen",0.27,"mg/L",25.880033,-80.129597,0.5
"3175","...373039","DERM_BBWQ","08/06/2024 11:45:00","MR07","Total_Nitrogen",1.17,"mg/L",25.8072788,-80.2601771,0.5
"3176","...373044","DERM_BBWQ","09/11/2024 10:50:00","BB39A","Total_Nitrogen",0.47,"mg/L",25.5264328,-80.3070577,0.5
"3177","...373049","DERM_BBWQ","08/06/2024 08:30:00","BB28","Total_Nitrogen",0.24,"mg/L",25.7291777,-80.1602691,0.5
"3178","...373050","DERM_BBWQ","09/09/2024 08:45:00","AC03","Total_Nitrogen",0.97,"mg/L",25.8998739,-80.1622067,0.5
"3179","...373074","DERM_BBWQ","07/11/2024 10:05:00","BBY4","Total_Nitrogen",0.24,"mg/L",25.599304,-80.275107,0.5
"3180","...373129","DERM_BBWQ","07/09/2024 09:40:00","TM03A","Total_Nitrogen",0.82,"mg/L",25.7937979,-80.2625108,0.5
"3181","...373137","DERM_BBWQ","08/06/2024 10:30:00","MR11","Total_Nitrogen",0.89,"mg/L",25.841603,-80.306345,0.5
"3182","...373144","DERM_BBWQ","09/10/2024 10:15:00","MR15","Total_Nitrogen",1.07,"mg/L",25.8959808,-80.379429,0.5
"3183","...373155","DERM_BBWQ","07/09/2024 08:30:00","TM05","Total_Nitrogen",0.93,"mg/L",25.7625448,-80.3202984,0.5
"3184","...373160","DERM_BBWQ","07/10/2024 10:00:00","MW05","Total_Nitrogen",3.14,"mg/L",25.521443,-80.4435492,0.5
"3185","...373178","DERM_BBWQ","08/06/2024 08:50:00","TM06","Total_Nitrogen",0.78,"mg/L",25.762007,-80.348379,0.5
"3186","...373183","DERM_BBWQ","08/07/2024 12:00:00","PR08","Total_Nitrogen",0.46,"mg/L",25.5870676,-80.5112166,0.5
"3187","...373201","DERM_BBWQ","09/09/2024 11:50:00","BB01A","Total_Nitrogen",0.5,"mg/L",25.960526,-80.124254,0.5
"3188","...373205","DERM_BBWQ","08/05/2024 09:10:00","LR08","Total_Nitrogen",1.18,"mg/L",25.8703617,-80.2907737,0.5
"3189","...373220","DERM_BBWQ","08/05/2024 11:00:00","BBMB2","Total_Nitrogen",0.44,"mg/L",25.80345,-80.145149,0.5
"3190","...373260","DERM_BBWQ","07/09/2024 10:25:00","BBMB3","Total_Nitrogen",0.24,"mg/L",25.825666,-80.13375,0.5
"3191","...373271","DERM_BBWQ","09/09/2024 09:00:00","LR06","Total_Nitrogen",1.11,"mg/L",25.8539749,-80.1927698,0.5
"3192","...373281","DERM_BBWQ","07/08/2024 11:30:00","BB05A","Total_Nitrogen",0.24,"mg/L",25.9017218,-80.1422694,0.5
"3193","...373316","DERM_BBWQ","09/12/2024 10:20:00","SP05","Total_Nitrogen",0.82,"mg/L",25.691593,-80.30675,0.5
"3194","...373333","DERM_BBWQ","09/11/2024 11:30:00","BL12","Total_Nitrogen",1.04,"mg/L",25.6610226,-80.4306146,0.5
"3195","...373345","DERM_BBWQ","09/10/2024 11:45:00","MR07","Total_Nitrogen",1.05,"mg/L",25.8072788,-80.2601771,0.5
"3196","...373356","DERM_BBWQ","09/10/2024 09:20:00","BB25","Total_Nitrogen",0.51,"mg/L",25.7592763,-80.1450669,0.5
"3197","...373373","DERM_BBWQ","09/12/2024 09:30:00","SP04","Total_Nitrogen",0.82,"mg/L",25.6740799,-80.2840729,0.5
"3198","...373377","DERM_BBWQ","07/08/2024 09:45:00","IC01","Total_Nitrogen",0.24,"mg/L",25.893724,-80.130186,0.5
"3199","...373378","DERM_BBWQ","08/06/2024 09:50:00","MR08","Total_Nitrogen",1.2,"mg/L",25.8103755,-80.2642734,0.5
"3200","...373401","DERM_BBWQ","09/09/2024 10:05:00","OSC2","Total_Nitrogen",2.16,"mg/L",25.890008,-80.243468,0.5
"3201","...373433","DERM_BBWQ","09/10/2024 09:55:00","BB18","Total_Nitrogen",0.24,"mg/L",25.7868761,-80.1633701,0.5
"3202","...373449","DERM_BBWQ","09/09/2024 11:35:00","SK09","Total_Nitrogen",0.76,"mg/L",25.964234,-80.3110905,0.5
"3203","...373458","DERM_BBWQ","07/10/2024 09:00:00","MW04","Total_Nitrogen",1.25,"mg/L",25.4712872,-80.3792762,0.5
"3204","...373461","DERM_BBWQ","08/06/2024 11:10:00","MR05","Total_Nitrogen",0.96,"mg/L",25.7857488,-80.2266574,0.5
"3205","...373475","DERM_BBWQ","09/10/2024 10:15:00","CM02","Total_Nitrogen",0.44,"mg/L",25.78348,-80.23984,0.5
"3206","...373481","DERM_BBWQ","07/09/2024 09:00:00","BB15","Total_Nitrogen",0.24,"mg/L",25.8150757,-80.1752699,0.5
"3207","...373487","DERM_BBWQ","08/07/2024 10:45:00","BB39A","Total_Nitrogen",0.54,"mg/L",25.5264328,-80.3070577,0.5
"3208","...373502","DERM_BBWQ","08/06/2024 10:50:00","MR03","Total_Nitrogen",0.95,"mg/L",25.778711,-80.2072338,0.5
"3209","...373518","DERM_BBWQ","07/10/2024 10:25:00","BISC122","Total_Nitrogen",0.27,"mg/L",25.4133316,-80.295,0.5
"3210","...373519","DERM_BBWQ","08/08/2024 09:25:00","BISC127","Total_Nitrogen",0.7,"mg/L",25.6299983,-80.25,0.5
"3211","...373520","DERM_BBWQ","08/07/2024 11:10:00","BL02","Total_Nitrogen",1.17,"mg/L",25.5411866,-80.3284753,0.5
"3212","...373521","DERM_BBWQ","08/05/2024 10:15:00","IC01","Total_Nitrogen",0.24,"mg/L",25.893724,-80.130186,0.5
"3213","...373563","DERM_BBWQ","07/09/2024 09:15:00","BB15A","Total_Nitrogen",0.38,"mg/L",25.81507571,-80.1752699,0.5
"3214","...373564","DERM_BBWQ","07/11/2024 09:50:00","CD01A","Total_Nitrogen",0.24,"mg/L",25.95683333,-80.43063333,0.5
"3215","...373572","DERM_BBWQ","09/09/2024 09:20:00","BS01","Total_Nitrogen",0.9,"mg/L",25.8720738,-80.1647689,0.5
"3216","...373613","DERM_BBWQ","08/05/2024 09:40:00","OL01","Total_Nitrogen",0.76,"mg/L",25.938348,-80.149601,0.5
"3217","...373632","DERM_BBWQ","07/11/2024 10:40:00","BB32","Total_Nitrogen",0.28,"mg/L",25.68568,-80.1835687,0.5
"3218","...373640","DERM_BBWQ","09/09/2024 09:35:00","LR05","Total_Nitrogen",1.19,"mg/L",25.8714828,-80.2341987,0.5
"3219","...373645","DERM_BBWQ","09/10/2024 11:30:00","MR06","Total_Nitrogen",0.78,"mg/L",25.7954165,-80.2443892,0.5
"3220","...373684","DERM_BBWQ","08/07/2024 10:25:00","BL03","Total_Nitrogen",1.34,"mg/L",25.5490482,-80.3481369,0.5
"3221","...373690","DERM_BBWQ","09/10/2024 09:05:00","BB22","Total_Nitrogen",0.24,"mg/L",25.7562781,-80.1742698,0.5
"3222","...373707","DERM_BBWQ","07/08/2024 11:25:00","BB01A","Total_Nitrogen",0.42,"mg/L",25.960526,-80.124254,0.5
"3223","...373725","DERM_BBWQ","09/09/2024 10:05:00","BB11","Total_Nitrogen",0.48,"mg/L",25.8464751,-80.1669677,0.5
"3224","...373753","DERM_BBWQ","08/06/2024 08:55:00","BB22","Total_Nitrogen",0.26,"mg/L",25.7562781,-80.1742698,0.5
"3225","...373763","DERM_BBWQ","08/06/2024 08:30:00","TM05","Total_Nitrogen",0.83,"mg/L",25.7625448,-80.3202984,0.5
"3226","...373805","DERM_BBWQ","09/11/2024 09:00:00","BB47","Total_Nitrogen",0.24,"mg/L",25.3367944,-80.3200766,0.5
"3227","...373818","DERM_BBWQ","08/07/2024 09:20:00","BB48","Total_Nitrogen",0.64,"mg/L",25.308595,-80.3488753,0.5
"3228","...373863","DERM_BBWQ","07/08/2024 11:45:00","SK01","Total_Nitrogen",0.72,"mg/L",25.9294714,-80.1503688,0.5
"3229","...373867","DERM_BBWQ","07/11/2024 10:50:00","BBKB1","Total_Nitrogen",0.24,"mg/L",25.69801,-80.17428,0.5
"3230","...373926","DERM_BBWQ","09/10/2024 09:30:00","TM03A","Total_Nitrogen",0.77,"mg/L",25.7937979,-80.2625108,0.5
"3231","...373938","DERM_BBWQ","07/08/2024 09:20:00","BB10","Total_Nitrogen",0.42,"mg/L",25.8695722,-80.1438671,0.5
"3232","...373986","DERM_BBWQ","07/08/2024 09:15:00","BB09","Total_Nitrogen",0.24,"mg/L",25.871374,-80.1550667,0.5
"3233","...374000","DERM_BBWQ","07/09/2024 09:00:00","BB26","Total_Nitrogen",0.24,"mg/L",25.747777,-80.1850708,0.5
"3234","...374006","DERM_BBWQ","07/09/2024 10:35:00","MR15","Total_Nitrogen",1.06,"mg/L",25.8959808,-80.379429,0.5
"3235","...374022","DERM_BBWQ","08/08/2024 10:25:00","BBKB1","Total_Nitrogen",0.24,"mg/L",25.69801,-80.17428,0.5
"3236","...374033","DERM_BBWQ","09/12/2024 08:30:00","CD02","Total_Nitrogen",0.62,"mg/L",25.6111839,-80.3098744,0.5
"3237","...374041","DERM_BBWQ","09/09/2024 09:45:00","OSC3","Total_Nitrogen",1.46,"mg/L",25.879678,-80.236215,0.5
"3238","...374052","DERM_BBWQ","09/10/2024 10:20:00","MR01","Total_Nitrogen",0.43,"mg/L",25.770035,-80.1915094,0.5
"3239","...374095","DERM_BBWQ","08/07/2024 08:40:00","FC03","Total_Nitrogen",0.71,"mg/L",25.4480526,-80.3673826,0.5
"3240","...374107","DERM_BBWQ","09/11/2024 10:25:00","BL04","Total_Nitrogen",1.61,"mg/L",25.568404,-80.363504,0.5
"3241","...374117","DERM_BBWQ","08/05/2024 09:10:00","BS01","Total_Nitrogen",0.69,"mg/L",25.8720738,-80.1647689,0.5
"3242","...374120","DERM_BBWQ","08/06/2024 09:40:00","BBMB1","Total_Nitrogen",0.24,"mg/L",25.4659,-80.38429,0.5
"3243","...374145","DERM_BBWQ","09/09/2024 09:30:00","LR10","Total_Nitrogen",1.56,"mg/L",25.8695563,-80.3387186,0.5
"3244","...374160","DERM_BBWQ","07/09/2024 11:35:00","MR07","Total_Nitrogen",1.01,"mg/L",25.8072788,-80.2601771,0.5
"3245","...374171","DERM_BBWQ","09/09/2024 09:00:00","BB17","Total_Nitrogen",0.34,"mg/L",25.802675,-80.1659703,0.5
"3246","...374172","DERM_BBWQ","08/05/2024 09:05:00","BB17","Total_Nitrogen",0.26,"mg/L",25.802675,-80.1659703,0.5
"3247","...374173","DERM_BBWQ","08/08/2024 10:20:00","BB32","Total_Nitrogen",0.51,"mg/L",25.68568,-80.1835687,0.5
"3248","...374191","DERM_BBWQ","07/11/2024 08:30:00","CD04A","Total_Nitrogen",0.29,"mg/L",25.594937,-80.341127,0.5
"3249","...374197","DERM_BBWQ","08/05/2024 10:50:00","BBMB3","Total_Nitrogen",0.24,"mg/L",25.825666,-80.13375,0.5
"3250","...374220","DERM_BBWQ","07/10/2024 08:30:00","BB38","Total_Nitrogen",0.24,"mg/L",25.5196864,-80.2393748,0.5
"3251","...374242","DERM_BBWQ","08/05/2024 09:25:00","SK02","Total_Nitrogen",1.02,"mg/L",25.9319891,-80.1523133,0.5
"3252","...374250","DERM_BBWQ","08/05/2024 10:10:00","SK10","Total_Nitrogen",1.06,"mg/L",25.956833,-80.430633,0.5
"3253","...374306","DERM_BBWQ","09/09/2024 09:50:00","LR01","Total_Nitrogen",0.91,"mg/L",25.8451746,-80.1733678,0.5
"3254","...374307","DERM_BBWQ","09/10/2024 11:50:00","DDC2","Total_Nitrogen",0.63,"mg/L",25.812261,-80.321703,0.5
"3255","...374312","DERM_BBWQ","07/09/2024 10:50:00","MR04","Total_Nitrogen",0.94,"mg/L",25.7827799,-80.2147826,0.5
"3256","...374316","DERM_BBWQ","07/08/2024 09:40:00","OSC1","Total_Nitrogen",0.57,"mg/L",25.893635,-80.242845,0.5
"3257","...374331","DERM_BBWQ","07/10/2024 12:20:00","BL12","Total_Nitrogen",1.62,"mg/L",25.6610226,-80.4306146,0.5
"3258","...374344","DERM_BBWQ","08/08/2024 09:00:00","BB34","Total_Nitrogen",0.25,"mg/L",25.6514821,-80.2590735,0.5
"3259","...374400","DERM_BBWQ","08/05/2024 08:55:00","AC03","Total_Nitrogen",0.74,"mg/L",25.8998739,-80.1622067,0.5
"3260","...374407","DERM_BBWQ","09/11/2024 10:15:00","PR01","Total_Nitrogen",3.57,"mg/L",25.5195874,-80.3319765,0.5
"3261","...374408","DERM_BBWQ","09/10/2024 10:35:00","MR02","Total_Nitrogen",0.86,"mg/L",25.7689853,-80.1978204,0.5
"3262","...374421","DERM_BBWQ","09/09/2024 10:00:00","IC02","Total_Nitrogen",0.3,"mg/L",25.880033,-80.129597,0.5
"3263","...374428","DERM_BBWQ","07/08/2024 09:50:00","SK02","Total_Nitrogen",0.94,"mg/L",25.9319891,-80.1523133,0.5
"3264","...374478","DERM_BBWQ","07/10/2024 09:05:00","BBOR1","Total_Nitrogen",0.44,"mg/L",25.3237,-80.3072,0.5
"3265","...374479","DERM_BBWQ","07/09/2024 08:50:00","BB17","Total_Nitrogen",0.24,"mg/L",25.802675,-80.1659703,0.5
"3266","...374494","DERM_BBWQ","09/11/2024 11:10:00","PR08","Total_Nitrogen",0.43,"mg/L",25.5870676,-80.5112166,0.5
"3267","...374503","DERM_BBWQ","08/05/2024 10:50:00","BS11","Total_Nitrogen",1.6,"mg/L",25.927833,-80.35815,0.5
"3268","...374512","DERM_BBWQ","08/07/2024 10:05:00","MI03","Total_Nitrogen",0.44,"mg/L",25.4894593,-80.3635494,0.5
"3269","...374532","DERM_BBWQ","09/09/2024 08:30:00","LR07","Total_Nitrogen",1.16,"mg/L",25.87107,-80.25103,0.5
"3270","...374546","DERM_BBWQ","07/09/2024 10:25:00","MR02","Total_Nitrogen",1.23,"mg/L",25.7689853,-80.1978204,0.5
"3271","...374553","DERM_BBWQ","07/09/2024 11:50:00","DDC1","Total_Nitrogen",0.54,"mg/L",25.826103,-80.385617,0.5
"3272","...374555","DERM_BBWQ","07/09/2024 09:45:00","BBMB1","Total_Nitrogen",0.24,"mg/L",25.4659,-80.38429,0.5
"3273","...374570","DERM_BBWQ","08/06/2024 09:30:00","TM08","Total_Nitrogen",0.96,"mg/L",25.761778,-80.4810792,0.5
"3274","...374575","DERM_BBWQ","08/05/2024 09:35:00","LR10","Total_Nitrogen",1.69,"mg/L",25.8695563,-80.3387186,0.5
"3275","...374614","DERM_BBWQ","07/10/2024 09:15:00","BBOR2","Total_Nitrogen",0.28,"mg/L",25.2963,-80.3255,0.5
"3276","...374623","DERM_BBWQ","07/08/2024 09:00:00","BS01","Total_Nitrogen",0.78,"mg/L",25.8720738,-80.1647689,0.5
"3277","...374638","DERM_BBWQ","07/10/2024 11:10:00","BL02","Total_Nitrogen",1.1,"mg/L",25.5411866,-80.3284753,0.5
"3278","...374678","DERM_BBWQ","07/09/2024 09:30:00","LR01","Total_Nitrogen",1.11,"mg/L",25.8451746,-80.1733678,0.5
"3279","...374687","DERM_BBWQ","07/08/2024 11:00:00","BS07","Total_Nitrogen",0.67,"mg/L",25.9166356,-80.2114643,0.5
"3280","...374690","DERM_BBWQ","08/05/2024 10:45:00","AC01","Total_Nitrogen",0.24,"mg/L",25.9006722,-80.1443668,0.5
"3281","...374748","DERM_BBWQ","09/09/2024 11:05:00","BS09","Total_Nitrogen",0.93,"mg/L",25.9137136,-80.292988,0.5
"3282","...374750","DERM_BBWQ","09/11/2024 10:35:00","BL05","Total_Nitrogen",1.59,"mg/L",25.576314,-80.360246,0.5
"3283","...374758","DERM_BBWQ","09/09/2024 11:20:00","BB04","Total_Nitrogen",0.34,"mg/L",25.917671,-80.1257684,0.5
"3284","...374765","DERM_BBWQ","09/09/2024 10:00:00","SK05","Total_Nitrogen",1.19,"mg/L",25.9596526,-80.2054001,0.5
"3285","...374768","DERM_BBWQ","08/07/2024 10:30:00","PR01","Total_Nitrogen",3.41,"mg/L",25.5195874,-80.3319765,0.5
"3286","...374789","DERM_BBWQ","08/06/2024 09:35:00","TM03A","Total_Nitrogen",0.76,"mg/L",25.7937979,-80.2625108,0.5
"3287","...374790","DERM_BBWQ","08/06/2024 09:50:00","BB18","Total_Nitrogen",0.25,"mg/L",25.7868761,-80.1633701,0.5
"3288","...374810","DERM_BBWQ","09/10/2024 11:00:00","MR11","Total_Nitrogen",0.96,"mg/L",25.841603,-80.306345,0.5
"3289","...374814","DERM_BBWQ","07/11/2024 09:30:00","SP04","Total_Nitrogen",0.76,"mg/L",25.6740799,-80.2840729,0.5
"3290","...374822","DERM_BBWQ","09/11/2024 10:15:00","BISC122","Total_Nitrogen",0.42,"mg/L",25.4133316,-80.295,0.5
"3291","...374830","DERM_BBWQ","08/05/2024 11:35:00","SK09","Total_Nitrogen",1.14,"mg/L",25.964234,-80.3110905,0.5
"3292","...374843","DERM_BBWQ","08/08/2024 09:40:00","SP03","Total_Nitrogen",0.8,"mg/L",25.6890693,-80.2849226,0.5
"3293","...374857","DERM_BBWQ","09/12/2024 09:45:00","SP03","Total_Nitrogen",0.89,"mg/L",25.6890693,-80.2849226,0.5
"3294","...374866","DERM_BBWQ","08/07/2024 10:05:00","PR04A","Total_Nitrogen",3.43,"mg/L",25.536972,-80.3895984,0.5
"3295","...374894","DERM_BBWQ","07/11/2024 10:10:00","SP05","Total_Nitrogen",0.82,"mg/L",25.691593,-80.30675,0.5
"3296","...374904","DERM_BBWQ","09/11/2024 08:30:00","FC15","Total_Nitrogen",0.58,"mg/L",25.4481037,-80.460903,0.5
"3297","...374905","DERM_BBWQ","07/11/2024 10:20:00","BB37","Total_Nitrogen",0.24,"mg/L",25.570684,-80.19177,0.5
"3298","...374943","DERM_BBWQ","07/09/2024 10:00:00","MR08","Total_Nitrogen",0.86,"mg/L",25.8103755,-80.2642734,0.5
"3299","...374974","DERM_BBWQ","09/09/2024 09:30:00","OL02","Total_Nitrogen",0.6,"mg/L",25.9478705,-80.1551539,0.5
"3300","...374978","DERM_BBWQ","09/09/2024 10:25:00","OSC1","Total_Nitrogen",0.55,"mg/L",25.893635,-80.242845,0.5
"3301","...374979","DERM_BBWQ","07/09/2024 08:45:00","BB28","Total_Nitrogen",0.24,"mg/L",25.7291777,-80.1602691,0.5
"3302","...374980","DERM_BBWQ","07/11/2024 08:30:00","BB31","Total_Nitrogen",0.24,"mg/L",25.6937801,-80.2075693,0.5
"3303","...374992","DERM_BBWQ","08/08/2024 08:35:00","BB31","Total_Nitrogen",0.24,"mg/L",25.6937801,-80.2075693,0.5
"3304","...375000","DERM_BBWQ","08/05/2024 08:30:00","BS04","Total_Nitrogen",0.75,"mg/L",25.8740728,-80.1814691,0.5
"3305","...375008","DERM_BBWQ","09/09/2024 09:10:00","SK02","Total_Nitrogen",1.17,"mg/L",25.9319891,-80.1523133,0.5
"3306","...375011","DERM_BBWQ","07/08/2024 10:20:00","OL02","Total_Nitrogen",0.76,"mg/L",25.9478705,-80.1551539,0.5
"3307","...375012","DERM_BBWQ","07/10/2024 11:25:00","BL01","Total_Nitrogen",1.09,"mg/L",25.5360433,-80.3252712,0.5
"3308","...375014","DERM_BBWQ","07/08/2024 08:50:00","LR05","Total_Nitrogen",1.1,"mg/L",25.8714828,-80.2341987,0.5
"3309","...375018","DERM_BBWQ","07/11/2024 10:00:00","CD09","Total_Nitrogen",0.32,"mg/L",25.6658803,-80.4086772,0.5
"3310","...375019","DERM_BBWQ","09/11/2024 10:30:00","BB41","Total_Nitrogen",0.34,"mg/L",25.4726881,-80.2844755,0.5
"3311","...375023","DERM_BBWQ","09/09/2024 10:20:00","BB14","Total_Nitrogen",0.27,"mg/L",25.8300761,-80.1585673,0.5
"3312","...375041","DERM_BBWQ","07/10/2024 10:40:00","BB41","Total_Nitrogen",0.4,"mg/L",25.4726881,-80.2844755,0.5
"3313","...375047","DERM_BBWQ","07/09/2024 09:40:00","BB13A","Total_Nitrogen",0.42,"mg/L",25.84363213,-80.16884056,0.5
"3314","...375069","DERM_BBWQ","08/05/2024 09:55:00","LR01","Total_Nitrogen",1.03,"mg/L",25.8451746,-80.1733678,0.5
"3315","...375082","DERM_BBWQ","09/10/2024 09:00:00","BB26","Total_Nitrogen",0.24,"mg/L",25.747777,-80.1850708,0.5
"3316","...375091","DERM_BBWQ","09/09/2024 11:35:00","BB02","Total_Nitrogen",0.62,"mg/L",25.9448704,-80.1277678,0.5
"3317","...375100","DERM_BBWQ","08/05/2024 08:50:00","LR07","Total_Nitrogen",1.1,"mg/L",25.87107,-80.25103,0.5
"3318","...375133","DERM_BBWQ","08/08/2024 10:45:00","CG07","Total_Nitrogen",0.8,"mg/L",25.7410796,-80.3106721,0.5
"3319","...375158","DERM_BBWQ","08/05/2024 12:10:00","SK01","Total_Nitrogen",0.66,"mg/L",25.9294714,-80.1503688,0.5
"3320","...375177","DERM_BBWQ","08/06/2024 11:00:00","MR04","Total_Nitrogen",0.93,"mg/L",25.7827799,-80.2147826,0.5
"3321","...375193","DERM_BBWQ","07/10/2024 08:50:00","NO07A","Total_Nitrogen",1.68,"mg/L",25.4628912,-80.4038901,0.5
"3322","...375225","DERM_BBWQ","09/09/2024 10:35:00","AC02","Total_Nitrogen",0.24,"mg/L",25.8939883,-80.1540054,0.5
"3323","...375227","DERM_BBWQ","07/10/2024 11:30:00","BL06","Total_Nitrogen",1.46,"mg/L",25.53604325,-80.32527118,0.5
"3324","...375245","DERM_BBWQ","07/10/2024 09:20:00","MW01","Total_Nitrogen",0.73,"mg/L",25.4707887,-80.3740089,0.5
"3325","...375259","DERM_BBWQ","09/11/2024 09:05:00","MW04","Total_Nitrogen",3.72,"mg/L",25.4712872,-80.3792762,0.5
"3326","...375304","DERM_BBWQ","09/12/2024 10:25:00","CG07","Total_Nitrogen",1.03,"mg/L",25.7410796,-80.3106721,0.5
"3327","...375311","DERM_BBWQ","09/10/2024 09:00:00","TM07A","Total_Nitrogen",1.09,"mg/L",25.761291,-80.392942,0.5
"3328","...375326","DERM_BBWQ","08/07/2024 09:20:00","MW01","Total_Nitrogen",2.12,"mg/L",25.4707887,-80.3740089,0.5
"3329","...375330","DERM_BBWQ","08/05/2024 10:00:00","BS09","Total_Nitrogen",0.83,"mg/L",25.9137136,-80.292988,0.5
"3330","...375346","DERM_BBWQ","09/10/2024 08:30:00","WC02","Total_Nitrogen",0.65,"mg/L",25.7843109,-80.2104451,0.5
"3331","...375350","DERM_BBWQ","09/11/2024 10:25:00","GL03","Total_Nitrogen",0.94,"mg/L",25.5373021,-80.3437635,0.5
"3332","...375354","DERM_BBWQ","09/11/2024 09:15:00","MW01","Total_Nitrogen",2.27,"mg/L",25.4707887,-80.3740089,0.5
"3333","...375376","DERM_BBWQ","07/08/2024 11:35:00","SK09","Total_Nitrogen",0.78,"mg/L",25.964234,-80.3110905,0.5
"3334","...375386","DERM_BBWQ","09/11/2024 09:35:00","MW05","Total_Nitrogen",4.23,"mg/L",25.521443,-80.4435492,0.5
"3335","...375406","DERM_BBWQ","08/05/2024 10:00:00","OL02","Total_Nitrogen",0.63,"mg/L",25.9478705,-80.1551539,0.5
"3336","...375426","DERM_BBWQ","08/06/2024 09:25:00","BB24","Total_Nitrogen",0.35,"mg/L",25.7665764,-80.1405694,0.5
"3337","...375455","DERM_BBWQ","09/12/2024 09:10:00","CG01","Total_Nitrogen",0.44,"mg/L",25.7036788,-80.2472057,0.5
"3338","...375460","DERM_BBWQ","09/10/2024 08:55:00","WC04","Total_Nitrogen",0.68,"mg/L",25.7944234,-80.2214498,0.577
"3339","...375463","DERM_BBWQ","09/10/2024 09:45:00","MR08","Total_Nitrogen",1.08,"mg/L",25.8103755,-80.2642734,0.5
"3340","...375482","DERM_BBWQ","09/09/2024 09:15:00","OL01","Total_Nitrogen",0.73,"mg/L",25.938348,-80.149601,0.55
"3341","...375487","DERM_BBWQ","09/10/2024 09:25:00","TM08","Total_Nitrogen",1.22,"mg/L",25.761778,-80.4810792,0.5
"3342","...375494","DERM_BBWQ","07/10/2024 10:15:00","PR03","Total_Nitrogen",4.69,"mg/L",25.5195182,-80.364046,0.5
"3343","...375508","DERM_BBWQ","07/08/2024 08:45:00","BB08","Total_Nitrogen",0.29,"mg/L",25.86423333,-80.17096667,0.5
"3344","...375530","DERM_BBWQ","09/11/2024 10:55:00","BL06","Total_Nitrogen",1.6,"mg/L",25.53604325,-80.32527118,0.5
"3345","...375563","DERM_BBWQ","09/09/2024 10:30:00","BBMB4","Total_Nitrogen",0.24,"mg/L",25.846566,-80.127483,0.5
"3346","...375585","DERM_BBWQ","07/08/2024 09:35:00","IC02","Total_Nitrogen",0.24,"mg/L",25.880033,-80.129597,0.5
"3347","...375595","DERM_BBWQ","08/06/2024 09:10:00","TM07A","Total_Nitrogen",1.08,"mg/L",25.761291,-80.392942,0.5
"3348","...375597","DERM_BBWQ","07/10/2024 10:50:00","GL03","Total_Nitrogen",1.8,"mg/L",25.5373021,-80.3437635,0.5
"3349","...375614","DERM_BBWQ","09/10/2024 08:40:00","WC03","Total_Nitrogen",0.52,"mg/L",25.7876538,-80.2150483,0.5
"3350","...375621","DERM_BBWQ","08/05/2024 11:45:00","BB01A","Total_Nitrogen",0.26,"mg/L",25.960526,-80.124254,0.5
"3351","...375628","DERM_BBWQ","08/05/2024 11:10:00","BS10","Total_Nitrogen",1.48,"mg/L",25.9187361,-80.3244952,0.5
"3352","...375648","DERM_BBWQ","07/09/2024 08:55:00","TM06","Total_Nitrogen",1.04,"mg/L",25.762007,-80.348379,0.5
"3353","...375651","DERM_BBWQ","10/16/2024 10:20:00","BL04","Total_Nitrogen",1.7,"mg/L",25.568404,-80.363504,0.5
"3354","...375674","DERM_BBWQ","10/08/2024 09:50:00","BBMB1","Total_Nitrogen",0.24,"mg/L",25.4659,-80.38429,0.5
"3355","...375685","DERM_BBWQ","10/08/2024 10:30:00","CM04","Total_Nitrogen",0.54,"mg/L",25.78272272,-80.26952901,0.59
"3356","...375688","DERM_BBWQ","10/08/2024 11:25:00","MR06","Total_Nitrogen",1.26,"mg/L",25.7954165,-80.2443892,0.5
"3357","...375693","DERM_BBWQ","10/17/2024 09:15:00","BB34","Total_Nitrogen",0.24,"mg/L",25.6514821,-80.2590735,0.5
"3358","...375698","DERM_BBWQ","10/08/2024 10:05:00","MR08","Total_Nitrogen",1.33,"mg/L",25.8103755,-80.2642734,0.5
"3359","...375710","DERM_BBWQ","10/16/2024 12:10:00","GL02","Total_Nitrogen",1.12,"mg/L",25.5372206,-80.3330313,0.5
"3360","...375713","DERM_BBWQ","10/16/2024 08:55:00","BB47","Total_Nitrogen",0.53,"mg/L",25.3367944,-80.3200766,0.5
"3361","...375745","DERM_BBWQ","10/07/2024 10:05:00","IC01","Total_Nitrogen",0.24,"mg/L",25.893724,-80.130186,0.5
"3362","...375747","DERM_BBWQ","10/07/2024 11:05:00","BB04","Total_Nitrogen",0.44,"mg/L",25.917671,-80.1257684,0.5
"3363","...375753","DERM_BBWQ","10/07/2024 10:50:00","BB05A","Total_Nitrogen",0.34,"mg/L",25.9017218,-80.1422694,0.5
"3364","...375766","DERM_BBWQ","10/16/2024 10:00:00","BL03","Total_Nitrogen",1.21,"mg/L",25.5490482,-80.3481369,0.5
"3365","...375823","DERM_BBWQ","10/16/2024 09:45:00","BB51","Total_Nitrogen",0.57,"mg/L",25.251496,-80.4140785,0.5
"3366","...375832","DERM_BBWQ","10/07/2024 09:25:00","LR01","Total_Nitrogen",0.98,"mg/L",25.8451746,-80.1733678,0.5
"3367","...375885","DERM_BBWQ","11/06/2024 11:15:00","BB41","Total_Nitrogen",0.24,"mg/L",25.4726881,-80.2844755,0.5
"3368","...375892","DERM_BBWQ","11/04/2024 10:10:00","OSC2","Total_Nitrogen",1.12,"mg/L",25.890008,-80.243468,0.5
"3369","...375901","DERM_BBWQ","11/04/2024 09:30:00","LR10","Total_Nitrogen",3.19,"mg/L",25.8695563,-80.3387186,0.5
"3370","...375931","DERM_BBWQ","12/02/2024 09:25:00","BB15","Total_Nitrogen",0.37,"mg/L",25.8150757,-80.1752699,0.5
"3371","...375956","DERM_BBWQ","12/04/2024 10:55:00","MI03","Total_Nitrogen",0.65,"mg/L",25.4894593,-80.3635494,0.5
"3372","...375962","DERM_BBWQ","12/02/2024 11:15:00","BBMB3","Total_Nitrogen",0.33,"mg/L",25.825666,-80.13375,0.5
"3373","...375967","DERM_BBWQ","12/02/2024 11:00:00","AC01","Total_Nitrogen",0.36,"mg/L",25.9006722,-80.1443668,0.5
"3374","...375978","DERM_BBWQ","10/07/2024 09:35:00","BB11","Total_Nitrogen",0.47,"mg/L",25.8464751,-80.1669677,0.5
"3375","...375988","DERM_BBWQ","10/07/2024 11:25:00","BS11","Total_Nitrogen",1.32,"mg/L",25.927833,-80.35815,0.5
"3376","...375994","DERM_BBWQ","11/06/2024 11:15:00","GL02","Total_Nitrogen",0.72,"mg/L",25.5372206,-80.3330313,0.5
"3377","...376006","DERM_BBWQ","12/05/2024 09:10:00","CD03A","Total_Nitrogen",0.58,"mg/L",25.614657,-80.317532,0.5
"3378","...376018","DERM_BBWQ","11/07/2024 09:20:00","BB34","Total_Nitrogen",0.24,"mg/L",25.6514821,-80.2590735,0.5
"3379","...376025","DERM_BBWQ","12/02/2024 09:30:00","OSC3","Total_Nitrogen",1.04,"mg/L",25.879678,-80.236215,0.5
"3380","...376029","DERM_BBWQ","10/17/2024 08:35:00","BB31","Total_Nitrogen",0.28,"mg/L",25.6937801,-80.2075693,0.5
"3381","...376059","DERM_BBWQ","11/04/2024 08:30:00","BS04","Total_Nitrogen",1.08,"mg/L",25.8740728,-80.1814691,0.5
"3382","...376063","DERM_BBWQ","11/04/2024 12:05:00","BS07","Total_Nitrogen",1.03,"mg/L",25.9166356,-80.2114643,0.5
"3383","...376069","DERM_BBWQ","10/16/2024 10:30:00","BL05","Total_Nitrogen",1.52,"mg/L",25.576314,-80.360246,0.5
"3384","...376078","DERM_BBWQ","11/07/2024 10:45:00","BB37","Total_Nitrogen",0.24,"mg/L",25.570684,-80.19177,0.5
"3385","...376089","DERM_BBWQ","10/16/2024 08:45:00","BISC121","Total_Nitrogen",0.38,"mg/L",25.3549983,-80.291665,0.5
"3386","...376096","DERM_BBWQ","11/06/2024 09:30:00","BBOR2","Total_Nitrogen",0.41,"mg/L",25.2963,-80.3255,0.5
"3387","...376112","DERM_BBWQ","12/02/2024 11:05:00","BB05A","Total_Nitrogen",0.24,"mg/L",25.9017218,-80.1422694,0.5
"3388","...376115","DERM_BBWQ","12/04/2024 09:55:00","MW05","Total_Nitrogen",3.33,"mg/L",25.521443,-80.4435492,0.5
"3389","...376118","DERM_BBWQ","12/05/2024 09:50:00","CD01A","Total_Nitrogen",0.24,"mg/L",25.95683333,-80.43063333,0.5
"3390","...376122","DERM_BBWQ","12/02/2024 09:55:00","BBY1","Total_Nitrogen",0.41,"mg/L",25.837703,-80.171883,0.5
"3391","...376135","DERM_BBWQ","12/03/2024 10:25:00","MR02","Total_Nitrogen",0.82,"mg/L",25.7689853,-80.1978204,0.5
"3392","...376150","DERM_BBWQ","12/04/2024 12:20:00","PR08","Total_Nitrogen",1.21,"mg/L",25.5870676,-80.5112166,0.5
"3393","...376170","DERM_BBWQ","10/07/2024 08:40:00","BS04","Total_Nitrogen",0.87,"mg/L",25.8740728,-80.1814691,0.5
"3394","...376190","DERM_BBWQ","11/05/2024 09:05:00","TM07A","Total_Nitrogen",0.99,"mg/L",25.761291,-80.392942,0.5
"3395","...376201","DERM_BBWQ","11/07/2024 08:55:00","CD02","Total_Nitrogen",0.51,"mg/L",25.6111839,-80.3098744,0.5
"3396","...376222","DERM_BBWQ","12/02/2024 08:30:00","BS04","Total_Nitrogen",0.89,"mg/L",25.8740728,-80.1814691,0.5
"3397","...376237","DERM_BBWQ","11/04/2024 09:25:00","BB09","Total_Nitrogen",0.24,"mg/L",25.871374,-80.1550667,0.5
"3398","...376263","DERM_BBWQ","12/04/2024 09:40:00","BB48","Total_Nitrogen",0.42,"mg/L",25.308595,-80.3488753,0.5
"3399","...376281","DERM_BBWQ","12/04/2024 09:30:00","BBOR2","Total_Nitrogen",0.43,"mg/L",25.2963,-80.3255,0.5
"3400","...376295","DERM_BBWQ","10/07/2024 09:50:00","BBMB4","Total_Nitrogen",0.59,"mg/L",25.846566,-80.127483,0.5
"3401","...376304","DERM_BBWQ","11/04/2024 09:25:00","SK02","Total_Nitrogen",0.9,"mg/L",25.9319891,-80.1523133,0.5
"3402","...376328","DERM_BBWQ","11/04/2024 09:00:00","LR06","Total_Nitrogen",1.1,"mg/L",25.8539749,-80.1927698,0.5
"3403","...376332","DERM_BBWQ","11/04/2024 09:55:00","OSC3","Total_Nitrogen",1.14,"mg/L",25.879678,-80.236215,0.5
"3404","...376348","DERM_BBWQ","12/02/2024 09:40:00","OSC2","Total_Nitrogen",1.56,"mg/L",25.890008,-80.243468,0.763
"3405","...376366","DERM_BBWQ","10/07/2024 10:05:00","OSC1","Total_Nitrogen",0.78,"mg/L",25.893635,-80.242845,0.586
"3406","...376386","DERM_BBWQ","10/07/2024 10:35:00","SK05","Total_Nitrogen",1,"mg/L",25.9596526,-80.2054001,0.5
"3407","...376388","DERM_BBWQ","10/16/2024 10:45:00","L31E1","Total_Nitrogen",0.66,"mg/L",25.4926466,-80.346775,0.5
"3408","...376392","DERM_BBWQ","10/08/2024 10:00:00","BB18","Total_Nitrogen",0.53,"mg/L",25.7868761,-80.1633701,0.5
"3409","...376418","DERM_BBWQ","11/04/2024 09:15:00","BS01","Total_Nitrogen",1.26,"mg/L",25.8720738,-80.1647689,0.5
"3410","...376422","DERM_BBWQ","11/04/2024 09:30:00","BB10","Total_Nitrogen",0.24,"mg/L",25.8695722,-80.1438671,0.5
"3411","...376436","DERM_BBWQ","12/05/2024 09:05:00","BB34","Total_Nitrogen",0.31,"mg/L",25.6514821,-80.2590735,0.5
"3412","...376440","DERM_BBWQ","12/04/2024 08:55:00","FC03","Total_Nitrogen",0.74,"mg/L",25.4480526,-80.3673826,0.5
"3413","...376449","DERM_BBWQ","12/04/2024 10:00:00","MW01","Total_Nitrogen",1.02,"mg/L",25.4707887,-80.3740089,0.5
"3414","...376455","DERM_BBWQ","10/17/2024 09:50:00","BISC127","Total_Nitrogen",0.24,"mg/L",25.6299983,-80.25,0.5
"3415","...376460","DERM_BBWQ","10/17/2024 11:05:00","BB32","Total_Nitrogen",0.24,"mg/L",25.68568,-80.1835687,0.5
"3416","...376489","DERM_BBWQ","11/04/2024 10:05:00","OL02","Total_Nitrogen",0.75,"mg/L",25.9478705,-80.1551539,0.5
"3417","...376493","DERM_BBWQ","11/06/2024 10:30:00","PR01","Total_Nitrogen",5.12,"mg/L",25.5195874,-80.3319765,0.5
"3418","...376541","DERM_BBWQ","10/16/2024 12:25:00","GL03","Total_Nitrogen",2.74,"mg/L",25.5373021,-80.3437635,0.5
"3419","...376550","DERM_BBWQ","10/07/2024 11:40:00","BB01A","Total_Nitrogen",0.48,"mg/L",25.960526,-80.124254,0.5
"3420","...376560","DERM_BBWQ","11/12/2024 10:00:00","LR01","Total_Nitrogen",0.69,"mg/L",25.8451746,-80.1733678,0.5
"3421","...376572","DERM_BBWQ","12/04/2024 08:30:00","AR03","Total_Nitrogen",0.7,"mg/L",25.2890129,-80.4430649,0.5
"3422","...376586","DERM_BBWQ","11/07/2024 08:50:00","BB31","Total_Nitrogen",0.28,"mg/L",25.6937801,-80.2075693,0.5
"3423","...376595","DERM_BBWQ","11/06/2024 11:55:00","BL01","Total_Nitrogen",0.79,"mg/L",25.5360433,-80.3252712,0.5
"3424","...376628","DERM_BBWQ","10/08/2024 11:55:00","DDC2","Total_Nitrogen",0.77,"mg/L",25.812261,-80.321703,0.5
"3425","...376635","DERM_BBWQ","12/05/2024 09:00:00","CD02","Total_Nitrogen",0.45,"mg/L",25.6111839,-80.3098744,0.5
"3426","...376645","DERM_BBWQ","10/16/2024 10:35:00","MI02","Total_Nitrogen",0.53,"mg/L",25.4893605,-80.3473436,0.5
"3427","...376649","DERM_BBWQ","11/07/2024 10:05:00","CD01A","Total_Nitrogen",0.24,"mg/L",25.95683333,-80.43063333,0.5
"3428","...376655","DERM_BBWQ","11/06/2024 11:25:00","BISC101","Total_Nitrogen",0.83,"mg/L",25.4783316,-80.320831,0.5
"3429","...376658","DERM_BBWQ","10/16/2024 10:30:00","BB41","Total_Nitrogen",0.42,"mg/L",25.4726881,-80.2844755,0.5
"3430","...376686","DERM_BBWQ","10/16/2024 11:15:00","BL01","Total_Nitrogen",0.73,"mg/L",25.5360433,-80.3252712,0.5
"3431","...376691","DERM_BBWQ","10/07/2024 11:25:00","BB02","Total_Nitrogen",1.06,"mg/L",25.9448704,-80.1277678,0.5
"3432","...376697","DERM_BBWQ","11/05/2024 09:00:00","WC04","Total_Nitrogen",0.76,"mg/L",25.7944234,-80.2214498,0.5
"3433","...376711","DERM_BBWQ","11/06/2024 10:15:00","PR03","Total_Nitrogen",5.38,"mg/L",25.5195182,-80.364046,0.5
"3434","...376722","DERM_BBWQ","11/04/2024 10:40:00","AC01","Total_Nitrogen",0.24,"mg/L",25.9006722,-80.1443668,0.5
"3435","...376736","DERM_BBWQ","12/04/2024 10:15:00","PR04A","Total_Nitrogen",4.38,"mg/L",25.536972,-80.3895984,0.5
"3436","...376753","DERM_BBWQ","12/05/2024 10:10:00","SP05","Total_Nitrogen",0.98,"mg/L",25.691593,-80.30675,0.5
"3437","...376757","DERM_BBWQ","12/03/2024 08:30:00","WC02","Total_Nitrogen",0.92,"mg/L",25.7843109,-80.2104451,0.5
"3438","...376765","DERM_BBWQ","12/02/2024 09:25:00","SK02","Total_Nitrogen",1.1,"mg/L",25.9319891,-80.1523133,0.5
"3439","...376786","DERM_BBWQ","10/07/2024 08:50:00","BB17","Total_Nitrogen",0.35,"mg/L",25.802675,-80.1659703,0.5
"3440","...376787","DERM_BBWQ","10/16/2024 09:00:00","BBOR1","Total_Nitrogen",0.34,"mg/L",25.3237,-80.3072,0.5
"3441","...376789","DERM_BBWQ","12/02/2024 10:20:00","BB11","Total_Nitrogen",0.3,"mg/L",25.8464751,-80.1669677,0.5
"3442","...376798","DERM_BBWQ","11/05/2024 10:55:00","MR04","Total_Nitrogen",0.89,"mg/L",25.7827799,-80.2147826,0.5
"3443","...376807","DERM_BBWQ","11/04/2024 09:40:00","OL01","Total_Nitrogen",0.6,"mg/L",25.938348,-80.149601,0.5
"3444","...376813","DERM_BBWQ","11/05/2024 10:10:00","MR15","Total_Nitrogen",1.11,"mg/L",25.8959808,-80.379429,0.5
"3445","...376830","DERM_BBWQ","11/06/2024 09:00:00","MW04","Total_Nitrogen",2.16,"mg/L",25.4712872,-80.3792762,0.5
"3446","...376838","DERM_BBWQ","11/04/2024 09:40:00","LR05","Total_Nitrogen",1.11,"mg/L",25.8714828,-80.2341987,0.5
"3447","...376855","DERM_BBWQ","10/17/2024 09:45:00","SP04","Total_Nitrogen",0.77,"mg/L",25.6740799,-80.2840729,0.5
"3448","...376867","DERM_BBWQ","10/16/2024 08:30:00","AR03","Total_Nitrogen",0.66,"mg/L",25.2890129,-80.4430649,0.5
"3449","...376876","DERM_BBWQ","10/16/2024 10:40:00","BISC101","Total_Nitrogen",0.92,"mg/L",25.4783316,-80.320831,0.5
"3450","...376882","DERM_BBWQ","11/07/2024 11:10:00","CG03","Total_Nitrogen",0.85,"mg/L",25.738545,-80.286792,0.5
"3451","...376883","DERM_BBWQ","10/16/2024 08:30:00","FC15","Total_Nitrogen",0.54,"mg/L",25.4481037,-80.460903,0.5
"3452","...376893","DERM_BBWQ","10/07/2024 08:45:00","LR07","Total_Nitrogen",1.19,"mg/L",25.87107,-80.25103,0.5
"3453","...376917","DERM_BBWQ","11/04/2024 10:00:00","IC01","Total_Nitrogen",0.24,"mg/L",25.893724,-80.130186,0.5
"3454","...376938","DERM_BBWQ","11/06/2024 08:30:00","FC15","Total_Nitrogen",0.39,"mg/L",25.4481037,-80.460903,0.5
"3455","...376943","DERM_BBWQ","11/06/2024 09:35:00","MI02","Total_Nitrogen",0.61,"mg/L",25.4893605,-80.3473436,0.5
"3456","...376952","DERM_BBWQ","11/12/2024 11:15:00","BBMB2","Total_Nitrogen",0.24,"mg/L",25.80345,-80.145149,0.5
"3457","...376967","DERM_BBWQ","10/08/2024 09:30:00","TM02","Total_Nitrogen",0.76,"mg/L",25.7855632,-80.2559449,0.5
"3458","...376997","DERM_BBWQ","11/06/2024 09:20:00","MW13","Total_Nitrogen",0.53,"mg/L",25.5174877,-80.5425794,0.5
"3459","...377004","DERM_BBWQ","10/08/2024 11:30:00","DDC1","Total_Nitrogen",0.82,"mg/L",25.826103,-80.385617,0.5
"3460","...377012","DERM_BBWQ","11/05/2024 09:35:00","TM03A","Total_Nitrogen",0.9,"mg/L",25.7937979,-80.2625108,0.5
"3461","...377023","DERM_BBWQ","12/02/2024 09:05:00","AC06","Total_Nitrogen",0.52,"mg/L",25.9083837,-80.1636707,0.5
"3462","...377024","DERM_BBWQ","11/05/2024 10:30:00","MR02","Total_Nitrogen",0.93,"mg/L",25.7689853,-80.1978204,0.5
"3463","...377044","DERM_BBWQ","10/16/2024 11:50:00","BL12","Total_Nitrogen",0.93,"mg/L",25.6610226,-80.4306146,0.5
"3464","...377107","DERM_BBWQ","12/02/2024 10:15:00","OC01","Total_Nitrogen",0.83,"mg/L",25.89776829,-80.24577639,0.5
"3465","...377141","DERM_BBWQ","12/04/2024 11:10:00","PR03","Total_Nitrogen",5.84,"mg/L",25.5195182,-80.364046,0.5
"3466","...377164","DERM_BBWQ","12/02/2024 10:55:00","BS08","Total_Nitrogen",1.07,"mg/L",25.916139,-80.222213,0.5
"3467","...377169","DERM_BBWQ","11/05/2024 08:30:00","BB28","Total_Nitrogen",0.24,"mg/L",25.7291777,-80.1602691,0.5
"3468","...377177","DERM_BBWQ","11/04/2024 10:20:00","AC02","Total_Nitrogen",0.37,"mg/L",25.8939883,-80.1540054,0.5
"3469","...377202","DERM_BBWQ","10/17/2024 10:00:00","SP03","Total_Nitrogen",0.77,"mg/L",25.6890693,-80.2849226,0.5
"3470","...377238","DERM_BBWQ","11/05/2024 10:40:00","MR03","Total_Nitrogen",0.86,"mg/L",25.778711,-80.2072338,0.5
"3471","...377263","DERM_BBWQ","10/08/2024 10:20:00","MR15","Total_Nitrogen",0.89,"mg/L",25.8959808,-80.379429,0.5
"3472","...377286","DERM_BBWQ","12/05/2024 08:30:00","BB31","Total_Nitrogen",0.24,"mg/L",25.6937801,-80.2075693,0.5
"3473","...377294","DERM_BBWQ","12/02/2024 09:15:00","LR05","Total_Nitrogen",1.36,"mg/L",25.8714828,-80.2341987,0.5
"3474","...377312","DERM_BBWQ","10/07/2024 09:05:00","BB15A","Total_Nitrogen",0.33,"mg/L",25.81507571,-80.1752699,0.5
"3475","...377344","DERM_BBWQ","10/17/2024 11:15:00","CG03","Total_Nitrogen",1.07,"mg/L",25.738545,-80.286792,0.5
"3476","...377359","DERM_BBWQ","10/16/2024 10:15:00","BISC122","Total_Nitrogen",0.52,"mg/L",25.4133316,-80.295,0.5
"3477","...377360","DERM_BBWQ","10/07/2024 12:05:00","SK01","Total_Nitrogen",0.81,"mg/L",25.9294714,-80.1503688,0.5
"3478","...377374","DERM_BBWQ","11/04/2024 08:35:00","LR07","Total_Nitrogen",1.34,"mg/L",25.87107,-80.25103,0.5
"3479","...377394","DERM_BBWQ","11/05/2024 11:35:00","MR07","Total_Nitrogen",1.11,"mg/L",25.8072788,-80.2601771,0.5
"3480","...377400","DERM_BBWQ","11/06/2024 10:30:00","BL03","Total_Nitrogen",0.94,"mg/L",25.5490482,-80.3481369,0.5
"3481","...377421","DERM_BBWQ","12/04/2024 10:10:00","BB51","Total_Nitrogen",0.7,"mg/L",25.251496,-80.4140785,0.5
"3482","...377425","DERM_BBWQ","12/03/2024 09:10:00","BB25","Total_Nitrogen",0.24,"mg/L",25.7592763,-80.1450669,0.5
"3483","...377496","DERM_BBWQ","12/04/2024 11:50:00","GL03","Total_Nitrogen",1.69,"mg/L",25.5373021,-80.3437635,0.5
"3484","...377526","DERM_BBWQ","11/05/2024 08:45:00","TM06","Total_Nitrogen",0.99,"mg/L",25.762007,-80.348379,0.5
"3485","...377537","DERM_BBWQ","11/05/2024 11:15:00","DDC1","Total_Nitrogen",0.89,"mg/L",25.826103,-80.385617,0.5
"3486","...377540","DERM_BBWQ","12/05/2024 09:00:00","CD05","Total_Nitrogen",0.34,"mg/L",25.6238368,-80.3436253,0.5
"3487","...377588","DERM_BBWQ","11/05/2024 09:10:00","BB25","Total_Nitrogen",0.24,"mg/L",25.7592763,-80.1450669,0.5
"3488","...377591","DERM_BBWQ","12/03/2024 10:25:00","MR08","Total_Nitrogen",0.95,"mg/L",25.8103755,-80.2642734,0.5
"3489","...377608","DERM_BBWQ","10/17/2024 09:25:00","SP01","Total_Nitrogen",0.24,"mg/L",25.6583676,-80.2659342,0.5
"3490","...377619","DERM_BBWQ","12/03/2024 12:10:00","DDC2","Total_Nitrogen",0.76,"mg/L",25.812261,-80.321703,0.5
"3491","...377630","DERM_BBWQ","12/04/2024 08:30:00","FC15","Total_Nitrogen",1.08,"mg/L",25.4481037,-80.460903,0.5
"3492","...377635","DERM_BBWQ","12/02/2024 10:35:00","BS09","Total_Nitrogen",0.97,"mg/L",25.9137136,-80.292988,0.5
"3493","...377639","DERM_BBWQ","12/02/2024 09:45:00","BB15A","Total_Nitrogen",0.24,"mg/L",25.81507571,-80.1752699,0.5
"3494","...377644","DERM_BBWQ","10/07/2024 10:20:00","OL03","Total_Nitrogen",0.65,"mg/L",25.9637064,-80.1502022,0.5
"3495","...377661","DERM_BBWQ","11/06/2024 11:40:00","BB39A","Total_Nitrogen",0.24,"mg/L",25.5264328,-80.3070577,0.5
"3496","...377700","DERM_BBWQ","11/06/2024 08:30:00","BB38","Total_Nitrogen",0.24,"mg/L",25.5196864,-80.2393748,0.5
"3497","...377705","DERM_BBWQ","12/02/2024 08:55:00","BB17","Total_Nitrogen",0.24,"mg/L",25.802675,-80.1659703,0.5
"3498","...377714","DERM_BBWQ","11/04/2024 09:05:00","AC06","Total_Nitrogen",1.18,"mg/L",25.9083837,-80.1636707,0.5
"3499","...377728","DERM_BBWQ","12/02/2024 10:05:00","SK10","Total_Nitrogen",0.92,"mg/L",25.956833,-80.430633,0.5
"3500","...377741","DERM_BBWQ","12/04/2024 10:50:00","BB41","Total_Nitrogen",0.24,"mg/L",25.4726881,-80.2844755,0.5
"3501","...377747","DERM_BBWQ","10/07/2024 11:00:00","BS08","Total_Nitrogen",1.19,"mg/L",25.916139,-80.222213,0.5
"3502","...377765","DERM_BBWQ","11/12/2024 11:00:00","BBMB3","Total_Nitrogen",0.24,"mg/L",25.825666,-80.13375,0.5
"3503","...377786","DERM_BBWQ","12/02/2024 09:55:00","BB10","Total_Nitrogen",0.36,"mg/L",25.8695722,-80.1438671,0.5
"3504","...377796","DERM_BBWQ","11/06/2024 11:10:00","BL05","Total_Nitrogen",0.92,"mg/L",25.576314,-80.360246,0.5
"3505","...377802","DERM_BBWQ","12/03/2024 08:45:00","BB26","Total_Nitrogen",0.24,"mg/L",25.747777,-80.1850708,0.5
"3506","...377845","DERM_BBWQ","12/04/2024 10:35:00","BISC122","Total_Nitrogen",0.24,"mg/L",25.4133316,-80.295,0.5
"3507","...377851","DERM_BBWQ","10/16/2024 11:00:00","BL06","Total_Nitrogen",1.71,"mg/L",25.53604325,-80.32527118,0.5
"3508","...377856","DERM_BBWQ","11/04/2024 08:50:00","AC03","Total_Nitrogen",1.06,"mg/L",25.8998739,-80.1622067,0.5
"3509","...377858","DERM_BBWQ","11/04/2024 11:40:00","BB01A","Total_Nitrogen",0.28,"mg/L",25.960526,-80.124254,0.5
"3510","...377901","DERM_BBWQ","11/06/2024 11:25:00","BL02","Total_Nitrogen",0.88,"mg/L",25.5411866,-80.3284753,0.5
"3511","...377918","DERM_BBWQ","12/05/2024 10:40:00","CG07","Total_Nitrogen",0.73,"mg/L",25.7410796,-80.3106721,0.5
"3512","...377941","DERM_BBWQ","10/16/2024 11:55:00","BL02","Total_Nitrogen",1.17,"mg/L",25.5411866,-80.3284753,0.5
"3513","...377949","DERM_BBWQ","10/07/2024 09:25:00","BB09","Total_Nitrogen",0.24,"mg/L",25.871374,-80.1550667,0.5
"3514","...377963","DERM_BBWQ","11/07/2024 09:05:00","CG01","Total_Nitrogen",0.29,"mg/L",25.7036788,-80.2472057,0.5
"3515","...377972","DERM_BBWQ","11/07/2024 10:15:00","SP08","Total_Nitrogen",1.07,"mg/L",25.7154804,-80.3829744,0.5
"3516","...377982","DERM_BBWQ","10/16/2024 10:20:00","MW01","Total_Nitrogen",3.28,"mg/L",25.4707887,-80.3740089,0.5
"3517","...377994","DERM_BBWQ","12/03/2024 11:10:00","CM02","Total_Nitrogen",0.69,"mg/L",25.78348,-80.23984,0.5
"3518","...378011","DERM_BBWQ","12/04/2024 12:30:00","GL02","Total_Nitrogen",0.5,"mg/L",25.5372206,-80.3330313,0.5
"3519","...378028","DERM_BBWQ","12/05/2024 11:00:00","BBKB1","Total_Nitrogen",0.24,"mg/L",25.69801,-80.17428,0.5
"3520","...378050","DERM_BBWQ","11/06/2024 11:00:00","BISC122","Total_Nitrogen",0.24,"mg/L",25.4133316,-80.295,0.5
"3521","...378057","DERM_BBWQ","11/07/2024 10:45:00","CG07","Total_Nitrogen",1.5,"mg/L",25.7410796,-80.3106721,0.5
"3522","...378077","DERM_BBWQ","12/03/2024 11:20:00","MR06","Total_Nitrogen",1.09,"mg/L",25.7954165,-80.2443892,0.5
"3523","...378083","DERM_BBWQ","12/04/2024 11:00:00","BISC101","Total_Nitrogen",0.24,"mg/L",25.4783316,-80.320831,0.5
"3524","...378091","DERM_BBWQ","12/05/2024 09:15:00","SP01","Total_Nitrogen",0.5,"mg/L",25.6583676,-80.2659342,0.5
"3525","...378130","DERM_BBWQ","11/05/2024 10:05:00","CM04","Total_Nitrogen",0.52,"mg/L",25.78272272,-80.26952901,0.5
"3526","...378133","DERM_BBWQ","12/02/2024 10:10:00","IC02","Total_Nitrogen",0.33,"mg/L",25.880033,-80.129597,0.5
"3527","...378146","DERM_BBWQ","11/12/2024 09:50:00","BBY1","Total_Nitrogen",0.26,"mg/L",25.837703,-80.171883,0.5
"3528","...378171","DERM_BBWQ","10/07/2024 09:40:00","BB10","Total_Nitrogen",0.24,"mg/L",25.8695722,-80.1438671,0.5
"3529","...378179","DERM_BBWQ","11/07/2024 09:15:00","CD05","Total_Nitrogen",0.46,"mg/L",25.6238368,-80.3436253,0.5
"3530","...378183","DERM_BBWQ","11/06/2024 08:35:00","FC03","Total_Nitrogen",0.61,"mg/L",25.4480526,-80.3673826,0.5
"3531","...378208","DERM_BBWQ","10/17/2024 10:25:00","SP05","Total_Nitrogen",0.74,"mg/L",25.691593,-80.30675,0.5
"3532","...378219","DERM_BBWQ","11/06/2024 10:25:00","BB51","Total_Nitrogen",0.47,"mg/L",25.251496,-80.4140785,0.5
"3533","...378262","DERM_BBWQ","10/07/2024 09:30:00","BB13A","Total_Nitrogen",0.52,"mg/L",25.84363213,-80.16884056,0.5
"3534","...378268","DERM_BBWQ","12/02/2024 10:15:00","BB13A","Total_Nitrogen",0.51,"mg/L",25.84363213,-80.16884056,0.5
"3535","...378276","DERM_BBWQ","10/08/2024 08:50:00","BB28","Total_Nitrogen",0.34,"mg/L",25.7291777,-80.1602691,0.5
"3536","...378281","DERM_BBWQ","11/07/2024 08:45:00","CD04A","Total_Nitrogen",0.42,"mg/L",25.594937,-80.341127,0.5
"3537","...378303","DERM_BBWQ","11/04/2024 12:10:00","SK01","Total_Nitrogen",0.7,"mg/L",25.9294714,-80.1503688,0.5
"3538","...378310","DERM_BBWQ","12/03/2024 10:10:00","MR15","Total_Nitrogen",0.93,"mg/L",25.8959808,-80.379429,0.5
"3539","...378314","DERM_BBWQ","12/02/2024 11:05:00","BBMB4","Total_Nitrogen",0.39,"mg/L",25.846566,-80.127483,0.5
"3540","...378318","DERM_BBWQ","11/05/2024 09:45:00","BBMB1","Total_Nitrogen",0.24,"mg/L",25.4659,-80.38429,0.5
"3541","...378341","DERM_BBWQ","12/02/2024 10:35:00","BS11","Total_Nitrogen",1.06,"mg/L",25.927833,-80.35815,0.5
"3542","...378359","DERM_BBWQ","11/07/2024 09:35:00","SP04","Total_Nitrogen",0.88,"mg/L",25.6740799,-80.2840729,0.5
"3543","...378363","DERM_BBWQ","10/08/2024 09:05:00","WC04","Total_Nitrogen",0.56,"mg/L",25.7944234,-80.2214498,0.5
"3544","...836882","FIU_WQMP","10/28/2020 10:29:00","244-W","Total_Nitrogen",0.08954,"mg/L",24.79333,-80.86333,0.59
"3545","...836902","FIU_WQMP","09/28/2020 12:45:00","250-W","Total_Nitrogen",0.14,"mg/L",24.69193,-81.18245,0.69
"3546","...836908","FIU_WQMP","07/09/2020 13:24:00","263-W","Total_Nitrogen",0.16,"mg/L",24.54843,-81.39742,0.83
"3547","...836915","FIU_WQMP","09/26/2019 13:27:00","268-W","Total_Nitrogen",0.18667,"mg/L",24.58782,-81.57698,0.817
"3548","...836919","FIU_WQMP","03/23/2020 13:40:00","282-W","Total_Nitrogen",0.14667,"mg/L",24.86667,-80.885,0.67
"3549","...836922","FIU_WQMP","03/14/2020 11:17:00","219-W","Total_Nitrogen",0.09,"mg/L",25.142,-80.258,0.66
"3550","...836933","FIU_WQMP","01/29/2020 13:25:00","268-W","Total_Nitrogen",0.113,"mg/L",24.58782,-81.57698,0.661
"3551","...836940","FIU_WQMP","10/31/2019 10:55:00","229-W","Total_Nitrogen",0.073,"mg/L",24.95012,-80.56218,0.685
"3552","...836947","FIU_WQMP","01/07/2020 10:44:00","254-W","Total_Nitrogen",0.22,"mg/L",24.65792,-81.26502,0.768
"3553","...836987","FIU_WQMP","09/14/2020 11:01:00","235-W","Total_Nitrogen",0.12333,"mg/L",24.87123,-80.66865,0.69
"3554","...836990","FIU_WQMP","03/27/2020 12:52:00","263-W","Total_Nitrogen",0.09667,"mg/L",24.54843,-81.39742,0.67
"3555","...837009","FIU_WQMP","10/27/2020 11:27:00","266-W","Total_Nitrogen",0.11171,"mg/L",24.61105,-81.50527,0.71
"3556","...837012","FIU_WQMP","03/24/2020 11:49:00","316-W","Total_Nitrogen",0.16333,"mg/L",24.58577,-81.8024,0.67
"3557","...837019","FIU_WQMP","02/21/2019 10:04:00","296-W","Total_Nitrogen",0.179,"mg/L",24.79152,-81.28908,0.66
"3558","...837038","FIU_WQMP","07/14/2020 15:43:00","502-W","Total_Nitrogen",0.40333,"mg/L",24.9265,-80.62067,0.69
"3559","...837040","FIU_WQMP","09/29/2019 14:20:00","505-W","Total_Nitrogen",0.21667,"mg/L",24.71208,-81.10071,0.632
"3560","...837045","FIU_WQMP","01/15/2020 12:08:00","312-W","Total_Nitrogen",0.217,"mg/L",24.65978,-81.76343,0.719
"3561","...837053","FIU_WQMP","01/29/2020 08:37:00","403-W","Total_Nitrogen",0.07,"mg/L",24.483,-81.7,0.681
"3562","...837082","FIU_WQMP","05/23/2019 14:10:00","301-W","Total_Nitrogen",0.22667,"mg/L",24.77258,-81.39665,0.7
"3563","...837104","FIU_WQMP","05/06/2019 11:23:00","206-W","Total_Nitrogen",0.07,"mg/L",25.41497,-80.143,0.69
"3564","...837119","FIU_WQMP","09/25/2020 11:59:00","289-W","Total_Nitrogen",0.15333,"mg/L",24.77775,-81.033,0.73
"3565","...837131","FIU_WQMP","03/24/2021 10:36:00","305-W","Total_Nitrogen",0.22,"mg/L",24.76852,-81.555,0.66
"3566","...837139","FIU_WQMP","03/26/2020 18:02:00","328-W","Total_Nitrogen",0.10333,"mg/L",24.454,-82.224,0.65
"3567","...837140","FIU_WQMP","12/10/2019 13:04:00","282-W","Total_Nitrogen",0.403,"mg/L",24.86667,-80.885,0.691
"3568","...837146","FIU_WQMP","05/07/2019 12:15:00","228-W","Total_Nitrogen",0.10667,"mg/L",24.97667,-80.45,0.78
"3569","...837161","FIU_WQMP","07/15/2020 12:03:00","296-W","Total_Nitrogen",0.22333,"mg/L",24.79152,-81.28908,0.69
"3570","...837168","FIU_WQMP","02/28/2019 11:15:00","278-W","Total_Nitrogen",0.14333,"mg/L",24.49862,-81.81895,0.66
"3571","...837177","FIU_WQMP","07/09/2020 11:47:00","402-W","Total_Nitrogen",0.1,"mg/L",24.63,-81.112,0.84
"3572","...837196","FIU_WQMP","03/24/2020 13:57:00","310-W","Total_Nitrogen",0.30667,"mg/L",24.65752,-81.63265,0.7
"3573","...837205","FIU_WQMP","09/25/2019 14:11:00","264-W","Total_Nitrogen",0.08,"mg/L",24.94677,-80.45947,0.712
"3574","...837207","FIU_WQMP","11/06/2019 12:48:00","212-W","Total_Nitrogen",0.083,"mg/L",25.29452,-80.24542,0.778
"3575","...837217","FIU_WQMP","09/16/2019 14:57:00","272-W","Total_Nitrogen",0.09333,"mg/L",24.50548,-81.65433,0.685
"3576","...837222","FIU_WQMP","07/09/2020 16:17:00","278-W","Total_Nitrogen",0.11,"mg/L",24.49862,-81.81895,0.75
"3577","...837230","FIU_WQMP","08/16/2019 10:23:00","242-W","Total_Nitrogen",0.09667,"mg/L",24.7915,-80.81225,0.764
"3578","...837236","FIU_WQMP","03/11/2020 12:37:00","214-W","Total_Nitrogen",0.13333,"mg/L",25.2462,-80.29918,0.69
"3579","...837239","FIU_WQMP","12/13/2020 11:02:00","249-W","Total_Nitrogen",0.11028,"mg/L",24.675,-80.9583,0.75
"3580","...837243","FIU_WQMP","11/16/2020 11:46:00","291-W","Total_Nitrogen",0.05787,"mg/L",24.81682,-81.14678,0.69
"3581","...837258","FIU_WQMP","06/15/2020 12:45:00","244-W","Total_Nitrogen",0.19667,"mg/L",24.79333,-80.86333,0.73
"3582","...837260","FIU_WQMP","01/28/2020 16:46:00","328-W","Total_Nitrogen",0.053,"mg/L",24.454,-82.224,0.645
"3583","...837282","FIU_WQMP","02/07/2019 11:03:00","288-W","Total_Nitrogen",0.21765,"mg/L",24.88333,-81.08333,0.88
"3584","...837296","FIU_WQMP","09/27/2019 13:54:00","302-W","Total_Nitrogen",0.21333,"mg/L",24.80128,-81.48227,0.778
"3585","...837308","FIU_WQMP","02/05/2019 11:42:00","204-W","Total_Nitrogen",0.13333,"mg/L",25.43082,-80.19553,0.66
"3586","...837314","FIU_WQMP","09/25/2019 15:25:00","237-W","Total_Nitrogen",0.09,"mg/L",24.83265,-80.64907,0.659
"3587","...837342","FIU_WQMP","10/12/2020 12:25:00","330-W","Total_Nitrogen",0.13333,"mg/L",24.66533,-82.374,0.69
"3588","...837352","FIU_WQMP","09/20/2020 12:11:00","264-W","Total_Nitrogen",0.07667,"mg/L",24.94677,-80.45947,0.82
"3589","...837380","FIU_WQMP","03/14/2020 13:58:00","228-W","Total_Nitrogen",0.09,"mg/L",24.97667,-80.45,0.75
"3590","...837390","FIU_WQMP","03/27/2020 10:28:00","268-W","Total_Nitrogen",0.09667,"mg/L",24.58782,-81.57698,0.69
"3591","...837396","FIU_WQMP","07/01/2020 15:04:00","282-W","Total_Nitrogen",0.42667,"mg/L",24.86667,-80.885,0.67
"3592","...837408","FIU_WQMP","12/15/2020 11:59:00","337-W","Total_Nitrogen",0.10102,"mg/L",24.59133,-82.58783,0.69
"3593","...837414","FIU_WQMP","09/17/2019 15:52:00","281-W","Total_Nitrogen",0.11667,"mg/L",24.495,-81.89167,0.685
"3594","...837415","FIU_WQMP","09/25/2020 14:50:00","288-W","Total_Nitrogen",0.24333,"mg/L",24.88333,-81.08333,0.66
"3595","...837418","FIU_WQMP","09/19/2020 09:10:00","207-W","Total_Nitrogen",0.15,"mg/L",25.36443,-80.21508,0.7
"3596","...837427","FIU_WQMP","07/14/2020 15:13:00","503-W","Total_Nitrogen",0.325,"mg/L",24.9205,-80.63477,0.67
"3597","...837434","FIU_WQMP","10/12/2020 09:49:00","328-W","Total_Nitrogen",0.14667,"mg/L",24.454,-82.224,0.67
"3598","...837436","FIU_WQMP","11/08/2019 13:19:00","243-W","Total_Nitrogen",0.051,"mg/L",24.745,-80.78333,0.613
"3599","...837443","FIU_WQMP","01/29/2020 15:43:00","278-W","Total_Nitrogen",0.073,"mg/L",24.49862,-81.81895,0.643
"3600","...837469","FIU_WQMP","03/22/2021 15:12:00","267-W","Total_Nitrogen",0.08,"mg/L",24.53008,-81.4873,0.72
"3601","...837472","FIU_WQMP","09/19/2020 09:28:00","204-W","Total_Nitrogen",0.12333,"mg/L",25.43082,-80.19553,0.74
"3602","...837482","FIU_WQMP","03/14/2020 13:12:00","224-W","Total_Nitrogen",0.10333,"mg/L",25.03082,-80.39527,0.78
"3603","...837511","FIU_WQMP","09/29/2019 14:03:00","292-W","Total_Nitrogen",0.14,"mg/L",24.76312,-81.11248,0.672
"3604","...837527","FIU_WQMP","09/28/2020 10:28:00","247-W","Total_Nitrogen",0.11667,"mg/L",24.71318,-81.01115,0.76
"3605","...837537","FIU_WQMP","03/26/2020 17:22:00","335-W","Total_Nitrogen",0.08667,"mg/L",24.46083,-82.38317,0.68
"3606","...837553","FIU_WQMP","12/16/2020 11:38:00","403-W","Total_Nitrogen",0.08857,"mg/L",24.483,-81.7,0.69
"3607","...837562","FIU_WQMP","11/16/2020 12:38:00","292-W","Total_Nitrogen",0.0753,"mg/L",24.76312,-81.11248,0.67
"3608","...837574","FIU_WQMP","07/10/2020 19:54:00","322-W","Total_Nitrogen",0.11,"mg/L",24.45833,-81.98167,0.86
"3609","...837581","FIU_WQMP","02/25/2019 14:03:00","319-W","Total_Nitrogen",0.13353,"mg/L",24.629,-82.07133,0.71
"3610","...837595","FIU_WQMP","02/06/2019 10:00:00","237-W","Total_Nitrogen",0.09613,"mg/L",24.83265,-80.64907,0.67
"3611","...837604","FIU_WQMP","02/05/2019 10:17:00","215-W","Total_Nitrogen",0.16667,"mg/L",25.23667,-80.28897,0.69
"3612","...837612","FIU_WQMP","02/05/2019 12:56:00","203-W","Total_Nitrogen",0.10333,"mg/L",25.48053,-80.11768,0.78
"3613","...837626","FIU_WQMP","03/24/2020 12:36:00","309-W","Total_Nitrogen",0.20333,"mg/L",24.69772,-81.68318,0.67
"3614","...837629","FIU_WQMP","03/16/2020 13:11:00","200-W","Total_Nitrogen",0.08,"mg/L",25.59,-80.1,0.73
"3615","...837633","FIU_WQMP","01/16/2020 14:20:00","222-W","Total_Nitrogen",0.051,"mg/L",25.07237,-80.31277,0.784
"3616","...837641","FIU_WQMP","03/19/2020 15:38:00","301-W","Total_Nitrogen",0.25,"mg/L",24.77258,-81.39665,0.66
"3617","...837642","FIU_WQMP","12/10/2019 15:33:00","285-W","Total_Nitrogen",0.35,"mg/L",24.80998,-80.92028,0.697
"3618","...837649","FIU_WQMP","01/29/2020 10:07:00","259-W","Total_Nitrogen",0.051,"mg/L",24.57037,-81.32167,0.672
"3619","...837680","FIU_WQMP","09/25/2019 12:27:00","400-W","Total_Nitrogen",0.09333,"mg/L",25.1073,-80.3064,0.857
"3620","...837698","FIU_WQMP","09/28/2019 14:06:00","316-W","Total_Nitrogen",0.16,"mg/L",24.58577,-81.8024,0.751
"3621","...837701","FIU_WQMP","02/09/2021 11:35:00","310-W","Total_Nitrogen",0.18667,"mg/L",24.65752,-81.63265,0.72
"3622","...837704","FIU_WQMP","08/15/2019 12:58:00","200-W","Total_Nitrogen",0.04127,"mg/L",25.59,-80.1,0.67
"3623","...837759","FIU_WQMP","02/15/2021 10:24:00","243-W","Total_Nitrogen",0.19667,"mg/L",24.745,-80.78333,0.8
"3624","...837773","FIU_WQMP","09/15/2020 12:40:00","307-W","Total_Nitrogen",0.23333,"mg/L",24.72503,-81.52052,0.67
"3625","...837779","FIU_WQMP","07/11/2020 14:52:00","247-W","Total_Nitrogen",0.22,"mg/L",24.71318,-81.01115,0.69
"3626","...837792","FIU_WQMP","09/19/2020 09:52:00","201-W","Total_Nitrogen",0.125,"mg/L",25.51,-80.165,0.78
"3627","...837797","FIU_WQMP","09/20/2020 13:30:00","239-W","Total_Nitrogen",0.04667,"mg/L",24.80223,-80.7162,0.69
"3628","...837798","FIU_WQMP","07/09/2020 11:09:00","249-W","Total_Nitrogen",0.11333,"mg/L",24.675,-80.9583,0.9
"3629","...837810","FIU_WQMP","09/11/2020 13:38:00","226-W","Total_Nitrogen",0.17333,"mg/L",25.0084,-80.50148,0.69
"3630","...837813","FIU_WQMP","01/28/2020 12:17:00","337-W","Total_Nitrogen",0.07,"mg/L",24.59133,-82.58783,0.652
"3631","...837825","FIU_WQMP","07/16/2020 13:58:00","317-W","Total_Nitrogen",0.23333,"mg/L",24.575,-81.78833,0.67
"3632","...837827","FIU_WQMP","01/07/2020 14:04:00","255-W","Total_Nitrogen",0.063,"mg/L",24.62168,-81.24308,0.801
"3633","...837835","FIU_WQMP","03/16/2020 15:02:00","213-W","Total_Nitrogen",0.08,"mg/L",25.26312,-80.18773,0.74
"3634","...837850","FIU_WQMP","03/23/2020 15:23:00","294-W","Total_Nitrogen",0.19,"mg/L",24.7555,-81.17218,0.83
"3635","...837857","FIU_WQMP","08/15/2019 16:09:00","217-W","Total_Nitrogen",0.04127,"mg/L",25.17332,-80.33985,0.659
"3636","...837875","FIU_WQMP","12/14/2020 13:19:00","272-W","Total_Nitrogen",0.14,"mg/L",24.50548,-81.65433,0.71
"3637","...837879","FIU_WQMP","11/14/2020 09:29:00","226-W","Total_Nitrogen",0.15447,"mg/L",25.0084,-80.50148,0.67
"3638","...837883","FIU_WQMP","11/13/2020 12:25:00","206-W","Total_Nitrogen",0.15668,"mg/L",25.41497,-80.143,0.69
"3639","...837892","FIU_WQMP","02/07/2019 12:59:00","505-W","Total_Nitrogen",0.21827,"mg/L",24.71208,-81.10071,0.67
"3640","...837914","FIU_WQMP","10/11/2020 10:05:00","256-W","Total_Nitrogen",0.09333,"mg/L",24.58497,-81.23408,0.67
"3641","...837931","FIU_WQMP","03/14/2020 14:16:00","264-W","Total_Nitrogen",0.09,"mg/L",24.94677,-80.45947,0.79
"3642","...837933","FIU_WQMP","09/11/2020 12:06:00","217-W","Total_Nitrogen",0.06,"mg/L",25.17332,-80.33985,0.74
"3643","...837955","FIU_WQMP","07/02/2020 13:26:00","207-W","Total_Nitrogen",0.14667,"mg/L",25.36443,-80.21508,0.67
"3644","...837956","FIU_WQMP","09/24/2019 13:53:00","247-W","Total_Nitrogen",0.14333,"mg/L",24.71318,-81.01115,0.738
"3645","...837978","FIU_WQMP","07/01/2020 17:03:00","505-W","Total_Nitrogen",0.30667,"mg/L",24.71208,-81.10071,0.76
"3646","...837979","FIU_WQMP","11/08/2019 11:40:00","264-W","Total_Nitrogen",0.073,"mg/L",24.94677,-80.45947,0.705
"3647","...838000","FIU_WQMP","05/23/2019 13:50:00","314-W","Total_Nitrogen",0.21333,"mg/L",24.75043,-81.43578,0.71
"3648","...838009","FIU_WQMP","03/23/2021 17:05:00","318-W","Total_Nitrogen",0.19,"mg/L",24.65083,-81.90467,0.83
"3649","...838017","FIU_WQMP","06/03/2019 11:38:00","333-W","Total_Nitrogen",0.13333,"mg/L",24.57717,-82.49133,0.7
"3650","...838021","FIU_WQMP","09/24/2019 11:11:00","249-W","Total_Nitrogen",0.08,"mg/L",24.675,-80.9583,0.659
"3651","...838036","FIU_WQMP","07/10/2020 08:28:00","281-W","Total_Nitrogen",0.13667,"mg/L",24.495,-81.89167,0.83
"3652","...838038","FIU_WQMP","11/06/2019 11:47:00","204-W","Total_Nitrogen",0.077,"mg/L",25.43082,-80.19553,0.751
"3653","...838046","FIU_WQMP","05/27/2019 12:04:00","211-W","Total_Nitrogen",0.20333,"mg/L",25.30788,-80.26165,0.69
"3654","...838049","FIU_WQMP","02/28/2019 09:45:00","273-W","Total_Nitrogen",0.09,"mg/L",24.4929,-81.6571,0.76
"3655","...838053","FIU_WQMP","02/15/2021 14:31:00","506-W","Total_Nitrogen",0.27,"mg/L",24.65941,-81.38327,0.67
"3656","...838066","FIU_WQMP","02/17/2021 11:42:00","247-W","Total_Nitrogen",0.19,"mg/L",24.71318,-81.01115,0.66
"3657","...838081","FIU_WQMP","06/15/2020 10:06:00","227-W","Total_Nitrogen",0.07667,"mg/L",25.00167,-80.4749,0.67
"3658","...838084","FIU_WQMP","11/08/2019 12:19:00","401-W","Total_Nitrogen",0.06,"mg/L",24.853,-80.622,0.669
"3659","...838098","FIU_WQMP","02/25/2019 10:17:00","335-W","Total_Nitrogen",0.09263,"mg/L",24.46083,-82.38317,0.75
"3660","...838116","FIU_WQMP","02/17/2021 12:51:00","238-W","Total_Nitrogen",0.30667,"mg/L",24.83442,-80.74683,0.68
"3661","...838129","FIU_WQMP","12/16/2020 10:17:00","278-W","Total_Nitrogen",0.09168,"mg/L",24.49862,-81.81895,0.83
"3662","...838133","FIU_WQMP","05/07/2019 12:44:00","231-W","Total_Nitrogen",0.11333,"mg/L",24.925,-80.503,0.65
"3663","...838147","FIU_WQMP","02/17/2021 10:18:00","253-W","Total_Nitrogen",0.19,"mg/L",24.64537,-81.30723,0.69
"3664","...838155","FIU_WQMP","02/25/2021 14:09:00","206-W","Total_Nitrogen",0.11667,"mg/L",25.41497,-80.143,0.67
"3665","...838158","FIU_WQMP","08/16/2019 14:25:00","220-W","Total_Nitrogen",0.04127,"mg/L",25.11355,-80.37342,0.672
"3666","...838161","FIU_WQMP","05/29/2019 09:57:00","259-W","Total_Nitrogen",0.05667,"mg/L",24.57037,-81.32167,0.83
"3667","...838189","FIU_WQMP","02/15/2019 11:14:00","243-W","Total_Nitrogen",0.11333,"mg/L",24.745,-80.78333,0.71
"3668","...838196","FIU_WQMP","12/16/2020 12:22:00","508-W","Total_Nitrogen",0.15943,"mg/L",24.57375,-81.76014,0.69
"3669","...838202","FIU_WQMP","07/15/2020 15:04:00","507-W","Total_Nitrogen",0.65667,"mg/L",24.69309,-81.35463,0.73
"3670","...838209","FIU_WQMP","07/16/2020 13:23:00","509-W","Total_Nitrogen",0.30667,"mg/L",24.5523,-81.7494,0.69
"3671","...838211","FIU_WQMP","03/24/2020 14:59:00","508-W","Total_Nitrogen",0.24333,"mg/L",24.57375,-81.76014,0.68
"3672","...838228","FIU_WQMP","11/06/2019 12:25:00","211-W","Total_Nitrogen",0.08,"mg/L",25.30788,-80.26165,0.659
"3673","...838252","FIU_WQMP","11/16/2020 10:58:00","288-W","Total_Nitrogen",0.04958,"mg/L",24.88333,-81.08333,0.66
"3674","...838271","FIU_WQMP","03/02/2021 12:00:00","282-W","Total_Nitrogen",0.52,"mg/L",24.86667,-80.885,0.73
"3675","...838275","FIU_WQMP","11/13/2020 11:33:00","200-W","Total_Nitrogen",0.11532,"mg/L",25.59,-80.1,0.67
"3676","...838293","FIU_WQMP","10/11/2020 11:39:00","269-W","Total_Nitrogen",0.11667,"mg/L",24.55943,-81.55955,0.67
"3677","...838294","FIU_WQMP","12/10/2019 14:45:00","294-W","Total_Nitrogen",0.257,"mg/L",24.7555,-81.17218,0.657
"3678","...838316","FIU_WQMP","12/11/2019 11:40:00","242-W","Total_Nitrogen",0.117,"mg/L",24.7915,-80.81225,0.768
"3679","...838340","FIU_WQMP","10/12/2020 10:49:00","332-W","Total_Nitrogen",0.13333,"mg/L",24.5355,-82.36733,0.69
"3680","...838351","FIU_WQMP","05/30/2019 13:14:00","288-W","Total_Nitrogen",0.21,"mg/L",24.88333,-81.08333,0.76
"3681","...838352","FIU_WQMP","09/25/2020 14:25:00","290-W","Total_Nitrogen",0.14333,"mg/L",24.86267,-81.21623,0.73
"3682","...838358","FIU_WQMP","09/19/2020 11:54:00","213-W","Total_Nitrogen",0.07667,"mg/L",25.26312,-80.18773,0.69
"3683","...838368","FIU_WQMP","10/12/2020 11:21:00","333-W","Total_Nitrogen",0.13333,"mg/L",24.57717,-82.49133,0.78
"3684","...838375","FIU_WQMP","10/11/2020 12:32:00","273-W","Total_Nitrogen",0.14,"mg/L",24.4929,-81.6571,0.69
"3685","...838393","FIU_WQMP","03/22/2021 14:47:00","263-W","Total_Nitrogen",0.08,"mg/L",24.54843,-81.39742,0.8
"3686","...838410","FIU_WQMP","07/11/2020 11:29:00","260-W","Total_Nitrogen",0.23667,"mg/L",24.6255,-81.41662,0.73
"3687","...838424","FIU_WQMP","05/22/2019 11:22:00","243-W","Total_Nitrogen",0.08667,"mg/L",24.745,-80.78333,0.69
"3688","...838428","FIU_WQMP","05/28/2019 15:05:00","209-W","Total_Nitrogen",0.23333,"mg/L",24.5857,-81.72272,0.67
"3689","...838437","FIU_WQMP","03/27/2020 12:04:00","254-W","Total_Nitrogen",0.13667,"mg/L",24.65792,-81.26502,0.68
"3690","...838445","FIU_WQMP","01/15/2020 11:15:00","508-W","Total_Nitrogen",0.22,"mg/L",24.57375,-81.76014,0.621
"3691","...838453","FIU_WQMP","05/22/2019 11:40:00","246-W","Total_Nitrogen",0.0508,"mg/L",24.71317,-80.85813,0.69
"3692","...838456","FIU_WQMP","09/27/2019 11:41:00","296-W","Total_Nitrogen",0.25667,"mg/L",24.79152,-81.28908,0.817
"3693","...838466","FIU_WQMP","03/22/2021 15:52:00","270-W","Total_Nitrogen",0.09,"mg/L",24.52162,-81.56432,0.73
"3694","...838471","FIU_WQMP","07/10/2020 10:43:00","330-W","Total_Nitrogen",0.12667,"mg/L",24.66533,-82.374,0.73
"3695","...838475","FIU_WQMP","01/16/2020 11:03:00","200-W","Total_Nitrogen",0.053,"mg/L",25.59,-80.1,0.986
"3696","...838483","FIU_WQMP","05/30/2019 12:36:00","282-W","Total_Nitrogen",0.155,"mg/L",24.86667,-80.885,0.74
"3697","...838496","FIU_WQMP","06/03/2019 13:25:00","319-W","Total_Nitrogen",0.16667,"mg/L",24.629,-82.07133,0.69
"3698","...838501","FIU_WQMP","05/06/2019 10:55:00","210-W","Total_Nitrogen",0.08,"mg/L",25.325,-80.1636,0.79
"3699","...838509","FIU_WQMP","05/29/2019 11:44:00","273-W","Total_Nitrogen",0.12333,"mg/L",24.4929,-81.6571,0.71
"3700","...838529","FIU_WQMP","09/25/2019 13:19:00","224-W","Total_Nitrogen",0.14667,"mg/L",25.03082,-80.39527,0.751
"3701","...838534","FIU_WQMP","10/12/2020 13:09:00","324-W","Total_Nitrogen",0.13,"mg/L",24.65333,-82.15833,0.69
"3702","...838537","FIU_WQMP","10/11/2020 15:42:00","253-W","Total_Nitrogen",0.14333,"mg/L",24.64537,-81.30723,0.69
"3703","...838545","FIU_WQMP","12/13/2020 14:15:00","247-W","Total_Nitrogen",0.21986,"mg/L",24.71318,-81.01115,0.69
"3704","...838555","FIU_WQMP","02/15/2021 09:18:00","401-W","Total_Nitrogen",0.17667,"mg/L",24.853,-80.622,0.75
"3705","...838562","FIU_WQMP","09/15/2020 11:38:00","295-W","Total_Nitrogen",0.20333,"mg/L",24.85163,-81.35123,0.69
"3706","...838571","FIU_WQMP","01/14/2020 12:31:00","307-W","Total_Nitrogen",0.217,"mg/L",24.72503,-81.52052,0.698
"3707","...838576","FIU_WQMP","02/06/2019 13:10:00","226-W","Total_Nitrogen",0.12237,"mg/L",25.0084,-80.50148,0.66
"3708","...838585","FIU_WQMP","10/31/2019 11:05:00","230-W","Total_Nitrogen",0.051,"mg/L",24.93965,-80.55162,0.672
"3709","...838595","FIU_WQMP","02/05/2019 10:50:00","212-W","Total_Nitrogen",0.10333,"mg/L",25.29452,-80.24542,0.67
"3710","...838603","FIU_WQMP","01/29/2020 14:58:00","275-W","Total_Nitrogen",0.113,"mg/L",24.52143,-81.74422,0.669
"3711","...838609","FIU_WQMP","07/01/2020 17:32:00","289-W","Total_Nitrogen",0.33333,"mg/L",24.77775,-81.033,0.67
"3712","...838615","FIU_WQMP","02/07/2019 13:23:00","289-W","Total_Nitrogen",0.20828,"mg/L",24.77775,-81.033,0.79
"3713","...838619","FIU_WQMP","11/13/2020 08:54:00","501-W","Total_Nitrogen",0.61072,"mg/L",25.11053,-80.43421,0.69
"3714","...838640","FIU_WQMP","11/13/2020 12:48:00","210-W","Total_Nitrogen",0.06563,"mg/L",25.325,-80.1636,0.74
"3715","...838647","FIU_WQMP","07/14/2020 10:54:00","213-W","Total_Nitrogen",0.09333,"mg/L",25.26312,-80.18773,0.67
"3716","...838657","FIU_WQMP","05/22/2019 12:12:00","249-W","Total_Nitrogen",0.09333,"mg/L",24.675,-80.9583,0.67
"3717","...838669","FIU_WQMP","03/12/2020 14:01:00","238-W","Total_Nitrogen",0.10667,"mg/L",24.83442,-80.74683,0.87
"3718","...838670","FIU_WQMP","01/07/2020 12:07:00","248-W","Total_Nitrogen",0.067,"mg/L",24.69167,-80.96667,0.785
"3719","...838703","FIU_WQMP","05/07/2019 13:30:00","237-W","Total_Nitrogen",0.13333,"mg/L",24.83265,-80.64907,0.75
"3720","...838720","FIU_WQMP","09/25/2019 12:48:00","222-W","Total_Nitrogen",0.08333,"mg/L",25.07237,-80.31277,0.698
"3721","...838736","FIU_WQMP","03/02/2021 12:18:00","284-W","Total_Nitrogen",0.35,"mg/L",24.87667,-80.95833,0.69
"3722","...838743","FIU_WQMP","02/05/2019 13:41:00","210-W","Total_Nitrogen",0.08667,"mg/L",25.325,-80.1636,0.67
"3723","...838749","FIU_WQMP","05/23/2019 10:55:00","302-W","Total_Nitrogen",0.24333,"mg/L",24.80128,-81.48227,0.69
"3724","...838762","FIU_WQMP","11/13/2020 09:42:00","214-W","Total_Nitrogen",0.15184,"mg/L",25.2462,-80.29918,0.69
"3725","...838766","FIU_WQMP","11/15/2020 15:25:00","232-W","Total_Nitrogen",0.13668,"mg/L",24.92703,-80.59852,0.6
"3726","...838781","FIU_WQMP","09/16/2019 13:13:00","278-W","Total_Nitrogen",0.09,"mg/L",24.49862,-81.81895,0.659
"3727","...838793","FIU_WQMP","02/17/2021 13:54:00","230-W","Total_Nitrogen",0.23,"mg/L",24.93965,-80.55162,0.67
"3728","...838810","FIU_WQMP","11/08/2019 11:20:00","228-W","Total_Nitrogen",0.051,"mg/L",24.97667,-80.45,0.719
"3729","...838823","FIU_WQMP","01/14/2020 11:28:00","295-W","Total_Nitrogen",0.197,"mg/L",24.85163,-81.35123,0.805
"3730","...838830","FIU_WQMP","03/27/2020 12:39:00","259-W","Total_Nitrogen",0.09333,"mg/L",24.57037,-81.32167,0.77
"3731","...838840","FIU_WQMP","12/11/2020 11:41:00","302-W","Total_Nitrogen",0.28333,"mg/L",24.80128,-81.48227,0.9
"3732","...838859","FIU_WQMP","02/05/2019 14:03:00","213-W","Total_Nitrogen",0.09,"mg/L",25.26312,-80.18773,0.67
"3733","...838875","FIU_WQMP","11/13/2020 13:18:00","213-W","Total_Nitrogen",0.08631,"mg/L",25.26312,-80.18773,0.67
"3734","...838891","FIU_WQMP","02/19/2019 12:39:00","309-W","Total_Nitrogen",0.19667,"mg/L",24.69772,-81.68318,0.69
"3735","...838900","FIU_WQMP","09/17/2019 09:40:00","324-W","Total_Nitrogen",0.10333,"mg/L",24.65333,-82.15833,0.672
"3736","...838913","FIU_WQMP","03/01/2019 09:51:00","259-W","Total_Nitrogen",0.09667,"mg/L",24.57037,-81.32167,0.75
"3737","...838922","FIU_WQMP","09/16/2019 13:13:00","278-W","Total_Nitrogen",0.09,"mg/L",24.49862,-81.81895,0.659
"3738","...838939","FIU_WQMP","03/01/2019 09:12:00","255-W","Total_Nitrogen",0.11667,"mg/L",24.62168,-81.24308,0.69
"3739","...838952","FIU_WQMP","02/08/2021 11:34:00","215-W","Total_Nitrogen",0.14333,"mg/L",25.23667,-80.28897,0.74
"3740","...838956","FIU_WQMP","06/15/2020 13:53:00","232-W","Total_Nitrogen",0.16,"mg/L",24.92703,-80.59852,0.74
"3741","...838963","FIU_WQMP","05/22/2019 14:31:00","250-W","Total_Nitrogen",0.14667,"mg/L",24.69193,-81.18245,0.69
"3742","...838968","FIU_WQMP","02/04/2019 11:46:00","500-W","Total_Nitrogen",0.83239,"mg/L",25.08535,-80.43346,0.66
"3743","...838974","FIU_WQMP","11/14/2020 09:57:00","223-W","Total_Nitrogen",0.09246,"mg/L",25.06018,-80.42312,0.67
"3744","...839013","FIU_WQMP","02/25/2021 11:46:00","219-W","Total_Nitrogen",0.08,"mg/L",25.142,-80.258,0.68
"3745","...839026","FIU_WQMP","07/07/2020 11:46:00","219-W","Total_Nitrogen",0.09333,"mg/L",25.142,-80.258,0.67
"3746","...839038","FIU_WQMP","06/03/2019 10:19:00","328-W","Total_Nitrogen",0.13667,"mg/L",24.454,-82.224,0.67
"3747","...839052","FIU_WQMP","02/25/2021 11:28:00","400-W","Total_Nitrogen",0.11333,"mg/L",25.1073,-80.3064,0.67
"3748","...839065","FIU_WQMP","03/27/2020 10:10:00","271-W","Total_Nitrogen",0.17333,"mg/L",24.55667,-81.66667,0.73
"3749","...839066","FIU_WQMP","01/07/2020 13:34:00","252-W","Total_Nitrogen",0.077,"mg/L",24.60693,-81.15442,0.91
"3750","...839072","FIU_WQMP","02/25/2019 12:19:00","330-W","Total_Nitrogen",0.10882,"mg/L",24.66533,-82.374,0.67
"3751","...839081","FIU_WQMP","07/01/2020 17:00:00","292-W","Total_Nitrogen",0.33667,"mg/L",24.76312,-81.11248,0.67
"3752","...839089","FIU_WQMP","03/02/2021 13:22:00","290-W","Total_Nitrogen",0.23,"mg/L",24.86267,-81.21623,0.8
"3753","...839095","FIU_WQMP","07/09/2020 12:33:00","255-W","Total_Nitrogen",0.14667,"mg/L",24.62168,-81.24308,0.67
"3754","...839103","FIU_WQMP","12/11/2019 12:05:00","244-W","Total_Nitrogen",0.16,"mg/L",24.79333,-80.86333,0.773
"3755","...839108","FIU_WQMP","09/26/2019 12:47:00","270-W","Total_Nitrogen",0.13,"mg/L",24.52162,-81.56432,0.672
"3756","...839114","FIU_WQMP","02/05/2019 12:28:00","200-W","Total_Nitrogen",0.09667,"mg/L",25.59,-80.1,0.79
"3757","...839121","FIU_WQMP","07/15/2020 14:37:00","301-W","Total_Nitrogen",0.23667,"mg/L",24.77258,-81.39665,0.67
"3758","...839122","FIU_WQMP","10/31/2019 11:45:00","227-W","Total_Nitrogen",0.051,"mg/L",25.00167,-80.4749,0.725
"3759","...839136","FIU_WQMP","09/17/2019 10:32:00","330-W","Total_Nitrogen",0.1,"mg/L",24.66533,-82.374,0.685
"3760","...839156","FIU_WQMP","03/01/2019 10:40:00","267-W","Total_Nitrogen",0.08667,"mg/L",24.53008,-81.4873,0.69
"3761","...839166","FIU_WQMP","12/14/2020 14:56:00","506-W","Total_Nitrogen",0.3,"mg/L",24.65941,-81.38327,0.7
"3762","...839168","FIU_WQMP","10/27/2020 10:45:00","260-W","Total_Nitrogen",0.13489,"mg/L",24.6255,-81.41662,0.69
"3763","...839169","FIU_WQMP","03/27/2020 09:10:00","281-W","Total_Nitrogen",0.14333,"mg/L",24.495,-81.89167,0.69
"3764","...839174","FIU_WQMP","03/01/2019 13:03:00","253-W","Total_Nitrogen",0.15333,"mg/L",24.64537,-81.30723,0.76
"3765","...839193","FIU_WQMP","02/08/2021 12:23:00","220-W","Total_Nitrogen",0.13667,"mg/L",25.11355,-80.37342,0.68
"3766","...839204","FIU_WQMP","11/15/2020 12:28:00","237-W","Total_Nitrogen",0.04127,"mg/L",24.83265,-80.64907,0.74
"3767","...839211","FIU_WQMP","09/14/2020 11:57:00","503-W","Total_Nitrogen",0.33667,"mg/L",24.9205,-80.63477,0.69
"3768","...839217","FIU_WQMP","11/06/2019 14:10:00","217-W","Total_Nitrogen",0.073,"mg/L",25.17332,-80.33985,0.672
"3769","...839226","FIU_WQMP","02/08/2021 11:23:00","214-W","Total_Nitrogen",0.19,"mg/L",25.2462,-80.29918,0.74
"3770","...839237","FIU_WQMP","12/10/2019 15:02:00","505-W","Total_Nitrogen",0.123,"mg/L",24.71208,-81.10071,0.658
"3771","...839242","FIU_WQMP","06/15/2020 13:24:00","235-W","Total_Nitrogen",0.14667,"mg/L",24.87123,-80.66865,0.67
"3772","...839263","FIU_WQMP","01/14/2020 12:17:00","305-W","Total_Nitrogen",0.233,"mg/L",24.76852,-81.555,0.695
"3773","...839273","FIU_WQMP","03/27/2020 11:22:00","506-W","Total_Nitrogen",0.28333,"mg/L",24.65941,-81.38327,0.65
"3774","...839281","FIU_WQMP","05/27/2019 14:13:00","500-W","Total_Nitrogen",0.19,"mg/L",25.08535,-80.43346,0.67
"3775","...839285","FIU_WQMP","02/07/2019 12:38:00","294-W","Total_Nitrogen",0.17977,"mg/L",24.7555,-81.17218,0.75
"3776","...839291","FIU_WQMP","10/12/2020 10:26:00","335-W","Total_Nitrogen",0.16667,"mg/L",24.46083,-82.38317,0.66
"3777","...839301","FIU_WQMP","12/14/2020 14:45:00","260-W","Total_Nitrogen",0.26,"mg/L",24.6255,-81.41662,0.73
"3778","...839305","FIU_WQMP","09/19/2020 11:54:00","213-W","Total_Nitrogen",0.09,"mg/L",25.26312,-80.18773,0.69
"3779","...839311","FIU_WQMP","07/10/2020 12:24:00","337-W","Total_Nitrogen",0.12,"mg/L",24.59133,-82.58783,0.8
"3780","...839330","FIU_WQMP","03/27/2020 11:10:00","260-W","Total_Nitrogen",0.16333,"mg/L",24.6255,-81.41662,0.72
"3781","...839341","FIU_WQMP","08/15/2019 11:19:00","213-W","Total_Nitrogen",0.04127,"mg/L",25.26312,-80.18773,0.672
"3782","...839370","FIU_WQMP","02/15/2021 12:10:00","402-W","Total_Nitrogen",0.11333,"mg/L",24.63,-81.112,0.69
"3783","...839378","FIU_WQMP","06/15/2020 11:47:00","237-W","Total_Nitrogen",0.07667,"mg/L",24.83265,-80.64907,0.78
"3784","...839385","FIU_WQMP","05/29/2019 08:29:00","266-W","Total_Nitrogen",0.18667,"mg/L",24.61105,-81.50527,0.92
"3785","...839388","FIU_WQMP","05/07/2019 13:51:00","239-W","Total_Nitrogen",0.09667,"mg/L",24.80223,-80.7162,0.69
"3786","...839389","FIU_WQMP","12/10/2019 13:19:00","284-W","Total_Nitrogen",0.283,"mg/L",24.87667,-80.95833,0.743
"3787","...839405","FIU_WQMP","07/09/2020 13:01:00","259-W","Total_Nitrogen",0.16667,"mg/L",24.57037,-81.32167,0.87
"3788","...839414","FIU_WQMP","01/16/2020 11:55:00","206-W","Total_Nitrogen",0.063,"mg/L",25.41497,-80.143,0.99
"3789","...839423","FIU_WQMP","11/15/2020 10:01:00","225-W","Total_Nitrogen",0.04951,"mg/L",25.017,-80.3674,0.87
"3790","...839435","FIU_WQMP","01/16/2020 15:00:00","224-W","Total_Nitrogen",0.051,"mg/L",25.03082,-80.39527,0.706
"3791","...839463","FIU_WQMP","03/27/2020 11:47:00","253-W","Total_Nitrogen",0.17333,"mg/L",24.64537,-81.30723,0.68
"3792","...839465","FIU_WQMP","02/25/2021 13:20:00","213-W","Total_Nitrogen",0.07667,"mg/L",25.26312,-80.18773,0.79
"3793","...839475","FIU_WQMP","05/07/2019 09:35:00","216-W","Total_Nitrogen",0.12,"mg/L",25.22,-80.217,0.65
"3794","...839478","FIU_WQMP","02/08/2021 13:46:00","227-W","Total_Nitrogen",0.16333,"mg/L",25.00167,-80.4749,0.68
"3795","...839487","FIU_WQMP","03/23/2021 16:40:00","319-W","Total_Nitrogen",0.15,"mg/L",24.629,-82.07133,0.75
"3796","...839494","FIU_WQMP","12/13/2020 12:54:00","255-W","Total_Nitrogen",0.08446,"mg/L",24.62168,-81.24308,0.74
"3797","...839511","FIU_WQMP","02/08/2021 12:01:00","217-W","Total_Nitrogen",0.19667,"mg/L",25.17332,-80.33985,0.67
"3798","...839514","FIU_WQMP","03/30/2020 15:56:00","243-W","Total_Nitrogen",0.10333,"mg/L",24.745,-80.78333,0.66
"3799","...839515","FIU_WQMP","01/16/2020 12:24:00","210-W","Total_Nitrogen",0.057,"mg/L",25.325,-80.1636,0.826
"3800","...839524","FIU_WQMP","03/16/2020 12:05:00","204-W","Total_Nitrogen",0.11667,"mg/L",25.43082,-80.19553,0.59
"3801","...839537","FIU_WQMP","09/24/2019 10:36:00","246-W","Total_Nitrogen",0.1,"mg/L",24.71317,-80.85813,0.659
"3802","...839539","FIU_WQMP","01/15/2020 11:28:00","317-W","Total_Nitrogen",0.197,"mg/L",24.575,-81.78833,0.762
"3803","...839549","FIU_WQMP","03/19/2020 16:01:00","507-W","Total_Nitrogen",0.42667,"mg/L",24.69309,-81.35463,0.72
"3804","...839556","FIU_WQMP","03/23/2021 16:14:00","324-W","Total_Nitrogen",0.19667,"mg/L",24.65333,-82.15833,0.67
"3805","...839578","FIU_WQMP","05/29/2019 11:01:00","270-W","Total_Nitrogen",0.15333,"mg/L",24.52162,-81.56432,0.8
"3806","...839588","FIU_WQMP","07/02/2020 16:14:00","206-W","Total_Nitrogen",0.1,"mg/L",25.41497,-80.143,0.67
"3807","...839601","FIU_WQMP","09/28/2019 13:44:00","315-W","Total_Nitrogen",0.16333,"mg/L",24.63325,-81.82827,0.698
"3808","...839624","FIU_WQMP","05/07/2019 10:07:00","219-W","Total_Nitrogen",0.09,"mg/L",25.142,-80.258,0.75
"3809","...839636","FIU_WQMP","07/11/2020 09:54:00","275-W","Total_Nitrogen",0.13667,"mg/L",24.52143,-81.74422,0.94
"3810","...839645","FIU_WQMP","02/15/2021 15:17:00","268-W","Total_Nitrogen",0.25667,"mg/L",24.58782,-81.57698,0.7
"3811","...839658","FIU_WQMP","02/09/2021 11:53:00","309-W","Total_Nitrogen",0.23333,"mg/L",24.69772,-81.68318,0.74
"3812","...839660","FIU_WQMP","07/16/2020 10:27:00","310-W","Total_Nitrogen",0.26667,"mg/L",24.65752,-81.63265,0.67
"3813","...839671","FIU_WQMP","12/15/2020 13:31:00","324-W","Total_Nitrogen",0.12,"mg/L",24.65333,-82.15833,0.69
"3814","...839675","FIU_WQMP","02/15/2019 13:19:00","402-W","Total_Nitrogen",0.11667,"mg/L",24.63,-81.112,0.7
"3815","...839687","FIU_WQMP","05/30/2019 13:00:00","287-W","Total_Nitrogen",0.42667,"mg/L",24.84667,-81.00833,0.71
"3816","...839697","FIU_WQMP","02/06/2019 11:51:00","502-W","Total_Nitrogen",0.18535,"mg/L",24.9265,-80.62067,0.66
"3817","...839707","FIU_WQMP","09/26/2019 14:14:00","260-W","Total_Nitrogen",0.24333,"mg/L",24.6255,-81.41662,0.659
"3818","...839720","FIU_WQMP","09/17/2020 11:59:00","316-W","Total_Nitrogen",0.09667,"mg/L",24.58577,-81.8024,0.69
"3819","...839733","FIU_WQMP","03/12/2020 10:35:00","220-W","Total_Nitrogen",0.07,"mg/L",25.11355,-80.37342,0.99
"3820","...839737","FIU_WQMP","11/13/2020 13:18:00","213-W","Total_Nitrogen",0.09796,"mg/L",25.26312,-80.18773,0.67
"3821","...839751","FIU_WQMP","03/23/2021 11:51:00","322-W","Total_Nitrogen",0.17667,"mg/L",24.45833,-81.98167,0.75
"3822","...839753","FIU_WQMP","03/16/2020 12:33:00","201-W","Total_Nitrogen",0.14,"mg/L",25.51,-80.165,0.87
"3823","...839785","FIU_WQMP","03/24/2020 11:36:00","317-W","Total_Nitrogen",0.15667,"mg/L",24.575,-81.78833,0.7
"3824","...839792","FIU_WQMP","02/21/2019 10:56:00","302-W","Total_Nitrogen",0.16281,"mg/L",24.80128,-81.48227,0.66
"3825","...839805","FIU_WQMP","02/08/2021 12:51:00","224-W","Total_Nitrogen",0.16,"mg/L",25.03082,-80.39527,0.66
"3826","...839813","FIU_WQMP","03/02/2021 14:26:00","292-W","Total_Nitrogen",0.25,"mg/L",24.76312,-81.11248,0.84
"3827","...839816","FIU_WQMP","08/16/2019 11:40:00","232-W","Total_Nitrogen",0.06333,"mg/L",24.92703,-80.59852,0.659
"3828","...839833","FIU_WQMP","03/23/2020 15:43:00","505-W","Total_Nitrogen",0.18667,"mg/L",24.71208,-81.10071,0.66
"3829","...839834","FIU_WQMP","01/16/2020 11:36:00","203-W","Total_Nitrogen",0.083,"mg/L",25.48053,-80.11768,0.744
"3830","...839857","FIU_WQMP","10/28/2020 10:16:00","241-W","Total_Nitrogen",0.10597,"mg/L",24.80247,-80.8089,0.84
"3831","...839862","FIU_WQMP","12/11/2019 11:50:00","241-W","Total_Nitrogen",0.13,"mg/L",24.80247,-80.8089,0.717
"3832","...839893","FIU_WQMP","02/15/2021 11:36:00","248-W","Total_Nitrogen",0.13333,"mg/L",24.69167,-80.96667,0.71
"3833","...839895","FIU_WQMP","09/20/2020 12:27:00","231-W","Total_Nitrogen",0.08333,"mg/L",24.925,-80.503,0.83
"3834","...839905","FIU_WQMP","05/23/2019 14:33:00","507-W","Total_Nitrogen",0.34667,"mg/L",24.69309,-81.35463,0.69
"3835","...839913","FIU_WQMP","09/20/2020 11:12:00","224-W","Total_Nitrogen",0.09667,"mg/L",25.03082,-80.39527,0.74
"3836","...839932","FIU_WQMP","10/11/2020 14:04:00","278-W","Total_Nitrogen",0.18,"mg/L",24.49862,-81.81895,0.66
"3837","...839939","FIU_WQMP","09/25/2020 15:14:00","284-W","Total_Nitrogen",0.15667,"mg/L",24.87667,-80.95833,0.69
"3838","...839946","FIU_WQMP","09/14/2020 11:25:00","238-W","Total_Nitrogen",0.13,"mg/L",24.83442,-80.74683,0.71
"3839","...839961","FIU_WQMP","12/16/2020 13:35:00","310-W","Total_Nitrogen",0.1655,"mg/L",24.65752,-81.63265,0.69
"3840","...839967","FIU_WQMP","03/22/2021 14:19:00","259-W","Total_Nitrogen",0.09,"mg/L",24.57037,-81.32167,0.63
"3841","...839973","FIU_WQMP","12/15/2020 10:08:00","328-W","Total_Nitrogen",0.13805,"mg/L",24.454,-82.224,0.67
"3842","...839978","FIU_WQMP","07/09/2020 13:01:00","259-W","Total_Nitrogen",0.18333,"mg/L",24.57037,-81.32167,0.87
"3843","...840012","FIU_WQMP","09/20/2020 13:08:00","237-W","Total_Nitrogen",0.06667,"mg/L",24.83265,-80.64907,0.71
"3844","...840015","FIU_WQMP","12/13/2020 13:09:00","254-W","Total_Nitrogen",0.16256,"mg/L",24.65792,-81.26502,0.69
"3845","...840023","FIU_WQMP","09/20/2020 11:55:00","228-W","Total_Nitrogen",0.09667,"mg/L",24.97667,-80.45,0.74
"3846","...840030","FIU_WQMP","09/25/2020 12:15:00","292-W","Total_Nitrogen",0.11333,"mg/L",24.76312,-81.11248,0.75
"3847","...840038","FIU_WQMP","07/02/2020 16:48:00","210-W","Total_Nitrogen",0.10667,"mg/L",25.325,-80.1636,0.67
"3848","...840059","FIU_WQMP","03/12/2020 11:09:00","500-W","Total_Nitrogen",0.21667,"mg/L",25.08535,-80.43346,0.79
"3849","...840060","FIU_WQMP","01/28/2020 13:17:00","332-W","Total_Nitrogen",0.083,"mg/L",24.5355,-82.36733,0.843
"3850","...840068","FIU_WQMP","05/06/2019 13:35:00","207-W","Total_Nitrogen",0.16333,"mg/L",25.36443,-80.21508,0.65
"3851","...840091","FIU_WQMP","06/03/2019 09:45:00","325-W","Total_Nitrogen",0.08333,"mg/L",24.54167,-82.1,0.67
"3852","...840093","FIU_WQMP","08/10/2021 13:06:00","252-W","Total_Nitrogen",0.04127,"mg/L",24.60693,-81.15442,0.79
"3853","...840101","FIU_WQMP","10/14/2021 10:12:00","215-W","Total_Nitrogen",0.06667,"mg/L",25.23667,-80.28897,0.66
"3854","...840106","FIU_WQMP","08/12/2021 15:15:00","247-W","Total_Nitrogen",0.06333,"mg/L",24.71318,-81.01115,0.69
"3855","...840117","FIU_WQMP","10/13/2021 11:16:00","200-W","Total_Nitrogen",0.08333,"mg/L",25.59,-80.1,0.74
"3856","...840125","FIU_WQMP","10/14/2021 12:50:00","401-W","Total_Nitrogen",0.04667,"mg/L",24.853,-80.622,0.67
"3857","...840133","FIU_WQMP","09/01/2021 11:00:00","310-W","Total_Nitrogen",0.24,"mg/L",24.65752,-81.63265,0.68
"3858","...840141","FIU_WQMP","08/21/2021 12:04:00","201-W","Total_Nitrogen",0.04127,"mg/L",25.51,-80.165,0.78
"3859","...840149","FIU_WQMP","08/21/2021 15:18:00","219-W","Total_Nitrogen",0.04127,"mg/L",25.142,-80.258,0.66
"3860","...840157","FIU_WQMP","11/12/2021 13:54:00","275-W","Total_Nitrogen",0.06,"mg/L",24.52143,-81.74422,0.67
"3861","...840165","FIU_WQMP","10/13/2021 14:15:00","400-W","Total_Nitrogen",0.07,"mg/L",25.1073,-80.3064,0.69
"3862","...840173","FIU_WQMP","11/22/2021 12:02:00","337-W","Total_Nitrogen",0.05,"mg/L",24.59133,-82.58783,0.75
"3863","...840181","FIU_WQMP","10/14/2021 10:59:00","500-W","Total_Nitrogen",0.18333,"mg/L",25.08535,-80.43346,0.69
"3864","...840189","FIU_WQMP","10/15/2021 10:28:00","249-W","Total_Nitrogen",0.04127,"mg/L",24.675,-80.9583,0.66
"3865","...840197","FIU_WQMP","11/15/2021 12:28:00","259-W","Total_Nitrogen",0.04333,"mg/L",24.57037,-81.32167,0.69
"3866","...840205","FIU_WQMP","10/14/2021 09:36:00","211-W","Total_Nitrogen",0.22333,"mg/L",25.30788,-80.26165,0.66
"3867","...840213","FIU_WQMP","08/23/2021 11:47:00","230-W","Total_Nitrogen",0.04127,"mg/L",24.93965,-80.55162,0.79
"3868","...840226","FIU_WQMP","10/13/2021 11:16:00","200-W","Total_Nitrogen",0.08667,"mg/L",25.59,-80.1,0.74
"3869","...840229","FIU_WQMP","08/22/2021 12:53:00","275-W","Total_Nitrogen",0.065,"mg/L",24.52143,-81.74422,0.66
"3870","...840235","FIU_WQMP","10/14/2021 14:18:00","503-W","Total_Nitrogen",0.26,"mg/L",24.9205,-80.63477,0.69
"3871","...840245","FIU_WQMP","08/20/2021 13:39:00","264-W","Total_Nitrogen",0.04127,"mg/L",24.94677,-80.45947,0.7
"3872","...840253","FIU_WQMP","08/21/2021 13:05:00","203-W","Total_Nitrogen",0.05667,"mg/L",25.48053,-80.11768,0.76
"3873","...840261","FIU_WQMP","08/10/2021 12:04:00","249-W","Total_Nitrogen",0.04127,"mg/L",24.675,-80.9583,0.78
"3874","...840269","FIU_WQMP","10/13/2021 13:57:00","219-W","Total_Nitrogen",0.08,"mg/L",25.142,-80.258,0.75
"3875","...840277","FIU_WQMP","08/11/2021 10:15:00","","Total_Nitrogen",0.04127,"mg/L",NA,NA,NA
"3876","...840283","FIU_WQMP","08/12/2021 11:05:00","","Total_Nitrogen",0.04127,"mg/L",NA,NA,NA
"3877","...840289","FIU_WQMP","11/15/2021 11:31:00","254-W","Total_Nitrogen",0.15667,"mg/L",24.65792,-81.26502,0.74
"3878","...840307","FIU_WQMP","11/15/2021 15:46:00","","Total_Nitrogen",0.04127,"mg/L",NA,NA,NA
"3879","...840309","FIU_WQMP","08/21/2021 08:53:00","","Total_Nitrogen",0.04127,"mg/L",NA,NA,NA
"3880","...840314","FIU_WQMP","10/15/2021 13:10:00","244-W","Total_Nitrogen",0.1,"mg/L",24.79333,-80.86333,0.7
"3881","...840323","FIU_WQMP","08/23/2021 14:25:00","","Total_Nitrogen",0.04127,"mg/L",NA,NA,NA
"3882","...840334","FIU_WQMP","08/31/2021 14:11:00","","Total_Nitrogen",1.95,"mg/L",NA,NA,NA
"3883","...840341","FIU_WQMP","08/21/2021 16:23:00","","Total_Nitrogen",0.04127,"mg/L",NA,NA,NA
"3884","...840350","FIU_WQMP","11/15/2021 10:45:00","","Total_Nitrogen",0.04127,"mg/L",NA,NA,NA
"3885","...840353","FIU_WQMP","08/31/2021 10:10:00","","Total_Nitrogen",2.52667,"mg/L",NA,NA,NA
"3886","...840361","FIU_WQMP","10/14/2021 08:03:00","","Total_Nitrogen",0.04127,"mg/L",NA,NA,NA
"3887","...840372","FIU_WQMP","10/15/2021 13:15:00","","Total_Nitrogen",0.04127,"mg/L",NA,NA,NA
"3888","...840383","FIU_WQMP","10/15/2021 08:28:00","","Total_Nitrogen",0.04127,"mg/L",NA,NA,NA
"3889","...840395","FIU_WQMP","10/07/2021 15:15:00","","Total_Nitrogen",0.04127,"mg/L",NA,NA,NA
"3890","...840408","FIU_WQMP","10/26/2021 12:08:00","","Total_Nitrogen",0.04127,"mg/L",NA,NA,NA
"3891","...840421","FIU_WQMP","09/01/2021 12:58:00","","Total_Nitrogen",0.04127,"mg/L",NA,NA,NA
"3892","...840432","FIU_WQMP","11/12/2021 11:03:00","","Total_Nitrogen",0.04127,"mg/L",NA,NA,NA
"3893","...840437","FIU_WQMP","08/11/2021 17:36:00","","Total_Nitrogen",0.04127,"mg/L",NA,NA,NA
"3894","...840445","FIU_WQMP","09/01/2021 10:06:00","","Total_Nitrogen",0.04127,"mg/L",NA,NA,NA
"3895","...840447","FIU_WQMP","09/01/2021 12:21:00","508-W","Total_Nitrogen",0.17667,"mg/L",24.57375,-81.76014,0.69
"3896","...840452","FIU_WQMP","08/30/2021 08:33:00","","Total_Nitrogen",0.04127,"mg/L",NA,NA,NA
"3897","...840467","FIU_WQMP","10/27/2021 14:45:00","","Total_Nitrogen",0.04127,"mg/L",NA,NA,NA
"3898","...840476","FIU_WQMP","10/17/2021 11:46:00","","Total_Nitrogen",0.04127,"mg/L",NA,NA,NA
"3899","...840477","FIU_WQMP","08/30/2021 14:13:00","","Total_Nitrogen",0.04127,"mg/L",NA,NA,NA
"3900","...840497","FIU_WQMP","10/27/2021 11:17:00","","Total_Nitrogen",0.04127,"mg/L",NA,NA,NA
"3901","...840504","FIU_WQMP","08/20/2021 15:17:00","","Total_Nitrogen",0.04127,"mg/L",NA,NA,NA
"3902","...840510","FIU_WQMP","11/22/2021 15:35:00","","Total_Nitrogen",0.04127,"mg/L",NA,NA,NA
"3903","...840517","FIU_WQMP","08/10/2021 16:23:00","","Total_Nitrogen",0.04127,"mg/L",NA,NA,NA
"3904","...840524","FIU_WQMP","08/23/2021 08:06:00","","Total_Nitrogen",0.04127,"mg/L",NA,NA,NA
"3905","...840532","FIU_WQMP","08/22/2021 16:19:00","","Total_Nitrogen",0.04127,"mg/L",NA,NA,NA
"3906","...840538","FIU_WQMP","08/12/2021 16:52:00","","Total_Nitrogen",0.04127,"mg/L",NA,NA,NA
"3907","...840549","FIU_WQMP","10/14/2021 15:06:00","","Total_Nitrogen",0.04127,"mg/L",NA,NA,NA
"3908","...840553","FIU_WQMP","11/22/2021 07:05:00","","Total_Nitrogen",0.04127,"mg/L",NA,NA,NA
"3909","...840571","FIU_WQMP","08/20/2021 09:28:00","","Total_Nitrogen",0.04127,"mg/L",NA,NA,NA
"3910","...840579","FIU_WQMP","11/12/2021 14:00:00","","Total_Nitrogen",0.04127,"mg/L",NA,NA,NA
"3911","...840591","FIU_WQMP","10/17/2021 13:10:00","","Total_Nitrogen",0.04127,"mg/L",NA,NA,NA
"3912","...840594","FIU_WQMP","08/10/2021 10:10:00","","Total_Nitrogen",0.04127,"mg/L",NA,NA,NA
"3913","...840601","FIU_WQMP","10/13/2021 16:24:00","","Total_Nitrogen",0.04127,"mg/L",NA,NA,NA
"3914","...840606","FIU_WQMP","08/22/2021 12:15:00","","Total_Nitrogen",0.04127,"mg/L",NA,NA,NA
"3915","...840610","FIU_WQMP","10/07/2021 09:21:00","","Total_Nitrogen",0.04127,"mg/L",NA,NA,NA
"3916","...840613","FIU_WQMP","10/13/2021 08:22:00","","Total_Nitrogen",0.04127,"mg/L",NA,NA,NA
"3917","...840619","FIU_WQMP","10/26/2021 15:18:00","","Total_Nitrogen",0.04127,"mg/L",NA,NA,NA
"3918","...840621","FIU_WQMP","05/02/2017 11:26:00","220-W","Total_Nitrogen",0.07779,"mg/L",25.11355,-80.37342,0.69
"3919","...840629","FIU_WQMP","06/05/2017 10:24:00","282-W","Total_Nitrogen",0.21248,"mg/L",24.86667,-80.885,0.67
"3920","...840637","FIU_WQMP","05/09/2017 11:31:00","255-W","Total_Nitrogen",0.12679,"mg/L",24.62168,-81.24308,0.74
"3921","...840646","FIU_WQMP","11/29/2017 09:16:00","501-W","Total_Nitrogen",0.61484,"mg/L",25.11053,-80.43421,0.79
"3922","...840654","FIU_WQMP","11/30/2017 11:02:00","284-W","Total_Nitrogen",0.28174,"mg/L",24.87667,-80.95833,0.99
"3923","...840661","FIU_WQMP","05/02/2017 10:36:00","215-W","Total_Nitrogen",0.08325,"mg/L",25.23667,-80.28897,0.73
"3924","...840669","FIU_WQMP","05/04/2017 09:09:00","224-W","Total_Nitrogen",0.06946,"mg/L",25.03082,-80.39527,0.66
"3925","...840671","FIU_WQMP","05/08/2017 14:47:00","252-W","Total_Nitrogen",0.0874,"mg/L",24.60693,-81.15442,0.66
"3926","...840685","FIU_WQMP","06/09/2017 09:34:00","291-W","Total_Nitrogen",0.17737,"mg/L",24.81682,-81.14678,0.73
"3927","...840693","FIU_WQMP","05/03/2017 13:07:00","203-W","Total_Nitrogen",0.24146,"mg/L",25.48053,-80.11768,0.67
"3928","...840705","FIU_WQMP","12/07/2017 12:25:00","504-W","Total_Nitrogen",0.30224,"mg/L",24.72254,-81.04338,0.66
"3929","...840713","FIU_WQMP","12/05/2017 13:54:00","209-W","Total_Nitrogen",0.15263,"mg/L",24.5857,-81.72272,0.67
"3930","...840718","FIU_WQMP","12/12/2017 07:51:00","325-W","Total_Nitrogen",0.14243,"mg/L",24.54167,-82.1,0.65
"3931","...840726","FIU_WQMP","11/28/2017 11:53:00","295-W","Total_Nitrogen",0.2135,"mg/L",24.85163,-81.35123,0.69
"3932","...840732","FIU_WQMP","12/14/2017 11:11:00","259-W","Total_Nitrogen",0.06907,"mg/L",24.57037,-81.32167,0.68
"3933","...840741","FIU_WQMP","12/11/2017 16:10:00","278-W","Total_Nitrogen",0.07978,"mg/L",24.49862,-81.81895,0.67
"3934","...840749","FIU_WQMP","05/08/2017 17:31:00","401-W","Total_Nitrogen",0.16595,"mg/L",24.853,-80.622,0.67
"3935","...840757","FIU_WQMP","05/09/2017 12:38:00","263-W","Total_Nitrogen",0.09878,"mg/L",24.54843,-81.39742,0.74
"3936","...840771","FIU_WQMP","11/29/2017 12:03:00","200-W","Total_Nitrogen",0.07082,"mg/L",25.59,-80.1,0.66
"3937","...840779","FIU_WQMP","12/04/2017 12:38:00","228-W","Total_Nitrogen",0.03395,"mg/L",24.97667,-80.45,0.71
"3938","...840783","FIU_WQMP","12/14/2017 10:50:00","256-W","Total_Nitrogen",0.09195,"mg/L",24.58497,-81.23408,0.66
"3939","...840785","FIU_WQMP","12/05/2017 14:51:00","317-W","Total_Nitrogen",0.13083,"mg/L",24.575,-81.78833,0.68
"3940","...840791","FIU_WQMP","12/07/2017 10:58:00","402-W","Total_Nitrogen",0.05543,"mg/L",24.63,-81.112,0.68
"3941","...840803","FIU_WQMP","06/05/2017 14:33:00","505-W","Total_Nitrogen",0.14225,"mg/L",24.71208,-81.10071,0.67
"3942","...840813","FIU_WQMP","05/04/2017 09:09:00","224-W","Total_Nitrogen",0.06673,"mg/L",25.03082,-80.39527,0.66
"3943","...840822","FIU_WQMP","12/04/2017 12:57:00","264-W","Total_Nitrogen",0.0348,"mg/L",24.94677,-80.45947,0.73
"3944","...840835","FIU_WQMP","12/14/2015 14:46:00","316-W","Total_Nitrogen",0.11865,"mg/L",24.58577,-81.8024,0.66
"3945","...840847","FIU_WQMP","11/14/2016 09:31:00","400-W","Total_Nitrogen",0.05329,"mg/L",25.1073,-80.3064,0.69
"3946","...840854","FIU_WQMP","09/28/2016 13:09:00","263-W","Total_Nitrogen",0.18816,"mg/L",24.54843,-81.39742,0.69
"3947","...840858","FIU_WQMP","12/04/2015 09:28:00","228-W","Total_Nitrogen",0.13287,"mg/L",24.97667,-80.45,0.79
"3948","...840864","FIU_WQMP","09/12/2016 14:28:00","206-W","Total_Nitrogen",0.13532,"mg/L",25.41497,-80.143,0.69
"3949","...840872","FIU_WQMP","09/26/2016 14:51:00","285-W","Total_Nitrogen",0.33558,"mg/L",24.80998,-80.92028,0.66
"3950","...840880","FIU_WQMP","12/02/2015 10:24:00","501-W","Total_Nitrogen",0.56155,"mg/L",25.11053,-80.43421,0.69
"3951","...840887","FIU_WQMP","09/05/2017 15:02:00","266-W","Total_Nitrogen",0.17815,"mg/L",24.61105,-81.50527,0.68
"3952","...840895","FIU_WQMP","02/07/2017 14:10:00","289-W","Total_Nitrogen",0.14274,"mg/L",24.77775,-81.033,0.73
"3953","...840898","FIU_WQMP","12/08/2015 10:21:00","227-W","Total_Nitrogen",0.10419,"mg/L",25.00167,-80.4749,0.67
"3954","...840901","FIU_WQMP","09/05/2017 13:18:00","267-W","Total_Nitrogen",0.09044,"mg/L",24.53008,-81.4873,0.71
"3955","...840921","FIU_WQMP","09/28/2016 15:52:00","253-W","Total_Nitrogen",0.20368,"mg/L",24.64537,-81.30723,0.66
"3956","...840925","FIU_WQMP","08/15/2017 10:40:00","500-W","Total_Nitrogen",0.16671,"mg/L",25.08535,-80.43346,0.66
"3957","...840936","FIU_WQMP","09/13/2016 14:34:00","264-W","Total_Nitrogen",0.11853,"mg/L",24.94677,-80.45947,0.66
"3958","...840944","FIU_WQMP","09/07/2016 15:17:00","314-W","Total_Nitrogen",0.20312,"mg/L",24.75043,-81.43578,0.71
"3959","...840950","FIU_WQMP","03/03/2017 11:58:00","266-W","Total_Nitrogen",0.1961,"mg/L",24.61105,-81.50527,0.77
"3960","...840961","FIU_WQMP","02/13/2017 11:11:00","212-W","Total_Nitrogen",0.10736,"mg/L",25.29452,-80.24542,0.66
"3961","...840965","FIU_WQMP","09/20/2016 10:50:00","335-W","Total_Nitrogen",0.31708,"mg/L",24.46083,-82.38317,0.67
"3962","...840976","FIU_WQMP","09/30/2016 12:05:00","214-W","Total_Nitrogen",0.18175,"mg/L",25.2462,-80.29918,0.69
"3963","...840981","FIU_WQMP","08/08/2017 12:37:00","296-W","Total_Nitrogen",0.1875,"mg/L",24.79152,-81.28908,0.7
"3964","...840989","FIU_WQMP","09/05/2017 13:18:00","267-W","Total_Nitrogen",0.08609,"mg/L",24.53008,-81.4873,0.71
"3965","...840997","FIU_WQMP","08/22/2017 12:48:00","502-W","Total_Nitrogen",0.10355,"mg/L",24.9265,-80.62067,0.1
"3966","...841005","FIU_WQMP","11/23/2016 12:09:00","307-W","Total_Nitrogen",0.13692,"mg/L",24.72503,-81.52052,0.66
"3967","...841013","FIU_WQMP","08/14/2017 14:41:00","400-W","Total_Nitrogen",0.16792,"mg/L",25.1073,-80.3064,0.67
"3968","...841022","FIU_WQMP","03/13/2017 13:51:00","335-W","Total_Nitrogen",0.06517,"mg/L",24.46083,-82.38317,0.67
"3969","...841030","FIU_WQMP","02/07/2017 12:44:00","291-W","Total_Nitrogen",0.10039,"mg/L",24.81682,-81.14678,0.66
"3970","...841043","FIU_WQMP","08/04/2017 12:57:00","291-W","Total_Nitrogen",0.11726,"mg/L",24.81682,-81.14678,0.7
"3971","...841051","FIU_WQMP","08/15/2017 10:26:00","213-W","Total_Nitrogen",0.08494,"mg/L",25.26312,-80.18773,0.68
"3972","...841060","FIU_WQMP","02/14/2017 15:36:00","235-W","Total_Nitrogen",0.15682,"mg/L",24.87123,-80.66865,0.67
"3973","...841063","FIU_WQMP","03/13/2017 10:34:00","280-W","Total_Nitrogen",0.07504,"mg/L",24.45363,-81.84365,0.75
"3974","...841077","FIU_WQMP","12/02/2016 10:40:00","403-W","Total_Nitrogen",0.03965,"mg/L",24.483,-81.7,0.78
"3975","...841080","FIU_WQMP","12/02/2015 16:06:00","207-W","Total_Nitrogen",0.11706,"mg/L",25.36443,-80.21508,0.78
"3976","...841091","FIU_WQMP","11/15/2016 10:01:00","247-W","Total_Nitrogen",0.05014,"mg/L",24.71318,-81.01115,0.7
"3977","...841099","FIU_WQMP","11/27/2016 13:51:00","220-W","Total_Nitrogen",0.09064,"mg/L",25.11355,-80.37342,0.69
"3978","...841110","FIU_WQMP","12/14/2015 12:46:00","209-W","Total_Nitrogen",0.16207,"mg/L",24.5857,-81.72272,0.66
"3979","...841115","FIU_WQMP","09/27/2017 16:45:00","280-W","Total_Nitrogen",0.09036,"mg/L",24.45363,-81.84365,0.66
"3980","...841118","FIU_WQMP","02/08/2017 12:41:00","402-W","Total_Nitrogen",0.09838,"mg/L",24.63,-81.112,0.7
"3981","...841126","FIU_WQMP","02/16/2017 11:14:00","226-W","Total_Nitrogen",0.11638,"mg/L",25.0084,-80.50148,0.69
"3982","...841134","FIU_WQMP","02/17/2017 10:18:00","206-W","Total_Nitrogen",0.09239,"mg/L",25.41497,-80.143,0.67
"3983","...841141","FIU_WQMP","11/29/2016 10:13:00","230-W","Total_Nitrogen",0.06519,"mg/L",24.93965,-80.55162,0.78
"3984","...841148","FIU_WQMP","09/28/2017 14:35:00","337-W","Total_Nitrogen",0.09609,"mg/L",24.59133,-82.58783,0.67
"3985","...841154","FIU_WQMP","11/10/2016 09:50:00","204-W","Total_Nitrogen",0.10942,"mg/L",25.43082,-80.19553,0.67
"3986","...841162","FIU_WQMP","08/09/2017 13:01:00","310-W","Total_Nitrogen",0.17922,"mg/L",24.65752,-81.63265,0.65
"3987","...841173","FIU_WQMP","08/08/2017 15:28:00","314-W","Total_Nitrogen",0.177,"mg/L",24.75043,-81.43578,0.67
"3988","...841186","FIU_WQMP","12/12/2015 13:00:00","314-W","Total_Nitrogen",0.17282,"mg/L",24.75043,-81.43578,0.73
"3989","...841189","FIU_WQMP","12/01/2016 11:21:00","325-W","Total_Nitrogen",0.06468,"mg/L",24.54167,-82.1,0.77
"3990","...841201","FIU_WQMP","11/28/2016 16:48:00","282-W","Total_Nitrogen",0.52936,"mg/L",24.86667,-80.885,0.79
"3991","...841208","FIU_WQMP","12/10/2015 14:33:00","270-W","Total_Nitrogen",0.05,"mg/L",24.52162,-81.56432,0.73
"3992","...841219","FIU_WQMP","09/07/2016 16:11:00","305-W","Total_Nitrogen",0.12136,"mg/L",24.76852,-81.555,0.74
"3993","...841227","FIU_WQMP","09/14/2016 17:38:00","241-W","Total_Nitrogen",0.2062,"mg/L",24.80247,-80.8089,0.79
"3994","...841234","FIU_WQMP","12/03/2015 15:32:00","222-W","Total_Nitrogen",0.06843,"mg/L",25.07237,-80.31277,0.67
"3995","...841237","FIU_WQMP","09/28/2017 12:49:00","328-W","Total_Nitrogen",0.10807,"mg/L",24.454,-82.224,0.67
"3996","...841245","FIU_WQMP","09/05/2017 12:27:00","259-W","Total_Nitrogen",0.08166,"mg/L",24.57037,-81.32167,0.65
"3997","...841256","FIU_WQMP","09/28/2016 13:26:00","268-W","Total_Nitrogen",0.32216,"mg/L",24.58782,-81.57698,0.78
"3998","...841264","FIU_WQMP","09/30/2016 12:50:00","220-W","Total_Nitrogen",0.1319,"mg/L",25.11355,-80.37342,0.69
"3999","...841275","FIU_WQMP","08/14/2017 15:32:00","218-W","Total_Nitrogen",0.09678,"mg/L",25.15897,-80.29455,0.69
"4000","...841289","FIU_WQMP","12/10/2015 12:28:00","259-W","Total_Nitrogen",0.07222,"mg/L",24.57037,-81.32167,0.71
"4001","...841293","FIU_WQMP","08/15/2017 09:10:00","214-W","Total_Nitrogen",0.14755,"mg/L",25.2462,-80.29918,0.66
"4002","...841300","FIU_WQMP","02/14/2017 10:34:00","219-W","Total_Nitrogen",0.08152,"mg/L",25.142,-80.258,0.67
"4003","...841310","FIU_WQMP","12/15/2015 11:09:00","325-W","Total_Nitrogen",0.10719,"mg/L",24.54167,-82.1,0.66
"4004","...841317","FIU_WQMP","02/14/2017 10:55:00","400-W","Total_Nitrogen",0.08102,"mg/L",25.1073,-80.3064,0.67
"4005","...841325","FIU_WQMP","02/08/2017 14:06:00","504-W","Total_Nitrogen",0.24829,"mg/L",24.72254,-81.04338,0.7
"4006","...841338","FIU_WQMP","12/09/2015 17:38:00","241-W","Total_Nitrogen",0.08601,"mg/L",24.80247,-80.8089,0.67
"4007","...841343","FIU_WQMP","02/14/2017 12:46:00","264-W","Total_Nitrogen",0.0811,"mg/L",24.94677,-80.45947,0.66
"4008","...841352","FIU_WQMP","09/13/2016 15:57:00","232-W","Total_Nitrogen",0.14943,"mg/L",24.92703,-80.59852,0.77
"4009","...841358","FIU_WQMP","03/14/2017 11:45:00","209-W","Total_Nitrogen",0.1664,"mg/L",24.5857,-81.72272,0.66
"4010","...841365","FIU_WQMP","08/04/2017 12:57:00","291-W","Total_Nitrogen",0.12815,"mg/L",24.81682,-81.14678,0.7
"4011","...841372","FIU_WQMP","03/13/2016 14:53:00","301-W","Total_Nitrogen",0.15673,"mg/L",24.77258,-81.39665,0.78
"4012","...841380","FIU_WQMP","03/15/2016 15:57:00","506-W","Total_Nitrogen",0.15273,"mg/L",24.65941,-81.38327,0.67
"4013","...841388","FIU_WQMP","06/14/2016 10:23:00","401-W","Total_Nitrogen",0.08661,"mg/L",24.853,-80.622,0.67
"4014","...841396","FIU_WQMP","06/14/2016 12:04:00","249-W","Total_Nitrogen",0.08654,"mg/L",24.675,-80.9583,0.66
"4015","...841402","FIU_WQMP","06/13/2016 12:32:00","290-W","Total_Nitrogen",0.1331,"mg/L",24.86267,-81.21623,0.7
"4016","...841410","FIU_WQMP","03/07/2016 13:36:00","220-W","Total_Nitrogen",0.13483,"mg/L",25.11355,-80.37342,0.67
"4017","...841416","FIU_WQMP","06/13/2016 14:05:00","505-W","Total_Nitrogen",0.17334,"mg/L",24.71208,-81.10071,0.69
"4018","...841430","FIU_WQMP","06/17/2016 13:37:00","301-W","Total_Nitrogen",0.1802,"mg/L",24.77258,-81.39665,0.71
"4019","...841443","FIU_WQMP","03/02/2016 13:17:00","218-W","Total_Nitrogen",0.08262,"mg/L",25.15897,-80.29455,0.74
"4020","...841449","FIU_WQMP","03/07/2016 15:09:00","227-W","Total_Nitrogen",0.10032,"mg/L",25.00167,-80.4749,0.73
"4021","...841455","FIU_WQMP","06/08/2016 11:43:00","226-W","Total_Nitrogen",0.13648,"mg/L",25.0084,-80.50148,0.69
"4022","...841463","FIU_WQMP","06/08/2016 09:11:00","503-W","Total_Nitrogen",0.25278,"mg/L",24.9205,-80.63477,0.67
"4023","...841471","FIU_WQMP","06/13/2016 14:39:00","285-W","Total_Nitrogen",0.15601,"mg/L",24.80998,-80.92028,0.67
"4024","...841476","FIU_WQMP","03/17/2016 12:12:00","309-W","Total_Nitrogen",0.15309,"mg/L",24.69772,-81.68318,0.75
"4025","...841484","FIU_WQMP","02/26/2016 12:30:00","508-W","Total_Nitrogen",0.16374,"mg/L",24.57375,-81.76014,0.66
"4026","...841490","FIU_WQMP","03/03/2016 12:20:00","252-W","Total_Nitrogen",0.08244,"mg/L",24.60693,-81.15442,0.73
"4027","...841495","FIU_WQMP","03/02/2016 09:39:00","201-W","Total_Nitrogen",0.11346,"mg/L",25.51,-80.165,0.74
"4028","...841503","FIU_WQMP","03/12/2016 12:40:00","291-W","Total_Nitrogen",0.16651,"mg/L",24.81682,-81.14678,0.71
"4029","...841507","FIU_WQMP","03/14/2016 10:02:00","328-W","Total_Nitrogen",0.06182,"mg/L",24.454,-82.224,0.73
"4030","...841514","FIU_WQMP","03/02/2016 12:20:00","216-W","Total_Nitrogen",0.08231,"mg/L",25.22,-80.217,0.7
"4031","...841530","FIU_WQMP","06/08/2016 11:26:00","227-W","Total_Nitrogen",0.06578,"mg/L",25.00167,-80.4749,0.79
"4032","...841538","FIU_WQMP","06/08/2016 13:04:00","220-W","Total_Nitrogen",0.06497,"mg/L",25.11355,-80.37342,0.74
"4033","...841546","FIU_WQMP","03/13/2016 13:05:00","302-W","Total_Nitrogen",0.15514,"mg/L",24.80128,-81.48227,0.71
"4034","...841554","FIU_WQMP","06/08/2016 10:30:00","232-W","Total_Nitrogen",0.10961,"mg/L",24.92703,-80.59852,0.71
"4035","...841562","FIU_WQMP","06/13/2016 11:15:00","284-W","Total_Nitrogen",0.12708,"mg/L",24.87667,-80.95833,0.71
"4036","...841570","FIU_WQMP","03/13/2016 12:11:00","296-W","Total_Nitrogen",0.14774,"mg/L",24.79152,-81.28908,0.66
"4037","...841578","FIU_WQMP","06/13/2016 16:04:00","506-W","Total_Nitrogen",0.19747,"mg/L",24.65941,-81.38327,0.71
"4038","...841586","FIU_WQMP","06/13/2016 13:19:00","296-W","Total_Nitrogen",0.1439,"mg/L",24.79152,-81.28908,0.73
"4039","...841597","FIU_WQMP","03/02/2016 14:32:00","224-W","Total_Nitrogen",0.07651,"mg/L",25.03082,-80.39527,0.75
"4040","...841602","FIU_WQMP","06/14/2016 15:20:00","238-W","Total_Nitrogen",0.45934,"mg/L",24.83442,-80.74683,0.69
"4041","...841610","FIU_WQMP","06/28/2016 14:54:00","324-W","Total_Nitrogen",0.0905,"mg/L",24.65333,-82.15833,0.77
"4042","...841618","FIU_WQMP","06/27/2016 15:27:00","273-W","Total_Nitrogen",0.087,"mg/L",24.4929,-81.6571,0.66
"4043","...841626","FIU_WQMP","03/14/2016 08:24:00","281-W","Total_Nitrogen",0.09441,"mg/L",24.495,-81.89167,0.73
"4044","...841631","FIU_WQMP","08/16/2019 10:32:00","241-W","Total_Nitrogen",0.07333,"mg/L",24.80247,-80.8089,0.738
"4045","...841636","FIU_WQMP","11/14/2020 11:13:00","400-W","Total_Nitrogen",0.06528,"mg/L",25.1073,-80.3064,0.69
"4046","...841642","FIU_WQMP","12/16/2020 14:00:00","209-W","Total_Nitrogen",0.18864,"mg/L",24.5857,-81.72272,0.78
"4047","...841694","FIU_WQMP","02/15/2021 11:15:00","249-W","Total_Nitrogen",0.08333,"mg/L",24.675,-80.9583,0.69
"4048","...841695","FIU_WQMP","03/27/2020 10:37:00","269-W","Total_Nitrogen",0.15667,"mg/L",24.55943,-81.55955,0.62
"4049","...841697","FIU_WQMP","03/26/2020 18:44:00","322-W","Total_Nitrogen",0.13333,"mg/L",24.45833,-81.98167,0.67
"4050","...841718","FIU_WQMP","08/16/2019 13:21:00","226-W","Total_Nitrogen",0.07,"mg/L",25.0084,-80.50148,0.764
"4051","...841725","FIU_WQMP","02/25/2021 13:03:00","216-W","Total_Nitrogen",0.10667,"mg/L",25.22,-80.217,0.67
"4052","...841729","FIU_WQMP","01/28/2020 17:10:00","325-W","Total_Nitrogen",0.133,"mg/L",24.54167,-82.1,0.669
"4053","...841738","FIU_WQMP","02/17/2021 12:26:00","242-W","Total_Nitrogen",0.28333,"mg/L",24.7915,-80.81225,0.68
"4054","...841750","FIU_WQMP","09/19/2020 10:16:00","200-W","Total_Nitrogen",0.07667,"mg/L",25.59,-80.1,0.75
"4055","...841759","FIU_WQMP","05/29/2019 08:08:00","268-W","Total_Nitrogen",0.21667,"mg/L",24.58782,-81.57698,0.87
"4056","...841765","FIU_WQMP","06/15/2020 10:33:00","230-W","Total_Nitrogen",0.12667,"mg/L",24.93965,-80.55162,0.66
"4057","...841784","FIU_WQMP","05/22/2019 13:07:00","252-W","Total_Nitrogen",0.07333,"mg/L",24.60693,-81.15442,0.78
"4058","...841790","FIU_WQMP","09/16/2019 13:34:00","280-W","Total_Nitrogen",0.12667,"mg/L",24.45363,-81.84365,0.738
"4059","...841797","FIU_WQMP","02/04/2019 14:57:00","264-W","Total_Nitrogen",0.10353,"mg/L",24.94677,-80.45947,0.69
"4060","...841852","FIU_WQMP","07/14/2020 10:54:00","213-W","Total_Nitrogen",0.08333,"mg/L",25.26312,-80.18773,0.67
"4061","...841857","FIU_WQMP","05/07/2019 11:39:00","225-W","Total_Nitrogen",0.11667,"mg/L",25.017,-80.3674,0.67
"4062","...841858","FIU_WQMP","02/04/2019 13:14:00","400-W","Total_Nitrogen",0.09092,"mg/L",25.1073,-80.3064,0.74
"4063","...841864","FIU_WQMP","03/01/2019 12:19:00","260-W","Total_Nitrogen",0.23,"mg/L",24.6255,-81.41662,0.69
"4064","...841874","FIU_WQMP","09/17/2019 13:10:00","335-W","Total_Nitrogen",0.1,"mg/L",24.46083,-82.38317,0.725
"4065","...841903","FIU_WQMP","09/28/2020 12:00:00","252-W","Total_Nitrogen",0.11333,"mg/L",24.60693,-81.15442,0.7
"4066","...841910","FIU_WQMP","03/30/2020 16:31:00","248-W","Total_Nitrogen",0.10667,"mg/L",24.69167,-80.96667,0.75
"4067","...841919","FIU_WQMP","11/15/2020 10:15:00","224-W","Total_Nitrogen",0.04132,"mg/L",25.03082,-80.39527,0.78
"4068","...841926","FIU_WQMP","03/30/2020 15:18:00","401-W","Total_Nitrogen",0.12,"mg/L",24.853,-80.622,0.7
"4069","...841933","FIU_WQMP","12/13/2020 11:52:00","402-W","Total_Nitrogen",0.0907,"mg/L",24.63,-81.112,0.66
"4070","...841940","FIU_WQMP","10/11/2020 09:47:00","255-W","Total_Nitrogen",0.10667,"mg/L",24.62168,-81.24308,0.71
"4071","...841952","FIU_WQMP","09/25/2019 11:22:00","216-W","Total_Nitrogen",0.11333,"mg/L",25.22,-80.217,0.738
"4072","...841957","FIU_WQMP","03/27/2020 09:40:00","278-W","Total_Nitrogen",0.17667,"mg/L",24.49862,-81.81895,0.65
"4073","...841973","FIU_WQMP","09/14/2020 10:28:00","232-W","Total_Nitrogen",0.15333,"mg/L",24.92703,-80.59852,0.67
"4074","...841976","FIU_WQMP","03/19/2020 14:14:00","296-W","Total_Nitrogen",0.2,"mg/L",24.79152,-81.28908,0.71
"4075","...841977","FIU_WQMP","11/06/2019 14:23:00","220-W","Total_Nitrogen",0.113,"mg/L",25.11355,-80.37342,0.844
"4076","...842010","FIU_WQMP","06/03/2019 13:53:00","318-W","Total_Nitrogen",0.27333,"mg/L",24.65083,-81.90467,0.74
"4077","...842025","FIU_WQMP","07/02/2020 14:50:00","200-W","Total_Nitrogen",0.12667,"mg/L",25.59,-80.1,0.69
"4078","...842030","FIU_WQMP","02/25/2019 11:03:00","333-W","Total_Nitrogen",0.09956,"mg/L",24.57717,-82.49133,0.73
"4079","...842037","FIU_WQMP","09/27/2019 13:01:00","307-W","Total_Nitrogen",0.22667,"mg/L",24.72503,-81.52052,0.751
"4080","...842040","FIU_WQMP","09/17/2019 14:40:00","322-W","Total_Nitrogen",0.10333,"mg/L",24.45833,-81.98167,0.791
"4081","...842047","FIU_WQMP","07/15/2020 12:33:00","295-W","Total_Nitrogen",0.18667,"mg/L",24.85163,-81.35123,0.67
"4082","...842064","FIU_WQMP","09/17/2020 12:30:00","312-W","Total_Nitrogen",0.13667,"mg/L",24.65978,-81.76343,0.69
"4083","...842068","FIU_WQMP","09/29/2019 13:45:00","291-W","Total_Nitrogen",0.165,"mg/L",24.81682,-81.14678,0.844
"4084","...842076","FIU_WQMP","10/11/2020 11:17:00","267-W","Total_Nitrogen",0.11333,"mg/L",24.53008,-81.4873,0.66
"4085","...842088","FIU_WQMP","03/30/2020 18:25:00","242-W","Total_Nitrogen",0.10667,"mg/L",24.7915,-80.81225,0.71
"4086","...842092","FIU_WQMP","10/12/2020 14:32:00","319-W","Total_Nitrogen",0.14,"mg/L",24.629,-82.07133,0.69
"4087","...842104","FIU_WQMP","12/16/2020 11:55:00","275-W","Total_Nitrogen",0.09839,"mg/L",24.52143,-81.74422,0.79
"4088","...842111","FIU_WQMP","03/12/2020 13:26:00","502-W","Total_Nitrogen",0.16,"mg/L",24.9265,-80.62067,0.93
"4089","...842119","FIU_WQMP","07/14/2020 12:21:00","214-W","Total_Nitrogen",0.16333,"mg/L",25.2462,-80.29918,0.67
"4090","...842134","FIU_WQMP","02/09/2021 13:18:00","508-W","Total_Nitrogen",0.21667,"mg/L",24.57375,-81.76014,0.66
"4091","...842138","FIU_WQMP","10/11/2020 10:29:00","259-W","Total_Nitrogen",0.10667,"mg/L",24.57037,-81.32167,0.7
"4092","...842139","FIU_WQMP","01/14/2020 11:08:00","296-W","Total_Nitrogen",0.2,"mg/L",24.79152,-81.28908,0.776
"4093","...842157","FIU_WQMP","03/24/2020 14:25:00","209-W","Total_Nitrogen",0.27,"mg/L",24.5857,-81.72272,0.71
"4094","...842169","FIU_WQMP","12/10/2019 13:45:00","288-W","Total_Nitrogen",0.273,"mg/L",24.88333,-81.08333,0.684
"4095","...842174","FIU_WQMP","05/22/2019 13:52:00","255-W","Total_Nitrogen",0.10333,"mg/L",24.62168,-81.24308,0.69
"4096","...842182","FIU_WQMP","09/29/2019 13:00:00","288-W","Total_Nitrogen",0.27,"mg/L",24.88333,-81.08333,0.698
"4097","...842189","FIU_WQMP","01/29/2020 09:21:00","269-W","Total_Nitrogen",0.08,"mg/L",24.55943,-81.55955,0.663
"4098","...842203","FIU_WQMP","02/25/2021 14:49:00","200-W","Total_Nitrogen",0.11,"mg/L",25.59,-80.1,0.76
"4099","...842215","FIU_WQMP","01/29/2020 09:50:00","263-W","Total_Nitrogen",0.06,"mg/L",24.54843,-81.39742,0.749
"4100","...842223","FIU_WQMP","05/29/2019 09:57:00","259-W","Total_Nitrogen",0.06,"mg/L",24.57037,-81.32167,0.83
"4101","...842235","FIU_WQMP","03/14/2020 15:07:00","231-W","Total_Nitrogen",0.10333,"mg/L",24.925,-80.503,0.84
"4102","...842238","FIU_WQMP","09/19/2020 13:02:00","218-W","Total_Nitrogen",0.07667,"mg/L",25.15897,-80.29455,0.78
"4103","...842243","FIU_WQMP","08/16/2019 10:54:00","238-W","Total_Nitrogen",0.16333,"mg/L",24.83442,-80.74683,0.778
"4104","...842251","FIU_WQMP","05/27/2019 12:49:00","215-W","Total_Nitrogen",0.09,"mg/L",25.23667,-80.28897,0.86
"4105","...842259","FIU_WQMP","09/17/2019 11:25:00","337-W","Total_Nitrogen",0.12333,"mg/L",24.59133,-82.58783,0.725
"4106","...842306","FIU_WQMP","02/17/2021 11:22:00","504-W","Total_Nitrogen",0.34,"mg/L",24.72254,-81.04338,0.65
"4107","...842314","FIU_WQMP","02/25/2021 14:28:00","203-W","Total_Nitrogen",0.09333,"mg/L",25.48053,-80.11768,0.69
"4108","...842328","FIU_WQMP","10/11/2020 12:18:00","272-W","Total_Nitrogen",0.09667,"mg/L",24.50548,-81.65433,0.69
"4109","...842337","FIU_WQMP","09/19/2020 10:16:00","200-W","Total_Nitrogen",0.07333,"mg/L",25.59,-80.1,0.75
"4110","...842350","FIU_WQMP","07/10/2020 09:26:00","319-W","Total_Nitrogen",0.13,"mg/L",24.629,-82.07133,0.75
"4111","...842351","FIU_WQMP","03/30/2020 16:24:00","249-W","Total_Nitrogen",0.10667,"mg/L",24.675,-80.9583,0.68
"4112","...842358","FIU_WQMP","07/11/2020 11:42:00","506-W","Total_Nitrogen",0.27333,"mg/L",24.65941,-81.38327,0.69
"4113","...842367","FIU_WQMP","05/22/2019 11:04:00","242-W","Total_Nitrogen",0.16667,"mg/L",24.7915,-80.81225,0.82
"4114","...842375","FIU_WQMP","05/27/2019 12:15:00","212-W","Total_Nitrogen",0.13333,"mg/L",25.29452,-80.24542,0.74
"4115","...842382","FIU_WQMP","12/13/2020 12:09:00","252-W","Total_Nitrogen",0.07737,"mg/L",24.60693,-81.15442,0.66
"4116","...842386","FIU_WQMP","12/15/2020 11:28:00","333-W","Total_Nitrogen",0.09057,"mg/L",24.57717,-82.49133,0.67
"4117","...842394","FIU_WQMP","10/11/2020 14:29:00","275-W","Total_Nitrogen",0.10667,"mg/L",24.52143,-81.74422,0.76
"4118","...842406","FIU_WQMP","07/11/2020 15:24:00","241-W","Total_Nitrogen",0.315,"mg/L",24.80247,-80.8089,0.78
"4119","...842417","FIU_WQMP","09/11/2020 11:18:00","212-W","Total_Nitrogen",0.07667,"mg/L",25.29452,-80.24542,0.76
"4120","...842420","FIU_WQMP","10/11/2020 14:04:00","278-W","Total_Nitrogen",0.17667,"mg/L",24.49862,-81.81895,0.66
"4121","...842425","FIU_WQMP","05/06/2019 09:11:00","501-W","Total_Nitrogen",1.02667,"mg/L",25.11053,-80.43421,0.69
"4122","...842429","FIU_WQMP","11/15/2020 14:56:00","503-W","Total_Nitrogen",0.13068,"mg/L",24.9205,-80.63477,0.74
"4123","...842433","FIU_WQMP","01/29/2020 14:44:00","271-W","Total_Nitrogen",0.097,"mg/L",24.55667,-81.66667,0.716
"4124","...842489","FIU_WQMP","09/24/2019 11:59:00","402-W","Total_Nitrogen",0.07333,"mg/L",24.63,-81.112,0.791
"4125","...842499","FIU_WQMP","05/23/2019 10:05:00","296-W","Total_Nitrogen",0.16667,"mg/L",24.79152,-81.28908,0.66
"4126","...842502","FIU_WQMP","07/01/2020 16:13:00","290-W","Total_Nitrogen",0.22,"mg/L",24.86267,-81.21623,0.69
"4127","...842538","FIU_WQMP","09/11/2020 12:26:00","220-W","Total_Nitrogen",0.10333,"mg/L",25.11355,-80.37342,0.75
"4128","...842545","FIU_WQMP","07/10/2020 19:32:00","325-W","Total_Nitrogen",0.13,"mg/L",24.54167,-82.1,0.76
"4129","...842552","FIU_WQMP","07/09/2020 12:00:00","252-W","Total_Nitrogen",0.12,"mg/L",24.60693,-81.15442,0.78
"4130","...842567","FIU_WQMP","12/15/2020 13:53:00","319-W","Total_Nitrogen",0.17333,"mg/L",24.629,-82.07133,0.74
"4131","...842576","FIU_WQMP","03/23/2020 13:56:00","284-W","Total_Nitrogen",0.19667,"mg/L",24.87667,-80.95833,0.7
"4132","...842617","FIU_WQMP","11/15/2020 10:15:00","224-W","Total_Nitrogen",0.05946,"mg/L",25.03082,-80.39527,0.78
"4133","...842622","FIU_WQMP","05/30/2019 12:48:00","284-W","Total_Nitrogen",0.48,"mg/L",24.87667,-80.95833,0.88
"4134","...842632","FIU_WQMP","11/16/2020 11:46:00","291-W","Total_Nitrogen",0.04127,"mg/L",24.81682,-81.14678,0.69
"4135","...842640","FIU_WQMP","09/28/2019 15:07:00","","Total_Nitrogen",0.04127,"mg/L",NA,NA,NA
"4136","...842648","FIU_WQMP","11/06/2019 14:49:00","","Total_Nitrogen",0.051,"mg/L",NA,NA,NA
"4137","...842652","FIU_WQMP","03/11/2020 13:22:00","","Total_Nitrogen",0.04127,"mg/L",NA,NA,NA
"4138","...842658","FIU_WQMP","03/26/2020 18:52:00","","Total_Nitrogen",0.04127,"mg/L",NA,NA,NA
"4139","...842659","FIU_WQMP","01/16/2020 13:05:00","216-W","Total_Nitrogen",0.051,"mg/L",25.22,-80.217,0.792
"4140","...842669","FIU_WQMP","09/26/2019 10:11:00","254-W","Total_Nitrogen",0.19,"mg/L",24.65792,-81.26502,0.896
"4141","...842675","FIU_WQMP","03/11/2020 10:50:00","","Total_Nitrogen",0.04127,"mg/L",NA,NA,NA
"4142","...842678","FIU_WQMP","10/28/2020 10:41:00","","Total_Nitrogen",0.04127,"mg/L",NA,NA,NA
"4143","...842690","FIU_WQMP","03/27/2020 09:09:00","","Total_Nitrogen",0.04127,"mg/L",NA,NA,NA
"4144","...842700","FIU_WQMP","01/15/2020 13:00:00","","Total_Nitrogen",0.051,"mg/L",NA,NA,NA
"4145","...842708","FIU_WQMP","01/28/2020 09:20:00","","Total_Nitrogen",0.051,"mg/L",NA,NA,NA
"4146","...842715","FIU_WQMP","03/14/2020 11:00:00","","Total_Nitrogen",0.04127,"mg/L",NA,NA,NA
"4147","...842734","FIU_WQMP","01/16/2020 11:00:00","","Total_Nitrogen",0.051,"mg/L",NA,NA,NA
"4148","...842745","FIU_WQMP","11/08/2019 13:41:00","","Total_Nitrogen",0.051,"mg/L",NA,NA,NA
"4149","...842753","FIU_WQMP","01/14/2020 11:00:00","","Total_Nitrogen",0.051,"mg/L",NA,NA,NA
"4150","...842760","FIU_WQMP","05/30/2019 14:59:00","","Total_Nitrogen",0.0508,"mg/L",NA,NA,NA
"4151","...842773","FIU_WQMP","06/03/2019 14:12:00","","Total_Nitrogen",0.0508,"mg/L",NA,NA,NA
"4152","...842784","FIU_WQMP","03/12/2020 14:33:00","","Total_Nitrogen",0.04127,"mg/L",NA,NA,NA
"4153","...842798","FIU_WQMP","12/11/2019 11:00:00","235-W","Total_Nitrogen",0.113,"mg/L",24.87123,-80.66865,0.675
"4154","...842813","FIU_WQMP","02/25/2019 14:30:00","325-W","Total_Nitrogen",0.1265,"mg/L",24.54167,-82.1,0.83
"4155","...842814","FIU_WQMP","03/26/2020 10:28:00","","Total_Nitrogen",0.04127,"mg/L",NA,NA,NA
"4156","...842819","FIU_WQMP","03/24/2020 15:12:00","","Total_Nitrogen",0.04127,"mg/L",NA,NA,NA
"4157","...842827","FIU_WQMP","01/16/2020 15:20:00","","Total_Nitrogen",0.051,"mg/L",NA,NA,NA
"4158","...842834","FIU_WQMP","03/23/2020 16:02:00","","Total_Nitrogen",0.04127,"mg/L",NA,NA,NA
"4159","...842853","FIU_WQMP","03/16/2020 11:28:00","","Total_Nitrogen",0.04127,"mg/L",NA,NA,NA
"4160","...842859","FIU_WQMP","08/16/2019 14:32:00","","Total_Nitrogen",0.04127,"mg/L",NA,NA,NA
"4161","...842865","FIU_WQMP","03/19/2020 14:08:00","","Total_Nitrogen",0.04127,"mg/L",NA,NA,NA
"4162","...842868","FIU_WQMP","05/07/2019 09:12:00","","Total_Nitrogen",0.0508,"mg/L",NA,NA,NA
"4163","...842890","FIU_WQMP","07/11/2020 09:38:00","","Total_Nitrogen",0.0508,"mg/L",NA,NA,NA
"4164","...842894","FIU_WQMP","05/27/2019 19:17:00","","Total_Nitrogen",0.0508,"mg/L",NA,NA,NA
"4165","...842899","FIU_WQMP","01/28/2020 18:03:00","","Total_Nitrogen",0.051,"mg/L",NA,NA,NA
"4166","...842905","FIU_WQMP","01/15/2020 10:22:00","","Total_Nitrogen",0.051,"mg/L",NA,NA,NA
"4167","...842911","FIU_WQMP","09/19/2020 08:55:00","","Total_Nitrogen",0.04127,"mg/L",NA,NA,NA
"4168","...842930","FIU_WQMP","12/10/2019 12:50:00","","Total_Nitrogen",0.051,"mg/L",NA,NA,NA
"4169","...842936","FIU_WQMP","03/19/2020 16:12:00","","Total_Nitrogen",0.04127,"mg/L",NA,NA,NA
"4170","...842940","FIU_WQMP","08/15/2019 09:50:00","","Total_Nitrogen",0.04127,"mg/L",NA,NA,NA
"4171","...842950","FIU_WQMP","09/25/2019 11:07:00","","Total_Nitrogen",0.04127,"mg/L",NA,NA,NA
"4172","...842954","FIU_WQMP","07/02/2020 10:29:00","","Total_Nitrogen",0.0508,"mg/L",NA,NA,NA
"4173","...842958","FIU_WQMP","05/29/2019 07:44:00","","Total_Nitrogen",0.0508,"mg/L",NA,NA,NA
"4174","...842960","FIU_WQMP","03/14/2020 15:20:00","","Total_Nitrogen",0.04127,"mg/L",NA,NA,NA
"4175","...842963","FIU_WQMP","09/16/2019 15:43:00","","Total_Nitrogen",0.04127,"mg/L",NA,NA,NA
"4176","...842978","FIU_WQMP","03/16/2020 15:38:00","","Total_Nitrogen",0.04127,"mg/L",NA,NA,NA
"4177","...842991","FIU_WQMP","01/29/2020 16:16:00","","Total_Nitrogen",0.051,"mg/L",NA,NA,NA
"4178","...842996","FIU_WQMP","05/07/2019 14:12:00","","Total_Nitrogen",0.0508,"mg/L",NA,NA,NA
"4179","...843002","FIU_WQMP","01/07/2020 10:31:00","","Total_Nitrogen",0.051,"mg/L",NA,NA,NA
"4180","...843009","FIU_WQMP","11/06/2019 11:07:00","","Total_Nitrogen",0.051,"mg/L",NA,NA,NA
"4181","...843029","FIU_WQMP","03/30/2020 15:05:00","","Total_Nitrogen",0.04127,"mg/L",NA,NA,NA
"4182","...843031","FIU_WQMP","09/28/2019 12:09:00","","Total_Nitrogen",0.04127,"mg/L",NA,NA,NA
"4183","...843039","FIU_WQMP","03/30/2020 18:43:00","","Total_Nitrogen",0.04127,"mg/L",NA,NA,NA
"4184","...843047","FIU_WQMP","01/14/2020 14:26:00","","Total_Nitrogen",0.051,"mg/L",NA,NA,NA
"4185","...843060","FIU_WQMP","09/16/2019 13:00:00","","Total_Nitrogen",0.04127,"mg/L",NA,NA,NA
"4186","...843074","FIU_WQMP","09/25/2020 15:35:00","","Total_Nitrogen",0.04127,"mg/L",NA,NA,NA
"4187","...843080","FIU_WQMP","03/27/2020 14:19:00","","Total_Nitrogen",0.04127,"mg/L",NA,NA,NA
"4188","...843091","FIU_WQMP","05/23/2019 14:49:00","","Total_Nitrogen",0.0508,"mg/L",NA,NA,NA
"4189","...843092","FIU_WQMP","09/29/2019 12:10:00","","Total_Nitrogen",0.04127,"mg/L",NA,NA,NA
"4190","...843099","FIU_WQMP","02/06/2019 08:54:00","","Total_Nitrogen",0.05333,"mg/L",NA,NA,NA
"4191","...843100","FIU_WQMP","09/28/2020 10:07:00","","Total_Nitrogen",0.04127,"mg/L",NA,NA,NA
"4192","...843110","FIU_WQMP","09/17/2019 07:10:00","","Total_Nitrogen",0.04127,"mg/L",NA,NA,NA
"4193","...843121","FIU_WQMP","05/06/2019 11:44:00","203-W","Total_Nitrogen",0.13,"mg/L",25.48053,-80.11768,0.84
"4194","...843131","FIU_WQMP","03/23/2020 12:10:00","","Total_Nitrogen",0.04127,"mg/L",NA,NA,NA
"4195","...843141","FIU_WQMP","05/27/2019 12:00:00","","Total_Nitrogen",0.0508,"mg/L",NA,NA,NA
"4196","...843145","FIU_WQMP","03/12/2020 10:11:00","","Total_Nitrogen",0.04127,"mg/L",NA,NA,NA
"4197","...843148","FIU_WQMP","09/27/2019 15:01:00","","Total_Nitrogen",0.04127,"mg/L",NA,NA,NA
"4198","...843150","FIU_WQMP","01/29/2020 08:09:00","","Total_Nitrogen",0.051,"mg/L",NA,NA,NA
"4199","...843157","FIU_WQMP","03/24/2020 11:24:00","","Total_Nitrogen",0.04127,"mg/L",NA,NA,NA
"4200","...843159","FIU_WQMP","10/31/2019 10:41:00","","Total_Nitrogen",0.051,"mg/L",NA,NA,NA
"4201","...843175","FIU_WQMP","09/19/2020 15:50:00","","Total_Nitrogen",0.04127,"mg/L",NA,NA,NA
"4202","...843179","FIU_WQMP","09/25/2019 16:10:00","","Total_Nitrogen",0.04127,"mg/L",NA,NA,NA
"4203","...843184","FIU_WQMP","12/11/2019 10:00:00","","Total_Nitrogen",0.051,"mg/L",NA,NA,NA
"4204","...843185","FIU_WQMP","09/17/2019 16:10:00","","Total_Nitrogen",0.04127,"mg/L",NA,NA,NA
"4205","...843196","FIU_WQMP","08/15/2019 14:25:00","204-W","Total_Nitrogen",0.04127,"mg/L",25.43082,-80.19553,0.791
"4206","...843199","FIU_WQMP","10/27/2020 14:23:00","504-W","Total_Nitrogen",0.19635,"mg/L",24.72254,-81.04338,0.481
"4207","...843200","FIU_WQMP","09/20/2020 14:10:00","246-W","Total_Nitrogen",0.10667,"mg/L",24.71317,-80.85813,0.74
"4208","...843213","FIU_WQMP","09/29/2019 15:47:00","","Total_Nitrogen",0.04127,"mg/L",NA,NA,NA
"4209","...843223","FIU_WQMP","01/07/2020 14:20:00","","Total_Nitrogen",0.051,"mg/L",NA,NA,NA
"4210","...843226","FIU_WQMP","09/20/2020 11:05:00","","Total_Nitrogen",0.04127,"mg/L",NA,NA,NA
"4211","...843227","FIU_WQMP","09/11/2020 15:55:00","","Total_Nitrogen",0.04127,"mg/L",NA,NA,NA
"4212","...843247","FIU_WQMP","07/14/2020 12:47:00","217-W","Total_Nitrogen",0.18,"mg/L",25.17332,-80.33985,0.71
"4213","...843281","FIU_WQMP","12/13/2020 09:48:00","242-W","Total_Nitrogen",0.24,"mg/L",24.7915,-80.81225,0.67
"4214","...843289","FIU_WQMP","07/09/2020 13:47:00","267-W","Total_Nitrogen",0.11,"mg/L",24.53008,-81.4873,0.75
"4215","...843290","FIU_WQMP","11/06/2019 11:21:00","201-W","Total_Nitrogen",0.08,"mg/L",25.51,-80.165,0.712
"4216","...843291","FIU_WQMP","09/26/2019 10:00:00","","Total_Nitrogen",0.04127,"mg/L",NA,NA,NA
"4217","...843302","FIU_WQMP","02/21/2019 13:14:00","507-W","Total_Nitrogen",0.26653,"mg/L",24.69309,-81.35463,0.66
"4218","...843309","FIU_WQMP","07/10/2020 11:43:00","332-W","Total_Nitrogen",0.11667,"mg/L",24.5355,-82.36733,0.67
"4219","...843312","FIU_WQMP","03/26/2020 13:15:00","337-W","Total_Nitrogen",0.09333,"mg/L",24.59133,-82.58783,0.68
"4220","...843327","FIU_WQMP","07/09/2020 09:07:00","239-W","Total_Nitrogen",0.11333,"mg/L",24.80223,-80.7162,0.69
"4221","...843333","FIU_WQMP","09/20/2020 14:53:00","","Total_Nitrogen",0.04127,"mg/L",NA,NA,NA
"4222","...843334","FIU_WQMP","12/11/2019 13:15:00","","Total_Nitrogen",0.051,"mg/L",NA,NA,NA
"4223","...843340","FIU_WQMP","09/24/2019 10:00:00","","Total_Nitrogen",0.04127,"mg/L",NA,NA,NA
"4224","...843352","FIU_WQMP","10/11/2020 09:11:00","","Total_Nitrogen",0.06667,"mg/L",NA,NA,NA
"4225","...843360","FIU_WQMP","07/14/2020 16:06:00","","Total_Nitrogen",0.0508,"mg/L",NA,NA,NA
"4226","...843363","FIU_WQMP","07/01/2020 14:53:00","","Total_Nitrogen",0.0508,"mg/L",NA,NA,NA
"4227","...843367","FIU_WQMP","02/15/2021 17:24:00","","Total_Nitrogen",0.04127,"mg/L",NA,NA,NA
"4228","...843371","FIU_WQMP","11/14/2020 10:13:00","500-W","Total_Nitrogen",0.15087,"mg/L",25.08535,-80.43346,0.73
"4229","...843381","FIU_WQMP","11/15/2020 16:51:00","","Total_Nitrogen",0.04127,"mg/L",NA,NA,NA
"4230","...843383","FIU_WQMP","05/31/2019 16:04:00","","Total_Nitrogen",0.0508,"mg/L",NA,NA,NA
"4231","...843384","FIU_WQMP","09/28/2019 14:47:00","508-W","Total_Nitrogen",0.21,"mg/L",24.57375,-81.76014,0.778
"4232","...843392","FIU_WQMP","02/05/2019 14:38:00","","Total_Nitrogen",0.0508,"mg/L",NA,NA,NA
"4233","...843410","FIU_WQMP","07/01/2020 17:57:00","","Total_Nitrogen",0.0508,"mg/L",NA,NA,NA
"4234","...843418","FIU_WQMP","11/16/2020 13:27:00","","Total_Nitrogen",0.04127,"mg/L",NA,NA,NA
"4235","...843421","FIU_WQMP","11/14/2020 08:06:00","","Total_Nitrogen",0.04127,"mg/L",NA,NA,NA
"4236","...843425","FIU_WQMP","09/25/2019 15:07:00","401-W","Total_Nitrogen",0.12333,"mg/L",24.853,-80.622,0.698
"4237","...843430","FIU_WQMP","02/28/2019 11:53:00","","Total_Nitrogen",0.0508,"mg/L",NA,NA,NA
"4238","...843431","FIU_WQMP","03/01/2019 13:07:00","","Total_Nitrogen",0.0508,"mg/L",NA,NA,NA
"4239","...843434","FIU_WQMP","02/15/2019 15:03:00","","Total_Nitrogen",0.0508,"mg/L",NA,NA,NA
"4240","...843445","FIU_WQMP","02/15/2021 15:31:00","","Total_Nitrogen",0.04127,"mg/L",NA,NA,NA
"4241","...843474","FIU_WQMP","10/28/2020 09:34:00","","Total_Nitrogen",0.04127,"mg/L",NA,NA,NA
"4242","...843499","FIU_WQMP","02/15/2019 10:50:00","242-W","Total_Nitrogen",0.15333,"mg/L",24.7915,-80.81225,0.67
"4243","...843503","FIU_WQMP","02/04/2019 15:00:00","","Total_Nitrogen",0.0508,"mg/L",NA,NA,NA
"4244","...843517","FIU_WQMP","03/24/2021 09:30:00","","Total_Nitrogen",0.04127,"mg/L",NA,NA,NA
"4245","...843521","FIU_WQMP","02/15/2019 09:30:00","","Total_Nitrogen",0.0508,"mg/L",NA,NA,NA
"4246","...843532","FIU_WQMP","02/17/2021 14:06:00","229-W","Total_Nitrogen",0.22667,"mg/L",24.95012,-80.56218,0.7
"4247","...843534","FIU_WQMP","02/25/2019 15:49:00","","Total_Nitrogen",0.06079,"mg/L",NA,NA,NA
"4248","...843543","FIU_WQMP","11/16/2020 09:45:00","","Total_Nitrogen",0.04127,"mg/L",NA,NA,NA
"4249","...843556","FIU_WQMP","05/29/2019 13:25:00","","Total_Nitrogen",0.0508,"mg/L",NA,NA,NA
"4250","...843563","FIU_WQMP","12/16/2020 09:23:00","","Total_Nitrogen",0.04127,"mg/L",NA,NA,NA
"4251","...843565","FIU_WQMP","05/06/2019 09:10:00","","Total_Nitrogen",0.0508,"mg/L",NA,NA,NA
"4252","...843576","FIU_WQMP","02/07/2019 13:53:00","","Total_Nitrogen",0.0508,"mg/L",NA,NA,NA
"4253","...843581","FIU_WQMP","02/28/2019 09:00:00","","Total_Nitrogen",0.0508,"mg/L",NA,NA,NA
"4254","...843592","FIU_WQMP","06/15/2020 14:06:00","","Total_Nitrogen",0.0508,"mg/L",NA,NA,NA
"4255","...843597","FIU_WQMP","09/15/2020 11:13:00","","Total_Nitrogen",0.04127,"mg/L",NA,NA,NA
"4256","...843600","FIU_WQMP","03/23/2021 17:26:00","","Total_Nitrogen",0.04127,"mg/L",NA,NA,NA
"4257","...843612","FIU_WQMP","10/27/2020 14:39:00","","Total_Nitrogen",0.04127,"mg/L",NA,NA,NA
"4258","...843625","FIU_WQMP","09/25/2020 11:12:00","","Total_Nitrogen",0.04127,"mg/L",NA,NA,NA
"4259","...843646","FIU_WQMP","07/15/2020 12:02:00","","Total_Nitrogen",0.0508,"mg/L",NA,NA,NA
"4260","...843657","FIU_WQMP","07/11/2020 15:55:00","","Total_Nitrogen",0.0508,"mg/L",NA,NA,NA
"4261","...843668","FIU_WQMP","09/15/2020 11:29:00","","Total_Nitrogen",0.09,"mg/L",NA,NA,NA
"4262","...843673","FIU_WQMP","03/23/2021 11:12:00","","Total_Nitrogen",0.04127,"mg/L",NA,NA,NA
"4263","...843684","FIU_WQMP","05/31/2019 14:20:00","","Total_Nitrogen",0.0508,"mg/L",NA,NA,NA
"4264","...843690","FIU_WQMP","05/22/2019 15:08:00","","Total_Nitrogen",0.0508,"mg/L",NA,NA,NA
"4265","...843696","FIU_WQMP","03/22/2021 14:10:00","","Total_Nitrogen",0.04127,"mg/L",NA,NA,NA
"4266","...843705","FIU_WQMP","05/30/2019 11:30:00","","Total_Nitrogen",0.0508,"mg/L",NA,NA,NA
"4267","...843714","FIU_WQMP","07/10/2020 20:05:00","","Total_Nitrogen",0.0508,"mg/L",NA,NA,NA
"4268","...843732","FIU_WQMP","07/16/2020 14:06:00","","Total_Nitrogen",0.0508,"mg/L",NA,NA,NA
"4269","...843737","FIU_WQMP","07/14/2020 10:44:00","","Total_Nitrogen",0.0508,"mg/L",NA,NA,NA
"4270","...843742","FIU_WQMP","02/21/2019 13:28:00","","Total_Nitrogen",0.06567,"mg/L",NA,NA,NA
"4271","...843774","FIU_WQMP","11/14/2020 13:55:00","","Total_Nitrogen",0.04127,"mg/L",NA,NA,NA
"4272","...843782","FIU_WQMP","07/09/2020 09:01:00","","Total_Nitrogen",0.0508,"mg/L",NA,NA,NA
"4273","...843784","FIU_WQMP","02/25/2019 08:15:00","","Total_Nitrogen",0.06234,"mg/L",NA,NA,NA
"4274","...843786","FIU_WQMP","02/04/2019 11:40:00","","Total_Nitrogen",0.0508,"mg/L",NA,NA,NA
"4275","...843789","FIU_WQMP","02/19/2019 13:08:00","","Total_Nitrogen",0.06667,"mg/L",NA,NA,NA
"4276","...843796","FIU_WQMP","03/01/2019 08:40:00","","Total_Nitrogen",0.0508,"mg/L",NA,NA,NA
"4277","...843816","FIU_WQMP","02/25/2021 16:16:00","","Total_Nitrogen",0.04127,"mg/L",NA,NA,NA
"4278","...843818","FIU_WQMP","02/09/2021 10:35:00","","Total_Nitrogen",0.04127,"mg/L",NA,NA,NA
"4279","...843819","FIU_WQMP","02/08/2021 08:50:00","","Total_Nitrogen",0.04127,"mg/L",NA,NA,NA
"4280","...843826","FIU_WQMP","02/15/2021 09:45:00","","Total_Nitrogen",0.04127,"mg/L",NA,NA,NA
"4281","...843834","FIU_WQMP","09/28/2020 12:57:00","","Total_Nitrogen",0.04127,"mg/L",NA,NA,NA
"4282","...843849","FIU_WQMP","12/14/2020 10:45:00","","Total_Nitrogen",0.04127,"mg/L",NA,NA,NA
"4283","...843851","FIU_WQMP","06/03/2019 08:40:00","","Total_Nitrogen",0.0508,"mg/L",NA,NA,NA
"4284","...843855","FIU_WQMP","03/02/2021 11:25:00","","Total_Nitrogen",0.04127,"mg/L",NA,NA,NA
"4285","...843860","FIU_WQMP","05/06/2019 13:41:00","","Total_Nitrogen",0.06,"mg/L",NA,NA,NA
"4286","...843865","FIU_WQMP","05/22/2019 09:25:00","","Total_Nitrogen",0.0508,"mg/L",NA,NA,NA
"4287","...843868","FIU_WQMP","10/12/2020 08:01:00","","Total_Nitrogen",0.04667,"mg/L",NA,NA,NA
"4288","...843869","FIU_WQMP","02/05/2019 10:02:00","","Total_Nitrogen",0.0508,"mg/L",NA,NA,NA
"4289","...843889","FIU_WQMP","09/14/2020 08:31:00","","Total_Nitrogen",0.04127,"mg/L",NA,NA,NA
"4290","...843890","FIU_WQMP","02/08/2021 15:09:00","","Total_Nitrogen",0.04127,"mg/L",NA,NA,NA
"4291","...843894","FIU_WQMP","05/23/2019 10:00:00","","Total_Nitrogen",0.0508,"mg/L",NA,NA,NA
"4292","...843912","FIU_WQMP","02/15/2021 09:01:00","","Total_Nitrogen",0.04127,"mg/L",NA,NA,NA
"4293","...843918","FIU_WQMP","10/12/2020 15:12:00","","Total_Nitrogen",0.04127,"mg/L",NA,NA,NA
"4294","...843925","FIU_WQMP","11/15/2020 08:07:00","","Total_Nitrogen",0.05749,"mg/L",NA,NA,NA
"4295","...843935","FIU_WQMP","02/09/2021 14:01:00","","Total_Nitrogen",0.04127,"mg/L",NA,NA,NA
"4296","...843937","FIU_WQMP","10/11/2020 15:52:00","","Total_Nitrogen",0.04127,"mg/L",NA,NA,NA
"4297","...843963","FIU_WQMP","12/11/2020 11:29:00","","Total_Nitrogen",0.04127,"mg/L",NA,NA,NA
"4298","...843968","FIU_WQMP","09/11/2020 09:38:00","","Total_Nitrogen",0.04127,"mg/L",NA,NA,NA
"4299","...843989","FIU_WQMP","12/14/2020 15:23:00","","Total_Nitrogen",0.04127,"mg/L",NA,NA,NA
"4300","...843993","FIU_WQMP","11/13/2020 08:35:00","","Total_Nitrogen",0.04127,"mg/L",NA,NA,NA
"4301","...843999","FIU_WQMP","09/19/2020 13:20:00","400-W","Total_Nitrogen",0.09333,"mg/L",25.1073,-80.3064,0.67
"4302","...844006","FIU_WQMP","06/15/2020 09:21:00","","Total_Nitrogen",0.0508,"mg/L",NA,NA,NA
"4303","...844011","FIU_WQMP","07/07/2020 14:08:00","","Total_Nitrogen",0.0508,"mg/L",NA,NA,NA
"4304","...844021","FIU_WQMP","12/11/2020 11:13:00","","Total_Nitrogen",0.04127,"mg/L",NA,NA,NA
"4305","...844025","FIU_WQMP","03/24/2021 13:42:00","","Total_Nitrogen",0.04127,"mg/L",NA,NA,NA
"4306","...844032","FIU_WQMP","03/02/2021 09:18:00","","Total_Nitrogen",0.04127,"mg/L",NA,NA,NA
"4307","...844042","FIU_WQMP","11/13/2020 14:46:00","","Total_Nitrogen",0.04127,"mg/L",NA,NA,NA
"4308","...844053","FIU_WQMP","03/14/2020 11:41:00","400-W","Total_Nitrogen",0.09333,"mg/L",25.1073,-80.3064,0.72
"4309","...844060","FIU_WQMP","07/16/2020 09:58:00","","Total_Nitrogen",0.0508,"mg/L",NA,NA,NA
"4310","...844072","FIU_WQMP","09/17/2020 10:27:00","","Total_Nitrogen",0.04127,"mg/L",NA,NA,NA
"4311","...844078","FIU_WQMP","07/15/2020 15:11:00","","Total_Nitrogen",0.0508,"mg/L",NA,NA,NA
"4312","...844080","FIU_WQMP","03/04/2019 10:47:00","","Total_Nitrogen",0.07241,"mg/L",NA,NA,NA
"4313","...844082","FIU_WQMP","02/07/2019 09:52:00","","Total_Nitrogen",0.0508,"mg/L",NA,NA,NA
"4314","...844090","FIU_WQMP","02/25/2021 09:09:00","","Total_Nitrogen",0.04127,"mg/L",NA,NA,NA
"4315","...844104","FIU_WQMP","12/13/2020 14:57:00","","Total_Nitrogen",0.04127,"mg/L",NA,NA,NA
"4316","...844111","FIU_WQMP","05/30/2019 13:39:00","290-W","Total_Nitrogen",0.16667,"mg/L",24.86267,-81.21623,0.83
"4317","...844113","FIU_WQMP","07/07/2020 10:27:00","","Total_Nitrogen",0.0508,"mg/L",NA,NA,NA
"4318","...844125","FIU_WQMP","07/10/2020 08:01:00","","Total_Nitrogen",0.0508,"mg/L",NA,NA,NA
"4319","...844130","FIU_WQMP","03/12/2020 14:30:00","503-W","Total_Nitrogen",0.22333,"mg/L",24.9205,-80.63477,0.8
"4320","...844140","FIU_WQMP","10/27/2020 10:22:00","","Total_Nitrogen",0.10078,"mg/L",NA,NA,NA
"4321","...844146","FIU_WQMP","02/04/2019 13:29:00","222-W","Total_Nitrogen",0.11333,"mg/L",25.07237,-80.31277,0.74
"4322","...844156","FIU_WQMP","07/09/2020 16:33:00","","Total_Nitrogen",0.0508,"mg/L",NA,NA,NA
"4323","...844158","FIU_WQMP","07/02/2020 17:02:00","","Total_Nitrogen",0.0508,"mg/L",NA,NA,NA
"4324","...844159","FIU_WQMP","01/29/2020 12:03:00","253-W","Total_Nitrogen",0.147,"mg/L",24.64537,-81.30723,0.722
"4325","...844178","FIU_WQMP","09/14/2020 10:55:00","","Total_Nitrogen",0.04127,"mg/L",NA,NA,NA
"4326","...844184","FIU_WQMP","09/28/2019 12:58:00","310-W","Total_Nitrogen",0.17333,"mg/L",24.65752,-81.63265,0.685
"4327","...844191","FIU_WQMP","03/22/2021 18:53:00","","Total_Nitrogen",0.04127,"mg/L",NA,NA,NA
"4328","...844197","FIU_WQMP","11/16/2020 12:03:00","294-W","Total_Nitrogen",0.04865,"mg/L",24.7555,-81.17218,0.69
"4329","...844201","FIU_WQMP","09/17/2020 10:07:00","","Total_Nitrogen",0.04127,"mg/L",NA,NA,NA
"4330","...844219","FIU_WQMP","12/13/2020 09:13:00","","Total_Nitrogen",0.04127,"mg/L",NA,NA,NA
"4331","...844264","FIU_WQMP","12/16/2020 13:35:00","310-W","Total_Nitrogen",0.16845,"mg/L",24.65752,-81.63265,0.69
"4332","...844267","FIU_WQMP","09/25/2019 13:19:00","224-W","Total_Nitrogen",0.11333,"mg/L",25.03082,-80.39527,0.751
"4333","...844274","FIU_WQMP","02/09/2021 12:14:00","312-W","Total_Nitrogen",0.185,"mg/L",24.65978,-81.76343,0.66
"4334","...844298","FIU_WQMP","03/16/2020 14:39:00","210-W","Total_Nitrogen",0.08333,"mg/L",25.325,-80.1636,0.78
"4335","...844304","FIU_WQMP","09/17/2019 08:21:00","325-W","Total_Nitrogen",0.16,"mg/L",24.54167,-82.1,0.685
"4336","...844312","FIU_WQMP","11/13/2020 10:38:00","207-W","Total_Nitrogen",0.19083,"mg/L",25.36443,-80.21508,0.7
"4337","...844320","FIU_WQMP","07/02/2020 14:50:00","200-W","Total_Nitrogen",0.11333,"mg/L",25.59,-80.1,0.69
"4338","...844321","FIU_WQMP","09/27/2019 11:41:00","296-W","Total_Nitrogen",0.24333,"mg/L",24.79152,-81.28908,0.817
"4339","...844339","FIU_WQMP","02/15/2019 12:33:00","249-W","Total_Nitrogen",0.63333,"mg/L",24.675,-80.9583,0.73
"4340","...844354","FIU_WQMP","07/09/2020 15:09:00","270-W","Total_Nitrogen",0.12667,"mg/L",24.52162,-81.56432,0.94
"4341","...844361","FIU_WQMP","02/19/2019 12:53:00","310-W","Total_Nitrogen",0.24667,"mg/L",24.65752,-81.63265,0.67
"4342","...844377","FIU_WQMP","06/08/2018 13:34:00","241-W","Total_Nitrogen",0.36967,"mg/L",24.80247,-80.8089,0.65
"4343","...844386","FIU_WQMP","04/23/2018 13:39:00","217-W","Total_Nitrogen",0.12456,"mg/L",25.17332,-80.33985,0.85
"4344","...844387","FIU_WQMP","05/08/2018 13:47:00","224-W","Total_Nitrogen",0.17724,"mg/L",25.03082,-80.39527,0.68
"4345","...844388","FIU_WQMP","03/21/2018 10:33:00","248-W","Total_Nitrogen",0.15636,"mg/L",24.69167,-80.96667,0.73
"4346","...844394","FIU_WQMP","04/04/2018 08:47:00","281-W","Total_Nitrogen",0.15,"mg/L",24.495,-81.89167,0.71
"4347","...844397","FIU_WQMP","04/04/2018 12:49:00","337-W","Total_Nitrogen",0.07676,"mg/L",24.59133,-82.58783,0.72
"4348","...844399","FIU_WQMP","02/27/2018 13:18:00","292-W","Total_Nitrogen",0.25,"mg/L",24.76312,-81.11248,0.65
"4349","...844409","FIU_WQMP","02/14/2018 11:58:00","310-W","Total_Nitrogen",0.23248,"mg/L",24.65752,-81.63265,0.74
"4350","...844412","FIU_WQMP","02/07/2018 09:39:00","214-W","Total_Nitrogen",0.12448,"mg/L",25.2462,-80.29918,0.67
"4351","...844428","FIU_WQMP","06/10/2018 11:53:00","310-W","Total_Nitrogen",0.26016,"mg/L",24.65752,-81.63265,0.66
"4352","...844432","FIU_WQMP","05/16/2018 10:03:00","273-W","Total_Nitrogen",0.15544,"mg/L",24.4929,-81.6571,0.67
"4353","...844441","FIU_WQMP","06/16/2021 10:41:00","280-W","Total_Nitrogen",0.19667,"mg/L",24.45363,-81.84365,0.67
"4354","...844442","FIU_WQMP","06/22/2021 15:45:00","282-W","Total_Nitrogen",0.27333,"mg/L",24.86667,-80.885,0.67
"4355","...844445","FIU_WQMP","06/15/2021 10:50:00","322-W","Total_Nitrogen",0.15,"mg/L",24.45833,-81.98167,0.66
"4356","...844454","FIU_WQMP","11/14/2018 10:12:00","503-W","Total_Nitrogen",0.32,"mg/L",24.9205,-80.63477,0.66
"4357","...844505","FIU_WQMP","09/10/2018 10:28:00","213-W","Total_Nitrogen",0.28202,"mg/L",25.26312,-80.18773,0.75
"4358","...844509","FIU_WQMP","09/10/2018 12:10:00","200-W","Total_Nitrogen",0.15825,"mg/L",25.59,-80.1,0.67
"4359","...844514","FIU_WQMP","09/12/2018 12:56:00","252-W","Total_Nitrogen",0.10454,"mg/L",24.60693,-81.15442,0.65
"4360","...844534","FIU_WQMP","09/17/2018 14:57:00","507-W","Total_Nitrogen",0.61813,"mg/L",24.69309,-81.35463,0.67
"4361","...844550","FIU_WQMP","04/23/2018 11:05:00","223-W","Total_Nitrogen",0.10862,"mg/L",25.06018,-80.42312,0.74
"4362","...844564","FIU_WQMP","03/28/2018 08:18:00","295-W","Total_Nitrogen",0.37667,"mg/L",24.85163,-81.35123,0.69
"4363","...844576","FIU_WQMP","04/26/2018 13:21:00","290-W","Total_Nitrogen",0.20799,"mg/L",24.86267,-81.21623,0.67
"4364","...844584","FIU_WQMP","04/23/2018 11:21:00","500-W","Total_Nitrogen",0.20123,"mg/L",25.08535,-80.43346,0.72
"4365","...844591","FIU_WQMP","12/05/2018 12:06:00","312-W","Total_Nitrogen",0.17,"mg/L",24.65978,-81.76343,0.7
"4366","...844596","FIU_WQMP","06/22/2021 15:28:00","285-W","Total_Nitrogen",0.20667,"mg/L",24.80998,-80.92028,0.7
"4367","...844602","FIU_WQMP","12/04/2018 13:04:00","271-W","Total_Nitrogen",0.11667,"mg/L",24.55667,-81.66667,0.76
"4368","...844684","FIU_WQMP","09/10/2018 10:52:00","210-W","Total_Nitrogen",0.19112,"mg/L",25.325,-80.1636,0.73
"4369","...844701","FIU_WQMP","03/20/2018 15:56:00","255-W","Total_Nitrogen",0.14712,"mg/L",24.62168,-81.24308,0.65
"4370","...844709","FIU_WQMP","04/04/2018 10:38:00","328-W","Total_Nitrogen",0.11755,"mg/L",24.454,-82.224,0.66
"4371","...844724","FIU_WQMP","02/07/2018 10:14:00","212-W","Total_Nitrogen",0.08731,"mg/L",25.29452,-80.24542,0.67
"4372","...844738","FIU_WQMP","06/16/2021 14:33:00","504-W","Total_Nitrogen",0.23,"mg/L",24.72254,-81.04338,0.69
"4373","...844814","FIU_WQMP","09/18/2018 09:59:00","310-W","Total_Nitrogen",0.40269,"mg/L",24.65752,-81.63265,0.67
"4374","...844824","FIU_WQMP","09/12/2018 09:25:00","237-W","Total_Nitrogen",0.09174,"mg/L",24.83265,-80.64907,0.7
"4375","...844828","FIU_WQMP","09/19/2018 12:04:00","335-W","Total_Nitrogen",0.14417,"mg/L",24.46083,-82.38317,0.66
"4376","...844833","FIU_WQMP","09/17/2018 12:19:00","305-W","Total_Nitrogen",0.25535,"mg/L",24.76852,-81.555,0.71
"4377","...844839","FIU_WQMP","03/26/2018 13:10:00","275-W","Total_Nitrogen",0.24333,"mg/L",24.52143,-81.74422,0.79
"4378","...844848","FIU_WQMP","02/27/2018 13:51:00","285-W","Total_Nitrogen",0.15667,"mg/L",24.80998,-80.92028,0.65
"4379","...844853","FIU_WQMP","02/28/2018 09:41:00","235-W","Total_Nitrogen",0.18667,"mg/L",24.87123,-80.66865,0.72
"4380","...844856","FIU_WQMP","02/28/2018 12:29:00","242-W","Total_Nitrogen",0.13,"mg/L",24.7915,-80.81225,0.7
"4381","...844860","FIU_WQMP","04/26/2018 13:44:00","294-W","Total_Nitrogen",0.17978,"mg/L",24.7555,-81.17218,0.66
"4382","...844870","FIU_WQMP","06/16/2021 12:19:00","267-W","Total_Nitrogen",0.07667,"mg/L",24.53008,-81.4873,0.74
"4383","...844873","FIU_WQMP","06/22/2021 14:43:00","292-W","Total_Nitrogen",0.17333,"mg/L",24.76312,-81.11248,0.65
"4384","...844874","FIU_WQMP","06/22/2021 13:51:00","294-W","Total_Nitrogen",0.21667,"mg/L",24.7555,-81.17218,0.74
"4385","...844875","FIU_WQMP","06/15/2021 11:25:00","325-W","Total_Nitrogen",0.17,"mg/L",24.54167,-82.1,0.66
"4386","...844876","FIU_WQMP","06/15/2021 15:00:00","330-W","Total_Nitrogen",0.14,"mg/L",24.66533,-82.374,0.66
"4387","...844877","FIU_WQMP","11/29/2018 12:04:00","260-W","Total_Nitrogen",0.13667,"mg/L",24.6255,-81.41662,0.67
"4388","...844935","FIU_WQMP","09/13/2018 10:31:00","259-W","Total_Nitrogen",0.1888,"mg/L",24.57037,-81.32167,0.67
"4389","...844944","FIU_WQMP","09/12/2018 14:07:00","504-W","Total_Nitrogen",0.27776,"mg/L",24.72254,-81.04338,0.65
"4390","...844956","FIU_WQMP","09/13/2018 09:22:00","254-W","Total_Nitrogen",0.21771,"mg/L",24.65792,-81.26502,0.67
"4391","...844959","FIU_WQMP","09/25/2018 12:12:00","275-W","Total_Nitrogen",0.20192,"mg/L",24.52143,-81.74422,0.69
"4392","...844966","FIU_WQMP","09/19/2018 12:28:00","332-W","Total_Nitrogen",0.17852,"mg/L",24.5355,-82.36733,0.7
"4393","...844995","FIU_WQMP","05/09/2018 11:58:00","295-W","Total_Nitrogen",0.1151,"mg/L",24.85163,-81.35123,0.74
"4394","...844999","FIU_WQMP","05/09/2018 14:14:00","314-W","Total_Nitrogen",0.18758,"mg/L",24.75043,-81.43578,0.68
"4395","...845083","FIU_WQMP","04/27/2018 10:22:00","215-W","Total_Nitrogen",0.14848,"mg/L",25.23667,-80.28897,0.65
"4396","...845087","FIU_WQMP","02/09/2018 10:33:00","229-W","Total_Nitrogen",0.21889,"mg/L",24.95012,-80.56218,0.74
"4397","...845094","FIU_WQMP","03/20/2018 13:58:00","267-W","Total_Nitrogen",0.1282,"mg/L",24.53008,-81.4873,0.76
"4398","...845109","FIU_WQMP","06/14/2021 12:17:00","249-W","Total_Nitrogen",0.08333,"mg/L",24.675,-80.9583,0.69
"4399","...845111","FIU_WQMP","11/29/2018 10:30:00","267-W","Total_Nitrogen",0.04333,"mg/L",24.53008,-81.4873,0.7
"4400","...845112","FIU_WQMP","06/26/2021 11:13:00","211-W","Total_Nitrogen",0.12,"mg/L",25.30788,-80.26165,0.69
"4401","...845113","FIU_WQMP","06/26/2021 11:48:00","214-W","Total_Nitrogen",0.10333,"mg/L",25.2462,-80.29918,0.69
"4402","...845114","FIU_WQMP","06/26/2021 11:56:00","215-W","Total_Nitrogen",0.09333,"mg/L",25.23667,-80.28897,0.66
"4403","...845143","FIU_WQMP","08/14/2018 11:08:00","220-W","Total_Nitrogen",0.13698,"mg/L",25.11355,-80.37342,0.77
"4404","...845169","FIU_WQMP","04/25/2018 12:56:00","238-W","Total_Nitrogen",0.16104,"mg/L",24.83442,-80.74683,0.67
"4405","...845176","FIU_WQMP","09/13/2018 11:21:00","267-W","Total_Nitrogen",0.17823,"mg/L",24.53008,-81.4873,0.73
"4406","...845179","FIU_WQMP","06/08/2018 13:15:00","244-W","Total_Nitrogen",0.23698,"mg/L",24.79333,-80.86333,0.69
"4407","...845184","FIU_WQMP","02/07/2018 08:24:00","220-W","Total_Nitrogen",0.10877,"mg/L",25.11355,-80.37342,0.67
"4408","...845189","FIU_WQMP","02/09/2018 10:57:00","502-W","Total_Nitrogen",0.1933,"mg/L",24.9265,-80.62067,0.65
"4409","...845200","FIU_WQMP","02/14/2018 13:04:00","312-W","Total_Nitrogen",0.16346,"mg/L",24.65978,-81.76343,0.72
"4410","...845203","FIU_WQMP","06/10/2018 12:48:00","315-W","Total_Nitrogen",0.10054,"mg/L",24.63325,-81.82827,0.67
"4411","...845205","FIU_WQMP","04/25/2018 13:42:00","503-W","Total_Nitrogen",0.25044,"mg/L",24.9205,-80.63477,0.65
"4412","...845218","FIU_WQMP","12/05/2018 12:44:00","316-W","Total_Nitrogen",0.12333,"mg/L",24.58577,-81.8024,0.73
"4413","...845220","FIU_WQMP","06/29/2021 09:47:00","295-W","Total_Nitrogen",0.21333,"mg/L",24.85163,-81.35123,0.69
"4414","...845221","FIU_WQMP","06/29/2021 10:40:00","305-W","Total_Nitrogen",0.16667,"mg/L",24.76852,-81.555,0.67
"4415","...845222","FIU_WQMP","06/29/2021 10:54:00","307-W","Total_Nitrogen",0.22333,"mg/L",24.72503,-81.52052,0.73
"4416","...845223","FIU_WQMP","06/22/2021 12:13:00","231-W","Total_Nitrogen",0.04127,"mg/L",24.925,-80.503,0.73
"4417","...845266","FIU_WQMP","09/10/2018 08:05:00","501-W","Total_Nitrogen",0.66279,"mg/L",25.11053,-80.43421,0.66
"4418","...845281","FIU_WQMP","09/12/2018 17:14:00","502-W","Total_Nitrogen",0.15892,"mg/L",24.9265,-80.62067,0.68
"4419","...845284","FIU_WQMP","06/09/2018 16:44:00","259-W","Total_Nitrogen",0.11034,"mg/L",24.57037,-81.32167,0.71
"4420","...845294","FIU_WQMP","06/09/2018 14:37:00","248-W","Total_Nitrogen",0.14593,"mg/L",24.69167,-80.96667,0.66
"4421","...845305","FIU_WQMP","02/07/2018 12:08:00","225-W","Total_Nitrogen",0.07231,"mg/L",25.017,-80.3674,0.77
"4422","...845327","FIU_WQMP","05/09/2018 14:50:00","301-W","Total_Nitrogen",0.13705,"mg/L",24.77258,-81.39665,0.67
"4423","...845338","FIU_WQMP","12/07/2018 11:34:00","302-W","Total_Nitrogen",0.19333,"mg/L",24.80128,-81.48227,0.74
"4424","...845348","FIU_WQMP","12/04/2018 12:09:00","276-W","Total_Nitrogen",0.13,"mg/L",24.47538,-81.73742,0.73
"4425","...845351","FIU_WQMP","11/15/2018 09:43:00","287-W","Total_Nitrogen",0.21667,"mg/L",24.84667,-81.00833,0.69
"4426","...845428","FIU_WQMP","09/11/2018 12:18:00","264-W","Total_Nitrogen",0.078,"mg/L",24.94677,-80.45947,0.71
"4427","...845449","FIU_WQMP","09/19/2018 13:01:00","333-W","Total_Nitrogen",0.2582,"mg/L",24.57717,-82.49133,0.68
"4428","...845457","FIU_WQMP","09/13/2018 12:59:00","260-W","Total_Nitrogen",0.17865,"mg/L",24.6255,-81.41662,0.67
"4429","...845461","FIU_WQMP","03/26/2018 16:09:00","278-W","Total_Nitrogen",0.15,"mg/L",24.49862,-81.81895,0.67
"4430","...845465","FIU_WQMP","02/27/2018 13:34:00","289-W","Total_Nitrogen",0.2033,"mg/L",24.77775,-81.033,0.66
"4431","...845471","FIU_WQMP","02/28/2018 13:00:00","238-W","Total_Nitrogen",0.12667,"mg/L",24.83442,-80.74683,0.66
"4432","...845474","FIU_WQMP","02/07/2018 10:37:00","216-W","Total_Nitrogen",0.06601,"mg/L",25.22,-80.217,0.66
"4433","...845484","FIU_WQMP","06/08/2018 10:56:00","401-W","Total_Nitrogen",0.21556,"mg/L",24.853,-80.622,0.67
"4434","...845495","FIU_WQMP","02/27/2018 13:05:00","505-W","Total_Nitrogen",0.18667,"mg/L",24.71208,-81.10071,0.66
"4435","...845502","FIU_WQMP","11/15/2018 10:03:00","288-W","Total_Nitrogen",0.21333,"mg/L",24.88333,-81.08333,0.73
"4436","...845545","FIU_WQMP","08/14/2018 12:31:00","226-W","Total_Nitrogen",0.13107,"mg/L",25.0084,-80.50148,0.68
"4437","...845553","FIU_WQMP","09/12/2018 17:39:00","503-W","Total_Nitrogen",0.36287,"mg/L",24.9205,-80.63477,0.66
"4438","...845567","FIU_WQMP","04/27/2018 12:21:00","222-W","Total_Nitrogen",0.07203,"mg/L",25.07237,-80.31277,0.67
"4439","...845570","FIU_WQMP","05/16/2018 08:24:00","278-W","Total_Nitrogen",0.15703,"mg/L",24.49862,-81.81895,0.68
"4440","...845573","FIU_WQMP","04/23/2018 10:39:00","227-W","Total_Nitrogen",0.10464,"mg/L",25.00167,-80.4749,0.79
"4441","...845586","FIU_WQMP","03/26/2018 13:45:00","271-W","Total_Nitrogen",0.20667,"mg/L",24.55667,-81.66667,0.77
"4442","...845597","FIU_WQMP","04/04/2018 12:15:00","333-W","Total_Nitrogen",0.08756,"mg/L",24.57717,-82.49133,0.66
"4443","...845603","FIU_WQMP","03/20/2018 12:25:00","266-W","Total_Nitrogen",0.19229,"mg/L",24.61105,-81.50527,0.68
"4444","...845609","FIU_WQMP","02/07/2018 08:46:00","217-W","Total_Nitrogen",0.11965,"mg/L",25.17332,-80.33985,0.73
"4445","...845615","FIU_WQMP","06/09/2018 14:47:00","249-W","Total_Nitrogen",0.12732,"mg/L",24.675,-80.9583,0.66
"4446","...845626","FIU_WQMP","06/10/2018 10:33:00","317-W","Total_Nitrogen",0.20305,"mg/L",24.575,-81.78833,0.68
"4447","...845636","FIU_WQMP","03/20/2018 11:45:00","506-W","Total_Nitrogen",0.23548,"mg/L",24.65941,-81.38327,0.67
"4448","...845642","FIU_WQMP","06/15/2021 12:43:00","335-W","Total_Nitrogen",0.11,"mg/L",24.46083,-82.38317,0.71
"4449","...845711","FIU_WQMP","09/10/2018 11:20:00","206-W","Total_Nitrogen",0.15474,"mg/L",25.41497,-80.143,0.65
"4450","...845719","FIU_WQMP","09/12/2018 14:25:00","247-W","Total_Nitrogen",0.15917,"mg/L",24.71318,-81.01115,0.71
"4451","...845742","FIU_WQMP","06/10/2018 10:53:00","209-W","Total_Nitrogen",0.28898,"mg/L",24.5857,-81.72272,0.66
"4452","...845746","FIU_WQMP","05/08/2018 14:13:00","228-W","Total_Nitrogen",0.0904,"mg/L",24.97667,-80.45,0.6
"4453","...845749","FIU_WQMP","09/13/2018 13:13:00","506-W","Total_Nitrogen",0.21906,"mg/L",24.65941,-81.38327,0.69
"4454","...845760","FIU_WQMP","03/28/2018 09:23:00","307-W","Total_Nitrogen",0.3,"mg/L",24.72503,-81.52052,0.76
"4455","...845764","FIU_WQMP","03/20/2018 13:07:00","269-W","Total_Nitrogen",0.14426,"mg/L",24.55943,-81.55955,0.66
"4456","...845770","FIU_WQMP","04/26/2018 12:03:00","284-W","Total_Nitrogen",0.37913,"mg/L",24.87667,-80.95833,0.65
"4457","...845786","FIU_WQMP","06/28/2021 11:03:00","272-W","Total_Nitrogen",0.17333,"mg/L",24.50548,-81.65433,0.66
"4458","...845790","FIU_WQMP","11/29/2018 10:30:00","267-W","Total_Nitrogen",0.05,"mg/L",24.53008,-81.4873,0.7
"4459","...845794","FIU_WQMP","06/29/2021 11:37:00","314-W","Total_Nitrogen",0.25333,"mg/L",24.75043,-81.43578,0.69
"4460","...845795","FIU_WQMP","06/15/2021 14:04:00","337-W","Total_Nitrogen",0.08667,"mg/L",24.59133,-82.58783,0.67
"4461","...845796","FIU_WQMP","06/22/2021 11:36:00","401-W","Total_Nitrogen",0.10667,"mg/L",24.853,-80.622,0.67
"4462","...845797","FIU_WQMP","06/14/2021 13:14:00","402-W","Total_Nitrogen",0.07667,"mg/L",24.63,-81.112,0.66
"4463","...845798","FIU_WQMP","06/26/2021 15:26:00","502-W","Total_Nitrogen",0.11667,"mg/L",24.9265,-80.62067,0.7
"4464","...845876","FIU_WQMP","09/25/2018 10:53:00","276-W","Total_Nitrogen",0.18578,"mg/L",24.47538,-81.73742,0.69
"4465","...845898","FIU_WQMP","09/13/2018 13:45:00","253-W","Total_Nitrogen",0.30308,"mg/L",24.64537,-81.30723,0.67
"4466","...845907","FIU_WQMP","02/09/2018 09:01:00","226-W","Total_Nitrogen",0.3041,"mg/L",25.0084,-80.50148,0.72
"4467","...845918","FIU_WQMP","02/14/2018 13:33:00","316-W","Total_Nitrogen",0.20447,"mg/L",24.58577,-81.8024,0.73
"4468","...845947","FIU_WQMP","11/15/2018 10:47:00","291-W","Total_Nitrogen",0.22667,"mg/L",24.81682,-81.14678,0.66
"4469","...846019","FIU_WQMP","08/14/2018 11:36:00","500-W","Total_Nitrogen",0.2331,"mg/L",25.08535,-80.43346,0.7
"4470","...846045","FIU_WQMP","09/13/2018 11:42:00","270-W","Total_Nitrogen",0.14155,"mg/L",24.52162,-81.56432,0.7
"4471","...846063","FIU_WQMP","02/27/2018 12:28:00","291-W","Total_Nitrogen",0.27,"mg/L",24.81682,-81.14678,0.68
"4472","...846075","FIU_WQMP","05/09/2018 12:34:00","302-W","Total_Nitrogen",0.16485,"mg/L",24.80128,-81.48227,0.66
"4473","...846077","FIU_WQMP","05/15/2018 13:22:00","318-W","Total_Nitrogen",0.14181,"mg/L",24.65083,-81.90467,0.67
"4474","...846081","FIU_WQMP","06/10/2018 14:56:00","508-W","Total_Nitrogen",0.27137,"mg/L",24.57375,-81.76014,0.66
"4475","...846085","FIU_WQMP","12/07/2018 11:55:00","305-W","Total_Nitrogen",0.19667,"mg/L",24.76852,-81.555,0.65
"4476","...846091","FIU_WQMP","12/04/2018 11:16:00","278-W","Total_Nitrogen",0.09,"mg/L",24.49862,-81.81895,0.74
"4477","...846167","FIU_WQMP","09/11/2018 09:23:00","218-W","Total_Nitrogen",0.21589,"mg/L",25.15897,-80.29455,0.67
"4478","...846173","FIU_WQMP","09/13/2018 12:00:00","269-W","Total_Nitrogen",0.12337,"mg/L",24.55943,-81.55955,0.74
"4479","...846177","FIU_WQMP","04/24/2018 09:35:00","213-W","Total_Nitrogen",0.07975,"mg/L",25.26312,-80.18773,0.67
"4480","...846189","FIU_WQMP","02/28/2018 10:41:00","239-W","Total_Nitrogen",0.10667,"mg/L",24.80223,-80.7162,0.7
"4481","...846192","FIU_WQMP","05/15/2018 13:00:00","324-W","Total_Nitrogen",0.10027,"mg/L",24.65333,-82.15833,0.66
"4482","...846221","FIU_WQMP","06/26/2021 15:43:00","235-W","Total_Nitrogen",0.09667,"mg/L",24.87123,-80.66865,0.75
"4483","...846222","FIU_WQMP","06/16/2021 15:48:00","241-W","Total_Nitrogen",0.12,"mg/L",24.80247,-80.8089,0.67
"4484","...846285","FIU_WQMP","09/10/2018 11:46:00","203-W","Total_Nitrogen",0.18188,"mg/L",25.48053,-80.11768,0.66
"4485","...846287","FIU_WQMP","09/10/2018 13:03:00","204-W","Total_Nitrogen",0.21069,"mg/L",25.43082,-80.19553,0.67
"4486","...846302","FIU_WQMP","09/19/2018 10:46:00","325-W","Total_Nitrogen",0.18855,"mg/L",24.54167,-82.1,0.69
"4487","...846307","FIU_WQMP","09/19/2018 14:28:00","330-W","Total_Nitrogen",0.31468,"mg/L",24.66533,-82.374,0.78
"4488","...846312","FIU_WQMP","03/26/2018 14:29:00","273-W","Total_Nitrogen",0.17667,"mg/L",24.4929,-81.6571,0.75
"4489","...846318","FIU_WQMP","04/04/2018 14:37:00","324-W","Total_Nitrogen",0.11435,"mg/L",24.65333,-82.15833,0.65
"4490","...846323","FIU_WQMP","03/20/2018 14:56:00","259-W","Total_Nitrogen",0.12754,"mg/L",24.57037,-81.32167,0.66
"4491","...846332","FIU_WQMP","04/26/2018 12:45:00","288-W","Total_Nitrogen",0.21431,"mg/L",24.88333,-81.08333,0.65
"4492","...846337","FIU_WQMP","06/10/2018 14:41:00","509-W","Total_Nitrogen",0.26778,"mg/L",24.5523,-81.7494,0.69
"4493","...846345","FIU_WQMP","11/29/2018 10:53:00","270-W","Total_Nitrogen",0.09,"mg/L",24.52162,-81.56432,0.67
"4494","...846349","FIU_WQMP","12/03/2018 09:18:00","322-W","Total_Nitrogen",0.1,"mg/L",24.45833,-81.98167,0.75
"4495","...846353","FIU_WQMP","06/23/2021 13:04:00","216-W","Total_Nitrogen",0.04127,"mg/L",25.22,-80.217,0.67
"4496","...846354","FIU_WQMP","06/26/2021 12:55:00","218-W","Total_Nitrogen",0.07333,"mg/L",25.15897,-80.29455,0.73
"4497","...846355","FIU_WQMP","06/26/2021 13:16:00","220-W","Total_Nitrogen",0.10667,"mg/L",25.11355,-80.37342,0.69
"4498","...846356","FIU_WQMP","06/16/2021 15:38:00","242-W","Total_Nitrogen",0.12333,"mg/L",24.7915,-80.81225,0.75
"4499","...846357","FIU_WQMP","06/14/2021 10:50:00","243-W","Total_Nitrogen",0.25333,"mg/L",24.745,-80.78333,0.69
"4500","...846406","FIU_WQMP","09/10/2018 13:24:00","207-W","Total_Nitrogen",0.15176,"mg/L",25.36443,-80.21508,0.65
"4501","...846428","FIU_WQMP","04/24/2018 11:12:00","203-W","Total_Nitrogen",0.10649,"mg/L",25.48053,-80.11768,0.72
"4502","...846433","FIU_WQMP","09/17/2018 11:00:00","296-W","Total_Nitrogen",0.2625,"mg/L",24.79152,-81.28908,0.69
"4503","...846441","FIU_WQMP","03/26/2018 15:30:00","280-W","Total_Nitrogen",0.13333,"mg/L",24.45363,-81.84365,0.81
"4504","...846456","FIU_WQMP","03/20/2018 13:58:00","267-W","Total_Nitrogen",0.11456,"mg/L",24.53008,-81.4873,0.76
"4505","...846469","FIU_WQMP","06/09/2018 16:17:00","256-W","Total_Nitrogen",0.10175,"mg/L",24.58497,-81.23408,0.66
"4506","...846471","FIU_WQMP","05/09/2018 13:17:00","307-W","Total_Nitrogen",0.19736,"mg/L",24.72503,-81.52052,0.67
"4507","...846475","FIU_WQMP","02/07/2018 10:01:00","211-W","Total_Nitrogen",0.09454,"mg/L",25.30788,-80.26165,0.66
"4508","...846482","FIU_WQMP","06/16/2021 13:35:00","256-W","Total_Nitrogen",0.07,"mg/L",24.58497,-81.23408,0.69
"4509","...846483","FIU_WQMP","06/14/2021 15:34:00","260-W","Total_Nitrogen",0.20333,"mg/L",24.6255,-81.41662,0.75
"4510","...846496","FIU_WQMP","11/15/2018 11:23:00","292-W","Total_Nitrogen",0.39667,"mg/L",24.76312,-81.11248,0.75
"4511","...846554","FIU_WQMP","09/12/2018 12:32:00","402-W","Total_Nitrogen",0.13677,"mg/L",24.63,-81.112,0.67
"4512","...846620","FIU_WQMP","11/21/2018 14:41:00","210-W","Total_Nitrogen",0.07333,"mg/L",25.325,-80.1636,0.67
"4513","...846627","FIU_WQMP","11/21/2018 15:06:00","213-W","Total_Nitrogen",0.08333,"mg/L",25.26312,-80.18773,0.73
"4514","...846630","FIU_WQMP","11/14/2018 13:58:00","239-W","Total_Nitrogen",0.08333,"mg/L",24.80223,-80.7162,0.75
"4515","...846644","FIU_WQMP","11/26/2018 14:13:00","225-W","Total_Nitrogen",0.04333,"mg/L",25.017,-80.3674,0.68
"4516","...846658","FIU_WQMP","11/21/2018 10:50:00","212-W","Total_Nitrogen",0.08667,"mg/L",25.29452,-80.24542,0.7
"4517","...846662","FIU_WQMP","11/26/2018 11:26:00","218-W","Total_Nitrogen",0.22667,"mg/L",25.15897,-80.29455,0.68
"4518","...846674","FIU_WQMP","11/13/2018 10:44:00","243-W","Total_Nitrogen",0.08,"mg/L",24.745,-80.78333,0.74
"4519","...846676","FIU_WQMP","11/14/2018 12:17:00","228-W","Total_Nitrogen",0.1,"mg/L",24.97667,-80.45,0.81
"4520","...846679","FIU_WQMP","11/21/2018 14:17:00","206-W","Total_Nitrogen",0.08333,"mg/L",25.41497,-80.143,0.67
"4521","...846708","FIU_WQMP","11/13/2018 11:46:00","249-W","Total_Nitrogen",0.09,"mg/L",24.675,-80.9583,0.75
"4522","...846729","FIU_WQMP","11/14/2018 09:50:00","235-W","Total_Nitrogen",0.15,"mg/L",24.87123,-80.66865,0.78
"4523","...846731","FIU_WQMP","11/21/2018 11:48:00","204-W","Total_Nitrogen",0.12,"mg/L",25.43082,-80.19553,0.69
"4524","...846775","FIU_WQMP","11/29/2018 08:58:00","255-W","Total_Nitrogen",0.05667,"mg/L",24.62168,-81.24308,0.69
"4525","...846779","FIU_WQMP","11/21/2018 13:24:00","200-W","Total_Nitrogen",0.06333,"mg/L",25.59,-80.1,0.73
"4526","...846852","FIU_WQMP","11/14/2018 13:36:00","237-W","Total_Nitrogen",0.09667,"mg/L",24.83265,-80.64907,0.66
"4527","...846968","FIU_WQMP","06/23/2021 16:00:00","204-W","Total_Nitrogen",0.07667,"mg/L",25.43082,-80.19553,0.67
"4528","...846969","FIU_WQMP","06/23/2021 14:19:00","206-W","Total_Nitrogen",0.05333,"mg/L",25.41497,-80.143,0.7
"4529","...847013","FIU_WQMP","06/23/2021 15:05:00","200-W","Total_Nitrogen",0.04333,"mg/L",25.59,-80.1,0.74
"4530","...847038","FIU_WQMP","11/14/2018 12:33:00","264-W","Total_Nitrogen",0.08,"mg/L",24.94677,-80.45947,0.79
"4531","...847048","FIU_WQMP","11/15/2018 11:39:00","504-W","Total_Nitrogen",NA,"mg/L",24.72254,-81.04338,0.79
"4532","...847049","FIU_WQMP","11/15/2018 11:39:00","504-W","Total_Nitrogen",0.20667,"mg/L",24.72254,-81.04338,0.79
"4533","...847073","FIU_WQMP","03/20/2018 10:51:00","253-W","Total_Nitrogen",0.18943,"mg/L",24.64537,-81.30723,0.69
"4534","...847079","FIU_WQMP","02/07/2018 12:22:00","224-W","Total_Nitrogen",0.07122,"mg/L",25.03082,-80.39527,0.65
"4535","...847084","FIU_WQMP","02/28/2018 11:50:00","244-W","Total_Nitrogen",0.17667,"mg/L",24.79333,-80.86333,0.67
"4536","...847087","FIU_WQMP","06/09/2018 18:58:00","266-W","Total_Nitrogen",0.16502,"mg/L",24.61105,-81.50527,0.72
"4537","...847092","FIU_WQMP","05/15/2018 11:18:00","333-W","Total_Nitrogen",0.14708,"mg/L",24.57717,-82.49133,0.69
"4538","...847100","FIU_WQMP","11/13/2018 13:33:00","250-W","Total_Nitrogen",0.16,"mg/L",24.69193,-81.18245,0.73
"4539","...847149","FIU_WQMP","09/12/2018 15:32:00","242-W","Total_Nitrogen",0.17581,"mg/L",24.7915,-80.81225,0.71
"4540","...847159","FIU_WQMP","03/28/2018 10:21:00","314-W","Total_Nitrogen",0.37333,"mg/L",24.75043,-81.43578,0.65
"4541","...847212","FIU_WQMP","09/11/2018 11:25:00","224-W","Total_Nitrogen",0.13898,"mg/L",25.03082,-80.39527,0.77
"4542","...847231","FIU_WQMP","09/18/2018 09:30:00","209-W","Total_Nitrogen",0.39757,"mg/L",24.5857,-81.72272,0.67
"4543","...847247","FIU_WQMP","04/04/2018 15:05:00","319-W","Total_Nitrogen",0.15333,"mg/L",24.629,-82.07133,0.66
"4544","...847262","FIU_WQMP","02/09/2018 10:24:00","230-W","Total_Nitrogen",0.2015,"mg/L",24.93965,-80.55162,0.68
"4545","...847265","FIU_WQMP","09/17/2018 11:00:00","296-W","Total_Nitrogen",0.31035,"mg/L",24.79152,-81.28908,0.69
"4546","...847268","FIU_WQMP","11/26/2018 11:16:00","217-W","Total_Nitrogen",0.19,"mg/L",25.17332,-80.33985,0.7
"4547","...847296","FIU_WQMP","02/05/2018 13:40:00","203-W","Total_Nitrogen",0.08498,"mg/L",25.48053,-80.11768,0.67
"4548","...847304","FIU_WQMP","08/17/2018 13:34:00","290-W","Total_Nitrogen",0.18445,"mg/L",24.86267,-81.21623,0.71
"4549","...847320","FIU_WQMP","03/21/2018 10:49:00","249-W","Total_Nitrogen",0.12343,"mg/L",24.675,-80.9583,0.65
"4550","...847328","FIU_WQMP","02/05/2018 14:03:00","200-W","Total_Nitrogen",0.09936,"mg/L",25.59,-80.1,0.69
"4551","...847344","FIU_WQMP","06/15/2021 17:02:00","318-W","Total_Nitrogen",0.26333,"mg/L",24.65083,-81.90467,0.66
"4552","...847345","FIU_WQMP","06/15/2021 11:25:00","325-W","Total_Nitrogen",0.21333,"mg/L",24.54167,-82.1,0.66
"4553","...847396","FIU_WQMP","05/08/2018 14:13:00","228-W","Total_Nitrogen",0.08787,"mg/L",24.97667,-80.45,0.68
"4554","...847428","FIU_WQMP","11/21/2018 15:06:00","213-W","Total_Nitrogen",0.07,"mg/L",25.26312,-80.18773,0.73
"4555","...847429","FIU_WQMP","06/14/2021 14:30:00","254-W","Total_Nitrogen",0.09333,"mg/L",24.65792,-81.26502,0.7
"4556","...847445","FIU_WQMP","09/18/2018 09:59:00","310-W","Total_Nitrogen",0.3233,"mg/L",24.65752,-81.63265,0.67
"4557","...847453","FIU_WQMP","05/08/2018 14:46:00","231-W","Total_Nitrogen",0.08984,"mg/L",24.925,-80.503,0.7
"4558","...847465","FIU_WQMP","04/26/2018 12:32:00","287-W","Total_Nitrogen",0.28043,"mg/L",24.84667,-81.00833,0.7
"4559","...847480","FIU_WQMP","06/26/2021 11:26:00","212-W","Total_Nitrogen",0.14333,"mg/L",25.29452,-80.24542,0.66
"4560","...847483","FIU_WQMP","12/04/2018 12:24:00","403-W","Total_Nitrogen",0.1,"mg/L",24.483,-81.7,0.69
"4561","...847484","FIU_WQMP","05/16/2018 10:37:00","271-W","Total_Nitrogen",0.19129,"mg/L",24.55667,-81.66667,0.78
"4562","...847534","FIU_WQMP","05/08/2018 13:47:00","224-W","Total_Nitrogen",0.0954,"mg/L",25.03082,-80.39527,0.68
"4563","...847535","FIU_WQMP","06/16/2021 12:19:00","267-W","Total_Nitrogen",0.07,"mg/L",24.53008,-81.4873,0.74
"4564","...847536","FIU_WQMP","09/25/2018 10:13:00","273-W","Total_Nitrogen",0.22219,"mg/L",24.4929,-81.6571,0.65
"4565","...847557","FIU_WQMP","06/28/2021 11:19:00","275-W","Total_Nitrogen",0.17667,"mg/L",24.52143,-81.74422,0.74
"4566","...847558","FIU_WQMP","03/20/2018 14:56:00","259-W","Total_Nitrogen",0.12908,"mg/L",24.57037,-81.32167,0.66
"4567","...847568","FIU_WQMP","06/09/2018 13:17:00","250-W","Total_Nitrogen",0.17508,"mg/L",24.69193,-81.18245,0.68
"4568","...847601","FIU_WQMP","06/16/2021 12:59:00","259-W","Total_Nitrogen",0.07,"mg/L",24.57037,-81.32167,0.69
"4569","...847602","FIU_WQMP","06/14/2021 16:50:00","268-W","Total_Nitrogen",0.14333,"mg/L",24.58782,-81.57698,0.66
"4570","...847653","FIU_WQMP","09/10/2018 13:53:00","212-W","Total_Nitrogen",0.1448,"mg/L",25.29452,-80.24542,0.68
"4571","...847662","FIU_WQMP","09/10/2018 10:28:00","213-W","Total_Nitrogen",0.21413,"mg/L",25.26312,-80.18773,0.75
"4572","...847674","FIU_WQMP","04/24/2018 13:36:00","207-W","Total_Nitrogen",0.11247,"mg/L",25.36443,-80.21508,0.7
"4573","...847688","FIU_WQMP","09/13/2018 10:56:00","263-W","Total_Nitrogen",0.09768,"mg/L",24.54843,-81.39742,0.67
"4574","...847697","FIU_WQMP","06/16/2021 14:44:00","247-W","Total_Nitrogen",0.10333,"mg/L",24.71318,-81.01115,0.66
"4575","...847706","FIU_WQMP","03/20/2018 12:01:00","260-W","Total_Nitrogen",0.1697,"mg/L",24.6255,-81.41662,0.67
"4576","...847712","FIU_WQMP","11/13/2018 11:46:00","249-W","Total_Nitrogen",0.08333,"mg/L",24.675,-80.9583,0.75
"4577","...847720","FIU_WQMP","05/09/2018 15:19:00","507-W","Total_Nitrogen",0.33733,"mg/L",24.69309,-81.35463,0.67
"4578","...847748","FIU_WQMP","11/26/2018 11:41:00","219-W","Total_Nitrogen",0.06333,"mg/L",25.142,-80.258,0.79
"4579","...847782","FIU_WQMP","06/26/2021 15:02:00","229-W","Total_Nitrogen",0.11667,"mg/L",24.95012,-80.56218,0.66
"4580","...847783","FIU_WQMP","06/22/2021 10:51:00","239-W","Total_Nitrogen",0.08333,"mg/L",24.80223,-80.7162,0.67
"4581","...847813","FIU_WQMP","02/05/2018 12:48:00","210-W","Total_Nitrogen",0.09726,"mg/L",25.325,-80.1636,0.65
"4582","...847817","FIU_WQMP","09/10/2018 09:55:00","216-W","Total_Nitrogen",0.45585,"mg/L",25.22,-80.217,0.65
"4583","...847834","FIU_WQMP","06/22/2021 12:33:00","264-W","Total_Nitrogen",0.07333,"mg/L",24.94677,-80.45947,0.67
"4584","...847842","FIU_WQMP","09/12/2018 08:34:00","231-W","Total_Nitrogen",0.12214,"mg/L",24.925,-80.503,0.68
"4585","...847851","FIU_WQMP","05/16/2018 08:24:00","278-W","Total_Nitrogen",0.17153,"mg/L",24.49862,-81.81895,0.68
"4586","...847859","FIU_WQMP","09/11/2018 11:07:00","225-W","Total_Nitrogen",0.16185,"mg/L",25.017,-80.3674,0.79
"4587","...847914","FIU_WQMP","02/07/2018 11:11:00","219-W","Total_Nitrogen",0.07371,"mg/L",25.142,-80.258,0.69
"4588","...847936","FIU_WQMP","11/14/2018 13:36:00","237-W","Total_Nitrogen",0.07667,"mg/L",24.83265,-80.64907,0.66
"4589","...847981","FIU_WQMP","06/22/2021 13:05:00","290-W","Total_Nitrogen",0.16333,"mg/L",24.86267,-81.21623,0.67
"4590","...847999","FIU_WQMP","06/23/2021 12:08:00","222-W","Total_Nitrogen",0.04127,"mg/L",25.07237,-80.31277,0.66
"4591","...848012","FIU_WQMP","02/27/2018 12:44:00","294-W","Total_Nitrogen",0.26333,"mg/L",24.7555,-81.17218,0.66
"4592","...848016","FIU_WQMP","06/22/2021 15:03:00","289-W","Total_Nitrogen",0.16667,"mg/L",24.77775,-81.033,0.67
"4593","...848017","FIU_WQMP","06/29/2021 10:11:00","302-W","Total_Nitrogen",0.19,"mg/L",24.80128,-81.48227,0.67
"4594","...848032","FIU_WQMP","05/16/2018 09:44:00","403-W","Total_Nitrogen",0.15205,"mg/L",24.483,-81.7,0.75
"4595","...848047","FIU_WQMP","05/15/2018 12:21:00","330-W","Total_Nitrogen",0.13085,"mg/L",24.66533,-82.374,0.7
"4596","...848079","FIU_WQMP","12/05/2018 10:25:00","317-W","Total_Nitrogen",0.12667,"mg/L",24.575,-81.78833,0.7
"4597","...848085","FIU_WQMP","03/28/2018 11:13:00","507-W","Total_Nitrogen",0.55333,"mg/L",24.69309,-81.35463,0.8
"4598","...848094","FIU_WQMP","06/22/2021 12:06:00","287-W","Total_Nitrogen",0.18667,"mg/L",24.84667,-81.00833,0.67
"4599","...848097","FIU_WQMP","11/15/2018 10:30:00","290-W","Total_Nitrogen",0.16333,"mg/L",24.86267,-81.21623,0.66
"4600","...848115","FIU_WQMP","09/11/2018 10:18:00","400-W","Total_Nitrogen",0.15124,"mg/L",25.1073,-80.3064,0.77
"4601","...848126","FIU_WQMP","06/23/2021 11:19:00","225-W","Total_Nitrogen",0.04127,"mg/L",25.017,-80.3674,0.78
"4602","...848142","FIU_WQMP","11/26/2018 13:30:00","222-W","Total_Nitrogen",0.08,"mg/L",25.07237,-80.31277,0.73
"4603","...848160","FIU_WQMP","09/11/2018 11:25:00","224-W","Total_Nitrogen",0.13249,"mg/L",25.03082,-80.39527,0.77
"4604","...848186","FIU_WQMP","09/19/2018 11:27:00","328-W","Total_Nitrogen",0.18401,"mg/L",24.454,-82.224,0.74
"4605","...848206","FIU_WQMP","04/04/2018 09:56:00","325-W","Total_Nitrogen",0.13925,"mg/L",24.54167,-82.1,0.67
"4606","...848224","FIU_WQMP","09/13/2018 10:00:00","256-W","Total_Nitrogen",0.12726,"mg/L",24.58497,-81.23408,0.68
"4607","...848231","FIU_WQMP","08/14/2018 09:52:00","214-W","Total_Nitrogen",0.18287,"mg/L",25.2462,-80.29918,0.77
"4608","...848252","FIU_WQMP","04/25/2018 10:49:00","230-W","Total_Nitrogen",0.13224,"mg/L",24.93965,-80.55162,0.67
"4609","...848269","FIU_WQMP","03/21/2018 10:49:00","249-W","Total_Nitrogen",0.12893,"mg/L",24.675,-80.9583,0.65
"4610","...848284","FIU_WQMP","02/27/2018 14:06:00","282-W","Total_Nitrogen",0.24667,"mg/L",24.86667,-80.885,0.66
"4611","...848287","FIU_WQMP","06/28/2021 11:58:00","317-W","Total_Nitrogen",0.25,"mg/L",24.575,-81.78833,0.66
"4612","...848292","FIU_WQMP","05/09/2018 11:27:00","296-W","Total_Nitrogen",0.20187,"mg/L",24.79152,-81.28908,0.69
"4613","...848309","FIU_WQMP","08/14/2018 12:17:00","227-W","Total_Nitrogen",0.11092,"mg/L",25.00167,-80.4749,0.74
"4614","...848318","FIU_WQMP","09/19/2018 15:34:00","319-W","Total_Nitrogen",0.15639,"mg/L",24.629,-82.07133,0.67
"4615","...848338","FIU_WQMP","04/04/2018 11:42:00","332-W","Total_Nitrogen",0.13665,"mg/L",24.5355,-82.36733,0.69
"4616","...848380","FIU_WQMP","02/09/2018 09:31:00","228-W","Total_Nitrogen",0.22586,"mg/L",24.97667,-80.45,0.73
"4617","...848389","FIU_WQMP","09/25/2018 12:39:00","271-W","Total_Nitrogen",0.32322,"mg/L",24.55667,-81.66667,0.73
"4618","...848390","FIU_WQMP","06/09/2018 17:35:00","267-W","Total_Nitrogen",0.09708,"mg/L",24.53008,-81.4873,0.65
"4619","...848399","FIU_WQMP","06/14/2021 11:57:00","248-W","Total_Nitrogen",0.22667,"mg/L",24.69167,-80.96667,0.69
"4620","...848403","FIU_WQMP","09/13/2018 09:40:00","255-W","Total_Nitrogen",0.15727,"mg/L",24.62168,-81.24308,0.66
"4621","...848412","FIU_WQMP","02/09/2018 10:03:00","231-W","Total_Nitrogen",0.18418,"mg/L",24.925,-80.503,0.68
"4622","...848416","FIU_WQMP","11/29/2018 11:27:00","268-W","Total_Nitrogen",0.12333,"mg/L",24.58782,-81.57698,0.65
"4623","...848436","FIU_WQMP","02/09/2018 09:45:00","264-W","Total_Nitrogen",0.19514,"mg/L",24.94677,-80.45947,0.72
"4624","...848443","FIU_WQMP","09/19/2018 13:37:00","337-W","Total_Nitrogen",0.11134,"mg/L",24.59133,-82.58783,0.71
"4625","...848474","FIU_WQMP","05/16/2018 08:55:00","280-W","Total_Nitrogen",0.17499,"mg/L",24.45363,-81.84365,0.67
"4626","...848479","FIU_WQMP","06/09/2018 18:21:00","269-W","Total_Nitrogen",0.1266,"mg/L",24.55943,-81.55955,0.71
"4627","...848496","FIU_WQMP","06/23/2021 13:56:00","210-W","Total_Nitrogen",0.04127,"mg/L",25.325,-80.1636,0.66
"4628","...848515","FIU_WQMP","09/17/2018 12:57:00","307-W","Total_Nitrogen",0.31344,"mg/L",24.72503,-81.52052,0.67
"4629","...848532","FIU_WQMP","12/07/2018 10:31:00","296-W","Total_Nitrogen",0.19667,"mg/L",24.79152,-81.28908,0.74
"4630","...848535","FIU_WQMP","11/29/2018 08:42:00","254-W","Total_Nitrogen",0.13333,"mg/L",24.65792,-81.26502,0.72
"4631","...848544","FIU_WQMP","06/15/2021 13:38:00","333-W","Total_Nitrogen",0.12333,"mg/L",24.57717,-82.49133,0.67
"4632","...848564","FIU_WQMP","09/12/2018 09:08:00","401-W","Total_Nitrogen",0.14293,"mg/L",24.853,-80.622,0.71
"4633","...848572","FIU_WQMP","04/23/2018 13:14:00","220-W","Total_Nitrogen",0.09845,"mg/L",25.11355,-80.37342,0.66
"4634","...848582","FIU_WQMP","02/27/2018 11:29:00","287-W","Total_Nitrogen",0.33667,"mg/L",24.84667,-81.00833,0.67
"4635","...848597","FIU_WQMP","05/08/2018 14:28:00","264-W","Total_Nitrogen",0.08744,"mg/L",24.94677,-80.45947,0.66
"4636","...848617","FIU_WQMP","12/03/2018 14:05:00","325-W","Total_Nitrogen",0.11,"mg/L",24.54167,-82.1,0.7
"4637","...848631","FIU_WQMP","06/28/2021 12:56:00","309-W","Total_Nitrogen",0.19333,"mg/L",24.69772,-81.68318,0.73
"4638","...848634","FIU_WQMP","06/26/2021 13:53:00","500-W","Total_Nitrogen",0.12667,"mg/L",25.08535,-80.43346,0.67
"4639","...848656","FIU_WQMP","02/07/2018 11:29:00","400-W","Total_Nitrogen",0.05839,"mg/L",25.1073,-80.3064,0.67
"4640","...848707","FIU_WQMP","05/15/2018 10:04:00","328-W","Total_Nitrogen",0.08642,"mg/L",24.454,-82.224,0.67
"4641","...848715","FIU_WQMP","05/15/2018 13:19:00","319-W","Total_Nitrogen",0.15234,"mg/L",24.629,-82.07133,0.75
"4642","...848727","FIU_WQMP","12/03/2018 14:05:00","325-W","Total_Nitrogen",0.10333,"mg/L",24.54167,-82.1,0.7
"4643","...848790","FIU_WQMP","08/17/2018 12:10:00","284-W","Total_Nitrogen",0.20767,"mg/L",24.87667,-80.95833,0.66
"4644","...848819","FIU_WQMP","06/23/2021 16:02:00","207-W","Total_Nitrogen",0.05667,"mg/L",25.36443,-80.21508,0.66
"4645","...848830","FIU_WQMP","09/13/2018 12:39:00","266-W","Total_Nitrogen",0.1145,"mg/L",24.61105,-81.50527,0.68
"4646","...848840","FIU_WQMP","02/05/2018 14:27:00","201-W","Total_Nitrogen",0.09656,"mg/L",25.51,-80.165,0.66
"4647","...848849","FIU_WQMP","09/11/2018 09:52:00","219-W","Total_Nitrogen",0.11544,"mg/L",25.142,-80.258,0.73
"4648","...848857","FIU_WQMP","02/07/2018 12:37:00","223-W","Total_Nitrogen",0.0968,"mg/L",25.06018,-80.42312,0.66
"4649","...848863","FIU_WQMP","05/16/2018 10:19:00","272-W","Total_Nitrogen",0.15321,"mg/L",24.50548,-81.65433,0.69
"4650","...848866","FIU_WQMP","04/26/2018 15:11:00","282-W","Total_Nitrogen",0.26643,"mg/L",24.86667,-80.885,0.66
"4651","...848877","FIU_WQMP","12/05/2018 12:29:00","315-W","Total_Nitrogen",0.20667,"mg/L",24.63325,-81.82827,0.67
"4652","...848888","FIU_WQMP","04/27/2018 10:43:00","218-W","Total_Nitrogen",0.12128,"mg/L",25.15897,-80.29455,0.65
"4653","...848896","FIU_WQMP","03/21/2018 11:52:00","402-W","Total_Nitrogen",0.13326,"mg/L",24.63,-81.112,0.68
"4654","...848903","FIU_WQMP","06/09/2018 15:50:00","252-W","Total_Nitrogen",0.12511,"mg/L",24.60693,-81.15442,0.71
"4655","...848926","FIU_WQMP","06/28/2021 10:42:00","271-W","Total_Nitrogen",0.23667,"mg/L",24.55667,-81.66667,0.73
"4656","...848928","FIU_WQMP","06/29/2021 09:30:00","296-W","Total_Nitrogen",0.24333,"mg/L",24.79152,-81.28908,0.69
"4657","...848930","FIU_WQMP","12/03/2018 10:11:00","328-W","Total_Nitrogen",0.06667,"mg/L",24.454,-82.224,0.85
"4658","...848938","FIU_WQMP","06/23/2021 13:32:00","213-W","Total_Nitrogen",0.04127,"mg/L",25.26312,-80.18773,0.69
"4659","...848981","FIU_WQMP","04/27/2018 11:06:00","219-W","Total_Nitrogen",0.39119,"mg/L",25.142,-80.258,0.66
"4660","...849004","FIU_WQMP","09/13/2018 12:16:00","268-W","Total_Nitrogen",0.16226,"mg/L",24.58782,-81.57698,0.67
"4661","...849027","FIU_WQMP","06/15/2021 12:05:00","328-W","Total_Nitrogen",0.17333,"mg/L",24.454,-82.224,0.73
"4662","...849029","FIU_WQMP","11/15/2018 09:08:00","285-W","Total_Nitrogen",0.42,"mg/L",24.80998,-80.92028,0.7
"4663","...849033","FIU_WQMP","09/12/2018 15:52:00","241-W","Total_Nitrogen",0.12653,"mg/L",24.80247,-80.8089,0.65
"4664","...849046","FIU_WQMP","04/24/2018 13:02:00","204-W","Total_Nitrogen",0.11844,"mg/L",25.43082,-80.19553,0.69
"4665","...849051","FIU_WQMP","11/21/2018 13:24:00","200-W","Total_Nitrogen",0.07667,"mg/L",25.59,-80.1,0.73
"4666","...849088","FIU_WQMP","09/10/2018 12:10:00","200-W","Total_Nitrogen",0.14167,"mg/L",25.59,-80.1,0.67
"4667","...849095","FIU_WQMP","04/24/2018 09:12:00","216-W","Total_Nitrogen",0.1636,"mg/L",25.22,-80.217,0.72
"4668","...849105","FIU_WQMP","11/21/2018 13:56:00","203-W","Total_Nitrogen",0.07,"mg/L",25.48053,-80.11768,0.67
"4669","...849128","FIU_WQMP","09/18/2018 11:50:00","508-W","Total_Nitrogen",0.32396,"mg/L",24.57375,-81.76014,0.68
"4670","...849136","FIU_WQMP","03/28/2018 10:43:00","301-W","Total_Nitrogen",0.26333,"mg/L",24.77258,-81.39665,0.77
"4671","...849158","FIU_WQMP","09/12/2018 16:11:00","238-W","Total_Nitrogen",0.14222,"mg/L",24.83442,-80.74683,0.68
"4672","...849170","FIU_WQMP","03/28/2018 07:56:00","296-W","Total_Nitrogen",0.51667,"mg/L",24.79152,-81.28908,0.7
"4673","...849186","FIU_WQMP","06/23/2021 14:41:00","203-W","Total_Nitrogen",0.04127,"mg/L",25.48053,-80.11768,0.66
"4674","...849193","FIU_WQMP","03/28/2018 07:56:00","296-W","Total_Nitrogen",0.47667,"mg/L",24.79152,-81.28908,0.7
"4675","...849204","FIU_WQMP","06/26/2021 15:58:00","238-W","Total_Nitrogen",0.12,"mg/L",24.83442,-80.74683,0.69
"4676","...849206","FIU_WQMP","11/26/2018 14:48:00","223-W","Total_Nitrogen",0.07,"mg/L",25.06018,-80.42312,0.67
"4677","...849238","FIU_WQMP","06/28/2021 13:47:00","310-W","Total_Nitrogen",0.37667,"mg/L",24.65752,-81.63265,0.69
"4678","...849240","FIU_WQMP","06/26/2021 12:41:00","217-W","Total_Nitrogen",0.08667,"mg/L",25.17332,-80.33985,0.66
"4679","...849245","FIU_WQMP","06/09/2018 20:05:00","253-W","Total_Nitrogen",0.19222,"mg/L",24.64537,-81.30723,0.67
"4680","...849254","FIU_WQMP","06/22/2021 14:16:00","505-W","Total_Nitrogen",0.16333,"mg/L",24.71208,-81.10071,0.66
"4681","...849270","FIU_WQMP","05/15/2018 08:46:00","322-W","Total_Nitrogen",0.18184,"mg/L",24.45833,-81.98167,0.69
"4682","...849296","FIU_WQMP","06/09/2018 17:35:00","267-W","Total_Nitrogen",0.09308,"mg/L",24.53008,-81.4873,0.65
"4683","...849316","FIU_WQMP","11/14/2018 12:51:00","231-W","Total_Nitrogen",0.08333,"mg/L",24.925,-80.503,0.74
"4684","...849322","FIU_WQMP","11/29/2018 09:15:00","256-W","Total_Nitrogen",0.06,"mg/L",24.58497,-81.23408,0.68
"4685","...849332","FIU_WQMP","09/12/2018 10:47:00","246-W","Total_Nitrogen",0.09661,"mg/L",24.71317,-80.85813,0.7
"4686","...849373","FIU_WQMP","09/18/2018 10:49:00","315-W","Total_Nitrogen",0.18692,"mg/L",24.63325,-81.82827,0.69
"4687","...849394","FIU_WQMP","12/07/2018 14:37:00","507-W","Total_Nitrogen",0.34333,"mg/L",24.69309,-81.35463,0.66
"4688","...849402","FIU_WQMP","06/16/2021 12:02:00","269-W","Total_Nitrogen",0.09,"mg/L",24.55943,-81.55955,0.69
"4689","...849405","FIU_WQMP","02/09/2018 10:46:00","232-W","Total_Nitrogen",0.21728,"mg/L",24.92703,-80.59852,0.76
"4690","...849450","FIU_WQMP","06/09/2018 14:47:00","249-W","Total_Nitrogen",0.13002,"mg/L",24.675,-80.9583,0.66
"4691","...849455","FIU_WQMP","02/28/2018 11:28:00","246-W","Total_Nitrogen",0.19667,"mg/L",24.71317,-80.85813,0.7
"4692","...849486","FIU_WQMP","11/15/2018 09:27:00","284-W","Total_Nitrogen",0.28333,"mg/L",24.87667,-80.95833,0.69
"4693","...849494","FIU_WQMP","06/28/2021 14:12:00","209-W","Total_Nitrogen",0.24,"mg/L",24.5857,-81.72272,0.66
"4694","...849497","FIU_WQMP","06/16/2021 15:22:00","244-W","Total_Nitrogen",0.13667,"mg/L",24.79333,-80.86333,0.66
"4695","...849500","FIU_WQMP","11/21/2018 15:31:00","216-W","Total_Nitrogen",0.09667,"mg/L",25.22,-80.217,0.65
"4696","...849520","FIU_WQMP","09/18/2018 12:01:00","317-W","Total_Nitrogen",0.26058,"mg/L",24.575,-81.78833,0.71
"4697","...849531","FIU_WQMP","11/26/2018 15:13:00","220-W","Total_Nitrogen",0.08333,"mg/L",25.11355,-80.37342,0.78
"4698","...849550","FIU_WQMP","02/28/2018 11:04:00","243-W","Total_Nitrogen",0.11,"mg/L",24.745,-80.78333,0.66
"4699","...849556","FIU_WQMP","04/24/2018 10:38:00","206-W","Total_Nitrogen",0.08956,"mg/L",25.41497,-80.143,0.67
"4700","...849592","FIU_WQMP","12/07/2018 10:31:00","296-W","Total_Nitrogen",0.19,"mg/L",24.79152,-81.28908,0.74
"4701","...849594","FIU_WQMP","11/29/2018 09:42:00","259-W","Total_Nitrogen",0.05667,"mg/L",24.57037,-81.32167,0.66
"4702","...849599","FIU_WQMP","04/04/2018 11:16:00","335-W","Total_Nitrogen",0.10182,"mg/L",24.46083,-82.38317,0.68
"4703","...849611","FIU_WQMP","02/09/2018 11:27:00","503-W","Total_Nitrogen",0.31245,"mg/L",24.9205,-80.63477,0.66
"4704","...849641","FIU_WQMP","06/09/2018 19:37:00","506-W","Total_Nitrogen",0.37285,"mg/L",24.65941,-81.38327,0.81
"4705","...849652","FIU_WQMP","04/27/2018 11:43:00","400-W","Total_Nitrogen",0.10024,"mg/L",25.1073,-80.3064,0.67
"4706","...849660","FIU_WQMP","06/22/2021 12:50:00","228-W","Total_Nitrogen",0.04127,"mg/L",24.97667,-80.45,0.76
"4707","...849690","FIU_WQMP","08/22/2021 15:54:00","278-W","Total_Nitrogen",0.05333,"mg/L",24.49862,-81.81895,0.77
"4708","...849698","FIU_WQMP","08/21/2021 15:56:00","222-W","Total_Nitrogen",0.04127,"mg/L",25.07237,-80.31277,0.65
"4709","...849706","FIU_WQMP","08/10/2021 10:48:00","243-W","Total_Nitrogen",0.04127,"mg/L",24.745,-80.78333,0.94
"4710","...849708","FIU_WQMP","10/13/2021 13:39:00","218-W","Total_Nitrogen",0.07667,"mg/L",25.15897,-80.29455,0.66
"4711","...849722","FIU_WQMP","10/27/2021 11:56:00","288-W","Total_Nitrogen",0.15667,"mg/L",24.88333,-81.08333,0.69
"4712","...849730","FIU_WQMP","08/30/2021 12:43:00","289-W","Total_Nitrogen",0.12667,"mg/L",24.77775,-81.033,0.69
"4713","...849738","FIU_WQMP","10/26/2021 14:30:00","309-W","Total_Nitrogen",0.11667,"mg/L",24.69772,-81.68318,0.69
"4714","...849750","FIU_WQMP","10/13/2021 10:28:00","204-W","Total_Nitrogen",0.10667,"mg/L",25.43082,-80.19553,0.83
"4715","...849758","FIU_WQMP","08/12/2021 13:04:00","506-W","Total_Nitrogen",0.17667,"mg/L",24.65941,-81.38327,0.66
"4716","...849766","FIU_WQMP","08/21/2021 15:39:00","400-W","Total_Nitrogen",0.04127,"mg/L",25.1073,-80.3064,0.7
"4717","...849769","FIU_WQMP","06/18/2022 09:14:00","332-W","Total_Nitrogen",0.06697,"mg/L",24.5355,-82.36733,0.709
"4718","...849778","FIU_WQMP","09/23/2015 16:51:00","242-W","Total_Nitrogen",0.2037,"mg/L",24.7915,-80.81225,0.66
"4719","...849786","FIU_WQMP","09/01/2022 15:24:00","295-W","Total_Nitrogen",0.04843,"mg/L",24.85163,-81.35123,0.672
"4720","...849794","FIU_WQMP","09/01/2022 15:03:00","296-W","Total_Nitrogen",0.04843,"mg/L",24.79152,-81.28908,0.665
"4721","...849803","FIU_WQMP","09/02/2015 13:50:00","213-W","Total_Nitrogen",0.09939,"mg/L",25.26312,-80.18773,0.68
"4722","...849808","FIU_WQMP","06/13/2022 10:36:00","296-W","Total_Nitrogen",0.18989,"mg/L",24.79152,-81.28908,0.691
"4723","...849816","FIU_WQMP","06/28/2022 12:03:00","273-W","Total_Nitrogen",0.066,"mg/L",24.4929,-81.6571,0.706
"4724","...849823","FIU_WQMP","09/01/2022 17:49:00","507-W","Total_Nitrogen",0.1056,"mg/L",24.69309,-81.35463,0.689
"4725","...849838","FIU_WQMP","08/26/2022 14:29:00","239-W","Total_Nitrogen",0.10667,"mg/L",24.80223,-80.7162,0.693
"4726","...849853","FIU_WQMP","09/13/2015 18:57:00","325-W","Total_Nitrogen",0.14402,"mg/L",24.54167,-82.1,0.66
"4727","...849893","FIU_WQMP","05/16/2022 10:34:00","201-W","Total_Nitrogen",0.129,"mg/L",25.51,-80.165,0.73
"4728","...849902","FIU_WQMP","08/26/2022 11:56:00","225-W","Total_Nitrogen",0.09333,"mg/L",25.017,-80.3674,0.668
"4729","...849913","FIU_WQMP","02/18/2022 10:21:00","225-W","Total_Nitrogen",0.0533,"mg/L",25.017,-80.3674,0.67
"4730","...849915","FIU_WQMP","09/01/2022 15:47:00","302-W","Total_Nitrogen",0.04843,"mg/L",24.80128,-81.48227,0.683
"4731","...849930","FIU_WQMP","06/13/2022 15:28:00","505-W","Total_Nitrogen",0.09514,"mg/L",24.71208,-81.10071,0.714
"4732","...849950","FIU_WQMP","02/28/2022 11:43:00","287-W","Total_Nitrogen",0.2433,"mg/L",24.84667,-81.00833,0.67
"4733","...849967","FIU_WQMP","02/19/2022 11:58:00","213-W","Total_Nitrogen",0.0413,"mg/L",25.26312,-80.18773,0.66
"4734","...849971","FIU_WQMP","06/28/2022 16:31:00","506-W","Total_Nitrogen",0.12235,"mg/L",24.65941,-81.38327,0.732
"4735","...849978","FIU_WQMP","02/08/2022 08:57:00","241-W","Total_Nitrogen",0.2167,"mg/L",24.80247,-80.8089,0.69
"4736","...849980","FIU_WQMP","09/08/2022 15:23:00","270-W","Total_Nitrogen",0.09397,"mg/L",24.52162,-81.56432,0.664
"4737","...850023","FIU_WQMP","09/01/2015 10:38:00","223-W","Total_Nitrogen",0.08916,"mg/L",25.06018,-80.42312,0.69
"4738","...850046","FIU_WQMP","01/26/2022 12:09:00","305-W","Total_Nitrogen",0.1367,"mg/L",24.76852,-81.555,0.73
"4739","...850049","FIU_WQMP","09/08/2015 15:36:00","290-W","Total_Nitrogen",0.13568,"mg/L",24.86267,-81.21623,0.67
"4740","...850059","FIU_WQMP","02/28/2022 13:43:00","289-W","Total_Nitrogen",0.2633,"mg/L",24.77775,-81.033,0.67
"4741","...850079","FIU_WQMP","09/01/2022 13:27:00","287-W","Total_Nitrogen",0.09293,"mg/L",24.84667,-81.00833,0.671
"4742","...850083","FIU_WQMP","02/28/2022 11:30:00","284-W","Total_Nitrogen",0.32,"mg/L",24.87667,-80.95833,0.65
"4743","...850094","FIU_WQMP","02/19/2022 08:25:00","207-W","Total_Nitrogen",0.0833,"mg/L",25.36443,-80.21508,0.67
"4744","...850113","FIU_WQMP","09/12/2022 13:15:00","325-W","Total_Nitrogen",0.08269,"mg/L",24.54167,-82.1,0.703
"4745","...850128","FIU_WQMP","02/28/2022 11:14:00","282-W","Total_Nitrogen",0.37,"mg/L",24.86667,-80.885,0.73
"4746","...850131","FIU_WQMP","09/08/2015 14:09:00","284-W","Total_Nitrogen",0.18213,"mg/L",24.87667,-80.95833,0.67
"4747","...850138","FIU_WQMP","02/18/2022 13:09:00","238-W","Total_Nitrogen",0.1167,"mg/L",24.83442,-80.74683,0.73
"4748","...850145","FIU_WQMP","09/01/2015 12:17:00","229-W","Total_Nitrogen",0.12391,"mg/L",24.95012,-80.56218,0.66
"4749","...850163","FIU_WQMP","09/17/2015 13:25:00","267-W","Total_Nitrogen",0.13064,"mg/L",24.53008,-81.4873,0.67
"4750","...850171","FIU_WQMP","09/14/2015 11:13:00","278-W","Total_Nitrogen",1.29613,"mg/L",24.49862,-81.81895,0.68
"4751","...850177","FIU_WQMP","01/26/2022 12:22:00","307-W","Total_Nitrogen",0.1133,"mg/L",24.72503,-81.52052,0.69
"4752","...850178","FIU_WQMP","06/09/2022 14:10:00","225-W","Total_Nitrogen",0.04127,"mg/L",25.017,-80.3674,0.764
"4753","...850184","FIU_WQMP","08/23/2022 14:16:00","249-W","Total_Nitrogen",0.10333,"mg/L",24.675,-80.9583,0.695
"4754","...850199","FIU_WQMP","05/16/2022 12:03:00","206-W","Total_Nitrogen",0.10905,"mg/L",25.41497,-80.143,0.67
"4755","...850202","FIU_WQMP","09/13/2022 10:54:00","310-W","Total_Nitrogen",0.15222,"mg/L",24.65752,-81.63265,0.677
"4756","...850216","FIU_WQMP","08/23/2022 13:50:00","246-W","Total_Nitrogen",0.215,"mg/L",24.71317,-80.85813,0.746
"4757","...850227","FIU_WQMP","06/11/2022 15:28:00","402-W","Total_Nitrogen",0.0517,"mg/L",24.63,-81.112,0.709
"4758","...850236","FIU_WQMP","08/26/2022 12:40:00","224-W","Total_Nitrogen",0.09333,"mg/L",25.03082,-80.39527,0.684
"4759","...850244","FIU_WQMP","08/31/2022 13:26:00","201-W","Total_Nitrogen",0.04843,"mg/L",25.51,-80.165,0.867
"4760","...850252","FIU_WQMP","09/14/2015 14:20:00","280-W","Total_Nitrogen",0.11182,"mg/L",24.45363,-81.84365,0.82
"4761","...850264","FIU_WQMP","09/01/2022 18:37:00","292-W","Total_Nitrogen",0.05705,"mg/L",24.76312,-81.11248,0.676
"4762","...850272","FIU_WQMP","09/08/2022 15:42:00","267-W","Total_Nitrogen",0.09426,"mg/L",24.53008,-81.4873,0.688
"4763","...850280","FIU_WQMP","06/09/2022 11:07:00","213-W","Total_Nitrogen",0.04127,"mg/L",25.26312,-80.18773,0.727
"4764","...850285","FIU_WQMP","09/14/2015 12:57:00","272-W","Total_Nitrogen",0.11972,"mg/L",24.50548,-81.65433,0.69
"4765","...850293","FIU_WQMP","09/08/2022 14:56:00","273-W","Total_Nitrogen",0.09978,"mg/L",24.4929,-81.6571,0.67
"4766","...850301","FIU_WQMP","05/19/2022 14:06:00","316-W","Total_Nitrogen",0.10734,"mg/L",24.58577,-81.8024,0.65
"4767","...850336","FIU_WQMP","09/17/2015 12:02:00","266-W","Total_Nitrogen",0.15054,"mg/L",24.61105,-81.50527,0.66
"4768","...850342","FIU_WQMP","09/02/2015 09:15:00","264-W","Total_Nitrogen",0.0851,"mg/L",24.94677,-80.45947,0.66
"4769","...850346","FIU_WQMP","09/01/2015 12:02:00","230-W","Total_Nitrogen",0.07769,"mg/L",24.93965,-80.55162,0.67
"4770","...850368","FIU_WQMP","02/22/2022 12:03:00","209-W","Total_Nitrogen",0.12,"mg/L",24.5857,-81.72272,0.68
"4771","...850376","FIU_WQMP","02/07/2022 12:04:00","263-W","Total_Nitrogen",0.0413,"mg/L",24.54843,-81.39742,0.71
"4772","...850377","FIU_WQMP","06/28/2022 10:20:00","259-W","Total_Nitrogen",0.07897,"mg/L",24.57037,-81.32167,0.678
"4773","...850392","FIU_WQMP","03/17/2022 13:07:00","330-W","Total_Nitrogen",0.1,"mg/L",24.66533,-82.374,0.66
"4774","...850393","FIU_WQMP","05/18/2022 10:45:00","211-W","Total_Nitrogen",0.11049,"mg/L",25.30788,-80.26165,0.69
"4775","...850396","FIU_WQMP","08/29/2022 15:47:00","214-W","Total_Nitrogen",0.12,"mg/L",25.2462,-80.29918,0.741
"4776","...850403","FIU_WQMP","06/09/2022 13:33:00","222-W","Total_Nitrogen",0.04127,"mg/L",25.07237,-80.31277,0.699
"4777","...850417","FIU_WQMP","05/19/2022 11:39:00","508-W","Total_Nitrogen",0.15285,"mg/L",24.57375,-81.76014,0.65
"4778","...850429","FIU_WQMP","06/13/2022 09:39:00","291-W","Total_Nitrogen",0.09251,"mg/L",24.81682,-81.14678,0.678
"4779","...850469","FIU_WQMP","09/17/2015 12:18:00","268-W","Total_Nitrogen",0.15268,"mg/L",24.58782,-81.57698,0.67
"4780","...850485","FIU_WQMP","09/24/2015 12:34:00","305-W","Total_Nitrogen",0.12075,"mg/L",24.76852,-81.555,0.66
"4781","...850503","FIU_WQMP","02/18/2022 12:28:00","237-W","Total_Nitrogen",0.0413,"mg/L",24.83265,-80.64907,0.78
"4782","...850504","FIU_WQMP","06/28/2022 10:45:00","263-W","Total_Nitrogen",0.09876,"mg/L",24.54843,-81.39742,0.771
"4783","...850509","FIU_WQMP","03/17/2022 14:43:00","318-W","Total_Nitrogen",0.2,"mg/L",24.65083,-81.90467,0.72
"4784","...850516","FIU_WQMP","09/13/2022 13:58:00","280-W","Total_Nitrogen",0.0723,"mg/L",24.45363,-81.84365,0.758
"4785","...850517","FIU_WQMP","06/11/2022 14:50:00","248-W","Total_Nitrogen",0.05245,"mg/L",24.69167,-80.96667,0.671
"4786","...850525","FIU_WQMP","09/08/2022 16:25:00","259-W","Total_Nitrogen",0.10322,"mg/L",24.57037,-81.32167,0.632
"4787","...850539","FIU_WQMP","09/13/2015 18:57:00","325-W","Total_Nitrogen",0.12566,"mg/L",24.54167,-82.1,0.66
"4788","...850541","FIU_WQMP","09/13/2022 09:21:00","317-W","Total_Nitrogen",0.21014,"mg/L",24.575,-81.78833,0.677
"4789","...850544","FIU_WQMP","08/31/2022 15:39:00","216-W","Total_Nitrogen",0.04843,"mg/L",25.22,-80.217,0.746
"4790","...850554","FIU_WQMP","09/25/2015 12:32:00","310-W","Total_Nitrogen",0.19088,"mg/L",24.65752,-81.63265,0.67
"4791","...850559","FIU_WQMP","06/13/2022 15:11:00","292-W","Total_Nitrogen",0.12911,"mg/L",24.76312,-81.11248,0.67
"4792","...850570","FIU_WQMP","09/13/2015 15:59:00","333-W","Total_Nitrogen",0.08168,"mg/L",24.57717,-82.49133,0.66
"4793","...850582","FIU_WQMP","02/28/2022 12:57:00","294-W","Total_Nitrogen",0.2433,"mg/L",24.7555,-81.17218,0.66
"4794","...850584","FIU_WQMP","09/08/2022 12:40:00","260-W","Total_Nitrogen",0.13132,"mg/L",24.6255,-81.41662,0.685
"4795","...850607","FIU_WQMP","08/26/2022 13:33:00","231-W","Total_Nitrogen",0.09333,"mg/L",24.925,-80.503,0.699
"4796","...850616","FIU_WQMP","09/13/2022 09:38:00","316-W","Total_Nitrogen",0.10271,"mg/L",24.58577,-81.8024,0.691
"4797","...850626","FIU_WQMP","09/23/2015 09:26:00","243-W","Total_Nitrogen",0.11002,"mg/L",24.745,-80.78333,0.66
"4798","...850639","FIU_WQMP","02/21/2022 12:22:00","226-W","Total_Nitrogen",0.0967,"mg/L",25.0084,-80.50148,0.66
"4799","...850659","FIU_WQMP","02/18/2022 09:51:00","222-W","Total_Nitrogen",0.0413,"mg/L",25.07237,-80.31277,0.68
"4800","...850662","FIU_WQMP","02/07/2022 13:44:00","266-W","Total_Nitrogen",0.0633,"mg/L",24.61105,-81.50527,0.73
"4801","...850663","FIU_WQMP","06/07/2022 10:10:00","255-W","Total_Nitrogen",0.09968,"mg/L",24.62168,-81.24308,0.741
"4802","...850671","FIU_WQMP","05/18/2022 14:39:00","227-W","Total_Nitrogen",0.07517,"mg/L",25.00167,-80.4749,0.66
"4803","...850679","FIU_WQMP","05/27/2022 10:48:00","229-W","Total_Nitrogen",0.24144,"mg/L",24.95012,-80.56218,0.67
"4804","...850694","FIU_WQMP","02/21/2022 11:50:00","223-W","Total_Nitrogen",0.0633,"mg/L",25.06018,-80.42312,0.67
"4805","...850702","FIU_WQMP","02/07/2022 14:42:00","253-W","Total_Nitrogen",0.0533,"mg/L",24.64537,-81.30723,0.67
"4806","...850709","FIU_WQMP","09/17/2015 12:55:00","270-W","Total_Nitrogen",0.11798,"mg/L",24.52162,-81.56432,0.73
"4807","...850737","FIU_WQMP","09/02/2015 11:13:00","400-W","Total_Nitrogen",0.09319,"mg/L",25.1073,-80.3064,0.66
"4808","...850754","FIU_WQMP","02/08/2022 12:51:00","504-W","Total_Nitrogen",0.13,"mg/L",24.72254,-81.04338,0.7
"4809","...850756","FIU_WQMP","09/08/2022 16:25:00","259-W","Total_Nitrogen",0.10187,"mg/L",24.57037,-81.32167,0.632
"4810","...850763","FIU_WQMP","05/19/2022 12:42:00","310-W","Total_Nitrogen",0.13427,"mg/L",24.65752,-81.63265,0.7
"4811","...850766","FIU_WQMP","06/11/2022 13:34:00","243-W","Total_Nitrogen",0.06303,"mg/L",24.745,-80.78333,0.675
"4812","...850796","FIU_WQMP","09/01/2015 11:26:00","226-W","Total_Nitrogen",0.11294,"mg/L",25.0084,-80.50148,0.66
"4813","...850808","FIU_WQMP","02/07/2022 14:03:00","260-W","Total_Nitrogen",0.07,"mg/L",24.6255,-81.41662,0.7
"4814","...850810","FIU_WQMP","09/01/2022 11:57:00","289-W","Total_Nitrogen",0.13815,"mg/L",24.77775,-81.033,0.921
"4815","...850841","FIU_WQMP","06/28/2022 12:36:00","403-W","Total_Nitrogen",0.06952,"mg/L",24.483,-81.7,0.658
"4816","...850843","FIU_WQMP","06/09/2022 16:00:00","231-W","Total_Nitrogen",0.04127,"mg/L",24.925,-80.503,0.696
"4817","...850890","FIU_WQMP","06/11/2022 18:43:00","241-W","Total_Nitrogen",0.09586,"mg/L",24.80247,-80.8089,0.679
"4818","...850899","FIU_WQMP","08/23/2022 11:29:00","247-W","Total_Nitrogen",0.18,"mg/L",24.71318,-81.01115,0.689
"4819","...850905","FIU_WQMP","01/25/2022 13:16:00","273-W","Total_Nitrogen",0.0413,"mg/L",24.4929,-81.6571,0.65
"4820","...850916","FIU_WQMP","02/18/2022 09:14:00","219-W","Total_Nitrogen",0.0433,"mg/L",25.142,-80.258,0.66
"4821","...850933","FIU_WQMP","09/08/2015 12:24:00","289-W","Total_Nitrogen",0.20589,"mg/L",24.77775,-81.033,0.67
"4822","...850938","FIU_WQMP","05/18/2022 11:57:00","215-W","Total_Nitrogen",0.10864,"mg/L",25.23667,-80.28897,0.66
"4823","...850955","FIU_WQMP","09/25/2015 13:27:00","312-W","Total_Nitrogen",0.1578,"mg/L",24.65978,-81.76343,0.66
"4824","...850968","FIU_WQMP","03/17/2022 09:43:00","322-W","Total_Nitrogen",0.0767,"mg/L",24.45833,-81.98167,0.65
"4825","...850998","FIU_WQMP","06/11/2022 15:51:00","252-W","Total_Nitrogen",0.05216,"mg/L",24.60693,-81.15442,0.735
"4826","...851007","FIU_WQMP","09/03/2015 10:56:00","201-W","Total_Nitrogen",0.12373,"mg/L",25.51,-80.165,0.67
"4827","...851015","FIU_WQMP","08/31/2022 13:47:00","200-W","Total_Nitrogen",0.04843,"mg/L",25.59,-80.1,0.719
"4828","...851019","FIU_WQMP","06/11/2022 12:15:00","237-W","Total_Nitrogen",0.05266,"mg/L",24.83265,-80.64907,0.656
"4829","...851041","FIU_WQMP","09/25/2015 11:47:00","209-W","Total_Nitrogen",0.38673,"mg/L",24.5857,-81.72272,0.65
"4830","...851069","FIU_WQMP","02/22/2022 13:31:00","315-W","Total_Nitrogen",0.125,"mg/L",24.63325,-81.82827,0.69
"4831","...851083","FIU_WQMP","08/29/2022 11:20:00","503-W","Total_Nitrogen",0.16027,"mg/L",24.9205,-80.63477,0.681
"4832","...851100","FIU_WQMP","02/19/2022 12:26:00","216-W","Total_Nitrogen",0.06,"mg/L",25.22,-80.217,0.65
"4833","...851108","FIU_WQMP","02/08/2022 10:56:00","402-W","Total_Nitrogen",0.0413,"mg/L",24.63,-81.112,0.68
"4834","...851109","FIU_WQMP","06/09/2022 11:07:00","213-W","Total_Nitrogen",0.04127,"mg/L",25.26312,-80.18773,0.727
"4835","...851118","FIU_WQMP","09/08/2022 16:47:00","256-W","Total_Nitrogen",0.10022,"mg/L",24.58497,-81.23408,0.644
"4836","...851122","FIU_WQMP","02/19/2022 09:50:00","200-W","Total_Nitrogen",0.0413,"mg/L",25.59,-80.1,0.74
"4837","...851130","FIU_WQMP","02/19/2022 11:33:00","210-W","Total_Nitrogen",0.0467,"mg/L",25.325,-80.1636,0.73
"4838","...851131","FIU_WQMP","06/28/2022 16:15:00","260-W","Total_Nitrogen",0.1414,"mg/L",24.6255,-81.41662,0.761
"4839","...851140","FIU_WQMP","09/13/2022 12:08:00","508-W","Total_Nitrogen",0.1048,"mg/L",24.57375,-81.76014,0.674
"4840","...851148","FIU_WQMP","09/13/2022 10:10:00","312-W","Total_Nitrogen",0.07729,"mg/L",24.65978,-81.76343,0.679
"4841","...851157","FIU_WQMP","01/26/2022 11:48:00","302-W","Total_Nitrogen",0.1167,"mg/L",24.80128,-81.48227,0.68
"4842","...851176","FIU_WQMP","09/13/2022 10:30:00","309-W","Total_Nitrogen",0.1002,"mg/L",24.69772,-81.68318,0.706
"4843","...851184","FIU_WQMP","02/19/2022 14:40:00","218-W","Total_Nitrogen",0.05,"mg/L",25.15897,-80.29455,0.66
"4844","...851198","FIU_WQMP","02/08/2022 13:55:00","244-W","Total_Nitrogen",0.1533,"mg/L",24.79333,-80.86333,0.68
"4845","...851214","FIU_WQMP","09/12/2022 17:35:00","318-W","Total_Nitrogen",0.08162,"mg/L",24.65083,-81.90467,0.683
"4846","...851216","FIU_WQMP","09/17/2015 10:52:00","","Total_Nitrogen",0.05054,"mg/L",NA,NA,NA
"4847","...851222","FIU_WQMP","09/14/2015 14:20:00","","Total_Nitrogen",0.05,"mg/L",NA,NA,NA
"4848","...851225","FIU_WQMP","09/13/2015 10:52:00","","Total_Nitrogen",0.05,"mg/L",NA,NA,NA
"4849","...851226","FIU_WQMP","09/25/2015 15:23:00","","Total_Nitrogen",0.05,"mg/L",NA,NA,NA
"4850","...851235","FIU_WQMP","05/19/2022 12:42:00","310-W","Total_Nitrogen",0.14497,"mg/L",24.65752,-81.63265,0.7
"4851","...851245","FIU_WQMP","08/26/2022 14:11:00","237-W","Total_Nitrogen",0.09,"mg/L",24.83265,-80.64907,0.697
"4852","...851251","FIU_WQMP","09/08/2015 17:30:00","","Total_Nitrogen",0.05,"mg/L",NA,NA,NA
"4853","...851276","FIU_WQMP","08/23/2022 13:12:00","242-W","Total_Nitrogen",0.14,"mg/L",24.7915,-80.81225,0.689
"4854","...851298","FIU_WQMP","09/13/2015 18:57:00","","Total_Nitrogen",0.05,"mg/L",NA,NA,NA
"4855","...851299","FIU_WQMP","09/17/2015 14:32:00","","Total_Nitrogen",0.11282,"mg/L",NA,NA,NA
"4856","...851318","FIU_WQMP","09/24/2015 12:57:00","307-W","Total_Nitrogen",0.16294,"mg/L",24.72503,-81.52052,0.66
"4857","...851320","FIU_WQMP","09/01/2015 14:27:00","","Total_Nitrogen",0.05,"mg/L",NA,NA,NA
"4858","...851321","FIU_WQMP","09/24/2015 16:28:00","","Total_Nitrogen",0.05,"mg/L",NA,NA,NA
"4859","...851357","FIU_WQMP","02/28/2022 14:05:00","","Total_Nitrogen",0.0413,"mg/L",NA,NA,NA
"4860","...851358","FIU_WQMP","05/27/2022 09:06:00","","Total_Nitrogen",0.04127,"mg/L",NA,NA,NA
"4861","...851362","FIU_WQMP","06/18/2022 06:41:00","","Total_Nitrogen",0.04127,"mg/L",NA,NA,NA
"4862","...851377","FIU_WQMP","09/12/2022 17:44:00","","Total_Nitrogen",0.04843,"mg/L",NA,NA,NA
"4863","...851395","FIU_WQMP","02/07/2022 10:14:00","","Total_Nitrogen",0.0413,"mg/L",NA,NA,NA
"4864","...851397","FIU_WQMP","08/31/2022 15:58:00","","Total_Nitrogen",0.04843,"mg/L",NA,NA,NA
"4865","...851403","FIU_WQMP","02/22/2022 10:52:00","","Total_Nitrogen",0.0413,"mg/L",NA,NA,NA
"4866","...851417","FIU_WQMP","01/26/2022 10:54:00","296-W","Total_Nitrogen",0.1233,"mg/L",24.79152,-81.28908,0.68
"4867","...851418","FIU_WQMP","05/16/2022 11:06:00","200-W","Total_Nitrogen",0.10355,"mg/L",25.59,-80.1,0.74
"4868","...851434","FIU_WQMP","06/09/2022 16:16:00","","Total_Nitrogen",0.04127,"mg/L",NA,NA,NA
"4869","...851441","FIU_WQMP","03/17/2022 09:15:00","","Total_Nitrogen",0.0413,"mg/L",NA,NA,NA
"4870","...851444","FIU_WQMP","06/19/2022 12:20:00","","Total_Nitrogen",0.04127,"mg/L",NA,NA,NA
"4871","...851448","FIU_WQMP","08/29/2022 16:26:00","","Total_Nitrogen",0.04843,"mg/L",NA,NA,NA
"4872","...851456","FIU_WQMP","09/08/2022 17:15:00","","Total_Nitrogen",0.04843,"mg/L",NA,NA,NA
"4873","...851462","FIU_WQMP","02/08/2022 08:24:00","","Total_Nitrogen",0.0413,"mg/L",NA,NA,NA
"4874","...851469","FIU_WQMP","02/08/2022 13:59:00","","Total_Nitrogen",0.0413,"mg/L",NA,NA,NA
"4875","...851472","FIU_WQMP","08/26/2022 14:37:00","","Total_Nitrogen",0.04843,"mg/L",NA,NA,NA
"4876","...851481","FIU_WQMP","02/21/2022 11:02:00","217-W","Total_Nitrogen",0.0867,"mg/L",25.17332,-80.33985,0.72
"4877","...851497","FIU_WQMP","08/23/2022 16:27:00","","Total_Nitrogen",0.04843,"mg/L",NA,NA,NA
"4878","...851505","FIU_WQMP","06/13/2022 07:59:00","","Total_Nitrogen",0.04127,"mg/L",NA,NA,NA
"4879","...851511","FIU_WQMP","08/26/2022 10:41:00","","Total_Nitrogen",0.04843,"mg/L",NA,NA,NA
"4880","...851515","FIU_WQMP","09/12/2022 12:15:00","","Total_Nitrogen",0.04843,"mg/L",NA,NA,NA
"4881","...851529","FIU_WQMP","09/03/2015 11:33:00","200-W","Total_Nitrogen",0.05,"mg/L",25.59,-80.1,0.66
"4882","...851538","FIU_WQMP","05/18/2022 08:28:00","","Total_Nitrogen",0.04127,"mg/L",NA,NA,NA
"4883","...851549","FIU_WQMP","05/18/2022 14:59:00","","Total_Nitrogen",0.04127,"mg/L",NA,NA,NA
"4884","...851560","FIU_WQMP","06/18/2022 10:31:00","","Total_Nitrogen",0.04127,"mg/L",NA,NA,NA
"4885","...851562","FIU_WQMP","09/01/2022 12:37:00","285-W","Total_Nitrogen",0.48811,"mg/L",24.80998,-80.92028,0.659
"4886","...851569","FIU_WQMP","06/09/2022 10:42:00","","Total_Nitrogen",0.04127,"mg/L",NA,NA,NA
"4887","...851574","FIU_WQMP","09/23/2015 17:19:00","","Total_Nitrogen",0.05,"mg/L",NA,NA,NA
"4888","...851583","FIU_WQMP","05/27/2022 13:07:00","","Total_Nitrogen",0.04127,"mg/L",NA,NA,NA
"4889","...851586","FIU_WQMP","05/16/2022 12:45:00","","Total_Nitrogen",0.04552,"mg/L",NA,NA,NA
"4890","...851592","FIU_WQMP","09/13/2022 09:10:00","","Total_Nitrogen",0.04843,"mg/L",NA,NA,NA
"4891","...851599","FIU_WQMP","08/31/2022 12:47:00","","Total_Nitrogen",0.04843,"mg/L",NA,NA,NA
"4892","...851606","FIU_WQMP","06/13/2022 16:17:00","","Total_Nitrogen",0.04127,"mg/L",NA,NA,NA
"4893","...851624","FIU_WQMP","05/16/2022 08:00:00","","Total_Nitrogen",0.04327,"mg/L",NA,NA,NA
"4894","...851635","FIU_WQMP","06/07/2022 11:07:00","","Total_Nitrogen",0.04127,"mg/L",NA,NA,NA
"4895","...851641","FIU_WQMP","06/28/2022 16:40:00","","Total_Nitrogen",0.04127,"mg/L",NA,NA,NA
"4896","...851647","FIU_WQMP","09/08/2022 14:28:00","403-W","Total_Nitrogen",0.10928,"mg/L",24.483,-81.7,0.694
"4897","...851656","FIU_WQMP","09/14/2015 12:35:00","","Total_Nitrogen",0.05,"mg/L",NA,NA,NA
"4898","...851660","FIU_WQMP","05/19/2022 10:32:00","","Total_Nitrogen",0.04127,"mg/L",NA,NA,NA
"4899","...851663","FIU_WQMP","09/25/2015 11:47:00","","Total_Nitrogen",0.06509,"mg/L",NA,NA,NA
"4900","...851679","FIU_WQMP","06/11/2022 18:59:00","","Total_Nitrogen",0.04127,"mg/L",NA,NA,NA
"4901","...851689","FIU_WQMP","01/26/2022 10:17:00","","Total_Nitrogen",0.0413,"mg/L",NA,NA,NA
"4902","...851691","FIU_WQMP","06/11/2022 11:39:00","","Total_Nitrogen",0.04127,"mg/L",NA,NA,NA
"4903","...851693","FIU_WQMP","06/19/2022 08:26:00","","Total_Nitrogen",0.04127,"mg/L",NA,NA,NA
"4904","...851699","FIU_WQMP","02/07/2022 14:45:00","","Total_Nitrogen",0.0413,"mg/L",NA,NA,NA
"4905","...851703","FIU_WQMP","08/23/2022 11:21:00","","Total_Nitrogen",0.04843,"mg/L",NA,NA,NA
"4906","...851708","FIU_WQMP","09/08/2015 12:24:00","","Total_Nitrogen",0.05,"mg/L",NA,NA,NA
"4907","...851736","FIU_WQMP","02/19/2022 14:59:00","","Total_Nitrogen",0.0413,"mg/L",NA,NA,NA
"4908","...851740","FIU_WQMP","09/01/2022 11:55:00","","Total_Nitrogen",0.04843,"mg/L",NA,NA,NA
"4909","...851747","FIU_WQMP","09/03/2015 14:15:00","","Total_Nitrogen",0.05,"mg/L",NA,NA,NA
"4910","...851751","FIU_WQMP","02/22/2022 13:50:00","","Total_Nitrogen",0.0413,"mg/L",NA,NA,NA
"4911","...851754","FIU_WQMP","03/17/2022 14:48:00","","Total_Nitrogen",0.0413,"mg/L",NA,NA,NA
"4912","...851759","FIU_WQMP","06/28/2022 10:12:00","","Total_Nitrogen",0.04127,"mg/L",NA,NA,NA
"4913","...851771","FIU_WQMP","02/19/2022 08:01:00","","Total_Nitrogen",0.0413,"mg/L",NA,NA,NA
"4914","...851801","FIU_WQMP","02/21/2022 08:32:00","","Total_Nitrogen",0.0413,"mg/L",NA,NA,NA
"4915","...851810","FIU_WQMP","01/25/2022 10:28:00","","Total_Nitrogen",0.0413,"mg/L",NA,NA,NA
"4916","...851813","FIU_WQMP","09/14/2015 11:13:00","278-W","Total_Nitrogen",0.17771,"mg/L",24.49862,-81.81895,0.68
"4917","...851814","FIU_WQMP","09/08/2015 16:07:00","291-W","Total_Nitrogen",0.17841,"mg/L",24.81682,-81.14678,0.68
"4918","...851816","FIU_WQMP","09/08/2022 13:58:00","271-W","Total_Nitrogen",0.11102,"mg/L",24.55667,-81.66667,0.658
"4919","...851820","FIU_WQMP","09/02/2015 15:20:00","","Total_Nitrogen",0.05,"mg/L",NA,NA,NA
"4920","...851824","FIU_WQMP","09/08/2015 16:58:00","292-W","Total_Nitrogen",0.17154,"mg/L",24.76312,-81.11248,0.68
"4921","...851840","FIU_WQMP","08/29/2022 09:50:00","","Total_Nitrogen",0.04843,"mg/L",NA,NA,NA
"4922","...851860","FIU_WQMP","09/24/2015 10:43:00","","Total_Nitrogen",0.05,"mg/L",NA,NA,NA
"4923","...851864","FIU_WQMP","09/08/2022 11:35:00","","Total_Nitrogen",0.04843,"mg/L",NA,NA,NA
"4924","...851902","FIU_WQMP","09/01/2015 13:08:00","502-W","Total_Nitrogen",0.121,"mg/L",24.9265,-80.62067,0.71
"4925","...851905","FIU_WQMP","02/22/2022 12:50:00","309-W","Total_Nitrogen",0.08,"mg/L",24.69772,-81.68318,0.66
"4926","...851906","FIU_WQMP","05/18/2022 14:10:00","223-W","Total_Nitrogen",0.07507,"mg/L",25.06018,-80.42312,0.73
"4927","...851925","FIU_WQMP","09/13/2022 14:39:00","278-W","Total_Nitrogen",0.08058,"mg/L",24.49862,-81.81895,0.678
"4928","...851927","FIU_WQMP","01/25/2022 14:24:00","","Total_Nitrogen",0.0413,"mg/L",NA,NA,NA
"4929","...851936","FIU_WQMP","02/18/2022 08:53:00","","Total_Nitrogen",0.0413,"mg/L",NA,NA,NA
"4930","...851944","FIU_WQMP","09/13/2022 14:49:00","","Total_Nitrogen",0.04843,"mg/L",NA,NA,NA
"4931","...851957","FIU_WQMP","09/25/2015 14:59:00","508-W","Total_Nitrogen",0.1935,"mg/L",24.57375,-81.76014,0.68
"4932","...851963","FIU_WQMP","05/19/2022 14:22:00","","Total_Nitrogen",0.04127,"mg/L",NA,NA,NA
"4933","...851970","FIU_WQMP","09/01/2022 14:01:00","291-W","Total_Nitrogen",0.0641,"mg/L",24.81682,-81.14678,0.736
"4934","...851983","FIU_WQMP","09/23/2015 08:54:00","","Total_Nitrogen",0.05,"mg/L",NA,NA,NA
"4935","...851987","FIU_WQMP","09/03/2015 09:19:00","","Total_Nitrogen",0.05,"mg/L",NA,NA,NA
"4936","...851989","FIU_WQMP","01/26/2022 13:54:00","","Total_Nitrogen",0.0413,"mg/L",NA,NA,NA
"4937","...851993","FIU_WQMP","09/12/2022 12:49:00","322-W","Total_Nitrogen",0.0869,"mg/L",24.45833,-81.98167,0.688
"4938","...851998","FIU_WQMP","02/21/2022 13:01:00","","Total_Nitrogen",0.0413,"mg/L",NA,NA,NA
"4939","...852003","FIU_WQMP","02/28/2022 09:38:00","","Total_Nitrogen",0.0413,"mg/L",NA,NA,NA
"4940","...852016","FIU_WQMP","06/07/2022 09:12:00","","Total_Nitrogen",0.04127,"mg/L",NA,NA,NA
"4941","...852030","FIU_WQMP","09/01/2022 18:59:00","","Total_Nitrogen",0.04843,"mg/L",NA,NA,NA
"4942","...852036","FIU_WQMP","02/18/2022 16:23:00","","Total_Nitrogen",0.0413,"mg/L",NA,NA,NA
"4943","...852051","FIU_WQMP","09/13/2015 17:11:00","330-W","Total_Nitrogen",0.09476,"mg/L",24.66533,-82.374,0.67
"4944","...852066","FIU_WQMP","02/28/2022 11:58:00","288-W","Total_Nitrogen",0.1833,"mg/L",24.88333,-81.08333,0.75
"4945","...852074","FIU_WQMP","02/18/2022 11:19:00","264-W","Total_Nitrogen",0.0413,"mg/L",24.94677,-80.45947,0.67
"4946","...852075","FIU_WQMP","05/27/2022 11:22:00","232-W","Total_Nitrogen",0.09704,"mg/L",24.92703,-80.59852,0.736
"4947","...852084","FIU_WQMP","08/29/2022 13:29:00","229-W","Total_Nitrogen",0.04843,"mg/L",24.95012,-80.56218,0.723
"4948","...852109","FIU_WQMP","09/03/2015 14:15:00","210-W","Total_Nitrogen",0.10765,"mg/L",25.325,-80.1636,0.66
"4949","...852120","FIU_WQMP","09/03/2015 10:32:00","204-W","Total_Nitrogen",0.12726,"mg/L",25.43082,-80.19553,0.68
"4950","...852136","FIU_WQMP","02/28/2022 12:42:00","291-W","Total_Nitrogen",0.1967,"mg/L",24.81682,-81.14678,0.68
"4951","...852137","FIU_WQMP","06/11/2022 14:26:00","249-W","Total_Nitrogen",0.04853,"mg/L",24.675,-80.9583,0.668
"4952","...852145","FIU_WQMP","06/19/2022 10:39:00","324-W","Total_Nitrogen",0.06654,"mg/L",24.65333,-82.15833,0.666
"4953","...852190","FIU_WQMP","09/08/2015 15:00:00","288-W","Total_Nitrogen",0.14844,"mg/L",24.88333,-81.08333,0.65
"4954","...852193","FIU_WQMP","05/27/2022 11:08:00","230-W","Total_Nitrogen",0.12461,"mg/L",24.93965,-80.55162,0.7
"4955","...852203","FIU_WQMP","09/12/2022 17:07:00","319-W","Total_Nitrogen",0.07256,"mg/L",24.629,-82.07133,0.723
"4956","...852211","FIU_WQMP","09/24/2015 16:28:00","296-W","Total_Nitrogen",0.19044,"mg/L",24.79152,-81.28908,0.65
"4957","...852227","FIU_WQMP","09/03/2015 11:33:00","200-W","Total_Nitrogen",0.09211,"mg/L",25.59,-80.1,0.66
"4958","...852231","FIU_WQMP","08/26/2022 12:40:00","224-W","Total_Nitrogen",0.11333,"mg/L",25.03082,-80.39527,0.684
"4959","...852255","FIU_WQMP","09/03/2015 09:38:00","212-W","Total_Nitrogen",0.11748,"mg/L",25.29452,-80.24542,0.65
"4960","...852267","FIU_WQMP","08/26/2022 11:44:00","222-W","Total_Nitrogen",0.13667,"mg/L",25.07237,-80.31277,0.761
"4961","...852280","FIU_WQMP","08/26/2022 14:11:00","237-W","Total_Nitrogen",0.09333,"mg/L",24.83265,-80.64907,0.697
"4962","...852293","FIU_WQMP","05/16/2022 11:44:00","502-W","Total_Nitrogen",0.13468,"mg/L",24.9265,-80.62067,0.73
"4963","...852309","FIU_WQMP","09/17/2015 11:42:00","260-W","Total_Nitrogen",0.12674,"mg/L",24.6255,-81.41662,0.68
"4964","...852324","FIU_WQMP","03/17/2022 10:13:00","325-W","Total_Nitrogen",0.0733,"mg/L",24.54167,-82.1,0.72
"4965","...852332","FIU_WQMP","01/26/2022 11:18:00","295-W","Total_Nitrogen",0.0667,"mg/L",24.85163,-81.35123,0.66
"4966","...852338","FIU_WQMP","11/29/2022 16:58:00","294-W","Total_Nitrogen",0.241156368,"mg/L",24.7555,-81.17218,0.667
"4967","...852346","FIU_WQMP","12/06/2022 12:56:00","310-W","Total_Nitrogen",0.188477083,"mg/L",24.65752,-81.63265,0.679
"4968","...852409","FIU_WQMP","04/14/2023 11:48:00","280-W","Total_Nitrogen",0.056325673,"mg/L",24.45363,-81.84365,0.684
"4969","...852420","FIU_WQMP","03/07/2023 17:55:00","228-W","Total_Nitrogen",0.069250949,"mg/L",24.97667,-80.45,0.682
"4970","...852427","FIU_WQMP","02/03/2023 12:06:00","259-W","Total_Nitrogen",0.074457202,"mg/L",24.57037,-81.32167,0.664
"4971","...852431","FIU_WQMP","02/03/2023 12:06:00","259-W","Total_Nitrogen",0.056844885,"mg/L",24.57037,-81.32167,0.664
"4972","...852443","FIU_WQMP","11/29/2022 13:51:00","295-W","Total_Nitrogen",0.144797127,"mg/L",24.85163,-81.35123,0.673
"4973","...852453","FIU_WQMP","12/01/2022 15:14:00","269-W","Total_Nitrogen",0.172732981,"mg/L",24.55943,-81.55955,0.669
"4974","...852460","FIU_WQMP","12/01/2022 13:44:00","270-W","Total_Nitrogen",0.096350705,"mg/L",24.52162,-81.56432,0.774
"4975","...852487","FIU_WQMP","12/05/2022 12:52:00","230-W","Total_Nitrogen",0.117862448,"mg/L",24.93965,-80.55162,0.702
"4976","...852489","FIU_WQMP","11/28/2022 12:38:00","211-W","Total_Nitrogen",0.153340862,"mg/L",25.30788,-80.26165,0.66
"4977","...852494","FIU_WQMP","02/02/2023 12:56:00","302-W","Total_Nitrogen",0.129294291,"mg/L",24.80128,-81.48227,0.656
"4978","...852506","FIU_WQMP","03/07/2023 14:03:00","200-W","Total_Nitrogen",0.06464306,"mg/L",25.59,-80.1,0.666
"4979","...852514","FIU_WQMP","02/23/2023 13:14:00","285-W","Total_Nitrogen",0.269667997,"mg/L",24.80998,-80.92028,0.675
"4980","...852520","FIU_WQMP","02/23/2023 14:13:00","288-W","Total_Nitrogen",0.171174555,"mg/L",24.88333,-81.08333,0.795
"4981","...852522","FIU_WQMP","03/07/2023 15:09:00","210-W","Total_Nitrogen",0.078112274,"mg/L",25.325,-80.1636,0.675
"4982","...852526","FIU_WQMP","11/29/2022 17:24:00","505-W","Total_Nitrogen",0.227447632,"mg/L",24.71208,-81.10071,0.661
"4983","...852546","FIU_WQMP","12/01/2022 14:45:00","271-W","Total_Nitrogen",0.141972228,"mg/L",24.55667,-81.66667,0.686
"4984","...852566","FIU_WQMP","12/08/2022 11:17:00","332-W","Total_Nitrogen",0.069343071,"mg/L",24.5355,-82.36733,0.683
"4985","...852575","FIU_WQMP","12/04/2022 13:08:00","226-W","Total_Nitrogen",0.14665543,"mg/L",25.0084,-80.50148,0.622
"4986","...852583","FIU_WQMP","11/28/2022 15:24:00","213-W","Total_Nitrogen",0.048428696,"mg/L",25.26312,-80.18773,0.683
"4987","...852587","FIU_WQMP","02/02/2023 13:23:00","305-W","Total_Nitrogen",0.14851783,"mg/L",24.76852,-81.555,0.768
"4988","...852610","FIU_WQMP","03/01/2023 13:50:00","266-W","Total_Nitrogen",0.103802919,"mg/L",24.61105,-81.50527,0.663
"4989","...852615","FIU_WQMP","02/02/2023 12:09:00","296-W","Total_Nitrogen",0.175964155,"mg/L",24.79152,-81.28908,0.653
"4990","...852619","FIU_WQMP","12/01/2022 16:43:00","506-W","Total_Nitrogen",0.162178663,"mg/L",24.65941,-81.38327,0.749
"4991","...852669","FIU_WQMP","12/04/2022 16:08:00","237-W","Total_Nitrogen",0.066714061,"mg/L",24.83265,-80.64907,0.661
"4992","...852685","FIU_WQMP","02/28/2023 07:13:00","281-W","Total_Nitrogen",0.115002054,"mg/L",24.495,-81.89167,0.688
"4993","...852689","FIU_WQMP","03/07/2023 17:26:00","224-W","Total_Nitrogen",0.066119948,"mg/L",25.03082,-80.39527,0.678
"4994","...852690","FIU_WQMP","03/07/2023 12:14:00","207-W","Total_Nitrogen",0.08918893,"mg/L",25.36443,-80.21508,0.686
"4995","...852707","FIU_WQMP","03/10/2023 12:03:00","215-W","Total_Nitrogen",0.081783362,"mg/L",25.23667,-80.28897,0.625
"4996","...852716","FIU_WQMP","03/10/2023 13:12:00","500-W","Total_Nitrogen",0.179537992,"mg/L",25.08535,-80.43346,0.674
"4997","...852719","FIU_WQMP","02/28/2023 11:18:00","330-W","Total_Nitrogen",0.07050023,"mg/L",24.66533,-82.374,0.765
"4998","...852730","FIU_WQMP","11/23/2022 13:43:00","249-W","Total_Nitrogen",0.051667477,"mg/L",24.675,-80.9583,0.691
"4999","...852741","FIU_WQMP","11/28/2022 11:55:00","215-W","Total_Nitrogen",0.111972742,"mg/L",25.23667,-80.28897,0.661
"5000","...852758","FIU_WQMP","12/04/2022 14:15:00","224-W","Total_Nitrogen",0.048428696,"mg/L",25.03082,-80.39527,0.689
"5001","...852761","FIU_WQMP","12/04/2022 13:27:00","227-W","Total_Nitrogen",0.090083036,"mg/L",25.00167,-80.4749,0.725
"5002","...852769","FIU_WQMP","11/28/2022 14:41:00","206-W","Total_Nitrogen",0.049494843,"mg/L",25.41497,-80.143,0.706
"5003","...852780","FIU_WQMP","04/10/2023 14:42:00","248-W","Total_Nitrogen",0.115468237,"mg/L",24.69167,-80.96667,0.652
"5004","...852785","FIU_WQMP","04/10/2023 14:55:00","249-W","Total_Nitrogen",0.079586158,"mg/L",24.675,-80.9583,0.742
"5005","...852789","FIU_WQMP","03/10/2023 11:12:00","212-W","Total_Nitrogen",0.089682108,"mg/L",25.29452,-80.24542,0.731
"5006","...852802","FIU_WQMP","12/04/2022 15:11:00","264-W","Total_Nitrogen",0.06189421,"mg/L",24.94677,-80.45947,0.685
"5007","...852855","FIU_WQMP","02/07/2023 13:35:00","310-W","Total_Nitrogen",0.172297237,"mg/L",24.65752,-81.63265,0.694
"5008","...852870","FIU_WQMP","03/05/2023 15:26:00","503-W","Total_Nitrogen",0.266681266,"mg/L",24.9205,-80.63477,0.666
"5009","...852882","FIU_WQMP","12/01/2022 16:00:00","266-W","Total_Nitrogen",0.157300644,"mg/L",24.61105,-81.50527,0.737
"5010","...852889","FIU_WQMP","11/28/2022 16:37:00","218-W","Total_Nitrogen",0.070046784,"mg/L",25.15897,-80.29455,0.663
"5011","...852891","FIU_WQMP","11/28/2022 17:07:00","222-W","Total_Nitrogen",0.048428696,"mg/L",25.07237,-80.31277,0.729
"5012","...852912","FIU_WQMP","04/14/2023 11:22:00","278-W","Total_Nitrogen",0.05985585,"mg/L",24.49862,-81.81895,0.631
"5013","...852916","FIU_WQMP","02/28/2023 10:42:00","337-W","Total_Nitrogen",0.060597837,"mg/L",24.59133,-82.58783,0.666
"5014","...852929","FIU_WQMP","12/01/2022 12:13:00","256-W","Total_Nitrogen",0.089284046,"mg/L",24.58497,-81.23408,0.682
"5015","...852943","FIU_WQMP","11/23/2022 17:15:00","242-W","Total_Nitrogen",0.066686168,"mg/L",24.7915,-80.81225,0.634
"5016","...852966","FIU_WQMP","11/28/2022 13:31:00","201-W","Total_Nitrogen",0.063352723,"mg/L",25.51,-80.165,0.721
"5017","...852973","FIU_WQMP","03/07/2023 17:26:00","224-W","Total_Nitrogen",0.063284324,"mg/L",25.03082,-80.39527,0.678
"5018","...852974","FIU_WQMP","03/07/2023 15:28:00","213-W","Total_Nitrogen",0.071436743,"mg/L",25.26312,-80.18773,0.62
"5019","...852984","FIU_WQMP","03/05/2023 11:48:00","401-W","Total_Nitrogen",0.159577387,"mg/L",24.853,-80.622,0.706
"5020","...852986","FIU_WQMP","04/10/2023 16:41:00","504-W","Total_Nitrogen",0.21150841,"mg/L",24.72254,-81.04338,0.656
"5021","...852993","FIU_WQMP","11/29/2022 13:29:00","296-W","Total_Nitrogen",0.142418974,"mg/L",24.79152,-81.28908,0.675
"5022","...853007","FIU_WQMP","12/04/2022 14:29:00","225-W","Total_Nitrogen",0.0812223,"mg/L",25.017,-80.3674,0.658
"5023","...853014","FIU_WQMP","12/06/2022 12:28:00","209-W","Total_Nitrogen",0.183073167,"mg/L",24.5857,-81.72272,0.669
"5024","...853039","FIU_WQMP","02/03/2023 13:11:00","506-W","Total_Nitrogen",0.18504811,"mg/L",24.65941,-81.38327,0.5
"5025","...853043","FIU_WQMP","11/29/2022 17:43:00","289-W","Total_Nitrogen",0.141714336,"mg/L",24.77775,-81.033,0.742
"5026","...853069","FIU_WQMP","12/05/2022 12:42:00","229-W","Total_Nitrogen",0.305232849,"mg/L",24.95012,-80.56218,0.7
"5027","...853088","FIU_WQMP","02/07/2023 12:54:00","508-W","Total_Nitrogen",0.142128504,"mg/L",24.57375,-81.76014,0.612
"5028","...853114","FIU_WQMP","12/05/2022 13:46:00","235-W","Total_Nitrogen",0.128566359,"mg/L",24.87123,-80.66865,0.699
"5029","...853117","FIU_WQMP","03/01/2023 12:24:00","275-W","Total_Nitrogen",0.081168879,"mg/L",24.52143,-81.74422,0.637
"5030","...853124","FIU_WQMP","02/07/2023 15:04:00","316-W","Total_Nitrogen",0.119238047,"mg/L",24.58577,-81.8024,0.652
"5031","...853149","FIU_WQMP","11/28/2022 13:57:00","200-W","Total_Nitrogen",0.081379711,"mg/L",25.59,-80.1,0.677
"5032","...853171","FIU_WQMP","04/10/2023 16:15:00","250-W","Total_Nitrogen",0.187474187,"mg/L",24.69193,-81.18245,0.668
"5033","...853192","FIU_WQMP","11/23/2022 17:24:00","241-W","Total_Nitrogen",0.059439327,"mg/L",24.80247,-80.8089,0.724
"5034","...853202","FIU_WQMP","02/28/2023 10:21:00","333-W","Total_Nitrogen",0.080815222,"mg/L",24.57717,-82.49133,0.728
"5035","...853206","FIU_WQMP","03/10/2023 12:48:00","220-W","Total_Nitrogen",0.103336528,"mg/L",25.11355,-80.37342,0.667
"5036","...853217","FIU_WQMP","03/10/2023 13:48:00","227-W","Total_Nitrogen",0.09304979,"mg/L",25.00167,-80.4749,0.789
"5037","...853222","FIU_WQMP","11/28/2022 17:27:00","220-W","Total_Nitrogen",0.099582858,"mg/L",25.11355,-80.37342,0.673
"5038","...853234","FIU_WQMP","02/28/2023 08:05:00","325-W","Total_Nitrogen",0.084911747,"mg/L",24.54167,-82.1,0.687
"5039","...853250","FIU_WQMP","11/29/2022 14:15:00","302-W","Total_Nitrogen",0.212872647,"mg/L",24.80128,-81.48227,0.663
"5040","...853263","FIU_WQMP","12/08/2022 09:35:00","325-W","Total_Nitrogen",0.119927165,"mg/L",24.54167,-82.1,0.832
"5041","...853279","FIU_WQMP","03/07/2023 14:03:00","200-W","Total_Nitrogen",0.071673045,"mg/L",25.59,-80.1,0.666
"5042","...853283","FIU_WQMP","02/23/2023 13:55:00","287-W","Total_Nitrogen",0.203386803,"mg/L",24.84667,-81.00833,0.633
"5043","...853293","FIU_WQMP","04/14/2023 14:22:00","403-W","Total_Nitrogen",0.048428696,"mg/L",24.483,-81.7,0.782
"5044","...853302","FIU_WQMP","02/28/2023 12:15:00","319-W","Total_Nitrogen",0.098144409,"mg/L",24.629,-82.07133,0.743
"5045","...853310","FIU_WQMP","04/10/2023 14:55:00","249-W","Total_Nitrogen",0.091047145,"mg/L",24.675,-80.9583,0.742
"5046","...853318","FIU_WQMP","12/06/2022 14:12:00","508-W","Total_Nitrogen",0.12721538,"mg/L",24.57375,-81.76014,0.666
"5047","...853338","FIU_WQMP","11/29/2022 11:26:00","282-W","Total_Nitrogen",0.672629678,"mg/L",24.86667,-80.885,0.663
"5048","...853346","FIU_WQMP","12/08/2022 08:32:00","281-W","Total_Nitrogen",0.100501704,"mg/L",24.495,-81.89167,0.71
"5049","...853354","FIU_WQMP","12/01/2022 17:15:00","253-W","Total_Nitrogen",0.186242772,"mg/L",24.64537,-81.30723,0.708
"5050","...853373","FIU_WQMP","12/05/2022 13:25:00","502-W","Total_Nitrogen",0.148181535,"mg/L",24.9265,-80.62067,0.691
"5051","...853382","FIU_WQMP","03/07/2023 15:28:00","213-W","Total_Nitrogen",0.070432459,"mg/L",25.26312,-80.18773,0.62
"5052","...853386","FIU_WQMP","12/01/2022 12:37:00","259-W","Total_Nitrogen",0.162444756,"mg/L",24.57037,-81.32167,0.669
"5053","...853412","FIU_WQMP","03/05/2023 14:43:00","232-W","Total_Nitrogen",0.157686971,"mg/L",24.92703,-80.59852,0.653
"5054","...853430","FIU_WQMP","03/10/2023 15:08:00","229-W","Total_Nitrogen",0.128808452,"mg/L",24.95012,-80.56218,0.67
"5055","...853438","FIU_WQMP","12/01/2022 12:57:00","263-W","Total_Nitrogen",0.093336983,"mg/L",24.54843,-81.39742,0.812
"5056","...853446","FIU_WQMP","02/02/2023 14:24:00","314-W","Total_Nitrogen",0.143795285,"mg/L",24.75043,-81.43578,0.683
"5057","...853454","FIU_WQMP","12/01/2022 11:59:00","255-W","Total_Nitrogen",0.230253512,"mg/L",24.62168,-81.24308,0.742
"5058","...853465","FIU_WQMP","11/29/2022 14:34:00","305-W","Total_Nitrogen",0.201649129,"mg/L",24.76852,-81.555,0.779
"5059","...853468","FIU_WQMP","11/28/2022 16:17:00","219-W","Total_Nitrogen",0.05389883,"mg/L",25.142,-80.258,0.743
"5060","...853487","FIU_WQMP","11/28/2022 14:21:00","203-W","Total_Nitrogen",0.087192974,"mg/L",25.48053,-80.11768,0.773
"5061","...853498","FIU_WQMP","12/06/2022 14:39:00","275-W","Total_Nitrogen",0.09105071,"mg/L",24.52143,-81.74422,0.669
"5062","...853502","FIU_WQMP","11/29/2022 12:56:00","290-W","Total_Nitrogen",0.163998511,"mg/L",24.86267,-81.21623,0.72
"5063","...853518","FIU_WQMP","12/01/2022 11:43:00","254-W","Total_Nitrogen",0.15663593,"mg/L",24.65792,-81.26502,0.721
"5064","...853542","FIU_WQMP","12/08/2022 10:46:00","335-W","Total_Nitrogen",0.055370371,"mg/L",24.46083,-82.38317,0.71
"5065","...853553","FIU_WQMP","12/06/2022 13:57:00","316-W","Total_Nitrogen",0.114485001,"mg/L",24.58577,-81.8024,0.697
"5066","...853561","FIU_WQMP","02/28/2023 09:04:00","335-W","Total_Nitrogen",0.061835636,"mg/L",24.46083,-82.38317,0.653
"5067","...853587","FIU_WQMP","03/05/2023 10:58:00","231-W","Total_Nitrogen",0.130984845,"mg/L",24.925,-80.503,0.668
"5068","...853595","FIU_WQMP","02/02/2023 12:32:00","295-W","Total_Nitrogen",0.191631894,"mg/L",24.85163,-81.35123,0.798
"5069","...853603","FIU_WQMP","12/05/2022 15:11:00","503-W","Total_Nitrogen",0.209053533,"mg/L",24.9205,-80.63477,0.662
"5070","...853611","FIU_WQMP","11/28/2022 16:54:00","400-W","Total_Nitrogen",0.060651611,"mg/L",25.1073,-80.3064,0.721
"5071","...853621","FIU_WQMP","03/07/2023 12:35:00","204-W","Total_Nitrogen",0.093176526,"mg/L",25.43082,-80.19553,0.66
"5072","...853629","FIU_WQMP","12/06/2022 14:25:00","509-W","Total_Nitrogen",0.154546725,"mg/L",24.5523,-81.7494,0.675
"5073","...853639","FIU_WQMP","02/23/2023 15:37:00","505-W","Total_Nitrogen",0.139816978,"mg/L",24.71208,-81.10071,0.648
"5074","...853663","FIU_WQMP","03/07/2023 16:32:00","400-W","Total_Nitrogen",0.086264693,"mg/L",25.1073,-80.3064,0.846
"5075","...853670","FIU_WQMP","11/28/2022 12:08:00","214-W","Total_Nitrogen",0.106218199,"mg/L",25.2462,-80.29918,0.683
"5076","...853686","FIU_WQMP","02/23/2023 13:43:00","284-W","Total_Nitrogen",0.214556466,"mg/L",24.87667,-80.95833,0.615
"5077","...853690","FIU_WQMP","12/08/2022 14:54:00","319-W","Total_Nitrogen",0.143782993,"mg/L",24.629,-82.07133,0.694
"5078","...853708","FIU_WQMP","12/01/2022 13:23:00","267-W","Total_Nitrogen",0.150909474,"mg/L",24.53008,-81.4873,0.732
"5079","...853710","FIU_WQMP","03/07/2023 18:08:00","264-W","Total_Nitrogen",0.0811842,"mg/L",24.94677,-80.45947,0.652
"5080","...853724","FIU_WQMP","12/04/2022 16:08:00","237-W","Total_Nitrogen",0.054591406,"mg/L",24.83265,-80.64907,0.661
"5081","...853758","FIU_WQMP","02/02/2023 15:12:00","507-W","Total_Nitrogen",0.253580582,"mg/L",24.69309,-81.35463,0.655
"5082","...853773","FIU_WQMP","02/23/2023 12:48:00","289-W","Total_Nitrogen",0.249391669,"mg/L",24.77775,-81.033,0.956
"5083","...853784","FIU_WQMP","02/07/2023 14:03:00","309-W","Total_Nitrogen",0.123404999,"mg/L",24.69772,-81.68318,0.644
"5084","...853801","FIU_WQMP","11/23/2022 16:24:00","247-W","Total_Nitrogen",0.154427179,"mg/L",24.71318,-81.01115,0.707
"5085","...853811","FIU_WQMP","12/08/2022 14:28:00","324-W","Total_Nitrogen",0.125793751,"mg/L",24.65333,-82.15833,0.678
"5086","...853819","FIU_WQMP","11/23/2022 13:43:00","249-W","Total_Nitrogen",0.048428696,"mg/L",24.675,-80.9583,0.691
"5087","...853837","FIU_WQMP","02/03/2023 11:00:00","254-W","Total_Nitrogen",0.136794805,"mg/L",24.65792,-81.26502,0.66
"5088","...853846","FIU_WQMP","02/02/2023 12:09:00","296-W","Total_Nitrogen",0.255858516,"mg/L",24.79152,-81.28908,0.653
"5089","...853850","FIU_WQMP","02/28/2023 11:55:00","324-W","Total_Nitrogen",0.077514424,"mg/L",24.65333,-82.15833,0.66
"5090","...853859","FIU_WQMP","11/29/2022 12:03:00","287-W","Total_Nitrogen",0.221367785,"mg/L",24.84667,-81.00833,0.682
"5091","...853869","FIU_WQMP","12/01/2022 14:27:00","272-W","Total_Nitrogen",0.114121276,"mg/L",24.50548,-81.65433,0.671
"5092","...853882","FIU_WQMP","02/03/2023 12:57:00","260-W","Total_Nitrogen",0.178797682,"mg/L",24.6255,-81.41662,0.942
"5093","...853892","FIU_WQMP","11/28/2022 13:57:00","200-W","Total_Nitrogen",0.049905882,"mg/L",25.59,-80.1,0.677
"5094","...853898","FIU_WQMP","12/06/2022 15:13:00","276-W","Total_Nitrogen",0.06901936,"mg/L",24.47538,-81.73742,0.684
"5095","...853902","FIU_WQMP","03/10/2023 12:27:00","217-W","Total_Nitrogen",0.111112813,"mg/L",25.17332,-80.33985,0.873
"5096","...853916","FIU_WQMP","11/23/2022 12:33:00","243-W","Total_Nitrogen",0.048428696,"mg/L",24.745,-80.78333,0.663
"5097","...853921","FIU_WQMP","03/07/2023 13:39:00","201-W","Total_Nitrogen",0.082956465,"mg/L",25.51,-80.165,0.66
"5098","...853929","FIU_WQMP","04/10/2023 14:15:00","246-W","Total_Nitrogen",0.151858081,"mg/L",24.71317,-80.85813,0.69
"5099","...853937","FIU_WQMP","02/03/2023 13:37:00","253-W","Total_Nitrogen",0.124071712,"mg/L",24.64537,-81.30723,0.601
"5100","...853943","FIU_WQMP","03/05/2023 12:00:00","237-W","Total_Nitrogen",0.096780132,"mg/L",24.83265,-80.64907,0.62
"5101","...853953","FIU_WQMP","03/01/2023 13:19:00","268-W","Total_Nitrogen",0.136368824,"mg/L",24.58782,-81.57698,0.687
"5102","...853962","FIU_WQMP","11/29/2022 12:38:00","291-W","Total_Nitrogen",0.220663147,"mg/L",24.81682,-81.14678,0.735
"5103","...853982","FIU_WQMP","04/14/2023 13:20:00","270-W","Total_Nitrogen",0.056664183,"mg/L",24.52162,-81.56432,0.678
"5104","...854007","FIU_WQMP","12/04/2022 15:54:00","401-W","Total_Nitrogen",0.090618575,"mg/L",24.853,-80.622,0.756
"5105","...854014","FIU_WQMP","11/23/2022 14:43:00","402-W","Total_Nitrogen",0.063763762,"mg/L",24.63,-81.112,0.709
"5106","...854022","FIU_WQMP","11/29/2022 17:10:00","292-W","Total_Nitrogen",0.35765651,"mg/L",24.76312,-81.11248,0.67
"5107","...854031","FIU_WQMP","12/05/2022 14:10:00","238-W","Total_Nitrogen",0.173746216,"mg/L",24.83442,-80.74683,0.673
"5108","...854035","FIU_WQMP","11/28/2022 12:54:00","207-W","Total_Nitrogen",0.076917004,"mg/L",25.36443,-80.21508,0.666
"5109","...854048","FIU_WQMP","12/04/2022 13:50:00","500-W","Total_Nitrogen",0.118077121,"mg/L",25.08535,-80.43346,0.667
"5110","...854056","FIU_WQMP","03/05/2023 14:34:00","502-W","Total_Nitrogen",0.213099789,"mg/L",24.9265,-80.62067,0.653
"5111","...854069","FIU_WQMP","11/29/2022 15:57:00","301-W","Total_Nitrogen",0.126300381,"mg/L",24.77258,-81.39665,0.711
"5112","...854094","FIU_WQMP","12/01/2022 15:33:00","268-W","Total_Nitrogen",0.171875629,"mg/L",24.58782,-81.57698,0.727
"5113","...854110","FIU_WQMP","03/05/2023 12:00:00","237-W","Total_Nitrogen",0.0901046,"mg/L",24.83265,-80.64907,0.62
"5114","...854124","FIU_WQMP","12/04/2022 14:00:00","223-W","Total_Nitrogen",0.09865166,"mg/L",25.06018,-80.42312,0.776
"5115","...854134","FIU_WQMP","06/14/2023 12:09:00","310-W","Total_Nitrogen",0.13777,"mg/L",24.65752,-81.63265,0.746
"5116","...854142","FIU_WQMP","06/16/2023 12:04:00","307-W","Total_Nitrogen",0.08454,"mg/L",24.72503,-81.52052,0.667
"5117","...854150","FIU_WQMP","02/12/2015 17:47:00","273-W","Total_Nitrogen",0.09733,"mg/L",24.4929,-81.6571,0.72
"5118","...854158","FIU_WQMP","02/17/2015 15:09:00","249-W","Total_Nitrogen",0.07432,"mg/L",24.675,-80.9583,0.68
"5119","...854164","FIU_WQMP","05/31/2023 13:18:00","224-W","Total_Nitrogen",0.06576,"mg/L",25.03082,-80.39527,0.776
"5120","...854172","FIU_WQMP","02/18/2015 15:50:00","307-W","Total_Nitrogen",0.13217,"mg/L",24.72503,-81.52052,0.71
"5121","...854188","FIU_WQMP","02/09/2015 11:05:00","309-W","Total_Nitrogen",0.17439,"mg/L",24.69772,-81.68318,0.66
"5122","...854190","FIU_WQMP","06/19/2023 16:25:00","284-W","Total_Nitrogen",0.1229,"mg/L",24.87667,-80.95833,0.737
"5123","...854198","FIU_WQMP","06/07/2023 12:10:00","260-W","Total_Nitrogen",0.18596,"mg/L",24.6255,-81.41662,0.678
"5124","...854206","FIU_WQMP","02/12/2015 16:35:00","280-W","Total_Nitrogen",0.08675,"mg/L",24.45363,-81.84365,0.75
"5125","...854214","FIU_WQMP","02/05/2015 12:28:00","232-W","Total_Nitrogen",0.0953,"mg/L",24.92703,-80.59852,0.7
"5126","...854222","FIU_WQMP","02/16/2015 13:11:00","244-W","Total_Nitrogen",0.23481,"mg/L",24.79333,-80.86333,0.71
"5127","...854230","FIU_WQMP","02/05/2015 15:25:00","224-W","Total_Nitrogen",0.07563,"mg/L",25.03082,-80.39527,0.68
"5128","...854238","FIU_WQMP","06/19/2023 15:37:00","290-W","Total_Nitrogen",0.06096,"mg/L",24.86267,-81.21623,0.99
"5129","...854246","FIU_WQMP","02/05/2015 13:03:00","235-W","Total_Nitrogen",0.07638,"mg/L",24.87123,-80.66865,0.65
"5130","...854253","FIU_WQMP","02/17/2015 17:03:00","256-W","Total_Nitrogen",0.07984,"mg/L",24.58497,-81.23408,0.68
"5131","...854262","FIU_WQMP","06/07/2023 15:47:00","254-W","Total_Nitrogen",0.15295,"mg/L",24.65792,-81.26502,0.992
"5132","...854270","FIU_WQMP","06/09/2023 10:27:00","241-W","Total_Nitrogen",0.21116,"mg/L",24.80247,-80.8089,0.742
"5133","...854281","FIU_WQMP","02/05/2015 13:22:00","237-W","Total_Nitrogen",0.06197,"mg/L",24.83265,-80.64907,0.68
"5134","...854289","FIU_WQMP","02/25/2015 15:34:00","296-W","Total_Nitrogen",0.12964,"mg/L",24.79152,-81.28908,0.66
"5135","...854297","FIU_WQMP","06/19/2023 15:21:00","291-W","Total_Nitrogen",0.34725,"mg/L",24.81682,-81.14678,0.708
"5136","...854305","FIU_WQMP","02/09/2015 10:39:00","310-W","Total_Nitrogen",0.19653,"mg/L",24.65752,-81.63265,0.65
"5137","...854313","FIU_WQMP","06/07/2023 13:01:00","268-W","Total_Nitrogen",0.16677,"mg/L",24.58782,-81.57698,0.691
"5138","...854318","FIU_WQMP","06/04/2023 10:10:00","503-W","Total_Nitrogen",0.29839,"mg/L",24.9205,-80.63477,0.692
"5139","...854326","FIU_WQMP","06/09/2023 11:47:00","504-W","Total_Nitrogen",0.29231,"mg/L",24.72254,-81.04338,0.687
"5140","...854330","FIU_WQMP","06/04/2023 11:45:00","235-W","Total_Nitrogen",0.11945,"mg/L",24.87123,-80.66865,0.801
"5141","...854342","FIU_WQMP","06/07/2023 11:22:00","253-W","Total_Nitrogen",0.23292,"mg/L",24.64537,-81.30723,0.675
"5142","...854350","FIU_WQMP","02/04/2015 13:46:00","201-W","Total_Nitrogen",0.08888,"mg/L",25.51,-80.165,0.48
"5143","...854358","FIU_WQMP","02/12/2015 16:09:00","278-W","Total_Nitrogen",0.09239,"mg/L",24.49862,-81.81895,0.72
"5144","...854366","FIU_WQMP","02/24/2015 17:12:00","305-W","Total_Nitrogen",0.10045,"mg/L",24.76852,-81.555,0.71
"5145","...854374","FIU_WQMP","05/18/2023 13:38:00","318-W","Total_Nitrogen",0.12138,"mg/L",24.65083,-81.90467,0.701
"5146","...854382","FIU_WQMP","05/18/2023 08:01:00","281-W","Total_Nitrogen",0.1046,"mg/L",24.495,-81.89167,0.742
"5147","...854390","FIU_WQMP","05/25/2023 15:43:00","213-W","Total_Nitrogen",0.05,"mg/L",25.26312,-80.18773,0.756
"5148","...854398","FIU_WQMP","02/12/2015 14:26:00","268-W","Total_Nitrogen",0.12961,"mg/L",24.58782,-81.57698,0.76
"5149","...854403","FIU_WQMP","06/09/2023 14:43:00","243-W","Total_Nitrogen",0.07184,"mg/L",24.745,-80.78333,0.722
"5150","...854413","FIU_WQMP","06/07/2023 14:47:00","259-W","Total_Nitrogen",0.10432,"mg/L",24.57037,-81.32167,0.803
"5151","...854417","FIU_WQMP","06/01/2023 11:06:00","223-W","Total_Nitrogen",0.08928,"mg/L",25.06018,-80.42312,0.697
"5152","...854432","FIU_WQMP","02/07/2015 10:07:00","226-W","Total_Nitrogen",0.13706,"mg/L",25.0084,-80.50148,0.71
"5153","...854444","FIU_WQMP","02/04/2015 13:22:00","204-W","Total_Nitrogen",0.08328,"mg/L",25.43082,-80.19553,0.8
"5154","...854447","FIU_WQMP","02/23/2015 11:57:00","319-W","Total_Nitrogen",0.10543,"mg/L",24.629,-82.07133,0.72
"5155","...854452","FIU_WQMP","05/31/2023 14:59:00","237-W","Total_Nitrogen",0.07069,"mg/L",24.83265,-80.64907,0.735
"5156","...854462","FIU_WQMP","06/04/2023 13:33:00","229-W","Total_Nitrogen",0.13859,"mg/L",24.95012,-80.56218,0.669
"5157","...854470","FIU_WQMP","02/17/2015 17:28:00","259-W","Total_Nitrogen",0.07913,"mg/L",24.57037,-81.32167,0.66
"5158","...854478","FIU_WQMP","06/09/2023 13:43:00","249-W","Total_Nitrogen",0.07036,"mg/L",24.675,-80.9583,0.744
"5159","...854487","FIU_WQMP","02/05/2015 16:38:00","220-W","Total_Nitrogen",0.08423,"mg/L",25.11355,-80.37342,0.65
"5160","...854492","FIU_WQMP","02/23/2015 16:00:00","332-W","Total_Nitrogen",0.15884,"mg/L",24.5355,-82.36733,0.69
"5161","...854503","FIU_WQMP","02/18/2015 13:23:00","254-W","Total_Nitrogen",0.11892,"mg/L",24.65792,-81.26502,0.66
"5162","...854509","FIU_WQMP","02/23/2015 11:28:00","318-W","Total_Nitrogen",0.12305,"mg/L",24.65083,-81.90467,0.75
"5163","...854520","FIU_WQMP","06/05/2023 13:59:00","278-W","Total_Nitrogen",0.12567,"mg/L",24.49862,-81.81895,0.716
"5164","...854526","FIU_WQMP","06/01/2023 11:30:00","227-W","Total_Nitrogen",0.09103,"mg/L",25.00167,-80.4749,0.67
"5165","...854540","FIU_WQMP","02/24/2015 14:58:00","263-W","Total_Nitrogen",0.0604,"mg/L",24.54843,-81.39742,0.71
"5166","...854542","FIU_WQMP","06/04/2023 12:56:00","502-W","Total_Nitrogen",0.18268,"mg/L",24.9265,-80.62067,0.819
"5167","...854550","FIU_WQMP","02/04/2015 16:23:00","210-W","Total_Nitrogen",0.07214,"mg/L",25.325,-80.1636,0.75
"5168","...854557","FIU_WQMP","05/18/2023 08:58:00","325-W","Total_Nitrogen",0.11368,"mg/L",24.54167,-82.1,0.686
"5169","...854563","FIU_WQMP","05/18/2023 10:42:00","333-W","Total_Nitrogen",0.0889,"mg/L",24.57717,-82.49133,0.731
"5170","...854574","FIU_WQMP","02/18/2015 14:05:00","507-W","Total_Nitrogen",0.18141,"mg/L",24.69309,-81.35463,0.66
"5171","...854582","FIU_WQMP","05/31/2023 13:42:00","228-W","Total_Nitrogen",0.0615,"mg/L",24.97667,-80.45,0.811
"5172","...854587","FIU_WQMP","05/25/2023 10:25:00","501-W","Total_Nitrogen",0.55341,"mg/L",25.11053,-80.43421,0.679
"5173","...854596","FIU_WQMP","02/23/2015 12:19:00","325-W","Total_Nitrogen",0.08411,"mg/L",24.54167,-82.1,0.75
"5174","...854617","FIU_WQMP","05/18/2023 07:39:00","","Total_Nitrogen",0.05,"mg/L",NA,NA,NA
"5175","...854625","FIU_WQMP","02/04/2015 09:26:00","","Total_Nitrogen",0.05765,"mg/L",NA,NA,NA
"5176","...854631","FIU_WQMP","06/01/2023 08:54:00","","Total_Nitrogen",0.05,"mg/L",NA,NA,NA
"5177","...854650","FIU_WQMP","06/14/2023 14:10:00","","Total_Nitrogen",0.05,"mg/L",NA,NA,NA
"5178","...854660","FIU_WQMP","06/16/2023 16:29:00","","Total_Nitrogen",0.05,"mg/L",NA,NA,NA
"5179","...854672","FIU_WQMP","02/23/2015 18:22:00","","Total_Nitrogen",0.04,"mg/L",NA,NA,NA
"5180","...854675","FIU_WQMP","06/19/2023 16:43:00","","Total_Nitrogen",0.05054,"mg/L",NA,NA,NA
"5181","...854681","FIU_WQMP","02/16/2015 12:08:00","","Total_Nitrogen",0.05129,"mg/L",NA,NA,NA
"5182","...854684","FIU_WQMP","02/05/2015 16:57:00","","Total_Nitrogen",0.04539,"mg/L",NA,NA,NA
"5183","...854691","FIU_WQMP","02/05/2015 14:48:00","228-W","Total_Nitrogen",0.07276,"mg/L",24.97667,-80.45,0.72
"5184","...854702","FIU_WQMP","06/05/2023 16:43:00","","Total_Nitrogen",0.05,"mg/L",NA,NA,NA
"5185","...854706","FIU_WQMP","05/25/2023 10:14:00","","Total_Nitrogen",0.05,"mg/L",NA,NA,NA
"5186","...854713","FIU_WQMP","02/09/2015 08:05:00","","Total_Nitrogen",0.04359,"mg/L",NA,NA,NA
"5187","...854722","FIU_WQMP","06/14/2023 11:24:00","","Total_Nitrogen",0.05,"mg/L",NA,NA,NA
"5188","...854726","FIU_WQMP","06/19/2023 12:43:00","","Total_Nitrogen",0.07526,"mg/L",NA,NA,NA
"5189","...854733","FIU_WQMP","02/24/2015 14:56:00","","Total_Nitrogen",0.04,"mg/L",NA,NA,NA
"5190","...854740","FIU_WQMP","02/04/2015 18:23:00","","Total_Nitrogen",0.04582,"mg/L",NA,NA,NA
"5191","...854745","FIU_WQMP","06/07/2023 15:50:00","","Total_Nitrogen",0.05,"mg/L",NA,NA,NA
"5192","...854749","FIU_WQMP","02/23/2015 13:08:00","324-W","Total_Nitrogen",0.10775,"mg/L",24.65333,-82.15833,0.71
"5193","...854755","FIU_WQMP","02/12/2015 17:58:00","","Total_Nitrogen",0.06592,"mg/L",NA,NA,NA
"5194","...854764","FIU_WQMP","02/23/2015 11:25:00","","Total_Nitrogen",0.04,"mg/L",NA,NA,NA
"5195","...854766","FIU_WQMP","02/05/2015 11:50:00","","Total_Nitrogen",0.04535,"mg/L",NA,NA,NA
"5196","...854783","FIU_WQMP","05/25/2023 16:23:00","","Total_Nitrogen",0.05,"mg/L",NA,NA,NA
"5197","...854797","FIU_WQMP","02/12/2015 13:27:00","","Total_Nitrogen",0.05163,"mg/L",NA,NA,NA
"5198","...854799","FIU_WQMP","06/09/2023 10:10:00","","Total_Nitrogen",0.08463,"mg/L",NA,NA,NA
"5199","...854803","FIU_WQMP","05/31/2023 11:29:00","","Total_Nitrogen",0.05,"mg/L",NA,NA,NA
"5200","...854808","FIU_WQMP","02/17/2015 17:28:00","","Total_Nitrogen",0.04741,"mg/L",NA,NA,NA
"5201","...854820","FIU_WQMP","02/04/2015 15:20:00","203-W","Total_Nitrogen",0.08294,"mg/L",25.48053,-80.11768,0.68
"5202","...854828","FIU_WQMP","06/09/2023 14:55:00","","Total_Nitrogen",0.06347,"mg/L",NA,NA,NA
"5203","...854844","FIU_WQMP","06/04/2023 13:57:00","","Total_Nitrogen",0.05,"mg/L",NA,NA,NA
"5204","...854850","FIU_WQMP","05/18/2023 12:48:00","324-W","Total_Nitrogen",0.08224,"mg/L",24.65333,-82.15833,0.691
"5205","...854858","FIU_WQMP","02/09/2015 12:06:00","","Total_Nitrogen",0.04,"mg/L",NA,NA,NA
"5206","...854866","FIU_WQMP","02/25/2015 15:36:00","","Total_Nitrogen",0.04,"mg/L",NA,NA,NA
"5207","...854875","FIU_WQMP","02/23/2015 17:44:00","322-W","Total_Nitrogen",0.06545,"mg/L",24.45833,-81.98167,0.69
"5208","...854886","FIU_WQMP","06/05/2023 16:35:00","275-W","Total_Nitrogen",0.11979,"mg/L",24.52143,-81.74422,0.709
"5209","...854891","FIU_WQMP","02/24/2015 18:42:00","","Total_Nitrogen",0.04,"mg/L",NA,NA,NA
"5210","...854892","FIU_WQMP","02/07/2015 09:00:00","","Total_Nitrogen",0.04,"mg/L",NA,NA,NA
"5211","...854898","FIU_WQMP","02/17/2015 13:31:00","","Total_Nitrogen",0.0583,"mg/L",NA,NA,NA
"5212","...854912","FIU_WQMP","06/07/2023 11:07:00","","Total_Nitrogen",0.05,"mg/L",NA,NA,NA
"5213","...854913","FIU_WQMP","06/04/2023 09:58:00","","Total_Nitrogen",0.05,"mg/L",NA,NA,NA
"5214","...854925","FIU_WQMP","02/18/2015 15:54:00","","Total_Nitrogen",0.0536,"mg/L",NA,NA,NA
"5215","...854929","FIU_WQMP","05/31/2023 11:54:00","218-W","Total_Nitrogen",0.06197,"mg/L",25.15897,-80.29455,0.718
"5216","...854944","FIU_WQMP","02/16/2015 14:30:00","","Total_Nitrogen",0.04904,"mg/L",NA,NA,NA
"5217","...854948","FIU_WQMP","02/07/2015 15:06:00","","Total_Nitrogen",0.04,"mg/L",NA,NA,NA
"5218","...854955","FIU_WQMP","05/31/2023 15:31:00","","Total_Nitrogen",0.05,"mg/L",NA,NA,NA
"5219","...854968","FIU_WQMP","05/31/2023 11:36:00","219-W","Total_Nitrogen",0.05494,"mg/L",25.142,-80.258,0.707
"5220","...854989","FIU_WQMP","05/18/2023 13:49:00","","Total_Nitrogen",0.05,"mg/L",NA,NA,NA
"5221","...854990","FIU_WQMP","06/16/2023 10:25:00","","Total_Nitrogen",0.05,"mg/L",NA,NA,NA
"5222","...854993","FIU_WQMP","06/05/2023 13:37:00","","Total_Nitrogen",0.05,"mg/L",NA,NA,NA
"5223","...855000","FIU_WQMP","06/01/2023 11:51:00","","Total_Nitrogen",0.05,"mg/L",NA,NA,NA
"5224","...855002","FIU_WQMP","02/18/2015 12:17:00","","Total_Nitrogen",0.04326,"mg/L",NA,NA,NA
"5225","...855015","FIU_WQMP","02/25/2015 15:07:00","","Total_Nitrogen",0.04,"mg/L",NA,NA,NA
"5226","...855021","FIU_WQMP","02/12/2015 15:12:00","271-W","Total_Nitrogen",0.12487,"mg/L",24.55667,-81.66667,0.67
"5227","...855027","FIU_WQMP","06/09/2023 13:07:00","402-W","Total_Nitrogen",0.14981,"mg/L",24.63,-81.112,0.667
"5228","...855037","FIU_WQMP","02/12/2015 15:42:00","275-W","Total_Nitrogen",0.09343,"mg/L",24.52143,-81.74422,0.68
"5229","...855045","FIU_WQMP","02/04/2015 17:55:00","219-W","Total_Nitrogen",0.06928,"mg/L",25.142,-80.258,0.73
"5230","...855051","FIU_WQMP","06/05/2023 14:29:00","280-W","Total_Nitrogen",0.09849,"mg/L",24.45363,-81.84365,0.798
"5231","...855068","FIU_WQMP","06/07/2023 15:31:00","255-W","Total_Nitrogen",0.13607,"mg/L",24.62168,-81.24308,0.769
"5232","...855076","FIU_WQMP","05/25/2023 14:09:00","200-W","Total_Nitrogen",0.09594,"mg/L",25.59,-80.1,0.724
"5233","...855084","FIU_WQMP","05/25/2023 14:34:00","203-W","Total_Nitrogen",0.07683,"mg/L",25.48053,-80.11768,0.723
"5234","...855086","FIU_WQMP","02/04/2015 16:52:00","213-W","Total_Nitrogen",0.07966,"mg/L",25.26312,-80.18773,0.66
"5235","...855093","FIU_WQMP","02/09/2015 09:30:00","508-W","Total_Nitrogen",0.18662,"mg/L",24.57375,-81.76014,0.67
"5236","...855096","FIU_WQMP","02/07/2015 12:26:00","287-W","Total_Nitrogen",0.21938,"mg/L",24.84667,-81.00833,0.66
"5237","...855105","FIU_WQMP","02/16/2015 14:28:00","504-W","Total_Nitrogen",0.13854,"mg/L",24.72254,-81.04338,0.66
"5238","...855107","FIU_WQMP","06/01/2023 09:28:00","211-W","Total_Nitrogen",0.11849,"mg/L",25.30788,-80.26165,0.682
"5239","...855115","FIU_WQMP","05/31/2023 12:27:00","222-W","Total_Nitrogen",0.06373,"mg/L",25.07237,-80.31277,0.726
"5240","...855123","FIU_WQMP","02/07/2015 13:46:00","294-W","Total_Nitrogen",0.18605,"mg/L",24.7555,-81.17218,0.66
"5241","...855141","FIU_WQMP","02/05/2015 13:37:00","401-W","Total_Nitrogen",0.09617,"mg/L",24.853,-80.622,0.67
"5242","...855149","FIU_WQMP","02/05/2015 12:45:00","502-W","Total_Nitrogen",0.14918,"mg/L",24.9265,-80.62067,0.65
"5243","...855158","FIU_WQMP","05/18/2023 09:54:00","335-W","Total_Nitrogen",0.06416,"mg/L",24.46083,-82.38317,0.703
"5244","...855166","FIU_WQMP","02/07/2015 12:12:00","284-W","Total_Nitrogen",0.23672,"mg/L",24.87667,-80.95833,0.69
"5245","...861130","FIU_WQMP","09/29/2019 12:44:00","287-W","Total_Nitrogen",0.25,"mg/L",24.84667,-81.00833,0.672
"5246","...861163","FIU_WQMP","02/28/2019 11:40:00","275-W","Total_Nitrogen",0.16,"mg/L",24.52143,-81.74422,0.69
"5247","...861165","FIU_WQMP","02/05/2019 12:28:00","200-W","Total_Nitrogen",0.09,"mg/L",25.59,-80.1,0.79
"5248","...861176","FIU_WQMP","08/16/2019 12:20:00","230-W","Total_Nitrogen",0.05,"mg/L",24.93965,-80.55162,0.712
"5249","...861178","FIU_WQMP","09/17/2019 13:47:00","328-W","Total_Nitrogen",0.07667,"mg/L",24.454,-82.224,0.685
"5250","...861182","FIU_WQMP","09/25/2019 14:28:00","231-W","Total_Nitrogen",0.07333,"mg/L",24.925,-80.503,0.857
"5251","...861218","FIU_WQMP","02/07/2019 12:17:00","292-W","Total_Nitrogen",0.20069,"mg/L",24.76312,-81.11248,0.74
"5252","...861227","FIU_WQMP","09/16/2019 14:42:00","273-W","Total_Nitrogen",0.08333,"mg/L",24.4929,-81.6571,0.672
"5253","...861229","FIU_WQMP","09/17/2019 12:38:00","332-W","Total_Nitrogen",0.09333,"mg/L",24.5355,-82.36733,0.738
"5254","...861233","FIU_WQMP","08/15/2019 11:19:00","213-W","Total_Nitrogen",0.04127,"mg/L",25.26312,-80.18773,0.672
"5255","...861257","FIU_WQMP","02/28/2019 10:27:00","276-W","Total_Nitrogen",0.08333,"mg/L",24.47538,-81.73742,0.74
"5256","...861267","FIU_WQMP","09/24/2019 11:11:00","249-W","Total_Nitrogen",0.08,"mg/L",24.675,-80.9583,0.659
"5257","...861270","FIU_WQMP","09/24/2019 12:51:00","250-W","Total_Nitrogen",0.12,"mg/L",24.69193,-81.18245,0.685
"5258","...861274","FIU_WQMP","08/15/2019 12:58:00","200-W","Total_Nitrogen",0.04127,"mg/L",25.59,-80.1,0.67
"5259","...861293","FIU_WQMP","02/06/2019 09:41:00","401-W","Total_Nitrogen",0.14414,"mg/L",24.853,-80.622,0.79
"5260","...861303","FIU_WQMP","02/06/2019 11:02:00","235-W","Total_Nitrogen",0.17274,"mg/L",24.87123,-80.66865,0.66
"5261","...861308","FIU_WQMP","02/21/2019 11:36:00","307-W","Total_Nitrogen",0.19209,"mg/L",24.72503,-81.52052,0.78
"5262","...861325","FIU_WQMP","09/26/2019 12:16:00","267-W","Total_Nitrogen",0.11667,"mg/L",24.53008,-81.4873,0.844
"5263","...861335","FIU_WQMP","03/01/2019 10:40:00","267-W","Total_Nitrogen",0.08667,"mg/L",24.53008,-81.4873,0.69
"5264","...861338","FIU_WQMP","02/15/2019 12:33:00","249-W","Total_Nitrogen",0.12,"mg/L",24.675,-80.9583,0.73
"5265","...861347","FIU_WQMP","02/06/2019 11:27:00","503-W","Total_Nitrogen",0.36258,"mg/L",24.9205,-80.63477,0.66
"5266","...861348","FIU_WQMP","02/19/2019 12:13:00","312-W","Total_Nitrogen",0.18333,"mg/L",24.65978,-81.76343,0.69
"5267","...861352","FIU_WQMP","02/21/2019 12:25:00","314-W","Total_Nitrogen",0.19255,"mg/L",24.75043,-81.43578,0.66
"5268","...861360","FIU_WQMP","09/27/2019 14:49:00","507-W","Total_Nitrogen",0.435,"mg/L",24.69309,-81.35463,0.764
"5269","...861369","FIU_WQMP","09/17/2019 07:32:00","318-W","Total_Nitrogen",0.15,"mg/L",24.65083,-81.90467,0.725
"5270","...861391","FIU_WQMP","03/01/2019 08:57:00","254-W","Total_Nitrogen",0.18667,"mg/L",24.65792,-81.26502,0.74
"5271","...861395","FIU_WQMP","09/26/2019 10:47:00","256-W","Total_Nitrogen",0.11,"mg/L",24.58497,-81.23408,0.764
"5272","...861415","FIU_WQMP","02/25/2019 14:30:00","325-W","Total_Nitrogen",0.14845,"mg/L",24.54167,-82.1,0.83
"5273","...861418","FIU_WQMP","02/19/2019 10:15:00","317-W","Total_Nitrogen",0.21,"mg/L",24.575,-81.78833,0.67
"5274","...861427","FIU_WQMP","02/28/2019 10:54:00","280-W","Total_Nitrogen",0.08333,"mg/L",24.45363,-81.84365,0.76
"5275","...861432","FIU_WQMP","02/07/2019 10:44:00","287-W","Total_Nitrogen",0.21897,"mg/L",24.84667,-81.00833,0.66
"5276","...861433","FIU_WQMP","09/17/2019 09:09:00","319-W","Total_Nitrogen",0.11,"mg/L",24.629,-82.07133,0.778
"5277","...861442","FIU_WQMP","09/27/2019 12:37:00","314-W","Total_Nitrogen",0.23667,"mg/L",24.75043,-81.43578,0.685
"5278","...861445","FIU_WQMP","08/15/2019 12:04:00","206-W","Total_Nitrogen",0.04127,"mg/L",25.41497,-80.143,0.685
"5279","...861451","FIU_WQMP","08/16/2019 11:13:00","235-W","Total_Nitrogen",0.12,"mg/L",24.87123,-80.66865,0.698
"5280","...861470","FIU_WQMP","02/19/2019 11:04:00","508-W","Total_Nitrogen",0.23667,"mg/L",24.57375,-81.76014,0.7
"5281","...861480","FIU_WQMP","09/17/2019 08:21:00","325-W","Total_Nitrogen",0.15667,"mg/L",24.54167,-82.1,0.685
"5282","...861485","FIU_WQMP","09/27/2019 12:08:00","295-W","Total_Nitrogen",0.25,"mg/L",24.85163,-81.35123,0.712
"5283","...861490","FIU_WQMP","09/29/2019 13:45:00","291-W","Total_Nitrogen",0.15333,"mg/L",24.81682,-81.14678,0.844
"5284","...861506","FIU_WQMP","02/25/2019 11:27:00","337-W","Total_Nitrogen",0.10166,"mg/L",24.59133,-82.58783,0.76
"5285","...861511","FIU_WQMP","02/06/2019 10:00:00","237-W","Total_Nitrogen",0.09777,"mg/L",24.83265,-80.64907,0.67
"5286","...861523","FIU_WQMP","09/28/2019 13:27:00","312-W","Total_Nitrogen",0.14,"mg/L",24.65978,-81.76343,0.751
"5287","...861552","FIU_WQMP","02/28/2019 09:33:00","272-W","Total_Nitrogen",0.10333,"mg/L",24.50548,-81.65433,0.76
"5288","...861559","FIU_WQMP","02/21/2019 10:04:00","296-W","Total_Nitrogen",0.18566,"mg/L",24.79152,-81.28908,0.66
"5289","...861564","FIU_WQMP","09/25/2019 15:51:00","239-W","Total_Nitrogen",0.1,"mg/L",24.80223,-80.7162,0.764
"5290","...861576","FIU_WQMP","09/26/2019 13:52:00","266-W","Total_Nitrogen",0.25,"mg/L",24.61105,-81.50527,0.659
"5291","...861580","FIU_WQMP","09/29/2019 13:29:00","290-W","Total_Nitrogen",0.25667,"mg/L",24.86267,-81.21623,0.685
"5292","...861583","FIU_WQMP","05/29/2019 10:40:00","267-W","Total_Nitrogen",0.08667,"mg/L",24.53008,-81.4873,0.82
"5293","...861598","FIU_WQMP","02/05/2019 14:03:00","213-W","Total_Nitrogen",0.09,"mg/L",25.26312,-80.18773,0.67
"5294","...861609","FIU_WQMP","02/05/2019 12:04:00","201-W","Total_Nitrogen",0.13333,"mg/L",25.51,-80.165,0.69
"5295","...861611","FIU_WQMP","09/26/2019 11:16:00","259-W","Total_Nitrogen",0.12333,"mg/L",24.57037,-81.32167,0.751
"5296","...861620","FIU_WQMP","08/15/2019 15:50:00","215-W","Total_Nitrogen",0.04127,"mg/L",25.23667,-80.28897,0.791
"5297","...861626","FIU_WQMP","09/26/2019 16:30:00","253-W","Total_Nitrogen",0.16667,"mg/L",24.64537,-81.30723,0.712
"5298","...861642","FIU_WQMP","02/25/2019 15:37:00","318-W","Total_Nitrogen",0.13787,"mg/L",24.65083,-81.90467,0.73
"5299","...861651","FIU_WQMP","02/28/2019 11:15:00","278-W","Total_Nitrogen",0.15,"mg/L",24.49862,-81.81895,0.66
"5300","...861655","FIU_WQMP","09/24/2019 13:24:00","504-W","Total_Nitrogen",0.19,"mg/L",24.72254,-81.04338,0.712
"5301","...861669","FIU_WQMP","08/15/2019 14:45:00","207-W","Total_Nitrogen",0.04127,"mg/L",25.36443,-80.21508,0.685
"5302","...861687","FIU_WQMP","02/06/2019 12:02:00","232-W","Total_Nitrogen",0.11458,"mg/L",24.92703,-80.59852,0.67
"5303","...861694","FIU_WQMP","02/06/2019 13:35:00","223-W","Total_Nitrogen",0.13,"mg/L",25.06018,-80.42312,0.82
"5304","...861702","FIU_WQMP","09/24/2019 10:11:00","243-W","Total_Nitrogen",0.09667,"mg/L",24.745,-80.78333,0.764
"5305","...861731","FIU_WQMP","03/01/2019 11:38:00","268-W","Total_Nitrogen",0.15,"mg/L",24.58782,-81.57698,0.79
"5306","...861739","FIU_WQMP","02/06/2019 10:41:00","238-W","Total_Nitrogen",0.1395,"mg/L",24.83442,-80.74683,0.66
"5307","...861751","FIU_WQMP","02/07/2019 11:30:00","290-W","Total_Nitrogen",0.20069,"mg/L",24.86267,-81.21623,0.69
"5308","...861758","FIU_WQMP","08/15/2019 14:02:00","201-W","Total_Nitrogen",0.04127,"mg/L",25.51,-80.165,0.857
"5309","...861771","FIU_WQMP","09/29/2019 14:35:00","294-W","Total_Nitrogen",0.16333,"mg/L",24.7555,-81.17218,0.712
"5310","...861777","FIU_WQMP","08/15/2019 10:00:00","501-W","Total_Nitrogen",0.72667,"mg/L",25.11053,-80.43421,0.672
"5311","...861789","FIU_WQMP","03/01/2019 11:58:00","266-W","Total_Nitrogen",0.23,"mg/L",24.61105,-81.50527,0.8
"5312","...861797","FIU_WQMP","02/15/2019 14:44:00","504-W","Total_Nitrogen",0.31333,"mg/L",24.72254,-81.04338,0.65
"5313","...861800","FIU_WQMP","02/19/2019 11:20:00","209-W","Total_Nitrogen",0.19333,"mg/L",24.5857,-81.72272,0.66
"5314","...861809","FIU_WQMP","02/06/2019 14:07:00","220-W","Total_Nitrogen",0.15333,"mg/L",25.11355,-80.37342,0.76
"5315","...861814","FIU_WQMP","03/01/2019 09:51:00","259-W","Total_Nitrogen",0.09667,"mg/L",24.57037,-81.32167,0.75
"5316","...861819","FIU_WQMP","09/28/2019 12:41:00","309-W","Total_Nitrogen",0.23333,"mg/L",24.69772,-81.68318,0.725
"5317","...861821","FIU_WQMP","09/26/2019 11:16:00","259-W","Total_Nitrogen",0.13,"mg/L",24.57037,-81.32167,0.751
"5318","...861828","FIU_WQMP","09/29/2019 15:05:00","289-W","Total_Nitrogen",0.16333,"mg/L",24.77775,-81.033,0.672
"5319","...861835","FIU_WQMP","05/07/2019 10:40:00","400-W","Total_Nitrogen",0.0508,"mg/L",25.1073,-80.3064,0.7
"5320","...861852","FIU_WQMP","02/15/2019 12:13:00","248-W","Total_Nitrogen",0.13333,"mg/L",24.69167,-80.96667,0.74
"5321","...861860","FIU_WQMP","02/19/2019 11:40:00","316-W","Total_Nitrogen",0.16333,"mg/L",24.58577,-81.8024,0.66
"5322","...861868","FIU_WQMP","02/21/2019 10:28:00","295-W","Total_Nitrogen",0.17389,"mg/L",24.85163,-81.35123,0.82
"5323","...861878","FIU_WQMP","12/13/2020 10:34:00","246-W","Total_Nitrogen",0.15547,"mg/L",24.71317,-80.85813,0.73
"5324","...861882","FIU_WQMP","12/15/2020 09:10:00","322-W","Total_Nitrogen",0.15667,"mg/L",24.45833,-81.98167,0.66
"5325","...861886","FIU_WQMP","12/14/2020 13:07:00","273-W","Total_Nitrogen",0.13,"mg/L",24.4929,-81.6571,0.67
"5326","...861922","FIU_WQMP","02/17/2021 10:33:00","254-W","Total_Nitrogen",0.18,"mg/L",24.65792,-81.26502,0.72
"5327","...861925","FIU_WQMP","12/14/2020 12:15:00","267-W","Total_Nitrogen",0.10667,"mg/L",24.53008,-81.4873,0.66
"5328","...861932","FIU_WQMP","03/22/2021 15:32:00","269-W","Total_Nitrogen",0.13333,"mg/L",24.55943,-81.55955,0.83
"5329","...861940","FIU_WQMP","03/24/2021 13:19:00","295-W","Total_Nitrogen",0.19,"mg/L",24.85163,-81.35123,0.75
"5330","...861954","FIU_WQMP","03/23/2021 14:42:00","337-W","Total_Nitrogen",0.13333,"mg/L",24.59133,-82.58783,0.67
"5331","...861985","FIU_WQMP","03/24/2021 11:25:00","314-W","Total_Nitrogen",0.21,"mg/L",24.75043,-81.43578,0.68
"5332","...861991","FIU_WQMP","09/20/2020 14:41:00","249-W","Total_Nitrogen",0.09667,"mg/L",24.675,-80.9583,0.75
"5333","...862002","FIU_WQMP","09/25/2020 11:20:00","285-W","Total_Nitrogen",0.09,"mg/L",24.80998,-80.92028,0.69
"5334","...862007","FIU_WQMP","09/17/2020 11:33:00","508-W","Total_Nitrogen",0.17333,"mg/L",24.57375,-81.76014,0.67
"5335","...862016","FIU_WQMP","09/20/2020 12:53:00","401-W","Total_Nitrogen",0.12667,"mg/L",24.853,-80.622,0.69
"5336","...862024","FIU_WQMP","07/02/2020 10:50:00","501-W","Total_Nitrogen",0.73667,"mg/L",25.11053,-80.43421,0.71
"5337","...862034","FIU_WQMP","07/07/2020 13:01:00","224-W","Total_Nitrogen",0.10667,"mg/L",25.03082,-80.39527,0.69
"5338","...862045","FIU_WQMP","07/01/2020 16:27:00","291-W","Total_Nitrogen",0.25333,"mg/L",24.81682,-81.14678,0.67
"5339","...862056","FIU_WQMP","11/13/2020 14:40:00","217-W","Total_Nitrogen",0.10795,"mg/L",25.17332,-80.33985,0.73
"5340","...862060","FIU_WQMP","11/16/2020 12:57:00","289-W","Total_Nitrogen",0.08895,"mg/L",24.77775,-81.033,0.66
"5341","...862061","FIU_WQMP","11/13/2020 11:11:00","201-W","Total_Nitrogen",0.12474,"mg/L",25.51,-80.165,0.76
"5342","...862099","FIU_WQMP","02/17/2021 13:30:00","502-W","Total_Nitrogen",0.23,"mg/L",24.9265,-80.62067,0.66
"5343","...862104","FIU_WQMP","02/15/2021 12:56:00","256-W","Total_Nitrogen",0.13,"mg/L",24.58497,-81.23408,0.68
"5344","...862144","FIU_WQMP","03/23/2021 12:44:00","328-W","Total_Nitrogen",0.09,"mg/L",24.454,-82.224,0.68
"5345","...862180","FIU_WQMP","10/12/2020 11:45:00","337-W","Total_Nitrogen",0.13333,"mg/L",24.59133,-82.58783,0.73
"5346","...862183","FIU_WQMP","09/19/2020 12:15:00","216-W","Total_Nitrogen",0.08333,"mg/L",25.22,-80.217,0.75
"5347","...862191","FIU_WQMP","10/11/2020 11:17:00","267-W","Total_Nitrogen",0.08333,"mg/L",24.53008,-81.4873,0.66
"5348","...862197","FIU_WQMP","09/11/2020 13:00:00","223-W","Total_Nitrogen",0.11333,"mg/L",25.06018,-80.42312,0.76
"5349","...862201","FIU_WQMP","07/15/2020 13:35:00","307-W","Total_Nitrogen",0.235,"mg/L",24.72503,-81.52052,0.74
"5350","...862207","FIU_WQMP","07/07/2020 10:41:00","216-W","Total_Nitrogen",0.10333,"mg/L",25.22,-80.217,0.67
"5351","...862210","FIU_WQMP","07/07/2020 13:01:00","224-W","Total_Nitrogen",0.1,"mg/L",25.03082,-80.39527,0.69
"5352","...862218","FIU_WQMP","05/06/2019 12:17:00","200-W","Total_Nitrogen",0.08,"mg/L",25.59,-80.1,0.66
"5353","...862228","FIU_WQMP","11/16/2020 13:21:00","285-W","Total_Nitrogen",0.07859,"mg/L",24.80998,-80.92028,0.67
"5354","...862236","FIU_WQMP","12/13/2020 13:28:00","250-W","Total_Nitrogen",0.16809,"mg/L",24.69193,-81.18245,0.66
"5355","...862299","FIU_WQMP","02/15/2021 12:30:00","252-W","Total_Nitrogen",0.09,"mg/L",24.60693,-81.15442,0.69
"5356","...862346","FIU_WQMP","09/19/2020 13:39:00","222-W","Total_Nitrogen",0.09667,"mg/L",25.07237,-80.31277,0.67
"5357","...862350","FIU_WQMP","09/14/2020 10:41:00","502-W","Total_Nitrogen",0.20333,"mg/L",24.9265,-80.62067,0.8
"5358","...862354","FIU_WQMP","10/11/2020 13:42:00","280-W","Total_Nitrogen",0.10333,"mg/L",24.45363,-81.84365,0.73
"5359","...862378","FIU_WQMP","07/07/2020 12:47:00","225-W","Total_Nitrogen",0.09333,"mg/L",25.017,-80.3674,0.8
"5360","...862386","FIU_WQMP","02/04/2019 14:17:00","224-W","Total_Nitrogen",0.12333,"mg/L",25.03082,-80.39527,0.74
"5361","...862390","FIU_WQMP","05/23/2019 11:37:00","309-W","Total_Nitrogen",0.18333,"mg/L",24.69772,-81.68318,0.66
"5362","...862398","FIU_WQMP","05/29/2019 13:25:00","278-W","Total_Nitrogen",0.06,"mg/L",24.49862,-81.81895,0.74
"5363","...862402","FIU_WQMP","12/13/2020 11:16:00","248-W","Total_Nitrogen",0.11093,"mg/L",24.69167,-80.96667,0.76
"5364","...862403","FIU_WQMP","12/15/2020 09:36:00","325-W","Total_Nitrogen",0.12568,"mg/L",24.54167,-82.1,0.66
"5365","...862405","FIU_WQMP","12/11/2020 10:48:00","296-W","Total_Nitrogen",0.17,"mg/L",24.79152,-81.28908,0.69
"5366","...862409","FIU_WQMP","12/11/2020 11:11:00","295-W","Total_Nitrogen",0.22333,"mg/L",24.85163,-81.35123,0.78
"5367","...862458","FIU_WQMP","02/08/2021 09:30:00","501-W","Total_Nitrogen",0.63667,"mg/L",25.11053,-80.43421,0.65
"5368","...862462","FIU_WQMP","02/08/2021 14:01:00","226-W","Total_Nitrogen",0.28,"mg/L",25.0084,-80.50148,0.69
"5369","...862498","FIU_WQMP","03/23/2021 14:17:00","333-W","Total_Nitrogen",0.12667,"mg/L",24.57717,-82.49133,0.77
"5370","...862525","FIU_WQMP","09/20/2020 11:12:00","224-W","Total_Nitrogen",0.10333,"mg/L",25.03082,-80.39527,0.74
"5371","...862539","FIU_WQMP","10/27/2020 11:53:00","271-W","Total_Nitrogen",0.13615,"mg/L",24.55667,-81.66667,0.69
"5372","...862542","FIU_WQMP","09/25/2020 14:07:00","291-W","Total_Nitrogen",0.13333,"mg/L",24.81682,-81.14678,0.67
"5373","...862544","FIU_WQMP","06/15/2020 10:58:00","231-W","Total_Nitrogen",0.07667,"mg/L",24.925,-80.503,0.83
"5374","...862551","FIU_WQMP","07/16/2020 10:04:00","209-W","Total_Nitrogen",0.23667,"mg/L",24.5857,-81.72272,0.73
"5375","...862558","FIU_WQMP","07/11/2020 12:21:00","254-W","Total_Nitrogen",0.17,"mg/L",24.65792,-81.26502,0.76
"5376","...862565","FIU_WQMP","07/14/2020 13:42:00","220-W","Total_Nitrogen",0.15333,"mg/L",25.11355,-80.37342,0.67
"5377","...862573","FIU_WQMP","07/11/2020 10:18:00","271-W","Total_Nitrogen",0.16,"mg/L",24.55667,-81.66667,0.79
"5378","...862585","FIU_WQMP","07/14/2020 14:01:00","500-W","Total_Nitrogen",0.31667,"mg/L",25.08535,-80.43346,0.76
"5379","...862598","FIU_WQMP","03/27/2020 12:25:00","256-W","Total_Nitrogen",0.08667,"mg/L",24.58497,-81.23408,0.71
"5380","...862607","FIU_WQMP","12/11/2020 12:00:00","305-W","Total_Nitrogen",0.26333,"mg/L",24.76852,-81.555,0.7
"5381","...862658","FIU_WQMP","02/25/2021 10:11:00","264-W","Total_Nitrogen",0.09333,"mg/L",24.94677,-80.45947,0.67
"5382","...862706","FIU_WQMP","09/15/2020 12:08:00","302-W","Total_Nitrogen",0.17,"mg/L",24.80128,-81.48227,0.67
"5383","...862714","FIU_WQMP","09/20/2020 14:30:00","248-W","Total_Nitrogen",0.07333,"mg/L",24.69167,-80.96667,0.73
"5384","...862724","FIU_WQMP","12/16/2020 13:20:00","309-W","Total_Nitrogen",0.1493,"mg/L",24.69772,-81.68318,0.69
"5385","...862736","FIU_WQMP","03/24/2020 14:42:00","509-W","Total_Nitrogen",0.23,"mg/L",24.5523,-81.7494,0.69
"5386","...862742","FIU_WQMP","03/27/2020 13:23:00","270-W","Total_Nitrogen",0.10333,"mg/L",24.52162,-81.56432,0.7
"5387","...862754","FIU_WQMP","03/11/2020 12:09:00","211-W","Total_Nitrogen",0.11,"mg/L",25.30788,-80.26165,0.85
"5388","...862757","FIU_WQMP","03/12/2020 11:29:00","226-W","Total_Nitrogen",0.17,"mg/L",25.0084,-80.50148,0.93
"5389","...862761","FIU_WQMP","03/30/2020 16:52:00","402-W","Total_Nitrogen",0.1,"mg/L",24.63,-81.112,0.65
"5390","...862766","FIU_WQMP","11/13/2020 10:19:00","211-W","Total_Nitrogen",0.18647,"mg/L",25.30788,-80.26165,0.69
"5391","...862770","FIU_WQMP","11/15/2020 11:22:00","231-W","Total_Nitrogen",0.12953,"mg/L",24.925,-80.503,0.75
"5392","...862771","FIU_WQMP","12/13/2020 14:49:00","244-W","Total_Nitrogen",0.24626,"mg/L",24.79333,-80.86333,0.71
"5393","...862816","FIU_WQMP","02/17/2021 12:36:00","241-W","Total_Nitrogen",0.31333,"mg/L",24.80247,-80.8089,0.71
"5394","...862822","FIU_WQMP","02/09/2021 13:01:00","317-W","Total_Nitrogen",0.20333,"mg/L",24.575,-81.78833,0.66
"5395","...862825","FIU_WQMP","03/22/2021 17:14:00","276-W","Total_Nitrogen",0.06333,"mg/L",24.47538,-81.73742,0.74
"5396","...862847","FIU_WQMP","03/23/2021 13:50:00","332-W","Total_Nitrogen",0.11333,"mg/L",24.5355,-82.36733,0.75
"5397","...862875","FIU_WQMP","09/11/2020 13:21:00","227-W","Total_Nitrogen",0.10333,"mg/L",25.00167,-80.4749,0.67
"5398","...862881","FIU_WQMP","09/20/2020 13:52:00","243-W","Total_Nitrogen",0.04667,"mg/L",24.745,-80.78333,0.69
"5399","...862885","FIU_WQMP","10/11/2020 09:31:00","254-W","Total_Nitrogen",0.13,"mg/L",24.65792,-81.26502,0.66
"5400","...862892","FIU_WQMP","10/11/2020 10:52:00","263-W","Total_Nitrogen",0.11667,"mg/L",24.54843,-81.39742,0.67
"5401","...862899","FIU_WQMP","12/16/2020 12:48:00","315-W","Total_Nitrogen",0.15704,"mg/L",24.63325,-81.82827,0.69
"5402","...862925","FIU_WQMP","03/30/2020 16:24:00","249-W","Total_Nitrogen",0.12333,"mg/L",24.675,-80.9583,0.68
"5403","...862932","FIU_WQMP","03/14/2020 12:04:00","222-W","Total_Nitrogen",0.09667,"mg/L",25.07237,-80.31277,0.74
"5404","...862940","FIU_WQMP","03/16/2020 15:02:00","213-W","Total_Nitrogen",0.07333,"mg/L",25.26312,-80.18773,0.74
"5405","...862942","FIU_WQMP","03/19/2020 15:15:00","314-W","Total_Nitrogen",0.23333,"mg/L",24.75043,-81.43578,0.68
"5406","...862950","FIU_WQMP","03/12/2020 12:36:00","229-W","Total_Nitrogen",0.10667,"mg/L",24.95012,-80.56218,0.86
"5407","...862959","FIU_WQMP","03/23/2020 12:27:00","292-W","Total_Nitrogen",0.16333,"mg/L",24.76312,-81.11248,0.76
"5408","...862965","FIU_WQMP","12/13/2020 12:39:00","256-W","Total_Nitrogen",0.13141,"mg/L",24.58497,-81.23408,0.69
"5409","...862968","FIU_WQMP","11/15/2020 15:42:00","230-W","Total_Nitrogen",0.36597,"mg/L",24.93965,-80.55162,0.73
"5410","...862975","FIU_WQMP","11/14/2020 10:35:00","220-W","Total_Nitrogen",0.10272,"mg/L",25.11355,-80.37342,0.83
"5411","...863019","FIU_WQMP","02/15/2021 09:59:00","239-W","Total_Nitrogen",0.13,"mg/L",24.80223,-80.7162,0.73
"5412","...863026","FIU_WQMP","12/13/2020 11:02:00","249-W","Total_Nitrogen",0.07054,"mg/L",24.675,-80.9583,0.75
"5413","...863076","FIU_WQMP","07/10/2020 17:46:00","335-W","Total_Nitrogen",0.10333,"mg/L",24.46083,-82.38317,0.83
"5414","...863087","FIU_WQMP","07/16/2020 10:27:00","310-W","Total_Nitrogen",0.25,"mg/L",24.65752,-81.63265,0.67
"5415","...863089","FIU_WQMP","03/23/2020 14:09:00","287-W","Total_Nitrogen",0.21667,"mg/L",24.84667,-81.00833,0.73
"5416","...863108","FIU_WQMP","03/11/2020 10:57:00","501-W","Total_Nitrogen",0.9,"mg/L",25.11053,-80.43421,0.68
"5417","...863126","FIU_WQMP","03/26/2020 11:06:00","319-W","Total_Nitrogen",0.17,"mg/L",24.629,-82.07133,0.69
"5418","...863128","FIU_WQMP","03/30/2020 18:15:00","244-W","Total_Nitrogen",0.13667,"mg/L",24.79333,-80.86333,0.69
"5419","...863129","FIU_WQMP","01/14/2020 14:16:00","507-W","Total_Nitrogen",0.48,"mg/L",24.69309,-81.35463,0.67
"5420","...863133","FIU_WQMP","12/15/2020 10:59:00","332-W","Total_Nitrogen",0.1339,"mg/L",24.5355,-82.36733,0.66
"5421","...863134","FIU_WQMP","11/15/2020 15:50:00","229-W","Total_Nitrogen",0.49172,"mg/L",24.95012,-80.56218,0.73
"5422","...863140","FIU_WQMP","12/11/2020 13:32:00","301-W","Total_Nitrogen",0.27333,"mg/L",24.77258,-81.39665,0.74
"5423","...863187","FIU_WQMP","03/22/2021 16:35:00","272-W","Total_Nitrogen",0.07667,"mg/L",24.50548,-81.65433,0.66
"5424","...863198","FIU_WQMP","03/23/2021 13:31:00","335-W","Total_Nitrogen",0.11667,"mg/L",24.46083,-82.38317,0.69
"5425","...863241","FIU_WQMP","07/07/2020 11:23:00","218-W","Total_Nitrogen",0.11,"mg/L",25.15897,-80.29455,0.69
"5426","...863245","FIU_WQMP","07/09/2020 12:16:00","256-W","Total_Nitrogen",0.10667,"mg/L",24.58497,-81.23408,0.73
"5427","...863250","FIU_WQMP","03/27/2020 13:08:00","267-W","Total_Nitrogen",0.12333,"mg/L",24.53008,-81.4873,0.78
"5428","...863252","FIU_WQMP","03/16/2020 12:05:00","204-W","Total_Nitrogen",0.11667,"mg/L",25.43082,-80.19553,0.4
"5429","...863255","FIU_WQMP","03/19/2020 14:29:00","295-W","Total_Nitrogen",0.19667,"mg/L",24.85163,-81.35123,0.78
"5430","...863267","FIU_WQMP","11/08/2019 13:36:00","246-W","Total_Nitrogen",0.051,"mg/L",24.71317,-80.85813,0.622
"5431","...863270","FIU_WQMP","01/28/2020 10:15:00","324-W","Total_Nitrogen",0.103,"mg/L",24.65333,-82.15833,0.621
"5432","...863272","FIU_WQMP","01/29/2020 09:12:00","270-W","Total_Nitrogen",0.067,"mg/L",24.52162,-81.56432,0.635
"5433","...863286","FIU_WQMP","01/15/2020 11:03:00","509-W","Total_Nitrogen",0.233,"mg/L",24.5523,-81.7494,0.832
"5434","...863290","FIU_WQMP","11/13/2020 10:53:00","204-W","Total_Nitrogen",0.35573,"mg/L",25.43082,-80.19553,0.75
"5435","...863293","FIU_WQMP","11/13/2020 13:45:00","216-W","Total_Nitrogen",0.08219,"mg/L",25.22,-80.217,0.69
"5436","...863297","FIU_WQMP","11/16/2020 10:14:00","282-W","Total_Nitrogen",0.08016,"mg/L",24.86667,-80.885,0.67
"5437","...863330","FIU_WQMP","02/25/2021 09:49:00","231-W","Total_Nitrogen",0.09333,"mg/L",24.925,-80.503,0.65
"5438","...863363","FIU_WQMP","09/20/2020 14:41:00","249-W","Total_Nitrogen",0.09667,"mg/L",24.675,-80.9583,0.75
"5439","...863364","FIU_WQMP","09/11/2020 12:51:00","500-W","Total_Nitrogen",0.20333,"mg/L",25.08535,-80.43346,0.69
"5440","...863375","FIU_WQMP","07/02/2020 14:28:00","201-W","Total_Nitrogen",0.2,"mg/L",25.51,-80.165,0.69
"5441","...863380","FIU_WQMP","07/01/2020 16:27:00","291-W","Total_Nitrogen",0.21667,"mg/L",24.81682,-81.14678,0.67
"5442","...863384","FIU_WQMP","03/27/2020 13:08:00","267-W","Total_Nitrogen",0.11333,"mg/L",24.53008,-81.4873,0.78
"5443","...863387","FIU_WQMP","03/11/2020 12:46:00","215-W","Total_Nitrogen",0.08667,"mg/L",25.23667,-80.28897,0.77
"5444","...863397","FIU_WQMP","01/28/2020 13:35:00","335-W","Total_Nitrogen",0.051,"mg/L",24.46083,-82.38317,0.795
"5445","...863406","FIU_WQMP","01/16/2020 12:43:00","213-W","Total_Nitrogen",0.053,"mg/L",25.26312,-80.18773,0.938
"5446","...863415","FIU_WQMP","01/28/2020 09:35:00","318-W","Total_Nitrogen",0.15,"mg/L",24.65083,-81.90467,0.636
"5447","...863424","FIU_WQMP","11/06/2019 13:04:00","214-W","Total_Nitrogen",0.127,"mg/L",25.2462,-80.29918,0.751
"5448","...863431","FIU_WQMP","11/15/2020 12:01:00","401-W","Total_Nitrogen",0.05987,"mg/L",24.853,-80.622,0.7
"5449","...863435","FIU_WQMP","11/15/2020 12:25:00","505-W","Total_Nitrogen",0.09831,"mg/L",24.71208,-81.10071,0.67
"5450","...863439","FIU_WQMP","11/16/2020 10:30:00","284-W","Total_Nitrogen",0.05258,"mg/L",24.87667,-80.95833,0.69
"5451","...863504","FIU_WQMP","02/08/2021 12:51:00","224-W","Total_Nitrogen",0.15,"mg/L",25.03082,-80.39527,0.66
"5452","...863539","FIU_WQMP","09/28/2020 11:00:00","402-W","Total_Nitrogen",0.11333,"mg/L",24.63,-81.112,0.67
"5453","...863546","FIU_WQMP","09/11/2020 09:54:00","501-W","Total_Nitrogen",0.84667,"mg/L",25.11053,-80.43421,0.73
"5454","...863551","FIU_WQMP","10/28/2020 10:07:00","242-W","Total_Nitrogen",0.06707,"mg/L",24.7915,-80.81225,0.84
"5455","...863554","FIU_WQMP","10/12/2020 08:23:00","281-W","Total_Nitrogen",0.21333,"mg/L",24.495,-81.89167,0.7
"5456","...863558","FIU_WQMP","11/08/2019 12:32:00","237-W","Total_Nitrogen",0.051,"mg/L",24.83265,-80.64907,0.691
"5457","...863569","FIU_WQMP","11/08/2019 12:32:00","237-W","Total_Nitrogen",0.057,"mg/L",24.83265,-80.64907,0.691
"5458","...863571","FIU_WQMP","01/14/2020 13:53:00","301-W","Total_Nitrogen",0.207,"mg/L",24.77258,-81.39665,0.692
"5459","...863574","FIU_WQMP","07/01/2020 15:34:00","287-W","Total_Nitrogen",0.26333,"mg/L",24.84667,-81.00833,0.69
"5460","...863580","FIU_WQMP","01/29/2020 10:07:00","259-W","Total_Nitrogen",0.051,"mg/L",24.57037,-81.32167,0.672
"5461","...863586","FIU_WQMP","01/16/2020 12:43:00","213-W","Total_Nitrogen",0.06,"mg/L",25.26312,-80.18773,0.938
"5462","...863602","FIU_WQMP","09/25/2019 13:30:00","225-W","Total_Nitrogen",0.06333,"mg/L",25.017,-80.3674,0.751
"5463","...863603","FIU_WQMP","11/06/2019 13:16:00","215-W","Total_Nitrogen",0.08,"mg/L",25.23667,-80.28897,0.659
"5464","...863610","FIU_WQMP","01/29/2020 08:25:00","276-W","Total_Nitrogen",0.093,"mg/L",24.47538,-81.73742,0.639
"5465","...863622","FIU_WQMP","08/15/2019 15:03:00","211-W","Total_Nitrogen",0.04127,"mg/L",25.30788,-80.26165,0.751
"5466","...863626","FIU_WQMP","12/11/2019 10:41:00","502-W","Total_Nitrogen",0.217,"mg/L",24.9265,-80.62067,0.922
"5467","...863641","FIU_WQMP","11/16/2020 10:41:00","287-W","Total_Nitrogen",0.06344,"mg/L",24.84667,-81.00833,0.76
"5468","...863685","FIU_WQMP","02/15/2021 09:34:00","237-W","Total_Nitrogen",0.09667,"mg/L",24.83265,-80.64907,0.74
"5469","...863695","FIU_WQMP","02/25/2021 15:30:00","204-W","Total_Nitrogen",0.13667,"mg/L",25.43082,-80.19553,0.7
"5470","...863720","FIU_WQMP","09/15/2020 11:15:00","296-W","Total_Nitrogen",0.25,"mg/L",24.79152,-81.28908,0.69
"5471","...863728","FIU_WQMP","09/17/2020 12:47:00","309-W","Total_Nitrogen",0.14667,"mg/L",24.69772,-81.68318,0.86
"5472","...863734","FIU_WQMP","10/12/2020 08:49:00","322-W","Total_Nitrogen",0.16,"mg/L",24.45833,-81.98167,0.71
"5473","...863748","FIU_WQMP","10/31/2019 12:28:00","223-W","Total_Nitrogen",0.051,"mg/L",25.06018,-80.42312,0.646
"5474","...863749","FIU_WQMP","12/10/2019 14:03:00","290-W","Total_Nitrogen",0.207,"mg/L",24.86267,-81.21623,0.702
"5475","...863751","FIU_WQMP","11/06/2019 12:06:00","207-W","Total_Nitrogen",0.127,"mg/L",25.36443,-80.21508,0.659
"5476","...863759","FIU_WQMP","12/11/2019 10:32:00","232-W","Total_Nitrogen",0.137,"mg/L",24.92703,-80.59852,0.648
"5477","...863765","FIU_WQMP","01/07/2020 13:17:00","402-W","Total_Nitrogen",0.053,"mg/L",24.63,-81.112,0.94
"5478","...863779","FIU_WQMP","08/16/2019 13:32:00","227-W","Total_Nitrogen",0.04127,"mg/L",25.00167,-80.4749,0.751
"5479","...863795","FIU_WQMP","06/03/2019 09:14:00","322-W","Total_Nitrogen",0.07667,"mg/L",24.45833,-81.98167,0.8
"5480","...863796","FIU_WQMP","11/13/2020 10:09:00","212-W","Total_Nitrogen",0.15866,"mg/L",25.29452,-80.24542,0.69
"5481","...863799","FIU_WQMP","12/13/2020 09:41:00","241-W","Total_Nitrogen",0.30667,"mg/L",24.80247,-80.8089,0.67
"5482","...863801","FIU_WQMP","12/15/2020 10:38:00","335-W","Total_Nitrogen",0.08825,"mg/L",24.46083,-82.38317,0.69
"5483","...863844","FIU_WQMP","02/25/2021 11:09:00","222-W","Total_Nitrogen",0.09333,"mg/L",25.07237,-80.31277,0.68
"5484","...863847","FIU_WQMP","02/09/2021 12:28:00","315-W","Total_Nitrogen",0.14667,"mg/L",24.63325,-81.82827,0.67
"5485","...863851","FIU_WQMP","12/14/2020 11:26:00","259-W","Total_Nitrogen",0.11333,"mg/L",24.57037,-81.32167,0.69
"5486","...863855","FIU_WQMP","12/16/2020 10:17:00","278-W","Total_Nitrogen",0.10948,"mg/L",24.49862,-81.81895,0.83
"5487","...863892","FIU_WQMP","09/14/2020 09:59:00","230-W","Total_Nitrogen",0.15667,"mg/L",24.93965,-80.55162,0.67
"5488","...863897","FIU_WQMP","10/11/2020 11:54:00","270-W","Total_Nitrogen",0.11333,"mg/L",24.52162,-81.56432,0.7
"5489","...863898","FIU_WQMP","01/14/2020 13:28:00","314-W","Total_Nitrogen",0.227,"mg/L",24.75043,-81.43578,0.69
"5490","...863908","FIU_WQMP","01/29/2020 13:07:00","266-W","Total_Nitrogen",0.123,"mg/L",24.61105,-81.50527,0.657
"5491","...863912","FIU_WQMP","10/31/2019 13:29:00","501-W","Total_Nitrogen",0.68,"mg/L",25.11053,-80.43421,0.672
"5492","...863914","FIU_WQMP","11/06/2019 13:38:00","218-W","Total_Nitrogen",0.093,"mg/L",25.15897,-80.29455,0.659
"5493","...863922","FIU_WQMP","08/16/2019 12:30:00","229-W","Total_Nitrogen",0.11,"mg/L",24.95012,-80.56218,0.751
"5494","...863926","FIU_WQMP","02/04/2019 12:37:00","218-W","Total_Nitrogen",0.18667,"mg/L",25.15897,-80.29455,0.76
"5495","...863939","FIU_WQMP","02/04/2019 14:40:00","228-W","Total_Nitrogen",0.10042,"mg/L",24.97667,-80.45,0.66
"5496","...863942","FIU_WQMP","05/30/2019 14:17:00","294-W","Total_Nitrogen",0.23,"mg/L",24.7555,-81.17218,0.88
"5497","...863975","FIU_WQMP","05/27/2019 19:41:00","503-W","Total_Nitrogen",0.24333,"mg/L",24.9205,-80.63477,0.66
"5498","...863976","FIU_WQMP","05/06/2019 12:17:00","200-W","Total_Nitrogen",0.11333,"mg/L",25.59,-80.1,0.66
"5499","...863980","FIU_WQMP","05/28/2019 14:49:00","508-W","Total_Nitrogen",0.21667,"mg/L",24.57375,-81.76014,0.71
"5500","...863985","FIU_WQMP","11/13/2020 12:06:00","203-W","Total_Nitrogen",0.13362,"mg/L",25.48053,-80.11768,0.73
"5501","...863986","FIU_WQMP","11/15/2020 13:10:00","238-W","Total_Nitrogen",0.07773,"mg/L",24.83442,-80.74683,0.86
"5502","...863987","FIU_WQMP","12/13/2020 14:03:00","504-W","Total_Nitrogen",0.20119,"mg/L",24.72254,-81.04338,0.69
"5503","...864018","FIU_WQMP","03/02/2021 14:43:00","505-W","Total_Nitrogen",0.25,"mg/L",24.71208,-81.10071,0.65
"5504","...864029","FIU_WQMP","03/02/2021 12:51:00","288-W","Total_Nitrogen",0.25,"mg/L",24.88333,-81.08333,0.66
"5505","...864035","FIU_WQMP","02/25/2021 15:14:00","201-W","Total_Nitrogen",0.10667,"mg/L",25.51,-80.165,0.76
"5506","...864038","FIU_WQMP","03/24/2021 12:18:00","507-W","Total_Nitrogen",0.25,"mg/L",24.69309,-81.35463,0.66
"5507","...864042","FIU_WQMP","09/15/2020 13:01:00","314-W","Total_Nitrogen",0.26333,"mg/L",24.75043,-81.43578,0.79
"5508","...864054","FIU_WQMP","12/11/2019 10:18:00","503-W","Total_Nitrogen",0.373,"mg/L",24.9205,-80.63477,0.702
"5509","...864057","FIU_WQMP","01/28/2020 17:47:00","281-W","Total_Nitrogen",0.053,"mg/L",24.495,-81.89167,0.72
"5510","...864077","FIU_WQMP","05/28/2019 15:59:00","312-W","Total_Nitrogen",0.18667,"mg/L",24.65978,-81.76343,0.88
"5511","...864081","FIU_WQMP","05/29/2019 12:47:00","275-W","Total_Nitrogen",0.09667,"mg/L",24.52143,-81.74422,0.66
"5512","...864084","FIU_WQMP","05/22/2019 13:34:00","256-W","Total_Nitrogen",0.1,"mg/L",24.58497,-81.23408,0.76
"5513","...864086","FIU_WQMP","05/27/2019 16:12:00","232-W","Total_Nitrogen",0.10333,"mg/L",24.92703,-80.59852,0.69
"5514","...864089","FIU_WQMP","05/29/2019 13:25:00","278-W","Total_Nitrogen",0.06,"mg/L",24.49862,-81.81895,0.74
"5515","...864090","FIU_WQMP","05/27/2019 13:24:00","220-W","Total_Nitrogen",0.12667,"mg/L",25.11355,-80.37342,0.7
"5516","...864093","FIU_WQMP","06/03/2019 11:12:00","332-W","Total_Nitrogen",0.07667,"mg/L",24.5355,-82.36733,0.86
"5517","...864127","FIU_WQMP","07/16/2020 11:01:00","312-W","Total_Nitrogen",0.17667,"mg/L",24.65978,-81.76343,0.69
"5518","...864164","FIU_WQMP","03/02/2021 13:45:00","291-W","Total_Nitrogen",0.22333,"mg/L",24.81682,-81.14678,0.69
"5519","...864170","FIU_WQMP","02/25/2021 10:47:00","225-W","Total_Nitrogen",0.13333,"mg/L",25.017,-80.3674,0.66
"5520","...864183","FIU_WQMP","03/02/2021 12:33:00","287-W","Total_Nitrogen",0.3,"mg/L",24.84667,-81.00833,0.73
"5521","...864190","FIU_WQMP","09/17/2020 12:13:00","315-W","Total_Nitrogen",0.17,"mg/L",24.63325,-81.82827,0.74
"5522","...864199","FIU_WQMP","05/23/2019 12:43:00","307-W","Total_Nitrogen",0.19333,"mg/L",24.72503,-81.52052,0.69
"5523","...864203","FIU_WQMP","05/27/2019 15:44:00","230-W","Total_Nitrogen",0.1,"mg/L",24.93965,-80.55162,0.82
"5524","...864219","FIU_WQMP","05/29/2019 12:17:00","403-W","Total_Nitrogen",0.05667,"mg/L",24.483,-81.7,0.87
"5525","...864231","FIU_WQMP","05/07/2019 13:30:00","237-W","Total_Nitrogen",0.17667,"mg/L",24.83265,-80.64907,0.75
"5526","...864239","FIU_WQMP","05/07/2019 13:15:00","401-W","Total_Nitrogen",0.10667,"mg/L",24.853,-80.622,0.76
"5527","...864240","FIU_WQMP","05/22/2019 09:32:00","247-W","Total_Nitrogen",0.27333,"mg/L",24.71318,-81.01115,0.75
"5528","...864242","FIU_WQMP","05/23/2019 11:56:00","310-W","Total_Nitrogen",0.24,"mg/L",24.65752,-81.63265,0.74
"5529","...864248","FIU_WQMP","05/28/2019 15:21:00","317-W","Total_Nitrogen",0.21333,"mg/L",24.575,-81.78833,0.74
"5530","...864250","FIU_WQMP","05/27/2019 14:31:00","227-W","Total_Nitrogen",0.08333,"mg/L",25.00167,-80.4749,0.78
"5531","...864262","FIU_WQMP","06/15/2020 11:30:00","401-W","Total_Nitrogen",0.09,"mg/L",24.853,-80.622,0.67
"5532","...864263","FIU_WQMP","07/16/2020 11:57:00","316-W","Total_Nitrogen",0.21667,"mg/L",24.58577,-81.8024,0.69
"5533","...864274","FIU_WQMP","03/19/2020 14:54:00","302-W","Total_Nitrogen",0.25,"mg/L",24.80128,-81.48227,0.81
"5534","...864279","FIU_WQMP","03/30/2020 17:52:00","247-W","Total_Nitrogen",0.12667,"mg/L",24.71318,-81.01115,0.71
"5535","...864286","FIU_WQMP","12/15/2020 08:45:00","281-W","Total_Nitrogen",0.17,"mg/L",24.495,-81.89167,0.66
"5536","...864330","FIU_WQMP","02/15/2021 14:09:00","260-W","Total_Nitrogen",0.24,"mg/L",24.6255,-81.41662,0.8
"5537","...864337","FIU_WQMP","02/25/2021 14:49:00","200-W","Total_Nitrogen",0.1,"mg/L",25.59,-80.1,0.76
"5538","...864341","FIU_WQMP","02/25/2021 13:46:00","210-W","Total_Nitrogen",0.1,"mg/L",25.325,-80.1636,0.72
"5539","...864353","FIU_WQMP","05/29/2019 12:32:00","276-W","Total_Nitrogen",0.06667,"mg/L",24.47538,-81.73742,0.69
"5540","...864354","FIU_WQMP","06/03/2019 10:51:00","335-W","Total_Nitrogen",0.10333,"mg/L",24.46083,-82.38317,0.78
"5541","...864360","FIU_WQMP","05/27/2019 13:58:00","223-W","Total_Nitrogen",0.09,"mg/L",25.06018,-80.42312,0.67
"5542","...864364","FIU_WQMP","05/27/2019 13:42:00","224-W","Total_Nitrogen",0.08,"mg/L",25.03082,-80.39527,0.8
"5543","...864372","FIU_WQMP","05/28/2019 15:31:00","316-W","Total_Nitrogen",0.19333,"mg/L",24.58577,-81.8024,0.86
"5544","...864386","FIU_WQMP","07/11/2020 10:41:00","269-W","Total_Nitrogen",0.12333,"mg/L",24.55943,-81.55955,0.78
"5545","...864392","FIU_WQMP","07/02/2020 13:55:00","204-W","Total_Nitrogen",0.18667,"mg/L",25.43082,-80.19553,0.69
"5546","...864399","FIU_WQMP","07/09/2020 10:50:00","246-W","Total_Nitrogen",0.13667,"mg/L",24.71317,-80.85813,0.75
"5547","...864404","FIU_WQMP","03/24/2020 13:04:00","305-W","Total_Nitrogen",0.19,"mg/L",24.76852,-81.555,0.74
"5548","...864409","FIU_WQMP","03/24/2020 13:57:00","310-W","Total_Nitrogen",0.32333,"mg/L",24.65752,-81.63265,0.7
"5549","...864416","FIU_WQMP","03/24/2020 13:18:00","307-W","Total_Nitrogen",0.24,"mg/L",24.72503,-81.52052,0.71
"5550","...864417","FIU_WQMP","03/30/2020 15:40:00","239-W","Total_Nitrogen",0.16,"mg/L",24.80223,-80.7162,0.71
"5551","...864426","FIU_WQMP","03/30/2020 18:30:00","241-W","Total_Nitrogen",0.13333,"mg/L",24.80247,-80.8089,0.69
"5552","...864427","FIU_WQMP","03/23/2020 14:24:00","288-W","Total_Nitrogen",0.28333,"mg/L",24.88333,-81.08333,0.68
"5553","...864430","FIU_WQMP","03/27/2020 13:50:00","273-W","Total_Nitrogen",0.13,"mg/L",24.4929,-81.6571,0.76
"5554","...864432","FIU_WQMP","03/27/2020 13:59:00","403-W","Total_Nitrogen",0.1,"mg/L",24.483,-81.7,0.65
"5555","...864438","FIU_WQMP","11/13/2020 14:27:00","218-W","Total_Nitrogen",0.10216,"mg/L",25.15897,-80.29455,0.76
"5556","...864442","FIU_WQMP","11/16/2020 11:26:00","290-W","Total_Nitrogen",0.07187,"mg/L",24.86267,-81.21623,0.79
"5557","...864444","FIU_WQMP","12/14/2020 12:41:00","270-W","Total_Nitrogen",0.11667,"mg/L",24.52162,-81.56432,0.71
"5558","...864481","FIU_WQMP","02/17/2021 10:52:00","250-W","Total_Nitrogen",0.21,"mg/L",24.69193,-81.18245,0.7
"5559","...864488","FIU_WQMP","02/15/2021 13:16:00","255-W","Total_Nitrogen",0.14,"mg/L",24.62168,-81.24308,0.77
"5560","...864496","FIU_WQMP","02/25/2021 13:20:00","213-W","Total_Nitrogen",0.08,"mg/L",25.26312,-80.18773,0.79
"5561","...864497","FIU_WQMP","10/27/2020 10:29:00","506-W","Total_Nitrogen",0.14181,"mg/L",24.65941,-81.38327,0.78
"5562","...864519","FIU_WQMP","09/27/2019 14:22:00","301-W","Total_Nitrogen",0.23,"mg/L",24.77258,-81.39665,0.659
"5563","...864520","FIU_WQMP","07/01/2020 16:46:00","294-W","Total_Nitrogen",0.25333,"mg/L",24.7555,-81.17218,0.66
"5564","...864526","FIU_WQMP","07/11/2020 15:38:00","238-W","Total_Nitrogen",0.55,"mg/L",24.83442,-80.74683,0.87
"5565","...864531","FIU_WQMP","07/07/2020 12:24:00","222-W","Total_Nitrogen",0.09,"mg/L",25.07237,-80.31277,0.7
"5566","...864537","FIU_WQMP","07/10/2020 12:06:00","333-W","Total_Nitrogen",0.09333,"mg/L",24.57717,-82.49133,0.71
"5567","...864539","FIU_WQMP","12/10/2019 14:34:00","292-W","Total_Nitrogen",0.337,"mg/L",24.76312,-81.11248,0.643
"5568","...864546","FIU_WQMP","01/29/2020 09:34:00","267-W","Total_Nitrogen",0.07,"mg/L",24.53008,-81.4873,0.711
"5569","...864554","FIU_WQMP","03/30/2020 15:27:00","237-W","Total_Nitrogen",0.12,"mg/L",24.83265,-80.64907,0.67
"5570","...864570","FIU_WQMP","03/16/2020 13:49:00","203-W","Total_Nitrogen",0.08333,"mg/L",25.48053,-80.11768,0.84
"5571","...864575","FIU_WQMP","03/24/2020 12:04:00","315-W","Total_Nitrogen",0.21333,"mg/L",24.63325,-81.82827,0.67
"5572","...864582","FIU_WQMP","03/23/2020 14:44:00","290-W","Total_Nitrogen",0.23667,"mg/L",24.86267,-81.21623,0.76
"5573","...864591","FIU_WQMP","03/16/2020 14:13:00","206-W","Total_Nitrogen",0.07667,"mg/L",25.41497,-80.143,0.67
"5574","...864597","FIU_WQMP","02/09/2021 11:35:00","310-W","Total_Nitrogen",0.18,"mg/L",24.65752,-81.63265,0.72
"5575","...864605","FIU_WQMP","09/26/2019 11:44:00","263-W","Total_Nitrogen",0.13333,"mg/L",24.54843,-81.39742,0.751
"5576","...864614","FIU_WQMP","02/05/2019 10:27:00","214-W","Total_Nitrogen",0.13333,"mg/L",25.2462,-80.29918,0.67
"5577","...864619","FIU_WQMP","12/15/2020 09:36:00","325-W","Total_Nitrogen",0.12057,"mg/L",24.54167,-82.1,0.66
"5578","...864625","FIU_WQMP","02/15/2021 11:15:00","249-W","Total_Nitrogen",0.09,"mg/L",24.675,-80.9583,0.69
"5579","...864642","FIU_WQMP","12/14/2020 14:12:00","268-W","Total_Nitrogen",0.26667,"mg/L",24.58782,-81.57698,0.69
"5580","...864646","FIU_WQMP","07/15/2020 13:13:00","305-W","Total_Nitrogen",0.17,"mg/L",24.76852,-81.555,0.74
"5581","...864656","FIU_WQMP","02/15/2019 10:16:00","244-W","Total_Nitrogen",0.18,"mg/L",24.79333,-80.86333,0.67
"5582","...864658","FIU_WQMP","03/23/2021 15:27:00","330-W","Total_Nitrogen",0.13,"mg/L",24.66533,-82.374,0.73
"5583","...864672","FIU_WQMP","03/19/2020 14:14:00","296-W","Total_Nitrogen",0.20333,"mg/L",24.79152,-81.28908,0.71
"5584","...864673","FIU_WQMP","11/08/2019 12:54:00","239-W","Total_Nitrogen",0.051,"mg/L",24.80223,-80.7162,0.677
"5585","...864684","FIU_WQMP","03/01/2019 11:07:00","270-W","Total_Nitrogen",0.08667,"mg/L",24.52162,-81.56432,0.69
"5586","...864721","FIU_WQMP","09/19/2020 11:09:00","206-W","Total_Nitrogen",0.08667,"mg/L",25.41497,-80.143,0.79
"5587","...864727","FIU_WQMP","05/22/2019 10:55:00","241-W","Total_Nitrogen",0.21667,"mg/L",24.80247,-80.8089,0.65
"5588","...864736","FIU_WQMP","02/06/2019 14:27:00","217-W","Total_Nitrogen",0.17333,"mg/L",25.17332,-80.33985,0.73
"5589","...864742","FIU_WQMP","09/25/2020 11:39:00","287-W","Total_Nitrogen",0.08333,"mg/L",24.84667,-81.00833,0.69
"5590","...864748","FIU_WQMP","12/11/2020 10:48:00","296-W","Total_Nitrogen",0.18333,"mg/L",24.79152,-81.28908,0.69
"5591","...864756","FIU_WQMP","07/16/2020 10:44:00","309-W","Total_Nitrogen",0.17333,"mg/L",24.69772,-81.68318,0.74
"5592","...864760","FIU_WQMP","05/27/2019 13:08:00","217-W","Total_Nitrogen",0.09667,"mg/L",25.17332,-80.33985,0.73
"5593","...864764","FIU_WQMP","05/29/2019 12:03:00","272-W","Total_Nitrogen",0.09,"mg/L",24.50548,-81.65433,0.78
"5594","...864767","FIU_WQMP","09/20/2020 13:08:00","237-W","Total_Nitrogen",0.06,"mg/L",24.83265,-80.64907,0.71
"5595","...864775","FIU_WQMP","09/19/2020 11:33:00","210-W","Total_Nitrogen",0.09,"mg/L",25.325,-80.1636,0.75
"5596","...864789","FIU_WQMP","07/07/2020 13:57:00","264-W","Total_Nitrogen",0.11,"mg/L",24.94677,-80.45947,0.73
"5597","...864792","FIU_WQMP","12/16/2020 14:13:00","317-W","Total_Nitrogen",0.12839,"mg/L",24.575,-81.78833,0.69
"5598","...864803","FIU_WQMP","03/16/2020 13:11:00","200-W","Total_Nitrogen",0.07667,"mg/L",25.59,-80.1,0.73
"5599","...864814","FIU_WQMP","03/27/2020 09:25:00","280-W","Total_Nitrogen",0.12333,"mg/L",24.45363,-81.84365,0.86
"5600","...864815","FIU_WQMP","05/22/2019 15:02:00","504-W","Total_Nitrogen",0.25,"mg/L",24.72254,-81.04338,0.66
"5601","...864832","FIU_WQMP","08/16/2019 11:52:00","502-W","Total_Nitrogen",0.12,"mg/L",24.9265,-80.62067,0.712
"5602","...864845","FIU_WQMP","11/15/2020 14:35:00","235-W","Total_Nitrogen",0.09117,"mg/L",24.87123,-80.66865,0.67
"5603","...864849","FIU_WQMP","05/27/2019 18:40:00","235-W","Total_Nitrogen",0.08,"mg/L",24.87123,-80.66865,0.66
"5604","...864856","FIU_WQMP","03/23/2021 12:18:00","325-W","Total_Nitrogen",0.14333,"mg/L",24.54167,-82.1,0.69
"5605","...864894","FIU_WQMP","02/25/2019 13:26:00","324-W","Total_Nitrogen",0.09286,"mg/L",24.65333,-82.15833,0.69
"5606","...864904","FIU_WQMP","09/16/2019 14:24:00","403-W","Total_Nitrogen",0.09,"mg/L",24.483,-81.7,0.778
"5607","...864912","FIU_WQMP","11/14/2020 09:16:00","227-W","Total_Nitrogen",0.10149,"mg/L",25.00167,-80.4749,0.67
"5608","...864924","FIU_WQMP","11/15/2020 12:28:00","237-W","Total_Nitrogen",0.04127,"mg/L",24.83265,-80.64907,0.74
"5609","...864942","FIU_WQMP","05/27/2019 16:28:00","502-W","Total_Nitrogen",0.11667,"mg/L",24.9265,-80.62067,0.67
"5610","...864957","FIU_WQMP","05/29/2019 09:07:00","506-W","Total_Nitrogen",0.22667,"mg/L",24.65941,-81.38327,0.69
"5611","...864970","FIU_WQMP","12/15/2020 12:47:00","330-W","Total_Nitrogen",0.13398,"mg/L",24.66533,-82.374,0.76
"5612","...864984","FIU_WQMP","05/30/2019 14:01:00","291-W","Total_Nitrogen",0.19333,"mg/L",24.81682,-81.14678,0.86
"5613","...864986","FIU_WQMP","05/29/2019 09:38:00","253-W","Total_Nitrogen",0.16,"mg/L",24.64537,-81.30723,0.94
"5614","...865008","FIU_WQMP","02/15/2019 13:36:00","252-W","Total_Nitrogen",0.11333,"mg/L",24.60693,-81.15442,0.83
"5615","...865016","FIU_WQMP","06/15/2020 09:43:00","226-W","Total_Nitrogen",0.15667,"mg/L",25.0084,-80.50148,0.69
"5616","...865020","FIU_WQMP","02/06/2019 12:56:00","227-W","Total_Nitrogen",0.10018,"mg/L",25.00167,-80.4749,0.78
"5617","...865024","FIU_WQMP","01/28/2020 11:11:00","330-W","Total_Nitrogen",0.113,"mg/L",24.66533,-82.374,0.687
"5618","...865032","FIU_WQMP","02/07/2019 13:46:00","285-W","Total_Nitrogen",0.23632,"mg/L",24.80998,-80.92028,0.66
"5619","...865045","FIU_WQMP","05/27/2019 15:55:00","229-W","Total_Nitrogen",0.12,"mg/L",24.95012,-80.56218,0.79
"5620","...865053","FIU_WQMP","05/22/2019 12:50:00","402-W","Total_Nitrogen",0.10667,"mg/L",24.63,-81.112,0.69
"5621","...865096","FIU_WQMP","02/07/2019 10:28:00","284-W","Total_Nitrogen",0.22935,"mg/L",24.87667,-80.95833,0.67
"5622","...865100","FIU_WQMP","12/15/2020 14:35:00","318-W","Total_Nitrogen",0.21,"mg/L",24.65083,-81.90467,0.75
"5623","...865108","FIU_WQMP","10/12/2020 09:17:00","325-W","Total_Nitrogen",0.16,"mg/L",24.54167,-82.1,0.7
"5624","...865115","FIU_WQMP","09/11/2020 11:46:00","215-W","Total_Nitrogen",0.07333,"mg/L",25.23667,-80.28897,0.79
"5625","...865122","FIU_WQMP","09/20/2020 11:31:00","225-W","Total_Nitrogen",0.05333,"mg/L",25.017,-80.3674,0.74
"5626","...865123","FIU_WQMP","01/28/2020 17:10:00","325-W","Total_Nitrogen",0.127,"mg/L",24.54167,-82.1,0.669
"5627","...865143","FIU_WQMP","02/25/2021 10:25:00","228-W","Total_Nitrogen",0.08667,"mg/L",24.97667,-80.45,0.69
"5628","...865151","FIU_WQMP","10/11/2020 10:29:00","259-W","Total_Nitrogen",0.08333,"mg/L",24.57037,-81.32167,0.7
"5629","...865158","FIU_WQMP","10/31/2019 11:59:00","226-W","Total_Nitrogen",0.08,"mg/L",25.0084,-80.50148,0.659
"5630","...865159","FIU_WQMP","01/29/2020 10:21:00","256-W","Total_Nitrogen",0.051,"mg/L",24.58497,-81.23408,0.783
"5631","...865172","FIU_WQMP","05/30/2019 14:44:00","505-W","Total_Nitrogen",0.26333,"mg/L",24.71208,-81.10071,0.69
"5632","...865184","FIU_WQMP","07/11/2020 12:41:00","250-W","Total_Nitrogen",0.17667,"mg/L",24.69193,-81.18245,0.91
"5633","...865187","FIU_WQMP","01/29/2020 09:34:00","267-W","Total_Nitrogen",0.067,"mg/L",24.53008,-81.4873,0.711
"5634","...865191","FIU_WQMP","02/25/2019 08:54:00","322-W","Total_Nitrogen",0.11339,"mg/L",24.45833,-81.98167,0.75
"5635","...865197","FIU_WQMP","06/03/2019 11:58:00","337-W","Total_Nitrogen",0.14667,"mg/L",24.59133,-82.58783,0.66
"5636","...865201","FIU_WQMP","01/16/2020 15:00:00","224-W","Total_Nitrogen",0.06,"mg/L",25.03082,-80.39527,0.706
"5637","...865207","FIU_WQMP","01/16/2020 14:42:00","225-W","Total_Nitrogen",0.06,"mg/L",25.017,-80.3674,0.809
"5638","...865214","FIU_WQMP","07/15/2020 12:03:00","296-W","Total_Nitrogen",0.22,"mg/L",24.79152,-81.28908,0.69
"5639","...865234","FIU_WQMP","03/27/2020 13:41:00","272-W","Total_Nitrogen",0.13,"mg/L",24.50548,-81.65433,0.8
"5640","...865240","FIU_WQMP","05/07/2019 11:02:00","222-W","Total_Nitrogen",0.12333,"mg/L",25.07237,-80.31277,0.69
"5641","...865241","FIU_WQMP","01/29/2020 12:34:00","506-W","Total_Nitrogen",0.22,"mg/L",24.65941,-81.38327,0.677
"5642","...865252","FIU_WQMP","01/29/2020 08:57:00","272-W","Total_Nitrogen",0.08,"mg/L",24.50548,-81.65433,0.76
"5643","...865259","FIU_WQMP","12/14/2020 14:28:00","266-W","Total_Nitrogen",0.25,"mg/L",24.61105,-81.50527,0.66
"5644","...865277","FIU_WQMP","01/15/2020 11:52:00","315-W","Total_Nitrogen",0.203,"mg/L",24.63325,-81.82827,0.732
"5645","...865288","FIU_WQMP","12/11/2019 13:00:00","504-W","Total_Nitrogen",0.217,"mg/L",24.72254,-81.04338,0.745
"5646","...865304","FIU_WQMP","08/16/2019 13:54:00","223-W","Total_Nitrogen",0.04127,"mg/L",25.06018,-80.42312,0.659
"5647","...865328","FIU_WQMP","08/15/2019 15:37:00","214-W","Total_Nitrogen",0.04127,"mg/L",25.2462,-80.29918,0.685
"5648","...865331","FIU_WQMP","07/09/2020 15:39:00","273-W","Total_Nitrogen",0.07333,"mg/L",24.4929,-81.6571,0.9
"5649","...865339","FIU_WQMP","02/07/2019 11:52:00","291-W","Total_Nitrogen",0.18341,"mg/L",24.81682,-81.14678,0.71
"5650","...865346","FIU_WQMP","03/26/2020 11:19:00","324-W","Total_Nitrogen",0.18333,"mg/L",24.65333,-82.15833,0.67
"5651","...865353","FIU_WQMP","03/23/2020 13:22:00","285-W","Total_Nitrogen",0.12333,"mg/L",24.80998,-80.92028,0.78
"5652","...865360","FIU_WQMP","03/26/2020 10:43:00","318-W","Total_Nitrogen",0.17,"mg/L",24.65083,-81.90467,0.68
"5653","...865364","FIU_WQMP","07/01/2020 17:51:00","285-W","Total_Nitrogen",0.39333,"mg/L",24.80998,-80.92028,0.73
"5654","...865365","FIU_WQMP","01/29/2020 12:44:00","260-W","Total_Nitrogen",0.11,"mg/L",24.6255,-81.41662,0.702
"5655","...865372","FIU_WQMP","09/29/2019 15:43:00","285-W","Total_Nitrogen",0.18,"mg/L",24.80998,-80.92028,0.844
"5656","...865378","FIU_WQMP","09/26/2019 12:16:00","267-W","Total_Nitrogen",0.13,"mg/L",24.53008,-81.4873,0.844
"5657","...865393","FIU_WQMP","03/24/2021 10:10:00","307-W","Total_Nitrogen",0.24,"mg/L",24.72503,-81.52052,0.83
"5658","...865399","FIU_WQMP","02/28/2019 09:17:00","271-W","Total_Nitrogen",0.22667,"mg/L",24.55667,-81.66667,0.67
"5659","...865413","FIU_WQMP","06/15/2020 11:47:00","237-W","Total_Nitrogen",0.07,"mg/L",24.83265,-80.64907,0.78
"5660","...865421","FIU_WQMP","01/28/2020 18:00:00","280-W","Total_Nitrogen",0.053,"mg/L",24.45363,-81.84365,0.725
"5661","...865431","FIU_WQMP","05/06/2019 10:32:00","213-W","Total_Nitrogen",0.08,"mg/L",25.26312,-80.18773,0.67
"5662","...865440","FIU_WQMP","12/16/2020 12:37:00","316-W","Total_Nitrogen",0.08514,"mg/L",24.58577,-81.8024,0.7
"5663","...865449","FIU_WQMP","12/14/2020 15:19:00","253-W","Total_Nitrogen",0.14333,"mg/L",24.64537,-81.30723,0.73
"5664","...865464","FIU_WQMP","03/24/2021 12:58:00","296-W","Total_Nitrogen",0.21,"mg/L",24.79152,-81.28908,0.72
"5665","...865468","FIU_WQMP","10/27/2020 11:04:00","268-W","Total_Nitrogen",0.14432,"mg/L",24.58782,-81.57698,0.67
"5666","...865473","FIU_WQMP","05/29/2019 10:18:00","263-W","Total_Nitrogen",0.08333,"mg/L",24.54843,-81.39742,0.95
"5667","...865481","FIU_WQMP","07/14/2020 11:33:00","212-W","Total_Nitrogen",0.21,"mg/L",25.29452,-80.24542,0.69
"5668","...865486","FIU_WQMP","12/11/2020 12:15:00","307-W","Total_Nitrogen",0.22,"mg/L",24.72503,-81.52052,0.69
"5669","...865490","FIU_WQMP","02/15/2021 14:58:00","266-W","Total_Nitrogen",0.26,"mg/L",24.61105,-81.50527,0.72
"5670","...865511","FIU_WQMP","02/15/2019 14:09:00","250-W","Total_Nitrogen",0.22,"mg/L",24.69193,-81.18245,0.69
"5671","...865513","FIU_WQMP","03/01/2019 09:28:00","256-W","Total_Nitrogen",0.08,"mg/L",24.58497,-81.23408,0.47
"5672","...865520","FIU_WQMP","02/07/2019 10:08:00","282-W","Total_Nitrogen",0.26002,"mg/L",24.86667,-80.885,0.75
"5673","...865532","FIU_WQMP","02/08/2021 13:20:00","500-W","Total_Nitrogen",0.17,"mg/L",25.08535,-80.43346,0.67
"5674","...865545","FIU_WQMP","03/26/2020 18:24:00","325-W","Total_Nitrogen",0.16667,"mg/L",24.54167,-82.1,0.67
"5675","...865562","FIU_WQMP","09/17/2020 13:03:00","310-W","Total_Nitrogen",0.24667,"mg/L",24.65752,-81.63265,0.71
"5676","...865570","FIU_WQMP","03/11/2020 12:18:00","212-W","Total_Nitrogen",0.08333,"mg/L",25.29452,-80.24542,0.88
"5677","...865579","FIU_WQMP","03/26/2020 13:01:00","333-W","Total_Nitrogen",0.1,"mg/L",24.57717,-82.49133,0.68
"5678","...865580","FIU_WQMP","01/29/2020 08:51:00","273-W","Total_Nitrogen",0.077,"mg/L",24.4929,-81.6571,0.699
"5679","...865588","FIU_WQMP","11/08/2019 11:56:00","231-W","Total_Nitrogen",0.067,"mg/L",24.925,-80.503,0.639
"5680","...865617","FIU_WQMP","12/11/2020 13:06:00","314-W","Total_Nitrogen",0.25667,"mg/L",24.75043,-81.43578,0.7
"5681","...865652","FIU_WQMP","11/13/2020 11:33:00","200-W","Total_Nitrogen",0.10295,"mg/L",25.59,-80.1,0.67
"5682","...865657","FIU_WQMP","07/09/2020 11:19:00","248-W","Total_Nitrogen",0.21333,"mg/L",24.69167,-80.96667,0.84
"5683","...865680","FIU_WQMP","02/15/2019 11:40:00","246-W","Total_Nitrogen",0.11333,"mg/L",24.71317,-80.85813,0.71
"5684","...865693","FIU_WQMP","03/24/2020 12:19:00","312-W","Total_Nitrogen",0.19333,"mg/L",24.65978,-81.76343,0.7
"5685","...865699","FIU_WQMP","02/19/2019 12:53:00","310-W","Total_Nitrogen",0.24333,"mg/L",24.65752,-81.63265,0.67
"5686","...865723","FIU_WQMP","03/30/2020 17:16:00","250-W","Total_Nitrogen",0.14,"mg/L",24.69193,-81.18245,0.69
"5687","...865724","FIU_WQMP","02/17/2021 13:08:00","235-W","Total_Nitrogen",0.29667,"mg/L",24.87123,-80.66865,0.72
"5688","...865726","FIU_WQMP","03/30/2020 17:42:00","504-W","Total_Nitrogen",0.24,"mg/L",24.72254,-81.04338,0.69
"5689","...865740","FIU_WQMP","03/16/2020 11:50:00","207-W","Total_Nitrogen",0.09,"mg/L",25.36443,-80.21508,0.81
"5690","...865743","FIU_WQMP","06/03/2019 13:07:00","324-W","Total_Nitrogen",0.18667,"mg/L",24.65333,-82.15833,0.69
"5691","...865750","FIU_WQMP","02/15/2021 15:37:00","271-W","Total_Nitrogen",0.22667,"mg/L",24.55667,-81.66667,0.7
"5692","...865752","FIU_WQMP","01/28/2020 11:42:00","333-W","Total_Nitrogen",0.08,"mg/L",24.57717,-82.49133,0.702
"5693","...865761","FIU_WQMP","09/26/2019 14:30:00","506-W","Total_Nitrogen",0.30333,"mg/L",24.65941,-81.38327,0.751
"5694","...865767","FIU_WQMP","09/28/2019 12:13:00","209-W","Total_Nitrogen",0.27667,"mg/L",24.5857,-81.72272,0.672
"5695","...865771","FIU_WQMP","12/14/2020 12:15:00","267-W","Total_Nitrogen",0.10667,"mg/L",24.53008,-81.4873,0.66
"5696","...865774","FIU_WQMP","12/15/2020 11:21:00","276-W","Total_Nitrogen",0.09535,"mg/L",24.47538,-81.73742,0.78
"5697","...865779","FIU_WQMP","09/16/2019 14:07:00","276-W","Total_Nitrogen",0.08667,"mg/L",24.47538,-81.73742,0.712
"5698","...865790","FIU_WQMP","05/28/2019 15:44:00","315-W","Total_Nitrogen",0.15667,"mg/L",24.63325,-81.82827,0.66
"5699","...865803","FIU_WQMP","03/23/2021 11:31:00","281-W","Total_Nitrogen",0.19667,"mg/L",24.495,-81.89167,0.65
"5700","...865821","FIU_WQMP","03/22/2021 18:26:00","278-W","Total_Nitrogen",0.18,"mg/L",24.49862,-81.81895,0.68
"5701","...865829","FIU_WQMP","05/27/2019 19:00:00","238-W","Total_Nitrogen",0.08,"mg/L",24.83442,-80.74683,0.76
"5702","...865840","FIU_WQMP","05/30/2019 12:22:00","285-W","Total_Nitrogen",0.1233,"mg/L",24.80998,-80.92028,0.92
"5703","...865872","FIU_WQMP","02/05/2019 11:02:00","211-W","Total_Nitrogen",0.18,"mg/L",25.30788,-80.26165,0.71
"5704","...865891","FIU_WQMP","07/07/2020 12:07:00","400-W","Total_Nitrogen",0.10333,"mg/L",25.1073,-80.3064,0.67
"5705","...865912","FIU_WQMP","05/23/2019 11:56:00","310-W","Total_Nitrogen",0.23667,"mg/L",24.65752,-81.63265,0.74
"5706","...865915","FIU_WQMP","02/21/2019 12:53:00","301-W","Total_Nitrogen",0.17606,"mg/L",24.77258,-81.39665,0.67
"5707","...865922","FIU_WQMP","07/09/2020 10:36:00","243-W","Total_Nitrogen",0.12667,"mg/L",24.745,-80.78333,0.88
"5708","...865923","FIU_WQMP","05/30/2019 14:30:00","292-W","Total_Nitrogen",0.27667,"mg/L",24.76312,-81.11248,0.67
"5709","...865937","FIU_WQMP","05/29/2019 13:06:00","280-W","Total_Nitrogen",0.07,"mg/L",24.45363,-81.84365,0.66
"5710","...865950","FIU_WQMP","07/09/2020 11:09:00","249-W","Total_Nitrogen",0.14,"mg/L",24.675,-80.9583,0.9
"5711","...865955","FIU_WQMP","02/25/2019 09:45:00","328-W","Total_Nitrogen",0.13156,"mg/L",24.454,-82.224,0.7
"5712","...865958","FIU_WQMP","01/07/2020 12:39:00","249-W","Total_Nitrogen",0.063,"mg/L",24.675,-80.9583,0.786
"5713","...865965","FIU_WQMP","12/11/2020 13:52:00","507-W","Total_Nitrogen",0.30667,"mg/L",24.69309,-81.35463,0.66
"5714","...865972","FIU_WQMP","01/07/2020 12:39:00","249-W","Total_Nitrogen",0.063,"mg/L",24.675,-80.9583,0.786
"5715","...866000","FIU_WQMP","05/23/2019 13:13:00","305-W","Total_Nitrogen",0.16667,"mg/L",24.76852,-81.555,0.67
"5716","...866014","FIU_WQMP","05/23/2019 10:05:00","296-W","Total_Nitrogen",0.15333,"mg/L",24.79152,-81.28908,0.66
"5717","...866028","FIU_WQMP","05/27/2019 15:17:00","226-W","Total_Nitrogen",0.13667,"mg/L",25.0084,-80.50148,0.82
"5718","...866036","FIU_WQMP","03/22/2021 14:19:00","259-W","Total_Nitrogen",0.07667,"mg/L",24.57037,-81.32167,0.63
"5719","...866040","FIU_WQMP","09/25/2019 12:09:00","219-W","Total_Nitrogen",0.09,"mg/L",25.142,-80.258,0.672
"5720","...866045","FIU_WQMP","02/25/2021 15:44:00","207-W","Total_Nitrogen",0.19,"mg/L",25.36443,-80.21508,0.74
"5721","...866075","FIU_WQMP","09/25/2020 15:30:00","282-W","Total_Nitrogen",0.12667,"mg/L",24.86667,-80.885,0.66
"5722","...866076","FIU_WQMP","03/12/2020 12:19:00","230-W","Total_Nitrogen",0.07333,"mg/L",24.93965,-80.55162,0.8
"5723","...866079","FIU_WQMP","09/24/2019 11:00:00","248-W","Total_Nitrogen",0.08333,"mg/L",24.69167,-80.96667,0.672
"5724","...866084","FIU_WQMP","07/01/2020 15:51:00","288-W","Total_Nitrogen",0.22667,"mg/L",24.88333,-81.08333,0.69
"5725","...866085","FIU_WQMP","01/16/2020 11:03:00","200-W","Total_Nitrogen",0.053,"mg/L",25.59,-80.1,0.986
"5726","...866108","FIU_WQMP","03/27/2020 10:51:00","266-W","Total_Nitrogen",0.18,"mg/L",24.61105,-81.50527,0.69
"5727","...866112","FIU_WQMP","02/17/2021 12:12:00","244-W","Total_Nitrogen",0.26667,"mg/L",24.79333,-80.86333,0.73
"5728","...866120","FIU_WQMP","09/11/2020 11:35:00","214-W","Total_Nitrogen",0.08333,"mg/L",25.2462,-80.29918,0.74
"5729","...866121","FIU_WQMP","07/16/2020 13:47:00","508-W","Total_Nitrogen",0.31667,"mg/L",24.57375,-81.76014,0.73
"5730","...866125","FIU_WQMP","07/09/2020 15:51:00","403-W","Total_Nitrogen",0.10667,"mg/L",24.483,-81.7,0.94
"5731","...866151","FIU_WQMP","03/23/2020 15:03:00","291-W","Total_Nitrogen",0.35667,"mg/L",24.81682,-81.14678,0.78
"5732","...866174","FIU_WQMP","05/22/2019 14:09:00","254-W","Total_Nitrogen",0.15333,"mg/L",24.65792,-81.26502,0.76
"5733","...866177","FIU_WQMP","05/22/2019 10:00:00","248-W","Total_Nitrogen",0.06667,"mg/L",24.69167,-80.96667,0.67
"5734","...866183","FIU_WQMP","02/06/2019 09:07:00","231-W","Total_Nitrogen",0.10672,"mg/L",24.925,-80.503,0.66
"5735","...866195","FIU_WQMP","05/23/2019 10:31:00","295-W","Total_Nitrogen",0.20333,"mg/L",24.85163,-81.35123,0.76
"5736","...866196","FIU_WQMP","11/15/2020 15:16:00","502-W","Total_Nitrogen",0.10095,"mg/L",24.9265,-80.62067,0.74
"5737","...866217","FIU_WQMP","09/29/2019 12:19:00","282-W","Total_Nitrogen",0.22,"mg/L",24.86667,-80.885,0.685
"5738","...866251","FIU_WQMP","09/17/2020 10:48:00","209-W","Total_Nitrogen",0.15333,"mg/L",24.5857,-81.72272,0.75
"5739","...866253","FIU_WQMP","12/16/2020 10:44:00","280-W","Total_Nitrogen",0.06144,"mg/L",24.45363,-81.84365,0.79
"5740","...866262","FIU_WQMP","03/03/2021 09:13:00","503-W","Total_Nitrogen",0.54667,"mg/L",24.9205,-80.63477,0.67
"5741","...866279","FIU_WQMP","07/10/2020 18:14:00","328-W","Total_Nitrogen",0.10333,"mg/L",24.454,-82.224,0.78
"5742","...866291","FIU_WQMP","03/02/2021 14:08:00","294-W","Total_Nitrogen",0.22,"mg/L",24.7555,-81.17218,0.65
"5743","...866292","FIU_WQMP","07/07/2020 13:33:00","228-W","Total_Nitrogen",0.1,"mg/L",24.97667,-80.45,0.79
"5744","...866307","FIU_WQMP","03/22/2021 15:12:00","267-W","Total_Nitrogen",0.09,"mg/L",24.53008,-81.4873,0.72
"5745","...866309","FIU_WQMP","09/17/2020 13:03:00","310-W","Total_Nitrogen",0.23333,"mg/L",24.65752,-81.63265,0.71
"5746","...866325","FIU_WQMP","06/03/2019 12:34:00","330-W","Total_Nitrogen",0.09667,"mg/L",24.66533,-82.374,0.71
"5747","...866336","FIU_WQMP","03/23/2020 15:03:00","291-W","Total_Nitrogen",0.34,"mg/L",24.81682,-81.14678,0.78
"5748","...866348","FIU_WQMP","03/23/2021 12:18:00","325-W","Total_Nitrogen",0.14,"mg/L",24.54167,-82.1,0.69
"5749","...866350","FIU_WQMP","09/17/2020 11:47:00","317-W","Total_Nitrogen",0.1,"mg/L",24.575,-81.78833,0.71
"5750","...866351","FIU_WQMP","11/15/2020 12:54:00","239-W","Total_Nitrogen",0.0623,"mg/L",24.80223,-80.7162,0.71
"5751","...866355","FIU_WQMP","12/14/2020 14:00:00","269-W","Total_Nitrogen",0.15,"mg/L",24.55943,-81.55955,0.75
"5752","...866382","FIU_WQMP","07/09/2020 16:03:00","276-W","Total_Nitrogen",0.07667,"mg/L",24.47538,-81.73742,0.86
"5753","...866388","FIU_WQMP","03/16/2020 15:24:00","216-W","Total_Nitrogen",0.07667,"mg/L",25.22,-80.217,0.67
"5754","...866389","FIU_WQMP","01/14/2020 11:08:00","296-W","Total_Nitrogen",0.197,"mg/L",24.79152,-81.28908,0.776
"5755","...866397","FIU_WQMP","09/16/2019 15:16:00","271-W","Total_Nitrogen",0.12333,"mg/L",24.55667,-81.66667,0.725
"5756","...866417","FIU_WQMP","02/05/2019 14:25:00","216-W","Total_Nitrogen",0.12667,"mg/L",25.22,-80.217,0.83
"5757","...866426","FIU_WQMP","10/11/2020 13:03:00","276-W","Total_Nitrogen",0.12333,"mg/L",24.47538,-81.73742,0.67
"5758","...866433","FIU_WQMP","07/01/2020 15:20:00","284-W","Total_Nitrogen",0.30333,"mg/L",24.87667,-80.95833,0.67
"5759","...866440","FIU_WQMP","07/10/2020 09:45:00","324-W","Total_Nitrogen",0.13333,"mg/L",24.65333,-82.15833,0.75
"5760","...866448","FIU_WQMP","05/06/2019 12:53:00","201-W","Total_Nitrogen",0.11667,"mg/L",25.51,-80.165,0.66
"5761","...866460","FIU_WQMP","08/16/2019 14:04:00","500-W","Total_Nitrogen",0.09667,"mg/L",25.08535,-80.43346,0.764
"5762","...866473","FIU_WQMP","02/08/2021 11:03:00","212-W","Total_Nitrogen",0.14333,"mg/L",25.29452,-80.24542,0.7
"5763","...866480","FIU_WQMP","10/12/2020 15:01:00","318-W","Total_Nitrogen",0.15333,"mg/L",24.65083,-81.90467,0.74
"5764","...866486","FIU_WQMP","06/15/2020 12:29:00","242-W","Total_Nitrogen",0.07667,"mg/L",24.7915,-80.81225,0.66
"5765","...866492","FIU_WQMP","03/30/2020 16:09:00","246-W","Total_Nitrogen",0.11,"mg/L",24.71317,-80.85813,0.7
"5766","...866494","FIU_WQMP","03/14/2020 12:41:00","225-W","Total_Nitrogen",0.10333,"mg/L",25.017,-80.3674,0.77
"5767","...866503","FIU_WQMP","03/27/2020 14:08:00","276-W","Total_Nitrogen",0.11333,"mg/L",24.47538,-81.73742,0.78
"5768","...866505","FIU_WQMP","12/10/2019 14:19:00","291-W","Total_Nitrogen",0.223,"mg/L",24.81682,-81.14678,0.644
"5769","...866550","FIU_WQMP","11/13/2020 09:53:00","215-W","Total_Nitrogen",0.11238,"mg/L",25.23667,-80.28897,0.67
"5770","...866556","FIU_WQMP","02/15/2021 09:34:00","237-W","Total_Nitrogen",0.08667,"mg/L",24.83265,-80.64907,0.74
"5771","...866567","FIU_WQMP","12/14/2020 13:35:00","271-W","Total_Nitrogen",0.21333,"mg/L",24.55667,-81.66667,0.66
"5772","...866570","FIU_WQMP","03/22/2021 16:56:00","403-W","Total_Nitrogen",0.08,"mg/L",24.483,-81.7,0.69
"5773","...866594","FIU_WQMP","09/11/2020 11:00:00","211-W","Total_Nitrogen",0.09667,"mg/L",25.30788,-80.26165,0.82
"5774","...866610","FIU_WQMP","09/15/2020 13:16:00","301-W","Total_Nitrogen",0.23333,"mg/L",24.77258,-81.39665,0.78
"5775","...866622","FIU_WQMP","07/14/2020 11:43:00","211-W","Total_Nitrogen",0.16,"mg/L",25.30788,-80.26165,0.79
"5776","...866624","FIU_WQMP","09/17/2019 11:59:00","333-W","Total_Nitrogen",0.09667,"mg/L",24.57717,-82.49133,0.778
"5777","...866627","FIU_WQMP","09/15/2020 11:15:00","296-W","Total_Nitrogen",0.27,"mg/L",24.79152,-81.28908,0.69
"5778","...866636","FIU_WQMP","05/22/2019 12:12:00","249-W","Total_Nitrogen",0.07,"mg/L",24.675,-80.9583,0.67
"5779","...866648","FIU_WQMP","07/11/2020 12:07:00","253-W","Total_Nitrogen",0.25667,"mg/L",24.64537,-81.30723,0.71
"5780","...866652","FIU_WQMP","12/14/2020 11:51:00","263-W","Total_Nitrogen",0.11,"mg/L",24.54843,-81.39742,0.76
"5781","...866668","FIU_WQMP","09/16/2019 15:41:00","275-W","Total_Nitrogen",0.12333,"mg/L",24.52143,-81.74422,0.725
"5782","...866678","FIU_WQMP","03/27/2020 12:39:00","259-W","Total_Nitrogen",0.08,"mg/L",24.57037,-81.32167,0.77
"5783","...866689","FIU_WQMP","02/25/2021 16:10:00","218-W","Total_Nitrogen",0.09333,"mg/L",25.15897,-80.29455,0.65
"5784","...866717","FIU_WQMP","03/26/2020 18:24:00","325-W","Total_Nitrogen",0.17333,"mg/L",24.54167,-82.1,0.67
"5785","...866728","FIU_WQMP","09/14/2020 10:12:00","229-W","Total_Nitrogen",0.15333,"mg/L",24.95012,-80.56218,0.76
"5786","...866730","FIU_WQMP","03/14/2020 13:12:00","224-W","Total_Nitrogen",0.09333,"mg/L",25.03082,-80.39527,0.78
"5787","...866745","FIU_WQMP","05/06/2019 10:32:00","213-W","Total_Nitrogen",0.08333,"mg/L",25.26312,-80.18773,0.67
"5788","...866758","FIU_WQMP","05/27/2019 13:42:00","224-W","Total_Nitrogen",0.08,"mg/L",25.03082,-80.39527,0.8
"5789","...866764","FIU_WQMP","07/09/2020 16:17:00","278-W","Total_Nitrogen",0.09333,"mg/L",24.49862,-81.81895,0.75
"5790","...866771","FIU_WQMP","07/10/2020 08:12:00","280-W","Total_Nitrogen",0.13333,"mg/L",24.45363,-81.84365,0.86
"5791","...866778","FIU_WQMP","07/10/2020 09:03:00","318-W","Total_Nitrogen",0.12667,"mg/L",24.65083,-81.90467,0.82
"5792","...866784","FIU_WQMP","09/26/2019 13:09:00","269-W","Total_Nitrogen",0.16667,"mg/L",24.55943,-81.55955,0.672
"5793","...866796","FIU_WQMP","03/26/2020 17:34:00","332-W","Total_Nitrogen",0.17,"mg/L",24.5355,-82.36733,0.66
"5794","...866797","FIU_WQMP","12/11/2019 12:45:00","247-W","Total_Nitrogen",0.143,"mg/L",24.71318,-81.01115,0.636
"5795","...866808","FIU_WQMP","02/06/2019 13:49:00","501-W","Total_Nitrogen",0.22044,"mg/L",25.11053,-80.43421,0.71
"5796","...866817","FIU_WQMP","08/15/2019 12:33:00","203-W","Total_Nitrogen",0.04127,"mg/L",25.48053,-80.11768,0.685
"5797","...866819","FIU_WQMP","09/28/2019 14:29:00","509-W","Total_Nitrogen",0.19667,"mg/L",24.5523,-81.7494,0.672
"5798","...866839","FIU_WQMP","03/11/2020 13:07:00","217-W","Total_Nitrogen",0.11667,"mg/L",25.17332,-80.33985,0.73
"5799","...866843","FIU_WQMP","10/12/2020 09:17:00","325-W","Total_Nitrogen",0.14667,"mg/L",24.54167,-82.1,0.7
"5800","...866852","FIU_WQMP","03/12/2020 10:51:00","223-W","Total_Nitrogen",0.08,"mg/L",25.06018,-80.42312,0.91
"5801","...866856","FIU_WQMP","07/15/2020 14:14:00","314-W","Total_Nitrogen",0.225,"mg/L",24.75043,-81.43578,0.69
"5802","...866859","FIU_WQMP","12/10/2019 14:19:00","291-W","Total_Nitrogen",0.223,"mg/L",24.81682,-81.14678,0.644
"5803","...866866","FIU_WQMP","06/03/2019 08:44:00","281-W","Total_Nitrogen",0.13,"mg/L",24.495,-81.89167,0.75
"5804","...866879","FIU_WQMP","09/27/2019 13:32:00","305-W","Total_Nitrogen",0.20333,"mg/L",24.76852,-81.555,0.725
"5805","...866885","FIU_WQMP","02/04/2019 14:17:00","224-W","Total_Nitrogen",0.12,"mg/L",25.03082,-80.39527,0.74
"5806","...866892","FIU_WQMP","11/15/2020 10:43:00","228-W","Total_Nitrogen",0.27808,"mg/L",24.97667,-80.45,0.67
"5807","...866940","FIU_WQMP","02/15/2019 09:29:00","247-W","Total_Nitrogen",0.18333,"mg/L",24.71318,-81.01115,0.69
"5808","...866956","FIU_WQMP","02/09/2021 12:45:00","316-W","Total_Nitrogen",0.19333,"mg/L",24.58577,-81.8024,0.66
"5809","...866963","FIU_WQMP","02/28/2019 10:07:00","403-W","Total_Nitrogen",0.09,"mg/L",24.483,-81.7,0.78
"5810","...866984","FIU_WQMP","02/25/2019 08:29:00","281-W","Total_Nitrogen",0.25359,"mg/L",24.495,-81.89167,0.73
"5811","...866993","FIU_WQMP","03/02/2021 15:07:00","289-W","Total_Nitrogen",0.26,"mg/L",24.77775,-81.033,0.77
"5812","...867002","FIU_WQMP","12/16/2020 13:04:00","312-W","Total_Nitrogen",0.14387,"mg/L",24.65978,-81.76343,0.73
"5813","...867006","FIU_WQMP","03/24/2021 10:52:00","302-W","Total_Nitrogen",0.2,"mg/L",24.80128,-81.48227,0.67
"5814","...867016","FIU_WQMP","07/16/2020 11:15:00","315-W","Total_Nitrogen",0.17,"mg/L",24.63325,-81.82827,0.7
"5815","...867021","FIU_WQMP","02/05/2019 13:16:00","206-W","Total_Nitrogen",0.08667,"mg/L",25.41497,-80.143,0.71
"5816","...867035","FIU_WQMP","02/09/2021 11:07:00","209-W","Total_Nitrogen",0.30667,"mg/L",24.5857,-81.72272,0.66
"5817","...867087","FIU_WQMP","02/08/2021 10:43:00","211-W","Total_Nitrogen",0.21333,"mg/L",25.30788,-80.26165,0.76
"5818","...867096","FIU_WQMP","03/22/2021 16:19:00","273-W","Total_Nitrogen",0.07667,"mg/L",24.4929,-81.6571,0.79
"5819","...867103","FIU_WQMP","09/19/2020 12:46:00","219-W","Total_Nitrogen",0.13333,"mg/L",25.142,-80.258,0.74
"5820","...867106","FIU_WQMP","12/11/2019 11:23:00","238-W","Total_Nitrogen",0.127,"mg/L",24.83442,-80.74683,0.716
"5821","...867111","FIU_WQMP","02/05/2019 11:22:00","207-W","Total_Nitrogen",0.15,"mg/L",25.36443,-80.21508,0.73
"5822","...867120","FIU_WQMP","07/02/2020 15:34:00","203-W","Total_Nitrogen",0.10333,"mg/L",25.48053,-80.11768,0.7
"5823","...867139","FIU_WQMP","09/19/2020 10:46:00","203-W","Total_Nitrogen",0.07,"mg/L",25.48053,-80.11768,0.67
"5824","...867153","FIU_WQMP","07/09/2020 15:27:00","272-W","Total_Nitrogen",0.14,"mg/L",24.50548,-81.65433,0.75
"5825","...867157","FIU_WQMP","05/06/2019 13:15:00","204-W","Total_Nitrogen",0.13,"mg/L",25.43082,-80.19553,0.69
"5826","...867164","FIU_WQMP","01/15/2020 11:41:00","316-W","Total_Nitrogen",0.197,"mg/L",24.58577,-81.8024,0.669
"5827","...867167","FIU_WQMP","01/15/2020 10:36:00","209-W","Total_Nitrogen",0.227,"mg/L",24.5857,-81.72272,0.729
"5828","...867178","FIU_WQMP","10/31/2019 12:39:00","500-W","Total_Nitrogen",0.217,"mg/L",25.08535,-80.43346,0.778
"5829","...867184","FIU_WQMP","12/13/2020 10:12:00","243-W","Total_Nitrogen",0.12333,"mg/L",24.745,-80.78333,0.65
"5830","...867201","FIU_WQMP","05/29/2019 11:16:00","269-W","Total_Nitrogen",0.16667,"mg/L",24.55943,-81.55955,0.69
"5831","...867213","FIU_WQMP","05/29/2019 10:40:00","267-W","Total_Nitrogen",0.08,"mg/L",24.53008,-81.4873,0.82
"5832","...867232","FIU_WQMP","05/30/2019 14:01:00","291-W","Total_Nitrogen",0.19333,"mg/L",24.81682,-81.14678,0.86
"5833","...867245","FIU_WQMP","02/15/2019 10:40:00","241-W","Total_Nitrogen",0.2,"mg/L",24.80247,-80.8089,0.66
"5834","...867253","FIU_WQMP","03/01/2019 11:24:00","269-W","Total_Nitrogen",0.1,"mg/L",24.55943,-81.55955,0.78
"5835","...867261","FIU_WQMP","03/22/2021 18:26:00","278-W","Total_Nitrogen",0.17333,"mg/L",24.49862,-81.81895,0.68
"5836","...867283","FIU_WQMP","09/25/2020 12:45:00","505-W","Total_Nitrogen",0.17333,"mg/L",24.71208,-81.10071,0.7
"5837","...867290","FIU_WQMP","09/15/2020 13:36:00","507-W","Total_Nitrogen",0.5,"mg/L",24.69309,-81.35463,0.67
"5838","...867297","FIU_WQMP","09/25/2020 14:07:00","291-W","Total_Nitrogen",0.12333,"mg/L",24.81682,-81.14678,0.67
"5839","...867320","FIU_WQMP","01/16/2020 13:42:00","219-W","Total_Nitrogen",0.051,"mg/L",25.142,-80.258,0.761
"5840","...867340","FIU_WQMP","03/22/2021 18:01:00","280-W","Total_Nitrogen",0.11,"mg/L",24.45363,-81.84365,0.73
"5841","...867345","FIU_WQMP","02/04/2019 12:55:00","219-W","Total_Nitrogen",0.15,"mg/L",25.142,-80.258,0.71
"5842","...867351","FIU_WQMP","07/10/2020 19:32:00","325-W","Total_Nitrogen",0.11,"mg/L",24.54167,-82.1,0.76
"5843","...867361","FIU_WQMP","09/25/2019 11:57:00","218-W","Total_Nitrogen",0.11667,"mg/L",25.15897,-80.29455,0.791
"5844","...867379","FIU_WQMP","07/15/2020 12:57:00","302-W","Total_Nitrogen",0.24,"mg/L",24.80128,-81.48227,0.73
"5845","...867380","FIU_WQMP","07/14/2020 14:11:00","223-W","Total_Nitrogen",0.23333,"mg/L",25.06018,-80.42312,0.73
"5846","...867381","FIU_WQMP","09/28/2019 12:58:00","310-W","Total_Nitrogen",0.17333,"mg/L",24.65752,-81.63265,0.685
"5847","...867385","FIU_WQMP","03/23/2020 12:45:00","289-W","Total_Nitrogen",0.12,"mg/L",24.77775,-81.033,0.9
"5848","...867393","FIU_WQMP","03/30/2020 17:01:00","252-W","Total_Nitrogen",0.12667,"mg/L",24.60693,-81.15442,0.65
"5849","...867397","FIU_WQMP","01/28/2020 10:00:00","319-W","Total_Nitrogen",0.117,"mg/L",24.629,-82.07133,0.735
"5850","...867399","FIU_WQMP","09/25/2019 15:25:00","237-W","Total_Nitrogen",0.09333,"mg/L",24.83265,-80.64907,0.659
"5851","...867403","FIU_WQMP","01/14/2020 11:58:00","302-W","Total_Nitrogen",0.237,"mg/L",24.80128,-81.48227,0.746
"5852","...867413","FIU_WQMP","09/29/2019 12:33:00","284-W","Total_Nitrogen",0.46667,"mg/L",24.87667,-80.95833,0.738
"5853","...867420","FIU_WQMP","12/10/2019 13:30:00","287-W","Total_Nitrogen",0.32,"mg/L",24.84667,-81.00833,0.733
"5854","...867434","FIU_WQMP","01/16/2020 14:00:00","400-W","Total_Nitrogen",0.057,"mg/L",25.1073,-80.3064,0.758
"5855","...867460","FIU_WQMP","03/01/2019 10:16:00","263-W","Total_Nitrogen",0.07333,"mg/L",24.54843,-81.39742,0.67
"5856","...867469","FIU_WQMP","08/15/2019 15:16:00","212-W","Total_Nitrogen",0.04127,"mg/L",25.29452,-80.24542,0.685
"5857","...867472","FIU_WQMP","02/17/2021 13:39:00","232-W","Total_Nitrogen",0.29,"mg/L",24.92703,-80.59852,0.76
"5858","...867484","FIU_WQMP","02/15/2021 10:47:00","246-W","Total_Nitrogen",0.11667,"mg/L",24.71317,-80.85813,0.67
"5859","...867492","FIU_WQMP","05/29/2019 08:51:00","260-W","Total_Nitrogen",0.17333,"mg/L",24.6255,-81.41662,0.67
"5860","...867511","FIU_WQMP","09/24/2019 12:18:00","252-W","Total_Nitrogen",0.08,"mg/L",24.60693,-81.15442,0.659
"5861","...867517","FIU_WQMP","09/25/2020 12:29:00","294-W","Total_Nitrogen",0.09667,"mg/L",24.7555,-81.17218,0.79
"5862","...867520","FIU_WQMP","03/02/2021 15:34:00","285-W","Total_Nitrogen",0.17,"mg/L",24.80998,-80.92028,0.72
"5863","...867538","FIU_WQMP","03/24/2021 11:50:00","301-W","Total_Nitrogen",0.18,"mg/L",24.77258,-81.39665,0.74
"5864","...867546","FIU_WQMP","05/29/2019 07:44:00","271-W","Total_Nitrogen",0.17,"mg/L",24.55667,-81.66667,0.95
"5865","...867562","FIU_WQMP","02/25/2019 10:38:00","332-W","Total_Nitrogen",0.10618,"mg/L",24.5355,-82.36733,0.7
"5866","...867568","FIU_WQMP","03/22/2021 17:35:00","275-W","Total_Nitrogen",0.16,"mg/L",24.52143,-81.74422,0.77
"5867","...867574","FIU_WQMP","03/27/2020 09:55:00","275-W","Total_Nitrogen",0.13333,"mg/L",24.52143,-81.74422,0.74
"5868","...867575","FIU_WQMP","01/15/2020 12:31:00","309-W","Total_Nitrogen",0.22,"mg/L",24.69772,-81.68318,0.754
"5869","...867581","FIU_WQMP","07/14/2020 15:59:00","229-W","Total_Nitrogen",0.31,"mg/L",24.95012,-80.56218,0.73
"5870","...867588","FIU_WQMP","02/19/2019 11:54:00","315-W","Total_Nitrogen",0.2,"mg/L",24.63325,-81.82827,0.71
"5871","...867617","FIU_WQMP","03/26/2020 12:00:00","330-W","Total_Nitrogen",0.13333,"mg/L",24.66533,-82.374,0.67
"5872","...867624","FIU_WQMP","07/09/2020 13:47:00","267-W","Total_Nitrogen",0.11,"mg/L",24.53008,-81.4873,0.75
"5873","...867628","FIU_WQMP","02/21/2019 11:18:00","305-W","Total_Nitrogen",0.17551,"mg/L",24.76852,-81.555,0.69
"5874","...867645","FIU_WQMP","09/25/2019 13:57:00","228-W","Total_Nitrogen",0.08667,"mg/L",24.97667,-80.45,0.738
"5875","...867650","FIU_WQMP","07/11/2020 14:40:00","504-W","Total_Nitrogen",0.36,"mg/L",24.72254,-81.04338,0.67
"5876","...867651","FIU_WQMP","01/29/2020 15:43:00","278-W","Total_Nitrogen",0.067,"mg/L",24.49862,-81.81895,0.643
"5877","...867661","FIU_WQMP","03/27/2020 09:40:00","278-W","Total_Nitrogen",0.18,"mg/L",24.49862,-81.81895,0.65
"5878","...867677","FIU_WQMP","07/11/2020 10:55:00","268-W","Total_Nitrogen",0.16,"mg/L",24.58782,-81.57698,0.82
"5879","...867686","FIU_WQMP","02/08/2021 13:09:00","223-W","Total_Nitrogen",0.19,"mg/L",25.06018,-80.42312,0.68
"5880","...867694","FIU_WQMP","05/27/2019 12:36:00","214-W","Total_Nitrogen",0.10333,"mg/L",25.2462,-80.29918,0.82
"5881","...867708","FIU_WQMP","07/14/2020 12:11:00","215-W","Total_Nitrogen",0.15333,"mg/L",25.23667,-80.28897,0.74
"5882","...867709","FIU_WQMP","09/26/2019 10:29:00","255-W","Total_Nitrogen",0.12667,"mg/L",24.62168,-81.24308,0.685
"5883","...867714","FIU_WQMP","03/02/2021 13:45:00","291-W","Total_Nitrogen",0.28667,"mg/L",24.81682,-81.14678,0.69
"5884","...867721","FIU_WQMP","12/10/2019 15:15:00","289-W","Total_Nitrogen",0.42,"mg/L",24.77775,-81.033,0.731
"5885","...867732","FIU_WQMP","05/07/2019 12:28:00","264-W","Total_Nitrogen",0.08333,"mg/L",24.94677,-80.45947,0.66
"5886","...867742","FIU_WQMP","01/28/2020 17:29:00","322-W","Total_Nitrogen",0.051,"mg/L",24.45833,-81.98167,0.71
"5887","...867756","FIU_WQMP","06/03/2019 09:45:00","325-W","Total_Nitrogen",0.08667,"mg/L",24.54167,-82.1,0.67
"5888","...867760","FIU_WQMP","11/15/2020 09:38:00","222-W","Total_Nitrogen",0.04201,"mg/L",25.07237,-80.31277,0.7
"5889","...867779","FIU_WQMP","02/06/2019 10:24:00","239-W","Total_Nitrogen",0.10283,"mg/L",24.80223,-80.7162,0.79
"5890","...867784","FIU_WQMP","09/15/2020 12:27:00","305-W","Total_Nitrogen",0.15667,"mg/L",24.76852,-81.555,0.71
"5891","...867790","FIU_WQMP","09/28/2019 15:01:00","317-W","Total_Nitrogen",0.21,"mg/L",24.575,-81.78833,0.698
"5892","...867801","FIU_WQMP","03/24/2021 12:58:00","296-W","Total_Nitrogen",0.2,"mg/L",24.79152,-81.28908,0.72
"5893","...867808","FIU_WQMP","05/22/2019 10:37:00","244-W","Total_Nitrogen",0.22333,"mg/L",24.79333,-80.86333,0.87
"5894","...867814","FIU_WQMP","02/06/2019 12:33:00","229-W","Total_Nitrogen",0.10859,"mg/L",24.95012,-80.56218,0.69
"5895","...867844","FIU_WQMP","05/30/2019 11:59:00","289-W","Total_Nitrogen",0.18667,"mg/L",24.77775,-81.033,0.74
"5896","...867845","FIU_WQMP","03/12/2020 10:09:00","218-W","Total_Nitrogen",0.06333,"mg/L",25.15897,-80.29455,0.82
"5897","...867856","FIU_WQMP","02/04/2019 13:54:00","225-W","Total_Nitrogen",0.25333,"mg/L",25.017,-80.3674,0.2
"5898","...867865","FIU_WQMP","11/13/2020 14:11:00","219-W","Total_Nitrogen",0.0478,"mg/L",25.142,-80.258,0.73
"5899","...867874","FIU_WQMP","12/14/2020 11:26:00","259-W","Total_Nitrogen",0.12667,"mg/L",24.57037,-81.32167,0.69
"5900","...867878","FIU_WQMP","03/27/2020 12:15:00","255-W","Total_Nitrogen",0.11,"mg/L",24.62168,-81.24308,0.72
"5901","...867887","FIU_WQMP","07/11/2020 11:13:00","266-W","Total_Nitrogen",0.33,"mg/L",24.61105,-81.50527,0.71
"5902","...867888","FIU_WQMP","01/15/2020 12:50:00","310-W","Total_Nitrogen",0.217,"mg/L",24.65752,-81.63265,0.693
"5903","...867904","FIU_WQMP","01/07/2020 11:14:00","250-W","Total_Nitrogen",0.223,"mg/L",24.69193,-81.18245,0.869
"5904","...867918","FIU_WQMP","08/15/2019 11:41:00","210-W","Total_Nitrogen",0.04127,"mg/L",25.325,-80.1636,0.685
"5905","...867955","FIU_WQMP","08/15/2019 16:22:00","","Total_Nitrogen",0.04127,"mg/L",NA,NA,NA
"5906","...867959","FIU_WQMP","09/24/2019 14:02:00","","Total_Nitrogen",0.04127,"mg/L",NA,NA,NA
"5907","...867962","FIU_WQMP","09/26/2019 16:12:00","","Total_Nitrogen",0.04127,"mg/L",NA,NA,NA
"5908","...867968","FIU_WQMP","09/27/2019 11:30:00","","Total_Nitrogen",0.04127,"mg/L",NA,NA,NA
"5909","...867970","FIU_WQMP","10/31/2019 13:45:00","","Total_Nitrogen",0.051,"mg/L",NA,NA,NA
"5910","...867975","FIU_WQMP","11/08/2019 11:05:00","","Total_Nitrogen",0.051,"mg/L",NA,NA,NA
"5911","...867981","FIU_WQMP","12/10/2019 15:47:00","","Total_Nitrogen",0.051,"mg/L",NA,NA,NA
"5912","...868006","FIU_WQMP","02/19/2019 10:00:00","","Total_Nitrogen",0.06,"mg/L",NA,NA,NA
"5913","...868013","FIU_WQMP","12/15/2020 07:58:00","","Total_Nitrogen",0.04127,"mg/L",NA,NA,NA
"5914","...868019","FIU_WQMP","12/16/2020 14:19:00","","Total_Nitrogen",0.04127,"mg/L",NA,NA,NA
"5915","...868025","FIU_WQMP","12/15/2020 14:43:00","","Total_Nitrogen",0.04127,"mg/L",NA,NA,NA
"5916","...868040","FIU_WQMP","02/06/2019 14:49:00","","Total_Nitrogen",0.0508,"mg/L",NA,NA,NA
"5917","...868069","FIU_WQMP","11/29/2018 09:42:00","259-W","Total_Nitrogen",0.055,"mg/L",24.57037,-81.32167,0.66
"5918","...868087","FIU_WQMP","09/18/2018 16:02:00","318-W","Total_Nitrogen",0.19045,"mg/L",24.65083,-81.90467,0.69
"5919","...868096","FIU_WQMP","12/07/2018 11:00:00","295-W","Total_Nitrogen",0.235,"mg/L",24.85163,-81.35123,0.71
"5920","...868127","FIU_WQMP","09/10/2018 12:39:00","201-W","Total_Nitrogen",0.20076,"mg/L",25.51,-80.165,0.72
"5921","...868142","FIU_WQMP","06/16/2021 11:30:00","273-W","Total_Nitrogen",0.12667,"mg/L",24.4929,-81.6571,0.71
"5922","...868149","FIU_WQMP","06/23/2021 12:43:00","219-W","Total_Nitrogen",0.1,"mg/L",25.142,-80.258,0.66
"5923","...868203","FIU_WQMP","12/04/2018 12:49:00","272-W","Total_Nitrogen",0.12,"mg/L",24.50548,-81.65433,0.74
"5924","...868213","FIU_WQMP","06/28/2021 12:34:00","312-W","Total_Nitrogen",0.16,"mg/L",24.65978,-81.76343,0.69
"5925","...868225","FIU_WQMP","11/26/2018 15:02:00","500-W","Total_Nitrogen",0.14667,"mg/L",25.08535,-80.43346,0.66
"5926","...868236","FIU_WQMP","09/19/2018 10:11:00","322-W","Total_Nitrogen",0.22984,"mg/L",24.45833,-81.98167,0.76
"5927","...868246","FIU_WQMP","06/16/2021 11:49:00","270-W","Total_Nitrogen",0.06667,"mg/L",24.52162,-81.56432,0.76
"5928","...868248","FIU_WQMP","06/29/2021 11:56:00","301-W","Total_Nitrogen",0.21667,"mg/L",24.77258,-81.39665,0.67
"5929","...868261","FIU_WQMP","08/14/2018 11:53:00","223-W","Total_Nitrogen",0.12461,"mg/L",25.06018,-80.42312,0.73
"5930","...868268","FIU_WQMP","05/15/2018 10:34:00","335-W","Total_Nitrogen",0.12212,"mg/L",24.46083,-82.38317,0.73
"5931","...868277","FIU_WQMP","11/29/2018 12:16:00","506-W","Total_Nitrogen",0.21,"mg/L",24.65941,-81.38327,0.66
"5932","...868284","FIU_WQMP","06/15/2021 15:46:00","324-W","Total_Nitrogen",0.19333,"mg/L",24.65333,-82.15833,0.71
"5933","...868335","FIU_WQMP","04/04/2018 15:45:00","318-W","Total_Nitrogen",0.14333,"mg/L",24.65083,-81.90467,0.67
"5934","...868347","FIU_WQMP","09/18/2018 10:15:00","309-W","Total_Nitrogen",0.22148,"mg/L",24.69772,-81.68318,0.66
"5935","...868356","FIU_WQMP","03/26/2018 16:09:00","278-W","Total_Nitrogen",0.13667,"mg/L",24.49862,-81.81895,0.67
"5936","...868363","FIU_WQMP","09/13/2018 10:31:00","259-W","Total_Nitrogen",0.14763,"mg/L",24.57037,-81.32167,0.67
"5937","...868364","FIU_WQMP","09/25/2018 11:45:00","278-W","Total_Nitrogen",0.22966,"mg/L",24.49862,-81.81895,0.7
"5938","...868378","FIU_WQMP","09/17/2018 11:34:00","295-W","Total_Nitrogen",0.27195,"mg/L",24.85163,-81.35123,0.66
"5939","...868387","FIU_WQMP","06/09/2018 16:44:00","259-W","Total_Nitrogen",0.10693,"mg/L",24.57037,-81.32167,0.71
"5940","...868411","FIU_WQMP","08/14/2018 09:31:00","215-W","Total_Nitrogen",0.13071,"mg/L",25.23667,-80.28897,0.74
"5941","...868423","FIU_WQMP","09/18/2018 11:02:00","316-W","Total_Nitrogen",0.22466,"mg/L",24.58577,-81.8024,0.69
"5942","...868434","FIU_WQMP","06/14/2021 16:27:00","266-W","Total_Nitrogen",0.14,"mg/L",24.61105,-81.50527,0.69
"5943","...868436","FIU_WQMP","06/15/2021 10:11:00","281-W","Total_Nitrogen",0.16333,"mg/L",24.495,-81.89167,0.73
"5944","...868447","FIU_WQMP","09/12/2018 13:30:00","250-W","Total_Nitrogen",0.16283,"mg/L",24.69193,-81.18245,0.73
"5945","...868463","FIU_WQMP","11/13/2018 09:39:00","241-W","Total_Nitrogen",0.1,"mg/L",24.80247,-80.8089,0.73
"5946","...868466","FIU_WQMP","11/13/2018 15:03:00","244-W","Total_Nitrogen",0.11,"mg/L",24.79333,-80.86333,0.75
"5947","...868478","FIU_WQMP","11/13/2018 12:03:00","248-W","Total_Nitrogen",0.15667,"mg/L",24.69167,-80.96667,0.67
"5948","...868483","FIU_WQMP","09/12/2018 17:01:00","232-W","Total_Nitrogen",0.10284,"mg/L",24.92703,-80.59852,0.74
"5949","...868498","FIU_WQMP","11/13/2018 11:14:00","246-W","Total_Nitrogen",0.08333,"mg/L",24.71317,-80.85813,0.66
"5950","...868503","FIU_WQMP","11/14/2018 12:02:00","227-W","Total_Nitrogen",0.10333,"mg/L",25.00167,-80.4749,0.67
"5951","...868506","FIU_WQMP","06/29/2021 09:30:00","296-W","Total_Nitrogen",0.22333,"mg/L",24.79152,-81.28908,0.69
"5952","...868508","FIU_WQMP","12/03/2018 12:58:00","330-W","Total_Nitrogen",0.12,"mg/L",24.66533,-82.374,0.7
"5953","...868519","FIU_WQMP","09/11/2018 11:55:00","228-W","Total_Nitrogen",0.13172,"mg/L",24.97667,-80.45,0.78
"5954","...868561","FIU_WQMP","04/24/2018 11:44:00","200-W","Total_Nitrogen",0.08587,"mg/L",25.59,-80.1,0.66
"5955","...868562","FIU_WQMP","11/29/2018 12:42:00","253-W","Total_Nitrogen",0.14,"mg/L",24.64537,-81.30723,0.67
"5956","...868573","FIU_WQMP","06/16/2021 11:17:00","403-W","Total_Nitrogen",0.17,"mg/L",24.483,-81.7,0.67
"5957","...868580","FIU_WQMP","04/25/2018 12:29:00","235-W","Total_Nitrogen",0.17989,"mg/L",24.87123,-80.66865,0.69
"5958","...868611","FIU_WQMP","06/26/2021 10:09:00","501-W","Total_Nitrogen",0.63333,"mg/L",25.11053,-80.43421,0.69
"5959","...868612","FIU_WQMP","06/26/2021 16:44:00","503-W","Total_Nitrogen",0.25,"mg/L",24.9205,-80.63477,0.67
"5960","...868614","FIU_WQMP","02/14/2018 10:35:00","317-W","Total_Nitrogen",0.24806,"mg/L",24.575,-81.78833,0.82
"5961","...868624","FIU_WQMP","02/05/2018 14:48:00","204-W","Total_Nitrogen",0.10325,"mg/L",25.43082,-80.19553,0.66
"5962","...868703","FIU_WQMP","09/12/2018 11:41:00","248-W","Total_Nitrogen",0.12363,"mg/L",24.69167,-80.96667,0.76
"5963","...868718","FIU_WQMP","06/08/2018 12:50:00","246-W","Total_Nitrogen",0.085,"mg/L",24.71317,-80.85813,0.66
"5964","...868742","FIU_WQMP","02/07/2018 09:28:00","215-W","Total_Nitrogen",0.10877,"mg/L",25.23667,-80.28897,0.69
"5965","...868745","FIU_WQMP","12/05/2018 10:52:00","209-W","Total_Nitrogen",0.14667,"mg/L",24.5857,-81.72272,0.67
"5966","...868747","FIU_WQMP","09/19/2018 09:45:00","281-W","Total_Nitrogen",0.34061,"mg/L",24.495,-81.89167,0.69
"5967","...868760","FIU_WQMP","05/15/2018 08:12:00","281-W","Total_Nitrogen",0.15876,"mg/L",24.495,-81.89167,0.67
"5968","...868770","FIU_WQMP","02/07/2018 09:05:00","218-W","Total_Nitrogen",0.0898,"mg/L",25.15897,-80.29455,0.69
"5969","...868796","FIU_WQMP","04/26/2018 14:01:00","505-W","Total_Nitrogen",0.21725,"mg/L",24.71208,-81.10071,0.68
"5970","...868804","FIU_WQMP","02/09/2018 09:12:00","227-W","Total_Nitrogen",0.24816,"mg/L",25.00167,-80.4749,0.75
"5971","...868812","FIU_WQMP","11/21/2018 10:30:00","214-W","Total_Nitrogen",0.13,"mg/L",25.2462,-80.29918,0.72
"5972","...868853","FIU_WQMP","04/25/2018 11:46:00","502-W","Total_Nitrogen",0.14568,"mg/L",24.9265,-80.62067,0.66
"5973","...868868","FIU_WQMP","12/04/2018 11:16:00","278-W","Total_Nitrogen",0.08667,"mg/L",24.49862,-81.81895,0.74
"5974","...868876","FIU_WQMP","11/15/2018 11:06:00","294-W","Total_Nitrogen",0.27667,"mg/L",24.7555,-81.17218,0.69
"5975","...868883","FIU_WQMP","09/17/2018 12:03:00","302-W","Total_Nitrogen",0.33471,"mg/L",24.80128,-81.48227,0.72
"5976","...868886","FIU_WQMP","03/20/2018 15:34:00","256-W","Total_Nitrogen",0.1312,"mg/L",24.58497,-81.23408,0.71
"5977","...868898","FIU_WQMP","02/27/2018 11:09:00","284-W","Total_Nitrogen",0.35333,"mg/L",24.87667,-80.95833,0.65
"5978","...868901","FIU_WQMP","03/20/2018 14:29:00","263-W","Total_Nitrogen",0.12607,"mg/L",24.54843,-81.39742,0.74
"5979","...868921","FIU_WQMP","03/28/2018 08:49:00","302-W","Total_Nitrogen",0.3333,"mg/L",24.80128,-81.48227,0.72
"5980","...868949","FIU_WQMP","06/10/2018 12:29:00","312-W","Total_Nitrogen",0.17423,"mg/L",24.65978,-81.76343,0.7
"5981","...868995","FIU_WQMP","09/19/2018 15:08:00","324-W","Total_Nitrogen",0.14751,"mg/L",24.65333,-82.15833,0.81
"5982","...869008","FIU_WQMP","06/09/2018 14:19:00","247-W","Total_Nitrogen",0.25016,"mg/L",24.71318,-81.01115,0.68
"5983","...869016","FIU_WQMP","04/24/2018 10:02:00","210-W","Total_Nitrogen",0.0885,"mg/L",25.325,-80.1636,0.74
"5984","...869025","FIU_WQMP","09/25/2018 09:55:00","272-W","Total_Nitrogen",0.48858,"mg/L",24.50548,-81.65433,0.68
"5985","...869031","FIU_WQMP","11/21/2018 12:09:00","201-W","Total_Nitrogen",0.10667,"mg/L",25.51,-80.165,0.67
"5986","...869049","FIU_WQMP","12/03/2018 14:32:00","319-W","Total_Nitrogen",0.11333,"mg/L",24.629,-82.07133,0.76
"5987","...869064","FIU_WQMP","06/28/2021 12:07:00","316-W","Total_Nitrogen",0.21,"mg/L",24.58577,-81.8024,0.67
"5988","...869087","FIU_WQMP","04/25/2018 11:32:00","232-W","Total_Nitrogen",0.16246,"mg/L",24.92703,-80.59852,0.68
"5989","...869096","FIU_WQMP","09/25/2018 10:34:00","403-W","Total_Nitrogen",0.25031,"mg/L",24.483,-81.7,0.65
"5990","...869105","FIU_WQMP","12/04/2018 13:27:00","275-W","Total_Nitrogen",0.1,"mg/L",24.52143,-81.74422,0.69
"5991","...869112","FIU_WQMP","06/10/2018 11:53:00","310-W","Total_Nitrogen",0.25001,"mg/L",24.65752,-81.63265,0.66
"5992","...869119","FIU_WQMP","06/23/2021 11:37:00","224-W","Total_Nitrogen",0.04127,"mg/L",25.03082,-80.39527,0.69
"5993","...869125","FIU_WQMP","02/27/2018 12:12:00","290-W","Total_Nitrogen",0.27,"mg/L",24.86267,-81.21623,0.69
"5994","...869150","FIU_WQMP","11/13/2018 12:45:00","402-W","Total_Nitrogen",0.07667,"mg/L",24.63,-81.112,0.73
"5995","...869182","FIU_WQMP","04/24/2018 11:44:00","200-W","Total_Nitrogen",0.08444,"mg/L",25.59,-80.1,0.66
"5996","...869189","FIU_WQMP","02/14/2018 12:17:00","309-W","Total_Nitrogen",0.1822,"mg/L",24.69772,-81.68318,0.76
"5997","...869205","FIU_WQMP","03/20/2018 12:46:00","268-W","Total_Nitrogen",0.18151,"mg/L",24.58782,-81.57698,0.66
"5998","...869211","FIU_WQMP","06/23/2021 11:37:00","224-W","Total_Nitrogen",0.04127,"mg/L",25.03082,-80.39527,0.69
"5999","...869233","FIU_WQMP","02/07/2018 12:51:00","501-W","Total_Nitrogen",0.15977,"mg/L",25.11053,-80.43421,0.66
"6000","...869251","FIU_WQMP","11/15/2018 12:29:00","282-W","Total_Nitrogen",1.25333,"mg/L",24.86667,-80.885,0.66
"6001","...869283","FIU_WQMP","06/10/2018 11:24:00","309-W","Total_Nitrogen",0.14227,"mg/L",24.69772,-81.68318,0.71
"6002","...869295","FIU_WQMP","06/14/2021 13:56:00","250-W","Total_Nitrogen",0.13667,"mg/L",24.69193,-81.18245,0.73
"6003","...869296","FIU_WQMP","06/14/2021 13:56:00","252-W","Total_Nitrogen",0.08333,"mg/L",24.60693,-81.15442,0.75
"6004","...869306","FIU_WQMP","06/08/2018 11:26:00","237-W","Total_Nitrogen",0.11832,"mg/L",24.83265,-80.64907,0.73
"6005","...869316","FIU_WQMP","06/09/2018 18:05:00","270-W","Total_Nitrogen",0.11864,"mg/L",24.52162,-81.56432,0.78
"6006","...869319","FIU_WQMP","09/13/2018 11:21:00","267-W","Total_Nitrogen",0.11754,"mg/L",24.53008,-81.4873,0.73
"6007","...869327","FIU_WQMP","06/08/2018 12:24:00","243-W","Total_Nitrogen",0.19838,"mg/L",24.745,-80.78333,0.71
"6008","...869337","FIU_WQMP","09/12/2018 10:23:00","243-W","Total_Nitrogen",0.13126,"mg/L",24.745,-80.78333,0.65
"6009","...869352","FIU_WQMP","09/12/2018 16:32:00","235-W","Total_Nitrogen",0.14074,"mg/L",24.87123,-80.66865,0.78
"6010","...869362","FIU_WQMP","11/21/2018 14:41:00","211-W","Total_Nitrogen",0.11667,"mg/L",25.30788,-80.26165,0.67
"6011","...869370","FIU_WQMP","04/27/2018 10:03:00","214-W","Total_Nitrogen",0.23133,"mg/L",25.2462,-80.29918,0.67
"6012","...869375","FIU_WQMP","11/13/2018 13:07:00","252-W","Total_Nitrogen",0.08667,"mg/L",24.60693,-81.15442,0.75
"6013","...869399","FIU_WQMP","06/15/2021 13:08:00","332-W","Total_Nitrogen",0.10667,"mg/L",24.5355,-82.36733,0.66
"6014","...869431","FIU_WQMP","09/17/2018 14:32:00","301-W","Total_Nitrogen",0.2018,"mg/L",24.77258,-81.39665,0.75
"6015","...869439","FIU_WQMP","08/14/2018 10:37:00","217-W","Total_Nitrogen",0.13858,"mg/L",25.17332,-80.33985,0.66
"6016","...869447","FIU_WQMP","02/28/2018 10:18:00","237-W","Total_Nitrogen",0.12,"mg/L",24.83265,-80.64907,0.66
"6017","...869455","FIU_WQMP","06/09/2018 19:21:00","260-W","Total_Nitrogen",0.24462,"mg/L",24.6255,-81.41662,0.74
"6018","...869463","FIU_WQMP","06/26/2021 15:15:00","232-W","Total_Nitrogen",0.08333,"mg/L",24.92703,-80.59852,0.69
"6019","...869464","FIU_WQMP","06/22/2021 11:14:00","237-W","Total_Nitrogen",0.07333,"mg/L",24.83265,-80.64907,0.76
"6020","...869479","FIU_WQMP","04/04/2018 09:56:00","325-W","Total_Nitrogen",0.14728,"mg/L",24.54167,-82.1,0.67
"6021","...869492","FIU_WQMP","02/07/2018 11:44:00","222-W","Total_Nitrogen",0.07581,"mg/L",25.07237,-80.31277,0.74
"6022","...869522","FIU_WQMP","02/05/2018 15:05:00","207-W","Total_Nitrogen",0.1196,"mg/L",25.36443,-80.21508,0.66
"6023","...869534","FIU_WQMP","12/03/2018 08:45:00","281-W","Total_Nitrogen",0.13,"mg/L",24.495,-81.89167,0.65
"6024","...869547","FIU_WQMP","12/03/2018 12:11:00","337-W","Total_Nitrogen",0.06,"mg/L",24.59133,-82.58783,0.65
"6025","...869555","FIU_WQMP","06/09/2018 18:35:00","268-W","Total_Nitrogen",0.16383,"mg/L",24.58782,-81.57698,0.91
"6026","...869563","FIU_WQMP","06/22/2021 11:14:00","237-W","Total_Nitrogen",0.07,"mg/L",24.83265,-80.64907,0.76
"6027","...869579","FIU_WQMP","11/29/2018 11:11:00","269-W","Total_Nitrogen",0.16,"mg/L",24.55943,-81.55955,0.71
"6028","...869589","FIU_WQMP","06/23/2021 13:32:00","213-W","Total_Nitrogen",0.04127,"mg/L",25.26312,-80.18773,0.69
"6029","...869593","FIU_WQMP","06/29/2021 12:24:00","507-W","Total_Nitrogen",0.45667,"mg/L",24.69309,-81.35463,0.69
"6030","...869594","FIU_WQMP","06/28/2021 11:47:00","508-W","Total_Nitrogen",0.29333,"mg/L",24.57375,-81.76014,0.66
"6031","...869621","FIU_WQMP","09/12/2018 18:09:00","230-W","Total_Nitrogen",0.12745,"mg/L",24.93965,-80.55162,0.69
"6032","...869639","FIU_WQMP","03/21/2018 10:16:00","247-W","Total_Nitrogen",0.20043,"mg/L",24.71318,-81.01115,0.65
"6033","...869646","FIU_WQMP","06/10/2018 13:07:00","316-W","Total_Nitrogen",0.1873,"mg/L",24.58577,-81.8024,0.66
"6034","...869679","FIU_WQMP","06/16/2021 10:21:00","278-W","Total_Nitrogen",0.16,"mg/L",24.49862,-81.81895,0.69
"6035","...869680","FIU_WQMP","06/28/2021 13:47:00","310-W","Total_Nitrogen",0.38,"mg/L",24.65752,-81.63265,0.69
"6036","...869691","FIU_WQMP","11/21/2018 11:29:00","207-W","Total_Nitrogen",0.11,"mg/L",25.36443,-80.21508,0.72
"6037","...869715","FIU_WQMP","04/26/2018 14:22:00","292-W","Total_Nitrogen",0.20843,"mg/L",24.76312,-81.11248,0.65
"6038","...869721","FIU_WQMP","11/13/2018 14:30:00","247-W","Total_Nitrogen",0.17,"mg/L",24.71318,-81.01115,0.69
"6039","...869730","FIU_WQMP","11/26/2018 10:37:00","501-W","Total_Nitrogen",0.88,"mg/L",25.11053,-80.43421,0.65
"6040","...869758","FIU_WQMP","12/05/2018 11:17:00","310-W","Total_Nitrogen",0.21667,"mg/L",24.65752,-81.63265,0.66
"6041","...869773","FIU_WQMP","02/05/2018 13:16:00","206-W","Total_Nitrogen",0.10325,"mg/L",25.41497,-80.143,0.68
"6042","...869781","FIU_WQMP","02/14/2018 11:30:00","209-W","Total_Nitrogen",0.22594,"mg/L",24.5857,-81.72272,0.75
"6043","...869783","FIU_WQMP","12/03/2018 11:14:00","332-W","Total_Nitrogen",0.05667,"mg/L",24.5355,-82.36733,0.65
"6044","...869796","FIU_WQMP","11/26/2018 12:30:00","400-W","Total_Nitrogen",0.1,"mg/L",25.1073,-80.3064,0.69
"6045","...869803","FIU_WQMP","06/26/2021 14:28:00","226-W","Total_Nitrogen",0.12,"mg/L",25.0084,-80.50148,0.66
"6046","...869824","FIU_WQMP","06/14/2021 15:54:00","506-W","Total_Nitrogen",0.32667,"mg/L",24.65941,-81.38327,0.67
"6047","...869845","FIU_WQMP","08/17/2018 12:28:00","287-W","Total_Nitrogen",0.21228,"mg/L",24.84667,-81.00833,0.69
"6048","...869856","FIU_WQMP","09/25/2018 11:23:00","280-W","Total_Nitrogen",0.1691,"mg/L",24.45363,-81.84365,0.66
"6049","...869862","FIU_WQMP","05/15/2018 09:19:00","325-W","Total_Nitrogen",0.14506,"mg/L",24.54167,-82.1,0.71
"6050","...869893","FIU_WQMP","06/22/2021 13:29:00","291-W","Total_Nitrogen",0.20667,"mg/L",24.81682,-81.14678,0.73
"6051","...869894","FIU_WQMP","06/28/2021 12:18:00","315-W","Total_Nitrogen",0.19333,"mg/L",24.63325,-81.82827,0.66
"6052","...869901","FIU_WQMP","11/14/2018 11:47:00","226-W","Total_Nitrogen",0.13333,"mg/L",25.0084,-80.50148,0.7
"6053","...869909","FIU_WQMP","03/26/2018 14:45:00","403-W","Total_Nitrogen",0.17,"mg/L",24.483,-81.7,0.75
"6054","...869911","FIU_WQMP","11/14/2018 13:23:00","401-W","Total_Nitrogen",0.09667,"mg/L",24.853,-80.622,0.67
"6055","...869918","FIU_WQMP","04/24/2018 14:31:00","211-W","Total_Nitrogen",0.11311,"mg/L",25.30788,-80.26165,0.65
"6056","...869927","FIU_WQMP","02/27/2018 11:46:00","288-W","Total_Nitrogen",0.29667,"mg/L",24.88333,-81.08333,0.66
"6057","...869943","FIU_WQMP","11/15/2018 12:00:00","289-W","Total_Nitrogen",0.34667,"mg/L",24.77775,-81.033,0.69
"6058","...869964","FIU_WQMP","06/16/2021 12:59:00","259-W","Total_Nitrogen",0.07,"mg/L",24.57037,-81.32167,0.69
"6059","...869969","FIU_WQMP","11/14/2018 10:39:00","502-W","Total_Nitrogen",0.13333,"mg/L",24.9265,-80.62067,0.67
"6060","...869983","FIU_WQMP","04/26/2018 13:03:00","291-W","Total_Nitrogen",0.19615,"mg/L",24.81682,-81.14678,0.73
"6061","...870000","FIU_WQMP","06/22/2021 12:25:00","288-W","Total_Nitrogen",0.24,"mg/L",24.88333,-81.08333,0.67
"6062","...870049","FIU_WQMP","06/16/2021 11:03:00","276-W","Total_Nitrogen",0.14333,"mg/L",24.47538,-81.73742,0.66
"6063","...870051","FIU_WQMP","06/22/2021 11:35:00","284-W","Total_Nitrogen",0.18333,"mg/L",24.87667,-80.95833,0.88
"6064","...870063","FIU_WQMP","05/16/2018 09:28:00","276-W","Total_Nitrogen",0.173,"mg/L",24.47538,-81.73742,0.73
"6065","...870071","FIU_WQMP","06/16/2021 10:21:00","278-W","Total_Nitrogen",0.18,"mg/L",24.49862,-81.81895,0.69
"6066","...870084","FIU_WQMP","12/04/2018 11:43:00","280-W","Total_Nitrogen",0.15667,"mg/L",24.45363,-81.84365,0.71
"6067","...870092","FIU_WQMP","06/09/2018 14:02:00","504-W","Total_Nitrogen",0.31669,"mg/L",24.72254,-81.04338,0.69
"6068","...870127","FIU_WQMP","09/25/2018 11:45:00","278-W","Total_Nitrogen",0.2378,"mg/L",24.49862,-81.81895,0.7
"6069","...870128","FIU_WQMP","06/14/2021 14:55:00","253-W","Total_Nitrogen",0.13,"mg/L",24.64537,-81.30723,0.75
"6070","...870131","FIU_WQMP","12/03/2018 10:51:00","335-W","Total_Nitrogen",0.11333,"mg/L",24.46083,-82.38317,0.72
"6071","...870147","FIU_WQMP","03/26/2018 14:11:00","272-W","Total_Nitrogen",0.20667,"mg/L",24.50548,-81.65433,0.75
"6072","...870157","FIU_WQMP","02/27/2018 12:28:00","291-W","Total_Nitrogen",0.27333,"mg/L",24.81682,-81.14678,0.68
"6073","...870169","FIU_WQMP","09/12/2018 11:21:00","249-W","Total_Nitrogen",0.10374,"mg/L",24.675,-80.9583,0.71
"6074","...870173","FIU_WQMP","11/13/2018 10:08:00","242-W","Total_Nitrogen",0.10667,"mg/L",24.7915,-80.81225,0.67
"6075","...870193","FIU_WQMP","04/04/2018 09:19:00","322-W","Total_Nitrogen",0.12974,"mg/L",24.45833,-81.98167,0.65
"6076","...870203","FIU_WQMP","11/29/2018 11:45:00","266-W","Total_Nitrogen",0.13333,"mg/L",24.61105,-81.50527,0.7
"6077","...870207","FIU_WQMP","12/07/2018 14:11:00","301-W","Total_Nitrogen",0.19,"mg/L",24.77258,-81.39665,0.68
"6078","...870212","FIU_WQMP","06/14/2021 11:21:00","246-W","Total_Nitrogen",0.22333,"mg/L",24.71317,-80.85813,0.69
"6079","...870213","FIU_WQMP","06/16/2021 13:21:00","255-W","Total_Nitrogen",0.13,"mg/L",24.62168,-81.24308,0.78
"6080","...870230","FIU_WQMP","09/12/2018 18:18:00","229-W","Total_Nitrogen",0.11528,"mg/L",24.95012,-80.56218,0.66
"6081","...870235","FIU_WQMP","03/21/2018 12:51:00","250-W","Total_Nitrogen",0.15108,"mg/L",24.69193,-81.18245,0.74
"6082","...870245","FIU_WQMP","06/08/2018 13:41:00","242-W","Total_Nitrogen",0.24262,"mg/L",24.7915,-80.81225,0.65
"6083","...870270","FIU_WQMP","04/04/2018 13:48:00","330-W","Total_Nitrogen",0.1497,"mg/L",24.66533,-82.374,0.69
"6084","...870282","FIU_WQMP","04/26/2018 14:55:00","285-W","Total_Nitrogen",0.2398,"mg/L",24.80998,-80.92028,0.78
"6085","...870286","FIU_WQMP","06/08/2018 11:26:00","237-W","Total_Nitrogen",0.12922,"mg/L",24.83265,-80.64907,0.73
"6086","...870298","FIU_WQMP","03/28/2018 09:07:00","305-W","Total_Nitrogen",0.24333,"mg/L",24.76852,-81.555,0.73
"6087","...870325","FIU_WQMP","06/26/2021 13:41:00","223-W","Total_Nitrogen",0.08333,"mg/L",25.06018,-80.42312,0.69
"6088","...870353","FIU_WQMP","09/12/2018 15:13:00","244-W","Total_Nitrogen",0.13063,"mg/L",24.79333,-80.86333,0.66
"6089","...870363","FIU_WQMP","09/12/2018 11:21:00","249-W","Total_Nitrogen",0.11688,"mg/L",24.675,-80.9583,0.71
"6090","...870368","FIU_WQMP","09/18/2018 10:34:00","312-W","Total_Nitrogen",0.24584,"mg/L",24.65978,-81.76343,0.66
"6091","...870378","FIU_WQMP","02/28/2018 10:04:00","401-W","Total_Nitrogen",0.13667,"mg/L",24.853,-80.622,0.65
"6092","...870380","FIU_WQMP","06/23/2021 15:37:00","201-W","Total_Nitrogen",0.08333,"mg/L",25.51,-80.165,0.69
"6093","...870394","FIU_WQMP","02/14/2018 13:21:00","315-W","Total_Nitrogen",0.15743,"mg/L",24.63325,-81.82827,0.78
"6094","...870445","FIU_WQMP","03/26/2018 15:02:00","276-W","Total_Nitrogen",0.15333,"mg/L",24.47538,-81.73742,0.69
"6095","...870476","FIU_WQMP","06/22/2021 13:29:00","291-W","Total_Nitrogen",0.20667,"mg/L",24.81682,-81.14678,0.73
"6096","...870538","FIU_WQMP","08/17/2018 11:32:00","","Total_Nitrogen",0.03,"mg/L",NA,NA,NA
"6097","...870549","FIU_WQMP","03/20/2018 16:16:00","254-W","Total_Nitrogen",0.15834,"mg/L",24.65792,-81.26502,0.67
"6098","...870556","FIU_WQMP","03/28/2018 11:38:00","","Total_Nitrogen",0.03,"mg/L",NA,NA,NA
"6099","...870563","FIU_WQMP","03/21/2018 12:18:00","252-W","Total_Nitrogen",0.10737,"mg/L",24.60693,-81.15442,0.7
"6100","...870568","FIU_WQMP","11/14/2018 09:23:00","238-W","Total_Nitrogen",0.16,"mg/L",24.83442,-80.74683,0.74
"6101","...870579","FIU_WQMP","02/14/2018 11:16:00","508-W","Total_Nitrogen",0.23196,"mg/L",24.57375,-81.76014,0.75
"6102","...870583","FIU_WQMP","05/08/2018 13:20:00","","Total_Nitrogen",0.0479,"mg/L",NA,NA,NA
"6103","...870590","FIU_WQMP","02/09/2018 08:42:00","","Total_Nitrogen",0.09353,"mg/L",NA,NA,NA
"6104","...870605","FIU_WQMP","05/15/2018 08:00:00","","Total_Nitrogen",0.08072,"mg/L",NA,NA,NA
"6105","...870617","FIU_WQMP","03/20/2018 16:20:00","","Total_Nitrogen",0.06792,"mg/L",NA,NA,NA
"6106","...870623","FIU_WQMP","06/14/2021 12:17:00","249-W","Total_Nitrogen",0.13333,"mg/L",24.675,-80.9583,0.69
"6107","...870625","FIU_WQMP","12/05/2018 11:17:00","310-W","Total_Nitrogen",0.23333,"mg/L",24.65752,-81.63265,0.66
"6108","...870635","FIU_WQMP","04/26/2018 15:19:00","","Total_Nitrogen",0.06076,"mg/L",NA,NA,NA
"6109","...870640","FIU_WQMP","06/09/2018 20:10:00","","Total_Nitrogen",0.03,"mg/L",NA,NA,NA
"6110","...870646","FIU_WQMP","05/16/2018 11:12:00","","Total_Nitrogen",0.07229,"mg/L",NA,NA,NA
"6111","...870655","FIU_WQMP","05/09/2018 11:15:00","","Total_Nitrogen",0.04431,"mg/L",NA,NA,NA
"6112","...870663","FIU_WQMP","06/10/2018 15:10:00","","Total_Nitrogen",0.03,"mg/L",NA,NA,NA
"6113","...870671","FIU_WQMP","04/27/2018 10:00:00","","Total_Nitrogen",0.0627,"mg/L",NA,NA,NA
"6114","...870686","FIU_WQMP","04/24/2018 14:50:00","212-W","Total_Nitrogen",0.08707,"mg/L",25.29452,-80.24542,0.66
"6115","...870690","FIU_WQMP","02/28/2018 10:18:00","237-W","Total_Nitrogen",0.10333,"mg/L",24.83265,-80.64907,0.66
"6116","...870743","FIU_WQMP","02/14/2018 13:42:00","","Total_Nitrogen",0.07474,"mg/L",NA,NA,NA
"6117","...870746","FIU_WQMP","04/25/2018 13:50:00","","Total_Nitrogen",0.04385,"mg/L",NA,NA,NA
"6118","...870750","FIU_WQMP","02/09/2018 11:43:00","","Total_Nitrogen",0.10096,"mg/L",NA,NA,NA
"6119","...870754","FIU_WQMP","05/09/2018 11:20:00","","Total_Nitrogen",0.04487,"mg/L",NA,NA,NA
"6120","...870759","FIU_WQMP","02/28/2018 09:22:00","","Total_Nitrogen",0.03,"mg/L",NA,NA,NA
"6121","...870771","FIU_WQMP","05/15/2018 14:00:00","","Total_Nitrogen",0.06349,"mg/L",NA,NA,NA
"6122","...870789","FIU_WQMP","06/08/2018 10:50:00","","Total_Nitrogen",0.03,"mg/L",NA,NA,NA
"6123","...870790","FIU_WQMP","04/27/2018 12:23:00","","Total_Nitrogen",0.05559,"mg/L",NA,NA,NA
"6124","...870793","FIU_WQMP","11/29/2018 12:45:00","","Total_Nitrogen",0.03,"mg/L",NA,NA,NA
"6125","...870809","FIU_WQMP","03/26/2018 13:02:00","","Total_Nitrogen",0.03,"mg/L",NA,NA,NA
"6126","...870829","FIU_WQMP","04/23/2018 10:10:00","","Total_Nitrogen",0.06348,"mg/L",NA,NA,NA
"6127","...870853","FIU_WQMP","11/14/2018 10:51:00","232-W","Total_Nitrogen",0.09667,"mg/L",24.92703,-80.59852,0.81
"6128","...870869","FIU_WQMP","08/17/2018 14:44:00","505-W","Total_Nitrogen",0.25813,"mg/L",24.71208,-81.10071,0.68
"6129","...870889","FIU_WQMP","12/07/2018 14:50:00","","Total_Nitrogen",0.03,"mg/L",NA,NA,NA
"6130","...870891","FIU_WQMP","08/17/2018 16:05:00","","Total_Nitrogen",0.03,"mg/L",NA,NA,NA
"6131","...870895","FIU_WQMP","03/21/2018 10:03:00","","Total_Nitrogen",0.06858,"mg/L",NA,NA,NA
"6132","...870911","FIU_WQMP","11/13/2018 15:10:00","","Total_Nitrogen",0.03,"mg/L",NA,NA,NA
"6133","...870925","FIU_WQMP","11/26/2018 10:22:00","","Total_Nitrogen",0.03,"mg/L",NA,NA,NA
"6134","...870934","FIU_WQMP","11/13/2018 09:00:00","","Total_Nitrogen",0.03,"mg/L",NA,NA,NA
"6135","...870940","FIU_WQMP","05/15/2018 09:19:00","325-W","Total_Nitrogen",0.15176,"mg/L",24.54167,-82.1,0.71
"6136","...870944","FIU_WQMP","02/07/2018 08:20:00","","Total_Nitrogen",0.04595,"mg/L",NA,NA,NA
"6137","...870946","FIU_WQMP","02/05/2018 15:10:00","","Total_Nitrogen",0.03312,"mg/L",NA,NA,NA
"6138","...870950","FIU_WQMP","12/07/2018 10:21:00","","Total_Nitrogen",0.03,"mg/L",NA,NA,NA
"6139","...870957","FIU_WQMP","04/04/2018 08:30:00","","Total_Nitrogen",0.03,"mg/L",NA,NA,NA
"6140","...870972","FIU_WQMP","11/21/2018 10:02:00","","Total_Nitrogen",0.03,"mg/L",NA,NA,NA
"6141","...870981","FIU_WQMP","11/29/2018 08:35:00","","Total_Nitrogen",0.03,"mg/L",NA,NA,NA
"6142","...870983","FIU_WQMP","02/05/2018 12:20:00","","Total_Nitrogen",0.04066,"mg/L",NA,NA,NA
"6143","...870988","FIU_WQMP","03/21/2018 13:37:00","","Total_Nitrogen",0.06286,"mg/L",NA,NA,NA
"6144","...870991","FIU_WQMP","04/04/2018 16:20:00","","Total_Nitrogen",0.03,"mg/L",NA,NA,NA
"6145","...871000","FIU_WQMP","12/03/2018 08:40:00","","Total_Nitrogen",0.03,"mg/L",NA,NA,NA
"6146","...871017","FIU_WQMP","12/05/2018 12:23:00","","Total_Nitrogen",0.03,"mg/L",NA,NA,NA
"6147","...871043","FIU_WQMP","12/04/2018 11:10:00","","Total_Nitrogen",0.03,"mg/L",NA,NA,NA
"6148","...871051","FIU_WQMP","11/26/2018 15:26:00","","Total_Nitrogen",0.03,"mg/L",NA,NA,NA
"6149","...871086","FIU_WQMP","11/21/2018 16:03:00","","Total_Nitrogen",0.03,"mg/L",NA,NA,NA
"6150","...871091","FIU_WQMP","08/14/2018 09:30:00","","Total_Nitrogen",0.03,"mg/L",NA,NA,NA
"6151","...871100","FIU_WQMP","03/20/2018 13:32:00","270-W","Total_Nitrogen",0.09828,"mg/L",24.52162,-81.56432,0.67
"6152","...871102","FIU_WQMP","02/14/2018 10:15:00","","Total_Nitrogen",0.08834,"mg/L",NA,NA,NA
"6153","...871106","FIU_WQMP","12/03/2018 15:10:00","","Total_Nitrogen",0.03,"mg/L",NA,NA,NA
"6154","...871108","FIU_WQMP","02/28/2018 13:12:00","","Total_Nitrogen",0.04667,"mg/L",NA,NA,NA
"6155","...871119","FIU_WQMP","09/17/2018 15:09:00","","Total_Nitrogen",0.03,"mg/L",NA,NA,NA
"6156","...871131","FIU_WQMP","11/15/2018 09:00:00","","Total_Nitrogen",0.03,"mg/L",NA,NA,NA
"6157","...871142","FIU_WQMP","06/09/2018 17:12:00","263-W","Total_Nitrogen",0.09792,"mg/L",24.54843,-81.39742,0.75
"6158","...871155","FIU_WQMP","12/07/2018 12:19:00","307-W","Total_Nitrogen",0.2,"mg/L",24.72503,-81.52052,0.69
"6159","...871169","FIU_WQMP","12/07/2018 13:46:00","314-W","Total_Nitrogen",0.2,"mg/L",24.75043,-81.43578,0.7
"6160","...871200","FIU_WQMP","09/12/2018 09:25:00","237-W","Total_Nitrogen",0.08927,"mg/L",24.83265,-80.64907,0.7
"6161","...871238","FIU_WQMP","08/17/2018 15:49:00","285-W","Total_Nitrogen",0.22235,"mg/L",24.80998,-80.92028,0.65
"6162","...871296","FIU_WQMP","02/07/2018 12:22:00","224-W","Total_Nitrogen",0.07752,"mg/L",25.03082,-80.39527,0.65
"6163","...871303","FIU_WQMP","11/14/2018 11:22:00","229-W","Total_Nitrogen",0.13667,"mg/L",24.95012,-80.56218,0.67
"6164","...871313","FIU_WQMP","03/21/2018 13:26:00","504-W","Total_Nitrogen",0.24333,"mg/L",24.72254,-81.04338,0.65
"6165","...871317","FIU_WQMP","12/03/2018 13:38:00","324-W","Total_Nitrogen",0.11,"mg/L",24.65333,-82.15833,0.74
"6166","...871324","FIU_WQMP","02/05/2018 12:22:00","213-W","Total_Nitrogen",0.11756,"mg/L",25.26312,-80.18773,0.66
"6167","...871338","FIU_WQMP","12/03/2018 11:46:00","333-W","Total_Nitrogen",0.07,"mg/L",24.57717,-82.49133,0.7
"6168","...871342","FIU_WQMP","04/26/2018 14:37:00","289-W","Total_Nitrogen",0.24518,"mg/L",24.77775,-81.033,0.74
"6169","...871350","FIU_WQMP","02/28/2018 12:42:00","241-W","Total_Nitrogen",0.16,"mg/L",24.80247,-80.8089,0.66
"6170","...871361","FIU_WQMP","12/05/2018 11:41:00","309-W","Total_Nitrogen",0.19667,"mg/L",24.69772,-81.68318,0.73
"6171","...871369","FIU_WQMP","06/08/2018 11:52:00","239-W","Total_Nitrogen",0.15094,"mg/L",24.80223,-80.7162,0.65
"6172","...871377","FIU_WQMP","06/09/2018 12:51:00","255-W","Total_Nitrogen",0.16397,"mg/L",24.62168,-81.24308,0.72
"6173","...871391","FIU_WQMP","04/23/2018 10:16:00","226-W","Total_Nitrogen",0.13302,"mg/L",25.0084,-80.50148,0.67
"6174","...871401","FIU_WQMP","04/25/2018 11:16:00","229-W","Total_Nitrogen",0.18643,"mg/L",24.95012,-80.56218,0.68
"6175","...871430","FIU_WQMP","12/03/2018 15:07:00","318-W","Total_Nitrogen",0.11667,"mg/L",24.65083,-81.90467,0.67
"6176","...871431","FIU_WQMP","02/14/2018 11:58:00","310-W","Total_Nitrogen",0.2313,"mg/L",24.65752,-81.63265,0.74
"6177","...871449","FIU_WQMP","02/05/2018 12:22:00","213-W","Total_Nitrogen",0.09314,"mg/L",25.26312,-80.18773,0.66
"6178","...871454","FIU_WQMP","06/23/2021 15:05:00","200-W","Total_Nitrogen",0.06,"mg/L",25.59,-80.1,0.74
"6179","...871461","FIU_WQMP","09/11/2018 10:40:00","222-W","Total_Nitrogen",0.15757,"mg/L",25.07237,-80.31277,0.7
"6180","...871468","FIU_WQMP","06/23/2021 12:25:00","400-W","Total_Nitrogen",0.15667,"mg/L",25.1073,-80.3064,0.69
"6181","...871471","FIU_WQMP","06/09/2018 12:28:00","254-W","Total_Nitrogen",0.22787,"mg/L",24.65792,-81.26502,0.71
"6182","...871477","FIU_WQMP","05/15/2018 10:54:00","332-W","Total_Nitrogen",0.14895,"mg/L",24.5355,-82.36733,0.68
"6183","...871500","FIU_WQMP","02/05/2018 14:03:00","200-W","Total_Nitrogen",0.09734,"mg/L",25.59,-80.1,0.69
"6184","...871502","FIU_WQMP","06/09/2018 15:36:00","402-W","Total_Nitrogen",0.19612,"mg/L",24.63,-81.112,0.67
"6185","...871555","FIU_WQMP","09/17/2018 14:05:00","314-W","Total_Nitrogen",0.46546,"mg/L",24.75043,-81.43578,0.66
"6186","...871562","FIU_WQMP","11/14/2018 11:10:00","230-W","Total_Nitrogen",0.11,"mg/L",24.93965,-80.55162,0.71
"6187","...871583","FIU_WQMP","06/26/2021 14:50:00","230-W","Total_Nitrogen",0.06667,"mg/L",24.93965,-80.55162,0.66
"6188","...871592","FIU_WQMP","06/16/2021 12:39:00","263-W","Total_Nitrogen",0.08,"mg/L",24.54843,-81.39742,0.66
"6189","...871610","FIU_WQMP","12/04/2018 12:37:00","273-W","Total_Nitrogen",0.09667,"mg/L",24.4929,-81.6571,0.69
"6190","...871619","FIU_WQMP","09/19/2018 10:46:00","325-W","Total_Nitrogen",0.20853,"mg/L",24.54167,-82.1,0.69
"6191","...871629","FIU_WQMP","09/12/2018 09:56:00","239-W","Total_Nitrogen",0.12858,"mg/L",24.80223,-80.7162,0.72
"6192","...871686","FIU_WQMP","04/24/2018 12:34:00","201-W","Total_Nitrogen",0.10685,"mg/L",25.51,-80.165,0.65
"6193","...871694","FIU_WQMP","04/24/2018 09:35:00","213-W","Total_Nitrogen",0.08892,"mg/L",25.26312,-80.18773,0.67
"6194","...871702","FIU_WQMP","05/09/2018 12:56:00","305-W","Total_Nitrogen",0.1766,"mg/L",24.76852,-81.555,0.73
"6195","...871723","FIU_WQMP","09/19/2018 09:30:00","","Total_Nitrogen",0.03,"mg/L",NA,NA,NA
"6196","...871738","FIU_WQMP","06/29/2021 08:58:00","","Total_Nitrogen",0.04127,"mg/L",NA,NA,NA
"6197","...871744","FIU_WQMP","09/13/2018 14:00:00","","Total_Nitrogen",0.03,"mg/L",NA,NA,NA
"6198","...871749","FIU_WQMP","05/16/2018 08:19:00","","Total_Nitrogen",0.06637,"mg/L",NA,NA,NA
"6199","...871755","FIU_WQMP","09/18/2018 12:01:00","","Total_Nitrogen",0.03,"mg/L",NA,NA,NA
"6200","...871756","FIU_WQMP","09/12/2018 18:34:00","","Total_Nitrogen",0.03,"mg/L",NA,NA,NA
"6201","...871772","FIU_WQMP","06/10/2018 10:30:00","","Total_Nitrogen",0.03,"mg/L",NA,NA,NA
"6202","...871783","FIU_WQMP","09/13/2018 09:12:00","","Total_Nitrogen",0.03,"mg/L",NA,NA,NA
"6203","...871794","FIU_WQMP","11/14/2018 14:00:00","","Total_Nitrogen",0.03,"mg/L",NA,NA,NA
"6204","...871804","FIU_WQMP","06/14/2021 18:21:00","","Total_Nitrogen",0.04127,"mg/L",NA,NA,NA
"6205","...871805","FIU_WQMP","09/19/2018 16:23:00","","Total_Nitrogen",0.03,"mg/L",NA,NA,NA
"6206","...871819","FIU_WQMP","06/28/2021 11:31:00","","Total_Nitrogen",0.24,"mg/L",NA,NA,NA
"6207","...871832","FIU_WQMP","09/12/2018 08:15:00","","Total_Nitrogen",0.03235,"mg/L",NA,NA,NA
"6208","...871838","FIU_WQMP","06/08/2018 13:45:00","","Total_Nitrogen",0.03,"mg/L",NA,NA,NA
"6209","...871848","FIU_WQMP","09/17/2018 10:47:00","","Total_Nitrogen",0.03,"mg/L",NA,NA,NA
"6210","...871861","FIU_WQMP","06/22/2021 11:28:00","","Total_Nitrogen",0.04127,"mg/L",NA,NA,NA
"6211","...871869","FIU_WQMP","04/24/2018 15:05:00","","Total_Nitrogen",0.03183,"mg/L",NA,NA,NA
"6212","...871875","FIU_WQMP","06/23/2021 11:05:00","","Total_Nitrogen",0.04127,"mg/L",NA,NA,NA
"6213","...871880","FIU_WQMP","09/10/2018 13:41:00","211-W","Total_Nitrogen",0.14595,"mg/L",25.30788,-80.26165,0.71
"6214","...871885","FIU_WQMP","09/25/2018 09:30:00","","Total_Nitrogen",0.0435,"mg/L",NA,NA,NA
"6215","...871909","FIU_WQMP","06/28/2021 14:15:00","","Total_Nitrogen",0.04127,"mg/L",NA,NA,NA
"6216","...871921","FIU_WQMP","03/20/2018 10:45:00","","Total_Nitrogen",0.07892,"mg/L",NA,NA,NA
"6217","...871924","FIU_WQMP","03/26/2018 16:27:00","","Total_Nitrogen",0.03,"mg/L",NA,NA,NA
"6218","...871933","FIU_WQMP","09/11/2018 12:40:00","","Total_Nitrogen",0.04947,"mg/L",NA,NA,NA
"6219","...871938","FIU_WQMP","06/22/2021 13:10:00","","Total_Nitrogen",0.04127,"mg/L",NA,NA,NA
"6220","...871950","FIU_WQMP","06/22/2021 15:48:00","","Total_Nitrogen",0.04127,"mg/L",NA,NA,NA
"6221","...871954","FIU_WQMP","04/23/2018 14:35:00","","Total_Nitrogen",0.03715,"mg/L",NA,NA,NA
"6222","...871964","FIU_WQMP","06/29/2021 12:46:00","","Total_Nitrogen",0.04127,"mg/L",NA,NA,NA
"6223","...871969","FIU_WQMP","06/26/2021 09:51:00","","Total_Nitrogen",0.04127,"mg/L",NA,NA,NA
"6224","...871973","FIU_WQMP","06/16/2021 09:46:00","","Total_Nitrogen",0.04127,"mg/L",NA,NA,NA
"6225","...871984","FIU_WQMP","02/27/2018 14:10:00","","Total_Nitrogen",0.04333,"mg/L",NA,NA,NA
"6226","...871987","FIU_WQMP","09/10/2018 08:00:00","","Total_Nitrogen",0.07325,"mg/L",NA,NA,NA
"6227","...871994","FIU_WQMP","04/23/2018 14:31:00","501-W","Total_Nitrogen",0.54639,"mg/L",25.11053,-80.43421,0.65
"6228","...872014","FIU_WQMP","06/14/2021 10:20:00","","Total_Nitrogen",0.04127,"mg/L",NA,NA,NA
"6229","...872017","FIU_WQMP","05/08/2018 15:00:00","","Total_Nitrogen",0.04283,"mg/L",NA,NA,NA
"6230","...872026","FIU_WQMP","02/27/2018 11:05:00","","Total_Nitrogen",0.04333,"mg/L",NA,NA,NA
"6231","...872030","FIU_WQMP","09/25/2018 13:20:00","","Total_Nitrogen",0.04699,"mg/L",NA,NA,NA
"6232","...872045","FIU_WQMP","06/23/2021 16:35:00","","Total_Nitrogen",0.04127,"mg/L",NA,NA,NA
"6233","...872054","FIU_WQMP","04/24/2018 09:10:00","","Total_Nitrogen",0.04148,"mg/L",NA,NA,NA
"6234","...872060","FIU_WQMP","04/26/2018 12:00:00","","Total_Nitrogen",0.06184,"mg/L",NA,NA,NA
"6235","...872063","FIU_WQMP","03/28/2018 07:51:00","","Total_Nitrogen",0.03,"mg/L",NA,NA,NA
"6236","...872068","FIU_WQMP","02/07/2018 12:55:00","","Total_Nitrogen",0.04012,"mg/L",NA,NA,NA
"6237","...872080","FIU_WQMP","09/10/2018 14:00:00","","Total_Nitrogen",0.07302,"mg/L",NA,NA,NA
"6238","...872097","FIU_WQMP","04/25/2018 10:40:00","","Total_Nitrogen",0.03388,"mg/L",NA,NA,NA
"6239","...872099","FIU_WQMP","09/18/2018 09:12:00","","Total_Nitrogen",0.03,"mg/L",NA,NA,NA
"6240","...872110","FIU_WQMP","11/26/2018 14:32:00","224-W","Total_Nitrogen",0.05333,"mg/L",25.03082,-80.39527,0.67
"6241","...872115","FIU_WQMP","11/15/2018 12:35:00","","Total_Nitrogen",0.03,"mg/L",NA,NA,NA
"6242","...872119","FIU_WQMP","06/09/2018 12:15:00","","Total_Nitrogen",0.03,"mg/L",NA,NA,NA
"6243","...872137","FIU_WQMP","06/28/2021 09:51:00","","Total_Nitrogen",0.04127,"mg/L",NA,NA,NA
"6244","...872138","FIU_WQMP","08/14/2018 12:40:00","","Total_Nitrogen",0.03,"mg/L",NA,NA,NA
"6245","...872145","FIU_WQMP","12/05/2018 10:20:00","","Total_Nitrogen",0.03,"mg/L",NA,NA,NA
"6246","...872151","FIU_WQMP","11/14/2018 09:15:00","","Total_Nitrogen",0.03,"mg/L",NA,NA,NA
"6247","...872156","FIU_WQMP","06/16/2021 15:56:00","","Total_Nitrogen",0.04127,"mg/L",NA,NA,NA
"6248","...872163","FIU_WQMP","06/22/2021 09:41:00","","Total_Nitrogen",0.04127,"mg/L",NA,NA,NA
"6249","...872166","FIU_WQMP","06/26/2021 17:06:00","","Total_Nitrogen",0.04127,"mg/L",NA,NA,NA
"6250","...872178","FIU_WQMP","09/11/2018 09:12:00","","Total_Nitrogen",0.05582,"mg/L",NA,NA,NA
"6251","...872197","FIU_WQMP","06/15/2021 17:15:00","","Total_Nitrogen",0.04127,"mg/L",NA,NA,NA
"6252","...872213","FIU_WQMP","06/15/2021 09:42:00","","Total_Nitrogen",0.04127,"mg/L",NA,NA,NA
"6253","...872225","FIU_WQMP","06/26/2021 14:15:00","227-W","Total_Nitrogen",0.08333,"mg/L",25.00167,-80.4749,0.66
"6254","...872233","FIU_WQMP","11/21/2018 10:14:00","215-W","Total_Nitrogen",0.10333,"mg/L",25.23667,-80.28897,0.69
"6255","...872254","FIU_WQMP","08/17/2018 14:04:00","294-W","Total_Nitrogen",0.2545,"mg/L",24.7555,-81.17218,0.7
"6256","...872273","FIU_WQMP","05/08/2018 13:25:00","225-W","Total_Nitrogen",0.08808,"mg/L",25.017,-80.3674,0.7
"6257","...872282","FIU_WQMP","04/26/2018 13:03:00","291-W","Total_Nitrogen",0.18581,"mg/L",24.81682,-81.14678,0.73
"6258","...872284","FIU_WQMP","05/15/2018 11:41:00","337-W","Total_Nitrogen",0.12349,"mg/L",24.59133,-82.58783,0.68
"6259","...872293","FIU_WQMP","05/16/2018 11:03:00","275-W","Total_Nitrogen",0.17044,"mg/L",24.52143,-81.74422,0.72
"6260","...872310","FIU_WQMP","11/29/2018 10:07:00","263-W","Total_Nitrogen",0.06,"mg/L",24.54843,-81.39742,0.69
"6261","...872317","FIU_WQMP","06/15/2021 16:15:00","319-W","Total_Nitrogen",0.19333,"mg/L",24.629,-82.07133,0.69
"6262","...872355","FIU_WQMP","08/10/2021 15:22:00","267-W","Total_Nitrogen",0.04127,"mg/L",24.53008,-81.4873,0.72
"6263","...872364","FIU_WQMP","08/11/2021 14:49:00","330-W","Total_Nitrogen",0.04127,"mg/L",24.66533,-82.374,0.67
"6264","...872385","FIU_WQMP","08/20/2021 12:24:00","237-W","Total_Nitrogen",0.04127,"mg/L",24.83265,-80.64907,0.67
"6265","...872394","FIU_WQMP","08/20/2021 14:31:00","224-W","Total_Nitrogen",0.04127,"mg/L",25.03082,-80.39527,0.65
"6266","...872401","FIU_WQMP","10/17/2021 12:35:00","228-W","Total_Nitrogen",0.07667,"mg/L",24.97667,-80.45,0.69
"6267","...872405","FIU_WQMP","10/07/2021 10:13:00","296-W","Total_Nitrogen",0.17333,"mg/L",24.79152,-81.28908,0.67
"6268","...872408","FIU_WQMP","10/15/2021 09:13:00","242-W","Total_Nitrogen",0.11,"mg/L",24.7915,-80.81225,0.67
"6269","...872412","FIU_WQMP","10/15/2021 10:17:00","248-W","Total_Nitrogen",0.05,"mg/L",24.69167,-80.96667,0.74
"6270","...872420","FIU_WQMP","08/20/2021 12:43:00","401-W","Total_Nitrogen",0.04127,"mg/L",24.853,-80.622,0.71
"6271","...872428","FIU_WQMP","08/11/2021 13:03:00","332-W","Total_Nitrogen",0.04127,"mg/L",24.5355,-82.36733,0.77
"6272","...872430","FIU_WQMP","08/23/2021 12:58:00","232-W","Total_Nitrogen",0.09667,"mg/L",24.92703,-80.59852,0.74
"6273","...872453","FIU_WQMP","10/13/2021 09:02:00","501-W","Total_Nitrogen",0.71667,"mg/L",25.11053,-80.43421,0.69
"6274","...872456","FIU_WQMP","08/10/2021 14:28:00","259-W","Total_Nitrogen",0.04127,"mg/L",24.57037,-81.32167,0.72
"6275","...872466","FIU_WQMP","08/12/2021 13:46:00","254-W","Total_Nitrogen",0.04667,"mg/L",24.65792,-81.26502,0.67
"6276","...872470","FIU_WQMP","08/11/2021 10:54:00","281-W","Total_Nitrogen",0.04333,"mg/L",24.495,-81.89167,0.71
"6277","...872476","FIU_WQMP","11/15/2021 15:03:00","260-W","Total_Nitrogen",0.17,"mg/L",24.6255,-81.41662,0.69
"6278","...872497","FIU_WQMP","09/01/2021 11:36:00","312-W","Total_Nitrogen",0.15667,"mg/L",24.65978,-81.76343,0.75
"6279","...872504","FIU_WQMP","08/10/2021 15:22:00","267-W","Total_Nitrogen",0.04127,"mg/L",24.53008,-81.4873,0.72
"6280","...872512","FIU_WQMP","08/21/2021 14:25:00","213-W","Total_Nitrogen",0.04127,"mg/L",25.26312,-80.18773,0.76
"6281","...872521","FIU_WQMP","11/12/2021 12:22:00","276-W","Total_Nitrogen",0.08333,"mg/L",24.47538,-81.73742,0.66
"6282","...872523","FIU_WQMP","10/27/2021 13:58:00","289-W","Total_Nitrogen",0.23667,"mg/L",24.77775,-81.033,0.69
"6283","...872535","FIU_WQMP","10/14/2021 10:28:00","217-W","Total_Nitrogen",0.15333,"mg/L",25.17332,-80.33985,0.69
"6284","...872541","FIU_WQMP","10/14/2021 12:31:00","502-W","Total_Nitrogen",0.12,"mg/L",24.9265,-80.62067,0.73
"6285","...872561","FIU_WQMP","08/12/2021 12:13:00","268-W","Total_Nitrogen",0.06333,"mg/L",24.58782,-81.57698,0.72
"6286","...872569","FIU_WQMP","08/23/2021 10:53:00","227-W","Total_Nitrogen",0.04127,"mg/L",25.00167,-80.4749,0.72
"6287","...872580","FIU_WQMP","10/27/2021 12:43:00","291-W","Total_Nitrogen",0.14333,"mg/L",24.81682,-81.14678,0.66
"6288","...872585","FIU_WQMP","08/10/2021 12:45:00","402-W","Total_Nitrogen",0.04127,"mg/L",24.63,-81.112,0.8
"6289","...872592","FIU_WQMP","11/15/2021 14:10:00","269-W","Total_Nitrogen",0.065,"mg/L",24.55943,-81.55955,0.67
"6290","...872598","FIU_WQMP","11/15/2021 15:17:00","506-W","Total_Nitrogen",0.17333,"mg/L",24.65941,-81.38327,0.69
"6291","...872599","FIU_WQMP","08/31/2021 13:01:00","314-W","Total_Nitrogen",0.3,"mg/L",24.75043,-81.43578,0.69
"6292","...872619","FIU_WQMP","10/14/2021 11:38:00","226-W","Total_Nitrogen",0.17,"mg/L",25.0084,-80.50148,0.69
"6293","...872625","FIU_WQMP","10/27/2021 12:43:00","291-W","Total_Nitrogen",0.13667,"mg/L",24.81682,-81.14678,0.66
"6294","...872647","FIU_WQMP","08/30/2021 13:03:00","285-W","Total_Nitrogen",0.05333,"mg/L",24.80998,-80.92028,0.66
"6295","...872652","FIU_WQMP","10/13/2021 12:53:00","213-W","Total_Nitrogen",0.06,"mg/L",25.26312,-80.18773,0.75
"6296","...872654","FIU_WQMP","10/14/2021 12:21:00","232-W","Total_Nitrogen",0.105,"mg/L",24.92703,-80.59852,0.66
"6297","...872656","FIU_WQMP","11/15/2021 13:49:00","270-W","Total_Nitrogen",0.07667,"mg/L",24.52162,-81.56432,0.76
"6298","...872659","FIU_WQMP","10/07/2021 14:46:00","507-W","Total_Nitrogen",0.33333,"mg/L",24.69309,-81.35463,0.69
"6299","...872666","FIU_WQMP","08/21/2021 12:27:00","200-W","Total_Nitrogen",0.04127,"mg/L",25.59,-80.1,0.66
"6300","...872671","FIU_WQMP","09/01/2021 10:40:00","209-W","Total_Nitrogen",0.04127,"mg/L",24.5857,-81.72272,0.71
"6301","...872686","FIU_WQMP","10/13/2021 12:53:00","213-W","Total_Nitrogen",0.06333,"mg/L",25.26312,-80.18773,0.75
"6302","...872691","FIU_WQMP","10/26/2021 14:13:00","312-W","Total_Nitrogen",0.12,"mg/L",24.65978,-81.76343,0.66
"6303","...872700","FIU_WQMP","09/01/2021 11:55:00","315-W","Total_Nitrogen",0.09333,"mg/L",24.63325,-81.82827,0.76
"6304","...872711","FIU_WQMP","08/10/2021 13:53:00","255-W","Total_Nitrogen",0.04127,"mg/L",24.62168,-81.24308,0.74
"6305","...872715","FIU_WQMP","08/30/2021 10:59:00","288-W","Total_Nitrogen",0.29333,"mg/L",24.88333,-81.08333,0.71
"6306","...872724","FIU_WQMP","10/15/2021 11:23:00","252-W","Total_Nitrogen",0.06333,"mg/L",24.60693,-81.15442,0.74
"6307","...872730","FIU_WQMP","10/26/2021 14:43:00","310-W","Total_Nitrogen",0.19,"mg/L",24.65752,-81.63265,0.66
"6308","...872738","FIU_WQMP","10/07/2021 13:34:00","314-W","Total_Nitrogen",0.18,"mg/L",24.75043,-81.43578,0.67
"6309","...872746","FIU_WQMP","09/01/2021 12:07:00","316-W","Total_Nitrogen",0.19667,"mg/L",24.58577,-81.8024,0.67
"6310","...872748","FIU_WQMP","08/21/2021 14:01:00","210-W","Total_Nitrogen",0.04127,"mg/L",25.325,-80.1636,0.79
"6311","...872758","FIU_WQMP","08/23/2021 11:58:00","229-W","Total_Nitrogen",0.06333,"mg/L",24.95012,-80.56218,0.8
"6312","...872772","FIU_WQMP","10/14/2021 10:04:00","214-W","Total_Nitrogen",0.11,"mg/L",25.2462,-80.29918,0.66
"6313","...872777","FIU_WQMP","11/12/2021 11:20:00","271-W","Total_Nitrogen",0.13667,"mg/L",24.55667,-81.66667,0.66
"6314","...872793","FIU_WQMP","08/21/2021 14:46:00","216-W","Total_Nitrogen",0.04127,"mg/L",25.22,-80.217,0.7
"6315","...872804","FIU_WQMP","10/14/2021 13:03:00","237-W","Total_Nitrogen",0.04127,"mg/L",24.83265,-80.64907,0.67
"6316","...872805","FIU_WQMP","11/22/2021 08:45:00","325-W","Total_Nitrogen",0.12667,"mg/L",24.54167,-82.1,0.75
"6317","...872816","FIU_WQMP","11/22/2021 13:02:00","330-W","Total_Nitrogen",0.08333,"mg/L",24.66533,-82.374,0.75
"6318","...872823","FIU_WQMP","08/31/2021 10:42:00","296-W","Total_Nitrogen",0.22,"mg/L",24.79152,-81.28908,0.65
"6319","...872825","FIU_WQMP","08/10/2021 16:05:00","269-W","Total_Nitrogen",0.04127,"mg/L",24.55943,-81.55955,0.82
"6320","...872831","FIU_WQMP","11/22/2021 07:33:00","281-W","Total_Nitrogen",0.08667,"mg/L",24.495,-81.89167,0.73
"6321","...872840","FIU_WQMP","10/15/2021 09:49:00","246-W","Total_Nitrogen",0.04667,"mg/L",24.71317,-80.85813,0.66
"6322","...872850","FIU_WQMP","11/22/2021 14:35:00","319-W","Total_Nitrogen",0.12,"mg/L",24.629,-82.07133,0.79
"6323","...872859","FIU_WQMP","08/31/2021 13:26:00","301-W","Total_Nitrogen",0.21,"mg/L",24.77258,-81.39665,0.67
"6324","...872865","FIU_WQMP","08/30/2021 11:38:00","291-W","Total_Nitrogen",0.09,"mg/L",24.81682,-81.14678,0.67
"6325","...872876","FIU_WQMP","10/13/2021 10:05:00","207-W","Total_Nitrogen",0.10667,"mg/L",25.36443,-80.21508,0.82
"6326","...872883","FIU_WQMP","11/15/2021 14:43:00","266-W","Total_Nitrogen",0.14,"mg/L",24.61105,-81.50527,0.66
"6327","...872898","FIU_WQMP","08/12/2021 15:56:00","244-W","Total_Nitrogen",0.04333,"mg/L",24.79333,-80.86333,0.71
"6328","...872900","FIU_WQMP","08/21/2021 11:41:00","204-W","Total_Nitrogen",0.05,"mg/L",25.43082,-80.19553,0.66
"6329","...872906","FIU_WQMP","08/11/2021 15:37:00","324-W","Total_Nitrogen",0.04333,"mg/L",24.65333,-82.15833,0.8
"6330","...872914","FIU_WQMP","10/27/2021 11:17:00","284-W","Total_Nitrogen",0.18667,"mg/L",24.87667,-80.95833,0.66
"6331","...872922","FIU_WQMP","10/14/2021 13:03:00","237-W","Total_Nitrogen",0.04127,"mg/L",24.83265,-80.64907,0.67
"6332","...872924","FIU_WQMP","10/14/2021 13:25:00","239-W","Total_Nitrogen",0.05,"mg/L",24.80223,-80.7162,0.69
"6333","...872934","FIU_WQMP","08/31/2021 11:37:00","302-W","Total_Nitrogen",0.17,"mg/L",24.80128,-81.48227,0.74
"6334","...872941","FIU_WQMP","08/12/2021 11:27:00","271-W","Total_Nitrogen",0.08667,"mg/L",24.55667,-81.66667,0.69
"6335","...872949","FIU_WQMP","08/22/2021 15:17:00","280-W","Total_Nitrogen",0.04127,"mg/L",24.45363,-81.84365,0.73
"6336","...872959","FIU_WQMP","11/15/2021 11:44:00","255-W","Total_Nitrogen",0.08333,"mg/L",24.62168,-81.24308,0.66
"6337","...872962","FIU_WQMP","10/13/2021 13:14:00","216-W","Total_Nitrogen",0.06,"mg/L",25.22,-80.217,0.69
"6338","...872965","FIU_WQMP","11/22/2021 10:20:00","335-W","Total_Nitrogen",0.04127,"mg/L",24.46083,-82.38317,0.74
"6339","...872973","FIU_WQMP","08/22/2021 14:25:00","403-W","Total_Nitrogen",0.07667,"mg/L",24.483,-81.7,0.76
"6340","...872985","FIU_WQMP","08/10/2021 11:19:00","246-W","Total_Nitrogen",0.04127,"mg/L",24.71317,-80.85813,0.97
"6341","...872993","FIU_WQMP","10/17/2021 12:11:00","225-W","Total_Nitrogen",0.06333,"mg/L",25.017,-80.3674,0.79
"6342","...873003","FIU_WQMP","10/17/2021 11:54:00","224-W","Total_Nitrogen",0.06,"mg/L",25.03082,-80.39527,0.78
"6343","...873006","FIU_WQMP","10/13/2021 14:32:00","222-W","Total_Nitrogen",0.04333,"mg/L",25.07237,-80.31277,0.69
"6344","...873011","FIU_WQMP","10/26/2021 12:35:00","209-W","Total_Nitrogen",0.15333,"mg/L",24.5857,-81.72272,0.66
"6345","...873018","FIU_WQMP","08/22/2021 13:58:00","273-W","Total_Nitrogen",0.04127,"mg/L",24.4929,-81.6571,0.67
"6346","...873026","FIU_WQMP","08/11/2021 16:14:00","325-W","Total_Nitrogen",0.04333,"mg/L",24.54167,-82.1,0.67
"6347","...873034","FIU_WQMP","10/17/2021 13:02:00","231-W","Total_Nitrogen",0.06,"mg/L",24.925,-80.503,0.73
"6348","...873045","FIU_WQMP","08/20/2021 13:21:00","231-W","Total_Nitrogen",0.04127,"mg/L",24.925,-80.503,0.79
"6349","...873053","FIU_WQMP","10/26/2021 13:57:00","315-W","Total_Nitrogen",0.11667,"mg/L",24.63325,-81.82827,0.73
"6350","...873061","FIU_WQMP","08/21/2021 10:55:00","212-W","Total_Nitrogen",0.07,"mg/L",25.29452,-80.24542,0.79
"6351","...873069","FIU_WQMP","08/30/2021 11:38:00","291-W","Total_Nitrogen",0.08,"mg/L",24.81682,-81.14678,0.67
"6352","...873075","FIU_WQMP","08/12/2021 16:18:00","242-W","Total_Nitrogen",0.04127,"mg/L",24.7915,-80.81225,0.67
"6353","...873082","FIU_WQMP","08/23/2021 10:14:00","223-W","Total_Nitrogen",0.05667,"mg/L",25.06018,-80.42312,0.69
"6354","...873090","FIU_WQMP","08/22/2021 13:23:00","272-W","Total_Nitrogen",0.06333,"mg/L",24.50548,-81.65433,0.65
"6355","...873104","FIU_WQMP","08/12/2021 13:30:00","253-W","Total_Nitrogen",0.06,"mg/L",24.64537,-81.30723,0.74
"6356","...873111","FIU_WQMP","11/15/2021 13:23:00","267-W","Total_Nitrogen",0.05667,"mg/L",24.53008,-81.4873,0.66
"6357","...873120","FIU_WQMP","10/14/2021 11:26:00","227-W","Total_Nitrogen",0.04333,"mg/L",25.00167,-80.4749,0.71
"6358","...873128","FIU_WQMP","10/13/2021 12:34:00","210-W","Total_Nitrogen",0.05,"mg/L",25.325,-80.1636,0.83
"6359","...873132","FIU_WQMP","08/11/2021 17:21:00","318-W","Total_Nitrogen",0.09333,"mg/L",24.65083,-81.90467,0.22
"6360","...873138","FIU_WQMP","10/07/2021 11:48:00","305-W","Total_Nitrogen",0.11667,"mg/L",24.76852,-81.555,0.67
"6361","...873146","FIU_WQMP","11/22/2021 08:04:00","322-W","Total_Nitrogen",0.08667,"mg/L",24.45833,-81.98167,0.66
"6362","...873154","FIU_WQMP","08/12/2021 12:50:00","260-W","Total_Nitrogen",0.07333,"mg/L",24.6255,-81.41662,0.67
"6363","...873162","FIU_WQMP","08/31/2021 11:04:00","295-W","Total_Nitrogen",0.16333,"mg/L",24.85163,-81.35123,0.75
"6364","...873176","FIU_WQMP","10/15/2021 11:54:00","250-W","Total_Nitrogen",0.16333,"mg/L",24.69193,-81.18245,0.69
"6365","...873184","FIU_WQMP","08/23/2021 13:09:00","502-W","Total_Nitrogen",0.1,"mg/L",24.9265,-80.62067,0.71
"6366","...873192","FIU_WQMP","08/21/2021 10:26:00","215-W","Total_Nitrogen",0.04667,"mg/L",25.23667,-80.28897,0.67
"6367","...873194","FIU_WQMP","10/13/2021 10:50:00","201-W","Total_Nitrogen",0.09333,"mg/L",25.51,-80.165,0.66
"6368","...873202","FIU_WQMP","10/14/2021 12:11:00","229-W","Total_Nitrogen",0.05,"mg/L",24.95012,-80.56218,0.67
"6369","...873215","FIU_WQMP","11/12/2021 12:01:00","273-W","Total_Nitrogen",0.09,"mg/L",24.4929,-81.6571,0.73
"6370","...873222","FIU_WQMP","08/31/2021 11:56:00","305-W","Total_Nitrogen",0.16667,"mg/L",24.76852,-81.555,0.72
"6371","...873226","FIU_WQMP","08/30/2021 12:06:00","292-W","Total_Nitrogen",0.125,"mg/L",24.76312,-81.11248,0.66
"6372","...873237","FIU_WQMP","10/15/2021 10:28:00","249-W","Total_Nitrogen",0.04127,"mg/L",24.675,-80.9583,0.66
"6373","...873246","FIU_WQMP","11/22/2021 11:31:00","333-W","Total_Nitrogen",0.04127,"mg/L",24.57717,-82.49133,0.69
"6374","...873254","FIU_WQMP","08/10/2021 12:33:00","266-W","Total_Nitrogen",0.08,"mg/L",24.61105,-81.50527,0.65
"6375","...873258","FIU_WQMP","08/30/2021 11:19:00","290-W","Total_Nitrogen",0.13333,"mg/L",24.86267,-81.21623,0.76
"6376","...873266","FIU_WQMP","10/27/2021 13:32:00","505-W","Total_Nitrogen",0.31333,"mg/L",24.71208,-81.10071,0.66
"6377","...873274","FIU_WQMP","11/22/2021 10:51:00","332-W","Total_Nitrogen",0.04127,"mg/L",24.5355,-82.36733,0.66
"6378","...873286","FIU_WQMP","08/21/2021 11:23:00","207-W","Total_Nitrogen",0.08667,"mg/L",25.36443,-80.21508,0.72
"6379","...873291","FIU_WQMP","11/12/2021 11:47:00","272-W","Total_Nitrogen",0.09667,"mg/L",24.50548,-81.65433,0.67
"6380","...873299","FIU_WQMP","10/26/2021 13:43:00","316-W","Total_Nitrogen",0.14667,"mg/L",24.58577,-81.8024,0.71
"6381","...873303","FIU_WQMP","10/26/2021 14:43:00","310-W","Total_Nitrogen",0.2,"mg/L",24.65752,-81.63265,0.66
"6382","...873315","FIU_WQMP","10/27/2021 13:41:00","292-W","Total_Nitrogen",0.19,"mg/L",24.76312,-81.11248,0.66
"6383","...873322","FIU_WQMP","08/11/2021 11:19:00","322-W","Total_Nitrogen",0.04127,"mg/L",24.45833,-81.98167,0.65
"6384","...873330","FIU_WQMP","10/17/2021 12:48:00","264-W","Total_Nitrogen",0.08,"mg/L",24.94677,-80.45947,0.8
"6385","...873338","FIU_WQMP","11/12/2021 12:08:00","403-W","Total_Nitrogen",0.07,"mg/L",24.483,-81.7,0.79
"6386","...873346","FIU_WQMP","08/21/2021 10:37:00","214-W","Total_Nitrogen",0.05333,"mg/L",25.2462,-80.29918,0.71
"6387","...873354","FIU_WQMP","09/01/2021 11:17:00","309-W","Total_Nitrogen",0.12333,"mg/L",24.69772,-81.68318,0.73
"6388","...873362","FIU_WQMP","09/01/2021 12:55:00","317-W","Total_Nitrogen",0.18,"mg/L",24.575,-81.78833,0.74
"6389","...873376","FIU_WQMP","08/20/2021 12:01:00","239-W","Total_Nitrogen",0.09667,"mg/L",24.80223,-80.7162,0.71
"6390","...873384","FIU_WQMP","08/31/2021 10:42:00","296-W","Total_Nitrogen",0.21,"mg/L",24.79152,-81.28908,0.65
"6391","...873386","FIU_WQMP","08/10/2021 14:28:00","259-W","Total_Nitrogen",0.04127,"mg/L",24.57037,-81.32167,0.72
"6392","...873395","FIU_WQMP","10/27/2021 11:36:00","287-W","Total_Nitrogen",0.18333,"mg/L",24.84667,-81.00833,0.66
"6393","...873403","FIU_WQMP","10/14/2021 13:57:00","235-W","Total_Nitrogen",0.08,"mg/L",24.87123,-80.66865,0.73
"6394","...873413","FIU_WQMP","11/12/2021 13:17:00","278-W","Total_Nitrogen",0.06333,"mg/L",24.49862,-81.81895,0.75
"6395","...873415","FIU_WQMP","10/15/2021 12:39:00","247-W","Total_Nitrogen",0.14333,"mg/L",24.71318,-81.01115,0.76
"6396","...873423","FIU_WQMP","11/15/2021 14:24:00","268-W","Total_Nitrogen",0.15,"mg/L",24.58782,-81.57698,0.78
"6397","...873434","FIU_WQMP","10/26/2021 13:29:00","317-W","Total_Nitrogen",0.14333,"mg/L",24.575,-81.78833,0.67
"6398","...873448","FIU_WQMP","10/15/2021 11:06:00","402-W","Total_Nitrogen",0.04333,"mg/L",24.63,-81.112,0.84
"6399","...873450","FIU_WQMP","08/30/2021 10:45:00","287-W","Total_Nitrogen",0.13333,"mg/L",24.84667,-81.00833,0.73
"6400","...873464","FIU_WQMP","10/07/2021 14:18:00","301-W","Total_Nitrogen",0.16,"mg/L",24.77258,-81.39665,0.67
"6401","...873466","FIU_WQMP","08/20/2021 14:17:00","225-W","Total_Nitrogen",0.04127,"mg/L",25.017,-80.3674,0.72
"6402","...873477","FIU_WQMP","10/14/2021 11:07:00","223-W","Total_Nitrogen",0.07667,"mg/L",25.06018,-80.42312,0.69
"6403","...873484","FIU_WQMP","08/31/2021 12:09:00","307-W","Total_Nitrogen",0.45,"mg/L",24.72503,-81.52052,0.71
"6404","...873492","FIU_WQMP","08/22/2021 14:45:00","276-W","Total_Nitrogen",0.05333,"mg/L",24.47538,-81.73742,0.73
"6405","...873498","FIU_WQMP","08/20/2021 14:31:00","224-W","Total_Nitrogen",0.04127,"mg/L",25.03082,-80.39527,0.65
"6406","...873506","FIU_WQMP","08/11/2021 13:35:00","333-W","Total_Nitrogen",0.04127,"mg/L",24.57717,-82.49133,0.68
"6407","...873514","FIU_WQMP","08/23/2021 09:40:00","218-W","Total_Nitrogen",0.04127,"mg/L",25.15897,-80.29455,0.69
"6408","...873522","FIU_WQMP","08/23/2021 10:28:00","500-W","Total_Nitrogen",0.11667,"mg/L",25.08535,-80.43346,0.82
"6409","...873530","FIU_WQMP","10/14/2021 11:59:00","230-W","Total_Nitrogen",0.04127,"mg/L",24.93965,-80.55162,0.73
"6410","...873538","FIU_WQMP","10/07/2021 12:10:00","307-W","Total_Nitrogen",0.14,"mg/L",24.72503,-81.52052,0.69
"6411","...873549","FIU_WQMP","11/15/2021 15:44:00","253-W","Total_Nitrogen",0.12,"mg/L",24.64537,-81.30723,0.69
"6412","...873554","FIU_WQMP","08/10/2021 14:55:00","263-W","Total_Nitrogen",0.04127,"mg/L",24.54843,-81.39742,0.73
"6413","...873565","FIU_WQMP","11/15/2021 13:23:00","267-W","Total_Nitrogen",0.05667,"mg/L",24.53008,-81.4873,0.66
"6414","...873569","FIU_WQMP","08/30/2021 10:33:00","284-W","Total_Nitrogen",0.22,"mg/L",24.87667,-80.95833,0.66
"6415","...873574","FIU_WQMP","10/07/2021 11:21:00","302-W","Total_Nitrogen",0.10667,"mg/L",24.80128,-81.48227,0.69
"6416","...873585","FIU_WQMP","11/12/2021 13:17:00","278-W","Total_Nitrogen",0.05667,"mg/L",24.49862,-81.81895,0.75
"6417","...873595","FIU_WQMP","08/30/2021 11:53:00","294-W","Total_Nitrogen",0.13667,"mg/L",24.7555,-81.17218,0.67
"6418","...873605","FIU_WQMP","10/27/2021 14:40:00","282-W","Total_Nitrogen",0.22,"mg/L",24.86667,-80.885,0.66
"6419","...873613","FIU_WQMP","11/15/2021 12:28:00","259-W","Total_Nitrogen",0.05,"mg/L",24.57037,-81.32167,0.69
"6420","...873618","FIU_WQMP","08/30/2021 10:20:00","282-W","Total_Nitrogen",0.15667,"mg/L",24.86667,-80.885,0.7
"6421","...873626","FIU_WQMP","08/12/2021 15:03:00","504-W","Total_Nitrogen",0.17333,"mg/L",24.72254,-81.04338,0.67
"6422","...873634","FIU_WQMP","08/11/2021 13:56:00","337-W","Total_Nitrogen",0.04127,"mg/L",24.59133,-82.58783,0.65
"6423","...873642","FIU_WQMP","08/21/2021 11:05:00","211-W","Total_Nitrogen",0.16,"mg/L",25.30788,-80.26165,0.69
"6424","...873650","FIU_WQMP","11/22/2021 14:08:00","324-W","Total_Nitrogen",0.10667,"mg/L",24.65333,-82.15833,0.82
"6425","...873658","FIU_WQMP","08/23/2021 11:05:00","226-W","Total_Nitrogen",0.08333,"mg/L",25.0084,-80.50148,0.66
"6426","...873669","FIU_WQMP","08/23/2021 13:34:00","503-W","Total_Nitrogen",0.28333,"mg/L",24.9205,-80.63477,0.67
"6427","...873679","FIU_WQMP","11/15/2021 12:57:00","263-W","Total_Nitrogen",0.07667,"mg/L",24.54843,-81.39742,0.66
"6428","...873691","FIU_WQMP","11/22/2021 08:45:00","325-W","Total_Nitrogen",0.10333,"mg/L",24.54167,-82.1,0.75
"6429","...873693","FIU_WQMP","10/13/2021 12:08:00","206-W","Total_Nitrogen",0.04667,"mg/L",25.41497,-80.143,0.67
"6430","...873701","FIU_WQMP","11/15/2021 11:59:00","256-W","Total_Nitrogen",0.05333,"mg/L",24.58497,-81.23408,0.66
"6431","...873706","FIU_WQMP","08/20/2021 13:51:00","228-W","Total_Nitrogen",0.04127,"mg/L",24.97667,-80.45,0.76
"6432","...873714","FIU_WQMP","08/11/2021 12:00:00","328-W","Total_Nitrogen",0.04127,"mg/L",24.454,-82.224,0.67
"6433","...873724","FIU_WQMP","08/10/2021 15:45:00","270-W","Total_Nitrogen",0.04127,"mg/L",24.52162,-81.56432,0.65
"6434","...873726","FIU_WQMP","08/10/2021 12:04:00","249-W","Total_Nitrogen",0.04127,"mg/L",24.675,-80.9583,0.78
"6435","...873743","FIU_WQMP","08/11/2021 16:14:00","325-W","Total_Nitrogen",0.06,"mg/L",24.54167,-82.1,0.67
"6436","...873752","FIU_WQMP","10/14/2021 13:39:00","238-W","Total_Nitrogen",0.08333,"mg/L",24.83442,-80.74683,0.73
"6437","...873760","FIU_WQMP","10/27/2021 14:21:00","285-W","Total_Nitrogen",0.21333,"mg/L",24.80998,-80.92028,0.67
"6438","...873765","FIU_WQMP","08/20/2021 12:24:00","237-W","Total_Nitrogen",0.04127,"mg/L",24.83265,-80.64907,0.67
"6439","...873768","FIU_WQMP","08/21/2021 14:25:00","213-W","Total_Nitrogen",0.04127,"mg/L",25.26312,-80.18773,0.76
"6440","...873783","FIU_WQMP","08/12/2021 16:31:00","241-W","Total_Nitrogen",0.07667,"mg/L",24.80247,-80.8089,0.69
"6441","...873787","FIU_WQMP","08/11/2021 12:39:00","335-W","Total_Nitrogen",0.04127,"mg/L",24.46083,-82.38317,0.65
"6442","...873791","FIU_WQMP","10/27/2021 13:04:00","294-W","Total_Nitrogen",0.15333,"mg/L",24.7555,-81.17218,0.66
"6443","...873805","FIU_WQMP","08/10/2021 11:47:00","248-W","Total_Nitrogen",0.04127,"mg/L",24.69167,-80.96667,0.72
"6444","...873816","FIU_WQMP","08/23/2021 08:37:00","501-W","Total_Nitrogen",0.60333,"mg/L",25.11053,-80.43421,0.67
"6445","...873824","FIU_WQMP","10/07/2021 10:13:00","296-W","Total_Nitrogen",0.14333,"mg/L",24.79152,-81.28908,0.67
"6446","...873829","FIU_WQMP","10/15/2021 12:28:00","504-W","Total_Nitrogen",0.17,"mg/L",24.72254,-81.04338,0.69
"6447","...873835","FIU_WQMP","08/20/2021 11:29:00","235-W","Total_Nitrogen",0.18667,"mg/L",24.87123,-80.66865,0.76
"6448","...873842","FIU_WQMP","10/15/2021 08:59:00","241-W","Total_Nitrogen",0.11333,"mg/L",24.80247,-80.8089,0.71
"6449","...873850","FIU_WQMP","10/15/2021 09:29:00","243-W","Total_Nitrogen",0.04667,"mg/L",24.745,-80.78333,0.67
"6450","...873858","FIU_WQMP","08/20/2021 11:49:00","238-W","Total_Nitrogen",0.08667,"mg/L",24.83442,-80.74683,0.66
"6451","...873866","FIU_WQMP","10/07/2021 10:40:00","295-W","Total_Nitrogen",0.14667,"mg/L",24.85163,-81.35123,0.73
"6452","...873874","FIU_WQMP","10/14/2021 09:47:00","212-W","Total_Nitrogen",0.08333,"mg/L",25.29452,-80.24542,0.67
"6453","...873884","FIU_WQMP","08/22/2021 15:54:00","278-W","Total_Nitrogen",0.06333,"mg/L",24.49862,-81.81895,0.77
"6454","...873892","FIU_WQMP","08/10/2021 13:36:00","256-W","Total_Nitrogen",0.04127,"mg/L",24.58497,-81.23408,0.67
"6455","...873894","FIU_WQMP","08/21/2021 12:27:00","200-W","Total_Nitrogen",0.04127,"mg/L",25.59,-80.1,0.66
"6456","...873907","FIU_WQMP","08/20/2021 14:54:00","220-W","Total_Nitrogen",0.04127,"mg/L",25.11355,-80.37342,0.72
"6457","...873916","FIU_WQMP","10/13/2021 11:48:00","203-W","Total_Nitrogen",0.05667,"mg/L",25.48053,-80.11768,0.82
"6458","...873928","FIU_WQMP","08/21/2021 13:29:00","206-W","Total_Nitrogen",0.05333,"mg/L",25.41497,-80.143,0.79
"6459","...873935","FIU_WQMP","08/30/2021 12:25:00","505-W","Total_Nitrogen",0.14333,"mg/L",24.71208,-81.10071,0.68
"6460","...873942","FIU_WQMP","10/17/2021 11:54:00","224-W","Total_Nitrogen",0.06333,"mg/L",25.03082,-80.39527,0.78
"6461","...873952","FIU_WQMP","10/14/2021 10:44:00","220-W","Total_Nitrogen",0.10333,"mg/L",25.11355,-80.37342,0.66
"6462","...873960","FIU_WQMP","09/01/2021 11:00:00","310-W","Total_Nitrogen",0.26333,"mg/L",24.65752,-81.63265,0.68
"6463","...873962","FIU_WQMP","08/11/2021 16:43:00","319-W","Total_Nitrogen",0.04127,"mg/L",24.629,-82.07133,0.7
"6464","...873969","FIU_WQMP","08/12/2021 14:19:00","250-W","Total_Nitrogen",0.06667,"mg/L",24.69193,-81.18245,0.81
"6465","...873978","FIU_WQMP","11/12/2021 12:56:00","280-W","Total_Nitrogen",0.10333,"mg/L",24.45363,-81.84365,0.69
"6466","...873981","FIU_WQMP","10/26/2021 12:48:00","508-W","Total_Nitrogen",0.21333,"mg/L",24.57375,-81.76014,0.67
"6467","...873989","FIU_WQMP","11/22/2021 09:35:00","328-W","Total_Nitrogen",0.07667,"mg/L",24.454,-82.224,0.67
"6468","...873997","FIU_WQMP","11/22/2021 15:18:00","318-W","Total_Nitrogen",0.15,"mg/L",24.65083,-81.90467,0.8
"6469","...874004","FIU_WQMP","08/20/2021 15:10:00","217-W","Total_Nitrogen",0.09,"mg/L",25.17332,-80.33985,0.7
"6470","...874018","FIU_WQMP","10/27/2021 12:20:00","290-W","Total_Nitrogen",0.14,"mg/L",24.86267,-81.21623,0.66
"6471","...874026","FIU_WQMP","08/31/2021 13:47:00","507-W","Total_Nitrogen",1.06667,"mg/L",24.69309,-81.35463,0.65
"6472","...874037","FIU_WQMP","05/03/2017 10:46:00","219-W","Total_Nitrogen",0.06332,"mg/L",25.142,-80.258,0.67
"6473","...874040","FIU_WQMP","12/04/2017 14:13:00","237-W","Total_Nitrogen",0.03907,"mg/L",24.83265,-80.64907,0.7
"6474","...874047","FIU_WQMP","12/07/2017 09:57:00","248-W","Total_Nitrogen",0.04852,"mg/L",24.69167,-80.96667,0.71
"6475","...874057","FIU_WQMP","06/06/2017 10:34:00","310-W","Total_Nitrogen",0.21677,"mg/L",24.65752,-81.63265,0.69
"6476","...874079","FIU_WQMP","05/15/2017 13:01:00","328-W","Total_Nitrogen",0.07561,"mg/L",24.454,-82.224,0.67
"6477","...874089","FIU_WQMP","05/25/2017 10:38:00","507-W","Total_Nitrogen",0.34607,"mg/L",24.69309,-81.35463,0.67
"6478","...874096","FIU_WQMP","12/05/2017 11:54:00","315-W","Total_Nitrogen",0.11144,"mg/L",24.63325,-81.82827,0.73
"6479","...874108","FIU_WQMP","12/14/2017 12:12:00","270-W","Total_Nitrogen",0.08864,"mg/L",24.52162,-81.56432,0.68
"6480","...874112","FIU_WQMP","11/30/2017 11:34:00","288-W","Total_Nitrogen",0.28362,"mg/L",24.88333,-81.08333,0.75
"6481","...874121","FIU_WQMP","06/09/2017 12:07:00","314-W","Total_Nitrogen",0.14133,"mg/L",24.75043,-81.43578,0.66
"6482","...874123","FIU_WQMP","06/06/2017 12:38:00","316-W","Total_Nitrogen",0.13818,"mg/L",24.58577,-81.8024,0.77
"6483","...874126","FIU_WQMP","06/06/2017 12:25:00","317-W","Total_Nitrogen",0.16669,"mg/L",24.575,-81.78833,0.66
"6484","...874141","FIU_WQMP","06/06/2017 12:11:00","508-W","Total_Nitrogen",0.15676,"mg/L",24.57375,-81.76014,0.66
"6485","...874151","FIU_WQMP","12/12/2017 12:00:00","324-W","Total_Nitrogen",0.12804,"mg/L",24.65333,-82.15833,0.66
"6486","...874157","FIU_WQMP","11/29/2017 11:56:00","220-W","Total_Nitrogen",0.05629,"mg/L",25.11355,-80.37342,0.66
"6487","...874165","FIU_WQMP","11/30/2017 15:43:00","289-W","Total_Nitrogen",0.26368,"mg/L",24.77775,-81.033,0.99
"6488","...874172","FIU_WQMP","11/29/2017 12:58:00","206-W","Total_Nitrogen",0.07367,"mg/L",25.41497,-80.143,0.66
"6489","...874185","FIU_WQMP","05/15/2017 08:43:00","319-W","Total_Nitrogen",0.11398,"mg/L",24.629,-82.07133,0.69
"6490","...874188","FIU_WQMP","05/10/2017 13:57:00","280-W","Total_Nitrogen",0.07981,"mg/L",24.45363,-81.84365,0.75
"6491","...874192","FIU_WQMP","05/10/2017 13:13:00","403-W","Total_Nitrogen",0.07705,"mg/L",24.483,-81.7,0.69
"6492","...874201","FIU_WQMP","12/05/2017 11:30:00","316-W","Total_Nitrogen",0.19288,"mg/L",24.58577,-81.8024,0.67
"6493","...874204","FIU_WQMP","05/02/2017 10:23:00","214-W","Total_Nitrogen",0.09184,"mg/L",25.2462,-80.29918,0.75
"6494","...874209","FIU_WQMP","12/12/2017 10:06:00","333-W","Total_Nitrogen",0.0995,"mg/L",24.57717,-82.49133,0.77
"6495","...874216","FIU_WQMP","05/03/2017 13:39:00","200-W","Total_Nitrogen",0.06312,"mg/L",25.59,-80.1,0.66
"6496","...874219","FIU_WQMP","12/04/2017 14:41:00","239-W","Total_Nitrogen",0.0369,"mg/L",24.80223,-80.7162,0.72
"6497","...874228","FIU_WQMP","11/30/2017 14:35:00","290-W","Total_Nitrogen",0.27699,"mg/L",24.86267,-81.21623,0.74
"6498","...874234","FIU_WQMP","12/04/2017 16:33:00","232-W","Total_Nitrogen",0.09903,"mg/L",24.92703,-80.59852,0.69
"6499","...874240","FIU_WQMP","05/15/2017 08:02:00","318-W","Total_Nitrogen",0.10555,"mg/L",24.65083,-81.90467,0.69
"6500","...874249","FIU_WQMP","05/15/2017 09:49:00","330-W","Total_Nitrogen",0.08686,"mg/L",24.66533,-82.374,0.66
"6501","...874269","FIU_WQMP","05/02/2017 12:42:00","227-W","Total_Nitrogen",0.07247,"mg/L",25.00167,-80.4749,0.69
"6502","...874276","FIU_WQMP","11/30/2017 11:57:00","291-W","Total_Nitrogen",0.3062,"mg/L",24.81682,-81.14678,0.89
"6503","...874281","FIU_WQMP","12/14/2017 10:25:00","254-W","Total_Nitrogen",0.17976,"mg/L",24.65792,-81.26502,0.66
"6504","...874286","FIU_WQMP","05/15/2017 09:06:00","324-W","Total_Nitrogen",0.09529,"mg/L",24.65333,-82.15833,0.67
"6505","...874296","FIU_WQMP","05/15/2017 15:19:00","281-W","Total_Nitrogen",0.08974,"mg/L",24.495,-81.89167,0.82
"6506","...874298","FIU_WQMP","05/04/2017 11:48:00","502-W","Total_Nitrogen",0.1068,"mg/L",24.9265,-80.62067,0.66
"6507","...874303","FIU_WQMP","05/03/2017 09:35:00","222-W","Total_Nitrogen",0.0596,"mg/L",25.07237,-80.31277,0.66
"6508","...874316","FIU_WQMP","05/09/2017 12:15:00","259-W","Total_Nitrogen",0.0962,"mg/L",24.57037,-81.32167,0.69
"6509","...874320","FIU_WQMP","12/11/2017 14:54:00","271-W","Total_Nitrogen",0.16382,"mg/L",24.55667,-81.66667,0.68
"6510","...874322","FIU_WQMP","11/29/2017 12:03:00","200-W","Total_Nitrogen",0.08161,"mg/L",25.59,-80.1,0.66
"6511","...874331","FIU_WQMP","11/29/2017 10:46:00","207-W","Total_Nitrogen",0.1002,"mg/L",25.36443,-80.21508,0.67
"6512","...874341","FIU_WQMP","05/09/2017 15:55:00","506-W","Total_Nitrogen",0.20615,"mg/L",24.65941,-81.38327,0.66
"6513","...874349","FIU_WQMP","05/09/2017 13:58:00","268-W","Total_Nitrogen",0.13472,"mg/L",24.58782,-81.57698,0.66
"6514","...874353","FIU_WQMP","12/04/2017 16:03:00","503-W","Total_Nitrogen",0.21507,"mg/L",24.9205,-80.63477,0.66
"6515","...874372","FIU_WQMP","06/05/2017 11:27:00","288-W","Total_Nitrogen",0.20041,"mg/L",24.88333,-81.08333,0.73
"6516","...874377","FIU_WQMP","06/09/2017 11:13:00","305-W","Total_Nitrogen",0.11947,"mg/L",24.76852,-81.555,0.74
"6517","...874386","FIU_WQMP","12/12/2017 10:33:00","337-W","Total_Nitrogen",0.09596,"mg/L",24.59133,-82.58783,0.71
"6518","...874392","FIU_WQMP","05/02/2017 12:04:00","223-W","Total_Nitrogen",0.06196,"mg/L",25.06018,-80.42312,0.67
"6519","...874408","FIU_WQMP","06/09/2017 09:34:00","291-W","Total_Nitrogen",0.16297,"mg/L",24.81682,-81.14678,0.73
"6520","...874411","FIU_WQMP","05/08/2017 15:04:00","402-W","Total_Nitrogen",0.08906,"mg/L",24.63,-81.112,0.66
"6521","...874414","FIU_WQMP","06/09/2017 11:27:00","307-W","Total_Nitrogen",0.15781,"mg/L",24.72503,-81.52052,0.69
"6522","...874419","FIU_WQMP","05/09/2017 13:03:00","267-W","Total_Nitrogen",0.11813,"mg/L",24.53008,-81.4873,0.69
"6523","...874434","FIU_WQMP","05/09/2017 14:38:00","260-W","Total_Nitrogen",0.19893,"mg/L",24.6255,-81.41662,0.67
"6524","...874441","FIU_WQMP","12/04/2017 15:23:00","235-W","Total_Nitrogen",0.09872,"mg/L",24.87123,-80.66865,0.69
"6525","...874457","FIU_WQMP","12/05/2017 12:38:00","309-W","Total_Nitrogen",0.11966,"mg/L",24.69772,-81.68318,0.69
"6526","...874459","FIU_WQMP","12/12/2017 07:51:00","325-W","Total_Nitrogen",0.13051,"mg/L",24.54167,-82.1,0.65
"6527","...874469","FIU_WQMP","11/28/2017 12:28:00","302-W","Total_Nitrogen",0.13396,"mg/L",24.80128,-81.48227,0.65
"6528","...874472","FIU_WQMP","11/29/2017 12:36:00","203-W","Total_Nitrogen",0.08408,"mg/L",25.48053,-80.11768,0.76
"6529","...874480","FIU_WQMP","11/29/2017 13:50:00","213-W","Total_Nitrogen",0.08577,"mg/L",25.26312,-80.18773,0.001
"6530","...874488","FIU_WQMP","05/03/2017 12:36:00","206-W","Total_Nitrogen",0.06762,"mg/L",25.41497,-80.143,0.69
"6531","...874489","FIU_WQMP","05/08/2017 14:26:00","250-W","Total_Nitrogen",0.1283,"mg/L",24.69193,-81.18245,0.66
"6532","...874496","FIU_WQMP","05/03/2017 14:26:00","204-W","Total_Nitrogen",0.08686,"mg/L",25.43082,-80.19553,0.69
"6533","...874521","FIU_WQMP","05/03/2017 11:16:00","216-W","Total_Nitrogen",0.08686,"mg/L",25.22,-80.217,0.67
"6534","...874532","FIU_WQMP","11/28/2017 12:57:00","305-W","Total_Nitrogen",0.151,"mg/L",24.76852,-81.555,0.69
"6535","...874540","FIU_WQMP","12/04/2017 13:20:00","231-W","Total_Nitrogen",0.06901,"mg/L",24.925,-80.503,0.67
"6536","...874544","FIU_WQMP","05/03/2017 14:45:00","207-W","Total_Nitrogen",0.06687,"mg/L",25.36443,-80.21508,0.7
"6537","...874551","FIU_WQMP","12/12/2017 12:22:00","319-W","Total_Nitrogen",0.16028,"mg/L",24.629,-82.07133,0.74
"6538","...874563","FIU_WQMP","05/09/2017 14:16:00","266-W","Total_Nitrogen",0.20907,"mg/L",24.61105,-81.50527,0.67
"6539","...874566","FIU_WQMP","11/28/2017 13:10:00","307-W","Total_Nitrogen",0.17113,"mg/L",24.72503,-81.52052,0.67
"6540","...874577","FIU_WQMP","05/04/2017 09:31:00","225-W","Total_Nitrogen",0.05725,"mg/L",25.017,-80.3674,0.66
"6541","...874586","FIU_WQMP","12/07/2017 09:31:00","246-W","Total_Nitrogen",0.07312,"mg/L",24.71317,-80.85813,0.68
"6542","...874595","FIU_WQMP","12/14/2017 10:14:00","253-W","Total_Nitrogen",0.1491,"mg/L",24.64537,-81.30723,0.7
"6543","...874598","FIU_WQMP","05/08/2017 17:16:00","237-W","Total_Nitrogen",0.08779,"mg/L",24.83265,-80.64907,0.67
"6544","...874603","FIU_WQMP","05/03/2017 11:38:00","213-W","Total_Nitrogen",0.07301,"mg/L",25.26312,-80.18773,0.73
"6545","...874606","FIU_WQMP","12/04/2017 12:11:00","225-W","Total_Nitrogen",0.05256,"mg/L",25.017,-80.3674,0.69
"6546","...874621","FIU_WQMP","05/10/2017 12:31:00","271-W","Total_Nitrogen",0.12697,"mg/L",24.55667,-81.66667,0.75
"6547","...874639","FIU_WQMP","12/07/2017 12:38:00","247-W","Total_Nitrogen",0.19657,"mg/L",24.71318,-81.01115,0.7
"6548","...874649","FIU_WQMP","11/30/2017 14:58:00","294-W","Total_Nitrogen",0.26885,"mg/L",24.7555,-81.17218,0.86
"6549","...874651","FIU_WQMP","06/06/2017 10:15:00","309-W","Total_Nitrogen",0.13482,"mg/L",24.69772,-81.68318,0.75
"6550","...874661","FIU_WQMP","11/29/2017 11:06:00","214-W","Total_Nitrogen",0.12496,"mg/L",25.2462,-80.29918,0.79
"6551","...874668","FIU_WQMP","05/08/2017 11:08:00","235-W","Total_Nitrogen",0.09786,"mg/L",24.87123,-80.66865,0.69
"6552","...874678","FIU_WQMP","05/25/2017 11:42:00","302-W","Total_Nitrogen",0.1466,"mg/L",24.80128,-81.48227,0.69
"6553","...874681","FIU_WQMP","11/29/2017 14:14:00","216-W","Total_Nitrogen",0.05744,"mg/L",25.22,-80.217,0.71
"6554","...874690","FIU_WQMP","05/04/2017 10:02:00","228-W","Total_Nitrogen",0.06012,"mg/L",24.97667,-80.45,0.77
"6555","...874704","FIU_WQMP","06/06/2017 11:27:00","209-W","Total_Nitrogen",0.1574,"mg/L",24.5857,-81.72272,0.65
"6556","...874715","FIU_WQMP","05/15/2017 10:36:00","337-W","Total_Nitrogen",0.08837,"mg/L",24.59133,-82.58783,0.73
"6557","...874719","FIU_WQMP","12/04/2017 10:27:00","224-W","Total_Nitrogen",0.05904,"mg/L",25.03082,-80.39527,0.67
"6558","...874725","FIU_WQMP","05/02/2017 10:00:00","212-W","Total_Nitrogen",0.07247,"mg/L",25.29452,-80.24542,0.69
"6559","...874736","FIU_WQMP","06/09/2017 09:56:00","290-W","Total_Nitrogen",0.15695,"mg/L",24.86267,-81.21623,0.66
"6560","...874739","FIU_WQMP","12/12/2017 08:33:00","328-W","Total_Nitrogen",0.08716,"mg/L",24.454,-82.224,0.71
"6561","...874747","FIU_WQMP","11/29/2017 13:50:00","213-W","Total_Nitrogen",0.07074,"mg/L",25.26312,-80.18773,0.001
"6562","...874754","FIU_WQMP","06/09/2017 12:36:00","296-W","Total_Nitrogen",0.20439,"mg/L",24.79152,-81.28908,0.67
"6563","...874762","FIU_WQMP","05/10/2017 12:47:00","272-W","Total_Nitrogen",0.09986,"mg/L",24.50548,-81.65433,0.69
"6564","...874770","FIU_WQMP","05/09/2017 11:50:00","256-W","Total_Nitrogen",0.1092,"mg/L",24.58497,-81.23408,0.69
"6565","...874779","FIU_WQMP","12/07/2017 13:12:00","244-W","Total_Nitrogen",0.11079,"mg/L",24.79333,-80.86333,0.68
"6566","...874787","FIU_WQMP","12/14/2017 11:53:00","267-W","Total_Nitrogen",0.07254,"mg/L",24.53008,-81.4873,0.66
"6567","...874797","FIU_WQMP","11/28/2017 14:38:00","301-W","Total_Nitrogen",0.13049,"mg/L",24.77258,-81.39665,0.68
"6568","...874803","FIU_WQMP","12/14/2017 11:32:00","263-W","Total_Nitrogen",0.07485,"mg/L",24.54843,-81.39742,0.67
"6569","...874811","FIU_WQMP","12/14/2017 12:56:00","266-W","Total_Nitrogen",0.14217,"mg/L",24.61105,-81.50527,0.67
"6570","...874818","FIU_WQMP","12/14/2017 12:26:00","269-W","Total_Nitrogen",0.10581,"mg/L",24.55943,-81.55955,0.67
"6571","...874826","FIU_WQMP","12/07/2017 08:52:00","242-W","Total_Nitrogen",0.08586,"mg/L",24.7915,-80.81225,0.66
"6572","...874836","FIU_WQMP","05/10/2017 14:44:00","275-W","Total_Nitrogen",0.12067,"mg/L",24.52143,-81.74422,0.69
"6573","...874847","FIU_WQMP","06/06/2017 10:34:00","310-W","Total_Nitrogen",0.21212,"mg/L",24.65752,-81.63265,0.69
"6574","...874856","FIU_WQMP","05/08/2017 15:51:00","249-W","Total_Nitrogen",0.07559,"mg/L",24.675,-80.9583,0.69
"6575","...874865","FIU_WQMP","12/14/2017 09:41:00","506-W","Total_Nitrogen",0.14117,"mg/L",24.65941,-81.38327,0.67
"6576","...874875","FIU_WQMP","05/03/2017 11:38:00","213-W","Total_Nitrogen",0.06455,"mg/L",25.26312,-80.18773,0.73
"6577","...874877","FIU_WQMP","06/05/2017 10:50:00","284-W","Total_Nitrogen",0.24856,"mg/L",24.87667,-80.95833,0.66
"6578","...874888","FIU_WQMP","05/04/2017 10:22:00","264-W","Total_Nitrogen",0.07597,"mg/L",24.94677,-80.45947,0.73
"6579","...874889","FIU_WQMP","11/29/2017 13:56:00","229-W","Total_Nitrogen",0.05081,"mg/L",24.95012,-80.56218,0.79
"6580","...874902","FIU_WQMP","06/09/2017 13:04:00","294-W","Total_Nitrogen",0.17243,"mg/L",24.7555,-81.17218,0.69
"6581","...874903","FIU_WQMP","06/06/2017 09:26:00","315-W","Total_Nitrogen",0.11768,"mg/L",24.63325,-81.82827,0.7
"6582","...874918","FIU_WQMP","12/04/2017 11:40:00","222-W","Total_Nitrogen",0.05047,"mg/L",25.07237,-80.31277,0.75
"6583","...874926","FIU_WQMP","12/07/2017 08:40:00","241-W","Total_Nitrogen",0.14149,"mg/L",24.80247,-80.8089,0.68
"6584","...874936","FIU_WQMP","12/12/2017 12:55:00","318-W","Total_Nitrogen",0.14399,"mg/L",24.65083,-81.90467,0.74
"6585","...874938","FIU_WQMP","05/09/2017 12:15:00","259-W","Total_Nitrogen",0.08605,"mg/L",24.57037,-81.32167,0.69
"6586","...874947","FIU_WQMP","11/29/2017 11:30:00","201-W","Total_Nitrogen",0.17401,"mg/L",25.51,-80.165,0.66
"6587","...874955","FIU_WQMP","11/30/2017 16:07:00","285-W","Total_Nitrogen",0.34824,"mg/L",24.80998,-80.92028,0.86
"6588","...874962","FIU_WQMP","05/15/2017 12:25:00","335-W","Total_Nitrogen",0.07997,"mg/L",24.46083,-82.38317,0.73
"6589","...874970","FIU_WQMP","06/05/2017 11:07:00","287-W","Total_Nitrogen",0.26106,"mg/L",24.84667,-81.00833,0.67
"6590","...874979","FIU_WQMP","11/30/2017 15:16:00","505-W","Total_Nitrogen",0.52361,"mg/L",24.71208,-81.10071,0.87
"6591","...874987","FIU_WQMP","12/14/2017 13:19:00","260-W","Total_Nitrogen",0.13069,"mg/L",24.6255,-81.41662,0.68
"6592","...874995","FIU_WQMP","12/07/2017 09:09:00","243-W","Total_Nitrogen",0.08404,"mg/L",24.745,-80.78333,0.68
"6593","...875001","FIU_WQMP","12/04/2017 14:59:00","238-W","Total_Nitrogen",0.07878,"mg/L",24.83442,-80.74683,0.65
"6594","...875010","FIU_WQMP","11/30/2017 16:29:00","282-W","Total_Nitrogen",0.42477,"mg/L",24.86667,-80.885,0.75
"6595","...875019","FIU_WQMP","06/09/2017 09:19:00","292-W","Total_Nitrogen",0.19034,"mg/L",24.76312,-81.11248,0.66
"6596","...875028","FIU_WQMP","12/05/2017 13:21:00","310-W","Total_Nitrogen",0.14409,"mg/L",24.65752,-81.63265,0.68
"6597","...875035","FIU_WQMP","05/08/2017 12:44:00","242-W","Total_Nitrogen",0.08985,"mg/L",24.7915,-80.81225,0.69
"6598","...875043","FIU_WQMP","05/03/2017 10:27:00","218-W","Total_Nitrogen",0.05118,"mg/L",25.15897,-80.29455,0.67
"6599","...875052","FIU_WQMP","12/11/2017 16:10:00","278-W","Total_Nitrogen",0.09649,"mg/L",24.49862,-81.81895,0.67
"6600","...875059","FIU_WQMP","12/07/2017 10:20:00","249-W","Total_Nitrogen",0.06268,"mg/L",24.675,-80.9583,0.67
"6601","...875067","FIU_WQMP","12/14/2017 11:11:00","259-W","Total_Nitrogen",0.68,"mg/L",24.57037,-81.32167,0.68
"6602","...875076","FIU_WQMP","12/04/2017 16:23:00","502-W","Total_Nitrogen",0.16,"mg/L",24.9265,-80.62067,0.66
"6603","...875084","FIU_WQMP","12/11/2017 15:36:00","403-W","Total_Nitrogen",0.06314,"mg/L",24.483,-81.7,0.69
"6604","...875092","FIU_WQMP","11/28/2017 14:10:00","314-W","Total_Nitrogen",0.19322,"mg/L",24.75043,-81.43578,0.67
"6605","...875095","FIU_WQMP","05/08/2017 16:34:00","243-W","Total_Nitrogen",0.09033,"mg/L",24.745,-80.78333,0.66
"6606","...875108","FIU_WQMP","12/04/2017 13:56:00","401-W","Total_Nitrogen",0.03527,"mg/L",24.853,-80.622,0.65
"6607","...875114","FIU_WQMP","05/09/2017 13:28:00","270-W","Total_Nitrogen",0.10362,"mg/L",24.52162,-81.56432,0.69
"6608","...875123","FIU_WQMP","12/11/2017 15:07:00","272-W","Total_Nitrogen",0.11629,"mg/L",24.50548,-81.65433,0.68
"6609","...875130","FIU_WQMP","05/09/2017 11:13:00","254-W","Total_Nitrogen",0.12814,"mg/L",24.65792,-81.26502,0.69
"6610","...875141","FIU_WQMP","12/14/2017 11:53:00","267-W","Total_Nitrogen",0.05744,"mg/L",24.53008,-81.4873,0.66
"6611","...875146","FIU_WQMP","06/09/2017 12:36:00","296-W","Total_Nitrogen",0.19414,"mg/L",24.79152,-81.28908,0.67
"6612","...875160","FIU_WQMP","05/03/2017 14:05:00","201-W","Total_Nitrogen",0.09587,"mg/L",25.51,-80.165,0.74
"6613","...875168","FIU_WQMP","05/08/2017 11:31:00","238-W","Total_Nitrogen",0.14566,"mg/L",24.83442,-80.74683,0.69
"6614","...875176","FIU_WQMP","05/10/2017 13:30:00","276-W","Total_Nitrogen",0.07774,"mg/L",24.47538,-81.73742,0.69
"6615","...875178","FIU_WQMP","05/08/2017 13:33:00","247-W","Total_Nitrogen",0.12275,"mg/L",24.71318,-81.01115,0.69
"6616","...875186","FIU_WQMP","06/09/2017 10:26:00","295-W","Total_Nitrogen",0.1194,"mg/L",24.85163,-81.35123,0.67
"6617","...875196","FIU_WQMP","11/29/2017 12:18:00","500-W","Total_Nitrogen",0.27096,"mg/L",25.08535,-80.43346,0.83
"6618","...875204","FIU_WQMP","11/29/2017 15:02:00","218-W","Total_Nitrogen",0.06816,"mg/L",25.15897,-80.29455,0.66
"6619","...875212","FIU_WQMP","12/12/2017 06:21:00","280-W","Total_Nitrogen",0.04958,"mg/L",24.45363,-81.84365,0.71
"6620","...875219","FIU_WQMP","05/02/2017 11:02:00","217-W","Total_Nitrogen",0.08072,"mg/L",25.17332,-80.33985,0.7
"6621","...875227","FIU_WQMP","05/08/2017 17:16:00","237-W","Total_Nitrogen",0.09199,"mg/L",24.83265,-80.64907,0.67
"6622","...875235","FIU_WQMP","05/04/2017 11:22:00","229-W","Total_Nitrogen",0.08693,"mg/L",24.95012,-80.56218,0.66
"6623","...875242","FIU_WQMP","05/08/2017 13:01:00","244-W","Total_Nitrogen",0.1283,"mg/L",24.79333,-80.86333,0.67
"6624","...875253","FIU_WQMP","12/11/2017 14:25:00","275-W","Total_Nitrogen",0.11945,"mg/L",24.52143,-81.74422,0.7
"6625","...875270","FIU_WQMP","05/08/2017 16:14:00","246-W","Total_Nitrogen",0.08486,"mg/L",24.71317,-80.85813,0.66
"6626","...875273","FIU_WQMP","12/07/2017 11:19:00","252-W","Total_Nitrogen",0.06043,"mg/L",24.60693,-81.15442,0.69
"6627","...875280","FIU_WQMP","05/08/2017 13:55:00","504-W","Total_Nitrogen",0.14859,"mg/L",24.72254,-81.04338,0.67
"6628","...875283","FIU_WQMP","11/29/2017 13:27:00","210-W","Total_Nitrogen",0.07322,"mg/L",25.325,-80.1636,0.67
"6629","...875290","FIU_WQMP","05/08/2017 16:55:00","239-W","Total_Nitrogen",0.07448,"mg/L",24.80223,-80.7162,0.66
"6630","...875299","FIU_WQMP","12/07/2017 11:45:00","250-W","Total_Nitrogen",0.18137,"mg/L",24.69193,-81.18245,0.67
"6631","...875314","FIU_WQMP","05/04/2017 11:09:00","230-W","Total_Nitrogen",0.06435,"mg/L",24.93965,-80.55162,0.67
"6632","...875320","FIU_WQMP","12/04/2017 11:21:00","400-W","Total_Nitrogen",0.03705,"mg/L",25.1073,-80.3064,0.65
"6633","...875328","FIU_WQMP","05/02/2017 11:45:00","500-W","Total_Nitrogen",0.13071,"mg/L",25.08535,-80.43346,0.67
"6634","...875332","FIU_WQMP","12/12/2017 09:07:00","335-W","Total_Nitrogen",0.07047,"mg/L",24.46083,-82.38317,0.65
"6635","...875339","FIU_WQMP","06/06/2017 09:52:00","312-W","Total_Nitrogen",0.11632,"mg/L",24.65978,-81.76343,0.74
"6636","...875346","FIU_WQMP","05/10/2017 13:00:00","273-W","Total_Nitrogen",0.08688,"mg/L",24.4929,-81.6571,0.67
"6637","...875354","FIU_WQMP","05/09/2017 13:44:00","269-W","Total_Nitrogen",0.1199,"mg/L",24.55943,-81.55955,0.66
"6638","...875363","FIU_WQMP","12/04/2017 14:13:00","237-W","Total_Nitrogen",0.04178,"mg/L",24.83265,-80.64907,0.7
"6639","...875370","FIU_WQMP","05/08/2017 15:36:00","248-W","Total_Nitrogen",0.06187,"mg/L",24.69167,-80.96667,0.69
"6640","...875378","FIU_WQMP","06/05/2017 15:19:00","285-W","Total_Nitrogen",0.14454,"mg/L",24.80998,-80.92028,0.67
"6641","...875388","FIU_WQMP","05/15/2017 12:03:00","332-W","Total_Nitrogen",0.08419,"mg/L",24.5355,-82.36733,0.77
"6642","...875394","FIU_WQMP","11/29/2017 14:45:00","219-W","Total_Nitrogen",0.04812,"mg/L",25.142,-80.258,0.66
"6643","...875403","FIU_WQMP","05/15/2017 14:58:00","322-W","Total_Nitrogen",0.09452,"mg/L",24.45833,-81.98167,0.66
"6644","...875411","FIU_WQMP","12/12/2017 09:34:00","332-W","Total_Nitrogen",0.13544,"mg/L",24.5355,-82.36733,0.69
"6645","...875418","FIU_WQMP","05/03/2017 13:39:00","200-W","Total_Nitrogen",0.06694,"mg/L",25.59,-80.1,0.66
"6646","...875426","FIU_WQMP","05/02/2017 08:37:00","501-W","Total_Nitrogen",0.44549,"mg/L",25.11053,-80.43421,0.69
"6647","...875435","FIU_WQMP","12/12/2017 11:18:00","330-W","Total_Nitrogen",0.11702,"mg/L",24.66533,-82.374,0.66
"6648","...875444","FIU_WQMP","05/03/2017 10:04:00","400-W","Total_Nitrogen",0.06288,"mg/L",25.1073,-80.3064,0.67
"6649","...875450","FIU_WQMP","05/04/2017 10:47:00","231-W","Total_Nitrogen",0.06833,"mg/L",24.925,-80.503,0.7
"6650","...875461","FIU_WQMP","11/30/2017 11:15:00","287-W","Total_Nitrogen",0.28204,"mg/L",24.84667,-81.00833,0.95
"6651","...875466","FIU_WQMP","05/15/2017 14:15:00","325-W","Total_Nitrogen",0.10207,"mg/L",24.54167,-82.1,0.67
"6652","...875475","FIU_WQMP","12/07/2017 10:20:00","249-W","Total_Nitrogen",0.07574,"mg/L",24.675,-80.9583,0.67
"6653","...875481","FIU_WQMP","12/04/2017 10:27:00","224-W","Total_Nitrogen",0.06505,"mg/L",25.03082,-80.39527,0.67
"6654","...875489","FIU_WQMP","11/28/2017 11:27:00","296-W","Total_Nitrogen",0.20114,"mg/L",24.79152,-81.28908,0.65
"6655","...875496","FIU_WQMP","05/15/2017 14:15:00","325-W","Total_Nitrogen",0.10998,"mg/L",24.54167,-82.1,0.67
"6656","...875510","FIU_WQMP","11/30/2017 11:02:00","","Total_Nitrogen",0.03,"mg/L",NA,NA,NA
"6657","...875511","FIU_WQMP","12/07/2017 08:27:00","","Total_Nitrogen",0.03,"mg/L",NA,NA,NA
"6658","...875523","FIU_WQMP","12/11/2017 16:15:00","","Total_Nitrogen",0.03,"mg/L",NA,NA,NA
"6659","...875525","FIU_WQMP","12/12/2017 06:18:00","","Total_Nitrogen",0.03,"mg/L",NA,NA,NA
"6660","...875527","FIU_WQMP","11/29/2017 10:47:00","","Total_Nitrogen",0.03,"mg/L",NA,NA,NA
"6661","...875538","FIU_WQMP","12/12/2017 12:58:00","","Total_Nitrogen",0.03,"mg/L",NA,NA,NA
"6662","...875547","FIU_WQMP","11/28/2017 15:12:00","","Total_Nitrogen",0.03,"mg/L",NA,NA,NA
"6663","...875561","FIU_WQMP","12/14/2017 09:20:00","","Total_Nitrogen",0.03,"mg/L",NA,NA,NA
"6664","...875565","FIU_WQMP","12/05/2017 15:00:00","","Total_Nitrogen",0.03,"mg/L",NA,NA,NA
"6665","...875578","FIU_WQMP","11/29/2017 14:01:00","","Total_Nitrogen",0.03,"mg/L",NA,NA,NA
"6666","...875586","FIU_WQMP","12/05/2017 11:20:00","","Total_Nitrogen",0.03,"mg/L",NA,NA,NA
"6667","...875589","FIU_WQMP","11/29/2017 15:22:00","","Total_Nitrogen",0.03,"mg/L",NA,NA,NA
"6668","...875592","FIU_WQMP","12/14/2017 13:22:00","","Total_Nitrogen",0.03,"mg/L",NA,NA,NA
"6669","...875604","FIU_WQMP","12/04/2017 10:09:00","","Total_Nitrogen",0.03,"mg/L",NA,NA,NA
"6670","...875607","FIU_WQMP","05/08/2017 15:51:00","249-W","Total_Nitrogen",0.07345,"mg/L",24.675,-80.9583,0.69
"6671","...875619","FIU_WQMP","12/05/2017 14:33:00","508-W","Total_Nitrogen",0.14898,"mg/L",24.57375,-81.76014,0.66
"6672","...875628","FIU_WQMP","11/29/2017 13:50:00","213-W","Total_Nitrogen",0.05814,"mg/L",25.26312,-80.18773,0.001
"6673","...875635","FIU_WQMP","11/30/2017 16:37:00","","Total_Nitrogen",0.03,"mg/L",NA,NA,NA
"6674","...875641","FIU_WQMP","12/07/2017 13:22:00","","Total_Nitrogen",0.03,"mg/L",NA,NA,NA
"6675","...875648","FIU_WQMP","11/29/2017 09:22:00","","Total_Nitrogen",0.03165,"mg/L",NA,NA,NA
"6676","...875668","FIU_WQMP","12/14/2017 10:35:00","255-W","Total_Nitrogen",0.12861,"mg/L",24.62168,-81.24308,0.66
"6677","...875678","FIU_WQMP","12/11/2017 15:20:00","273-W","Total_Nitrogen",0.08979,"mg/L",24.4929,-81.6571,0.65
"6678","...875681","FIU_WQMP","11/29/2017 11:07:00","204-W","Total_Nitrogen",0.17671,"mg/L",25.43082,-80.19553,0.65
"6679","...875693","FIU_WQMP","12/12/2017 06:49:00","281-W","Total_Nitrogen",0.16645,"mg/L",24.495,-81.89167,0.7
"6680","...875696","FIU_WQMP","11/28/2017 11:27:00","296-W","Total_Nitrogen",0.21546,"mg/L",24.79152,-81.28908,0.65
"6681","...875702","FIU_WQMP","05/09/2017 13:03:00","267-W","Total_Nitrogen",0.11806,"mg/L",24.53008,-81.4873,0.69
"6682","...875720","FIU_WQMP","05/03/2017 12:08:00","210-W","Total_Nitrogen",0.05364,"mg/L",25.325,-80.1636,0.69
"6683","...875728","FIU_WQMP","05/02/2017 09:44:00","211-W","Total_Nitrogen",0.08441,"mg/L",25.30788,-80.26165,0.74
"6684","...875736","FIU_WQMP","05/10/2017 14:20:00","278-W","Total_Nitrogen",0.09824,"mg/L",24.49862,-81.81895,0.67
"6685","...875744","FIU_WQMP","12/14/2017 12:37:00","268-W","Total_Nitrogen",0.11421,"mg/L",24.58782,-81.57698,0.67
"6686","...875748","FIU_WQMP","05/04/2017 12:11:00","503-W","Total_Nitrogen",0.213,"mg/L",24.9205,-80.63477,0.66
"6687","...875758","FIU_WQMP","11/29/2017 13:36:00","217-W","Total_Nitrogen",0.06947,"mg/L",25.17332,-80.33985,0.66
"6688","...875763","FIU_WQMP","05/08/2017 12:33:00","241-W","Total_Nitrogen",0.12402,"mg/L",24.80247,-80.8089,0.66
"6689","...875771","FIU_WQMP","05/09/2017 15:23:00","253-W","Total_Nitrogen",0.12045,"mg/L",24.64537,-81.30723,0.69
"6690","...875782","FIU_WQMP","12/05/2017 13:21:00","310-W","Total_Nitrogen",0.14883,"mg/L",24.65752,-81.63265,0.68
"6691","...875788","FIU_WQMP","11/29/2017 12:33:00","223-W","Total_Nitrogen",0.04711,"mg/L",25.06018,-80.42312,0.78
"6692","...875795","FIU_WQMP","05/25/2017 11:10:00","301-W","Total_Nitrogen",0.15155,"mg/L",24.77258,-81.39665,0.66
"6693","...875799","FIU_WQMP","06/05/2017 14:52:00","289-W","Total_Nitrogen",0.17626,"mg/L",24.77775,-81.033,0.69
"6694","...875816","FIU_WQMP","12/05/2017 12:14:00","312-W","Total_Nitrogen",0.11113,"mg/L",24.65978,-81.76343,0.69
"6695","...875820","FIU_WQMP","05/10/2017 14:20:00","278-W","Total_Nitrogen",0.0792,"mg/L",24.49862,-81.81895,0.67
"6696","...875827","FIU_WQMP","05/02/2017 12:28:00","226-W","Total_Nitrogen",0.07758,"mg/L",25.0084,-80.50148,0.69
"6697","...875836","FIU_WQMP","11/29/2017 13:50:00","213-W","Total_Nitrogen",0.0579,"mg/L",25.26312,-80.18773,0.001
"6698","...875844","FIU_WQMP","11/29/2017 11:17:00","215-W","Total_Nitrogen",0.07424,"mg/L",25.23667,-80.28897,0.7
"6699","...875859","FIU_WQMP","06/06/2017 12:43:00","","Total_Nitrogen",0.05181,"mg/L",NA,NA,NA
"6700","...875879","FIU_WQMP","05/15/2017 15:27:00","","Total_Nitrogen",0.04083,"mg/L",NA,NA,NA
"6701","...875886","FIU_WQMP","06/05/2017 15:27:00","","Total_Nitrogen",0.03909,"mg/L",NA,NA,NA
"6702","...875888","FIU_WQMP","12/04/2017 16:45:00","","Total_Nitrogen",0.03,"mg/L",NA,NA,NA
"6703","...875892","FIU_WQMP","05/25/2017 10:20:00","","Total_Nitrogen",0.03,"mg/L",NA,NA,NA
"6704","...875901","FIU_WQMP","05/10/2017 12:15:00","","Total_Nitrogen",0.03507,"mg/L",NA,NA,NA
"6705","...875904","FIU_WQMP","12/12/2017 07:12:00","322-W","Total_Nitrogen",0.14876,"mg/L",24.45833,-81.98167,0.66
"6706","...875915","FIU_WQMP","05/04/2017 08:50:00","","Total_Nitrogen",0.03,"mg/L",NA,NA,NA
"6707","...875923","FIU_WQMP","11/28/2017 15:02:00","507-W","Total_Nitrogen",0.28257,"mg/L",24.69309,-81.35463,0.65
"6708","...875927","FIU_WQMP","05/02/2017 12:52:00","","Total_Nitrogen",0.03,"mg/L",NA,NA,NA
"6709","...875931","FIU_WQMP","12/11/2017 14:20:00","","Total_Nitrogen",0.03,"mg/L",NA,NA,NA
"6710","...875938","FIU_WQMP","05/10/2017 15:02:00","","Total_Nitrogen",0.04062,"mg/L",NA,NA,NA
"6711","...875941","FIU_WQMP","05/03/2017 09:30:00","","Total_Nitrogen",0.03,"mg/L",NA,NA,NA
"6712","...875946","FIU_WQMP","11/28/2017 11:15:00","","Total_Nitrogen",0.03,"mg/L",NA,NA,NA
"6713","...875963","FIU_WQMP","06/05/2017 10:12:00","","Total_Nitrogen",0.04788,"mg/L",NA,NA,NA
"6714","...875971","FIU_WQMP","06/09/2017 13:21:00","","Total_Nitrogen",0.03,"mg/L",NA,NA,NA
"6715","...875977","FIU_WQMP","05/08/2017 17:52:00","","Total_Nitrogen",0.0317,"mg/L",NA,NA,NA
"6716","...875996","FIU_WQMP","05/03/2017 14:50:00","","Total_Nitrogen",0.03,"mg/L",NA,NA,NA
"6717","...875997","FIU_WQMP","05/09/2017 11:08:00","","Total_Nitrogen",0.03,"mg/L",NA,NA,NA
"6718","...876014","FIU_WQMP","06/09/2017 09:02:00","","Total_Nitrogen",0.03,"mg/L",NA,NA,NA
"6719","...876022","FIU_WQMP","05/25/2017 11:58:00","","Total_Nitrogen",0.03,"mg/L",NA,NA,NA
"6720","...876033","FIU_WQMP","06/06/2017 09:10:00","","Total_Nitrogen",0.04523,"mg/L",NA,NA,NA
"6721","...876041","FIU_WQMP","05/15/2017 07:52:00","","Total_Nitrogen",0.04245,"mg/L",NA,NA,NA
"6722","...876044","FIU_WQMP","05/02/2017 08:35:00","","Total_Nitrogen",0.03,"mg/L",NA,NA,NA
"6723","...876046","FIU_WQMP","05/08/2017 11:00:00","","Total_Nitrogen",0.03261,"mg/L",NA,NA,NA
"6724","...876058","FIU_WQMP","05/04/2017 12:27:00","","Total_Nitrogen",0.03,"mg/L",NA,NA,NA
"6725","...876064","FIU_WQMP","05/09/2017 15:30:00","","Total_Nitrogen",0.03472,"mg/L",NA,NA,NA
"6726","...876067","FIU_WQMP","11/30/2017 15:27:00","292-W","Total_Nitrogen",0.37304,"mg/L",24.76312,-81.11248,0.81
"6727","...876075","FIU_WQMP","12/11/2017 15:49:00","276-W","Total_Nitrogen",0.06175,"mg/L",24.47538,-81.73742,0.76
"6728","...876082","FIU_WQMP","05/04/2017 11:37:00","232-W","Total_Nitrogen",0.08175,"mg/L",24.92703,-80.59852,0.66
"6729","...876091","FIU_WQMP","11/29/2017 10:46:00","212-W","Total_Nitrogen",0.04364,"mg/L",25.29452,-80.24542,0.78
"6730","...876098","FIU_WQMP","08/14/2017 11:37:00","224-W","Total_Nitrogen",0.08981,"mg/L",25.03082,-80.39527,0.68
"6731","...876100","FIU_WQMP","08/24/2017 11:22:00","287-W","Total_Nitrogen",0.22621,"mg/L",24.84667,-81.00833,0.65
"6732","...876114","FIU_WQMP","08/15/2017 12:50:00","201-W","Total_Nitrogen",0.13493,"mg/L",25.51,-80.165,0.65
"6733","...876123","FIU_WQMP","02/14/2017 14:56:00","239-W","Total_Nitrogen",0.08908,"mg/L",24.80223,-80.7162,0.66
"6734","...876126","FIU_WQMP","12/01/2016 14:15:00","333-W","Total_Nitrogen",0.04331,"mg/L",24.57717,-82.49133,0.73
"6735","...876138","FIU_WQMP","11/28/2016 15:07:00","291-W","Total_Nitrogen",0.41459,"mg/L",24.81682,-81.14678,0.79
"6736","...876149","FIU_WQMP","09/30/2016 13:39:00","500-W","Total_Nitrogen",0.25288,"mg/L",25.08535,-80.43346,0.67
"6737","...876157","FIU_WQMP","09/26/2016 13:08:00","296-W","Total_Nitrogen",0.25118,"mg/L",24.79152,-81.28908,0.67
"6738","...876163","FIU_WQMP","02/16/2017 11:50:00","229-W","Total_Nitrogen",0.34486,"mg/L",24.95012,-80.56218,0.7
"6739","...876170","FIU_WQMP","11/15/2016 11:04:00","242-W","Total_Nitrogen",0.11438,"mg/L",24.7915,-80.81225,0.77
"6740","...876174","FIU_WQMP","11/14/2016 12:38:00","401-W","Total_Nitrogen",0.0426,"mg/L",24.853,-80.622,0.69
"6741","...876186","FIU_WQMP","11/29/2016 11:00:00","227-W","Total_Nitrogen",0.10547,"mg/L",25.00167,-80.4749,0.67
"6742","...876188","FIU_WQMP","09/27/2017 15:16:00","273-W","Total_Nitrogen",0.11389,"mg/L",24.4929,-81.6571,0.66
"6743","...876191","FIU_WQMP","08/22/2017 18:07:00","238-W","Total_Nitrogen",0.2792,"mg/L",24.83442,-80.74683,0.66
"6744","...876198","FIU_WQMP","03/13/2017 17:14:00","319-W","Total_Nitrogen",0.09117,"mg/L",24.629,-82.07133,0.79
"6745","...876215","FIU_WQMP","09/28/2017 13:21:00","335-W","Total_Nitrogen",0.10149,"mg/L",24.46083,-82.38317,0.68
"6746","...876219","FIU_WQMP","11/23/2016 11:48:00","305-W","Total_Nitrogen",0.12409,"mg/L",24.76852,-81.555,0.86
"6747","...876223","FIU_WQMP","09/26/2016 12:31:00","292-W","Total_Nitrogen",0.28501,"mg/L",24.76312,-81.11248,0.69
"6748","...876231","FIU_WQMP","12/12/2015 18:15:00","505-W","Total_Nitrogen",0.13486,"mg/L",24.71208,-81.10071,0.74
"6749","...876239","FIU_WQMP","09/10/2016 16:05:00","509-W","Total_Nitrogen",0.15401,"mg/L",24.5523,-81.7494,0.69
"6750","...876247","FIU_WQMP","09/07/2016 16:31:00","307-W","Total_Nitrogen",0.15272,"mg/L",24.72503,-81.52052,0.69
"6751","...876255","FIU_WQMP","09/14/2016 10:10:00","235-W","Total_Nitrogen",0.1509,"mg/L",24.87123,-80.66865,0.69
"6752","...876266","FIU_WQMP","08/24/2017 15:01:00","289-W","Total_Nitrogen",0.1842,"mg/L",24.77775,-81.033,0.69
"6753","...876272","FIU_WQMP","11/14/2016 15:00:00","266-W","Total_Nitrogen",0.09275,"mg/L",24.61105,-81.50527,0.73
"6754","...876291","FIU_WQMP","12/02/2015 14:21:00","200-W","Total_Nitrogen",0.08459,"mg/L",25.59,-80.1,0.78
"6755","...876296","FIU_WQMP","02/17/2017 09:31:00","213-W","Total_Nitrogen",0.08639,"mg/L",25.26312,-80.18773,0.74
"6756","...876302","FIU_WQMP","11/27/2016 12:43:00","214-W","Total_Nitrogen",0.12883,"mg/L",25.2462,-80.29918,0.69
"6757","...876338","FIU_WQMP","02/17/2017 11:06:00","200-W","Total_Nitrogen",0.07259,"mg/L",25.59,-80.1,0.73
"6758","...876339","FIU_WQMP","02/17/2017 08:57:00","216-W","Total_Nitrogen",0.07901,"mg/L",25.22,-80.217,0.78
"6759","...876355","FIU_WQMP","11/14/2016 10:29:00","225-W","Total_Nitrogen",0.05716,"mg/L",25.017,-80.3674,0.66
"6760","...876359","FIU_WQMP","02/08/2017 10:26:00","242-W","Total_Nitrogen",0.12088,"mg/L",24.7915,-80.81225,0.75
"6761","...876368","FIU_WQMP","03/03/2017 12:59:00","253-W","Total_Nitrogen",0.21413,"mg/L",24.64537,-81.30723,0.77
"6762","...876371","FIU_WQMP","03/03/2017 12:17:00","260-W","Total_Nitrogen",0.1792,"mg/L",24.6255,-81.41662,0.69
"6763","...876386","FIU_WQMP","12/04/2015 09:44:00","264-W","Total_Nitrogen",0.08583,"mg/L",24.94677,-80.45947,0.73
"6764","...876391","FIU_WQMP","12/10/2015 16:04:00","260-W","Total_Nitrogen",0.18904,"mg/L",24.6255,-81.41662,0.73
"6765","...876396","FIU_WQMP","09/07/2016 15:48:00","302-W","Total_Nitrogen",0.14018,"mg/L",24.80128,-81.48227,0.7
"6766","...876399","FIU_WQMP","09/26/2016 14:10:00","291-W","Total_Nitrogen",0.23262,"mg/L",24.81682,-81.14678,0.66
"6767","...876404","FIU_WQMP","09/20/2016 16:43:00","318-W","Total_Nitrogen",0.07576,"mg/L",24.65083,-81.90467,0.75
"6768","...876409","FIU_WQMP","12/09/2015 16:17:00","504-W","Total_Nitrogen",0.09284,"mg/L",24.72254,-81.04338,0.69
"6769","...876418","FIU_WQMP","09/05/2017 11:11:00","254-W","Total_Nitrogen",0.13385,"mg/L",24.65792,-81.26502,0.66
"6770","...876425","FIU_WQMP","08/22/2017 17:50:00","241-W","Total_Nitrogen",0.17484,"mg/L",24.80247,-80.8089,0.65
"6771","...876427","FIU_WQMP","11/30/2016 12:22:00","312-W","Total_Nitrogen",0.10914,"mg/L",24.65978,-81.76343,0.66
"6772","...876433","FIU_WQMP","11/22/2016 10:39:00","255-W","Total_Nitrogen",0.05936,"mg/L",24.62168,-81.24308,0.66
"6773","...876446","FIU_WQMP","02/22/2017 10:50:00","296-W","Total_Nitrogen",0.1271,"mg/L",24.79152,-81.28908,0.67
"6774","...876453","FIU_WQMP","03/03/2017 11:35:00","268-W","Total_Nitrogen",0.18077,"mg/L",24.58782,-81.57698,0.78
"6775","...876460","FIU_WQMP","12/12/2015 17:38:00","294-W","Total_Nitrogen",0.10799,"mg/L",24.7555,-81.17218,0.81
"6776","...876466","FIU_WQMP","12/09/2015 13:33:00","249-W","Total_Nitrogen",0.0649,"mg/L",24.675,-80.9583,0.74
"6777","...876473","FIU_WQMP","09/12/2016 15:32:00","213-W","Total_Nitrogen",0.11913,"mg/L",25.26312,-80.18773,0.7
"6778","...876481","FIU_WQMP","09/14/2016 12:37:00","246-W","Total_Nitrogen",0.25831,"mg/L",24.71317,-80.85813,0.73
"6779","...876485","FIU_WQMP","02/17/2017 11:06:00","200-W","Total_Nitrogen",0.09907,"mg/L",25.59,-80.1,0.73
"6780","...876497","FIU_WQMP","08/24/2017 16:43:00","501-W","Total_Nitrogen",0.52138,"mg/L",25.11053,-80.43421,0.66
"6781","...876499","FIU_WQMP","08/16/2017 13:27:00","264-W","Total_Nitrogen",0.08526,"mg/L",24.94677,-80.45947,0.71
"6782","...876514","FIU_WQMP","11/23/2016 13:48:00","314-W","Total_Nitrogen",0.14458,"mg/L",24.75043,-81.43578,0.69
"6783","...876516","FIU_WQMP","11/28/2016 13:17:00","287-W","Total_Nitrogen",0.59905,"mg/L",24.84667,-81.00833,0.7
"6784","...876526","FIU_WQMP","02/08/2017 11:42:00","249-W","Total_Nitrogen",0.21179,"mg/L",24.675,-80.9583,0.69
"6785","...876532","FIU_WQMP","02/07/2017 14:34:00","285-W","Total_Nitrogen",0.13674,"mg/L",24.80998,-80.92028,0.66
"6786","...876536","FIU_WQMP","02/22/2017 15:09:00","507-W","Total_Nitrogen",0.29775,"mg/L",24.69309,-81.35463,0.67
"6787","...876543","FIU_WQMP","12/03/2015 12:39:00","216-W","Total_Nitrogen",0.09832,"mg/L",25.22,-80.217,0.67
"6788","...876547","FIU_WQMP","12/03/2015 16:25:00","224-W","Total_Nitrogen",0.08369,"mg/L",25.03082,-80.39527,0.69
"6789","...876549","FIU_WQMP","12/14/2015 17:58:00","280-W","Total_Nitrogen",0.08588,"mg/L",24.45363,-81.84365,0.69
"6790","...876553","FIU_WQMP","09/30/2016 14:27:00","226-W","Total_Nitrogen",0.23036,"mg/L",25.0084,-80.50148,0.67
"6791","...876561","FIU_WQMP","09/21/2016 14:14:00","280-W","Total_Nitrogen",0.07154,"mg/L",24.45363,-81.84365,0.67
"6792","...876569","FIU_WQMP","09/27/2017 13:13:00","278-W","Total_Nitrogen",0.12086,"mg/L",24.49862,-81.81895,0.7
"6793","...876580","FIU_WQMP","09/05/2017 11:57:00","256-W","Total_Nitrogen",0.08398,"mg/L",24.58497,-81.23408,0.68
"6794","...876582","FIU_WQMP","02/16/2017 09:44:00","218-W","Total_Nitrogen",0.08745,"mg/L",25.15897,-80.29455,0.69
"6795","...876590","FIU_WQMP","11/23/2016 10:49:00","295-W","Total_Nitrogen",0.13496,"mg/L",24.85163,-81.35123,0.86
"6796","...876598","FIU_WQMP","11/15/2016 10:46:00","244-W","Total_Nitrogen",0.07439,"mg/L",24.79333,-80.86333,0.69
"6797","...876604","FIU_WQMP","11/28/2016 13:34:00","288-W","Total_Nitrogen",0.23562,"mg/L",24.88333,-81.08333,0.75
"6798","...876612","FIU_WQMP","03/13/2017 09:58:00","278-W","Total_Nitrogen",0.07982,"mg/L",24.49862,-81.81895,0.79
"6799","...876620","FIU_WQMP","02/07/2017 11:52:00","288-W","Total_Nitrogen",0.11348,"mg/L",24.88333,-81.08333,0.66
"6800","...876625","FIU_WQMP","09/14/2016 15:56:00","504-W","Total_Nitrogen",0.30971,"mg/L",24.72254,-81.04338,0.67
"6801","...876629","FIU_WQMP","12/12/2015 10:21:00","291-W","Total_Nitrogen",0.11554,"mg/L",24.81682,-81.14678,0.77
"6802","...876632","FIU_WQMP","12/12/2015 09:30:00","287-W","Total_Nitrogen",0.18212,"mg/L",24.84667,-81.00833,0.67
"6803","...876649","FIU_WQMP","09/27/2017 13:13:00","278-W","Total_Nitrogen",0.12123,"mg/L",24.49862,-81.81895,0.7
"6804","...876653","FIU_WQMP","08/08/2017 13:11:00","295-W","Total_Nitrogen",0.1423,"mg/L",24.85163,-81.35123,0.73
"6805","...876664","FIU_WQMP","08/15/2017 12:23:00","200-W","Total_Nitrogen",0.12443,"mg/L",25.59,-80.1,0.66
"6806","...876681","FIU_WQMP","11/30/2016 13:56:00","209-W","Total_Nitrogen",0.18087,"mg/L",24.5857,-81.72272,0.66
"6807","...876689","FIU_WQMP","11/28/2016 14:02:00","290-W","Total_Nitrogen",0.19508,"mg/L",24.86267,-81.21623,0.69
"6808","...876701","FIU_WQMP","02/14/2017 14:00:00","401-W","Total_Nitrogen",0.09232,"mg/L",24.853,-80.622,0.69
"6809","...876710","FIU_WQMP","12/12/2015 09:15:00","284-W","Total_Nitrogen",0.23606,"mg/L",24.87667,-80.95833,0.73
"6810","...876711","FIU_WQMP","12/10/2015 12:28:00","259-W","Total_Nitrogen",0.07116,"mg/L",24.57037,-81.32167,0.71
"6811","...876719","FIU_WQMP","12/09/2015 17:15:00","244-W","Total_Nitrogen",0.10193,"mg/L",24.79333,-80.86333,0.69
"6812","...876730","FIU_WQMP","09/10/2016 13:47:00","309-W","Total_Nitrogen",0.15922,"mg/L",24.69772,-81.68318,0.66
"6813","...876744","FIU_WQMP","12/10/2015 15:09:00","268-W","Total_Nitrogen",0.10619,"mg/L",24.58782,-81.57698,0.7
"6814","...876752","FIU_WQMP","09/28/2017 15:52:00","324-W","Total_Nitrogen",0.10602,"mg/L",24.65333,-82.15833,0.66
"6815","...876761","FIU_WQMP","08/08/2017 12:37:00","296-W","Total_Nitrogen",0.18889,"mg/L",24.79152,-81.28908,0.7
"6816","...876767","FIU_WQMP","09/28/2017 16:47:00","318-W","Total_Nitrogen",0.10799,"mg/L",24.65083,-81.90467,0.1
"6817","...876770","FIU_WQMP","08/15/2017 12:23:00","200-W","Total_Nitrogen",0.12772,"mg/L",25.59,-80.1,0.66
"6818","...876774","FIU_WQMP","11/23/2016 10:22:00","296-W","Total_Nitrogen",0.15449,"mg/L",24.79152,-81.28908,0.66
"6819","...876788","FIU_WQMP","12/02/2016 11:25:00","278-W","Total_Nitrogen",0.06027,"mg/L",24.49862,-81.81895,0.69
"6820","...876796","FIU_WQMP","12/01/2016 14:48:00","337-W","Total_Nitrogen",0.03851,"mg/L",24.59133,-82.58783,0.66
"6821","...876797","FIU_WQMP","03/13/2017 09:58:00","278-W","Total_Nitrogen",0.0734,"mg/L",24.49862,-81.81895,0.79
"6822","...876801","FIU_WQMP","03/13/2017 14:50:00","333-W","Total_Nitrogen",0.08922,"mg/L",24.57717,-82.49133,0.69
"6823","...876813","FIU_WQMP","12/09/2015 09:56:00","401-W","Total_Nitrogen",0.05,"mg/L",24.853,-80.622,0.69
"6824","...876823","FIU_WQMP","09/12/2016 13:15:00","200-W","Total_Nitrogen",0.12953,"mg/L",25.59,-80.1,0.69
"6825","...876827","FIU_WQMP","09/30/2016 11:53:00","215-W","Total_Nitrogen",0.13273,"mg/L",25.23667,-80.28897,0.66
"6826","...876836","FIU_WQMP","02/16/2017 11:01:00","227-W","Total_Nitrogen",0.09532,"mg/L",25.00167,-80.4749,0.67
"6827","...876837","FIU_WQMP","02/13/2017 12:34:00","201-W","Total_Nitrogen",0.12406,"mg/L",25.51,-80.165,0.71
"6828","...876843","FIU_WQMP","08/16/2017 15:19:00","503-W","Total_Nitrogen",0.43897,"mg/L",24.9205,-80.63477,0.65
"6829","...876856","FIU_WQMP","11/30/2016 11:59:00","315-W","Total_Nitrogen",0.13965,"mg/L",24.63325,-81.82827,0.67
"6830","...876863","FIU_WQMP","11/10/2016 07:55:00","500-W","Total_Nitrogen",0.37324,"mg/L",25.08535,-80.43346,0.69
"6831","...876867","FIU_WQMP","12/02/2016 11:25:00","278-W","Total_Nitrogen",0.05841,"mg/L",24.49862,-81.81895,0.69
"6832","...876881","FIU_WQMP","03/13/2017 11:28:00","322-W","Total_Nitrogen",0.06345,"mg/L",24.45833,-81.98167,0.77
"6833","...876889","FIU_WQMP","02/22/2017 11:56:00","302-W","Total_Nitrogen",0.08969,"mg/L",24.80128,-81.48227,0.67
"6834","...876898","FIU_WQMP","12/10/2015 13:31:00","267-W","Total_Nitrogen",0.05231,"mg/L",24.53008,-81.4873,0.73
"6835","...876911","FIU_WQMP","12/12/2015 18:40:00","289-W","Total_Nitrogen",0.12303,"mg/L",24.77775,-81.033,0.66
"6836","...876915","FIU_WQMP","12/08/2015 09:54:00","223-W","Total_Nitrogen",0.1351,"mg/L",25.06018,-80.42312,0.7
"6837","...876916","FIU_WQMP","12/03/2015 11:47:00","217-W","Total_Nitrogen",0.1367,"mg/L",25.17332,-80.33985,0.67
"6838","...876927","FIU_WQMP","09/30/2016 13:26:00","223-W","Total_Nitrogen",0.14369,"mg/L",25.06018,-80.42312,0.78
"6839","...876930","FIU_WQMP","09/13/2016 13:33:00","224-W","Total_Nitrogen",0.18671,"mg/L",25.03082,-80.39527,0.75
"6840","...876935","FIU_WQMP","09/28/2017 12:15:00","325-W","Total_Nitrogen",0.12991,"mg/L",24.54167,-82.1,0.71
"6841","...876951","FIU_WQMP","11/10/2016 10:18:00","201-W","Total_Nitrogen",0.09752,"mg/L",25.51,-80.165,0.69
"6842","...876956","FIU_WQMP","11/30/2016 15:28:00","317-W","Total_Nitrogen",0.14106,"mg/L",24.575,-81.78833,0.69
"6843","...876966","FIU_WQMP","11/29/2016 11:57:00","501-W","Total_Nitrogen",0.10693,"mg/L",25.11053,-80.43421,0.75
"6844","...876968","FIU_WQMP","11/15/2016 15:10:00","250-W","Total_Nitrogen",0.08193,"mg/L",24.69193,-81.18245,0.66
"6845","...876978","FIU_WQMP","03/03/2017 08:46:00","255-W","Total_Nitrogen",0.16749,"mg/L",24.62168,-81.24308,0.82
"6846","...876983","FIU_WQMP","02/22/2017 12:45:00","307-W","Total_Nitrogen",0.08758,"mg/L",24.72503,-81.52052,0.71
"6847","...876988","FIU_WQMP","12/02/2015 11:54:00","215-W","Total_Nitrogen",0.09539,"mg/L",25.23667,-80.28897,0.73
"6848","...877007","FIU_WQMP","09/13/2016 14:12:00","228-W","Total_Nitrogen",0.11282,"mg/L",24.97667,-80.45,0.78
"6849","...877013","FIU_WQMP","09/14/2016 14:19:00","402-W","Total_Nitrogen",0.15493,"mg/L",24.63,-81.112,0.65
"6850","...877033","FIU_WQMP","02/14/2017 13:07:00","231-W","Total_Nitrogen",0.09019,"mg/L",24.925,-80.503,0.71
"6851","...877035","FIU_WQMP","02/17/2017 09:31:00","213-W","Total_Nitrogen",0.08879,"mg/L",25.26312,-80.18773,0.74
"6852","...877046","FIU_WQMP","11/14/2016 12:02:00","231-W","Total_Nitrogen",0.0592,"mg/L",24.925,-80.503,0.66
"6853","...877049","FIU_WQMP","11/15/2016 11:51:00","238-W","Total_Nitrogen",0.05963,"mg/L",24.83442,-80.74683,0.66
"6854","...877064","FIU_WQMP","11/22/2016 10:50:00","256-W","Total_Nitrogen",0.04354,"mg/L",24.58497,-81.23408,0.74
"6855","...877070","FIU_WQMP","02/08/2017 11:42:00","249-W","Total_Nitrogen",0.21085,"mg/L",24.675,-80.9583,0.69
"6856","...877087","FIU_WQMP","03/14/2017 11:01:00","508-W","Total_Nitrogen",0.16214,"mg/L",24.57375,-81.76014,0.67
"6857","...877098","FIU_WQMP","12/12/2015 10:21:00","291-W","Total_Nitrogen",0.11755,"mg/L",24.81682,-81.14678,0.77
"6858","...877101","FIU_WQMP","12/14/2015 16:45:00","273-W","Total_Nitrogen",0.10329,"mg/L",24.4929,-81.6571,0.7
"6859","...877120","FIU_WQMP","09/14/2016 13:27:00","249-W","Total_Nitrogen",0.19365,"mg/L",24.675,-80.9583,0.69
"6860","...877124","FIU_WQMP","02/14/2017 12:26:00","228-W","Total_Nitrogen",0.0909,"mg/L",24.97667,-80.45,0.71
"6861","...877139","FIU_WQMP","02/14/2017 11:59:00","224-W","Total_Nitrogen",0.08265,"mg/L",25.03082,-80.39527,0.73
"6862","...877141","FIU_WQMP","08/16/2017 12:12:00","228-W","Total_Nitrogen",0.08825,"mg/L",24.97667,-80.45,0.7
"6863","...877147","FIU_WQMP","11/22/2016 11:19:00","259-W","Total_Nitrogen",0.04777,"mg/L",24.57037,-81.32167,0.75
"6864","...877152","FIU_WQMP","12/01/2016 13:04:00","335-W","Total_Nitrogen",0.03,"mg/L",24.46083,-82.38317,0.78
"6865","...877156","FIU_WQMP","12/01/2016 10:39:00","322-W","Total_Nitrogen",0.04388,"mg/L",24.45833,-81.98167,0.79
"6866","...877167","FIU_WQMP","03/13/2017 11:57:00","325-W","Total_Nitrogen",0.0983,"mg/L",24.54167,-82.1,0.71
"6867","...877175","FIU_WQMP","02/07/2017 12:44:00","291-W","Total_Nitrogen",0.10046,"mg/L",24.81682,-81.14678,0.66
"6868","...877186","FIU_WQMP","12/15/2015 14:03:00","333-W","Total_Nitrogen",0.09438,"mg/L",24.57717,-82.49133,0.66
"6869","...877195","FIU_WQMP","12/15/2015 17:33:00","278-W","Total_Nitrogen",0.10893,"mg/L",24.49862,-81.81895,0.69
"6870","...877199","FIU_WQMP","09/28/2016 14:43:00","266-W","Total_Nitrogen",0.23408,"mg/L",24.61105,-81.50527,0.67
"6871","...877204","FIU_WQMP","09/21/2016 12:16:00","275-W","Total_Nitrogen",0.23299,"mg/L",24.52143,-81.74422,0.66
"6872","...877213","FIU_WQMP","08/08/2017 14:11:00","305-W","Total_Nitrogen",0.10843,"mg/L",24.76852,-81.555,0.72
"6873","...877218","FIU_WQMP","08/16/2017 13:43:00","231-W","Total_Nitrogen",0.07881,"mg/L",24.925,-80.503,0.66
"6874","...877233","FIU_WQMP","11/27/2016 13:30:00","217-W","Total_Nitrogen",0.1004,"mg/L",25.17332,-80.33985,0.74
"6875","...877248","FIU_WQMP","11/30/2016 14:36:00","508-W","Total_Nitrogen",0.13558,"mg/L",24.57375,-81.76014,0.7
"6876","...877261","FIU_WQMP","12/15/2015 16:44:00","322-W","Total_Nitrogen",0.08163,"mg/L",24.45833,-81.98167,0.78
"6877","...877269","FIU_WQMP","09/27/2017 13:47:00","275-W","Total_Nitrogen",0.16982,"mg/L",24.52143,-81.74422,0.66
"6878","...877275","FIU_WQMP","08/24/2017 15:24:00","285-W","Total_Nitrogen",0.19807,"mg/L",24.80998,-80.92028,0.68
"6879","...877287","FIU_WQMP","08/22/2017 12:33:00","232-W","Total_Nitrogen",0.12423,"mg/L",24.92703,-80.59852,0.67
"6880","...877299","FIU_WQMP","11/22/2016 14:31:00","268-W","Total_Nitrogen",0.09195,"mg/L",24.58782,-81.57698,0.66
"6881","...877302","FIU_WQMP","12/02/2016 10:24:00","273-W","Total_Nitrogen",0.05155,"mg/L",24.4929,-81.6571,0.75
"6882","...877307","FIU_WQMP","11/14/2016 10:48:00","224-W","Total_Nitrogen",0.10376,"mg/L",25.03082,-80.39527,0.66
"6883","...877312","FIU_WQMP","11/14/2016 11:15:00","228-W","Total_Nitrogen",0.06079,"mg/L",24.97667,-80.45,0.74
"6884","...877316","FIU_WQMP","02/08/2017 11:12:00","246-W","Total_Nitrogen",0.09138,"mg/L",24.71317,-80.85813,0.7
"6885","...877323","FIU_WQMP","02/07/2017 13:50:00","292-W","Total_Nitrogen",0.1355,"mg/L",24.76312,-81.11248,0.74
"6886","...877329","FIU_WQMP","12/02/2015 12:30:00","213-W","Total_Nitrogen",0.08069,"mg/L",25.26312,-80.18773,0.79
"6887","...877352","FIU_WQMP","09/28/2016 12:22:00","256-W","Total_Nitrogen",0.14887,"mg/L",24.58497,-81.23408,0.75
"6888","...877353","FIU_WQMP","09/30/2016 15:07:00","229-W","Total_Nitrogen",0.17699,"mg/L",24.95012,-80.56218,0.69
"6889","...877358","FIU_WQMP","09/12/2016 16:43:00","218-W","Total_Nitrogen",0.09915,"mg/L",25.15897,-80.29455,0.69
"6890","...877360","FIU_WQMP","02/14/2017 11:36:00","230-W","Total_Nitrogen",0.08608,"mg/L",24.93965,-80.55162,0.7
"6891","...877372","FIU_WQMP","09/05/2017 15:40:00","506-W","Total_Nitrogen",0.19074,"mg/L",24.65941,-81.38327,0.66
"6892","...877383","FIU_WQMP","08/15/2017 09:37:00","212-W","Total_Nitrogen",0.11182,"mg/L",25.29452,-80.24542,0.76
"6893","...877385","FIU_WQMP","11/22/2016 11:19:00","259-W","Total_Nitrogen",0.06082,"mg/L",24.57037,-81.32167,0.75
"6894","...877412","FIU_WQMP","11/29/2016 10:28:00","229-W","Total_Nitrogen",0.10697,"mg/L",24.95012,-80.56218,0.75
"6895","...877423","FIU_WQMP","02/14/2017 15:57:00","502-W","Total_Nitrogen",0.16304,"mg/L",24.9265,-80.62067,0.66
"6896","...877429","FIU_WQMP","12/08/2015 12:03:00","502-W","Total_Nitrogen",0.12292,"mg/L",24.9265,-80.62067,0.7
"6897","...877435","FIU_WQMP","12/09/2015 10:32:00","237-W","Total_Nitrogen",0.06823,"mg/L",24.83265,-80.64907,0.77
"6898","...877440","FIU_WQMP","12/09/2015 11:16:00","239-W","Total_Nitrogen",0.0673,"mg/L",24.80223,-80.7162,0.81
"6899","...877449","FIU_WQMP","09/13/2016 15:15:00","231-W","Total_Nitrogen",0.14267,"mg/L",24.925,-80.503,0.67
"6900","...877457","FIU_WQMP","09/12/2016 16:25:00","219-W","Total_Nitrogen",0.15975,"mg/L",25.142,-80.258,0.69
"6901","...877463","FIU_WQMP","08/08/2017 16:46:00","507-W","Total_Nitrogen",0.38862,"mg/L",24.69309,-81.35463,0.66
"6902","...877468","FIU_WQMP","08/22/2017 17:17:00","244-W","Total_Nitrogen",0.24678,"mg/L",24.79333,-80.86333,0.67
"6903","...877479","FIU_WQMP","11/22/2016 15:31:00","260-W","Total_Nitrogen",0.08699,"mg/L",24.6255,-81.41662,0.65
"6904","...877484","FIU_WQMP","11/27/2016 11:58:00","213-W","Total_Nitrogen",0.05703,"mg/L",25.26312,-80.18773,0.78
"6905","...877491","FIU_WQMP","12/01/2016 17:33:00","318-W","Total_Nitrogen",0.09504,"mg/L",24.65083,-81.90467,0.69
"6906","...877504","FIU_WQMP","09/13/2016 16:42:00","503-W","Total_Nitrogen",0.29143,"mg/L",24.9205,-80.63477,0.69
"6907","...877512","FIU_WQMP","12/15/2015 09:53:00","318-W","Total_Nitrogen",0.12878,"mg/L",24.65083,-81.90467,0.73
"6908","...877527","FIU_WQMP","09/26/2016 12:44:00","294-W","Total_Nitrogen",0.23953,"mg/L",24.7555,-81.17218,0.79
"6909","...877537","FIU_WQMP","09/20/2016 12:12:00","337-W","Total_Nitrogen",0.18545,"mg/L",24.59133,-82.58783,0.69
"6910","...877540","FIU_WQMP","09/21/2016 13:42:00","276-W","Total_Nitrogen",0.1606,"mg/L",24.47538,-81.73742,0.69
"6911","...877549","FIU_WQMP","08/24/2017 12:15:00","290-W","Total_Nitrogen",0.11266,"mg/L",24.86267,-81.21623,0.66
"6912","...877557","FIU_WQMP","09/05/2017 12:27:00","259-W","Total_Nitrogen",0.08711,"mg/L",24.57037,-81.32167,0.65
"6913","...877566","FIU_WQMP","11/10/2016 09:24:00","207-W","Total_Nitrogen",0.09461,"mg/L",25.36443,-80.21508,0.7
"6914","...877576","FIU_WQMP","12/01/2016 16:56:00","319-W","Total_Nitrogen",0.13779,"mg/L",24.629,-82.07133,0.67
"6915","...877578","FIU_WQMP","02/08/2017 10:12:00","241-W","Total_Nitrogen",0.18668,"mg/L",24.80247,-80.8089,0.66
"6916","...877582","FIU_WQMP","02/07/2017 11:08:00","284-W","Total_Nitrogen",0.12767,"mg/L",24.87667,-80.95833,0.67
"6917","...877587","FIU_WQMP","03/14/2017 13:38:00","316-W","Total_Nitrogen",0.10048,"mg/L",24.58577,-81.8024,0.77
"6918","...877597","FIU_WQMP","12/09/2015 17:50:00","242-W","Total_Nitrogen",0.07096,"mg/L",24.7915,-80.81225,0.67
"6919","...877606","FIU_WQMP","09/13/2016 13:33:00","224-W","Total_Nitrogen",0.11308,"mg/L",25.03082,-80.39527,0.75
"6920","...877616","FIU_WQMP","09/21/2016 14:40:00","278-W","Total_Nitrogen",0.1725,"mg/L",24.49862,-81.81895,0.74
"6921","...877624","FIU_WQMP","09/28/2017 13:44:00","332-W","Total_Nitrogen",0.11209,"mg/L",24.5355,-82.36733,0.69
"6922","...877639","FIU_WQMP","08/14/2017 11:37:00","224-W","Total_Nitrogen",0.1099,"mg/L",25.03082,-80.39527,0.68
"6923","...877646","FIU_WQMP","11/22/2016 11:50:00","263-W","Total_Nitrogen",0.04916,"mg/L",24.54843,-81.39742,0.85
"6924","...877652","FIU_WQMP","11/27/2016 12:30:00","215-W","Total_Nitrogen",0.09224,"mg/L",25.23667,-80.28897,0.69
"6925","...877660","FIU_WQMP","12/01/2016 13:40:00","332-W","Total_Nitrogen",0.04049,"mg/L",24.5355,-82.36733,0.66
"6926","...877673","FIU_WQMP","03/03/2017 09:41:00","259-W","Total_Nitrogen",0.1445,"mg/L",24.57037,-81.32167,0.74
"6927","...877682","FIU_WQMP","12/10/2015 11:57:00","256-W","Total_Nitrogen",0.05751,"mg/L",24.58497,-81.23408,0.7
"6928","...877686","FIU_WQMP","12/08/2015 10:45:00","226-W","Total_Nitrogen",0.12844,"mg/L",25.0084,-80.50148,0.75
"6929","...877694","FIU_WQMP","12/10/2015 11:27:00","255-W","Total_Nitrogen",0.05751,"mg/L",24.62168,-81.24308,0.66
"6930","...877697","FIU_WQMP","12/12/2015 17:14:00","250-W","Total_Nitrogen",0.1138,"mg/L",24.69193,-81.18245,0.73
"6931","...877706","FIU_WQMP","09/12/2016 11:47:00","207-W","Total_Nitrogen",0.1934,"mg/L",25.36443,-80.21508,0.69
"6932","...877714","FIU_WQMP","09/21/2016 13:01:00","272-W","Total_Nitrogen",0.31122,"mg/L",24.50548,-81.65433,0.66
"6933","...877723","FIU_WQMP","09/26/2016 15:41:00","288-W","Total_Nitrogen",0.2944,"mg/L",24.88333,-81.08333,0.71
"6934","...877725","FIU_WQMP","02/16/2017 09:22:00","215-W","Total_Nitrogen",0.09829,"mg/L",25.23667,-80.28897,0.69
"6935","...877734","FIU_WQMP","12/14/2015 12:16:00","317-W","Total_Nitrogen",0.126,"mg/L",24.575,-81.78833,0.7
"6936","...877747","FIU_WQMP","09/12/2016 12:16:00","204-W","Total_Nitrogen",0.13116,"mg/L",25.43082,-80.19553,0.66
"6937","...877754","FIU_WQMP","02/17/2017 09:51:00","210-W","Total_Nitrogen",0.09599,"mg/L",25.325,-80.1636,0.79
"6938","...877761","FIU_WQMP","09/10/2016 14:11:00","312-W","Total_Nitrogen",NA,"mg/L",24.65978,-81.76343,0.69
"6939","...877767","FIU_WQMP","03/01/2017 10:23:00","272-W","Total_Nitrogen",0.14598,"mg/L",24.50548,-81.65433,0.83
"6940","...877778","FIU_WQMP","09/05/2017 12:53:00","263-W","Total_Nitrogen",0.07173,"mg/L",24.54843,-81.39742,0.66
"6941","...877782","FIU_WQMP","03/03/2017 12:32:00","506-W","Total_Nitrogen",0.19968,"mg/L",24.65941,-81.38327,0.74
"6942","...877793","FIU_WQMP","12/08/2015 11:34:00","229-W","Total_Nitrogen",0.11032,"mg/L",24.95012,-80.56218,0.67
"6943","...877800","FIU_WQMP","12/09/2015 13:33:00","249-W","Total_Nitrogen",0.07609,"mg/L",24.675,-80.9583,0.74
"6944","...877813","FIU_WQMP","08/09/2017 15:54:00","316-W","Total_Nitrogen",0.1446,"mg/L",24.58577,-81.8024,0.65
"6945","...877820","FIU_WQMP","12/10/2015 15:33:00","266-W","Total_Nitrogen",0.15195,"mg/L",24.61105,-81.50527,0.69
"6946","...877824","FIU_WQMP","09/14/2016 17:10:00","242-W","Total_Nitrogen",0.24716,"mg/L",24.7915,-80.81225,0.66
"6947","...877832","FIU_WQMP","09/14/2016 14:38:00","252-W","Total_Nitrogen",0.4018,"mg/L",24.60693,-81.15442,0.67
"6948","...877840","FIU_WQMP","12/14/2015 17:02:00","403-W","Total_Nitrogen",0.08112,"mg/L",24.483,-81.7,0.69
"6949","...877853","FIU_WQMP","12/15/2015 15:04:00","335-W","Total_Nitrogen",0.07718,"mg/L",24.46083,-82.38317,0.66
"6950","...877867","FIU_WQMP","09/14/2016 12:14:00","243-W","Total_Nitrogen",0.18751,"mg/L",24.745,-80.78333,0.66
"6951","...877869","FIU_WQMP","12/03/2015 12:10:00","218-W","Total_Nitrogen",0.07261,"mg/L",25.15897,-80.29455,0.73
"6952","...877875","FIU_WQMP","03/03/2017 10:05:00","263-W","Total_Nitrogen",0.15906,"mg/L",24.54843,-81.39742,0.83
"6953","...877890","FIU_WQMP","11/10/2016 11:24:00","203-W","Total_Nitrogen",0.07103,"mg/L",25.48053,-80.11768,0.71
"6954","...877894","FIU_WQMP","09/28/2016 11:48:00","254-W","Total_Nitrogen",0.20319,"mg/L",24.65792,-81.26502,0.7
"6955","...877905","FIU_WQMP","12/12/2015 17:58:00","292-W","Total_Nitrogen",0.0995,"mg/L",24.76312,-81.11248,0.71
"6956","...877909","FIU_WQMP","12/12/2015 13:54:00","305-W","Total_Nitrogen",0.11785,"mg/L",24.76852,-81.555,0.69
"6957","...877916","FIU_WQMP","12/10/2015 16:58:00","253-W","Total_Nitrogen",0.08062,"mg/L",24.64537,-81.30723,0.67
"6958","...877921","FIU_WQMP","09/28/2017 11:21:00","281-W","Total_Nitrogen",0.09588,"mg/L",24.495,-81.89167,0.66
"6959","...877923","FIU_WQMP","09/26/2016 14:10:00","291-W","Total_Nitrogen",0.23873,"mg/L",24.81682,-81.14678,0.66
"6960","...877934","FIU_WQMP","08/24/2017 10:45:00","282-W","Total_Nitrogen",0.20645,"mg/L",24.86667,-80.885,0.7
"6961","...877942","FIU_WQMP","08/22/2017 16:05:00","250-W","Total_Nitrogen",0.17387,"mg/L",24.69193,-81.18245,0.68
"6962","...877950","FIU_WQMP","08/08/2017 14:32:00","307-W","Total_Nitrogen",0.16322,"mg/L",24.72503,-81.52052,0.72
"6963","...877959","FIU_WQMP","02/22/2017 14:08:00","314-W","Total_Nitrogen",0.13236,"mg/L",24.75043,-81.43578,0.67
"6964","...877967","FIU_WQMP","08/08/2017 16:21:00","301-W","Total_Nitrogen",0.16617,"mg/L",24.77258,-81.39665,0.66
"6965","...877976","FIU_WQMP","02/14/2017 11:14:00","222-W","Total_Nitrogen",0.09077,"mg/L",25.07237,-80.31277,0.67
"6966","...877983","FIU_WQMP","11/10/2016 13:33:00","219-W","Total_Nitrogen",0.06551,"mg/L",25.142,-80.258,0.67
"6967","...877991","FIU_WQMP","11/15/2016 13:19:00","249-W","Total_Nitrogen",0.03923,"mg/L",24.675,-80.9583,0.81
"6968","...878002","FIU_WQMP","12/02/2015 12:58:00","210-W","Total_Nitrogen",0.07094,"mg/L",25.325,-80.1636,0.78
"6969","...878009","FIU_WQMP","12/12/2015 12:03:00","295-W","Total_Nitrogen",0.17122,"mg/L",24.85163,-81.35123,0.67
"6970","...878016","FIU_WQMP","09/14/2016 13:27:00","249-W","Total_Nitrogen",0.16281,"mg/L",24.675,-80.9583,0.69
"6971","...878024","FIU_WQMP","11/15/2016 12:17:00","243-W","Total_Nitrogen",0.05798,"mg/L",24.745,-80.78333,0.69
"6972","...878034","FIU_WQMP","12/01/2016 16:28:00","324-W","Total_Nitrogen",0.0923,"mg/L",24.65333,-82.15833,0.74
"6973","...878040","FIU_WQMP","11/28/2016 15:45:00","505-W","Total_Nitrogen",0.1179,"mg/L",24.71208,-81.10071,0.73
"6974","...878057","FIU_WQMP","12/14/2015 15:17:00","276-W","Total_Nitrogen",0.08428,"mg/L",24.47538,-81.73742,0.66
"6975","...878061","FIU_WQMP","02/08/2017 14:23:00","247-W","Total_Nitrogen",0.18381,"mg/L",24.71318,-81.01115,0.69
"6976","...878066","FIU_WQMP","08/24/2017 13:15:00","294-W","Total_Nitrogen",0.12782,"mg/L",24.7555,-81.17218,0.67
"6977","...878068","FIU_WQMP","11/10/2016 12:02:00","206-W","Total_Nitrogen",0.06283,"mg/L",25.41497,-80.143,0.7
"6978","...878085","FIU_WQMP","12/10/2015 13:31:00","267-W","Total_Nitrogen",0.05538,"mg/L",24.53008,-81.4873,0.73
"6979","...878086","FIU_WQMP","12/14/2015 13:20:00","310-W","Total_Nitrogen",0.16506,"mg/L",24.65752,-81.63265,0.67
"6980","...878089","FIU_WQMP","12/15/2015 17:06:00","281-W","Total_Nitrogen",0.09591,"mg/L",24.495,-81.89167,0.66
"6981","...878096","FIU_WQMP","08/16/2017 10:29:00","223-W","Total_Nitrogen",0.10109,"mg/L",25.06018,-80.42312,0.67
"6982","...878098","FIU_WQMP","11/14/2016 13:23:00","239-W","Total_Nitrogen",0.05078,"mg/L",24.80223,-80.7162,0.81
"6983","...878103","FIU_WQMP","12/09/2015 10:32:00","237-W","Total_Nitrogen",0.07942,"mg/L",24.83265,-80.64907,0.77
"6984","...878119","FIU_WQMP","09/20/2016 13:38:00","330-W","Total_Nitrogen",0.07335,"mg/L",24.66533,-82.374,0.66
"6985","...878131","FIU_WQMP","12/08/2015 12:25:00","235-W","Total_Nitrogen",0.09454,"mg/L",24.87123,-80.66865,0.66
"6986","...878145","FIU_WQMP","09/26/2016 15:17:00","284-W","Total_Nitrogen",0.35036,"mg/L",24.87667,-80.95833,0.66
"6987","...878151","FIU_WQMP","09/28/2017 12:15:00","325-W","Total_Nitrogen",0.12728,"mg/L",24.54167,-82.1,0.71
"6988","...878159","FIU_WQMP","08/15/2017 13:41:00","207-W","Total_Nitrogen",0.11997,"mg/L",25.36443,-80.21508,0.66
"6989","...878168","FIU_WQMP","03/03/2017 11:20:00","269-W","Total_Nitrogen",0.16968,"mg/L",24.55943,-81.55955,0.77
"6990","...878176","FIU_WQMP","02/08/2017 13:04:00","252-W","Total_Nitrogen",0.08145,"mg/L",24.60693,-81.15442,0.77
"6991","...878186","FIU_WQMP","12/03/2015 15:15:00","400-W","Total_Nitrogen",0.07387,"mg/L",25.1073,-80.3064,0.69
"6992","...878192","FIU_WQMP","09/20/2016 11:17:00","332-W","Total_Nitrogen",0.194,"mg/L",24.5355,-82.36733,0.67
"6993","...878200","FIU_WQMP","09/10/2016 14:40:00","315-W","Total_Nitrogen",0.11983,"mg/L",24.63325,-81.82827,0.66
"6994","...878208","FIU_WQMP","08/24/2017 13:28:00","292-W","Total_Nitrogen",0.17621,"mg/L",24.76312,-81.11248,0.66
"6995","...878216","FIU_WQMP","08/09/2017 12:29:00","209-W","Total_Nitrogen",0.18069,"mg/L",24.5857,-81.72272,0.66
"6996","...878218","FIU_WQMP","08/22/2017 14:46:00","248-W","Total_Nitrogen",0.08911,"mg/L",24.69167,-80.96667,0.68
"6997","...878232","FIU_WQMP","08/16/2017 14:29:00","237-W","Total_Nitrogen",0.07453,"mg/L",24.83265,-80.64907,0.66
"6998","...878240","FIU_WQMP","12/02/2016 10:11:00","272-W","Total_Nitrogen",0.06551,"mg/L",24.50548,-81.65433,0.81
"6999","...878246","FIU_WQMP","11/15/2016 12:43:00","246-W","Total_Nitrogen",0.0393,"mg/L",24.71317,-80.85813,0.77
"7000","...878259","FIU_WQMP","11/27/2016 13:12:00","218-W","Total_Nitrogen",0.08582,"mg/L",25.15897,-80.29455,0.69
"7001","...878267","FIU_WQMP","12/15/2015 14:39:00","332-W","Total_Nitrogen",0.08449,"mg/L",24.5355,-82.36733,0.74
"7002","...878275","FIU_WQMP","12/09/2015 12:43:00","246-W","Total_Nitrogen",0.06353,"mg/L",24.71317,-80.85813,0.69
"7003","...878282","FIU_WQMP","09/20/2016 09:37:00","325-W","Total_Nitrogen",0.07729,"mg/L",24.54167,-82.1,0.66
"7004","...878290","FIU_WQMP","09/28/2016 13:34:00","267-W","Total_Nitrogen",0.1572,"mg/L",24.53008,-81.4873,0.69
"7005","...878295","FIU_WQMP","11/15/2016 14:38:00","252-W","Total_Nitrogen",0.03608,"mg/L",24.60693,-81.15442,0.77
"7006","...878299","FIU_WQMP","09/13/2016 12:09:00","222-W","Total_Nitrogen",0.17022,"mg/L",25.07237,-80.31277,0.75
"7007","...878311","FIU_WQMP","03/03/2017 11:00:00","270-W","Total_Nitrogen",0.14041,"mg/L",24.52162,-81.56432,0.75
"7008","...878319","FIU_WQMP","03/13/2017 14:17:00","332-W","Total_Nitrogen",0.09579,"mg/L",24.5355,-82.36733,0.66
"7009","...878329","FIU_WQMP","12/04/2015 10:14:00","231-W","Total_Nitrogen",0.08026,"mg/L",24.925,-80.503,0.67
"7010","...878337","FIU_WQMP","09/28/2016 12:45:00","259-W","Total_Nitrogen",0.12411,"mg/L",24.57037,-81.32167,0.73
"7011","...878342","FIU_WQMP","09/28/2017 16:16:00","319-W","Total_Nitrogen",0.14664,"mg/L",24.629,-82.07133,0.72
"7012","...878350","FIU_WQMP","11/22/2016 14:11:00","269-W","Total_Nitrogen",0.08079,"mg/L",24.55943,-81.55955,0.77
"7013","...878359","FIU_WQMP","02/14/2017 16:09:00","232-W","Total_Nitrogen",0.17176,"mg/L",24.92703,-80.59852,0.67
"7014","...878366","FIU_WQMP","08/24/2017 13:43:00","505-W","Total_Nitrogen",0.17161,"mg/L",24.71208,-81.10071,0.66
"7015","...878374","FIU_WQMP","08/15/2017 10:26:00","213-W","Total_Nitrogen",0.08988,"mg/L",25.26312,-80.18773,0.68
"7016","...878382","FIU_WQMP","11/29/2016 11:15:00","226-W","Total_Nitrogen",0.11895,"mg/L",25.0084,-80.50148,0.78
"7017","...878391","FIU_WQMP","02/07/2017 13:09:00","294-W","Total_Nitrogen",0.10939,"mg/L",24.7555,-81.17218,0.67
"7018","...878397","FIU_WQMP","12/03/2015 16:02:00","225-W","Total_Nitrogen",0.06495,"mg/L",25.017,-80.3674,0.81
"7019","...878409","FIU_WQMP","12/15/2015 10:44:00","319-W","Total_Nitrogen",0.12035,"mg/L",24.629,-82.07133,0.69
"7020","...878417","FIU_WQMP","09/28/2016 15:24:00","506-W","Total_Nitrogen",0.25043,"mg/L",24.65941,-81.38327,0.66
"7021","...878426","FIU_WQMP","12/08/2015 09:38:00","500-W","Total_Nitrogen",0.12654,"mg/L",25.08535,-80.43346,0.67
"7022","...878433","FIU_WQMP","12/10/2015 16:23:00","506-W","Total_Nitrogen",0.15899,"mg/L",24.65941,-81.38327,0.69
"7023","...878440","FIU_WQMP","09/14/2016 17:58:00","238-W","Total_Nitrogen",0.30864,"mg/L",24.83442,-80.74683,0.69
"7024","...878449","FIU_WQMP","12/08/2015 11:14:00","230-W","Total_Nitrogen",0.10506,"mg/L",24.93965,-80.55162,0.71
"7025","...878456","FIU_WQMP","02/14/2017 14:28:00","237-W","Total_Nitrogen",0.07738,"mg/L",24.83265,-80.64907,0.69
"7026","...878469","FIU_WQMP","09/21/2016 12:43:00","271-W","Total_Nitrogen",0.10288,"mg/L",24.55667,-81.66667,0.74
"7027","...878477","FIU_WQMP","09/10/2016 12:37:00","310-W","Total_Nitrogen",0.21572,"mg/L",24.65752,-81.63265,0.67
"7028","...878492","FIU_WQMP","08/15/2017 08:58:00","215-W","Total_Nitrogen",0.11636,"mg/L",25.23667,-80.28897,0.66
"7029","...878498","FIU_WQMP","09/14/2016 11:34:00","239-W","Total_Nitrogen",0.19751,"mg/L",24.80223,-80.7162,0.69
"7030","...878504","FIU_WQMP","09/28/2016 13:34:00","267-W","Total_Nitrogen",0.15569,"mg/L",24.53008,-81.4873,0.69
"7031","...878509","FIU_WQMP","09/21/2016 13:29:00","403-W","Total_Nitrogen",0.20407,"mg/L",24.483,-81.7,0.66
"7032","...878512","FIU_WQMP","02/07/2017 11:29:00","287-W","Total_Nitrogen",0.11656,"mg/L",24.84667,-81.00833,0.73
"7033","...878523","FIU_WQMP","02/16/2017 07:59:00","501-W","Total_Nitrogen",0.439,"mg/L",25.11053,-80.43421,0.67
"7034","...878531","FIU_WQMP","03/03/2017 10:34:00","267-W","Total_Nitrogen",0.15902,"mg/L",24.53008,-81.4873,0.77
"7035","...878541","FIU_WQMP","09/14/2016 11:04:00","237-W","Total_Nitrogen",0.12959,"mg/L",24.83265,-80.64907,0.66
"7036","...878557","FIU_WQMP","12/03/2015 14:48:00","219-W","Total_Nitrogen",0.08278,"mg/L",25.142,-80.258,0.73
"7037","...878564","FIU_WQMP","11/28/2016 16:08:00","289-W","Total_Nitrogen",0.92957,"mg/L",24.77775,-81.033,0.75
"7038","...878573","FIU_WQMP","09/20/2016 09:01:00","322-W","Total_Nitrogen",0.09151,"mg/L",24.45833,-81.98167,0.73
"7039","...878581","FIU_WQMP","09/26/2016 15:27:00","287-W","Total_Nitrogen",0.2849,"mg/L",24.84667,-81.00833,0.73
"7040","...878587","FIU_WQMP","09/05/2017 14:12:00","271-W","Total_Nitrogen",0.15469,"mg/L",24.55667,-81.66667,0.71
"7041","...878592","FIU_WQMP","03/03/2017 08:30:00","254-W","Total_Nitrogen",0.19278,"mg/L",24.65792,-81.26502,0.83
"7042","...878599","FIU_WQMP","09/12/2016 13:15:00","200-W","Total_Nitrogen",0.14624,"mg/L",25.59,-80.1,0.69
"7043","...878611","FIU_WQMP","02/22/2017 12:22:00","305-W","Total_Nitrogen",0.0899,"mg/L",24.76852,-81.555,0.69
"7044","...878613","FIU_WQMP","12/02/2016 09:25:00","275-W","Total_Nitrogen",0.07011,"mg/L",24.52143,-81.74422,0.78
"7045","...878621","FIU_WQMP","03/03/2017 10:34:00","267-W","Total_Nitrogen",0.14833,"mg/L",24.53008,-81.4873,0.77
"7046","...878623","FIU_WQMP","11/30/2016 12:46:00","309-W","Total_Nitrogen",0.17459,"mg/L",24.69772,-81.68318,0.71
"7047","...878631","FIU_WQMP","11/30/2016 13:13:00","310-W","Total_Nitrogen",0.11028,"mg/L",24.65752,-81.63265,0.73
"7048","...878652","FIU_WQMP","09/26/2016 14:33:00","289-W","Total_Nitrogen",0.33626,"mg/L",24.77775,-81.033,0.66
"7049","...878655","FIU_WQMP","12/08/2015 13:00:00","503-W","Total_Nitrogen",0.15188,"mg/L",24.9205,-80.63477,0.66
"7050","...878672","FIU_WQMP","02/16/2017 10:40:00","223-W","Total_Nitrogen",0.08074,"mg/L",25.06018,-80.42312,0.7
"7051","...878674","FIU_WQMP","02/14/2017 15:13:00","238-W","Total_Nitrogen",0.13951,"mg/L",24.83442,-80.74683,0.67
"7052","...878678","FIU_WQMP","12/15/2015 11:43:00","324-W","Total_Nitrogen",0.09633,"mg/L",24.65333,-82.15833,0.66
"7053","...878684","FIU_WQMP","12/09/2015 15:34:00","252-W","Total_Nitrogen",0.06483,"mg/L",24.60693,-81.15442,0.7
"7054","...878692","FIU_WQMP","12/14/2015 14:32:00","315-W","Total_Nitrogen",0.1223,"mg/L",24.63325,-81.82827,0.69
"7055","...878698","FIU_WQMP","12/09/2015 18:16:00","238-W","Total_Nitrogen",0.07955,"mg/L",24.83442,-80.74683,0.67
"7056","...878703","FIU_WQMP","09/27/2017 15:41:00","403-W","Total_Nitrogen",0.11427,"mg/L",24.483,-81.7,0.1
"7057","...878711","FIU_WQMP","08/16/2017 10:09:00","220-W","Total_Nitrogen",0.20077,"mg/L",25.11355,-80.37342,0.72
"7058","...878719","FIU_WQMP","11/28/2016 13:02:00","284-W","Total_Nitrogen",0.28904,"mg/L",24.87667,-80.95833,0.73
"7059","...878728","FIU_WQMP","03/01/2017 11:55:00","275-W","Total_Nitrogen",0.13259,"mg/L",24.52143,-81.74422,0.89
"7060","...878736","FIU_WQMP","11/15/2016 13:36:00","248-W","Total_Nitrogen",0.03395,"mg/L",24.69167,-80.96667,0.67
"7061","...878743","FIU_WQMP","12/01/2016 12:12:00","328-W","Total_Nitrogen",0.05611,"mg/L",24.454,-82.224,0.79
"7062","...878753","FIU_WQMP","02/16/2017 10:27:00","500-W","Total_Nitrogen",0.16014,"mg/L",25.08535,-80.43346,0.69
"7063","...878766","FIU_WQMP","12/12/2015 11:33:00","296-W","Total_Nitrogen",0.17202,"mg/L",24.79152,-81.28908,0.66
"7064","...878773","FIU_WQMP","12/15/2015 17:33:00","278-W","Total_Nitrogen",0.11262,"mg/L",24.49862,-81.81895,0.69
"7065","...878779","FIU_WQMP","12/12/2015 16:13:00","301-W","Total_Nitrogen",0.15524,"mg/L",24.77258,-81.39665,0.67
"7066","...878784","FIU_WQMP","11/10/2016 12:35:00","210-W","Total_Nitrogen",0.06239,"mg/L",25.325,-80.1636,0.67
"7067","...878791","FIU_WQMP","12/09/2015 11:53:00","243-W","Total_Nitrogen",0.06989,"mg/L",24.745,-80.78333,0.7
"7068","...878800","FIU_WQMP","09/26/2016 13:51:00","290-W","Total_Nitrogen",0.23353,"mg/L",24.86267,-81.21623,0.69
"7069","...878806","FIU_WQMP","08/16/2017 14:12:00","401-W","Total_Nitrogen",0.07816,"mg/L",24.853,-80.622,0.7
"7070","...878808","FIU_WQMP","12/02/2015 15:04:00","201-W","Total_Nitrogen",0.15168,"mg/L",25.51,-80.165,0.74
"7071","...878817","FIU_WQMP","03/13/2017 11:57:00","325-W","Total_Nitrogen",0.10323,"mg/L",24.54167,-82.1,0.71
"7072","...878825","FIU_WQMP","02/07/2017 12:21:00","290-W","Total_Nitrogen",0.08269,"mg/L",24.86267,-81.21623,0.67
"7073","...878833","FIU_WQMP","03/14/2017 12:12:00","310-W","Total_Nitrogen",0.15892,"mg/L",24.65752,-81.63265,0.73
"7074","...878843","FIU_WQMP","12/08/2015 09:09:00","220-W","Total_Nitrogen",0.16833,"mg/L",25.11355,-80.37342,0.69
"7075","...878849","FIU_WQMP","12/02/2015 13:54:00","203-W","Total_Nitrogen",0.08223,"mg/L",25.48053,-80.11768,0.66
"7076","...878859","FIU_WQMP","12/02/2015 13:31:00","206-W","Total_Nitrogen",0.07428,"mg/L",25.41497,-80.143,0.83
"7077","...878870","FIU_WQMP","02/22/2017 11:19:00","295-W","Total_Nitrogen",0.09475,"mg/L",24.85163,-81.35123,0.69
"7078","...878881","FIU_WQMP","12/10/2015 14:52:00","269-W","Total_Nitrogen",0.05237,"mg/L",24.55943,-81.55955,0.67
"7079","...878889","FIU_WQMP","09/12/2016 14:01:00","203-W","Total_Nitrogen",0.08779,"mg/L",25.48053,-80.11768,0.71
"7080","...878895","FIU_WQMP","09/12/2016 15:56:00","216-W","Total_Nitrogen",0.14185,"mg/L",25.22,-80.217,0.66
"7081","...878902","FIU_WQMP","11/27/2016 11:58:00","213-W","Total_Nitrogen",0.07117,"mg/L",25.26312,-80.18773,0.78
"7082","...878910","FIU_WQMP","11/10/2016 10:51:00","200-W","Total_Nitrogen",0.07828,"mg/L",25.59,-80.1,0.77
"7083","...878917","FIU_WQMP","03/13/2017 11:01:00","281-W","Total_Nitrogen",0.064,"mg/L",24.495,-81.89167,0.73
"7084","...878925","FIU_WQMP","02/07/2017 10:44:00","282-W","Total_Nitrogen",0.11945,"mg/L",24.86667,-80.885,0.67
"7085","...878935","FIU_WQMP","12/15/2015 11:09:00","325-W","Total_Nitrogen",0.10643,"mg/L",24.54167,-82.1,0.66
"7086","...878945","FIU_WQMP","09/14/2016 17:24:00","244-W","Total_Nitrogen",0.41016,"mg/L",24.79333,-80.86333,0.66
"7087","...878952","FIU_WQMP","11/23/2016 14:16:00","301-W","Total_Nitrogen",0.14749,"mg/L",24.77258,-81.39665,0.66
"7088","...878961","FIU_WQMP","11/30/2016 13:13:00","310-W","Total_Nitrogen",0.11943,"mg/L",24.65752,-81.63265,0.73
"7089","...878969","FIU_WQMP","12/01/2016 15:42:00","330-W","Total_Nitrogen",0.05619,"mg/L",24.66533,-82.374,0.78
"7090","...878980","FIU_WQMP","12/02/2015 16:26:00","212-W","Total_Nitrogen",0.10459,"mg/L",25.29452,-80.24542,0.71
"7091","...878987","FIU_WQMP","08/22/2017 16:46:00","247-W","Total_Nitrogen",0.18307,"mg/L",24.71318,-81.01115,0.65
"7092","...878993","FIU_WQMP","12/14/2015 15:48:00","275-W","Total_Nitrogen",0.09814,"mg/L",24.52143,-81.74422,0.67
"7093","...879008","FIU_WQMP","11/22/2016 13:46:00","270-W","Total_Nitrogen",0.05718,"mg/L",24.52162,-81.56432,0.7
"7094","...879012","FIU_WQMP","02/16/2017 09:12:00","214-W","Total_Nitrogen",0.12755,"mg/L",25.2462,-80.29918,0.69
"7095","...879023","FIU_WQMP","11/28/2016 16:31:00","285-W","Total_Nitrogen",0.27562,"mg/L",24.80998,-80.92028,0.74
"7096","...879026","FIU_WQMP","02/14/2017 14:28:00","237-W","Total_Nitrogen",0.08766,"mg/L",24.83265,-80.64907,0.69
"7097","...879034","FIU_WQMP","02/17/2017 10:39:00","203-W","Total_Nitrogen",0.07781,"mg/L",25.48053,-80.11768,0.69
"7098","...879045","FIU_WQMP","08/22/2017 17:38:00","242-W","Total_Nitrogen",0.13548,"mg/L",24.7915,-80.81225,0.67
"7099","...879052","FIU_WQMP","11/14/2016 14:52:00","232-W","Total_Nitrogen",0.08307,"mg/L",24.92703,-80.59852,0.69
"7100","...879060","FIU_WQMP","11/14/2016 15:06:00","502-W","Total_Nitrogen",0.06765,"mg/L",24.9265,-80.62067,0.67
"7101","...879069","FIU_WQMP","03/14/2017 13:20:00","315-W","Total_Nitrogen",0.09087,"mg/L",24.63325,-81.82827,0.67
"7102","...879077","FIU_WQMP","03/01/2017 10:43:00","273-W","Total_Nitrogen",0.09681,"mg/L",24.4929,-81.6571,0.77
"7103","...879085","FIU_WQMP","03/13/2017 16:06:00","330-W","Total_Nitrogen",0.08765,"mg/L",24.66533,-82.374,0.63
"7104","...879095","FIU_WQMP","09/26/2016 13:28:00","295-W","Total_Nitrogen",0.19695,"mg/L",24.85163,-81.35123,0.66
"7105","...879103","FIU_WQMP","09/20/2016 14:18:00","324-W","Total_Nitrogen",0.07678,"mg/L",24.65333,-82.15833,0.66
"7106","...879108","FIU_WQMP","08/09/2017 16:18:00","317-W","Total_Nitrogen",0.1843,"mg/L",24.575,-81.78833,0.71
"7107","...879120","FIU_WQMP","09/07/2016 11:27:00","507-W","Total_Nitrogen",0.3781,"mg/L",24.69309,-81.35463,0.69
"7108","...879124","FIU_WQMP","09/28/2017 15:12:00","330-W","Total_Nitrogen",0.09258,"mg/L",24.66533,-82.374,0.67
"7109","...879133","FIU_WQMP","08/22/2017 13:35:00","243-W","Total_Nitrogen",0.11185,"mg/L",24.745,-80.78333,0.72
"7110","...879141","FIU_WQMP","08/16/2017 14:51:00","235-W","Total_Nitrogen",0.19399,"mg/L",24.87123,-80.66865,0.66
"7111","...879150","FIU_WQMP","12/01/2016 11:21:00","325-W","Total_Nitrogen",0.04491,"mg/L",24.54167,-82.1,0.77
"7112","...879151","FIU_WQMP","08/22/2017 13:13:00","239-W","Total_Nitrogen",0.10677,"mg/L",24.80223,-80.7162,0.67
"7113","...879159","FIU_WQMP","11/14/2016 10:48:00","224-W","Total_Nitrogen",0.07959,"mg/L",25.03082,-80.39527,0.66
"7114","...879168","FIU_WQMP","03/01/2017 10:02:00","271-W","Total_Nitrogen",0.21053,"mg/L",24.55667,-81.66667,0.75
"7115","...879176","FIU_WQMP","03/14/2017 12:34:00","309-W","Total_Nitrogen",0.12735,"mg/L",24.69772,-81.68318,0.77
"7116","...879183","FIU_WQMP","12/08/2015 11:50:00","232-W","Total_Nitrogen",0.1001,"mg/L",24.92703,-80.59852,0.73
"7117","...879191","FIU_WQMP","09/21/2016 13:15:00","273-W","Total_Nitrogen",0.23267,"mg/L",24.4929,-81.6571,0.66
"7118","...879199","FIU_WQMP","09/12/2016 12:42:00","201-W","Total_Nitrogen",0.25081,"mg/L",25.51,-80.165,0.67
"7119","...879217","FIU_WQMP","12/15/2015 15:45:00","328-W","Total_Nitrogen",0.08358,"mg/L",24.454,-82.224,0.69
"7120","...879228","FIU_WQMP","09/14/2016 15:17:00","250-W","Total_Nitrogen",0.28181,"mg/L",24.69193,-81.18245,0.66
"7121","...879236","FIU_WQMP","09/14/2016 10:39:00","401-W","Total_Nitrogen",0.22069,"mg/L",24.853,-80.622,0.69
"7122","...879241","FIU_WQMP","09/05/2017 13:59:00","270-W","Total_Nitrogen",0.0505,"mg/L",24.52162,-81.56432,0.69
"7123","...879250","FIU_WQMP","02/13/2017 11:47:00","207-W","Total_Nitrogen",0.09401,"mg/L",25.36443,-80.21508,0.67
"7124","...879253","FIU_WQMP","08/08/2017 13:47:00","302-W","Total_Nitrogen",0.12393,"mg/L",24.80128,-81.48227,0.66
"7125","...879255","FIU_WQMP","09/14/2016 13:10:00","248-W","Total_Nitrogen",0.19919,"mg/L",24.69167,-80.96667,0.71
"7126","...879262","FIU_WQMP","11/14/2016 11:36:00","264-W","Total_Nitrogen",0.04018,"mg/L",24.94677,-80.45947,0.69
"7127","...879273","FIU_WQMP","09/28/2017 16:47:00","318-W","Total_Nitrogen",0.11238,"mg/L",24.65083,-81.90467,0.1
"7128","...879281","FIU_WQMP","08/09/2017 13:01:00","310-W","Total_Nitrogen",0.19012,"mg/L",24.65752,-81.63265,0.65
"7129","...879294","FIU_WQMP","12/12/2015 14:20:00","307-W","Total_Nitrogen",0.13499,"mg/L",24.72503,-81.52052,0.938
"7130","...879299","FIU_WQMP","12/12/2015 11:33:00","296-W","Total_Nitrogen",0.1247,"mg/L",24.79152,-81.28908,0.66
"7131","...879301","FIU_WQMP","08/22/2017 12:20:00","229-W","Total_Nitrogen",0.15766,"mg/L",24.95012,-80.56218,0.66
"7132","...879320","FIU_WQMP","11/22/2016 16:23:00","253-W","Total_Nitrogen",0.11622,"mg/L",24.64537,-81.30723,0.67
"7133","...879326","FIU_WQMP","09/30/2016 11:20:00","212-W","Total_Nitrogen",0.16962,"mg/L",25.29452,-80.24542,0.78
"7134","...879329","FIU_WQMP","02/08/2017 13:32:00","250-W","Total_Nitrogen",0.14183,"mg/L",24.69193,-81.18245,0.73
"7135","...879343","FIU_WQMP","11/22/2016 10:11:00","254-W","Total_Nitrogen",0.09071,"mg/L",24.65792,-81.26502,0.69
"7136","...879349","FIU_WQMP","09/20/2016 14:40:00","319-W","Total_Nitrogen",0.06427,"mg/L",24.629,-82.07133,0.69
"7137","...879351","FIU_WQMP","02/14/2017 11:59:00","224-W","Total_Nitrogen",0.0926,"mg/L",25.03082,-80.39527,0.73
"7138","...879368","FIU_WQMP","12/12/2015 16:38:00","507-W","Total_Nitrogen",0.22954,"mg/L",24.69309,-81.35463,0.73
"7139","...879371","FIU_WQMP","08/16/2017 11:11:00","226-W","Total_Nitrogen",0.13232,"mg/L",25.0084,-80.50148,0.69
"7140","...879378","FIU_WQMP","03/14/2017 12:12:00","310-W","Total_Nitrogen",0.15237,"mg/L",24.65752,-81.63265,0.73
"7141","...879384","FIU_WQMP","08/22/2017 13:58:00","246-W","Total_Nitrogen",0.08468,"mg/L",24.71317,-80.85813,0.66
"7142","...879394","FIU_WQMP","08/15/2017 13:13:00","204-W","Total_Nitrogen",0.14112,"mg/L",25.43082,-80.19553,0.66
"7143","...879396","FIU_WQMP","02/14/2017 11:40:00","225-W","Total_Nitrogen",0.08498,"mg/L",25.017,-80.3674,0.69
"7144","...879412","FIU_WQMP","08/15/2017 09:26:00","211-W","Total_Nitrogen",0.12334,"mg/L",25.30788,-80.26165,0.65
"7145","...879420","FIU_WQMP","02/13/2017 12:08:00","204-W","Total_Nitrogen",0.1028,"mg/L",25.43082,-80.19553,0.69
"7146","...879427","FIU_WQMP","03/13/2017 17:49:00","318-W","Total_Nitrogen",0.08514,"mg/L",24.65083,-81.90467,0.67
"7147","...879437","FIU_WQMP","12/10/2015 12:58:00","263-W","Total_Nitrogen",0.06157,"mg/L",24.54843,-81.39742,0.66
"7148","...879442","FIU_WQMP","08/15/2017 10:01:00","216-W","Total_Nitrogen",0.10986,"mg/L",25.22,-80.217,0.66
"7149","...879453","FIU_WQMP","03/03/2017 09:41:00","259-W","Total_Nitrogen",0.14574,"mg/L",24.57037,-81.32167,0.74
"7150","...879463","FIU_WQMP","09/26/2016 12:12:00","505-W","Total_Nitrogen",0.35896,"mg/L",24.71208,-81.10071,0.66
"7151","...879471","FIU_WQMP","12/03/2015 16:25:00","224-W","Total_Nitrogen",0.06411,"mg/L",25.03082,-80.39527,0.69
"7152","...879479","FIU_WQMP","09/12/2016 15:08:00","210-W","Total_Nitrogen",0.11237,"mg/L",25.325,-80.1636,0.69
"7153","...879483","FIU_WQMP","09/20/2016 09:37:00","325-W","Total_Nitrogen",0.10161,"mg/L",24.54167,-82.1,0.66
"7154","...879493","FIU_WQMP","08/09/2017 15:37:00","315-W","Total_Nitrogen",0.09563,"mg/L",24.63325,-81.82827,0.66
"7155","...879497","FIU_WQMP","12/12/2015 13:33:00","302-W","Total_Nitrogen",0.1255,"mg/L",24.80128,-81.48227,0.67
"7156","...879508","FIU_WQMP","09/28/2017 11:44:00","322-W","Total_Nitrogen",0.11406,"mg/L",24.45833,-81.98167,0.7
"7157","...879516","FIU_WQMP","11/10/2016 10:51:00","200-W","Total_Nitrogen",0.07734,"mg/L",25.59,-80.1,0.77
"7158","...879519","FIU_WQMP","12/02/2015 15:42:00","204-W","Total_Nitrogen",0.10988,"mg/L",25.43082,-80.19553,0.69
"7159","...879534","FIU_WQMP","12/02/2016 10:57:00","276-W","Total_Nitrogen",0.06939,"mg/L",24.47538,-81.73742,0.7
"7160","...879535","FIU_WQMP","09/27/2017 16:03:00","276-W","Total_Nitrogen",0.1089,"mg/L",24.47538,-81.73742,0.73
"7161","...879549","FIU_WQMP","09/05/2017 16:10:00","253-W","Total_Nitrogen",0.15991,"mg/L",24.64537,-81.30723,0.65
"7162","...879557","FIU_WQMP","08/09/2017 15:02:00","312-W","Total_Nitrogen",0.10876,"mg/L",24.65978,-81.76343,0.66
"7163","...879560","FIU_WQMP","08/15/2017 11:51:00","203-W","Total_Nitrogen",0.12412,"mg/L",25.48053,-80.11768,0.65
"7164","...879568","FIU_WQMP","08/15/2017 10:48:00","210-W","Total_Nitrogen",0.13344,"mg/L",25.325,-80.1636,0.69
"7165","...879579","FIU_WQMP","12/14/2015 13:50:00","309-W","Total_Nitrogen",0.13456,"mg/L",24.69772,-81.68318,0.67
"7166","...879588","FIU_WQMP","02/16/2017 10:07:00","220-W","Total_Nitrogen",0.09267,"mg/L",25.11355,-80.37342,0.67
"7167","...879594","FIU_WQMP","12/14/2015 13:20:00","310-W","Total_Nitrogen",0.16959,"mg/L",24.65752,-81.63265,0.67
"7168","...879599","FIU_WQMP","11/28/2016 15:07:00","291-W","Total_Nitrogen",0.42274,"mg/L",24.81682,-81.14678,0.79
"7169","...879610","FIU_WQMP","12/12/2015 08:53:00","282-W","Total_Nitrogen",0.18773,"mg/L",24.86667,-80.885,0.75
"7170","...879619","FIU_WQMP","12/15/2015 18:03:00","508-W","Total_Nitrogen",0.16561,"mg/L",24.57375,-81.76014,0.69
"7171","...879622","FIU_WQMP","08/09/2017 16:54:00","509-W","Total_Nitrogen",0.18898,"mg/L",24.5523,-81.7494,0.65
"7172","...879632","FIU_WQMP","09/10/2016 16:29:00","317-W","Total_Nitrogen",0.16552,"mg/L",24.575,-81.78833,0.67
"7173","...879638","FIU_WQMP","11/22/2016 13:17:00","267-W","Total_Nitrogen",0.04318,"mg/L",24.53008,-81.4873,0.67
"7174","...879647","FIU_WQMP","08/22/2017 15:35:00","252-W","Total_Nitrogen",0.06992,"mg/L",24.60693,-81.15442,0.68
"7175","...879653","FIU_WQMP","03/14/2017 12:59:00","312-W","Total_Nitrogen",0.09727,"mg/L",24.65978,-81.76343,0.67
"7176","...879663","FIU_WQMP","12/17/2015 12:45:00","285-W","Total_Nitrogen",0.14654,"mg/L",24.80998,-80.92028,0.7
"7177","...879665","FIU_WQMP","11/23/2016 11:25:00","302-W","Total_Nitrogen",0.13842,"mg/L",24.80128,-81.48227,0.73
"7178","...879679","FIU_WQMP","09/20/2016 11:46:00","333-W","Total_Nitrogen",0.17615,"mg/L",24.57717,-82.49133,0.66
"7179","...879687","FIU_WQMP","09/28/2016 14:20:00","269-W","Total_Nitrogen",0.20487,"mg/L",24.55943,-81.55955,0.66
"7180","...879695","FIU_WQMP","09/30/2016 12:26:00","217-W","Total_Nitrogen",0.13225,"mg/L",25.17332,-80.33985,0.66
"7181","...879702","FIU_WQMP","09/05/2017 11:37:00","255-W","Total_Nitrogen",0.11501,"mg/L",24.62168,-81.24308,0.66
"7182","...879714","FIU_WQMP","12/14/2015 16:27:00","272-W","Total_Nitrogen",0.09563,"mg/L",24.50548,-81.65433,0.71
"7183","...879721","FIU_WQMP","09/30/2016 11:11:00","211-W","Total_Nitrogen",0.24132,"mg/L",25.30788,-80.26165,0.69
"7184","...879729","FIU_WQMP","12/12/2015 10:45:00","290-W","Total_Nitrogen",0.15692,"mg/L",24.86267,-81.21623,0.71
"7185","...879734","FIU_WQMP","08/16/2017 09:54:00","217-W","Total_Nitrogen",0.13265,"mg/L",25.17332,-80.33985,0.66
"7186","...879743","FIU_WQMP","03/13/2017 16:50:00","324-W","Total_Nitrogen",0.08138,"mg/L",24.65333,-82.15833,0.67
"7187","...879751","FIU_WQMP","02/08/2017 12:00:00","248-W","Total_Nitrogen",0.20869,"mg/L",24.69167,-80.96667,0.69
"7188","...879758","FIU_WQMP","08/09/2017 13:25:00","309-W","Total_Nitrogen",0.12327,"mg/L",24.69772,-81.68318,0.65
"7189","...879766","FIU_WQMP","08/22/2017 12:05:00","230-W","Total_Nitrogen",0.22702,"mg/L",24.93965,-80.55162,0.67
"7190","...879774","FIU_WQMP","12/01/2016 10:10:00","281-W","Total_Nitrogen",0.08917,"mg/L",24.495,-81.89167,0.73
"7191","...879783","FIU_WQMP","02/08/2017 09:51:00","244-W","Total_Nitrogen",0.15204,"mg/L",24.79333,-80.86333,0.69
"7192","...879790","FIU_WQMP","09/27/2017 14:13:00","272-W","Total_Nitrogen",0.12827,"mg/L",24.50548,-81.65433,0.68
"7193","...879802","FIU_WQMP","09/26/2016 13:08:00","296-W","Total_Nitrogen",0.23262,"mg/L",24.79152,-81.28908,0.67
"7194","...879808","FIU_WQMP","08/14/2017 12:07:00","225-W","Total_Nitrogen",0.10712,"mg/L",25.017,-80.3674,0.71
"7195","...879813","FIU_WQMP","11/28/2016 15:28:00","292-W","Total_Nitrogen",1.20233,"mg/L",24.76312,-81.11248,0.78
"7196","...879826","FIU_WQMP","09/28/2016 14:05:00","270-W","Total_Nitrogen",0.20796,"mg/L",24.52162,-81.56432,0.69
"7197","...879829","FIU_WQMP","09/28/2016 15:10:00","260-W","Total_Nitrogen",0.24287,"mg/L",24.6255,-81.41662,0.67
"7198","...879837","FIU_WQMP","09/13/2016 12:36:00","400-W","Total_Nitrogen",0.05585,"mg/L",25.1073,-80.3064,0.73
"7199","...879845","FIU_WQMP","12/15/2015 13:13:00","337-W","Total_Nitrogen",0.09006,"mg/L",24.59133,-82.58783,0.66
"7200","...879857","FIU_WQMP","09/05/2017 14:22:00","269-W","Total_Nitrogen",0.09092,"mg/L",24.55943,-81.55955,0.66
"7201","...879864","FIU_WQMP","09/13/2016 16:09:00","502-W","Total_Nitrogen",0.14185,"mg/L",24.9265,-80.62067,0.66
"7202","...879869","FIU_WQMP","08/16/2017 14:29:00","237-W","Total_Nitrogen",0.07469,"mg/L",24.83265,-80.64907,0.66
"7203","...879877","FIU_WQMP","11/30/2016 11:18:00","316-W","Total_Nitrogen",0.14899,"mg/L",24.58577,-81.8024,0.66
"7204","...879885","FIU_WQMP","11/27/2016 11:08:00","211-W","Total_Nitrogen",0.12198,"mg/L",25.30788,-80.26165,0.79
"7205","...879887","FIU_WQMP","09/28/2017 14:10:00","333-W","Total_Nitrogen",0.10485,"mg/L",24.57717,-82.49133,0.71
"7206","...879901","FIU_WQMP","08/09/2017 16:37:00","508-W","Total_Nitrogen",0.19496,"mg/L",24.57375,-81.76014,0.68
"7207","...879916","FIU_WQMP","02/22/2017 14:37:00","301-W","Total_Nitrogen",0.12335,"mg/L",24.77258,-81.39665,0.69
"7208","...879921","FIU_WQMP","12/10/2015 11:08:00","254-W","Total_Nitrogen",0.06903,"mg/L",24.65792,-81.26502,0.67
"7209","...879930","FIU_WQMP","09/30/2016 14:53:00","230-W","Total_Nitrogen",0.16286,"mg/L",24.93965,-80.55162,0.81
"7210","...879941","FIU_WQMP","11/10/2016 13:05:00","216-W","Total_Nitrogen",0.05484,"mg/L",25.22,-80.217,0.75
"7211","...879947","FIU_WQMP","12/12/2015 09:58:00","288-W","Total_Nitrogen",0.28452,"mg/L",24.88333,-81.08333,0.73
"7212","...879962","FIU_WQMP","11/15/2016 15:51:00","506-W","Total_Nitrogen",0.16535,"mg/L",24.65941,-81.38327,0.67
"7213","...879964","FIU_WQMP","12/09/2015 13:20:00","248-W","Total_Nitrogen",0.0603,"mg/L",24.69167,-80.96667,0.75
"7214","...879969","FIU_WQMP","03/13/2017 13:13:00","328-W","Total_Nitrogen",0.07018,"mg/L",24.454,-82.224,0.69
"7215","...879976","FIU_WQMP","09/12/2016 10:24:00","501-W","Total_Nitrogen",0.64167,"mg/L",25.11053,-80.43421,0.66
"7216","...879985","FIU_WQMP","12/02/2015 12:30:00","213-W","Total_Nitrogen",0.07547,"mg/L",25.26312,-80.18773,0.79
"7217","...879993","FIU_WQMP","09/13/2016 13:16:00","225-W","Total_Nitrogen",0.13829,"mg/L",25.017,-80.3674,0.67
"7218","...880001","FIU_WQMP","09/20/2016 10:14:00","328-W","Total_Nitrogen",0.07138,"mg/L",24.454,-82.224,0.67
"7219","...880010","FIU_WQMP","02/14/2017 16:59:00","","Total_Nitrogen",0.03,"mg/L",NA,NA,NA
"7220","...880019","FIU_WQMP","02/22/2017 10:30:00","","Total_Nitrogen",0.03,"mg/L",NA,NA,NA
"7221","...880027","FIU_WQMP","03/13/2017 18:15:00","","Total_Nitrogen",0.03,"mg/L",NA,NA,NA
"7222","...880041","FIU_WQMP","11/10/2016 13:49:00","","Total_Nitrogen",0.03,"mg/L",NA,NA,NA
"7223","...880052","FIU_WQMP","09/20/2016 16:53:00","","Total_Nitrogen",0.11978,"mg/L",NA,NA,NA
"7224","...880063","FIU_WQMP","02/07/2017 10:33:00","","Total_Nitrogen",0.03,"mg/L",NA,NA,NA
"7225","...880072","FIU_WQMP","02/13/2017 12:40:00","","Total_Nitrogen",0.03,"mg/L",NA,NA,NA
"7226","...880084","FIU_WQMP","02/22/2017 15:20:00","","Total_Nitrogen",0.03,"mg/L",NA,NA,NA
"7227","...880096","FIU_WQMP","12/01/2016 17:45:00","","Total_Nitrogen",0.03,"mg/L",NA,NA,NA
"7228","...880106","FIU_WQMP","12/08/2015 13:22:00","","Total_Nitrogen",0.05,"mg/L",NA,NA,NA
"7229","...880117","FIU_WQMP","09/07/2016 11:15:00","","Total_Nitrogen",0.03744,"mg/L",NA,NA,NA
"7230","...880118","FIU_WQMP","09/20/2016 08:30:00","","Total_Nitrogen",0.14837,"mg/L",NA,NA,NA
"7231","...880124","FIU_WQMP","09/26/2016 12:05:00","","Total_Nitrogen",0.05436,"mg/L",NA,NA,NA
"7232","...880129","FIU_WQMP","09/10/2016 16:46:00","","Total_Nitrogen",0.03,"mg/L",NA,NA,NA
"7233","...880133","FIU_WQMP","12/14/2015 18:10:00","","Total_Nitrogen",NA,"mg/L",NA,NA,NA
"7234","...880144","FIU_WQMP","11/22/2016 10:04:00","","Total_Nitrogen",0.03,"mg/L",NA,NA,NA
"7235","...880149","FIU_WQMP","12/04/2015 10:49:00","","Total_Nitrogen",0.05,"mg/L",NA,NA,NA
"7236","...880155","FIU_WQMP","12/08/2015 09:12:00","","Total_Nitrogen",0.05,"mg/L",NA,NA,NA
"7237","...880172","FIU_WQMP","12/03/2015 16:45:00","","Total_Nitrogen",0.07222,"mg/L",NA,NA,NA
"7238","...880181","FIU_WQMP","12/03/2015 11:37:00","","Total_Nitrogen",0.05,"mg/L",NA,NA,NA
"7239","...880188","FIU_WQMP","03/01/2017 09:50:00","","Total_Nitrogen",0.03,"mg/L",NA,NA,NA
"7240","...880189","FIU_WQMP","09/13/2016 12:00:00","","Total_Nitrogen",0.03,"mg/L",NA,NA,NA
"7241","...880204","FIU_WQMP","12/15/2015 09:55:00","","Total_Nitrogen",0.05,"mg/L",NA,NA,NA
"7242","...880213","FIU_WQMP","12/02/2015 10:20:00","","Total_Nitrogen",0.05,"mg/L",NA,NA,NA
"7243","...880217","FIU_WQMP","09/07/2016 16:40:00","","Total_Nitrogen",0.03138,"mg/L",NA,NA,NA
"7244","...880218","FIU_WQMP","12/14/2015 12:05:00","","Total_Nitrogen",0.05,"mg/L",NA,NA,NA
"7245","...880223","FIU_WQMP","09/14/2016 17:58:00","","Total_Nitrogen",0.14324,"mg/L",NA,NA,NA
"7246","...880229","FIU_WQMP","09/21/2016 12:16:00","","Total_Nitrogen",0.15567,"mg/L",NA,NA,NA
"7247","...880246","FIU_WQMP","08/24/2017 10:39:00","","Total_Nitrogen",0.03,"mg/L",NA,NA,NA
"7248","...880247","FIU_WQMP","09/30/2016 15:15:00","","Total_Nitrogen",0.05414,"mg/L",NA,NA,NA
"7249","...880259","FIU_WQMP","09/12/2016 10:21:00","","Total_Nitrogen",0.11735,"mg/L",NA,NA,NA
"7250","...880267","FIU_WQMP","09/27/2017 13:00:00","","Total_Nitrogen",0.04578,"mg/L",NA,NA,NA
"7251","...880268","FIU_WQMP","11/28/2016 16:50:00","","Total_Nitrogen",0.03,"mg/L",NA,NA,NA
"7252","...880277","FIU_WQMP","11/15/2016 15:29:00","","Total_Nitrogen",0.03,"mg/L",NA,NA,NA
"7253","...880282","FIU_WQMP","11/29/2016 10:13:00","","Total_Nitrogen",0.03,"mg/L",NA,NA,NA
"7254","...880300","FIU_WQMP","08/22/2017 11:56:00","","Total_Nitrogen",0.03,"mg/L",NA,NA,NA
"7255","...880311","FIU_WQMP","09/28/2017 16:50:00","","Total_Nitrogen",0.05759,"mg/L",NA,NA,NA
"7256","...880327","FIU_WQMP","11/14/2016 09:20:00","","Total_Nitrogen",0.03,"mg/L",NA,NA,NA
"7257","...880337","FIU_WQMP","12/09/2015 18:23:00","","Total_Nitrogen",0.05,"mg/L",NA,NA,NA
"7258","...880339","FIU_WQMP","09/28/2017 11:10:00","","Total_Nitrogen",0.05744,"mg/L",NA,NA,NA
"7259","...880361","FIU_WQMP","08/16/2017 09:32:00","","Total_Nitrogen",0.03005,"mg/L",NA,NA,NA
"7260","...880368","FIU_WQMP","11/23/2016 15:22:00","","Total_Nitrogen",0.03,"mg/L",NA,NA,NA
"7261","...880374","FIU_WQMP","11/22/2016 16:42:00","","Total_Nitrogen",0.03,"mg/L",NA,NA,NA
"7262","...880379","FIU_WQMP","09/10/2016 11:40:00","","Total_Nitrogen",0.03,"mg/L",NA,NA,NA
"7263","...880384","FIU_WQMP","09/28/2016 11:45:00","","Total_Nitrogen",0.0418,"mg/L",NA,NA,NA
"7264","...880389","FIU_WQMP","09/28/2016 16:02:00","","Total_Nitrogen",0.05773,"mg/L",NA,NA,NA
"7265","...880395","FIU_WQMP","09/26/2016 15:51:00","","Total_Nitrogen",0.07744,"mg/L",NA,NA,NA
"7266","...880407","FIU_WQMP","12/10/2015 17:20:00","","Total_Nitrogen",NA,"mg/L",NA,NA,NA
"7267","...880411","FIU_WQMP","12/02/2016 09:15:00","","Total_Nitrogen",0.03,"mg/L",NA,NA,NA
"7268","...880413","FIU_WQMP","12/12/2015 08:50:00","","Total_Nitrogen",0.05,"mg/L",NA,NA,NA
"7269","...880422","FIU_WQMP","02/14/2017 10:15:00","","Total_Nitrogen",0.03,"mg/L",NA,NA,NA
"7270","...880430","FIU_WQMP","09/30/2016 10:40:00","","Total_Nitrogen",0.04367,"mg/L",NA,NA,NA
"7271","...880440","FIU_WQMP","11/23/2016 10:06:00","","Total_Nitrogen",0.03,"mg/L",NA,NA,NA
"7272","...880458","FIU_WQMP","02/08/2017 00:00:00","","Total_Nitrogen",0.03,"mg/L",NA,NA,NA
"7273","...880468","FIU_WQMP","02/17/2017 11:20:00","","Total_Nitrogen",0.03,"mg/L",NA,NA,NA
"7274","...880471","FIU_WQMP","02/07/2017 14:52:00","","Total_Nitrogen",0.03,"mg/L",NA,NA,NA
"7275","...880478","FIU_WQMP","03/03/2017 13:06:00","","Total_Nitrogen",0.0499,"mg/L",NA,NA,NA
"7276","...880484","FIU_WQMP","12/01/2016 09:22:00","","Total_Nitrogen",0.03,"mg/L",NA,NA,NA
"7277","...880491","FIU_WQMP","08/09/2017 16:49:00","","Total_Nitrogen",0.03,"mg/L",NA,NA,NA
"7278","...880493","FIU_WQMP","11/15/2016 09:15:00","","Total_Nitrogen",0.03,"mg/L",NA,NA,NA
"7279","...880503","FIU_WQMP","08/24/2017 15:49:00","","Total_Nitrogen",0.03,"mg/L",NA,NA,NA
"7280","...880508","FIU_WQMP","11/30/2016 10:59:00","","Total_Nitrogen",0.03,"mg/L",NA,NA,NA
"7281","...880515","FIU_WQMP","02/16/2017 07:37:00","","Total_Nitrogen",0.03,"mg/L",NA,NA,NA
"7282","...880522","FIU_WQMP","11/14/2016 15:40:00","","Total_Nitrogen",0.03,"mg/L",NA,NA,NA
"7283","...880535","FIU_WQMP","08/22/2017 18:19:00","","Total_Nitrogen",0.03,"mg/L",NA,NA,NA
"7284","...880553","FIU_WQMP","02/17/2017 08:42:00","","Total_Nitrogen",0.03,"mg/L",NA,NA,NA
"7285","...880558","FIU_WQMP","03/01/2017 12:00:00","","Total_Nitrogen",0.03,"mg/L",NA,NA,NA
"7286","...880566","FIU_WQMP","02/08/2017 00:00:00","","Total_Nitrogen",0.03,"mg/L",NA,NA,NA
"7287","...880577","FIU_WQMP","02/13/2017 10:45:00","","Total_Nitrogen",0.03,"mg/L",NA,NA,NA
"7288","...880584","FIU_WQMP","03/14/2017 13:49:00","","Total_Nitrogen",0.03,"mg/L",NA,NA,NA
"7289","...880587","FIU_WQMP","11/10/2016 07:41:00","","Total_Nitrogen",0.03,"mg/L",NA,NA,NA
"7290","...880597","FIU_WQMP","12/02/2015 16:49:00","","Total_Nitrogen",0.05,"mg/L",NA,NA,NA
"7291","...880605","FIU_WQMP","12/12/2015 18:57:00","","Total_Nitrogen",0.05,"mg/L",NA,NA,NA
"7292","...880613","FIU_WQMP","12/04/2015 09:10:00","","Total_Nitrogen",0.05,"mg/L",NA,NA,NA
"7293","...880620","FIU_WQMP","12/09/2015 09:41:00","","Total_Nitrogen",0.05,"mg/L",NA,NA,NA
"7294","...880622","FIU_WQMP","12/15/2015 18:47:00","","Total_Nitrogen",0.05,"mg/L",NA,NA,NA
"7295","...880630","FIU_WQMP","12/10/2015 11:08:00","","Total_Nitrogen",0.05,"mg/L",NA,NA,NA
"7296","...880634","FIU_WQMP","03/13/2017 09:41:00","","Total_Nitrogen",0.03,"mg/L",NA,NA,NA
"7297","...880640","FIU_WQMP","03/03/2017 08:19:00","","Total_Nitrogen",0.05377,"mg/L",NA,NA,NA
"7298","...880648","FIU_WQMP","02/16/2017 12:10:00","","Total_Nitrogen",0.03,"mg/L",NA,NA,NA
"7299","...880654","FIU_WQMP","03/14/2017 10:22:00","","Total_Nitrogen",0.03,"mg/L",NA,NA,NA
"7300","...880661","FIU_WQMP","11/29/2016 11:59:00","","Total_Nitrogen",0.03,"mg/L",NA,NA,NA
"7301","...880666","FIU_WQMP","08/16/2017 15:43:00","","Total_Nitrogen",0.03126,"mg/L",NA,NA,NA
"7302","...880672","FIU_WQMP","11/28/2016 12:50:00","","Total_Nitrogen",0.03,"mg/L",NA,NA,NA
"7303","...880685","FIU_WQMP","11/27/2016 10:50:00","","Total_Nitrogen",0.03,"mg/L",NA,NA,NA
"7304","...880690","FIU_WQMP","11/29/2016 11:43:00","223-W","Total_Nitrogen",0.10604,"mg/L",25.06018,-80.42312,0.66
"7305","...880696","FIU_WQMP","08/24/2017 11:44:00","288-W","Total_Nitrogen",0.14298,"mg/L",24.88333,-81.08333,0.65
"7306","...880701","FIU_WQMP","08/15/2017 11:17:00","206-W","Total_Nitrogen",0.109,"mg/L",25.41497,-80.143,0.68
"7307","...880710","FIU_WQMP","11/15/2016 14:15:00","402-W","Total_Nitrogen",0.03608,"mg/L",24.63,-81.112,0.7
"7308","...880722","FIU_WQMP","11/28/2016 14:44:00","294-W","Total_Nitrogen",0.6549,"mg/L",24.7555,-81.17218,0.67
"7309","...880725","FIU_WQMP","11/23/2016 15:04:00","507-W","Total_Nitrogen",0.22017,"mg/L",24.69309,-81.35463,0.67
"7310","...880727","FIU_WQMP","08/08/2017 17:20:00","","Total_Nitrogen",0.03249,"mg/L",NA,NA,NA
"7311","...880744","FIU_WQMP","03/13/2017 15:17:00","337-W","Total_Nitrogen",0.04833,"mg/L",24.59133,-82.58783,0.67
"7312","...880753","FIU_WQMP","03/01/2017 11:03:00","403-W","Total_Nitrogen",0.0733,"mg/L",24.483,-81.7,0.87
"7313","...880760","FIU_WQMP","09/30/2016 14:08:00","227-W","Total_Nitrogen",0.18892,"mg/L",25.00167,-80.4749,0.69
"7314","...880768","FIU_WQMP","08/09/2017 12:10:00","","Total_Nitrogen",0.03,"mg/L",NA,NA,NA
"7315","...880783","FIU_WQMP","09/13/2016 16:57:00","","Total_Nitrogen",0.09076,"mg/L",NA,NA,NA
"7316","...880788","FIU_WQMP","11/30/2016 15:43:00","","Total_Nitrogen",0.03,"mg/L",NA,NA,NA
"7317","...880789","FIU_WQMP","12/02/2015 16:38:00","211-W","Total_Nitrogen",0.16457,"mg/L",25.30788,-80.26165,0.74
"7318","...880796","FIU_WQMP","11/27/2016 14:15:00","","Total_Nitrogen",0.03,"mg/L",NA,NA,NA
"7319","...880807","FIU_WQMP","09/14/2016 10:10:00","","Total_Nitrogen",0.15392,"mg/L",NA,NA,NA
"7320","...880809","FIU_WQMP","09/27/2017 15:41:00","403-W","Total_Nitrogen",0.09883,"mg/L",24.483,-81.7,0.1
"7321","...880820","FIU_WQMP","12/02/2016 11:40:00","","Total_Nitrogen",0.03,"mg/L",NA,NA,NA
"7322","...880838","FIU_WQMP","09/14/2016 16:12:00","247-W","Total_Nitrogen",0.35306,"mg/L",24.71318,-81.01115,0.74
"7323","...880845","FIU_WQMP","09/12/2016 16:59:00","","Total_Nitrogen",0.03,"mg/L",NA,NA,NA
"7324","...880848","FIU_WQMP","09/21/2016 14:58:00","","Total_Nitrogen",0.41123,"mg/L",NA,NA,NA
"7325","...880859","FIU_WQMP","11/23/2016 10:22:00","296-W","Total_Nitrogen",0.17636,"mg/L",24.79152,-81.28908,0.66
"7326","...880867","FIU_WQMP","02/07/2017 13:32:00","505-W","Total_Nitrogen",0.17588,"mg/L",24.71208,-81.10071,0.7
"7327","...880876","FIU_WQMP","09/20/2016 08:29:00","281-W","Total_Nitrogen",0.06389,"mg/L",24.495,-81.89167,0.71
"7328","...880881","FIU_WQMP","08/22/2017 15:15:00","402-W","Total_Nitrogen",0.10387,"mg/L",24.63,-81.112,0.67
"7329","...880890","FIU_WQMP","02/13/2017 10:53:00","211-W","Total_Nitrogen",0.13172,"mg/L",25.30788,-80.26165,0.69
"7330","...880898","FIU_WQMP","09/21/2016 14:40:00","278-W","Total_Nitrogen",0.16656,"mg/L",24.49862,-81.81895,0.74
"7331","...880903","FIU_WQMP","02/16/2017 08:43:00","217-W","Total_Nitrogen",0.11626,"mg/L",25.17332,-80.33985,0.67
"7332","...880916","FIU_WQMP","09/28/2016 12:06:00","255-W","Total_Nitrogen",0.21822,"mg/L",24.62168,-81.24308,0.67
"7333","...880923","FIU_WQMP","08/14/2017 11:19:00","","Total_Nitrogen",0.07342,"mg/L",NA,NA,NA
"7334","...880930","FIU_WQMP","03/14/2017 10:42:00","317-W","Total_Nitrogen",0.13801,"mg/L",24.575,-81.78833,0.67
"7335","...880933","FIU_WQMP","12/02/2015 11:36:00","214-W","Total_Nitrogen",0.14144,"mg/L",25.2462,-80.29918,0.81
"7336","...880943","FIU_WQMP","08/14/2017 15:49:00","","Total_Nitrogen",0.04584,"mg/L",NA,NA,NA
"7337","...880952","FIU_WQMP","03/01/2017 11:29:00","276-W","Total_Nitrogen",0.07083,"mg/L",24.47538,-81.73742,0.77
"7338","...880957","FIU_WQMP","08/15/2017 08:45:00","","Total_Nitrogen",0.0395,"mg/L",NA,NA,NA
"7339","...880961","FIU_WQMP","09/05/2017 16:23:00","","Total_Nitrogen",0.03,"mg/L",NA,NA,NA
"7340","...880981","FIU_WQMP","08/08/2017 12:20:00","","Total_Nitrogen",0.03577,"mg/L",NA,NA,NA
"7341","...880988","FIU_WQMP","08/15/2017 15:50:00","","Total_Nitrogen",0.03691,"mg/L",NA,NA,NA
"7342","...880994","FIU_WQMP","09/27/2017 16:50:00","","Total_Nitrogen",0.03681,"mg/L",NA,NA,NA
"7343","...880995","FIU_WQMP","09/07/2016 14:48:00","301-W","Total_Nitrogen",0.20229,"mg/L",24.77258,-81.39665,0.67
"7344","...881007","FIU_WQMP","09/05/2017 10:52:00","","Total_Nitrogen",0.03,"mg/L",NA,NA,NA
"7345","...881017","FIU_WQMP","09/14/2016 11:04:00","237-W","Total_Nitrogen",0.13548,"mg/L",24.83265,-80.64907,0.66
"7346","...881022","FIU_WQMP","09/05/2017 14:41:00","268-W","Total_Nitrogen",0.14011,"mg/L",24.58782,-81.57698,0.67
"7347","...881031","FIU_WQMP","02/08/2017 10:47:00","243-W","Total_Nitrogen",0.08911,"mg/L",24.745,-80.78333,0.69
"7348","...881039","FIU_WQMP","11/15/2016 09:35:00","504-W","Total_Nitrogen",0.11233,"mg/L",24.72254,-81.04338,0.66
"7349","...881050","FIU_WQMP","08/24/2017 11:05:00","284-W","Total_Nitrogen",0.20613,"mg/L",24.87667,-80.95833,0.66
"7350","...881062","FIU_WQMP","11/15/2016 13:19:00","249-W","Total_Nitrogen",0.04194,"mg/L",24.675,-80.9583,0.81
"7351","...881067","FIU_WQMP","09/26/2016 15:04:00","282-W","Total_Nitrogen",0.32842,"mg/L",24.86667,-80.885,0.69
"7352","...881076","FIU_WQMP","08/14/2017 13:23:00","222-W","Total_Nitrogen",0.08932,"mg/L",25.07237,-80.31277,0.66
"7353","...881092","FIU_WQMP","11/14/2016 12:58:00","237-W","Total_Nitrogen",0.05883,"mg/L",24.83265,-80.64907,0.78
"7354","...881094","FIU_WQMP","12/02/2016 09:55:00","271-W","Total_Nitrogen",0.08247,"mg/L",24.55667,-81.66667,0.74
"7355","...881101","FIU_WQMP","12/14/2015 14:14:00","312-W","Total_Nitrogen",0.13187,"mg/L",24.65978,-81.76343,0.69
"7356","...881106","FIU_WQMP","12/09/2015 16:32:00","247-W","Total_Nitrogen",0.10569,"mg/L",24.71318,-81.01115,0.73
"7357","...881113","FIU_WQMP","03/03/2017 09:08:00","256-W","Total_Nitrogen",0.12406,"mg/L",24.58497,-81.23408,0.1
"7358","...881124","FIU_WQMP","09/10/2016 15:00:00","316-W","Total_Nitrogen",0.12065,"mg/L",24.58577,-81.8024,0.77
"7359","...881131","FIU_WQMP","09/12/2016 15:32:00","213-W","Total_Nitrogen",0.14906,"mg/L",25.26312,-80.18773,0.7
"7360","...881142","FIU_WQMP","11/14/2016 10:03:00","222-W","Total_Nitrogen",0.06725,"mg/L",25.07237,-80.31277,0.69
"7361","...881146","FIU_WQMP","09/05/2017 12:25:00","260-W","Total_Nitrogen",0.19754,"mg/L",24.6255,-81.41662,0.67
"7362","...881161","FIU_WQMP","11/22/2016 13:17:00","267-W","Total_Nitrogen",0.05171,"mg/L",24.53008,-81.4873,0.67
"7363","...881163","FIU_WQMP","03/03/2017 09:08:00","256-W","Total_Nitrogen",0.13552,"mg/L",24.58497,-81.23408,0.1
"7364","...881171","FIU_WQMP","12/15/2015 12:27:00","330-W","Total_Nitrogen",0.10364,"mg/L",24.66533,-82.374,0.73
"7365","...881179","FIU_WQMP","02/14/2017 16:43:00","503-W","Total_Nitrogen",0.35338,"mg/L",24.9205,-80.63477,0.66
"7366","...881184","FIU_WQMP","11/14/2016 14:14:00","235-W","Total_Nitrogen",0.09186,"mg/L",24.87123,-80.66865,0.83
"7367","...881192","FIU_WQMP","11/15/2016 11:07:00","241-W","Total_Nitrogen",0.09396,"mg/L",24.80247,-80.8089,0.67
"7368","...881200","FIU_WQMP","12/01/2016 09:42:00","280-W","Total_Nitrogen",0.05696,"mg/L",24.45363,-81.84365,0.69
"7369","...881206","FIU_WQMP","11/14/2016 12:58:00","237-W","Total_Nitrogen",0.04969,"mg/L",24.83265,-80.64907,0.78
"7370","...881233","FIU_WQMP","12/09/2015 14:33:00","402-W","Total_Nitrogen",0.05,"mg/L",24.63,-81.112,0.66
"7371","...881236","FIU_WQMP","02/22/2017 10:50:00","296-W","Total_Nitrogen",0.1486,"mg/L",24.79152,-81.28908,0.67
"7372","...881246","FIU_WQMP","09/10/2016 16:18:00","508-W","Total_Nitrogen",0.24983,"mg/L",24.57375,-81.76014,0.67
"7373","...881254","FIU_WQMP","09/28/2016 12:45:00","259-W","Total_Nitrogen",0.13549,"mg/L",24.57037,-81.32167,0.73
"7374","...881259","FIU_WQMP","11/27/2016 11:29:00","212-W","Total_Nitrogen",0.09173,"mg/L",25.29452,-80.24542,0.67
"7375","...881267","FIU_WQMP","08/22/2017 16:34:00","504-W","Total_Nitrogen",0.23984,"mg/L",24.72254,-81.04338,0.65
"7376","...881275","FIU_WQMP","08/14/2017 15:01:00","219-W","Total_Nitrogen",0.14977,"mg/L",25.142,-80.258,0.68
"7377","...881277","FIU_WQMP","11/14/2016 15:31:00","503-W","Total_Nitrogen",0.17789,"mg/L",24.9205,-80.63477,0.66
"7378","...881281","FIU_WQMP","08/16/2017 11:01:00","227-W","Total_Nitrogen",0.09277,"mg/L",25.00167,-80.4749,0.67
"7379","...881284","FIU_WQMP","12/14/2015 16:10:00","271-W","Total_Nitrogen",0.14828,"mg/L",24.55667,-81.66667,0.78
"7380","...881288","FIU_WQMP","12/02/2015 14:21:00","200-W","Total_Nitrogen",0.09052,"mg/L",25.59,-80.1,0.78
"7381","...881292","FIU_WQMP","09/10/2016 12:37:00","310-W","Total_Nitrogen",0.22312,"mg/L",24.65752,-81.63265,0.67
"7382","...881312","FIU_WQMP","06/14/2016 12:19:00","248-W","Total_Nitrogen",0.10019,"mg/L",24.69167,-80.96667,0.73
"7383","...881320","FIU_WQMP","06/09/2016 12:07:00","206-W","Total_Nitrogen",0.07225,"mg/L",25.41497,-80.143,0.69
"7384","...881332","FIU_WQMP","03/14/2016 14:10:00","324-W","Total_Nitrogen",0.08927,"mg/L",24.65333,-82.15833,0.67
"7385","...881337","FIU_WQMP","06/13/2016 15:49:00","260-W","Total_Nitrogen",0.13681,"mg/L",24.6255,-81.41662,0.66
"7386","...881346","FIU_WQMP","03/12/2016 14:51:00","285-W","Total_Nitrogen",0.11139,"mg/L",24.80998,-80.92028,0.69
"7387","...881354","FIU_WQMP","06/17/2016 18:02:00","508-W","Total_Nitrogen",0.23109,"mg/L",24.57375,-81.76014,0.66
"7388","...881360","FIU_WQMP","03/07/2016 12:53:00","214-W","Total_Nitrogen",0.12721,"mg/L",25.2462,-80.29918,0.67
"7389","...881380","FIU_WQMP","02/26/2016 11:29:00","316-W","Total_Nitrogen",0.14542,"mg/L",24.58577,-81.8024,0.66
"7390","...881391","FIU_WQMP","06/08/2016 10:52:00","230-W","Total_Nitrogen",0.08839,"mg/L",24.93965,-80.55162,0.86
"7391","...881396","FIU_WQMP","06/27/2016 15:45:00","318-W","Total_Nitrogen",0.162,"mg/L",24.65083,-81.90467,0.67
"7392","...881399","FIU_WQMP","06/13/2016 13:03:00","259-W","Total_Nitrogen",0.13319,"mg/L",24.57037,-81.32167,0.69
"7393","...881414","FIU_WQMP","06/13/2016 14:02:00","267-W","Total_Nitrogen",0.08496,"mg/L",24.53008,-81.4873,0.69
"7394","...881419","FIU_WQMP","06/14/2016 10:47:00","237-W","Total_Nitrogen",0.07184,"mg/L",24.83265,-80.64907,0.69
"7395","...881423","FIU_WQMP","06/14/2016 14:07:00","504-W","Total_Nitrogen",0.22843,"mg/L",24.72254,-81.04338,0.71
"7396","...881433","FIU_WQMP","06/14/2016 11:24:00","243-W","Total_Nitrogen",0.07841,"mg/L",24.745,-80.78333,0.66
"7397","...881440","FIU_WQMP","03/03/2016 09:01:00","401-W","Total_Nitrogen",0.06936,"mg/L",24.853,-80.622,0.67
"7398","...881451","FIU_WQMP","06/28/2016 14:15:00","330-W","Total_Nitrogen",0.08395,"mg/L",24.66533,-82.374,0.67
"7399","...881457","FIU_WQMP","06/28/2016 17:15:00","317-W","Total_Nitrogen",0.12935,"mg/L",24.575,-81.78833,0.7
"7400","...881465","FIU_WQMP","03/07/2016 14:00:00","500-W","Total_Nitrogen",0.18722,"mg/L",25.08535,-80.43346,0.69
"7401","...881470","FIU_WQMP","06/28/2016 10:32:00","325-W","Total_Nitrogen",0.07338,"mg/L",24.54167,-82.1,0.82
"7402","...881478","FIU_WQMP","06/27/2016 14:58:00","271-W","Total_Nitrogen",0.14863,"mg/L",24.55667,-81.66667,0.71
"7403","...881491","FIU_WQMP","06/28/2016 12:24:00","332-W","Total_Nitrogen",0.07531,"mg/L",24.5355,-82.36733,0.71
"7404","...881492","FIU_WQMP","06/28/2016 12:55:00","333-W","Total_Nitrogen",0.06302,"mg/L",24.57717,-82.49133,0.66
"7405","...881501","FIU_WQMP","06/28/2016 11:50:00","335-W","Total_Nitrogen",0.11773,"mg/L",24.46083,-82.38317,0.67
"7406","...881506","FIU_WQMP","03/17/2016 15:06:00","503-W","Total_Nitrogen",0.21646,"mg/L",24.9205,-80.63477,0.67
"7407","...881520","FIU_WQMP","06/28/2016 11:07:00","328-W","Total_Nitrogen",0.08461,"mg/L",24.454,-82.224,0.78
"7408","...881526","FIU_WQMP","03/13/2016 14:24:00","314-W","Total_Nitrogen",0.14021,"mg/L",24.75043,-81.43578,0.69
"7409","...881530","FIU_WQMP","03/02/2016 13:34:00","400-W","Total_Nitrogen",0.1285,"mg/L",25.1073,-80.3064,0.71
"7410","...881537","FIU_WQMP","03/01/2016 11:11:00","403-W","Total_Nitrogen",0.05681,"mg/L",24.483,-81.7,0.67
"7411","...881543","FIU_WQMP","06/28/2016 13:34:00","337-W","Total_Nitrogen",0.12207,"mg/L",24.59133,-82.58783,0.66
"7412","...881561","FIU_WQMP","06/13/2016 13:19:00","296-W","Total_Nitrogen",0.14382,"mg/L",24.79152,-81.28908,0.73
"7413","...881562","FIU_WQMP","06/17/2016 16:45:00","310-W","Total_Nitrogen",0.34457,"mg/L",24.65752,-81.63265,0.69
"7414","...881563","FIU_WQMP","06/13/2016 11:46:00","288-W","Total_Nitrogen",0.116,"mg/L",24.88333,-81.08333,0.77
"7415","...881569","FIU_WQMP","06/09/2016 13:47:00","201-W","Total_Nitrogen",0.12515,"mg/L",25.51,-80.165,0.67
"7416","...881575","FIU_WQMP","06/13/2016 13:03:00","259-W","Total_Nitrogen",0.15088,"mg/L",24.57037,-81.32167,0.69
"7417","...881584","FIU_WQMP","06/13/2016 13:40:00","294-W","Total_Nitrogen",0.13861,"mg/L",24.7555,-81.17218,0.67
"7418","...881590","FIU_WQMP","06/27/2016 14:25:00","275-W","Total_Nitrogen",0.12448,"mg/L",24.52143,-81.74422,0.66
"7419","...881602","FIU_WQMP","03/13/2016 15:16:00","507-W","Total_Nitrogen",0.25924,"mg/L",24.69309,-81.35463,0.69
"7420","...881609","FIU_WQMP","06/27/2016 16:23:00","280-W","Total_Nitrogen",0.20982,"mg/L",24.45363,-81.84365,0.71
"7421","...881613","FIU_WQMP","03/14/2016 12:10:00","337-W","Total_Nitrogen",0.09034,"mg/L",24.59133,-82.58783,0.74
"7422","...881623","FIU_WQMP","06/09/2016 13:16:00","200-W","Total_Nitrogen",0.07547,"mg/L",25.59,-80.1,0.69
"7423","...881632","FIU_WQMP","06/13/2016 12:08:00","255-W","Total_Nitrogen",0.13707,"mg/L",24.62168,-81.24308,0.67
"7424","...881651","FIU_WQMP","06/14/2016 13:58:00","222-W","Total_Nitrogen",0.04687,"mg/L",25.07237,-80.31277,0.69
"7425","...881661","FIU_WQMP","06/13/2016 12:54:00","295-W","Total_Nitrogen",0.124,"mg/L",24.85163,-81.35123,0.71
"7426","...881673","FIU_WQMP","03/14/2016 13:14:00","330-W","Total_Nitrogen",0.08846,"mg/L",24.66533,-82.374,0.71
"7427","...881676","FIU_WQMP","03/02/2016 12:01:00","213-W","Total_Nitrogen",0.09052,"mg/L",25.26312,-80.18773,0.73
"7428","...881693","FIU_WQMP","06/28/2016 09:07:00","281-W","Total_Nitrogen",0.07962,"mg/L",24.495,-81.89167,0.71
"7429","...881705","FIU_WQMP","06/09/2016 12:35:00","203-W","Total_Nitrogen",0.07806,"mg/L",25.48053,-80.11768,0.69
"7430","...881710","FIU_WQMP","06/28/2016 10:32:00","325-W","Total_Nitrogen",0.06702,"mg/L",24.54167,-82.1,0.82
"7431","...881711","FIU_WQMP","06/13/2016 13:54:00","292-W","Total_Nitrogen",0.12334,"mg/L",24.76312,-81.11248,0.65
"7432","...881721","FIU_WQMP","06/13/2016 13:34:00","263-W","Total_Nitrogen",0.15931,"mg/L",24.54843,-81.39742,0.69
"7433","...881730","FIU_WQMP","06/08/2016 12:25:00","223-W","Total_Nitrogen",0.07246,"mg/L",25.06018,-80.42312,0.67
"7434","...881743","FIU_WQMP","03/03/2016 09:30:00","237-W","Total_Nitrogen",0.09667,"mg/L",24.83265,-80.64907,0.79
"7435","...881747","FIU_WQMP","03/13/2016 13:21:00","305-W","Total_Nitrogen",0.13941,"mg/L",24.76852,-81.555,0.67
"7436","...881749","FIU_WQMP","03/13/2016 10:02:00","256-W","Total_Nitrogen",0.0837,"mg/L",24.58497,-81.23408,0.81
"7437","...881754","FIU_WQMP","03/17/2016 12:28:00","310-W","Total_Nitrogen",0.14684,"mg/L",24.65752,-81.63265,0.67
"7438","...881759","FIU_WQMP","03/03/2016 14:34:00","242-W","Total_Nitrogen",0.18441,"mg/L",24.7915,-80.81225,0.66
"7439","...881772","FIU_WQMP","03/03/2016 15:00:00","238-W","Total_Nitrogen",0.15236,"mg/L",24.83442,-80.74683,0.67
"7440","...881783","FIU_WQMP","06/14/2016 11:22:00","264-W","Total_Nitrogen",0.05423,"mg/L",24.94677,-80.45947,0.7
"7441","...881787","FIU_WQMP","06/17/2016 17:49:00","209-W","Total_Nitrogen",0.28388,"mg/L",24.5857,-81.72272,0.66
"7442","...881795","FIU_WQMP","06/13/2016 14:02:00","267-W","Total_Nitrogen",0.07891,"mg/L",24.53008,-81.4873,0.69
"7443","...881814","FIU_WQMP","03/02/2016 12:01:00","213-W","Total_Nitrogen",0.07756,"mg/L",25.26312,-80.18773,0.73
"7444","...881826","FIU_WQMP","03/13/2016 13:36:00","307-W","Total_Nitrogen",0.15005,"mg/L",24.72503,-81.52052,0.69
"7445","...881836","FIU_WQMP","03/03/2016 10:47:00","246-W","Total_Nitrogen",0.11809,"mg/L",24.71317,-80.85813,0.77
"7446","...881840","FIU_WQMP","03/13/2016 12:33:00","295-W","Total_Nitrogen",0.13582,"mg/L",24.85163,-81.35123,0.71
"7447","...881843","FIU_WQMP","03/17/2016 11:36:00","209-W","Total_Nitrogen",0.21716,"mg/L",24.5857,-81.72272,0.74
"7448","...881847","FIU_WQMP","03/15/2016 15:40:00","260-W","Total_Nitrogen",0.13522,"mg/L",24.6255,-81.41662,0.69
"7449","...881848","FIU_WQMP","02/26/2016 11:09:00","317-W","Total_Nitrogen",0.14434,"mg/L",24.575,-81.78833,0.66
"7450","...881863","FIU_WQMP","03/02/2016 15:06:00","228-W","Total_Nitrogen",0.08778,"mg/L",24.97667,-80.45,0.67
"7451","...881888","FIU_WQMP","03/14/2016 16:02:00","318-W","Total_Nitrogen",0.10728,"mg/L",24.65083,-81.90467,0.66
"7452","...881896","FIU_WQMP","03/03/2016 11:20:00","249-W","Total_Nitrogen",0.11603,"mg/L",24.675,-80.9583,0.75
"7453","...881905","FIU_WQMP","03/15/2016 13:47:00","267-W","Total_Nitrogen",0.09129,"mg/L",24.53008,-81.4873,0.66
"7454","...881912","FIU_WQMP","03/03/2016 10:18:00","243-W","Total_Nitrogen",0.15522,"mg/L",24.745,-80.78333,0.71
"7455","...881920","FIU_WQMP","03/12/2016 11:18:00","287-W","Total_Nitrogen",0.21212,"mg/L",24.84667,-81.00833,0.71
"7456","...881925","FIU_WQMP","03/01/2016 11:32:00","276-W","Total_Nitrogen",0.05,"mg/L",24.47538,-81.73742,0.74
"7457","...881927","FIU_WQMP","03/07/2016 11:55:00","211-W","Total_Nitrogen",0.12406,"mg/L",25.30788,-80.26165,0.69
"7458","...881945","FIU_WQMP","03/03/2016 15:49:00","232-W","Total_Nitrogen",0.14863,"mg/L",24.92703,-80.59852,0.69
"7459","...881946","FIU_WQMP","03/14/2016 08:57:00","322-W","Total_Nitrogen",0.06256,"mg/L",24.45833,-81.98167,0.66
"7460","...881950","FIU_WQMP","03/07/2016 14:22:00","223-W","Total_Nitrogen",0.11412,"mg/L",25.06018,-80.42312,0.67
"7461","...881956","FIU_WQMP","03/03/2016 08:22:00","231-W","Total_Nitrogen",0.09484,"mg/L",24.925,-80.503,0.7
"7462","...881962","FIU_WQMP","03/02/2016 11:20:00","206-W","Total_Nitrogen",0.07742,"mg/L",25.41497,-80.143,0.67
"7463","...881970","FIU_WQMP","03/14/2016 14:58:00","325-W","Total_Nitrogen",0.0892,"mg/L",24.54167,-82.1,0.73
"7464","...881978","FIU_WQMP","03/13/2016 12:11:00","296-W","Total_Nitrogen",0.14741,"mg/L",24.79152,-81.28908,0.66
"7465","...881985","FIU_WQMP","03/02/2016 10:11:00","200-W","Total_Nitrogen",0.12115,"mg/L",25.59,-80.1,0.67
"7466","...881989","FIU_WQMP","03/02/2016 08:49:00","207-W","Total_Nitrogen",0.10986,"mg/L",25.36443,-80.21508,0.75
"7467","...881999","FIU_WQMP","03/01/2016 12:45:00","278-W","Total_Nitrogen",0.08006,"mg/L",24.49862,-81.81895,0.71
"7468","...882006","FIU_WQMP","06/09/2016 11:29:00","210-W","Total_Nitrogen",0.07021,"mg/L",25.325,-80.1636,0.66
"7469","...882010","FIU_WQMP","06/09/2016 13:16:00","200-W","Total_Nitrogen",0.06951,"mg/L",25.59,-80.1,0.69
"7470","...882015","FIU_WQMP","06/09/2016 14:58:00","211-W","Total_Nitrogen",0.10153,"mg/L",25.30788,-80.26165,0.66
"7471","...882020","FIU_WQMP","06/28/2016 16:24:00","312-W","Total_Nitrogen",0.16305,"mg/L",24.65978,-81.76343,0.75
"7472","...882025","FIU_WQMP","06/17/2016 14:05:00","314-W","Total_Nitrogen",0.22122,"mg/L",24.75043,-81.43578,0.69
"7473","...882039","FIU_WQMP","06/08/2016 09:51:00","235-W","Total_Nitrogen",0.12158,"mg/L",24.87123,-80.66865,0.74
"7474","...882047","FIU_WQMP","06/27/2016 15:15:00","319-W","Total_Nitrogen",0.08045,"mg/L",24.629,-82.07133,0.7
"7475","...882056","FIU_WQMP","06/08/2016 11:06:00","229-W","Total_Nitrogen",0.20288,"mg/L",24.95012,-80.56218,0.67
"7476","...882064","FIU_WQMP","06/17/2016 15:07:00","305-W","Total_Nitrogen",0.16496,"mg/L",24.76852,-81.555,0.66
"7477","...882072","FIU_WQMP","03/02/2016 10:56:00","203-W","Total_Nitrogen",0.10237,"mg/L",25.48053,-80.11768,0.66
"7478","...882080","FIU_WQMP","06/08/2016 07:50:00","501-W","Total_Nitrogen",0.47885,"mg/L",25.11053,-80.43421,0.69
"7479","...882084","FIU_WQMP","03/01/2016 12:45:00","278-W","Total_Nitrogen",0.07219,"mg/L",24.49862,-81.81895,0.71
"7480","...882095","FIU_WQMP","06/27/2016 16:51:00","278-W","Total_Nitrogen",0.45361,"mg/L",24.49862,-81.81895,0.75
"7481","...882103","FIU_WQMP","03/15/2016 13:24:00","263-W","Total_Nitrogen",0.09828,"mg/L",24.54843,-81.39742,0.66
"7482","...882115","FIU_WQMP","03/02/2016 12:51:00","219-W","Total_Nitrogen",0.08318,"mg/L",25.142,-80.258,0.69
"7483","...882121","FIU_WQMP","06/09/2016 15:46:00","215-W","Total_Nitrogen",0.10036,"mg/L",25.23667,-80.28897,0.77
"7484","...882129","FIU_WQMP","03/02/2016 14:44:00","225-W","Total_Nitrogen",0.08096,"mg/L",25.017,-80.3674,0.7
"7485","...882137","FIU_WQMP","06/13/2016 12:13:00","291-W","Total_Nitrogen",0.11783,"mg/L",24.81682,-81.14678,0.76
"7486","...882145","FIU_WQMP","06/14/2016 12:52:00","402-W","Total_Nitrogen",0.11975,"mg/L",24.63,-81.112,0.73
"7487","...882151","FIU_WQMP","06/14/2016 12:03:00","228-W","Total_Nitrogen",0.0548,"mg/L",24.97667,-80.45,0.69
"7488","...882161","FIU_WQMP","03/03/2016 09:30:00","237-W","Total_Nitrogen",0.08857,"mg/L",24.83265,-80.64907,0.79
"7489","...882164","FIU_WQMP","03/02/2016 09:18:00","204-W","Total_Nitrogen",0.09738,"mg/L",25.43082,-80.19553,0.69
"7490","...882165","FIU_WQMP","03/13/2016 09:35:00","255-W","Total_Nitrogen",0.09035,"mg/L",24.62168,-81.24308,0.79
"7491","...882184","FIU_WQMP","06/13/2016 14:56:00","269-W","Total_Nitrogen",0.11001,"mg/L",24.55943,-81.55955,0.77
"7492","...882192","FIU_WQMP","06/28/2016 09:57:00","322-W","Total_Nitrogen",0.0898,"mg/L",24.45833,-81.98167,0.66
"7493","...882200","FIU_WQMP","06/13/2016 14:21:00","289-W","Total_Nitrogen",0.13009,"mg/L",24.77775,-81.033,0.7
"7494","...882208","FIU_WQMP","06/17/2016 14:33:00","302-W","Total_Nitrogen",0.18445,"mg/L",24.80128,-81.48227,0.81
"7495","...882216","FIU_WQMP","06/14/2016 14:18:00","247-W","Total_Nitrogen",0.2097,"mg/L",24.71318,-81.01115,0.66
"7496","...882225","FIU_WQMP","06/14/2016 12:53:00","225-W","Total_Nitrogen",0.08421,"mg/L",25.017,-80.3674,0.68
"7497","...882233","FIU_WQMP","06/17/2016 16:45:00","310-W","Total_Nitrogen",0.26279,"mg/L",24.65752,-81.63265,0.69
"7498","...882241","FIU_WQMP","06/09/2016 15:11:00","212-W","Total_Nitrogen",0.09292,"mg/L",25.29452,-80.24542,0.73
"7499","...882249","FIU_WQMP","06/08/2016 10:19:00","502-W","Total_Nitrogen",0.10183,"mg/L",24.9265,-80.62067,0.67
"7500","...882253","FIU_WQMP","03/02/2016 15:19:00","264-W","Total_Nitrogen",0.05926,"mg/L",24.94677,-80.45947,0.74
"7501","...882261","FIU_WQMP","06/27/2016 16:51:00","278-W","Total_Nitrogen",1.1467,"mg/L",24.49862,-81.81895,0.75
"7502","...882268","FIU_WQMP","06/14/2016 13:40:00","250-W","Total_Nitrogen",0.11652,"mg/L",24.69193,-81.18245,0.69
"7503","...882278","FIU_WQMP","03/14/2016 10:41:00","335-W","Total_Nitrogen",0.06885,"mg/L",24.46083,-82.38317,0.67
"7504","...882286","FIU_WQMP","03/02/2016 13:57:00","222-W","Total_Nitrogen",0.08286,"mg/L",25.07237,-80.31277,0.73
"7505","...882294","FIU_WQMP","06/28/2016 16:50:00","315-W","Total_Nitrogen",0.13371,"mg/L",24.63325,-81.82827,0.67
"7506","...882302","FIU_WQMP","03/12/2016 11:50:00","288-W","Total_Nitrogen",0.16339,"mg/L",24.88333,-81.08333,0.75
"7507","...882311","FIU_WQMP","06/13/2016 15:13:00","268-W","Total_Nitrogen",0.15936,"mg/L",24.58782,-81.57698,0.74
"7508","...882318","FIU_WQMP","03/15/2016 12:46:00","259-W","Total_Nitrogen",0.08749,"mg/L",24.57037,-81.32167,0.75
"7509","...882326","FIU_WQMP","03/12/2016 12:20:00","290-W","Total_Nitrogen",0.17058,"mg/L",24.86267,-81.21623,0.67
"7510","...882337","FIU_WQMP","03/07/2016 13:14:00","217-W","Total_Nitrogen",0.10912,"mg/L",25.17332,-80.33985,0.79
"7511","...882347","FIU_WQMP","06/17/2016 12:57:00","507-W","Total_Nitrogen",0.36103,"mg/L",24.69309,-81.35463,0.67
"7512","...882355","FIU_WQMP","06/13/2016 11:32:00","287-W","Total_Nitrogen",0.12584,"mg/L",24.84667,-81.00833,0.78
"7513","...882358","FIU_WQMP","03/01/2016 10:46:00","273-W","Total_Nitrogen",0.06394,"mg/L",24.4929,-81.6571,0.67
"7514","...882369","FIU_WQMP","06/09/2016 10:58:00","213-W","Total_Nitrogen",0.07442,"mg/L",25.26312,-80.18773,0.66
"7515","...882376","FIU_WQMP","03/03/2016 14:44:00","241-W","Total_Nitrogen",0.21694,"mg/L",24.80247,-80.8089,0.67
"7516","...882382","FIU_WQMP","06/14/2016 14:58:00","242-W","Total_Nitrogen",0.23621,"mg/L",24.7915,-80.81225,0.74
"7517","...882392","FIU_WQMP","03/12/2016 13:59:00","505-W","Total_Nitrogen",0.14045,"mg/L",24.71208,-81.10071,0.69
"7518","...882400","FIU_WQMP","03/03/2016 09:55:00","239-W","Total_Nitrogen",0.09079,"mg/L",24.80223,-80.7162,0.69
"7519","...882411","FIU_WQMP","06/14/2016 14:54:00","219-W","Total_Nitrogen",0.04103,"mg/L",25.142,-80.258,0.66
"7520","...882417","FIU_WQMP","03/17/2016 13:18:00","315-W","Total_Nitrogen",0.11638,"mg/L",24.63325,-81.82827,0.69
"7521","...882425","FIU_WQMP","06/13/2016 14:34:00","270-W","Total_Nitrogen",0.11067,"mg/L",24.52162,-81.56432,0.66
"7522","...882435","FIU_WQMP","03/07/2016 12:11:00","212-W","Total_Nitrogen",0.08775,"mg/L",25.29452,-80.24542,0.67
"7523","...882443","FIU_WQMP","06/27/2016 15:43:00","403-W","Total_Nitrogen",0.07781,"mg/L",24.483,-81.7,0.7
"7524","...882452","FIU_WQMP","06/14/2016 15:27:00","218-W","Total_Nitrogen",0.04962,"mg/L",25.15897,-80.29455,0.68
"7525","...882457","FIU_WQMP","06/27/2016 15:55:00","276-W","Total_Nitrogen",0.11239,"mg/L",24.47538,-81.73742,0.74
"7526","...882467","FIU_WQMP","06/17/2016 15:31:00","307-W","Total_Nitrogen",0.1668,"mg/L",24.72503,-81.52052,0.73
"7527","...882469","FIU_WQMP","03/01/2016 13:21:00","275-W","Total_Nitrogen",0.11113,"mg/L",24.52143,-81.74422,0.73
"7528","...882479","FIU_WQMP","03/12/2016 13:28:00","292-W","Total_Nitrogen",0.18176,"mg/L",24.76312,-81.11248,0.75
"7529","...882484","FIU_WQMP","06/14/2016 12:30:00","224-W","Total_Nitrogen",0.06343,"mg/L",25.03082,-80.39527,0.69
"7530","...882496","FIU_WQMP","03/01/2016 12:08:00","280-W","Total_Nitrogen",0.06297,"mg/L",24.45363,-81.84365,0.69
"7531","...882500","FIU_WQMP","06/09/2016 10:58:00","213-W","Total_Nitrogen",0.07442,"mg/L",25.26312,-80.18773,0.66
"7532","...882505","FIU_WQMP","06/08/2016 13:23:00","217-W","Total_Nitrogen",0.06607,"mg/L",25.17332,-80.33985,0.67
"7533","...882507","FIU_WQMP","03/15/2016 14:22:00","270-W","Total_Nitrogen",0.08509,"mg/L",24.52162,-81.56432,0.66
"7534","...882526","FIU_WQMP","03/07/2016 09:36:00","501-W","Total_Nitrogen",0.46076,"mg/L",25.11053,-80.43421,0.67
"7535","...882535","FIU_WQMP","06/09/2016 15:09:00","214-W","Total_Nitrogen",0.11231,"mg/L",25.2462,-80.29918,0.66
"7536","...882545","FIU_WQMP","03/03/2016 11:20:00","249-W","Total_Nitrogen",0.11061,"mg/L",24.675,-80.9583,0.75
"7537","...882551","FIU_WQMP","03/03/2016 11:52:00","402-W","Total_Nitrogen",0.1054,"mg/L",24.63,-81.112,0.71
"7538","...882559","FIU_WQMP","03/03/2016 16:15:00","229-W","Total_Nitrogen",0.09032,"mg/L",24.95012,-80.56218,0.73
"7539","...882567","FIU_WQMP","03/12/2016 12:40:00","291-W","Total_Nitrogen",0.17883,"mg/L",24.81682,-81.14678,0.71
"7540","...882574","FIU_WQMP","03/07/2016 14:54:00","226-W","Total_Nitrogen",0.16196,"mg/L",25.0084,-80.50148,0.66
"7541","...882583","FIU_WQMP","06/09/2016 14:39:00","207-W","Total_Nitrogen",0.09439,"mg/L",25.36443,-80.21508,0.69
"7542","...882593","FIU_WQMP","03/15/2016 14:52:00","268-W","Total_Nitrogen",0.14721,"mg/L",24.58782,-81.57698,0.66
"7543","...882601","FIU_WQMP","03/14/2016 14:58:00","325-W","Total_Nitrogen",0.08197,"mg/L",24.54167,-82.1,0.73
"7544","...882609","FIU_WQMP","03/03/2016 15:21:00","235-W","Total_Nitrogen",0.10539,"mg/L",24.87123,-80.66865,0.66
"7545","...882617","FIU_WQMP","03/03/2016 15:40:00","502-W","Total_Nitrogen",0.13074,"mg/L",24.9265,-80.62067,0.71
"7546","...882625","FIU_WQMP","06/14/2016 11:45:00","246-W","Total_Nitrogen",0.0571,"mg/L",24.71317,-80.85813,0.73
"7547","...882631","FIU_WQMP","03/03/2016 13:19:00","504-W","Total_Nitrogen",0.22556,"mg/L",24.72254,-81.04338,0.66
"7548","...882640","FIU_WQMP","03/14/2016 11:32:00","333-W","Total_Nitrogen",0.07347,"mg/L",24.57717,-82.49133,0.79
"7549","...882645","FIU_WQMP","06/09/2016 10:33:00","216-W","Total_Nitrogen",0.06658,"mg/L",25.22,-80.217,0.67
"7550","...882655","FIU_WQMP","06/14/2016 14:27:00","400-W","Total_Nitrogen",0.06484,"mg/L",25.1073,-80.3064,0.66
"7551","...882661","FIU_WQMP","03/12/2016 10:37:00","282-W","Total_Nitrogen",0.23409,"mg/L",24.86667,-80.885,0.66
"7552","...882674","FIU_WQMP","03/15/2016 12:46:00","259-W","Total_Nitrogen",0.08336,"mg/L",24.57037,-81.32167,0.75
"7553","...882678","FIU_WQMP","03/14/2016 15:30:00","319-W","Total_Nitrogen",0.10507,"mg/L",24.629,-82.07133,0.66
"7554","...882687","FIU_WQMP","03/03/2016 16:06:00","230-W","Total_Nitrogen",0.08484,"mg/L",24.93965,-80.55162,0.7
"7555","...882696","FIU_WQMP","06/14/2016 11:05:00","239-W","Total_Nitrogen",0.10104,"mg/L",24.80223,-80.7162,0.69
"7556","...882704","FIU_WQMP","03/02/2016 14:32:00","224-W","Total_Nitrogen",0.09222,"mg/L",25.03082,-80.39527,0.75
"7557","...882712","FIU_WQMP","03/07/2016 12:33:00","215-W","Total_Nitrogen",0.10642,"mg/L",25.23667,-80.28897,0.82
"7558","...882723","FIU_WQMP","03/12/2016 10:59:00","284-W","Total_Nitrogen",0.21824,"mg/L",24.87667,-80.95833,0.7
"7559","...882730","FIU_WQMP","06/13/2016 16:31:00","253-W","Total_Nitrogen",0.13066,"mg/L",24.64537,-81.30723,0.66
"7560","...882737","FIU_WQMP","06/14/2016 12:04:00","249-W","Total_Nitrogen",0.07254,"mg/L",24.675,-80.9583,0.66
"7561","...882744","FIU_WQMP","06/13/2016 12:13:00","291-W","Total_Nitrogen",0.10792,"mg/L",24.81682,-81.14678,0.76
"7562","...882752","FIU_WQMP","03/03/2016 12:48:00","250-W","Total_Nitrogen",0.10659,"mg/L",24.69193,-81.18245,0.7
"7563","...882760","FIU_WQMP","06/08/2016 12:40:00","500-W","Total_Nitrogen",0.095,"mg/L",25.08535,-80.43346,0.67
"7564","...882768","FIU_WQMP","06/09/2016 14:05:00","204-W","Total_Nitrogen",0.11218,"mg/L",25.43082,-80.19553,0.7
"7565","...882776","FIU_WQMP","03/03/2016 13:34:00","247-W","Total_Nitrogen",0.18283,"mg/L",24.71318,-81.01115,0.67
"7566","...882783","FIU_WQMP","06/27/2016 15:14:00","272-W","Total_Nitrogen",0.11875,"mg/L",24.50548,-81.65433,0.83
"7567","...882791","FIU_WQMP","03/14/2016 11:01:00","332-W","Total_Nitrogen",0.10574,"mg/L",24.5355,-82.36733,0.69
"7568","...882803","FIU_WQMP","06/14/2016 12:30:00","224-W","Total_Nitrogen",0.06651,"mg/L",25.03082,-80.39527,0.69
"7569","...882807","FIU_WQMP","03/17/2016 12:28:00","310-W","Total_Nitrogen",0.13583,"mg/L",24.65752,-81.63265,0.67
"7570","...882820","FIU_WQMP","06/13/2016 11:52:00","254-W","Total_Nitrogen",0.1387,"mg/L",24.65792,-81.26502,0.75
"7571","...882829","FIU_WQMP","03/12/2016 14:25:00","289-W","Total_Nitrogen",0.17264,"mg/L",24.77775,-81.033,0.66
"7572","...882834","FIU_WQMP","06/13/2016 12:32:00","256-W","Total_Nitrogen",0.12278,"mg/L",24.58497,-81.23408,0.73
"7573","...882844","FIU_WQMP","03/02/2016 11:44:00","210-W","Total_Nitrogen",0.07202,"mg/L",25.325,-80.1636,0.66
"7574","...882850","FIU_WQMP","03/13/2016 09:01:00","254-W","Total_Nitrogen",0.16558,"mg/L",24.65792,-81.26502,0.69
"7575","...882858","FIU_WQMP","03/13/2016 10:08:00","253-W","Total_Nitrogen",0.14861,"mg/L",24.64537,-81.30723,0.73
"7576","...882868","FIU_WQMP","03/15/2016 13:47:00","267-W","Total_Nitrogen",0.10314,"mg/L",24.53008,-81.4873,0.66
"7577","...882872","FIU_WQMP","06/14/2016 14:44:00","244-W","Total_Nitrogen",0.19118,"mg/L",24.79333,-80.86333,0.69
"7578","...882882","FIU_WQMP","03/13/2016 09:00:00","","Total_Nitrogen",0.05,"mg/L",NA,NA,NA
"7579","...882884","FIU_WQMP","03/15/2016 14:38:00","269-W","Total_Nitrogen",0.13762,"mg/L",24.55943,-81.55955,0.67
"7580","...882888","FIU_WQMP","02/26/2016 12:53:00","","Total_Nitrogen",0.05,"mg/L",NA,NA,NA
"7581","...882914","FIU_WQMP","03/17/2016 11:20:00","","Total_Nitrogen",0.05,"mg/L",NA,NA,NA
"7582","...882920","FIU_WQMP","03/12/2016 10:30:00","","Total_Nitrogen",0.05,"mg/L",NA,NA,NA
"7583","...882921","FIU_WQMP","03/07/2016 09:28:00","","Total_Nitrogen",0.05,"mg/L",NA,NA,NA
"7584","...882926","FIU_WQMP","03/14/2016 16:22:00","","Total_Nitrogen",0.05,"mg/L",NA,NA,NA
"7585","...882934","FIU_WQMP","06/08/2016 13:40:00","","Total_Nitrogen",0.03,"mg/L",NA,NA,NA
"7586","...882944","FIU_WQMP","03/17/2016 12:53:00","312-W","Total_Nitrogen",0.12894,"mg/L",24.65978,-81.76343,0.383
"7587","...882963","FIU_WQMP","03/12/2016 10:30:00","","Total_Nitrogen",0.05,"mg/L",NA,NA,NA
"7588","...882964","FIU_WQMP","06/27/2016 14:25:00","","Total_Nitrogen",0.03,"mg/L",NA,NA,NA
"7589","...882971","FIU_WQMP","03/07/2016 09:28:00","","Total_Nitrogen",0.05,"mg/L",NA,NA,NA
"7590","...882975","FIU_WQMP","06/13/2016 11:00:00","","Total_Nitrogen",0.03,"mg/L",NA,NA,NA
"7591","...882991","FIU_WQMP","03/02/2016 15:45:00","","Total_Nitrogen",0.05,"mg/L",NA,NA,NA
"7592","...882997","FIU_WQMP","03/03/2016 16:40:00","","Total_Nitrogen",0.05,"mg/L",NA,NA,NA
"7593","...883001","FIU_WQMP","03/01/2016 14:15:00","","Total_Nitrogen",0.05,"mg/L",NA,NA,NA
"7594","...883012","FIU_WQMP","03/13/2016 15:25:00","","Total_Nitrogen",0.05,"mg/L",NA,NA,NA
"7595","...883017","FIU_WQMP","02/26/2016 11:00:00","","Total_Nitrogen",0.05,"mg/L",NA,NA,NA
"7596","...883023","FIU_WQMP","06/14/2016 10:45:00","","Total_Nitrogen",0.07919,"mg/L",NA,NA,NA
"7597","...883034","FIU_WQMP","06/17/2016 13:04:00","","Total_Nitrogen",0.04631,"mg/L",NA,NA,NA
"7598","...883038","FIU_WQMP","06/09/2016 15:58:00","","Total_Nitrogen",0.03,"mg/L",NA,NA,NA
"7599","...883043","FIU_WQMP","06/13/2016 16:47:00","","Total_Nitrogen",0.03,"mg/L",NA,NA,NA
"7600","...883048","FIU_WQMP","06/27/2016 18:00:00","","Total_Nitrogen",0.03,"mg/L",NA,NA,NA
"7601","...883055","FIU_WQMP","06/14/2016 15:50:00","","Total_Nitrogen",0.03,"mg/L",NA,NA,NA
"7602","...883059","FIU_WQMP","06/08/2016 07:40:00","","Total_Nitrogen",0.03,"mg/L",NA,NA,NA
"7603","...883064","FIU_WQMP","06/28/2016 18:05:00","","Total_Nitrogen",0.03,"mg/L",NA,NA,NA
"7604","...883071","FIU_WQMP","06/09/2016 10:20:00","","Total_Nitrogen",0.03,"mg/L",NA,NA,NA
"7605","...883090","FIU_WQMP","06/14/2016 10:20:00","","Total_Nitrogen",0.03,"mg/L",NA,NA,NA
"7606","...883095","FIU_WQMP","06/28/2016 09:06:00","","Total_Nitrogen",0.03,"mg/L",NA,NA,NA
"7607","...883116","FIU_WQMP","06/13/2016 11:40:00","","Total_Nitrogen",0.03,"mg/L",NA,NA,NA
"7608","...883125","FIU_WQMP","03/02/2016 08:35:00","","Total_Nitrogen",0.05,"mg/L",NA,NA,NA
"7609","...883138","FIU_WQMP","06/17/2016 19:55:00","","Total_Nitrogen",0.03,"mg/L",NA,NA,NA
"7610","...883145","FIU_WQMP","06/13/2016 14:42:00","","Total_Nitrogen",0.03,"mg/L",NA,NA,NA
"7611","...883150","FIU_WQMP","03/15/2016 17:59:00","","Total_Nitrogen",0.05,"mg/L",NA,NA,NA
"7612","...883158","FIU_WQMP","03/17/2016 16:41:00","","Total_Nitrogen",0.05,"mg/L",NA,NA,NA
"7613","...883161","FIU_WQMP","06/17/2016 16:12:00","309-W","Total_Nitrogen",0.18877,"mg/L",24.69772,-81.68318,0.78
"7614","...883176","FIU_WQMP","03/12/2016 13:08:00","294-W","Total_Nitrogen",0.16052,"mg/L",24.7555,-81.17218,0.77
"7615","...883183","FIU_WQMP","03/01/2016 14:15:00","","Total_Nitrogen",0.05,"mg/L",NA,NA,NA
"7616","...883184","FIU_WQMP","03/14/2016 08:20:00","","Total_Nitrogen",0.05,"mg/L",NA,NA,NA
"7617","...883188","FIU_WQMP","03/03/2016 08:10:00","","Total_Nitrogen",0.05,"mg/L",NA,NA,NA
"7618","...883195","FIU_WQMP","03/15/2016 12:30:00","","Total_Nitrogen",0.05,"mg/L",NA,NA,NA
"7619","...883204","FIU_WQMP","06/14/2016 15:50:00","","Total_Nitrogen",0.03,"mg/L",NA,NA,NA
"7620","...883219","FIU_WQMP","03/01/2016 10:13:00","272-W","Total_Nitrogen",0.14167,"mg/L",24.50548,-81.65433,0.71
"7621","...883224","FIU_WQMP","06/14/2016 10:47:00","237-W","Total_Nitrogen",0.12451,"mg/L",24.83265,-80.64907,0.69
"7622","...883235","FIU_WQMP","06/27/2016 17:19:00","316-W","Total_Nitrogen",0.15025,"mg/L",24.58577,-81.8024,0.69
"7623","...883243","FIU_WQMP","06/13/2016 15:30:00","266-W","Total_Nitrogen",0.20086,"mg/L",24.61105,-81.50527,0.66
"7624","...883253","FIU_WQMP","03/15/2016 17:40:00","248-W","Total_Nitrogen",0.09528,"mg/L",24.69167,-80.96667,0.69
"7625","...883262","FIU_WQMP","06/17/2016 18:29:00","509-W","Total_Nitrogen",0.1702,"mg/L",24.5523,-81.7494,0.69
"7626","...883268","FIU_WQMP","03/01/2016 13:58:00","271-W","Total_Nitrogen",0.12777,"mg/L",24.55667,-81.66667,0.71
"7627","...883277","FIU_WQMP","03/15/2016 15:13:00","266-W","Total_Nitrogen",0.16358,"mg/L",24.61105,-81.50527,0.75
"7628","...883282","FIU_WQMP","06/14/2016 13:06:00","252-W","Total_Nitrogen",0.09107,"mg/L",24.60693,-81.15442,0.77
"7629","...883290","FIU_WQMP","03/02/2016 10:11:00","200-W","Total_Nitrogen",0.17001,"mg/L",25.59,-80.1,0.67
"7630","...883293","FIU_WQMP","06/28/2022 10:20:00","259-W","Total_Nitrogen",0.11205,"mg/L",24.57037,-81.32167,0.678
"7631","...883302","FIU_WQMP","09/12/2022 16:37:00","324-W","Total_Nitrogen",0.08094,"mg/L",24.65333,-82.15833,0.727
"7632","...883311","FIU_WQMP","09/02/2015 10:50:00","222-W","Total_Nitrogen",0.08823,"mg/L",25.07237,-80.31277,0.65
"7633","...883336","FIU_WQMP","09/03/2015 09:19:00","211-W","Total_Nitrogen",0.14508,"mg/L",25.30788,-80.26165,0.68
"7634","...883341","FIU_WQMP","09/24/2015 12:03:00","302-W","Total_Nitrogen",0.12955,"mg/L",24.80128,-81.48227,0.66
"7635","...883343","FIU_WQMP","09/25/2015 12:32:00","310-W","Total_Nitrogen",0.19241,"mg/L",24.65752,-81.63265,0.67
"7636","...883344","FIU_WQMP","09/03/2015 12:47:00","203-W","Total_Nitrogen",0.11042,"mg/L",25.48053,-80.11768,0.65
"7637","...883350","FIU_WQMP","09/17/2015 13:34:00","263-W","Total_Nitrogen",0.09232,"mg/L",24.54843,-81.39742,0.72
"7638","...883354","FIU_WQMP","09/03/2015 10:09:00","207-W","Total_Nitrogen",0.10372,"mg/L",25.36443,-80.21508,0.66
"7639","...883355","FIU_WQMP","02/08/2022 11:14:00","252-W","Total_Nitrogen",0.0413,"mg/L",24.60693,-81.15442,0.74
"7640","...883361","FIU_WQMP","02/21/2022 12:46:00","230-W","Total_Nitrogen",0.0413,"mg/L",24.93965,-80.55162,0.71
"7641","...883362","FIU_WQMP","02/28/2022 12:42:00","291-W","Total_Nitrogen",0.1867,"mg/L",24.81682,-81.14678,0.68
"7642","...883374","FIU_WQMP","06/28/2022 11:15:00","267-W","Total_Nitrogen",0.08153,"mg/L",24.53008,-81.4873,0.726
"7643","...883381","FIU_WQMP","05/18/2022 11:10:00","212-W","Total_Nitrogen",0.0856,"mg/L",25.29452,-80.24542,0.68
"7644","...883388","FIU_WQMP","09/12/2022 16:01:00","330-W","Total_Nitrogen",0.07617,"mg/L",24.66533,-82.374,0.69
"7645","...883394","FIU_WQMP","09/23/2015 08:54:00","239-W","Total_Nitrogen",0.19861,"mg/L",24.80223,-80.7162,0.65
"7646","...883411","FIU_WQMP","08/26/2022 11:22:00","219-W","Total_Nitrogen",0.09667,"mg/L",25.142,-80.258,0.676
"7647","...883417","FIU_WQMP","06/28/2022 13:23:00","280-W","Total_Nitrogen",0.0827,"mg/L",24.45363,-81.84365,0.712
"7648","...883422","FIU_WQMP","06/13/2022 08:52:00","287-W","Total_Nitrogen",0.14713,"mg/L",24.84667,-81.00833,0.689
"7649","...883483","FIU_WQMP","02/28/2022 13:12:00","292-W","Total_Nitrogen",0.2333,"mg/L",24.76312,-81.11248,0.69
"7650","...883490","FIU_WQMP","02/07/2022 13:12:00","269-W","Total_Nitrogen",0.0413,"mg/L",24.55943,-81.55955,0.73
"7651","...883493","FIU_WQMP","06/28/2022 11:15:00","267-W","Total_Nitrogen",0.07208,"mg/L",24.53008,-81.4873,0.726
"7652","...883510","FIU_WQMP","09/01/2022 13:42:00","288-W","Total_Nitrogen",0.07364,"mg/L",24.88333,-81.08333,0.694
"7653","...883520","FIU_WQMP","09/23/2015 16:42:00","241-W","Total_Nitrogen",0.09865,"mg/L",24.80247,-80.8089,0.67
"7654","...883523","FIU_WQMP","06/11/2022 11:50:00","401-W","Total_Nitrogen",0.05644,"mg/L",24.853,-80.622,0.674
"7655","...883532","FIU_WQMP","06/28/2022 14:31:00","271-W","Total_Nitrogen",0.23132,"mg/L",24.55667,-81.66667,0.716
"7656","...883543","FIU_WQMP","06/13/2022 09:39:00","291-W","Total_Nitrogen",0.08485,"mg/L",24.81682,-81.14678,0.678
"7657","...883574","FIU_WQMP","09/23/2015 12:09:00","256-W","Total_Nitrogen",0.11067,"mg/L",24.58497,-81.23408,0.66
"7658","...883589","FIU_WQMP","02/18/2022 11:37:00","231-W","Total_Nitrogen",0.0413,"mg/L",24.925,-80.503,0.69
"7659","...883599","FIU_WQMP","05/27/2022 12:33:00","238-W","Total_Nitrogen",0.08718,"mg/L",24.83442,-80.74683,0.751
"7660","...883602","FIU_WQMP","08/23/2022 15:41:00","250-W","Total_Nitrogen",0.19667,"mg/L",24.69193,-81.18245,0.703
"7661","...883609","FIU_WQMP","09/01/2022 14:19:00","290-W","Total_Nitrogen",0.04843,"mg/L",24.86267,-81.21623,0.633
"7662","...883611","FIU_WQMP","08/26/2022 11:41:00","400-W","Total_Nitrogen",0.09333,"mg/L",25.1073,-80.3064,0.81
"7663","...883614","FIU_WQMP","09/01/2022 16:05:00","305-W","Total_Nitrogen",0.04843,"mg/L",24.76852,-81.555,0.644
"7664","...883623","FIU_WQMP","08/23/2022 13:29:00","243-W","Total_Nitrogen",0.14,"mg/L",24.745,-80.78333,0.679
"7665","...883634","FIU_WQMP","08/31/2022 14:16:00","203-W","Total_Nitrogen",0.04843,"mg/L",25.48053,-80.11768,0.699
"7666","...883678","FIU_WQMP","09/01/2015 08:58:00","501-W","Total_Nitrogen",0.47632,"mg/L",25.11053,-80.43421,0.66
"7667","...883686","FIU_WQMP","09/24/2015 15:11:00","314-W","Total_Nitrogen",0.25454,"mg/L",24.75043,-81.43578,0.66
"7668","...883690","FIU_WQMP","09/23/2015 11:08:00","402-W","Total_Nitrogen",0.12409,"mg/L",24.63,-81.112,0.65
"7669","...883707","FIU_WQMP","02/19/2022 10:35:00","203-W","Total_Nitrogen",0.0413,"mg/L",25.48053,-80.11768,0.66
"7670","...883715","FIU_WQMP","02/22/2022 12:36:00","310-W","Total_Nitrogen",0.1167,"mg/L",24.65752,-81.63265,0.67
"7671","...883741","FIU_WQMP","09/01/2022 16:18:00","307-W","Total_Nitrogen",0.05092,"mg/L",24.72503,-81.52052,0.656
"7672","...883744","FIU_WQMP","09/13/2022 13:08:00","275-W","Total_Nitrogen",0.08455,"mg/L",24.52143,-81.74422,0.678
"7673","...883746","FIU_WQMP","09/08/2015 13:48:00","282-W","Total_Nitrogen",0.23939,"mg/L",24.86667,-80.885,0.66
"7674","...883790","FIU_WQMP","09/13/2015 16:31:00","332-W","Total_Nitrogen",0.0994,"mg/L",24.5355,-82.36733,0.69
"7675","...883794","FIU_WQMP","09/01/2015 14:27:00","401-W","Total_Nitrogen",0.09842,"mg/L",24.853,-80.622,0.69
"7676","...883810","FIU_WQMP","02/08/2022 13:05:00","247-W","Total_Nitrogen",0.05,"mg/L",24.71318,-81.01115,0.67
"7677","...883820","FIU_WQMP","02/21/2022 09:57:00","211-W","Total_Nitrogen",0.1567,"mg/L",25.30788,-80.26165,0.67
"7678","...883821","FIU_WQMP","06/07/2022 10:30:00","256-W","Total_Nitrogen",0.04775,"mg/L",24.58497,-81.23408,0.722
"7679","...883823","FIU_WQMP","05/16/2022 09:56:00","207-W","Total_Nitrogen",0.10687,"mg/L",25.36443,-80.21508,0.67
"7680","...883830","FIU_WQMP","03/17/2022 13:45:00","324-W","Total_Nitrogen",0.13,"mg/L",24.65333,-82.15833,0.68
"7681","...883831","FIU_WQMP","06/09/2022 12:46:00","218-W","Total_Nitrogen",0.04178,"mg/L",25.15897,-80.29455,0.696
"7682","...883841","FIU_WQMP","09/01/2022 18:47:00","505-W","Total_Nitrogen",0.04843,"mg/L",24.71208,-81.10071,0.671
"7683","...883848","FIU_WQMP","06/13/2022 11:06:00","295-W","Total_Nitrogen",0.07306,"mg/L",24.85163,-81.35123,0.685
"7684","...883852","FIU_WQMP","08/29/2022 14:00:00","226-W","Total_Nitrogen",0.15333,"mg/L",25.0084,-80.50148,0.691
"7685","...883890","FIU_WQMP","09/23/2015 13:24:00","254-W","Total_Nitrogen",0.12984,"mg/L",24.65792,-81.26502,0.67
"7686","...883915","FIU_WQMP","02/21/2022 11:40:00","500-W","Total_Nitrogen",0.19,"mg/L",25.08535,-80.43346,0.66
"7687","...883921","FIU_WQMP","06/09/2022 12:22:00","219-W","Total_Nitrogen",0.04127,"mg/L",25.142,-80.258,0.731
"7688","...883934","FIU_WQMP","08/26/2022 13:58:00","401-W","Total_Nitrogen",0.08667,"mg/L",24.853,-80.622,0.699
"7689","...883953","FIU_WQMP","06/13/2022 10:36:00","296-W","Total_Nitrogen",0.11511,"mg/L",24.79152,-81.28908,0.691
"7690","...883954","FIU_WQMP","06/28/2022 15:32:00","268-W","Total_Nitrogen",0.1295,"mg/L",24.58782,-81.57698,0.752
"7691","...883956","FIU_WQMP","08/29/2022 14:56:00","220-W","Total_Nitrogen",0.10667,"mg/L",25.11355,-80.37342,0.672
"7692","...884000","FIU_WQMP","09/17/2015 11:24:00","506-W","Total_Nitrogen",0.26138,"mg/L",24.65941,-81.38327,0.66
"7693","...884015","FIU_WQMP","01/25/2022 12:00:00","275-W","Total_Nitrogen",0.0833,"mg/L",24.52143,-81.74422,0.74
"7694","...884024","FIU_WQMP","02/28/2022 14:02:00","285-W","Total_Nitrogen",0.1467,"mg/L",24.80998,-80.92028,0.74
"7695","...884029","FIU_WQMP","02/18/2022 12:54:00","239-W","Total_Nitrogen",0.07,"mg/L",24.80223,-80.7162,0.74
"7696","...884049","FIU_WQMP","06/11/2022 17:34:00","247-W","Total_Nitrogen",0.07845,"mg/L",24.71318,-81.01115,0.63
"7697","...884057","FIU_WQMP","08/23/2022 14:58:00","402-W","Total_Nitrogen",0.19,"mg/L",24.63,-81.112,0.769
"7698","...884067","FIU_WQMP","08/29/2022 12:07:00","238-W","Total_Nitrogen",0.04843,"mg/L",24.83442,-80.74683,0.686
"7699","...884075","FIU_WQMP","05/19/2022 13:48:00","315-W","Total_Nitrogen",0.13082,"mg/L",24.63325,-81.82827,0.65
"7700","...884110","FIU_WQMP","09/02/2015 13:09:00","216-W","Total_Nitrogen",0.1031,"mg/L",25.22,-80.217,0.66
"7701","...884112","FIU_WQMP","09/02/2015 12:14:00","219-W","Total_Nitrogen",0.078,"mg/L",25.142,-80.258,0.66
"7702","...884117","FIU_WQMP","09/13/2015 13:15:00","328-W","Total_Nitrogen",0.08656,"mg/L",24.454,-82.224,0.7
"7703","...884118","FIU_WQMP","09/13/2015 14:12:00","335-W","Total_Nitrogen",0.0868,"mg/L",24.46083,-82.38317,0.66
"7704","...884126","FIU_WQMP","01/25/2022 13:44:00","276-W","Total_Nitrogen",0.0413,"mg/L",24.47538,-81.73742,0.68
"7705","...884133","FIU_WQMP","02/18/2022 14:15:00","232-W","Total_Nitrogen",0.08,"mg/L",24.92703,-80.59852,0.71
"7706","...884139","FIU_WQMP","02/21/2022 10:12:00","212-W","Total_Nitrogen",0.0413,"mg/L",25.29452,-80.24542,0.68
"7707","...884147","FIU_WQMP","02/18/2022 08:12:00","501-W","Total_Nitrogen",0.48,"mg/L",25.11053,-80.43421,0.66
"7708","...884160","FIU_WQMP","09/08/2022 11:57:00","253-W","Total_Nitrogen",0.12948,"mg/L",24.64537,-81.30723,0.662
"7709","...884166","FIU_WQMP","09/17/2015 14:32:00","259-W","Total_Nitrogen",0.08563,"mg/L",24.57037,-81.32167,0.67
"7710","...884168","FIU_WQMP","09/08/2022 12:26:00","506-W","Total_Nitrogen",0.16832,"mg/L",24.65941,-81.38327,0.689
"7711","...884186","FIU_WQMP","06/18/2022 07:27:00","322-W","Total_Nitrogen",0.09077,"mg/L",24.45833,-81.98167,0.696
"7712","...884191","FIU_WQMP","06/18/2022 07:00:00","281-W","Total_Nitrogen",0.10974,"mg/L",24.495,-81.89167,0.697
"7713","...884238","FIU_WQMP","09/13/2015 15:35:00","337-W","Total_Nitrogen",0.06437,"mg/L",24.59133,-82.58783,0.69
"7714","...884240","FIU_WQMP","09/14/2015 12:06:00","275-W","Total_Nitrogen",0.11621,"mg/L",24.52143,-81.74422,0.67
"7715","...884249","FIU_WQMP","01/26/2022 13:06:00","314-W","Total_Nitrogen",0.1133,"mg/L",24.75043,-81.43578,0.69
"7716","...884252","FIU_WQMP","02/18/2022 14:06:00","502-W","Total_Nitrogen",0.1067,"mg/L",24.9265,-80.62067,0.72
"7717","...884256","FIU_WQMP","05/18/2022 11:40:00","214-W","Total_Nitrogen",0.10324,"mg/L",25.2462,-80.29918,0.69
"7718","...884261","FIU_WQMP","09/08/2022 11:47:00","254-W","Total_Nitrogen",0.08414,"mg/L",24.65792,-81.26502,0.667
"7719","...884270","FIU_WQMP","09/08/2022 13:26:00","269-W","Total_Nitrogen",0.11223,"mg/L",24.55943,-81.55955,0.618
"7720","...884272","FIU_WQMP","09/13/2015 10:52:00","281-W","Total_Nitrogen",0.11081,"mg/L",24.495,-81.89167,0.67
"7721","...884275","FIU_WQMP","09/13/2022 14:39:00","278-W","Total_Nitrogen",0.07821,"mg/L",24.49862,-81.81895,0.678
"7722","...884279","FIU_WQMP","06/13/2022 11:35:00","302-W","Total_Nitrogen",0.09481,"mg/L",24.80128,-81.48227,0.66
"7723","...884284","FIU_WQMP","05/19/2022 11:24:00","509-W","Total_Nitrogen",0.1447,"mg/L",24.5523,-81.7494,0.66
"7724","...884294","FIU_WQMP","06/13/2022 08:11:00","282-W","Total_Nitrogen",0.28306,"mg/L",24.86667,-80.885,0.676
"7725","...884326","FIU_WQMP","09/25/2015 14:21:00","316-W","Total_Nitrogen",0.15108,"mg/L",24.58577,-81.8024,0.66
"7726","...884328","FIU_WQMP","09/24/2015 10:43:00","507-W","Total_Nitrogen",0.41525,"mg/L",24.69309,-81.35463,0.67
"7727","...884334","FIU_WQMP","09/23/2015 13:04:00","255-W","Total_Nitrogen",0.10377,"mg/L",24.62168,-81.24308,0.67
"7728","...884357","FIU_WQMP","06/09/2022 14:30:00","224-W","Total_Nitrogen",0.04127,"mg/L",25.03082,-80.39527,0.719
"7729","...884360","FIU_WQMP","05/16/2022 12:29:00","210-W","Total_Nitrogen",0.08409,"mg/L",25.325,-80.1636,0.66
"7730","...884375","FIU_WQMP","08/29/2022 14:39:00","500-W","Total_Nitrogen",0.06297,"mg/L",25.08535,-80.43346,0.703
"7731","...884385","FIU_WQMP","09/14/2015 12:35:00","271-W","Total_Nitrogen",0.14188,"mg/L",24.55667,-81.66667,0.7
"7732","...884387","FIU_WQMP","08/23/2022 14:16:00","249-W","Total_Nitrogen",0.13,"mg/L",24.675,-80.9583,0.695
"7733","...884392","FIU_WQMP","05/16/2022 08:37:00","501-W","Total_Nitrogen",0.42011,"mg/L",25.11053,-80.43421,0.71
"7734","...884429","FIU_WQMP","09/13/2015 11:36:00","322-W","Total_Nitrogen",0.10593,"mg/L",24.45833,-81.98167,0.67
"7735","...884431","FIU_WQMP","09/25/2015 15:23:00","509-W","Total_Nitrogen",0.17284,"mg/L",24.5523,-81.7494,0.65
"7736","...884441","FIU_WQMP","02/07/2022 11:12:00","256-W","Total_Nitrogen",0.0413,"mg/L",24.58497,-81.23408,0.68
"7737","...884443","FIU_WQMP","01/26/2022 13:32:00","301-W","Total_Nitrogen",0.0967,"mg/L",24.77258,-81.39665,0.68
"7738","...884444","FIU_WQMP","06/07/2022 10:53:00","253-W","Total_Nitrogen",0.10615,"mg/L",24.64537,-81.30723,0.656
"7739","...884450","FIU_WQMP","06/09/2022 15:10:00","228-W","Total_Nitrogen",0.04127,"mg/L",24.97667,-80.45,0.684
"7740","...884455","FIU_WQMP","09/12/2022 12:24:00","281-W","Total_Nitrogen",0.09189,"mg/L",24.495,-81.89167,0.685
"7741","...884458","FIU_WQMP","09/01/2022 15:03:00","296-W","Total_Nitrogen",0.05662,"mg/L",24.79152,-81.28908,0.665
"7742","...884475","FIU_WQMP","06/13/2022 12:14:00","307-W","Total_Nitrogen",0.09899,"mg/L",24.72503,-81.52052,0.657
"7743","...884478","FIU_WQMP","08/29/2022 15:16:00","217-W","Total_Nitrogen",0.12667,"mg/L",25.17332,-80.33985,0.79
"7744","...884483","FIU_WQMP","08/29/2022 13:49:00","227-W","Total_Nitrogen",0.04843,"mg/L",25.00167,-80.4749,0.93
"7745","...884512","FIU_WQMP","09/23/2015 11:43:00","252-W","Total_Nitrogen",0.11743,"mg/L",24.60693,-81.15442,0.66
"7746","...884530","FIU_WQMP","09/13/2015 17:59:00","324-W","Total_Nitrogen",0.0884,"mg/L",24.65333,-82.15833,0.69
"7747","...884536","FIU_WQMP","02/08/2022 11:39:00","250-W","Total_Nitrogen",0.0733,"mg/L",24.69193,-81.18245,0.65
"7748","...884546","FIU_WQMP","06/07/2022 09:50:00","254-W","Total_Nitrogen",0.07691,"mg/L",24.65792,-81.26502,0.751
"7749","...884555","FIU_WQMP","06/11/2022 18:28:00","242-W","Total_Nitrogen",0.08319,"mg/L",24.7915,-80.81225,0.691
"7750","...884566","FIU_WQMP","09/12/2022 15:03:00","333-W","Total_Nitrogen",0.08135,"mg/L",24.57717,-82.49133,0.698
"7751","...884572","FIU_WQMP","09/01/2022 17:31:00","301-W","Total_Nitrogen",0.0588,"mg/L",24.77258,-81.39665,0.667
"7752","...884583","FIU_WQMP","08/26/2022 10:56:00","218-W","Total_Nitrogen",0.185,"mg/L",25.15897,-80.29455,0.718
"7753","...884613","FIU_WQMP","09/23/2015 14:55:00","504-W","Total_Nitrogen",0.19641,"mg/L",24.72254,-81.04338,0.66
"7754","...884619","FIU_WQMP","09/14/2015 13:50:00","276-W","Total_Nitrogen",0.10118,"mg/L",24.47538,-81.73742,0.67
"7755","...884623","FIU_WQMP","09/01/2015 14:03:00","237-W","Total_Nitrogen",0.08166,"mg/L",24.83265,-80.64907,0.67
"7756","...884630","FIU_WQMP","01/25/2022 11:11:00","278-W","Total_Nitrogen",0.085,"mg/L",24.49862,-81.81895,0.65
"7757","...884635","FIU_WQMP","02/28/2022 12:26:00","290-W","Total_Nitrogen",0.1833,"mg/L",24.86267,-81.21623,0.71
"7758","...884659","FIU_WQMP","03/17/2022 10:13:00","325-W","Total_Nitrogen",0.13,"mg/L",24.54167,-82.1,0.72
"7759","...884674","FIU_WQMP","09/23/2015 17:19:00","238-W","Total_Nitrogen",0.15829,"mg/L",24.83442,-80.74683,0.67
"7760","...884680","FIU_WQMP","08/31/2022 14:34:00","206-W","Total_Nitrogen",0.04843,"mg/L",25.41497,-80.143,0.679
"7761","...884686","FIU_WQMP","05/19/2022 13:05:00","309-W","Total_Nitrogen",0.11391,"mg/L",24.69772,-81.68318,0.66
"7762","...884693","FIU_WQMP","05/19/2022 14:19:00","317-W","Total_Nitrogen",0.13761,"mg/L",24.575,-81.78833,0.67
"7763","...884702","FIU_WQMP","06/13/2022 16:15:00","285-W","Total_Nitrogen",0.1697,"mg/L",24.80998,-80.92028,0.689
"7764","...884738","FIU_WQMP","09/01/2015 12:53:00","232-W","Total_Nitrogen",0.09921,"mg/L",24.92703,-80.59852,0.68
"7765","...884745","FIU_WQMP","09/23/2015 10:14:00","249-W","Total_Nitrogen",0.12374,"mg/L",24.675,-80.9583,0.65
"7766","...884752","FIU_WQMP","09/01/2015 10:20:00","500-W","Total_Nitrogen",0.15874,"mg/L",25.08535,-80.43346,0.66
"7767","...884759","FIU_WQMP","02/19/2022 09:50:00","200-W","Total_Nitrogen",0.0413,"mg/L",25.59,-80.1,0.74
"7768","...884761","FIU_WQMP","02/18/2022 12:28:00","235-W","Total_Nitrogen",0.05,"mg/L",24.87123,-80.66865,0.68
"7769","...884769","FIU_WQMP","03/17/2022 11:32:00","332-W","Total_Nitrogen",0.0867,"mg/L",24.5355,-82.36733,0.66
"7770","...884770","FIU_WQMP","05/16/2022 10:17:00","204-W","Total_Nitrogen",0.11918,"mg/L",25.43082,-80.19553,0.65
"7771","...884775","FIU_WQMP","06/11/2022 14:26:00","249-W","Total_Nitrogen",0.04354,"mg/L",24.675,-80.9583,0.668
"7772","...884787","FIU_WQMP","08/29/2022 10:11:00","501-W","Total_Nitrogen",0.22355,"mg/L",25.11053,-80.43421,0.699
"7773","...884790","FIU_WQMP","09/24/2015 11:19:00","301-W","Total_Nitrogen",0.19015,"mg/L",24.77258,-81.39665,0.65
"7774","...884796","FIU_WQMP","08/31/2022 12:52:00","207-W","Total_Nitrogen",0.04843,"mg/L",25.36443,-80.21508,0.666
"7775","...884798","FIU_WQMP","08/29/2022 13:04:00","232-W","Total_Nitrogen",0.04843,"mg/L",24.92703,-80.59852,0.884
"7776","...884799","FIU_WQMP","05/27/2022 13:05:00","503-W","Total_Nitrogen",0.27112,"mg/L",24.9205,-80.63477,0.66
"7777","...884810","FIU_WQMP","08/31/2022 14:55:00","210-W","Total_Nitrogen",0.04843,"mg/L",25.325,-80.1636,0.699
"7778","...884811","FIU_WQMP","06/28/2022 13:42:00","278-W","Total_Nitrogen",0.0875,"mg/L",24.49862,-81.81895,0.74
"7779","...884849","FIU_WQMP","09/02/2015 10:19:00","224-W","Total_Nitrogen",0.0784,"mg/L",25.03082,-80.39527,0.66
"7780","...884857","FIU_WQMP","09/02/2015 09:59:00","225-W","Total_Nitrogen",0.073,"mg/L",25.017,-80.3674,0.68
"7781","...884872","FIU_WQMP","02/28/2022 13:24:00","505-W","Total_Nitrogen",0.175,"mg/L",24.71208,-81.10071,0.68
"7782","...884874","FIU_WQMP","06/11/2022 18:12:00","244-W","Total_Nitrogen",0.13195,"mg/L",24.79333,-80.86333,0.675
"7783","...884879","FIU_WQMP","09/12/2022 13:48:00","328-W","Total_Nitrogen",0.09564,"mg/L",24.454,-82.224,0.776
"7784","...884884","FIU_WQMP","09/08/2022 17:02:00","255-W","Total_Nitrogen",0.0853,"mg/L",24.62168,-81.24308,0.665
"7785","...884895","FIU_WQMP","09/25/2015 12:55:00","309-W","Total_Nitrogen",0.15567,"mg/L",24.69772,-81.68318,0.66
"7786","...884910","FIU_WQMP","06/11/2022 17:14:00","504-W","Total_Nitrogen",0.13854,"mg/L",24.72254,-81.04338,0.692
"7787","...884922","FIU_WQMP","06/19/2022 11:11:00","325-W","Total_Nitrogen",0.07645,"mg/L",24.54167,-82.1,0.698
"7788","...884924","FIU_WQMP","06/18/2022 09:46:00","333-W","Total_Nitrogen",0.07372,"mg/L",24.57717,-82.49133,0.666
"7789","...884958","FIU_WQMP","09/02/2015 08:51:00","231-W","Total_Nitrogen",0.07576,"mg/L",24.925,-80.503,0.65
"7790","...884979","FIU_WQMP","02/21/2022 10:41:00","214-W","Total_Nitrogen",0.09,"mg/L",25.2462,-80.29918,0.65
"7791","...884986","FIU_WQMP","02/07/2022 14:14:00","506-W","Total_Nitrogen",0.09,"mg/L",24.65941,-81.38327,0.72
"7792","...885000","FIU_WQMP","08/29/2022 12:49:00","502-W","Total_Nitrogen",0.05354,"mg/L",24.9265,-80.62067,0.73
"7793","...885009","FIU_WQMP","08/29/2022 12:29:00","235-W","Total_Nitrogen",0.04843,"mg/L",24.87123,-80.66865,0.679
"7794","...885021","FIU_WQMP","08/29/2022 15:37:00","215-W","Total_Nitrogen",0.09667,"mg/L",25.23667,-80.28897,0.66
"7795","...885031","FIU_WQMP","08/29/2022 13:20:00","230-W","Total_Nitrogen",0.04843,"mg/L",24.93965,-80.55162,0.869
"7796","...885075","FIU_WQMP","03/17/2022 14:11:00","319-W","Total_Nitrogen",0.17,"mg/L",24.629,-82.07133,0.73
"7797","...885081","FIU_WQMP","02/21/2022 11:21:00","220-W","Total_Nitrogen",0.0767,"mg/L",25.11355,-80.37342,0.7
"7798","...885089","FIU_WQMP","02/22/2022 13:47:00","316-W","Total_Nitrogen",0.1167,"mg/L",24.58577,-81.8024,0.66
"7799","...885093","FIU_WQMP","02/22/2022 11:07:00","317-W","Total_Nitrogen",0.1167,"mg/L",24.575,-81.78833,0.66
"7800","...885108","FIU_WQMP","01/25/2022 12:39:00","271-W","Total_Nitrogen",0.1033,"mg/L",24.55667,-81.66667,0.72
"7801","...885136","FIU_WQMP","06/19/2022 11:11:00","325-W","Total_Nitrogen",0.07252,"mg/L",24.54167,-82.1,0.698
"7802","...885160","FIU_WQMP","02/07/2022 12:30:00","267-W","Total_Nitrogen",0.0413,"mg/L",24.53008,-81.4873,0.69
"7803","...885168","FIU_WQMP","02/22/2022 13:10:00","312-W","Total_Nitrogen",0.13,"mg/L",24.65978,-81.76343,0.72
"7804","...885169","FIU_WQMP","06/11/2022 12:15:00","237-W","Total_Nitrogen",0.07713,"mg/L",24.83265,-80.64907,0.656
"7805","...885178","FIU_WQMP","09/12/2022 13:15:00","325-W","Total_Nitrogen",0.10218,"mg/L",24.54167,-82.1,0.703
"7806","...885208","FIU_WQMP","02/21/2022 10:32:00","215-W","Total_Nitrogen",0.0733,"mg/L",25.23667,-80.28897,0.67
"7807","...885209","FIU_WQMP","06/09/2022 15:36:00","264-W","Total_Nitrogen",0.04127,"mg/L",24.94677,-80.45947,0.89
"7808","...885212","FIU_WQMP","06/13/2022 09:13:00","288-W","Total_Nitrogen",0.11709,"mg/L",24.88333,-81.08333,0.671
"7809","...885225","FIU_WQMP","09/01/2022 18:21:00","294-W","Total_Nitrogen",0.06002,"mg/L",24.7555,-81.17218,0.696
"7810","...885249","FIU_WQMP","02/22/2022 11:24:00","508-W","Total_Nitrogen",0.1367,"mg/L",24.57375,-81.76014,0.73
"7811","...885250","FIU_WQMP","09/01/2015 11:14:00","227-W","Total_Nitrogen",0.10403,"mg/L",25.00167,-80.4749,0.66
"7812","...885257","FIU_WQMP","06/28/2022 15:52:00","266-W","Total_Nitrogen",0.14786,"mg/L",24.61105,-81.50527,0.714
"7813","...885273","FIU_WQMP","09/17/2015 12:34:00","269-W","Total_Nitrogen",0.13995,"mg/L",24.55943,-81.55955,0.69
"7814","...885284","FIU_WQMP","02/08/2022 09:43:00","246-W","Total_Nitrogen",0.0413,"mg/L",24.71317,-80.85813,0.76
"7815","...885285","FIU_WQMP","06/09/2022 14:30:00","224-W","Total_Nitrogen",0.04127,"mg/L",25.03082,-80.39527,0.719
"7816","...885309","FIU_WQMP","01/25/2022 13:23:00","403-W","Total_Nitrogen",0.0413,"mg/L",24.483,-81.7,0.69
"7817","...885314","FIU_WQMP","09/14/2015 12:37:00","403-W","Total_Nitrogen",0.08852,"mg/L",24.483,-81.7,0.74
"7818","...885318","FIU_WQMP","09/02/2015 14:31:00","214-W","Total_Nitrogen",0.09707,"mg/L",25.2462,-80.29918,0.68
"7819","...885324","FIU_WQMP","09/02/2015 09:30:00","228-W","Total_Nitrogen",0.07523,"mg/L",24.97667,-80.45,0.65
"7820","...885332","FIU_WQMP","09/13/2022 13:21:00","276-W","Total_Nitrogen",0.07612,"mg/L",24.47538,-81.73742,0.666
"7821","...885337","FIU_WQMP","09/25/2015 13:47:00","315-W","Total_Nitrogen",0.13071,"mg/L",24.63325,-81.82827,0.66
"7822","...885346","FIU_WQMP","06/13/2022 08:33:00","284-W","Total_Nitrogen",0.14628,"mg/L",24.87667,-80.95833,0.687
"7823","...885380","FIU_WQMP","09/08/2015 17:30:00","505-W","Total_Nitrogen",0.18683,"mg/L",24.71208,-81.10071,0.66
"7824","...885382","FIU_WQMP","08/23/2022 16:12:00","504-W","Total_Nitrogen",0.20667,"mg/L",24.72254,-81.04338,0.679
"7825","...885395","FIU_WQMP","09/08/2022 14:42:00","272-W","Total_Nitrogen",0.08903,"mg/L",24.50548,-81.65433,0.667
"7826","...885403","FIU_WQMP","08/31/2022 15:17:00","213-W","Total_Nitrogen",0.04843,"mg/L",25.26312,-80.18773,0.709
"7827","...885411","FIU_WQMP","08/23/2022 13:01:00","241-W","Total_Nitrogen",0.10333,"mg/L",24.80247,-80.8089,0.674
"7828","...885418","FIU_WQMP","06/28/2022 12:54:00","276-W","Total_Nitrogen",0.07438,"mg/L",24.47538,-81.73742,0.794
"7829","...885438","FIU_WQMP","02/21/2022 12:10:00","227-W","Total_Nitrogen",0.0667,"mg/L",25.00167,-80.4749,0.71
"7830","...885439","FIU_WQMP","05/18/2022 12:25:00","217-W","Total_Nitrogen",0.085,"mg/L",25.17332,-80.33985,0.65
"7831","...885451","FIU_WQMP","09/24/2015 16:01:00","295-W","Total_Nitrogen",0.17626,"mg/L",24.85163,-81.35123,0.67
"7832","...885453","FIU_WQMP","08/31/2022 15:17:00","213-W","Total_Nitrogen",0.04843,"mg/L",25.26312,-80.18773,0.709
"7833","...885483","FIU_WQMP","08/29/2022 16:08:00","212-W","Total_Nitrogen",0.09667,"mg/L",25.29452,-80.24542,0.865
"7834","...885506","FIU_WQMP","06/28/2022 13:42:00","278-W","Total_Nitrogen",0.0771,"mg/L",24.49862,-81.81895,0.74
"7835","...885509","FIU_WQMP","06/11/2022 13:04:00","239-W","Total_Nitrogen",0.04127,"mg/L",24.80223,-80.7162,0.668
"7836","...885524","FIU_WQMP","06/18/2022 10:13:00","337-W","Total_Nitrogen",0.05873,"mg/L",24.59133,-82.58783,0.754
"7837","...885567","FIU_WQMP","09/01/2015 15:25:00","503-W","Total_Nitrogen",0.38418,"mg/L",24.9205,-80.63477,0.65
"7838","...885569","FIU_WQMP","02/18/2022 11:01:00","228-W","Total_Nitrogen",0.0413,"mg/L",24.97667,-80.45,0.66
"7839","...885578","FIU_WQMP","02/22/2022 12:36:00","310-W","Total_Nitrogen",0.1467,"mg/L",24.65752,-81.63265,0.67
"7840","...885580","FIU_WQMP","09/12/2022 14:37:00","332-W","Total_Nitrogen",0.07482,"mg/L",24.5355,-82.36733,0.722
"7841","...885588","FIU_WQMP","08/29/2022 16:18:00","211-W","Total_Nitrogen",0.13667,"mg/L",25.30788,-80.26165,0.795
"7842","...885594","FIU_WQMP","09/03/2015 13:24:00","206-W","Total_Nitrogen",0.08546,"mg/L",25.41497,-80.143,0.66
"7843","...885605","FIU_WQMP","05/19/2022 12:01:00","209-W","Total_Nitrogen",0.17061,"mg/L",24.5857,-81.72272,0.65
"7844","...885620","FIU_WQMP","02/18/2022 13:48:00","503-W","Total_Nitrogen",0.2133,"mg/L",24.9205,-80.63477,0.66
"7845","...885635","FIU_WQMP","02/07/2022 12:54:00","270-W","Total_Nitrogen",0.0413,"mg/L",24.52162,-81.56432,0.7
"7846","...885650","FIU_WQMP","01/25/2022 13:03:00","272-W","Total_Nitrogen",0.09,"mg/L",24.50548,-81.65433,0.68
"7847","...885652","FIU_WQMP","09/01/2015 13:13:00","235-W","Total_Nitrogen",0.08604,"mg/L",24.87123,-80.66865,0.66
"7848","...885667","FIU_WQMP","03/17/2022 11:59:00","333-W","Total_Nitrogen",0.095,"mg/L",24.57717,-82.49133,0.66
"7849","...885668","FIU_WQMP","05/16/2022 11:06:00","200-W","Total_Nitrogen",0.07883,"mg/L",25.59,-80.1,0.74
"7850","...885676","FIU_WQMP","05/27/2022 12:05:00","235-W","Total_Nitrogen",0.08497,"mg/L",24.87123,-80.66865,0.74
"7851","...885685","FIU_WQMP","09/17/2015 10:52:00","253-W","Total_Nitrogen",0.13481,"mg/L",24.64537,-81.30723,0.67
"7852","...885690","FIU_WQMP","05/18/2022 13:54:00","500-W","Total_Nitrogen",0.11341,"mg/L",25.08535,-80.43346,0.67
"7853","...885709","FIU_WQMP","08/29/2022 14:28:00","223-W","Total_Nitrogen",0.12667,"mg/L",25.06018,-80.42312,0.776
"7854","...885741","FIU_WQMP","09/13/2022 10:54:00","310-W","Total_Nitrogen",0.15239,"mg/L",24.65752,-81.63265,0.677
"7855","...885749","FIU_WQMP","09/13/2022 09:54:00","315-W","Total_Nitrogen",0.08954,"mg/L",24.63325,-81.82827,0.647
"7856","...885755","FIU_WQMP","09/08/2015 13:13:00","285-W","Total_Nitrogen",0.21954,"mg/L",24.80998,-80.92028,0.65
"7857","...885765","FIU_WQMP","06/13/2022 13:06:00","314-W","Total_Nitrogen",0.12708,"mg/L",24.75043,-81.43578,0.681
"7858","...885789","FIU_WQMP","03/17/2022 12:18:00","337-W","Total_Nitrogen",0.06,"mg/L",24.59133,-82.58783,0.71
"7859","...885790","FIU_WQMP","09/02/2015 14:20:00","215-W","Total_Nitrogen",0.13798,"mg/L",25.23667,-80.28897,0.66
"7860","...885800","FIU_WQMP","02/07/2022 11:37:00","259-W","Total_Nitrogen",0.0413,"mg/L",24.57037,-81.32167,0.74
"7861","...885808","FIU_WQMP","01/26/2022 10:54:00","296-W","Total_Nitrogen",0.1167,"mg/L",24.79152,-81.28908,0.68
"7862","...885819","FIU_WQMP","06/19/2022 08:40:00","330-W","Total_Nitrogen",0.06654,"mg/L",24.66533,-82.374,0.705
"7863","...885832","FIU_WQMP","03/17/2022 09:23:00","281-W","Total_Nitrogen",0.1267,"mg/L",24.495,-81.89167,0.85
"7864","...885865","FIU_WQMP","02/07/2022 13:25:00","268-W","Total_Nitrogen",0.0733,"mg/L",24.58782,-81.57698,0.66
"7865","...885870","FIU_WQMP","09/12/2022 15:23:00","337-W","Total_Nitrogen",0.07922,"mg/L",24.59133,-82.58783,0.703
"7866","...885875","FIU_WQMP","09/23/2015 13:50:00","250-W","Total_Nitrogen",0.10453,"mg/L",24.69193,-81.18245,0.66
"7867","...885877","FIU_WQMP","09/08/2022 13:01:00","266-W","Total_Nitrogen",0.13161,"mg/L",24.61105,-81.50527,0.619
"7868","...885903","FIU_WQMP","06/13/2022 14:51:00","294-W","Total_Nitrogen",0.11337,"mg/L",24.7555,-81.17218,0.717
"7869","...885911","FIU_WQMP","01/26/2022 13:52:00","507-W","Total_Nitrogen",0.24,"mg/L",24.69309,-81.35463,0.66
"7870","...885919","FIU_WQMP","02/07/2022 11:37:00","259-W","Total_Nitrogen",0.0413,"mg/L",24.57037,-81.32167,0.74
"7871","...885922","FIU_WQMP","02/21/2022 12:54:00","229-W","Total_Nitrogen",0.0633,"mg/L",24.95012,-80.56218,0.74
"7872","...885926","FIU_WQMP","09/08/2015 14:33:00","287-W","Total_Nitrogen",0.18255,"mg/L",24.84667,-81.00833,0.65
"7873","...885932","FIU_WQMP","02/18/2022 10:35:00","224-W","Total_Nitrogen",0.0413,"mg/L",25.03082,-80.39527,0.71
"7874","...885933","FIU_WQMP","06/13/2022 11:54:00","305-W","Total_Nitrogen",0.09308,"mg/L",24.76852,-81.555,0.635
"7875","...885935","FIU_WQMP","06/18/2022 08:13:00","328-W","Total_Nitrogen",0.05624,"mg/L",24.454,-82.224,0.703
"7876","...885963","FIU_WQMP","06/28/2022 15:15:00","270-W","Total_Nitrogen",0.08815,"mg/L",24.52162,-81.56432,0.767
"7877","...885967","FIU_WQMP","06/28/2022 14:10:00","275-W","Total_Nitrogen",0.08606,"mg/L",24.52143,-81.74422,0.691
"7878","...886016","FIU_WQMP","01/25/2022 11:11:00","278-W","Total_Nitrogen",0.06,"mg/L",24.49862,-81.81895,0.65
"7879","...886017","FIU_WQMP","06/09/2022 11:47:00","216-W","Total_Nitrogen",0.04127,"mg/L",25.22,-80.217,0.697
"7880","...886034","FIU_WQMP","09/24/2015 16:28:00","296-W","Total_Nitrogen",0.17829,"mg/L",24.79152,-81.28908,0.65
"7881","...886036","FIU_WQMP","02/19/2022 11:58:00","213-W","Total_Nitrogen",0.0413,"mg/L",25.26312,-80.18773,0.66
"7882","...886038","FIU_WQMP","09/02/2015 14:56:00","217-W","Total_Nitrogen",0.09265,"mg/L",25.17332,-80.33985,0.66
"7883","...886044","FIU_WQMP","09/13/2022 11:52:00","209-W","Total_Nitrogen",0.1015,"mg/L",24.5857,-81.72272,0.696
"7884","...886060","FIU_WQMP","09/23/2015 15:35:00","248-W","Total_Nitrogen",0.13534,"mg/L",24.69167,-80.96667,0.67
"7885","...886101","FIU_WQMP","02/08/2022 09:22:00","243-W","Total_Nitrogen",0.0413,"mg/L",24.745,-80.78333,0.67
"7886","...886108","FIU_WQMP","06/28/2022 12:16:00","272-W","Total_Nitrogen",0.0866,"mg/L",24.50548,-81.65433,0.675
"7887","...886128","FIU_WQMP","02/07/2022 10:42:00","254-W","Total_Nitrogen",0.1133,"mg/L",24.65792,-81.26502,0.68
"7888","...886136","FIU_WQMP","03/17/2022 10:44:00","328-W","Total_Nitrogen",0.0967,"mg/L",24.454,-82.224,0.73
"7889","...886138","FIU_WQMP","08/26/2022 13:03:00","228-W","Total_Nitrogen",0.11,"mg/L",24.97667,-80.45,0.67
"7890","...886140","FIU_WQMP","03/17/2022 11:10:00","335-W","Total_Nitrogen",0.08,"mg/L",24.46083,-82.38317,0.66
"7891","...886142","FIU_WQMP","09/01/2022 14:01:00","291-W","Total_Nitrogen",0.06891,"mg/L",24.81682,-81.14678,0.736
"7892","...886162","FIU_WQMP","09/01/2015 14:03:00","237-W","Total_Nitrogen",0.07626,"mg/L",24.83265,-80.64907,0.67
"7893","...886172","FIU_WQMP","09/01/2022 12:56:00","282-W","Total_Nitrogen",0.28291,"mg/L",24.86667,-80.885,0.654
"7894","...886179","FIU_WQMP","06/28/2022 11:37:00","269-W","Total_Nitrogen",0.07544,"mg/L",24.55943,-81.55955,0.685
"7895","...886195","FIU_WQMP","06/19/2022 11:35:00","319-W","Total_Nitrogen",0.07267,"mg/L",24.629,-82.07133,0.683
"7896","...886205","FIU_WQMP","02/18/2022 10:35:00","224-W","Total_Nitrogen",0.0413,"mg/L",25.03082,-80.39527,0.71
"7897","...886220","FIU_WQMP","09/17/2015 14:32:00","259-W","Total_Nitrogen",0.10232,"mg/L",24.57037,-81.32167,0.67
"7898","...886234","FIU_WQMP","05/19/2022 13:26:00","312-W","Total_Nitrogen",0.11864,"mg/L",24.65978,-81.76343,0.65
"7899","...886238","FIU_WQMP","02/08/2022 10:08:00","249-W","Total_Nitrogen",0.0413,"mg/L",24.675,-80.9583,0.73
"7900","...886242","FIU_WQMP","06/13/2022 14:04:00","507-W","Total_Nitrogen",0.23864,"mg/L",24.69309,-81.35463,0.658
"7901","...886258","FIU_WQMP","06/18/2022 08:48:00","335-W","Total_Nitrogen",0.05662,"mg/L",24.46083,-82.38317,0.7
"7902","...886261","FIU_WQMP","08/31/2022 13:47:00","200-W","Total_Nitrogen",0.04843,"mg/L",25.59,-80.1,0.719
"7903","...886290","FIU_WQMP","02/08/2022 10:08:00","249-W","Total_Nitrogen",0.0413,"mg/L",24.675,-80.9583,0.73
"7904","...886291","FIU_WQMP","06/13/2022 15:50:00","289-W","Total_Nitrogen",0.12065,"mg/L",24.77775,-81.033,0.662
"7905","...886310","FIU_WQMP","08/23/2022 12:04:00","248-W","Total_Nitrogen",0.12,"mg/L",24.69167,-80.96667,0.747
"7906","...886322","FIU_WQMP","09/14/2015 13:15:00","273-W","Total_Nitrogen",0.11859,"mg/L",24.4929,-81.6571,0.72
"7907","...886336","FIU_WQMP","09/08/2015 16:07:00","291-W","Total_Nitrogen",0.17921,"mg/L",24.81682,-81.14678,0.68
"7908","...886350","FIU_WQMP","02/19/2022 11:06:00","206-W","Total_Nitrogen",0.0533,"mg/L",25.41497,-80.143,0.65
"7909","...886361","FIU_WQMP","06/19/2022 12:05:00","318-W","Total_Nitrogen",0.07755,"mg/L",24.65083,-81.90467,0.71
"7910","...886365","FIU_WQMP","02/18/2022 12:28:00","237-W","Total_Nitrogen",0.0413,"mg/L",24.83265,-80.64907,0.78
"7911","...886366","FIU_WQMP","05/16/2022 11:40:00","203-W","Total_Nitrogen",0.07584,"mg/L",25.48053,-80.11768,0.7
"7912","...886369","FIU_WQMP","09/02/2015 13:50:00","213-W","Total_Nitrogen",0.09198,"mg/L",25.26312,-80.18773,0.68
"7913","...886371","FIU_WQMP","08/23/2022 15:16:00","252-W","Total_Nitrogen",0.16667,"mg/L",24.60693,-81.15442,0.787
"7914","...886387","FIU_WQMP","09/12/2022 14:16:00","335-W","Total_Nitrogen",0.07758,"mg/L",24.46083,-82.38317,0.712
"7915","...886410","FIU_WQMP","09/08/2015 16:37:00","294-W","Total_Nitrogen",0.17149,"mg/L",24.7555,-81.17218,0.67
"7916","...886419","FIU_WQMP","01/25/2022 14:16:00","280-W","Total_Nitrogen",0.0413,"mg/L",24.45363,-81.84365,0.85
"7917","...886437","FIU_WQMP","02/18/2022 12:14:00","401-W","Total_Nitrogen",0.0413,"mg/L",24.853,-80.622,0.71
"7918","...886438","FIU_WQMP","05/18/2022 12:50:00","220-W","Total_Nitrogen",0.08825,"mg/L",25.11355,-80.37342,0.66
"7919","...886456","FIU_WQMP","02/07/2022 12:30:00","267-W","Total_Nitrogen",0.0413,"mg/L",24.53008,-81.4873,0.69
"7920","...886457","FIU_WQMP","05/18/2022 14:53:00","226-W","Total_Nitrogen",0.10448,"mg/L",25.0084,-80.50148,0.66
"7921","...886472","FIU_WQMP","02/18/2022 09:34:00","400-W","Total_Nitrogen",0.0533,"mg/L",25.1073,-80.3064,0.69
"7922","...886473","FIU_WQMP","06/13/2022 13:36:00","301-W","Total_Nitrogen",0.09471,"mg/L",24.77258,-81.39665,0.693
"7923","...886490","FIU_WQMP","06/11/2022 16:43:00","250-W","Total_Nitrogen",0.14553,"mg/L",24.69193,-81.18245,0.68
"7924","...886492","FIU_WQMP","09/02/2015 10:19:00","224-W","Total_Nitrogen",0.08066,"mg/L",25.03082,-80.39527,0.66
"7925","...886494","FIU_WQMP","08/26/2022 13:17:00","264-W","Total_Nitrogen",0.10333,"mg/L",24.94677,-80.45947,0.672
"7926","...886509","FIU_WQMP","09/01/2022 17:13:00","314-W","Total_Nitrogen",0.04843,"mg/L",24.75043,-81.43578,0.67
"7927","...886515","FIU_WQMP","09/23/2015 15:11:00","247-W","Total_Nitrogen",0.1285,"mg/L",24.71318,-81.01115,0.67
"7928","...886517","FIU_WQMP","09/13/2015 19:56:00","318-W","Total_Nitrogen",0.10062,"mg/L",24.65083,-81.90467,0.71
"7929","...886534","FIU_WQMP","09/08/2022 16:07:00","263-W","Total_Nitrogen",0.10831,"mg/L",24.54843,-81.39742,0.645
"7930","...886548","FIU_WQMP","02/19/2022 09:22:00","201-W","Total_Nitrogen",0.0667,"mg/L",25.51,-80.165,0.66
"7931","...886587","FIU_WQMP","06/11/2022 13:57:00","246-W","Total_Nitrogen",0.05647,"mg/L",24.71317,-80.85813,0.663
"7932","...886593","FIU_WQMP","09/13/2015 18:28:00","319-W","Total_Nitrogen",0.11306,"mg/L",24.629,-82.07133,0.67
"7933","...886607","FIU_WQMP","09/08/2022 15:42:00","267-W","Total_Nitrogen",0.12381,"mg/L",24.53008,-81.4873,0.688
"7934","...886621","FIU_WQMP","09/17/2015 13:25:00","267-W","Total_Nitrogen",0.12329,"mg/L",24.53008,-81.4873,0.67
"7935","...886627","FIU_WQMP","09/23/2015 09:47:00","246-W","Total_Nitrogen",0.11846,"mg/L",24.71317,-80.85813,0.67
"7936","...886631","FIU_WQMP","08/23/2022 12:36:00","244-W","Total_Nitrogen",0.22333,"mg/L",24.79333,-80.86333,0.883
"7937","...886667","FIU_WQMP","09/23/2015 16:19:00","244-W","Total_Nitrogen",0.17057,"mg/L",24.79333,-80.86333,0.66
"7938","...886676","FIU_WQMP","02/07/2022 10:55:00","255-W","Total_Nitrogen",0.06,"mg/L",24.62168,-81.24308,0.79
"7939","...886682","FIU_WQMP","08/31/2022 13:08:00","204-W","Total_Nitrogen",0.04843,"mg/L",25.43082,-80.19553,0.699
"7940","...886698","FIU_WQMP","09/02/2015 15:20:00","220-W","Total_Nitrogen",0.07617,"mg/L",25.11355,-80.37342,0.67
"7941","...886713","FIU_WQMP","02/08/2022 09:03:00","242-W","Total_Nitrogen",0.13,"mg/L",24.7915,-80.81225,0.67
"7942","...886717","FIU_WQMP","09/02/2015 11:51:00","218-W","Total_Nitrogen",0.08394,"mg/L",25.15897,-80.29455,0.76
"7943","...886734","FIU_WQMP","02/08/2022 10:22:00","248-W","Total_Nitrogen",0.0413,"mg/L",24.69167,-80.96667,0.72
"7944","...886742","FIU_WQMP","02/19/2022 08:56:00","204-W","Total_Nitrogen",0.0467,"mg/L",25.43082,-80.19553,0.67
"7945","...886744","FIU_WQMP","09/01/2022 13:14:00","284-W","Total_Nitrogen",0.11061,"mg/L",24.87667,-80.95833,0.667
"7946","...886752","FIU_WQMP","09/08/2022 13:38:00","268-W","Total_Nitrogen",0.09153,"mg/L",24.58782,-81.57698,0.689
"7947","...886760","FIU_WQMP","09/25/2015 13:49:00","317-W","Total_Nitrogen",0.17531,"mg/L",24.575,-81.78833,0.66
"7948","...886767","FIU_WQMP","09/23/2015 10:14:00","249-W","Total_Nitrogen",0.15599,"mg/L",24.675,-80.9583,0.65
"7949","...886769","FIU_WQMP","06/13/2022 10:04:00","290-W","Total_Nitrogen",0.09133,"mg/L",24.86267,-81.21623,0.697
"7950","...886790","FIU_WQMP","04/14/2023 12:36:00","273-W","Total_Nitrogen",0.096898536,"mg/L",24.4929,-81.6571,0.753
"7951","...886800","FIU_WQMP","04/14/2023 13:37:00","267-W","Total_Nitrogen",0.048428696,"mg/L",24.53008,-81.4873,0.804
"7952","...886808","FIU_WQMP","11/29/2022 12:17:00","288-W","Total_Nitrogen",0.182201659,"mg/L",24.88333,-81.08333,0.66
"7953","...886810","FIU_WQMP","11/29/2022 15:33:00","314-W","Total_Nitrogen",0.218328524,"mg/L",24.75043,-81.43578,0.674
"7954","...886826","FIU_WQMP","12/06/2022 13:14:00","309-W","Total_Nitrogen",0.150753592,"mg/L",24.69772,-81.68318,0.696
"7955","...886832","FIU_WQMP","11/23/2022 13:09:00","246-W","Total_Nitrogen",0.048428696,"mg/L",24.71317,-80.85813,0.664
"7956","...886849","FIU_WQMP","11/28/2022 17:41:00","217-W","Total_Nitrogen",0.090951043,"mg/L",25.17332,-80.33985,0.69
"7957","...886864","FIU_WQMP","04/14/2023 14:37:00","272-W","Total_Nitrogen",0.091337297,"mg/L",24.50548,-81.65433,0.654
"7958","...886877","FIU_WQMP","11/23/2022 14:03:00","248-W","Total_Nitrogen",0.048428696,"mg/L",24.69167,-80.96667,0.696
"7959","...886884","FIU_WQMP","02/28/2023 07:37:00","322-W","Total_Nitrogen",0.080756279,"mg/L",24.45833,-81.98167,0.709
"7960","...886911","FIU_WQMP","04/10/2023 13:52:00","243-W","Total_Nitrogen",0.165567743,"mg/L",24.745,-80.78333,0.685
"7961","...886924","FIU_WQMP","02/23/2023 15:24:00","292-W","Total_Nitrogen",0.193985424,"mg/L",24.76312,-81.11248,0.635
"7962","...886926","FIU_WQMP","03/07/2023 14:44:00","206-W","Total_Nitrogen",0.069014647,"mg/L",25.41497,-80.143,0.692
"7963","...886946","FIU_WQMP","11/23/2022 15:34:00","250-W","Total_Nitrogen",0.168314419,"mg/L",24.69193,-81.18245,0.754
"7964","...886956","FIU_WQMP","12/08/2022 12:15:00","333-W","Total_Nitrogen",0.064474535,"mg/L",24.57717,-82.49133,0.759
"7965","...886964","FIU_WQMP","12/06/2022 13:29:00","312-W","Total_Nitrogen",0.207858436,"mg/L",24.65978,-81.76343,0.71
"7966","...886984","FIU_WQMP","04/14/2023 12:14:00","276-W","Total_Nitrogen",0.103112615,"mg/L",24.47538,-81.73742,0.664
"7967","...886992","FIU_WQMP","02/03/2023 11:35:00","256-W","Total_Nitrogen",0.054566951,"mg/L",24.58497,-81.23408,0.656
"7968","...887012","FIU_WQMP","12/08/2022 10:10:00","328-W","Total_Nitrogen",0.068320678,"mg/L",24.454,-82.224,0.707
"7969","...887026","FIU_WQMP","12/01/2022 13:23:00","267-W","Total_Nitrogen",0.123162443,"mg/L",24.53008,-81.4873,0.732
"7970","...887038","FIU_WQMP","12/04/2022 14:56:00","228-W","Total_Nitrogen",0.095243685,"mg/L",24.97667,-80.45,0.785
"7971","...887048","FIU_WQMP","04/10/2023 13:09:00","244-W","Total_Nitrogen",0.169774941,"mg/L",24.79333,-80.86333,0.703
"7972","...887056","FIU_WQMP","12/08/2022 13:36:00","330-W","Total_Nitrogen",0.075380056,"mg/L",24.66533,-82.374,0.667
"7973","...887070","FIU_WQMP","02/02/2023 14:49:00","301-W","Total_Nitrogen",0.167908047,"mg/L",24.77258,-81.39665,0.671
"7974","...887074","FIU_WQMP","11/29/2022 12:38:00","291-W","Total_Nitrogen",0.22653513,"mg/L",24.81682,-81.14678,0.735
"7975","...887092","FIU_WQMP","11/23/2022 16:07:00","504-W","Total_Nitrogen",0.222219223,"mg/L",24.72254,-81.04338,0.688
"7976","...887096","FIU_WQMP","12/01/2022 16:27:00","260-W","Total_Nitrogen",0.1130301,"mg/L",24.6255,-81.41662,0.697
"7977","...887122","FIU_WQMP","04/14/2023 11:22:00","278-W","Total_Nitrogen",0.048428696,"mg/L",24.49862,-81.81895,0.631
"7978","...887130","FIU_WQMP","03/10/2023 10:59:00","211-W","Total_Nitrogen",0.454800091,"mg/L",25.30788,-80.26165,0.741
"7979","...887138","FIU_WQMP","02/07/2023 13:35:00","310-W","Total_Nitrogen",0.160351974,"mg/L",24.65752,-81.63265,0.694
"7980","...887143","FIU_WQMP","12/08/2022 15:25:00","318-W","Total_Nitrogen",0.160871556,"mg/L",24.65083,-81.90467,0.677
"7981","...887151","FIU_WQMP","12/06/2022 15:58:00","278-W","Total_Nitrogen",0.075930137,"mg/L",24.49862,-81.81895,0.777
"7982","...887159","FIU_WQMP","11/28/2022 15:24:00","213-W","Total_Nitrogen",0.051784917,"mg/L",25.26312,-80.18773,0.683
"7983","...887167","FIU_WQMP","12/04/2022 16:31:00","239-W","Total_Nitrogen",0.086066494,"mg/L",24.80223,-80.7162,0.766
"7984","...887183","FIU_WQMP","11/28/2022 12:24:00","212-W","Total_Nitrogen",0.067169512,"mg/L",25.29452,-80.24542,0.661
"7985","...887199","FIU_WQMP","11/29/2022 13:29:00","296-W","Total_Nitrogen",0.150962709,"mg/L",24.79152,-81.28908,0.675
"7986","...887213","FIU_WQMP","02/23/2023 15:11:00","294-W","Total_Nitrogen",0.139109665,"mg/L",24.7555,-81.17218,0.657
"7987","...887216","FIU_WQMP","02/07/2023 14:45:00","315-W","Total_Nitrogen",0.126071849,"mg/L",24.63325,-81.82827,0.658
"7988","...887224","FIU_WQMP","03/10/2023 14:02:00","226-W","Total_Nitrogen",0.174976314,"mg/L",25.0084,-80.50148,0.632
"7989","...887232","FIU_WQMP","03/10/2023 15:12:00","230-W","Total_Nitrogen",0.109949431,"mg/L",24.93965,-80.55162,0.646
"7990","...887249","FIU_WQMP","03/05/2023 12:36:00","238-W","Total_Nitrogen",0.190887401,"mg/L",24.83442,-80.74683,0.679
"7991","...887264","FIU_WQMP","04/10/2023 15:34:00","402-W","Total_Nitrogen",0.048428696,"mg/L",24.63,-81.112,0.741
"7992","...887272","FIU_WQMP","02/28/2023 12:41:00","318-W","Total_Nitrogen",0.110699228,"mg/L",24.65083,-81.90467,0.662
"7993","...887280","FIU_WQMP","11/29/2022 11:52:00","284-W","Total_Nitrogen",0.313910237,"mg/L",24.87667,-80.95833,0.683
"7994","...887291","FIU_WQMP","12/04/2022 15:24:00","231-W","Total_Nitrogen",0.061017874,"mg/L",24.925,-80.503,0.669
"7995","...887295","FIU_WQMP","12/06/2022 13:43:00","315-W","Total_Nitrogen",0.144154579,"mg/L",24.63325,-81.82827,0.766
"7996","...887311","FIU_WQMP","02/23/2023 14:54:00","291-W","Total_Nitrogen",0.142587291,"mg/L",24.81682,-81.14678,0.679
"7997","...887320","FIU_WQMP","04/10/2023 12:24:00","247-W","Total_Nitrogen",0.105264573,"mg/L",24.71318,-81.01115,0.699
"7998","...887333","FIU_WQMP","04/10/2023 13:28:00","241-W","Total_Nitrogen",0.103620381,"mg/L",24.80247,-80.8089,0.659
"7999","...887338","FIU_WQMP","02/03/2023 12:36:00","263-W","Total_Nitrogen",0.093291826,"mg/L",24.54843,-81.39742,0.613
"8000","...887347","FIU_WQMP","02/28/2023 08:05:00","325-W","Total_Nitrogen",0.095609868,"mg/L",24.54167,-82.1,0.687
"8001","...887358","FIU_WQMP","12/01/2022 12:37:00","259-W","Total_Nitrogen",0.174291803,"mg/L",24.57037,-81.32167,0.669
"8002","...887372","FIU_WQMP","11/29/2022 18:09:00","285-W","Total_Nitrogen",0.187780043,"mg/L",24.80998,-80.92028,0.677
"8003","...887384","FIU_WQMP","02/28/2023 09:28:00","332-W","Total_Nitrogen",0.080166851,"mg/L",24.5355,-82.36733,0.89
"8004","...887398","FIU_WQMP","11/28/2022 15:41:00","216-W","Total_Nitrogen",0.052078516,"mg/L",25.22,-80.217,0.702
"8005","...887400","FIU_WQMP","12/08/2022 08:57:00","322-W","Total_Nitrogen",0.070608891,"mg/L",24.45833,-81.98167,0.699
"8006","...887418","FIU_WQMP","12/06/2022 15:01:00","403-W","Total_Nitrogen",0.073124258,"mg/L",24.483,-81.7,0.61
"8007","...887426","FIU_WQMP","04/14/2023 13:37:00","267-W","Total_Nitrogen",0.048428696,"mg/L",24.53008,-81.4873,0.804
"8008","...887436","FIU_WQMP","11/29/2022 06:20:00","507-W","Total_Nitrogen",0.348879864,"mg/L",24.69309,-81.35463,0.667
"8009","...887460","FIU_WQMP","03/07/2023 16:12:00","219-W","Total_Nitrogen",0.072027498,"mg/L",25.142,-80.258,0.704
"8010","...887470","FIU_WQMP","12/01/2022 14:11:00","273-W","Total_Nitrogen",0.120304603,"mg/L",24.4929,-81.6571,0.809
"8011","...887481","FIU_WQMP","03/05/2023 12:23:00","239-W","Total_Nitrogen",0.12856275,"mg/L",24.80223,-80.7162,0.666
"8012","...887490","FIU_WQMP","03/07/2023 17:12:00","225-W","Total_Nitrogen",0.094062659,"mg/L",25.017,-80.3674,0.665
"8013","...887498","FIU_WQMP","03/01/2023 13:31:00","269-W","Total_Nitrogen",0.078103852,"mg/L",24.55943,-81.55955,0.649
"8014","...887518","FIU_WQMP","03/05/2023 12:51:00","235-W","Total_Nitrogen",0.26597236,"mg/L",24.87123,-80.66865,0.698
"8015","...887554","FIU_WQMP","12/05/2022 11:45:00","501-W","Total_Nitrogen",0.42671704,"mg/L",25.11053,-80.43421,0.658
"8016","...887576","FIU_WQMP","04/10/2023 13:36:00","242-W","Total_Nitrogen",0.261946426,"mg/L",24.7915,-80.81225,0.683
"8017","...887584","FIU_WQMP","03/07/2023 15:48:00","216-W","Total_Nitrogen",0.08000269,"mg/L",25.22,-80.217,0.73
"8018","...887593","FIU_WQMP","12/06/2022 15:36:00","280-W","Total_Nitrogen",0.055197805,"mg/L",24.45363,-81.84365,0.684
"8019","...887607","FIU_WQMP","02/07/2023 14:31:00","312-W","Total_Nitrogen",0.109348481,"mg/L",24.65978,-81.76343,0.899
"8020","...887623","FIU_WQMP","03/07/2023 14:29:00","203-W","Total_Nitrogen",0.072500102,"mg/L",25.48053,-80.11768,0.712
"8021","...887647","FIU_WQMP","02/02/2023 13:38:00","307-W","Total_Nitrogen",0.147906677,"mg/L",24.72503,-81.52052,0.661
"8022","...887651","FIU_WQMP","03/10/2023 17:21:00","501-W","Total_Nitrogen",0.758687488,"mg/L",25.11053,-80.43421,0.661
"8023","...887655","FIU_WQMP","12/06/2022 12:07:00","317-W","Total_Nitrogen",0.257532896,"mg/L",24.575,-81.78833,0.686
"8024","...887661","FIU_WQMP","11/29/2022 14:48:00","307-W","Total_Nitrogen",0.196505016,"mg/L",24.72503,-81.52052,0.661
"8025","...887664","FIU_WQMP","11/23/2022 15:04:00","252-W","Total_Nitrogen",0.050316921,"mg/L",24.60693,-81.15442,0.706
"8026","...887689","FIU_WQMP","12/08/2022 09:35:00","325-W","Total_Nitrogen",0.129226069,"mg/L",24.54167,-82.1,0.832
"8027","...887691","FIU_WQMP","03/01/2023 12:55:00","271-W","Total_Nitrogen",0.092014357,"mg/L",24.55667,-81.66667,0.653
"8028","...887694","FIU_WQMP","02/03/2023 11:16:00","255-W","Total_Nitrogen",0.125238458,"mg/L",24.62168,-81.24308,0.699
"8029","...887704","FIU_WQMP","03/07/2023 16:48:00","222-W","Total_Nitrogen",0.09955668,"mg/L",25.07237,-80.31277,0.753
"8030","...887714","FIU_WQMP","12/05/2022 13:13:00","232-W","Total_Nitrogen",0.129787436,"mg/L",24.92703,-80.59852,0.676
"8031","...887736","FIU_WQMP","02/23/2023 14:54:00","291-W","Total_Nitrogen",0.13734138,"mg/L",24.81682,-81.14678,0.679
"8032","...887754","FIU_WQMP","02/07/2023 12:36:00","317-W","Total_Nitrogen",0.130961072,"mg/L",24.575,-81.78833,0.658
"8033","...887770","FIU_WQMP","02/07/2023 13:08:00","209-W","Total_Nitrogen",0.154684919,"mg/L",24.5857,-81.72272,0.665
"8034","...887784","FIU_WQMP","02/28/2023 08:33:00","328-W","Total_Nitrogen",0.103832391,"mg/L",24.454,-82.224,0.686
"8035","...887806","FIU_WQMP","11/28/2022 13:13:00","204-W","Total_Nitrogen",0.067404391,"mg/L",25.43082,-80.19553,0.669
"8036","...887812","FIU_WQMP","11/28/2022 15:02:00","210-W","Total_Nitrogen",0.050375641,"mg/L",25.325,-80.1636,0.69
"8037","...887820","FIU_WQMP","02/23/2023 12:38:00","","Total_Nitrogen",0.048428696,"mg/L",NA,NA,NA
"8038","...887824","FIU_WQMP","11/28/2022 11:48:00","","Total_Nitrogen",0.048428696,"mg/L",NA,NA,NA
"8039","...887844","FIU_WQMP","02/02/2023 15:21:00","","Total_Nitrogen",0.048428696,"mg/L",NA,NA,NA
"8040","...887848","FIU_WQMP","03/10/2023 17:31:00","","Total_Nitrogen",0.048428696,"mg/L",NA,NA,NA
"8041","...887853","FIU_WQMP","03/05/2023 10:48:00","","Total_Nitrogen",0.048428696,"mg/L",NA,NA,NA
"8042","...887862","FIU_WQMP","12/01/2022 17:22:00","","Total_Nitrogen",0.048428696,"mg/L",NA,NA,NA
"8043","...887867","FIU_WQMP","12/06/2022 15:58:00","278-W","Total_Nitrogen",0.076761509,"mg/L",24.49862,-81.81895,0.777
"8044","...887885","FIU_WQMP","12/08/2022 08:13:00","","Total_Nitrogen",0.048428696,"mg/L",NA,NA,NA
"8045","...887886","FIU_WQMP","03/05/2023 15:33:00","","Total_Nitrogen",0.048428696,"mg/L",NA,NA,NA
"8046","...887892","FIU_WQMP","03/01/2023 14:01:00","","Total_Nitrogen",0.048428696,"mg/L",NA,NA,NA
"8047","...887902","FIU_WQMP","02/28/2023 13:01:00","","Total_Nitrogen",0.048428696,"mg/L",NA,NA,NA
"8048","...887915","FIU_WQMP","04/14/2023 14:51:00","","Total_Nitrogen",0.048428696,"mg/L",NA,NA,NA
"8049","...887917","FIU_WQMP","04/14/2023 11:15:00","","Total_Nitrogen",0.048428696,"mg/L",NA,NA,NA
"8050","...887921","FIU_WQMP","12/04/2022 14:15:00","224-W","Total_Nitrogen",0.048428696,"mg/L",25.03082,-80.39527,0.689
"8051","...887933","FIU_WQMP","04/10/2023 16:53:00","","Total_Nitrogen",0.048428696,"mg/L",NA,NA,NA
"8052","...887939","FIU_WQMP","03/10/2023 10:48:00","","Total_Nitrogen",0.048428696,"mg/L",NA,NA,NA
"8053","...887945","FIU_WQMP","02/03/2023 10:49:00","","Total_Nitrogen",0.048428696,"mg/L",NA,NA,NA
"8054","...887948","FIU_WQMP","02/07/2023 12:22:00","","Total_Nitrogen",0.048428696,"mg/L",NA,NA,NA
"8055","...887950","FIU_WQMP","11/23/2022 17:00:00","244-W","Total_Nitrogen",0.075369882,"mg/L",24.79333,-80.86333,0.664
"8056","...887970","FIU_WQMP","02/23/2023 14:36:00","290-W","Total_Nitrogen",0.143353547,"mg/L",24.86267,-81.21623,0.665
"8057","...887982","FIU_WQMP","02/07/2023 15:17:00","","Total_Nitrogen",0.048428696,"mg/L",NA,NA,NA
"8058","...888000","FIU_WQMP","12/05/2022 11:30:00","","Total_Nitrogen",0.048428696,"mg/L",NA,NA,NA
"8059","...888005","FIU_WQMP","12/01/2022 11:30:00","","Total_Nitrogen",0.048428696,"mg/L",NA,NA,NA
"8060","...888018","FIU_WQMP","04/10/2023 12:15:00","","Total_Nitrogen",0.048428696,"mg/L",NA,NA,NA
"8061","...888021","FIU_WQMP","03/07/2023 12:01:00","","Total_Nitrogen",0.048428696,"mg/L",NA,NA,NA
"8062","...888023","FIU_WQMP","02/02/2023 12:01:00","","Total_Nitrogen",0.191631894,"mg/L",NA,NA,NA
"8063","...888026","FIU_WQMP","02/03/2023 13:46:00","","Total_Nitrogen",0.048428696,"mg/L",NA,NA,NA
"8064","...888051","FIU_WQMP","11/28/2022 17:49:00","","Total_Nitrogen",0.048428696,"mg/L",NA,NA,NA
"8065","...888056","FIU_WQMP","03/07/2023 18:20:00","","Total_Nitrogen",0.048428696,"mg/L",NA,NA,NA
"8066","...888067","FIU_WQMP","03/01/2023 12:15:00","","Total_Nitrogen",0.048428696,"mg/L",NA,NA,NA
"8067","...888072","FIU_WQMP","02/23/2023 15:44:00","","Total_Nitrogen",0.048428696,"mg/L",NA,NA,NA
"8068","...888093","FIU_WQMP","02/28/2023 07:00:00","","Total_Nitrogen",0.048428696,"mg/L",NA,NA,NA
"8069","...888094","FIU_WQMP","11/29/2022 11:15:00","","Total_Nitrogen",0.048749162,"mg/L",NA,NA,NA
"8070","...888099","FIU_WQMP","12/08/2022 15:41:00","","Total_Nitrogen",0.048428696,"mg/L",NA,NA,NA
"8071","...888110","FIU_WQMP","11/23/2022 17:34:00","","Total_Nitrogen",0.048428696,"mg/L",NA,NA,NA
"8072","...888117","FIU_WQMP","12/04/2022 13:05:00","","Total_Nitrogen",0.048428696,"mg/L",NA,NA,NA
"8073","...888123","FIU_WQMP","11/29/2022 18:22:00","","Total_Nitrogen",0.048428696,"mg/L",NA,NA,NA
"8074","...888132","FIU_WQMP","12/04/2022 16:41:00","","Total_Nitrogen",0.048428696,"mg/L",NA,NA,NA
"8075","...888161","FIU_WQMP","12/06/2022 16:10:00","","Total_Nitrogen",0.048428696,"mg/L",NA,NA,NA
"8076","...888170","FIU_WQMP","03/10/2023 13:27:00","223-W","Total_Nitrogen",0.117174641,"mg/L",25.06018,-80.42312,0.662
"8077","...888188","FIU_WQMP","11/23/2022 12:10:00","","Total_Nitrogen",0.048428696,"mg/L",NA,NA,NA
"8078","...888189","FIU_WQMP","12/08/2022 12:40:00","337-W","Total_Nitrogen",0.056733562,"mg/L",24.59133,-82.58783,0.68
"8079","...888197","FIU_WQMP","12/06/2022 11:51:00","","Total_Nitrogen",0.048428696,"mg/L",NA,NA,NA
"8080","...888205","FIU_WQMP","12/05/2022 15:22:00","","Total_Nitrogen",0.048428696,"mg/L",NA,NA,NA
"8081","...888207","FIU_WQMP","12/06/2022 12:56:00","310-W","Total_Nitrogen",0.176785919,"mg/L",24.65752,-81.63265,0.679
"8082","...888231","FIU_WQMP","03/10/2023 11:33:00","214-W","Total_Nitrogen",0.115460184,"mg/L",25.2462,-80.29918,0.856
"8083","...888238","FIU_WQMP","04/10/2023 15:53:00","252-W","Total_Nitrogen",0.048428696,"mg/L",24.60693,-81.15442,0.642
"8084","...888248","FIU_WQMP","06/09/2023 10:50:00","244-W","Total_Nitrogen",0.19337,"mg/L",24.79333,-80.86333,0.843
"8085","...888262","FIU_WQMP","02/07/2015 09:55:00","227-W","Total_Nitrogen",0.10113,"mg/L",25.00167,-80.4749,0.68
"8086","...888274","FIU_WQMP","02/23/2015 13:54:00","330-W","Total_Nitrogen",0.07802,"mg/L",24.66533,-82.374,0.7
"8087","...888288","FIU_WQMP","02/16/2015 12:33:00","241-W","Total_Nitrogen",0.25038,"mg/L",24.80247,-80.8089,0.78
"8088","...888295","FIU_WQMP","02/09/2015 11:42:00","315-W","Total_Nitrogen",0.17422,"mg/L",24.63325,-81.82827,0.66
"8089","...888310","FIU_WQMP","02/09/2015 09:54:00","209-W","Total_Nitrogen",0.20318,"mg/L",24.5857,-81.72272,0.68
"8090","...888313","FIU_WQMP","02/04/2015 09:30:00","501-W","Total_Nitrogen",0.45034,"mg/L",25.11053,-80.43421,0.81
"8091","...888323","FIU_WQMP","02/05/2015 15:25:00","224-W","Total_Nitrogen",0.0703,"mg/L",25.03082,-80.39527,0.68
"8092","...888328","FIU_WQMP","02/25/2015 15:09:00","295-W","Total_Nitrogen",0.11008,"mg/L",24.85163,-81.35123,0.66
"8093","...888350","FIU_WQMP","02/09/2015 08:29:00","316-W","Total_Nitrogen",0.15689,"mg/L",24.58577,-81.8024,0.66
"8094","...888358","FIU_WQMP","06/05/2023 13:59:00","278-W","Total_Nitrogen",0.11411,"mg/L",24.49862,-81.81895,0.716
"8095","...888362","FIU_WQMP","06/07/2023 14:01:00","267-W","Total_Nitrogen",0.09925,"mg/L",24.53008,-81.4873,0.711
"8096","...888370","FIU_WQMP","02/05/2015 16:11:00","400-W","Total_Nitrogen",0.06607,"mg/L",25.1073,-80.3064,0.72
"8097","...888373","FIU_WQMP","06/01/2023 10:38:00","220-W","Total_Nitrogen",0.08787,"mg/L",25.11355,-80.37342,0.723
"8098","...888377","FIU_WQMP","02/09/2015 08:16:00","317-W","Total_Nitrogen",0.16251,"mg/L",24.575,-81.78833,0.67
"8099","...888381","FIU_WQMP","02/04/2015 18:12:00","218-W","Total_Nitrogen",0.06545,"mg/L",25.15897,-80.29455,0.71
"8100","...888385","FIU_WQMP","02/12/2015 17:05:00","276-W","Total_Nitrogen",0.11176,"mg/L",24.47538,-81.73742,0.67
"8101","...888391","FIU_WQMP","02/23/2015 16:58:00","328-W","Total_Nitrogen",0.07666,"mg/L",24.454,-82.224,0.69
"8102","...888396","FIU_WQMP","02/05/2015 15:54:00","222-W","Total_Nitrogen",0.08587,"mg/L",25.07237,-80.31277,0.88
"8103","...888402","FIU_WQMP","06/14/2023 13:57:00","317-W","Total_Nitrogen",0.12905,"mg/L",24.575,-81.78833,0.729
"8104","...888409","FIU_WQMP","05/18/2023 10:14:00","332-W","Total_Nitrogen",0.08454,"mg/L",24.5355,-82.36733,0.697
"8105","...888422","FIU_WQMP","06/14/2023 13:47:00","508-W","Total_Nitrogen",0.10916,"mg/L",24.57375,-81.76014,0.529
"8106","...888429","FIU_WQMP","05/25/2023 15:43:00","213-W","Total_Nitrogen",0.05,"mg/L",25.26312,-80.18773,0.756
"8107","...888446","FIU_WQMP","02/18/2015 12:19:00","250-W","Total_Nitrogen",0.1295,"mg/L",24.69193,-81.18245,0.69
"8108","...888470","FIU_WQMP","06/05/2023 15:12:00","403-W","Total_Nitrogen",0.07854,"mg/L",24.483,-81.7,0.712
"8109","...888487","FIU_WQMP","02/12/2015 16:09:00","278-W","Total_Nitrogen",0.11655,"mg/L",24.49862,-81.81895,0.72
"8110","...888491","FIU_WQMP","02/18/2015 13:00:00","255-W","Total_Nitrogen",0.12642,"mg/L",24.62168,-81.24308,0.65
"8111","...888492","FIU_WQMP","02/23/2015 12:19:00","325-W","Total_Nitrogen",0.07007,"mg/L",24.54167,-82.1,0.75
"8112","...888497","FIU_WQMP","02/24/2015 15:28:00","267-W","Total_Nitrogen",0.12542,"mg/L",24.53008,-81.4873,0.69
"8113","...888502","FIU_WQMP","06/05/2023 15:34:00","273-W","Total_Nitrogen",0.10261,"mg/L",24.4929,-81.6571,0.712
"8114","...888505","FIU_WQMP","06/01/2023 10:56:00","500-W","Total_Nitrogen",0.13614,"mg/L",25.08535,-80.43346,0.685
"8115","...888510","FIU_WQMP","06/14/2023 13:31:00","509-W","Total_Nitrogen",0.08691,"mg/L",24.5523,-81.7494,0.511
"8116","...888517","FIU_WQMP","05/25/2023 13:25:00","204-W","Total_Nitrogen",0.11212,"mg/L",25.43082,-80.19553,0.736
"8117","...888521","FIU_WQMP","06/09/2023 12:46:00","252-W","Total_Nitrogen",0.12395,"mg/L",24.60693,-81.15442,0.685
"8118","...888528","FIU_WQMP","02/07/2015 13:29:00","291-W","Total_Nitrogen",0.17558,"mg/L",24.81682,-81.14678,0.66
"8119","...888530","FIU_WQMP","02/12/2015 14:48:00","269-W","Total_Nitrogen",0.1003,"mg/L",24.55943,-81.55955,0.67
"8120","...888533","FIU_WQMP","02/17/2015 13:32:00","239-W","Total_Nitrogen",0.13343,"mg/L",24.80223,-80.7162,0.72
"8121","...888547","FIU_WQMP","02/17/2015 16:04:00","402-W","Total_Nitrogen",0.0813,"mg/L",24.63,-81.112,0.66
"8122","...888554","FIU_WQMP","06/14/2023 12:09:00","310-W","Total_Nitrogen",0.1341,"mg/L",24.65752,-81.63265,0.746
"8123","...888562","FIU_WQMP","05/31/2023 14:59:00","237-W","Total_Nitrogen",0.07556,"mg/L",24.83265,-80.64907,0.735
"8124","...888568","FIU_WQMP","02/07/2015 13:05:00","290-W","Total_Nitrogen",0.16726,"mg/L",24.86267,-81.21623,0.65
"8125","...888579","FIU_WQMP","02/23/2015 15:31:00","333-W","Total_Nitrogen",0.04714,"mg/L",24.57717,-82.49133,0.74
"8126","...888586","FIU_WQMP","06/05/2023 16:13:00","271-W","Total_Nitrogen",0.69469,"mg/L",24.55667,-81.66667,0.753
"8127","...888597","FIU_WQMP","06/01/2023 09:09:00","214-W","Total_Nitrogen",0.12872,"mg/L",25.2462,-80.29918,0.774
"8128","...888600","FIU_WQMP","02/07/2015 09:31:00","223-W","Total_Nitrogen",0.13026,"mg/L",25.06018,-80.42312,0.65
"8129","...888606","FIU_WQMP","02/04/2015 12:15:00","212-W","Total_Nitrogen",0.07792,"mg/L",25.29452,-80.24542,0.74
"8130","...888614","FIU_WQMP","02/16/2015 12:07:00","238-W","Total_Nitrogen",0.14479,"mg/L",24.83442,-80.74683,0.85
"8131","...888616","FIU_WQMP","06/07/2023 13:20:00","269-W","Total_Nitrogen",0.1386,"mg/L",24.55943,-81.55955,0.68
"8132","...888631","FIU_WQMP","02/17/2015 14:06:00","243-W","Total_Nitrogen",0.08218,"mg/L",24.745,-80.78333,0.66
"8133","...888645","FIU_WQMP","05/18/2023 11:06:00","337-W","Total_Nitrogen",0.08852,"mg/L",24.59133,-82.58783,0.679
"8134","...888649","FIU_WQMP","06/07/2023 14:27:00","263-W","Total_Nitrogen",0.11993,"mg/L",24.54843,-81.39742,0.707
"8135","...888656","FIU_WQMP","02/07/2015 11:13:00","503-W","Total_Nitrogen",0.2054,"mg/L",24.9205,-80.63477,0.74
"8136","...888665","FIU_WQMP","05/18/2023 09:26:00","328-W","Total_Nitrogen",0.07848,"mg/L",24.454,-82.224,0.671
"8137","...888678","FIU_WQMP","02/04/2015 15:46:00","206-W","Total_Nitrogen",0.07112,"mg/L",25.41497,-80.143,0.68
"8138","...888680","FIU_WQMP","06/07/2023 12:41:00","266-W","Total_Nitrogen",0.18147,"mg/L",24.61105,-81.50527,0.691
"8139","...888682","FIU_WQMP","02/04/2015 12:31:00","211-W","Total_Nitrogen",0.14551,"mg/L",25.30788,-80.26165,0.67
"8140","...888687","FIU_WQMP","06/14/2023 11:38:00","209-W","Total_Nitrogen",0.15578,"mg/L",24.5857,-81.72272,0.734
"8141","...888694","FIU_WQMP","05/31/2023 13:18:00","224-W","Total_Nitrogen",0.064,"mg/L",25.03082,-80.39527,0.776
"8142","...888697","FIU_WQMP","05/18/2023 08:28:00","322-W","Total_Nitrogen",0.06975,"mg/L",24.45833,-81.98167,0.66
"8143","...888699","FIU_WQMP","02/04/2015 14:16:00","200-W","Total_Nitrogen",0.08307,"mg/L",25.59,-80.1,0.67
"8144","...888700","FIU_WQMP","06/19/2023 13:03:00","285-W","Total_Nitrogen",0.14067,"mg/L",24.80998,-80.92028,0.701
"8145","...888721","FIU_WQMP","05/31/2023 14:12:00","231-W","Total_Nitrogen",0.07326,"mg/L",24.925,-80.503,0.744
"8146","...888723","FIU_WQMP","06/01/2023 10:02:00","215-W","Total_Nitrogen",0.08992,"mg/L",25.23667,-80.28897,0.84
"8147","...888738","FIU_WQMP","06/19/2023 16:15:00","287-W","Total_Nitrogen",0.12473,"mg/L",24.84667,-81.00833,0.746
"8148","...888743","FIU_WQMP","06/16/2023 10:57:00","295-W","Total_Nitrogen",0.08682,"mg/L",24.85163,-81.35123,0.677
"8149","...888770","FIU_WQMP","06/19/2023 14:52:00","505-W","Total_Nitrogen",0.35192,"mg/L",24.71208,-81.10071,0.694
"8150","...888776","FIU_WQMP","06/04/2023 13:15:00","232-W","Total_Nitrogen",0.15421,"mg/L",24.92703,-80.59852,0.669
"8151","...888777","FIU_WQMP","05/25/2023 16:08:00","216-W","Total_Nitrogen",0.05,"mg/L",25.22,-80.217,0.714
"8152","...888784","FIU_WQMP","05/31/2023 12:59:00","225-W","Total_Nitrogen",0.06258,"mg/L",25.017,-80.3674,0.679
"8153","...888795","FIU_WQMP","06/01/2023 09:41:00","212-W","Total_Nitrogen",0.09132,"mg/L",25.29452,-80.24542,0.722
"8154","...888800","FIU_WQMP","02/23/2015 14:37:00","337-W","Total_Nitrogen",0.06469,"mg/L",24.59133,-82.58783,0.72
"8155","...888818","FIU_WQMP","06/09/2023 10:35:00","242-W","Total_Nitrogen",0.29871,"mg/L",24.7915,-80.81225,0.746
"8156","...888826","FIU_WQMP","06/09/2023 13:58:00","248-W","Total_Nitrogen",0.13146,"mg/L",24.69167,-80.96667,0.801
"8157","...888834","FIU_WQMP","06/19/2023 16:37:00","282-W","Total_Nitrogen",0.14093,"mg/L",24.86667,-80.885,0.683
"8158","...888842","FIU_WQMP","02/05/2015 14:13:00","231-W","Total_Nitrogen",0.06972,"mg/L",24.925,-80.503,0.68
"8159","...888852","FIU_WQMP","02/23/2015 18:07:00","281-W","Total_Nitrogen",NA,"mg/L",24.495,-81.89167,0.66
"8160","...888856","FIU_WQMP","05/25/2023 14:54:00","206-W","Total_Nitrogen",0.05,"mg/L",25.41497,-80.143,0.891
"8161","...888871","FIU_WQMP","02/16/2015 13:59:00","247-W","Total_Nitrogen",0.16833,"mg/L",24.71318,-81.01115,0.74
"8162","...888875","FIU_WQMP","06/19/2023 15:21:00","291-W","Total_Nitrogen",0.05157,"mg/L",24.81682,-81.14678,0.708
"8163","...888882","FIU_WQMP","02/17/2015 14:35:00","246-W","Total_Nitrogen",0.07566,"mg/L",24.71317,-80.85813,0.66
"8164","...888896","FIU_WQMP","05/18/2023 08:58:00","325-W","Total_Nitrogen",0.11809,"mg/L",24.54167,-82.1,0.686
"8165","...888899","FIU_WQMP","06/05/2023 14:57:00","276-W","Total_Nitrogen",0.07205,"mg/L",24.47538,-81.73742,0.69
"8166","...888907","FIU_WQMP","05/31/2023 14:46:00","401-W","Total_Nitrogen",0.07299,"mg/L",24.853,-80.622,0.695
"8167","...888920","FIU_WQMP","02/05/2015 15:10:00","225-W","Total_Nitrogen",0.06859,"mg/L",25.017,-80.3674,0.68
"8168","...888921","FIU_WQMP","05/25/2023 14:09:00","200-W","Total_Nitrogen",0.08454,"mg/L",25.59,-80.1,0.724
"8169","...888929","FIU_WQMP","02/07/2015 14:37:00","289-W","Total_Nitrogen",0.19722,"mg/L",24.77775,-81.033,0.68
"8170","...888937","FIU_WQMP","02/04/2015 14:16:00","200-W","Total_Nitrogen",0.07979,"mg/L",25.59,-80.1,0.67
"8171","...888946","FIU_WQMP","02/07/2015 14:03:00","292-W","Total_Nitrogen",0.2131,"mg/L",24.76312,-81.11248,0.66
"8172","...888949","FIU_WQMP","02/12/2015 13:40:00","260-W","Total_Nitrogen",0.15743,"mg/L",24.6255,-81.41662,0.69
"8173","...888961","FIU_WQMP","05/31/2023 12:12:00","400-W","Total_Nitrogen",0.08192,"mg/L",25.1073,-80.3064,0.722
"8174","...888970","FIU_WQMP","02/09/2015 11:26:00","312-W","Total_Nitrogen",0.17837,"mg/L",24.65978,-81.76343,0.66
"8175","...888974","FIU_WQMP","02/17/2015 15:23:00","248-W","Total_Nitrogen",0.09492,"mg/L",24.69167,-80.96667,0.68
"8176","...888986","FIU_WQMP","02/18/2015 13:46:00","253-W","Total_Nitrogen",0.12614,"mg/L",24.64537,-81.30723,0.65
"8177","...888989","FIU_WQMP","02/24/2015 15:28:00","267-W","Total_Nitrogen",0.11972,"mg/L",24.53008,-81.4873,0.69
"8178","...889006","FIU_WQMP","02/12/2015 14:02:00","266-W","Total_Nitrogen",0.12614,"mg/L",24.61105,-81.50527,0.7
"8179","...889014","FIU_WQMP","02/04/2015 10:57:00","217-W","Total_Nitrogen",0.0979,"mg/L",25.17332,-80.33985,0.79
"8180","...889022","FIU_WQMP","06/16/2023 16:18:00","301-W","Total_Nitrogen",0.17103,"mg/L",24.77258,-81.39665,0.669
"8181","...889026","FIU_WQMP","02/04/2015 16:52:00","213-W","Total_Nitrogen",0.07146,"mg/L",25.26312,-80.18773,0.66
"8182","...889034","FIU_WQMP","06/16/2023 16:02:00","507-W","Total_Nitrogen",0.28719,"mg/L",24.69309,-81.35463,0.731
"8183","...889042","FIU_WQMP","02/07/2015 14:19:00","505-W","Total_Nitrogen",0.19978,"mg/L",24.71208,-81.10071,0.69
"8184","...889050","FIU_WQMP","06/09/2023 11:29:00","247-W","Total_Nitrogen",0.20832,"mg/L",24.71318,-81.01115,0.866
"8185","...889060","FIU_WQMP","02/04/2015 11:32:00","215-W","Total_Nitrogen",0.08799,"mg/L",25.23667,-80.28897,0.75
"8186","...889066","FIU_WQMP","06/16/2023 11:47:00","305-W","Total_Nitrogen",0.06571,"mg/L",24.76852,-81.555,0.669
"8187","...889074","FIU_WQMP","06/14/2023 13:36:00","314-W","Total_Nitrogen",0.11454,"mg/L",24.75043,-81.43578,0.682
"8188","...889082","FIU_WQMP","05/31/2023 15:22:00","239-W","Total_Nitrogen",0.08571,"mg/L",24.80223,-80.7162,0.749
"8189","...889090","FIU_WQMP","02/17/2015 15:09:00","249-W","Total_Nitrogen",0.08692,"mg/L",24.675,-80.9583,0.68
"8190","...889098","FIU_WQMP","06/07/2023 11:56:00","506-W","Total_Nitrogen",0.2029,"mg/L",24.65941,-81.38327,0.68
"8191","...889108","FIU_WQMP","06/09/2023 13:43:00","249-W","Total_Nitrogen",0.07693,"mg/L",24.675,-80.9583,0.744
"8192","...889116","FIU_WQMP","02/04/2015 13:00:00","207-W","Total_Nitrogen",0.08383,"mg/L",25.36443,-80.21508,0.68
"8193","...889124","FIU_WQMP","02/24/2015 17:40:00","302-W","Total_Nitrogen",0.09221,"mg/L",24.80128,-81.48227,0.68
"8194","...889133","FIU_WQMP","02/07/2015 11:55:00","282-W","Total_Nitrogen",0.37446,"mg/L",24.86667,-80.885,0.71
"8195","...889140","FIU_WQMP","02/04/2015 17:17:00","216-W","Total_Nitrogen",0.06729,"mg/L",25.22,-80.217,0.7
"8196","...889146","FIU_WQMP","02/05/2015 11:51:00","229-W","Total_Nitrogen",0.09134,"mg/L",24.95012,-80.56218,0.66
"8197","...889153","FIU_WQMP","06/01/2023 11:43:00","226-W","Total_Nitrogen",0.15185,"mg/L",25.0084,-80.50148,0.824
"8198","...889159","FIU_WQMP","02/17/2015 17:28:00","259-W","Total_Nitrogen",0.07212,"mg/L",24.57037,-81.32167,0.66
"8199","...889170","FIU_WQMP","06/19/2023 13:27:00","289-W","Total_Nitrogen",0.07836,"mg/L",24.77775,-81.033,0.732
"8200","...889189","FIU_WQMP","06/16/2023 12:23:00","309-W","Total_Nitrogen",0.1103,"mg/L",24.69772,-81.68318,0.665
"8201","...889197","FIU_WQMP","02/25/2015 15:34:00","296-W","Total_Nitrogen",0.13412,"mg/L",24.79152,-81.28908,0.66
"8202","...889203","FIU_WQMP","06/14/2023 13:10:00","316-W","Total_Nitrogen",0.10402,"mg/L",24.58577,-81.8024,0.698
"8203","...889214","FIU_WQMP","06/19/2023 15:08:00","294-W","Total_Nitrogen",0.26897,"mg/L",24.7555,-81.17218,0.674
"8204","...889222","FIU_WQMP","06/07/2023 13:42:00","270-W","Total_Nitrogen",0.09545,"mg/L",24.52162,-81.56432,0.707
"8205","...889227","FIU_WQMP","02/12/2015 17:28:00","403-W","Total_Nitrogen",0.07858,"mg/L",24.483,-81.7,0.76
"8206","...889237","FIU_WQMP","06/07/2023 14:01:00","267-W","Total_Nitrogen",0.09482,"mg/L",24.53008,-81.4873,0.711
"8207","...889242","FIU_WQMP","06/14/2023 12:57:00","315-W","Total_Nitrogen",0.07769,"mg/L",24.63325,-81.82827,0.67
"8208","...889247","FIU_WQMP","06/16/2023 10:36:00","296-W","Total_Nitrogen",0.10337,"mg/L",24.79152,-81.28908,0.718
"8209","...889250","FIU_WQMP","02/07/2015 12:42:00","288-W","Total_Nitrogen",0.19608,"mg/L",24.88333,-81.08333,0.7
"8210","...889256","FIU_WQMP","02/07/2015 09:09:00","500-W","Total_Nitrogen",0.14417,"mg/L",25.08535,-80.43346,0.67
"8211","...889266","FIU_WQMP","06/16/2023 10:36:00","296-W","Total_Nitrogen",0.08226,"mg/L",24.79152,-81.28908,0.718
"8212","...889274","FIU_WQMP","06/01/2023 10:22:00","217-W","Total_Nitrogen",0.08542,"mg/L",25.17332,-80.33985,0.729
"8213","...889282","FIU_WQMP","02/05/2015 13:22:00","237-W","Total_Nitrogen",0.06231,"mg/L",24.83265,-80.64907,0.68
"8214","...889285","FIU_WQMP","05/25/2023 15:25:00","210-W","Total_Nitrogen",0.05,"mg/L",25.325,-80.1636,0.67
"8215","...889296","FIU_WQMP","02/12/2015 18:06:00","272-W","Total_Nitrogen",0.09127,"mg/L",24.50548,-81.65433,0.66
"8216","...889306","FIU_WQMP","06/16/2023 11:26:00","302-W","Total_Nitrogen",0.08984,"mg/L",24.80128,-81.48227,0.755
"8217","...889314","FIU_WQMP","02/05/2015 12:14:00","230-W","Total_Nitrogen",0.06729,"mg/L",24.93965,-80.55162,0.69
"8218","...889321","FIU_WQMP","06/19/2023 13:49:00","292-W","Total_Nitrogen",0.38251,"mg/L",24.76312,-81.11248,0.731
"8219","...889335","FIU_WQMP","02/07/2015 14:58:00","285-W","Total_Nitrogen",0.16256,"mg/L",24.80998,-80.92028,0.67
"8220","...889342","FIU_WQMP","02/24/2015 15:58:00","270-W","Total_Nitrogen",0.08243,"mg/L",24.52162,-81.56432,0.65
"8221","...889350","FIU_WQMP","05/18/2023 11:39:00","330-W","Total_Nitrogen",0.0827,"mg/L",24.66533,-82.374,0.75
"8222","...889358","FIU_WQMP","05/25/2023 13:05:00","207-W","Total_Nitrogen",0.3139,"mg/L",25.36443,-80.21508,0.692
"8223","...889362","FIU_WQMP","06/04/2023 13:45:00","230-W","Total_Nitrogen",0.13474,"mg/L",24.93965,-80.55162,0.695
"8224","...889377","FIU_WQMP","06/04/2023 12:09:00","238-W","Total_Nitrogen",0.16841,"mg/L",24.83442,-80.74683,0.765
"8225","...889381","FIU_WQMP","05/18/2023 13:13:00","319-W","Total_Nitrogen",0.0997,"mg/L",24.629,-82.07133,0.676
"8226","...889384","FIU_WQMP","05/25/2023 13:49:00","201-W","Total_Nitrogen",0.09623,"mg/L",25.51,-80.165,0.75
"8227","...889395","FIU_WQMP","06/07/2023 14:47:00","259-W","Total_Nitrogen",0.10933,"mg/L",24.57037,-81.32167,0.803
"8228","...889407","FIU_WQMP","02/24/2015 18:13:00","314-W","Total_Nitrogen",0.09672,"mg/L",24.75043,-81.43578,0.68
"8229","...889409","FIU_WQMP","06/05/2023 15:49:00","272-W","Total_Nitrogen",0.11966,"mg/L",24.50548,-81.65433,0.748
"8230","...889411","FIU_WQMP","02/05/2015 14:33:00","264-W","Total_Nitrogen",0.05876,"mg/L",24.94677,-80.45947,0.66
"8231","...889425","FIU_WQMP","05/31/2023 13:54:00","264-W","Total_Nitrogen",0.06325,"mg/L",24.94677,-80.45947,0.703
"8232","...889433","FIU_WQMP","06/14/2023 12:39:00","312-W","Total_Nitrogen",0.08902,"mg/L",24.65978,-81.76343,0.699
"8233","...889443","FIU_WQMP","02/23/2015 16:20:00","335-W","Total_Nitrogen",0.17002,"mg/L",24.46083,-82.38317,0.71
"8234","...889449","FIU_WQMP","02/07/2015 13:29:00","291-W","Total_Nitrogen",0.18349,"mg/L",24.81682,-81.14678,0.66
"8235","...889457","FIU_WQMP","02/16/2015 12:47:00","242-W","Total_Nitrogen",0.2164,"mg/L",24.7915,-80.81225,0.74
"8236","...889465","FIU_WQMP","06/19/2023 15:58:00","288-W","Total_Nitrogen",0.08564,"mg/L",24.88333,-81.08333,0.99
"8237","...889476","FIU_WQMP","06/07/2023 15:13:00","256-W","Total_Nitrogen",0.07759,"mg/L",24.58497,-81.23408,0.824
"8238","...889484","FIU_WQMP","06/09/2023 14:22:00","246-W","Total_Nitrogen",0.14326,"mg/L",24.71317,-80.85813,0.977
"8239","...889492","FIU_WQMP","02/17/2015 16:34:00","252-W","Total_Nitrogen",0.07984,"mg/L",24.60693,-81.15442,0.7
"8240","...889504","FIU_WQMP","02/24/2015 18:42:00","301-W","Total_Nitrogen",0.1051,"mg/L",24.77258,-81.39665,0.65
"8241","...889510","FIU_WQMP","06/09/2023 12:20:00","250-W","Total_Nitrogen",0.11973,"mg/L",24.69193,-81.18245,0.691
"8242","...889515","FIU_WQMP","02/09/2015 10:39:00","310-W","Total_Nitrogen",0.22615,"mg/L",24.65752,-81.63265,0.65
"8243","...889529","FIU_WQMP","02/18/2015 14:51:00","506-W","Total_Nitrogen",0.1186,"mg/L",24.65941,-81.38327,0.68
"8244","...889534","FIU_WQMP","02/04/2015 11:53:00","214-W","Total_Nitrogen",0.11566,"mg/L",25.2462,-80.29918,0.73
