"","source","site","slope","n_values","mean","min","max","coefficient.of.variation","significant_slope","pvalue"
"1","BBAP","BB14",NA,3,30.18,27.22,31.94,0.0854434007225246,NA,NA
"2","BBAP","DM08",NA,2,28.325,25.24,31.41,0.154028202645049,NA,NA
"3","BBAP","JFK03",NA,2,28.795,25.4,32.19,0.166739192368698,NA,NA
"4","BBAP","JT61",NA,3,29.9433333333333,28.39,32.61,0.0774748853631235,NA,NA
"5","BBAP","JT66",NA,1,32.79,32.79,32.79,NA,NA,NA
"6","BBAP","JT71",NA,1,32.61,32.61,32.61,NA,NA,NA
"7","BBAP","LR03",NA,3,2.41,1.08,3.79,0.562527678575383,NA,NA
"8","BBAP","VR01",NA,1,32.74,32.74,32.74,NA,NA,NA
"9","BBAP","VR11",NA,1,33.26,33.26,33.26,NA,NA,NA
"10","BBWW","AN01",-1,26,33.6346153846154,25,41.5,0.116488766412684,NA,0.367070024098675
"11","BBWW","AN02",0.125,25,31.33,21.5,38,0.141842742748483,NA,0.816961321715391
"12","BBWW","AN03",-0.425000000000001,25,32.434,24,41,0.128369154252863,NA,1
"13","BBWW","BB15",-2.5,16,31.703125,25.5,40,0.142908741532451,NA,0.53382942174414
"14","BBWW","BB16",-3.5,13,34.8461538461538,25,40.5,0.141850481126962,-3.5,0.0376669222286287
"15","BBWW","BB27",-0.5,17,34.0294117647059,30,40,0.0859064715058077,NA,0.470100759874129
"16","BBWW","BB32",2.375,19,35.1315789473684,28.5,40.5,0.104028497394041,NA,0.326109452020489
"17","BBWW","BB36",3.5,13,34.5961538461538,27,39,0.108214291891865,NA,0.0536313058533871
"18","BBWW","BB54",0,17,34.7647058823529,28.5,43,0.124981925852236,NA,1
"19","BBWW","BB56",2,31,27.0645161290323,13.5,38,0.194916581098774,NA,0.081990321000383
"20","BBWW","FLAB02",0.625,28,29.0416678571429,20,40,0.192057244663888,NA,0.355910188371009
"21","BROWARD","1",4.2,112,NA,NA,NA,NA,4.2,0.0322547467949992
"22","BROWARD","10",8,99,NA,NA,NA,NA,NA,0.212486445702501
"23","BROWARD","109",NA,25,NA,NA,NA,NA,NA,NA
"24","BROWARD","11",-0.655,166,NA,NA,NA,NA,NA,0.886893224415823
"25","BROWARD","110",-0.76,104,NA,NA,NA,NA,NA,0.0503493237481631
"26","BROWARD","111",NA,96,NA,NA,NA,NA,NA,NA
"27","BROWARD","112",NA,98,NA,NA,NA,NA,NA,NA
"28","BROWARD","114",NA,34,NA,NA,NA,NA,NA,NA
"29","BROWARD","12",-0.73,106,NA,NA,NA,NA,NA,0.0894293590289935
"30","BROWARD","120",NA,47,10.5529787234043,0.02,28.8,0.922749743039385,NA,NA
"31","BROWARD","121",NA,82,0.179634146341463,0.11,0.3,0.251168094208715,NA,NA
"32","BROWARD","122",NA,57,0.313684210526316,0.23,0.43,0.131528459023697,NA,NA
"33","BROWARD","123",NA,41,6.38341463414634,0.46,23.2,1.00315512576921,NA,NA
"34","BROWARD","124",NA,82,0.307024390243902,0.25,0.37,0.108666646300184,NA,NA
"35","BROWARD","125",NA,40,21.55125,11.2,31.2,0.293915782418013,NA,NA
"36","BROWARD","126",NA,11,0.27,0.18,0.38,0.247899267121208,NA,NA
"37","BROWARD","127",NA,6,18.3683333333333,2.36,29.2,0.62981008425473,NA,NA
"38","BROWARD","128",NA,24,7.90583333333333,0.35,21.5,0.930491766856169,NA,NA
"39","BROWARD","129",NA,24,7.25266666666667,0.56,22.3,0.768866245415164,NA,NA
"40","BROWARD","13",NA,40,NA,NA,NA,NA,NA,NA
"41","BROWARD","14",-0.71,101,NA,NA,NA,NA,NA,0.135129954272358
"42","BROWARD","15",-1.28,119,NA,NA,NA,NA,NA,0.826921021756705
"43","BROWARD","16",1.325,107,NA,NA,NA,NA,NA,0.480082732770009
"44","BROWARD","17",NA,81,NA,NA,NA,NA,NA,NA
"45","BROWARD","18",NA,28,NA,NA,NA,NA,NA,NA
"46","BROWARD","19",0.65,114,NA,NA,NA,NA,NA,0.818935542873771
"47","BROWARD","2",-0.74,100,NA,NA,NA,NA,-0.74,0.0492027891774904
"48","BROWARD","20",1.73,113,NA,NA,NA,NA,NA,0.426776736532984
"49","BROWARD","21",NA,55,NA,NA,NA,NA,NA,NA
"50","BROWARD","22",-0.69,103,NA,NA,NA,NA,-0.69,0.0455002638963584
"51","BROWARD","23",-0.91245,147,NA,NA,NA,NA,-0.91245,0.0144070435232546
"52","BROWARD","24",4.6,104,22.6544230769231,1.58,37.9,0.392038203682163,NA,0.55198472907167
"53","BROWARD","25",4.4,100,13.1559,1,34.4,0.64017548143597,NA,0.333157548069052
"54","BROWARD","26",1.5,100,NA,NA,NA,NA,NA,1
"55","BROWARD","27",NA,84,NA,NA,NA,NA,NA,NA
"56","BROWARD","28",-0.66,104,NA,NA,NA,NA,-0.66,0.0475089327066088
"57","BROWARD","29",-0.8169,102,NA,NA,NA,NA,-0.8169,0.0338948535246892
"58","BROWARD","3",-0.715,108,NA,NA,NA,NA,-0.715,0.0243883709372702
"59","BROWARD","31",-0.715,106,NA,NA,NA,NA,NA,0.0894293590289935
"60","BROWARD","32",-0.69,128,NA,NA,NA,NA,-0.69,0.0157977884776969
"61","BROWARD","33",9.99,124,21.4634677419355,1.51,36.3,0.482450357317116,9.99,0.00551236332758052
"62","BROWARD","34",0.800000000000001,100,32.274,14.4,38,0.166230930310042,NA,0.710523022916489
"63","BROWARD","35",-1.4,167,NA,NA,NA,NA,NA,0.73790471410697
"64","BROWARD","36",2.7,102,21.4552941176471,5.29,33.5,0.394618339928681,NA,0.47143631238737
"65","BROWARD","37",7.95,103,NA,NA,NA,NA,NA,0.258937352257026
"66","BROWARD","38",7.4,104,NA,NA,NA,NA,NA,0.315095796500849
"67","BROWARD","39",0.0999999999999996,93,31.9050537634409,21.5,37.4,0.094742094989815,NA,1
"68","BROWARD","4",-0.77,185,NA,NA,NA,NA,-0.77,0.0274450876446638
"69","BROWARD","40",2.4,167,31.8810778443114,22.1,37,0.085235143253089,NA,0.36678506940705
"70","BROWARD","41",1,127,27.9111874015748,0.025,37.3,0.227281159221792,NA,0.724886209122069
"71","BROWARD","47",0.800000000000001,27,31.2,22.6,37.2,0.143775305394594,NA,0.640428787412791
"72","BROWARD","49",5.55,57,NA,NA,NA,NA,NA,0.44399437602301
"73","BROWARD","5",3.25,94,NA,NA,NA,NA,NA,0.90203464925445
"74","BROWARD","6",-0.72,100,NA,NA,NA,NA,NA,0.148561774891869
"75","BROWARD","64",NA,103,NA,NA,NA,NA,NA,NA
"76","BROWARD","7",-0.72,107,NA,NA,NA,NA,-0.72,0.0309601231158974
"77","BROWARD","8",NA,81,NA,NA,NA,NA,NA,NA
"78","BROWARD","89",-0.735,100,NA,NA,NA,NA,NA,0.0552342537180638
"79","BROWARD","90",1.565,84,NA,NA,NA,NA,NA,0.270503781442087
"80","DEP","BAK020",NA,3,32.4333333333333,29.95,34.59,0.0720611998882489,NA,NA
"81","DEP","BAK021",NA,3,34.6,32.76,36.63,0.0561266913893704,NA,NA
"82","DEP","BAK022",NA,3,34.7533333333333,33.75,36.62,0.0465594356927299,NA,NA
"83","DEP","BAK023",NA,3,32.77,31.56,34.65,0.0503620261306787,NA,NA
"84","DEP","BAK024",NA,3,35.5566666666667,34.44,36.41,0.0284350488617949,NA,NA
"85","DEP","BAK025",NA,3,35.3733333333333,33.68,36.52,0.0423155235092304,NA,NA
"86","DEP","BAK026",NA,3,35.4566666666667,34.28,36.24,0.0292614379654057,NA,NA
"87","DEP","BAK027",NA,3,35.6566666666667,34.86,36.35,0.0210439040286712,NA,NA
"88","DEP","BAK028",NA,3,35.92,34.96,36.9,0.0270087590994096,NA,NA
"89","DEP","BAK029",NA,3,35.9166666666667,34.78,36.88,0.0295315791688386,NA,NA
"90","DEP","BAK030",NA,3,35.1633333333333,33.63,36.71,0.043796851533838,NA,NA
"91","DEP","BAK031",NA,3,34.9566666666667,33.21,36.75,0.050647315728309,NA,NA
"92","DEP","BAK032",NA,3,35.2666666666667,33.79,36.81,0.0428479210676731,NA,NA
"93","DEP","BAK033",NA,3,35.42,34.25,36.77,0.0358443319641426,NA,NA
"94","DEP","BOC070",NA,3,29.1566666666667,27.22,30.52,0.0590975756039086,NA,NA
"95","DEP","BOC071",NA,3,33,30.01,36.06,0.0916850720315208,NA,NA
"96","DEP","BOC072",NA,3,34.3266666666667,32.15,36.75,0.0672916776371269,NA,NA
"97","DEP","BOC073",NA,3,33.2633333333333,30.75,36.71,0.0928251654932547,NA,NA
"98","DEP","BOC074",NA,3,34.9833333333333,32.9,36.69,0.0549653487525265,NA,NA
"99","DEP","BOC075",NA,3,35.2866666666667,33.35,36.49,0.0479950672349462,NA,NA
"100","DEP","BOC076",NA,3,32.9833333333333,30.81,34.38,0.057832851093163,NA,NA
"101","DEP","BOC077",NA,3,34.94,33.17,36.12,0.0446763959223843,NA,NA
"102","DEP","BOC078",NA,3,35.1566666666667,33.27,36.47,0.0476515916090676,NA,NA
"103","DEP","BOC079",NA,3,35,33.13,36.43,0.0483836707147849,NA,NA
"104","DEP","BOC080",NA,3,35.93,35.08,36.64,0.0219695751426284,NA,NA
"105","DEP","BOC081",NA,3,35.81,34.54,36.72,0.0316590539369051,NA,NA
"106","DEP","BOC082",NA,3,35.6966666666667,34.15,36.72,0.0381711643697377,NA,NA
"107","DEP","BOC083",NA,3,35.0733333333333,32.32,36.72,0.0684193430428937,NA,NA
"108","DEP","BOY090",NA,3,32.0266666666667,24.04,36.49,0.216463567831556,NA,NA
"109","DEP","BOY091",NA,3,33.59,31.25,36.93,0.0883926052408583,NA,NA
"110","DEP","BOY092",NA,3,34.8333333333333,32.4,36.39,0.0612798190820986,NA,NA
"111","DEP","BOY093",NA,3,31.5333333333333,28.5,36.92,0.148330780020017,NA,NA
"112","DEP","BOY094",NA,3,35.7966666666667,34.75,36.96,0.0309975660937157,NA,NA
"113","DEP","BOY095",NA,3,36.3566666666667,35.89,36.95,0.0148867651928449,NA,NA
"114","DEP","BOY096",NA,3,36.0366666666667,35.59,36.83,0.0191156358938003,NA,NA
"115","DEP","BOY097",NA,3,36.3,35.69,36.96,0.0175337373454211,NA,NA
"116","DEP","BOY098",NA,3,36.4333333333333,36.17,36.9,0.0111232512358993,NA,NA
"117","DEP","BOY099",NA,3,36.4,36.06,36.91,0.0123565308483785,NA,NA
"118","DEP","BOY100",NA,3,36.36,36.06,36.91,0.0131179758170646,NA,NA
"119","DEP","BOY101",NA,3,34.5233333333333,31.86,36.96,0.0740816180896958,NA,NA
"120","DEP","GOC001",NA,3,34.6033333333333,34.04,35.05,0.014883193060919,NA,NA
"121","DEP","GOC002",NA,3,33.99,31.24,35.62,0.0704672746474826,NA,NA
"122","DEP","GOC003",NA,3,34.05,31.22,35.74,0.0724297193443289,NA,NA
"123","DEP","GOC004",NA,3,35.4933333333333,34.81,36.09,0.0181551280806724,NA,NA
"124","DEP","GOC005",NA,3,35.4533333333333,34.66,36.1,0.0206219781559257,NA,NA
"125","DEP","GOC006",NA,3,35.28,33.92,35.98,0.0333890120694494,NA,NA
"126","DEP","GOC007",NA,3,35.3866666666667,34.5,36.06,0.0226520846718098,NA,NA
"127","DEP","GOC008",NA,3,35.4166666666667,34.35,36.32,0.0280970734478198,NA,NA
"128","DEP","GOC009",NA,3,35.7633333333333,34.44,36.88,0.0344782885993985,NA,NA
"129","DEP","GOC010",NA,3,36.1066666666667,35.36,36.95,0.0221398339648735,NA,NA
"130","DEP","GOC011",NA,3,35.4133333333333,33.71,36.44,0.0419467463466788,NA,NA
"131","DEP","GOC012",NA,3,36,35.41,36.76,0.0191908060549065,NA,NA
"132","DEP","GOC013",NA,3,35.7966666666667,34.64,36.92,0.0318567493762042,NA,NA
"133","DEP","GOC014",NA,3,34.9866666666667,33.73,35.96,0.032631861144723,NA,NA
"134","DEP","GOC015",NA,3,35.6833333333333,34.89,36.4,0.0212399944894836,NA,NA
"135","DEP","HIL050",NA,4,31.55,31,32.15,0.0166334602388614,NA,NA
"136","DEP","HIL051",NA,4,35.7575,35.45,36.25,0.00985154082661516,NA,NA
"137","DEP","HIL052",NA,4,31.13,27.83,33.34,0.0761050090904456,NA,NA
"138","DEP","HIL053",NA,4,35.5025,34.46,36.48,0.024495466878819,NA,NA
"139","DEP","HIL054",NA,4,35.3825,34.62,35.69,0.0144062833563496,NA,NA
"140","DEP","HIL055",NA,4,35.5225,34.76,36.72,0.0242714422870262,NA,NA
"141","DEP","HIL056",NA,4,34.3875,32.83,35.21,0.0316716528686675,NA,NA
"142","DEP","HIL057",NA,4,33.395,30.76,34.61,0.0533935578176781,NA,NA
"143","DEP","HIL058",NA,4,34.84,33.22,36.79,0.0484323927655839,NA,NA
"144","DEP","HIL059",NA,4,35.4675,34.55,36.09,0.0195018744128329,NA,NA
"145","DEP","HIL060",NA,4,35.5675,33.92,36.32,0.0312047829960866,NA,NA
"146","DEP","HIL061",NA,4,36.05,35.04,37.01,0.0224064934255563,NA,NA
"147","DEP","HIL062",NA,4,35.705,33.67,36.95,0.0396251078412042,NA,NA
"148","DEP","HIL063",NA,4,35.64,33.38,36.95,0.0436972384176156,NA,NA
"149","DEP","ILW110",NA,3,34.69,32.25,35.95,0.0609247777937679,NA,NA
"150","DEP","ILW111",NA,3,36.3366666666667,36.02,36.88,0.013008550205306,NA,NA
"151","DEP","ILW112",NA,3,36.2766666666667,35.94,36.89,0.0146653157729718,NA,NA
"152","DEP","ILW113",NA,3,36.1433333333333,35.89,36.52,0.00920269006517957,NA,NA
"153","DEP","ILW114",NA,3,36.29,35.96,36.88,0.0141127671835788,NA,NA
"154","DEP","ILW115",NA,3,36.2966666666667,35.96,36.86,0.0135260755957383,NA,NA
"155","DEP","ILW116",NA,3,36.28,35.92,36.89,0.0146397703692277,NA,NA
"156","DEP","ILW117",NA,3,36.1766666666667,35.84,36.78,0.0144754333155467,NA,NA
"157","DEP","ILW118",NA,3,36.32,35.97,36.9,0.0139280174779094,NA,NA
"158","DEP","ILW119",NA,3,36.3033333333333,35.97,36.87,0.0135879612404267,NA,NA
"159","DEP","JUP120",NA,3,30.2366666666667,29.75,31.07,0.0239799815498104,NA,NA
"160","DEP","JUP121",NA,3,34.6866666666667,33.45,36.89,0.055148345135506,NA,NA
"161","DEP","JUP122",NA,3,32.7633333333333,30.41,34.42,0.0639070607138291,NA,NA
"162","DEP","JUP123",NA,3,32.1233333333333,30.01,34.34,0.0674540430725657,NA,NA
"163","DEP","JUP124",NA,3,35.6633333333333,34.67,36.63,0.0274868325379064,NA,NA
"164","DEP","JUP125",NA,3,35.7866666666667,34.79,36.8,0.0280859810845842,NA,NA
"165","DEP","JUP126",NA,3,35.8866666666667,35.13,36.77,0.0230532656840267,NA,NA
"166","DEP","JUP127",NA,3,35.8933333333333,35.14,36.78,0.0230708628962745,NA,NA
"167","DEP","JUP128",NA,3,35.92,35.14,36.84,0.0239032159617658,NA,NA
"168","DEP","JUP129",NA,3,35.9133333333333,35.18,36.79,0.0226799935991554,NA,NA
"169","DEP","PEV040",NA,3,33.79,32.82,35.25,0.0380873984372304,NA,NA
"170","DEP","PEV041",NA,3,33.96,32.61,35.16,0.037738532443982,NA,NA
"171","DEP","PEV042",NA,3,34.9733333333333,32.92,36.79,0.0556373786568593,NA,NA
"172","DEP","PEV043",NA,3,34.6233333333333,33.24,35.63,0.0357771000338356,NA,NA
"173","DEP","PEV044",NA,3,35.3233333333333,33.72,36.77,0.0433431241687886,NA,NA
"174","DEP","PEV045",NA,3,34.9166666666667,33.75,36.5,0.0407129405948257,NA,NA
"175","DEP","PEV046",NA,3,35.0966666666667,32.96,36.83,0.0560245219515742,NA,NA
"176","DEP","PEV047",NA,3,35.16,33.98,36.7,0.0396836675235266,NA,NA
"177","DEP","PEV048",NA,3,35.3333333333333,33.61,36.64,0.0440768003482862,NA,NA
"178","DEP","PEV049",NA,3,35.6833333333333,34.61,36.57,0.027834951252041,NA,NA
"179","DEP","PEV050",NA,3,35.97,35.42,36.69,0.0181218665418207,NA,NA
"180","DEP","PEV051",NA,3,35.9266666666667,35.43,36.68,0.0184640030675619,NA,NA
"181","DEP","PEV052",NA,3,36.1566666666667,35.78,36.65,0.0123512379506692,NA,NA
"182","DEP","PEV053",NA,3,36.28,35.93,36.57,0.00893581316287065,NA,NA
"183","DEP","STL161",NA,3,28.4666666666667,20.81,34.96,0.251043514283845,NA,NA
"184","DEP","STL162",NA,3,32.2666666666667,29.97,35.88,0.0981622964042345,NA,NA
"185","DEP","STL163",NA,3,33.7966666666667,30.09,36.75,0.100403604046109,NA,NA
"186","DEP","STL164",NA,3,35.7066666666667,34.87,36.3,0.0208758821581426,NA,NA
"187","DEP","STL165",NA,3,35.8366666666667,35.4,36.32,0.0128854604079807,NA,NA
"188","DEP","STL166",NA,3,33.22,29.83,35.65,0.0911027557080014,NA,NA
"189","DEP","STL167",NA,3,34.51,33.25,36.72,0.0556413295570494,NA,NA
"190","DEP","STL168",NA,3,35.1233333333333,33.42,36.1,0.0421490920004965,NA,NA
"191","DEP","STL169",NA,3,32.8166666666667,31.33,35.2,0.0635348501290093,NA,NA
"192","DEP","STL170",NA,3,35.6233333333333,35.15,35.98,0.0119899546937583,NA,NA
"193","DEP","STL171",NA,3,32.9033333333333,29.96,35.63,0.0863499988938978,NA,NA
"194","DEP","STL172",NA,3,35.4866666666667,34.5,36.12,0.0243999087927357,NA,NA
"195","DERM_BBWQ","ABA1",NA,21,0.238095238095238,0,0.6,0.733212111192934,NA,NA
"196","DERM_BBWQ","ABA2",0.05,12,0.216666666666667,0,0.4,0.705011645377821,NA,1
"197","DERM_BBWQ","ABA3",NA,12,0.25,0,0.5,0.733608763702982,NA,NA
"198","DERM_BBWQ","ABA4",NA,12,0.241666666666667,0,0.5,0.69371843768314,NA,NA
"199","DERM_BBWQ","ABA5",NA,8,0.225,0,0.4,0.741798187018916,NA,NA
"200","DERM_BBWQ","ABA6",NA,14,0.3,0,0.6,0.691832695550361,NA,NA
"201","DERM_BBWQ","ABA7",0.05,18,0.305555555555556,0,0.8,0.748591287617574,NA,1
"202","DERM_BBWQ","ABA8",0.15,12,0.275,0,0.5,0.603022689155527,NA,0.698535358303339
"203","DERM_BBWQ","ABA9",NA,16,0.25,0,0.6,0.619677335393187,NA,NA
"204","DERM_BBWQ","ABB1",NA,12,0.325,0.1,0.6,0.588576934615407,NA,NA
"205","DERM_BBWQ","ABB2",NA,10,0.33,0,0.7,0.769932888895334,NA,NA
"206","DERM_BBWQ","ABB3",NA,22,0.340909090909091,0,0.7,0.813005398369395,NA,NA
"207","DERM_BBWQ","ABB4",NA,16,0.25625,0,0.6,0.697634881524633,NA,NA
"208","DERM_BBWQ","ABB5",0.05,6,0.483333333333333,0.1,0.9,0.811041520025768,NA,1
"209","DERM_BBWQ","ABB6",0,14,0.435714285714286,0,0.8,0.761762685444737,NA,1
"210","DERM_BBWQ","ABB7",NA,13,0.192307692307692,0,0.5,0.834745470188368,NA,NA
"211","DERM_BBWQ","ABB8",0.05,24,0.683333333333333,0,1.3,0.715190030598202,NA,0.772829992684448
"212","DERM_BBWQ","ABB9",0.15,27,0.57037037037037,0,1.1,0.794284956377466,NA,0.133086812925738
"213","DERM_BBWQ","ABC1",NA,15,0.58,0.1,1.1,0.785247015803369,NA,NA
"214","DERM_BBWQ","ABC2",-0.05,24,0.608333333333333,0.1,1.2,0.707317323630155,NA,0.802587348634153
"215","DERM_BBWQ","ABC3",NA,7,0.614285714285714,0,1.1,0.837639854836595,NA,NA
"216","DERM_BBWQ","ABC4",-0.15,23,0.660869565217391,0,1.3,0.740926606495232,NA,1
"217","DERM_BBWQ","ABC5",0.1,22,0.65,0,1.3,0.795521417161108,NA,1
"218","DERM_BBWQ","ABC6",0.05,18,0.638888888888889,0,1.2,0.77824872470485,NA,1
"219","DERM_BBWQ","ABC7",-0.05,24,0.725,0,1.3,0.710625699554914,NA,0.791970877658734
"220","DERM_BBWQ","ABC8",NA,12,0.775,0,2.1,0.889080692788714,NA,NA
"221","DERM_BBWQ","ABC9",NA,21,0.747619047619048,0,1.4,0.694536265403329,NA,NA
"222","DERM_BBWQ","ABD1",0,23,0.747826086956522,0,1.3,0.638597236914349,NA,1
"223","DERM_BBWQ","ABD2",0.1,22,0.681818181818182,0,1.2,0.713705584520439,NA,0.379142430563172
"224","DERM_BBWQ","ABD3",0.2,25,0.648,0,1.2,0.740258330568608,NA,0.698535358303339
"225","DERM_BBWQ","ABD4",NA,12,0.5,0,1,0.882146143324233,NA,NA
"226","DERM_BBWQ","ABD5",NA,23,0.765217391304348,0,1.3,0.696657557514288,NA,NA
"227","DERM_BBWQ","ABD6",NA,18,0.683333333333333,0,1.4,0.72261205166081,NA,NA
"228","DERM_BBWQ","ABD7",NA,14,0.692857142857143,0.1,1.3,0.739122332441762,NA,NA
"229","DERM_BBWQ","ABD8",NA,12,0.675,0.1,1.2,0.712246568234513,NA,NA
"230","DERM_BBWQ","ABD9",0.05,19,0.547368421052632,0,1.2,0.855535116348663,NA,0.811597509074705
"231","DERM_BBWQ","AC01",0.5,922,7.84065835140998,0,36.6,1.44570914480418,0.5,3.05019966769845e-08
"232","DERM_BBWQ","AC02",0.1,760,3.45923157894737,0,32.94,1.75954674673557,0.1,0.00155248203918917
"233","DERM_BBWQ","AC03",0.2,890,NA,NA,NA,NA,0.2,3.69998177194696e-08
"234","DERM_BBWQ","AC04",NA,47,0.427468085106383,0.1,0.968,0.660178773740095,NA,NA
"235","DERM_BBWQ","AC06",0.655,545,5.99709357798165,0,32.25,1.54399631029552,0.655,0.00108762675338588
"236","DERM_BBWQ","AC08E",NA,134,1.6195671641791,0.1,3.7,0.847100159707247,NA,NA
"237","DERM_BBWQ","AC08W",NA,101,0.588306930693069,0.1,1.502,0.794261003360088,NA,NA
"238","DERM_BBWQ","AC15",NA,2,0.4,0.1,0.7,1.06066017177982,NA,NA
"239","DERM_BBWQ","AR01",0,729,1.90079698216735,0,5.5,1.02355883071176,NA,0.272325593174002
"240","DERM_BBWQ","AR03",-0.2,899,1.24491212458287,0,17.16,1.17142009882727,-0.2,0.0261177789548598
"241","DERM_BBWQ","AR03A",NA,3,2.61,1,3.415,0.534214904250171,NA,NA
"242","DERM_BBWQ","BB01",0,482,4.34396887966805,0,13,1.24031863917354,NA,0.158615015736869
"243","DERM_BBWQ","BB01A",NA,38,24.4460526315789,13.21,34.85,0.276406939364013,NA,NA
"244","DERM_BBWQ","BB02",0.5,920,6.05877173913044,0,35.67,1.61857542571959,0.5,6.12274777604953e-11
"245","DERM_BBWQ","BB03",0,552,1.02010688405797,0,4.3,0.79469833057482,NA,0.0563482348433241
"246","DERM_BBWQ","BB04",0.559,922,7.28642407809111,0,36.71,1.58990561334992,0.559,6.8865681774416e-10
"247","DERM_BBWQ","BB05A",0.3,740,9.46812486486487,0,36.84,1.5213400058524,0.3,0.000209198545768357
"248","DERM_BBWQ","BB06",0,722,1.71860526315789,0,5.146,1.00177562048423,NA,0.207704072599507
"249","DERM_BBWQ","BB07",0,553,1.60451898734177,0,5,0.960779327326533,0,0.039842971941434
"250","DERM_BBWQ","BB08",NA,161,27.8024223602484,11.97,36.47,0.185170173927879,NA,NA
"251","DERM_BBWQ","BB09",0.7,926,6.72665010799136,0,36.9,1.68171448183257,0.7,2.77264047175932e-10
"252","DERM_BBWQ","BB10",1,708,7.57026836158192,0,36.85,1.6148481823085,1,2.27423461020601e-15
"253","DERM_BBWQ","BB11",0.5,926,6.17388336933045,0,36.73,1.77250369143584,0.5,2.12035672482519e-10
"254","DERM_BBWQ","BB13",NA,5,27.304,24.6,28.43,0.0567260459627971,NA,NA
"255","DERM_BBWQ","BB13A",NA,78,27.9412820512821,16.44,32.97,0.136238796969998,NA,NA
"256","DERM_BBWQ","BB14",0.6,868,7.52739516129032,0,36.71,1.66568336881806,0.6,7.80297919503934e-17
"257","DERM_BBWQ","BB15",0.1,806,4.50680893300248,0,34.54,1.99398540166579,0.1,3.47840891098185e-05
"258","DERM_BBWQ","BB15A",NA,153,28.5303267973856,12.69,36.42,0.137076767685869,NA,NA
"259","DERM_BBWQ","BB16",0,730,1.77788904109589,0,5,1.00520323906174,NA,0.174387880169906
"260","DERM_BBWQ","BB17",0.5,915,6.79182841530055,0,36.84,1.77852046639654,0.5,1.07640888762812e-09
"261","DERM_BBWQ","BB18",1,710,7.99679295774648,0,36.56,1.57617108715514,1,2.63993344476382e-15
"262","DERM_BBWQ","BB19",0,726,2.55243112947658,0,7.4,1.10397412516517,NA,0.0750423090859564
"263","DERM_BBWQ","BB22",0.5,931,7.08456068743287,0,37.07,1.76584425554888,0.5,7.23882187789346e-12
"264","DERM_BBWQ","BB23",0.1,561,4.48898217468806,0,14.4,1.21904936956824,0.1,0.000252878290815273
"265","DERM_BBWQ","BB24",0.800000000000001,930,10.5003462365591,0,38.4,1.21140983313762,0.800000000000001,8.80632234505386e-11
"266","DERM_BBWQ","BB25",0.9,661,6.86721331316188,0,37.67,1.72245884266076,0.9,7.29895481922995e-11
"267","DERM_BBWQ","BB26",0.4,855,5.93996959064328,0,36.78,1.89583872792302,0.4,1.94507397667613e-09
"268","DERM_BBWQ","BB27",0,729,1.51763648834019,0,3.936,0.951126505878724,NA,0.140822609468536
"269","DERM_BBWQ","BB28",0.3,831,6.32782310469314,0,37.7,1.71767432537315,0.3,1.75406566847847e-07
"270","DERM_BBWQ","BB29",0,561,1.41795008912656,0,3.7,0.903974700720008,0,0.0303272850709875
"271","DERM_BBWQ","BB31",0.5,925,7.18385837837838,0,38.37,1.67993271724916,0.5,1.60510498194101e-09
"272","DERM_BBWQ","BB32",0.185,835,5.56054011976048,0,37.7,1.88587244232543,0.185,6.85825364536453e-07
"273","DERM_BBWQ","BB34",0.5,933,6.51003429796356,0,39.61,1.76236777537859,0.5,3.41323073383225e-10
"274","DERM_BBWQ","BB35",0,728,1.10940521978022,0,3.364,0.85107629820066,NA,0.0658020768135181
"275","DERM_BBWQ","BB36",0,741,1.21286909581646,0,3.3,0.879172068430207,NA,0.146945151619817
"276","DERM_BBWQ","BB37",0.486,920,7.2518902173913,0,37.85,1.82342814041873,0.486,3.91182344178715e-10
"277","DERM_BBWQ","BB38",0.657,928,7.62651293103448,0,38.52,1.72064285509478,0.657,1.00624881754971e-11
"278","DERM_BBWQ","BB39A",0.3,849,6.66202355712603,0,41.09,1.75074754461477,0.3,1.64092747597066e-05
"279","DERM_BBWQ","BB41",0.5,928,7.15375431034483,0,40.89,1.77052185685153,0.5,1.84857956314816e-11
"280","DERM_BBWQ","BB42",NA,171,0.961988304093567,0,3.8,0.870752811972086,NA,NA
"281","DERM_BBWQ","BB43",NA,177,1.96892655367232,0,7.1,1.07917940541908,NA,NA
"282","DERM_BBWQ","BB44",0,726,1.13206336088154,0,5.63,0.852720538141557,NA,0.0885101144306825
"283","DERM_BBWQ","BB45",0,725,1.13811724137931,0,3.4,0.852154346686804,NA,0.132596708958889
"284","DERM_BBWQ","BB46",NA,175,1.48171428571429,0,4.8,0.992918160228192,NA,NA
"285","DERM_BBWQ","BB47",0.5,923,7.30859588299025,0,39.14,1.72070751419974,0.5,7.27967515478678e-11
"286","DERM_BBWQ","BB48",0.5,881,6.60496708286039,0,40.64,1.80647689783229,0.5,2.52331514145533e-10
"287","DERM_BBWQ","BB50",0.4,924,6.65158441558442,0,41.44,1.73728361678893,0.4,8.3846053595257e-12
"288","DERM_BBWQ","BB51",0.385,929,5.53302368137783,0,41.65,1.85763159034844,0.385,2.94373031929993e-11
"289","DERM_BBWQ","BB52",0.1,466,2.0128669527897,0,37.04,3.06303648522998,0.1,0.00240419896029492
"290","DERM_BBWQ","BB53",0.1,426,1.34707042253521,0,41.65,3.50915589818353,0.1,0.0249972192716111
"291","DERM_BBWQ","BB54",NA,463,1.15770410367171,0,5.87,0.997855347543121,NA,NA
"292","DERM_BBWQ","BB55",NA,135,1.18328148148148,0.1,2.577,0.747797383541167,NA,NA
"293","DERM_BBWQ","BB56",NA,299,1.03665551839465,0.1,2.708,0.824086812989483,NA,NA
"294","DERM_BBWQ","BBKB1",NA,106,32.5910377358491,27.74,37.52,0.0586448557664255,NA,NA
"295","DERM_BBWQ","BBMB1",NA,174,33.1937931034483,25.56,37.83,0.0788053016615001,NA,NA
"296","DERM_BBWQ","BBMB2",NA,152,31.7225,22.2,36.78,0.0778228438572274,NA,NA
"297","DERM_BBWQ","BBMB3",NA,159,31.1258490566038,18.69,36.78,0.0880996311284174,NA,NA
"298","DERM_BBWQ","BBMB4",NA,152,31.0994736842105,18.22,37.1,0.0874711024606941,NA,NA
"299","DERM_BBWQ","BBOR1",NA,94,32.2182978723404,23.86,37.3,0.0974810144617495,NA,NA
"300","DERM_BBWQ","BBOR2",NA,93,30.9331182795699,22.4,37.13,0.110710311909969,NA,NA
"301","DERM_BBWQ","BBY1",NA,38,28.1157894736842,21.87,33.13,0.0923811280484213,NA,NA
"302","DERM_BBWQ","BBY4",NA,40,30.36625,26.22,38.28,0.0897239885189057,NA,NA
"303","DERM_BBWQ","BD17",NA,65,0.74,0,2.6,0.802960305375531,NA,NA
"304","DERM_BBWQ","BISC101",NA,357,14.9474145658263,0.1,41.52,0.973730603783081,NA,NA
"305","DERM_BBWQ","BISC102",NA,145,0.711365517241379,0.1,2.821,0.916188430737965,NA,NA
"306","DERM_BBWQ","BISC110",NA,144,0.800798611111111,0.1,2.402,0.971558807145435,NA,NA
"307","DERM_BBWQ","BISC121",NA,347,17.1585158501441,0.1,38.44,0.97184079119977,NA,NA
"308","DERM_BBWQ","BISC122",NA,354,16.8810056497175,0.1,39.17,0.964617850303712,NA,NA
"309","DERM_BBWQ","BISC123",NA,145,0.787062068965517,0.1,2.461,0.975718622891832,NA,NA
"310","DERM_BBWQ","BISC127",NA,348,16.8316206896552,0.1,39.83,0.940729402229139,NA,NA
"311","DERM_BBWQ","BISC128",NA,159,1.18551572327044,0.1,3.8,1.12322255687235,NA,NA
"312","DERM_BBWQ","BL01",0.2,870,3.42419195402299,0,37.77,1.75501268823614,0.2,7.97902972421434e-07
"313","DERM_BBWQ","BL02",0.1,787,2.40326810673443,0,31.09,1.57444955140164,0.1,0.00327626586106751
"314","DERM_BBWQ","BL03",0,933,NA,NA,NA,NA,NA,0.109463330211919
"315","DERM_BBWQ","BL04",NA,40,0.2655,0.22,0.45,0.174373439351831,NA,NA
"316","DERM_BBWQ","BL05",NA,41,0.278780487804878,0.23,0.67,0.326519747226804,NA,NA
"317","DERM_BBWQ","BL06",-0.73,229,0.842096069868996,0.1,5.3,1.70270766535354,-0.73,6.46936084555752e-05
"318","DERM_BBWQ","BL12",0,924,0.902741341991342,0,7.03,0.969266004364881,NA,0.682134235245048
"319","DERM_BBWQ","BS01",0.4,925,5.92291135135135,0,36.23,1.61880207799661,0.4,2.05295888516006e-06
"320","DERM_BBWQ","BS03",NA,6,1.71666666666667,0.1,4.8,1.11346991481666,NA,NA
"321","DERM_BBWQ","BS04",0,924,NA,NA,NA,NA,NA,0.28266748335248
"322","DERM_BBWQ","BS07",-0.75,341,0.757454545454545,0.1,3.4,1.33183201209061,-0.75,0.000437138258763691
"323","DERM_BBWQ","BS08",-0.77,91,0.49043956043956,0.1,3.4,1.06008125865475,NA,0.470523154661285
"324","DERM_BBWQ","BS09",NA,40,0.2305,0.22,0.24,0.0218581984232442,NA,NA
"325","DERM_BBWQ","BS10",0,921,0.814597176981542,0,4.1,0.893004364907765,NA,0.273931028882404
"326","DERM_BBWQ","BS11",NA,166,0.263072289156627,0.2,0.46,0.169101146201363,NA,NA
"327","DERM_BBWQ","BSA1",0,15,1.07333333333333,0,2.3,0.832920346427906,NA,1
"328","DERM_BBWQ","BSA2",NA,3,1.16666666666667,0,2.3,0.986024795813566,NA,NA
"329","DERM_BBWQ","BSA3",0.0499999999999999,30,1.01333333333333,0,2.2,0.749199592002046,NA,0.875594724383905
"330","DERM_BBWQ","BSA4",NA,15,1.36666666666667,0.1,2.4,0.703824128004563,NA,NA
"331","DERM_BBWQ","BSA5",NA,27,1.23333333333333,0.1,2.8,0.776075074468598,NA,NA
"332","DERM_BBWQ","BSA6",-0.1,21,1.27619047619048,0,3.1,0.874986076966528,NA,0.63859207768502
"333","DERM_BBWQ","BSA7",NA,9,1.15555555555556,0,2.5,0.88157923788093,NA,NA
"334","DERM_BBWQ","BSA8",-0.1,24,1.20833333333333,0,2.6,0.82032799156907,NA,0.824778095082513
"335","DERM_BBWQ","BSA9",NA,9,1.31111111111111,0.1,2.8,0.877487026546897,NA,NA
"336","DERM_BBWQ","BSB1",-0.05,27,0.992592592592593,0,2.1,0.756462382375631,NA,0.875594724383905
"337","DERM_BBWQ","BSB2",NA,6,1.03333333333333,0.1,2,0.822675516350714,NA,NA
"338","DERM_BBWQ","BSB3",-0.1,18,1.12222222222222,0,2.4,0.7861308385603,NA,0.824778095082513
"339","DERM_BBWQ","BSB4",-0.1,33,0.966666666666667,0.1,2,0.708576640966708,NA,1
"340","DERM_BBWQ","BSB5",0,18,1.07222222222222,0.1,2.3,0.756875304660121,NA,1
"341","DERM_BBWQ","BSB6",NA,12,1.40833333333333,0,2.3,0.680700198414163,NA,NA
"342","DERM_BBWQ","BSB7",NA,18,1.04444444444444,0,2.2,0.738153044553576,NA,NA
"343","DERM_BBWQ","BSB8",0,15,1.13333333333333,0.1,2.3,0.773303318716859,NA,1
"344","DERM_BBWQ","BSB9",NA,9,1.12222222222222,0,2.5,0.884131251453696,NA,NA
"345","DERM_BBWQ","BSC1",NA,15,1.2,0.1,2.4,0.779830058817253,NA,NA
"346","DERM_BBWQ","BSC2",0,18,1.27222222222222,0.1,2.8,0.864757247076663,NA,1
"347","DERM_BBWQ","BSC3",NA,9,1.26666666666667,0.1,2.8,0.9044557292676,NA,NA
"348","DERM_BBWQ","BSC4",NA,15,1.43333333333333,0,2.6,0.710349969734943,NA,NA
"349","DERM_BBWQ","BSC5",NA,18,1.24444444444444,0,2.9,0.786477856628899,NA,NA
"350","DERM_BBWQ","BSC6",NA,24,1.25833333333333,0,2.8,0.828837835750585,NA,NA
"351","DERM_BBWQ","BSC7",0,27,1.33703703703704,0,3.1,0.877175786090185,NA,1
"352","DERM_BBWQ","BSC8",NA,3,1.23333333333333,0.1,2.6,1.02667134666068,NA,NA
"353","DERM_BBWQ","BSC9",-0.05,27,1.28148148148148,0,3,0.864102363775533,NA,1
"354","DERM_BBWQ","BSD1",NA,12,1.3,0.1,2.9,0.887423333102954,NA,NA
"355","DERM_BBWQ","BSD2",-0.05,24,1.35,0,3.2,0.890765598027456,NA,1
"356","DERM_BBWQ","BSD3",NA,18,1.37222222222222,0,2.9,0.870844572459209,NA,NA
"357","DERM_BBWQ","BSD4",0,24,1.32916666666667,0,3.1,0.873865537728249,NA,1
"358","DERM_BBWQ","BSD5",NA,9,1.3,0.1,2.8,0.881264556722277,NA,NA
"359","DERM_BBWQ","BSD6",NA,27,1.3,0,3.3,0.897069522283892,NA,NA
"360","DERM_BBWQ","BSD7",NA,15,1.33333333333333,0,3.1,0.94727051499106,NA,NA
"361","DERM_BBWQ","BSD8",0,9,1.27777777777778,0,2.8,0.908279496968018,NA,1
"362","DERM_BBWQ","BSD9",NA,18,1.33333333333333,0.1,2.9,0.887411967464942,NA,NA
"363","DERM_BBWQ","BSE1",NA,18,1.41666666666667,0,3.3,0.865626936903971,NA,NA
"364","DERM_BBWQ","BSE2",0,24,1.37916666666667,0,3.1,0.888799044029524,NA,1
"365","DERM_BBWQ","BSE3",NA,15,1.29333333333333,0,2.9,0.90992783352478,NA,NA
"366","DERM_BBWQ","BSE4",NA,12,1.4,0.1,3.3,0.916251944189976,NA,NA
"367","DERM_BBWQ","BSE5",NA,17,1.15294117647059,0.1,2.8,0.907154120014561,NA,NA
"368","DERM_BBWQ","BSE6",0.1,24,1.27083333333333,0,2.8,0.838713679735236,NA,0.531167836546014
"369","DERM_BBWQ","BSE7",NA,9,1.3,0,3,0.984344914774594,NA,NA
"370","DERM_BBWQ","BSE8",0,21,1.31428571428571,0,3.1,0.899077977613659,NA,0.852996544389482
"371","DERM_BBWQ","BSE9",NA,12,1.34166666666667,0.1,2.8,0.752394636099256,NA,NA
"372","DERM_BBWQ","BSF1",1.1,24,1.17083333333333,0,2.2,0.679307300469622,NA,0.642834826490804
"373","DERM_BBWQ","BSF2",0,27,1.09259259259259,0,2.2,0.77075807980844,NA,1
"374","DERM_BBWQ","BSF3",0,24,1.1125,0.1,2.3,0.793119055112726,NA,1
"375","DERM_BBWQ","BSF4",NA,12,1.06666666666667,0.1,2,0.693926574580547,NA,NA
"376","DERM_BBWQ","BSF5",NA,9,1.07777777777778,0.1,2.2,0.824387810428567,NA,NA
"377","DERM_BBWQ","BSF6",NA,15,1.11333333333333,0.1,2.4,0.817503912888269,NA,NA
"378","DERM_BBWQ","BSF7",NA,9,1.01111111111111,0.1,2,0.745776661045953,NA,NA
"379","DERM_BBWQ","BSF8",NA,15,1.09333333333333,0.1,2.6,0.793202054616356,NA,NA
"380","DERM_BBWQ","BSF9",NA,21,1.16190476190476,0,2.5,0.789965793809033,NA,NA
"381","DERM_BBWQ","BSG1",NA,18,1.21666666666667,0.1,2.5,0.761302307789601,NA,NA
"382","DERM_BBWQ","BSG2",NA,12,1.3,0,2.5,0.821968405869377,NA,NA
"383","DERM_BBWQ","BSG3",0.05,27,1.21111111111111,0,2.6,0.836520335640641,NA,0.896416967667313
"384","DERM_BBWQ","BSG4",NA,24,1.19166666666667,0.1,2.5,0.766678094030238,NA,NA
"385","DERM_BBWQ","BSG6",0,36,1.24166666666667,0,2.9,0.842123915162689,NA,1
"386","DERM_BBWQ","BSG7",0,18,1.16111111111111,0.1,2.5,0.784985836915413,NA,0.910363489699815
"387","DERM_BBWQ","BSG8",NA,3,1.2,0.1,2.6,1.06392877790031,NA,NA
"388","DERM_BBWQ","BSG9",NA,18,1.41111111111111,0.1,2.6,0.735615244636712,NA,NA
"389","DERM_BBWQ","BSH1",0,27,1.24074074074074,0.1,2.9,0.838858266568865,NA,0.873739441952744
"390","DERM_BBWQ","BSH2",NA,6,1.35,0.1,2.8,0.882383603114466,NA,NA
"391","DERM_BBWQ","BSH3",NA,3,1.2,0.1,2.5,1.01036297108185,NA,NA
"392","DERM_BBWQ","BSH4",0,24,1.275,0,2.9,0.880769631823485,NA,1
"393","DERM_BBWQ","BSH5",NA,18,1.49444444444444,0.1,2.7,0.735691616323818,NA,NA
"394","DERM_BBWQ","BSH6",0.1,12,1.3,0.1,2.5,0.801424229810248,NA,0.375825087488698
"395","DERM_BBWQ","BSH7",-0.1,21,1.2,0,2.8,0.821583836257749,NA,0.824778095082513
"396","DERM_BBWQ","BSH8",0,24,1.125,0.1,2.5,0.831892474161672,NA,1
"397","DERM_BBWQ","BSH9",NA,21,1.05714285714286,0.1,2.1,0.743979978837881,NA,NA
"398","DERM_BBWQ","BSI1",NA,6,1.3,0.1,2.8,0.945872378396271,NA,NA
"399","DERM_BBWQ","BSI2",NA,12,1.725,0,3.2,0.744086820463387,NA,NA
"400","DERM_BBWQ","BSI3",NA,12,1.33333333333333,0.1,3,0.920967870330892,NA,NA
"401","DERM_BBWQ","BSI4",0.1,21,1.4,0,3,0.805275969935215,NA,0.657905019428482
"402","DERM_BBWQ","BSI5",NA,15,1.25333333333333,0,2.8,0.89503388543801,NA,NA
"403","DERM_BBWQ","BSI6",0,24,1.19166666666667,0.1,2.8,0.832904620545238,NA,1
"404","DERM_BBWQ","BSI7",NA,15,1.28,0,2.8,0.837901356387322,NA,NA
"405","DERM_BBWQ","BSI8",0.0999999999999996,18,1.27222222222222,0.1,2.8,0.86559738385273,NA,0.824778095082513
"406","DERM_BBWQ","BSI9",0,30,1.08333333333333,0.1,2.4,0.76813715363769,NA,1
"407","DERM_BBWQ","BSJ1",NA,9,1.13333333333333,0.1,2.4,0.847472325542583,NA,NA
"408","DERM_BBWQ","BSJ2",NA,15,1.14666666666667,0.1,2.5,0.8133451689801,NA,NA
"409","DERM_BBWQ","BSJ3",0.1,18,1.17222222222222,0.1,2.5,0.814998913146641,NA,0.824778095082513
"410","DERM_BBWQ","BSJ4",-0.1,9,1.15555555555556,0.1,2.5,0.871970134626452,NA,0.824778095082513
"411","DERM_BBWQ","BSJ5",NA,18,1.30555555555556,0.1,2.6,0.703225901808598,NA,NA
"412","DERM_BBWQ","BSJ6",0.1,21,1.21428571428571,0.1,2.8,0.841164129897136,NA,0.794572348623279
"413","DERM_BBWQ","BSJ7",0.1,24,1.3125,0,2.7,0.816375824204308,NA,1
"414","DERM_BBWQ","BSJ8",0.1,18,1.06111111111111,0.1,2.2,0.703853806757451,NA,1
"415","DERM_BBWQ","BSJ9",NA,18,0.938888888888889,0,2,0.731684274584049,NA,NA
"416","DERM_BBWQ","BSK1",0,18,1.01666666666667,0.1,2.1,0.754580366688115,NA,0.894625809546728
"417","DERM_BBWQ","BSK2",0,15,1.09333333333333,0,2.3,0.823509415421177,NA,1
"418","DERM_BBWQ","BSK3",NA,18,1.1,0,2.3,0.807114692822498,NA,NA
"419","DERM_BBWQ","BSK4",NA,21,0.990476190476191,0.1,1.9,0.710976259184693,NA,NA
"420","DERM_BBWQ","BSK5",NA,24,1.10416666666667,0.1,2.3,0.7262387521275,NA,NA
"421","DERM_BBWQ","BSK6",NA,18,1.12777777777778,0.1,2.5,0.761436029571378,NA,NA
"422","DERM_BBWQ","BSK7",0,23,0.917391304347826,0,2.5,0.769834890473223,NA,0.808915443640156
"423","DERM_BBWQ","BSK8",NA,9,0.977777777777778,0,2,0.814622941728308,NA,NA
"424","DERM_BBWQ","BSK9",NA,9,1.03333333333333,0.1,2.2,0.803866825443685,NA,NA
"425","DERM_BBWQ","BSL1",NA,6,1.15,0.1,2.3,0.82996799992974,NA,NA
"426","DERM_BBWQ","BSL2",0,15,1.11333333333333,0,2.5,0.83631985939527,NA,1
"427","DERM_BBWQ","BSL3",0,12,1.11666666666667,0,2.3,0.83645062534262,NA,1
"428","DERM_BBWQ","BSL4",NA,18,1.04444444444444,0.1,2.2,0.783512836816871,NA,NA
"429","DERM_BBWQ","BSL5",NA,18,1.1,0.1,2.2,0.785750587901749,NA,NA
"430","DERM_BBWQ","BSL6",0.1,24,1.09583333333333,0,2.4,0.705563886764411,NA,0.515082278709643
"431","DERM_BBWQ","BSL7",1.5,18,1.22222222222222,0.1,2.5,0.715234594406941,NA,0.0636025696207536
"432","DERM_BBWQ","BSL8",NA,15,1.06,0,2.3,0.745223307854019,NA,NA
"433","DERM_BBWQ","BSL9",NA,21,0.495238095238095,0,1.2,0.798748558906387,NA,NA
"434","DERM_BBWQ","BWA1",-0.05,21,0.866666666666667,0,1.5,0.68001914348271,NA,0.895977752832908
"435","DERM_BBWQ","BWA2",NA,15,0.88,0,1.7,0.745410990175157,NA,NA
"436","DERM_BBWQ","BWA3",0,18,0.983333333333333,0,1.9,0.663886707149931,NA,1
"437","DERM_BBWQ","BWA4",NA,27,1.02222222222222,0,2,0.659780060383083,NA,NA
"438","DERM_BBWQ","BWA5",NA,18,1.02777777777778,0,2.2,0.795227028417828,NA,NA
"439","DERM_BBWQ","BWA6",-0.2,21,1.04285714285714,0,2.7,0.783473028804647,NA,0.896416967667313
"440","DERM_BBWQ","BWA7",0,33,0.957575757575758,0,1.9,0.755331256099783,NA,1
"441","DERM_BBWQ","BWA8",NA,30,1.04666666666667,0.1,2.1,0.745034244868044,NA,NA
"442","DERM_BBWQ","BWA9",0,30,0.946666666666667,0,2,0.69669357473817,NA,1
"443","DERM_BBWQ","BWB1",NA,27,0.988888888888889,0,2.3,0.729392381500348,NA,NA
"444","DERM_BBWQ","BWB2",NA,21,1.15238095238095,0.1,2.2,0.667459629038657,NA,NA
"445","DERM_BBWQ","BWB3",0,30,1.03333333333333,0,2.2,0.786744756162714,NA,1
"446","DERM_BBWQ","BWB4",NA,24,1.04166666666667,0,2.2,0.794625424472054,NA,NA
"447","DERM_BBWQ","BWB5",NA,9,1.12222222222222,0.1,2.3,0.801705123342521,NA,NA
"448","DERM_BBWQ","BWB6",NA,21,1.04285714285714,0,2.3,0.774027152884276,NA,NA
"449","DERM_BBWQ","BWB7",0,33,1.03939393939394,0,2.2,0.754856818810376,NA,1
"450","DERM_BBWQ","BWB8",0.1,21,0.938095238095238,0,1.9,0.724148637679066,NA,0.662520583540057
"451","DERM_BBWQ","BWB9",NA,27,1.16296296296296,0,3.2,0.819623924172349,NA,NA
"452","DERM_BBWQ","BWC1",NA,18,1.02777777777778,0,2.1,0.768156248875992,NA,NA
"453","DERM_BBWQ","BWC2",0,21,1.02380952380952,0,2.1,0.801825931377449,NA,1
"454","DERM_BBWQ","BWC3",NA,21,0.890476190476191,0,1.8,0.702122949667241,NA,NA
"455","DERM_BBWQ","BWC4",NA,9,0.966666666666667,0.1,2,0.754888940654815,NA,NA
"456","DERM_BBWQ","BWC5",0.8,30,1.09333333333333,0,2.1,0.7031321048107,NA,0.642834826490804
"457","DERM_BBWQ","BWC6",0.05,39,1.04871794871795,0.1,2.3,0.770598137668494,NA,1
"458","DERM_BBWQ","BWC7",0,21,1.05714285714286,0.1,2.1,0.664570908429016,NA,1
"459","DERM_BBWQ","BWC8",NA,18,1.03333333333333,0,2.2,0.789693045944281,NA,NA
"460","DERM_BBWQ","BWC9",0.05,36,1.11944444444444,0,3.1,0.814204815920608,NA,0.920502633281439
"461","DERM_BBWQ","BWD1",NA,15,1.13333333333333,0.1,2.3,0.773303318716859,NA,NA
"462","DERM_BBWQ","BWD2",NA,18,1.04444444444444,0,2.3,0.805904501381921,NA,NA
"463","DERM_BBWQ","BWD3",NA,21,1.13809523809524,0,2.4,0.782687402054786,NA,NA
"464","DERM_BBWQ","BWD4",-0.1,21,1.13333333333333,0.1,2.4,0.825051115119878,NA,0.662520583540057
"465","DERM_BBWQ","BWD5",0.1,24,1.10833333333333,0,2.4,0.803889308724151,NA,1
"466","DERM_BBWQ","BWD6",NA,21,1.27142857142857,0,2.4,0.720915898255147,NA,NA
"467","DERM_BBWQ","BWD7",NA,15,1.12666666666667,0.1,2.3,0.784936230265388,NA,NA
"468","DERM_BBWQ","BWD8",0,45,1.17777777777778,0,3.3,0.828327576309954,NA,1
"469","DERM_BBWQ","BWD9",NA,33,1.14242424242424,0,2.7,0.81968336970628,NA,NA
"470","DERM_BBWQ","CD01",NA,36,2.05277777777778,0.1,5.8,1.09849251362594,NA,NA
"471","DERM_BBWQ","CD01A",0.4,690,8.98628985507246,0,38.43,1.41860603466599,0.4,4.38330628198178e-05
"472","DERM_BBWQ","CD02",0,918,2.12098801742919,0,7.5,1.26234708456338,NA,0.438559193996293
"473","DERM_BBWQ","CD03A",NA,40,0.3065,0.24,0.5,0.195556287624567,NA,NA
"474","DERM_BBWQ","CD04A",NA,41,0.228292682926829,0.16,0.27,0.113341055833891,NA,NA
"475","DERM_BBWQ","CD05",0,750,1.25222,0,7.8,1.17027968445677,NA,0.563867972405932
"476","DERM_BBWQ","CD06",NA,242,1.7909173553719,0.1,6.794,0.970863249642021,NA,NA
"477","DERM_BBWQ","CD08",NA,73,1.44109589041096,0,3.3,0.83836943649019,NA,NA
"478","DERM_BBWQ","CD09",0,911,1.21534796926454,0,100,2.85238679801658,NA,0.445989001036947
"479","DERM_BBWQ","CG01",0.5,924,6.36315476190476,0,36.41,1.63150715081279,0.5,4.68492460155069e-11
"480","DERM_BBWQ","CG02",14.98,81,9.0179012345679,0.1,34.13,1.12305565065052,14.98,4.80119771728901e-11
"481","DERM_BBWQ","CG02A",NA,160,11.006,2.26,28.55,0.590220404574884,NA,NA
"482","DERM_BBWQ","CG03",NA,41,0.321219512195122,0.22,1.11,0.662051926804175,NA,NA
"483","DERM_BBWQ","CG05",NA,78,1.0525641025641,0.1,2.3,0.781901277534752,NA,NA
"484","DERM_BBWQ","CG07",0,922,1.0828557483731,0,3.7,1.03333410980836,NA,0.168004871528483
"485","DERM_BBWQ","CG09",NA,69,1.29911594202899,0.1,3.879,1.13787467651525,NA,NA
"486","DERM_BBWQ","CM02",NA,507,0.984418145956607,0.1,32.92,3.24730301420245,NA,NA
"487","DERM_BBWQ","CM04",NA,49,0.216530612244898,0.17,0.31,0.138404470073778,NA,NA
"488","DERM_BBWQ","DCA1",-0.05,20,0.325,0,0.7,0.719008279254748,NA,1
"489","DERM_BBWQ","DCA2",0,12,0.266666666666667,0.1,0.5,0.538305421923955,NA,1
"490","DERM_BBWQ","DCA3",NA,14,0.364285714285714,0,0.8,0.758356281601685,NA,NA
"491","DERM_BBWQ","DCA4",NA,8,0.375,0.1,0.8,0.803168329230782,NA,NA
"492","DERM_BBWQ","DCA5",-0.1,28,0.417857142857143,0,0.9,0.83679244087795,NA,0.53644651394586
"493","DERM_BBWQ","DCA6",NA,14,0.414285714285714,0,0.9,0.872142732656993,NA,NA
"494","DERM_BBWQ","DCA7",NA,14,0.478571428571429,0,1,0.871924053506592,NA,NA
"495","DERM_BBWQ","DCA8",0.05,18,0.461111111111111,0,1,0.798171041251091,NA,0.772829992684448
"496","DERM_BBWQ","DCA9",NA,16,0.51875,0,1,0.848247533829081,NA,NA
"497","DERM_BBWQ","DCB1",NA,10,0.75,0.1,1.2,0.619836696932505,NA,NA
"498","DERM_BBWQ","DCB2",-0.1,22,0.613636363636364,0.1,1.2,0.749824374673081,NA,0.760906727075114
"499","DERM_BBWQ","DCB3",-0.1,22,0.645454545454546,0,2,0.883851914914774,NA,0.581351984678589
"500","DERM_BBWQ","DCB4",-0.05,8,0.5375,0,1,0.889124935393137,NA,1
"501","DERM_BBWQ","DCB5",NA,16,0.49375,0,1,0.838225770890256,NA,NA
"502","DERM_BBWQ","DCB6",-1.38777878078145e-17,20,0.47,0,1,0.9340809426155,NA,1
"503","DERM_BBWQ","DCB7",NA,16,0.5625,0,1.1,0.818228539215561,NA,NA
"504","DERM_BBWQ","DCB8",0.05,23,0.639130434782609,0,1.3,0.773356272755667,NA,1
"505","DERM_BBWQ","DCB9",0.05,15,0.613333333333333,0,1.2,0.807886291039313,NA,0.835530606678088
"506","DERM_BBWQ","DCC1",0,26,0.553846153846154,0,1.1,0.78491762562217,NA,1
"507","DERM_BBWQ","DCC2",0.05,14,0.507142857142857,0,1.1,0.903488256120271,NA,1
"508","DERM_BBWQ","DCC3",0.05,22,0.590909090909091,0,1.2,0.793606460675944,NA,1
"509","DERM_BBWQ","DCC4",0,12,0.566666666666667,0,1.1,0.845765501065946,NA,1
"510","DERM_BBWQ","DCC5",NA,12,0.55,0,1.1,0.89577017552656,NA,NA
"511","DERM_BBWQ","DCC6",0.05,19,0.721052631578947,0,2,0.802809105410306,NA,0.893151379330932
"512","DERM_BBWQ","DCC7",0,17,0.523529411764706,0,1.1,0.847607414133381,NA,1
"513","DERM_BBWQ","DCC8",0.1,19,0.631578947368421,0,1.2,0.786464388620299,NA,1
"514","DERM_BBWQ","DCC9",NA,11,0.590909090909091,0,1.2,0.809675221614841,NA,NA
"515","DERM_BBWQ","DCD1",0.2,24,0.529166666666667,0,1.2,0.856949133000157,NA,0.698535358303339
"516","DERM_BBWQ","DCD2",NA,18,0.505555555555556,0,1,0.851380361113276,NA,NA
"517","DERM_BBWQ","DCD3",0.05,22,0.468181818181818,0,1,0.837383163468459,NA,0.802587348634153
"518","DERM_BBWQ","DCD4",NA,4,0.575,0,1.1,0.967004482180422,NA,NA
"519","DERM_BBWQ","DCD5",NA,20,0.595,0,1.2,0.785423910468705,NA,NA
"520","DERM_BBWQ","DCD6",NA,23,0.530434782608696,0,1.2,0.800719790527263,NA,NA
"521","DERM_BBWQ","DCD7",NA,19,0.552631578947368,0,1.2,0.870680860011245,NA,NA
"522","DERM_BBWQ","DCD8",NA,14,0.55,0.1,1.1,0.860963844338856,NA,NA
"523","DERM_BBWQ","DCD9",NA,4,0.25,0,0.7,1.24365054041184,NA,NA
"524","DERM_BBWQ","DDC1",NA,40,0.2265,0.03,0.24,0.143690179605214,NA,NA
"525","DERM_BBWQ","DDC2",NA,37,0.226216216216216,0.21,0.24,0.0282503350871656,NA,NA
"526","DERM_BBWQ","FBA1",-0.0999999999999999,19,0.742105263157895,0,1.4,0.70064556903122,NA,0.63859207768502
"527","DERM_BBWQ","FBA2",NA,15,0.773333333333333,0,1.3,0.672745276383678,NA,NA
"528","DERM_BBWQ","FBA3",0,21,0.776190476190476,0,1.7,0.693680306080762,NA,1
"529","DERM_BBWQ","FBA4",0.1,24,0.795833333333333,0,1.5,0.691699344403157,NA,0.534158966099566
"530","DERM_BBWQ","FBA5",NA,12,0.858333333333333,0.1,1.7,0.681977975944996,NA,NA
"531","DERM_BBWQ","FBA6",0,33,0.812121212121212,0,1.5,0.668618818888725,NA,1
"532","DERM_BBWQ","FBA7",NA,12,0.633333333333333,0.1,2,0.883834506512982,NA,NA
"533","DERM_BBWQ","FBA8",NA,25,0.816,0,1.7,0.721271518115792,NA,NA
"534","DERM_BBWQ","FBA9",0,37,0.837837837837838,0,1.5,0.644191475381785,NA,1
"535","DERM_BBWQ","FBB1",-0.15,22,0.754545454545455,0,1.4,0.672954880887198,NA,0.772829992684448
"536","DERM_BBWQ","FBB2",NA,16,0.81875,0,1.5,0.685449144637041,NA,NA
"537","DERM_BBWQ","FBB3",-0.0999999999999999,32,0.85,0,2.4,0.708407879266338,NA,0.684860368172191
"538","DERM_BBWQ","FBB4",-0.1,24,0.858333333333333,0,1.7,0.62307172202279,NA,0.824778095082513
"539","DERM_BBWQ","FBB5",NA,14,0.764285714285714,0,1.3,0.70852824111305,NA,NA
"540","DERM_BBWQ","FBB6",0,36,0.863888888888889,0,1.7,0.649619552038571,NA,0.700368968354434
"541","DERM_BBWQ","FBB7",0,20,0.77,0,1.4,0.679544103329128,NA,1
"542","DERM_BBWQ","FBB8",0.1,20,0.84,0,1.7,0.716787598353154,NA,0.598161452683528
"543","DERM_BBWQ","FBB9",-0.1,21,0.8,0,1.5,0.662617914034928,NA,0.824778095082513
"544","DERM_BBWQ","FBBW",0,39,0.892307692307692,0,1.8,0.701467019697567,NA,0.974780293368773
"545","DERM_BBWQ","FBC1",0,17,0.835294117647059,0,1.9,0.759458149744964,NA,1
"546","DERM_BBWQ","FBC2",NA,21,0.895238095238095,0,1.6,0.63037637768749,NA,NA
"547","DERM_BBWQ","FBC3",0,23,0.826086956521739,0,1.6,0.688867113290624,NA,1
"548","DERM_BBWQ","FBC4",-0.1,36,0.95,0,2.4,0.661688310805704,NA,1
"549","DERM_BBWQ","FBC5",NA,18,0.872222222222222,0,1.6,0.698832787318046,NA,NA
"550","DERM_BBWQ","FBC6",0.3,21,0.833333333333333,0.1,1.6,0.664168653280174,NA,0.504035866452505
"551","DERM_BBWQ","FBC7",-0.1,21,0.828571428571429,0,1.5,0.672126375354432,NA,0.897278961260083
"552","DERM_BBWQ","FBC8",NA,17,0.817647058823529,0.1,1.5,0.679898936643881,NA,NA
"553","DERM_BBWQ","FBC9",0,35,0.874285714285714,0,1.7,0.683658348051778,NA,0.821854703382068
"554","DERM_BBWQ","FBD1",0,10,0.52,0,1,0.94123870989629,NA,1
"555","DERM_BBWQ","FBD2",-0.05,20,0.73,0,1.5,0.793923650185164,NA,1
"556","DERM_BBWQ","FBD3",NA,8,0.8,0,1.5,0.804562880433486,NA,NA
"557","DERM_BBWQ","FBD4",-0.2,28,0.857142857142857,0,1.8,0.690887185349865,NA,0.662520583540057
"558","DERM_BBWQ","FBD5",-0.2,32,0.83125,0,1.6,0.646351383116673,NA,0.662520583540057
"559","DERM_BBWQ","FBD6",0,20,0.955,0,2.4,0.710577490149677,NA,0.855132140584706
"560","DERM_BBWQ","FBD7",0,30,0.803333333333333,0,1.5,0.677475148140866,NA,0.873739441952744
"561","DERM_BBWQ","FBD8",0,27,0.9,0,1.6,0.624750662515367,NA,1
"562","DERM_BBWQ","FBD9",-0.1,21,0.871428571428571,0.1,1.5,0.649292091720566,NA,1
"563","DERM_BBWQ","FBHC",0,81,0.279012345679012,0,0.9,0.828447807312939,NA,0.708168584999708
"564","DERM_BBWQ","FBJB",0,86,0.448837209302326,0,1.1,0.880475035099181,NA,0.673385032920102
"565","DERM_BBWQ","FBLM",0,95,0.611578947368421,0,1.4,0.770215415283138,NA,0.64899330277358
"566","DERM_BBWQ","FBLS",0,94,0.592553191489362,0,1.2,0.801647549357548,NA,0.819627174643879
"567","DERM_BBWQ","FBTC",0,84,0.376190476190476,0,1,0.867145657356287,NA,0.875500636031525
"568","DERM_BBWQ","FBTR",0,80,0.405,0,1,0.855243502296341,NA,1
"569","DERM_BBWQ","FC03",-0.00600000000000001,833,0.773138055222089,0,2.8,0.844113605769661,NA,0.0674093871428804
"570","DERM_BBWQ","FC09",NA,69,0.752739130434783,0.1,2.992,0.977473151143099,NA,NA
"571","DERM_BBWQ","FC15",-0.0169999999999999,882,0.709914965986395,0,3.2,0.818610879445302,-0.0169999999999999,0.0144140684380388
"572","DERM_BBWQ","FC16",NA,33,0.260909090909091,0.2,0.3,0.111068695610116,NA,NA
"573","DERM_BBWQ","FLAB01",NA,147,0.835680272108844,0.1,2.525,1.00569471847866,NA,NA
"574","DERM_BBWQ","FLAB02",NA,165,0.600145454545455,0.1,3.193,0.864948267035138,NA,NA
"575","DERM_BBWQ","GL02",0.4,870,4.10255517241379,0,32.92,1.8118099933111,0.4,2.20424330902115e-09
"576","DERM_BBWQ","GL03",0,915,NA,NA,NA,NA,NA,0.171316675341764
"577","DERM_BBWQ","GL04",NA,3,1.33333333333333,0.2,2.8,0.998749217771909,NA,NA
"578","DERM_BBWQ","HBE",NA,3,1.471,0.1,3.313,1.12676742806769,NA,NA
"579","DERM_BBWQ","HCA1",NA,12,0.291666666666667,0,0.7,0.80683536264338,NA,NA
"580","DERM_BBWQ","HCA2",NA,16,0.30625,0,0.8,0.821480329632298,NA,NA
"581","DERM_BBWQ","HCA3",0.55,18,0.311111111111111,0,0.8,0.846041556027723,NA,0.220671361919847
"582","DERM_BBWQ","HCA4",0,22,0.3,0,0.7,0.755928946018455,NA,1
"583","DERM_BBWQ","HCA5",0,24,0.3875,0,0.9,0.83123217591775,NA,1
"584","DERM_BBWQ","HCA6",NA,10,0.32,0,0.7,0.776722995096135,NA,NA
"585","DERM_BBWQ","HCA7",NA,6,0.366666666666667,0.1,0.7,0.724996437722796,NA,NA
"586","DERM_BBWQ","HCA8",-0.05,24,0.308333333333333,0,0.8,0.702250600292972,NA,1
"587","DERM_BBWQ","HCA9",NA,12,0.341666666666667,0,0.8,0.859750200479847,NA,NA
"588","DERM_BBWQ","HCB1",0.1,8,0.375,0,0.8,0.942809041582063,NA,0.698535358303339
"589","DERM_BBWQ","HCB2",0.15,14,0.342857142857143,0,0.9,0.927384890454193,NA,0.497201160481886
"590","DERM_BBWQ","HCB3",-0.05,14,0.35,0,0.8,0.908705498436397,NA,1
"591","DERM_BBWQ","HCB4",0,20,0.345,0,0.8,0.80059562832043,NA,1
"592","DERM_BBWQ","HCB5",NA,20,0.405,0,0.9,0.770362872957969,NA,NA
"593","DERM_BBWQ","HCB6",-2.77555756156289e-17,16,0.45,0,0.9,0.7611989676246,NA,1
"594","DERM_BBWQ","HCB7",NA,16,0.35625,0,0.9,0.887471939279268,NA,NA
"595","DERM_BBWQ","HCB8",0.05,22,0.390909090909091,0,0.8,0.748568216202012,NA,0.517309189697736
"596","DERM_BBWQ","HCB9",NA,14,0.407142857142857,0,0.9,0.93633298776508,NA,NA
"597","DERM_BBWQ","HCC1",NA,26,0.392307692307692,0,0.9,0.776252692738304,NA,NA
"598","DERM_BBWQ","HCC2",NA,10,0.39,0,0.8,0.883696206876091,NA,NA
"599","DERM_BBWQ","HCC3",-2.77555756156289e-17,16,0.41875,0,0.9,0.756271273389702,NA,1
"600","DERM_BBWQ","HCC4",-0.1,8,0.45,0,1,0.896790278846066,NA,0.698535358303339
"601","DERM_BBWQ","HCC5",0.05,18,0.416666666666667,0,0.9,0.848528137423857,NA,1
"602","DERM_BBWQ","HCC6",-0.05,16,0.3625,0,0.7,0.865785093874495,NA,1
"603","DERM_BBWQ","HCC7",-0.1,22,0.381818181818182,0,0.9,0.818840610870119,NA,0.634650867538795
"604","DERM_BBWQ","HCC8",NA,12,0.4,0,0.9,0.910793859523358,NA,NA
"605","DERM_BBWQ","HCC9",0,16,0.425,0,1,0.770865090215254,NA,1
"606","DERM_BBWQ","HCD1",0.1,30,0.38,0,0.7,0.70950050302863,NA,0.426583495655539
"607","DERM_BBWQ","HCD2",0.15,12,0.375,0,0.8,0.881688004553616,NA,1
"608","DERM_BBWQ","HCD3",NA,14,0.392857142857143,0.1,0.9,0.776351025920742,NA,NA
"609","DERM_BBWQ","HCD4",0,16,0.325,0,0.7,0.757864746745073,NA,1
"610","DERM_BBWQ","HCD5",NA,6,0.316666666666667,0,0.7,1.00690139314258,NA,NA
"611","DERM_BBWQ","HCD6",1.38777878078145e-17,14,0.257142857142857,0,0.7,0.859006250205281,NA,1
"612","DERM_BBWQ","HCD7",NA,20,0.275,0,0.6,0.726075569708388,NA,NA
"613","DERM_BBWQ","HCD8",0.05,22,0.281818181818182,0,0.8,0.852713063058384,NA,1
"614","DERM_BBWQ","HCD9",NA,8,0.275,0,0.6,0.947251040457687,NA,NA
"615","DERM_BBWQ","IC01",NA,38,33.2652631578947,26.63,36.77,0.0857201938388124,NA,NA
"616","DERM_BBWQ","IC02",NA,38,31.1339473684211,25.99,36.26,0.104150660365077,NA,NA
"617","DERM_BBWQ","JBA1",0.1,20,0.385,0,1.1,0.835408700711317,NA,1
"618","DERM_BBWQ","JBA2",NA,12,0.483333333333333,0,1,0.773297747669449,NA,NA
"619","DERM_BBWQ","JBA3",0.05,31,0.519354838709677,0,1.2,0.878737487115121,NA,1
"620","DERM_BBWQ","JBA4",NA,8,0.5,0.1,1,0.814160391358572,NA,NA
"621","DERM_BBWQ","JBA5",0.15,10,0.55,0,1.2,0.920134936405392,NA,1
"622","DERM_BBWQ","JBA6",0.05,22,0.540909090909091,0,1.1,0.849422662544801,NA,1
"623","DERM_BBWQ","JBA7",NA,6,0.533333333333333,0,1.1,0.968245836551854,NA,NA
"624","DERM_BBWQ","JBA8",0.05,18,0.544444444444445,0.1,1,0.756576866721973,NA,0.595883090565178
"625","DERM_BBWQ","JBA9",0.05,22,0.695454545454545,0,1.4,0.743165325797764,NA,0.890959772099617
"626","DERM_BBWQ","JBB1",0.2,16,0.525,0,1,0.806624125112749,NA,0.190042291676698
"627","DERM_BBWQ","JBB2",0.25,18,0.505555555555556,0,1,0.741575068958373,NA,1
"628","DERM_BBWQ","JBB3",NA,15,0.6,0,1.2,0.74535599249993,NA,NA
"629","DERM_BBWQ","JBB4",-0.05,18,0.483333333333333,0,1,0.846388837644409,NA,0.805732790848439
"630","DERM_BBWQ","JBB5",NA,11,0.627272727272727,0.1,1.3,0.76485498664689,NA,NA
"631","DERM_BBWQ","JBB6",0.05,22,0.518181818181818,0,1.1,0.841478463470632,NA,1
"632","DERM_BBWQ","JBB7",NA,11,0.6,0,1.3,0.853098926137982,NA,NA
"633","DERM_BBWQ","JBB8",0,18,0.477777777777778,0,1,0.832751469731187,NA,1
"634","DERM_BBWQ","JBB9",0,18,0.477777777777778,0.1,1,0.781673782716584,NA,0.828593075218647
"635","DERM_BBWQ","JBC1",0.15,12,0.391666666666667,0.1,0.9,0.832386940827433,NA,1
"636","DERM_BBWQ","JBC2",0.05,16,0.43125,0,1.1,0.862320870374747,NA,1
"637","DERM_BBWQ","JBC3",0,22,0.486363636363636,0.1,1,0.788171668445488,NA,1
"638","DERM_BBWQ","JBC4",NA,10,0.44,0.1,0.8,0.817339633894617,NA,NA
"639","DERM_BBWQ","JBC5",0.1,18,0.505555555555556,0,1,0.774962485518182,NA,1
"640","DERM_BBWQ","JBC6",0.1,16,0.46875,0,1.1,0.894029579426144,NA,0.399368373186087
"641","DERM_BBWQ","JBC7",0.1,24,0.4625,0,1,0.828402962850909,NA,0.63859207768502
"642","DERM_BBWQ","JBC8",NA,12,0.483333333333333,0,1,0.877048538572409,NA,NA
"643","DERM_BBWQ","JBC9",0.3,13,0.476923076923077,0.1,1,0.771135312693004,NA,1
"644","DERM_BBWQ","JBD1",NA,12,0.458333333333333,0,0.9,0.839662914011355,NA,NA
"645","DERM_BBWQ","JBD2",0,10,0.41,0,0.9,0.879026856635805,NA,1
"646","DERM_BBWQ","JBD3",NA,17,0.629411764705882,0,2,0.91573286882524,NA,NA
"647","DERM_BBWQ","JBD4",NA,21,0.571428571428571,0,1.2,0.706841566406504,NA,NA
"648","DERM_BBWQ","JBD5",0.1,22,0.395454545454545,0,0.8,0.816527401423771,NA,0.46512378882022
"649","DERM_BBWQ","JBD6",0.1,14,0.514285714285714,0,1,0.827974220940067,NA,1
"650","DERM_BBWQ","JBD7",-0.15,12,0.333333333333333,0,0.8,0.880082640747705,NA,0.574149072797162
"651","DERM_BBWQ","JBD8",NA,12,0.475,0.1,0.9,0.690256686768632,NA,NA
"652","DERM_BBWQ","JBD9",0.05,26,0.480769230769231,0,1,0.810974327583802,NA,0.838697756154457
"653","DERM_BBWQ","JBE1",NA,19,0.615789473684211,0.1,1.3,0.810635187009024,NA,NA
"654","DERM_BBWQ","JBE2",0.1,14,0.571428571428571,0,1.2,0.869405190124481,NA,0.698535358303339
"655","DERM_BBWQ","JBE3",-0.05,22,0.586363636363636,0,1.3,0.784699926983457,NA,1
"656","DERM_BBWQ","JBE4",NA,11,0.6,0,1.2,0.843274042711568,NA,NA
"657","DERM_BBWQ","JBE5",NA,9,0.655555555555556,0.1,1.3,0.785671380018429,NA,NA
"658","DERM_BBWQ","JBE6",-0.0999999999999999,31,0.609677419354839,0,1.4,0.843133494177879,NA,0.758283478287193
"659","DERM_BBWQ","JBE7",0,14,0.807142857142857,0.1,2.1,0.761354765015795,NA,1
"660","DERM_BBWQ","JBE8",NA,24,0.629166666666667,0,1.3,0.811089318802377,NA,NA
"661","DERM_BBWQ","JBE9",NA,13,0.576923076923077,0,1.2,0.816551012218805,NA,NA
"662","DERM_BBWQ","JBF1",0.1,12,0.416666666666667,0,0.8,0.771492060879436,NA,0.411313791776259
"663","DERM_BBWQ","JBF2",0.05,28,0.642857142857143,0,1.3,0.754295730114006,NA,0.810952331302585
"664","DERM_BBWQ","JBF3",-0.1,22,0.595454545454545,0,1.2,0.821875636521787,NA,0.698535358303339
"665","DERM_BBWQ","JBF4",NA,6,0.466666666666667,0.1,0.9,0.864256197843096,NA,NA
"666","DERM_BBWQ","JBF5",0.2,20,0.56,0,1.2,0.816057957967828,NA,0.610629510819117
"667","DERM_BBWQ","JBF6",0,18,0.6,0,1.1,0.792118034381339,NA,1
"668","DERM_BBWQ","JBF7",0.15,14,0.642857142857143,0,1.2,0.817937554068265,NA,0.430222691132191
"669","DERM_BBWQ","JBF8",NA,17,0.582352941176471,0.1,1.1,0.77566780572766,NA,NA
"670","DERM_BBWQ","JBF9",NA,18,0.438888888888889,0.1,0.8,0.797521538488222,NA,NA
"671","DERM_BBWQ","JBG1",0,16,0.6375,0.1,1.2,0.761767439703711,NA,1
"672","DERM_BBWQ","JBG2",NA,17,0.664705882352941,0,1.3,0.768842712530034,NA,NA
"673","DERM_BBWQ","JBG3",-0.05,15,0.58,0,1.1,0.855144604664637,NA,0.811597509074705
"674","DERM_BBWQ","JBG4",0.1,19,0.573684210526316,0,1.1,0.835651742302671,NA,0.487453290364035
"675","DERM_BBWQ","JBG5",NA,15,0.66,0.1,2.1,0.881247490909054,NA,NA
"676","DERM_BBWQ","JBG6",0.05,29,0.63448275862069,0,1.3,0.76551653261489,NA,0.810538296562702
"677","DERM_BBWQ","JBG7",NA,16,0.5625,0,1.1,0.855983538936375,NA,NA
"678","DERM_BBWQ","JBG8",-1.38777878078145e-17,15,0.573333333333333,0,1.3,0.865757719548453,NA,1
"679","DERM_BBWQ","JBG9",-0.1,14,0.5,0,1.1,0.880559262846411,NA,0.814337492632143
"680","DERM_BBWQ","JBH1",0.05,19,0.6,0,1.1,0.763762615825973,NA,1
"681","DERM_BBWQ","JBH2",-4.16333634234434e-17,16,0.51875,0,1.1,0.868451029250705,NA,1
"682","DERM_BBWQ","JBH3",NA,15,0.546666666666667,0.1,1.1,0.734532871956527,NA,NA
"683","DERM_BBWQ","JBH4",0.05,20,0.525,0,1.1,0.88670814964244,NA,0.772829992684448
"684","DERM_BBWQ","JBH5",0.15,20,0.515,0,1,0.843511162026303,NA,0.141599176642839
"685","DERM_BBWQ","JBH6",NA,10,0.53,0,1,0.862575807597167,NA,NA
"686","DERM_BBWQ","JBH7",NA,13,0.523076923076923,0.1,1.2,0.822850735755479,NA,NA
"687","DERM_BBWQ","JBH8",NA,13,0.530769230769231,0,1.2,0.850906909178634,NA,NA
"688","DERM_BBWQ","JBH9",0.05,22,0.472727272727273,0,1,0.794679759385791,NA,0.816961321715391
"689","DERM_BBWQ","JBI1",0.15,16,0.4625,0,0.9,0.812370871535536,NA,1
"690","DERM_BBWQ","JBI2",-0.1,28,0.421428571428571,0,1,0.881621477211517,NA,0.683920610705076
"691","DERM_BBWQ","JBI3",NA,15,0.553333333333333,0.1,1.2,0.766336501719484,NA,NA
"692","DERM_BBWQ","JBI4",0.15,21,0.523809523809524,0,1.1,0.793834714357471,NA,0.698535358303339
"693","DERM_BBWQ","JBI5",0.1,25,0.548,0,1.1,0.743337872416916,NA,0.335375273171322
"694","DERM_BBWQ","JBI6",-0.1,17,0.535294117647059,0.1,1.2,0.789661949472757,NA,1
"695","DERM_BBWQ","JBI7",NA,7,0.614285714285714,0.1,1.2,0.799878303345109,NA,NA
"696","DERM_BBWQ","JBI8",NA,10,0.49,0,1,0.81887357745873,NA,NA
"697","DERM_BBWQ","JBI9",NA,10,0.58,0.1,1,0.716894994460353,NA,NA
"698","DERM_BBWQ","JBJ1",0,23,0.508695652173913,0,1.1,0.848458165346292,NA,1
"699","DERM_BBWQ","JBJ2",-1.38777878078145e-17,16,0.475,0,0.9,0.850831975647869,NA,1
"700","DERM_BBWQ","JBJ3",0,16,0.725,0,2,0.851009519185277,NA,1
"701","DERM_BBWQ","JBJ4",NA,10,0.49,0,1,0.857520702811261,NA,NA
"702","DERM_BBWQ","JBJ5",0.1,23,0.639130434782609,0.1,1.3,0.713484251600098,NA,0.842513184375501
"703","DERM_BBWQ","JBJ6",0,23,0.678260869565217,0.1,1.3,0.751721372461759,NA,0.877833454828831
"704","DERM_BBWQ","JBJ7",NA,11,0.736363636363636,0.1,1.4,0.703747020542482,NA,NA
"705","DERM_BBWQ","JBJ8",-0.05,15,0.546666666666667,0,1.2,0.837895784974144,NA,1
"706","DERM_BBWQ","JBJ9",-0.15,18,0.544444444444445,0,1.1,0.814674198098964,NA,0.698535358303339
"707","DERM_BBWQ","JBK1",NA,12,0.558333333333333,0,1.2,0.901877046504166,NA,NA
"708","DERM_BBWQ","JBK2",NA,14,0.742857142857143,0,2.1,0.86230550174175,NA,NA
"709","DERM_BBWQ","JBK3",0.1,18,0.627777777777778,0,1.3,0.824644476359262,NA,0.814337492632143
"710","DERM_BBWQ","JBK4",-0.05,21,0.566666666666667,0,1.2,0.830224883029522,NA,1
"711","DERM_BBWQ","JBK5",4.16333634234434e-17,24,0.670833333333333,0,1.3,0.74790270224069,NA,1
"712","DERM_BBWQ","JBK6",0.1,26,0.6,0,1.3,0.795822425754222,NA,0.420596237599927
"713","DERM_BBWQ","JBK7",NA,10,0.52,0,1.1,0.905640154484583,NA,NA
"714","DERM_BBWQ","JBK8",NA,12,0.466666666666667,0.1,0.9,0.829086270859011,NA,NA
"715","DERM_BBWQ","JBK9",4.16333634234434e-17,14,0.428571428571429,0,0.9,0.815658718643493,NA,1
"716","DERM_BBWQ","JBL1",-0.05,9,0.611111111111111,0,1.3,0.859848151114606,NA,1
"717","DERM_BBWQ","JBL2",0.1,32,0.653125,0,1.3,0.73889383869599,NA,0.496346028020239
"718","DERM_BBWQ","JBL3",0.45,21,0.652380952380952,0,1.3,0.765839193434799,NA,0.553616991965781
"719","DERM_BBWQ","JBL4",NA,7,0.7,0.1,1.3,0.812320100439618,NA,NA
"720","DERM_BBWQ","JBL5",0,26,0.603846153846154,0,1.3,0.810593578666176,NA,0.864487942058941
"721","DERM_BBWQ","JBL6",NA,14,0.492857142857143,0,1,0.926263759264264,NA,NA
"722","DERM_BBWQ","JBL7",-0.05,12,0.675,0,1.1,0.668907569344394,NA,1
"723","DERM_BBWQ","JBL8",0,19,0.605263157894737,0,1.2,0.837886740732992,NA,1
"724","DERM_BBWQ","JBL9",NA,15,0.553333333333333,0.1,1.3,0.799121824788256,NA,NA
"725","DERM_BBWQ","L31E1",NA,271,2.61246863468635,0.1,13.63,1.05469673691588,NA,NA
"726","DERM_BBWQ","LBA1",0.1,8,0.475,0,1.1,0.933058168871493,NA,1
"727","DERM_BBWQ","LBA2",NA,17,0.564705882352941,0,1.3,0.86058941970347,NA,NA
"728","DERM_BBWQ","LBA3",0.1,27,0.7,0,1.3,0.737001434598119,NA,0.515621916699626
"729","DERM_BBWQ","LBA4",-0.1,25,0.716,0,1.5,0.732053220288717,NA,0.772829992684448
"730","DERM_BBWQ","LBA5",-0.55,24,0.745833333333333,0.1,2.2,0.75430598518939,NA,0.772829992684448
"731","DERM_BBWQ","LBA6",-0.2,22,0.727272727272727,0,1.3,0.698776566919778,NA,0.824778095082513
"732","DERM_BBWQ","LBA7",0,20,0.76,0,1.4,0.680899724664977,NA,1
"733","DERM_BBWQ","LBA8",0,20,0.7,0,1.3,0.753081745897679,NA,1
"734","DERM_BBWQ","LBA9",0,14,0.8,0,1.4,0.686406472983644,NA,1
"735","DERM_BBWQ","LBB1",-1,23,0.895652173913044,0,2.3,0.722385198953657,NA,0.382733088885226
"736","DERM_BBWQ","LBB2",0.1,23,0.726086956521739,0,1.3,0.736088667612499,NA,0.772829992684448
"737","DERM_BBWQ","LBB3",NA,9,0.811111111111111,0,1.5,0.706741788572048,NA,NA
"738","DERM_BBWQ","LBB4",NA,23,0.778260869565217,0,1.4,0.685362701262989,NA,NA
"739","DERM_BBWQ","LBB5",NA,16,0.76875,0.1,1.5,0.686222529082293,NA,NA
"740","DERM_BBWQ","LBB6",0.0999999999999999,29,0.751724137931035,0,1.5,0.728292660100813,NA,0.714933332972426
"741","DERM_BBWQ","LBB7",0,20,0.79,0,1.4,0.67968411830708,NA,1
"742","DERM_BBWQ","LBB8",0,30,0.756666666666667,0,1.6,0.712696481154956,NA,0.844124183192903
"743","DERM_BBWQ","LBB9",0.05,25,0.852,0,1.6,0.681122072615102,NA,0.781262685325686
"744","DERM_BBWQ","LBC1",0.0499999999999999,17,0.705882352941177,0,1.3,0.755414483357757,NA,0.8571364155923
"745","DERM_BBWQ","LBC2",-0.15,19,0.668421052631579,0,1.4,0.822536333421634,NA,0.772829992684448
"746","DERM_BBWQ","LBC3",0.0999999999999999,19,0.778947368421053,0,1.4,0.68009441019991,NA,1
"747","DERM_BBWQ","LBC4",0.05,30,0.823333333333333,0,1.6,0.666535996672925,NA,0.461966639719077
"748","DERM_BBWQ","LBC5",-0.8,19,0.836842105263158,0,2.3,0.799836377748932,NA,0.847389659686714
"749","DERM_BBWQ","LBC6",NA,10,0.71,0,1.3,0.814388233868751,NA,NA
"750","DERM_BBWQ","LBC7",0.1,27,0.822222222222222,0,1.5,0.655241958315109,NA,0.91064497964499
"751","DERM_BBWQ","LBC8",NA,6,0.85,0.1,1.5,0.724270304546889,NA,NA
"752","DERM_BBWQ","LBC9",0,46,0.815217391304348,0,1.5,0.659803966397652,NA,0.957173195238101
"753","DERM_BBWQ","LBD1",NA,18,0.516666666666667,0,1.2,0.863663234444105,NA,NA
"754","DERM_BBWQ","LBD2",NA,21,0.70952380952381,0,2.1,0.82891747749471,NA,NA
"755","DERM_BBWQ","LBD3",NA,16,0.60625,0,1.2,0.784083707536648,NA,NA
"756","DERM_BBWQ","LBD4",-0.0499999999999999,22,0.736363636363636,0,1.4,0.690612262595359,NA,1
"757","DERM_BBWQ","LBD5",0.1,34,0.679411764705882,0,1.3,0.737961254926147,NA,1
"758","DERM_BBWQ","LBD6",0,20,0.67,0,1.3,0.785459539630271,NA,0.896319845235947
"759","DERM_BBWQ","LBD7",NA,8,0.7375,0.1,1.3,0.728165712400271,NA,NA
"760","DERM_BBWQ","LBD8",0,23,0.704347826086957,0,1.3,0.727064641290417,NA,1
"761","DERM_BBWQ","LBD9",NA,9,0.8,0.1,1.3,0.643476883811687,NA,NA
"762","DERM_BBWQ","LBE1",0,20,0.695,0.1,1.4,0.737338495431848,NA,1
"763","DERM_BBWQ","LBE2",0,18,0.733333333333333,0,1.4,0.701585121037536,NA,1
"764","DERM_BBWQ","LBE3",0,29,0.831034482758621,0,1.5,0.619532982830369,NA,1
"765","DERM_BBWQ","LBE4",-0.0999999999999999,19,0.668421052631579,0,1.4,0.801092694837017,NA,0.824778095082513
"766","DERM_BBWQ","LBE5",0,22,0.754545454545455,0.1,1.3,0.675436036845046,NA,0.930612042666244
"767","DERM_BBWQ","LBE6",0,23,0.821739130434783,0,1.3,0.600622856520022,NA,0.822328513051325
"768","DERM_BBWQ","LBE7",NA,23,0.821739130434783,0.1,1.5,0.664473744303921,NA,NA
"769","DERM_BBWQ","LBE8",0,27,0.777777777777778,0,1.6,0.702708373427251,NA,0.857915151865571
"770","DERM_BBWQ","LBE9",0,15,0.986666666666667,0,2.4,0.763137571025949,NA,0.894625809546728
"771","DERM_BBWQ","LBF1",NA,25,0.812,0,1.6,0.723637886843529,NA,NA
"772","DERM_BBWQ","LBF2",NA,12,0.858333333333333,0.1,1.5,0.665494532234003,NA,NA
"773","DERM_BBWQ","LBF3",0,23,0.769565217391304,0,1.4,0.698048315305186,NA,1
"774","DERM_BBWQ","LBF4",-0.2,33,0.83030303030303,0,2.4,0.769699398255022,NA,0.463343882565217
"775","DERM_BBWQ","LBF5",-0.1,18,0.794444444444444,0,1.5,0.717881491472024,NA,0.824778095082513
"776","DERM_BBWQ","LBF6",0,26,0.8,0,1.5,0.678232998312527,NA,1
"777","DERM_BBWQ","LBF7",0.1,23,0.834782608695652,0,1.6,0.684928688433063,NA,0.73583506867579
"778","DERM_BBWQ","LBF8",NA,36,0.911111111111111,0.1,1.6,0.621305259961574,NA,NA
"779","DERM_BBWQ","LBF9",NA,12,0.833333333333333,0.1,1.5,0.63772322295092,NA,NA
"780","DERM_BBWQ","LBG1",0,23,0.721739130434783,0,1.5,0.733108252434572,NA,0.664301151718334
"781","DERM_BBWQ","LBG2",0,17,0.8,0.1,1.5,0.695970545353753,NA,1
"782","DERM_BBWQ","LBG3",NA,15,0.726666666666667,0.1,1.4,0.727197026788116,NA,NA
"783","DERM_BBWQ","LBG4",-0.05,22,0.604545454545455,0,1.3,0.878966035813219,NA,1
"784","DERM_BBWQ","LBG5",NA,24,0.904166666666667,0,2.4,0.738313305710672,NA,NA
"785","DERM_BBWQ","LBG6",0,32,0.84375,0.1,1.5,0.617631124991133,NA,1
"786","DERM_BBWQ","LBG7",NA,19,0.773684210526316,0,1.5,0.70773369010217,NA,NA
"787","DERM_BBWQ","LBG8",0.05,32,0.8,0,1.5,0.680962317180147,NA,0.802985325190069
"788","DERM_BBWQ","LBG9",0,11,0.781818181818182,0,1.5,0.745420487794359,NA,1
"789","DERM_BBWQ","LBH1",0.1,26,0.692307692307692,0,1.4,0.768599817208114,NA,0.580925760722009
"790","DERM_BBWQ","LBH2",NA,19,0.9,0,2.2,0.690916966895468,NA,NA
"791","DERM_BBWQ","LBH3",0.05,25,0.772,0,1.6,0.707037172539698,NA,1
"792","DERM_BBWQ","LBH4",NA,17,0.717647058823529,0,1.3,0.773070762385263,NA,NA
"793","DERM_BBWQ","LBH5",NA,24,0.8125,0.1,1.5,0.649553090906232,NA,NA
"794","DERM_BBWQ","LBH6",-0.1,34,0.770588235294118,0,1.4,0.67205795148644,NA,0.86054370480795
"795","DERM_BBWQ","LBH7",NA,14,0.764285714285714,0,1.3,0.693499991943059,NA,NA
"796","DERM_BBWQ","LBH8",NA,13,0.784615384615385,0,1.5,0.728157083801461,NA,NA
"797","DERM_BBWQ","LBH9",NA,20,0.685,0,1.3,0.758229621676351,NA,NA
"798","DERM_BBWQ","LBI1",0,22,0.786363636363636,0,1.6,0.711073285799228,NA,1
"799","DERM_BBWQ","LBI2",0.05,27,0.848148148148148,0,1.6,0.652679722722538,NA,1
"800","DERM_BBWQ","LBI3",-0.1,15,0.86,0,2.4,0.790844231092395,NA,1
"801","DERM_BBWQ","LBI4",0.4,24,0.904166666666667,0,1.5,0.626050053372966,NA,0.196705602458947
"802","DERM_BBWQ","LBI5",0,33,0.890909090909091,0,1.6,0.627696183642029,NA,1
"803","DERM_BBWQ","LBI6",0.1,26,0.784615384615385,0,1.4,0.659494289729118,NA,0.574149072797162
"804","DERM_BBWQ","LBI7",NA,23,0.8,0,1.6,0.696990282963439,NA,NA
"805","DERM_BBWQ","LBI8",0.3,25,0.808,0,1.5,0.648936703044082,NA,0.41825034720731
"806","DERM_BBWQ","LBI9",NA,18,0.827777777777778,0,1.5,0.685642771465681,NA,NA
"807","DERM_BBWQ","LBJ1",NA,19,0.752631578947368,0,1.4,0.714645171051992,NA,NA
"808","DERM_BBWQ","LBJ2",0.0499999999999999,29,0.796551724137931,0,1.4,0.669771660744588,NA,1
"809","DERM_BBWQ","LBJ3",0,27,0.814814814814815,0,1.5,0.647360035755373,NA,1
"810","DERM_BBWQ","LBJ4",NA,12,0.808333333333333,0.1,1.4,0.655592292601429,NA,NA
"811","DERM_BBWQ","LBJ5",-0.1,27,0.718518518518519,0,2.1,0.781631226631261,NA,0.647720255815414
"812","DERM_BBWQ","LBJ6",NA,13,0.784615384615385,0,1.5,0.762660663707108,NA,NA
"813","DERM_BBWQ","LBJ7",0,23,0.817391304347826,0,1.4,0.625615463045101,NA,1
"814","DERM_BBWQ","LBJ8",0.0999999999999999,28,0.857142857142857,0,1.4,0.567501201028442,NA,0.617975639173742
"815","DERM_BBWQ","LBJ9",0.05,20,0.795,0.1,1.5,0.671173241230122,NA,0.875594724383905
"816","DERM_BBWQ","LBK1",NA,26,0.8,0,1.5,0.623498195666996,NA,NA
"817","DERM_BBWQ","LBK2",NA,12,0.933333333333333,0.1,1.4,0.569395734777607,NA,NA
"818","DERM_BBWQ","LBK3",0,20,0.81,0.1,1.5,0.679632300124767,NA,1
"819","DERM_BBWQ","LBK4",-0.05,32,0.796875,0,1.4,0.677275415225671,NA,0.752427487169168
"820","DERM_BBWQ","LBK5",0.1,20,0.835,0.1,1.5,0.609764147943976,NA,0.642834826490804
"821","DERM_BBWQ","LBK6",NA,19,0.721052631578947,0,1.3,0.711049485700052,NA,NA
"822","DERM_BBWQ","LBK7",-0.5,15,0.786666666666667,0,2.2,0.827829597596058,NA,1
"823","DERM_BBWQ","LBK8",-0.0499999999999999,37,0.8,0,1.6,0.688446318410763,NA,0.744432097481304
"824","DERM_BBWQ","LBK9",NA,20,0.7,0,1.4,0.77140072352966,NA,NA
"825","DERM_BBWQ","LBL1",NA,26,0.819230769230769,0,1.7,0.697395361373951,NA,NA
"826","DERM_BBWQ","LBL2",0,24,0.833333333333333,0,1.6,0.695826065222824,NA,1
"827","DERM_BBWQ","LBL3",NA,15,0.786666666666667,0,1.4,0.699345119856873,NA,NA
"828","DERM_BBWQ","LBL4",0.1,32,0.8125,0,1.5,0.665181268143092,NA,0.57776662635549
"829","DERM_BBWQ","LBL5",0,27,0.851851851851852,0,1.5,0.604195019299661,NA,0.866525723103549
"830","DERM_BBWQ","LBL6",0,23,0.808695652173913,0.1,1.4,0.646753899389818,NA,1
"831","DERM_BBWQ","LBL7",0.2,22,0.754545454545455,0.1,1.4,0.662937402077864,NA,1
"832","DERM_BBWQ","LBL8",0.1,20,0.68,0.1,1.3,0.768743804508099,NA,1
"833","DERM_BBWQ","LBL9",-0.35,11,0.681818181818182,0,2,0.981282607384619,NA,1
"834","DERM_BBWQ","LMA1",NA,4,0.275,0.1,0.5,0.621027319149067,NA,NA
"835","DERM_BBWQ","LMA2",-0.1,14,0.357142857142857,0,0.8,0.834339904908711,NA,0.698535358303339
"836","DERM_BBWQ","LMA3",NA,16,0.35625,0,0.8,0.875554024431013,NA,NA
"837","DERM_BBWQ","LMA4",0.15,20,0.525,0,1.1,0.7540320071538,NA,0.481120001127239
"838","DERM_BBWQ","LMA5",0,24,0.4625,0.1,1,0.756588868400446,NA,0.752228682917859
"839","DERM_BBWQ","LMA6",-0.1,8,0.4,0,0.9,0.896421457000795,NA,0.698535358303339
"840","DERM_BBWQ","LMA7",0.1,26,0.465384615384615,0,1,0.810723161294453,NA,0.823063273758121
"841","DERM_BBWQ","LMA8",0,20,0.455,0,1.1,0.877601347266697,NA,1
"842","DERM_BBWQ","LMA9",NA,10,0.45,0,0.9,0.878019969713311,NA,NA
"843","DERM_BBWQ","LMB1",NA,18,0.4,0,0.9,0.76696498884737,NA,NA
"844","DERM_BBWQ","LMB2",0.05,18,0.477777777777778,0,1.1,0.77172044477438,NA,0.805732790848439
"845","DERM_BBWQ","LMB3",0.1,26,0.419230769230769,0,0.9,0.783952335415457,NA,0.474549143449401
"846","DERM_BBWQ","LMB4",4.16333634234434e-17,14,0.392857142857143,0,0.9,0.906654076673616,NA,1
"847","DERM_BBWQ","LMB5",NA,12,0.525,0,1,0.766759425433718,NA,NA
"848","DERM_BBWQ","LMB6",0,16,0.53125,0.1,1.1,0.806616239475419,NA,1
"849","DERM_BBWQ","LMB7",0.05,14,0.528571428571429,0.1,1.1,0.772701055642637,NA,1
"850","DERM_BBWQ","LMB8",NA,10,0.49,0.1,1,0.813202639579244,NA,NA
"851","DERM_BBWQ","LMB9",0.05,13,0.546153846153846,0,1.3,0.873693657423708,NA,1
"852","DERM_BBWQ","LMC1",0,16,0.33125,0,0.7,0.815420386687161,NA,1
"853","DERM_BBWQ","LMC2",0,22,0.4,0,0.9,0.848668424791506,NA,1
"854","DERM_BBWQ","LMC3",NA,12,0.425,0,0.9,0.94717340788871,NA,NA
"855","DERM_BBWQ","LMC4",NA,8,0.4625,0.1,1,0.808490889572902,NA,NA
"856","DERM_BBWQ","LMC5",1.38777878078145e-17,16,0.4875,0,1,0.809758583406975,NA,1
"857","DERM_BBWQ","LMC6",0,22,0.486363636363636,0,1.1,0.906929660804476,NA,1
"858","DERM_BBWQ","LMC7",0.05,14,0.507142857142857,0.1,1.1,0.79802221455991,NA,0.811597509074705
"859","DERM_BBWQ","LMC8",0.05,18,0.472222222222222,0,1,0.827543356765975,NA,0.772829992684448
"860","DERM_BBWQ","LMC9",NA,14,0.492857142857143,0,1,0.789699083530071,NA,NA
"861","DERM_BBWQ","LMD1",0.15,16,0.4125,0,1,0.83919882500575,NA,0.63859207768502
"862","DERM_BBWQ","LMD2",-1.38777878078145e-17,20,0.39,0,1,0.831488667345509,NA,1
"863","DERM_BBWQ","LMD3",0.05,29,0.475862068965517,0,1.2,0.819016910602566,NA,0.772829992684448
"864","DERM_BBWQ","LMD4",NA,14,0.471428571428571,0,1,0.833788813856888,NA,NA
"865","DERM_BBWQ","LMD5",0,18,0.433333333333333,0,0.9,0.845124837082717,NA,0.875102162881101
"866","DERM_BBWQ","LMD6",0.05,12,0.433333333333333,0,1,0.914293879161268,NA,1
"867","DERM_BBWQ","LMD7",-0.2,16,0.4875,0,1.1,0.82349884012596,NA,0.698535358303339
"868","DERM_BBWQ","LMD8",NA,6,0.4,0.1,0.8,0.836660026534075,NA,NA
"869","DERM_BBWQ","LMD9",0.1,18,0.444444444444444,0,1.1,0.856677920121401,NA,1
"870","DERM_BBWQ","LME1",0,22,0.25,0,0.7,0.738079876952288,NA,0.853841629967433
"871","DERM_BBWQ","LME2",0.15,14,0.3,0,0.7,0.995717325074236,NA,1
"872","DERM_BBWQ","LME3",0.25,16,0.3875,0,0.8,0.815391310930546,NA,0.487453290364035
"873","DERM_BBWQ","LME4",0.05,18,0.327777777777778,0,0.8,0.815985912529277,NA,1
"874","DERM_BBWQ","LME5",NA,10,0.3,0,0.7,0.801233616769775,NA,NA
"875","DERM_BBWQ","LME6",NA,2,0.35,0.1,0.6,1.01015254455221,NA,NA
"876","DERM_BBWQ","LME7",0,12,0.391666666666667,0,0.8,0.795993920358559,NA,1
"877","DERM_BBWQ","LME8",-0.1,34,0.364705882352941,0,0.9,0.818088090294978,NA,0.649210806009615
"878","DERM_BBWQ","LME9",0.05,14,0.342857142857143,0,0.9,0.838445855730382,NA,1
"879","DERM_BBWQ","LMF1",0,14,0.371428571428571,0,0.9,0.917140675502843,NA,1
"880","DERM_BBWQ","LMF2",NA,16,0.4625,0,1,0.792956576038584,NA,NA
"881","DERM_BBWQ","LMF3",NA,14,0.535714285714286,0.1,1,0.657350288437909,NA,NA
"882","DERM_BBWQ","LMF4",0.1,12,0.375,0,0.9,0.820938118215614,NA,1
"883","DERM_BBWQ","LMF5",0.05,12,0.45,0.1,1,0.844869643083898,NA,0.805732790848439
"884","DERM_BBWQ","LMF6",4.16333634234434e-17,16,0.45625,0,1,0.861860503716461,NA,1
"885","DERM_BBWQ","LMF7",0,12,0.491666666666667,0,1.1,0.886378954150934,NA,1
"886","DERM_BBWQ","LMF8",0.05,14,0.385714285714286,0,0.8,0.786747893929102,NA,1
"887","DERM_BBWQ","LMF9",0,28,0.439285714285714,0,1.1,0.829705088334703,NA,1
"888","DERM_BBWQ","LMG1",0.0499999999999999,14,0.542857142857143,0.1,1.2,0.875173113069257,NA,1
"889","DERM_BBWQ","LMG2",-0.15,22,0.531818181818182,0,1.2,0.804876620558767,NA,0.823063273758121
"890","DERM_BBWQ","LMG3",NA,6,0.533333333333333,0,1.1,0.908295106229248,NA,NA
"891","DERM_BBWQ","LMG4",-1.38777878078145e-17,15,0.58,0.1,1.1,0.740720293648551,NA,1
"892","DERM_BBWQ","LMG5",-0.05,12,0.458333333333333,0,0.9,0.834493057286671,NA,1
"893","DERM_BBWQ","LMG6",NA,23,0.560869565217391,0,1.2,0.7597546390579,NA,NA
"894","DERM_BBWQ","LMG7",0.2,23,0.543478260869565,0,1.2,0.857358310583896,NA,0.542802453757373
"895","DERM_BBWQ","LMG8",NA,14,0.414285714285714,0,1,0.840744205226845,NA,NA
"896","DERM_BBWQ","LMG9",NA,16,0.4,0.1,1,0.774596669241483,NA,NA
"897","DERM_BBWQ","LMH1",NA,19,0.547368421052632,0,1.2,0.851189367830658,NA,NA
"898","DERM_BBWQ","LMH2",0,16,0.5625,0.1,1.2,0.823362572580225,NA,1
"899","DERM_BBWQ","LMH3",0.4,16,0.53125,0.1,1.1,0.7166756524208,NA,0.474549143449401
"900","DERM_BBWQ","LMH4",0.15,10,0.4,0,1,0.881917103688197,NA,0.698535358303339
"901","DERM_BBWQ","LMH5",-0.05,18,0.5,0,1.1,0.845750623793479,NA,1
"902","DERM_BBWQ","LMH6",NA,12,0.55,0,1.2,0.843946936278991,NA,NA
"903","DERM_BBWQ","LMH7",-0.1,12,0.475,0,1,0.875532719080681,NA,0.698535358303339
"904","DERM_BBWQ","LMH8",0,16,0.46875,0,1,0.887216203973187,NA,1
"905","DERM_BBWQ","LMH9",0.05,24,0.4625,0,1,0.859708482942862,NA,0.836910627824266
"906","DERM_BBWQ","LMI1",0.2,16,0.30625,0,0.7,0.795098129591296,NA,0.698535358303339
"907","DERM_BBWQ","LMI2",0,19,0.526315789473684,0,1.2,0.842219290525534,NA,1
"908","DERM_BBWQ","LMI3",0.1,16,0.50625,0.1,1.1,0.778411134115763,NA,1
"909","DERM_BBWQ","LMI4",NA,4,0.275,0.1,0.5,0.74965556829412,NA,NA
"910","DERM_BBWQ","LMI5",0.05,20,0.5,0,1.2,0.830979130778549,NA,0.805732790848439
"911","DERM_BBWQ","LMI6",NA,16,0.44375,0,1.1,0.862910287258402,NA,NA
"912","DERM_BBWQ","LMI7",0,20,0.395,0,0.9,0.855472259387233,NA,1
"913","DERM_BBWQ","LMI8",-0.15,16,0.425,0,0.9,0.844003203282485,NA,0.63859207768502
"914","DERM_BBWQ","LMI9",NA,16,0.525,0,1.1,0.766651877999928,NA,NA
"915","DERM_BBWQ","LMJ1",0.35,14,0.457142857142857,0,0.9,0.817201633390062,NA,1
"916","DERM_BBWQ","LMJ2",-0.05,20,0.445,0,1,0.819937086545383,NA,0.772829992684448
"917","DERM_BBWQ","LMJ3",0,20,0.425,0,0.9,0.828819805004519,NA,1
"918","DERM_BBWQ","LMJ4",NA,8,0.4625,0,1,0.909559421264963,NA,NA
"919","DERM_BBWQ","LMJ5",0.05,16,0.40625,0,0.9,0.891918571211848,NA,1
"920","DERM_BBWQ","LMJ6",-0.05,24,0.4,0,0.9,0.824225591744734,NA,1
"921","DERM_BBWQ","LMJ7",-0.05,12,0.425,0.1,1,0.696009386247014,NA,1
"922","DERM_BBWQ","LMJ8",0,16,0.3875,0,0.8,0.847431900230905,NA,1
"923","DERM_BBWQ","LMJ9",NA,15,0.54,0.1,1.2,0.778784936215607,NA,NA
"924","DERM_BBWQ","LMK1",NA,14,0.392857142857143,0.1,0.9,0.807813086964475,NA,NA
"925","DERM_BBWQ","LMK2",NA,10,0.41,0,1,0.908607061525106,NA,NA
"926","DERM_BBWQ","LMK3",0,24,0.379166666666667,0,0.9,0.826647035719312,NA,1
"927","DERM_BBWQ","LMK4",NA,18,0.427777777777778,0,0.9,0.809017761102567,NA,NA
"928","DERM_BBWQ","LMK5",0.1,16,0.4625,0,1.1,0.792956576038584,NA,0.574149072797162
"929","DERM_BBWQ","LMK6",0,16,0.4125,0,0.9,0.810702816844161,NA,1
"930","DERM_BBWQ","LMK7",-0.1,16,0.35,0,0.7,0.801359389255719,NA,0.474549143449401
"931","DERM_BBWQ","LMK8",NA,8,0.5,0.1,0.9,0.807111250961459,NA,NA
"932","DERM_BBWQ","LMK9",0,22,0.381818181818182,0,0.9,0.869152449180105,NA,1
"933","DERM_BBWQ","LML1",0.1,22,0.486363636363636,0,0.9,0.77269512697786,NA,0.698535358303339
"934","DERM_BBWQ","LML2",0,22,0.431818181818182,0,0.9,0.83155673965461,NA,1
"935","DERM_BBWQ","LML3",0,10,0.43,0,0.9,0.870498110922778,NA,1
"936","DERM_BBWQ","LML4",NA,12,0.45,0,1,0.844869643083898,NA,NA
"937","DERM_BBWQ","LML5",NA,10,0.4,0,0.8,0.772801541291309,NA,NA
"938","DERM_BBWQ","LML6",0.05,20,0.435,0,1,0.828106981404102,NA,1
"939","DERM_BBWQ","LML7",NA,8,0.4125,0.1,0.8,0.813760702165138,NA,NA
"940","DERM_BBWQ","LML8",NA,21,0.442857142857143,0,1.2,0.887771004775373,NA,NA
"941","DERM_BBWQ","LML9",0.05,20,0.285,0,0.6,0.722455517003431,NA,0.811597509074705
"942","DERM_BBWQ","LN01",NA,85,NA,NA,NA,NA,NA,NA
"943","DERM_BBWQ","LN04",NA,86,1.28953488372093,0.1,3.8,0.858273561260066,NA,NA
"944","DERM_BBWQ","LN06",NA,81,1.32962962962963,0.1,4,0.891982507138813,NA,NA
"945","DERM_BBWQ","LR01",0.6,927,4.62403451995685,0,35.87,1.82171885984972,0.6,2.99329520899609e-12
"946","DERM_BBWQ","LR03",0,550,0.977963636363636,0,3.5,0.793459250163297,NA,0.765642956307167
"947","DERM_BBWQ","LR05",NA,693,1.17718037518038,0,4.6,1.15803144684298,NA,NA
"948","DERM_BBWQ","LR06",0,923,NA,NA,NA,NA,NA,0.55552007972408
"949","DERM_BBWQ","LR07",NA,41,0.251219512195122,0.21,0.29,0.0917241969501786,NA,NA
"950","DERM_BBWQ","LR08",NA,675,0.949314074074074,0,5.421,1.06947569160334,NA,NA
"951","DERM_BBWQ","LR09",0,95,1.37473684210526,0.1,3.4,0.936000824811115,NA,0.630648496221128
"952","DERM_BBWQ","LR10",0,929,0.707234660925727,0,2.3,0.827626282191931,NA,0.202590338515409
"953","DERM_BBWQ","LS06",NA,85,1.91411764705882,0,5,0.996158444832897,NA,NA
"954","DERM_BBWQ","LSA1",-0.05,24,0.458333333333333,0,1,0.828733020322185,NA,1
"955","DERM_BBWQ","LSA2",0.05,14,0.442857142857143,0,1,0.940305874743598,NA,1
"956","DERM_BBWQ","LSA3",-0.05,19,0.489473684210526,0.1,1.1,0.79678797892679,NA,0.760906727075114
"957","DERM_BBWQ","LSA4",0.05,16,0.50625,0,1,0.794944141804403,NA,1
"958","DERM_BBWQ","LSA5",-0.05,16,0.4875,0,1,0.840358292663441,NA,1
"959","DERM_BBWQ","LSA6",NA,14,0.507142857142857,0.1,1,0.755672246717132,NA,NA
"960","DERM_BBWQ","LSA7",-1.38777878078145e-17,15,0.553333333333333,0,1.2,0.766336501719484,NA,1
"961","DERM_BBWQ","LSA8",NA,10,0.48,0,1.1,0.877311760964098,NA,NA
"962","DERM_BBWQ","LSA9",NA,18,0.577777777777778,0,1.1,0.775287243401255,NA,NA
"963","DERM_BBWQ","LSB1",0.15,12,0.491666666666667,0,1.1,0.847334351588554,NA,0.63859207768502
"964","DERM_BBWQ","LSB2",NA,12,0.541666666666667,0.1,1.1,0.842190335727176,NA,NA
"965","DERM_BBWQ","LSB3",-0.05,20,0.53,0,1.1,0.850655010947136,NA,1
"966","DERM_BBWQ","LSB4",0.05,14,0.564285714285714,0.1,1.1,0.832975613343826,NA,1
"967","DERM_BBWQ","LSB5",0,19,0.521052631578947,0,1.2,0.869136990890655,NA,1
"968","DERM_BBWQ","LSB6",NA,18,0.488888888888889,0.1,1,0.814832717680522,NA,NA
"969","DERM_BBWQ","LSB7",0.1,22,0.5,0,1.1,0.870686647477287,NA,0.401472782747026
"970","DERM_BBWQ","LSB8",0,20,0.505,0,1.1,0.851048762953667,NA,1
"971","DERM_BBWQ","LSB9",-0.05,8,0.4625,0,1,0.924127866407984,NA,1
"972","DERM_BBWQ","LSC1",NA,19,0.563157894736842,0,1.2,0.818473206623942,NA,NA
"973","DERM_BBWQ","LSC2",-0.1,16,0.475,0,1.1,0.894840035328847,NA,1
"974","DERM_BBWQ","LSC3",0.5,11,0.672727272727273,0,1.2,0.66839318679566,NA,0.220671361919847
"975","DERM_BBWQ","LSC4",0,20,0.595,0,1.2,0.815146568407213,NA,1
"976","DERM_BBWQ","LSC5",0.05,21,0.60952380952381,0,1.2,0.771102061125423,NA,1
"977","DERM_BBWQ","LSC6",NA,10,0.53,0,1.2,0.915953043257908,NA,NA
"978","DERM_BBWQ","LSC7",0.05,23,0.626086956521739,0,1.2,0.741723884601038,NA,1
"979","DERM_BBWQ","LSC8",0.5,14,0.585714285714286,0,1.1,0.791953770571241,NA,0.220671361919847
"980","DERM_BBWQ","LSC9",0,18,0.527777777777778,0,1.1,0.824119065421101,NA,1
"981","DERM_BBWQ","LSD1",NA,15,0.513333333333333,0,1.2,0.892304602180257,NA,NA
"982","DERM_BBWQ","LSD2",-0.05,16,0.46875,0,1.1,0.904153379318649,NA,1
"983","DERM_BBWQ","LSD3",-0.05,16,0.55,0,1.1,0.878265257344814,NA,1
"984","DERM_BBWQ","LSD4",NA,15,0.653333333333333,0.1,1.2,0.649040098395073,NA,NA
"985","DERM_BBWQ","LSD5",0.05,22,0.636363636363636,0.1,1.3,0.785782309980524,NA,0.843668949551966
"986","DERM_BBWQ","LSD6",-4.16333634234434e-17,23,0.665217391304348,0,1.3,0.757906094605005,NA,1
"987","DERM_BBWQ","LSD7",NA,13,0.684615384615385,0,2,0.911890804106859,NA,NA
"988","DERM_BBWQ","LSD8",NA,13,0.646153846153846,0.1,1.2,0.798225900392517,NA,NA
"989","DERM_BBWQ","LSD9",0.15,25,0.568,0,1.2,0.79991083034755,NA,0.554113130069446
"990","DERM_BBWQ","LSE1",NA,18,0.65,0.1,1.2,0.750449453447004,NA,NA
"991","DERM_BBWQ","LSE2",0.1,19,0.636842105263158,0,1.2,0.77141381080845,NA,0.843668949551966
"992","DERM_BBWQ","LSE3",0,12,0.825,0,1.3,0.662143433130037,NA,0.757019561862156
"993","DERM_BBWQ","LSE4",-0.1,28,0.667857142857143,0,1.2,0.725631062222688,NA,0.606147749086318
"994","DERM_BBWQ","LSE5",0.05,20,0.64,0,1.4,0.825864280139616,NA,1
"995","DERM_BBWQ","LSE6",-0.05,14,0.685714285714286,0,2,0.909573371393819,NA,1
"996","DERM_BBWQ","LSE7",0.05,19,0.6,0,1.3,0.848018751248542,NA,1
"997","DERM_BBWQ","LSE8",0,20,0.77,0,1.3,0.641926112472179,NA,1
"998","DERM_BBWQ","LSE9",-0.05,14,0.6,0,1.2,0.87461835388772,NA,1
"999","DERM_BBWQ","LSF1",0.1,20,0.675,0,1.4,0.78078875092351,NA,1
"1000","DERM_BBWQ","LSF2",NA,11,0.645454545454546,0,1.3,0.829600181424546,NA,NA
"1001","DERM_BBWQ","LSF3",0.5,17,0.776470588235294,0,1.5,0.701760134591142,NA,0.805732790848439
"1002","DERM_BBWQ","LSF4",0,20,0.68,0,1.3,0.76130465326734,NA,0.899741298687171
"1003","DERM_BBWQ","LSF5",0.05,27,0.692592592592593,0,2,0.839924520024981,NA,0.810538296562702
"1004","DERM_BBWQ","LSF6",0.4,20,0.645,0.1,1.2,0.677621044630501,NA,0.553616991965781
"1005","DERM_BBWQ","LSF7",NA,13,0.569230769230769,0,1.2,0.870687046975898,NA,NA
"1006","DERM_BBWQ","LSF8",-0.05,19,0.568421052631579,0,1.2,0.827356251020519,NA,1
"1007","DERM_BBWQ","LSF9",0.05,17,0.623529411764706,0.1,1.3,0.786767849486368,NA,0.680564100975312
"1008","DERM_BBWQ","LSG1",NA,11,0.627272727272727,0,1.3,0.82249409380343,NA,NA
"1009","DERM_BBWQ","LSG2",-0.1,20,0.725,0.1,1.5,0.685833330450094,NA,0.564183477206916
"1010","DERM_BBWQ","LSG3",0,28,0.785714285714286,0,1.5,0.682062806845821,NA,1
"1011","DERM_BBWQ","LSG4",0,10,0.75,0.1,1.3,0.730972631262157,NA,1
"1012","DERM_BBWQ","LSG5",NA,20,0.715,0,1.4,0.741841841197818,NA,NA
"1013","DERM_BBWQ","LSG6",NA,14,0.771428571428571,0.1,1.3,0.675354908474462,NA,NA
"1014","DERM_BBWQ","LSG7",0,37,0.694594594594595,0,2,0.822812817274271,NA,0.922584558153676
"1015","DERM_BBWQ","LSG8",0.2,17,0.676470588235294,0,1.3,0.791817798063931,NA,0.475532659596901
"1016","DERM_BBWQ","LSG9",0.1,25,0.804,0,1.5,0.634694070754879,NA,0.824778095082513
"1017","DERM_BBWQ","LSH1",-0.1,31,0.816129032258065,0,1.5,0.631233257630741,NA,0.534158966099566
"1018","DERM_BBWQ","LSH2",NA,5,0.66,0,1.2,0.854416495749799,NA,NA
"1019","DERM_BBWQ","LSH3",NA,5,0.72,0.2,1.1,0.661729402753978,NA,NA
"1020","DERM_BBWQ","LSH4",0.1,37,0.748648648648649,0,2,0.71836770966003,NA,0.662520583540057
"1021","DERM_BBWQ","LSH5",0,17,0.670588235294118,0,1.3,0.770845031230646,NA,1
"1022","DERM_BBWQ","LSH6",0,19,0.678947368421053,0,1.4,0.774060325506645,NA,0.867266527968333
"1023","DERM_BBWQ","LSH7",0.05,22,0.554545454545455,0,1.2,0.804003241868831,NA,0.772829992684448
"1024","DERM_BBWQ","LSH8",0,18,0.577777777777778,0,1.2,0.879633819329724,NA,1
"1025","DERM_BBWQ","LSH9",NA,17,0.694117647058824,0,1.3,0.768218118668905,NA,NA
"1026","DERM_BBWQ","LSI1",-0.1,26,0.773076923076923,0.1,1.5,0.695682513116054,NA,1
"1027","DERM_BBWQ","LSI2",NA,11,0.581818181818182,0,1.2,0.902362350998755,NA,NA
"1028","DERM_BBWQ","LSI3",-0.05,25,0.616,0,2.1,0.894920873528423,NA,0.855449462444613
"1029","DERM_BBWQ","LSI4",NA,20,0.8,0,1.5,0.683450995432661,NA,NA
"1030","DERM_BBWQ","LSI5",NA,24,0.804166666666667,0,1.4,0.68059145711327,NA,NA
"1031","DERM_BBWQ","LSI6",NA,3,0.833333333333333,0.1,1.4,0.798999374217527,NA,NA
"1032","DERM_BBWQ","LSI7",0.1,29,0.8,0,1.5,0.686281387520558,NA,0.662520583540057
"1033","DERM_BBWQ","LSI8",0.0999999999999999,27,0.844444444444444,0,1.5,0.637998748885764,NA,0.531167836546014
"1034","DERM_BBWQ","LSI9",0,27,0.818518518518519,0,1.6,0.693627046919018,NA,0.82774793300177
"1035","DERM_BBWQ","LSJ1",NA,12,0.816666666666667,0,1.5,0.704061466195021,NA,NA
"1036","DERM_BBWQ","LSJ2",-0.0499999999999999,36,0.775,0,1.6,0.686509127558331,NA,0.807181965920551
"1037","DERM_BBWQ","LSJ3",NA,13,0.730769230769231,0,1.4,0.776882041478107,NA,NA
"1038","DERM_BBWQ","LSJ4",0.1,29,0.768965517241379,0,1.4,0.655869154564019,NA,0.55510049301553
"1039","DERM_BBWQ","LSJ5",-0.1,22,0.818181818181818,0,1.4,0.653997790466705,NA,0.600990704060921
"1040","DERM_BBWQ","LSJ6",0,30,0.883333333333333,0,2.3,0.709217287195646,NA,1
"1041","DERM_BBWQ","LSJ7",NA,9,0.666666666666667,0,1.3,0.85841423566947,NA,NA
"1042","DERM_BBWQ","LSJ8",NA,17,0.688235294117647,0,1.3,0.733513117244469,NA,NA
"1043","DERM_BBWQ","LSJ9",NA,19,0.610526315789474,0,1.2,0.822406563981818,NA,NA
"1044","DERM_BBWQ","LSK1",NA,16,0.48125,0,1,0.845653017979205,NA,NA
"1045","DERM_BBWQ","LSK2",-0.05,15,0.546666666666667,0,1.2,0.860413789511541,NA,1
"1046","DERM_BBWQ","LSK3",NA,14,0.771428571428571,0.1,1.4,0.655936116943905,NA,NA
"1047","DERM_BBWQ","LSK4",NA,16,0.6625,0,1.3,0.765458156680412,NA,NA
"1048","DERM_BBWQ","LSK5",0,39,0.682051282051282,0,1.3,0.732211591651571,NA,1
"1049","DERM_BBWQ","LSK6",0.0999999999999999,15,0.906666666666667,0,1.4,0.545874972784072,NA,0.824778095082513
"1050","DERM_BBWQ","LSK7",NA,20,0.85,0,1.4,0.614876581688091,NA,NA
"1051","DERM_BBWQ","LSK8",-0.1,28,0.835714285714286,0,2.3,0.799854695775695,NA,0.244403549864982
"1052","DERM_BBWQ","LSK9",0,18,0.727777777777778,0,1.5,0.746380565729829,NA,1
"1053","DERM_BBWQ","LSL1",0.1,34,0.814705882352941,0,1.6,0.713880920137097,NA,0.712457800718954
"1054","DERM_BBWQ","LSL2",0,14,0.785714285714286,0,1.4,0.693260628329719,NA,1
"1055","DERM_BBWQ","LSL3",NA,11,0.8,0.1,1.4,0.670820393249937,NA,NA
"1056","DERM_BBWQ","LSL4",NA,14,0.635714285714286,0,1.3,0.822264545414635,NA,NA
"1057","DERM_BBWQ","LSL5",-0.9,29,0.906896551724138,0,2.4,0.718201389517318,NA,0.50655516904904
"1058","DERM_BBWQ","LSL6",-0.05,19,0.726315789473684,0,1.3,0.695773774932905,NA,1
"1059","DERM_BBWQ","LSL7",NA,18,0.755555555555556,0,1.3,0.726662135205979,NA,NA
"1060","DERM_BBWQ","LSL8",0,16,0.79375,0.1,1.5,0.696862997943457,NA,1
"1061","DERM_BBWQ","LSL9",0,39,0.792307692307692,0,1.5,0.664956224080611,NA,0.942184052738019
"1062","DERM_BBWQ","M1",0,35,0.757142857142857,0,1.6,0.727851470618758,NA,0.769026210425674
"1063","DERM_BBWQ","M2",0,39,0.858974358974359,0,1.8,0.660029491955135,NA,1
"1064","DERM_BBWQ","M3",0,36,1.11388888888889,0,2.4,0.787090934253333,NA,1
"1065","DERM_BBWQ","MBA1",0,17,0.629411764705882,0,1.1,0.716638719467868,NA,1
"1066","DERM_BBWQ","MBA2",NA,11,0.6,0,1.2,0.869226987360353,NA,NA
"1067","DERM_BBWQ","MBA3",NA,16,0.625,0,1.2,0.847647725571577,NA,NA
"1068","DERM_BBWQ","MBA4",NA,18,0.85,0,1.6,0.685103631247525,NA,NA
"1069","DERM_BBWQ","MBA5",0,18,0.877777777777778,0,1.9,0.659157943023453,NA,1
"1070","DERM_BBWQ","MBA6",0,26,0.815384615384615,0,1.7,0.681244437499541,NA,1
"1071","DERM_BBWQ","MBA7",0,14,0.735714285714286,0,1.4,0.688146556536668,NA,1
"1072","DERM_BBWQ","MBA8",NA,3,0.933333333333333,0.1,1.7,0.859372101108283,NA,NA
"1073","DERM_BBWQ","MBA9",NA,15,0.966666666666667,0.1,1.6,0.528449983523306,NA,NA
"1074","DERM_BBWQ","MBB1",NA,13,0.738461538461539,0.1,1.3,0.678297522430375,NA,NA
"1075","DERM_BBWQ","MBB2",NA,15,0.806666666666667,0,1.5,0.684576368078248,NA,NA
"1076","DERM_BBWQ","MBB3",-0.0499999999999999,10,0.69,0,1.6,0.849060444466679,NA,0.8571364155923
"1077","DERM_BBWQ","MBB4",NA,30,0.866666666666667,0,1.6,0.652244879614294,NA,NA
"1078","DERM_BBWQ","MBB5",NA,15,0.9,0.1,1.8,0.660019774167993,NA,NA
"1079","DERM_BBWQ","MBB6",0,29,0.889655172413793,0,1.6,0.652895771789197,NA,1
"1080","DERM_BBWQ","MBB7",0,24,0.883333333333333,0,2,0.707899830077933,NA,1
"1081","DERM_BBWQ","MBB8",NA,6,0.9,0.1,1.7,0.753592220347252,NA,NA
"1082","DERM_BBWQ","MBB9",NA,9,0.866666666666667,0.1,1.6,0.682624590357648,NA,NA
"1083","DERM_BBWQ","MBC1",0.2,11,0.9,0,1.5,0.651683479938452,NA,0.767096868410277
"1084","DERM_BBWQ","MBC2",0,21,0.885714285714286,0.1,1.8,0.659576851708012,NA,1
"1085","DERM_BBWQ","MBC3",NA,6,0.866666666666667,0.1,1.6,0.691024451737714,NA,NA
"1086","DERM_BBWQ","MBC4",0.05,24,0.85,0,1.6,0.671812047906072,NA,0.875594724383905
"1087","DERM_BBWQ","MBC5",0,30,0.913333333333333,0,2.1,0.704150974464985,NA,1
"1088","DERM_BBWQ","MBC6",NA,9,0.855555555555556,0.1,1.5,0.664054307106207,NA,NA
"1089","DERM_BBWQ","MBC7",0.15,15,0.706666666666667,0,1.3,0.762927042232292,NA,1
"1090","DERM_BBWQ","MBC8",0.05,27,0.859259259259259,0,1.7,0.712498826583926,NA,0.896416967667313
"1091","DERM_BBWQ","MBC9",NA,9,0.777777777777778,0.1,1.4,0.697663739832845,NA,NA
"1092","DERM_BBWQ","MBD1",NA,10,0.25,0,0.5,0.659966329107444,NA,NA
"1093","DERM_BBWQ","MBD2",0.0999999999999999,15,0.766666666666667,0,1.6,0.761623406507793,NA,0.63859207768502
"1094","DERM_BBWQ","MBD3",0,15,0.813333333333333,0,1.6,0.747688109520362,NA,1
"1095","DERM_BBWQ","MBD4",0,27,0.844444444444444,0,1.6,0.648064205924896,NA,1
"1096","DERM_BBWQ","MBD5",NA,6,0.883333333333333,0,1.6,0.745509877104316,NA,NA
"1097","DERM_BBWQ","MBD6",NA,21,0.838095238095238,0,1.5,0.647487994081233,NA,NA
"1098","DERM_BBWQ","MBD7",NA,16,0.8125,0,1.5,0.758530708865444,NA,NA
"1099","DERM_BBWQ","MBD8",0,24,0.870833333333333,0.1,1.7,0.609971360493522,NA,1
"1100","DERM_BBWQ","MBD9",NA,14,0.878571428571429,0.1,1.5,0.59425363063899,NA,NA
"1101","DERM_BBWQ","MBE1",0,24,0.9125,0,1.8,0.710447876418053,NA,0.775703543440992
"1102","DERM_BBWQ","MBE2",0,24,0.883333333333333,0.1,1.6,0.647895636431969,NA,0.894625809546728
"1103","DERM_BBWQ","MBE3",0,23,0.869565217391304,0.1,1.7,0.698171312657704,NA,1
"1104","DERM_BBWQ","MBE4",NA,12,0.908333333333333,0.1,1.6,0.682630684058062,NA,NA
"1105","DERM_BBWQ","MBE5",0,15,0.873333333333333,0.1,1.6,0.714377278172295,NA,1
"1106","DERM_BBWQ","MBE6",NA,11,0.809090909090909,0,1.9,0.778660602766844,NA,NA
"1107","DERM_BBWQ","MBE7",NA,9,0.833333333333333,0.1,1.5,0.694550214167413,NA,NA
"1108","DERM_BBWQ","MBE8",-0.1,15,0.9,0,1.8,0.742986015140854,NA,0.824778095082513
"1109","DERM_BBWQ","MBE9",0.1,21,0.89047619047619,0,1.7,0.676509690062227,NA,0.627932089233878
"1110","DERM_BBWQ","MBF1",0.1,18,0.894444444444444,0,1.7,0.687557291968956,NA,0.662520583540057
"1111","DERM_BBWQ","MBF2",NA,9,1.05555555555556,0.2,2,0.536145058305778,NA,NA
"1112","DERM_BBWQ","MBF3",NA,23,0.773913043478261,0,1.5,0.686190279899382,NA,NA
"1113","DERM_BBWQ","MBF4",NA,3,1,0.1,1.9,0.9,NA,NA
"1114","DERM_BBWQ","MBF5",0,18,0.855555555555556,0.1,1.6,0.673500503915785,NA,1
"1115","DERM_BBWQ","MBF6",0,21,0.904761904761905,0,1.8,0.671829271941257,NA,1
"1116","DERM_BBWQ","MBF7",0,24,0.841666666666667,0,1.6,0.685587809771247,NA,1
"1117","DERM_BBWQ","MBF8",0.2,17,0.829411764705882,0,1.6,0.718065405561115,NA,0.473920420172139
"1118","DERM_BBWQ","MBF9",NA,21,0.880952380952381,0.1,1.5,0.575031996441996,NA,NA
"1119","DERM_BBWQ","MBG1",NA,6,0.866666666666667,0.1,1.4,0.706269472685417,NA,NA
"1120","DERM_BBWQ","MBG2",NA,18,0.827777777777778,0.1,1.5,0.664016668196717,NA,NA
"1121","DERM_BBWQ","MBG3",NA,10,0.57,0.1,1.1,0.814735532485058,NA,NA
"1122","DERM_BBWQ","MBG4",NA,6,0.85,0.1,1.4,0.625855815448018,NA,NA
"1123","DERM_BBWQ","MBG5",0.1,26,0.815384615384615,0,1.5,0.668766125792475,NA,0.692379268389818
"1124","DERM_BBWQ","MBG6",0,17,0.805882352941176,0,1.5,0.687358159388198,NA,1
"1125","DERM_BBWQ","MBG7",-0.3,12,0.658333333333333,0,1.3,0.751046232436107,NA,0.386476230771233
"1126","DERM_BBWQ","MBG8",NA,13,0.707692307692308,0.1,1.3,0.726175903603366,NA,NA
"1127","DERM_BBWQ","MBG9",0,34,0.858823529411765,0,1.8,0.68743626693356,NA,1
"1128","DERM_BBWQ","MBH1",0,35,0.825714285714286,0,1.6,0.671310702452367,NA,1
"1129","DERM_BBWQ","MBH2",0,21,0.804761904761905,0,1.6,0.721861964584649,NA,1
"1130","DERM_BBWQ","MBH3",NA,12,0.941666666666667,0.1,1.9,0.725153363302541,NA,NA
"1131","DERM_BBWQ","MBH4",NA,12,0.933333333333333,0.1,1.8,0.67351155206178,NA,NA
"1132","DERM_BBWQ","MBH5",NA,6,0.833333333333333,0,1.5,0.768999349804667,NA,NA
"1133","DERM_BBWQ","MBH6",0,21,0.876190476190476,0,1.6,0.688486360655804,NA,1
"1134","DERM_BBWQ","MBH7",NA,12,0.925,0.1,1.8,0.733405973297263,NA,NA
"1135","DERM_BBWQ","MBH8",0,21,0.947619047619048,0.1,1.7,0.596599032682616,NA,1
"1136","DERM_BBWQ","MBH9",NA,15,0.92,0.1,1.8,0.676562613528345,NA,NA
"1137","DERM_BBWQ","MBI1",NA,18,0.872222222222222,0,1.7,0.727031032244983,NA,NA
"1138","DERM_BBWQ","MBI2",NA,9,0.877777777777778,0.1,1.6,0.715497861319624,NA,NA
"1139","DERM_BBWQ","MBI3",NA,24,0.966666666666667,0.1,1.9,0.711280151604184,NA,NA
"1140","DERM_BBWQ","MBI4",-0.05,30,0.876666666666667,0,1.8,0.675624296931086,NA,0.762792055812661
"1141","DERM_BBWQ","MBI5",NA,12,0.908333333333333,0.1,1.7,0.709540035624659,NA,NA
"1142","DERM_BBWQ","MBI6",NA,4,0.45,0,0.9,1.03438815139029,NA,NA
"1143","DERM_BBWQ","MBI7",NA,17,0.552941176470588,0,1.4,0.874648283447374,NA,NA
"1144","DERM_BBWQ","MBI8",NA,11,0.772727272727273,0,1.5,0.774507321912131,NA,NA
"1145","DERM_BBWQ","MBI9",NA,21,0.847619047619048,0,1.7,0.681435432158458,NA,NA
"1146","DERM_BBWQ","MBJ1",0.2,18,0.855555555555556,0,1.7,0.682979475936949,NA,0.692379268389818
"1147","DERM_BBWQ","MBJ2",0.05,36,0.908333333333333,0,1.9,0.689471711527768,NA,1
"1148","DERM_BBWQ","MBJ3",NA,9,0.677777777777778,0.1,1.2,0.624996640678959,NA,NA
"1149","DERM_BBWQ","MBJ4",NA,5,0.76,0.1,1.4,0.759291476118606,NA,NA
"1150","DERM_BBWQ","MBJ5",NA,21,0.728571428571429,0,1.4,0.70941382412257,NA,NA
"1151","DERM_BBWQ","MBJ6",0.3,14,0.664285714285714,0.1,1.3,0.775742866623513,NA,0.553616991965781
"1152","DERM_BBWQ","MBJ7",NA,5,0.68,0.1,1.2,0.787829131528169,NA,NA
"1153","DERM_BBWQ","MBJ8",-0.1,23,0.860869565217391,0,1.8,0.719263881419494,NA,0.824778095082513
"1154","DERM_BBWQ","MBJ9",NA,6,0.416666666666667,0,1,0.864222193651609,NA,NA
"1155","DERM_BBWQ","MBK1",0,13,0.753846153846154,0.1,1.4,0.699035451365467,NA,1
"1156","DERM_BBWQ","MBK2",NA,16,0.68125,0.1,1.3,0.784497553263558,NA,NA
"1157","DERM_BBWQ","MBK3",0,15,0.78,0,1.5,0.715786907512481,NA,0.860177112415032
"1158","DERM_BBWQ","MBK4",0.05,21,0.823809523809524,0,1.7,0.67247323709019,NA,0.752427487169168
"1159","DERM_BBWQ","MBK5",NA,14,0.778571428571429,0.1,1.3,0.651381116603145,NA,NA
"1160","DERM_BBWQ","MBK6",NA,12,0.891666666666667,0.1,1.7,0.658222888261882,NA,NA
"1161","DERM_BBWQ","MBK7",NA,21,0.842857142857143,0,1.6,0.687287613116063,NA,NA
"1162","DERM_BBWQ","MBK8",-0.1,20,0.705,0,1.9,0.793732781025453,NA,1
"1163","DERM_BBWQ","MBK9",NA,9,0.811111111111111,0,1.5,0.722692002537081,NA,NA
"1164","DERM_BBWQ","MBL1",NA,18,0.838888888888889,0.1,1.5,0.675737256367633,NA,NA
"1165","DERM_BBWQ","MBL2",NA,5,0.76,0.1,1.4,0.759291476118606,NA,NA
"1166","DERM_BBWQ","MBL3",NA,9,0.866666666666667,0,1.5,0.725181062883262,NA,NA
"1167","DERM_BBWQ","MBL4",0.1,20,0.805,0,1.5,0.683348677585757,NA,0.716800516994495
"1168","DERM_BBWQ","MBL5",0,32,0.70625,0,1.4,0.737877892688521,NA,1
"1169","DERM_BBWQ","MBL6",0,12,0.85,0.1,1.6,0.629564177658243,NA,1
"1170","DERM_BBWQ","MBL7",NA,26,0.803846153846154,0,1.4,0.652113616738159,NA,NA
"1171","DERM_BBWQ","MBL8",0.1,10,0.79,0.1,1.7,0.776761046919492,NA,0.365322827110141
"1172","DERM_BBWQ","MBL9",-0.25,10,0.74,0,1.8,0.840787214077124,NA,0.398985365108981
"1173","DERM_BBWQ","MI01",0,645,1.6675488372093,0,25.24,1.71369692530418,NA,0.13384964589485
"1174","DERM_BBWQ","MI02",0,817,1.89276376988984,0,32.92,1.83690432445343,NA,0.214637982340338
"1175","DERM_BBWQ","MI03",0,926,NA,NA,NA,NA,NA,0.775990913505585
"1176","DERM_BBWQ","MR01",0.9,927,6.32333980582524,0,36.26,1.55644836854353,0.9,5.23105658806541e-11
"1177","DERM_BBWQ","MR02",0.1,526,2.52773764258555,0,23.05,1.21772957347213,0.1,0.000236738770742423
"1178","DERM_BBWQ","MR03",0.16,927,3.31758252427184,0,32.92,1.50362868970323,0.16,5.97552773573864e-06
"1179","DERM_BBWQ","MR04",0.1,598,2.26558361204013,0,18.39,1.0863555009038,0.1,0.000391874826280952
"1180","DERM_BBWQ","MR05",0.399999999999999,711,3.21342334739803,0,32.92,1.48248339096324,0.399999999999999,8.15182182483905e-06
"1181","DERM_BBWQ","MR06",0,761,2.11642181340342,0,16.28,1.08884640126268,NA,0.0598130164450159
"1182","DERM_BBWQ","MR07",0.15,911,2.42480461031833,0,32.91,1.42066176161892,0.15,2.68413503572501e-05
"1183","DERM_BBWQ","MR08",-0.1495,934,1.12013597430407,0,3.5,1.05248999344585,-0.1495,0.0160788681442717
"1184","DERM_BBWQ","MR09",NA,3,0.766666666666667,0.1,1.2,0.764278079619433,NA,NA
"1185","DERM_BBWQ","MR10",NA,80,1.24625,0.1,2.6,0.777118217955189,NA,NA
"1186","DERM_BBWQ","MR11",NA,40,0.287,0.22,0.36,0.0992439490639304,NA,NA
"1187","DERM_BBWQ","MR12",NA,69,1.11608695652174,0.1,3.11,1.06227796930465,NA,NA
"1188","DERM_BBWQ","MR15",0,904,1.21687942477876,0,32.92,1.91229093796622,NA,0.60123663277253
"1189","DERM_BBWQ","MR16",NA,9,1.25555555555556,0,4,1.01693892346698,NA,NA
"1190","DERM_BBWQ","MW01",0,806,2.1611141439206,0,42.01,1.67283119662291,NA,0.0970061913036753
"1191","DERM_BBWQ","MW03",NA,3,1.63333333333333,0.1,3.8,1.18138413374745,NA,NA
"1192","DERM_BBWQ","MW04",0,938,NA,NA,NA,NA,NA,0.399855951529017
"1193","DERM_BBWQ","MW05",0,882,0.88402947845805,0,3.2,0.926824108961685,NA,0.198269025945829
"1194","DERM_BBWQ","MW07",NA,12,1.075,0.1,2.8,0.845274750949159,NA,NA
"1195","DERM_BBWQ","MW13",0,941,0.90132518597237,0,3.1,0.941659547304028,NA,0.39800439670651
"1196","DERM_BBWQ","NNH",NA,65,1.64923076923077,0,4.2,0.971280932474237,NA,NA
"1197","DERM_BBWQ","NO03",0,147,0.966666666666667,0,2.9,0.760315022921705,NA,1
"1198","DERM_BBWQ","NO04",NA,66,0.731030303030303,0.1,1.967,0.885392967543676,NA,NA
"1199","DERM_BBWQ","NO07",0,513,0.905678362573099,0,2,0.721906954062409,NA,0.448282256586641
"1200","DERM_BBWQ","NO07A",NA,377,0.492151193633952,0.1,2.014,0.960491131041123,NA,NA
"1201","DERM_BBWQ","OC01",NA,41,0.193170731707317,0.17,0.24,0.0854080574173713,NA,NA
"1202","DERM_BBWQ","OL01",NA,51,14.9941176470588,0.2,37.12,0.728861609867505,NA,NA
"1203","DERM_BBWQ","OL02",NA,285,7.73571929824561,0.1,32.92,1.13510890413008,NA,NA
"1204","DERM_BBWQ","OL03",0.4,720,NA,NA,NA,NA,0.4,3.12334580374794e-13
"1205","DERM_BBWQ","OL06",NA,23,0.234782608695652,0,0.7,0.787556770361326,NA,NA
"1206","DERM_BBWQ","OSC1",NA,52,0.200192307692308,0.18,0.22,0.0702889188726817,NA,NA
"1207","DERM_BBWQ","OSC2",NA,55,0.219818181818182,0.19,0.25,0.0697606115788649,NA,NA
"1208","DERM_BBWQ","OSC3",NA,40,0.229,0.2,0.26,0.0482431537234677,NA,NA
"1209","DERM_BBWQ","PR01",0,787,1.82440025412961,0,38.92,1.4979043374253,NA,0.0644445658222036
"1210","DERM_BBWQ","PR02",NA,3,1.03333333333333,0.1,2,0.919779188992468,NA,NA
"1211","DERM_BBWQ","PR03",0,932,NA,NA,NA,NA,NA,0.0729402683949924
"1212","DERM_BBWQ","PR04A",-0.1,906,0.837005518763797,0,2.8,0.878888659203833,-0.1,0.00434986064239494
"1213","DERM_BBWQ","PR07",NA,80,0.93375,0,2.3,0.715264807013925,NA,NA
"1214","DERM_BBWQ","PR08",0,941,0.825987247608927,0,3,0.899237311022397,NA,0.240178913892851
"1215","DERM_BBWQ","PR09",NA,3,0.8,0.1,1.4,0.81967981553775,NA,NA
"1216","DERM_BBWQ","SK01",0.467,925,NA,NA,NA,NA,0.467,4.53635018602126e-09
"1217","DERM_BBWQ","SK02",0,928,1.87209590517241,0,32.92,1.51016291686542,NA,0.752809515428035
"1218","DERM_BBWQ","SK05",-0.72,300,0.863206666666667,0,4.402,1.43619150375188,-0.72,0.000706895649409039
"1219","DERM_BBWQ","SK07",NA,81,NA,NA,NA,NA,NA,NA
"1220","DERM_BBWQ","SK09",0,935,1.31319037433155,0,4.3,1.12173286863053,NA,0.418822538885846
"1221","DERM_BBWQ","SK10",NA,152,0.304210526315789,0.25,0.35,0.0648150422534477,NA,NA
"1222","DERM_BBWQ","SP01",0.396,925,4.01267027027027,0,36.06,1.87322056445648,0.396,4.40227284974548e-07
"1223","DERM_BBWQ","SP03",-0.75,43,0.350697674418605,0.1,3.9,1.61520431734738,NA,0.767096868410277
"1224","DERM_BBWQ","SP04",0,916,1.55501855895197,0,5.3,1.18771685653614,NA,0.263127244939025
"1225","DERM_BBWQ","SP05",NA,40,0.2505,0.22,0.28,0.0486406363621585,NA,NA
"1226","DERM_BBWQ","SP08",0,920,1.32384130434783,0,4.4,1.12551805175816,NA,0.174370317192214
"1227","DERM_BBWQ","SP15",NA,1,0.1,0.1,0.1,NA,NA,NA
"1228","DERM_BBWQ","TCA1",-0.05,14,0.428571428571429,0,1.1,0.850841714969138,NA,1
"1229","DERM_BBWQ","TCA2",0.25,22,0.313636363636364,0,0.7,0.782825929005084,NA,0.698535358303339
"1230","DERM_BBWQ","TCA3",0.1,10,0.38,0,0.8,0.943135442506359,NA,0.784191229401619
"1231","DERM_BBWQ","TCA4",0,14,0.485714285714286,0.1,1,0.806960008725789,NA,1
"1232","DERM_BBWQ","TCA5",0.1,22,0.468181818181818,0,1,0.839973500026255,NA,0.73583506867579
"1233","DERM_BBWQ","TCA6",-0.05,14,0.371428571428571,0,0.9,0.892491309408187,NA,1
"1234","DERM_BBWQ","TCA7",-4.16333634234434e-17,16,0.4875,0,1.1,0.873101082788837,NA,1
"1235","DERM_BBWQ","TCA8",-0.05,16,0.525,0,1.1,0.824419445746257,NA,1
"1236","DERM_BBWQ","TCA9",0,16,0.45625,0,1,0.846866406791915,NA,1
"1237","DERM_BBWQ","TCB1",NA,6,0.216666666666667,0,0.4,0.739422451735256,NA,NA
"1238","DERM_BBWQ","TCB2",NA,18,0.261111111111111,0,0.5,0.671596997136273,NA,NA
"1239","DERM_BBWQ","TCB3",-4.16333634234434e-17,16,0.3875,0,0.8,0.847431900230905,NA,1
"1240","DERM_BBWQ","TCB4",0.15,22,0.440909090909091,0,0.9,0.838924454023049,NA,0.58654354349416
"1241","DERM_BBWQ","TCB5",0.05,10,0.39,0.1,0.8,0.796753585396336,NA,1
"1242","DERM_BBWQ","TCB6",0,30,0.406666666666667,0,0.8,0.772047789604821,NA,0.779106124760869
"1243","DERM_BBWQ","TCB7",NA,14,0.571428571428571,0.1,1,0.698074274205612,NA,NA
"1244","DERM_BBWQ","TCB8",0.1,14,0.414285714285714,0,1,0.969487856794863,NA,0.63859207768502
"1245","DERM_BBWQ","TCB9",0,12,0.466666666666667,0,1,0.834106011601632,NA,1
"1246","DERM_BBWQ","TCC1",NA,16,0.3625,0,0.8,0.853985086023297,NA,NA
"1247","DERM_BBWQ","TCC2",NA,8,0.5,0,1,1.01980390271856,NA,NA
"1248","DERM_BBWQ","TCC3",0.15,12,0.516666666666667,0.1,1,0.824605064524645,NA,1
"1249","DERM_BBWQ","TCC4",0.05,20,0.42,0,1,0.816057957967828,NA,0.811597509074705
"1250","DERM_BBWQ","TCC5",NA,10,0.36,0.1,0.8,0.798661431586957,NA,NA
"1251","DERM_BBWQ","TCC6",0.0999999999999999,24,0.7125,0,1.2,0.665179601262983,NA,0.781262685325686
"1252","DERM_BBWQ","TCC7",NA,11,0.309090909090909,0,0.9,0.93156860681549,NA,NA
"1253","DERM_BBWQ","TCC8",0.1,29,0.603448275862069,0,1.1,0.73108091227411,NA,0.521564687882976
"1254","DERM_BBWQ","TCC9",NA,18,0.466666666666667,0,1,0.923873052192035,NA,NA
"1255","DERM_BBWQ","TCD1",0.15,18,0.527777777777778,0.1,1,0.705378669899019,NA,0.683920610705076
"1256","DERM_BBWQ","TCD2",0.05,29,0.562068965517241,0,1.1,0.789113037848867,NA,0.867143916775089
"1257","DERM_BBWQ","TCD3",NA,11,0.563636363636364,0,1.2,0.862895688842575,NA,NA
"1258","DERM_BBWQ","TCD4",-0.1,12,0.508333333333333,0,1.2,0.844916766280156,NA,1
"1259","DERM_BBWQ","TCD5",0.0499999999999999,14,0.642857142857143,0.1,1.2,0.768664558945277,NA,1
"1260","DERM_BBWQ","TCD6",NA,8,0.5875,0.1,1.2,0.810906703923347,NA,NA
"1261","DERM_BBWQ","TCD7",0,26,0.619230769230769,0,1.2,0.750567600247685,NA,1
"1262","DERM_BBWQ","TCD8",0.05,22,0.531818181818182,0,1.1,0.867302301465765,NA,1
"1263","DERM_BBWQ","TCD9",NA,11,0.6,0,1.2,0.875595035770913,NA,NA
"1264","DERM_BBWQ","TM02",0,918,2.55894008714597,0,20.22,1.31090106087586,NA,0.745819776293272
"1265","DERM_BBWQ","TM03",0,546,1.79439743589744,0,5.9,1.01002207599662,0,0.00485736387432647
"1266","DERM_BBWQ","TM03A",NA,393,0.960282442748092,0.1,16.76,1.70035652771941,NA,NA
"1267","DERM_BBWQ","TM05",NA,584,1.21275342465753,0,32.92,2.30741320072291,NA,NA
"1268","DERM_BBWQ","TM06",NA,40,0.2405,0.22,0.26,0.0506631160445767,NA,NA
"1269","DERM_BBWQ","TM07",NA,15,1.03333333333333,0,2.5,0.869173779697257,NA,NA
"1270","DERM_BBWQ","TM07A",NA,40,0.247,0.23,0.27,0.0451017531899609,NA,NA
"1271","DERM_BBWQ","TM08",0,915,1.31301420765027,0,31.09,1.48691654807655,NA,0.198289801741458
"1272","DERM_BBWQ","WC02",0.3,928,2.04628620689655,0,31.09,1.89761480580678,0.3,1.12183951118957e-09
"1273","DERM_BBWQ","WC03",0.1,919,1.7715331882481,0,24.42,1.83136628260901,0.1,1.15403235745858e-05
"1274","DERM_BBWQ","WC04",0.23,693,1.10164069264069,0,13.81,1.91798471953546,0.23,1.22781601919319e-14
"1275","FIU_Estuaries","Alligator Bay",298.75,155,7278.45161290323,100,32500,1.03993526281258,298.75,7.728489918891e-07
"1276","FIU_Estuaries","BNP Marker B",141.25,135,NA,NA,NA,NA,141.25,0.00218354124356347
"1277","FIU_Estuaries","BNP Marker C",150,180,35351.1666666667,28200,38940,0.0594199787734104,150,1.80042249154567e-10
"1278","FIU_Estuaries","Barnes Sound",225.357142857143,219,29825.8904109589,11000,44000,0.201349557785734,225.357142857143,0.00076138667392718
"1279","FIU_Estuaries","Barron River",700,168,20686.25,300,40200,0.567882717367473,700,6.86012358277716e-05
"1280","FIU_Estuaries","Big Carlos Pass",88,117,33301.5384615385,19090,38660,0.112720872403909,NA,0.209069624951916
"1281","FIU_Estuaries","Big Lostmans Bay",63.3333333333333,191,NA,NA,NA,NA,63.3333333333333,8.45220318466248e-06
"1282","FIU_Estuaries","Big Macro River (Red #24)",63.3333333333333,117,NA,NA,NA,NA,NA,0.626370137147233
"1283","FIU_Estuaries","Black Point",251.111111111111,180,27418.5,6210,44130,0.228946370231079,251.111111111111,0.00154353936827152
"1284","FIU_Estuaries","Blackwater River",335,168,29650.3571428571,1400,40520,0.280818017640053,335,4.55217461739562e-05
"1285","FIU_Estuaries","Blackwater Sound",-1.81818181818182,235,30995.6170212766,10500,48000,0.226797701760308,NA,0.953954085803083
"1286","FIU_Estuaries","Broad River Bay",83.9285714285714,191,5287.43455497382,100,29500,1.3398254636962,83.9285714285714,4.92896756297701e-05
"1287","FIU_Estuaries","Broad River Mouth",628.888888888889,191,17019.3193717277,300,38400,0.608414633422777,628.888888888889,6.48283774019649e-07
"1288","FIU_Estuaries","Butternut Key",287.5,213,30080.3755868545,14300,51000,0.242485847268726,287.5,0.00207312591601101
"1289","FIU_Estuaries","Cabbage Island",73.5416666666667,179,5544.5251396648,100,31000,1.24487862622844,73.5416666666667,0.0109203062812758
"1290","FIU_Estuaries","Capri Pass (Red #4)",130,117,35002.9914529915,29100,38550,0.0502165330182283,130,0.0324474986951462
"1291","FIU_Estuaries","Captain Key",185.625,211,33326.3981042654,21500,50000,0.194777876152693,185.625,0.0202781816584846
"1292","FIU_Estuaries","Card Sound Bridge",251.25,212,30557.358490566,17500,41270,0.161259281140309,251.25,8.17084989625662e-06
"1293","FIU_Estuaries","Card Sound North",254.444444444444,180,33756.7777777778,24300,39190,0.10206268375433,254.444444444444,1.35452212982789e-10
"1294","FIU_Estuaries","Caxambas Bay (Green #3)",13.5,115,34387.3043478261,24630,39300,0.0794806331207586,NA,0.722423800166707
"1295","FIU_Estuaries","Caxambas Pass",106,116,35266.4655172414,30950,38820,0.0426351546365863,NA,0.160713537557659
"1296","FIU_Estuaries","Chevalier Bay",509,167,15755.5089820359,1200,42800,0.72365691979166,509,3.02639913676291e-06
"1297","FIU_Estuaries","Chino Island",100,117,31320.8547008547,16970,39170,0.16187116712952,NA,0.407381818985449
"1298","FIU_Estuaries","Chokoloskee",471.666666666667,156,24136.9230769231,1300,40600,0.418026801725334,471.666666666667,0.000662715134959112
"1299","FIU_Estuaries","Convoy Point",326.333333333333,180,28503.7222222222,12300,41230,0.232301248108191,326.333333333333,0.000324403950824429
"1300","FIU_Estuaries","Coon Key Pass",87.1428571428571,117,33406.2393162393,20540,40400,0.124140997731283,NA,0.454421338437653
"1301","FIU_Estuaries","Coot Bay",108.333333333333,179,12117.4301675978,4400,27400,0.416909176851376,NA,0.0990471084313095
"1302","FIU_Estuaries","Dismal Key",408.333333333333,167,30038.0838323353,8400,40400,0.221939340447023,408.333333333333,4.74906501791897e-07
"1303","FIU_Estuaries","Dollar Bay",116.785714285714,116,32477.5862068966,6760,38230,0.185387125525342,NA,0.0990962000955822
"1304","FIU_Estuaries","Duck Key",-14,235,30890.9787234043,10400,53000,0.280601313913259,NA,0.892824202956706
"1305","FIU_Estuaries","East Cape",131.666666666667,203,34476.4039408867,25300,40990,0.0901999351409918,131.666666666667,6.63562641975266e-05
"1306","FIU_Estuaries","Elliott Key",175,168,35643.4523809524,23530,41380,0.0704173530720009,175,1.48789147220692e-09
"1307","FIU_Estuaries","Estero Bay North",90,117,31554.7008547009,8270,38870,0.195473004922447,NA,0.209069624951916
"1308","FIU_Estuaries","Estero Bay South",81.6666666666667,117,32640.6837606838,17060,38820,0.132210268231358,NA,0.284877318139223
"1309","FIU_Estuaries","Faka Union Pass",420.833333333333,168,27402.380952381,3800,40100,0.319878443259326,420.833333333333,7.31390101637342e-05
"1310","FIU_Estuaries","Faka Union River",484.545454545455,168,19537.1428571429,100,40500,0.695973056717768,484.545454545455,0.000476345391185738
"1311","FIU_Estuaries","Fakahatchee Bay",1152.5,77,26718.961038961,6250,40340,0.365816130162619,1152.5,4.03556593549011e-05
"1312","FIU_Estuaries","Featherbed Bank",167.083333333333,180,35715.9444444444,26600,39850,0.0619757122409792,167.083333333333,3.18874026326755e-10
"1313","FIU_Estuaries","Fender Point",420.714285714286,180,31907.7777777778,15100,41100,0.160627204930256,420.714285714286,1.37531606406928e-12
"1314","FIU_Estuaries","First Bay",525.454545454545,191,15751.9371727749,200,39800,0.719288115783706,525.454545454545,6.86037210426023e-06
"1315","FIU_Estuaries","First National",160,117,32310.2564102564,9480,39600,0.185157851887884,NA,0.108935745750444
"1316","FIU_Estuaries","Fishermans Point",100,117,26940.3418803419,1180,38530,0.351983153209109,NA,0.454421338437653
"1317","FIU_Estuaries","Garfield Bight",338.888888888889,210,33649.2857142857,12000,63000,0.248942167743241,338.888888888889,0.00107342966625886
"1318","FIU_Estuaries","Goodland Bridge",59.5833333333333,117,NA,NA,NA,NA,NA,0.51625888919028
"1319","FIU_Estuaries","Gullivan Bay",225.714285714286,273,32887.1428571429,16600,40600,0.129586770101714,225.714285714286,1.01686922764611e-05
"1320","FIU_Estuaries","Gun Rock Point",620,168,25174.4047619048,1900,40400,0.366699852741291,620,4.87970242052474e-06
"1321","FIU_Estuaries","Gunboat Island",366.666666666667,191,11271.832460733,100,33930,0.87080692972953,366.666666666667,0.00028542688120829
"1322","FIU_Estuaries","Hall Bay",61.6666666666667,117,NA,NA,NA,NA,NA,0.722622265498818
"1323","FIU_Estuaries","Harney River Junction",417.272727272727,191,11860.890052356,400,34700,0.800506985054241,417.272727272727,2.63805142019386e-06
"1324","FIU_Estuaries","Harney River Mouth",472.5,191,22413.664921466,800,37230,0.343021874885453,472.5,1.85473572274688e-05
"1325","FIU_Estuaries","Henderson Creek",730,80,NA,NA,NA,NA,730,0.00200423427049307
"1326","FIU_Estuaries","Highway Creek",277.272727272727,212,11571.6509433962,100,40740,1.04523372902173,277.272727272727,7.74542293516584e-08
"1327","FIU_Estuaries","Huston Bay",518.611111111111,168,16730.6547619048,200,40600,0.766475203218123,518.611111111111,8.23282557489257e-06
"1328","FIU_Estuaries","Huston River",508.030303030303,155,16027.4838709677,700,40800,0.7794082029274,508.030303030303,4.31490024077836e-05
"1329","FIU_Estuaries","Indian Key",427.333333333333,168,29984.7023809524,11300,41400,0.206643677662109,427.333333333333,5.83200941032409e-06
"1330","FIU_Estuaries","Indian Key Pass",453.75,168,28447.5595238095,7200,41580,0.257364822961419,453.75,9.74434209904969e-06
"1331","FIU_Estuaries","Joe Bay",310,212,14185.5188679245,200,54300,0.85649990804841,310,0.000432825316537556
"1332","FIU_Estuaries","Johnson Bay",86.0714285714286,117,NA,NA,NA,NA,NA,0.176266720157677
"1333","FIU_Estuaries","Johnson Key Basin",25,234,35693.9743589744,23100,52000,0.114009834764837,NA,0.399322405639231
"1334","FIU_Estuaries","Kewaydin Channel",135.555555555556,117,32265.8974358974,10990,41360,0.153906775302661,NA,0.261480679936878
"1335","FIU_Estuaries","Little Blackwater Sound",494,212,22962.5,2200,47000,0.40668586997176,494,9.54151294520822e-06
"1336","FIU_Estuaries","Little Madeira Bay",282.261904761905,212,23763.2924528302,4600,53000,0.374039296057728,282.261904761905,0.0156525445589717
"1337","FIU_Estuaries","Long Sound",470.357142857143,220,19127.6818181818,800,47000,0.548230721435034,470.357142857143,6.07855878472646e-05
"1338","FIU_Estuaries","Lopez Bay",488.285714285714,168,23272.7380952381,700,40600,0.487396921771963,488.285714285714,0.000370163002864319
"1339","FIU_Estuaries","Lopez River",683.333333333333,168,20089.4642857143,500,40500,0.632060467636856,683.333333333333,9.53202867408871e-06
"1340","FIU_Estuaries","Lostmans Five Bay",97,167,NA,NA,NA,NA,97,1.49036451296031e-08
"1341","FIU_Estuaries","Manatee Bay",375.454545454545,212,25999.7641509434,3300,43000,0.275172562366477,375.454545454545,4.08072686302641e-06
"1342","FIU_Estuaries","Marker G-1B",113.333333333333,180,35597.6666666667,29900,38800,0.0440768828453331,113.333333333333,6.36856277465569e-09
"1343","FIU_Estuaries","Marker G-71",131.818181818182,147,32876.3265306122,21590,39860,0.0884556731638728,131.818181818182,0.0166068469422094
"1344","FIU_Estuaries","Matheson Beach",241.666666666667,147,31974.0816326531,22840,41710,0.111569224628256,241.666666666667,5.7373065489824e-05
"1345","FIU_Estuaries","Midbay North",154.791666666667,168,35485.7738095238,28610,39590,0.0614424694307745,154.791666666667,1.20595987882833e-08
"1346","FIU_Estuaries","Midbay South",189.583333333333,168,35452.7976190476,24480,40710,0.0702155307884097,189.583333333333,3.41978829477964e-11
"1347","FIU_Estuaries","Middle Broad River",306.25,191,9580.26178010471,200,37200,1.02953670625174,306.25,9.60559564497928e-07
"1348","FIU_Estuaries","Middle Chatham River",580,168,18796.4285714286,1200,41200,0.629666144126982,580,2.12162038713031e-06
"1349","FIU_Estuaries","Middle Key",300,212,27841.3679245283,7600,42000,0.214393266002066,300,1.5098294072614e-05
"1350","FIU_Estuaries","Midway Keys",248.25,179,13130.2234636872,2200,32600,0.567113119670982,248.25,0.0037595527126068
"1351","FIU_Estuaries","Murray Key",77.5,219,34666.0730593607,16500,50000,0.111630988074678,77.5,0.0358595345070847
"1352","FIU_Estuaries","Near Black Ledge",140.416666666667,168,29477.5595238095,11450,43820,0.181888659170183,NA,0.0883526667524558
"1353","FIU_Estuaries","North I-195 Basin",179,135,30930.5185185185,21890,37580,0.0949982336282172,179,0.00207057290260842
"1354","FIU_Estuaries","North Marker 36",505,191,18118.7958115183,1200,35670,0.464018518264375,505,4.9641646168719e-06
"1355","FIU_Estuaries","North Normandy Isle",100,147,30719.1156462585,19300,37000,0.127073805374444,NA,0.135073239297029
"1356","FIU_Estuaries","North River Mouth",300,179,12210.3910614525,600,32600,0.661744976610031,300,0.000749777936925354
"1357","FIU_Estuaries","North Venetian Basin",102,147,31905.4421768707,25100,38100,0.077682748135407,NA,0.0530282536905749
"1358","FIU_Estuaries","Old Dan Bank",138.571428571429,203,35731.8226600985,28600,42090,0.0681203078215226,138.571428571429,2.91590816182885e-08
"1359","FIU_Estuaries","Oleta River Park",110,147,32289.2517006803,16190,38500,0.123996061741692,110,0.0350763712157511
"1360","FIU_Estuaries","Outer Clam Pass",78.5714285714286,117,33439.2307692308,16090,38940,0.114897141608845,NA,0.149106253387366
"1361","FIU_Estuaries","Outer Gordon Pass",84.375,116,34615.5172413793,23970,38380,0.0676920163098283,NA,0.203492389942216
"1362","FIU_Estuaries","Oxfoot Bank",163.333333333333,203,35080.3940886699,26800,42240,0.0813587173059025,163.333333333333,5.60473069526178e-08
"1363","FIU_Estuaries","Oyster Bay",413.333333333333,191,24136.5445026178,8400,37200,0.282047912148782,413.333333333333,3.61556242234567e-07
"1364","FIU_Estuaries","Panther Key",320,156,30098.0128205128,9600,40700,0.209497835373134,320,0.00062987744183296
"1365","FIU_Estuaries","Park Key",-128.75,234,29697.0512820513,13700,53000,0.310856169024588,NA,0.253886020594733
"1366","FIU_Estuaries","Pelican Bank",265.833333333333,180,33408,21240,40330,0.116967922346766,265.833333333333,2.49313722017142e-09
"1367","FIU_Estuaries","Peterson Keys",57.5,220,36346.9090909091,28300,44610,0.0974198051942573,NA,0.156751940196604
"1368","FIU_Estuaries","Pine Island Sound",82,117,33075.5555555556,21320,39040,0.112893227719396,NA,0.261480679936878
"1369","FIU_Estuaries","Point Ybel (Red #8)",101.666666666667,117,31657.5213675214,6770,38500,0.188556860755585,NA,0.261821395374448
"1370","FIU_Estuaries","Ponce De Leon Bay",558,116,28792.8448275862,12200,38640,0.181599551838035,558,2.35358611890377e-06
"1371","FIU_Estuaries","Ponce de Leon Bay",0,75,25614.6666666667,9800,34900,0.224846045550704,NA,1
"1372","FIU_Estuaries","Porpoise Lake",36.4285714285714,220,35818.8181818182,23600,48300,0.15350378458116,NA,0.672540785016877
"1373","FIU_Estuaries","Rabbit Key Basin",27.5,234,36004.1452991453,21800,46810,0.103094000555054,NA,0.39403642322309
"1374","FIU_Estuaries","Rabbit Key Pass",450,168,27871.0119047619,5400,40600,0.273950504442204,450,3.6649249851073e-05
"1375","FIU_Estuaries","Rankin Lake",-100,234,35601.2820512821,15300,62000,0.226198734971605,NA,0.226081943660761
"1376","FIU_Estuaries","Reckems Point",230,117,23743.3333333333,2620,38340,0.370707283992691,NA,0.487286460153249
"1377","FIU_Estuaries","Roberts River Mouth",307.5,191,9080.05235602094,300,34070,0.86974778451594,307.5,2.29514539767609e-06
"1378","FIU_Estuaries","Rookery Bay",80,117,32589.9145299145,11010,39900,0.171039696923482,NA,0.407381818985449
"1379","FIU_Estuaries","Rt.951 Bridge",91.25,117,NA,NA,NA,NA,NA,0.291681866040095
"1380","FIU_Estuaries","Rubicon Keys",182.857142857143,168,35042.9166666667,25400,39430,0.0736455992545609,182.857142857143,2.0026555463727e-09
"1381","FIU_Estuaries","San Carlos Bay",125.714285714286,117,30586.0683760684,8270,38510,0.196351723479345,NA,0.422843674750841
"1382","FIU_Estuaries","Sands Cut",122.857142857143,180,35945,29000,38900,0.0407142870663735,122.857142857143,5.75977073998934e-12
"1383","FIU_Estuaries","Shell Key",333.541666666667,168,31942.5595238095,10100,40260,0.172287330290995,333.541666666667,6.59114481904435e-07
"1384","FIU_Estuaries","Shell Point",150,117,23727.8632478632,560,38630,0.436314131215166,NA,0.363686010667914
"1385","FIU_Estuaries","Shoal Point",260,147,32868.3673469388,21780,41210,0.121117339373413,260,3.24372373456538e-06
"1386","FIU_Estuaries","South Card Sound",331.25,147,32938.5034013605,21900,40750,0.120950216149675,331.25,1.59675433516391e-08
"1387","FIU_Estuaries","South Dodge Island",170.909090909091,147,33203.9455782313,16880,38880,0.0880797131644131,170.909090909091,0.00336962188997106
"1388","FIU_Estuaries","Southeast Marker 12",292.222222222222,191,11533.0890052356,2600,37320,0.569822784520278,292.222222222222,2.29817896716598e-06
"1389","FIU_Estuaries","Sprigger Bank",155.454545454545,203,35442.118226601,27600,43300,0.0741867573350802,155.454545454545,9.1727012030469e-08
"1390","FIU_Estuaries","Sta 351",-36.7500000000001,49,NA,NA,NA,NA,NA,0.269930579368972
"1391","FIU_Estuaries","Sta 352",-40.6899999999998,49,35780.0530612245,32912.2,37978.1,0.0297218587580223,NA,0.504339942568206
"1392","FIU_Estuaries","Sta 353",-47.8555555555556,49,35712.8897959184,31996.7,37453.1,0.0294008023673431,NA,0.138843544350611
"1393","FIU_Estuaries","Sta 354",-75.7699999999997,49,NA,NA,NA,NA,NA,0.0531192333531074
"1394","FIU_Estuaries","Sta 355",-97.1666666666667,49,35784.8346938776,33608.9,37113.7,0.0244117009217474,-97.1666666666667,0.0115776046873463
"1395","FIU_Estuaries","Sta 356",-40.9000000000015,49,NA,NA,NA,NA,NA,0.203207420709429
"1396","FIU_Estuaries","Sta 357",-14.3499999999985,49,35762.0714285714,33016,37417.4,0.0259125355341296,NA,0.468419904939569
"1397","FIU_Estuaries","Sta 358",-5,49,35756.1367346939,33057.3,37435.5,0.0255330557323377,NA,0.884702602654583
"1398","FIU_Estuaries","Sta 359",-68.4,49,35612.3040816327,32737,37560,0.0308705366648126,NA,0.562342605179145
"1399","FIU_Estuaries","Sta 360",-81.5285714285715,47,35591.9957446808,32653.1,37470,0.0306424544772072,NA,0.352338803146607
"1400","FIU_Estuaries","Sta 361",-65.7714285714288,47,35528.970212766,33447.6,37660,0.0308005856436505,NA,0.280941453067791
"1401","FIU_Estuaries","Sta 362",-30.6125000000002,47,35461.0340425532,32479.8,38330,0.0332364243403637,NA,0.462790444060332
"1402","FIU_Estuaries","Sta 363",-83.2555555555555,47,35009.6382978723,32369.3,38520,0.0402005794548004,NA,0.377685290381681
"1403","FIU_Estuaries","Sta 364",47.0444444444446,48,34220.2354166667,30700,38760,0.052834779010096,NA,0.846863564559653
"1404","FIU_Estuaries","Sta 365",29,48,NA,NA,NA,NA,NA,0.845433600448252
"1405","FIU_Estuaries","Sta 366",-108.722222222222,48,35134.74375,31741.3,37900,0.0378550986584055,NA,0.122352417295857
"1406","FIU_Estuaries","Sta 367",-58,48,35456.0916666667,32610.6,37790,0.0331766863152867,NA,0.49908739466975
"1407","FIU_Estuaries","Sta 368",-39.7000000000002,49,35432.3224489796,31757.4,37690,0.0345000905157529,NA,0.468419904939569
"1408","FIU_Estuaries","Sta 369",-33.6777777777776,49,35524.1816326531,32079.1,37550,0.0296508467991186,NA,0.52975587537296
"1409","FIU_Estuaries","Sta 370",-10,49,35569.0591836735,32873.3,37610,0.030711440038409,NA,0.92307510074449
"1410","FIU_Estuaries","Sta 371",-40,49,35627.3081632653,33200,37590,0.0304439236714795,NA,0.699316236804364
"1411","FIU_Estuaries","Sta 372",-11.3045454545454,49,35701.4775510204,32931.1,37610,0.0274766458500926,NA,0.504339942568206
"1412","FIU_Estuaries","Sta 373",-24.5333333333335,49,NA,NA,NA,NA,NA,0.726557325759774
"1413","FIU_Estuaries","Sta 374",-24.2857142857143,48,NA,NA,NA,NA,NA,0.760966325304583
"1414","FIU_Estuaries","Sta 375",-22.1428571428571,49,NA,NA,NA,NA,NA,0.832493185769881
"1415","FIU_Estuaries","Sta 376",34.9500000000004,49,NA,NA,NA,NA,NA,0.561356713121093
"1416","FIU_Estuaries","Sta 377",17.0000000000003,49,NA,NA,NA,NA,NA,0.687298661464894
"1417","FIU_Estuaries","Sta 378",40.8333333333333,49,NA,NA,NA,NA,NA,0.523546086553276
"1418","FIU_Estuaries","Sta 379",17.9,49,NA,NA,NA,NA,NA,0.798431964808643
"1419","FIU_Estuaries","Sta 380",-14.2883333333333,49,NA,NA,NA,NA,NA,0.762733812622035
"1420","FIU_Estuaries","Sta 381",44.875,49,NA,NA,NA,NA,NA,0.545986243317397
"1421","FIU_Estuaries","Sta 382",18.7555555555559,49,35002.2428571429,32400,37720,0.0378734040221767,NA,0.846863564559653
"1422","FIU_Estuaries","Sta 383",79.6916666666669,49,NA,NA,NA,NA,NA,0.471850970973186
"1423","FIU_Estuaries","Sta 384",57.2199999999997,49,NA,NA,NA,NA,NA,0.780521798299582
"1424","FIU_Estuaries","Sta 385",281.057142857143,49,NA,NA,NA,NA,281.057142857143,0.0171248464858111
"1425","FIU_Estuaries","Sta 386",157.777777777778,49,NA,NA,NA,NA,NA,0.204764474519155
"1426","FIU_Estuaries","Sta 387",105.933333333334,49,NA,NA,NA,NA,NA,0.50963332602133
"1427","FIU_Estuaries","Sta 388",133.333333333333,49,NA,NA,NA,NA,NA,0.141665007479358
"1428","FIU_Estuaries","Sta 389",100,49,NA,NA,NA,NA,NA,0.817061570455931
"1429","FIU_Estuaries","Sta 390",49.2437500000001,49,NA,NA,NA,NA,NA,0.546040833342224
"1430","FIU_Estuaries","Sta 391",-13.7700000000001,49,NA,NA,NA,NA,NA,0.825980279801291
"1431","FIU_Estuaries","Sta 392",65.3271428571426,49,NA,NA,NA,NA,NA,0.428338804021812
"1432","FIU_Estuaries","Sta 393",19.222222222222,49,NA,NA,NA,NA,NA,0.832493185769881
"1433","FIU_Estuaries","Sta 394",74.25,49,NA,NA,NA,NA,NA,0.315741452687376
"1434","FIU_Estuaries","Sta 395",41.5666666666669,48,NA,NA,NA,NA,NA,0.390381893775497
"1435","FIU_Estuaries","Sta 396",159.194444444444,48,NA,NA,NA,NA,NA,0.0511477028792044
"1436","FIU_Estuaries","Sta 397",81.0166666666664,48,NA,NA,NA,NA,NA,0.237594031588514
"1437","FIU_Estuaries","Sta 398",65,48,NA,NA,NA,NA,NA,0.65488888415244
"1438","FIU_Estuaries","Sta 399",83.3333333333333,49,NA,NA,NA,NA,NA,0.369376166267037
"1439","FIU_Estuaries","Sunday Bay",366.969696969697,168,15591.0714285714,200,40500,0.841848933015965,366.969696969697,3.91568502656291e-05
"1440","FIU_Estuaries","Tarpon Bay",100,191,NA,NA,NA,NA,100,9.41835630034703e-06
"1441","FIU_Estuaries","Terrapin Bay",132.380952380952,211,32893.7914691943,8700,56000,0.259313668468935,NA,0.210736191697228
"1442","FIU_Estuaries","Third Bay",216,191,9847.64397905759,100,37900,1.06648414168235,216,1.93372688663027e-05
"1443","FIU_Estuaries","Twin Key Basin",80,219,36333.196347032,24900,47000,0.118334667044026,80,0.0468190814555951
"1444","FIU_Estuaries","Upper Chatham River",644,159,16857.7987421384,1500,41700,0.701209349005459,644,2.77390224976472e-06
"1445","FIU_Estuaries","Useppa Island",63.3333333333333,117,33891.8803418803,22440,38710,0.088689122664152,NA,0.335806397633063
"1446","FIU_Estuaries","Watson River Chickee",470,191,15191.5706806283,800,34700,0.549812225998116,470,2.03661314417279e-06
"1447","FIU_Estuaries","West Arsenicker",206.25,180,31704.1111111111,15500,41090,0.16142527536906,206.25,0.000139324028040332
"1448","FIU_Estuaries","West Marker 18",318.571428571429,191,11858.4816753927,2300,34860,0.56508031899323,318.571428571429,3.35180748108409e-07
"1449","FIU_Estuaries","West Marker 34",398,191,17277.9057591623,2000,34480,0.445032827382221,398,3.4077578503333e-06
"1450","FIU_Estuaries","West Pass",371.428571428571,166,NA,NA,NA,NA,371.428571428571,1.39947879435679e-06
"1451","FIU_Estuaries","Whipray Basin",83.3333333333333,219,35906.0730593607,19900,56000,0.20440758769702,NA,0.321956403491533
"1452","FIU_Estuaries","White Horse Key",351.666666666667,168,31111.25,6600,40400,0.190352666964725,351.666666666667,1.44975337498912e-06
"1453","FIU_Estuaries","Wigging Pass",NA,10,27929,1170,38330,0.52828596481492,NA,NA
"1454","FIU_Estuaries","Wiggins Pass",322,106,25830.8490566038,10,38480,0.427312620457188,NA,0.115627439936166
"1455","FIU_WQMP","200-W",NA,62,35.9994064516129,34.34,36.64,0.015375909326885,NA,NA
"1456","FIU_WQMP","201-W",NA,31,35.9725612903226,33.65,37.28,0.028971562077438,NA,NA
"1457","FIU_WQMP","203-W",NA,31,35.9664193548387,34.12,36.57,0.0166744597800079,NA,NA
"1458","FIU_WQMP","204-W",NA,32,36.087825,33.88,37.34,0.028515602879086,NA,NA
"1459","FIU_WQMP","206-W",NA,32,35.985259375,34.17,36.55,0.0153728977837154,NA,NA
"1460","FIU_WQMP","207-W",NA,31,35.8487161290323,34.102,37.34,0.0269811610222882,NA,NA
"1461","FIU_WQMP","209-W",NA,30,36.65631,33.8,39.37,0.0336167889644033,NA,NA
"1462","FIU_WQMP","210-W",NA,31,35.9759290322581,34.22,36.55,0.0148818477136699,NA,NA
"1463","FIU_WQMP","211-W",NA,29,35.8190551724138,30.82,37.48,0.0399737661113737,NA,NA
"1464","FIU_WQMP","212-W",NA,31,35.965664516129,33.14,36.92,0.0247510379896921,NA,NA
"1465","FIU_WQMP","213-W",NA,57,35.9704175438596,34.22,36.63,0.0150823441602046,NA,NA
"1466","FIU_WQMP","214-W",NA,31,35.9413419354839,32.75,38.26,0.0383884136547249,NA,NA
"1467","FIU_WQMP","215-W",NA,31,35.9082870967742,33.3,37.29,0.0297799677205663,NA,NA
"1468","FIU_WQMP","216-W",NA,31,36.0214096774194,34.49,36.6,0.0139621696258712,NA,NA
"1469","FIU_WQMP","217-W",NA,31,35.8990612903226,32.33,37.92,0.0384545077722898,NA,NA
"1470","FIU_WQMP","218-W",NA,29,35.9992620689655,34.44,36.64,0.0163639717359589,NA,NA
"1471","FIU_WQMP","219-W",NA,30,35.9655733333333,33.51,36.55,0.0167199817502247,NA,NA
"1472","FIU_WQMP","220-W",NA,31,36.0137870967742,33.7898,37.28,0.0291503642671776,NA,NA
"1473","FIU_WQMP","222-W",NA,31,35.9994870967742,33.65,36.56,0.0159879647067698,NA,NA
"1474","FIU_WQMP","223-W",NA,31,36.0627451612903,33.9,38.82,0.0292144802885913,NA,NA
"1475","FIU_WQMP","224-W",NA,61,35.9823016393443,34.15,36.71,0.0163784970551531,NA,NA
"1476","FIU_WQMP","225-W",NA,31,35.9962290322581,33.79,36.57,0.0154593668595077,NA,NA
"1477","FIU_WQMP","226-W",NA,30,36.17914,33.833,37.85,0.0316102236646558,NA,NA
"1478","FIU_WQMP","227-W",NA,29,36.0216586206897,34.3262,37.01,0.0196190144771408,NA,NA
"1479","FIU_WQMP","228-W",NA,31,36.0174870967742,34.1,36.62,0.0141386996508589,NA,NA
"1480","FIU_WQMP","229-W",NA,31,36.1049096774194,29.84,38.23,0.0451305641695016,NA,NA
"1481","FIU_WQMP","230-W",NA,29,35.9516896551724,32.67,37.24,0.0276685738877695,NA,NA
"1482","FIU_WQMP","231-W",NA,30,36.0404566666667,34.2,36.61,0.0138664707408643,NA,NA
"1483","FIU_WQMP","232-W",NA,30,35.7897033333333,31.28,37.63,0.0363433836542093,NA,NA
"1484","FIU_WQMP","235-W",NA,30,35.9636566666667,32,38.05,0.0394466785608646,NA,NA
"1485","FIU_WQMP","237-W",NA,61,35.9991606557377,34.4,36.69,0.0146650182448194,NA,NA
"1486","FIU_WQMP","238-W",NA,31,36.1980935483871,32.42,38.68,0.0394176808228537,NA,NA
"1487","FIU_WQMP","239-W",NA,31,36.0370774193548,34.76,36.88,0.0157804214064982,NA,NA
"1488","FIU_WQMP","241-W",NA,30,35.90674,31.8,37.86,0.0406770629507307,NA,NA
"1489","FIU_WQMP","242-W",NA,31,35.9415806451613,31.78,37.69,0.0355160814853369,NA,NA
"1490","FIU_WQMP","243-W",NA,31,35.9312483870968,33.87,36.65,0.0199727495053259,NA,NA
"1491","FIU_WQMP","244-W",NA,31,36.1167709677419,32.62,39.04,0.0400221468745137,NA,NA
"1492","FIU_WQMP","246-W",NA,31,35.9423838709677,34.27,36.65,0.0172389178500482,NA,NA
"1493","FIU_WQMP","247-W",NA,31,36.0170838709677,33.44,38.06,0.0320317528138049,NA,NA
"1494","FIU_WQMP","248-W",NA,31,36.0064161290323,34.27,36.89,0.0170938899131988,NA,NA
"1495","FIU_WQMP","249-W",NA,60,36.0040966666667,34.33,36.84,0.0164109574206179,NA,NA
"1496","FIU_WQMP","250-W",NA,31,36.1667129032258,32.1,38.3607,0.0352378956929763,NA,NA
"1497","FIU_WQMP","252-W",NA,31,35.9616806451613,34.41,36.66,0.0154979375388931,NA,NA
"1498","FIU_WQMP","253-W",NA,33,36.1357,33.9,37.47,0.0226187403721058,NA,NA
"1499","FIU_WQMP","254-W",NA,31,36.0337903225806,33.56,37.24,0.0251986389672685,NA,NA
"1500","FIU_WQMP","255-W",NA,31,35.9956548387097,34.4,36.98,0.0192233943341749,NA,NA
"1501","FIU_WQMP","256-W",NA,30,35.93665,33.7057,36.88,0.0194019766899335,NA,NA
"1502","FIU_WQMP","259-W",NA,61,35.9777213114754,34.0864,36.72,0.0171150596089515,NA,NA
"1503","FIU_WQMP","260-W",NA,31,36.2974903225806,33.6,38.79,0.0287879338295729,NA,NA
"1504","FIU_WQMP","263-W",NA,31,35.9530903225806,34.1259,36.6,0.0179502012074264,NA,NA
"1505","FIU_WQMP","264-W",NA,31,36.0239451612903,34.04,36.63,0.0141361470170327,NA,NA
"1506","FIU_WQMP","266-W",NA,31,36.3409935483871,33.94,38.78,0.031612534813837,NA,NA
"1507","FIU_WQMP","267-W",NA,62,35.9895338709677,34.0051,36.72,0.0170452527904678,NA,NA
"1508","FIU_WQMP","268-W",NA,31,36.1837258064516,33.57,37.61,0.0268697433340132,NA,NA
"1509","FIU_WQMP","269-W",NA,31,36.1755967741936,34.3766,37.77,0.0188595938176478,NA,NA
"1510","FIU_WQMP","270-W",NA,31,36.050135483871,33.8291,36.79,0.0175867645936325,NA,NA
"1511","FIU_WQMP","271-W",NA,31,36.0377258064516,34.04,37.24,0.0228050756387454,NA,NA
"1512","FIU_WQMP","272-W",NA,31,36.0284064516129,34.38,37.46,0.0183012234968198,NA,NA
"1513","FIU_WQMP","273-W",NA,31,36.0233096774194,33.5499,36.68,0.0180869513539225,NA,NA
"1514","FIU_WQMP","275-W",NA,31,36.0440903225806,34.29,37.42,0.0189213236185972,NA,NA
"1515","FIU_WQMP","276-W",NA,31,36.075035483871,34.29,36.84,0.015379747080542,NA,NA
"1516","FIU_WQMP","278-W",NA,62,36.0387677419355,34.52,37.16,0.0175461648735579,NA,NA
"1517","FIU_WQMP","280-W",NA,30,36.0976766666667,34.45,36.69,0.0152690868024723,NA,NA
"1518","FIU_WQMP","281-W",NA,31,36.1110870967742,34.64,37.09,0.0162171573828134,NA,NA
"1519","FIU_WQMP","282-W",NA,29,36.4930655172414,29.93,40.2231,0.061466993963828,NA,NA
"1520","FIU_WQMP","284-W",NA,30,35.9009,28.63,40.36,0.075639952322072,NA,NA
"1521","FIU_WQMP","285-W",NA,31,36.5252580645161,32.35,40.2957,0.0428131704570912,NA,NA
"1522","FIU_WQMP","287-W",NA,31,36.1011129032258,29.64,40.61,0.0667652933244154,NA,NA
"1523","FIU_WQMP","288-W",NA,31,36.0460064516129,30.93,39.02,0.05267619886243,NA,NA
"1524","FIU_WQMP","289-W",NA,30,36.2772033333333,29.51,39.2962,0.0524200914572747,NA,NA
"1525","FIU_WQMP","290-W",NA,31,35.7344258064516,32.33,37.8528,0.0383071319258559,NA,NA
"1526","FIU_WQMP","291-W",NA,60,36.2114833333333,30.55,39.52,0.0469077765474032,NA,NA
"1527","FIU_WQMP","292-W",NA,31,36.4770096774194,30.72,39.0714,0.0499464074124216,NA,NA
"1528","FIU_WQMP","294-W",NA,31,36.1857580645161,30.17,39.81,0.0541252724879398,NA,NA
"1529","FIU_WQMP","295-W",NA,32,36.094253125,33.45,38.34,0.0267074685896909,NA,NA
"1530","FIU_WQMP","296-W",NA,61,36.1389672131148,33.32,38.73,0.0310061251045765,NA,NA
"1531","FIU_WQMP","298-W",NA,2,36.72,35.86,37.58,0.0331215594673437,NA,NA
"1532","FIU_WQMP","301-W",NA,31,36.1997451612903,33.78,38.15,0.0312093392120515,NA,NA
"1533","FIU_WQMP","302-W",NA,31,36.0219322580645,33.88,37.63,0.0228084793808082,NA,NA
"1534","FIU_WQMP","305-W",NA,31,36.0139838709677,33.93,37.55,0.023443790296953,NA,NA
"1535","FIU_WQMP","307-W",NA,31,36.1197193548387,31.99,37.99,0.0325798331009648,NA,NA
"1536","FIU_WQMP","309-W",NA,31,36.0365612903226,34.2,37.59,0.0215793358271992,NA,NA
"1537","FIU_WQMP","310-W",NA,70,36.4879657142857,32.44,38.21,0.0307453324930562,NA,NA
"1538","FIU_WQMP","312-W",NA,32,35.95655625,34.13,37.21,0.0196054182005487,NA,NA
"1539","FIU_WQMP","314-W",NA,31,36.1469935483871,31.85,38.26,0.035591730754966,NA,NA
"1540","FIU_WQMP","315-W",NA,31,36.0124225806452,34.18,37.99,0.0220689164002553,NA,NA
"1541","FIU_WQMP","316-W",NA,32,36.235884375,34.53,37.58,0.0229143299405069,NA,NA
"1542","FIU_WQMP","317-W",NA,31,36.38,34.54,39.05,0.0262838585010754,NA,NA
"1543","FIU_WQMP","318-W",NA,30,35.9377466666667,34.17,37.26,0.0197432612883246,NA,NA
"1544","FIU_WQMP","319-W",NA,31,36.0223483870968,34.67,37.06,0.0158317976493976,NA,NA
"1545","FIU_WQMP","322-W",NA,31,36.0570258064516,34.638,36.72,0.0158056750807528,NA,NA
"1546","FIU_WQMP","324-W",NA,31,35.9755451612903,31.8259,37.1,0.0257815281328498,NA,NA
"1547","FIU_WQMP","325-W",NA,62,36.2502483870968,34.9577,37.54,0.016534609758836,NA,NA
"1548","FIU_WQMP","328-W",NA,31,36.0777677419355,34.6355,36.55,0.013348321774133,NA,NA
"1549","FIU_WQMP","330-W",NA,31,36.0400483870968,34.9767,36.69,0.0133969140733736,NA,NA
"1550","FIU_WQMP","332-W",NA,31,36.1019225806452,34.58,36.66,0.0139526028913606,NA,NA
"1551","FIU_WQMP","333-W",NA,30,36.0889033333333,34.9447,36.63,0.0128415143732732,NA,NA
"1552","FIU_WQMP","335-W",NA,31,36.1034903225806,34.8057,36.59,0.0128888960147205,NA,NA
"1553","FIU_WQMP","337-W",NA,30,36.07807,34.65,36.57,0.013427100741968,NA,NA
"1554","FIU_WQMP","400-W",NA,31,36.021964516129,33.78,36.59,0.0157984313755137,NA,NA
"1555","FIU_WQMP","401-W",NA,31,36.0436032258065,34.39,36.92,0.016343722726045,NA,NA
"1556","FIU_WQMP","402-W",NA,31,36.0962870967742,34.39,37.04,0.0154284261797001,NA,NA
"1557","FIU_WQMP","403-W",NA,30,36.0926,33.4364,36.92,0.0187038438048505,NA,NA
"1558","FIU_WQMP","500-W",NA,30,35.84387,30.15,38,0.0553263164764408,NA,NA
"1559","FIU_WQMP","501-W",NA,38,34.9194342105263,23.3,44.16,0.124812902780355,NA,NA
"1560","FIU_WQMP","502-W",NA,35,35.9775,27.93,38.65,0.0517910733266544,NA,NA
"1561","FIU_WQMP","503-W",NA,37,36.8218594594595,32.69,40.81,0.053784846671984,NA,NA
"1562","FIU_WQMP","504-W",NA,32,35.97364375,32.8,38.24,0.0407087929270147,NA,NA
"1563","FIU_WQMP","505-W",NA,31,36.2711193548387,32.77,38.31,0.0343106013575611,NA,NA
"1564","FIU_WQMP","506-W",NA,32,36.565009375,30.29,39.11,0.0453381328790698,NA,NA
"1565","FIU_WQMP","507-W",NA,34,36.4945058823529,28.73,39.52,0.0567669646927431,NA,NA
"1566","FIU_WQMP","508-W",NA,33,36.336896969697,32.87,38.7,0.0331323277619705,NA,NA
"1567","FIU_WQMP","509-W",NA,9,36.4381777777778,35.01,37.33,0.01918545137934,NA,NA
"1568","MiamiBeach","#1",NA,1,37.6,37.6,37.6,NA,NA,NA
"1569","MiamiBeach","#10",NA,1,34.4,34.4,34.4,NA,NA,NA
"1570","MiamiBeach","#11",NA,1,34,34,34,NA,NA,NA
"1571","MiamiBeach","#12",NA,1,35.4,35.4,35.4,NA,NA,NA
"1572","MiamiBeach","#13",NA,1,35.6,35.6,35.6,NA,NA,NA
"1573","MiamiBeach","#14",NA,1,37.1,37.1,37.1,NA,NA,NA
"1574","MiamiBeach","#15",NA,1,37,37,37,NA,NA,NA
"1575","MiamiBeach","#16",NA,1,35.8,35.8,35.8,NA,NA,NA
"1576","MiamiBeach","#17",NA,1,34.9,34.9,34.9,NA,NA,NA
"1577","MiamiBeach","#18",NA,1,36.5,36.5,36.5,NA,NA,NA
"1578","MiamiBeach","#19",NA,1,36.3,36.3,36.3,NA,NA,NA
"1579","MiamiBeach","#2",NA,1,37.5,37.5,37.5,NA,NA,NA
"1580","MiamiBeach","#20",NA,1,37.4,37.4,37.4,NA,NA,NA
"1581","MiamiBeach","#21",NA,1,37,37,37,NA,NA,NA
"1582","MiamiBeach","#22",NA,1,37.2,37.2,37.2,NA,NA,NA
"1583","MiamiBeach","#23",NA,1,37.5,37.5,37.5,NA,NA,NA
"1584","MiamiBeach","#24",NA,1,37.7,37.7,37.7,NA,NA,NA
"1585","MiamiBeach","#3",NA,1,37.8,37.8,37.8,NA,NA,NA
"1586","MiamiBeach","#3A",NA,1,9.5,9.5,9.5,NA,NA,NA
"1587","MiamiBeach","#3B",NA,1,37.7,37.7,37.7,NA,NA,NA
"1588","MiamiBeach","#4",NA,1,37.7,37.7,37.7,NA,NA,NA
"1589","MiamiBeach","#5",NA,1,35.9,35.9,35.9,NA,NA,NA
"1590","MiamiBeach","#6",NA,1,35.1,35.1,35.1,NA,NA,NA
"1591","MiamiBeach","#7",NA,1,35.2,35.2,35.2,NA,NA,NA
"1592","MiamiBeach","#8",NA,1,34.1,34.1,34.1,NA,NA,NA
"1593","MiamiBeach","#9",NA,1,34,34,34,NA,NA,NA
"1594","MiamiBeach","1",NA,11,33.0545454545455,29.1,36.7,0.0782187114582104,NA,NA
"1595","MiamiBeach","10",NA,11,31.5545454545455,13.7,37.8,0.218486848946757,NA,NA
"1596","MiamiBeach","11",NA,11,32.9363636363636,25.2,37.3,0.120365742048384,NA,NA
"1597","MiamiBeach","12",NA,11,32.4181818181818,23,36.4,0.123840307853107,NA,NA
"1598","MiamiBeach","13",NA,11,32.4181818181818,23.9,35.8,0.110514699920797,NA,NA
"1599","MiamiBeach","14",NA,11,32.2545454545455,26,36.8,0.0988746771535856,NA,NA
"1600","MiamiBeach","15",NA,11,32.3545454545455,25.3,36.2,0.0982098414461468,NA,NA
"1601","MiamiBeach","16",NA,55,30.2254545454545,19.2,40,0.143408324504063,NA,NA
"1602","MiamiBeach","17",NA,90,29.0622222222222,7,37.5,0.193371999377566,NA,NA
"1603","MiamiBeach","18",NA,56,29.6946428571429,7,39.2,0.183776787700087,NA,NA
"1604","MiamiBeach","19",NA,91,29.3692307692308,14.2,39.1,0.187753556590528,NA,NA
"1605","MiamiBeach","2",NA,51,31.8450980392157,19,40.3,0.125507995386319,NA,NA
"1606","MiamiBeach","20",NA,11,32.8545454545455,27.5,36.2,0.0804643640907411,NA,NA
"1607","MiamiBeach","21",NA,50,31.406,21.1,39.7,0.136421317841761,NA,NA
"1608","MiamiBeach","22",NA,86,31.1790697674419,16.5,39.6,0.150913548343672,NA,NA
"1609","MiamiBeach","23",NA,52,31.4692307692308,20.9,40,0.141745238615598,NA,NA
"1610","MiamiBeach","24",NA,51,31.5647058823529,21.1,39.9,0.142891743052166,NA,NA
"1611","MiamiBeach","25",NA,50,31.638,7,39.9,0.18276122504412,NA,NA
"1612","MiamiBeach","26",NA,52,31.8346153846154,21,39.6,0.137187068839138,NA,NA
"1613","MiamiBeach","27",NA,52,32.0576923076923,22.4,39.6,0.133326861412285,NA,NA
"1614","MiamiBeach","28",NA,52,32.0769230769231,22.5,39.9,0.132761603311408,NA,NA
"1615","MiamiBeach","29",NA,52,31.7346153846154,20.6,39.7,0.148027498759328,NA,NA
"1616","MiamiBeach","3",NA,11,32.5181818181818,27.1,35.6,0.0801303431532483,NA,NA
"1617","MiamiBeach","30",NA,52,32.1903846153846,21.7,40.5,0.139542329967636,NA,NA
"1618","MiamiBeach","31",NA,52,32.2,21.1,38.4,0.133771710812308,NA,NA
"1619","MiamiBeach","32",NA,52,31.9461538461538,20.8,39.3,0.14039199166661,NA,NA
"1620","MiamiBeach","33",NA,52,30.9711538461538,7,40.1,0.189951624442529,NA,NA
"1621","MiamiBeach","34",NA,87,31.4873563218391,15.7,40.2,0.159220077328768,NA,NA
"1622","MiamiBeach","35",NA,52,31.6173076923077,20.2,39.5,0.161893012266348,NA,NA
"1623","MiamiBeach","36",NA,52,32.1788461538462,20.2,40,0.142730113112831,NA,NA
"1624","MiamiBeach","37",NA,52,49.3019230769231,7,933,2.53735392216696,NA,NA
"1625","MiamiBeach","38",NA,88,32.0102272727273,13.1,39.7,0.169210673161075,NA,NA
"1626","MiamiBeach","39",NA,51,33.2607843137255,21.7,39.9,0.142934612201588,NA,NA
"1627","MiamiBeach","3A",NA,16,20.59375,8.4,32.6,0.396249689850985,NA,NA
"1628","MiamiBeach","3B",NA,9,32.5444444444444,28.1,36,0.0868432613638708,NA,NA
"1629","MiamiBeach","3b",NA,1,32.5,32.5,32.5,NA,NA,NA
"1630","MiamiBeach","4",NA,88,30.2852272727273,15.4,39.7,0.180481195258597,NA,NA
"1631","MiamiBeach","40",NA,51,33.1254901960784,21.2,39.6,0.14021495584332,NA,NA
"1632","MiamiBeach","41",NA,11,36.6454545454545,34.4,38.9,0.0419811174757849,NA,NA
"1633","MiamiBeach","42",NA,66,30.7772727272727,17.8,40.3,0.166870236789933,NA,NA
"1634","MiamiBeach","45",NA,28,30.7392857142857,21.9,41.1,0.164730357333846,NA,NA
"1635","MiamiBeach","46",NA,63,31.9904761904762,19.9,40.7,0.165262568249606,NA,NA
"1636","MiamiBeach","47",NA,64,31.8921875,19.1,40.2,0.16829642430854,NA,NA
"1637","MiamiBeach","48",NA,28,31.4321428571429,23,40.1,0.171493014590842,NA,NA
"1638","MiamiBeach","5",NA,11,32.2454545454545,23.5,36.3,0.117054752759214,NA,NA
"1639","MiamiBeach","52",NA,64,31.321875,16.9,40,0.175518685289373,NA,NA
"1640","MiamiBeach","54",NA,63,31.2206349206349,17.6,40.1,0.165234050835605,NA,NA
"1641","MiamiBeach","56",NA,60,31.85,16.6,40.2,0.15496612002338,NA,NA
"1642","MiamiBeach","59",NA,26,31.5,7,48.9,0.240276988057895,NA,NA
"1643","MiamiBeach","6",NA,11,32.0545454545455,22.6,36.1,0.130642550727796,NA,NA
"1644","MiamiBeach","60",NA,60,31.4716666666667,7,40.4,0.179752052789549,NA,NA
"1645","MiamiBeach","61",NA,21,30.2,18.3,44.7,0.208225232542111,NA,NA
"1646","MiamiBeach","62",NA,22,29.2454545454545,20.3,40.1,0.186712221278452,NA,NA
"1647","MiamiBeach","63",NA,57,30.2789473684211,16,39.7,0.188527454276905,NA,NA
"1648","MiamiBeach","64",NA,6,28.5166666666667,25,35.1,0.122151068654794,NA,NA
"1649","MiamiBeach","66",NA,36,28.0694444444444,14.8,36.6,0.21781371987842,NA,NA
"1650","MiamiBeach","67",NA,37,28.2,14.8,37.6,0.229623430024378,NA,NA
"1651","MiamiBeach","68",NA,37,27.5081081081081,7,38.2,0.27722841452936,NA,NA
"1652","MiamiBeach","69",NA,37,27.6405405405405,10.8,38.1,0.262500898618676,NA,NA
"1653","MiamiBeach","7",NA,11,32.3,25,36.6,0.11113645538626,NA,NA
"1654","MiamiBeach","70",NA,37,27.9648648648649,14.3,38.2,0.265234797360306,NA,NA
"1655","MiamiBeach","71",NA,37,28.0513513513514,10.9,37.7,0.265165489165384,NA,NA
"1656","MiamiBeach","74",NA,36,18.1444444444444,7,37,0.527567217527738,NA,NA
"1657","MiamiBeach","78",NA,36,8.50277777777778,7,28.7,0.597857062377206,NA,NA
"1658","MiamiBeach","79",NA,22,7.55,7,19.1,0.341685916278528,NA,NA
"1659","MiamiBeach","8",NA,11,32.4,25,36.2,0.119345111342192,NA,NA
"1660","MiamiBeach","81",NA,14,31.7571428571429,25.4,35.2,0.0944484796899697,NA,NA
"1661","MiamiBeach","82",NA,15,33.5466666666667,28,38.1,0.090939879109737,NA,NA
"1662","MiamiBeach","83",NA,7,31.4285714285714,28.2,34.3,0.07163719042747,NA,NA
"1663","MiamiBeach","84",NA,12,14.5416666666667,7,35.9,0.732408062426947,NA,NA
"1664","MiamiBeach","9",NA,88,29.8409090909091,14.9,39.2,0.185061465449057,NA,NA
"1665","PALMBEACH","10",NA,3,34.5833333333333,33.22,35.3,0.0341551794172966,NA,NA
"1666","PALMBEACH","11",NA,200,NA,NA,NA,NA,NA,NA
"1667","PALMBEACH","12A",NA,1,NA,NA,NA,NA,NA,NA
"1668","PALMBEACH","13",NA,200,27.1257,0.63,38.3,0.282860750946157,NA,NA
"1669","PALMBEACH","14",NA,2,37.125,35.91,38.34,0.0462833529503923,NA,NA
"1670","PALMBEACH","15",NA,1,NA,NA,NA,NA,NA,NA
"1671","PALMBEACH","16",NA,1,NA,NA,NA,NA,NA,NA
"1672","PALMBEACH","18A",NA,6,28.955,13.3,35.28,0.293435324961478,NA,NA
"1673","PALMBEACH","18C",NA,194,24.139381443299,4.74,36.9,0.378167079969015,NA,NA
"1674","PALMBEACH","18D",NA,183,26.715956284153,7.6,36.12,0.269607673868519,NA,NA
"1675","PALMBEACH","22",NA,1,NA,NA,NA,NA,NA,NA
"1676","PALMBEACH","24",NA,1,NA,NA,NA,NA,NA,NA
"1677","PALMBEACH","28A",NA,5,31.516,23.75,35.81,0.15584389268232,NA,NA
"1678","PALMBEACH","31D",NA,3,30.03,23.99,34.17,0.178133703007602,NA,NA
"1679","SFER","1",-0.020555555555555,56,35.5856785714286,33.649,36.83,0.0257037426578282,NA,0.674674495195161
"1680","SFER","10",-0.0427321428571427,66,36.1431212121212,31.181,39.04,0.0445156686936894,NA,0.167735872202607
"1681","SFER","11",-0.0414285714285713,55,35.9834363636364,33.529,37.523,0.021164806276937,NA,0.157644985790459
"1682","SFER","12",-0.0211111111111109,108,36.1273332407407,34.683,36.8,0.0117332575857667,-0.0211111111111109,0.0282640380800754
"1683","SFER","13",-0.0391250000000039,54,35.9909259259259,33.81,37.753,0.023919133987306,NA,0.423224983602085
"1684","SFER","14",-0.0367500000000005,55,36.0709090909091,34.8,37.23,0.0159263056779235,NA,0.0662176492328776
"1685","SFER","15",-0.0218333333333334,57,36.0428245614035,34.756,37,0.0131362054516616,NA,0.139500657093764
"1686","SFER","15.5",-0.0280714285714281,59,35.9812372881356,34.694,36.79,0.0129408132508765,-0.0280714285714281,0.0070249809158272
"1687","SFER","16",0.00700000000000145,79,36.4026329113924,33.12,39.34,0.0294481782806353,NA,0.828898609670046
"1688","SFER","17",0.00369444444444472,58,35.9136206896552,32.825,37.26,0.0206727167046392,NA,0.842285461162321
"1689","SFER","18",-0.0155,114,36.1299921052632,34.733,38.4,0.0128200379186891,-0.0155,0.0135463065320903
"1690","SFER","19",0.0110000000000001,56,36.1461785714286,27.58,37.899,0.0404748695824861,NA,0.437439461708604
"1691","SFER","2",-0.0181607142857146,85,35.9940552941176,34.109,36.69,0.0128784442558499,NA,0.0952359126101399
"1692","SFER","20",-0.0250000000000021,56,36.027125,33.53,37.44,0.018998398848261,NA,0.398102716351208
"1693","SFER","21.25",NA,1,35.646,35.646,35.646,NA,NA,NA
"1694","SFER","21.5",-0.0100238095238092,66,36.018853030303,33.66,36.936,0.0137845802182642,NA,0.516738511839528
"1695","SFER","21LK",-0.00564285714285702,116,36.1152206896552,34.34,36.73,0.0116177510711481,NA,0.261611002802847
"1696","SFER","22",-0.00883333333333347,60,36.0265233333333,33.841,37.06,0.0141134547447821,NA,0.451184644969068
"1697","SFER","22.5",-0.00740000000000052,55,35.9940727272727,33.815,37.06,0.0147314293263169,NA,0.7279872563906
"1698","SFER","23",0.00154166666666574,57,36.0481929824561,34.517,37.32,0.0151120642962418,NA,0.893139972048618
"1699","SFER","24",-0.055475,59,36.0912186440678,29.6,38.411,0.0310433218267406,-0.055475,0.0102878473338364
"1700","SFER","3",-0.0221249999999995,62,35.9808064516129,34.404,36.81,0.0131192506750151,NA,0.052644366156978
"1701","SFER","30",0.0415000000000001,111,36.09709,34.244,36.843,0.0116771868771684,0.0415000000000001,3.82206442369535e-05
"1702","SFER","30.5",0.0603333333333336,54,35.8523703703704,34.217,37.09,0.0152736226965478,0.0603333333333336,0.0112535989475706
"1703","SFER","31",0.0910416666666668,105,35.8953457142857,32.978,38.824,0.0201001331877976,0.0910416666666668,2.36170741564123e-06
"1704","SFER","32",0.0801666666666666,58,35.1257413793103,32.68,37.357,0.0245663605377014,0.0801666666666666,0.0406533367970022
"1705","SFER","33",0.04575,104,NA,NA,NA,NA,NA,0.134873201431393
"1706","SFER","34",0.0945,57,34.4471052631579,30.095,37.27,0.0361775727854126,0.0945,0.040446229475932
"1707","SFER","39",0.0666666666666664,49,31.6615306122449,22.97,37.674,0.11747986916117,NA,0.627625805028359
"1708","SFER","4",-0.037729166666667,44,36.0060681818182,33.633,37.674,0.0297286288125528,NA,0.307100788837352
"1709","SFER","40",0.077375,52,33.5273269230769,22.638,37.74,0.0796412141985758,NA,0.325290149687488
"1710","SFER","41",0.0805125000000001,69,34.535515942029,28.934,37.321,0.0425549328393084,NA,0.0734014833370035
"1711","SFER","42",0.0881666666666661,56,35.3988928571429,32.501,37.999,0.0249215975554226,0.0881666666666661,0.00466544966458208
"1712","SFER","45",0.055625,88,35.3651931818182,31.68,38.262,0.0284640988702115,NA,0.0569771123301486
"1713","SFER","46",0.0577571428571428,56,34.9010178571429,29.602,37.63,0.036942304526275,NA,0.297535182066992
"1714","SFER","47",0.0330000000000017,66,34.5140303030303,28.504,37.318,0.0472965426253177,NA,0.783344403003509
"1715","SFER","48",0.0212499999999993,55,33.7739818181818,27.988,37.9,0.0579986512844685,NA,0.77491063438901
"1716","SFER","49",-0.119999999999999,55,33.0487327272727,24.22,37.296,0.0686388998454986,NA,0.186929318047462
"1717","SFER","5",-0.00597619047619144,44,36.0728636363636,33.91,37.152,0.018153497162554,NA,0.780595555697327
"1718","SFER","5.5",-0.0135714285714294,45,35.9386666666667,34.173,36.78,0.0156659254736547,NA,0.391752233309442
"1719","SFER","50",0.00687499999999996,54,35.0469814814815,29.354,37.585,0.040643170147405,NA,0.770295070119198
"1720","SFER","51",0.0190833333333315,69,34.7451434782609,28.11,37.43,0.0433240737076969,NA,0.879051869380043
"1721","SFER","52",-0.0289999999999994,54,33.6698333333333,28.717,37.71,0.0617516969347398,NA,0.770295070119198
"1722","SFER","53",-0.0238,51,33.0408039215686,28.775,36.852,0.0600680933133063,NA,0.873448622378478
"1723","SFER","54",0,69,32.1786956521739,21.904,37.267,0.0902179682621821,NA,1
"1724","SFER","55",-0.110499999999999,71,33.6920422535211,27.129,37.353,0.0686202103257417,NA,0.223264879564599
"1725","SFER","56",-0.111708333333334,74,34.4269864864865,28.463,37.739,0.0610537046419048,NA,0.365410274993323
"1726","SFER","57",-0.129687499999999,79,34.9637215189873,29.996,37.736,0.0508283653345904,NA,0.0919957822814461
"1727","SFER","57.1",-0.0250000000000004,100,35.52853,31.583,37.837,0.0334722584098838,NA,0.43474652027954
"1728","SFER","57.2",0.0284095238095232,115,35.8328139130435,33.374,38.057,0.0217241023754799,NA,0.0653061494831955
"1729","SFER","57.3",0.0737142857142855,124,NA,NA,NA,NA,0.0737142857142855,7.45441431562733e-05
"1730","SFER","58",0.123333333333335,95,35.9446947368421,30.89,37.26,0.022058503587087,0.123333333333335,4.86682805193059e-06
"1731","SFER","59",0.0774285714285706,58,35.8200862068966,33.827,37.926,0.0243521364226232,NA,0.163819465640536
"1732","SFER","6",-0.0277499999999993,49,35.9640204081633,34.485,36.74,0.0133304782900768,NA,0.234702477955161
"1733","SFER","6.5",-0.0138500000000001,51,35.9744705882353,34.248,36.73,0.0128362012732902,NA,0.130643288020475
"1734","SFER","60",0.0355714285714284,83,35.5069409638554,30.943,37.679,0.0441012413786109,NA,0.594786131986768
"1735","SFER","61",0.0365000000000002,56,35.1105178571429,29.589,38.348,0.0546166151409804,NA,0.518174224317191
"1736","SFER","62",0.0248392857142859,56,34.9164285714286,28.972,38.558,0.0612121142973062,NA,0.942764402687651
"1737","SFER","63",-0.100486111111111,54,34.6759537037037,28.118,38.74,0.073952606684827,NA,0.19315872097255
"1738","SFER","64",-0.0862936507936508,48,34.3349375,27.785,39.2,0.0939416225641286,NA,0.65769547128154
"1739","SFER","65",-0.0244375000000001,51,35.0073529411765,28.11,39.919,0.0897412748100371,NA,0.868384819490504
"1740","SFER","66",-0.0594166666666665,52,34.9212307692308,28.637,38.47,0.0765058262910817,NA,0.573530845775549
"1741","SFER","67",-0.0225000000000009,53,35.3308490566038,30.11,38.33,0.0621982471063041,NA,1
"1742","SFER","68",0.0183749999999998,57,36.1167789473684,31.24,39.883,0.045520969490788,NA,0.891338414022658
"1743","SFER","69",-0.105333333333333,42,35.906,31.83,38.902,0.049672141798895,NA,0.157708381352552
"1744","SFER","7",0.0106250000000002,63,36.123746031746,33.658,38.77,0.0260989740677549,NA,0.698169015391444
"1745","SFER","70",-0.0802500000000002,42,35.7373095238095,31.685,38.814,0.0540242988591735,NA,0.231905845279396
"1746","SFER","71",NA,1,32.976,32.976,32.976,NA,NA,NA
"1747","SFER","8",-0.00225000000000009,57,36.0470526315789,34.11,37.03,0.0161595296478649,NA,0.946457551493275
"1748","SFER","9",-0.021571428571428,117,36.1310521367521,34.593,37.694,0.0126666451426982,-0.021571428571428,0.0226752694782936
"1749","SFER","9.5",-0.00649999999999906,142,36.1300777464789,34.52,37.181,0.0114215534895618,NA,0.4499799838187
"1750","SFER","9.6",NA,5,35.7546,34.18,36.531,0.0267886500465077,NA,NA
"1751","SFER","9.7",NA,5,35.721,33.458,36.496,0.0358358002797253,NA,NA
"1752","SFER","9.8",NA,4,36.18625,35.286,36.857,0.0185095361121915,NA,NA
"1753","SFER","AC1",NA,1,33.384,33.384,33.384,NA,NA,NA
"1754","SFER","AC2",NA,2,34.4245,34.418,34.431,0.000267030404375482,NA,NA
"1755","SFER","AC3",NA,2,34.705,34.705,34.705,0,NA,NA
"1756","SFER","AC4",NA,2,35.2145,35.052,35.377,0.00652599650387284,NA,NA
"1757","SFER","AC5",NA,2,35.85,35.439,36.261,0.0162131596690472,NA,NA
"1758","SFER","AC6",NA,2,36.551,36.532,36.57,0.00073513878375671,NA,NA
"1759","SFER","AMI1",0.231749999999998,48,34.9314166666667,33.152,36.737,0.0297870174781395,NA,0.173273023819226
"1760","SFER","AMI2",0.183249999999999,53,35.2645094339623,34.023,36.99,0.0211373903765904,NA,0.141092811138199
"1761","SFER","AMI3",0.0914999999999999,54,35.6657037037037,34.386,36.965,0.0165686485496428,NA,0.823063273758121
"1762","SFER","AMI4",0.126249999999999,51,36.0314901960784,34.97,37.04,0.0134333440172619,0.126249999999999,0.00944872399107563
"1763","SFER","AMI5",0.154249999999998,52,36.1877884615385,34.749,37.02,0.0111261436702124,0.154249999999998,0.0202405705770775
"1764","SFER","AMI6",0.151,52,36.2106730769231,33.855,37.976,0.0149321939930387,0.151,0.00280791586599783
"1765","SFER","AMI7",0.0700000000000003,54,36.2393703703704,35.632,37.136,0.00833559542857272,0.0700000000000003,0.000171462981493174
"1766","SFER","AMI8",0.106999999999999,54,36.2238148148148,35.194,36.647,0.00771254916868144,0.106999999999999,0.000328049338097063
"1767","SFER","AMI9",0.0952499999999983,55,36.2433818181818,35.728,36.824,0.00658707848887243,0.0952499999999983,0.000540425623640702
"1768","SFER","BG1",-0.350499999999998,47,34.0332765957447,28.795,37.025,0.0516908347623543,NA,0.241510879956183
"1769","SFER","BG10",NA,7,36.4535714285714,36.391,36.474,0.000799598621488233,NA,NA
"1770","SFER","BG11",NA,8,36.4995,36.448,36.567,0.00142828535598182,NA,NA
"1771","SFER","BG12",NA,10,36.5059,36.378,36.621,0.00239051012155896,NA,NA
"1772","SFER","BG13",NA,13,36.4772846153846,36.258,36.602,0.00323021328874635,NA,NA
"1773","SFER","BG14",NA,9,36.3341111111111,35.73,36.608,0.00769517188135815,NA,NA
"1774","SFER","BG15",NA,13,36.317,35.86,36.611,0.00697835984229016,NA,NA
"1775","SFER","BG16",NA,11,36.3660909090909,35.836,36.682,0.00744380854193466,NA,NA
"1776","SFER","BG17",NA,15,36.3679333333333,35.818,36.878,0.0109420657074034,NA,NA
"1777","SFER","BG18",NA,11,36.0233636363636,34.911,36.8,0.0198334020060411,NA,NA
"1778","SFER","BG2",0.0286250000000008,59,34.9958474576271,32.262,37.223,0.029747608706338,NA,0.651739591650563
"1779","SFER","BG20",NA,14,35.7997142857143,34.911,36.841,0.0209103844118276,NA,NA
"1780","SFER","BG3",0.22025,61,35.3893770491803,25.247,37.75,0.0479611156978181,NA,0.114671982744332
"1781","SFER","BG4",0.121200000000001,63,35.9762698412698,33.716,37.142,0.0157431067429533,NA,0.122778503380314
"1782","SFER","BG6",-0.0425000000000004,23,36.4107826086957,35.783,36.902,0.00646240835569538,NA,0.629485854316783
"1783","SFER","BG7",0.020500000000002,27,36.3968888888889,35.95,36.749,0.0052793591942734,NA,0.715144755176674
"1784","SFER","BG8",NA,6,36.5123333333333,36.467,36.553,0.00120253827881591,NA,NA
"1785","SFER","BG9",NA,6,36.4628333333333,36.41,36.48,0.000738632452334685,NA,NA
"1786","SFER","BK1",NA,2,34.9765,34.936,35.017,0.00163754661776085,NA,NA
"1787","SFER","CAL1",0.1748,46,33.3453260869565,27.567,35.739,0.0472084748937259,NA,0.428719934855163
"1788","SFER","CAL2",0.1325,68,34.7036573529412,29.528,36.81,0.0332681159941488,NA,0.333701504042935
"1789","SFER","CAL3",0.146000000000001,68,35.1338308823529,31.724,37.74,0.0280124136590462,NA,0.116691268005243
"1790","SFER","CAL4",0.24,69,35.5587333333333,33.977,37.643,0.0211074323420765,0.24,0.0137736552032532
"1791","SFER","CAL5",0.222375,69,35.8315753623188,34.55,37.446,0.017368694295698,0.222375,8.30012524227129e-05
"1792","SFER","CAL6",0.0469999999999997,60,36.2097166666667,35.493,37.024,0.0092025048369755,NA,0.0675698473494874
"1793","SFER","CAL7",NA,2,35.513,35.504,35.522,0.000358401770094285,NA,NA
"1794","SFER","CAL8",NA,2,35.3041,35.2932,35.315,0.000436632794204242,NA,NA
"1795","SFER","CALA",NA,2,36.302,36.258,36.346,0.00171410381644019,NA,NA
"1796","SFER","CK1",NA,1,35.425,35.425,35.425,NA,NA,NA
"1797","SFER","CK2",NA,1,35.98,35.98,35.98,NA,NA,NA
"1798","SFER","CW1",-0.875999999999998,23,34.6198260869565,32.49,37.16,0.0375249456919825,NA,0.270643389249703
"1799","SFER","CW2",-0.433500000000002,32,35.0081625,32.872,36.87,0.032115839534038,NA,0.150962319760252
"1800","SFER","CW3",0.0978999999999999,37,35.0928891891892,33.21,36.778,0.0244888027093162,NA,0.391325991087438
"1801","SFER","CW4",-0.552499999999998,32,35.636290625,33.98,36.745,0.021056941980667,NA,0.148634710747773
"1802","SFER","CW5",-0.140500000000003,23,35.9442608695652,34.96,36.981,0.0175277982456505,NA,1
"1803","SFER","CW6",-0.141999999999996,23,36.3005652173913,34.855,36.903,0.0141073829552357,NA,0.312321421676216
"1804","SFER","CW7",-0.130499999999998,21,36.4828952380952,35.142,37.008,0.00966095478160699,NA,0.196197662912661
"1805","SFER","Caseyhole",NA,2,35.89,35.89,35.89,0,NA,NA
"1806","SFER","EB1",NA,2,34.648,34.648,34.648,0,NA,NA
"1807","SFER","EB2",NA,2,35.776,35.775,35.777,3.95296724724626e-05,NA,NA
"1808","SFER","EH07",NA,2,35.749,35.507,35.991,0.00957340574825283,NA,NA
"1809","SFER","EH08",NA,2,36.103,36.096,36.11,0.000274201449647224,NA,NA
"1810","SFER","EKIN",-0.0250000000000009,53,35.9933962264151,33.937,37.64,0.0212973099442415,NA,0.19121126861476
"1811","SFER","EKMID",-0.00222916666666591,55,36.0120363636364,33.948,36.84,0.0142942554051,NA,0.944632298173748
"1812","SFER","EKOFF",-0.00424999999999927,55,36.0268,34.154,36.869,0.0135723483325612,NA,0.626866227153611
"1813","SFER","GP1",NA,8,34.645225,33.326,35.92,0.0254170464382876,NA,NA
"1814","SFER","GP1.5",NA,2,34.449,34.443,34.455,0.000246314301554149,NA,NA
"1815","SFER","GP2",NA,8,34.6998375,33.899,35.74,0.0191678396535034,NA,NA
"1816","SFER","GP3",NA,8,35.0713,34.24,36.12,0.0165971108117072,NA,NA
"1817","SFER","GP4",NA,8,35.7675,35.206,36.21,0.0117062254096381,NA,NA
"1818","SFER","GP5",0.1012,73,36.1191643835616,35.36,37.018,0.00972517662769596,0.1012,0.000241236852273218
"1819","SFER","GS",NA,2,36.3275,36.156,36.499,0.00667641940532622,NA,NA
"1820","SFER","Glider",NA,4,35.77275,35.389,36.177,0.0117424746687342,NA,NA
"1821","SFER","HB1",NA,1,34.386,34.386,34.386,NA,NA,NA
"1822","SFER","HB2",NA,2,34.6825,34.681,34.684,6.11639975076688e-05,NA,NA
"1823","SFER","HB3",NA,2,35.134,35.129,35.139,0.000201259970736867,NA,NA
"1824","SFER","HB4",NA,2,35.2895,35.289,35.29,2.00373136821122e-05,NA,NA
"1825","SFER","HB5",NA,2,35.5255,35.524,35.527,5.97126104786625e-05,NA,NA
"1826","SFER","HB6",NA,2,36.218,36.217,36.219,3.90472572305159e-05,NA,NA
"1827","SFER","Junkpile",NA,2,35.4177,35.16,35.6754,0.0102898504144411,NA,NA
"1828","SFER","KW1",0.0157500000000006,67,36.0517119402985,34.642,37.272,0.0192484924942758,NA,0.868882683257554
"1829","SFER","KW2",0.0194000000000003,65,36.0529076923077,34.705,37.275,0.017601532416772,NA,0.339721973529385
"1830","SFER","KW3",0.028900000000003,34,36.0265882352941,34.84,37.2,0.0173532873374602,NA,0.677391601926277
"1831","SFER","KW4",0.00482499999999941,65,36.2167861538462,35.375,36.97,0.0121276227605786,NA,0.871006805961642
"1832","SFER","L1",-1.0335,18,35.3263888888889,33.144,36.934,0.0304797693692043,NA,0.0552342537180638
"1833","SFER","L3",-0.581,18,36.0472777777778,35.393,36.826,0.0136161685887434,NA,0.0552342537180638
"1834","SFER","L5",-0.178999999999998,18,36.2885277777778,35.338,36.652,0.00850653586255117,NA,0.0552342537180638
"1835","SFER","L7",0.0165000000000006,18,36.3914444444444,35.772,36.62,0.00551317223607453,NA,1
"1836","SFER","L9",-0.0069999999999979,21,36.3203333333333,35.652,36.601,0.00707500664399448,NA,1
"1837","SFER","M01",NA,1,35.78,35.78,35.78,NA,NA,NA
"1838","SFER","M02",NA,1,35.59,35.59,35.59,NA,NA,NA
"1839","SFER","M03",NA,1,35.61,35.61,35.61,NA,NA,NA
"1840","SFER","M04",NA,1,35.55,35.55,35.55,NA,NA,NA
"1841","SFER","M05",NA,1,35.02,35.02,35.02,NA,NA,NA
"1842","SFER","MR",-0.0180000000000007,113,36.1154318584071,34.455,36.56,0.0107652891838538,NA,0.0648699532932302
"1843","SFER","Mudhole",NA,2,35.54,35.54,35.54,0,NA,NA
"1844","SFER","NaplesBlueHole",NA,2,35.89,35.89,35.89,0,NA,NA
"1845","SFER","PLUME",NA,3,35.427,34.79,36.397,0.0240970316226094,NA,NA
"1846","SFER","ROME4",-0.882999999999999,22,35.4996318181818,33.489,36.793,0.0242284111070504,NA,0.0567468164893814
"1847","SFER","ROME5",-1.2305,22,35.0237727272727,32.158,36.8,0.0406001089357755,NA,0.0567468164893814
"1848","SFER","RP1",0.088600000000001,52,34.6493461538462,32.328,37.765,0.0288043610683167,NA,0.553290505321183
"1849","SFER","RP2",0.13775,68,34.9665794117647,32.552,36.92,0.0250630585396971,NA,0.320056377956713
"1850","SFER","RP3",0.117400000000001,70,35.4183614285714,33.165,37.286,0.0211932256463893,NA,0.107588370981126
"1851","SFER","RP4",0.137950000000001,70,35.7322471428571,32.26,37.192,0.0232239489781,0.137950000000001,0.00695293071923543
"1852","SFER","RedTide",NA,2,35.9428,35.53,36.3556,0.0162421224430933,NA,NA
"1853","SFER","TB1",0.193025000000001,51,34.4742058823529,31.711,36.954,0.0341815677760863,NA,0.191240150697562
"1854","SFER","TB1 ",NA,1,33.755,33.755,33.755,NA,NA,NA
"1855","SFER","TB10",0.132999999999999,54,36.2295555555556,35.32,36.893,0.00913969222881063,0.132999999999999,0.000661823274521713
"1856","SFER","TB11",NA,6,35.669,35.33,36.24,0.00872661577318558,NA,NA
"1857","SFER","TB12",NA,3,36.02,35.5,36.28,0.012502310104606,NA,NA
"1858","SFER","TB13",NA,4,36.13,35.66,36.37,0.00908181544594503,NA,NA
"1859","SFER","TB2",0.219999999999999,60,35.0372583333333,32.757,36.898,0.025641294850608,0.219999999999999,0.00999646565694253
"1860","SFER","TB3",0.223500000000001,61,35.413868852459,33.746,37.016,0.0200978655956847,0.223500000000001,0.00441604284118232
"1861","SFER","TB4",0.1845,60,35.9331616666667,34.768,37.052,0.0147709234932672,0.1845,0.0163823527737059
"1862","SFER","TB5",0.215250000000001,59,36.1791779661017,34.84,37.721,0.0137686131406905,0.215250000000001,0.000189601420968625
"1863","SFER","TB6",NA,3,33.5672,31.487,35.08,0.055485416891479,NA,NA
"1864","SFER","TB7",NA,4,33.949575,32.424,35.0433,0.0372032986829061,NA,NA
"1865","SFER","TB8",NA,4,34.724575,33.458,35.66,0.0293265512803156,NA,NA
"1866","SFER","TB9",NA,5,34.61258,34.08,35.2579,0.0137769982645628,NA,NA
"1867","SFER","TBA",NA,2,35.6695,35.607,35.732,0.00247798112248051,NA,NA
"1868","SFER","TBB",NA,2,36.019,35.996,36.042,0.000903048722468162,NA,NA
"1869","SFER","TBC",NA,2,36.084,36.083,36.085,3.91922614559035e-05,NA,NA
"1870","SFER","UKIN",-0.0244999999999997,54,35.9901666666667,33.831,37.294,0.0225537541153531,NA,0.394959668275866
"1871","SFER","UKMID",-0.00314285714285692,54,36.0034259259259,34.146,36.729,0.0148329087081891,NA,0.776753356794
"1872","SFER","UKOFF",-0.00935416666666648,55,36.0234363636364,34.558,36.72,0.0125468135886312,NA,0.441208519505878
"1873","SFER","V1",0.200166666666667,57,34.8249122807018,33.174,37.222,0.0309962539456137,0.200166666666667,0.0297001870871016
"1874","SFER","V10",NA,3,36.01,35.48,36.3,0.0127651707132033,NA,NA
"1875","SFER","V11",NA,4,36.0625,35.28,36.37,0.0145809289152296,NA,NA
"1876","SFER","V2",0.269708333333333,61,35.2045081967213,33.64,36.988,0.0237285551376809,0.269708333333333,0.00620484752197762
"1877","SFER","V3",0.22925,59,35.5882033898305,34.362,36.968,0.0190921004159408,0.22925,0.00020281398698796
"1878","SFER","V4",0.264366666666667,62,35.7402419354839,34.389,37.372,0.0186945787748287,0.264366666666667,0.001361997691188
"1879","SFER","V5",0.195999999999999,59,36.0050847457627,34.489,37.259,0.0152657667005479,0.195999999999999,0.00150398796902821
"1880","SFER","V6",0.165999999999997,63,36.1068412698413,34.457,37.189,0.0124000787521209,0.165999999999997,0.000281516560225451
"1881","SFER","V7",0.0666000000000011,67,36.0657910447761,26.24,37.099,0.0348967476958559,0.0666000000000011,0.00695652535539447
"1882","SFER","V8",0.0561666666666684,60,36.2257166666667,35.585,36.861,0.00759626296681653,0.0561666666666684,0.00260504487249318
"1883","SFER","V9",0.0328000000000003,67,36.2221791044776,35.6,36.77,0.00714254421708637,0.0328000000000003,0.0010246876840447
"1884","SFER","WS",-0.0190000000000003,114,36.1423421052632,34.619,37.072,0.0114677174353409,-0.0190000000000003,0.0250663000574848
"1885","SFER","Z03027",NA,1,31.1,31.1,31.1,NA,NA,NA
"1886","SFER","Z03076",NA,2,35.47505,34.57,36.3801,0.0360798359586743,NA,NA
"1887","SFER","Z03116",NA,2,36.02255,36.0033,36.0418,0.000755738032862233,NA,NA
"1888","SFER","Z03146",NA,2,35.45475,34.86,36.0495,0.0237232956436415,NA,NA
"1889","SFER","Z03198",NA,2,34.6092,33.25,35.9684,0.0555401186383249,NA,NA
"1890","SFER","Z04067",NA,4,35.0851,33.89,35.8304,0.0257819357636668,NA,NA
"1891","SFER","Z04068",NA,3,34.8553666666667,34.08,35.6561,0.0226179270311231,NA,NA
"1892","SFER","Z04093",NA,1,36.3,36.3,36.3,NA,NA,NA
"1893","SFER","Z04099",NA,2,35.4397,34.69,36.1894,0.0299166163288942,NA,NA
"1894","SFER","Z04110",NA,2,35.208,34.96,35.456,0.00996151339094891,NA,NA
"1895","SFER","Z04610",NA,2,36.07345,36.0169,36.13,0.00221697056844301,NA,NA
