"","source","site","slope","n_values","mean","min","max","coefficient.of.variation","significant_slope","pvalue"
"1","BBAP","BB14",NA,60,27.4396666666667,17.606,33.944,0.152858635344283,NA,NA
"2","BBAP","BH22",NA,43,26.9809534883721,21.468,32.045,0.127311811308,NA,NA
"3","BBAP","CWA2",NA,38,27.0688157894737,18.644,32.438,0.147318319926148,NA,NA
"4","BBAP","CWA4",NA,3,24.801,21.955,29.728,0.1727356621438,NA,NA
"5","BBAP","CWA5",NA,14,26.0775,21.565,32.076,0.128175100053806,NA,NA
"6","BBAP","DM00",NA,4,27.79625,20.545,33.789,0.218477491674596,NA,NA
"7","BBAP","DM08",NA,71,27.5197183098592,17.746,33.644,0.135667737534675,NA,NA
"8","BBAP","DM28",NA,2,25.2935,23.1,27.487,0.122643266019546,NA,NA
"9","BBAP","FK01",NA,1,31.283,31.283,31.283,NA,NA,NA
"10","BBAP","JFK03",NA,53,27.9124905660377,18.128,34.688,0.139780844945411,NA,NA
"11","BBAP","JT29",NA,1,28.887,28.887,28.887,NA,NA,NA
"12","BBAP","JT61",NA,35,27.4256571428571,18.431,32.408,0.123339283428292,NA,NA
"13","BBAP","JT66",NA,56,26.8439642857143,17.183,33.04,0.158913756249568,NA,NA
"14","BBAP","JT71",NA,58,27.044224137931,17.299,33.391,0.159151394803064,NA,NA
"15","BBAP","LR03",NA,70,27.2468142857143,19.366,32.564,0.106596432695948,NA,NA
"16","BBAP","LR05",NA,2,29.8155,29.399,30.232,0.0197554945826296,NA,NA
"17","BBAP","LR06",NA,2,28.7115,28.454,28.969,0.0126834192679265,NA,NA
"18","BBAP","LRNSP",NA,1,27.249,27.249,27.249,NA,NA,NA
"19","BBAP","LRSC",NA,1,31.258,31.258,31.258,NA,NA,NA
"20","BBAP","LRSP",NA,2,27.4465,27.091,27.802,0.01831756039654,NA,NA
"21","BBAP","LRUP",NA,2,28.335,27.228,29.442,0.05525090571897,NA,NA
"22","BBAP","MRDC",NA,1,28.744,28.744,28.744,NA,NA,NA
"23","BBAP","MRDW",NA,1,23.221,23.221,23.221,NA,NA,NA
"24","BBAP","MRMO",NA,1,22.851,22.851,22.851,NA,NA,NA
"25","BBAP","MRRB",NA,8,26.13675,22.832,29.422,0.102917697630871,NA,NA
"26","BBAP","MRSC",NA,39,26.6193076923077,20.05,30.94,0.099354818045328,NA,NA
"27","BBAP","RB1A",NA,22,27.5842727272727,21.134,32.448,0.116695807273977,NA,NA
"28","BBAP","VR01",NA,54,26.9189444444444,17.516,32.644,0.152434370360837,NA,NA
"29","BBAP","VR11",NA,32,27.80171875,19,32.449,0.122555416692938,NA,NA
"30","BBAP","VS01",NA,2,28.321,27.943,28.699,0.0188754890920882,NA,NA
"31","BBAP","WQ01",NA,3,28.739,26.257,32.985,0.128557949457033,NA,NA
"32","BBAP","WQ02",NA,2,31.6145,31.502,31.727,0.00503247009337406,NA,NA
"33","BBAP","WQ04",NA,3,29.5333333333333,26.136,31.508,0.100059620747284,NA,NA
"34","BBWW","AN01",-0.516666666666667,25,26.906,21.35,32.5,0.10953635240029,NA,0.651998473940926
"35","BBWW","AN02",-0.150000000000002,25,27.57,22.4,31.2,0.0961417793326983,NA,0.367070024098675
"36","BBWW","AN03",-0.4,25,27.44,22.4,31.45,0.0976598192118194,NA,0.651998473940926
"37","BBWW","BB15",0.424999999999999,16,28.240625,19.7,33.55,0.149270632900714,NA,0.53382942174414
"38","BBWW","BB16",0,13,28.1153846153846,20.4,31.9,0.130699023213917,NA,1
"39","BBWW","BB27",0.537500000000001,15,27.0966666666667,22.35,31.35,0.108469911273554,NA,1
"40","BBWW","BB32",0,20,25.88,18.75,30.5,0.117290023238722,NA,1
"41","BBWW","BB36",-0.525,13,26.4153846153846,20.85,31.2,0.137567200529225,NA,0.520050527304795
"42","BBWW","BB54",-0.924999999999999,16,28.3,22.95,34.05,0.116384481214675,NA,0.698535358303339
"43","BBWW","BB56",0.883333333333334,31,27.3096774193548,19.95,32.9,0.118258939119921,NA,0.0609186907797165
"44","BBWW","FLAB02",0.637499999999999,28,27.1863107142857,19.85,32.35,0.104910069383426,0.637499999999999,0.0494001879912037
"45","BROWARD","1",0.399999999999999,112,26.375,16.2,31.8,0.129546821029836,NA,1
"46","BROWARD","10",0.699999999999999,99,27.5806060606061,19.5,33.3,0.119797871261712,NA,0.454427302256834
"47","BROWARD","109",-0.899999999999999,25,26.104,17.7,32.4,0.147811988902818,NA,0.50931029171949
"48","BROWARD","11",-0.199999999999999,166,26.7302409638554,17.5,32,0.123852192455839,NA,0.868834672649431
"49","BROWARD","110",-0.0499999999999989,104,26.1899038461538,17,32.1,0.13568850222264,NA,1
"50","BROWARD","111",NA,96,27.4030208333333,19.2,33.5,0.123722977905011,NA,NA
"51","BROWARD","112",NA,98,27.1367346938775,19.9,33.1,0.123849992474986,NA,NA
"52","BROWARD","114",NA,34,25.9029411764706,19.3,31,0.136357476279426,NA,NA
"53","BROWARD","12",-0.599999999999998,106,26.3693396226415,17.3,31.7,0.133217768975564,NA,0.574819219822691
"54","BROWARD","120",NA,47,26.836170212766,19.9,31.8,0.115574323559092,NA,NA
"55","BROWARD","121",NA,80,27.426625,19.4,32.2,0.113510662015569,NA,NA
"56","BROWARD","122",NA,57,27.0528070175439,18.3,32.3,0.111141604905274,NA,NA
"57","BROWARD","123",NA,40,29.30975,19.6,36.8,0.119349720478924,NA,NA
"58","BROWARD","124",NA,82,26.5609756097561,21.3,30.8,0.096363255469249,NA,NA
"59","BROWARD","125",NA,40,28.22575,22.9,33.3,0.102190754759629,NA,NA
"60","BROWARD","126",NA,11,26.7281818181818,21.7,31,0.115655744224093,NA,NA
"61","BROWARD","127",NA,6,28.9333333333333,24.1,33.5,0.128181858641844,NA,NA
"62","BROWARD","128",NA,24,26.8833333333333,22.4,31.3,0.0923593506964558,NA,NA
"63","BROWARD","129",NA,24,27.3541666666667,21.9,32.2,0.0928975914803848,NA,NA
"64","BROWARD","13",-0.200000000000003,40,26.2925,17.6,31.2,0.134613718963109,NA,0.921144900113688
"65","BROWARD","14",-0.100000000000001,101,26.3670297029703,17.7,31.6,0.127797466993951,NA,1
"66","BROWARD","15",0,118,27.6625423728814,20.2,34,0.117227298163217,NA,1
"67","BROWARD","16",-0.199999999999999,106,27.0987735849057,17.8,32.4,0.115319553188232,NA,0.571084174246732
"68","BROWARD","17",-0.4,80,26.2375,17.3,32.1,0.128144886951275,NA,0.878910090469754
"69","BROWARD","18",-0.300000000000001,28,26.6285714285714,17.5,32.3,0.133931038158761,NA,0.813324065215697
"70","BROWARD","19",1.35,114,28.1994736842105,20.3,34.9,0.116655311341059,NA,0.0944886594328784
"71","BROWARD","2",-0.0999999999999979,100,26.0942,17.7,31.7,0.138707904492622,NA,1
"72","BROWARD","20",0.800000000000001,112,28.2348214285714,17.2,35.8,0.122719111089302,NA,0.642045312640927
"73","BROWARD","21",-0.300000000000001,55,25.4218181818182,16.6,31.2,0.149421704853199,NA,0.52880145929873
"74","BROWARD","22",-0.5,103,26.0184466019417,17,31.8,0.118742915157582,NA,1
"75","BROWARD","23",-0.300000000000001,147,25.4701360544218,16.2,31.8,0.124165527156669,NA,0.846992667868316
"76","BROWARD","24",-0.400000000000002,104,26.9028846153846,19.6,32,0.110186455884379,NA,0.633110595761821
"77","BROWARD","25",-0.200000000000003,100,27.0121,19.8,32,0.108526837053546,NA,0.808824058118458
"78","BROWARD","26",0.199999999999999,100,26.912,19.6,32,0.114648712580773,NA,0.902438272638583
"79","BROWARD","27",-0.300000000000001,84,25.6154761904762,18.6,31.1,0.135155253268681,NA,0.815521636495848
"80","BROWARD","28",0.199999999999999,104,26.1884615384615,19.5,32,0.113646478847059,NA,0.900609341506125
"81","BROWARD","29",-1.15,102,25.9740196078431,20.6,31.8,0.103283267958616,NA,0.716833527185296
"82","BROWARD","3",-0.149999999999999,108,25.9739814814815,17.3,31.7,0.138304223813984,NA,1
"83","BROWARD","31",0.5,106,25.7230188679245,19.8,32.4,0.0875006753681379,NA,0.905488265323137
"84","BROWARD","32",0.199999999999999,129,25.4883720930233,17.9,30.4,0.106571698297306,NA,0.92989966814157
"85","BROWARD","33",-0.100000000000001,124,26.4796774193548,19.2,31.7,0.121586764514708,NA,0.611902810769628
"86","BROWARD","34",0.15,100,26.73,20.9,32.2,0.104539788757523,NA,0.709992691806692
"87","BROWARD","35",0.300000000000001,167,26.9820359281437,20.8,32.5,0.117668153368708,NA,0.800203667614336
"88","BROWARD","36",-0.0999999999999979,102,27.1950980392157,18.3,33.1,0.134734786325681,NA,0.904439662623672
"89","BROWARD","37",0.299999999999999,104,27.3096153846154,19.8,32.8,0.126479122212417,NA,0.681033728495205
"90","BROWARD","38",0.5,104,27.1586538461538,21.2,32.4,0.103902587174266,NA,0.418439346020183
"91","BROWARD","39",0.350000000000001,93,27.3584946236559,21.4,32.3,0.108477347417323,NA,0.372714426839284
"92","BROWARD","4",0.600000000000001,185,26.4101621621622,17.4,32.8,0.145191812897021,NA,0.288804518147462
"93","BROWARD","40",0.199999999999999,167,27.0520958083832,20.8,32.3,0.111524292601526,NA,1
"94","BROWARD","41",-0.399999999999999,127,27.7014173228346,20.1,120,0.322620478571996,NA,0.943256006110307
"95","BROWARD","47",0.399999999999999,27,27.0111111111111,22.6,31.2,0.103101836269429,NA,0.472444698586656
"96","BROWARD","49",0.199999999999999,57,27.2840350877193,20.2,33,0.121751974586514,NA,0.877969606480048
"97","BROWARD","5",-0.300000000000001,94,27.0885106382979,19.3,32.6,0.127740166402042,NA,0.628675510338607
"98","BROWARD","6",-0.700000000000001,100,26.4725,17.9,32.3,0.141501658087112,NA,0.165991024353604
"99","BROWARD","64",NA,102,26.8019607843137,19.5,32,0.105799287704931,NA,NA
"100","BROWARD","7",-0.65,107,26.8414018691589,17.1,33.1,0.143367308315689,NA,0.146618847623273
"101","BROWARD","8",NA,81,26.6586419753086,19.2,32.5,0.140506186595116,NA,NA
"102","BROWARD","89",-0.0999999999999979,100,26.7819,15.7,32.8,0.147643979644734,NA,1
"103","BROWARD","90",-0.599999999999998,84,30.3892857142857,22.3,36.5,0.119400707850012,NA,0.906904352617013
"104","DERM_BBWQ","ABA1",NA,21,0.238095238095238,0,0.6,0.733212111192934,NA,NA
"105","DERM_BBWQ","ABA2",0.05,12,0.216666666666667,0,0.4,0.705011645377821,NA,1
"106","DERM_BBWQ","ABA3",NA,12,0.25,0,0.5,0.733608763702982,NA,NA
"107","DERM_BBWQ","ABA4",NA,12,0.241666666666667,0,0.5,0.69371843768314,NA,NA
"108","DERM_BBWQ","ABA5",NA,8,0.225,0,0.4,0.741798187018916,NA,NA
"109","DERM_BBWQ","ABA6",NA,14,0.3,0,0.6,0.691832695550361,NA,NA
"110","DERM_BBWQ","ABA7",0.05,18,0.305555555555556,0,0.8,0.748591287617574,NA,1
"111","DERM_BBWQ","ABA8",0.15,12,0.275,0,0.5,0.603022689155527,NA,0.698535358303339
"112","DERM_BBWQ","ABA9",NA,16,0.25,0,0.6,0.619677335393187,NA,NA
"113","DERM_BBWQ","ABB1",NA,12,0.325,0.1,0.6,0.588576934615407,NA,NA
"114","DERM_BBWQ","ABB2",NA,10,0.33,0,0.7,0.769932888895334,NA,NA
"115","DERM_BBWQ","ABB3",NA,22,0.340909090909091,0,0.7,0.813005398369395,NA,NA
"116","DERM_BBWQ","ABB4",NA,16,0.25625,0,0.6,0.697634881524633,NA,NA
"117","DERM_BBWQ","ABB5",0.05,6,0.483333333333333,0.1,0.9,0.811041520025768,NA,1
"118","DERM_BBWQ","ABB6",0,14,0.435714285714286,0,0.8,0.761762685444737,NA,1
"119","DERM_BBWQ","ABB7",NA,13,0.192307692307692,0,0.5,0.834745470188368,NA,NA
"120","DERM_BBWQ","ABB8",0.05,24,0.683333333333333,0,1.3,0.715190030598202,NA,0.772829992684448
"121","DERM_BBWQ","ABB9",0.15,27,0.57037037037037,0,1.1,0.794284956377466,NA,0.133086812925738
"122","DERM_BBWQ","ABC1",NA,15,0.58,0.1,1.1,0.785247015803369,NA,NA
"123","DERM_BBWQ","ABC2",-0.05,24,0.608333333333333,0.1,1.2,0.707317323630155,NA,0.802587348634153
"124","DERM_BBWQ","ABC3",NA,7,0.614285714285714,0,1.1,0.837639854836595,NA,NA
"125","DERM_BBWQ","ABC4",-0.15,23,0.660869565217391,0,1.3,0.740926606495232,NA,1
"126","DERM_BBWQ","ABC5",0.1,22,0.65,0,1.3,0.795521417161108,NA,1
"127","DERM_BBWQ","ABC6",0.05,18,0.638888888888889,0,1.2,0.77824872470485,NA,1
"128","DERM_BBWQ","ABC7",-0.05,24,0.725,0,1.3,0.710625699554914,NA,0.791970877658734
"129","DERM_BBWQ","ABC8",NA,12,0.775,0,2.1,0.889080692788714,NA,NA
"130","DERM_BBWQ","ABC9",NA,21,0.747619047619048,0,1.4,0.694536265403329,NA,NA
"131","DERM_BBWQ","ABD1",0,23,0.747826086956522,0,1.3,0.638597236914349,NA,1
"132","DERM_BBWQ","ABD2",0.1,22,0.681818181818182,0,1.2,0.713705584520439,NA,0.379142430563172
"133","DERM_BBWQ","ABD3",0.2,25,0.648,0,1.2,0.740258330568608,NA,0.698535358303339
"134","DERM_BBWQ","ABD4",NA,12,0.5,0,1,0.882146143324233,NA,NA
"135","DERM_BBWQ","ABD5",NA,23,0.765217391304348,0,1.3,0.696657557514288,NA,NA
"136","DERM_BBWQ","ABD6",NA,18,0.683333333333333,0,1.4,0.72261205166081,NA,NA
"137","DERM_BBWQ","ABD7",NA,14,0.692857142857143,0.1,1.3,0.739122332441762,NA,NA
"138","DERM_BBWQ","ABD8",NA,12,0.675,0.1,1.2,0.712246568234513,NA,NA
"139","DERM_BBWQ","ABD9",0.05,19,0.547368421052632,0,1.2,0.855535116348663,NA,0.811597509074705
"140","DERM_BBWQ","AC01",0.5,925,7.1931372996997,0,31.8,1.38604580793804,0.5,3.05360517723241e-08
"141","DERM_BBWQ","AC02",0.1,764,3.45202995928592,0,32.3119999999997,1.74403329859404,0.1,0.00143545418266458
"142","DERM_BBWQ","AC03",0.2,897,NA,NA,NA,NA,0.2,3.31790349768199e-08
"143","DERM_BBWQ","AC04",NA,47,0.427468085106383,0.1,0.968,0.660178773740095,NA,NA
"144","DERM_BBWQ","AC06",0.717,557,10.5475736334151,0,34.6,1.23977522336323,0.717,0.000424453065227298
"145","DERM_BBWQ","AC08E",NA,134,1.6195671641791,0.1,3.7,0.847100159707247,NA,NA
"146","DERM_BBWQ","AC08W",NA,101,0.588306930693069,0.1,1.502,0.794261003360088,NA,NA
"147","DERM_BBWQ","AC15",NA,2,0.4,0.1,0.7,1.06066017177982,NA,NA
"148","DERM_BBWQ","AR01",0,731,1.91571272229822,0,5.5,1.01767822383371,NA,0.237113906603444
"149","DERM_BBWQ","AR03",0.5,902,6.20085164448633,0,30.1,1.59370556151111,0.5,5.84453964981447e-07
"150","DERM_BBWQ","AR03A",NA,3,2.61,1,3.415,0.534214904250171,NA,NA
"151","DERM_BBWQ","BB01",0,482,4.34396887966805,0,13,1.24031863917354,NA,0.158615015736869
"152","DERM_BBWQ","BB01A",NA,38,27.9183040934503,21.3333333333333,32.5,0.129379192515112,NA,NA
"153","DERM_BBWQ","BB02",0.5,922,6.48644052663051,0,32.4,1.57096754070735,0.5,5.64290141543897e-11
"154","DERM_BBWQ","BB03",0,552,1.02010688405797,0,4.3,0.79469833057482,NA,0.0563482348433241
"155","DERM_BBWQ","BB04",0.559,925,6.63951035915676,0,32,1.52668575277309,0.559,6.83671609750916e-10
"156","DERM_BBWQ","BB05A",0.3,743,7.90118413788395,0,31.8888888888889,1.50471018086094,0.3,0.000240325396704558
"157","DERM_BBWQ","BB06",0,726,1.72131680440771,0,5.146,1.0003390711885,NA,0.20127675521407
"158","DERM_BBWQ","BB07",0,552,1.60081702898551,0,5,0.962336528062069,0,0.0440665378984373
"159","DERM_BBWQ","BB08",NA,161,26.7197533885438,17.6,32.704,0.125887570260788,NA,NA
"160","DERM_BBWQ","BB09",0.7,929,6.18255073556632,0,32,1.63248872346885,0.7,2.76544258466857e-10
"161","DERM_BBWQ","BB10",1,708,6.76213678594162,0,31.7,1.57738294696465,1,2.2703646251606e-15
"162","DERM_BBWQ","BB11",0.5,929,5.84776892835708,0,32.357,1.74880803750598,0.5,2.24146404672475e-10
"163","DERM_BBWQ","BB13",NA,5,30.38,29.1,31.7,0.036757456945737,NA,NA
"164","DERM_BBWQ","BB13A",NA,78,26.701740940119,20.3333333333333,32.9,0.12127339040094,NA,NA
"165","DERM_BBWQ","BB14",0.586,871,6.54562548665437,0,32.5,1.66022841698117,0.586,1.81129930639685e-16
"166","DERM_BBWQ","BB15",0.1,810,4.10320189987428,0,31.8,1.91216924594979,0.1,3.59254268708475e-05
"167","DERM_BBWQ","BB15A",NA,152,26.7971001086808,18.4,32.2999999999999,0.123815374121951,NA,NA
"168","DERM_BBWQ","BB16",0,733,1.76924420190996,0,5,1.00797911985014,NA,0.209650304837874
"169","DERM_BBWQ","BB17",0.5,919,5.88726591100756,0,31.8,1.74734200123655,0.5,9.99716828231325e-10
"170","DERM_BBWQ","BB18",1,710,6.90798785625889,0,32,1.52972159016406,1,2.63230242896538e-15
"171","DERM_BBWQ","BB19",0,729,2.56671193415638,0,7.4,1.09988654030475,NA,0.0628242626018893
"172","DERM_BBWQ","BB22",0.5,934,5.92237982274923,0,32,1.71208843561644,0.5,5.39899210833126e-12
"173","DERM_BBWQ","BB23",0.1,561,4.48898217468806,0,14.4,1.21904936956824,0.1,0.000252878290815273
"174","DERM_BBWQ","BB24",0.899999999999999,933,9.14927568536144,0,31.8,1.12159468856409,0.899999999999999,7.41885648885034e-11
"175","DERM_BBWQ","BB25",0.9,661,5.74469128377278,0,31.7,1.615876629195,0.9,7.29756599380927e-11
"176","DERM_BBWQ","BB26",0.4,858,5.09181484201502,0,32.03,1.83388891486143,0.4,1.57725888412151e-09
"177","DERM_BBWQ","BB27",0,732,1.52428142076503,0,3.936,0.948997018813059,NA,0.12138735204492
"178","DERM_BBWQ","BB28",0.3,833,5.39613274776577,0,31.8333333333333,1.57490804647013,0.3,1.26919790688097e-07
"179","DERM_BBWQ","BB29",0,561,1.41795008912656,0,3.7,0.903974700720008,0,0.0303272850709875
"180","DERM_BBWQ","BB31",0.5,927,6.01016738789199,0,32.2,1.61697710720322,0.5,1.54201605796644e-09
"181","DERM_BBWQ","BB32",0.2,838,4.76790649865553,0,32.4,1.78027410676625,0.2,4.58364070193835e-07
"182","DERM_BBWQ","BB34",0.5,935,5.824725875224,0,32.6,1.7200451663788,0.5,2.35794942068516e-10
"183","DERM_BBWQ","BB35",0,731,1.1122462380301,0,3.364,0.850332241432241,NA,0.0579877527000376
"184","DERM_BBWQ","BB36",0,743,1.21168236877524,0,3.3,0.879714783483326,NA,0.146935666372103
"185","DERM_BBWQ","BB37",0.428,923,5.6232434705706,0,33.2,1.76434393719968,0.428,4.14306224911155e-10
"186","DERM_BBWQ","BB38",0.7,932,6.00280450406295,0,32.5,1.62782845962023,0.7,6.73193980455551e-12
"187","DERM_BBWQ","BB39A",0.3,852,6.12716885069417,0,33.1111111111111,1.72535506598038,0.3,1.48097851303458e-05
"188","DERM_BBWQ","BB41",0.5,931,5.87057238572622,0,32.7777777777778,1.70830730981511,0.5,1.56979964149408e-11
"189","DERM_BBWQ","BB42",NA,171,0.961988304093567,0,3.8,0.870752811972086,NA,NA
"190","DERM_BBWQ","BB43",NA,177,1.96892655367232,0,7.1,1.07917940541908,NA,NA
"191","DERM_BBWQ","BB44",0,729,1.13610425240055,0,5.63,0.851758271934901,NA,0.0745180078191864
"192","DERM_BBWQ","BB45",0,728,1.14330906593407,0,3.4,0.848542817869937,NA,0.114098469402219
"193","DERM_BBWQ","BB46",NA,175,1.48171428571429,0,4.8,0.992918160228192,NA,NA
"194","DERM_BBWQ","BB47",0.5,926,6.01501210668141,0,32.9,1.64605444021786,0.5,5.8694040556464e-11
"195","DERM_BBWQ","BB48",0.5,883,5.57214746948282,0,33,1.74186083993511,0.5,2.63631600604631e-10
"196","DERM_BBWQ","BB50",0.4,927,5.9052436521539,0,33,1.67589965498158,0.4,6.11414486520745e-12
"197","DERM_BBWQ","BB51",0.36,932,5.50813563780758,0,33.2999999999997,1.82005501017211,0.36,3.26677866854632e-11
"198","DERM_BBWQ","BB52",0.1,468,2.01575427350427,0,30.4,3.01982176139807,0.1,0.00250184265758434
"199","DERM_BBWQ","BB53",0.1,428,1.67232242990654,0,32.5,3.47679951126142,0.1,0.024318595414971
"200","DERM_BBWQ","BB54",NA,464,1.16359267241379,0,5.87,0.992697727529554,NA,NA
"201","DERM_BBWQ","BB55",NA,135,1.18328148148148,0.1,2.577,0.747797383541167,NA,NA
"202","DERM_BBWQ","BB56",NA,302,1.04351324503311,0.1,2.708,0.821890738954913,NA,NA
"203","DERM_BBWQ","BBKB1",NA,106,26.4219710901887,16.5,32.4,0.14619025151317,NA,NA
"204","DERM_BBWQ","BBMB1",NA,174,26.8744491342821,18.8,32.1,0.114030335901739,NA,NA
"205","DERM_BBWQ","BBMB2",NA,152,26.8943867544178,16.9,32.3888888888889,0.133036349128453,NA,NA
"206","DERM_BBWQ","BBMB3",NA,159,26.6950337386119,17.1,32.5,0.144927321089523,NA,NA
"207","DERM_BBWQ","BBMB4",NA,152,26.9845225438403,16.8,32.65,0.136072484341646,NA,NA
"208","DERM_BBWQ","BBOR1",NA,94,26.4900717139243,18,32.5919999999998,0.138278113881129,NA,NA
"209","DERM_BBWQ","BBOR2",NA,93,26.5495091484144,17.5,32.9,0.139577743303197,NA,NA
"210","DERM_BBWQ","BBY1",NA,38,27.1199210526127,20.5,32.158,0.138411404913729,NA,NA
"211","DERM_BBWQ","BBY4",NA,40,26.5898000001111,19,32.8333333333333,0.155715401159807,NA,NA
"212","DERM_BBWQ","BD17",NA,71,0.747887323943662,0,2.6,0.786459966242429,NA,NA
"213","DERM_BBWQ","BISC101",NA,360,13.877343487642,0.1,33.0555555555556,0.959156704647323,NA,NA
"214","DERM_BBWQ","BISC102",NA,149,0.718436241610738,0.1,2.821,0.910311608221312,NA,NA
"215","DERM_BBWQ","BISC110",NA,147,0.807394557823129,0.1,2.402,0.970346355180975,NA,NA
"216","DERM_BBWQ","BISC121",NA,350,13.3733021968317,0.1,32.7999999999999,0.972626572478044,NA,NA
"217","DERM_BBWQ","BISC122",NA,355,13.5620829483318,0.1,32.9,0.967901101756169,NA,NA
"218","DERM_BBWQ","BISC123",NA,148,0.795128378378378,0.1,2.461,0.975186174661666,NA,NA
"219","DERM_BBWQ","BISC127",NA,351,13.7121770053814,0.1,33.0555555555556,0.940133953568479,NA,NA
"220","DERM_BBWQ","BISC128",NA,162,1.19474691358025,0.1,3.8,1.11656122691993,NA,NA
"221","DERM_BBWQ","BL01",0.3825,872,5.29658410805556,0,32.27778,1.74264013677103,0.3825,7.14772441220911e-08
"222","DERM_BBWQ","BL02",0.1,792,3.83372221661616,0,33,1.87459427815994,0.1,0.000170956184253419
"223","DERM_BBWQ","BL03",0.5,940,6.40089898935934,0,30.5,1.53354004851338,0.5,8.16136850904498e-08
"224","DERM_BBWQ","BL04",NA,40,26.4055057500556,21.2222222222222,29.05555556,0.0875835734435917,NA,NA
"225","DERM_BBWQ","BL05",NA,41,26.3844553660705,21.2222222222222,29,0.0841246096278542,NA,NA
"226","DERM_BBWQ","BL06",25.11111,236,17.5582932203296,0.1,30.83333,0.674788450932321,25.11111,1.9739664640678e-34
"227","DERM_BBWQ","BL12",0.4,931,5.4016312006206,0,30.5,1.77580472640938,0.4,4.14896391154924e-10
"228","DERM_BBWQ","BS01",0.5,925,6.77494578258258,0,32.6,1.48641972201868,0.5,1.3446538259572e-07
"229","DERM_BBWQ","BS03",NA,6,1.71666666666667,0.1,4.8,1.11346991481666,NA,NA
"230","DERM_BBWQ","BS04",0.5,933,NA,NA,NA,NA,0.5,7.35081088926489e-09
"231","DERM_BBWQ","BS07",23,344,13.5445227164018,0.1,32.11111,0.961586683839414,23,1.25179236958239e-15
"232","DERM_BBWQ","BS08",27.29,93,11.9401814337037,0.1,30.6,1.1037113371831,27.29,7.77787828416344e-14
"233","DERM_BBWQ","BS09",NA,40,26.7763722220556,20.6111111111111,30.632,0.117183891501891,NA,NA
"234","DERM_BBWQ","BS10",0.4,926,5.64790668107031,0,31.7,1.77105234457394,0.4,2.42610437514548e-09
"235","DERM_BBWQ","BS11",NA,168,26.7038650926257,19.889,37.8,0.114903302371783,NA,NA
"236","DERM_BBWQ","BSA1",0,15,1.07333333333333,0,2.3,0.832920346427906,NA,1
"237","DERM_BBWQ","BSA2",NA,3,1.16666666666667,0,2.3,0.986024795813566,NA,NA
"238","DERM_BBWQ","BSA3",0.0499999999999999,30,1.01333333333333,0,2.2,0.749199592002046,NA,0.875594724383905
"239","DERM_BBWQ","BSA4",NA,15,1.36666666666667,0.1,2.4,0.703824128004563,NA,NA
"240","DERM_BBWQ","BSA5",NA,27,1.23333333333333,0.1,2.8,0.776075074468598,NA,NA
"241","DERM_BBWQ","BSA6",-0.1,21,1.27619047619048,0,3.1,0.874986076966528,NA,0.63859207768502
"242","DERM_BBWQ","BSA7",NA,9,1.15555555555556,0,2.5,0.88157923788093,NA,NA
"243","DERM_BBWQ","BSA8",-0.1,24,1.20833333333333,0,2.6,0.82032799156907,NA,0.824778095082513
"244","DERM_BBWQ","BSA9",NA,9,1.31111111111111,0.1,2.8,0.877487026546897,NA,NA
"245","DERM_BBWQ","BSB1",-0.05,27,0.992592592592593,0,2.1,0.756462382375631,NA,0.875594724383905
"246","DERM_BBWQ","BSB2",NA,6,1.03333333333333,0.1,2,0.822675516350714,NA,NA
"247","DERM_BBWQ","BSB3",-0.1,18,1.12222222222222,0,2.4,0.7861308385603,NA,0.824778095082513
"248","DERM_BBWQ","BSB4",-0.1,33,0.966666666666667,0.1,2,0.708576640966708,NA,1
"249","DERM_BBWQ","BSB5",0,18,1.07222222222222,0.1,2.3,0.756875304660121,NA,1
"250","DERM_BBWQ","BSB6",NA,12,1.40833333333333,0,2.3,0.680700198414163,NA,NA
"251","DERM_BBWQ","BSB7",NA,18,1.04444444444444,0,2.2,0.738153044553576,NA,NA
"252","DERM_BBWQ","BSB8",0,15,1.13333333333333,0.1,2.3,0.773303318716859,NA,1
"253","DERM_BBWQ","BSB9",NA,9,1.12222222222222,0,2.5,0.884131251453696,NA,NA
"254","DERM_BBWQ","BSC1",NA,15,1.2,0.1,2.4,0.779830058817253,NA,NA
"255","DERM_BBWQ","BSC2",0,18,1.27222222222222,0.1,2.8,0.864757247076663,NA,1
"256","DERM_BBWQ","BSC3",NA,9,1.26666666666667,0.1,2.8,0.9044557292676,NA,NA
"257","DERM_BBWQ","BSC4",NA,15,1.43333333333333,0,2.6,0.710349969734943,NA,NA
"258","DERM_BBWQ","BSC5",NA,18,1.24444444444444,0,2.9,0.786477856628899,NA,NA
"259","DERM_BBWQ","BSC6",NA,24,1.25833333333333,0,2.8,0.828837835750585,NA,NA
"260","DERM_BBWQ","BSC7",0,27,1.33703703703704,0,3.1,0.877175786090185,NA,1
"261","DERM_BBWQ","BSC8",NA,3,1.23333333333333,0.1,2.6,1.02667134666068,NA,NA
"262","DERM_BBWQ","BSC9",-0.05,27,1.28148148148148,0,3,0.864102363775533,NA,1
"263","DERM_BBWQ","BSD1",NA,12,1.3,0.1,2.9,0.887423333102954,NA,NA
"264","DERM_BBWQ","BSD2",-0.05,24,1.35,0,3.2,0.890765598027456,NA,1
"265","DERM_BBWQ","BSD3",NA,18,1.37222222222222,0,2.9,0.870844572459209,NA,NA
"266","DERM_BBWQ","BSD4",0,24,1.32916666666667,0,3.1,0.873865537728249,NA,1
"267","DERM_BBWQ","BSD5",NA,9,1.3,0.1,2.8,0.881264556722277,NA,NA
"268","DERM_BBWQ","BSD6",NA,27,1.3,0,3.3,0.897069522283892,NA,NA
"269","DERM_BBWQ","BSD7",NA,15,1.33333333333333,0,3.1,0.94727051499106,NA,NA
"270","DERM_BBWQ","BSD8",0,9,1.27777777777778,0,2.8,0.908279496968018,NA,1
"271","DERM_BBWQ","BSD9",NA,18,1.33333333333333,0.1,2.9,0.887411967464942,NA,NA
"272","DERM_BBWQ","BSE1",NA,18,1.41666666666667,0,3.3,0.865626936903971,NA,NA
"273","DERM_BBWQ","BSE2",0,24,1.37916666666667,0,3.1,0.888799044029524,NA,1
"274","DERM_BBWQ","BSE3",NA,15,1.29333333333333,0,2.9,0.90992783352478,NA,NA
"275","DERM_BBWQ","BSE4",NA,12,1.4,0.1,3.3,0.916251944189976,NA,NA
"276","DERM_BBWQ","BSE5",NA,17,1.15294117647059,0.1,2.8,0.907154120014561,NA,NA
"277","DERM_BBWQ","BSE6",0.1,24,1.27083333333333,0,2.8,0.838713679735236,NA,0.531167836546014
"278","DERM_BBWQ","BSE7",NA,9,1.3,0,3,0.984344914774594,NA,NA
"279","DERM_BBWQ","BSE8",0,21,1.31428571428571,0,3.1,0.899077977613659,NA,0.852996544389482
"280","DERM_BBWQ","BSE9",NA,12,1.34166666666667,0.1,2.8,0.752394636099256,NA,NA
"281","DERM_BBWQ","BSF1",1.1,24,1.17083333333333,0,2.2,0.679307300469622,NA,0.642834826490804
"282","DERM_BBWQ","BSF2",0,27,1.09259259259259,0,2.2,0.77075807980844,NA,1
"283","DERM_BBWQ","BSF3",0,24,1.1125,0.1,2.3,0.793119055112726,NA,1
"284","DERM_BBWQ","BSF4",NA,12,1.06666666666667,0.1,2,0.693926574580547,NA,NA
"285","DERM_BBWQ","BSF5",NA,9,1.07777777777778,0.1,2.2,0.824387810428567,NA,NA
"286","DERM_BBWQ","BSF6",NA,15,1.11333333333333,0.1,2.4,0.817503912888269,NA,NA
"287","DERM_BBWQ","BSF7",NA,9,1.01111111111111,0.1,2,0.745776661045953,NA,NA
"288","DERM_BBWQ","BSF8",NA,15,1.09333333333333,0.1,2.6,0.793202054616356,NA,NA
"289","DERM_BBWQ","BSF9",NA,21,1.16190476190476,0,2.5,0.789965793809033,NA,NA
"290","DERM_BBWQ","BSG1",NA,18,1.21666666666667,0.1,2.5,0.761302307789601,NA,NA
"291","DERM_BBWQ","BSG2",NA,12,1.3,0,2.5,0.821968405869377,NA,NA
"292","DERM_BBWQ","BSG3",0.05,27,1.21111111111111,0,2.6,0.836520335640641,NA,0.896416967667313
"293","DERM_BBWQ","BSG4",NA,24,1.19166666666667,0.1,2.5,0.766678094030238,NA,NA
"294","DERM_BBWQ","BSG6",0,36,1.24166666666667,0,2.9,0.842123915162689,NA,1
"295","DERM_BBWQ","BSG7",0,18,1.16111111111111,0.1,2.5,0.784985836915413,NA,0.910363489699815
"296","DERM_BBWQ","BSG8",NA,3,1.2,0.1,2.6,1.06392877790031,NA,NA
"297","DERM_BBWQ","BSG9",NA,18,1.41111111111111,0.1,2.6,0.735615244636712,NA,NA
"298","DERM_BBWQ","BSH1",0,27,1.24074074074074,0.1,2.9,0.838858266568865,NA,0.873739441952744
"299","DERM_BBWQ","BSH2",NA,6,1.35,0.1,2.8,0.882383603114466,NA,NA
"300","DERM_BBWQ","BSH3",NA,3,1.2,0.1,2.5,1.01036297108185,NA,NA
"301","DERM_BBWQ","BSH4",0,24,1.275,0,2.9,0.880769631823485,NA,1
"302","DERM_BBWQ","BSH5",NA,18,1.49444444444444,0.1,2.7,0.735691616323818,NA,NA
"303","DERM_BBWQ","BSH6",0.1,12,1.3,0.1,2.5,0.801424229810248,NA,0.375825087488698
"304","DERM_BBWQ","BSH7",-0.1,21,1.2,0,2.8,0.821583836257749,NA,0.824778095082513
"305","DERM_BBWQ","BSH8",0,24,1.125,0.1,2.5,0.831892474161672,NA,1
"306","DERM_BBWQ","BSH9",NA,21,1.05714285714286,0.1,2.1,0.743979978837881,NA,NA
"307","DERM_BBWQ","BSI1",NA,6,1.3,0.1,2.8,0.945872378396271,NA,NA
"308","DERM_BBWQ","BSI2",NA,12,1.725,0,3.2,0.744086820463387,NA,NA
"309","DERM_BBWQ","BSI3",NA,12,1.33333333333333,0.1,3,0.920967870330892,NA,NA
"310","DERM_BBWQ","BSI4",0.1,21,1.4,0,3,0.805275969935215,NA,0.657905019428482
"311","DERM_BBWQ","BSI5",NA,15,1.25333333333333,0,2.8,0.89503388543801,NA,NA
"312","DERM_BBWQ","BSI6",0,24,1.19166666666667,0.1,2.8,0.832904620545238,NA,1
"313","DERM_BBWQ","BSI7",NA,15,1.28,0,2.8,0.837901356387322,NA,NA
"314","DERM_BBWQ","BSI8",0.0999999999999996,18,1.27222222222222,0.1,2.8,0.86559738385273,NA,0.824778095082513
"315","DERM_BBWQ","BSI9",0,30,1.08333333333333,0.1,2.4,0.76813715363769,NA,1
"316","DERM_BBWQ","BSJ1",NA,9,1.13333333333333,0.1,2.4,0.847472325542583,NA,NA
"317","DERM_BBWQ","BSJ2",NA,15,1.14666666666667,0.1,2.5,0.8133451689801,NA,NA
"318","DERM_BBWQ","BSJ3",0.1,18,1.17222222222222,0.1,2.5,0.814998913146641,NA,0.824778095082513
"319","DERM_BBWQ","BSJ4",-0.1,9,1.15555555555556,0.1,2.5,0.871970134626452,NA,0.824778095082513
"320","DERM_BBWQ","BSJ5",NA,18,1.30555555555556,0.1,2.6,0.703225901808598,NA,NA
"321","DERM_BBWQ","BSJ6",0.1,21,1.21428571428571,0.1,2.8,0.841164129897136,NA,0.794572348623279
"322","DERM_BBWQ","BSJ7",0.1,24,1.3125,0,2.7,0.816375824204308,NA,1
"323","DERM_BBWQ","BSJ8",0.1,18,1.06111111111111,0.1,2.2,0.703853806757451,NA,1
"324","DERM_BBWQ","BSJ9",NA,18,0.938888888888889,0,2,0.731684274584049,NA,NA
"325","DERM_BBWQ","BSK1",0,18,1.01666666666667,0.1,2.1,0.754580366688115,NA,0.894625809546728
"326","DERM_BBWQ","BSK2",0,15,1.09333333333333,0,2.3,0.823509415421177,NA,1
"327","DERM_BBWQ","BSK3",NA,18,1.1,0,2.3,0.807114692822498,NA,NA
"328","DERM_BBWQ","BSK4",NA,21,0.990476190476191,0.1,1.9,0.710976259184693,NA,NA
"329","DERM_BBWQ","BSK5",NA,24,1.10416666666667,0.1,2.3,0.7262387521275,NA,NA
"330","DERM_BBWQ","BSK6",NA,18,1.12777777777778,0.1,2.5,0.761436029571378,NA,NA
"331","DERM_BBWQ","BSK7",0,23,0.917391304347826,0,2.5,0.769834890473223,NA,0.808915443640156
"332","DERM_BBWQ","BSK8",NA,9,0.977777777777778,0,2,0.814622941728308,NA,NA
"333","DERM_BBWQ","BSK9",NA,9,1.03333333333333,0.1,2.2,0.803866825443685,NA,NA
"334","DERM_BBWQ","BSL1",NA,6,1.15,0.1,2.3,0.82996799992974,NA,NA
"335","DERM_BBWQ","BSL2",0,15,1.11333333333333,0,2.5,0.83631985939527,NA,1
"336","DERM_BBWQ","BSL3",0,12,1.11666666666667,0,2.3,0.83645062534262,NA,1
"337","DERM_BBWQ","BSL4",NA,18,1.04444444444444,0.1,2.2,0.783512836816871,NA,NA
"338","DERM_BBWQ","BSL5",NA,18,1.1,0.1,2.2,0.785750587901749,NA,NA
"339","DERM_BBWQ","BSL6",0.1,24,1.09583333333333,0,2.4,0.705563886764411,NA,0.515082278709643
"340","DERM_BBWQ","BSL7",1.5,18,1.22222222222222,0.1,2.5,0.715234594406941,NA,0.0636025696207536
"341","DERM_BBWQ","BSL8",NA,15,1.06,0,2.3,0.745223307854019,NA,NA
"342","DERM_BBWQ","BSL9",NA,21,0.495238095238095,0,1.2,0.798748558906387,NA,NA
"343","DERM_BBWQ","BWA1",-0.05,21,0.866666666666667,0,1.5,0.68001914348271,NA,0.895977752832908
"344","DERM_BBWQ","BWA2",NA,15,0.88,0,1.7,0.745410990175157,NA,NA
"345","DERM_BBWQ","BWA3",0,18,0.983333333333333,0,1.9,0.663886707149931,NA,1
"346","DERM_BBWQ","BWA4",NA,27,1.02222222222222,0,2,0.659780060383083,NA,NA
"347","DERM_BBWQ","BWA5",NA,18,1.02777777777778,0,2.2,0.795227028417828,NA,NA
"348","DERM_BBWQ","BWA6",-0.2,21,1.04285714285714,0,2.7,0.783473028804647,NA,0.896416967667313
"349","DERM_BBWQ","BWA7",0,33,0.957575757575758,0,1.9,0.755331256099783,NA,1
"350","DERM_BBWQ","BWA8",NA,30,1.04666666666667,0.1,2.1,0.745034244868044,NA,NA
"351","DERM_BBWQ","BWA9",0,30,0.946666666666667,0,2,0.69669357473817,NA,1
"352","DERM_BBWQ","BWB1",NA,27,0.988888888888889,0,2.3,0.729392381500348,NA,NA
"353","DERM_BBWQ","BWB2",NA,21,1.15238095238095,0.1,2.2,0.667459629038657,NA,NA
"354","DERM_BBWQ","BWB3",0,30,1.03333333333333,0,2.2,0.786744756162714,NA,1
"355","DERM_BBWQ","BWB4",NA,24,1.04166666666667,0,2.2,0.794625424472054,NA,NA
"356","DERM_BBWQ","BWB5",NA,9,1.12222222222222,0.1,2.3,0.801705123342521,NA,NA
"357","DERM_BBWQ","BWB6",NA,21,1.04285714285714,0,2.3,0.774027152884276,NA,NA
"358","DERM_BBWQ","BWB7",0,33,1.03939393939394,0,2.2,0.754856818810376,NA,1
"359","DERM_BBWQ","BWB8",0.1,21,0.938095238095238,0,1.9,0.724148637679066,NA,0.662520583540057
"360","DERM_BBWQ","BWB9",NA,27,1.16296296296296,0,3.2,0.819623924172349,NA,NA
"361","DERM_BBWQ","BWC1",NA,18,1.02777777777778,0,2.1,0.768156248875992,NA,NA
"362","DERM_BBWQ","BWC2",0,21,1.02380952380952,0,2.1,0.801825931377449,NA,1
"363","DERM_BBWQ","BWC3",NA,21,0.890476190476191,0,1.8,0.702122949667241,NA,NA
"364","DERM_BBWQ","BWC4",NA,9,0.966666666666667,0.1,2,0.754888940654815,NA,NA
"365","DERM_BBWQ","BWC5",0.8,30,1.09333333333333,0,2.1,0.7031321048107,NA,0.642834826490804
"366","DERM_BBWQ","BWC6",0.05,39,1.04871794871795,0.1,2.3,0.770598137668494,NA,1
"367","DERM_BBWQ","BWC7",0,21,1.05714285714286,0.1,2.1,0.664570908429016,NA,1
"368","DERM_BBWQ","BWC8",NA,18,1.03333333333333,0,2.2,0.789693045944281,NA,NA
"369","DERM_BBWQ","BWC9",0.05,36,1.11944444444444,0,3.1,0.814204815920608,NA,0.920502633281439
"370","DERM_BBWQ","BWD1",NA,15,1.13333333333333,0.1,2.3,0.773303318716859,NA,NA
"371","DERM_BBWQ","BWD2",NA,18,1.04444444444444,0,2.3,0.805904501381921,NA,NA
"372","DERM_BBWQ","BWD3",NA,21,1.13809523809524,0,2.4,0.782687402054786,NA,NA
"373","DERM_BBWQ","BWD4",-0.1,21,1.13333333333333,0.1,2.4,0.825051115119878,NA,0.662520583540057
"374","DERM_BBWQ","BWD5",0.1,24,1.10833333333333,0,2.4,0.803889308724151,NA,1
"375","DERM_BBWQ","BWD6",NA,21,1.27142857142857,0,2.4,0.720915898255147,NA,NA
"376","DERM_BBWQ","BWD7",NA,15,1.12666666666667,0.1,2.3,0.784936230265388,NA,NA
"377","DERM_BBWQ","BWD8",0,45,1.17777777777778,0,3.3,0.828327576309954,NA,1
"378","DERM_BBWQ","BWD9",NA,33,1.14242424242424,0,2.7,0.81968336970628,NA,NA
"379","DERM_BBWQ","CD01",NA,36,2.05277777777778,0.1,5.8,1.09849251362594,NA,NA
"380","DERM_BBWQ","CD01A",0.4,692,8.7127398105395,0,32.9444444444444,1.41071717915745,0.4,4.65319068170325e-05
"381","DERM_BBWQ","CD02",0.5,930,6.89226731183274,0,30.83333,1.40705550410685,0.5,5.37048507107178e-10
"382","DERM_BBWQ","CD03A",NA,40,27.1833777777222,21.8888888888889,30.9,0.0998018060025246,NA,NA
"383","DERM_BBWQ","CD04A",NA,41,27.0216910025474,19.6666666666667,31.6,0.146750602070017,NA,NA
"384","DERM_BBWQ","CD05",0.5,756,7.38785867872134,0,32.16667,1.47576491341985,0.5,0.00771428420126708
"385","DERM_BBWQ","CD06",NA,243,1.78395884773663,0.1,6.794,0.974533112990363,NA,NA
"386","DERM_BBWQ","CD08",NA,79,1.43544303797468,0,3.3,0.840065232230521,NA,NA
"387","DERM_BBWQ","CD09",0.4,924,5.76341106421116,0,100,1.74647004694931,0.4,3.89450232034423e-10
"388","DERM_BBWQ","CG01",0.5,927,6.22284445523673,0,33.3333333333333,1.61647289169586,0.5,4.58677452494442e-11
"389","DERM_BBWQ","CG02",27.6,90,12.3470172839506,0.1,32.7,1.09816141304867,27.6,1.17966581541527e-13
"390","DERM_BBWQ","CG02A",NA,160,26.9679469305833,19.6111111111111,31.88888889,0.0916375219264873,NA,NA
"391","DERM_BBWQ","CG03",NA,41,26.3805199188347,19.33333,30.77777778,0.127561081082004,NA,NA
"392","DERM_BBWQ","CG05",NA,80,1.06875,0.1,2.3,0.773095394789382,NA,NA
"393","DERM_BBWQ","CG07",0.422,929,5.83880198899414,0,31.05556,1.67744402298357,0.422,9.58932362397513e-09
"394","DERM_BBWQ","CG09",NA,69,1.29911594202899,0.1,3.879,1.13787467651525,NA,NA
"395","DERM_BBWQ","CM02",NA,514,9.91746248809987,0.1,31.7222222222222,1.26533427979427,NA,NA
"396","DERM_BBWQ","CM04",NA,49,26.0388347166213,19.8333333333333,30.05556,0.120450851769997,NA,NA
"397","DERM_BBWQ","DCA1",-0.05,20,0.325,0,0.7,0.719008279254748,NA,1
"398","DERM_BBWQ","DCA2",0,12,0.266666666666667,0.1,0.5,0.538305421923955,NA,1
"399","DERM_BBWQ","DCA3",NA,14,0.364285714285714,0,0.8,0.758356281601685,NA,NA
"400","DERM_BBWQ","DCA4",NA,8,0.375,0.1,0.8,0.803168329230782,NA,NA
"401","DERM_BBWQ","DCA5",-0.1,28,0.417857142857143,0,0.9,0.83679244087795,NA,0.53644651394586
"402","DERM_BBWQ","DCA6",NA,14,0.414285714285714,0,0.9,0.872142732656993,NA,NA
"403","DERM_BBWQ","DCA7",NA,14,0.478571428571429,0,1,0.871924053506592,NA,NA
"404","DERM_BBWQ","DCA8",0.05,18,0.461111111111111,0,1,0.798171041251091,NA,0.772829992684448
"405","DERM_BBWQ","DCA9",NA,16,0.51875,0,1,0.848247533829081,NA,NA
"406","DERM_BBWQ","DCB1",NA,10,0.75,0.1,1.2,0.619836696932505,NA,NA
"407","DERM_BBWQ","DCB2",-0.1,22,0.613636363636364,0.1,1.2,0.749824374673081,NA,0.760906727075114
"408","DERM_BBWQ","DCB3",-0.1,22,0.645454545454546,0,2,0.883851914914774,NA,0.581351984678589
"409","DERM_BBWQ","DCB4",-0.05,8,0.5375,0,1,0.889124935393137,NA,1
"410","DERM_BBWQ","DCB5",NA,16,0.49375,0,1,0.838225770890256,NA,NA
"411","DERM_BBWQ","DCB6",-1.38777878078145e-17,20,0.47,0,1,0.9340809426155,NA,1
"412","DERM_BBWQ","DCB7",NA,16,0.5625,0,1.1,0.818228539215561,NA,NA
"413","DERM_BBWQ","DCB8",0.05,23,0.639130434782609,0,1.3,0.773356272755667,NA,1
"414","DERM_BBWQ","DCB9",0.05,15,0.613333333333333,0,1.2,0.807886291039313,NA,0.835530606678088
"415","DERM_BBWQ","DCC1",0,26,0.553846153846154,0,1.1,0.78491762562217,NA,1
"416","DERM_BBWQ","DCC2",0.05,14,0.507142857142857,0,1.1,0.903488256120271,NA,1
"417","DERM_BBWQ","DCC3",0.05,22,0.590909090909091,0,1.2,0.793606460675944,NA,1
"418","DERM_BBWQ","DCC4",0,12,0.566666666666667,0,1.1,0.845765501065946,NA,1
"419","DERM_BBWQ","DCC5",NA,12,0.55,0,1.1,0.89577017552656,NA,NA
"420","DERM_BBWQ","DCC6",0.05,19,0.721052631578947,0,2,0.802809105410306,NA,0.893151379330932
"421","DERM_BBWQ","DCC7",0,17,0.523529411764706,0,1.1,0.847607414133381,NA,1
"422","DERM_BBWQ","DCC8",0.1,19,0.631578947368421,0,1.2,0.786464388620299,NA,1
"423","DERM_BBWQ","DCC9",NA,11,0.590909090909091,0,1.2,0.809675221614841,NA,NA
"424","DERM_BBWQ","DCD1",0.2,24,0.529166666666667,0,1.2,0.856949133000157,NA,0.698535358303339
"425","DERM_BBWQ","DCD2",NA,18,0.505555555555556,0,1,0.851380361113276,NA,NA
"426","DERM_BBWQ","DCD3",0.05,22,0.468181818181818,0,1,0.837383163468459,NA,0.802587348634153
"427","DERM_BBWQ","DCD4",NA,4,0.575,0,1.1,0.967004482180422,NA,NA
"428","DERM_BBWQ","DCD5",NA,20,0.595,0,1.2,0.785423910468705,NA,NA
"429","DERM_BBWQ","DCD6",NA,23,0.530434782608696,0,1.2,0.800719790527263,NA,NA
"430","DERM_BBWQ","DCD7",NA,19,0.552631578947368,0,1.2,0.870680860011245,NA,NA
"431","DERM_BBWQ","DCD8",NA,14,0.55,0.1,1.1,0.860963844338856,NA,NA
"432","DERM_BBWQ","DCD9",NA,4,0.25,0,0.7,1.24365054041184,NA,NA
"433","DERM_BBWQ","DDC1",NA,40,26.2255280000278,22.9444444444444,29.7,0.0788883939781255,NA,NA
"434","DERM_BBWQ","DDC2",NA,37,26.114547117027,21.5,29.7777777777778,0.106231894601167,NA,NA
"435","DERM_BBWQ","FBA1",-0.0999999999999999,19,0.742105263157895,0,1.4,0.70064556903122,NA,0.63859207768502
"436","DERM_BBWQ","FBA2",NA,15,0.773333333333333,0,1.3,0.672745276383678,NA,NA
"437","DERM_BBWQ","FBA3",0,21,0.776190476190476,0,1.7,0.693680306080762,NA,1
"438","DERM_BBWQ","FBA4",0.1,24,0.795833333333333,0,1.5,0.691699344403157,NA,0.534158966099566
"439","DERM_BBWQ","FBA5",NA,12,0.858333333333333,0.1,1.7,0.681977975944996,NA,NA
"440","DERM_BBWQ","FBA6",0,33,0.812121212121212,0,1.5,0.668618818888725,NA,1
"441","DERM_BBWQ","FBA7",NA,12,0.633333333333333,0.1,2,0.883834506512982,NA,NA
"442","DERM_BBWQ","FBA8",NA,25,0.816,0,1.7,0.721271518115792,NA,NA
"443","DERM_BBWQ","FBA9",0,37,0.837837837837838,0,1.5,0.644191475381785,NA,1
"444","DERM_BBWQ","FBB1",-0.15,22,0.754545454545455,0,1.4,0.672954880887198,NA,0.772829992684448
"445","DERM_BBWQ","FBB2",NA,16,0.81875,0,1.5,0.685449144637041,NA,NA
"446","DERM_BBWQ","FBB3",-0.0999999999999999,32,0.85,0,2.4,0.708407879266338,NA,0.684860368172191
"447","DERM_BBWQ","FBB4",-0.1,24,0.858333333333333,0,1.7,0.62307172202279,NA,0.824778095082513
"448","DERM_BBWQ","FBB5",NA,14,0.764285714285714,0,1.3,0.70852824111305,NA,NA
"449","DERM_BBWQ","FBB6",0,36,0.863888888888889,0,1.7,0.649619552038571,NA,0.700368968354434
"450","DERM_BBWQ","FBB7",0,20,0.77,0,1.4,0.679544103329128,NA,1
"451","DERM_BBWQ","FBB8",0.1,20,0.84,0,1.7,0.716787598353154,NA,0.598161452683528
"452","DERM_BBWQ","FBB9",-0.1,21,0.8,0,1.5,0.662617914034928,NA,0.824778095082513
"453","DERM_BBWQ","FBBW",0,39,0.892307692307692,0,1.8,0.701467019697567,NA,0.974780293368773
"454","DERM_BBWQ","FBC1",0,17,0.835294117647059,0,1.9,0.759458149744964,NA,1
"455","DERM_BBWQ","FBC2",NA,21,0.895238095238095,0,1.6,0.63037637768749,NA,NA
"456","DERM_BBWQ","FBC3",0,23,0.826086956521739,0,1.6,0.688867113290624,NA,1
"457","DERM_BBWQ","FBC4",-0.1,36,0.95,0,2.4,0.661688310805704,NA,1
"458","DERM_BBWQ","FBC5",NA,18,0.872222222222222,0,1.6,0.698832787318046,NA,NA
"459","DERM_BBWQ","FBC6",0.3,21,0.833333333333333,0.1,1.6,0.664168653280174,NA,0.504035866452505
"460","DERM_BBWQ","FBC7",-0.1,21,0.828571428571429,0,1.5,0.672126375354432,NA,0.897278961260083
"461","DERM_BBWQ","FBC8",NA,17,0.817647058823529,0.1,1.5,0.679898936643881,NA,NA
"462","DERM_BBWQ","FBC9",0,35,0.874285714285714,0,1.7,0.683658348051778,NA,0.821854703382068
"463","DERM_BBWQ","FBD1",0,10,0.52,0,1,0.94123870989629,NA,1
"464","DERM_BBWQ","FBD2",-0.05,20,0.73,0,1.5,0.793923650185164,NA,1
"465","DERM_BBWQ","FBD3",NA,8,0.8,0,1.5,0.804562880433486,NA,NA
"466","DERM_BBWQ","FBD4",-0.2,28,0.857142857142857,0,1.8,0.690887185349865,NA,0.662520583540057
"467","DERM_BBWQ","FBD5",-0.2,32,0.83125,0,1.6,0.646351383116673,NA,0.662520583540057
"468","DERM_BBWQ","FBD6",0,20,0.955,0,2.4,0.710577490149677,NA,0.855132140584706
"469","DERM_BBWQ","FBD7",0,30,0.803333333333333,0,1.5,0.677475148140866,NA,0.873739441952744
"470","DERM_BBWQ","FBD8",0,27,0.9,0,1.6,0.624750662515367,NA,1
"471","DERM_BBWQ","FBD9",-0.1,21,0.871428571428571,0.1,1.5,0.649292091720566,NA,1
"472","DERM_BBWQ","FBHC",0,81,0.279012345679012,0,0.9,0.828447807312939,NA,0.708168584999708
"473","DERM_BBWQ","FBJB",0,86,0.448837209302326,0,1.1,0.880475035099181,NA,0.673385032920102
"474","DERM_BBWQ","FBLM",0,95,0.611578947368421,0,1.4,0.770215415283138,NA,0.64899330277358
"475","DERM_BBWQ","FBLS",0,94,0.592553191489362,0,1.2,0.801647549357548,NA,0.819627174643879
"476","DERM_BBWQ","FBTC",0,84,0.376190476190476,0,1,0.867145657356287,NA,0.875500636031525
"477","DERM_BBWQ","FBTR",0,80,0.405,0,1,0.855243502296341,NA,1
"478","DERM_BBWQ","FC03",0.3,835,6.06718199069062,0,31,1.69842950733858,0.3,0.000608694374188359
"479","DERM_BBWQ","FC09",NA,69,0.752739130434783,0.1,2.992,0.977473151143099,NA,NA
"480","DERM_BBWQ","FC15",0.116,889,5.26275679664917,0,31.3,1.86193644671104,0.116,0.000121369616581495
"481","DERM_BBWQ","FC16",NA,33,27.0252527272727,23.1,31.55556,0.0826463318160071,NA,NA
"482","DERM_BBWQ","FLAB01",NA,150,0.845093333333333,0.1,2.525,1.00428592113805,NA,NA
"483","DERM_BBWQ","FLAB02",NA,168,0.603928571428571,0.1,3.193,0.867831989962089,NA,NA
"484","DERM_BBWQ","GL02",0.4,874,6.62409463133486,0,33.2999999999999,1.67210775970886,0.4,1.72554597464591e-09
"485","DERM_BBWQ","GL03",0.4,921,5.15214820242973,0,32.94444,1.8700882277898,0.4,3.94337897189272e-09
"486","DERM_BBWQ","GL04",NA,3,1.33333333333333,0.2,2.8,0.998749217771909,NA,NA
"487","DERM_BBWQ","HBE",NA,3,1.471,0.1,3.313,1.12676742806769,NA,NA
"488","DERM_BBWQ","HCA1",NA,12,0.291666666666667,0,0.7,0.80683536264338,NA,NA
"489","DERM_BBWQ","HCA2",NA,16,0.30625,0,0.8,0.821480329632298,NA,NA
"490","DERM_BBWQ","HCA3",0.55,18,0.311111111111111,0,0.8,0.846041556027723,NA,0.220671361919847
"491","DERM_BBWQ","HCA4",0,22,0.3,0,0.7,0.755928946018455,NA,1
"492","DERM_BBWQ","HCA5",0,24,0.3875,0,0.9,0.83123217591775,NA,1
"493","DERM_BBWQ","HCA6",NA,10,0.32,0,0.7,0.776722995096135,NA,NA
"494","DERM_BBWQ","HCA7",NA,6,0.366666666666667,0.1,0.7,0.724996437722796,NA,NA
"495","DERM_BBWQ","HCA8",-0.05,24,0.308333333333333,0,0.8,0.702250600292972,NA,1
"496","DERM_BBWQ","HCA9",NA,12,0.341666666666667,0,0.8,0.859750200479847,NA,NA
"497","DERM_BBWQ","HCB1",0.1,8,0.375,0,0.8,0.942809041582063,NA,0.698535358303339
"498","DERM_BBWQ","HCB2",0.15,14,0.342857142857143,0,0.9,0.927384890454193,NA,0.497201160481886
"499","DERM_BBWQ","HCB3",-0.05,14,0.35,0,0.8,0.908705498436397,NA,1
"500","DERM_BBWQ","HCB4",0,20,0.345,0,0.8,0.80059562832043,NA,1
"501","DERM_BBWQ","HCB5",NA,20,0.405,0,0.9,0.770362872957969,NA,NA
"502","DERM_BBWQ","HCB6",-2.77555756156289e-17,16,0.45,0,0.9,0.7611989676246,NA,1
"503","DERM_BBWQ","HCB7",NA,16,0.35625,0,0.9,0.887471939279268,NA,NA
"504","DERM_BBWQ","HCB8",0.05,22,0.390909090909091,0,0.8,0.748568216202012,NA,0.517309189697736
"505","DERM_BBWQ","HCB9",NA,14,0.407142857142857,0,0.9,0.93633298776508,NA,NA
"506","DERM_BBWQ","HCC1",NA,26,0.392307692307692,0,0.9,0.776252692738304,NA,NA
"507","DERM_BBWQ","HCC2",NA,10,0.39,0,0.8,0.883696206876091,NA,NA
"508","DERM_BBWQ","HCC3",-2.77555756156289e-17,16,0.41875,0,0.9,0.756271273389702,NA,1
"509","DERM_BBWQ","HCC4",-0.1,8,0.45,0,1,0.896790278846066,NA,0.698535358303339
"510","DERM_BBWQ","HCC5",0.05,18,0.416666666666667,0,0.9,0.848528137423857,NA,1
"511","DERM_BBWQ","HCC6",-0.05,16,0.3625,0,0.7,0.865785093874495,NA,1
"512","DERM_BBWQ","HCC7",-0.1,22,0.381818181818182,0,0.9,0.818840610870119,NA,0.634650867538795
"513","DERM_BBWQ","HCC8",NA,12,0.4,0,0.9,0.910793859523358,NA,NA
"514","DERM_BBWQ","HCC9",0,16,0.425,0,1,0.770865090215254,NA,1
"515","DERM_BBWQ","HCD1",0.1,30,0.38,0,0.7,0.70950050302863,NA,0.426583495655539
"516","DERM_BBWQ","HCD2",0.15,12,0.375,0,0.8,0.881688004553616,NA,1
"517","DERM_BBWQ","HCD3",NA,14,0.392857142857143,0.1,0.9,0.776351025920742,NA,NA
"518","DERM_BBWQ","HCD4",0,16,0.325,0,0.7,0.757864746745073,NA,1
"519","DERM_BBWQ","HCD5",NA,6,0.316666666666667,0,0.7,1.00690139314258,NA,NA
"520","DERM_BBWQ","HCD6",1.38777878078145e-17,14,0.257142857142857,0,0.7,0.859006250205281,NA,1
"521","DERM_BBWQ","HCD7",NA,20,0.275,0,0.6,0.726075569708388,NA,NA
"522","DERM_BBWQ","HCD8",0.05,22,0.281818181818182,0,0.8,0.852713063058384,NA,1
"523","DERM_BBWQ","HCD9",NA,8,0.275,0,0.6,0.947251040457687,NA,NA
"524","DERM_BBWQ","IC01",NA,38,27.2085438595322,21.3333333333333,31.3,0.116246679790381,NA,NA
"525","DERM_BBWQ","IC02",NA,38,27.1387192981287,20.5555555555555,31.5,0.122362075716047,NA,NA
"526","DERM_BBWQ","JBA1",0.1,20,0.385,0,1.1,0.835408700711317,NA,1
"527","DERM_BBWQ","JBA2",NA,12,0.483333333333333,0,1,0.773297747669449,NA,NA
"528","DERM_BBWQ","JBA3",0.05,31,0.519354838709677,0,1.2,0.878737487115121,NA,1
"529","DERM_BBWQ","JBA4",NA,8,0.5,0.1,1,0.814160391358572,NA,NA
"530","DERM_BBWQ","JBA5",0.15,10,0.55,0,1.2,0.920134936405392,NA,1
"531","DERM_BBWQ","JBA6",0.05,22,0.540909090909091,0,1.1,0.849422662544801,NA,1
"532","DERM_BBWQ","JBA7",NA,6,0.533333333333333,0,1.1,0.968245836551854,NA,NA
"533","DERM_BBWQ","JBA8",0.05,18,0.544444444444445,0.1,1,0.756576866721973,NA,0.595883090565178
"534","DERM_BBWQ","JBA9",0.05,22,0.695454545454545,0,1.4,0.743165325797764,NA,0.890959772099617
"535","DERM_BBWQ","JBB1",0.2,16,0.525,0,1,0.806624125112749,NA,0.190042291676698
"536","DERM_BBWQ","JBB2",0.25,18,0.505555555555556,0,1,0.741575068958373,NA,1
"537","DERM_BBWQ","JBB3",NA,15,0.6,0,1.2,0.74535599249993,NA,NA
"538","DERM_BBWQ","JBB4",-0.05,18,0.483333333333333,0,1,0.846388837644409,NA,0.805732790848439
"539","DERM_BBWQ","JBB5",NA,11,0.627272727272727,0.1,1.3,0.76485498664689,NA,NA
"540","DERM_BBWQ","JBB6",0.05,22,0.518181818181818,0,1.1,0.841478463470632,NA,1
"541","DERM_BBWQ","JBB7",NA,11,0.6,0,1.3,0.853098926137982,NA,NA
"542","DERM_BBWQ","JBB8",0,18,0.477777777777778,0,1,0.832751469731187,NA,1
"543","DERM_BBWQ","JBB9",0,18,0.477777777777778,0.1,1,0.781673782716584,NA,0.828593075218647
"544","DERM_BBWQ","JBC1",0.15,12,0.391666666666667,0.1,0.9,0.832386940827433,NA,1
"545","DERM_BBWQ","JBC2",0.05,16,0.43125,0,1.1,0.862320870374747,NA,1
"546","DERM_BBWQ","JBC3",0,22,0.486363636363636,0.1,1,0.788171668445488,NA,1
"547","DERM_BBWQ","JBC4",NA,10,0.44,0.1,0.8,0.817339633894617,NA,NA
"548","DERM_BBWQ","JBC5",0.1,18,0.505555555555556,0,1,0.774962485518182,NA,1
"549","DERM_BBWQ","JBC6",0.1,16,0.46875,0,1.1,0.894029579426144,NA,0.399368373186087
"550","DERM_BBWQ","JBC7",0.1,24,0.4625,0,1,0.828402962850909,NA,0.63859207768502
"551","DERM_BBWQ","JBC8",NA,12,0.483333333333333,0,1,0.877048538572409,NA,NA
"552","DERM_BBWQ","JBC9",0.3,13,0.476923076923077,0.1,1,0.771135312693004,NA,1
"553","DERM_BBWQ","JBD1",NA,12,0.458333333333333,0,0.9,0.839662914011355,NA,NA
"554","DERM_BBWQ","JBD2",0,10,0.41,0,0.9,0.879026856635805,NA,1
"555","DERM_BBWQ","JBD3",NA,17,0.629411764705882,0,2,0.91573286882524,NA,NA
"556","DERM_BBWQ","JBD4",NA,21,0.571428571428571,0,1.2,0.706841566406504,NA,NA
"557","DERM_BBWQ","JBD5",0.1,22,0.395454545454545,0,0.8,0.816527401423771,NA,0.46512378882022
"558","DERM_BBWQ","JBD6",0.1,14,0.514285714285714,0,1,0.827974220940067,NA,1
"559","DERM_BBWQ","JBD7",-0.15,12,0.333333333333333,0,0.8,0.880082640747705,NA,0.574149072797162
"560","DERM_BBWQ","JBD8",NA,12,0.475,0.1,0.9,0.690256686768632,NA,NA
"561","DERM_BBWQ","JBD9",0.05,26,0.480769230769231,0,1,0.810974327583802,NA,0.838697756154457
"562","DERM_BBWQ","JBE1",NA,19,0.615789473684211,0.1,1.3,0.810635187009024,NA,NA
"563","DERM_BBWQ","JBE2",0.1,14,0.571428571428571,0,1.2,0.869405190124481,NA,0.698535358303339
"564","DERM_BBWQ","JBE3",-0.05,22,0.586363636363636,0,1.3,0.784699926983457,NA,1
"565","DERM_BBWQ","JBE4",NA,11,0.6,0,1.2,0.843274042711568,NA,NA
"566","DERM_BBWQ","JBE5",NA,9,0.655555555555556,0.1,1.3,0.785671380018429,NA,NA
"567","DERM_BBWQ","JBE6",-0.0999999999999999,31,0.609677419354839,0,1.4,0.843133494177879,NA,0.758283478287193
"568","DERM_BBWQ","JBE7",0,14,0.807142857142857,0.1,2.1,0.761354765015795,NA,1
"569","DERM_BBWQ","JBE8",NA,24,0.629166666666667,0,1.3,0.811089318802377,NA,NA
"570","DERM_BBWQ","JBE9",NA,13,0.576923076923077,0,1.2,0.816551012218805,NA,NA
"571","DERM_BBWQ","JBF1",0.1,12,0.416666666666667,0,0.8,0.771492060879436,NA,0.411313791776259
"572","DERM_BBWQ","JBF2",0.05,28,0.642857142857143,0,1.3,0.754295730114006,NA,0.810952331302585
"573","DERM_BBWQ","JBF3",-0.1,22,0.595454545454545,0,1.2,0.821875636521787,NA,0.698535358303339
"574","DERM_BBWQ","JBF4",NA,6,0.466666666666667,0.1,0.9,0.864256197843096,NA,NA
"575","DERM_BBWQ","JBF5",0.2,20,0.56,0,1.2,0.816057957967828,NA,0.610629510819117
"576","DERM_BBWQ","JBF6",0,18,0.6,0,1.1,0.792118034381339,NA,1
"577","DERM_BBWQ","JBF7",0.15,14,0.642857142857143,0,1.2,0.817937554068265,NA,0.430222691132191
"578","DERM_BBWQ","JBF8",NA,17,0.582352941176471,0.1,1.1,0.77566780572766,NA,NA
"579","DERM_BBWQ","JBF9",NA,18,0.438888888888889,0.1,0.8,0.797521538488222,NA,NA
"580","DERM_BBWQ","JBG1",0,16,0.6375,0.1,1.2,0.761767439703711,NA,1
"581","DERM_BBWQ","JBG2",NA,17,0.664705882352941,0,1.3,0.768842712530034,NA,NA
"582","DERM_BBWQ","JBG3",-0.05,15,0.58,0,1.1,0.855144604664637,NA,0.811597509074705
"583","DERM_BBWQ","JBG4",0.1,19,0.573684210526316,0,1.1,0.835651742302671,NA,0.487453290364035
"584","DERM_BBWQ","JBG5",NA,15,0.66,0.1,2.1,0.881247490909054,NA,NA
"585","DERM_BBWQ","JBG6",0.05,29,0.63448275862069,0,1.3,0.76551653261489,NA,0.810538296562702
"586","DERM_BBWQ","JBG7",NA,16,0.5625,0,1.1,0.855983538936375,NA,NA
"587","DERM_BBWQ","JBG8",-1.38777878078145e-17,15,0.573333333333333,0,1.3,0.865757719548453,NA,1
"588","DERM_BBWQ","JBG9",-0.1,14,0.5,0,1.1,0.880559262846411,NA,0.814337492632143
"589","DERM_BBWQ","JBH1",0.05,19,0.6,0,1.1,0.763762615825973,NA,1
"590","DERM_BBWQ","JBH2",-4.16333634234434e-17,16,0.51875,0,1.1,0.868451029250705,NA,1
"591","DERM_BBWQ","JBH3",NA,15,0.546666666666667,0.1,1.1,0.734532871956527,NA,NA
"592","DERM_BBWQ","JBH4",0.05,20,0.525,0,1.1,0.88670814964244,NA,0.772829992684448
"593","DERM_BBWQ","JBH5",0.15,20,0.515,0,1,0.843511162026303,NA,0.141599176642839
"594","DERM_BBWQ","JBH6",NA,10,0.53,0,1,0.862575807597167,NA,NA
"595","DERM_BBWQ","JBH7",NA,13,0.523076923076923,0.1,1.2,0.822850735755479,NA,NA
"596","DERM_BBWQ","JBH8",NA,13,0.530769230769231,0,1.2,0.850906909178634,NA,NA
"597","DERM_BBWQ","JBH9",0.05,22,0.472727272727273,0,1,0.794679759385791,NA,0.816961321715391
"598","DERM_BBWQ","JBI1",0.15,16,0.4625,0,0.9,0.812370871535536,NA,1
"599","DERM_BBWQ","JBI2",-0.1,28,0.421428571428571,0,1,0.881621477211517,NA,0.683920610705076
"600","DERM_BBWQ","JBI3",NA,15,0.553333333333333,0.1,1.2,0.766336501719484,NA,NA
"601","DERM_BBWQ","JBI4",0.15,21,0.523809523809524,0,1.1,0.793834714357471,NA,0.698535358303339
"602","DERM_BBWQ","JBI5",0.1,25,0.548,0,1.1,0.743337872416916,NA,0.335375273171322
"603","DERM_BBWQ","JBI6",-0.1,17,0.535294117647059,0.1,1.2,0.789661949472757,NA,1
"604","DERM_BBWQ","JBI7",NA,7,0.614285714285714,0.1,1.2,0.799878303345109,NA,NA
"605","DERM_BBWQ","JBI8",NA,10,0.49,0,1,0.81887357745873,NA,NA
"606","DERM_BBWQ","JBI9",NA,10,0.58,0.1,1,0.716894994460353,NA,NA
"607","DERM_BBWQ","JBJ1",0,23,0.508695652173913,0,1.1,0.848458165346292,NA,1
"608","DERM_BBWQ","JBJ2",-1.38777878078145e-17,16,0.475,0,0.9,0.850831975647869,NA,1
"609","DERM_BBWQ","JBJ3",0,16,0.725,0,2,0.851009519185277,NA,1
"610","DERM_BBWQ","JBJ4",NA,10,0.49,0,1,0.857520702811261,NA,NA
"611","DERM_BBWQ","JBJ5",0.1,23,0.639130434782609,0.1,1.3,0.713484251600098,NA,0.842513184375501
"612","DERM_BBWQ","JBJ6",0,23,0.678260869565217,0.1,1.3,0.751721372461759,NA,0.877833454828831
"613","DERM_BBWQ","JBJ7",NA,11,0.736363636363636,0.1,1.4,0.703747020542482,NA,NA
"614","DERM_BBWQ","JBJ8",-0.05,15,0.546666666666667,0,1.2,0.837895784974144,NA,1
"615","DERM_BBWQ","JBJ9",-0.15,18,0.544444444444445,0,1.1,0.814674198098964,NA,0.698535358303339
"616","DERM_BBWQ","JBK1",NA,12,0.558333333333333,0,1.2,0.901877046504166,NA,NA
"617","DERM_BBWQ","JBK2",NA,14,0.742857142857143,0,2.1,0.86230550174175,NA,NA
"618","DERM_BBWQ","JBK3",0,21,0.652380952380952,0,1.3,0.797403078942778,NA,0.86999611762139
"619","DERM_BBWQ","JBK4",-0.05,21,0.566666666666667,0,1.2,0.830224883029522,NA,1
"620","DERM_BBWQ","JBK5",4.16333634234434e-17,24,0.670833333333333,0,1.3,0.74790270224069,NA,1
"621","DERM_BBWQ","JBK6",0.1,26,0.6,0,1.3,0.795822425754222,NA,0.420596237599927
"622","DERM_BBWQ","JBK7",NA,10,0.52,0,1.1,0.905640154484583,NA,NA
"623","DERM_BBWQ","JBK8",NA,12,0.466666666666667,0.1,0.9,0.829086270859011,NA,NA
"624","DERM_BBWQ","JBK9",4.16333634234434e-17,14,0.428571428571429,0,0.9,0.815658718643493,NA,1
"625","DERM_BBWQ","JBL1",-0.05,9,0.611111111111111,0,1.3,0.859848151114606,NA,1
"626","DERM_BBWQ","JBL2",0.1,32,0.653125,0,1.3,0.73889383869599,NA,0.496346028020239
"627","DERM_BBWQ","JBL3",0.45,21,0.652380952380952,0,1.3,0.765839193434799,NA,0.553616991965781
"628","DERM_BBWQ","JBL4",NA,7,0.7,0.1,1.3,0.812320100439618,NA,NA
"629","DERM_BBWQ","JBL5",0,26,0.603846153846154,0,1.3,0.810593578666176,NA,0.864487942058941
"630","DERM_BBWQ","JBL6",NA,14,0.492857142857143,0,1,0.926263759264264,NA,NA
"631","DERM_BBWQ","JBL7",-0.05,12,0.675,0,1.1,0.668907569344394,NA,1
"632","DERM_BBWQ","JBL8",0,19,0.605263157894737,0,1.2,0.837886740732992,NA,1
"633","DERM_BBWQ","JBL9",NA,15,0.553333333333333,0.1,1.3,0.799121824788256,NA,NA
"634","DERM_BBWQ","L31E1",NA,271,17.3738810249775,0.1,33.05556,0.743078725757857,NA,NA
"635","DERM_BBWQ","LBA1",0.1,8,0.475,0,1.1,0.933058168871493,NA,1
"636","DERM_BBWQ","LBA2",NA,17,0.564705882352941,0,1.3,0.86058941970347,NA,NA
"637","DERM_BBWQ","LBA3",0.1,27,0.7,0,1.3,0.737001434598119,NA,0.515621916699626
"638","DERM_BBWQ","LBA4",-0.1,25,0.716,0,1.5,0.732053220288717,NA,0.772829992684448
"639","DERM_BBWQ","LBA5",-0.55,24,0.745833333333333,0.1,2.2,0.75430598518939,NA,0.772829992684448
"640","DERM_BBWQ","LBA6",-0.2,22,0.727272727272727,0,1.3,0.698776566919778,NA,0.824778095082513
"641","DERM_BBWQ","LBA7",0,20,0.76,0,1.4,0.680899724664977,NA,1
"642","DERM_BBWQ","LBA8",0,20,0.7,0,1.3,0.753081745897679,NA,1
"643","DERM_BBWQ","LBA9",0,14,0.8,0,1.4,0.686406472983644,NA,1
"644","DERM_BBWQ","LBB1",-1,23,0.895652173913044,0,2.3,0.722385198953657,NA,0.382733088885226
"645","DERM_BBWQ","LBB2",0.1,23,0.726086956521739,0,1.3,0.736088667612499,NA,0.772829992684448
"646","DERM_BBWQ","LBB3",NA,9,0.811111111111111,0,1.5,0.706741788572048,NA,NA
"647","DERM_BBWQ","LBB4",NA,23,0.778260869565217,0,1.4,0.685362701262989,NA,NA
"648","DERM_BBWQ","LBB5",NA,16,0.76875,0.1,1.5,0.686222529082293,NA,NA
"649","DERM_BBWQ","LBB6",0.0999999999999999,29,0.751724137931035,0,1.5,0.728292660100813,NA,0.714933332972426
"650","DERM_BBWQ","LBB7",0,20,0.79,0,1.4,0.67968411830708,NA,1
"651","DERM_BBWQ","LBB8",0,30,0.756666666666667,0,1.6,0.712696481154956,NA,0.844124183192903
"652","DERM_BBWQ","LBB9",0.05,25,0.852,0,1.6,0.681122072615102,NA,0.781262685325686
"653","DERM_BBWQ","LBC1",0.0499999999999999,17,0.705882352941177,0,1.3,0.755414483357757,NA,0.8571364155923
"654","DERM_BBWQ","LBC2",-0.15,19,0.668421052631579,0,1.4,0.822536333421634,NA,0.772829992684448
"655","DERM_BBWQ","LBC3",0.0999999999999999,19,0.778947368421053,0,1.4,0.68009441019991,NA,1
"656","DERM_BBWQ","LBC4",0.05,30,0.823333333333333,0,1.6,0.666535996672925,NA,0.461966639719077
"657","DERM_BBWQ","LBC5",-0.8,19,0.836842105263158,0,2.3,0.799836377748932,NA,0.847389659686714
"658","DERM_BBWQ","LBC6",NA,10,0.71,0,1.3,0.814388233868751,NA,NA
"659","DERM_BBWQ","LBC7",0.1,27,0.822222222222222,0,1.5,0.655241958315109,NA,0.91064497964499
"660","DERM_BBWQ","LBC8",NA,6,0.85,0.1,1.5,0.724270304546889,NA,NA
"661","DERM_BBWQ","LBC9",0,46,0.815217391304348,0,1.5,0.659803966397652,NA,0.957173195238101
"662","DERM_BBWQ","LBD1",NA,18,0.516666666666667,0,1.2,0.863663234444105,NA,NA
"663","DERM_BBWQ","LBD2",NA,21,0.70952380952381,0,2.1,0.82891747749471,NA,NA
"664","DERM_BBWQ","LBD3",NA,16,0.60625,0,1.2,0.784083707536648,NA,NA
"665","DERM_BBWQ","LBD4",-0.0499999999999999,22,0.736363636363636,0,1.4,0.690612262595359,NA,1
"666","DERM_BBWQ","LBD5",0.1,34,0.679411764705882,0,1.3,0.737961254926147,NA,1
"667","DERM_BBWQ","LBD6",0,20,0.67,0,1.3,0.785459539630271,NA,0.896319845235947
"668","DERM_BBWQ","LBD7",NA,8,0.7375,0.1,1.3,0.728165712400271,NA,NA
"669","DERM_BBWQ","LBD8",0,23,0.704347826086957,0,1.3,0.727064641290417,NA,1
"670","DERM_BBWQ","LBD9",NA,9,0.8,0.1,1.3,0.643476883811687,NA,NA
"671","DERM_BBWQ","LBE1",0,20,0.695,0.1,1.4,0.737338495431848,NA,1
"672","DERM_BBWQ","LBE2",0,18,0.733333333333333,0,1.4,0.701585121037536,NA,1
"673","DERM_BBWQ","LBE3",0,29,0.831034482758621,0,1.5,0.619532982830369,NA,1
"674","DERM_BBWQ","LBE4",-0.0999999999999999,19,0.668421052631579,0,1.4,0.801092694837017,NA,0.824778095082513
"675","DERM_BBWQ","LBE5",0,22,0.754545454545455,0.1,1.3,0.675436036845046,NA,0.930612042666244
"676","DERM_BBWQ","LBE6",0,23,0.821739130434783,0,1.3,0.600622856520022,NA,0.822328513051325
"677","DERM_BBWQ","LBE7",NA,23,0.821739130434783,0.1,1.5,0.664473744303921,NA,NA
"678","DERM_BBWQ","LBE8",0,27,0.777777777777778,0,1.6,0.702708373427251,NA,0.857915151865571
"679","DERM_BBWQ","LBE9",0,15,0.986666666666667,0,2.4,0.763137571025949,NA,0.894625809546728
"680","DERM_BBWQ","LBF1",NA,25,0.812,0,1.6,0.723637886843529,NA,NA
"681","DERM_BBWQ","LBF2",NA,12,0.858333333333333,0.1,1.5,0.665494532234003,NA,NA
"682","DERM_BBWQ","LBF3",0,23,0.769565217391304,0,1.4,0.698048315305186,NA,1
"683","DERM_BBWQ","LBF4",-0.2,33,0.83030303030303,0,2.4,0.769699398255022,NA,0.463343882565217
"684","DERM_BBWQ","LBF5",-0.1,18,0.794444444444444,0,1.5,0.717881491472024,NA,0.824778095082513
"685","DERM_BBWQ","LBF6",0,26,0.8,0,1.5,0.678232998312527,NA,1
"686","DERM_BBWQ","LBF7",0.1,23,0.834782608695652,0,1.6,0.684928688433063,NA,0.73583506867579
"687","DERM_BBWQ","LBF8",NA,36,0.911111111111111,0.1,1.6,0.621305259961574,NA,NA
"688","DERM_BBWQ","LBF9",NA,12,0.833333333333333,0.1,1.5,0.63772322295092,NA,NA
"689","DERM_BBWQ","LBG1",0,23,0.721739130434783,0,1.5,0.733108252434572,NA,0.664301151718334
"690","DERM_BBWQ","LBG2",0,17,0.8,0.1,1.5,0.695970545353753,NA,1
"691","DERM_BBWQ","LBG3",NA,15,0.726666666666667,0.1,1.4,0.727197026788116,NA,NA
"692","DERM_BBWQ","LBG4",-0.05,22,0.604545454545455,0,1.3,0.878966035813219,NA,1
"693","DERM_BBWQ","LBG5",NA,24,0.904166666666667,0,2.4,0.738313305710672,NA,NA
"694","DERM_BBWQ","LBG6",0,32,0.84375,0.1,1.5,0.617631124991133,NA,1
"695","DERM_BBWQ","LBG7",NA,19,0.773684210526316,0,1.5,0.70773369010217,NA,NA
"696","DERM_BBWQ","LBG8",0.05,32,0.8,0,1.5,0.680962317180147,NA,0.802985325190069
"697","DERM_BBWQ","LBG9",0,11,0.781818181818182,0,1.5,0.745420487794359,NA,1
"698","DERM_BBWQ","LBH1",0.1,26,0.692307692307692,0,1.4,0.768599817208114,NA,0.580925760722009
"699","DERM_BBWQ","LBH2",NA,19,0.9,0,2.2,0.690916966895468,NA,NA
"700","DERM_BBWQ","LBH3",0.05,25,0.772,0,1.6,0.707037172539698,NA,1
"701","DERM_BBWQ","LBH4",NA,17,0.717647058823529,0,1.3,0.773070762385263,NA,NA
"702","DERM_BBWQ","LBH5",NA,24,0.8125,0.1,1.5,0.649553090906232,NA,NA
"703","DERM_BBWQ","LBH6",-0.1,34,0.770588235294118,0,1.4,0.67205795148644,NA,0.86054370480795
"704","DERM_BBWQ","LBH7",NA,14,0.764285714285714,0,1.3,0.693499991943059,NA,NA
"705","DERM_BBWQ","LBH8",NA,13,0.784615384615385,0,1.5,0.728157083801461,NA,NA
"706","DERM_BBWQ","LBH9",NA,20,0.685,0,1.3,0.758229621676351,NA,NA
"707","DERM_BBWQ","LBI1",0,22,0.786363636363636,0,1.6,0.711073285799228,NA,1
"708","DERM_BBWQ","LBI2",0.05,27,0.848148148148148,0,1.6,0.652679722722538,NA,1
"709","DERM_BBWQ","LBI3",-0.1,15,0.86,0,2.4,0.790844231092395,NA,1
"710","DERM_BBWQ","LBI4",0.4,24,0.904166666666667,0,1.5,0.626050053372966,NA,0.196705602458947
"711","DERM_BBWQ","LBI5",0,33,0.890909090909091,0,1.6,0.627696183642029,NA,1
"712","DERM_BBWQ","LBI6",0.1,26,0.784615384615385,0,1.4,0.659494289729118,NA,0.574149072797162
"713","DERM_BBWQ","LBI7",NA,23,0.8,0,1.6,0.696990282963439,NA,NA
"714","DERM_BBWQ","LBI8",0.3,25,0.808,0,1.5,0.648936703044082,NA,0.41825034720731
"715","DERM_BBWQ","LBI9",NA,18,0.827777777777778,0,1.5,0.685642771465681,NA,NA
"716","DERM_BBWQ","LBJ1",NA,19,0.752631578947368,0,1.4,0.714645171051992,NA,NA
"717","DERM_BBWQ","LBJ2",0.0499999999999999,29,0.796551724137931,0,1.4,0.669771660744588,NA,1
"718","DERM_BBWQ","LBJ3",0,27,0.814814814814815,0,1.5,0.647360035755373,NA,1
"719","DERM_BBWQ","LBJ4",NA,12,0.808333333333333,0.1,1.4,0.655592292601429,NA,NA
"720","DERM_BBWQ","LBJ5",-0.1,27,0.718518518518519,0,2.1,0.781631226631261,NA,0.647720255815414
"721","DERM_BBWQ","LBJ6",NA,13,0.784615384615385,0,1.5,0.762660663707108,NA,NA
"722","DERM_BBWQ","LBJ7",0,23,0.817391304347826,0,1.4,0.625615463045101,NA,1
"723","DERM_BBWQ","LBJ8",0.0999999999999999,28,0.857142857142857,0,1.4,0.567501201028442,NA,0.617975639173742
"724","DERM_BBWQ","LBJ9",0.05,20,0.795,0.1,1.5,0.671173241230122,NA,0.875594724383905
"725","DERM_BBWQ","LBK1",NA,26,0.8,0,1.5,0.623498195666996,NA,NA
"726","DERM_BBWQ","LBK2",NA,12,0.933333333333333,0.1,1.4,0.569395734777607,NA,NA
"727","DERM_BBWQ","LBK3",0,20,0.81,0.1,1.5,0.679632300124767,NA,1
"728","DERM_BBWQ","LBK4",-0.05,32,0.796875,0,1.4,0.677275415225671,NA,0.752427487169168
"729","DERM_BBWQ","LBK5",0.1,20,0.835,0.1,1.5,0.609764147943976,NA,0.642834826490804
"730","DERM_BBWQ","LBK6",NA,19,0.721052631578947,0,1.3,0.711049485700052,NA,NA
"731","DERM_BBWQ","LBK7",-0.5,15,0.786666666666667,0,2.2,0.827829597596058,NA,1
"732","DERM_BBWQ","LBK8",-0.0499999999999999,37,0.8,0,1.6,0.688446318410763,NA,0.744432097481304
"733","DERM_BBWQ","LBK9",NA,20,0.7,0,1.4,0.77140072352966,NA,NA
"734","DERM_BBWQ","LBL1",NA,26,0.819230769230769,0,1.7,0.697395361373951,NA,NA
"735","DERM_BBWQ","LBL2",0,24,0.833333333333333,0,1.6,0.695826065222824,NA,1
"736","DERM_BBWQ","LBL3",NA,15,0.786666666666667,0,1.4,0.699345119856873,NA,NA
"737","DERM_BBWQ","LBL4",0.1,32,0.8125,0,1.5,0.665181268143092,NA,0.57776662635549
"738","DERM_BBWQ","LBL5",0,27,0.851851851851852,0,1.5,0.604195019299661,NA,0.866525723103549
"739","DERM_BBWQ","LBL6",0,23,0.808695652173913,0.1,1.4,0.646753899389818,NA,1
"740","DERM_BBWQ","LBL7",0.2,22,0.754545454545455,0.1,1.4,0.662937402077864,NA,1
"741","DERM_BBWQ","LBL8",0.1,20,0.68,0.1,1.3,0.768743804508099,NA,1
"742","DERM_BBWQ","LBL9",-0.35,11,0.681818181818182,0,2,0.981282607384619,NA,1
"743","DERM_BBWQ","LMA1",NA,4,0.275,0.1,0.5,0.621027319149067,NA,NA
"744","DERM_BBWQ","LMA2",-0.1,14,0.357142857142857,0,0.8,0.834339904908711,NA,0.698535358303339
"745","DERM_BBWQ","LMA3",NA,16,0.35625,0,0.8,0.875554024431013,NA,NA
"746","DERM_BBWQ","LMA4",0.15,20,0.525,0,1.1,0.7540320071538,NA,0.481120001127239
"747","DERM_BBWQ","LMA5",0,24,0.4625,0.1,1,0.756588868400446,NA,0.752228682917859
"748","DERM_BBWQ","LMA6",-0.1,8,0.4,0,0.9,0.896421457000795,NA,0.698535358303339
"749","DERM_BBWQ","LMA7",0.1,26,0.465384615384615,0,1,0.810723161294453,NA,0.823063273758121
"750","DERM_BBWQ","LMA8",0,20,0.455,0,1.1,0.877601347266697,NA,1
"751","DERM_BBWQ","LMA9",NA,10,0.45,0,0.9,0.878019969713311,NA,NA
"752","DERM_BBWQ","LMB1",NA,18,0.4,0,0.9,0.76696498884737,NA,NA
"753","DERM_BBWQ","LMB2",0.05,18,0.477777777777778,0,1.1,0.77172044477438,NA,0.805732790848439
"754","DERM_BBWQ","LMB3",0.1,26,0.419230769230769,0,0.9,0.783952335415457,NA,0.474549143449401
"755","DERM_BBWQ","LMB4",4.16333634234434e-17,14,0.392857142857143,0,0.9,0.906654076673616,NA,1
"756","DERM_BBWQ","LMB5",NA,12,0.525,0,1,0.766759425433718,NA,NA
"757","DERM_BBWQ","LMB6",0,16,0.53125,0.1,1.1,0.806616239475419,NA,1
"758","DERM_BBWQ","LMB7",0.05,14,0.528571428571429,0.1,1.1,0.772701055642637,NA,1
"759","DERM_BBWQ","LMB8",NA,10,0.49,0.1,1,0.813202639579244,NA,NA
"760","DERM_BBWQ","LMB9",0.05,13,0.546153846153846,0,1.3,0.873693657423708,NA,1
"761","DERM_BBWQ","LMC1",0,16,0.33125,0,0.7,0.815420386687161,NA,1
"762","DERM_BBWQ","LMC2",0,22,0.4,0,0.9,0.848668424791506,NA,1
"763","DERM_BBWQ","LMC3",NA,12,0.425,0,0.9,0.94717340788871,NA,NA
"764","DERM_BBWQ","LMC4",NA,8,0.4625,0.1,1,0.808490889572902,NA,NA
"765","DERM_BBWQ","LMC5",1.38777878078145e-17,16,0.4875,0,1,0.809758583406975,NA,1
"766","DERM_BBWQ","LMC6",0,22,0.486363636363636,0,1.1,0.906929660804476,NA,1
"767","DERM_BBWQ","LMC7",0.05,14,0.507142857142857,0.1,1.1,0.79802221455991,NA,0.811597509074705
"768","DERM_BBWQ","LMC8",0.05,18,0.472222222222222,0,1,0.827543356765975,NA,0.772829992684448
"769","DERM_BBWQ","LMC9",NA,14,0.492857142857143,0,1,0.789699083530071,NA,NA
"770","DERM_BBWQ","LMD1",0.15,16,0.4125,0,1,0.83919882500575,NA,0.63859207768502
"771","DERM_BBWQ","LMD2",-1.38777878078145e-17,20,0.39,0,1,0.831488667345509,NA,1
"772","DERM_BBWQ","LMD3",0.05,29,0.475862068965517,0,1.2,0.819016910602566,NA,0.772829992684448
"773","DERM_BBWQ","LMD4",NA,14,0.471428571428571,0,1,0.833788813856888,NA,NA
"774","DERM_BBWQ","LMD5",0,18,0.433333333333333,0,0.9,0.845124837082717,NA,0.875102162881101
"775","DERM_BBWQ","LMD6",0.05,12,0.433333333333333,0,1,0.914293879161268,NA,1
"776","DERM_BBWQ","LMD7",-0.2,16,0.4875,0,1.1,0.82349884012596,NA,0.698535358303339
"777","DERM_BBWQ","LMD8",NA,6,0.4,0.1,0.8,0.836660026534075,NA,NA
"778","DERM_BBWQ","LMD9",0.1,18,0.444444444444444,0,1.1,0.856677920121401,NA,1
"779","DERM_BBWQ","LME1",0,22,0.25,0,0.7,0.738079876952288,NA,0.853841629967433
"780","DERM_BBWQ","LME2",0.15,14,0.3,0,0.7,0.995717325074236,NA,1
"781","DERM_BBWQ","LME3",0.25,16,0.3875,0,0.8,0.815391310930546,NA,0.487453290364035
"782","DERM_BBWQ","LME4",0.05,18,0.327777777777778,0,0.8,0.815985912529277,NA,1
"783","DERM_BBWQ","LME5",NA,10,0.3,0,0.7,0.801233616769775,NA,NA
"784","DERM_BBWQ","LME6",NA,2,0.35,0.1,0.6,1.01015254455221,NA,NA
"785","DERM_BBWQ","LME7",0,12,0.391666666666667,0,0.8,0.795993920358559,NA,1
"786","DERM_BBWQ","LME8",-0.1,34,0.364705882352941,0,0.9,0.818088090294978,NA,0.649210806009615
"787","DERM_BBWQ","LME9",0.05,14,0.342857142857143,0,0.9,0.838445855730382,NA,1
"788","DERM_BBWQ","LMF1",0,14,0.371428571428571,0,0.9,0.917140675502843,NA,1
"789","DERM_BBWQ","LMF2",NA,16,0.4625,0,1,0.792956576038584,NA,NA
"790","DERM_BBWQ","LMF3",NA,14,0.535714285714286,0.1,1,0.657350288437909,NA,NA
"791","DERM_BBWQ","LMF4",0.1,12,0.375,0,0.9,0.820938118215614,NA,1
"792","DERM_BBWQ","LMF5",0.05,12,0.45,0.1,1,0.844869643083898,NA,0.805732790848439
"793","DERM_BBWQ","LMF6",4.16333634234434e-17,16,0.45625,0,1,0.861860503716461,NA,1
"794","DERM_BBWQ","LMF7",0,12,0.491666666666667,0,1.1,0.886378954150934,NA,1
"795","DERM_BBWQ","LMF8",0.05,14,0.385714285714286,0,0.8,0.786747893929102,NA,1
"796","DERM_BBWQ","LMF9",0,28,0.439285714285714,0,1.1,0.829705088334703,NA,1
"797","DERM_BBWQ","LMG1",0.0499999999999999,14,0.542857142857143,0.1,1.2,0.875173113069257,NA,1
"798","DERM_BBWQ","LMG2",-0.15,22,0.531818181818182,0,1.2,0.804876620558767,NA,0.823063273758121
"799","DERM_BBWQ","LMG3",NA,6,0.533333333333333,0,1.1,0.908295106229248,NA,NA
"800","DERM_BBWQ","LMG4",-1.38777878078145e-17,15,0.58,0.1,1.1,0.740720293648551,NA,1
"801","DERM_BBWQ","LMG5",-0.05,12,0.458333333333333,0,0.9,0.834493057286671,NA,1
"802","DERM_BBWQ","LMG6",NA,23,0.560869565217391,0,1.2,0.7597546390579,NA,NA
"803","DERM_BBWQ","LMG7",0.2,23,0.543478260869565,0,1.2,0.857358310583896,NA,0.542802453757373
"804","DERM_BBWQ","LMG8",NA,14,0.414285714285714,0,1,0.840744205226845,NA,NA
"805","DERM_BBWQ","LMG9",NA,16,0.4,0.1,1,0.774596669241483,NA,NA
"806","DERM_BBWQ","LMH1",NA,19,0.547368421052632,0,1.2,0.851189367830658,NA,NA
"807","DERM_BBWQ","LMH2",0,16,0.5625,0.1,1.2,0.823362572580225,NA,1
"808","DERM_BBWQ","LMH3",0.4,16,0.53125,0.1,1.1,0.7166756524208,NA,0.474549143449401
"809","DERM_BBWQ","LMH4",0.15,10,0.4,0,1,0.881917103688197,NA,0.698535358303339
"810","DERM_BBWQ","LMH5",-0.05,18,0.5,0,1.1,0.845750623793479,NA,1
"811","DERM_BBWQ","LMH6",NA,12,0.55,0,1.2,0.843946936278991,NA,NA
"812","DERM_BBWQ","LMH7",-0.1,12,0.475,0,1,0.875532719080681,NA,0.698535358303339
"813","DERM_BBWQ","LMH8",0,16,0.46875,0,1,0.887216203973187,NA,1
"814","DERM_BBWQ","LMH9",0.05,24,0.4625,0,1,0.859708482942862,NA,0.836910627824266
"815","DERM_BBWQ","LMI1",0.2,16,0.30625,0,0.7,0.795098129591296,NA,0.698535358303339
"816","DERM_BBWQ","LMI2",0,19,0.526315789473684,0,1.2,0.842219290525534,NA,1
"817","DERM_BBWQ","LMI3",0.1,16,0.50625,0.1,1.1,0.778411134115763,NA,1
"818","DERM_BBWQ","LMI4",NA,4,0.275,0.1,0.5,0.74965556829412,NA,NA
"819","DERM_BBWQ","LMI5",0.05,20,0.5,0,1.2,0.830979130778549,NA,0.805732790848439
"820","DERM_BBWQ","LMI6",NA,16,0.44375,0,1.1,0.862910287258402,NA,NA
"821","DERM_BBWQ","LMI7",0,20,0.395,0,0.9,0.855472259387233,NA,1
"822","DERM_BBWQ","LMI8",-0.15,16,0.425,0,0.9,0.844003203282485,NA,0.63859207768502
"823","DERM_BBWQ","LMI9",NA,16,0.525,0,1.1,0.766651877999928,NA,NA
"824","DERM_BBWQ","LMJ1",0.35,14,0.457142857142857,0,0.9,0.817201633390062,NA,1
"825","DERM_BBWQ","LMJ2",-0.05,20,0.445,0,1,0.819937086545383,NA,0.772829992684448
"826","DERM_BBWQ","LMJ3",0,20,0.425,0,0.9,0.828819805004519,NA,1
"827","DERM_BBWQ","LMJ4",NA,8,0.4625,0,1,0.909559421264963,NA,NA
"828","DERM_BBWQ","LMJ5",0.05,16,0.40625,0,0.9,0.891918571211848,NA,1
"829","DERM_BBWQ","LMJ6",-0.05,24,0.4,0,0.9,0.824225591744734,NA,1
"830","DERM_BBWQ","LMJ7",-0.05,12,0.425,0.1,1,0.696009386247014,NA,1
"831","DERM_BBWQ","LMJ8",0,16,0.3875,0,0.8,0.847431900230905,NA,1
"832","DERM_BBWQ","LMJ9",NA,15,0.54,0.1,1.2,0.778784936215607,NA,NA
"833","DERM_BBWQ","LMK1",NA,14,0.392857142857143,0.1,0.9,0.807813086964475,NA,NA
"834","DERM_BBWQ","LMK2",NA,10,0.41,0,1,0.908607061525106,NA,NA
"835","DERM_BBWQ","LMK3",0,24,0.379166666666667,0,0.9,0.826647035719312,NA,1
"836","DERM_BBWQ","LMK4",NA,18,0.427777777777778,0,0.9,0.809017761102567,NA,NA
"837","DERM_BBWQ","LMK5",0.1,16,0.4625,0,1.1,0.792956576038584,NA,0.574149072797162
"838","DERM_BBWQ","LMK6",0,16,0.4125,0,0.9,0.810702816844161,NA,1
"839","DERM_BBWQ","LMK7",-0.1,16,0.35,0,0.7,0.801359389255719,NA,0.474549143449401
"840","DERM_BBWQ","LMK8",NA,8,0.5,0.1,0.9,0.807111250961459,NA,NA
"841","DERM_BBWQ","LMK9",0,22,0.381818181818182,0,0.9,0.869152449180105,NA,1
"842","DERM_BBWQ","LML1",0.1,22,0.486363636363636,0,0.9,0.77269512697786,NA,0.698535358303339
"843","DERM_BBWQ","LML2",0,22,0.431818181818182,0,0.9,0.83155673965461,NA,1
"844","DERM_BBWQ","LML3",0,10,0.43,0,0.9,0.870498110922778,NA,1
"845","DERM_BBWQ","LML4",NA,12,0.45,0,1,0.844869643083898,NA,NA
"846","DERM_BBWQ","LML5",NA,10,0.4,0,0.8,0.772801541291309,NA,NA
"847","DERM_BBWQ","LML6",0.05,20,0.435,0,1,0.828106981404102,NA,1
"848","DERM_BBWQ","LML7",NA,8,0.4125,0.1,0.8,0.813760702165138,NA,NA
"849","DERM_BBWQ","LML8",NA,21,0.442857142857143,0,1.2,0.887771004775373,NA,NA
"850","DERM_BBWQ","LML9",0.05,20,0.285,0,0.6,0.722455517003431,NA,0.811597509074705
"851","DERM_BBWQ","LN01",NA,85,NA,NA,NA,NA,NA,NA
"852","DERM_BBWQ","LN04",NA,90,1.27555555555556,0.1,3.8,0.847898684875747,NA,NA
"853","DERM_BBWQ","LN06",NA,86,1.29883720930233,0.1,4,0.908949586410689,NA,NA
"854","DERM_BBWQ","LR01",0.8,928,6.04550804716757,0,32,1.67245677494064,0.8,1.38897774977732e-13
"855","DERM_BBWQ","LR03",0,549,0.975737704918033,0,3.5,0.794191350063892,NA,0.803794902756132
"856","DERM_BBWQ","LR05",NA,697,7.69101563686913,0,29.66667,1.41600480060715,NA,NA
"857","DERM_BBWQ","LR06",0.5,930,NA,NA,NA,NA,0.5,2.03746189308479e-11
"858","DERM_BBWQ","LR07",NA,41,26.3984713125745,21.6666666666666,29.16667,0.0902536612127458,NA,NA
"859","DERM_BBWQ","LR08",NA,679,7.61868105220095,0,29.44444,1.45159029438282,NA,NA
"860","DERM_BBWQ","LR09",0,99,1.39191919191919,0.1,3.4,0.928401075763261,NA,0.613358558065362
"861","DERM_BBWQ","LR10",0.3,935,5.79165529411408,0,30.72222,1.77672636035253,0.3,2.7239643903332e-10
"862","DERM_BBWQ","LS06",NA,88,1.91704545454545,0,5,0.996512748592218,NA,NA
"863","DERM_BBWQ","LSA1",-0.05,24,0.458333333333333,0,1,0.828733020322185,NA,1
"864","DERM_BBWQ","LSA2",0.05,14,0.442857142857143,0,1,0.940305874743598,NA,1
"865","DERM_BBWQ","LSA3",-0.05,19,0.489473684210526,0.1,1.1,0.79678797892679,NA,0.760906727075114
"866","DERM_BBWQ","LSA4",0.05,16,0.50625,0,1,0.794944141804403,NA,1
"867","DERM_BBWQ","LSA5",-0.05,16,0.4875,0,1,0.840358292663441,NA,1
"868","DERM_BBWQ","LSA6",NA,14,0.507142857142857,0.1,1,0.755672246717132,NA,NA
"869","DERM_BBWQ","LSA7",-1.38777878078145e-17,15,0.553333333333333,0,1.2,0.766336501719484,NA,1
"870","DERM_BBWQ","LSA8",NA,10,0.48,0,1.1,0.877311760964098,NA,NA
"871","DERM_BBWQ","LSA9",NA,18,0.577777777777778,0,1.1,0.775287243401255,NA,NA
"872","DERM_BBWQ","LSB1",0.15,12,0.491666666666667,0,1.1,0.847334351588554,NA,0.63859207768502
"873","DERM_BBWQ","LSB2",NA,12,0.541666666666667,0.1,1.1,0.842190335727176,NA,NA
"874","DERM_BBWQ","LSB3",-0.05,20,0.53,0,1.1,0.850655010947136,NA,1
"875","DERM_BBWQ","LSB4",0.05,14,0.564285714285714,0.1,1.1,0.832975613343826,NA,1
"876","DERM_BBWQ","LSB5",0,19,0.521052631578947,0,1.2,0.869136990890655,NA,1
"877","DERM_BBWQ","LSB6",NA,18,0.488888888888889,0.1,1,0.814832717680522,NA,NA
"878","DERM_BBWQ","LSB7",0.1,22,0.5,0,1.1,0.870686647477287,NA,0.401472782747026
"879","DERM_BBWQ","LSB8",0,20,0.505,0,1.1,0.851048762953667,NA,1
"880","DERM_BBWQ","LSB9",-0.05,8,0.4625,0,1,0.924127866407984,NA,1
"881","DERM_BBWQ","LSC1",NA,19,0.563157894736842,0,1.2,0.818473206623942,NA,NA
"882","DERM_BBWQ","LSC2",-0.1,16,0.475,0,1.1,0.894840035328847,NA,1
"883","DERM_BBWQ","LSC3",0.5,11,0.672727272727273,0,1.2,0.66839318679566,NA,0.220671361919847
"884","DERM_BBWQ","LSC4",0,20,0.595,0,1.2,0.815146568407213,NA,1
"885","DERM_BBWQ","LSC5",0.05,21,0.60952380952381,0,1.2,0.771102061125423,NA,1
"886","DERM_BBWQ","LSC6",NA,10,0.53,0,1.2,0.915953043257908,NA,NA
"887","DERM_BBWQ","LSC7",0.05,23,0.626086956521739,0,1.2,0.741723884601038,NA,1
"888","DERM_BBWQ","LSC8",0.5,14,0.585714285714286,0,1.1,0.791953770571241,NA,0.220671361919847
"889","DERM_BBWQ","LSC9",0,18,0.527777777777778,0,1.1,0.824119065421101,NA,1
"890","DERM_BBWQ","LSD1",NA,15,0.513333333333333,0,1.2,0.892304602180257,NA,NA
"891","DERM_BBWQ","LSD2",-0.05,16,0.46875,0,1.1,0.904153379318649,NA,1
"892","DERM_BBWQ","LSD3",-0.05,16,0.55,0,1.1,0.878265257344814,NA,1
"893","DERM_BBWQ","LSD4",NA,15,0.653333333333333,0.1,1.2,0.649040098395073,NA,NA
"894","DERM_BBWQ","LSD5",0.05,22,0.636363636363636,0.1,1.3,0.785782309980524,NA,0.843668949551966
"895","DERM_BBWQ","LSD6",-4.16333634234434e-17,23,0.665217391304348,0,1.3,0.757906094605005,NA,1
"896","DERM_BBWQ","LSD7",NA,13,0.684615384615385,0,2,0.911890804106859,NA,NA
"897","DERM_BBWQ","LSD8",NA,13,0.646153846153846,0.1,1.2,0.798225900392517,NA,NA
"898","DERM_BBWQ","LSD9",0.15,25,0.568,0,1.2,0.79991083034755,NA,0.554113130069446
"899","DERM_BBWQ","LSE1",NA,18,0.65,0.1,1.2,0.750449453447004,NA,NA
"900","DERM_BBWQ","LSE2",0.1,19,0.636842105263158,0,1.2,0.77141381080845,NA,0.843668949551966
"901","DERM_BBWQ","LSE3",0,12,0.825,0,1.3,0.662143433130037,NA,0.757019561862156
"902","DERM_BBWQ","LSE4",-0.1,28,0.667857142857143,0,1.2,0.725631062222688,NA,0.606147749086318
"903","DERM_BBWQ","LSE5",0.05,20,0.64,0,1.4,0.825864280139616,NA,1
"904","DERM_BBWQ","LSE6",-0.05,14,0.685714285714286,0,2,0.909573371393819,NA,1
"905","DERM_BBWQ","LSE7",0.05,19,0.6,0,1.3,0.848018751248542,NA,1
"906","DERM_BBWQ","LSE8",0,20,0.77,0,1.3,0.641926112472179,NA,1
"907","DERM_BBWQ","LSE9",-0.05,14,0.6,0,1.2,0.87461835388772,NA,1
"908","DERM_BBWQ","LSF1",0.1,20,0.675,0,1.4,0.78078875092351,NA,1
"909","DERM_BBWQ","LSF2",NA,11,0.645454545454546,0,1.3,0.829600181424546,NA,NA
"910","DERM_BBWQ","LSF3",0.5,17,0.776470588235294,0,1.5,0.701760134591142,NA,0.805732790848439
"911","DERM_BBWQ","LSF4",0,20,0.68,0,1.3,0.76130465326734,NA,0.899741298687171
"912","DERM_BBWQ","LSF5",0.05,27,0.692592592592593,0,2,0.839924520024981,NA,0.810538296562702
"913","DERM_BBWQ","LSF6",0.4,20,0.645,0.1,1.2,0.677621044630501,NA,0.553616991965781
"914","DERM_BBWQ","LSF7",NA,13,0.569230769230769,0,1.2,0.870687046975898,NA,NA
"915","DERM_BBWQ","LSF8",-0.05,19,0.568421052631579,0,1.2,0.827356251020519,NA,1
"916","DERM_BBWQ","LSF9",0.05,17,0.623529411764706,0.1,1.3,0.786767849486368,NA,0.680564100975312
"917","DERM_BBWQ","LSG1",NA,11,0.627272727272727,0,1.3,0.82249409380343,NA,NA
"918","DERM_BBWQ","LSG2",-0.1,20,0.725,0.1,1.5,0.685833330450094,NA,0.564183477206916
"919","DERM_BBWQ","LSG3",0,28,0.785714285714286,0,1.5,0.682062806845821,NA,1
"920","DERM_BBWQ","LSG4",0,10,0.75,0.1,1.3,0.730972631262157,NA,1
"921","DERM_BBWQ","LSG5",NA,20,0.715,0,1.4,0.741841841197818,NA,NA
"922","DERM_BBWQ","LSG6",NA,14,0.771428571428571,0.1,1.3,0.675354908474462,NA,NA
"923","DERM_BBWQ","LSG7",0,37,0.694594594594595,0,2,0.822812817274271,NA,0.922584558153676
"924","DERM_BBWQ","LSG8",0.2,17,0.676470588235294,0,1.3,0.791817798063931,NA,0.475532659596901
"925","DERM_BBWQ","LSG9",0.1,25,0.804,0,1.5,0.634694070754879,NA,0.824778095082513
"926","DERM_BBWQ","LSH1",-0.1,31,0.816129032258065,0,1.5,0.631233257630741,NA,0.534158966099566
"927","DERM_BBWQ","LSH2",NA,5,0.66,0,1.2,0.854416495749799,NA,NA
"928","DERM_BBWQ","LSH3",NA,5,0.72,0.2,1.1,0.661729402753978,NA,NA
"929","DERM_BBWQ","LSH4",0.1,37,0.748648648648649,0,2,0.71836770966003,NA,0.662520583540057
"930","DERM_BBWQ","LSH5",0,17,0.670588235294118,0,1.3,0.770845031230646,NA,1
"931","DERM_BBWQ","LSH6",0,19,0.678947368421053,0,1.4,0.774060325506645,NA,0.867266527968333
"932","DERM_BBWQ","LSH7",0.05,22,0.554545454545455,0,1.2,0.804003241868831,NA,0.772829992684448
"933","DERM_BBWQ","LSH8",0,18,0.577777777777778,0,1.2,0.879633819329724,NA,1
"934","DERM_BBWQ","LSH9",NA,17,0.694117647058824,0,1.3,0.768218118668905,NA,NA
"935","DERM_BBWQ","LSI1",-0.1,26,0.773076923076923,0.1,1.5,0.695682513116054,NA,1
"936","DERM_BBWQ","LSI2",NA,11,0.581818181818182,0,1.2,0.902362350998755,NA,NA
"937","DERM_BBWQ","LSI3",-0.05,25,0.616,0,2.1,0.894920873528423,NA,0.855449462444613
"938","DERM_BBWQ","LSI4",NA,20,0.8,0,1.5,0.683450995432661,NA,NA
"939","DERM_BBWQ","LSI5",NA,24,0.804166666666667,0,1.4,0.68059145711327,NA,NA
"940","DERM_BBWQ","LSI6",NA,3,0.833333333333333,0.1,1.4,0.798999374217527,NA,NA
"941","DERM_BBWQ","LSI7",0.1,29,0.8,0,1.5,0.686281387520558,NA,0.662520583540057
"942","DERM_BBWQ","LSI8",0.0999999999999999,27,0.844444444444444,0,1.5,0.637998748885764,NA,0.531167836546014
"943","DERM_BBWQ","LSI9",0,27,0.818518518518519,0,1.6,0.693627046919018,NA,0.82774793300177
"944","DERM_BBWQ","LSJ1",NA,12,0.816666666666667,0,1.5,0.704061466195021,NA,NA
"945","DERM_BBWQ","LSJ2",-0.0499999999999999,36,0.775,0,1.6,0.686509127558331,NA,0.807181965920551
"946","DERM_BBWQ","LSJ3",NA,13,0.730769230769231,0,1.4,0.776882041478107,NA,NA
"947","DERM_BBWQ","LSJ4",0.1,29,0.768965517241379,0,1.4,0.655869154564019,NA,0.55510049301553
"948","DERM_BBWQ","LSJ5",-0.1,22,0.818181818181818,0,1.4,0.653997790466705,NA,0.600990704060921
"949","DERM_BBWQ","LSJ6",0,30,0.883333333333333,0,2.3,0.709217287195646,NA,1
"950","DERM_BBWQ","LSJ7",NA,9,0.666666666666667,0,1.3,0.85841423566947,NA,NA
"951","DERM_BBWQ","LSJ8",NA,17,0.688235294117647,0,1.3,0.733513117244469,NA,NA
"952","DERM_BBWQ","LSJ9",NA,19,0.610526315789474,0,1.2,0.822406563981818,NA,NA
"953","DERM_BBWQ","LSK1",NA,16,0.48125,0,1,0.845653017979205,NA,NA
"954","DERM_BBWQ","LSK2",-0.05,15,0.546666666666667,0,1.2,0.860413789511541,NA,1
"955","DERM_BBWQ","LSK3",NA,14,0.771428571428571,0.1,1.4,0.655936116943905,NA,NA
"956","DERM_BBWQ","LSK4",NA,16,0.6625,0,1.3,0.765458156680412,NA,NA
"957","DERM_BBWQ","LSK5",0,39,0.682051282051282,0,1.3,0.732211591651571,NA,1
"958","DERM_BBWQ","LSK6",0.0999999999999999,15,0.906666666666667,0,1.4,0.545874972784072,NA,0.824778095082513
"959","DERM_BBWQ","LSK7",NA,20,0.85,0,1.4,0.614876581688091,NA,NA
"960","DERM_BBWQ","LSK8",-0.1,28,0.835714285714286,0,2.3,0.799854695775695,NA,0.244403549864982
"961","DERM_BBWQ","LSK9",0,18,0.727777777777778,0,1.5,0.746380565729829,NA,1
"962","DERM_BBWQ","LSL1",0.1,34,0.814705882352941,0,1.6,0.713880920137097,NA,0.712457800718954
"963","DERM_BBWQ","LSL2",0,14,0.785714285714286,0,1.4,0.693260628329719,NA,1
"964","DERM_BBWQ","LSL3",NA,11,0.8,0.1,1.4,0.670820393249937,NA,NA
"965","DERM_BBWQ","LSL4",NA,14,0.635714285714286,0,1.3,0.822264545414635,NA,NA
"966","DERM_BBWQ","LSL5",-0.9,29,0.906896551724138,0,2.4,0.718201389517318,NA,0.50655516904904
"967","DERM_BBWQ","LSL6",-0.05,19,0.726315789473684,0,1.3,0.695773774932905,NA,1
"968","DERM_BBWQ","LSL7",NA,18,0.755555555555556,0,1.3,0.726662135205979,NA,NA
"969","DERM_BBWQ","LSL8",0,16,0.79375,0.1,1.5,0.696862997943457,NA,1
"970","DERM_BBWQ","LSL9",0,39,0.792307692307692,0,1.5,0.664956224080611,NA,0.942184052738019
"971","DERM_BBWQ","M1",0,35,0.757142857142857,0,1.6,0.727851470618758,NA,0.769026210425674
"972","DERM_BBWQ","M2",0,39,0.858974358974359,0,1.8,0.660029491955135,NA,1
"973","DERM_BBWQ","M3",0,36,1.11388888888889,0,2.4,0.787090934253333,NA,1
"974","DERM_BBWQ","MBA1",0,17,0.629411764705882,0,1.1,0.716638719467868,NA,1
"975","DERM_BBWQ","MBA2",NA,11,0.6,0,1.2,0.869226987360353,NA,NA
"976","DERM_BBWQ","MBA3",NA,16,0.625,0,1.2,0.847647725571577,NA,NA
"977","DERM_BBWQ","MBA4",NA,18,0.85,0,1.6,0.685103631247525,NA,NA
"978","DERM_BBWQ","MBA5",0,18,0.877777777777778,0,1.9,0.659157943023453,NA,1
"979","DERM_BBWQ","MBA6",0,26,0.815384615384615,0,1.7,0.681244437499541,NA,1
"980","DERM_BBWQ","MBA7",0,14,0.735714285714286,0,1.4,0.688146556536668,NA,1
"981","DERM_BBWQ","MBA8",NA,3,0.933333333333333,0.1,1.7,0.859372101108283,NA,NA
"982","DERM_BBWQ","MBA9",NA,15,0.966666666666667,0.1,1.6,0.528449983523306,NA,NA
"983","DERM_BBWQ","MBB1",NA,13,0.738461538461539,0.1,1.3,0.678297522430375,NA,NA
"984","DERM_BBWQ","MBB2",NA,15,0.806666666666667,0,1.5,0.684576368078248,NA,NA
"985","DERM_BBWQ","MBB3",-0.0499999999999999,10,0.69,0,1.6,0.849060444466679,NA,0.8571364155923
"986","DERM_BBWQ","MBB4",NA,30,0.866666666666667,0,1.6,0.652244879614294,NA,NA
"987","DERM_BBWQ","MBB5",NA,15,0.9,0.1,1.8,0.660019774167993,NA,NA
"988","DERM_BBWQ","MBB6",0,29,0.889655172413793,0,1.6,0.652895771789197,NA,1
"989","DERM_BBWQ","MBB7",0,24,0.883333333333333,0,2,0.707899830077933,NA,1
"990","DERM_BBWQ","MBB8",NA,6,0.9,0.1,1.7,0.753592220347252,NA,NA
"991","DERM_BBWQ","MBB9",NA,9,0.866666666666667,0.1,1.6,0.682624590357648,NA,NA
"992","DERM_BBWQ","MBC1",0.2,11,0.9,0,1.5,0.651683479938452,NA,0.767096868410277
"993","DERM_BBWQ","MBC2",0,21,0.885714285714286,0.1,1.8,0.659576851708012,NA,1
"994","DERM_BBWQ","MBC3",NA,6,0.866666666666667,0.1,1.6,0.691024451737714,NA,NA
"995","DERM_BBWQ","MBC4",0.05,24,0.85,0,1.6,0.671812047906072,NA,0.875594724383905
"996","DERM_BBWQ","MBC5",0,30,0.913333333333333,0,2.1,0.704150974464985,NA,1
"997","DERM_BBWQ","MBC6",NA,9,0.855555555555556,0.1,1.5,0.664054307106207,NA,NA
"998","DERM_BBWQ","MBC7",0.15,15,0.706666666666667,0,1.3,0.762927042232292,NA,1
"999","DERM_BBWQ","MBC8",0.05,27,0.859259259259259,0,1.7,0.712498826583926,NA,0.896416967667313
"1000","DERM_BBWQ","MBC9",NA,9,0.777777777777778,0.1,1.4,0.697663739832845,NA,NA
"1001","DERM_BBWQ","MBD1",NA,10,0.25,0,0.5,0.659966329107444,NA,NA
"1002","DERM_BBWQ","MBD2",0.0999999999999999,15,0.766666666666667,0,1.6,0.761623406507793,NA,0.63859207768502
"1003","DERM_BBWQ","MBD3",0,15,0.813333333333333,0,1.6,0.747688109520362,NA,1
"1004","DERM_BBWQ","MBD4",0,27,0.844444444444444,0,1.6,0.648064205924896,NA,1
"1005","DERM_BBWQ","MBD5",NA,6,0.883333333333333,0,1.6,0.745509877104316,NA,NA
"1006","DERM_BBWQ","MBD6",NA,21,0.838095238095238,0,1.5,0.647487994081233,NA,NA
"1007","DERM_BBWQ","MBD7",NA,16,0.8125,0,1.5,0.758530708865444,NA,NA
"1008","DERM_BBWQ","MBD8",0,24,0.870833333333333,0.1,1.7,0.609971360493522,NA,1
"1009","DERM_BBWQ","MBD9",NA,14,0.878571428571429,0.1,1.5,0.59425363063899,NA,NA
"1010","DERM_BBWQ","MBE1",0,24,0.9125,0,1.8,0.710447876418053,NA,0.775703543440992
"1011","DERM_BBWQ","MBE2",0,24,0.883333333333333,0.1,1.6,0.647895636431969,NA,0.894625809546728
"1012","DERM_BBWQ","MBE3",0,23,0.869565217391304,0.1,1.7,0.698171312657704,NA,1
"1013","DERM_BBWQ","MBE4",NA,12,0.908333333333333,0.1,1.6,0.682630684058062,NA,NA
"1014","DERM_BBWQ","MBE5",0,15,0.873333333333333,0.1,1.6,0.714377278172295,NA,1
"1015","DERM_BBWQ","MBE6",NA,11,0.809090909090909,0,1.9,0.778660602766844,NA,NA
"1016","DERM_BBWQ","MBE7",NA,9,0.833333333333333,0.1,1.5,0.694550214167413,NA,NA
"1017","DERM_BBWQ","MBE8",-0.1,15,0.9,0,1.8,0.742986015140854,NA,0.824778095082513
"1018","DERM_BBWQ","MBE9",0.1,21,0.89047619047619,0,1.7,0.676509690062227,NA,0.627932089233878
"1019","DERM_BBWQ","MBF1",0.1,18,0.894444444444444,0,1.7,0.687557291968956,NA,0.662520583540057
"1020","DERM_BBWQ","MBF2",NA,9,1.05555555555556,0.2,2,0.536145058305778,NA,NA
"1021","DERM_BBWQ","MBF3",NA,23,0.773913043478261,0,1.5,0.686190279899382,NA,NA
"1022","DERM_BBWQ","MBF4",NA,3,1,0.1,1.9,0.9,NA,NA
"1023","DERM_BBWQ","MBF5",0,18,0.855555555555556,0.1,1.6,0.673500503915785,NA,1
"1024","DERM_BBWQ","MBF6",0,21,0.904761904761905,0,1.8,0.671829271941257,NA,1
"1025","DERM_BBWQ","MBF7",0,24,0.841666666666667,0,1.6,0.685587809771247,NA,1
"1026","DERM_BBWQ","MBF8",0.2,17,0.829411764705882,0,1.6,0.718065405561115,NA,0.473920420172139
"1027","DERM_BBWQ","MBF9",NA,21,0.880952380952381,0.1,1.5,0.575031996441996,NA,NA
"1028","DERM_BBWQ","MBG1",NA,6,0.866666666666667,0.1,1.4,0.706269472685417,NA,NA
"1029","DERM_BBWQ","MBG2",NA,18,0.827777777777778,0.1,1.5,0.664016668196717,NA,NA
"1030","DERM_BBWQ","MBG3",NA,10,0.57,0.1,1.1,0.814735532485058,NA,NA
"1031","DERM_BBWQ","MBG4",NA,6,0.85,0.1,1.4,0.625855815448018,NA,NA
"1032","DERM_BBWQ","MBG5",0.1,26,0.815384615384615,0,1.5,0.668766125792475,NA,0.692379268389818
"1033","DERM_BBWQ","MBG6",0,17,0.805882352941176,0,1.5,0.687358159388198,NA,1
"1034","DERM_BBWQ","MBG7",-0.3,12,0.658333333333333,0,1.3,0.751046232436107,NA,0.386476230771233
"1035","DERM_BBWQ","MBG8",NA,13,0.707692307692308,0.1,1.3,0.726175903603366,NA,NA
"1036","DERM_BBWQ","MBG9",0,34,0.858823529411765,0,1.8,0.68743626693356,NA,1
"1037","DERM_BBWQ","MBH1",0,35,0.825714285714286,0,1.6,0.671310702452367,NA,1
"1038","DERM_BBWQ","MBH2",0,21,0.804761904761905,0,1.6,0.721861964584649,NA,1
"1039","DERM_BBWQ","MBH3",NA,12,0.941666666666667,0.1,1.9,0.725153363302541,NA,NA
"1040","DERM_BBWQ","MBH4",NA,12,0.933333333333333,0.1,1.8,0.67351155206178,NA,NA
"1041","DERM_BBWQ","MBH5",NA,6,0.833333333333333,0,1.5,0.768999349804667,NA,NA
"1042","DERM_BBWQ","MBH6",0,21,0.876190476190476,0,1.6,0.688486360655804,NA,1
"1043","DERM_BBWQ","MBH7",NA,12,0.925,0.1,1.8,0.733405973297263,NA,NA
"1044","DERM_BBWQ","MBH8",0,21,0.947619047619048,0.1,1.7,0.596599032682616,NA,1
"1045","DERM_BBWQ","MBH9",NA,15,0.92,0.1,1.8,0.676562613528345,NA,NA
"1046","DERM_BBWQ","MBI1",NA,18,0.872222222222222,0,1.7,0.727031032244983,NA,NA
"1047","DERM_BBWQ","MBI2",NA,9,0.877777777777778,0.1,1.6,0.715497861319624,NA,NA
"1048","DERM_BBWQ","MBI3",NA,24,0.966666666666667,0.1,1.9,0.711280151604184,NA,NA
"1049","DERM_BBWQ","MBI4",-0.05,30,0.876666666666667,0,1.8,0.675624296931086,NA,0.762792055812661
"1050","DERM_BBWQ","MBI5",NA,12,0.908333333333333,0.1,1.7,0.709540035624659,NA,NA
"1051","DERM_BBWQ","MBI6",NA,4,0.45,0,0.9,1.03438815139029,NA,NA
"1052","DERM_BBWQ","MBI7",NA,17,0.552941176470588,0,1.4,0.874648283447374,NA,NA
"1053","DERM_BBWQ","MBI8",NA,11,0.772727272727273,0,1.5,0.774507321912131,NA,NA
"1054","DERM_BBWQ","MBI9",NA,21,0.847619047619048,0,1.7,0.681435432158458,NA,NA
"1055","DERM_BBWQ","MBJ1",0.2,18,0.855555555555556,0,1.7,0.682979475936949,NA,0.692379268389818
"1056","DERM_BBWQ","MBJ2",0.05,36,0.908333333333333,0,1.9,0.689471711527768,NA,1
"1057","DERM_BBWQ","MBJ3",NA,9,0.677777777777778,0.1,1.2,0.624996640678959,NA,NA
"1058","DERM_BBWQ","MBJ4",NA,5,0.76,0.1,1.4,0.759291476118606,NA,NA
"1059","DERM_BBWQ","MBJ5",NA,21,0.728571428571429,0,1.4,0.70941382412257,NA,NA
"1060","DERM_BBWQ","MBJ6",0.3,14,0.664285714285714,0.1,1.3,0.775742866623513,NA,0.553616991965781
"1061","DERM_BBWQ","MBJ7",NA,5,0.68,0.1,1.2,0.787829131528169,NA,NA
"1062","DERM_BBWQ","MBJ8",-0.1,23,0.860869565217391,0,1.8,0.719263881419494,NA,0.824778095082513
"1063","DERM_BBWQ","MBJ9",NA,6,0.416666666666667,0,1,0.864222193651609,NA,NA
"1064","DERM_BBWQ","MBK1",0,13,0.753846153846154,0.1,1.4,0.699035451365467,NA,1
"1065","DERM_BBWQ","MBK2",NA,16,0.68125,0.1,1.3,0.784497553263558,NA,NA
"1066","DERM_BBWQ","MBK3",0,15,0.78,0,1.5,0.715786907512481,NA,0.860177112415032
"1067","DERM_BBWQ","MBK4",0.05,21,0.823809523809524,0,1.7,0.67247323709019,NA,0.752427487169168
"1068","DERM_BBWQ","MBK5",NA,14,0.778571428571429,0.1,1.3,0.651381116603145,NA,NA
"1069","DERM_BBWQ","MBK6",NA,12,0.891666666666667,0.1,1.7,0.658222888261882,NA,NA
"1070","DERM_BBWQ","MBK7",NA,21,0.842857142857143,0,1.6,0.687287613116063,NA,NA
"1071","DERM_BBWQ","MBK8",-0.1,20,0.705,0,1.9,0.793732781025453,NA,1
"1072","DERM_BBWQ","MBK9",NA,9,0.811111111111111,0,1.5,0.722692002537081,NA,NA
"1073","DERM_BBWQ","MBL1",NA,18,0.838888888888889,0.1,1.5,0.675737256367633,NA,NA
"1074","DERM_BBWQ","MBL2",NA,5,0.76,0.1,1.4,0.759291476118606,NA,NA
"1075","DERM_BBWQ","MBL3",NA,9,0.866666666666667,0,1.5,0.725181062883262,NA,NA
"1076","DERM_BBWQ","MBL4",0.1,20,0.805,0,1.5,0.683348677585757,NA,0.716800516994495
"1077","DERM_BBWQ","MBL5",0,32,0.70625,0,1.4,0.737877892688521,NA,1
"1078","DERM_BBWQ","MBL6",0,12,0.85,0.1,1.6,0.629564177658243,NA,1
"1079","DERM_BBWQ","MBL7",NA,26,0.803846153846154,0,1.4,0.652113616738159,NA,NA
"1080","DERM_BBWQ","MBL8",0.1,10,0.79,0.1,1.7,0.776761046919492,NA,0.365322827110141
"1081","DERM_BBWQ","MBL9",-0.25,10,0.74,0,1.8,0.840787214077124,NA,0.398985365108981
"1082","DERM_BBWQ","MI01",0,647,1.95875270479134,0,32.6,2.24867330601909,NA,0.123353775422801
"1083","DERM_BBWQ","MI02",0.4,820,6.68875101761789,0,33.16667,1.57179630314546,0.4,5.74068948012895e-06
"1084","DERM_BBWQ","MI03",0.4,933,NA,NA,NA,NA,0.4,1.72354002353198e-08
"1085","DERM_BBWQ","MR01",0.9,929,6.64063297452577,0,32,1.50242662439229,0.9,4.81641544686807e-11
"1086","DERM_BBWQ","MR02",0.1,526,3.93505618927757,0,30.4,1.76502537631354,0.1,2.59978254401672e-05
"1087","DERM_BBWQ","MR03",0.5,930,6.60777273835964,0,30.7,1.49516728016709,0.5,1.14530610580806e-10
"1088","DERM_BBWQ","MR04",0.1,597,3.69243551090266,0,30.962,1.78324765162092,0.1,1.04863294324803e-05
"1089","DERM_BBWQ","MR05",1.25,714,7.90651435885777,0,30.667,1.3564631296558,1.25,2.89411174222624e-15
"1090","DERM_BBWQ","MR06",0.1,764,3.4013296351766,0,30.503,1.75416913289699,0.1,0.000774328871462038
"1091","DERM_BBWQ","MR07",1,916,6.46617955361839,0,30.5,1.51980212054975,1,4.4927798658288e-15
"1092","DERM_BBWQ","MR08",0.4,944,5.92808786722928,0,30.6,1.65307610396331,0.4,4.77216527760253e-07
"1093","DERM_BBWQ","MR09",NA,3,0.766666666666667,0.1,1.2,0.764278079619433,NA,NA
"1094","DERM_BBWQ","MR10",NA,86,1.23488372093023,0.1,2.6,0.787259325098674,NA,NA
"1095","DERM_BBWQ","MR11",NA,40,25.9932721667222,20.33333,30.3,0.116939929067037,NA,NA
"1096","DERM_BBWQ","MR12",NA,69,1.11608695652174,0.1,3.11,1.06227796930465,NA,NA
"1097","DERM_BBWQ","MR15",0.7905,915,5.88498117546084,0,29.44444,1.63455659073808,0.7905,1.28173831604946e-11
"1098","DERM_BBWQ","MR16",NA,9,1.25555555555556,0,4,1.01693892346698,NA,NA
"1099","DERM_BBWQ","MW01",0.1,807,3.77682363211758,0,33.4,1.87054671610442,0.1,0.000281145305747982
"1100","DERM_BBWQ","MW03",NA,3,1.63333333333333,0.1,3.8,1.18138413374745,NA,NA
"1101","DERM_BBWQ","MW04",0.5,945,6.23045266902293,0,31.94444,1.5815404224893,0.5,3.14311988240995e-13
"1102","DERM_BBWQ","MW05",0.4,887,5.87586552799449,0,30.2,1.69441039549977,0.4,2.17760706892293e-07
"1103","DERM_BBWQ","MW07",NA,12,1.075,0.1,2.8,0.845274750949159,NA,NA
"1104","DERM_BBWQ","MW13",0.4,945,5.52617595178483,0,30.1,1.73112016540597,0.4,3.26179007616892e-10
"1105","DERM_BBWQ","NNH",NA,65,1.64923076923077,0,4.2,0.971280932474237,NA,NA
"1106","DERM_BBWQ","NO03",0,147,0.966666666666667,0,2.9,0.760315022921705,NA,1
"1107","DERM_BBWQ","NO04",NA,66,0.731030303030303,0.1,1.967,0.885392967543676,NA,NA
"1108","DERM_BBWQ","NO07",0,519,0.906383429672447,0,2,0.721395139171612,NA,0.398342597929832
"1109","DERM_BBWQ","NO07A",NA,380,12.6746877602456,0.1,29.88889,1.00834219002941,NA,NA
"1110","DERM_BBWQ","OC01",NA,41,26.4178537128185,20.3333333333333,30,0.11420359662471,NA,NA
"1111","DERM_BBWQ","OL01",NA,51,27.0126927453595,20.8888888888889,31.33333,0.114604458885419,NA,NA
"1112","DERM_BBWQ","OL02",NA,285,17.6214471150253,0.1,31.8,0.73109708274474,NA,NA
"1113","DERM_BBWQ","OL03",0.4,729,NA,NA,NA,NA,0.4,2.06678621581436e-14
"1114","DERM_BBWQ","OL06",NA,33,0.245454545454545,0,0.9,0.900055249028167,NA,NA
"1115","DERM_BBWQ","OSC1",NA,52,26.1499188248505,20.4444444444444,30.2,0.116632188977375,NA,NA
"1116","DERM_BBWQ","OSC2",NA,55,26.1878869291718,21.7777777777778,28.33333333,0.0746467906029618,NA,NA
"1117","DERM_BBWQ","OSC3",NA,40,26.2755276946668,21.1111111111111,28.55555556,0.0847902829508412,NA,NA
"1118","DERM_BBWQ","PR01",0.1,786,3.46984634718688,0,32.6,1.95237250539944,0.1,9.43406873756785e-05
"1119","DERM_BBWQ","PR02",NA,3,1.03333333333333,0.1,2,0.919779188992468,NA,NA
"1120","DERM_BBWQ","PR03",0.4,941,6.11273770928799,0,31.33333,1.58745453449864,0.4,2.27780000689152e-07
"1121","DERM_BBWQ","PR04A",0.4,913,5.7319231276646,0,28.44444,1.70938810828649,0.4,1.87630940545434e-05
"1122","DERM_BBWQ","PR07",NA,86,0.944186046511628,0,2.3,0.712534449238604,NA,NA
"1123","DERM_BBWQ","PR08",0.4,945,5.58705316638213,0,29.9,1.74516581842222,0.4,2.56381432356244e-09
"1124","DERM_BBWQ","PR09",NA,3,0.8,0.1,1.4,0.81967981553775,NA,NA
"1125","DERM_BBWQ","SK01",0.5,926,NA,NA,NA,NA,0.5,2.11243767312384e-10
"1126","DERM_BBWQ","SK02",0.613,941,6.55003603849333,0,31.72222,1.49555558361356,0.613,8.57504302919469e-13
"1127","DERM_BBWQ","SK05",23.85,304,13.9839040314072,0,30.83333,0.914274816454779,23.85,3.20786710243026e-18
"1128","DERM_BBWQ","SK07",NA,85,NA,NA,NA,NA,NA,NA
"1129","DERM_BBWQ","SK09",0.5,938,6.15474637052831,0,29.5,1.58618291035522,0.5,1.94272170789324e-10
"1130","DERM_BBWQ","SK10",NA,152,25.305121535095,21.4,28.8,0.0654975822855643,NA,NA
"1131","DERM_BBWQ","SP01",0.5,930,6.00951508960454,0,31.4,1.62594370455676,0.5,2.28678440327123e-09
"1132","DERM_BBWQ","SP03",24.0555555555558,43,24.9009296381654,0.1,30.44444,0.277782419198425,NA,0.138640633813219
"1133","DERM_BBWQ","SP04",0.4,929,6.45980767970219,0,30.3,1.51452827096345,0.4,6.29087843280459e-10
"1134","DERM_BBWQ","SP05",NA,40,26.5991436388333,21.33333,30.5,0.0960294686200207,NA,NA
"1135","DERM_BBWQ","SP08",0.5,932,6.10776874701955,0,29.44444,1.56939200679069,0.5,3.39747357822216e-09
"1136","DERM_BBWQ","SP15",NA,1,0.1,0.1,0.1,NA,NA,NA
"1137","DERM_BBWQ","TCA1",-0.05,14,0.428571428571429,0,1.1,0.850841714969138,NA,1
"1138","DERM_BBWQ","TCA2",0.25,22,0.313636363636364,0,0.7,0.782825929005084,NA,0.698535358303339
"1139","DERM_BBWQ","TCA3",0.1,10,0.38,0,0.8,0.943135442506359,NA,0.784191229401619
"1140","DERM_BBWQ","TCA4",0,14,0.485714285714286,0.1,1,0.806960008725789,NA,1
"1141","DERM_BBWQ","TCA5",0.1,22,0.468181818181818,0,1,0.839973500026255,NA,0.73583506867579
"1142","DERM_BBWQ","TCA6",-0.05,14,0.371428571428571,0,0.9,0.892491309408187,NA,1
"1143","DERM_BBWQ","TCA7",-4.16333634234434e-17,16,0.4875,0,1.1,0.873101082788837,NA,1
"1144","DERM_BBWQ","TCA8",-0.05,16,0.525,0,1.1,0.824419445746257,NA,1
"1145","DERM_BBWQ","TCA9",0,16,0.45625,0,1,0.846866406791915,NA,1
"1146","DERM_BBWQ","TCB1",NA,6,0.216666666666667,0,0.4,0.739422451735256,NA,NA
"1147","DERM_BBWQ","TCB2",NA,18,0.261111111111111,0,0.5,0.671596997136273,NA,NA
"1148","DERM_BBWQ","TCB3",-4.16333634234434e-17,16,0.3875,0,0.8,0.847431900230905,NA,1
"1149","DERM_BBWQ","TCB4",0.15,22,0.440909090909091,0,0.9,0.838924454023049,NA,0.58654354349416
"1150","DERM_BBWQ","TCB5",0.05,10,0.39,0.1,0.8,0.796753585396336,NA,1
"1151","DERM_BBWQ","TCB6",0,30,0.406666666666667,0,0.8,0.772047789604821,NA,0.779106124760869
"1152","DERM_BBWQ","TCB7",NA,14,0.571428571428571,0.1,1,0.698074274205612,NA,NA
"1153","DERM_BBWQ","TCB8",0.1,14,0.414285714285714,0,1,0.969487856794863,NA,0.63859207768502
"1154","DERM_BBWQ","TCB9",0,12,0.466666666666667,0,1,0.834106011601632,NA,1
"1155","DERM_BBWQ","TCC1",NA,16,0.3625,0,0.8,0.853985086023297,NA,NA
"1156","DERM_BBWQ","TCC2",NA,8,0.5,0,1,1.01980390271856,NA,NA
"1157","DERM_BBWQ","TCC3",0.15,12,0.516666666666667,0.1,1,0.824605064524645,NA,1
"1158","DERM_BBWQ","TCC4",0.05,20,0.42,0,1,0.816057957967828,NA,0.811597509074705
"1159","DERM_BBWQ","TCC5",NA,10,0.36,0.1,0.8,0.798661431586957,NA,NA
"1160","DERM_BBWQ","TCC6",0.0999999999999999,24,0.7125,0,1.2,0.665179601262983,NA,0.781262685325686
"1161","DERM_BBWQ","TCC7",NA,11,0.309090909090909,0,0.9,0.93156860681549,NA,NA
"1162","DERM_BBWQ","TCC8",0.1,29,0.603448275862069,0,1.1,0.73108091227411,NA,0.521564687882976
"1163","DERM_BBWQ","TCC9",NA,18,0.466666666666667,0,1,0.923873052192035,NA,NA
"1164","DERM_BBWQ","TCD1",0.15,18,0.527777777777778,0.1,1,0.705378669899019,NA,0.683920610705076
"1165","DERM_BBWQ","TCD2",0.05,29,0.562068965517241,0,1.1,0.789113037848867,NA,0.867143916775089
"1166","DERM_BBWQ","TCD3",NA,11,0.563636363636364,0,1.2,0.862895688842575,NA,NA
"1167","DERM_BBWQ","TCD4",-0.1,12,0.508333333333333,0,1.2,0.844916766280156,NA,1
"1168","DERM_BBWQ","TCD5",0.0499999999999999,14,0.642857142857143,0.1,1.2,0.768664558945277,NA,1
"1169","DERM_BBWQ","TCD6",NA,8,0.5875,0.1,1.2,0.810906703923347,NA,NA
"1170","DERM_BBWQ","TCD7",0,26,0.619230769230769,0,1.2,0.750567600247685,NA,1
"1171","DERM_BBWQ","TCD8",0.05,22,0.531818181818182,0,1.1,0.867302301465765,NA,1
"1172","DERM_BBWQ","TCD9",NA,11,0.6,0,1.2,0.875595035770913,NA,NA
"1173","DERM_BBWQ","TM02",0.5,921,6.81070350102908,0,30.72222,1.42502714021741,0.5,6.70701411547984e-08
"1174","DERM_BBWQ","TM03",0,545,1.79071743119266,0,5.9,1.01188668251946,0,0.00576242534352533
"1175","DERM_BBWQ","TM03A",NA,396,12.7030038467957,0.1,30.94444,0.997544827165771,NA,NA
"1176","DERM_BBWQ","TM05",NA,588,8.45089187642479,0,29.44444,1.33679193007981,NA,NA
"1177","DERM_BBWQ","TM06",NA,40,25.8130113331111,22.7777777777778,28,0.0636660181740318,NA,NA
"1178","DERM_BBWQ","TM07",NA,15,1.03333333333333,0,2.5,0.869173779697257,NA,NA
"1179","DERM_BBWQ","TM07A",NA,40,25.5051329998889,23.5555555555555,27.22222,0.0450244482714354,NA,NA
"1180","DERM_BBWQ","TM08",0.4,922,5.89698073511569,0,29.5,1.60596088305426,0.4,1.33409405076048e-08
"1181","DERM_BBWQ","WC02",0.4,930,5.59651509200239,0,30.3,1.79259956217472,0.4,1.95043567613104e-11
"1182","DERM_BBWQ","WC03",0.3,924,6.00939592111111,0,29.77778,1.72530040633659,0.3,5.81426019890233e-08
"1183","DERM_BBWQ","WC04",0.4,697,7.70355319783198,0,29.5,1.54957504882612,0.4,3.15897432970066e-18
"1184","FIU_Estuaries","Alligator Bay",-75,155,26609.6774193548,17000,33900,0.152633684535263,NA,0.0890359459064487
"1185","FIU_Estuaries","Blackwater River",-125.083333333333,168,26363.625,16180,33300,0.148281498399661,-125.083333333333,0.00250833020948816
"1186","FIU_Estuaries","Chevalier Bay",-80,167,26357.8443113772,15180,33800,0.151518868127173,NA,0.105173693777454
"1187","FIU_Estuaries","Chokoloskee",14.75,156,25935.5769230769,13740,33620,0.159275596775009,NA,0.833155687499197
"1188","FIU_Estuaries","Faka Union River",-66.5151515151515,168,25813.3928571429,16400,33590,0.139674176403438,NA,0.185968698539896
"1189","FIU_Estuaries","Fakahatchee Bay",1270,27,26123.3333333333,16680,33160,0.161438242016474,NA,0.109598583399116
"1190","FIU_Estuaries","First National",-11.4285714285714,117,25445.8974358974,15680,31940,0.169888297096885,NA,0.872554925702043
"1191","FIU_Estuaries","Garfield Bight",42.6136363636364,210,NA,NA,NA,NA,NA,0.203996342766445
"1192","FIU_Estuaries","Henderson Creek",116.666666666667,80,NA,NA,NA,NA,NA,0.303071951807476
"1193","FIU_Estuaries","Highway Creek",25,212,NA,NA,NA,NA,NA,0.309531463295489
"1194","FIU_Estuaries","Huston Bay",3.55769230769231,168,26471.8452380952,15600,33820,0.153513374500714,NA,0.899630044262645
"1195","FIU_Estuaries","Huston River",0,155,26397.5483870968,15180,33770,0.154339480416542,NA,1
"1196","FIU_Estuaries","Lopez Bay",15.5844155844156,168,26167.2023809524,15860,32520,0.151442827630547,NA,0.681940960045894
"1197","FIU_Estuaries","Rabbit Key Pass",-60.4545454545455,168,26450.5357142857,16200,33300,0.153466888367408,NA,0.111433378410995
"1198","FIU_Estuaries","Sunday Bay",24.375,168,26221.7857142857,15140,33830,0.151673352124935,NA,0.559952920449878
"1199","FIU_Estuaries","Upper Chatham River",-28,159,26447.7987421384,16900,33100,0.148724597554565,NA,0.645300295916206
"1200","FIU_Estuaries","Wigging Pass",NA,10,26208,18890,32360,0.197197416614279,NA,NA
"1201","FIU_Estuaries","Wiggins Pass",6.66666666666667,106,26136.2264150943,17740,36870,0.168135260495864,NA,1
"1202","FIU_WQMP","200-W",NA,62,27.4324451612903,23.74,32.46,0.0905080090031759,NA,NA
"1203","FIU_WQMP","201-W",NA,31,27.4825612903226,21.68,32.9,0.118549037938944,NA,NA
"1204","FIU_WQMP","203-W",NA,31,27.2915322580645,23.29,31.16,0.0891698077063441,NA,NA
"1205","FIU_WQMP","204-W",NA,32,27.4571625,21.11,32.99,0.121093105251524,NA,NA
"1206","FIU_WQMP","206-W",NA,32,27.44569375,23.48,31.45,0.0927933554263365,NA,NA
"1207","FIU_WQMP","207-W",NA,31,27.3491258064516,21.53,32.76,0.116516666702801,NA,NA
"1208","FIU_WQMP","209-W",NA,30,27.4365466666667,21.26,32.03,0.104369493731693,NA,NA
"1209","FIU_WQMP","210-W",NA,31,27.3168838709677,23.53,30.71,0.0845684683408456,NA,NA
"1210","FIU_WQMP","211-W",NA,29,27.1302862068966,21.16,32.08,0.125317921059387,NA,NA
"1211","FIU_WQMP","212-W",NA,31,26.9276838709677,21.82,31.91,0.120264068113513,NA,NA
"1212","FIU_WQMP","213-W",NA,57,27.3396280701754,23.47,30.8153,0.0843713153317454,NA,NA
"1213","FIU_WQMP","214-W",NA,31,27.0022709677419,20.93,32.05,0.125557309822396,NA,NA
"1214","FIU_WQMP","215-W",NA,31,26.8564193548387,20.89,31.88,0.127753464794055,NA,NA
"1215","FIU_WQMP","216-W",NA,31,27.457264516129,23.57,31.05,0.0851419862793217,NA,NA
"1216","FIU_WQMP","217-W",NA,31,27.1142548387097,20.72,32.4,0.126230274726802,NA,NA
"1217","FIU_WQMP","218-W",NA,29,27.3551965517241,22.75,31.68,0.102142491236911,NA,NA
"1218","FIU_WQMP","219-W",NA,30,27.4739266666667,23.73,30.6688,0.0826262991909807,NA,NA
"1219","FIU_WQMP","220-W",NA,31,27.1993903225806,21.52,32.47,0.123190613622225,NA,NA
"1220","FIU_WQMP","222-W",NA,31,27.4606419354839,23.91,31.01,0.0851532753077758,NA,NA
"1221","FIU_WQMP","223-W",NA,31,27.0837419354839,20.53,32.24,0.123983615470239,NA,NA
"1222","FIU_WQMP","224-W",NA,61,27.3589573770492,22.63,31.7,0.0977464327082191,NA,NA
"1223","FIU_WQMP","225-W",NA,31,27.3740838709677,23.92,30.9023,0.0825351261028311,NA,NA
"1224","FIU_WQMP","226-W",NA,30,27.2886433333333,20.63,32.84,0.119304812658844,NA,NA
"1225","FIU_WQMP","227-W",NA,29,27.3019413793103,21.64,31.64,0.109911097920473,NA,NA
"1226","FIU_WQMP","228-W",NA,31,27.5252806451613,23.72,31.18,0.084705449340094,NA,NA
"1227","FIU_WQMP","229-W",NA,31,27.3709129032258,21.97,32.33,0.10853369529825,NA,NA
"1228","FIU_WQMP","230-W",NA,29,27.4566206896552,22.74,31.2443,0.0971796915609155,NA,NA
"1229","FIU_WQMP","231-W",NA,30,27.4292233333333,23.74,31.0242,0.0841099471964124,NA,NA
"1230","FIU_WQMP","232-W",NA,30,27.8212366666667,21.71,31.75,0.0971916304568949,NA,NA
"1231","FIU_WQMP","235-W",NA,30,27.6282633333333,22.97,33,0.0955036161773772,NA,NA
"1232","FIU_WQMP","237-W",NA,61,27.6946983606557,23.91,31.43,0.0836161705246559,NA,NA
"1233","FIU_WQMP","238-W",NA,31,27.6106677419355,20.82,32.46,0.1102556244626,NA,NA
"1234","FIU_WQMP","239-W",NA,31,27.6738838709677,21.95,31.5,0.0914070124001151,NA,NA
"1235","FIU_WQMP","241-W",NA,30,27.4726233333333,18.96,32.63,0.125851235910211,NA,NA
"1236","FIU_WQMP","242-W",NA,31,27.5324096774194,19.22,32.45,0.121118790291649,NA,NA
"1237","FIU_WQMP","243-W",NA,31,27.7010677419355,23.16,31.79,0.0854507621934623,NA,NA
"1238","FIU_WQMP","244-W",NA,31,27.5636,19.41,32.66,0.122085530056023,NA,NA
"1239","FIU_WQMP","246-W",NA,31,27.7146161290323,23.19,32.01,0.086189581289249,NA,NA
"1240","FIU_WQMP","247-W",NA,31,27.7161451612903,19.5,32.66,0.12144783702122,NA,NA
"1241","FIU_WQMP","248-W",NA,31,27.6988387096774,22.57,32.72,0.0970014459250682,NA,NA
"1242","FIU_WQMP","249-W",NA,60,27.5578933333333,23.07,31.8,0.0873235591899375,NA,NA
"1243","FIU_WQMP","250-W",NA,31,27.7270903225806,20.41,32.97,0.124840709838613,NA,NA
"1244","FIU_WQMP","252-W",NA,31,27.8005677419355,23.2,31.38,0.0844214319274436,NA,NA
"1245","FIU_WQMP","253-W",NA,33,27.1056757575758,19.48,32.18,0.126411300833368,NA,NA
"1246","FIU_WQMP","254-W",NA,31,27.0162322580645,19.77,32.08,0.125753772764303,NA,NA
"1247","FIU_WQMP","255-W",NA,31,27.1386483870968,20.49,32.46,0.110649141647085,NA,NA
"1248","FIU_WQMP","256-W",NA,30,27.32929,22.97,31.5237,0.0880124670402273,NA,NA
"1249","FIU_WQMP","259-W",NA,61,27.2895442622951,23.04,32.59,0.0940611959672894,NA,NA
"1250","FIU_WQMP","260-W",NA,31,27.1886516129032,18.89,32.19,0.129012709002576,NA,NA
"1251","FIU_WQMP","263-W",NA,31,27.352664516129,22.33,32.54,0.0944324772408086,NA,NA
"1252","FIU_WQMP","264-W",NA,31,27.5292516129032,23.92,31.07,0.0833297535466263,NA,NA
"1253","FIU_WQMP","266-W",NA,31,27.1759709677419,18.87,32.3,0.130076574101371,NA,NA
"1254","FIU_WQMP","267-W",NA,62,27.4243951612903,23.31,31.57,0.0891730262102099,NA,NA
"1255","FIU_WQMP","268-W",NA,31,27.2804935483871,20.9,32.32,0.124338011276883,NA,NA
"1256","FIU_WQMP","269-W",NA,31,27.2458,21.92,31.9,0.114431756603324,NA,NA
"1257","FIU_WQMP","270-W",NA,31,27.4478709677419,22.91,31.78,0.0959868417941135,NA,NA
"1258","FIU_WQMP","271-W",NA,31,27.4744483870968,21.32,32.26,0.116929257772234,NA,NA
"1259","FIU_WQMP","272-W",NA,31,27.5528387096774,22.71,31.95,0.103647246201662,NA,NA
"1260","FIU_WQMP","273-W",NA,31,27.5181580645161,23.18,31.77,0.0963499020577037,NA,NA
"1261","FIU_WQMP","275-W",NA,31,27.5067806451613,21.94,32.24,0.110858271005437,NA,NA
"1262","FIU_WQMP","276-W",NA,31,27.5860677419355,23.2,31.79,0.0945079980350041,NA,NA
"1263","FIU_WQMP","278-W",NA,62,27.5437064516129,21.84,32.35,0.108680876052685,NA,NA
"1264","FIU_WQMP","280-W",NA,30,27.6564033333333,23.26,31.7,0.0937437756758392,NA,NA
"1265","FIU_WQMP","281-W",NA,31,27.5082322580645,22.91,32.22,0.101008211970709,NA,NA
"1266","FIU_WQMP","282-W",NA,29,27.7839689655172,20.43,33.23,0.108499707028997,NA,NA
"1267","FIU_WQMP","284-W",NA,30,27.8655933333333,20.25,33.35,0.110838889870441,NA,NA
"1268","FIU_WQMP","285-W",NA,31,28.1041064516129,21.38,33.35,0.106020045234727,NA,NA
"1269","FIU_WQMP","287-W",NA,31,27.7827516129032,20.4,33.27,0.109814612565855,NA,NA
"1270","FIU_WQMP","288-W",NA,31,27.6095225806452,20.41,33,0.114397357982331,NA,NA
"1271","FIU_WQMP","289-W",NA,30,27.99228,20.83,33.25,0.108952714833579,NA,NA
"1272","FIU_WQMP","290-W",NA,31,27.5295193548387,20.28,32.84,0.116752735300288,NA,NA
"1273","FIU_WQMP","291-W",NA,60,27.7422466666667,20.5,33.04,0.11214001554094,NA,NA
"1274","FIU_WQMP","292-W",NA,31,27.9710903225806,20.74,33.4,0.109503189419796,NA,NA
"1275","FIU_WQMP","294-W",NA,31,27.8369548387097,20.61,33.08,0.111192228383782,NA,NA
"1276","FIU_WQMP","295-W",NA,32,26.502671875,18.98,32.03,0.144973614533061,NA,NA
"1277","FIU_WQMP","296-W",NA,61,26.6567213114754,18.14,32.66,0.149394015198132,NA,NA
"1278","FIU_WQMP","298-W",NA,2,29.36,28.71,30.01,0.0313092239626196,NA,NA
"1279","FIU_WQMP","301-W",NA,31,26.8692387096774,19.15,32.95,0.145486079975091,NA,NA
"1280","FIU_WQMP","302-W",NA,31,26.7356387096774,19.82,33,0.149389963582743,NA,NA
"1281","FIU_WQMP","305-W",NA,31,26.7042225806452,19.5,31.94,0.143477557584945,NA,NA
"1282","FIU_WQMP","307-W",NA,31,26.6487903225806,18.49,32.77,0.150530553675585,NA,NA
"1283","FIU_WQMP","309-W",NA,31,27.0587451612903,20.67,32.09,0.12356964983227,NA,NA
"1284","FIU_WQMP","310-W",NA,70,27.6636257142857,22.07,31.95,0.108588385752917,NA,NA
"1285","FIU_WQMP","312-W",NA,32,26.886334375,21.32,32.57,0.131473322854165,NA,NA
"1286","FIU_WQMP","314-W",NA,31,26.9519032258065,18.68,33.18,0.146763953469453,NA,NA
"1287","FIU_WQMP","315-W",NA,31,27.1044064516129,20.84,32.65,0.121258454454676,NA,NA
"1288","FIU_WQMP","316-W",NA,32,27.651065625,21.24,32.36,0.110093475112516,NA,NA
"1289","FIU_WQMP","317-W",NA,31,27.4093419354839,20.57,32.12,0.110444475731763,NA,NA
"1290","FIU_WQMP","318-W",NA,30,27.0673733333333,19.5,32.18,0.125872462018857,NA,NA
"1291","FIU_WQMP","319-W",NA,31,26.9398516129032,19.66,31.87,0.121453844263214,NA,NA
"1292","FIU_WQMP","322-W",NA,31,27.5379322580645,22.99,32.39,0.0929278750795446,NA,NA
"1293","FIU_WQMP","324-W",NA,31,27.0383741935484,19.14,32.54,0.120955194374276,NA,NA
"1294","FIU_WQMP","325-W",NA,62,27.5857322580645,21.56,32.93,0.117299641016059,NA,NA
"1295","FIU_WQMP","328-W",NA,31,27.4158612903226,23.39,31.45,0.0856892813043073,NA,NA
"1296","FIU_WQMP","330-W",NA,31,26.9075451612903,19.95,31.67,0.112268861872515,NA,NA
"1297","FIU_WQMP","332-W",NA,31,27.4492096774194,21.28,32.18,0.104508802347302,NA,NA
"1298","FIU_WQMP","333-W",NA,30,27.4498766666667,22,31.53,0.0958169074250119,NA,NA
"1299","FIU_WQMP","335-W",NA,31,27.4571258064516,23.14,31.6,0.0873180727414735,NA,NA
"1300","FIU_WQMP","337-W",NA,30,27.2357633333333,21.43,31.69,0.102326586209906,NA,NA
"1301","FIU_WQMP","400-W",NA,31,NA,NA,NA,NA,NA,NA
"1302","FIU_WQMP","401-W",NA,31,27.7174806451613,23.63,31.398,0.0866173077636537,NA,NA
"1303","FIU_WQMP","402-W",NA,31,27.7290032258065,22.9,32.37,0.0899498883651922,NA,NA
"1304","FIU_WQMP","403-W",NA,30,27.49006,23.25,31.84,0.0954958477470735,NA,NA
"1305","FIU_WQMP","500-W",NA,30,27.44567,19.83,32.9,0.123930578456832,NA,NA
"1306","FIU_WQMP","501-W",NA,38,27.6837421052632,21.55,33.48,0.114021738643558,NA,NA
"1307","FIU_WQMP","502-W",NA,35,27.3835742857143,22.41,33.44,0.100590069435292,NA,NA
"1308","FIU_WQMP","503-W",NA,37,28.3296027027027,20.36,34.8,0.117749288800897,NA,NA
"1309","FIU_WQMP","504-W",NA,32,27.917215625,20.05,33.42,0.117703568044209,NA,NA
"1310","FIU_WQMP","505-W",NA,31,28.3865516129032,20.81,33.68,0.109040525118714,NA,NA
"1311","FIU_WQMP","506-W",NA,32,27.238284375,17.79,32.7,0.136536275799432,NA,NA
"1312","FIU_WQMP","507-W",NA,34,27.7223588235294,19.15,34.09,0.138903219159514,NA,NA
"1313","FIU_WQMP","508-W",NA,33,27.9998424242424,21.26,32.96,0.109943378317156,NA,NA
"1314","FIU_WQMP","509-W",NA,9,29.3726888888889,25.37,33.79,0.123982411420541,NA,NA
"1315","MiamiBeach","#1",NA,1,22.8,22.8,22.8,NA,NA,NA
"1316","MiamiBeach","#10",NA,1,22.3,22.3,22.3,NA,NA,NA
"1317","MiamiBeach","#11",NA,1,22.8,22.8,22.8,NA,NA,NA
"1318","MiamiBeach","#12",NA,1,23,23,23,NA,NA,NA
"1319","MiamiBeach","#13",NA,1,22.8,22.8,22.8,NA,NA,NA
"1320","MiamiBeach","#14",NA,1,23.7,23.7,23.7,NA,NA,NA
"1321","MiamiBeach","#15",NA,1,23.1,23.1,23.1,NA,NA,NA
"1322","MiamiBeach","#16",NA,1,23.8,23.8,23.8,NA,NA,NA
"1323","MiamiBeach","#17",NA,1,24.4,24.4,24.4,NA,NA,NA
"1324","MiamiBeach","#18",NA,1,23.8,23.8,23.8,NA,NA,NA
"1325","MiamiBeach","#19",NA,1,24.1,24.1,24.1,NA,NA,NA
"1326","MiamiBeach","#2",NA,1,27.9,27.9,27.9,NA,NA,NA
"1327","MiamiBeach","#20",NA,1,23.3,23.3,23.3,NA,NA,NA
"1328","MiamiBeach","#21",NA,1,23.2,23.2,23.2,NA,NA,NA
"1329","MiamiBeach","#22",NA,1,23.3,23.3,23.3,NA,NA,NA
"1330","MiamiBeach","#23",NA,1,23.3,23.3,23.3,NA,NA,NA
"1331","MiamiBeach","#24",NA,1,23.3,23.3,23.3,NA,NA,NA
"1332","MiamiBeach","#3",NA,1,22.8,22.8,22.8,NA,NA,NA
"1333","MiamiBeach","#3A",NA,1,23.6,23.6,23.6,NA,NA,NA
"1334","MiamiBeach","#3B",NA,1,22.8,22.8,22.8,NA,NA,NA
"1335","MiamiBeach","#4",NA,1,23,23,23,NA,NA,NA
"1336","MiamiBeach","#5",NA,1,22.4,22.4,22.4,NA,NA,NA
"1337","MiamiBeach","#6",NA,1,21.9,21.9,21.9,NA,NA,NA
"1338","MiamiBeach","#7",NA,1,22.4,22.4,22.4,NA,NA,NA
"1339","MiamiBeach","#8",NA,1,22.5,22.5,22.5,NA,NA,NA
"1340","MiamiBeach","#9",NA,1,23.1,23.1,23.1,NA,NA,NA
"1341","MiamiBeach","1",NA,11,26.9727272727273,22.7,31.4,0.120513077945243,NA,NA
"1342","MiamiBeach","10",NA,11,27.1909090909091,23.5,31.9,0.117334814195892,NA,NA
"1343","MiamiBeach","11",NA,11,27.3272727272727,23.6,32.1,0.113405441970997,NA,NA
"1344","MiamiBeach","12",NA,11,27.8818181818182,23.6,32.9,0.118463360068219,NA,NA
"1345","MiamiBeach","13",NA,11,27.7272727272727,23.9,33.2,0.119246672403608,NA,NA
"1346","MiamiBeach","14",NA,11,27.8,23.5,32.8,0.120811910962206,NA,NA
"1347","MiamiBeach","15",NA,11,27.7454545454545,22.6,32.9,0.130044629126724,NA,NA
"1348","MiamiBeach","16",NA,57,27.340701754386,20.05,33,0.136462456140723,NA,NA
"1349","MiamiBeach","17",NA,91,27.4597802197802,19.81,32.9,0.124639588107294,NA,NA
"1350","MiamiBeach","18",NA,57,27.3808771929825,19.5,33.2,0.138072587504941,NA,NA
"1351","MiamiBeach","19",NA,92,27.3591304347826,19.72,33.07,0.131511566313513,NA,NA
"1352","MiamiBeach","2",NA,53,NA,NA,NA,NA,NA,NA
"1353","MiamiBeach","20",NA,11,28.1909090909091,22.8,33.7,0.130540989559544,NA,NA
"1354","MiamiBeach","21",NA,52,26.8488461538462,20.5,33.51,0.14155041149284,NA,NA
"1355","MiamiBeach","22",NA,87,26.8624137931034,20,33.4,0.132161620402035,NA,NA
"1356","MiamiBeach","23",NA,53,26.5496226415094,20.3,33.4,0.143025356476896,NA,NA
"1357","MiamiBeach","24",NA,52,26.7775,20.2,36.87,0.154276606585816,NA,NA
"1358","MiamiBeach","25",NA,50,26.5486,20,33.5,0.152038213556309,NA,NA
"1359","MiamiBeach","26",NA,53,26.3988679245283,19.6,32.29,0.13697635841096,NA,NA
"1360","MiamiBeach","27",NA,53,26.5594339622642,19.7,32.13,0.133007252194904,NA,NA
"1361","MiamiBeach","28",NA,53,26.4775471698113,19.3,33.75,0.141112735051089,NA,NA
"1362","MiamiBeach","29",NA,53,26.5564150943396,20.7,32.33,0.13356809845335,NA,NA
"1363","MiamiBeach","3",NA,11,26.9545454545455,22.7,31.7,0.124428447126267,NA,NA
"1364","MiamiBeach","30",NA,53,26.412641509434,14.8,32.71,0.149677968980389,NA,NA
"1365","MiamiBeach","31",NA,53,26.5432075471698,20.1,32.57,0.137163928212566,NA,NA
"1366","MiamiBeach","32",NA,53,26.4688679245283,19.2,32.03,0.136882078333161,NA,NA
"1367","MiamiBeach","33",NA,52,26.3859615384615,19.2,32.48,0.14129266072088,NA,NA
"1368","MiamiBeach","34",NA,88,26.5789772727273,20.3,32.41,0.129984835333914,NA,NA
"1369","MiamiBeach","35",NA,52,26.6261538461538,20.3,32.8,0.132482997713553,NA,NA
"1370","MiamiBeach","36",NA,54,26.6390740740741,20.4,33.05,0.132604092872925,NA,NA
"1371","MiamiBeach","37",NA,53,26.7524528301887,21.3,32.33,0.127800083853445,NA,NA
"1372","MiamiBeach","38",NA,88,26.6911363636364,20.5,32.2,0.12394686536583,NA,NA
"1373","MiamiBeach","39",NA,51,26.6282352941176,21.1,32.2,0.131519247655313,NA,NA
"1374","MiamiBeach","3A",NA,17,26.4764705882353,21.3,31.5,0.130410590097696,NA,NA
"1375","MiamiBeach","3B",NA,9,27.8555555555556,24.3,32.1,0.113084949432069,NA,NA
"1376","MiamiBeach","3b",NA,1,22.9,22.9,22.9,NA,NA,NA
"1377","MiamiBeach","4",NA,87,26.2291954022988,2.78,33.07,0.167970688568246,NA,NA
"1378","MiamiBeach","40",NA,51,26.5445098039216,20.85,32.1,0.132725332932715,NA,NA
"1379","MiamiBeach","41",NA,11,27.4454545454545,23.5,31.5,0.107623101194227,NA,NA
"1380","MiamiBeach","42",NA,64,27.19671875,19.54,32.84,0.124203146639289,NA,NA
"1381","MiamiBeach","45",NA,27,26.3433333333333,21.07,31.9,0.127358603861384,NA,NA
"1382","MiamiBeach","46",NA,61,26.6740983606557,20.97,31.6,0.115522061598416,NA,NA
"1383","MiamiBeach","47",NA,62,26.565,20.94,31.6,0.117686611156983,NA,NA
"1384","MiamiBeach","48",NA,27,26.4655555555556,20.5,31.6,0.129476195052949,NA,NA
"1385","MiamiBeach","5",NA,11,27,22.7,31.6,0.120321927574088,NA,NA
"1386","MiamiBeach","52",NA,61,26.5831147540984,20.54,31.9,0.118544041986451,NA,NA
"1387","MiamiBeach","54",NA,61,27.0406557377049,19.4,33,0.124509440935165,NA,NA
"1388","MiamiBeach","56",NA,59,26.8115254237288,19.99,32.6,0.123949500667059,NA,NA
"1389","MiamiBeach","59",NA,26,26.8061538461538,19.85,32.86,0.130836845713897,NA,NA
"1390","MiamiBeach","6",NA,11,27.3727272727273,23.2,32.5,0.115481414178424,NA,NA
"1391","MiamiBeach","60",NA,59,26.9489830508475,19.7,32.81,0.121264521811114,NA,NA
"1392","MiamiBeach","61",NA,21,26.8085714285714,19.12,32.58,0.147498098322484,NA,NA
"1393","MiamiBeach","62",NA,21,26.9257142857143,20.6,32.42,0.136403942099735,NA,NA
"1394","MiamiBeach","63",NA,54,26.647962962963,20.4,32.45,0.126462079909306,NA,NA
"1395","MiamiBeach","64",NA,6,26.9833333333333,20.4,32,0.162209284214811,NA,NA
"1396","MiamiBeach","66",NA,35,27.3262857142857,21.4,32.3,0.118350402304414,NA,NA
"1397","MiamiBeach","67",NA,36,27.2372222222222,21.3,32.4,0.120749195757265,NA,NA
"1398","MiamiBeach","68",NA,36,26.6119444444444,20.1,32.27,0.122029618597878,NA,NA
"1399","MiamiBeach","69",NA,36,26.9736111111111,20.6,32.8,0.119299267072067,NA,NA
"1400","MiamiBeach","7",NA,11,27.2090909090909,23.1,31.9,0.116366022455076,NA,NA
"1401","MiamiBeach","70",NA,36,26.4238888888889,20.1,32.1,0.124299438119516,NA,NA
"1402","MiamiBeach","71",NA,36,26.6430555555556,19.63,33,0.12931077791678,NA,NA
"1403","MiamiBeach","74",NA,35,26.7777142857143,21.6,31.8,0.0940854868367685,NA,NA
"1404","MiamiBeach","78",NA,35,27.9554285714286,20.8,33.55,0.106598094030748,NA,NA
"1405","MiamiBeach","79",NA,21,28.1485714285714,24.4,31.8,0.086491547129845,NA,NA
"1406","MiamiBeach","8",NA,11,27.2818181818182,23.2,31.9,0.116660441947298,NA,NA
"1407","MiamiBeach","81",NA,13,26.1269230769231,22,29.7,0.100644421548239,NA,NA
"1408","MiamiBeach","82",NA,14,25.4792857142857,19.3,30,0.118343016574615,NA,NA
"1409","MiamiBeach","83",NA,7,24.3085714285714,19.3,28.1,0.127029629885532,NA,NA
"1410","MiamiBeach","84",NA,12,27.4683333333333,23.3,31.3,0.102623743062651,NA,NA
"1411","MiamiBeach","9",NA,87,27.5062068965517,20.1,36.1,0.126856300968051,NA,NA
"1412","PALMBEACH","10",NA,4,24.285,22.57,26.19,0.0639607509839248,NA,NA
"1413","PALMBEACH","11",NA,215,26.3158139534884,15.3,32.4,0.145078788453048,NA,NA
"1414","PALMBEACH","12A",NA,124,25.6977419354839,17.65,31.9,0.148257198933737,NA,NA
"1415","PALMBEACH","13",NA,218,26.4540825688073,16.04,33,0.143403188620409,NA,NA
"1416","PALMBEACH","14",NA,4,26.51,22.16,29.48,0.117133155031527,NA,NA
"1417","PALMBEACH","15",NA,121,24.0814876033058,15.91,30.34,0.166635779337298,NA,NA
"1418","PALMBEACH","16",NA,124,25.0133064516129,17.3,31.41,0.156719428015089,NA,NA
"1419","PALMBEACH","18A",NA,9,25.3888888888889,20.91,30.65,0.133586347219068,NA,NA
"1420","PALMBEACH","18C",NA,206,26.7973300970874,14.09,37,0.16701485284596,NA,NA
"1421","PALMBEACH","18D",NA,194,26.5065463917526,15.28,39.7,0.161378080312084,NA,NA
"1422","PALMBEACH","22",NA,117,25.9700854700855,17.06,36.3,0.162889052464892,NA,NA
"1423","PALMBEACH","24",NA,124,25.8690322580645,16.31,33.8,0.158616654302487,NA,NA
"1424","PALMBEACH","27A",NA,122,25.965,18.46,32.56,0.14611532574594,NA,NA
"1425","PALMBEACH","27B",NA,109,25.5584403669725,16.48,32.4,0.14537551307671,NA,NA
"1426","PALMBEACH","28",NA,65,25.9247692307692,18.2,32.2,0.14004633396611,NA,NA
"1427","PALMBEACH","28A",NA,6,25.79,23.69,31.31,0.107728702417006,NA,NA
"1428","PALMBEACH","31B",NA,65,26.1698461538462,19.1,32,0.137361753188444,NA,NA
"1429","PALMBEACH","31C",NA,115,26.5610434782609,20.4,33.1,0.12527852273406,NA,NA
"1430","PALMBEACH","31D",NA,3,26.1933333333333,22.16,31.21,0.175786571644814,NA,NA
"1431","PALMBEACH","31E",NA,120,25.9139166666667,16.68,32.8,0.149765016598358,NA,NA
"1432","PALMBEACH","37B",NA,119,25.9098319327731,17.6,32.3,0.148367575856741,NA,NA
"1433","PALMBEACH","38B",NA,125,25.57888,16.8,33.4,0.163661028010748,NA,NA
"1434","PALMBEACH","39",NA,43,24.9511627906977,15.4,32.1,0.177826818518647,NA,NA
"1435","PALMBEACH","43",NA,43,25.0372093023256,15.2,32.8,0.179776913224716,NA,NA
"1436","PALMBEACH","52",NA,56,25.2814285714286,15.97,32.59,0.16136975484317,NA,NA
"1437","PALMBEACH","57",NA,55,25.0618181818182,15.62,32.22,0.154412840581887,NA,NA
"1438","PALMBEACH","61",NA,53,26.3369811320755,17.87,32.45,0.14121409344999,NA,NA
"1439","PALMBEACH","62",NA,53,26.2356603773585,17.92,32.29,0.142910916072742,NA,NA
"1440","PALMBEACH","63",NA,54,26.4831481481481,17.55,34.01,0.152473475795828,NA,NA
"1441","PALMBEACH","64",NA,53,26.5616981132075,16.86,33.64,0.143490613597466,NA,NA
"1442","PALMBEACH","65",NA,55,26.256,15.33,33.31,0.154160179295644,NA,NA
"1443","PALMBEACH","66",NA,54,26.0207407407407,16,32.68,0.146675936855107,NA,NA
"1444","PALMBEACH","67",NA,1,22.76,22.76,22.76,NA,NA,NA
"1445","PALMBEACH","68",NA,54,25.9631481481482,16.25,33.07,0.145162535986292,NA,NA
"1446","PALMBEACH","69",NA,53,26.3530188679245,17.43,33.15,0.145002480687757,NA,NA
"1447","PALMBEACH","7",NA,4,24.815,19.82,30.98,0.196384618717669,NA,NA
"1448","PALMBEACH","70",NA,56,25.4914285714286,16.38,32.55,0.152583296197966,NA,NA
"1449","PALMBEACH","C17S44",NA,9,24.3555555555556,19.6,31.3,0.179511496050873,NA,NA
"1450","PALMBEACH","G92",NA,4,25.53,19.3,31.63,0.205466137697607,NA,NA
"1451","SFER","1",0.126666666666666,55,27.2331163636364,21.42,32.005,0.107079062520476,0.126666666666666,0.0479003831225153
"1452","SFER","10",0.2335625,52,27.2883653846154,17.659,33.423,0.145305264306508,NA,0.0570994734440038
"1453","SFER","11",0.189,55,27.5632545454545,20.421,33.256,0.119500761457726,0.189,0.0237680246689417
"1454","SFER","12",0.11029875,55,27.6340712727273,21.058,32.071,0.0916373242840301,0.11029875,3.61461714458551e-05
"1455","SFER","13",0.205625,54,27.4804444444444,19.15,33.321,0.132384144173577,0.205625,0.0162827067159996
"1456","SFER","14",0.163777777777778,55,27.6030181818182,22.065,32.764,0.109433885950602,0.163777777777778,0.00725798655704497
"1457","SFER","15",0.11225,55,27.7090363636364,22.026,31.898,0.0899311185267266,0.11225,0.000695650465844356
"1458","SFER","15.5",0.134000000000001,53,27.7696037735849,22.538,31.845,0.0834196695796328,0.134000000000001,0.0210918354463249
"1459","SFER","16",0.1505,56,27.1538928571429,17.98,32.82,0.140216223745325,0.1505,0.0242356953506931
"1460","SFER","17",0.0968749999999994,56,27.5406607142857,19.27,32.569,0.113594756646236,0.0968749999999994,0.016656305210212
"1461","SFER","18",0.0712857142857146,56,27.5214857142857,21.216,31.273,0.0873677424216625,0.0712857142857146,0.00485175331976639
"1462","SFER","19",0.248285714285714,56,27.3950178571429,18.42,33.368,0.138629664964492,0.248285714285714,0.00745334590969407
"1463","SFER","2",0.101714285714286,55,27.3203927272727,22.035,31.308,0.0898202633134497,0.101714285714286,0.034043609132865
"1464","SFER","20",0.137333333333334,56,27.5772678571429,18.38,32.939,0.114724354576583,0.137333333333334,0.0242356953506931
"1465","SFER","21.25",NA,1,28.938,28.938,28.938,NA,NA,NA
"1466","SFER","21.5",0.081416666666667,54,27.7478703703704,22.475,31.531,0.0828334852336175,NA,0.188862933384652
"1467","SFER","21LK",0.101125,57,27.4909473684211,21.759,31.692,0.0879019599259779,0.101125,0.0107011295373058
"1468","SFER","22",0.0999999999999998,57,27.6583964912281,21.692,32.297,0.0903960184357811,NA,0.0938603954762925
"1469","SFER","22.5",0.0805000000000002,53,27.6589056603774,22.646,31.884,0.0866956195961297,NA,0.346464634017448
"1470","SFER","23",0.1017,57,27.6937368421053,20.8,32.768,0.104121295481479,NA,0.159333643960609
"1471","SFER","24",0.142321428571428,57,27.3667263157895,19.567,33.066,0.129472353782329,0.142321428571428,0.037758497311633
"1472","SFER","3",0.112375,55,27.6151636363636,23.246,31.538,0.0830968594877279,0.112375,0.000411508097152161
"1473","SFER","30",0.113000000000003,54,26.6227607407407,19.62,32.182,0.13420001582768,NA,0.0696424047983282
"1474","SFER","30.5",0.150904761904762,54,26.744,19.81,32.93,0.145144240413341,NA,0.168823810894705
"1475","SFER","31",0.123190476190476,55,26.2292818181818,18.56,32.648,0.157353462808463,NA,0.170310471186441
"1476","SFER","32",0.144499999999999,56,26.1234464285714,18.335,33.035,0.163987566681118,NA,0.0684772691124382
"1477","SFER","33",0.170857142857143,56,26.0689946428571,17.281,32.634,0.170764143028352,0.170857142857143,0.0171991114992663
"1478","SFER","34",0.1865,56,26.3313035714286,17.46,33.078,0.172018309902999,0.1865,0.0497629836413703
"1479","SFER","39",0.267416666666666,48,26.18275,17.135,32.109,0.171246676902349,NA,0.0569761753340617
"1480","SFER","4",0.179428571428571,44,27.3401136363636,17.68,33.318,0.142327564961614,0.179428571428571,0.0121799620459791
"1481","SFER","40",0.2005,52,25.8834038461538,16.97,31.83,0.176927311263904,0.2005,0.0282149462007594
"1482","SFER","41",0.151875,54,25.9849444444444,16.87,31.539,0.175994803015887,NA,0.169567861859892
"1483","SFER","42",0.166479166666666,55,26.3458727272727,17.95,32.424,0.164538069177614,NA,0.0766071722173594
"1484","SFER","45",0.114,55,26.3406181818182,17.59,31.679,0.161221933862762,NA,0.325004979522997
"1485","SFER","46",0.172035714285714,56,26.3747857142857,17.8,31.904,0.161759621574901,NA,0.237749155060482
"1486","SFER","47",0.133166666666667,56,26.253,17.653,32.915,0.162759810287645,NA,0.366613030609417
"1487","SFER","48",0.17225,55,26.2444,17.596,31.979,0.164744544458398,NA,0.152777945470135
"1488","SFER","49",0.134715277777778,53,26.0248301886792,16.59,31.801,0.175990373170491,NA,0.282333726245865
"1489","SFER","5",0.1468125,44,27.4135,18.76,32.756,0.12833851176593,NA,0.0777141828631802
"1490","SFER","5.5",0.0593333333333336,45,27.5723777777778,22.898,31.945,0.0954875925018469,NA,0.230519544461712
"1491","SFER","50",0.161875,54,26.327462962963,17.957,31.585,0.160329270946945,NA,0.306799200055227
"1492","SFER","51",0.138875,56,26.2512892857143,16.92,31.825,0.165347819257081,NA,0.0607761376086584
"1493","SFER","52",0.109999999999999,54,26.2731666666667,17.668,31.849,0.164038886294694,NA,0.144305254545551
"1494","SFER","53",0.0968749999999998,50,26.04106,17.101,31.975,0.171062938296627,NA,0.137645845518265
"1495","SFER","54",0.0764365079365081,68,26.1091470588235,16.516,31.906,0.165351669350343,NA,0.483357294887874
"1496","SFER","55",0.0564374999999999,70,26.1763428571429,16.994,31.835,0.163707649668082,NA,0.270148532728506
"1497","SFER","56",0.0558666666666668,72,26.3183333333333,17.13,31.64,0.160463927005726,NA,0.171196855649356
"1498","SFER","57",0.0609583333333332,72,26.4097916666667,17.718,31.797,0.157124450796086,NA,0.477460056046731
"1499","SFER","57.1",0.0686874999999996,72,26.4668888888889,17.68,31.757,0.154617668612807,NA,0.335584779012775
"1500","SFER","57.2",0.0854999999999997,71,26.5007183098592,18.38,32.39,0.151064478698261,NA,0.378949466097278
"1501","SFER","57.3",0.0946833333333332,69,NA,NA,NA,NA,NA,0.151277463501849
"1502","SFER","58",0.159625,53,26.3570867924528,19.28,32.047,0.146075235240011,0.159625,0.0218091249309423
"1503","SFER","59",0.190433333333333,53,26.4957547169811,18.83,32.157,0.149044572103667,NA,0.106572141023694
"1504","SFER","6",0.0750000000000011,47,27.7432127659574,23.313,32.249,0.0891583009875129,NA,0.0614134924395195
"1505","SFER","6.5",0.0881984126984129,48,27.9554375,23.249,31.988,0.0809600474399299,NA,0.0794193621536694
"1506","SFER","60",0.149174603174603,56,26.5006071428571,17.63,31.641,0.154885142759332,NA,0.0986765639348862
"1507","SFER","61",0.210916666666667,56,26.6396785714286,17.43,31.886,0.156081375585476,0.210916666666667,0.0078969287539965
"1508","SFER","62",0.250583333333333,56,26.5452321428571,16.92,31.875,0.157706161083786,0.250583333333333,0.00324389178929106
"1509","SFER","63",0.273809523809524,54,26.5896185185185,17.24,31.445,0.156186966780392,0.273809523809524,0.00462256681389798
"1510","SFER","64",0.179749999999999,48,26.2885208333333,17.125,31.582,0.158330850641695,0.179749999999999,0.0101709250564684
"1511","SFER","65",0.212499999999999,51,26.3267450980392,17.06,31.41,0.155703039021713,0.212499999999999,0.0166386785499457
"1512","SFER","66",0.240416666666667,52,26.5364807692308,17.24,31.449,0.152852279676006,0.240416666666667,0.00292881322543926
"1513","SFER","67",0.245666666666667,53,26.4570943396226,17.25,31.735,0.153420369555456,0.245666666666667,0.00838239280742621
"1514","SFER","68",0.2035,55,26.5385072727273,17.56,31.764,0.150848691626448,0.2035,0.022157305344032
"1515","SFER","69",0.221916666666667,42,26.7817857142857,17.53,31.855,0.146589814114642,0.221916666666667,0.0224746317823954
"1516","SFER","7",0.1776,55,27.3703454545455,19.346,33.373,0.136166393548137,NA,0.126238241770713
"1517","SFER","70",0.201233333333334,42,26.7720476190476,17.56,32.152,0.147572396827447,NA,0.0646696305584504
"1518","SFER","71",NA,1,21.568,21.568,21.568,NA,NA,NA
"1519","SFER","8",0.1703125,57,27.741701754386,21.864,33.549,0.113542097702023,NA,0.0514721135972405
"1520","SFER","9",0.103166666666667,57,27.7164947368421,21.752,32.513,0.0931343353473406,0.103166666666667,0.00163433882393678
"1521","SFER","9.5",0.0947777777777776,53,27.7421320754717,22.533,31.837,0.0826508814589019,NA,0.077110565177822
"1522","SFER","9.6",NA,1,30.268,30.268,30.268,NA,NA,NA
"1523","SFER","9.7",NA,1,30.533,30.533,30.533,NA,NA,NA
"1524","SFER","9.8",NA,1,30.258,30.258,30.258,NA,NA,NA
"1525","SFER","AC1",NA,1,25.628,25.628,25.628,NA,NA,NA
"1526","SFER","AC2",NA,1,25.541,25.541,25.541,NA,NA,NA
"1527","SFER","AC3",NA,1,25.573,25.573,25.573,NA,NA,NA
"1528","SFER","AC4",NA,1,25.724,25.724,25.724,NA,NA,NA
"1529","SFER","AC5",NA,1,25.619,25.619,25.619,NA,NA,NA
"1530","SFER","AC6",NA,1,25.936,25.936,25.936,NA,NA,NA
"1531","SFER","AMI1",0.587999999999997,26,24.9953846153846,15.477,32.213,0.217279336108671,NA,0.397321419035571
"1532","SFER","AMI2",0.385999999999999,26,24.844,16.208,32.021,0.208223178983881,NA,0.397321419035571
"1533","SFER","AMI3",0.431000000000001,26,24.8746538461538,16.666,31.754,0.199260052467768,NA,0.397321419035571
"1534","SFER","AMI4",0.423999999999999,26,25.0237692307692,17.487,31.636,0.188193039294549,NA,0.204219270289849
"1535","SFER","AMI5",0.34,26,25.2918076923077,18.384,31.409,0.17148897805818,NA,0.204219270289849
"1536","SFER","AMI6",0.233500000000001,26,25.5186538461538,18.685,31.445,0.161453385126621,NA,0.0904879299312675
"1537","SFER","AMI7",0.161000000000001,26,25.6566153846154,19.435,31.115,0.150178015179901,NA,0.204219270289849
"1538","SFER","AMI8",0.396999999999998,26,25.6882692307692,19.373,31.083,0.146664808069213,NA,0.397321419035571
"1539","SFER","AMI9",0.388000000000002,26,25.7945384615385,18.922,31.284,0.143883976068805,NA,0.204219270289849
"1540","SFER","BG1",0.179,24,25.9420833333333,16.559,32.562,0.197808332345278,NA,0.651998473940926
"1541","SFER","BG10",NA,1,30.758,30.758,30.758,NA,NA,NA
"1542","SFER","BG11",NA,1,30.919,30.919,30.919,NA,NA,NA
"1543","SFER","BG12",NA,1,30.971,30.971,30.971,NA,NA,NA
"1544","SFER","BG13",NA,2,30.967,30.967,30.967,0,NA,NA
"1545","SFER","BG14",NA,1,30.594,30.594,30.594,NA,NA,NA
"1546","SFER","BG15",NA,2,30.896,30.884,30.908,0.000549280254676262,NA,NA
"1547","SFER","BG16",NA,1,30.796,30.796,30.796,NA,NA,NA
"1548","SFER","BG17",NA,2,30.917,30.859,30.975,0.00265305128627096,NA,NA
"1549","SFER","BG18",NA,1,30.986,30.986,30.986,NA,NA,NA
"1550","SFER","BG2",0.2525,30,25.5545666666667,16.937,32.278,0.195539936496692,NA,0.613773116489004
"1551","SFER","BG20",NA,2,30.3635,30.35,30.377,0.000628777416702126,NA,NA
"1552","SFER","BG3",0.2525,30,25.6034333333333,17.191,32.25,0.188608134176671,NA,0.400259296609485
"1553","SFER","BG4",0.0225000000000009,30,25.7726333333333,17.585,31.943,0.17349468133043,NA,1
"1554","SFER","BG6",0.0130000000000017,11,27.0865454545455,20.633,31.296,0.143311047970585,NA,1
"1555","SFER","BG7",-0.142000000000001,12,27.4073333333333,21.254,31.136,0.132080461596835,NA,1
"1556","SFER","BG8",NA,1,30.938,30.938,30.938,NA,NA,NA
"1557","SFER","BG9",NA,1,30.688,30.688,30.688,NA,NA,NA
"1558","SFER","BK1",NA,1,30.471,30.471,30.471,NA,NA,NA
"1559","SFER","CAL1",0.629333333333333,33,25.5081818181818,16.095,32.524,0.204310492095825,NA,0.0928919408837053
"1560","SFER","CAL2",0.428249999999999,34,25.5283382352941,15.993,32.371,0.196930888813029,NA,0.0823522150528067
"1561","SFER","CAL3",0.352825,34,25.5575676470588,16.2925,32.403,0.192126895140118,0.352825,0.0450208810025386
"1562","SFER","CAL4",0.463499999999999,34,25.6580352941176,16.7085,32.403,0.18301192725635,0.463499999999999,0.0450208810025386
"1563","SFER","CAL5",0.405825,34,25.7856852941176,17.402,32.477,0.173975593106562,0.405825,0.0450208810025386
"1564","SFER","CAL6",-0.145499999999999,28,26.4734642857143,18.908,32.265,0.147077886235948,NA,0.361310428526179
"1565","SFER","CAL7",NA,1,24.283,24.283,24.283,NA,NA,NA
"1566","SFER","CAL8",NA,1,24.0275,24.0275,24.0275,NA,NA,NA
"1567","SFER","CALA",NA,1,27.351,27.351,27.351,NA,NA,NA
"1568","SFER","CK1",NA,1,21.83,21.83,21.83,NA,NA,NA
"1569","SFER","CK2",NA,1,22.59,22.59,22.59,NA,NA,NA
"1570","SFER","CW1",0.616499999999999,16,25.603375,14.974,32.072,0.212207311083267,NA,0.734095182319476
"1571","SFER","CW2",0.66575,16,25.33615,14.937,32.378,0.213132835591924,NA,0.308179547467054
"1572","SFER","CW3",1.025,17,25.3291117647059,15.331,32.3,0.202401893084882,NA,0.160057346231945
"1573","SFER","CW4",0.7729,16,25.3977125,16.065,32.241,0.200336805993529,NA,0.308179547467054
"1574","SFER","CW5",0.6104,12,25.70825,16.738,31.981,0.189658169716726,NA,0.148561774891869
"1575","SFER","CW6",0.5596,12,25.7250833333333,17.527,31.883,0.183921340403212,NA,0.148561774891869
"1576","SFER","CW7",0.507999999999999,11,26.1923727272727,19.139,31.639,0.166272997106879,NA,1
"1577","SFER","Caseyhole",NA,1,25.22,25.22,25.22,NA,NA,NA
"1578","SFER","EB1",NA,1,31.158,31.158,31.158,NA,NA,NA
"1579","SFER","EB2",NA,1,31.218,31.218,31.218,NA,NA,NA
"1580","SFER","EH07",NA,1,21.233,21.233,21.233,NA,NA,NA
"1581","SFER","EH08",NA,1,23.138,23.138,23.138,NA,NA,NA
"1582","SFER","EKIN",0.202,53,27.0108113207547,19.25,33.414,0.129404496459185,0.202,0.00579375305767423
"1583","SFER","EKMID",0.135428571428571,54,27.4415,22.34,32.509,0.0960187283497023,0.135428571428571,0.0434899094130917
"1584","SFER","EKOFF",0.101333333333334,54,27.7251851851852,24.115,31.656,0.0818692994376979,0.101333333333334,0.00614323978633306
"1585","SFER","GP1",NA,4,25.496675,15.81,32.42,0.274055406047101,NA,NA
"1586","SFER","GP1.5",NA,1,31.288,31.288,31.288,NA,NA,NA
"1587","SFER","GP2",NA,4,25.573675,16.16,32.59,0.26909205135839,NA,NA
"1588","SFER","GP3",NA,4,25.4218,16.59,31.75,0.252242650500525,NA,NA
"1589","SFER","GP4",NA,4,24.909675,17.56,30.91,0.221101620002378,NA,NA
"1590","SFER","GP5",0.269525,34,25.7387441176471,18.42,31.667,0.167144103882247,NA,0.0823522150528067
"1591","SFER","GS",NA,1,27.77,27.77,27.77,NA,NA,NA
"1592","SFER","Glider",NA,2,24.1915,20.78,27.603,0.199433254160999,NA,NA
"1593","SFER","HB1",NA,1,24.993,24.993,24.993,NA,NA,NA
"1594","SFER","HB2",NA,1,24.854,24.854,24.854,NA,NA,NA
"1595","SFER","HB3",NA,1,25.004,25.004,25.004,NA,NA,NA
"1596","SFER","HB4",NA,1,25.115,25.115,25.115,NA,NA,NA
"1597","SFER","HB5",NA,1,25.179,25.179,25.179,NA,NA,NA
"1598","SFER","HB6",NA,1,25.446,25.446,25.446,NA,NA,NA
"1599","SFER","Junkpile",NA,1,26.4301,26.4301,26.4301,NA,NA,NA
"1600","SFER","KW1",0.2366,34,26.8847764705882,20,32.146,0.138568536850236,NA,0.212003430922826
"1601","SFER","KW2",0.0563875000000005,34,26.8335264705882,20.32,31.793,0.131654300192756,NA,0.212003430922826
"1602","SFER","KW3",0.0669000000000008,34,27.1472058823529,20.37,32.33,0.12920559512453,NA,0.889706935533101
"1603","SFER","KW4",0.0369999999999999,33,26.7744848484848,19.82,31.497,0.133010950395312,NA,0.200066090563168
"1604","SFER","L1",-1.895,9,25.8878888888889,16.685,31.842,0.193378646361837,NA,1
"1605","SFER","L3",-1.41,9,25.3221111111111,17.464,31.32,0.187720955253901,NA,1
"1606","SFER","L5",-1.5348,9,25.4877111111111,18.703,31.229,0.171728413076703,NA,1
"1607","SFER","L7",-1.1105,9,25.7668888888889,19.516,31.109,0.152925754742582,NA,0.479500122186953
"1608","SFER","L9",-1.75,10,26.2475,20.219,30.52,0.129191956633508,NA,0.479500122186953
"1609","SFER","M01",NA,1,21.45,21.45,21.45,NA,NA,NA
"1610","SFER","M02",NA,1,21.83,21.83,21.83,NA,NA,NA
"1611","SFER","M03",NA,1,22.29,22.29,22.29,NA,NA,NA
"1612","SFER","M04",NA,1,22.3,22.3,22.3,NA,NA,NA
"1613","SFER","M05",NA,1,22.71,22.71,22.71,NA,NA,NA
"1614","SFER","MR",0.11425,56,27.5539928571429,22.895,31.248,0.0845037536380729,0.11425,0.00191188433964243
"1615","SFER","Mudhole",NA,1,25.89,25.89,25.89,NA,NA,NA
"1616","SFER","NaplesBlueHole",NA,1,26.07,26.07,26.07,NA,NA,NA
"1617","SFER","PLUME",NA,1,31.454,31.454,31.454,NA,NA,NA
"1618","SFER","ROME4",0.960999999999999,11,26.3023909090909,16.2783,32.657,0.198818036504307,NA,0.371093369522698
"1619","SFER","ROME5",0.962999999999997,11,26.4106363636364,16.008,32.386,0.198796621093946,NA,0.371093369522698
"1620","SFER","RP1",0.36825,34,25.5992352941176,16.04,32.574,0.204652582676247,NA,0.0823522150528067
"1621","SFER","RP2",0.436175,34,25.5250941176471,15.985,32.317,0.198580189418664,NA,0.229101884065059
"1622","SFER","RP3",0.3602,35,25.5853457142857,16.793,32.161,0.186933091918284,NA,0.127815263092257
"1623","SFER","RP4",0.2923,34,25.6945823529412,17.347,32.001,0.17805884467818,NA,0.141578863355244
"1624","SFER","RedTide",NA,1,24.1153,24.1153,24.1153,NA,NA,NA
"1625","SFER","TB1",0.37975,29,24.7420413793103,15.369,32.28,0.214296851797865,NA,0.115332179268019
"1626","SFER","TB10",0.259,27,25.6775925925926,18.296,31.018,0.155908364064718,NA,0.109598583399116
"1627","SFER","TB11",NA,2,28.62,28.2,29.04,0.0207536581480328,NA,NA
"1628","SFER","TB12",NA,1,29.1,29.1,29.1,NA,NA,NA
"1629","SFER","TB13",NA,1,29.25,29.25,29.25,NA,NA,NA
"1630","SFER","TB2",0.51935,29,24.7934172413793,15.742,32.465,0.207767434152368,NA,0.115332179268019
"1631","SFER","TB3",0.3316,29,24.9183448275862,16.385,32.1,0.196859292469065,NA,0.220671361919847
"1632","SFER","TB4",0.378,29,25.1795517241379,17.106,31.946,0.181504635940393,NA,0.220671361919847
"1633","SFER","TB5",0.384399999999999,29,25.4182206896552,17.858,31.422,0.163516082637592,0.384399999999999,0.0029358087494985
"1634","SFER","TB6",NA,2,24.089,19.991,28.187,0.240584797152432,NA,NA
"1635","SFER","TB7",NA,2,24.19915,20.455,27.9433,0.218810483407856,NA,NA
"1636","SFER","TB8",NA,2,24.74255,21.209,28.2761,0.20196763604897,NA,NA
"1637","SFER","TB9",NA,2,25.10415,22.067,28.1413,0.171094369694311,NA,NA
"1638","SFER","TBA",NA,1,28.163,28.163,28.163,NA,NA,NA
"1639","SFER","TBB",NA,1,27.877,27.877,27.877,NA,NA,NA
"1640","SFER","TBC",NA,1,27.646,27.646,27.646,NA,NA,NA
"1641","SFER","UKIN",0.229333333333334,54,27.4382962962963,17.79,32.638,0.129121749510129,0.229333333333334,0.0159439482569741
"1642","SFER","UKMID",0.1655,54,27.5503333333333,18.46,32.043,0.107561150386897,0.1655,0.0159439482569741
"1643","SFER","UKOFF",0.118083333333334,55,27.8762363636364,23.831,32.016,0.0882683705938018,0.118083333333334,0.00260730204966558
"1644","SFER","V1",0.383416666666666,30,24.7833266666667,15.93,32.33,0.214870153645464,0.383416666666666,0.0414936954270237
"1645","SFER","V10",NA,1,28.86,28.86,28.86,NA,NA,NA
"1646","SFER","V11",NA,1,29.16,29.16,29.16,NA,NA,NA
"1647","SFER","V2",0.408125,30,24.6385,15.963,31.937,0.207372414283491,NA,0.158152458374423
"1648","SFER","V3",0.215000000000001,29,25.007724137931,16.881,31.913,0.190437386767691,NA,0.599659203205658
"1649","SFER","V4",0.406125,30,24.8429666666667,16.67,31.965,0.193934955255087,NA,0.0845387126863565
"1650","SFER","V5",0.4117,29,25.3160689655172,17.856,32.057,0.175176971992475,NA,0.381673069343418
"1651","SFER","V6",0.409399999999999,30,25.1858333333333,17.771,31.895,0.174265008660608,NA,0.0845387126863565
"1652","SFER","V7",0.281200000000001,30,25.6105666666667,18.425,31.841,0.157843459323273,NA,0.247676267691893
"1653","SFER","V8",0.2436,29,25.7228965517241,18.778,31.867,0.155144789493149,NA,0.381673069343418
"1654","SFER","V9",0.187,30,25.9708666666667,19.862,31.664,0.139425293862836,NA,0.247676267691893
"1655","SFER","WS",0.0659047619047617,56,27.5304321428571,22.192,32.113,0.0873002004272128,NA,0.0653561999945439
"1656","SFER","Z03027",NA,1,29.08,29.08,29.08,NA,NA,NA
"1657","SFER","Z03076",NA,1,25.3077,25.3077,25.3077,NA,NA,NA
"1658","SFER","Z03116",NA,1,27.3383,27.3383,27.3383,NA,NA,NA
"1659","SFER","Z03146",NA,1,25.4874,25.4874,25.4874,NA,NA,NA
"1660","SFER","Z03198",NA,1,25.7903,25.7903,25.7903,NA,NA,NA
"1661","SFER","Z04067",NA,1,26.1657,26.1657,26.1657,NA,NA,NA
"1662","SFER","Z04068",NA,1,26.4307,26.4307,26.4307,NA,NA,NA
"1663","SFER","Z04093",NA,1,28.05,28.05,28.05,NA,NA,NA
"1664","SFER","Z04099",NA,1,25.3631,25.3631,25.3631,NA,NA,NA
"1665","SFER","Z04110",NA,1,27.1664,27.1664,27.1664,NA,NA,NA
"1666","SFER","Z04610",NA,1,25.332,25.332,25.332,NA,NA,NA
